Fecha,Jugador,DiferenciaDif.,% Dif,Acel.,Tend.,Valor,Valor ant.Ant.
2026-07-29,Jon KarrikaburuKarrikaburu Real Sociedad,-18.648 -36.085 -54.373 -138.276 -316.109 -602.709,"-2,29% -4,33% -6,38% -14,78% -28,39% -43,05%",,23ddías,797.291,815.939 833.376 851.664 935.567 1.113.400 1.400.000
2026-07-29,Antonio SiveraSivera Alavés,+467.485 +1.002.428 +1.429.014 +3.213.259 +5.479.103 +6.661.030,"+2,21% +4,85% +7,06% +17,42% +33,86% +44,41%",,21ddías,21.661.030,21.193.545 20.658.602 20.232.016 18.447.771 16.181.927 15.000.000
2026-07-29,Andoni GorosabelGorosabel Athletic,-107.579 -207.510 -307.603 -710.081 -1.520.168 -2.707.536,"-2,83% -5,32% -7,69% -16,13% -29,16% -42,31%",,23ddías,3.692.464,3.800.043 3.899.974 4.000.067 4.402.545 5.212.632 6.400.000
2026-07-29,Abdel AbqarAbqar Getafe,+7.557 +24.347 +6.012 -211.383 -857.566 -1.167.083,"+0,16% +0,51% +0,12% -4,19% -15,07% -19,45%",,2ddías,4.832.917,4.825.360 4.808.570 4.826.905 5.044.300 5.690.483 6.000.000
2026-07-29,Ander GuevaraGuevara Alavés,-42.919 -83.537 -125.522 -324.211 -753.608 -1.348.667,"-2,53% -4,82% -7,06% -16,41% -31,34% -44,96%",,23ddías,1.651.333,1.694.252 1.734.870 1.776.855 1.975.544 2.404.941 3.000.000
2026-07-29,Antonio BlancoBlanco Alavés,-273.115 -502.181 -761.513 -1.827.072 -3.827.075 +15.371.256,"-1,56% -2,84% -4,24% -9,60% -18,20% +840,54%",,15ddías,17.199.992,17.473.107 17.702.173 17.961.505 19.027.064 21.027.067 1.828.736
2026-07-29,Luis RiojaRioja Valencia,-275.276 -553.441 -861.763 -1.989.237 -3.782.063 -5.872.060,"-1,42% -2,81% -4,31% -9,42% -16,51% -23,49%",,23ddías,19.127.940,19.403.216 19.681.381 19.989.703 21.117.177 22.910.003 25.000.000
2026-07-29,Nahuel TenagliaTenaglia Alavés,-168.614 -292.203 -468.603 -993.720 -1.831.928 -2.730.241,"-1,09% -1,88% -2,98% -6,11% -10,71% -15,17%",,23ddías,15.269.759,15.438.373 15.561.962 15.738.362 16.263.479 17.101.687 18.000.000
2026-07-29,Kike GarcíaKike García Espanyol,-149.976 -279.676 -420.097 -982.618 -2.155.200 -3.116.520,"-2,49% -4,54% -6,66% -14,31% -26,81% -34,63%",,21ddías,5.883.480,6.033.456 6.163.156 6.303.577 6.866.098 8.038.680 9.000.000
2026-07-29,Jon GuridiGuridi Sevilla,0 0 0 0 0 +19.315,"0,00% 0,00% 0,00% 0,00% 0,00% +0,39%",,20ddías,5.019.315,5.019.315 5.019.315 5.019.315 5.019.315 5.019.315 5.000.000
2026-07-29,Abde RebbachRebbach Alavés,-101.033 -195.639 -322.841 -897.235 -2.004.290 -2.777.429,"-1,90% -3,61% -5,82% -14,66% -27,73% -34,72%",,21ddías,5.222.571,5.323.604 5.418.210 5.545.412 6.119.806 7.226.861 8.000.000
2026-07-29,Carlos BenavidezProtesoni Alavés,0 0 0 0 0 +11.588,"0,00% 0,00% 0,00% 0,00% 0,00% +0,39%",,20ddías,3.011.588,3.011.588 3.011.588 3.011.588 3.011.588 3.011.588 3.000.000
2026-07-29,Marc PubillPubill Atlético,+910.056 +2.606.950 +4.282.792 +10.516.157 +20.082.968 +28.599.043,"+1,34% +3,95% +6,66% +18,11% +41,39% +71,50%",,22ddías,68.599.043,67.688.987 65.992.093 64.316.251 58.082.886 48.516.075 40.000.000
2026-07-29,Unai SimónUnai Simón Athletic,+1.489.463 +3.315.366 +4.900.633 +12.131.097 +21.994.219 +28.065.323,"+3,20% +7,41% +11,35% +33,76% +84,36% +140,33%",,21ddías,48.065.323,46.575.860 44.749.957 43.164.690 35.934.226 26.071.104 20.000.000
2026-07-29,Dani VivianVivian Athletic,-469.999 -929.669 -1.399.745 -3.512.797 -4.535.353 -2.465.114,"-2,61% -5,03% -7,39% -16,69% -20,55% -12,33%",,12ddías,17.534.886,18.004.885 18.464.555 18.934.631 21.047.683 22.070.239 20.000.000
2026-07-29,Aitor ParedesParedes Athletic,-71.682 -137.869 -225.435 -543.169 -1.272.831 -1.853.922,"-1,62% -3,07% -4,93% -11,11% -22,65% -29,90%",,23ddías,4.346.078,4.417.760 4.483.947 4.571.513 4.889.247 5.618.909 6.200.000
2026-07-29,Yeray ÁlvarezYeray Athletic,-79.922 -145.584 -211.243 -598.108 -777.376 -958.115,"-1,89% -3,40% -4,85% -12,62% -15,80% -18,79%",,8ddías,4.141.885,4.221.807 4.287.469 4.353.128 4.739.993 4.919.261 5.100.000
2026-07-29,Mikel VesgaVesga Athletic,-48.853 -94.396 -146.246 -368.144 -834.750 -1.500.931,"-2,79% -5,26% -7,93% -17,81% -32,94% -46,90%",,23ddías,1.699.069,1.747.922 1.793.465 1.845.315 2.067.213 2.533.819 3.200.000
2026-07-29,Álex BerenguerBerenguer Athletic,-169.356 -268.484 -422.920 -778.046 -1.331.841 +1.531.250,"-1,54% -2,42% -3,76% -6,70% -10,95% +16,47%",,14ddías,10.831.250,11.000.606 11.099.734 11.254.170 11.609.296 12.163.091 9.300.000
2026-07-29,Oihan SancetSancet Athletic,+976.647 +2.300.352 +3.346.219 +7.496.188 +13.647.127 +15.715.698,"+2,31% +5,62% +8,39% +20,99% +46,15% +57,15%",,21ddías,43.215.698,42.239.051 40.915.346 39.869.479 35.719.510 29.568.571 27.500.000
2026-07-29,Iñaki WilliamsI. Williams Athletic,+475.444 +1.018.985 +1.448.755 +3.509.340 +5.154.511 +5.870.371,"+1,75% +3,82% +5,53% +14,52% +22,89% +26,93%",,21ddías,27.670.371,27.194.927 26.651.386 26.221.616 24.161.031 22.515.860 21.800.000
2026-07-29,Nico WilliamsN. Williams Athletic,+1.101.694 +2.699.815 +4.065.763 +8.344.771 +28.923.599 +28.872.040,"+1,58% +3,97% +6,10% +13,39% 0% +69,06%",,7ddías,70.677.314,69.575.620 67.977.499 66.611.551 62.332.543 0 41.805.274
2026-07-29,Gorka GuruzetaGuruzeta Athletic,-48.379 -103.549 -156.647 -361.981 -1.328.843 -1.323.249,"-0,41% -0,87% -1,31% -2,98% -10,14% -10,10%",,18ddías,11.776.751,11.825.130 11.880.300 11.933.398 12.138.732 13.105.594 13.100.000
2026-07-29,Julen AgirrezabalaAgirrezabala Athletic,0 0 0 0 0 +11.085,"0,00% 0,00% 0,00% 0,00% 0,00% +0,38%",,20ddías,2.911.085,2.911.085 2.911.085 2.911.085 2.911.085 2.911.085 2.900.000
2026-07-29,Íñigo Ruiz de GalarretaR. de Galarreta Athletic,-87.387 -166.552 -285.944 -616.236 -1.262.977 +2.257.573,"-0,83% -1,57% -2,66% -5,56% -10,78% +27,53%",,16ddías,10.457.573,10.544.960 10.624.125 10.743.517 11.073.809 11.720.550 8.200.000
2026-07-29,Yuri BerchicheYuri Athletic,-266.466 -437.537 -650.113 -1.974.185 -2.703.296 -2.635.521,"-1,70% -2,77% -4,06% -11,39% -14,96% -14,64%",,8ddías,15.364.479,15.630.945 15.802.016 16.014.592 17.338.664 18.067.775 18.000.000
2026-07-29,Asier VillalibreVillalibre Racing,0 0 0 0 0 +27.946,"0,00% 0,00% 0,00% 0,00% 0,00% +0,37%",,19ddías,7.527.946,7.527.946 7.527.946 7.527.946 7.527.946 7.527.946 7.500.000
2026-07-29,Beñat PradosPrados Athletic,-50.300 -99.082 -148.268 -367.749 -832.381 -1.641.367,"-2,39% -4,59% -6,72% -15,16% -28,79% -44,36%",,23ddías,2.058.633,2.108.933 2.157.715 2.206.901 2.426.382 2.891.014 3.700.000
2026-07-29,Unai EgiluzEgiluz Athletic,-5.773 -9.799 -14.117 -36.075 -82.209 -211.691,"-1,17% -1,97% -2,81% -6,88% -14,41% -30,24%",,23ddías,488.309,494.082 498.108 502.426 524.384 570.518 700.000
2026-07-29,José María GiménezGiménez Atlético,-169.330 -313.116 -467.627 -1.131.810 -2.458.523 -1.869.187,"-2,42% -4,38% -6,41% -14,21% -26,47% -21,48%",,18ddías,6.830.813,7.000.143 7.143.929 7.298.440 7.962.623 9.289.336 8.700.000
2026-07-29,Koke ResurrecciónKoke Atlético,0 0 0 0 0 +67.671,"0,00% 0,00% 0,00% 0,00% 0,00% +0,38%",,20ddías,17.767.671,17.767.671 17.767.671 17.767.671 17.767.671 17.767.671 17.700.000
2026-07-29,Jan OblakOblak Atlético,+340.657 +1.231.871 +1.716.380 +4.023.412 +8.810.630 +15.720.812,"+0,68% +2,49% +3,50% +8,62% +21,02% +44,92%",,22ddías,50.720.812,50.380.155 49.488.941 49.004.432 46.697.400 41.910.182 35.000.000
2026-07-29,Marcos LlorenteM. Llorente Atlético,-979.930 -1.329.235 -1.548.748 -245.003 +8.149.858 +15.912.658,"-1,46% -1,98% -2,30% -0,37% +14,11% +31,83%",,3ddías,65.912.658,66.892.588 67.241.893 67.461.406 66.157.661 57.762.800 50.000.000
2026-07-29,Nahuel MolinaMolina Atlético,-80.456 -130.391 -195.051 -441.578 -827.056 -723.381,"-1,59% -2,55% -3,77% -8,15% -14,25% -12,69%",,18ddías,4.976.619,5.057.075 5.107.010 5.171.670 5.418.197 5.803.675 5.700.000
2026-07-29,Javi GalánGalán Celta,0 0 0 0 +121.011 -524.171,"0,00% 0,00% 0,00% 0,00% +0,84% -3,49%",,13ddías,14.475.829,14.475.829 14.475.829 14.475.829 14.475.829 14.354.818 15.000.000
2026-07-29,Pablo BarriosBarrios Atlético,+441.352 +1.297.698 +2.191.722 +6.003.829 +11.674.120 +13.378.433,"+0,83% +2,49% +4,28% +12,67% +27,99% +33,45%",,19ddías,53.378.433,52.937.081 52.080.735 51.186.711 47.374.604 41.704.313 40.000.000
2026-07-29,Rodrigo RiquelmeRiquelme Betis,-56.509 -112.353 -167.016 -415.463 -1.059.056 -1.822.254,"-1,51% -2,96% -4,34% -10,15% -22,36% -33,13%",,23ddías,3.677.746,3.734.255 3.790.099 3.844.762 4.093.209 4.736.802 5.500.000
2026-07-29,Ilias KostisKostis Atlético,0 0 0 0 0 +2.674,"0,00% 0,00% 0,00% 0,00% 0,00% +0,38%",,20ddías,702.674,702.674 702.674 702.674 702.674 702.674 700.000
2026-07-29,Alejandro BaldeBalde Barcelona,-127.457 +166.138 +694.342 +3.510.894 +7.548.019 +9.534.050,"-0,44% +0,58% +2,48% +13,92% +35,63% +49,66%",,1ddías,28.734.050,28.861.507 28.567.912 28.039.708 25.223.156 21.186.031 19.200.000
2026-07-29,Ronald AraújoAraújo Barcelona,-171.165 -339.257 -505.278 -1.273.502 -2.781.792 -3.666.390,"-2,63% -5,08% -7,39% -16,74% -30,52% -36,66%",,21ddías,6.333.610,6.504.775 6.672.867 6.838.888 7.607.112 9.115.402 10.000.000
2026-07-29,Pablo GaviGavi Barcelona,+526.700 +1.476.273 +2.106.592 +4.907.829 +8.984.822 +10.412.098,"+1,51% +4,35% +6,33% +16,09% +34,00% +41,65%",,19ddías,35.412.098,34.885.398 33.935.825 33.305.506 30.504.269 26.427.276 25.000.000
2026-07-29,Ferrán TorresFerran Barcelona,+1.365.309 +3.278.644 +4.875.876 +9.236.238 +5.230.546 +1.869.252,"+2,26% +5,60% +8,56% +17,55% +9,23% +3,12%",,7ddías,61.869.252,60.503.943 58.590.608 56.993.376 52.633.014 56.638.706 60.000.000
2026-07-29,Pedri GonzálezPedri Barcelona,-1.209.838 -2.131.828 -3.091.580 -76.961.464 -76.961.464 -77.181.926,"-1,18% -2,06% -2,95% 0% 0% -43,18%",,6ddías,101.576.128,102.785.966 103.707.956 104.667.708 0 0 178.758.054
2026-07-29,RaphinhaRaphinha Barcelona,-1.436.306 -2.849.192 -4.388.476 -11.230.128 -24.409.023 -24.726.152,"-1,85% -3,61% -5,45% -12,86% -24,29% -24,53%",,15ddías,76.073.848,77.510.154 78.923.040 80.462.324 87.303.976 100.482.871 100.800.000
2026-07-29,Andreas ChristensenA. Christensen Barcelona,0 0 0 0 0 +19.340,"0,00% 0,00% 0,00% 0,00% 0,00% +0,39%",,20ddías,5.019.340,5.019.340 5.019.340 5.019.340 5.019.340 5.019.340 5.000.000
2026-07-29,Frenkie de JongF. de Jong Barcelona,0 0 0 0 0 +172.140,"0,00% 0,00% 0,00% 0,00% 0,00% +0,39%",,20ddías,44.672.140,44.672.140 44.672.140 44.672.140 44.672.140 44.672.140 44.500.000
2026-07-29,Jules KoundéKoundé Barcelona,+109.733 +649.443 +1.164.917 +4.033.903 +10.527.087 +17.828.269,"+0,21% +1,24% +2,25% +8,27% +24,89% +50,94%",,22ddías,52.828.269,52.718.536 52.178.826 51.663.352 48.794.366 42.301.182 35.000.000
2026-07-29,Lamine YamalYamal Barcelona,-1.907.258 -3.540.457 -5.974.652 +64.256.793 +64.256.793 +64.169.990,"-1,40% -2,56% -4,25% 0% 0% +91,17%",,5ddías,134.552.976,136.460.234 138.093.433 140.527.628 0 0 70.382.986
2026-07-29,Marc CasadóCasadó Barcelona,-34.713 -56.791 -80.463 -180.590 -446.377 -957.614,"-1,59% -2,58% -3,62% -7,77% -17,24% -30,89%",,23ddías,2.142.386,2.177.099 2.199.177 2.222.849 2.322.976 2.588.763 3.100.000
2026-07-29,Pau CubarsíCubarsí Barcelona,+259.422 +1.411.038 +2.578.893 +10.891.009 +26.217.134 +39.212.788,"+0,26% +1,44% +2,67% +12,33% +35,92% +65,35%",,21ddías,99.212.788,98.953.366 97.801.750 96.633.895 88.321.779 72.995.654 60.000.000
2026-07-29,Fermín LópezFermín Barcelona,-1.253.982 -2.745.661 -4.209.014 -10.721.506 -22.943.487 -28.502.478,"-1,85% -3,97% -5,95% -13,88% -25,65% -30,00%",,23ddías,66.497.522,67.751.504 69.243.183 70.706.536 77.219.028 89.441.009 95.000.000
2026-07-29,Héctor BellerínBellerín Betis,-6.176 -25.873 -64.602 -252.958 -825.733 +111.891,"-0,06% -0,26% -0,63% -2,44% -7,55% +1,12%",,14ddías,10.111.891,10.118.067 10.137.764 10.176.493 10.364.849 10.937.624 10.000.000
2026-07-29,Abde EzzalzouliAbde Betis,-2.139.729 -4.357.047 -6.662.154 -16.904.394 -61.350.142 -61.512.993,"-2,94% -5,82% -8,63% -19,33% 0% -46,58%",,7ddías,70.531.975,72.671.704 74.889.022 77.194.129 87.436.369 0 132.044.968
2026-07-29,Borja IglesiasIglesias Celta,+328.447 +1.021.042 +1.625.513 +4.741.201 +7.312.921 +13.543.566,"+1,04% +3,30% +5,36% +17,42% +29,67% +73,53%",,13ddías,31.962.832,31.634.385 30.941.790 30.337.319 27.221.631 24.649.911 18.419.266
2026-07-29,Ayoze PérezAyoze Villarreal,-184.875 -379.550 -538.833 -1.035.280 -1.804.615 -2.828.054,"-1,07% -2,16% -3,04% -5,69% -9,51% -14,14%",,23ddías,17.171.946,17.356.821 17.551.496 17.710.779 18.207.226 18.976.561 20.000.000
2026-07-29,Marc BartraBartra Betis,+230.547 +608.362 +890.504 +2.214.202 +4.256.780 +3.836.944,"+0,98% +2,62% +3,88% +10,24% +21,74% +19,18%",,17ddías,23.836.944,23.606.397 23.228.582 22.946.440 21.622.742 19.580.164 20.000.000
2026-07-29,Marc RocaMarc Roca Betis,-42.245 -55.544 -77.608 -269.923 -786.193 -1.799.372,"-0,91% -1,19% -1,66% -5,54% -14,59% -28,12%",,23ddías,4.600.628,4.642.873 4.656.172 4.678.236 4.870.551 5.386.821 6.400.000
2026-07-29,Isco AlarcónIsco Betis,-2.137.076 -4.269.692 -6.409.190 -15.307.291 +61.236.567 +61.223.116,"-2,88% -5,59% -8,16% -17,51% 0% +561,37%",,7ddías,72.129.078,74.266.154 76.398.770 78.538.268 87.436.369 0 10.905.962
2026-07-29,Aitor RuibalRuibal Betis,-124.361 -248.653 -378.250 -953.964 -2.101.276 -3.042.265,"-3,05% -5,91% -8,72% -19,42% -34,68% -43,46%",,23ddías,3.957.735,4.082.096 4.206.388 4.335.985 4.911.699 6.059.011 7.000.000
2026-07-29,Robert NavarroNavarro Athletic,-28.647 -55.103 -90.179 -225.393 -555.968 -1.010.061,"-1,24% -2,35% -3,79% -8,96% -19,54% -30,61%",,23ddías,2.289.939,2.318.586 2.345.042 2.380.118 2.515.332 2.845.907 3.300.000
2026-07-29,Víctor ChustChust Elche,0 0 0 0 0 +19.376,"0,00% 0,00% 0,00% 0,00% 0,00% +0,39%",,20ddías,5.019.376,5.019.376 5.019.376 5.019.376 5.019.376 5.019.376 5.000.000
2026-07-29,Carl StarfeltStarfelt Celta,-42.801 -100.025 -186.250 -252.558 -763.673 +186.917,"-0,42% -0,97% -1,80% -2,42% -6,97% +1,87%",,11ddías,10.186.917,10.229.718 10.286.942 10.373.167 10.439.475 10.950.590 10.000.000
2026-07-29,Unai NúñezU. Núñez Celta,-105.886 -261.366 -429.426 -429.426 -429.426 -410.312,"-2,26% -5,39% -8,56% -8,56% -8,56% -8,21%",,3ddías,4.589.688,4.695.574 4.851.054 5.019.114 5.019.114 5.019.114 5.000.000
2026-07-29,Carlos DotorDotor Málaga,0 0 0 0 +4.403 +14.904,"0,00% 0,00% 0,00% 0,00% 0% +0,37%",,7ddías,4.014.904,4.014.904 4.014.904 4.014.904 4.014.904 0 4.000.000
2026-07-29,Iago AspasAspas Celta,-137.483 -234.731 -410.185 -986.666 -2.309.349 -1.463.518,"-1,47% -2,48% -4,25% -9,65% -20,00% -13,68%",,17ddías,9.236.482,9.373.965 9.471.213 9.646.667 10.223.148 11.545.831 10.700.000
2026-07-29,Iván VillarIván Villar Celta,-33.612 -63.624 -102.446 -266.753 -633.943 -1.117.477,"-2,37% -4,40% -6,90% -16,17% -31,44% -44,70%",,23ddías,1.382.523,1.416.135 1.446.147 1.484.969 1.649.276 2.016.466 2.500.000
2026-07-29,Williot SwedbergSwedberg Celta,-176.249 -303.784 -487.268 -1.160.973 -2.495.624 -3.018.538,"-1,82% -3,10% -4,89% -10,91% -20,84% -24,15%",,20ddías,9.481.462,9.657.711 9.785.246 9.968.730 10.642.435 11.977.086 12.500.000
2026-07-29,Carlos DominguezDomínguez Celta,-22.438 -43.823 -66.224 -168.367 -389.032 -711.735,"-2,46% -4,70% -6,94% -15,93% -30,46% -44,48%",,23ddías,888.265,910.703 932.088 954.489 1.056.632 1.277.297 1.600.000
2026-07-29,Hugo SoteloSotelo Levante,-17.892 -35.626 -52.885 -136.780 -351.947 -716.390,"-1,28% -2,51% -3,68% -9,00% -20,28% -34,11%",,23ddías,1.383.610,1.401.502 1.419.236 1.436.495 1.520.390 1.735.557 2.100.000
2026-07-29,Dakonam DjenéDjené Getafe,0 0 0 0 0 +32.492,"0,00% 0,00% 0,00% 0,00% 0,00% +0,39%",,20ddías,8.432.492,8.432.492 8.432.492 8.432.492 8.432.492 8.432.492 8.400.000
2026-07-29,Carles AleñáAleñá Alavés,-76.362 -143.955 -227.542 -575.213 -1.302.594 -2.293.078,"-1,60% -2,97% -4,61% -10,89% -21,68% -32,76%",,23ddías,4.706.922,4.783.284 4.850.877 4.934.464 5.282.135 6.009.516 7.000.000
2026-07-29,José Ángel CarmonaCarmona Sevilla,-75.057 -112.400 -177.670 -440.819 -1.094.399 -942.030,"-1,46% -2,17% -3,39% -8,02% -17,79% -15,70%",,18ddías,5.057.970,5.133.027 5.170.370 5.235.640 5.498.789 6.152.369 6.000.000
2026-07-29,David SoriaSoria Getafe,0 0 0 0 0 -703.646,"0,00% 0,00% 0,00% 0,00% 0,00% -3,52%",,20ddías,19.296.354,19.296.354 19.296.354 19.296.354 19.296.354 19.296.354 20.000.000
2026-07-29,Borja MayoralMayoral Getafe,-57.911 -88.210 -140.033 -319.925 -736.427 -1.274.477,"-1,66% -2,51% -3,93% -8,54% -17,69% -27,12%",,23ddías,3.425.523,3.483.434 3.513.733 3.565.556 3.745.448 4.161.950 4.700.000
2026-07-29,Juan IglesiasIglesias Sevilla,0 0 0 0 0 +48.352,"0,00% 0,00% 0,00% 0,00% 0,00% +0,39%",,20ddías,12.548.352,12.548.352 12.548.352 12.548.352 12.548.352 12.548.352 12.500.000
2026-07-29,Yangel HerreraHerrera Real Sociedad,-85.192 -158.197 -239.047 -601.214 -1.331.765 -2.125.503,"-2,15% -3,92% -5,81% -13,43% -25,58% -35,43%",,20ddías,3.874.497,3.959.689 4.032.694 4.113.544 4.475.711 5.206.262 6.000.000
2026-07-29,Eric GarciaEric Garcia Barcelona,0 0 0 0 0 +228.232,"0,00% 0,00% 0,00% 0,00% 0,00% +0,39%",,20ddías,59.228.232,59.228.232 59.228.232 59.228.232 59.228.232 59.228.232 59.000.000
2026-07-29,Lucas BoyéBoyé Alavés,-197.154 -404.348 -640.209 -1.551.886 -3.427.069 -4.555.010,"-1,26% -2,55% -3,98% -9,13% -18,16% -22,78%",,19ddías,15.444.990,15.642.144 15.849.338 16.085.199 16.996.876 18.872.059 20.000.000
2026-07-29,Miguel Ángel RubioMiguel Rubio Espanyol,-18.336 -35.448 -53.397 -135.801 -314.645 -610.193,"-2,27% -4,30% -6,33% -14,67% -28,49% -43,59%",,23ddías,789.807,808.143 825.255 843.204 925.608 1.104.452 1.400.000
2026-07-29,Gonzalo VillarVillar Elche,0 0 0 0 0 +27.127,"0,00% 0,00% 0,00% 0,00% 0,00% +0,39%",,20ddías,7.027.127,7.027.127 7.027.127 7.027.127 7.027.127 7.027.127 7.000.000
2026-07-29,Sergi CardonaS. Cardona Villarreal,-59.978 -89.418 -103.672 -222.231 -576.553 -382.407,"-1,14% -1,68% -1,95% -4,09% -9,95% -6,83%",,16ddías,5.217.593,5.277.571 5.307.011 5.321.265 5.439.824 5.794.146 5.600.000
2026-07-29,Javi MuñozJavi Muñoz Getafe,-22.861 -44.687 -67.546 -169.090 -390.302 -701.585,"-2,48% -4,74% -6,99% -15,84% -30,29% -43,85%",,23ddías,898.415,921.276 943.102 965.961 1.067.505 1.288.717 1.600.000
2026-07-29,Alberto MoleiroMoleiro Villarreal,-884.780 -1.629.433 -2.472.789 -5.648.047 -36.943.118 -37.061.736,"-1,47% -2,68% -4,01% -8,72% 0% -38,53%",,8ddías,59.117.350,60.002.130 60.746.783 61.590.139 64.765.397 0 96.179.086
2026-07-29,Álvaro VallesValles Betis,+559.560 +1.212.217 +1.710.831 +3.589.866 +6.304.050 +8.660.374,"+3,09% +6,95% +10,09% +23,82% +51,02% +86,60%",,22ddías,18.660.374,18.100.814 17.448.157 16.949.543 15.070.508 12.356.324 10.000.000
2026-07-29,José Manuel CopeteCopete Valencia,-110.209 -221.470 -329.130 -823.189 -1.825.027 -2.645.095,"-3,18% -6,19% -8,93% -19,70% -35,23% -44,08%",,23ddías,3.354.905,3.465.114 3.576.375 3.684.035 4.178.094 5.179.932 6.000.000
2026-07-29,Sergio HerreraHerrera Osasuna,+789.730 +1.638.586 +2.369.295 +5.044.594 +9.291.575 +12.695.431,"+2,83% +6,06% +9,00% +21,33% +47,89% +79,35%",,21ddías,28.695.431,27.905.701 27.056.845 26.326.136 23.650.837 19.403.856 16.000.000
2026-07-29,Lucas TorróTorró Osasuna,-40.725 -80.376 -122.553 -310.563 -807.738 -1.244.872,"-1,36% -2,65% -3,98% -9,51% -21,47% -29,64%",,19ddías,2.955.128,2.995.853 3.035.504 3.077.681 3.265.691 3.762.866 4.200.000
2026-07-29,Jon MoncayolaMoncayola Osasuna,+6.852 -21.581 -39.448 -125.748 -424.921 -486.640,"+0,12% -0,39% -0,71% -2,23% -7,16% -8,11%",,1ddías,5.513.360,5.506.508 5.534.941 5.552.808 5.639.108 5.938.281 6.000.000
2026-07-29,Aimar OrozOroz Osasuna,-396.463 -781.308 -1.035.017 -1.605.812 -2.849.508 -3.793.886,"-2,39% -4,60% -6,00% -9,02% -14,95% -18,97%",,20ddías,16.206.114,16.602.577 16.987.422 17.241.131 17.811.926 19.055.622 20.000.000
2026-07-29,Kike BarjaKike Barja Osasuna,0 0 0 0 0 +10.828,"0,00% 0,00% 0,00% 0,00% 0,00% +0,39%",,20ddías,2.810.828,2.810.828 2.810.828 2.810.828 2.810.828 2.810.828 2.800.000
2026-07-29,Jesús AresoAreso Athletic,-43.537 -76.565 -117.070 -293.156 -703.466 -1.229.389,"-1,73% -3,01% -4,52% -10,61% -22,16% -33,23%",,23ddías,2.470.611,2.514.148 2.547.176 2.587.681 2.763.767 3.174.077 3.700.000
2026-07-29,Aitor FernándezAitor Osasuna,-11.635 -21.767 -32.445 -82.605 -190.657 -371.019,"-1,82% -3,34% -4,91% -11,61% -23,26% -37,10%",,23ddías,628.981,640.616 650.748 661.426 711.586 819.638 1.000.000
2026-07-29,Rubén GarcíaRubén G. Osasuna,-182.979 -354.107 -520.769 -1.009.026 -2.331.916 -3.616.169,"-1,26% -2,40% -3,49% -6,56% -13,95% -20,09%",,20ddías,14.383.831,14.566.810 14.737.938 14.904.600 15.392.857 16.715.747 18.000.000
2026-07-29,Moi GómezMoi Gómez Osasuna,-65.793 -120.991 -191.429 -482.399 -1.124.494 -2.162.151,"-2,27% -4,09% -6,32% -14,53% -28,38% -43,24%",,23ddías,2.837.849,2.903.642 2.958.840 3.029.278 3.320.248 3.962.343 5.000.000
2026-07-29,Ante BudimirBudimir Osasuna,-934.696 -1.536.963 -2.277.343 -5.613.580 +12.267.072 +12.219.254,"-1,80% -2,93% -4,28% -9,92% 0% +31,52%",,9ddías,50.991.870,51.926.566 52.528.833 53.269.213 56.605.450 0 38.772.616
2026-07-29,Pablo IbáñezIbáñez Alavés,-68.939 -123.250 -197.020 -541.289 -1.310.555 -2.327.441,"-1,84% -3,25% -5,09% -12,85% -26,30% -38,79%",,23ddías,3.672.559,3.741.498 3.795.809 3.869.579 4.213.848 4.983.114 6.000.000
2026-07-29,Alejandro CatenaCatena Osasuna,+150.684 +630.031 +1.381.249 +4.045.517 +8.522.206 +10.944.677,"+0,37% +1,56% +3,49% +10,96% +26,28% +36,48%",,21ddías,40.944.677,40.793.993 40.314.646 39.563.428 36.899.160 32.422.471 30.000.000
2026-07-29,Jorge HerrandoHerrando Osasuna,-68.330 -127.555 -193.500 -500.257 -1.140.838 -2.044.216,"-2,71% -4,94% -7,30% -16,92% -31,72% -45,43%",,23ddías,2.455.784,2.524.114 2.583.339 2.649.284 2.956.041 3.596.622 4.500.000
2026-07-29,Iker MuñozIker Muñoz Osasuna,-47.319 -91.579 -141.071 -357.226 -800.567 -1.428.550,"-2,60% -4,92% -7,38% -16,78% -31,13% -44,64%",,23ddías,1.771.450,1.818.769 1.863.029 1.912.521 2.128.676 2.572.017 3.200.000
2026-07-29,Stole DimitrievskiDimitrievski Valencia,0 0 0 0 0 +45.877,"0,00% 0,00% 0,00% 0,00% 0,00% +0,38%",,20ddías,12.045.877,12.045.877 12.045.877 12.045.877 12.045.877 12.045.877 12.000.000
2026-07-29,Andrei RatiuRatiu Rayo,-878.716 -1.722.043 -2.563.434 -6.020.563 -18.159.942 -18.233.271,"-2,09% -4,01% -5,85% -12,74% 0% -30,67%",,9ddías,41.224.035,42.102.751 42.946.078 43.787.469 47.244.598 0 59.457.306
2026-07-29,Pep ChavarríaPep Chavarría Rayo,+248.222 +604.038 +990.455 +2.774.920 +4.435.549 +5.974.932,"+1,40% +3,48% +5,83% +18,26% +32,76% +49,79%",,22ddías,17.974.932,17.726.710 17.370.894 16.984.477 15.200.012 13.539.383 12.000.000
2026-07-29,Isi PalazónIsi Rayo,-519.428 -960.862 -1.405.908 -434.380 +2.875.079 +5.824.540,"-2,43% -4,41% -6,32% -2,04% +16,02% +38,83%",,4ddías,20.824.540,21.343.968 21.785.402 22.230.448 21.258.920 17.949.461 15.000.000
2026-07-29,Randy NtekaNteka Rayo,-42.473 -83.707 -123.770 -316.559 -706.645 -1.216.588,"-2,33% -4,48% -6,49% -15,07% -28,38% -40,55%",,23ddías,1.783.412,1.825.885 1.867.119 1.907.182 2.099.971 2.490.057 3.000.000
2026-07-29,Dani CárdenasCárdenas Rayo,-17.984 -35.036 -53.405 -137.669 -320.596 -599.715,"-2,20% -4,19% -6,26% -14,68% -28,60% -42,84%",,23ddías,800.285,818.269 835.321 853.690 937.954 1.120.881 1.400.000
2026-07-29,Unai LópezUnai López Rayo,-27.715 -25.905 -29.083 +49.621 -385.321 -895.665,"-0,45% -0,42% -0,47% +0,82% -5,94% -12,80%",,1ddías,6.104.335,6.132.050 6.130.240 6.133.418 6.054.714 6.489.656 7.000.000
2026-07-29,Álvaro GarcíaÁlvaro García Rayo,+87.549 +321.976 +438.467 +1.171.038 +2.005.577 +3.013.060,"+0,59% +2,19% +3,01% +8,46% +15,42% +25,11%",,7ddías,15.013.060,14.925.511 14.691.084 14.574.593 13.842.022 13.007.483 12.000.000
2026-07-29,Jorge de FrutosDe Frutos Rayo,+794.760 +1.819.033 +2.649.379 +6.606.796 +12.323.438 +16.551.011,"+1,95% +4,58% +6,81% +18,91% +42,16% +66,20%",,22ddías,41.551.011,40.756.251 39.731.978 38.901.632 34.944.215 29.227.573 25.000.000
2026-07-29,Iván BalliuBalliu Rayo,-21.170 -40.105 -57.546 -143.562 -326.606 -582.920,"-2,26% -4,19% -5,90% -13,54% -26,26% -38,86%",,23ddías,917.080,938.250 957.185 974.626 1.060.642 1.243.686 1.500.000
2026-07-29,Pathé CissPathé Ciss Rayo,-69.767 -150.182 -192.775 -406.797 -861.606 +709.712,"-0,65% -1,38% -1,77% -3,66% -7,45% +7,10%",,12ddías,10.709.712,10.779.479 10.859.894 10.902.487 11.116.509 11.571.318 10.000.000
2026-07-29,Óscar ValentínValentín Rayo,-81.493 -160.707 -240.157 -588.979 -1.307.771 -2.198.101,"-2,10% -4,06% -5,94% -13,41% -25,59% -36,64%",,23ddías,3.801.899,3.883.392 3.962.606 4.042.056 4.390.878 5.109.670 6.000.000
2026-07-29,Florian LejeuneLejeune Rayo,-867.666 -1.690.253 -2.591.852 -6.787.776 -30.773.915 -30.867.739,"-1,88% -3,60% -5,42% -13,05% 0% -40,57%",,9ddías,45.208.169,46.075.835 46.898.422 47.800.021 51.995.945 0 76.075.908
2026-07-29,Sergio CamelloCamello Rayo,-54.818 -111.682 -178.029 -430.503 -974.607 -1.654.349,"-1,57% -3,14% -4,91% -11,11% -22,05% -32,44%",,23ddías,3.445.651,3.500.469 3.557.333 3.623.680 3.876.154 4.420.258 5.100.000
2026-07-29,Thibaut CourtoisCourtois Real Madrid,-206.161 -407.856 -612.172 +261.113 +6.276.258 +19.464.175,"-0,35% -0,68% -1,02% +0,44% +11,80% +48,66%",,3ddías,59.464.175,59.670.336 59.872.031 60.076.347 59.203.062 53.187.917 40.000.000
2026-07-29,Éder MilitãoMilitão Real Madrid,-587.651 -1.139.849 -1.754.786 -4.357.973 -9.042.366 -10.317.180,"-2,90% -5,47% -8,19% -18,13% -31,48% -34,39%",,23ddías,19.682.820,20.270.471 20.822.669 21.437.606 24.040.793 28.725.186 30.000.000
2026-07-29,Jude BellinghamBellingham Real Madrid,-1.227.444 -2.175.914 -3.158.313 -30.998.260 -30.998.260 -31.161.795,"-1,20% -2,10% -3,02% 0% 0% -23,50%",,6ddías,101.437.729,102.665.173 103.613.643 104.596.042 0 0 132.599.524
2026-07-29,Vinicius JuniorVinicius Real Madrid,-1.964.380 -3.647.924 -5.193.313 -46.554.451 -46.554.451 -46.745.226,"-1,79% -3,27% -4,59% 0% 0% -30,22%",,6ddías,107.942.068,109.906.448 111.589.992 113.135.381 0 0 154.687.294
2026-07-29,Rodrygo GoesRodrygo Real Madrid,-99.904 -190.546 -288.511 -685.646 -1.147.380 -575.349,"-2,21% -4,13% -6,12% -13,42% -20,59% -11,51%",,13ddías,4.424.651,4.524.555 4.615.197 4.713.162 5.110.297 5.572.031 5.000.000
2026-07-29,Eduardo CamavingaCamavinga Real Madrid,-377.430 -666.520 -1.032.661 -2.440.108 -5.159.994 -8.786.470,"-2,42% -4,20% -6,36% -13,82% -25,33% -36,61%",,23ddías,15.213.530,15.590.960 15.880.050 16.246.191 17.653.638 20.373.524 24.000.000
2026-07-29,Andriy LuninLunin Real Madrid,-38.734 -78.369 -132.131 -338.083 -789.373 -1.269.426,"-1,40% -2,79% -4,62% -11,02% -22,43% -31,74%",,23ddías,2.730.574,2.769.308 2.808.943 2.862.705 3.068.657 3.519.947 4.000.000
2026-07-29,Federico ValverdeValverde Real Madrid,-1.085.813 -1.826.875 -2.787.481 -6.221.104 -16.874.864 -25.830.737,"-1,35% -2,26% -3,40% -7,29% -17,57% -24,60%",,23ddías,79.169.263,80.255.076 80.996.138 81.956.744 85.390.367 96.044.127 105.000.000
2026-07-29,Aurélien TchouaméniTchouaméni Real Madrid,-1.061.314 -1.871.826 -2.890.334 -5.599.473 -2.611.006 -1.636.355,"-1,91% -3,32% -5,03% -9,31% -4,57% -2,91%",,8ddías,54.563.645,55.624.959 56.435.471 57.453.979 60.163.118 57.174.651 56.200.000
2026-07-29,Fran GarcíaFran García Betis,0 0 0 0 0 -408.843,"0,00% 0,00% 0,00% 0,00% 0,00% -4,09%",,21ddías,9.591.157,9.591.157 9.591.157 9.591.157 9.591.157 9.591.157 10.000.000
2026-07-29,Brahim DíazBrahim Real Madrid,-328.227 -650.112 -945.072 -2.058.730 -4.097.722 -5.091.413,"-2,15% -4,18% -5,96% -12,13% -21,56% -25,46%",,19ddías,14.908.587,15.236.814 15.558.699 15.853.659 16.967.317 19.006.309 20.000.000
2026-07-29,Antonio RüdigerRüdiger Real Madrid,-484.159 -805.736 -1.264.366 -3.145.948 -6.424.055 -8.560.786,"-1,48% -2,43% -3,76% -8,87% -16,57% -20,93%",,20ddías,32.339.214,32.823.373 33.144.950 33.603.580 35.485.162 38.763.269 40.900.000
2026-07-29,Ferland MendyMendy Real Madrid,-32.272 -63.900 -96.970 -244.883 -551.534 -875.737,"-2,79% -5,38% -7,94% -17,89% -32,91% -43,79%",,23ddías,1.124.263,1.156.535 1.188.163 1.221.233 1.369.146 1.675.797 2.000.000
2026-07-29,Arda GülerGüler Real Madrid,-1.079.889 -2.029.529 -2.854.630 -5.963.681 -12.346.149 -16.026.606,"-1,80% -3,33% -4,62% -9,18% -17,31% -21,37%",,23ddías,58.973.394,60.053.283 61.002.923 61.828.024 64.937.075 71.319.543 75.000.000
2026-07-29,Álex RemiroRemiro Real Sociedad,+787.695 +2.012.847 +2.949.259 +6.413.831 +12.253.816 +16.538.580,"+2,20% +5,83% +8,78% +21,29% +50,46% +82,69%",,21ddías,36.538.580,35.750.885 34.525.733 33.589.321 30.124.749 24.284.764 20.000.000
2026-07-29,Álvaro OdriozolaOdriozola Real Sociedad,-20.550 -39.969 -60.321 -153.379 -355.616 -657.046,"-2,38% -4,53% -6,68% -15,39% -29,67% -43,80%",,23ddías,842.954,863.504 882.923 903.275 996.333 1.198.570 1.500.000
2026-07-29,Aihen MuñozAihen Real Sociedad,-56.303 -114.996 -175.881 -443.565 -1.024.841 -1.846.133,"-2,55% -5,07% -7,55% -17,08% -32,24% -46,15%",,23ddías,2.153.867,2.210.170 2.268.863 2.329.748 2.597.432 3.178.708 4.000.000
2026-07-29,Igor ZubeldiaZubeldia Real Sociedad,-140.156 -243.995 -401.741 -1.000.400 -2.196.856 -3.423.685,"-1,31% -2,25% -3,66% -8,64% -17,20% -24,45%",,23ddías,10.576.315,10.716.471 10.820.310 10.978.056 11.576.715 12.773.171 14.000.000
2026-07-29,Ander BarrenetxeaBarrenetxea Real Sociedad,-121.205 +129.959 +391.781 +2.130.384 +6.862.826 +9.408.571,"-0,29% +0,31% +0,96% +5,42% +19,87% +29,40%",,1ddías,41.408.571,41.529.776 41.278.612 41.016.790 39.278.187 34.545.745 32.000.000
2026-07-29,Pablo MarínMarín Real Sociedad,-86.789 -173.296 -262.673 -640.355 -1.434.372 -2.305.874,"-3,12% -6,04% -8,88% -19,20% -34,74% -46,12%",,23ddías,2.694.126,2.780.915 2.867.422 2.956.799 3.334.481 4.128.498 5.000.000
2026-07-29,Mikel OyarzabalOyarzabal Real Sociedad,-1.430.791 -2.726.807 -4.065.274 -10.761.694 -37.736.499 -37.877.776,"-1,83% -3,43% -5,04% -12,31% 0% -33,07%",,7ddías,76.674.675,78.105.466 79.401.482 80.739.949 87.436.369 0 114.552.451
2026-07-29,Arsen ZakharyanZakharyan Real Sociedad,-44.211 -86.794 -134.498 -341.969 -772.862 -1.392.941,"-2,68% -5,12% -7,72% -17,55% -32,47% -46,43%",,23ddías,1.607.059,1.651.270 1.693.853 1.741.557 1.949.028 2.379.921 3.000.000
2026-07-29,Takefusa KuboKubo Real Sociedad,-615.621 -1.169.930 -1.730.138 -4.234.109 -5.911.883 -2.585.714,"-2,19% -4,08% -5,92% -13,34% -17,69% -8,59%",,12ddías,27.514.286,28.129.907 28.684.216 29.244.424 31.748.395 33.426.169 30.100.000
2026-07-29,Jon Ander OlasagastiOlasagasti Levante,-57.761 -114.690 -189.644 -515.507 -1.307.063 -2.233.271,"-1,51% -2,95% -4,79% -12,04% -25,76% -37,22%",,23ddías,3.766.729,3.824.490 3.881.419 3.956.373 4.282.236 5.073.792 6.000.000
2026-07-29,Umar SadiqSadiq Valencia,-336.065 -597.015 -830.196 -1.672.985 -3.339.912 -5.254.079,"-3,03% -5,26% -7,17% -13,47% -23,71% -32,84%",,21ddías,10.745.921,11.081.986 11.342.936 11.576.117 12.418.906 14.085.833 16.000.000
2026-07-29,Jon PachecoPacheco Real Sociedad,0 0 0 0 0 +15.452,"0,00% 0,00% 0,00% 0,00% 0,00% +0,39%",,20ddías,4.015.452,4.015.452 4.015.452 4.015.452 4.015.452 4.015.452 4.000.000
2026-07-29,Beñat TurrientesTurrientes Real Sociedad,-131.861 -228.740 -366.259 -853.072 -2.009.474 -2.055.655,"-1,63% -2,80% -4,41% -9,70% -20,19% -20,56%",,20ddías,7.944.345,8.076.206 8.173.085 8.310.604 8.797.417 9.953.819 10.000.000
2026-07-29,Robin Le NormandLe Normand Atlético,-200.744 -338.973 -522.350 -968.926 -1.823.798 -2.972.276,"-1,73% -2,88% -4,37% -7,82% -13,76% -20,64%",,18ddías,11.427.724,11.628.468 11.766.697 11.950.074 12.396.650 13.251.522 14.400.000
2026-07-29,Unai MarreroMarrero Real Sociedad,-40.779 -81.336 -125.262 -329.223 -761.870 -1.347.454,"-2,41% -4,69% -7,05% -16,61% -31,56% -44,92%",,23ddías,1.652.546,1.693.325 1.733.882 1.777.808 1.981.769 2.414.416 3.000.000
2026-07-29,Aitor FragaFraga Real Sociedad,0 0 0 0 0 +2.234,"0,00% 0,00% 0,00% 0,00% 0,00% +0,37%",,20ddías,602.234,602.234 602.234 602.234 602.234 602.234 600.000
2026-07-29,Urko González de ZarateUrko Espanyol,-79.271 -133.185 -206.716 -464.626 -1.090.873 -1.726.058,"-1,48% -2,46% -3,77% -8,10% -17,14% -24,66%",,20ddías,5.273.942,5.353.213 5.407.127 5.480.658 5.738.568 6.364.815 7.000.000
2026-07-29,Marko DmitrovicDmitrovic Espanyol,+709.112 +1.508.216 +2.099.049 +4.343.488 +8.017.539 +10.458.419,"+2,87% +6,30% +8,99% +20,57% +45,97% +69,72%",,22ddías,25.458.419,24.749.307 23.950.203 23.359.370 21.114.931 17.440.880 15.000.000
2026-07-29,Federico GattoniGattoni Sevilla,-6.206 -10.683 -15.470 -39.510 -90.213 -201.308,"-1,23% -2,10% -3,01% -7,34% -15,32% -28,76%",,23ddías,498.692,504.898 509.375 514.162 538.202 588.905 700.000
2026-07-29,Adrià PedrosaPedrosa Sevilla,0 0 0 0 0 +12.788,"0,00% 0,00% 0,00% 0,00% 0,00% +0,39%",,20ddías,3.312.788,3.312.788 3.312.788 3.312.788 3.312.788 3.312.788 3.300.000
2026-07-29,Joan JordanJordan Sevilla,-14.922 -28.477 -42.722 -108.697 -251.474 -492.131,"-2,06% -3,87% -5,69% -13,31% -26,21% -41,01%",,23ddías,707.869,722.791 736.346 750.591 816.566 959.343 1.200.000
2026-07-29,Rafa MirRafa Mir Sevilla,0 0 0 0 0 +27.127,"0,00% 0,00% 0,00% 0,00% 0,00% +0,39%",,20ddías,7.027.127,7.027.127 7.027.127 7.027.127 7.027.127 7.027.127 7.000.000
2026-07-29,Mariano DíazMariano Alavés,-41.178 -82.621 -125.003 -304.315 -699.244 -1.280.838,"-2,82% -5,50% -8,10% -17,66% -33,01% -47,44%",,23ddías,1.419.162,1.460.340 1.501.783 1.544.165 1.723.477 2.118.406 2.700.000
2026-07-29,Djibril SowSow Sevilla,-65.007 -105.555 -170.296 -544.644 -1.373.605 -1.379.368,"-0,75% -1,21% -1,94% -5,94% -13,74% -13,79%",,18ddías,8.620.632,8.685.639 8.726.187 8.790.928 9.165.276 9.994.237 10.000.000
2026-07-29,MarcãoMarcão Sevilla,-23.535 -46.063 -69.654 -167.267 -377.763 -685.404,"-2,51% -4,79% -7,08% -15,46% -29,23% -42,84%",,23ddías,914.596,938.131 960.659 984.250 1.081.863 1.292.359 1.600.000
2026-07-29,Juanlu SánchezJuanlu Sevilla,-51.615 -82.997 -129.740 -371.790 -966.469 -1.825.541,"-1,60% -2,55% -3,93% -10,48% -23,34% -36,51%",,24ddías,3.174.459,3.226.074 3.257.456 3.304.199 3.546.249 4.140.928 5.000.000
2026-07-29,Manu BuenoManu Bueno Sevilla,0 0 0 0 0 +2.099,"0,00% 0,00% 0,00% 0,00% 0,00% +0,26%",,20ddías,802.099,802.099 802.099 802.099 802.099 802.099 800.000
2026-07-29,Mouctar DiakhabyDiakhaby Valencia,-219.882 -499.751 -802.061 -802.061 -802.061 -767.653,"-2,60% -5,72% -8,88% -8,88% -8,88% -8,53%",,3ddías,8.232.347,8.452.229 8.732.098 9.034.408 9.034.408 9.034.408 9.000.000
2026-07-29,Javi GuerraJavi Guerra Valencia,-316.756 -458.920 -588.344 -1.470.452 +23.225.720 +23.222.105,"-1,20% -1,72% -2,20% -5,32% 0% +792,30%",,13ddías,26.153.071,26.469.827 26.611.991 26.741.415 27.623.523 0 2.930.966
2026-07-29,Hugo DuroDuro Valencia,-154.165 -296.268 -409.856 -843.617 -1.997.351 -2.227.477,"-1,55% -2,94% -4,03% -7,95% -16,97% -18,56%",,18ddías,9.772.523,9.926.688 10.068.791 10.182.379 10.616.140 11.769.874 12.000.000
2026-07-29,André AlmeidaAlmeida Valencia,-97.307 -184.639 -281.757 -704.654 -1.559.753 -2.691.419,"-2,56% -4,74% -7,06% -15,97% -29,61% -42,05%",,23ddías,3.708.581,3.805.888 3.893.220 3.990.338 4.413.235 5.268.334 6.400.000
2026-07-29,Cristian RiveroRivero Valencia,-12.225 -22.971 -34.289 -60.840 -166.377 -356.860,"-1,87% -3,45% -5,06% -8,64% -20,55% -35,69%",,6ddías,643.140,655.365 666.111 677.429 703.980 809.517 1.000.000
2026-07-29,José GayàGayà Valencia,-238.136 -423.575 -666.007 -1.446.998 -2.989.317 -4.842.281,"-1,78% -3,12% -4,82% -9,91% -18,51% -26,90%",,23ddías,13.157.719,13.395.855 13.581.294 13.823.726 14.604.717 16.147.036 18.000.000
2026-07-29,Diego LópezDiego López Valencia,-110.249 -219.926 -334.586 -838.942 -1.822.542 -2.391.802,"-2,96% -5,75% -8,49% -18,86% -33,56% -39,86%",,23ddías,3.608.198,3.718.447 3.828.124 3.942.784 4.447.140 5.430.740 6.000.000
2026-07-29,PepeluPepelu Valencia,-140.525 -263.424 -426.500 -843.738 -1.865.298 -1.303.397,"-1,59% -2,94% -4,67% -8,84% -17,66% -13,03%",,18ddías,8.696.603,8.837.128 8.960.027 9.123.103 9.540.341 10.561.901 10.000.000
2026-07-29,Dimitri FoulquierFoulquier Valencia,0 0 0 0 0 +14.144,"0,00% 0,00% 0,00% 0,00% 0,00% +0,38%",,20ddías,3.714.144,3.714.144 3.714.144 3.714.144 3.714.144 3.714.144 3.700.000
2026-07-29,Jesús VázquezJesús Vázquez Valencia,-62.507 -116.027 -175.587 -445.039 -1.045.085 -1.872.028,"-2,61% -4,75% -7,01% -16,05% -30,98% -44,57%",,23ddías,2.327.972,2.390.479 2.443.999 2.503.559 2.773.011 3.373.057 4.200.000
2026-07-29,Fran PérezFran Pérez Rayo,-29.624 -53.965 -82.921 -208.087 -468.465 -860.487,"-2,53% -4,52% -6,78% -15,44% -29,13% -43,02%",,23ddías,1.139.513,1.169.137 1.193.478 1.222.434 1.347.600 1.607.978 2.000.000
2026-07-29,Hugo GonzálezHugo González Celta,0 0 0 0 0 +5.646,"0,00% 0,00% 0,00% 0,00% 0,00% +0,38%",,20ddías,1.505.646,1.505.646 1.505.646 1.505.646 1.505.646 1.505.646 1.500.000
2026-07-29,César TárregaTárrega Valencia,-93.492 -169.574 -266.055 -857.654 -1.951.055 -2.934.758,"-0,97% -1,74% -2,71% -8,23% -16,94% -23,48%",,23ddías,9.565.242,9.658.734 9.734.816 9.831.297 10.422.896 11.516.297 12.500.000
2026-07-29,Rubén IranzoIranzo Valencia,0 0 0 0 0 +2.292,"0,00% 0,00% 0,00% 0,00% 0,00% +0,38%",,20ddías,602.292,602.292 602.292 602.292 602.292 602.292 600.000
2026-07-29,Santi ComesañaComesaña Villarreal,-708.180 -1.426.332 -1.814.623 -3.012.398 -5.477.600 -7.508.016,"-2,40% -4,72% -5,93% -9,47% -15,98% -20,68%",,23ddías,28.791.984,29.500.164 30.218.316 30.606.607 31.804.382 34.269.584 36.300.000
2026-07-29,Gerard MorenoGerard Villarreal,-378.999 -673.892 -1.070.376 -2.742.663 -5.869.654 -8.381.369,"-1,18% -2,09% -3,27% -7,98% -15,66% -20,95%",,23ddías,31.618.631,31.997.630 32.292.523 32.689.007 34.361.294 37.488.285 40.000.000
2026-07-29,Juan FoythFoyth Villarreal,0 0 0 0 0 +47.789,"0,00% 0,00% 0,00% 0,00% 0,00% +0,38%",,20ddías,12.547.789,12.547.789 12.547.789 12.547.789 12.547.789 12.547.789 12.500.000
2026-07-29,Alexander SorlothSörloth Atlético,-481.635 -851.381 -1.210.298 -2.993.807 -6.864.382 -10.319.534,"-1,60% -2,79% -3,92% -9,16% -18,78% -25,80%",,23ddías,29.680.466,30.162.101 30.531.847 30.890.764 32.674.273 36.544.848 40.000.000
2026-07-29,Álex BaenaBaena Atlético,+598.281 +2.071.230 +3.520.943 +10.131.748 +21.125.473 +25.946.111,"+0,85% +3,01% +5,22% +16,66% +42,40% +57,66%",,22ddías,70.946.111,70.347.830 68.874.881 67.425.168 60.814.363 49.820.638 45.000.000
2026-07-29,Kiko FemeniaFemenia Getafe,-64.607 -123.199 -186.208 -516.177 -1.235.550 -2.081.064,"-1,62% -3,05% -4,54% -11,64% -23,97% -34,68%",,23ddías,3.918.936,3.983.543 4.042.135 4.105.144 4.435.113 5.154.486 6.000.000
2026-07-29,Ramón TerratsTerrats Getafe,0 0 0 0 0 +10.495,"0,00% 0,00% 0,00% 0,00% 0,00% +0,37%",,20ddías,2.810.495,2.810.495 2.810.495 2.810.495 2.810.495 2.810.495 2.800.000
2026-07-29,Denis SuárezDenis Suárez Alavés,-87.468 -172.203 -265.948 -654.005 -1.509.621 -2.544.273,"-2,47% -4,75% -7,15% -15,91% -30,40% -42,40%",,23ddías,3.455.727,3.543.195 3.627.930 3.721.675 4.109.732 4.965.348 6.000.000
2026-07-29,Ilias AkhomachAkhomach Villarreal,0 0 0 0 0 +30.121,"0,00% 0,00% 0,00% 0,00% 0,00% +0,38%",,20ddías,8.030.121,8.030.121 8.030.121 8.030.121 8.030.121 8.030.121 8.000.000
2026-07-29,Adrià AltimiraAltimira Deportivo,-112.158 -213.336 -275.397 -495.702 -1.149.668 -1.046.626,"-1,85% -3,46% -4,42% -7,69% -16,19% -14,95%",,17ddías,5.953.374,6.065.532 6.166.710 6.228.771 6.449.076 7.103.042 7.000.000
2026-07-29,Manu SánchezManu Sánchez Levante,-95.023 -281.641 -481.568 -481.568 -481.568 -459.057,"-1,69% -4,84% -8,00% -8,00% -8,00% -7,65%",,3ddías,5.540.943,5.635.966 5.822.584 6.022.511 6.022.511 6.022.511 6.000.000
2026-07-29,Raúl GarcíaRaúl García Osasuna,-64.553 -135.447 -202.648 -494.736 -1.130.864 -2.017.533,"-2,35% -4,81% -7,02% -15,57% -29,66% -42,93%",,23ddías,2.682.467,2.747.020 2.817.914 2.885.115 3.177.203 3.813.331 4.700.000
2026-07-29,Kike SalasKike Salas Sevilla,-120.262 -330.211 -517.466 -1.030.025 -2.423.518 -3.401.387,"-0,95% -2,55% -3,95% -7,56% -16,13% -21,26%",,21ddías,12.598.613,12.718.875 12.928.824 13.116.079 13.628.638 15.022.131 16.000.000
2026-07-29,Álvaro F. CarrerasA. F. Carreras Real Madrid,-486.887 -956.092 -1.413.043 -3.278.119 -6.865.523 -10.980.396,"-2,54% -4,86% -7,02% -14,90% -26,83% -36,97%",,23ddías,18.719.604,19.206.491 19.675.696 20.132.647 21.997.723 25.585.127 29.700.000
2026-07-29,Giuliano SimeoneGiuliano Atlético,+339.013 +1.245.764 +2.038.297 +5.811.823 +14.098.295 +19.875.901,"+0,62% +2,32% +3,86% +11,85% +34,57% +56,79%",,21ddías,54.875.901,54.536.888 53.630.137 52.837.604 49.064.078 40.777.606 35.000.000
2026-07-29,Augusto BatallaBatalla Rayo,+589.913 +1.617.684 +2.368.970 +5.127.183 +9.782.622 +13.858.648,"+1,77% +5,02% +7,52% +17,85% +40,63% +69,29%",,22ddías,33.858.648,33.268.735 32.240.964 31.489.678 28.731.465 24.076.026 20.000.000
2026-07-29,Isaac RomeroRomero Sevilla,-82.726 -182.242 -261.166 -608.317 -1.610.522 -1.562.303,"-1,27% -2,75% -3,90% -8,63% -20,01% -19,53%",,19ddías,6.437.697,6.520.423 6.619.939 6.698.863 7.046.014 8.048.219 8.000.000
2026-07-29,Johnny CardosoCardoso Atlético,-261.416 -525.340 -787.819 -1.946.568 -4.291.327 -5.858.539,"-2,78% -5,43% -7,93% -17,56% -31,95% -39,06%",,20ddías,9.141.461,9.402.877 9.666.801 9.929.280 11.088.029 13.432.788 15.000.000
2026-07-29,Ilaix MoribaMoriba Celta,+10.049 +93.096 +89.225 -531.221 -2.163.959 -3.295.773,"+0,12% +1,08% +1,04% -5,75% -19,91% -27,46%",,2ddías,8.704.227,8.694.178 8.611.131 8.615.002 9.235.448 10.868.186 12.000.000
2026-07-29,Lucien AgoumeAgoume Sevilla,-54.423 -101.160 -164.602 -369.938 -1.019.168 -499.397,"-0,90% -1,66% -2,67% -5,81% -14,52% -7,68%",,18ddías,6.000.603,6.055.026 6.101.763 6.165.205 6.370.541 7.019.771 6.500.000
2026-07-29,Gonçalo GuedesGuedes Real Sociedad,-1.327.483 -2.651.347 -4.057.511 -9.530.972 -5.680.125 -5.752.957,"-2,43% -4,74% -7,07% -15,17% 0% -9,74%",,8ddías,53.301.130,54.628.613 55.952.477 57.358.641 62.832.102 0 59.054.087
2026-07-29,Héctor FortFort Barcelona,0 0 0 0 0 +19.376,"0,00% 0,00% 0,00% 0,00% 0,00% +0,39%",,20ddías,5.019.376,5.019.376 5.019.376 5.019.376 5.019.376 5.019.376 5.000.000
2026-07-29,Pablo FornalsFornals Betis,-2.068.570 -4.077.466 -6.138.707 -66.772.213 -66.772.213 -66.949.149,"-2,63% -5,06% -7,43% 0% 0% -46,67%",,6ddías,76.517.087,78.585.657 80.594.553 82.655.794 0 0 143.466.236
2026-07-29,Juanmi JiménezJuanmi Getafe,-19.621 -38.071 -57.414 -145.999 -312.839 -679.357,"-2,34% -4,43% -6,54% -15,10% -27,60% -45,29%",,23ddías,820.643,840.264 858.714 878.057 966.642 1.133.482 1.500.000
2026-07-29,Joan GarciaJoan Garcia Barcelona,0 0 0 0 0 +193.416,"0,00% 0,00% 0,00% 0,00% 0,00% +0,39%",,20ddías,50.193.416,50.193.416 50.193.416 50.193.416 50.193.416 50.193.416 50.000.000
2026-07-29,Fernando CaleroCalero Málaga,0 0 0 0 0 +13.120,"0,00% 0,00% 0,00% 0,00% 0,00% +0,37%",,20ddías,3.513.120,3.513.120 3.513.120 3.513.120 3.513.120 3.513.120 3.500.000
2026-07-29,Leandro CabreraCabrera Espanyol,-144.428 -252.716 -400.507 -931.281 -1.824.245 +6.028.381,"-0,83% -1,44% -2,26% -5,11% -9,54% +53,48%",,16ddías,17.301.047,17.445.475 17.553.763 17.701.554 18.232.328 19.125.292 11.272.666
2026-07-29,Javi PuadoPuado Espanyol,-336.264 -680.224 -1.022.218 -2.434.741 -4.982.005 -4.067.364,"-2,98% -5,86% -8,55% -18,21% -31,30% -27,12%",,14ddías,10.932.636,11.268.900 11.612.860 11.954.854 13.367.377 15.914.641 15.000.000
2026-07-29,Pol LozanoLozano Espanyol,-60.548 -127.591 -192.679 -477.012 -1.112.197 -1.956.332,"-1,95% -4,02% -5,95% -13,55% -26,76% -39,13%",,23ddías,3.043.668,3.104.216 3.171.259 3.236.347 3.520.680 4.155.865 5.000.000
2026-07-29,Pere MillaPere Milla Espanyol,+1.834 +39.125 +70.257 +613.133 +882.530 +2.815.430,"+0,02% +0,36% +0,65% +6,01% +8,88% +35,19%",,12ddías,10.815.430,10.813.596 10.776.305 10.745.173 10.202.297 9.932.900 8.000.000
2026-07-29,Jofre CarrerasJofre Espanyol,-41.604 -80.603 -122.697 -303.150 -683.762 -1.232.159,"-2,58% -4,89% -7,26% -16,20% -30,37% -44,01%",,23ddías,1.567.841,1.609.445 1.648.444 1.690.538 1.870.991 2.251.603 2.800.000
2026-07-29,Edu ExpósitoEdu Expósito Espanyol,-345.065 -676.269 -1.114.101 -2.845.828 -12.047.482 -12.098.315,"-1,17% -2,27% -3,69% -8,90% 0% -29,35%",,12ddías,29.118.911,29.463.976 29.795.180 30.233.012 31.964.739 0 41.217.226
2026-07-29,Omar El HilaliEl Hilali Espanyol,+80.232 +181.690 +265.291 +675.124 +722.097 +1.145.006,"+1,22% +2,81% +4,16% +11,31% +12,19% +20,82%",,7ddías,6.645.006,6.564.774 6.463.316 6.379.715 5.969.882 5.922.909 5.500.000
2026-07-29,Rubén SánchezRubén Sánchez Espanyol,-9.595 -17.601 -26.065 -66.408 -152.907 -319.985,"-1,63% -2,95% -4,30% -10,27% -20,86% -35,55%",,23ddías,580.015,589.610 597.616 606.080 646.423 732.922 900.000
2026-07-29,Ángel FortuñoFortuño Espanyol,-15.992 -30.663 -46.069 -85.326 -228.870 -466.439,"-2,13% -4,01% -5,91% -10,42% -23,78% -38,87%",,3ddías,733.561,749.553 764.224 779.630 818.887 962.431 1.200.000
2026-07-29,BoyomoBoyomo Osasuna,+330.293 +797.731 +1.190.425 +2.758.103 +4.847.052 +5.198.105,"+1,66% +4,11% +6,26% +15,81% +31,57% +34,65%",,19ddías,20.198.105,19.867.812 19.400.374 19.007.680 17.440.002 15.351.053 15.000.000
2026-07-29,Raul MoroRaul Moro Osasuna,-32.919 -36.262 -132.606 -591.265 -1.660.330 -1.607.630,"-0,32% -0,35% -1,26% -5,38% -13,78% -13,40%",,18ddías,10.392.370,10.425.289 10.428.632 10.524.976 10.983.635 12.052.700 12.000.000
2026-07-29,Diego CondeConde Betis,-88.133 -177.362 -240.966 -403.917 -910.531 -1.374.960,"-2,74% -5,37% -7,16% -11,45% -22,56% -30,55%",,21ddías,3.125.040,3.213.173 3.302.402 3.366.006 3.528.957 4.035.571 4.500.000
2026-07-29,Daniel RabaRaba Valencia,-62.957 -121.330 -181.086 -445.505 -1.034.708 -2.066.941,"-2,52% -4,75% -6,93% -15,48% -29,84% -45,93%",,23ddías,2.433.059,2.496.016 2.554.389 2.614.145 2.878.564 3.467.767 4.500.000
2026-07-29,Nico SerranoSerrano Athletic,-40.240 -81.891 -125.861 -314.746 -695.041 -1.360.668,"-2,72% -5,38% -8,04% -17,94% -32,56% -48,60%",,24ddías,1.439.332,1.479.572 1.521.223 1.565.193 1.754.078 2.134.373 2.800.000
2026-07-29,Santiago MouriñoMouriño Villarreal,+353.848 +957.574 +1.573.914 +3.780.188 +7.780.639 +9.704.443,"+1,09% +3,02% +5,06% +13,07% +31,22% +42,19%",,21ddías,32.704.443,32.350.595 31.746.869 31.130.529 28.924.255 24.923.804 23.000.000
2026-07-29,Valentin RosierRosier Osasuna,-264.079 -495.924 -727.841 -1.195.295 -1.921.669 -1.481.812,"-2,70% -4,95% -7,10% -11,16% -16,80% -13,47%",,18ddías,9.518.188,9.782.267 10.014.112 10.246.029 10.713.483 11.439.857 11.000.000
2026-07-29,Carlos RomeroRomero Villarreal,0 0 0 0 0 +131.220,"0,00% 0,00% 0,00% 0,00% 0,00% +0,37%",,20ddías,35.131.220,35.131.220 35.131.220 35.131.220 35.131.220 35.131.220 35.000.000
2026-07-29,Kylian MbappéMbappé Real Madrid,-1.546.633 -2.152.136 -3.290.541 -22.559.759 -22.559.759 -22.751.755,"-1,15% -1,59% -2,42% 0% 0% -14,61%",,5ddías,132.925.680,134.472.313 135.077.816 136.216.221 0 0 155.677.435
2026-07-29,Carlos MartínCarlos Martín Atlético,0 0 0 0 0 -81.510,"0,00% 0,00% 0,00% 0,00% 0,00% -3,54%",,20ddías,2.218.490,2.218.490 2.218.490 2.218.490 2.218.490 2.218.490 2.300.000
2026-07-29,Sergio CarreiraCarreira Celta,-112.407 -201.263 -316.797 -795.741 -1.618.998 -736.093,"-1,52% -2,70% -4,18% -9,87% -18,23% -9,20%",,17ddías,7.263.907,7.376.314 7.465.170 7.580.704 8.059.648 8.882.905 8.000.000
2026-07-29,Sergio GómezSergio Gómez Real Sociedad,-304.079 -561.477 -799.419 -1.810.794 -3.630.352 -5.222.012,"-1,51% -2,76% -3,88% -8,39% -15,51% -20,89%",,23ddías,19.777.988,20.082.067 20.339.465 20.577.407 21.588.782 23.408.340 25.000.000
2026-07-29,PequePeque Sevilla,-64.214 -122.964 -195.481 -481.201 -1.107.466 -1.971.366,"-2,48% -4,64% -7,18% -15,99% -30,46% -43,81%",,23ddías,2.528.634,2.592.848 2.651.598 2.724.115 3.009.835 3.636.100 4.500.000
2026-07-29,Chidera EjukeEjuke Sevilla,-57.745 -105.288 -166.100 -390.489 -947.890 -1.577.544,"-1,66% -2,98% -4,63% -10,24% -21,69% -31,55%",,23ddías,3.422.456,3.480.201 3.527.744 3.588.556 3.812.945 4.370.346 5.000.000
2026-07-29,Willy KambwalaKambwala Villarreal,-40.693 -82.132 -124.125 -327.555 -742.364 -1.328.674,"-2,38% -4,68% -6,91% -16,39% -30,76% -44,29%",,23ddías,1.671.326,1.712.019 1.753.458 1.795.451 1.998.881 2.413.690 3.000.000
2026-07-29,Andrés MartínAndrés Martín Racing,-362.818 -602.881 -824.940 -2.080.819 -5.470.260 +21.778.432,"-1,52% -2,50% -3,39% -8,12% -18,86% 0%",,14ddías,23.529.740,23.892.558 24.132.621 24.354.680 25.610.559 29.000.000 0
2026-07-29,Arnaut DanjumaDanjuma Valencia,-68.521 -120.203 -168.049 -429.555 -938.357 -1.508.749,"-1,50% -2,61% -3,61% -8,73% -17,28% -25,15%",,23ddías,4.491.251,4.559.772 4.611.454 4.659.300 4.920.806 5.429.608 6.000.000
2026-07-29,Nicolas PépéPépé Villarreal,-1.212.132 -2.383.837 -3.627.343 -9.015.679 -33.315.275 -33.428.835,"-2,02% -3,91% -5,82% -13,32% 0% -36,30%",,8ddías,58.649.662,59.861.794 61.033.499 62.277.005 67.665.341 0 92.078.497
2026-07-29,Pape GueyePape Gueye Villarreal,-461.052 -784.869 -1.218.591 -3.002.962 -7.269.734 -10.508.244,"-1,15% -1,95% -2,99% -7,07% -15,55% -21,02%",,23ddías,39.491.756,39.952.808 40.276.625 40.710.347 42.494.718 46.761.490 50.000.000
2026-07-29,Iker LosadaLosada Betis,0 0 0 0 0 +9.378,"0,00% 0,00% 0,00% 0,00% 0,00% +0,38%",,20ddías,2.509.378,2.509.378 2.509.378 2.509.378 2.509.378 2.509.378 2.500.000
2026-07-29,Diego Javier LlorenteD. Llorente Betis,+170.519 +396.128 +541.206 +1.029.614 +548.091 +1.878.834,"+1,79% +4,27% +5,92% +11,90% +6,00% +24,09%",,7ddías,9.678.834,9.508.315 9.282.706 9.137.628 8.649.220 9.130.743 7.800.000
2026-07-29,Abel Bretones Bretones Osasuna,+32.239 +69.881 +91.205 +80.078 -102.828 -337.604,"+1,67% +3,69% +4,87% +4,25% -4,98% -14,68%",,5ddías,1.962.396,1.930.157 1.892.515 1.871.191 1.882.318 2.065.224 2.300.000
2026-07-29,Pedro DíazPedro Díaz Rayo,-40.741 -74.778 -117.005 -334.468 -823.679 -1.704.491,"-1,74% -3,15% -4,85% -12,72% -26,41% -42,61%",,24ddías,2.295.509,2.336.250 2.370.287 2.412.514 2.629.977 3.119.188 4.000.000
2026-07-29,Luka SucicL. Sucic Real Sociedad,-73.388 -126.818 -189.228 -486.580 -1.068.204 -1.487.384,"-1,71% -2,92% -4,30% -10,35% -20,23% -26,09%",,20ddías,4.212.616,4.286.004 4.339.434 4.401.844 4.699.196 5.280.820 5.700.000
2026-07-29,Álvaro FernándezÁlvaro Deportivo,-96.484 -175.795 -320.191 -882.060 -1.957.109 -3.362.702,"-1,55% -2,78% -4,96% -12,57% -24,18% -35,40%",,23ddías,6.137.298,6.233.782 6.313.093 6.457.489 7.019.358 8.094.407 9.500.000
2026-07-29,Jiri LetácekLetácek Getafe,-22.236 -49.298 -77.612 -205.358 -481.702 -875.283,"-2,12% -4,59% -7,04% -16,69% -31,98% -46,07%",,23ddías,1.024.717,1.046.953 1.074.015 1.102.329 1.230.075 1.506.419 1.900.000
2026-07-29,Julián ÁlvarezAlvarez Atlético,-617.091 -670.805 -926.249 -1.690.358 +27.559.190 +27.499.809,"-0,81% -0,88% -1,21% -2,19% 0% +57,12%",,4ddías,75.647.584,76.264.675 76.318.389 76.573.833 77.337.942 0 48.147.775
2026-07-29,Alex PadillaPadilla Athletic,0 0 0 0 0 +5.588,"0,00% 0,00% 0,00% 0,00% 0,00% +0,37%",,20ddías,1.505.588,1.505.588 1.505.588 1.505.588 1.505.588 1.505.588 1.500.000
2026-07-29,Mikel JauregizarJauregizar Athletic,+323.187 +769.536 +1.249.128 +3.189.717 +5.909.790 +7.869.302,"+1,43% +3,48% +5,78% +16,21% +34,85% +52,46%",,22ddías,22.869.302,22.546.115 22.099.766 21.620.174 19.679.585 16.959.512 15.000.000
2026-07-29,Adama BoiroBoiro Athletic,-12.086 -22.687 -33.854 -86.183 -177.131 -360.195,"-1,85% -3,42% -5,03% -11,87% -21,68% -36,02%",,7ddías,639.805,651.891 662.492 673.659 725.988 816.936 1.000.000
2026-07-29,Diego FerrerFerrer Getafe,0 0 0 0 0 +2.705,"0,00% 0,00% 0,00% 0,00% 0,00% +0,39%",,20ddías,702.705,702.705 702.705 702.705 702.705 702.705 700.000
2026-07-29,Iker BenitoBenito Osasuna,-16.490 -31.679 -47.625 -121.146 -280.487 -554.499,"-2,16% -4,08% -6,00% -13,98% -27,34% -42,65%",,23ddías,745.501,761.991 777.180 793.126 866.647 1.025.988 1.300.000
2026-07-29,Mario MartínMario Martín Getafe,0 0 0 0 0 +15.472,"0,00% 0,00% 0,00% 0,00% 0,00% +0,39%",,20ddías,4.015.472,4.015.472 4.015.472 4.015.472 4.015.472 4.015.472 4.000.000
2026-07-29,Dani OlmoOlmo Barcelona,-1.557.577 -3.006.643 -4.470.367 -11.680.633 -23.149.926 -23.278.940,"-1,88% -3,57% -5,21% -12,56% 0% -22,25%",,7ddías,81.329.804,82.887.381 84.336.447 85.800.171 93.010.437 0 104.608.744
2026-07-29,Juan MussoMusso Atlético,-146.347 -268.896 -423.856 -1.054.394 -2.281.844 -3.590.460,"-2,23% -4,03% -6,20% -14,13% -26,25% -35,90%",,23ddías,6.409.540,6.555.887 6.678.436 6.833.396 7.463.934 8.691.384 10.000.000
2026-07-29,Toni MartinezToni Martinez Alavés,-389.647 -788.073 -1.224.568 -3.152.211 +24.715.344 +24.710.301,"-1,33% -2,66% -4,08% -9,87% 0% +604,31%",,12ddías,28.799.337,29.188.984 29.587.410 30.023.905 31.951.548 0 4.089.036
2026-07-29,Gerard MartínMartín Barcelona,0 0 0 0 0 +117.596,"0,00% 0,00% 0,00% 0,00% 0,00% +0,39%",,20ddías,30.517.596,30.517.596 30.517.596 30.517.596 30.517.596 30.517.596 30.400.000
2026-07-29,Marc BernalBernal Barcelona,0 0 0 0 0 +13.924,"0,00% 0,00% 0,00% 0,00% 0,00% +0,39%",,20ddías,3.613.924,3.613.924 3.613.924 3.613.924 3.613.924 3.613.924 3.600.000
2026-07-29,NatanNatan Betis,+456.795 +1.249.599 +1.933.433 +4.503.614 +9.067.246 +11.846.459,"+1,26% +3,51% +5,54% +13,92% +32,64% +47,39%",,21ddías,36.846.459,36.389.664 35.596.860 34.913.026 32.342.845 27.779.213 25.000.000
2026-07-29,Pablo DuránDurán Celta,-48.731 -95.929 -144.327 -358.036 -794.952 -1.317.782,"-2,82% -5,39% -7,90% -17,55% -32,09% -43,93%",,23ddías,1.682.218,1.730.949 1.778.147 1.826.545 2.040.254 2.477.170 3.000.000
2026-07-29,Javi RodríguezJavi Rodríguez Celta,0 0 0 0 0 +37.652,"0,00% 0,00% 0,00% 0,00% 0,00% +0,38%",,20ddías,10.037.652,10.037.652 10.037.652 10.037.652 10.037.652 10.037.652 10.000.000
2026-07-29,Hugo Álvarez Hugo Álvarez Celta,-88.845 -188.817 -275.472 -676.349 -1.555.367 -2.474.270,"-2,16% -4,48% -6,40% -14,38% -27,87% -38,07%",,23ddías,4.025.730,4.114.575 4.214.547 4.301.202 4.702.079 5.581.097 6.500.000
2026-07-29,Jon MartínJon Martín Real Sociedad,0 0 0 0 0 +111.790,"0,00% 0,00% 0,00% 0,00% 0,00% +0,37%",,20ddías,30.111.790,30.111.790 30.111.790 30.111.790 30.111.790 30.111.790 30.000.000
2026-07-29,Jon AramburuAramburu Real Sociedad,+336.414 +713.739 +973.731 +2.169.673 +3.561.297 +5.166.582,"+2,84% +6,23% +8,70% +21,70% +41,38% +73,81%",,22ddías,12.166.582,11.830.168 11.452.843 11.192.851 9.996.909 8.605.285 7.000.000
2026-07-29,Luiz JuniorLuiz Junior Villarreal,+709.664 +1.639.461 +2.256.109 +4.891.372 +8.807.278 +12.644.967,"+2,22% +5,29% +7,42% +17,62% +36,95% +63,22%",,22ddías,32.644.967,31.935.303 31.005.506 30.388.858 27.753.595 23.837.689 20.000.000
2026-07-29,Logan CostaLogan Costa Villarreal,-41.932 -82.205 -127.876 -322.370 -721.462 -1.233.781,"-2,32% -4,45% -6,75% -15,43% -29,00% -41,13%",,23ddías,1.766.219,1.808.151 1.848.424 1.894.095 2.088.589 2.487.681 3.000.000
2026-07-29,Alejandro IturbeIturbe Elche,0 0 0 0 0 +2.099,"0,00% 0,00% 0,00% 0,00% 0,00% +0,26%",,20ddías,802.099,802.099 802.099 802.099 802.099 802.099 800.000
2026-07-29,Giovani Lo CelsoLo Celso Betis,+628.998 +1.538.565 +2.412.670 +5.927.175 +11.032.147 +14.491.948,"+1,86% +4,67% +7,52% +20,75% +47,03% +72,46%",,22ddías,34.491.948,33.862.950 32.953.383 32.079.278 28.564.773 23.459.801 20.000.000
2026-07-29,David OtorbiOtorbi Valencia,0 0 0 0 0 +2.292,"0,00% 0,00% 0,00% 0,00% 0,00% +0,38%",,20ddías,602.292,602.292 602.292 602.292 602.292 602.292 600.000
2026-07-29,Manu GonzálezManu González Betis,0 0 0 0 0 -18.309,"0,00% 0,00% 0,00% 0,00% 0,00% -3,05%",,20ddías,581.691,581.691 581.691 581.691 581.691 581.691 600.000
2026-07-29,Alfonso GonzálezAlfon Sevilla,0 0 0 0 0 +26.761,"0,00% 0,00% 0,00% 0,00% 0,00% +0,38%",,20ddías,7.026.761,7.026.761 7.026.761 7.026.761 7.026.761 7.026.761 7.000.000
2026-07-29,Alberto RiscoRisco Getafe,0 0 0 0 0 +2.705,"0,00% 0,00% 0,00% 0,00% 0,00% +0,39%",,20ddías,702.705,702.705 702.705 702.705 702.705 702.705 700.000
2026-07-29,Marco de la SíasDe la Sías Rayo,0 0 0 0 0 +2.234,"0,00% 0,00% 0,00% 0,00% 0,00% +0,37%",,20ddías,602.234,602.234 602.234 602.234 602.234 602.234 600.000
2026-07-29,Orri Steinn ÓskarssonÓskarsson Real Sociedad,-212.136 -401.987 -626.002 -1.496.286 -3.176.784 -4.841.910,"-2,05% -3,81% -5,80% -12,84% -23,82% -32,28%",,23ddías,10.158.090,10.370.226 10.560.077 10.784.092 11.654.376 13.334.874 15.000.000
2026-07-29,Alberto FloresAlberto Sevilla,0 0 0 0 0 +2.633,"0,00% 0,00% 0,00% 0,00% 0,00% +0,38%",,20ddías,702.633,702.633 702.633 702.633 702.633 702.633 700.000
2026-07-29,Pau NavarroPau Navarro Villarreal,-218.562 -414.705 -599.299 -1.523.642 -3.073.514 -5.012.810,"-1,95% -3,64% -5,17% -12,18% -21,86% -31,33%",,23ddías,10.987.190,11.205.752 11.401.895 11.586.489 12.510.832 14.060.704 16.000.000
2026-07-29,Pau CabanesCabanes Villarreal,0 0 0 0 0 +2.292,"0,00% 0,00% 0,00% 0,00% 0,00% +0,38%",,20ddías,602.292,602.292 602.292 602.292 602.292 602.292 600.000
2026-07-29,Karl Etta EyongEtta Eyong Levante,+372.996 +719.314 +1.078.634 +2.376.528 +3.861.979 +7.307.391,"+2,34% +4,61% +7,08% +17,06% +31,03% +81,19%",,22ddías,16.307.391,15.934.395 15.588.077 15.228.757 13.930.863 12.445.412 9.000.000
2026-07-29,Wojciech SzczesnySzczesny Barcelona,0 0 0 0 0 +8.400,"0,00% 0,00% 0,00% 0,00% 0,00% +0,26%",,20ddías,3.208.400,3.208.400 3.208.400 3.208.400 3.208.400 3.208.400 3.200.000
2026-07-29,Gerónimo SpinaSpina Atlético,0 0 0 0 0 +2.702,"0,00% 0,00% 0,00% 0,00% 0,00% +0,39%",,20ddías,702.702,702.702 702.702 702.702 702.702 702.702 700.000
2026-07-29,Javi SerranoSerrano Atlético,-5.768 -9.789 -14.101 -36.034 -82.114 -211.815,"-1,17% -1,97% -2,81% -6,87% -14,40% -30,26%",,23ddías,488.185,493.953 497.974 502.286 524.219 570.299 700.000
2026-07-29,Raúl AsencioAsencio Real Madrid,-183.019 -353.136 -527.366 -1.250.190 -2.689.345 -4.459.994,"-2,34% -4,42% -6,46% -14,06% -26,04% -36,86%",,23ddías,7.640.006,7.823.025 7.993.142 8.167.372 8.890.196 10.329.351 12.100.000
2026-07-29,Roberto FernándezRoberto Espanyol,-59.130 -123.588 -188.367 -403.883 -946.931 -1.235.151,"-1,02% -2,10% -3,16% -6,55% -14,11% -17,65%",,18ddías,5.764.849,5.823.979 5.888.437 5.953.216 6.168.732 6.711.780 7.000.000
2026-07-29,Facundo GarcésGarcés Alavés,-22.569 -44.091 -66.634 -169.407 -387.031 -608.590,"-2,47% -4,71% -6,96% -15,97% -30,27% -40,57%",,23ddías,891.410,913.979 935.501 958.044 1.060.817 1.278.441 1.500.000
2026-07-29,Toni FernándezToni Fernández Barcelona,0 0 0 0 0 +2.319,"0,00% 0,00% 0,00% 0,00% 0,00% +0,39%",,20ddías,602.319,602.319 602.319 602.319 602.319 602.319 600.000
2026-07-29,Guille FernándezGuille Barcelona,0 0 0 0 0 +2.705,"0,00% 0,00% 0,00% 0,00% 0,00% +0,39%",,20ddías,702.705,702.705 702.705 702.705 702.705 702.705 700.000
2026-07-29,Maroan SannadiSannadi Athletic,-6.389 -11.056 -16.042 -40.960 -86.089 -196.922,"-1,25% -2,15% -3,09% -7,53% -14,61% -28,13%",,23ddías,503.078,509.467 514.134 519.120 544.038 589.167 700.000
2026-07-29,AntonyAntony Betis,-1.356.716 -2.561.523 -3.666.150 -9.013.198 -7.918.435 -2.517.329,"-1,84% -3,41% -4,81% -11,06% -9,85% -3,36%",,10ddías,72.482.671,73.839.387 75.044.194 76.148.821 81.495.869 80.401.106 75.000.000
2026-07-29,Jones El-AbdellaouiEl-Abdellaoui Celta,0 0 0 0 0 +4.893,"0,00% 0,00% 0,00% 0,00% 0,00% +0,38%",,20ddías,1.304.893,1.304.893 1.304.893 1.304.893 1.304.893 1.304.893 1.300.000
2026-07-29,Yoel LagoLago Celta,0 0 0 0 0 +2.633,"0,00% 0,00% 0,00% 0,00% 0,00% +0,38%",,20ddías,702.633,702.633 702.633 702.633 702.633 702.633 700.000
2026-07-29,Sergio MestreMestre Real Madrid,0 0 0 0 0 -22.140,"0,00% 0,00% 0,00% 0,00% 0,00% -3,16%",,20ddías,677.860,677.860 677.860 677.860 677.860 677.860 700.000
2026-07-29,David JiménezJiménez Real Madrid,0 0 0 0 0 +2.248,"0,00% 0,00% 0,00% 0,00% 0,00% +0,37%",,20ddías,602.248,602.248 602.248 602.248 602.248 602.248 600.000
2026-07-29,Germán ValeraValera Elche,-306.096 -547.295 -837.914 -1.762.505 -4.016.955 -37.224.286,"-1,16% -2,06% -3,12% -6,35% -13,39% -58,89%",,14ddías,25.983.045,26.289.141 26.530.340 26.820.959 27.745.550 30.000.000 63.207.331
2026-07-29,Tajon BuchananBuchanan Villarreal,+112.455 +374.930 +606.666 +1.898.003 +3.442.009 +4.346.435,"+0,58% +1,98% +3,24% +10,88% +21,64% +28,98%",,19ddías,19.346.435,19.233.980 18.971.505 18.739.769 17.448.432 15.904.426 15.000.000
2026-07-29,Cucho HernándezCucho Betis,+92.127 +496.454 +867.752 +3.200.990 +10.312.869 +16.207.015,"+0,16% +0,89% +1,57% +6,04% +22,47% +40,52%",,22ddías,56.207.015,56.114.888 55.710.561 55.339.263 53.006.025 45.894.146 40.000.000
2026-07-29,Miguel RománRomán Celta,-100.315 -207.260 -333.357 -718.341 -1.636.180 -2.869.992,"-1,75% -3,55% -5,59% -11,32% -22,52% -33,76%",,23ddías,5.630.008,5.730.323 5.837.268 5.963.365 6.348.349 7.266.188 8.500.000
2026-07-29,Rubén GómezRubén Gómez Villarreal,0 0 0 0 0 +2.292,"0,00% 0,00% 0,00% 0,00% 0,00% +0,38%",,20ddías,602.292,602.292 602.292 602.292 602.292 602.292 600.000
2026-07-29,Jean Ives ValouValou Getafe,0 0 0 0 0 +2.292,"0,00% 0,00% 0,00% 0,00% 0,00% +0,38%",,20ddías,602.292,602.292 602.292 602.292 602.292 602.292 600.000
2026-07-29,Gonzalo GarcíaGonzalo Real Madrid,-72.076 -128.722 -180.353 -407.904 -907.361 -1.494.962,"-1,65% -2,90% -4,02% -8,65% -17,41% -25,78%",,23ddías,4.305.038,4.377.114 4.433.760 4.485.391 4.712.942 5.212.399 5.800.000
2026-07-29,Adrián NiñoNiño Málaga,-46.431 -77.580 -118.224 -276.078 -609.029 -1.015.550,"-1,53% -2,53% -3,81% -8,47% -16,95% -25,39%",,23ddías,2.984.450,3.030.881 3.062.030 3.102.674 3.260.528 3.593.479 4.000.000
2026-07-29,Rayane BelaidRayane Atlético,0 0 0 0 0 -21.994,"0,00% 0,00% 0,00% 0,00% 0,00% -3,14%",,20ddías,678.006,678.006 678.006 678.006 678.006 678.006 700.000
2026-07-29,Nobel MendyMendy Rayo,0 0 0 0 0 +22.356,"0,00% 0,00% 0,00% 0,00% 0,00% +0,37%",,20ddías,6.022.356,6.022.356 6.022.356 6.022.356 6.022.356 6.022.356 6.000.000
2026-07-29,Ángel OrtizOrtiz Betis,0 0 0 0 0 +6.372,"0,00% 0,00% 0,00% 0,00% 0,00% +0,37%",,20ddías,1.706.372,1.706.372 1.706.372 1.706.372 1.706.372 1.706.372 1.700.000
2026-07-29,Asier OsambelaOsambela Osasuna,0 0 0 0 0 +1.932,"0,00% 0,00% 0,00% 0,00% 0,00% +0,39%",,20ddías,501.932,501.932 501.932 501.932 501.932 501.932 500.000
2026-07-29,Juanpe GilJuanpe Rayo,0 0 0 0 0 +2.234,"0,00% 0,00% 0,00% 0,00% 0,00% +0,37%",,20ddías,602.234,602.234 602.234 602.234 602.234 602.234 600.000
2026-07-29,Daniel YáñezYáñez Real Madrid,0 0 0 0 0 +2.606,"0,00% 0,00% 0,00% 0,00% 0,00% +0,37%",,20ddías,702.606,702.606 702.606 702.606 702.606 702.606 700.000
2026-07-29,Diego AguadoD. Aguado Real Madrid,0 0 0 0 0 -25.891,"0,00% 0,00% 0,00% 0,00% 0,00% -3,24%",,20ddías,774.109,774.109 774.109 774.109 774.109 774.109 800.000
2026-07-29,Fran GonzálezFran González Real Madrid,0 0 0 0 0 +2.622,"0,00% 0,00% 0,00% 0,00% 0,00% +0,37%",,20ddías,702.622,702.622 702.622 702.622 702.622 702.622 700.000
2026-07-29,Arkaitz MariezkurrenaMariezkurrena Real Sociedad,0 0 0 0 0 -22.034,"0,00% 0,00% 0,00% 0,00% 0,00% -3,15%",,20ddías,677.966,677.966 677.966 677.966 677.966 677.966 700.000
2026-07-29,Andrés CastrínCastrín Sevilla,0 0 0 0 0 -176.984,"0,00% 0,00% 0,00% 0,00% 0,00% -3,54%",,20ddías,4.823.016,4.823.016 4.823.016 4.823.016 4.823.016 4.823.016 5.000.000
2026-07-29,Rafael RomeroRafa Sevilla,0 0 0 0 0 +2.257,"0,00% 0,00% 0,00% 0,00% 0,00% +0,38%",,20ddías,602.257,602.257 602.257 602.257 602.257 602.257 600.000
2026-07-29,Alassane DiattaDiatta Villarreal,0 0 0 0 0 -18.344,"0,00% 0,00% 0,00% 0,00% 0,00% -3,06%",,20ddías,581.656,581.656 581.656 581.656 581.656 581.656 600.000
2026-07-29,Grégoire SwiderskiSwiderski Alavés,0 0 0 0 0 +2.316,"0,00% 0,00% 0,00% 0,00% 0,00% +0,39%",,20ddías,602.316,602.316 602.316 602.316 602.316 602.316 600.000
2026-07-29,Pablo GarcíaPablo García Betis,0 0 0 0 0 +9.371,"0,00% 0,00% 0,00% 0,00% 0,00% +0,37%",,20ddías,2.509.371,2.509.371 2.509.371 2.509.371 2.509.371 2.509.371 2.500.000
2026-07-29,Ismael BekhouchaBekhoucha Getafe,0 0 0 0 0 +4.254,"0,00% 0,00% 0,00% 0,00% 0,00% +0,39%",,20ddías,1.104.254,1.104.254 1.104.254 1.104.254 1.104.254 1.104.254 1.100.000
2026-07-29,Iñigo ArguibideArguibide Osasuna,0 0 0 0 0 -17.987,"0,00% 0,00% 0,00% 0,00% 0,00% -3,00%",,20ddías,582.013,582.013 582.013 582.013 582.013 582.013 600.000
2026-07-29,Adrián MolinaMolina Rayo,0 0 0 0 0 +2.234,"0,00% 0,00% 0,00% 0,00% 0,00% +0,37%",,20ddías,602.234,602.234 602.234 602.234 602.234 602.234 600.000
2026-07-29,Pol FortunyFortuny Real Madrid,0 0 0 0 0 +2.234,"0,00% 0,00% 0,00% 0,00% 0,00% +0,37%",,20ddías,602.234,602.234 602.234 602.234 602.234 602.234 600.000
2026-07-29,Youssef EnríquezYoussef Alavés,-10.075 -18.581 -27.566 -70.219 -161.789 -308.467,"-1,67% -3,05% -4,45% -10,61% -21,48% -34,27%",,15ddías,591.533,601.608 610.114 619.099 661.752 753.322 900.000
2026-07-29,Unai VencedorVencedor Athletic,0 0 0 0 0 +8.253,"0,00% 0,00% 0,00% 0,00% 0,00% +0,38%",,20ddías,2.208.253,2.208.253 2.208.253 2.208.253 2.208.253 2.208.253 2.200.000
2026-07-29,John ChetauyaJohn C. Elche,-27.787 -53.003 -80.963 -207.025 -480.992 -883.363,"-2,66% -4,96% -7,38% -16,92% -32,12% -46,49%",,23ddías,1.016.637,1.044.424 1.069.640 1.097.600 1.223.662 1.497.629 1.900.000
2026-07-29,Aleix FebasFebas Celta,0 0 0 0 0 +96.888,"0,00% 0,00% 0,00% 0,00% 0,00% +0,39%",,20ddías,25.096.888,25.096.888 25.096.888 25.096.888 25.096.888 25.096.888 25.000.000
2026-07-29,David AffengruberAffengruber Elche,+509.556 +1.242.930 +1.673.718 +3.826.083 +6.808.655 +17.834.842,"+1,98% +4,97% +6,81% +17,06% +35,02% +211,93%",,15ddías,26.250.475,25.740.919 25.007.545 24.576.757 22.424.392 19.441.820 8.415.633
2026-07-29,Álvaro NúñezÁ. Núñez Celta,-106.908 -199.616 -304.414 -738.629 -1.515.522 -2.069.066,"-2,12% -3,89% -5,81% -13,03% -23,51% -29,56%",,20ddías,4.930.934,5.037.842 5.130.550 5.235.348 5.669.563 6.446.456 7.000.000
2026-07-29,Yago SantiagoSantiago Elche,-16.622 -31.949 -48.039 -122.197 -282.939 -551.320,"-2,17% -4,09% -6,03% -14,03% -27,43% -42,41%",,23ddías,748.680,765.302 780.629 796.719 870.877 1.031.619 1.300.000
2026-07-29,Marc AguadoAguado Elche,-63.552 -112.910 -185.036 -488.132 -1.202.083 -2.101.026,"-1,60% -2,81% -4,53% -11,13% -23,57% -35,02%",,23ddías,3.898.974,3.962.526 4.011.884 4.084.010 4.387.106 5.101.057 6.000.000
2026-07-29,Adrián de la FuenteDe la Fuente Levante,0 0 0 0 0 +52.528,"0,00% 0,00% 0,00% 0,00% 0,00% +0,38%",,20ddías,14.052.528,14.052.528 14.052.528 14.052.528 14.052.528 14.052.528 14.000.000
2026-07-29,Iván RomeroIván Romero Levante,-66.360 -131.809 -198.765 -417.144 -783.017 -1.331.211,"-0,92% -1,81% -2,70% -5,50% -9,85% -15,66%",,12ddías,7.168.789,7.235.149 7.300.598 7.367.554 7.585.933 7.951.806 8.500.000
2026-07-29,José SalinasSalinas Málaga,-18.136 -43.182 -69.700 -191.405 -423.873 -829.446,"-1,67% -3,88% -6,11% -15,17% -28,36% -43,66%",,24ddías,1.070.554,1.088.690 1.113.736 1.140.254 1.261.959 1.494.427 1.900.000
2026-07-29,Matteo RuggeriRuggeri Atlético,-117.959 -221.254 -341.716 -793.917 -1.681.710 -968.222,"-1,47% -2,71% -4,13% -9,10% -17,49% -10,88%",,17ddías,7.931.778,8.049.737 8.153.032 8.273.494 8.725.695 9.613.488 8.900.000
2026-07-29,Dean HuijsenHuijsen Real Madrid,-439.151 -809.140 -1.087.099 -2.283.139 -7.113.651 -12.463.946,"-1,20% -2,18% -2,91% -5,93% -16,41% -25,59%",,23ddías,36.236.054,36.675.205 37.045.194 37.323.153 38.519.193 43.349.705 48.700.000
2026-07-29,Trent Alexander-ArnoldAlexander-Arnold Real Madrid,-455.105 -896.792 -1.314.766 -3.320.479 -7.408.450 -11.937.028,"-1,60% -3,10% -4,48% -10,58% -20,89% -29,84%",,23ddías,28.062.972,28.518.077 28.959.764 29.377.738 31.383.451 35.471.422 40.000.000
2026-07-29,Jonny CastroJonny Alavés,-102.715 -186.852 -302.810 -812.972 -1.907.066 -2.638.802,"-1,59% -2,85% -4,54% -11,33% -23,06% -29,32%",,19ddías,6.361.198,6.463.913 6.548.050 6.664.008 7.174.170 8.268.264 9.000.000
2026-07-29,Thiago AlmadaAlmada Atlético,-190.091 -348.504 -512.901 -1.141.190 -2.427.213 -2.447.373,"-2,46% -4,41% -6,36% -13,13% -24,32% -24,47%",,17ddías,7.552.627,7.742.718 7.901.131 8.065.528 8.693.817 9.979.840 10.000.000
2026-07-29,Luiz FelipeLuiz Felipe Rayo,0 0 0 0 0 +15.277,"0,00% 0,00% 0,00% 0,00% 0,00% +0,37%",,20ddías,4.115.277,4.115.277 4.115.277 4.115.277 4.115.277 4.115.277 4.100.000
2026-07-29,David HanckoHancko Atlético,-248.716 -423.690 -801.894 -2.325.941 -5.759.619 -8.732.200,"-0,79% -1,34% -2,50% -6,92% -15,56% -21,83%",,21ddías,31.267.800,31.516.516 31.691.490 32.069.694 33.593.741 37.027.419 40.000.000
2026-07-29,Jesús ForteaFortea Real Madrid,0 0 0 0 0 +2.099,"0,00% 0,00% 0,00% 0,00% 0,00% +0,26%",,20ddías,802.099,802.099 802.099 802.099 802.099 802.099 800.000
2026-07-29,Ferran JutglàJutglà Celta,-127.676 -251.525 -397.288 -982.167 -2.476.305 -1.198.737,"-1,29% -2,50% -3,90% -9,11% -20,17% -10,90%",,19ddías,9.801.263,9.928.939 10.052.788 10.198.551 10.783.430 12.277.568 11.000.000
2026-07-29,Martim NetoMartim Neto Elche,-14.769 -31.002 -53.167 -144.780 -468.088 -885.464,"-0,69% -1,44% -2,45% -6,41% -18,12% -29,52%",,23ddías,2.114.536,2.129.305 2.145.538 2.167.703 2.259.316 2.582.624 3.000.000
2026-07-29,Valentín GómezValentín Gómez Betis,-55.950 -106.451 -160.972 -395.742 -928.124 -1.574.211,"-2,25% -4,20% -6,22% -14,03% -27,67% -39,36%",,23ddías,2.425.789,2.481.739 2.532.240 2.586.761 2.821.531 3.353.913 4.000.000
2026-07-29,Nelson DeossaDeossa Betis,-59.441 -115.584 -173.171 -421.730 -967.723 -1.738.025,"-2,68% -5,07% -7,42% -16,32% -30,92% -44,56%",,23ddías,2.161.975,2.221.416 2.277.559 2.335.146 2.583.705 3.129.698 3.900.000
2026-07-29,Junior FirpoJunior Betis,-108.053 -227.626 -349.226 -868.537 -1.935.928 -3.006.388,"-2,12% -4,36% -6,54% -14,82% -27,94% -37,58%",,23ddías,4.993.612,5.101.665 5.221.238 5.342.838 5.862.149 6.929.540 8.000.000
2026-07-29,Matías DituroDituro Elche,+2.021 -1.424 -44.270 -222.059 -748.659 -1.078.470,"+0,03% -0,02% -0,64% -3,11% -9,76% -13,48%",,1ddías,6.921.530,6.919.509 6.922.954 6.965.800 7.143.589 7.670.189 8.000.000
2026-07-29,Tyrhys DolanDolan Espanyol,-98.439 -183.250 -292.180 -688.863 -1.533.862 -889.003,"-1,37% -2,51% -3,95% -8,83% -17,74% -11,11%",,16ddías,7.110.997,7.209.436 7.294.247 7.403.177 7.799.860 8.644.859 8.000.000
2026-07-29,Roger BruguéBrugui Levante,-105.758 -198.160 -305.175 -772.464 -1.784.107 -3.362.317,"-2,83% -5,17% -7,74% -17,52% -32,91% -48,03%",,24ddías,3.637.683,3.743.441 3.835.843 3.942.858 4.410.147 5.421.790 7.000.000
2026-07-29,Carlos ÁlvarezC. Álvarez Levante,+269.443 +634.919 +1.000.158 +2.548.603 +4.330.272 +7.574.819,"+1,76% +4,25% +6,86% +19,57% +38,51% +94,69%",,22ddías,15.574.819,15.305.376 14.939.900 14.574.661 13.026.216 11.244.547 8.000.000
2026-07-29,Oriol ReyOriol Rey Levante,-30.429 -58.143 -89.131 -220.794 -500.633 -919.961,"-2,74% -5,11% -7,62% -16,97% -31,67% -46,00%",,23ddías,1.080.039,1.110.468 1.138.182 1.169.170 1.300.833 1.580.672 2.000.000
2026-07-29,Unai ElgezabalElgezabal Levante,-48.026 -93.847 -141.194 -344.679 -755.217 -1.332.627,"-2,80% -5,33% -7,81% -17,13% -31,17% -44,42%",,23ddías,1.667.373,1.715.399 1.761.220 1.808.567 2.012.052 2.422.590 3.000.000
2026-07-29,Jon GorrotxategiGorrotxategi Real Sociedad,-141.176 -250.080 -357.573 -915.161 -1.604.852 +1.071.949,"-1,53% -2,68% -3,79% -9,16% -15,03% +13,40%",,16ddías,9.071.949,9.213.125 9.322.029 9.429.522 9.987.110 10.676.801 8.000.000
2026-07-29,Filip UgrinicUgrinic Valencia,-128.403 -255.211 -379.422 -936.129 -2.064.288 -2.707.407,"-2,37% -4,60% -6,69% -15,03% -28,06% -33,84%",,21ddías,5.292.593,5.420.996 5.547.804 5.672.015 6.228.722 7.356.881 8.000.000
2026-07-29,Pedro BigasBigas Elche,-90.335 -176.678 -296.924 -579.671 -1.589.893 -292.104,"-1,16% -2,24% -3,71% -6,99% -17,10% -3,65%",,18ddías,7.707.896,7.798.231 7.884.574 8.004.820 8.287.567 9.297.789 8.000.000
2026-07-29,Federico RedondoRedondo Elche,-33.969 -66.643 -104.208 -264.713 -611.458 -1.098.635,"-2,54% -4,87% -7,41% -16,90% -31,97% -45,78%",,23ddías,1.301.365,1.335.334 1.368.008 1.405.573 1.566.078 1.912.823 2.400.000
2026-07-29,Lander PinillosPinillos Alavés,0 0 0 0 0 +1.929,"0,00% 0,00% 0,00% 0,00% 0,00% +0,39%",,20ddías,501.929,501.929 501.929 501.929 501.929 501.929 500.000
2026-07-29,Alejandro RegoRego Athletic,0 0 0 0 0 +18.825,"0,00% 0,00% 0,00% 0,00% 0,00% +0,38%",,20ddías,5.018.825,5.018.825 5.018.825 5.018.825 5.018.825 5.018.825 5.000.000
2026-07-29,Salvi EsquivelEsquivel Atlético,0 0 0 0 0 +2.292,"0,00% 0,00% 0,00% 0,00% 0,00% +0,38%",,20ddías,602.292,602.292 602.292 602.292 602.292 602.292 600.000
2026-07-29,Jofre TorrentsTorrents Barcelona,0 0 0 0 0 +2.319,"0,00% 0,00% 0,00% 0,00% 0,00% +0,39%",,20ddías,602.319,602.319 602.319 602.319 602.319 602.319 600.000
2026-07-29,Manu FernándezManu Fernández Celta,-4.483 -7.165 -10.083 -25.832 -58.335 -142.655,"-0,97% -1,54% -2,16% -5,35% -11,31% -23,78%",,23ddías,457.345,461.828 464.510 467.428 483.177 515.680 600.000
2026-07-29,Joselu PérezJoselu Getafe,0 0 0 0 0 +2.319,"0,00% 0,00% 0,00% 0,00% 0,00% +0,39%",,20ddías,602.319,602.319 602.319 602.319 602.319 602.319 600.000
2026-07-29,Víctor GarcíaVíctor García Levante,-84.363 -169.329 -256.256 -653.605 -1.429.201 -2.492.017,"-2,73% -5,33% -7,85% -17,85% -32,21% -45,31%",,23ddías,3.007.983,3.092.346 3.177.312 3.264.239 3.661.588 4.437.184 5.500.000
2026-07-29,Pablo CamposCuñat Campos Levante,+7.049 +13.115 +3.242 -61.773 -283.002 -591.614,"+0,59% +1,10% +0,27% -4,86% -18,98% -32,87%",,2ddías,1.208.386,1.201.337 1.195.271 1.205.144 1.270.159 1.491.388 1.800.000
2026-07-29,Jeremy ToljanToljan Levante,-88.290 -165.844 -248.796 -658.614 -1.475.043 -2.363.249,"-1,69% -3,13% -4,62% -11,36% -22,31% -31,51%",,21ddías,5.136.751,5.225.041 5.302.595 5.385.547 5.795.365 6.611.794 7.500.000
2026-07-29,Paco CortésCortés Levante,0 0 0 0 0 +3.000,"0,00% 0,00% 0,00% 0,00% 0,00% +0,38%",,20ddías,803.000,803.000 803.000 803.000 803.000 803.000 800.000
2026-07-29,Alejandro PrimoPrimo Levante,0 0 0 0 0 +4.126,"0,00% 0,00% 0,00% 0,00% 0,00% +0,38%",,20ddías,1.104.126,1.104.126 1.104.126 1.104.126 1.104.126 1.104.126 1.100.000
2026-07-29,Jozhua VertrouwdVertrouwd Rayo,0 0 0 0 0 +3.725,"0,00% 0,00% 0,00% 0,00% 0,00% +0,37%",,20ddías,1.003.725,1.003.725 1.003.725 1.003.725 1.003.725 1.003.725 1.000.000
2026-07-29,Samu BecerraBecerra Rayo,0 0 0 0 0 -18.300,"0,00% 0,00% 0,00% 0,00% 0,00% -3,05%",,20ddías,581.700,581.700 581.700 581.700 581.700 581.700 600.000
2026-07-29,Ionut RaduRadu Celta,+620.430 +1.549.715 +2.111.578 +4.435.936 +8.896.901 +11.938.551,"+1,98% +5,10% +7,08% +16,13% +38,61% +59,69%",,22ddías,31.938.551,31.318.121 30.388.836 29.826.973 27.502.615 23.041.650 20.000.000
2026-07-29,Javi RuedaRueda Celta,-45.847 -77.463 -125.870 -341.215 -799.001 -1.162.815,"-1,18% -1,98% -3,18% -8,17% -17,23% -23,26%",,21ddías,3.837.185,3.883.032 3.914.648 3.963.055 4.178.400 4.636.186 5.000.000
2026-07-29,Albert NiculaeseiNiculaesei Elche,0 0 0 0 0 +3.099,"0,00% 0,00% 0,00% 0,00% 0,00% +0,39%",,20ddías,803.099,803.099 803.099 803.099 803.099 803.099 800.000
2026-07-29,Rodrigo MendozaMendoza Atlético,-21.351 -40.004 -56.441 -130.897 -303.615 -487.160,"-2,06% -3,80% -5,28% -11,44% -23,06% -32,48%",,23ddías,1.012.840,1.034.191 1.052.844 1.069.281 1.143.737 1.316.455 1.500.000
2026-07-29,Mauro EchegoyenEchegoyen Osasuna,0 0 0 0 0 -37.714,"0,00% 0,00% 0,00% 0,00% 0,00% -6,29%",,20ddías,562.286,562.286 562.286 562.286 562.286 562.286 600.000
2026-07-29,Josan FerrándezJosan Elche,0 0 0 0 0 +4.650,"0,00% 0,00% 0,00% 0,00% 0,00% +0,39%",,20ddías,1.204.650,1.204.650 1.204.650 1.204.650 1.204.650 1.204.650 1.200.000
2026-07-29,DavinchiDavinchi Getafe,0 0 0 0 0 +11.603,"0,00% 0,00% 0,00% 0,00% 0,00% +0,39%",,20ddías,3.011.603,3.011.603 3.011.603 3.011.603 3.011.603 3.011.603 3.000.000
2026-07-29,Franco MastantuonoMastantuono Real Madrid,0 0 0 0 0 +37.262,"0,00% 0,00% 0,00% 0,00% 0,00% +0,37%",,20ddías,10.037.262,10.037.262 10.037.262 10.037.262 10.037.262 10.037.262 10.000.000
2026-07-29,Thiago PitarchThiago Real Madrid,0 0 0 0 0 +26.082,"0,00% 0,00% 0,00% 0,00% 0,00% +0,37%",,20ddías,7.026.082,7.026.082 7.026.082 7.026.082 7.026.082 7.026.082 7.000.000
2026-07-29,Renato VeigaVeiga Villarreal,+487.117 +1.262.394 +1.876.747 +4.982.320 +10.867.456 +14.497.513,"+1,25% +3,30% +4,99% +14,44% +37,96% +57,99%",,22ddías,39.497.513,39.010.396 38.235.119 37.620.766 34.515.193 28.630.057 25.000.000
2026-07-29,Iván CorralejoCorralejo Betis,0 0 0 0 0 +2.248,"0,00% 0,00% 0,00% 0,00% 0,00% +0,37%",,20ddías,602.248,602.248 602.248 602.248 602.248 602.248 600.000
2026-07-29,Nacho PérezNacho Pérez Levante,0 0 0 0 0 -18.308,"0,00% 0,00% 0,00% 0,00% 0,00% -3,05%",,20ddías,581.692,581.692 581.692 581.692 581.692 581.692 600.000
2026-07-29,Edu AltozanoAltozano Sevilla,0 0 0 0 0 +2.284,"0,00% 0,00% 0,00% 0,00% 0,00% +0,38%",,20ddías,602.284,602.284 602.284 602.284 602.284 602.284 600.000
2026-07-29,Miguel SierraSierra Sevilla,0 0 0 0 0 +2.284,"0,00% 0,00% 0,00% 0,00% 0,00% +0,38%",,20ddías,602.284,602.284 602.284 602.284 602.284 602.284 600.000
2026-07-29,Aimar BlázquezBlázquez Valencia,0 0 0 0 0 -18.344,"0,00% 0,00% 0,00% 0,00% 0,00% -3,06%",,20ddías,581.656,581.656 581.656 581.656 581.656 581.656 600.000
2026-07-29,Gabriel SuazoSuazo Sevilla,-96.121 -136.002 -235.578 -681.583 -1.608.820 -2.617.569,"-1,48% -2,09% -3,56% -9,65% -20,13% -29,08%",,23ddías,6.382.431,6.478.552 6.518.433 6.618.009 7.064.014 7.991.251 9.000.000
2026-07-29,Kervin ArriagaArriaga Levante,-90.616 -168.769 -256.389 -656.912 -1.474.646 -2.317.102,"-2,40% -4,38% -6,51% -15,14% -28,59% -38,62%",,23ddías,3.682.898,3.773.514 3.851.667 3.939.287 4.339.810 5.157.544 6.000.000
2026-07-29,Odysseas VlachodimosVlachodimos Sevilla,0 0 0 0 0 +56.479,"0,00% 0,00% 0,00% 0,00% 0,00% +0,38%",,20ddías,15.056.479,15.056.479 15.056.479 15.056.479 15.056.479 15.056.479 15.000.000
2026-07-29,Tani OluwaseyiOluwaseyi Villarreal,-89.675 -182.480 -271.128 -721.923 -1.585.805 -2.521.829,"-2,20% -4,39% -6,38% -15,36% -28,50% -38,80%",,23ddías,3.978.171,4.067.846 4.160.651 4.249.299 4.700.094 5.563.976 6.500.000
2026-07-29,Rúben MonteroMontero Alavés,0 0 0 0 0 +2.316,"0,00% 0,00% 0,00% 0,00% 0,00% +0,39%",,20ddías,602.316,602.316 602.316 602.316 602.316 602.316 600.000
2026-07-29,Clemens RiedelRiedel Espanyol,0 0 0 0 0 +20.618,"0,00% 0,00% 0,00% 0,00% 0,00% +0,37%",,20ddías,5.520.618,5.520.618 5.520.618 5.520.618 5.520.618 5.520.618 5.500.000
2026-07-29,Álex SancrisSancris Getafe,-23.906 -46.820 -70.813 -180.017 -415.470 -776.511,"-2,52% -4,83% -7,12% -16,31% -31,03% -45,68%",,23ddías,923.489,947.395 970.309 994.302 1.103.506 1.338.959 1.700.000
2026-07-29,Carlos SolerCarlos Soler Real Sociedad,-382.267 -624.506 -991.691 -2.259.422 -4.564.049 -6.712.429,"-1,14% -1,84% -2,89% -6,36% -12,06% -16,78%",,23ddías,33.287.571,33.669.838 33.912.077 34.279.262 35.546.993 37.851.620 40.000.000
2026-07-29,Theo FolgadoFolgado Real Sociedad,0 0 0 0 0 +2.606,"0,00% 0,00% 0,00% 0,00% 0,00% +0,37%",,20ddías,702.606,702.606 702.606 702.606 702.606 702.606 700.000
2026-07-29,Álex CostaÁlex Costa Sevilla,0 0 0 0 0 +2.284,"0,00% 0,00% 0,00% 0,00% 0,00% +0,38%",,20ddías,602.284,602.284 602.284 602.284 602.284 602.284 600.000
2026-07-29,Joaquín OsoOso Sevilla,0 0 0 0 0 +53.332,"0,00% 0,00% 0,00% 0,00% 0,00% +0,38%",,20ddías,14.053.332,14.053.332 14.053.332 14.053.332 14.053.332 14.053.332 14.000.000
2026-07-29,Fábio CardosoCardoso Sevilla,-36.675 -70.886 -108.496 -271.529 -614.833 -1.106.398,"-2,76% -5,20% -7,74% -17,35% -32,22% -46,10%",,23ddías,1.293.602,1.330.277 1.364.488 1.402.098 1.565.131 1.908.435 2.400.000
2026-07-29,Marcos NavarroNavarro Valencia,0 0 0 0 0 +1.909,"0,00% 0,00% 0,00% 0,00% 0,00% +0,38%",,20ddías,501.909,501.909 501.909 501.909 501.909 501.909 500.000
2026-07-29,Georges MikautadzeMikautadze Villarreal,+102.467 +569.573 +651.814 +1.475.979 +4.996.827 +2.177.894,"+0,20% +1,10% +1,27% +2,91% +10,59% +4,36%",,16ddías,52.177.894,52.075.427 51.608.321 51.526.080 50.701.915 47.181.067 50.000.000
2026-07-29,Hugo LópezHugo López Villarreal,0 0 0 0 0 -14.600,"0,00% 0,00% 0,00% 0,00% 0,00% -2,92%",,20ddías,485.400,485.400 485.400 485.400 485.400 485.400 500.000
2026-07-29,Martín KrugKrug Levante,0 0 0 0 0 +2.249,"0,00% 0,00% 0,00% 0,00% 0,00% +0,37%",,20ddías,602.249,602.249 602.249 602.249 602.249 602.249 600.000
2026-07-29,Grady DianganaDiangana Elche,-31.384 -55.580 -87.459 -250.130 -638.008 -1.204.222,"-1,82% -3,17% -4,90% -12,85% -27,34% -41,52%",,23ddías,1.695.778,1.727.162 1.751.358 1.783.237 1.945.908 2.333.786 2.900.000
2026-07-29,AlemãoAlemão Rayo,-70.258 -136.084 -227.612 -579.229 -1.332.639 -2.245.289,"-1,46% -2,78% -4,57% -10,86% -21,89% -32,08%",,23ddías,4.754.711,4.824.969 4.890.795 4.982.323 5.333.940 6.087.350 7.000.000
2026-07-29,Aymeric LaporteLaporte Athletic,+1.430.193 +3.587.751 +5.706.546 +14.196.089 +24.397.484 +42.009.124,"+3,10% +8,17% +13,65% +42,59% +105,48% +761,29%",,14ddías,47.527.258,46.097.065 43.939.507 41.820.712 33.331.169 23.129.774 5.518.134
2026-07-29,Mikel SantosSantos Athletic,0 0 0 0 0 +2.606,"0,00% 0,00% 0,00% 0,00% 0,00% +0,37%",,20ddías,702.606,702.606 702.606 702.606 702.606 702.606 700.000
2026-07-29,Adam BoayarAdam Boayar Elche,0 0 0 0 0 +2.711,"0,00% 0,00% 0,00% 0,00% 0,00% +0,39%",,20ddías,702.711,702.711 702.711 702.711 702.711 702.711 700.000
2026-07-29,Roony BardghjiBardghji Barcelona,0 0 0 0 0 +18.565,"0,00% 0,00% 0,00% 0,00% 0,00% +0,39%",,20ddías,4.818.565,4.818.565 4.818.565 4.818.565 4.818.565 4.818.565 4.800.000
2026-07-29,Taufik SeiduTaufik Atlético,0 0 0 0 0 +2.316,"0,00% 0,00% 0,00% 0,00% 0,00% +0,39%",,20ddías,602.316,602.316 602.316 602.316 602.316 602.316 600.000
2026-07-29,Antonio Martínez BastidaMartínez Bastida Elche,0 0 0 0 0 +2.324,"0,00% 0,00% 0,00% 0,00% 0,00% +0,39%",,20ddías,602.324,602.324 602.324 602.324 602.324 602.324 600.000
2026-07-29,Eder AllerAller Barcelona,0 0 0 0 0 +2.705,"0,00% 0,00% 0,00% 0,00% 0,00% +0,39%",,20ddías,702.705,702.705 702.705 702.705 702.705 702.705 700.000
2026-07-29,Carlos BallesteroBallestero Alavés,0 0 0 0 0 +2.316,"0,00% 0,00% 0,00% 0,00% 0,00% +0,39%",,20ddías,602.316,602.316 602.316 602.316 602.316 602.316 600.000
2026-07-29,Iker MonrealMonreal Athletic,0 0 0 0 0 +2.257,"0,00% 0,00% 0,00% 0,00% 0,00% +0,38%",,20ddías,602.257,602.257 602.257 602.257 602.257 602.257 600.000
2026-07-29,Adrián PérezAdrián Pérez Athletic,0 0 0 0 0 +2.257,"0,00% 0,00% 0,00% 0,00% 0,00% +0,38%",,20ddías,602.257,602.257 602.257 602.257 602.257 602.257 600.000
2026-07-29,Juan HernándezJuan Hernández Barcelona,0 0 0 0 0 -18.240,"0,00% 0,00% 0,00% 0,00% 0,00% -3,04%",,20ddías,581.760,581.760 581.760 581.760 581.760 581.760 600.000
2026-07-29,Xavi EspartEspart Barcelona,0 0 0 0 0 +2.705,"0,00% 0,00% 0,00% 0,00% 0,00% +0,39%",,20ddías,702.705,702.705 702.705 702.705 702.705 702.705 700.000
2026-07-29,Jorge BenitoBenito Getafe,0 0 0 0 0 +2.319,"0,00% 0,00% 0,00% 0,00% 0,00% +0,39%",,20ddías,602.319,602.319 602.319 602.319 602.319 602.319 600.000
2026-07-29,Mykyta AleksandrovAleksandrov Getafe,0 0 0 0 0 +2.319,"0,00% 0,00% 0,00% 0,00% 0,00% +0,39%",,20ddías,602.319,602.319 602.319 602.319 602.319 602.319 600.000
2026-07-29,Javi NavarroJavi Navarro Real Madrid,0 0 0 0 0 +2.622,"0,00% 0,00% 0,00% 0,00% 0,00% +0,37%",,20ddías,702.622,702.622 702.622 702.622 702.622 702.622 700.000
2026-07-29,Luken BeitiaBeitia Real Sociedad,0 0 0 0 0 +1.861,"0,00% 0,00% 0,00% 0,00% 0,00% +0,37%",,20ddías,501.861,501.861 501.861 501.861 501.861 501.861 500.000
2026-07-29,Alex LebarbierLebarbier Real Sociedad,0 0 0 0 0 +2.234,"0,00% 0,00% 0,00% 0,00% 0,00% +0,37%",,20ddías,602.234,602.234 602.234 602.234 602.234 602.234 600.000
2026-07-29,Mahamoud BarryBarry Villarreal,0 0 0 0 0 +2.292,"0,00% 0,00% 0,00% 0,00% 0,00% +0,38%",,20ddías,602.292,602.292 602.292 602.292 602.292 602.292 600.000
2026-07-29,David DelgadoDelgado Elche,0 0 0 0 0 +2.324,"0,00% 0,00% 0,00% 0,00% 0,00% +0,39%",,20ddías,602.324,602.324 602.324 602.324 602.324 602.324 600.000
2026-07-29,Álvaro GarcíaÁlvaro Alavés,0 0 0 0 0 +1.929,"0,00% 0,00% 0,00% 0,00% 0,00% +0,39%",,20ddías,501.929,501.929 501.929 501.929 501.929 501.929 500.000
2026-07-29,Selton SánchezSelton Athletic,0 0 0 0 0 +2.257,"0,00% 0,00% 0,00% 0,00% 0,00% +0,38%",,20ddías,602.257,602.257 602.257 602.257 602.257 602.257 600.000
2026-07-29,Pablo MeixúsMeixús Celta,0 0 0 0 0 -14.628,"0,00% 0,00% 0,00% 0,00% 0,00% -2,93%",,20ddías,485.372,485.372 485.372 485.372 485.372 485.372 500.000
2026-07-29,Óscar MarcosÓscar Marcos Celta,0 0 0 0 0 +2.257,"0,00% 0,00% 0,00% 0,00% 0,00% +0,38%",,20ddías,602.257,602.257 602.257 602.257 602.257 602.257 600.000
2026-07-29,Nordin Al LalAl Lal Elche,0 0 0 0 0 +1.936,"0,00% 0,00% 0,00% 0,00% 0,00% +0,39%",,20ddías,501.936,501.936 501.936 501.936 501.936 501.936 500.000
2026-07-29,Yassin TallalYassin Getafe,0 0 0 0 0 +1.932,"0,00% 0,00% 0,00% 0,00% 0,00% +0,39%",,20ddías,501.932,501.932 501.932 501.932 501.932 501.932 500.000
2026-07-29,Alex MarchalMarchal Real Sociedad,0 0 0 0 0 +2.234,"0,00% 0,00% 0,00% 0,00% 0,00% +0,37%",,20ddías,602.234,602.234 602.234 602.234 602.234 602.234 600.000
2026-07-29,Alejandro PanachPanach Valencia,0 0 0 0 0 +1.909,"0,00% 0,00% 0,00% 0,00% 0,00% +0,38%",,20ddías,501.909,501.909 501.909 501.909 501.909 501.909 500.000
2026-07-29,Marc JuradoJurado Valencia,0 0 0 0 0 +2.292,"0,00% 0,00% 0,00% 0,00% 0,00% +0,38%",,20ddías,602.292,602.292 602.292 602.292 602.292 602.292 600.000
2026-07-29,Huseini NakohaNakoha Levante,0 0 0 0 0 +1.874,"0,00% 0,00% 0,00% 0,00% 0,00% +0,37%",,20ddías,501.874,501.874 501.874 501.874 501.874 501.874 500.000
2026-07-29,Pablo RosónRosón Levante,0 0 0 0 0 +2.249,"0,00% 0,00% 0,00% 0,00% 0,00% +0,37%",,20ddías,602.249,602.249 602.249 602.249 602.249 602.249 600.000
2026-07-29,Gorka CarreraCarrera Real Sociedad,0 0 0 0 0 +2.633,"0,00% 0,00% 0,00% 0,00% 0,00% +0,38%",,20ddías,702.633,702.633 702.633 702.633 702.633 702.633 700.000
2026-07-29,Víctor ValdepeñasValdepeñas Real Madrid,0 0 0 0 0 +2.997,"0,00% 0,00% 0,00% 0,00% 0,00% +0,37%",,20ddías,802.997,802.997 802.997 802.997 802.997 802.997 800.000
2026-07-29,Carlos MaciàCarlos Macià Villarreal,0 0 0 0 0 +3.057,"0,00% 0,00% 0,00% 0,00% 0,00% +0,38%",,20ddías,803.057,803.057 803.057 803.057 803.057 803.057 800.000
2026-07-29,Unai SantosUnai Santos Osasuna,0 0 0 0 0 +2.319,"0,00% 0,00% 0,00% 0,00% 0,00% +0,39%",,20ddías,602.319,602.319 602.319 602.319 602.319 602.319 600.000
2026-07-29,Joan MartínezJoan Martínez Real Madrid,0 0 0 0 0 +2.622,"0,00% 0,00% 0,00% 0,00% 0,00% +0,37%",,20ddías,702.622,702.622 702.622 702.622 702.622 702.622 700.000
2026-07-29,Iker MuñozIker Muñoz Sevilla,0 0 0 0 0 +2.284,"0,00% 0,00% 0,00% 0,00% 0,00% +0,38%",,20ddías,602.284,602.284 602.284 602.284 602.284 602.284 600.000
2026-07-29,Xanet OláizOláiz Alavés,0 0 0 0 0 +2.316,"0,00% 0,00% 0,00% 0,00% 0,00% +0,39%",,20ddías,602.316,602.316 602.316 602.316 602.316 602.316 600.000
2026-07-29,Izei HernándezIzei Alavés,0 0 0 0 0 -17.990,"0,00% 0,00% 0,00% 0,00% 0,00% -3,00%",,20ddías,582.010,582.010 582.010 582.010 582.010 582.010 600.000
2026-07-29,Aitor MañasAitor Mañas Alavés,0 0 0 0 0 -37.836,"0,00% 0,00% 0,00% 0,00% 0,00% -6,31%",,20ddías,562.164,562.164 562.164 562.164 562.164 562.164 600.000
2026-07-29,Asier HierroHierro Athletic,0 0 0 0 0 +2.257,"0,00% 0,00% 0,00% 0,00% 0,00% +0,38%",,20ddías,602.257,602.257 602.257 602.257 602.257 602.257 600.000
2026-07-29,Dani MartínezDani Martínez Atlético,-4.744 -7.697 -10.898 -20.806 -53.715 -136.407,"-1,01% -1,63% -2,30% -4,30% -10,38% -22,73%",,3ddías,463.593,468.337 471.290 474.491 484.399 517.308 600.000
2026-07-29,Javier BoñarBoñar Atlético,-3.823 -8.941 -14.397 -41.401 -98.614 -183.520,"-0,73% -1,70% -2,71% -7,42% -16,03% -26,22%",,17ddías,516.480,520.303 525.421 530.877 557.881 615.094 700.000
2026-07-29,Aleksa PuricPuric Atlético,-6.187 -10.644 -15.411 -39.358 -89.861 -201.768,"-1,23% -2,09% -3,00% -7,32% -15,28% -28,82%",,23ddías,498.232,504.419 508.876 513.643 537.590 588.093 700.000
2026-07-29,Tomás MarquésMarqués Barcelona,0 0 0 0 0 +2.319,"0,00% 0,00% 0,00% 0,00% 0,00% +0,39%",,20ddías,602.319,602.319 602.319 602.319 602.319 602.319 600.000
2026-07-29,Ángel ArcosArcos Celta,0 0 0 0 0 +2.257,"0,00% 0,00% 0,00% 0,00% 0,00% +0,38%",,20ddías,602.257,602.257 602.257 602.257 602.257 602.257 600.000
2026-07-29,Jorge CesteroCestero Real Madrid,0 0 0 0 0 +2.234,"0,00% 0,00% 0,00% 0,00% 0,00% +0,37%",,20ddías,602.234,602.234 602.234 602.234 602.234 602.234 600.000
2026-07-29,Jorge MontesMontes Getafe,0 0 0 0 0 +2.319,"0,00% 0,00% 0,00% 0,00% 0,00% +0,39%",,20ddías,602.319,602.319 602.319 602.319 602.319 602.319 600.000
2026-07-29,Ferran GómezFerran Espanyol,0 0 0 0 0 +2.248,"0,00% 0,00% 0,00% 0,00% 0,00% +0,37%",,20ddías,602.248,602.248 602.248 602.248 602.248 602.248 600.000
2026-07-29,Kareem TundeTunde Levante,0 0 0 0 0 +31.892,"0,00% 0,00% 0,00% 0,00% 0,00% +0,38%",,20ddías,8.531.892,8.531.892 8.531.892 8.531.892 8.531.892 8.531.892 8.500.000
2026-07-29,Kazunari KitaKita R. Sociedad B,0 0 0 0 0 +2.234,"0,00% 0,00% 0,00% 0,00% 0,00% +0,37%",,20ddías,602.234,602.234 602.234 602.234 602.234 602.234 600.000
2026-07-29,Lander AstiazaranAstiazaran R. Sociedad B,0 0 0 0 0 +2.257,"0,00% 0,00% 0,00% 0,00% 0,00% +0,38%",,20ddías,602.257,602.257 602.257 602.257 602.257 602.257 600.000
2026-07-29,Ibai AguirreAguirre R. Sociedad B,0 0 0 0 0 +2.257,"0,00% 0,00% 0,00% 0,00% 0,00% +0,38%",,20ddías,602.257,602.257 602.257 602.257 602.257 602.257 600.000
2026-07-29,Joel FontanetFontanet Valencia,0 0 0 0 0 -18.013,"0,00% 0,00% 0,00% 0,00% 0,00% -3,00%",,20ddías,581.987,581.987 581.987 581.987 581.987 581.987 600.000
2026-07-29,Joselillo GaitánGaitán Villarreal,0 0 0 0 0 +2.292,"0,00% 0,00% 0,00% 0,00% 0,00% +0,38%",,20ddías,602.292,602.292 602.292 602.292 602.292 602.292 600.000
2026-07-29,Manuel ÁngelManuel Ángel Real Madrid,0 0 0 0 0 +2.606,"0,00% 0,00% 0,00% 0,00% 0,00% +0,37%",,20ddías,702.606,702.606 702.606 702.606 702.606 702.606 700.000
2026-07-29,César PalaciosPalacios Real Madrid,0 0 0 0 0 +2.979,"0,00% 0,00% 0,00% 0,00% 0,00% +0,37%",,20ddías,802.979,802.979 802.979 802.979 802.979 802.979 800.000
2026-07-29,Julio DíazJulio Díaz Sevilla,-4.290 -6.675 -9.379 -20.903 -48.097 -147.304,"-0,94% -1,45% -2,03% -4,41% -9,60% -24,55%",,23ddías,452.696,456.986 459.371 462.075 473.599 500.793 600.000
2026-07-29,Hugo BurcioBurcio Celta,0 0 0 0 0 +2.257,"0,00% 0,00% 0,00% 0,00% 0,00% +0,38%",,20ddías,602.257,602.257 602.257 602.257 602.257 602.257 600.000
2026-07-29,Álex SánchezÁlex Sánchez Elche,0 0 0 0 0 +2.324,"0,00% 0,00% 0,00% 0,00% 0,00% +0,39%",,20ddías,602.324,602.324 602.324 602.324 602.324 602.324 600.000
2026-07-29,Adrián RiquelmeA. Riquelme Getafe,0 0 0 0 0 +2.324,"0,00% 0,00% 0,00% 0,00% 0,00% +0,39%",,20ddías,602.324,602.324 602.324 602.324 602.324 602.324 600.000
2026-07-29,Dani MesoneroMesonero Real Madrid,0 0 0 0 0 +2.606,"0,00% 0,00% 0,00% 0,00% 0,00% +0,37%",,20ddías,702.606,702.606 702.606 702.606 702.606 702.606 700.000
2026-07-29,Zaid RomeroRomero Getafe,0 0 0 0 0 +116.266,"0,00% 0,00% 0,00% 0,00% 0,00% +0,39%",,20ddías,30.116.266,30.116.266 30.116.266 30.116.266 30.116.266 30.116.266 30.000.000
2026-07-29,Sebastián BoselliBoselli Getafe,0 0 0 0 0 -106.001,"0,00% 0,00% 0,00% 0,00% 0,00% -3,53%",,20ddías,2.893.999,2.893.999 2.893.999 2.893.999 2.893.999 2.893.999 3.000.000
2026-07-29,Ángel PérezÁngel Pérez Alavés,-206.275 -379.497 -603.451 -1.496.906 -3.429.940 -6.178.984,"-2,29% -4,12% -6,40% -14,51% -28,00% -41,19%",,23ddías,8.821.016,9.027.291 9.200.513 9.424.467 10.317.922 12.250.956 15.000.000
2026-07-29,Lucas CepedaCepeda Elche,-18.100 -43.509 -76.306 -220.515 -540.050 -1.128.758,"-1,30% -3,08% -5,27% -13,85% -28,26% -45,15%",,23ddías,1.371.242,1.389.342 1.414.751 1.447.548 1.591.757 1.911.292 2.500.000
2026-07-29,Alex FreemanFreeman Villarreal,-63.917 -109.002 -166.376 -432.823 -1.055.340 -1.729.504,"-1,92% -3,23% -4,84% -11,69% -24,40% -34,59%",,23ddías,3.270.496,3.334.413 3.379.498 3.436.872 3.703.319 4.325.836 5.000.000
2026-07-29,Ville KoskiKoski Alavés,0 0 0 0 0 +3.089,"0,00% 0,00% 0,00% 0,00% 0,00% +0,39%",,20ddías,803.089,803.089 803.089 803.089 803.089 803.089 800.000
2026-07-29,Álvaro FidalgoFidalgo Betis,-62.962 -111.569 -172.447 -425.572 -973.909 -1.493.536,"-1,76% -3,08% -4,69% -10,82% -21,74% -29,87%",,20ddías,3.506.464,3.569.426 3.618.033 3.678.911 3.932.036 4.480.373 5.000.000
2026-07-29,Tete MorenteTete Morente Elche,-84.010 -165.441 -249.378 -625.087 -1.414.663 -2.538.537,"-2,76% -5,29% -7,77% -17,43% -32,33% -46,16%",,23ddías,2.961.463,3.045.473 3.126.904 3.210.841 3.586.550 4.376.126 5.500.000
2026-07-29,Ademola LookmanLookman Atlético,+1.203.022 +3.060.069 +4.470.436 +9.402.306 +25.396.168 +25.355.269,"+2,10% +5,52% +8,27% +19,14% 0% +76,46%",,10ddías,58.517.433,57.314.411 55.457.364 54.046.997 49.115.127 0 33.162.164
2026-07-29,Obed VargasVargas Atlético,-31.089 -61.381 -94.918 -236.860 -507.991 -887.315,"-2,50% -4,82% -7,26% -16,34% -29,52% -42,25%",,23ddías,1.212.685,1.243.774 1.274.066 1.307.603 1.449.545 1.720.676 2.100.000
2026-07-29,Matías VecinoVecino Celta,-94.914 -191.201 -286.327 -709.022 -1.577.948 -2.785.158,"-2,87% -5,61% -8,18% -18,07% -32,92% -46,42%",,23ddías,3.214.842,3.309.756 3.406.043 3.501.169 3.923.864 4.792.790 6.000.000
2026-07-29,Buba SangaréSangaré Elche,0 0 0 0 0 +15.501,"0,00% 0,00% 0,00% 0,00% 0,00% +0,39%",,20ddías,4.015.501,4.015.501 4.015.501 4.015.501 4.015.501 4.015.501 4.000.000
2026-07-29,Lamini FatiLamini Fati Real Madrid,0 0 0 0 0 -22.045,"0,00% 0,00% 0,00% 0,00% 0,00% -3,15%",,20ddías,677.955,677.955 677.955 677.955 677.955 677.955 700.000
2026-07-29,Andrés AntañónAntañón Celta,0 0 0 0 0 -18.300,"0,00% 0,00% 0,00% 0,00% 0,00% -3,05%",,20ddías,581.700,581.700 581.700 581.700 581.700 581.700 600.000
2026-07-29,Job OchiengOchieng Real Sociedad,0 0 0 0 0 +2.633,"0,00% 0,00% 0,00% 0,00% 0,00% +0,38%",,20ddías,702.633,702.633 702.633 702.633 702.633 702.633 700.000
2026-07-29,Javi MorcilloMorcillo Atlético,0 0 0 0 0 +2.702,"0,00% 0,00% 0,00% 0,00% 0,00% +0,39%",,20ddías,702.702,702.702 702.702 702.702 702.702 702.702 700.000
2026-07-29,Miguel CuboCubo Atlético,0 0 0 0 0 +2.316,"0,00% 0,00% 0,00% 0,00% 0,00% +0,39%",,20ddías,602.316,602.316 602.316 602.316 602.316 602.316 600.000
2026-07-29,Hugo RíosHugo Ríos Deportivo,0 0 0 0 0 +3.386,"0,00% 0,00% 0,00% 0,00% 0,00% +0,38%",,20ddías,903.386,903.386 903.386 903.386 903.386 903.386 900.000
2026-07-29,Eric PuertoPuerto Deportivo,-1.085 -227 +542 +1.144 +4.540 -24.214,"-0,29% -0,06% +0,14% +0,31% +1,22% -6,05%",,1ddías,375.786,376.871 376.013 375.244 374.642 371.246 400.000
2026-07-29,Germán Parreño Deportivo,0 0 0 0 0 +2.633,"0,00% 0,00% 0,00% 0,00% 0,00% +0,38%",,20ddías,702.633,702.633 702.633 702.633 702.633 702.633 700.000
2026-07-29,Giacomo QuagliataQuagliata Deportivo,-1.457 +3.747 -16.402 -119.512 -491.172 -1.139.206,"-0,05% +0,13% -0,57% -4,01% -14,65% -28,48%",,1ddías,2.860.794,2.862.251 2.857.047 2.877.196 2.980.306 3.351.966 4.000.000
2026-07-29,Miguel LoureiroLoureiro Deportivo,-51.000 -83.015 -108.679 -426.976 -583.675 -566.732,"-1,28% -2,07% -2,69% -9,79% -12,92% -12,59%",,8ddías,3.933.268,3.984.268 4.016.283 4.041.947 4.360.244 4.516.943 4.500.000
2026-07-29,Quique TeijoTeijo Deportivo,0 0 0 0 0 +2.257,"0,00% 0,00% 0,00% 0,00% 0,00% +0,38%",,20ddías,602.257,602.257 602.257 602.257 602.257 602.257 600.000
2026-07-29,Damián CanedoCanedo Deportivo,0 0 0 0 0 +2.257,"0,00% 0,00% 0,00% 0,00% 0,00% +0,38%",,20ddías,602.257,602.257 602.257 602.257 602.257 602.257 600.000
2026-07-29,Samu FernándezSamu Fernández Deportivo,0 0 0 0 0 +2.633,"0,00% 0,00% 0,00% 0,00% 0,00% +0,38%",,20ddías,702.633,702.633 702.633 702.633 702.633 702.633 700.000
2026-07-29,Lucas NoubiNoubi Deportivo,+133.052 +288.207 +403.854 +430.799 +50.671 +868.133,"+1,62% +3,57% +5,07% +5,43% +0,61% +11,58%",,5ddías,8.368.133,8.235.081 8.079.926 7.964.279 7.937.334 8.317.462 7.500.000
2026-07-29,Arnau ComasComas Deportivo,-30.196 -58.201 -88.478 -224.406 -510.587 -919.104,"-2,72% -5,11% -7,57% -17,19% -32,08% -45,96%",,23ddías,1.080.896,1.111.092 1.139.097 1.169.374 1.305.302 1.591.483 2.000.000
2026-07-29,Dani BarciaBarcia Deportivo,-40.473 -78.815 -116.520 -292.099 -665.845 -1.123.615,"-2,11% -4,03% -5,85% -13,47% -26,19% -37,45%",,23ddías,1.876.385,1.916.858 1.955.200 1.992.905 2.168.484 2.542.230 3.000.000
2026-07-29,Ximo NavarroXimo Deportivo,0 0 0 0 0 +24.473,"0,00% 0,00% 0,00% 0,00% 0,00% +0,38%",,20ddías,6.524.473,6.524.473 6.524.473 6.524.473 6.524.473 6.524.473 6.500.000
2026-07-29,Pablo GarcíaPablo García Deportivo,-1.854 +5.819 +1.052 -22.895 -73.398 -185.305,"-0,36% +1,14% +0,20% -4,26% -12,48% -26,47%",,1ddías,514.695,516.549 508.876 513.643 537.590 588.093 700.000
2026-07-29,Noé CarrilloNoé Carrillo Deportivo,0 0 0 0 0 +2.633,"0,00% 0,00% 0,00% 0,00% 0,00% +0,38%",,20ddías,702.633,702.633 702.633 702.633 702.633 702.633 700.000
2026-07-29,Riki RodríguezRiki Deportivo,0 0 0 0 0 +5.646,"0,00% 0,00% 0,00% 0,00% 0,00% +0,38%",,20ddías,1.505.646,1.505.646 1.505.646 1.505.646 1.505.646 1.505.646 1.500.000
2026-07-29,Rubén LópezRubén López Deportivo,0 0 0 0 0 +1.880,"0,00% 0,00% 0,00% 0,00% 0,00% +0,38%",,20ddías,501.880,501.880 501.880 501.880 501.880 501.880 500.000
2026-07-29,Diego VillaresVillares Deportivo,-88.986 -180.615 -271.634 -677.878 -1.488.366 -2.394.981,"-2,41% -4,77% -7,01% -15,83% -29,22% -39,92%",,23ddías,3.605.019,3.694.005 3.785.634 3.876.653 4.282.897 5.093.385 6.000.000
2026-07-29,José Ángel JuradoJurado Deportivo,-45.418 -91.368 -138.191 -357.199 -802.067 -1.391.559,"-2,75% -5,38% -7,91% -18,17% -33,27% -46,39%",,23ddías,1.608.441,1.653.859 1.699.809 1.746.632 1.965.640 2.410.508 3.000.000
2026-07-29,David MellaMella Deportivo,-64.760 -119.778 -184.501 -424.065 -828.046 -392.569,"-1,76% -3,21% -4,87% -10,52% -18,67% -9,81%",,13ddías,3.607.431,3.672.191 3.727.209 3.791.932 4.031.496 4.435.477 4.000.000
2026-07-29,Mario SorianoMario Deportivo,+310.711 +711.062 +1.026.974 +2.095.457 +3.736.049 +4.948.321,"+1,58% +3,70% +5,43% +11,74% +23,04% +32,99%",,22ddías,19.948.321,19.637.610 19.237.259 18.921.347 17.852.864 16.212.272 15.000.000
2026-07-29,Charlie PatinoPatino Deportivo,-13.452 -25.477 -38.127 -97.032 -222.835 -427.401,"-1,96% -3,65% -5,36% -12,61% -24,89% -38,85%",,23ddías,672.599,686.051 698.076 710.726 769.631 895.434 1.100.000
2026-07-29,Luismi CruzLuismi Deportivo,-147.721 -261.620 -416.218 -984.296 -2.056.704 -1.866.534,"-2,03% -3,54% -5,51% -12,13% -22,38% -20,74%",,18ddías,7.133.466,7.281.187 7.395.086 7.549.684 8.117.762 9.190.170 9.000.000
2026-07-29,Bil NsongoBil Nsongo Deportivo,0 0 0 0 0 +24.473,"0,00% 0,00% 0,00% 0,00% 0,00% +0,38%",,20ddías,6.524.473,6.524.473 6.524.473 6.524.473 6.524.473 6.524.473 6.500.000
2026-07-29,Zakaria EddahchouriEddahchouri Deportivo,-49.567 -95.408 -141.110 -339.439 -805.252 -1.404.004,"-1,87% -3,54% -5,16% -11,56% -23,68% -35,10%",,23ddías,2.595.996,2.645.563 2.691.404 2.737.106 2.935.435 3.401.248 4.000.000
2026-07-29,Abiel OsorioOsorio Elche,0 0 0 0 0 +5.425,"0,00% 0,00% 0,00% 0,00% 0,00% +0,39%",,19ddías,1.405.425,1.405.425 1.405.425 1.405.425 1.405.425 1.405.425 1.400.000
2026-07-29,Alfonso HerreroHerrero Málaga,+110.015 +202.771 +316.623 +604.373 +216.317 +753.228,"+1,66% +3,10% +4,92% +9,83% +3,31% +12,55%",,7ddías,6.753.228,6.643.213 6.550.457 6.436.605 6.148.855 6.536.911 6.000.000
2026-07-29,Carlos LópezCarlos López Málaga,-2.826 -2.566 -3.635 -11.187 -25.691 -82.425,"-0,67% -0,61% -0,86% -2,61% -5,80% -16,49%",,1ddías,417.575,420.401 420.141 421.210 428.762 443.266 500.000
2026-07-29,Andrés CéspedesCéspedes Málaga,0 0 0 0 0 +1.498,"0,00% 0,00% 0,00% 0,00% 0,00% +0,37%",,19ddías,401.498,401.498 401.498 401.498 401.498 401.498 400.000
2026-07-29,Carlos PugaPuga Málaga,-112.546 -207.393 -316.811 -644.215 -1.611.987 -2.407.358,"-1,68% -3,05% -4,59% -8,90% -19,65% -26,75%",,18ddías,6.592.642,6.705.188 6.800.035 6.909.453 7.236.857 8.204.629 9.000.000
2026-07-29,Diego MurilloMurillo Málaga,-104.764 -210.348 -310.522 -763.859 -1.683.784 -2.541.983,"-2,94% -5,73% -8,24% -18,09% -32,75% -42,37%",,23ddías,3.458.017,3.562.781 3.668.365 3.768.539 4.221.876 5.141.801 6.000.000
2026-07-29,Rafa GarridoRafita Málaga,0 0 0 0 0 +18.744,"0,00% 0,00% 0,00% 0,00% 0,00% +0,37%",,19ddías,5.018.744,5.018.744 5.018.744 5.018.744 5.018.744 5.018.744 5.000.000
2026-07-29,Einar GalileaGalilea Málaga,0 0 0 0 0 +15.932,"0,00% 0,00% 0,00% 0,00% 0,00% +0,37%",,19ddías,4.265.932,4.265.932 4.265.932 4.265.932 4.265.932 4.265.932 4.250.000
2026-07-29,Dani SánchezDani Sánchez Málaga,-26.019 -52.747 -78.234 -196.218 -460.027 -927.746,"-2,37% -4,69% -6,80% -15,47% -30,02% -46,39%",,23ddías,1.072.254,1.098.273 1.125.001 1.150.488 1.268.472 1.532.281 2.000.000
2026-07-29,Angel RecioRecio Málaga,0 0 0 0 0 +2.810,"0,00% 0,00% 0,00% 0,00% 0,00% +0,37%",,19ddías,752.810,752.810 752.810 752.810 752.810 752.810 750.000
2026-07-29,Álex PastorPastor Málaga,0 0 0 0 0 -10.884,"0,00% 0,00% 0,00% 0,00% 0,00% -2,72%",,19ddías,389.116,389.116 389.116 389.116 389.116 389.116 400.000
2026-07-29,Pablo ArriazaArriaza Málaga,0 0 0 0 0 +1.498,"0,00% 0,00% 0,00% 0,00% 0,00% +0,37%",,19ddías,401.498,401.498 401.498 401.498 401.498 401.498 400.000
2026-07-29,Moussa DiarraMoussa Málaga,0 0 0 0 0 +1.498,"0,00% 0,00% 0,00% 0,00% 0,00% +0,37%",,19ddías,401.498,401.498 401.498 401.498 401.498 401.498 400.000
2026-07-29,Izan MerinoMerino Málaga,-128.241 -183.079 -296.642 -712.050 -1.819.028 -2.424.225,"-1,66% -2,36% -3,77% -8,59% -19,36% -24,24%",,19ddías,7.575.775,7.704.016 7.758.854 7.872.417 8.287.825 9.394.803 10.000.000
2026-07-29,Dani LorenzoLorenzo Málaga,-28.542 -66.166 -95.261 -345.343 -1.362.343 -2.580.181,"-0,34% -0,78% -1,12% -3,94% -13,93% -23,46%",,4ddías,8.419.819,8.448.361 8.485.985 8.515.080 8.765.162 9.782.162 11.000.000
2026-07-29,Rafa RodríguezRafa Rodríguez Málaga,0 0 0 0 0 -229.574,"0,00% 0,00% 0,00% 0,00% 0,00% -3,53%",,19ddías,6.270.426,6.270.426 6.270.426 6.270.426 6.270.426 6.270.426 6.500.000
2026-07-29,Aarón OchoaOchoa Málaga,0 0 0 0 0 +13.040,"0,00% 0,00% 0,00% 0,00% 0,00% +0,37%",,19ddías,3.513.040,3.513.040 3.513.040 3.513.040 3.513.040 3.513.040 3.500.000
2026-07-29,Ramón EnríquezEnríquez Málaga,-26.253 -48.860 -72.306 -179.463 -443.892 -839.385,"-2,21% -4,04% -5,86% -13,39% -27,67% -41,97%",,23ddías,1.160.615,1.186.868 1.209.475 1.232.921 1.340.078 1.604.507 2.000.000
2026-07-29,Juanpe JiménezJuanpe Málaga,0 0 0 0 0 -18.069,"0,00% 0,00% 0,00% 0,00% 0,00% -3,01%",,19ddías,581.931,581.931 581.931 581.931 581.931 581.931 600.000
2026-07-29,Joaquín MuñozJoaquín Málaga,-180.818 -355.654 -538.104 -1.270.493 -2.915.472 -4.821.372,"-1,93% -3,73% -5,54% -12,16% -24,11% -34,44%",,23ddías,9.178.628,9.359.446 9.534.282 9.716.732 10.449.121 12.094.100 14.000.000
2026-07-29,Julen LobeteLobete Málaga,-29.673 -57.653 -88.422 -215.521 -478.035 -820.499,"-2,45% -4,66% -6,97% -15,45% -28,84% -41,02%",,23ddías,1.179.501,1.209.174 1.237.154 1.267.923 1.395.022 1.657.536 2.000.000
2026-07-29,Eneko JauregiJauregi Málaga,0 0 0 0 0 +5.774,"0,00% 0,00% 0,00% 0,00% 0,00% +0,37%",,19ddías,1.555.774,1.555.774 1.555.774 1.555.774 1.555.774 1.555.774 1.550.000
2026-07-29,Haitam AbaidaHaitam Málaga,-6.193 -10.655 -15.428 -39.401 -89.961 -201.635,"-1,23% -2,09% -3,00% -7,33% -15,29% -28,81%",,23ddías,498.365,504.558 509.020 513.793 537.766 588.326 700.000
2026-07-29,Álvaro JiménezJiménez Racing,0 0 0 0 0 +2.234,"0,00% 0,00% 0,00% 0,00% 0,00% +0,37%",,19ddías,602.234,602.234 602.234 602.234 602.234 602.234 600.000
2026-07-29,Simon ErikssonEriksson Racing,+20.756 +30.486 +20.491 -33.110 -389.669 -724.889,"+0,92% +1,36% +0,91% -1,43% -14,62% -24,16%",,2ddías,2.275.111,2.254.355 2.244.625 2.254.620 2.308.221 2.664.780 3.000.000
2026-07-29,Laro GómezLaro Gómez Racing,0 0 0 0 0 +2.234,"0,00% 0,00% 0,00% 0,00% 0,00% +0,37%",,19ddías,602.234,602.234 602.234 602.234 602.234 602.234 600.000
2026-07-29,Álvaro MantillaMantilla Racing,-1.888 -5.438 -13.046 -14.193 -351.423 -864.240,"-0,09% -0,25% -0,61% -0,66% -14,13% -28,81%",,6ddías,2.135.760,2.137.648 2.141.198 2.148.806 2.149.953 2.487.183 3.000.000
2026-07-29,Íñigo Sainz-MazaSainz-Maza Racing,-29.024 -56.465 -86.264 -215.025 -499.517 -880.045,"-2,53% -4,80% -7,15% -16,11% -30,84% -44,00%",,23ddías,1.119.955,1.148.979 1.176.420 1.206.219 1.334.980 1.619.472 2.000.000
2026-07-29,Manu HernandoHernando Racing,-31.755 -61.640 -95.098 -278.863 -741.684 -1.401.085,"-1,49% -2,85% -4,33% -11,73% -26,11% -40,03%",,23ddías,2.098.915,2.130.670 2.160.555 2.194.013 2.377.778 2.840.599 3.500.000
2026-07-29,Suleiman CamaraCamara Racing,-22.434 -37.440 -42.622 -131.612 -332.559 -654.845,"-2,10% -3,46% -3,92% -11,18% -24,14% -38,52%",,23ddías,1.045.155,1.067.589 1.082.595 1.087.777 1.176.767 1.377.714 1.700.000
2026-07-29,Jorge SalinasSalinas Racing,0 0 0 0 0 +22.356,"0,00% 0,00% 0,00% 0,00% 0,00% +0,37%",,19ddías,6.022.356,6.022.356 6.022.356 6.022.356 6.022.356 6.022.356 6.000.000
2026-07-29,Carlos SánchezCarlos Sánchez Racing,0 0 0 0 0 +2.606,"0,00% 0,00% 0,00% 0,00% 0,00% +0,37%",,19ddías,702.606,702.606 702.606 702.606 702.606 702.606 700.000
2026-07-29,Facundo GonzálezFacu González Racing,0 0 0 0 0 +13.040,"0,00% 0,00% 0,00% 0,00% 0,00% +0,37%",,19ddías,3.513.040,3.513.040 3.513.040 3.513.040 3.513.040 3.513.040 3.500.000
2026-07-29,Aitor CrespoCrespo Racing,0 0 0 0 0 +2.979,"0,00% 0,00% 0,00% 0,00% 0,00% +0,37%",,19ddías,802.979,802.979 802.979 802.979 802.979 802.979 800.000
2026-07-29,Maguette GueyeGueye Racing,-88.764 -164.914 -253.970 -641.226 -1.565.812 -2.058.211,"-1,76% -3,23% -4,89% -11,49% -24,06% -29,40%",,19ddías,4.941.789,5.030.553 5.106.703 5.195.759 5.583.015 6.507.601 7.000.000
2026-07-29,Sergio MartínezSergio Martínez Racing,0 0 0 0 0 +2.606,"0,00% 0,00% 0,00% 0,00% 0,00% +0,37%",,19ddías,702.606,702.606 702.606 702.606 702.606 702.606 700.000
2026-07-29,Gustavo PuertaPuerta Racing,+45.024 +143.927 +115.852 +3.164 -979.468 -636.460,"+0,48% +1,56% +1,25% +0,03% -9,47% -6,36%",,2ddías,9.363.540,9.318.516 9.219.613 9.247.688 9.360.376 10.343.008 10.000.000
2026-07-29,Mario SolórzanoSolórzano Racing,0 0 0 0 0 +2.234,"0,00% 0,00% 0,00% 0,00% 0,00% +0,37%",,19ddías,602.234,602.234 602.234 602.234 602.234 602.234 600.000
2026-07-29,Iñigo VicenteIñigo Vicente Racing,-311.925 -468.840 -644.418 -1.444.893 -3.500.057 -4.805.118,"-1,48% -2,22% -3,02% -6,53% -14,47% -18,84%",,19ddías,20.694.882,21.006.807 21.163.722 21.339.300 22.139.775 24.194.939 25.500.000
2026-07-29,Juan Carlos AranaArana Racing,-14.283 -27.994 -44.740 -116.443 -296.889 -504.810,"-1,41% -2,74% -4,30% -10,47% -22,98% -33,65%",,23ddías,995.190,1.009.473 1.023.184 1.039.930 1.111.633 1.292.079 1.500.000
2026-07-29,Giorgi GuliashviliGuliashvili Racing,-113.290 -222.797 -338.318 -831.864 -1.855.264 -2.964.800,"-3,11% -5,93% -8,73% -19,05% -34,42% -45,61%",,23ddías,3.535.200,3.648.490 3.757.997 3.873.518 4.367.064 5.390.464 6.500.000
2026-07-29,Sergio CanalesCanales Racing,0 0 0 0 0 +37.262,"0,00% 0,00% 0,00% 0,00% 0,00% +0,37%",,19ddías,10.037.262,10.037.262 10.037.262 10.037.262 10.037.262 10.037.262 10.000.000
2026-07-29,Santi FrancoSanti Franco Racing,0 0 0 0 0 +2.606,"0,00% 0,00% 0,00% 0,00% 0,00% +0,37%",,19ddías,702.606,702.606 702.606 702.606 702.606 702.606 700.000
2026-07-29,Diego DiazDiego Diaz Racing,0 0 0 0 0 +2.234,"0,00% 0,00% 0,00% 0,00% 0,00% +0,37%",,19ddías,602.234,602.234 602.234 602.234 602.234 602.234 600.000
2026-07-29,Miguel Ángel SantaellaSantaella Málaga,0 0 0 0 0 +1.498,"0,00% 0,00% 0,00% 0,00% 0,00% +0,37%",,15ddías,401.498,401.498 401.498 401.498 401.498 401.498 400.000
2026-07-29,Andrés VallecilloVallecillo Racing,0 0 0 0 0 -22.060,"0,00% 0,00% 0,00% 0,00% 0,00% -3,15%",,15ddías,677.940,677.940 677.940 677.940 677.940 677.940 700.000
2026-07-29,ChupeteChupete Málaga,+1.114.621 +2.442.138 +3.752.249 +9.277.781 +14.030.031 0,"+3,01% +6,83% +10,89% +32,08% +58,06% 0%",,14ddías,38.196.610,37.081.989 35.754.472 34.444.361 28.918.829 24.166.579 0
2026-07-29,David LarrubiaLarrubia Málaga,+1.310.103 +2.649.536 +4.075.996 +8.597.631 +11.728.112 0,"+3,37% +7,06% +11,30% +27,25% +41,26% 0%",,13ddías,40.152.963,38.842.860 37.503.427 36.076.967 31.555.332 28.424.851 0
2026-07-29,Yeremay HernándezYeremay Deportivo,+1.768.097 +4.084.656 +5.866.202 +13.512.842 0 0,"+3,77% +9,16% +13,71% +38,45% 0% 0%",,11ddías,48.659.944,46.891.847 44.575.288 42.793.742 35.147.102 0 0
2026-07-29,Denzel DumfriesDumfries Real Madrid,+1.317.365 +2.726.649 +3.957.098 +9.188.474 0 0,"+2,44% +5,18% +7,70% +19,92% 0% 0%",,10ddías,55.325.986,54.008.621 52.599.337 51.368.888 46.137.512 0 0
2026-07-29,Quilindschy HartmanHartman Espanyol,-263.326 -522.456 -782.393 -2.110.262 0 0,"-2,13% -4,14% -6,07% -14,85% 0% 0%",,7ddías,12.098.147,12.361.473 12.620.603 12.880.540 14.208.409 0 0
2026-07-29,Marc CucurellaCucurella Real Madrid,+167.949 -1.441.345 0 0 0 0,"+0,34% -2,87% 0% 0% 0% 0%",,1ddías,48.859.436,48.691.487 50.300.781 0 0 0 0
2026-07-29,Ibrahima KonatéKonaté Real Madrid,-139.450 -1.088.839 0 0 0 0,"-0,49% -3,68% 0% 0% 0% 0%",,2ddías,28.532.732,28.672.182 29.621.571 0 0 0 0
2026-07-29,Javi LópezJavi López Real Sociedad,0 0 0 0 0 +322.066,"0% 0% 0% 0% 0% +19,58%",,29ddías,1.656.670,0 0 0 0 0 1.644.934
2026-07-29,Thomas LemarLemar Atlético,0 0 0 0 0 +291.810,"0% 0% 0% 0% 0% +17,47%",,29ddías,1.680.630,0 0 0 0 0 1.669.893
2026-07-29,Marc-André ter StegenTer Stegen Barcelona,0 0 0 0 0 +288.535,"0% 0% 0% 0% 0% +17,25%",,29ddías,1.683.226,0 0 0 0 0 1.672.597
2026-07-29,Marcos AlonsoM. Alonso Celta,0 0 0 0 0 -2.434.717,"0% 0% 0% 0% 0% -3,39%",,29ddías,71.704.119,0 0 0 0 0 71.792.661
2026-07-29,Guido RodríguezGuido Valencia,0 0 0 0 0 -17.370,"0% 0% 0% 0% 0% -0,90%",,29ddías,1.925.541,0 0 0 0 0 1.925.008
2026-07-29,Leo RománLeo Román Deportivo,0 0 0 0 0 +54.739,"0% 0% 0% 0% 0% +2,93%",,29ddías,1.868.422,0 0 0 0 0 1.865.509
2026-07-29,Rubén VargasVargas Sevilla,0 0 0 0 0 -144.955,"0% 0% 0% 0% 0% -2,94%",,29ddías,4.930.955,0 0 0 0 0 4.937.044
2026-07-29,Hugo RincónRincón Athletic,0 0 0 0 0 +319.633,"0% 0% 0% 0% 0% +19,41%",,29ddías,1.658.593,0 0 0 0 0 1.646.938
2026-07-29,Alex ForésForés Villarreal,0 0 0 0 0 +325.559,"0% 0% 0% 0% 0% +19,83%",,29ddías,1.653.899,0 0 0 0 0 1.642.048
2026-07-29,Carlos EspíCarlos Espí Levante,0 0 0 0 0 -118.152,"0% 0% 0% 0% 0% -3,34%",,29ddías,3.531.129,0 0 0 0 0 3.535.490
2026-07-29,Martín SatrianoSatriano Getafe,0 0 0 0 0 -164.514,"0% 0% 0% 0% 0% -3,79%",,29ddías,4.336.426,0 0 0 0 0 4.341.781
2026-07-29,Thiago FernándezThiago Villarreal,0 0 0 0 0 +317.132,"0% 0% 0% 0% 0% +19,23%",,29ddías,1.660.575,0 0 0 0 0 1.649.002
2026-07-29,Bambo DiabyBambo Elche,0 0 0 0 0 0,0% 0% 0% 0% 0% 0%,,148ddías,652.470,0 0 0 0 0 0
2026-07-29,Yvan NeyouNeyou Getafe,0 0 0 0 0 0,0% 0% 0% 0% 0% 0%,,178ddías,604.547,0 0 0 0 0 0
2026-07-29,Nikola MarasMaras Alavés,0 0 0 0 0 0,0% 0% 0% 0% 0% 0%,,181ddías,590.024,0 0 0 0 0 0
2026-07-29,Moussa DiarraDiarra Alavés,0 0 0 0 0 0,0% 0% 0% 0% 0% 0%,,184ddías,591.470,0 0 0 0 0 0
2026-07-29,Mikel GotiGoti Real Sociedad,0 0 0 0 0 0,0% 0% 0% 0% 0% 0%,,184ddías,590.263,0 0 0 0 0 0
2026-07-29,Ali Houary Ali Houary Elche,0 0 0 0 0 0,0% 0% 0% 0% 0% 0%,,188ddías,592.065,0 0 0 0 0 0
2026-07-29,Damián RodríguezDamián Celta,0 0 0 0 0 0,0% 0% 0% 0% 0% 0%,,191ddías,593.721,0 0 0 0 0 0
2026-07-29,Jorge CabelloJorge Cabello Levante,0 0 0 0 0 0,0% 0% 0% 0% 0% 0%,,202ddías,575.820,0 0 0 0 0 0
2026-07-29,Javier HernándezJavier Hernández Espanyol,0 0 0 0 0 0,0% 0% 0% 0% 0% 0%,,202ddías,575.023,0 0 0 0 0 0
2026-07-29,EndrickEndrick Real Madrid,0 0 0 0 0 0,0% 0% 0% 0% 0% 0%,,216ddías,564.925,0 0 0 0 0 0
2026-07-29,Rafel BauzàBauzà Espanyol,0 0 0 0 0 0,0% 0% 0% 0% 0% 0%,,330ddías,318.649,0 0 0 0 0 0
2026-07-29,Pablo RamónPablo Ramón Espanyol,0 0 0 0 0 0,0% 0% 0% 0% 0% 0%,,330ddías,330.306,0 0 0 0 0 0
2026-07-29,Sergi CanósCanós Valencia,0 0 0 0 0 0,0% 0% 0% 0% 0% 0%,,331ddías,1.443.742,0 0 0 0 0 0
2026-07-29,Christantus UcheUche Getafe,0 0 0 0 0 0,0% 0% 0% 0% 0% 0%,,331ddías,12.405.015,0 0 0 0 0 0
2026-07-29,Pablo LópezPablo López Valencia,0 0 0 0 0 0,0% 0% 0% 0% 0% 0%,,331ddías,441.041,0 0 0 0 0 0
2026-07-29,Alberto MariAlberto Marí Valencia,0 0 0 0 0 0,0% 0% 0% 0% 0% 0%,,332ddías,787.986,0 0 0 0 0 0
2026-07-29,Hugo NovoaNovoa Alavés,0 0 0 0 0 0,0% 0% 0% 0% 0% 0%,,332ddías,661.162,0 0 0 0 0 0
2026-07-29,Pelayo FernándezPelayo Rayo,0 0 0 0 0 0,0% 0% 0% 0% 0% 0%,,332ddías,1.722.279,0 0 0 0 0 0
2026-07-29,Roger HinojoHinojo Espanyol,0 0 0 0 0 0,0% 0% 0% 0% 0% 0%,,336ddías,317.496,0 0 0 0 0 0
2026-07-29,Jesús OwonoOwono Alavés,0 0 0 0 0 0,0% 0% 0% 0% 0% 0%,,367ddías,828.372,0 0 0 0 0 0
2026-07-29,Álvaro DjalóDjaló Athletic,0 0 0 0 0 0,0% 0% 0% 0% 0% 0%,,367ddías,8.434.683,0 0 0 0 0 0
2026-07-29,Juan BerrocalBerrocal Getafe,0 0 0 0 0 0,0% 0% 0% 0% 0% 0%,,367ddías,1.058.833,0 0 0 0 0 0
2026-07-29,Raúl De TomásDe Tomás Rayo,0 0 0 0 0 0,0% 0% 0% 0% 0% 0%,,371ddías,3.229.388,0 0 0 0 0 0
2026-07-29,Adrián RodríguezAdrián Alavés,0 0 0 0 0 0,0% 0% 0% 0% 0% 0%,,391ddías,1.640.215,0 0 0 0 0 0
2026-07-29,Carles PérezCarles Pérez Celta,0 0 0 0 0 0,0% 0% 0% 0% 0% 0%,,391ddías,1.624.066,0 0 0 0 0 0
2026-07-29,Coke CarrilloCarrillo Celta,0 0 0 0 0 0,0% 0% 0% 0% 0% 0%,,391ddías,1.567.556,0 0 0 0 0 0
2026-07-29,Gorka RiveraGorka Getafe,0 0 0 0 0 0,0% 0% 0% 0% 0% 0%,,391ddías,1.718.986,0 0 0 0 0 0
2026-07-29,Diego MéndezMéndez Rayo,0 0 0 0 0 0,0% 0% 0% 0% 0% 0%,,391ddías,1.717.735,0 0 0 0 0 0
2026-07-29,Llorenç SerredSerred Espanyol,0 0 0 0 0 0,0% 0% 0% 0% 0% 0%,,391ddías,1.731.552,0 0 0 0 0 0
2026-07-29,Eneko OrtizEneko Ortiz Villarreal,0 0 0 0 0 0,0% 0% 0% 0% 0% 0%,,391ddías,1.718.986,0 0 0 0 0 0
2026-07-29,Alberto ColladoCollado Sevilla,0 0 0 0 0 0,0% 0% 0% 0% 0% 0%,,391ddías,1.718.988,0 0 0 0 0 0
2026-07-29,Raúl JiménezRaúl Jiménez Valencia,0 0 0 0 0 0,0% 0% 0% 0% 0% 0%,,391ddías,1.561.503,0 0 0 0 0 0
2026-07-29,Iker CórdobaCórdoba Valencia,0 0 0 0 0 0,0% 0% 0% 0% 0% 0%,,391ddías,1.548.667,0 0 0 0 0 0
2026-07-29,Etienne Eto'oEto'o Rayo,0 0 0 0 0 0,0% 0% 0% 0% 0% 0%,,391ddías,1.718.988,0 0 0 0 0 0
2026-07-29,Arnau SolàSolà Atlético,0 0 0 0 0 0,0% 0% 0% 0% 0% 0%,,391ddías,1.640.523,0 0 0 0 0 0
2026-07-29,Peio CanalesCanales Athletic,0 0 0 0 0 0,0% 0% 0% 0% 0% 0%,,391ddías,1.623.251,0 0 0 0 0 0
2026-07-29,Áron YaakobishviliYaakobishvili Barcelona,0 0 0 0 0 0,0% 0% 0% 0% 0% 0%,,391ddías,1.639.280,0 0 0 0 0 0
2026-07-29,Álvaro CortésCortés Barcelona,0 0 0 0 0 0,0% 0% 0% 0% 0% 0%,,391ddías,1.718.327,0 0 0 0 0 0
2026-07-29,Djordjije MedenicaMedenica Getafe,0 0 0 0 0 0,0% 0% 0% 0% 0% 0%,,391ddías,1.560.264,0 0 0 0 0 0
2026-07-29,Carlos GiménezCarlos Atlético,0 0 0 0 0 0,0% 0% 0% 0% 0% 0%,,391ddías,1.718.547,0 0 0 0 0 0
2026-07-29,Isra DomínguezIsra Sevilla,0 0 0 0 0 0,0% 0% 0% 0% 0% 0%,,391ddías,1.718.237,0 0 0 0 0 0
2026-07-29,Pablo BustoBusto Betis,0 0 0 0 0 0,0% 0% 0% 0% 0% 0%,,391ddías,1.621.161,0 0 0 0 0 0
2026-07-29,Hugo de LlanosDe Llanos Real Madrid,0 0 0 0 0 0,0% 0% 0% 0% 0% 0%,,391ddías,1.622.168,0 0 0 0 0 0
2026-07-29,Iñaki RupérezRupérez Real Sociedad,0 0 0 0 0 0,0% 0% 0% 0% 0% 0%,,391ddías,1.626.247,0 0 0 0 0 0
2026-07-29,Jon BaldaBalda Real Sociedad,0 0 0 0 0 0,0% 0% 0% 0% 0% 0%,,391ddías,1.718.912,0 0 0 0 0 0
2026-07-29,Ismael SantanaSantana Valencia,0 0 0 0 0 0,0% 0% 0% 0% 0% 0%,,391ddías,1.723.821,0 0 0 0 0 0
2026-07-29,Aingeru OlabarrietaOlabarrieta Athletic,0 0 0 0 0 0,0% 0% 0% 0% 0% 0%,,391ddías,1.717.797,0 0 0 0 0 0
2026-07-29,Mario RivasRivas Real Madrid,0 0 0 0 0 0,0% 0% 0% 0% 0% 0%,,391ddías,1.718.751,0 0 0 0 0 0
2026-07-29,Vicent AbrilAbril Valencia,0 0 0 0 0 0,0% 0% 0% 0% 0% 0%,,391ddías,1.728.051,0 0 0 0 0 0
2026-07-29,Dani RequenaRequena Levante,0 0 0 0 0 0,0% 0% 0% 0% 0% 0%,,391ddías,1.621.683,0 0 0 0 0 0
2026-07-29,Juan CruzJuan Cruz Málaga,0 0 0 0 0 0,0% 0% 0% 0% 0% 0%,,429ddías,19.968.443,0 0 0 0 0 0
2026-07-29,Miguel Angel MorroMorro Rayo,0 0 0 0 0 0,0% 0% 0% 0% 0% 0%,,695ddías,723.425,0 0 0 0 0 0
2026-07-29,Aissa MandiMandi Levante,0 0 0 0 0 0,0% 0% 0% 0% 0% 0%,,712ddías,1.879.755,0 0 0 0 0 0
2026-07-29,Miguel RodríguezMiguel Alavés,0 0 0 0 0 0,0% 0% 0% 0% 0% 0%,,713ddías,679.761,0 0 0 0 0 0
2026-07-29,Joseda ÁlvarezJoseda Alavés,0 0 0 0 0 0,0% 0% 0% 0% 0% 0%,,757ddías,300.000,0 0 0 0 0 0
2026-07-29,Selu DialloDiallo Alavés,0 0 0 0 0 0,0% 0% 0% 0% 0% 0%,,758ddías,1.000.000,0 0 0 0 0 0
2026-07-29,Mario DomínguezMario Valencia,0 0 0 0 0 0,0% 0% 0% 0% 0% 0%,,758ddías,500.000,0 0 0 0 0 0
2026-07-29,Tomás MendesMendes Alavés,0 0 0 0 0 0,0% 0% 0% 0% 0% 0%,,758ddías,500.000,0 0 0 0 0 0
2026-07-29,Ian FornsIan Forns Betis,0 0 0 0 0 0,0% 0% 0% 0% 0% 0%,,758ddías,500.000,0 0 0 0 0 0
2026-07-29,Mario GonzálezMario Valencia,0 0 0 0 0 0,0% 0% 0% 0% 0% 0%,,1ddías,760.408,0 0 0 0 0 0