Fecha,Jugador,Equipo,DiferenciaDif.,% Dif,Acel.,Tend.,Valor,Valor ant.Ant.,Posición
2026-07-29,Karrikaburu,Real Sociedad,-18.648 | -36.085 | -54.373 | -138.276 | -316.109 | -602.709,"-2,29% | -4,33% | -6,38% | -14,78% | -28,39% | -43,05%",,23ddías,797.291,815.939 | 833.376 | 851.664 | 935.567 | 1.113.400 | 1.400.000,Delantero
2026-07-29,Sivera,Alavés,+467.485 | +1.002.428 | +1.429.014 | +3.213.259 | +5.479.103 | +6.661.030,"+2,21% | +4,85% | +7,06% | +17,42% | +33,86% | +44,41%",,21ddías,21.661.030,21.193.545 | 20.658.602 | 20.232.016 | 18.447.771 | 16.181.927 | 15.000.000,Portero
2026-07-29,Gorosabel,Athletic,-107.579 | -207.510 | -307.603 | -710.081 | -1.520.168 | -2.707.536,"-2,83% | -5,32% | -7,69% | -16,13% | -29,16% | -42,31%",,23ddías,3.692.464,3.800.043 | 3.899.974 | 4.000.067 | 4.402.545 | 5.212.632 | 6.400.000,Defensa
2026-07-29,Abqar,Getafe,+7.557 | +24.347 | +6.012 | -211.383 | -857.566 | -1.167.083,"+0,16% | +0,51% | +0,12% | -4,19% | -15,07% | -19,45%",,2ddías,4.832.917,4.825.360 | 4.808.570 | 4.826.905 | 5.044.300 | 5.690.483 | 6.000.000,Defensa
2026-07-29,Guevara,Alavés,-42.919 | -83.537 | -125.522 | -324.211 | -753.608 | -1.348.667,"-2,53% | -4,82% | -7,06% | -16,41% | -31,34% | -44,96%",,23ddías,1.651.333,1.694.252 | 1.734.870 | 1.776.855 | 1.975.544 | 2.404.941 | 3.000.000,Mediocampista
2026-07-29,Blanco,Alavés,-273.115 | -502.181 | -761.513 | -1.827.072 | -3.827.075 | +15.371.256,"-1,56% | -2,84% | -4,24% | -9,60% | -18,20% | +840,54%",,15ddías,17.199.992,17.473.107 | 17.702.173 | 17.961.505 | 19.027.064 | 21.027.067 | 1.828.736,Mediocampista
2026-07-29,Rioja,Valencia,-275.276 | -553.441 | -861.763 | -1.989.237 | -3.782.063 | -5.872.060,"-1,42% | -2,81% | -4,31% | -9,42% | -16,51% | -23,49%",,23ddías,19.127.940,19.403.216 | 19.681.381 | 19.989.703 | 21.117.177 | 22.910.003 | 25.000.000,Mediocampista
2026-07-29,Tenaglia,Alavés,-168.614 | -292.203 | -468.603 | -993.720 | -1.831.928 | -2.730.241,"-1,09% | -1,88% | -2,98% | -6,11% | -10,71% | -15,17%",,23ddías,15.269.759,15.438.373 | 15.561.962 | 15.738.362 | 16.263.479 | 17.101.687 | 18.000.000,Defensa
2026-07-29,Kike García,Espanyol,-149.976 | -279.676 | -420.097 | -982.618 | -2.155.200 | -3.116.520,"-2,49% | -4,54% | -6,66% | -14,31% | -26,81% | -34,63%",,21ddías,5.883.480,6.033.456 | 6.163.156 | 6.303.577 | 6.866.098 | 8.038.680 | 9.000.000,Delantero
2026-07-29,Guridi,Sevilla,0 | 0 | 0 | 0 | 0 | +19.315,"0,00% | 0,00% | 0,00% | 0,00% | 0,00% | +0,39%",,20ddías,5.019.315,5.019.315 | 5.019.315 | 5.019.315 | 5.019.315 | 5.019.315 | 5.000.000,Mediocampista
2026-07-29,Rebbach,Alavés,-101.033 | -195.639 | -322.841 | -897.235 | -2.004.290 | -2.777.429,"-1,90% | -3,61% | -5,82% | -14,66% | -27,73% | -34,72%",,21ddías,5.222.571,5.323.604 | 5.418.210 | 5.545.412 | 6.119.806 | 7.226.861 | 8.000.000,Delantero
2026-07-29,Carlos BenavidezProtesoni,Alavés,0 | 0 | 0 | 0 | 0 | +11.588,"0,00% | 0,00% | 0,00% | 0,00% | 0,00% | +0,39%",,20ddías,3.011.588,3.011.588 | 3.011.588 | 3.011.588 | 3.011.588 | 3.011.588 | 3.000.000,Mediocampista
2026-07-29,Pubill,Atlético,+910.056 | +2.606.950 | +4.282.792 | +10.516.157 | +20.082.968 | +28.599.043,"+1,34% | +3,95% | +6,66% | +18,11% | +41,39% | +71,50%",,22ddías,68.599.043,67.688.987 | 65.992.093 | 64.316.251 | 58.082.886 | 48.516.075 | 40.000.000,Defensa
2026-07-29,Unai Simón,Athletic,+1.489.463 | +3.315.366 | +4.900.633 | +12.131.097 | +21.994.219 | +28.065.323,"+3,20% | +7,41% | +11,35% | +33,76% | +84,36% | +140,33%",,21ddías,48.065.323,46.575.860 | 44.749.957 | 43.164.690 | 35.934.226 | 26.071.104 | 20.000.000,Portero
2026-07-29,Vivian,Athletic,-469.999 | -929.669 | -1.399.745 | -3.512.797 | -4.535.353 | -2.465.114,"-2,61% | -5,03% | -7,39% | -16,69% | -20,55% | -12,33%",,12ddías,17.534.886,18.004.885 | 18.464.555 | 18.934.631 | 21.047.683 | 22.070.239 | 20.000.000,Defensa
2026-07-29,Paredes,Athletic,-71.682 | -137.869 | -225.435 | -543.169 | -1.272.831 | -1.853.922,"-1,62% | -3,07% | -4,93% | -11,11% | -22,65% | -29,90%",,23ddías,4.346.078,4.417.760 | 4.483.947 | 4.571.513 | 4.889.247 | 5.618.909 | 6.200.000,Defensa
2026-07-29,Yeray,Athletic,-79.922 | -145.584 | -211.243 | -598.108 | -777.376 | -958.115,"-1,89% | -3,40% | -4,85% | -12,62% | -15,80% | -18,79%",,8ddías,4.141.885,4.221.807 | 4.287.469 | 4.353.128 | 4.739.993 | 4.919.261 | 5.100.000,Defensa
2026-07-29,Vesga,Athletic,-48.853 | -94.396 | -146.246 | -368.144 | -834.750 | -1.500.931,"-2,79% | -5,26% | -7,93% | -17,81% | -32,94% | -46,90%",,23ddías,1.699.069,1.747.922 | 1.793.465 | 1.845.315 | 2.067.213 | 2.533.819 | 3.200.000,Mediocampista
2026-07-29,Berenguer,Athletic,-169.356 | -268.484 | -422.920 | -778.046 | -1.331.841 | +1.531.250,"-1,54% | -2,42% | -3,76% | -6,70% | -10,95% | +16,47%",,14ddías,10.831.250,11.000.606 | 11.099.734 | 11.254.170 | 11.609.296 | 12.163.091 | 9.300.000,Delantero
2026-07-29,Sancet,Athletic,+976.647 | +2.300.352 | +3.346.219 | +7.496.188 | +13.647.127 | +15.715.698,"+2,31% | +5,62% | +8,39% | +20,99% | +46,15% | +57,15%",,21ddías,43.215.698,42.239.051 | 40.915.346 | 39.869.479 | 35.719.510 | 29.568.571 | 27.500.000,Mediocampista
2026-07-29,I. Williams,Athletic,+475.444 | +1.018.985 | +1.448.755 | +3.509.340 | +5.154.511 | +5.870.371,"+1,75% | +3,82% | +5,53% | +14,52% | +22,89% | +26,93%",,21ddías,27.670.371,27.194.927 | 26.651.386 | 26.221.616 | 24.161.031 | 22.515.860 | 21.800.000,Delantero
2026-07-29,N. Williams,Athletic,+1.101.694 | +2.699.815 | +4.065.763 | +8.344.771 | +28.923.599 | +28.872.040,"+1,58% | +3,97% | +6,10% | +13,39% | 0% | +69,06%",,7ddías,70.677.314,69.575.620 | 67.977.499 | 66.611.551 | 62.332.543 | 0 | 41.805.274,Delantero
2026-07-29,Guruzeta,Athletic,-48.379 | -103.549 | -156.647 | -361.981 | -1.328.843 | -1.323.249,"-0,41% | -0,87% | -1,31% | -2,98% | -10,14% | -10,10%",,18ddías,11.776.751,11.825.130 | 11.880.300 | 11.933.398 | 12.138.732 | 13.105.594 | 13.100.000,Delantero
2026-07-29,Agirrezabala,Athletic,0 | 0 | 0 | 0 | 0 | +11.085,"0,00% | 0,00% | 0,00% | 0,00% | 0,00% | +0,38%",,20ddías,2.911.085,2.911.085 | 2.911.085 | 2.911.085 | 2.911.085 | 2.911.085 | 2.900.000,Portero
2026-07-29,R. de Galarreta,Athletic,-87.387 | -166.552 | -285.944 | -616.236 | -1.262.977 | +2.257.573,"-0,83% | -1,57% | -2,66% | -5,56% | -10,78% | +27,53%",,16ddías,10.457.573,10.544.960 | 10.624.125 | 10.743.517 | 11.073.809 | 11.720.550 | 8.200.000,Mediocampista
2026-07-29,Yuri,Athletic,-266.466 | -437.537 | -650.113 | -1.974.185 | -2.703.296 | -2.635.521,"-1,70% | -2,77% | -4,06% | -11,39% | -14,96% | -14,64%",,8ddías,15.364.479,15.630.945 | 15.802.016 | 16.014.592 | 17.338.664 | 18.067.775 | 18.000.000,Defensa
2026-07-29,Villalibre,Racing,0 | 0 | 0 | 0 | 0 | +27.946,"0,00% | 0,00% | 0,00% | 0,00% | 0,00% | +0,37%",,19ddías,7.527.946,7.527.946 | 7.527.946 | 7.527.946 | 7.527.946 | 7.527.946 | 7.500.000,Delantero
2026-07-29,Prados,Athletic,-50.300 | -99.082 | -148.268 | -367.749 | -832.381 | -1.641.367,"-2,39% | -4,59% | -6,72% | -15,16% | -28,79% | -44,36%",,23ddías,2.058.633,2.108.933 | 2.157.715 | 2.206.901 | 2.426.382 | 2.891.014 | 3.700.000,Mediocampista
2026-07-29,Egiluz,Athletic,-5.773 | -9.799 | -14.117 | -36.075 | -82.209 | -211.691,"-1,17% | -1,97% | -2,81% | -6,88% | -14,41% | -30,24%",,23ddías,488.309,494.082 | 498.108 | 502.426 | 524.384 | 570.518 | 700.000,Defensa
2026-07-29,Giménez,Atlético,-169.330 | -313.116 | -467.627 | -1.131.810 | -2.458.523 | -1.869.187,"-2,42% | -4,38% | -6,41% | -14,21% | -26,47% | -21,48%",,18ddías,6.830.813,7.000.143 | 7.143.929 | 7.298.440 | 7.962.623 | 9.289.336 | 8.700.000,Defensa
2026-07-29,Koke,Atlético,0 | 0 | 0 | 0 | 0 | +67.671,"0,00% | 0,00% | 0,00% | 0,00% | 0,00% | +0,38%",,20ddías,17.767.671,17.767.671 | 17.767.671 | 17.767.671 | 17.767.671 | 17.767.671 | 17.700.000,Mediocampista
2026-07-29,Oblak,Atlético,+340.657 | +1.231.871 | +1.716.380 | +4.023.412 | +8.810.630 | +15.720.812,"+0,68% | +2,49% | +3,50% | +8,62% | +21,02% | +44,92%",,22ddías,50.720.812,50.380.155 | 49.488.941 | 49.004.432 | 46.697.400 | 41.910.182 | 35.000.000,Portero
2026-07-29,M. Llorente,Atlético,-979.930 | -1.329.235 | -1.548.748 | -245.003 | +8.149.858 | +15.912.658,"-1,46% | -1,98% | -2,30% | -0,37% | +14,11% | +31,83%",,3ddías,65.912.658,66.892.588 | 67.241.893 | 67.461.406 | 66.157.661 | 57.762.800 | 50.000.000,Defensa
2026-07-29,Molina,Atlético,-80.456 | -130.391 | -195.051 | -441.578 | -827.056 | -723.381,"-1,59% | -2,55% | -3,77% | -8,15% | -14,25% | -12,69%",,18ddías,4.976.619,5.057.075 | 5.107.010 | 5.171.670 | 5.418.197 | 5.803.675 | 5.700.000,Defensa
2026-07-29,Galán,Celta,0 | 0 | 0 | 0 | +121.011 | -524.171,"0,00% | 0,00% | 0,00% | 0,00% | +0,84% | -3,49%",,13ddías,14.475.829,14.475.829 | 14.475.829 | 14.475.829 | 14.475.829 | 14.354.818 | 15.000.000,Defensa
2026-07-29,Barrios,Atlético,+441.352 | +1.297.698 | +2.191.722 | +6.003.829 | +11.674.120 | +13.378.433,"+0,83% | +2,49% | +4,28% | +12,67% | +27,99% | +33,45%",,19ddías,53.378.433,52.937.081 | 52.080.735 | 51.186.711 | 47.374.604 | 41.704.313 | 40.000.000,Mediocampista
2026-07-29,Riquelme,Betis,-56.509 | -112.353 | -167.016 | -415.463 | -1.059.056 | -1.822.254,"-1,51% | -2,96% | -4,34% | -10,15% | -22,36% | -33,13%",,23ddías,3.677.746,3.734.255 | 3.790.099 | 3.844.762 | 4.093.209 | 4.736.802 | 5.500.000,Mediocampista
2026-07-29,Kostis,Atlético,0 | 0 | 0 | 0 | 0 | +2.674,"0,00% | 0,00% | 0,00% | 0,00% | 0,00% | +0,38%",,20ddías,702.674,702.674 | 702.674 | 702.674 | 702.674 | 702.674 | 700.000,Defensa
2026-07-29,Balde,Barcelona,-127.457 | +166.138 | +694.342 | +3.510.894 | +7.548.019 | +9.534.050,"-0,44% | +0,58% | +2,48% | +13,92% | +35,63% | +49,66%",,1ddías,28.734.050,28.861.507 | 28.567.912 | 28.039.708 | 25.223.156 | 21.186.031 | 19.200.000,Defensa
2026-07-29,Araújo,Barcelona,-171.165 | -339.257 | -505.278 | -1.273.502 | -2.781.792 | -3.666.390,"-2,63% | -5,08% | -7,39% | -16,74% | -30,52% | -36,66%",,21ddías,6.333.610,6.504.775 | 6.672.867 | 6.838.888 | 7.607.112 | 9.115.402 | 10.000.000,Defensa
2026-07-29,Gavi,Barcelona,+526.700 | +1.476.273 | +2.106.592 | +4.907.829 | +8.984.822 | +10.412.098,"+1,51% | +4,35% | +6,33% | +16,09% | +34,00% | +41,65%",,19ddías,35.412.098,34.885.398 | 33.935.825 | 33.305.506 | 30.504.269 | 26.427.276 | 25.000.000,Mediocampista
2026-07-29,Ferran,Barcelona,+1.365.309 | +3.278.644 | +4.875.876 | +9.236.238 | +5.230.546 | +1.869.252,"+2,26% | +5,60% | +8,56% | +17,55% | +9,23% | +3,12%",,7ddías,61.869.252,60.503.943 | 58.590.608 | 56.993.376 | 52.633.014 | 56.638.706 | 60.000.000,Delantero
2026-07-29,Pedri,Barcelona,-1.209.838 | -2.131.828 | -3.091.580 | -76.961.464 | -76.961.464 | -77.181.926,"-1,18% | -2,06% | -2,95% | 0% | 0% | -43,18%",,6ddías,101.576.128,102.785.966 | 103.707.956 | 104.667.708 | 0 | 0 | 178.758.054,Mediocampista
2026-07-29,Raphinha,Barcelona,-1.436.306 | -2.849.192 | -4.388.476 | -11.230.128 | -24.409.023 | -24.726.152,"-1,85% | -3,61% | -5,45% | -12,86% | -24,29% | -24,53%",,15ddías,76.073.848,77.510.154 | 78.923.040 | 80.462.324 | 87.303.976 | 100.482.871 | 100.800.000,Delantero
2026-07-29,A. Christensen,Barcelona,0 | 0 | 0 | 0 | 0 | +19.340,"0,00% | 0,00% | 0,00% | 0,00% | 0,00% | +0,39%",,20ddías,5.019.340,5.019.340 | 5.019.340 | 5.019.340 | 5.019.340 | 5.019.340 | 5.000.000,Defensa
2026-07-29,F. de Jong,Barcelona,0 | 0 | 0 | 0 | 0 | +172.140,"0,00% | 0,00% | 0,00% | 0,00% | 0,00% | +0,39%",,20ddías,44.672.140,44.672.140 | 44.672.140 | 44.672.140 | 44.672.140 | 44.672.140 | 44.500.000,Mediocampista
2026-07-29,Koundé,Barcelona,+109.733 | +649.443 | +1.164.917 | +4.033.903 | +10.527.087 | +17.828.269,"+0,21% | +1,24% | +2,25% | +8,27% | +24,89% | +50,94%",,22ddías,52.828.269,52.718.536 | 52.178.826 | 51.663.352 | 48.794.366 | 42.301.182 | 35.000.000,Defensa
2026-07-29,Yamal,Barcelona,-1.907.258 | -3.540.457 | -5.974.652 | +64.256.793 | +64.256.793 | +64.169.990,"-1,40% | -2,56% | -4,25% | 0% | 0% | +91,17%",,5ddías,134.552.976,136.460.234 | 138.093.433 | 140.527.628 | 0 | 0 | 70.382.986,Delantero
2026-07-29,Casadó,Barcelona,-34.713 | -56.791 | -80.463 | -180.590 | -446.377 | -957.614,"-1,59% | -2,58% | -3,62% | -7,77% | -17,24% | -30,89%",,23ddías,2.142.386,2.177.099 | 2.199.177 | 2.222.849 | 2.322.976 | 2.588.763 | 3.100.000,Mediocampista
2026-07-29,Cubarsí,Barcelona,+259.422 | +1.411.038 | +2.578.893 | +10.891.009 | +26.217.134 | +39.212.788,"+0,26% | +1,44% | +2,67% | +12,33% | +35,92% | +65,35%",,21ddías,99.212.788,98.953.366 | 97.801.750 | 96.633.895 | 88.321.779 | 72.995.654 | 60.000.000,Defensa
2026-07-29,Fermín,Barcelona,-1.253.982 | -2.745.661 | -4.209.014 | -10.721.506 | -22.943.487 | -28.502.478,"-1,85% | -3,97% | -5,95% | -13,88% | -25,65% | -30,00%",,23ddías,66.497.522,67.751.504 | 69.243.183 | 70.706.536 | 77.219.028 | 89.441.009 | 95.000.000,Mediocampista
2026-07-29,Bellerín,Betis,-6.176 | -25.873 | -64.602 | -252.958 | -825.733 | +111.891,"-0,06% | -0,26% | -0,63% | -2,44% | -7,55% | +1,12%",,14ddías,10.111.891,10.118.067 | 10.137.764 | 10.176.493 | 10.364.849 | 10.937.624 | 10.000.000,Defensa
2026-07-29,Abde,Betis,-2.139.729 | -4.357.047 | -6.662.154 | -16.904.394 | -61.350.142 | -61.512.993,"-2,94% | -5,82% | -8,63% | -19,33% | 0% | -46,58%",,7ddías,70.531.975,72.671.704 | 74.889.022 | 77.194.129 | 87.436.369 | 0 | 132.044.968,Delantero
2026-07-29,Iglesias,Celta,+328.447 | +1.021.042 | +1.625.513 | +4.741.201 | +7.312.921 | +13.543.566,"+1,04% | +3,30% | +5,36% | +17,42% | +29,67% | +73,53%",,13ddías,31.962.832,31.634.385 | 30.941.790 | 30.337.319 | 27.221.631 | 24.649.911 | 18.419.266,Delantero
2026-07-29,Ayoze,Villarreal,-184.875 | -379.550 | -538.833 | -1.035.280 | -1.804.615 | -2.828.054,"-1,07% | -2,16% | -3,04% | -5,69% | -9,51% | -14,14%",,23ddías,17.171.946,17.356.821 | 17.551.496 | 17.710.779 | 18.207.226 | 18.976.561 | 20.000.000,Delantero
2026-07-29,Bartra,Betis,+230.547 | +608.362 | +890.504 | +2.214.202 | +4.256.780 | +3.836.944,"+0,98% | +2,62% | +3,88% | +10,24% | +21,74% | +19,18%",,17ddías,23.836.944,23.606.397 | 23.228.582 | 22.946.440 | 21.622.742 | 19.580.164 | 20.000.000,Defensa
2026-07-29,Marc Roca,Betis,-42.245 | -55.544 | -77.608 | -269.923 | -786.193 | -1.799.372,"-0,91% | -1,19% | -1,66% | -5,54% | -14,59% | -28,12%",,23ddías,4.600.628,4.642.873 | 4.656.172 | 4.678.236 | 4.870.551 | 5.386.821 | 6.400.000,Mediocampista
2026-07-29,Isco,Betis,-2.137.076 | -4.269.692 | -6.409.190 | -15.307.291 | +61.236.567 | +61.223.116,"-2,88% | -5,59% | -8,16% | -17,51% | 0% | +561,37%",,7ddías,72.129.078,74.266.154 | 76.398.770 | 78.538.268 | 87.436.369 | 0 | 10.905.962,Mediocampista
2026-07-29,Ruibal,Betis,-124.361 | -248.653 | -378.250 | -953.964 | -2.101.276 | -3.042.265,"-3,05% | -5,91% | -8,72% | -19,42% | -34,68% | -43,46%",,23ddías,3.957.735,4.082.096 | 4.206.388 | 4.335.985 | 4.911.699 | 6.059.011 | 7.000.000,Delantero
2026-07-29,Navarro,Athletic,-28.647 | -55.103 | -90.179 | -225.393 | -555.968 | -1.010.061,"-1,24% | -2,35% | -3,79% | -8,96% | -19,54% | -30,61%",,23ddías,2.289.939,2.318.586 | 2.345.042 | 2.380.118 | 2.515.332 | 2.845.907 | 3.300.000,Mediocampista
2026-07-29,Chust,Elche,0 | 0 | 0 | 0 | 0 | +19.376,"0,00% | 0,00% | 0,00% | 0,00% | 0,00% | +0,39%",,20ddías,5.019.376,5.019.376 | 5.019.376 | 5.019.376 | 5.019.376 | 5.019.376 | 5.000.000,Defensa
2026-07-29,Starfelt,Celta,-42.801 | -100.025 | -186.250 | -252.558 | -763.673 | +186.917,"-0,42% | -0,97% | -1,80% | -2,42% | -6,97% | +1,87%",,11ddías,10.186.917,10.229.718 | 10.286.942 | 10.373.167 | 10.439.475 | 10.950.590 | 10.000.000,Defensa
2026-07-29,U. Núñez,Celta,-105.886 | -261.366 | -429.426 | -429.426 | -429.426 | -410.312,"-2,26% | -5,39% | -8,56% | -8,56% | -8,56% | -8,21%",,3ddías,4.589.688,4.695.574 | 4.851.054 | 5.019.114 | 5.019.114 | 5.019.114 | 5.000.000,Defensa
2026-07-29,Dotor,Málaga,0 | 0 | 0 | 0 | +4.403 | +14.904,"0,00% | 0,00% | 0,00% | 0,00% | 0% | +0,37%",,7ddías,4.014.904,4.014.904 | 4.014.904 | 4.014.904 | 4.014.904 | 0 | 4.000.000,Mediocampista
2026-07-29,Aspas,Celta,-137.483 | -234.731 | -410.185 | -986.666 | -2.309.349 | -1.463.518,"-1,47% | -2,48% | -4,25% | -9,65% | -20,00% | -13,68%",,17ddías,9.236.482,9.373.965 | 9.471.213 | 9.646.667 | 10.223.148 | 11.545.831 | 10.700.000,Delantero
2026-07-29,Iván Villar,Celta,-33.612 | -63.624 | -102.446 | -266.753 | -633.943 | -1.117.477,"-2,37% | -4,40% | -6,90% | -16,17% | -31,44% | -44,70%",,23ddías,1.382.523,1.416.135 | 1.446.147 | 1.484.969 | 1.649.276 | 2.016.466 | 2.500.000,Portero
2026-07-29,Swedberg,Celta,-176.249 | -303.784 | -487.268 | -1.160.973 | -2.495.624 | -3.018.538,"-1,82% | -3,10% | -4,89% | -10,91% | -20,84% | -24,15%",,20ddías,9.481.462,9.657.711 | 9.785.246 | 9.968.730 | 10.642.435 | 11.977.086 | 12.500.000,Mediocampista
2026-07-29,Domínguez,Celta,-22.438 | -43.823 | -66.224 | -168.367 | -389.032 | -711.735,"-2,46% | -4,70% | -6,94% | -15,93% | -30,46% | -44,48%",,23ddías,888.265,910.703 | 932.088 | 954.489 | 1.056.632 | 1.277.297 | 1.600.000,Defensa
2026-07-29,Sotelo,Levante,-17.892 | -35.626 | -52.885 | -136.780 | -351.947 | -716.390,"-1,28% | -2,51% | -3,68% | -9,00% | -20,28% | -34,11%",,23ddías,1.383.610,1.401.502 | 1.419.236 | 1.436.495 | 1.520.390 | 1.735.557 | 2.100.000,Mediocampista
2026-07-29,Djené,Getafe,0 | 0 | 0 | 0 | 0 | +32.492,"0,00% | 0,00% | 0,00% | 0,00% | 0,00% | +0,39%",,20ddías,8.432.492,8.432.492 | 8.432.492 | 8.432.492 | 8.432.492 | 8.432.492 | 8.400.000,Defensa
2026-07-29,Aleñá,Alavés,-76.362 | -143.955 | -227.542 | -575.213 | -1.302.594 | -2.293.078,"-1,60% | -2,97% | -4,61% | -10,89% | -21,68% | -32,76%",,23ddías,4.706.922,4.783.284 | 4.850.877 | 4.934.464 | 5.282.135 | 6.009.516 | 7.000.000,Mediocampista
2026-07-29,Carmona,Sevilla,-75.057 | -112.400 | -177.670 | -440.819 | -1.094.399 | -942.030,"-1,46% | -2,17% | -3,39% | -8,02% | -17,79% | -15,70%",,18ddías,5.057.970,5.133.027 | 5.170.370 | 5.235.640 | 5.498.789 | 6.152.369 | 6.000.000,Defensa
2026-07-29,Soria,Getafe,0 | 0 | 0 | 0 | 0 | -703.646,"0,00% | 0,00% | 0,00% | 0,00% | 0,00% | -3,52%",,20ddías,19.296.354,19.296.354 | 19.296.354 | 19.296.354 | 19.296.354 | 19.296.354 | 20.000.000,Portero
2026-07-29,Mayoral,Getafe,-57.911 | -88.210 | -140.033 | -319.925 | -736.427 | -1.274.477,"-1,66% | -2,51% | -3,93% | -8,54% | -17,69% | -27,12%",,23ddías,3.425.523,3.483.434 | 3.513.733 | 3.565.556 | 3.745.448 | 4.161.950 | 4.700.000,Delantero
2026-07-29,Iglesias,Sevilla,0 | 0 | 0 | 0 | 0 | +48.352,"0,00% | 0,00% | 0,00% | 0,00% | 0,00% | +0,39%",,20ddías,12.548.352,12.548.352 | 12.548.352 | 12.548.352 | 12.548.352 | 12.548.352 | 12.500.000,Defensa
2026-07-29,Herrera,Real Sociedad,-85.192 | -158.197 | -239.047 | -601.214 | -1.331.765 | -2.125.503,"-2,15% | -3,92% | -5,81% | -13,43% | -25,58% | -35,43%",,20ddías,3.874.497,3.959.689 | 4.032.694 | 4.113.544 | 4.475.711 | 5.206.262 | 6.000.000,Mediocampista
2026-07-29,Eric Garcia,Barcelona,0 | 0 | 0 | 0 | 0 | +228.232,"0,00% | 0,00% | 0,00% | 0,00% | 0,00% | +0,39%",,20ddías,59.228.232,59.228.232 | 59.228.232 | 59.228.232 | 59.228.232 | 59.228.232 | 59.000.000,Defensa
2026-07-29,Boyé,Alavés,-197.154 | -404.348 | -640.209 | -1.551.886 | -3.427.069 | -4.555.010,"-1,26% | -2,55% | -3,98% | -9,13% | -18,16% | -22,78%",,19ddías,15.444.990,15.642.144 | 15.849.338 | 16.085.199 | 16.996.876 | 18.872.059 | 20.000.000,Delantero
2026-07-29,Miguel Ángel RubioMiguel Rubio,Espanyol,-18.336 | -35.448 | -53.397 | -135.801 | -314.645 | -610.193,"-2,27% | -4,30% | -6,33% | -14,67% | -28,49% | -43,59%",,23ddías,789.807,808.143 | 825.255 | 843.204 | 925.608 | 1.104.452 | 1.400.000,Defensa
2026-07-29,Villar,Elche,0 | 0 | 0 | 0 | 0 | +27.127,"0,00% | 0,00% | 0,00% | 0,00% | 0,00% | +0,39%",,20ddías,7.027.127,7.027.127 | 7.027.127 | 7.027.127 | 7.027.127 | 7.027.127 | 7.000.000,Mediocampista
2026-07-29,S. Cardona,Villarreal,-59.978 | -89.418 | -103.672 | -222.231 | -576.553 | -382.407,"-1,14% | -1,68% | -1,95% | -4,09% | -9,95% | -6,83%",,16ddías,5.217.593,5.277.571 | 5.307.011 | 5.321.265 | 5.439.824 | 5.794.146 | 5.600.000,Defensa
2026-07-29,Javi Muñoz,Getafe,-22.861 | -44.687 | -67.546 | -169.090 | -390.302 | -701.585,"-2,48% | -4,74% | -6,99% | -15,84% | -30,29% | -43,85%",,23ddías,898.415,921.276 | 943.102 | 965.961 | 1.067.505 | 1.288.717 | 1.600.000,Mediocampista
2026-07-29,Moleiro,Villarreal,-884.780 | -1.629.433 | -2.472.789 | -5.648.047 | -36.943.118 | -37.061.736,"-1,47% | -2,68% | -4,01% | -8,72% | 0% | -38,53%",,8ddías,59.117.350,60.002.130 | 60.746.783 | 61.590.139 | 64.765.397 | 0 | 96.179.086,Mediocampista
2026-07-29,Valles,Betis,+559.560 | +1.212.217 | +1.710.831 | +3.589.866 | +6.304.050 | +8.660.374,"+3,09% | +6,95% | +10,09% | +23,82% | +51,02% | +86,60%",,22ddías,18.660.374,18.100.814 | 17.448.157 | 16.949.543 | 15.070.508 | 12.356.324 | 10.000.000,Portero
2026-07-29,Copete,Valencia,-110.209 | -221.470 | -329.130 | -823.189 | -1.825.027 | -2.645.095,"-3,18% | -6,19% | -8,93% | -19,70% | -35,23% | -44,08%",,23ddías,3.354.905,3.465.114 | 3.576.375 | 3.684.035 | 4.178.094 | 5.179.932 | 6.000.000,Defensa
2026-07-29,Herrera,Osasuna,+789.730 | +1.638.586 | +2.369.295 | +5.044.594 | +9.291.575 | +12.695.431,"+2,83% | +6,06% | +9,00% | +21,33% | +47,89% | +79,35%",,21ddías,28.695.431,27.905.701 | 27.056.845 | 26.326.136 | 23.650.837 | 19.403.856 | 16.000.000,Portero
2026-07-29,Torró,Osasuna,-40.725 | -80.376 | -122.553 | -310.563 | -807.738 | -1.244.872,"-1,36% | -2,65% | -3,98% | -9,51% | -21,47% | -29,64%",,19ddías,2.955.128,2.995.853 | 3.035.504 | 3.077.681 | 3.265.691 | 3.762.866 | 4.200.000,Mediocampista
2026-07-29,Moncayola,Osasuna,+6.852 | -21.581 | -39.448 | -125.748 | -424.921 | -486.640,"+0,12% | -0,39% | -0,71% | -2,23% | -7,16% | -8,11%",,1ddías,5.513.360,5.506.508 | 5.534.941 | 5.552.808 | 5.639.108 | 5.938.281 | 6.000.000,Mediocampista
2026-07-29,Oroz,Osasuna,-396.463 | -781.308 | -1.035.017 | -1.605.812 | -2.849.508 | -3.793.886,"-2,39% | -4,60% | -6,00% | -9,02% | -14,95% | -18,97%",,20ddías,16.206.114,16.602.577 | 16.987.422 | 17.241.131 | 17.811.926 | 19.055.622 | 20.000.000,Mediocampista
2026-07-29,Kike Barja,Osasuna,0 | 0 | 0 | 0 | 0 | +10.828,"0,00% | 0,00% | 0,00% | 0,00% | 0,00% | +0,39%",,20ddías,2.810.828,2.810.828 | 2.810.828 | 2.810.828 | 2.810.828 | 2.810.828 | 2.800.000,Delantero
2026-07-29,Areso,Athletic,-43.537 | -76.565 | -117.070 | -293.156 | -703.466 | -1.229.389,"-1,73% | -3,01% | -4,52% | -10,61% | -22,16% | -33,23%",,23ddías,2.470.611,2.514.148 | 2.547.176 | 2.587.681 | 2.763.767 | 3.174.077 | 3.700.000,Defensa
2026-07-29,Aitor,Osasuna,-11.635 | -21.767 | -32.445 | -82.605 | -190.657 | -371.019,"-1,82% | -3,34% | -4,91% | -11,61% | -23,26% | -37,10%",,23ddías,628.981,640.616 | 650.748 | 661.426 | 711.586 | 819.638 | 1.000.000,Portero
2026-07-29,Rubén GarcíaRubén G.,Osasuna,-182.979 | -354.107 | -520.769 | -1.009.026 | -2.331.916 | -3.616.169,"-1,26% | -2,40% | -3,49% | -6,56% | -13,95% | -20,09%",,20ddías,14.383.831,14.566.810 | 14.737.938 | 14.904.600 | 15.392.857 | 16.715.747 | 18.000.000,Mediocampista
2026-07-29,Moi Gómez,Osasuna,-65.793 | -120.991 | -191.429 | -482.399 | -1.124.494 | -2.162.151,"-2,27% | -4,09% | -6,32% | -14,53% | -28,38% | -43,24%",,23ddías,2.837.849,2.903.642 | 2.958.840 | 3.029.278 | 3.320.248 | 3.962.343 | 5.000.000,Mediocampista
2026-07-29,Budimir,Osasuna,-934.696 | -1.536.963 | -2.277.343 | -5.613.580 | +12.267.072 | +12.219.254,"-1,80% | -2,93% | -4,28% | -9,92% | 0% | +31,52%",,9ddías,50.991.870,51.926.566 | 52.528.833 | 53.269.213 | 56.605.450 | 0 | 38.772.616,Delantero
2026-07-29,Ibáñez,Alavés,-68.939 | -123.250 | -197.020 | -541.289 | -1.310.555 | -2.327.441,"-1,84% | -3,25% | -5,09% | -12,85% | -26,30% | -38,79%",,23ddías,3.672.559,3.741.498 | 3.795.809 | 3.869.579 | 4.213.848 | 4.983.114 | 6.000.000,Mediocampista
2026-07-29,Catena,Osasuna,+150.684 | +630.031 | +1.381.249 | +4.045.517 | +8.522.206 | +10.944.677,"+0,37% | +1,56% | +3,49% | +10,96% | +26,28% | +36,48%",,21ddías,40.944.677,40.793.993 | 40.314.646 | 39.563.428 | 36.899.160 | 32.422.471 | 30.000.000,Defensa
2026-07-29,Herrando,Osasuna,-68.330 | -127.555 | -193.500 | -500.257 | -1.140.838 | -2.044.216,"-2,71% | -4,94% | -7,30% | -16,92% | -31,72% | -45,43%",,23ddías,2.455.784,2.524.114 | 2.583.339 | 2.649.284 | 2.956.041 | 3.596.622 | 4.500.000,Defensa
2026-07-29,Iker Muñoz,Osasuna,-47.319 | -91.579 | -141.071 | -357.226 | -800.567 | -1.428.550,"-2,60% | -4,92% | -7,38% | -16,78% | -31,13% | -44,64%",,23ddías,1.771.450,1.818.769 | 1.863.029 | 1.912.521 | 2.128.676 | 2.572.017 | 3.200.000,Mediocampista
2026-07-29,Dimitrievski,Valencia,0 | 0 | 0 | 0 | 0 | +45.877,"0,00% | 0,00% | 0,00% | 0,00% | 0,00% | +0,38%",,20ddías,12.045.877,12.045.877 | 12.045.877 | 12.045.877 | 12.045.877 | 12.045.877 | 12.000.000,Portero
2026-07-29,Ratiu,Rayo,-878.716 | -1.722.043 | -2.563.434 | -6.020.563 | -18.159.942 | -18.233.271,"-2,09% | -4,01% | -5,85% | -12,74% | 0% | -30,67%",,9ddías,41.224.035,42.102.751 | 42.946.078 | 43.787.469 | 47.244.598 | 0 | 59.457.306,Defensa
2026-07-29,Pep Chavarría,Rayo,+248.222 | +604.038 | +990.455 | +2.774.920 | +4.435.549 | +5.974.932,"+1,40% | +3,48% | +5,83% | +18,26% | +32,76% | +49,79%",,22ddías,17.974.932,17.726.710 | 17.370.894 | 16.984.477 | 15.200.012 | 13.539.383 | 12.000.000,Defensa
2026-07-29,Isi,Rayo,-519.428 | -960.862 | -1.405.908 | -434.380 | +2.875.079 | +5.824.540,"-2,43% | -4,41% | -6,32% | -2,04% | +16,02% | +38,83%",,4ddías,20.824.540,21.343.968 | 21.785.402 | 22.230.448 | 21.258.920 | 17.949.461 | 15.000.000,Delantero
2026-07-29,Nteka,Rayo,-42.473 | -83.707 | -123.770 | -316.559 | -706.645 | -1.216.588,"-2,33% | -4,48% | -6,49% | -15,07% | -28,38% | -40,55%",,23ddías,1.783.412,1.825.885 | 1.867.119 | 1.907.182 | 2.099.971 | 2.490.057 | 3.000.000,Delantero
2026-07-29,Cárdenas,Rayo,-17.984 | -35.036 | -53.405 | -137.669 | -320.596 | -599.715,"-2,20% | -4,19% | -6,26% | -14,68% | -28,60% | -42,84%",,23ddías,800.285,818.269 | 835.321 | 853.690 | 937.954 | 1.120.881 | 1.400.000,Portero
2026-07-29,Unai López,Rayo,-27.715 | -25.905 | -29.083 | +49.621 | -385.321 | -895.665,"-0,45% | -0,42% | -0,47% | +0,82% | -5,94% | -12,80%",,1ddías,6.104.335,6.132.050 | 6.130.240 | 6.133.418 | 6.054.714 | 6.489.656 | 7.000.000,Mediocampista
2026-07-29,Álvaro García,Rayo,+87.549 | +321.976 | +438.467 | +1.171.038 | +2.005.577 | +3.013.060,"+0,59% | +2,19% | +3,01% | +8,46% | +15,42% | +25,11%",,7ddías,15.013.060,14.925.511 | 14.691.084 | 14.574.593 | 13.842.022 | 13.007.483 | 12.000.000,Mediocampista
2026-07-29,De Frutos,Rayo,+794.760 | +1.819.033 | +2.649.379 | +6.606.796 | +12.323.438 | +16.551.011,"+1,95% | +4,58% | +6,81% | +18,91% | +42,16% | +66,20%",,22ddías,41.551.011,40.756.251 | 39.731.978 | 38.901.632 | 34.944.215 | 29.227.573 | 25.000.000,Delantero
2026-07-29,Balliu,Rayo,-21.170 | -40.105 | -57.546 | -143.562 | -326.606 | -582.920,"-2,26% | -4,19% | -5,90% | -13,54% | -26,26% | -38,86%",,23ddías,917.080,938.250 | 957.185 | 974.626 | 1.060.642 | 1.243.686 | 1.500.000,Defensa
2026-07-29,Pathé Ciss,Rayo,-69.767 | -150.182 | -192.775 | -406.797 | -861.606 | +709.712,"-0,65% | -1,38% | -1,77% | -3,66% | -7,45% | +7,10%",,12ddías,10.709.712,10.779.479 | 10.859.894 | 10.902.487 | 11.116.509 | 11.571.318 | 10.000.000,Mediocampista
2026-07-29,Valentín,Rayo,-81.493 | -160.707 | -240.157 | -588.979 | -1.307.771 | -2.198.101,"-2,10% | -4,06% | -5,94% | -13,41% | -25,59% | -36,64%",,23ddías,3.801.899,3.883.392 | 3.962.606 | 4.042.056 | 4.390.878 | 5.109.670 | 6.000.000,Mediocampista
2026-07-29,Lejeune,Rayo,-867.666 | -1.690.253 | -2.591.852 | -6.787.776 | -30.773.915 | -30.867.739,"-1,88% | -3,60% | -5,42% | -13,05% | 0% | -40,57%",,9ddías,45.208.169,46.075.835 | 46.898.422 | 47.800.021 | 51.995.945 | 0 | 76.075.908,Defensa
2026-07-29,Camello,Rayo,-54.818 | -111.682 | -178.029 | -430.503 | -974.607 | -1.654.349,"-1,57% | -3,14% | -4,91% | -11,11% | -22,05% | -32,44%",,23ddías,3.445.651,3.500.469 | 3.557.333 | 3.623.680 | 3.876.154 | 4.420.258 | 5.100.000,Delantero
2026-07-29,Courtois,Real Madrid,-206.161 | -407.856 | -612.172 | +261.113 | +6.276.258 | +19.464.175,"-0,35% | -0,68% | -1,02% | +0,44% | +11,80% | +48,66%",,3ddías,59.464.175,59.670.336 | 59.872.031 | 60.076.347 | 59.203.062 | 53.187.917 | 40.000.000,Portero
2026-07-29,Militão,Real Madrid,-587.651 | -1.139.849 | -1.754.786 | -4.357.973 | -9.042.366 | -10.317.180,"-2,90% | -5,47% | -8,19% | -18,13% | -31,48% | -34,39%",,23ddías,19.682.820,20.270.471 | 20.822.669 | 21.437.606 | 24.040.793 | 28.725.186 | 30.000.000,Defensa
2026-07-29,Bellingham,Real Madrid,-1.227.444 | -2.175.914 | -3.158.313 | -30.998.260 | -30.998.260 | -31.161.795,"-1,20% | -2,10% | -3,02% | 0% | 0% | -23,50%",,6ddías,101.437.729,102.665.173 | 103.613.643 | 104.596.042 | 0 | 0 | 132.599.524,Mediocampista
2026-07-29,Vinicius,Real Madrid,-1.964.380 | -3.647.924 | -5.193.313 | -46.554.451 | -46.554.451 | -46.745.226,"-1,79% | -3,27% | -4,59% | 0% | 0% | -30,22%",,6ddías,107.942.068,109.906.448 | 111.589.992 | 113.135.381 | 0 | 0 | 154.687.294,Delantero
2026-07-29,Rodrygo,Real Madrid,-99.904 | -190.546 | -288.511 | -685.646 | -1.147.380 | -575.349,"-2,21% | -4,13% | -6,12% | -13,42% | -20,59% | -11,51%",,13ddías,4.424.651,4.524.555 | 4.615.197 | 4.713.162 | 5.110.297 | 5.572.031 | 5.000.000,Delantero
2026-07-29,Camavinga,Real Madrid,-377.430 | -666.520 | -1.032.661 | -2.440.108 | -5.159.994 | -8.786.470,"-2,42% | -4,20% | -6,36% | -13,82% | -25,33% | -36,61%",,23ddías,15.213.530,15.590.960 | 15.880.050 | 16.246.191 | 17.653.638 | 20.373.524 | 24.000.000,Mediocampista
2026-07-29,Lunin,Real Madrid,-38.734 | -78.369 | -132.131 | -338.083 | -789.373 | -1.269.426,"-1,40% | -2,79% | -4,62% | -11,02% | -22,43% | -31,74%",,23ddías,2.730.574,2.769.308 | 2.808.943 | 2.862.705 | 3.068.657 | 3.519.947 | 4.000.000,Portero
2026-07-29,Valverde,Real Madrid,-1.085.813 | -1.826.875 | -2.787.481 | -6.221.104 | -16.874.864 | -25.830.737,"-1,35% | -2,26% | -3,40% | -7,29% | -17,57% | -24,60%",,23ddías,79.169.263,80.255.076 | 80.996.138 | 81.956.744 | 85.390.367 | 96.044.127 | 105.000.000,Mediocampista
2026-07-29,Tchouaméni,Real Madrid,-1.061.314 | -1.871.826 | -2.890.334 | -5.599.473 | -2.611.006 | -1.636.355,"-1,91% | -3,32% | -5,03% | -9,31% | -4,57% | -2,91%",,8ddías,54.563.645,55.624.959 | 56.435.471 | 57.453.979 | 60.163.118 | 57.174.651 | 56.200.000,Mediocampista
2026-07-29,Fran García,Betis,0 | 0 | 0 | 0 | 0 | -408.843,"0,00% | 0,00% | 0,00% | 0,00% | 0,00% | -4,09%",,21ddías,9.591.157,9.591.157 | 9.591.157 | 9.591.157 | 9.591.157 | 9.591.157 | 10.000.000,Defensa
2026-07-29,Brahim,Real Madrid,-328.227 | -650.112 | -945.072 | -2.058.730 | -4.097.722 | -5.091.413,"-2,15% | -4,18% | -5,96% | -12,13% | -21,56% | -25,46%",,19ddías,14.908.587,15.236.814 | 15.558.699 | 15.853.659 | 16.967.317 | 19.006.309 | 20.000.000,Mediocampista
2026-07-29,Rüdiger,Real Madrid,-484.159 | -805.736 | -1.264.366 | -3.145.948 | -6.424.055 | -8.560.786,"-1,48% | -2,43% | -3,76% | -8,87% | -16,57% | -20,93%",,20ddías,32.339.214,32.823.373 | 33.144.950 | 33.603.580 | 35.485.162 | 38.763.269 | 40.900.000,Defensa
2026-07-29,Mendy,Real Madrid,-32.272 | -63.900 | -96.970 | -244.883 | -551.534 | -875.737,"-2,79% | -5,38% | -7,94% | -17,89% | -32,91% | -43,79%",,23ddías,1.124.263,1.156.535 | 1.188.163 | 1.221.233 | 1.369.146 | 1.675.797 | 2.000.000,Defensa
2026-07-29,Güler,Real Madrid,-1.079.889 | -2.029.529 | -2.854.630 | -5.963.681 | -12.346.149 | -16.026.606,"-1,80% | -3,33% | -4,62% | -9,18% | -17,31% | -21,37%",,23ddías,58.973.394,60.053.283 | 61.002.923 | 61.828.024 | 64.937.075 | 71.319.543 | 75.000.000,Mediocampista
2026-07-29,Remiro,Real Sociedad,+787.695 | +2.012.847 | +2.949.259 | +6.413.831 | +12.253.816 | +16.538.580,"+2,20% | +5,83% | +8,78% | +21,29% | +50,46% | +82,69%",,21ddías,36.538.580,35.750.885 | 34.525.733 | 33.589.321 | 30.124.749 | 24.284.764 | 20.000.000,Portero
2026-07-29,Odriozola,Real Sociedad,-20.550 | -39.969 | -60.321 | -153.379 | -355.616 | -657.046,"-2,38% | -4,53% | -6,68% | -15,39% | -29,67% | -43,80%",,23ddías,842.954,863.504 | 882.923 | 903.275 | 996.333 | 1.198.570 | 1.500.000,Defensa
2026-07-29,Aihen,Real Sociedad,-56.303 | -114.996 | -175.881 | -443.565 | -1.024.841 | -1.846.133,"-2,55% | -5,07% | -7,55% | -17,08% | -32,24% | -46,15%",,23ddías,2.153.867,2.210.170 | 2.268.863 | 2.329.748 | 2.597.432 | 3.178.708 | 4.000.000,Defensa
2026-07-29,Zubeldia,Real Sociedad,-140.156 | -243.995 | -401.741 | -1.000.400 | -2.196.856 | -3.423.685,"-1,31% | -2,25% | -3,66% | -8,64% | -17,20% | -24,45%",,23ddías,10.576.315,10.716.471 | 10.820.310 | 10.978.056 | 11.576.715 | 12.773.171 | 14.000.000,Defensa
2026-07-29,Barrenetxea,Real Sociedad,-121.205 | +129.959 | +391.781 | +2.130.384 | +6.862.826 | +9.408.571,"-0,29% | +0,31% | +0,96% | +5,42% | +19,87% | +29,40%",,1ddías,41.408.571,41.529.776 | 41.278.612 | 41.016.790 | 39.278.187 | 34.545.745 | 32.000.000,Mediocampista
2026-07-29,Marín,Real Sociedad,-86.789 | -173.296 | -262.673 | -640.355 | -1.434.372 | -2.305.874,"-3,12% | -6,04% | -8,88% | -19,20% | -34,74% | -46,12%",,23ddías,2.694.126,2.780.915 | 2.867.422 | 2.956.799 | 3.334.481 | 4.128.498 | 5.000.000,Mediocampista
2026-07-29,Oyarzabal,Real Sociedad,-1.430.791 | -2.726.807 | -4.065.274 | -10.761.694 | -37.736.499 | -37.877.776,"-1,83% | -3,43% | -5,04% | -12,31% | 0% | -33,07%",,7ddías,76.674.675,78.105.466 | 79.401.482 | 80.739.949 | 87.436.369 | 0 | 114.552.451,Delantero
2026-07-29,Zakharyan,Real Sociedad,-44.211 | -86.794 | -134.498 | -341.969 | -772.862 | -1.392.941,"-2,68% | -5,12% | -7,72% | -17,55% | -32,47% | -46,43%",,23ddías,1.607.059,1.651.270 | 1.693.853 | 1.741.557 | 1.949.028 | 2.379.921 | 3.000.000,Mediocampista
2026-07-29,Kubo,Real Sociedad,-615.621 | -1.169.930 | -1.730.138 | -4.234.109 | -5.911.883 | -2.585.714,"-2,19% | -4,08% | -5,92% | -13,34% | -17,69% | -8,59%",,12ddías,27.514.286,28.129.907 | 28.684.216 | 29.244.424 | 31.748.395 | 33.426.169 | 30.100.000,Mediocampista
2026-07-29,Olasagasti,Levante,-57.761 | -114.690 | -189.644 | -515.507 | -1.307.063 | -2.233.271,"-1,51% | -2,95% | -4,79% | -12,04% | -25,76% | -37,22%",,23ddías,3.766.729,3.824.490 | 3.881.419 | 3.956.373 | 4.282.236 | 5.073.792 | 6.000.000,Mediocampista
2026-07-29,Sadiq,Valencia,-336.065 | -597.015 | -830.196 | -1.672.985 | -3.339.912 | -5.254.079,"-3,03% | -5,26% | -7,17% | -13,47% | -23,71% | -32,84%",,21ddías,10.745.921,11.081.986 | 11.342.936 | 11.576.117 | 12.418.906 | 14.085.833 | 16.000.000,Delantero
2026-07-29,Pacheco,Real Sociedad,0 | 0 | 0 | 0 | 0 | +15.452,"0,00% | 0,00% | 0,00% | 0,00% | 0,00% | +0,39%",,20ddías,4.015.452,4.015.452 | 4.015.452 | 4.015.452 | 4.015.452 | 4.015.452 | 4.000.000,Defensa
2026-07-29,Turrientes,Real Sociedad,-131.861 | -228.740 | -366.259 | -853.072 | -2.009.474 | -2.055.655,"-1,63% | -2,80% | -4,41% | -9,70% | -20,19% | -20,56%",,20ddías,7.944.345,8.076.206 | 8.173.085 | 8.310.604 | 8.797.417 | 9.953.819 | 10.000.000,Mediocampista
2026-07-29,Le Normand,Atlético,-200.744 | -338.973 | -522.350 | -968.926 | -1.823.798 | -2.972.276,"-1,73% | -2,88% | -4,37% | -7,82% | -13,76% | -20,64%",,18ddías,11.427.724,11.628.468 | 11.766.697 | 11.950.074 | 12.396.650 | 13.251.522 | 14.400.000,Defensa
2026-07-29,Marrero,Real Sociedad,-40.779 | -81.336 | -125.262 | -329.223 | -761.870 | -1.347.454,"-2,41% | -4,69% | -7,05% | -16,61% | -31,56% | -44,92%",,23ddías,1.652.546,1.693.325 | 1.733.882 | 1.777.808 | 1.981.769 | 2.414.416 | 3.000.000,Portero
2026-07-29,Fraga,Real Sociedad,0 | 0 | 0 | 0 | 0 | +2.234,"0,00% | 0,00% | 0,00% | 0,00% | 0,00% | +0,37%",,20ddías,602.234,602.234 | 602.234 | 602.234 | 602.234 | 602.234 | 600.000,Portero
2026-07-29,Urko,Espanyol,-79.271 | -133.185 | -206.716 | -464.626 | -1.090.873 | -1.726.058,"-1,48% | -2,46% | -3,77% | -8,10% | -17,14% | -24,66%",,20ddías,5.273.942,5.353.213 | 5.407.127 | 5.480.658 | 5.738.568 | 6.364.815 | 7.000.000,Mediocampista
2026-07-29,Dmitrovic,Espanyol,+709.112 | +1.508.216 | +2.099.049 | +4.343.488 | +8.017.539 | +10.458.419,"+2,87% | +6,30% | +8,99% | +20,57% | +45,97% | +69,72%",,22ddías,25.458.419,24.749.307 | 23.950.203 | 23.359.370 | 21.114.931 | 17.440.880 | 15.000.000,Portero
2026-07-29,Gattoni,Sevilla,-6.206 | -10.683 | -15.470 | -39.510 | -90.213 | -201.308,"-1,23% | -2,10% | -3,01% | -7,34% | -15,32% | -28,76%",,23ddías,498.692,504.898 | 509.375 | 514.162 | 538.202 | 588.905 | 700.000,Defensa
2026-07-29,Pedrosa,Sevilla,0 | 0 | 0 | 0 | 0 | +12.788,"0,00% | 0,00% | 0,00% | 0,00% | 0,00% | +0,39%",,20ddías,3.312.788,3.312.788 | 3.312.788 | 3.312.788 | 3.312.788 | 3.312.788 | 3.300.000,Defensa
2026-07-29,Jordan,Sevilla,-14.922 | -28.477 | -42.722 | -108.697 | -251.474 | -492.131,"-2,06% | -3,87% | -5,69% | -13,31% | -26,21% | -41,01%",,23ddías,707.869,722.791 | 736.346 | 750.591 | 816.566 | 959.343 | 1.200.000,Mediocampista
2026-07-29,Rafa Mir,Sevilla,0 | 0 | 0 | 0 | 0 | +27.127,"0,00% | 0,00% | 0,00% | 0,00% | 0,00% | +0,39%",,20ddías,7.027.127,7.027.127 | 7.027.127 | 7.027.127 | 7.027.127 | 7.027.127 | 7.000.000,Delantero
2026-07-29,Mariano,Alavés,-41.178 | -82.621 | -125.003 | -304.315 | -699.244 | -1.280.838,"-2,82% | -5,50% | -8,10% | -17,66% | -33,01% | -47,44%",,23ddías,1.419.162,1.460.340 | 1.501.783 | 1.544.165 | 1.723.477 | 2.118.406 | 2.700.000,Delantero
2026-07-29,Sow,Sevilla,-65.007 | -105.555 | -170.296 | -544.644 | -1.373.605 | -1.379.368,"-0,75% | -1,21% | -1,94% | -5,94% | -13,74% | -13,79%",,18ddías,8.620.632,8.685.639 | 8.726.187 | 8.790.928 | 9.165.276 | 9.994.237 | 10.000.000,Mediocampista
2026-07-29,Marcão,Sevilla,-23.535 | -46.063 | -69.654 | -167.267 | -377.763 | -685.404,"-2,51% | -4,79% | -7,08% | -15,46% | -29,23% | -42,84%",,23ddías,914.596,938.131 | 960.659 | 984.250 | 1.081.863 | 1.292.359 | 1.600.000,Defensa
2026-07-29,Juanlu,Sevilla,-51.615 | -82.997 | -129.740 | -371.790 | -966.469 | -1.825.541,"-1,60% | -2,55% | -3,93% | -10,48% | -23,34% | -36,51%",,24ddías,3.174.459,3.226.074 | 3.257.456 | 3.304.199 | 3.546.249 | 4.140.928 | 5.000.000,Mediocampista
2026-07-29,Manu Bueno,Sevilla,0 | 0 | 0 | 0 | 0 | +2.099,"0,00% | 0,00% | 0,00% | 0,00% | 0,00% | +0,26%",,20ddías,802.099,802.099 | 802.099 | 802.099 | 802.099 | 802.099 | 800.000,Mediocampista
2026-07-29,Diakhaby,Valencia,-219.882 | -499.751 | -802.061 | -802.061 | -802.061 | -767.653,"-2,60% | -5,72% | -8,88% | -8,88% | -8,88% | -8,53%",,3ddías,8.232.347,8.452.229 | 8.732.098 | 9.034.408 | 9.034.408 | 9.034.408 | 9.000.000,Defensa
2026-07-29,Javi Guerra,Valencia,-316.756 | -458.920 | -588.344 | -1.470.452 | +23.225.720 | +23.222.105,"-1,20% | -1,72% | -2,20% | -5,32% | 0% | +792,30%",,13ddías,26.153.071,26.469.827 | 26.611.991 | 26.741.415 | 27.623.523 | 0 | 2.930.966,Mediocampista
2026-07-29,Duro,Valencia,-154.165 | -296.268 | -409.856 | -843.617 | -1.997.351 | -2.227.477,"-1,55% | -2,94% | -4,03% | -7,95% | -16,97% | -18,56%",,18ddías,9.772.523,9.926.688 | 10.068.791 | 10.182.379 | 10.616.140 | 11.769.874 | 12.000.000,Delantero
2026-07-29,Almeida,Valencia,-97.307 | -184.639 | -281.757 | -704.654 | -1.559.753 | -2.691.419,"-2,56% | -4,74% | -7,06% | -15,97% | -29,61% | -42,05%",,23ddías,3.708.581,3.805.888 | 3.893.220 | 3.990.338 | 4.413.235 | 5.268.334 | 6.400.000,Mediocampista
2026-07-29,Rivero,Valencia,-12.225 | -22.971 | -34.289 | -60.840 | -166.377 | -356.860,"-1,87% | -3,45% | -5,06% | -8,64% | -20,55% | -35,69%",,6ddías,643.140,655.365 | 666.111 | 677.429 | 703.980 | 809.517 | 1.000.000,Portero
2026-07-29,Gayà,Valencia,-238.136 | -423.575 | -666.007 | -1.446.998 | -2.989.317 | -4.842.281,"-1,78% | -3,12% | -4,82% | -9,91% | -18,51% | -26,90%",,23ddías,13.157.719,13.395.855 | 13.581.294 | 13.823.726 | 14.604.717 | 16.147.036 | 18.000.000,Defensa
2026-07-29,Diego López,Valencia,-110.249 | -219.926 | -334.586 | -838.942 | -1.822.542 | -2.391.802,"-2,96% | -5,75% | -8,49% | -18,86% | -33,56% | -39,86%",,23ddías,3.608.198,3.718.447 | 3.828.124 | 3.942.784 | 4.447.140 | 5.430.740 | 6.000.000,Delantero
2026-07-29,Pepelu,Valencia,-140.525 | -263.424 | -426.500 | -843.738 | -1.865.298 | -1.303.397,"-1,59% | -2,94% | -4,67% | -8,84% | -17,66% | -13,03%",,18ddías,8.696.603,8.837.128 | 8.960.027 | 9.123.103 | 9.540.341 | 10.561.901 | 10.000.000,Mediocampista
2026-07-29,Foulquier,Valencia,0 | 0 | 0 | 0 | 0 | +14.144,"0,00% | 0,00% | 0,00% | 0,00% | 0,00% | +0,38%",,20ddías,3.714.144,3.714.144 | 3.714.144 | 3.714.144 | 3.714.144 | 3.714.144 | 3.700.000,Defensa
2026-07-29,Jesús Vázquez,Valencia,-62.507 | -116.027 | -175.587 | -445.039 | -1.045.085 | -1.872.028,"-2,61% | -4,75% | -7,01% | -16,05% | -30,98% | -44,57%",,23ddías,2.327.972,2.390.479 | 2.443.999 | 2.503.559 | 2.773.011 | 3.373.057 | 4.200.000,Defensa
2026-07-29,Fran Pérez,Rayo,-29.624 | -53.965 | -82.921 | -208.087 | -468.465 | -860.487,"-2,53% | -4,52% | -6,78% | -15,44% | -29,13% | -43,02%",,23ddías,1.139.513,1.169.137 | 1.193.478 | 1.222.434 | 1.347.600 | 1.607.978 | 2.000.000,Mediocampista
2026-07-29,Hugo González,Celta,0 | 0 | 0 | 0 | 0 | +5.646,"0,00% | 0,00% | 0,00% | 0,00% | 0,00% | +0,38%",,20ddías,1.505.646,1.505.646 | 1.505.646 | 1.505.646 | 1.505.646 | 1.505.646 | 1.500.000,Mediocampista
2026-07-29,Tárrega,Valencia,-93.492 | -169.574 | -266.055 | -857.654 | -1.951.055 | -2.934.758,"-0,97% | -1,74% | -2,71% | -8,23% | -16,94% | -23,48%",,23ddías,9.565.242,9.658.734 | 9.734.816 | 9.831.297 | 10.422.896 | 11.516.297 | 12.500.000,Defensa
2026-07-29,Iranzo,Valencia,0 | 0 | 0 | 0 | 0 | +2.292,"0,00% | 0,00% | 0,00% | 0,00% | 0,00% | +0,38%",,20ddías,602.292,602.292 | 602.292 | 602.292 | 602.292 | 602.292 | 600.000,Defensa
2026-07-29,Comesaña,Villarreal,-708.180 | -1.426.332 | -1.814.623 | -3.012.398 | -5.477.600 | -7.508.016,"-2,40% | -4,72% | -5,93% | -9,47% | -15,98% | -20,68%",,23ddías,28.791.984,29.500.164 | 30.218.316 | 30.606.607 | 31.804.382 | 34.269.584 | 36.300.000,Mediocampista
2026-07-29,Gerard,Villarreal,-378.999 | -673.892 | -1.070.376 | -2.742.663 | -5.869.654 | -8.381.369,"-1,18% | -2,09% | -3,27% | -7,98% | -15,66% | -20,95%",,23ddías,31.618.631,31.997.630 | 32.292.523 | 32.689.007 | 34.361.294 | 37.488.285 | 40.000.000,Delantero
2026-07-29,Foyth,Villarreal,0 | 0 | 0 | 0 | 0 | +47.789,"0,00% | 0,00% | 0,00% | 0,00% | 0,00% | +0,38%",,20ddías,12.547.789,12.547.789 | 12.547.789 | 12.547.789 | 12.547.789 | 12.547.789 | 12.500.000,Defensa
2026-07-29,Sörloth,Atlético,-481.635 | -851.381 | -1.210.298 | -2.993.807 | -6.864.382 | -10.319.534,"-1,60% | -2,79% | -3,92% | -9,16% | -18,78% | -25,80%",,23ddías,29.680.466,30.162.101 | 30.531.847 | 30.890.764 | 32.674.273 | 36.544.848 | 40.000.000,Delantero
2026-07-29,Baena,Atlético,+598.281 | +2.071.230 | +3.520.943 | +10.131.748 | +21.125.473 | +25.946.111,"+0,85% | +3,01% | +5,22% | +16,66% | +42,40% | +57,66%",,22ddías,70.946.111,70.347.830 | 68.874.881 | 67.425.168 | 60.814.363 | 49.820.638 | 45.000.000,Mediocampista
2026-07-29,Femenia,Getafe,-64.607 | -123.199 | -186.208 | -516.177 | -1.235.550 | -2.081.064,"-1,62% | -3,05% | -4,54% | -11,64% | -23,97% | -34,68%",,23ddías,3.918.936,3.983.543 | 4.042.135 | 4.105.144 | 4.435.113 | 5.154.486 | 6.000.000,Defensa
2026-07-29,Terrats,Getafe,0 | 0 | 0 | 0 | 0 | +10.495,"0,00% | 0,00% | 0,00% | 0,00% | 0,00% | +0,37%",,20ddías,2.810.495,2.810.495 | 2.810.495 | 2.810.495 | 2.810.495 | 2.810.495 | 2.800.000,Mediocampista
2026-07-29,Denis Suárez,Alavés,-87.468 | -172.203 | -265.948 | -654.005 | -1.509.621 | -2.544.273,"-2,47% | -4,75% | -7,15% | -15,91% | -30,40% | -42,40%",,23ddías,3.455.727,3.543.195 | 3.627.930 | 3.721.675 | 4.109.732 | 4.965.348 | 6.000.000,Mediocampista
2026-07-29,Akhomach,Villarreal,0 | 0 | 0 | 0 | 0 | +30.121,"0,00% | 0,00% | 0,00% | 0,00% | 0,00% | +0,38%",,20ddías,8.030.121,8.030.121 | 8.030.121 | 8.030.121 | 8.030.121 | 8.030.121 | 8.000.000,Delantero
2026-07-29,Altimira,Deportivo,-112.158 | -213.336 | -275.397 | -495.702 | -1.149.668 | -1.046.626,"-1,85% | -3,46% | -4,42% | -7,69% | -16,19% | -14,95%",,17ddías,5.953.374,6.065.532 | 6.166.710 | 6.228.771 | 6.449.076 | 7.103.042 | 7.000.000,Defensa
2026-07-29,Manu Sánchez,Levante,-95.023 | -281.641 | -481.568 | -481.568 | -481.568 | -459.057,"-1,69% | -4,84% | -8,00% | -8,00% | -8,00% | -7,65%",,3ddías,5.540.943,5.635.966 | 5.822.584 | 6.022.511 | 6.022.511 | 6.022.511 | 6.000.000,Defensa
2026-07-29,Raúl García,Osasuna,-64.553 | -135.447 | -202.648 | -494.736 | -1.130.864 | -2.017.533,"-2,35% | -4,81% | -7,02% | -15,57% | -29,66% | -42,93%",,23ddías,2.682.467,2.747.020 | 2.817.914 | 2.885.115 | 3.177.203 | 3.813.331 | 4.700.000,Delantero
2026-07-29,Kike Salas,Sevilla,-120.262 | -330.211 | -517.466 | -1.030.025 | -2.423.518 | -3.401.387,"-0,95% | -2,55% | -3,95% | -7,56% | -16,13% | -21,26%",,21ddías,12.598.613,12.718.875 | 12.928.824 | 13.116.079 | 13.628.638 | 15.022.131 | 16.000.000,Defensa
2026-07-29,F. Carreras,Real Madrid,-486.887 | -956.092 | -1.413.043 | -3.278.119 | -6.865.523 | -10.980.396,"-2,54% | -4,86% | -7,02% | -14,90% | -26,83% | -36,97%",,23ddías,18.719.604,19.206.491 | 19.675.696 | 20.132.647 | 21.997.723 | 25.585.127 | 29.700.000,Defensa
2026-07-29,Giuliano,Atlético,+339.013 | +1.245.764 | +2.038.297 | +5.811.823 | +14.098.295 | +19.875.901,"+0,62% | +2,32% | +3,86% | +11,85% | +34,57% | +56,79%",,21ddías,54.875.901,54.536.888 | 53.630.137 | 52.837.604 | 49.064.078 | 40.777.606 | 35.000.000,Delantero
2026-07-29,Batalla,Rayo,+589.913 | +1.617.684 | +2.368.970 | +5.127.183 | +9.782.622 | +13.858.648,"+1,77% | +5,02% | +7,52% | +17,85% | +40,63% | +69,29%",,22ddías,33.858.648,33.268.735 | 32.240.964 | 31.489.678 | 28.731.465 | 24.076.026 | 20.000.000,Portero
2026-07-29,Romero,Sevilla,-82.726 | -182.242 | -261.166 | -608.317 | -1.610.522 | -1.562.303,"-1,27% | -2,75% | -3,90% | -8,63% | -20,01% | -19,53%",,19ddías,6.437.697,6.520.423 | 6.619.939 | 6.698.863 | 7.046.014 | 8.048.219 | 8.000.000,Delantero
2026-07-29,Cardoso,Atlético,-261.416 | -525.340 | -787.819 | -1.946.568 | -4.291.327 | -5.858.539,"-2,78% | -5,43% | -7,93% | -17,56% | -31,95% | -39,06%",,20ddías,9.141.461,9.402.877 | 9.666.801 | 9.929.280 | 11.088.029 | 13.432.788 | 15.000.000,Mediocampista
2026-07-29,Moriba,Celta,+10.049 | +93.096 | +89.225 | -531.221 | -2.163.959 | -3.295.773,"+0,12% | +1,08% | +1,04% | -5,75% | -19,91% | -27,46%",,2ddías,8.704.227,8.694.178 | 8.611.131 | 8.615.002 | 9.235.448 | 10.868.186 | 12.000.000,Mediocampista
2026-07-29,Agoume,Sevilla,-54.423 | -101.160 | -164.602 | -369.938 | -1.019.168 | -499.397,"-0,90% | -1,66% | -2,67% | -5,81% | -14,52% | -7,68%",,18ddías,6.000.603,6.055.026 | 6.101.763 | 6.165.205 | 6.370.541 | 7.019.771 | 6.500.000,Mediocampista
2026-07-29,Guedes,Real Sociedad,-1.327.483 | -2.651.347 | -4.057.511 | -9.530.972 | -5.680.125 | -5.752.957,"-2,43% | -4,74% | -7,07% | -15,17% | 0% | -9,74%",,8ddías,53.301.130,54.628.613 | 55.952.477 | 57.358.641 | 62.832.102 | 0 | 59.054.087,Delantero
2026-07-29,Fort,Barcelona,0 | 0 | 0 | 0 | 0 | +19.376,"0,00% | 0,00% | 0,00% | 0,00% | 0,00% | +0,39%",,20ddías,5.019.376,5.019.376 | 5.019.376 | 5.019.376 | 5.019.376 | 5.019.376 | 5.000.000,Defensa
2026-07-29,Fornals,Betis,-2.068.570 | -4.077.466 | -6.138.707 | -66.772.213 | -66.772.213 | -66.949.149,"-2,63% | -5,06% | -7,43% | 0% | 0% | -46,67%",,6ddías,76.517.087,78.585.657 | 80.594.553 | 82.655.794 | 0 | 0 | 143.466.236,Mediocampista
2026-07-29,Juanmi,Getafe,-19.621 | -38.071 | -57.414 | -145.999 | -312.839 | -679.357,"-2,34% | -4,43% | -6,54% | -15,10% | -27,60% | -45,29%",,23ddías,820.643,840.264 | 858.714 | 878.057 | 966.642 | 1.133.482 | 1.500.000,Delantero
2026-07-29,Joan Garcia,Barcelona,0 | 0 | 0 | 0 | 0 | +193.416,"0,00% | 0,00% | 0,00% | 0,00% | 0,00% | +0,39%",,20ddías,50.193.416,50.193.416 | 50.193.416 | 50.193.416 | 50.193.416 | 50.193.416 | 50.000.000,Portero
2026-07-29,Calero,Málaga,0 | 0 | 0 | 0 | 0 | +13.120,"0,00% | 0,00% | 0,00% | 0,00% | 0,00% | +0,37%",,20ddías,3.513.120,3.513.120 | 3.513.120 | 3.513.120 | 3.513.120 | 3.513.120 | 3.500.000,Defensa
2026-07-29,Cabrera,Espanyol,-144.428 | -252.716 | -400.507 | -931.281 | -1.824.245 | +6.028.381,"-0,83% | -1,44% | -2,26% | -5,11% | -9,54% | +53,48%",,16ddías,17.301.047,17.445.475 | 17.553.763 | 17.701.554 | 18.232.328 | 19.125.292 | 11.272.666,Defensa
2026-07-29,Puado,Espanyol,-336.264 | -680.224 | -1.022.218 | -2.434.741 | -4.982.005 | -4.067.364,"-2,98% | -5,86% | -8,55% | -18,21% | -31,30% | -27,12%",,14ddías,10.932.636,11.268.900 | 11.612.860 | 11.954.854 | 13.367.377 | 15.914.641 | 15.000.000,Mediocampista
2026-07-29,Lozano,Espanyol,-60.548 | -127.591 | -192.679 | -477.012 | -1.112.197 | -1.956.332,"-1,95% | -4,02% | -5,95% | -13,55% | -26,76% | -39,13%",,23ddías,3.043.668,3.104.216 | 3.171.259 | 3.236.347 | 3.520.680 | 4.155.865 | 5.000.000,Mediocampista
2026-07-29,Pere Milla,Espanyol,+1.834 | +39.125 | +70.257 | +613.133 | +882.530 | +2.815.430,"+0,02% | +0,36% | +0,65% | +6,01% | +8,88% | +35,19%",,12ddías,10.815.430,10.813.596 | 10.776.305 | 10.745.173 | 10.202.297 | 9.932.900 | 8.000.000,Delantero
2026-07-29,Jofre,Espanyol,-41.604 | -80.603 | -122.697 | -303.150 | -683.762 | -1.232.159,"-2,58% | -4,89% | -7,26% | -16,20% | -30,37% | -44,01%",,23ddías,1.567.841,1.609.445 | 1.648.444 | 1.690.538 | 1.870.991 | 2.251.603 | 2.800.000,Delantero
2026-07-29,Edu Expósito,Espanyol,-345.065 | -676.269 | -1.114.101 | -2.845.828 | -12.047.482 | -12.098.315,"-1,17% | -2,27% | -3,69% | -8,90% | 0% | -29,35%",,12ddías,29.118.911,29.463.976 | 29.795.180 | 30.233.012 | 31.964.739 | 0 | 41.217.226,Mediocampista
2026-07-29,El Hilali,Espanyol,+80.232 | +181.690 | +265.291 | +675.124 | +722.097 | +1.145.006,"+1,22% | +2,81% | +4,16% | +11,31% | +12,19% | +20,82%",,7ddías,6.645.006,6.564.774 | 6.463.316 | 6.379.715 | 5.969.882 | 5.922.909 | 5.500.000,Defensa
2026-07-29,Rubén Sánchez,Espanyol,-9.595 | -17.601 | -26.065 | -66.408 | -152.907 | -319.985,"-1,63% | -2,95% | -4,30% | -10,27% | -20,86% | -35,55%",,23ddías,580.015,589.610 | 597.616 | 606.080 | 646.423 | 732.922 | 900.000,Mediocampista
2026-07-29,Fortuño,Espanyol,-15.992 | -30.663 | -46.069 | -85.326 | -228.870 | -466.439,"-2,13% | -4,01% | -5,91% | -10,42% | -23,78% | -38,87%",,3ddías,733.561,749.553 | 764.224 | 779.630 | 818.887 | 962.431 | 1.200.000,Portero
2026-07-29,Boyomo,Osasuna,+330.293 | +797.731 | +1.190.425 | +2.758.103 | +4.847.052 | +5.198.105,"+1,66% | +4,11% | +6,26% | +15,81% | +31,57% | +34,65%",,19ddías,20.198.105,19.867.812 | 19.400.374 | 19.007.680 | 17.440.002 | 15.351.053 | 15.000.000,Defensa
2026-07-29,Raul Moro,Osasuna,-32.919 | -36.262 | -132.606 | -591.265 | -1.660.330 | -1.607.630,"-0,32% | -0,35% | -1,26% | -5,38% | -13,78% | -13,40%",,18ddías,10.392.370,10.425.289 | 10.428.632 | 10.524.976 | 10.983.635 | 12.052.700 | 12.000.000,Delantero
2026-07-29,Conde,Betis,-88.133 | -177.362 | -240.966 | -403.917 | -910.531 | -1.374.960,"-2,74% | -5,37% | -7,16% | -11,45% | -22,56% | -30,55%",,21ddías,3.125.040,3.213.173 | 3.302.402 | 3.366.006 | 3.528.957 | 4.035.571 | 4.500.000,Portero
2026-07-29,Raba,Valencia,-62.957 | -121.330 | -181.086 | -445.505 | -1.034.708 | -2.066.941,"-2,52% | -4,75% | -6,93% | -15,48% | -29,84% | -45,93%",,23ddías,2.433.059,2.496.016 | 2.554.389 | 2.614.145 | 2.878.564 | 3.467.767 | 4.500.000,Delantero
2026-07-29,Serrano,Athletic,-40.240 | -81.891 | -125.861 | -314.746 | -695.041 | -1.360.668,"-2,72% | -5,38% | -8,04% | -17,94% | -32,56% | -48,60%",,24ddías,1.439.332,1.479.572 | 1.521.223 | 1.565.193 | 1.754.078 | 2.134.373 | 2.800.000,Delantero
2026-07-29,Mouriño,Villarreal,+353.848 | +957.574 | +1.573.914 | +3.780.188 | +7.780.639 | +9.704.443,"+1,09% | +3,02% | +5,06% | +13,07% | +31,22% | +42,19%",,21ddías,32.704.443,32.350.595 | 31.746.869 | 31.130.529 | 28.924.255 | 24.923.804 | 23.000.000,Defensa
2026-07-29,Rosier,Osasuna,-264.079 | -495.924 | -727.841 | -1.195.295 | -1.921.669 | -1.481.812,"-2,70% | -4,95% | -7,10% | -11,16% | -16,80% | -13,47%",,18ddías,9.518.188,9.782.267 | 10.014.112 | 10.246.029 | 10.713.483 | 11.439.857 | 11.000.000,Defensa
2026-07-29,Romero,Villarreal,0 | 0 | 0 | 0 | 0 | +131.220,"0,00% | 0,00% | 0,00% | 0,00% | 0,00% | +0,37%",,20ddías,35.131.220,35.131.220 | 35.131.220 | 35.131.220 | 35.131.220 | 35.131.220 | 35.000.000,Defensa
2026-07-29,Mbappé,Real Madrid,-1.546.633 | -2.152.136 | -3.290.541 | -22.559.759 | -22.559.759 | -22.751.755,"-1,15% | -1,59% | -2,42% | 0% | 0% | -14,61%",,5ddías,132.925.680,134.472.313 | 135.077.816 | 136.216.221 | 0 | 0 | 155.677.435,Delantero
2026-07-29,Carlos Martín,Atlético,0 | 0 | 0 | 0 | 0 | -81.510,"0,00% | 0,00% | 0,00% | 0,00% | 0,00% | -3,54%",,20ddías,2.218.490,2.218.490 | 2.218.490 | 2.218.490 | 2.218.490 | 2.218.490 | 2.300.000,Mediocampista
2026-07-29,Carreira,Celta,-112.407 | -201.263 | -316.797 | -795.741 | -1.618.998 | -736.093,"-1,52% | -2,70% | -4,18% | -9,87% | -18,23% | -9,20%",,17ddías,7.263.907,7.376.314 | 7.465.170 | 7.580.704 | 8.059.648 | 8.882.905 | 8.000.000,Defensa
2026-07-29,Sergio Gómez,Real Sociedad,-304.079 | -561.477 | -799.419 | -1.810.794 | -3.630.352 | -5.222.012,"-1,51% | -2,76% | -3,88% | -8,39% | -15,51% | -20,89%",,23ddías,19.777.988,20.082.067 | 20.339.465 | 20.577.407 | 21.588.782 | 23.408.340 | 25.000.000,Defensa
2026-07-29,Peque,Sevilla,-64.214 | -122.964 | -195.481 | -481.201 | -1.107.466 | -1.971.366,"-2,48% | -4,64% | -7,18% | -15,99% | -30,46% | -43,81%",,23ddías,2.528.634,2.592.848 | 2.651.598 | 2.724.115 | 3.009.835 | 3.636.100 | 4.500.000,Delantero
2026-07-29,Ejuke,Sevilla,-57.745 | -105.288 | -166.100 | -390.489 | -947.890 | -1.577.544,"-1,66% | -2,98% | -4,63% | -10,24% | -21,69% | -31,55%",,23ddías,3.422.456,3.480.201 | 3.527.744 | 3.588.556 | 3.812.945 | 4.370.346 | 5.000.000,Delantero
2026-07-29,Kambwala,Villarreal,-40.693 | -82.132 | -124.125 | -327.555 | -742.364 | -1.328.674,"-2,38% | -4,68% | -6,91% | -16,39% | -30,76% | -44,29%",,23ddías,1.671.326,1.712.019 | 1.753.458 | 1.795.451 | 1.998.881 | 2.413.690 | 3.000.000,Defensa
2026-07-29,Andrés Martín,Racing,-362.818 | -602.881 | -824.940 | -2.080.819 | -5.470.260 | +21.778.432,"-1,52% | -2,50% | -3,39% | -8,12% | -18,86% | 0%",,14ddías,23.529.740,23.892.558 | 24.132.621 | 24.354.680 | 25.610.559 | 29.000.000 | 0,Delantero
2026-07-29,Danjuma,Valencia,-68.521 | -120.203 | -168.049 | -429.555 | -938.357 | -1.508.749,"-1,50% | -2,61% | -3,61% | -8,73% | -17,28% | -25,15%",,23ddías,4.491.251,4.559.772 | 4.611.454 | 4.659.300 | 4.920.806 | 5.429.608 | 6.000.000,Delantero
2026-07-29,Pépé,Villarreal,-1.212.132 | -2.383.837 | -3.627.343 | -9.015.679 | -33.315.275 | -33.428.835,"-2,02% | -3,91% | -5,82% | -13,32% | 0% | -36,30%",,8ddías,58.649.662,59.861.794 | 61.033.499 | 62.277.005 | 67.665.341 | 0 | 92.078.497,Delantero
2026-07-29,Pape Gueye,Villarreal,-461.052 | -784.869 | -1.218.591 | -3.002.962 | -7.269.734 | -10.508.244,"-1,15% | -1,95% | -2,99% | -7,07% | -15,55% | -21,02%",,23ddías,39.491.756,39.952.808 | 40.276.625 | 40.710.347 | 42.494.718 | 46.761.490 | 50.000.000,Mediocampista
2026-07-29,Losada,Betis,0 | 0 | 0 | 0 | 0 | +9.378,"0,00% | 0,00% | 0,00% | 0,00% | 0,00% | +0,38%",,20ddías,2.509.378,2.509.378 | 2.509.378 | 2.509.378 | 2.509.378 | 2.509.378 | 2.500.000,Delantero
2026-07-29,D. Llorente,Betis,+170.519 | +396.128 | +541.206 | +1.029.614 | +548.091 | +1.878.834,"+1,79% | +4,27% | +5,92% | +11,90% | +6,00% | +24,09%",,7ddías,9.678.834,9.508.315 | 9.282.706 | 9.137.628 | 8.649.220 | 9.130.743 | 7.800.000,Defensa
2026-07-29,Bretones,Osasuna,+32.239 | +69.881 | +91.205 | +80.078 | -102.828 | -337.604,"+1,67% | +3,69% | +4,87% | +4,25% | -4,98% | -14,68%",,5ddías,1.962.396,1.930.157 | 1.892.515 | 1.871.191 | 1.882.318 | 2.065.224 | 2.300.000,Defensa
2026-07-29,Pedro Díaz,Rayo,-40.741 | -74.778 | -117.005 | -334.468 | -823.679 | -1.704.491,"-1,74% | -3,15% | -4,85% | -12,72% | -26,41% | -42,61%",,24ddías,2.295.509,2.336.250 | 2.370.287 | 2.412.514 | 2.629.977 | 3.119.188 | 4.000.000,Mediocampista
2026-07-29,L. Sucic,Real Sociedad,-73.388 | -126.818 | -189.228 | -486.580 | -1.068.204 | -1.487.384,"-1,71% | -2,92% | -4,30% | -10,35% | -20,23% | -26,09%",,20ddías,4.212.616,4.286.004 | 4.339.434 | 4.401.844 | 4.699.196 | 5.280.820 | 5.700.000,Mediocampista
2026-07-29,Álvaro,Deportivo,-96.484 | -175.795 | -320.191 | -882.060 | -1.957.109 | -3.362.702,"-1,55% | -2,78% | -4,96% | -12,57% | -24,18% | -35,40%",,23ddías,6.137.298,6.233.782 | 6.313.093 | 6.457.489 | 7.019.358 | 8.094.407 | 9.500.000,Portero
2026-07-29,Letácek,Getafe,-22.236 | -49.298 | -77.612 | -205.358 | -481.702 | -875.283,"-2,12% | -4,59% | -7,04% | -16,69% | -31,98% | -46,07%",,23ddías,1.024.717,1.046.953 | 1.074.015 | 1.102.329 | 1.230.075 | 1.506.419 | 1.900.000,Portero
2026-07-29,Alvarez,Atlético,-617.091 | -670.805 | -926.249 | -1.690.358 | +27.559.190 | +27.499.809,"-0,81% | -0,88% | -1,21% | -2,19% | 0% | +57,12%",,4ddías,75.647.584,76.264.675 | 76.318.389 | 76.573.833 | 77.337.942 | 0 | 48.147.775,Delantero
2026-07-29,Padilla,Athletic,0 | 0 | 0 | 0 | 0 | +5.588,"0,00% | 0,00% | 0,00% | 0,00% | 0,00% | +0,37%",,20ddías,1.505.588,1.505.588 | 1.505.588 | 1.505.588 | 1.505.588 | 1.505.588 | 1.500.000,Portero
2026-07-29,Jauregizar,Athletic,+323.187 | +769.536 | +1.249.128 | +3.189.717 | +5.909.790 | +7.869.302,"+1,43% | +3,48% | +5,78% | +16,21% | +34,85% | +52,46%",,22ddías,22.869.302,22.546.115 | 22.099.766 | 21.620.174 | 19.679.585 | 16.959.512 | 15.000.000,Mediocampista
2026-07-29,Boiro,Athletic,-12.086 | -22.687 | -33.854 | -86.183 | -177.131 | -360.195,"-1,85% | -3,42% | -5,03% | -11,87% | -21,68% | -36,02%",,7ddías,639.805,651.891 | 662.492 | 673.659 | 725.988 | 816.936 | 1.000.000,Defensa
2026-07-29,Ferrer,Getafe,0 | 0 | 0 | 0 | 0 | +2.705,"0,00% | 0,00% | 0,00% | 0,00% | 0,00% | +0,39%",,20ddías,702.705,702.705 | 702.705 | 702.705 | 702.705 | 702.705 | 700.000,Portero
2026-07-29,Benito,Osasuna,-16.490 | -31.679 | -47.625 | -121.146 | -280.487 | -554.499,"-2,16% | -4,08% | -6,00% | -13,98% | -27,34% | -42,65%",,23ddías,745.501,761.991 | 777.180 | 793.126 | 866.647 | 1.025.988 | 1.300.000,Delantero
2026-07-29,Mario Martín,Getafe,0 | 0 | 0 | 0 | 0 | +15.472,"0,00% | 0,00% | 0,00% | 0,00% | 0,00% | +0,39%",,20ddías,4.015.472,4.015.472 | 4.015.472 | 4.015.472 | 4.015.472 | 4.015.472 | 4.000.000,Mediocampista
2026-07-29,Olmo,Barcelona,-1.557.577 | -3.006.643 | -4.470.367 | -11.680.633 | -23.149.926 | -23.278.940,"-1,88% | -3,57% | -5,21% | -12,56% | 0% | -22,25%",,7ddías,81.329.804,82.887.381 | 84.336.447 | 85.800.171 | 93.010.437 | 0 | 104.608.744,Mediocampista
2026-07-29,Musso,Atlético,-146.347 | -268.896 | -423.856 | -1.054.394 | -2.281.844 | -3.590.460,"-2,23% | -4,03% | -6,20% | -14,13% | -26,25% | -35,90%",,23ddías,6.409.540,6.555.887 | 6.678.436 | 6.833.396 | 7.463.934 | 8.691.384 | 10.000.000,Portero
2026-07-29,Toni Martinez,Alavés,-389.647 | -788.073 | -1.224.568 | -3.152.211 | +24.715.344 | +24.710.301,"-1,33% | -2,66% | -4,08% | -9,87% | 0% | +604,31%",,12ddías,28.799.337,29.188.984 | 29.587.410 | 30.023.905 | 31.951.548 | 0 | 4.089.036,Delantero
2026-07-29,Martín,Barcelona,0 | 0 | 0 | 0 | 0 | +117.596,"0,00% | 0,00% | 0,00% | 0,00% | 0,00% | +0,39%",,20ddías,30.517.596,30.517.596 | 30.517.596 | 30.517.596 | 30.517.596 | 30.517.596 | 30.400.000,Defensa
2026-07-29,Bernal,Barcelona,0 | 0 | 0 | 0 | 0 | +13.924,"0,00% | 0,00% | 0,00% | 0,00% | 0,00% | +0,39%",,20ddías,3.613.924,3.613.924 | 3.613.924 | 3.613.924 | 3.613.924 | 3.613.924 | 3.600.000,Mediocampista
2026-07-29,Natan,Betis,+456.795 | +1.249.599 | +1.933.433 | +4.503.614 | +9.067.246 | +11.846.459,"+1,26% | +3,51% | +5,54% | +13,92% | +32,64% | +47,39%",,21ddías,36.846.459,36.389.664 | 35.596.860 | 34.913.026 | 32.342.845 | 27.779.213 | 25.000.000,Defensa
2026-07-29,Durán,Celta,-48.731 | -95.929 | -144.327 | -358.036 | -794.952 | -1.317.782,"-2,82% | -5,39% | -7,90% | -17,55% | -32,09% | -43,93%",,23ddías,1.682.218,1.730.949 | 1.778.147 | 1.826.545 | 2.040.254 | 2.477.170 | 3.000.000,Delantero
2026-07-29,Javi Rodríguez,Celta,0 | 0 | 0 | 0 | 0 | +37.652,"0,00% | 0,00% | 0,00% | 0,00% | 0,00% | +0,38%",,20ddías,10.037.652,10.037.652 | 10.037.652 | 10.037.652 | 10.037.652 | 10.037.652 | 10.000.000,Defensa
2026-07-29,Hugo Álvarez,Celta,-88.845 | -188.817 | -275.472 | -676.349 | -1.555.367 | -2.474.270,"-2,16% | -4,48% | -6,40% | -14,38% | -27,87% | -38,07%",,23ddías,4.025.730,4.114.575 | 4.214.547 | 4.301.202 | 4.702.079 | 5.581.097 | 6.500.000,Mediocampista
2026-07-29,Jon Martín,Real Sociedad,0 | 0 | 0 | 0 | 0 | +111.790,"0,00% | 0,00% | 0,00% | 0,00% | 0,00% | +0,37%",,20ddías,30.111.790,30.111.790 | 30.111.790 | 30.111.790 | 30.111.790 | 30.111.790 | 30.000.000,Defensa
2026-07-29,Aramburu,Real Sociedad,+336.414 | +713.739 | +973.731 | +2.169.673 | +3.561.297 | +5.166.582,"+2,84% | +6,23% | +8,70% | +21,70% | +41,38% | +73,81%",,22ddías,12.166.582,11.830.168 | 11.452.843 | 11.192.851 | 9.996.909 | 8.605.285 | 7.000.000,Defensa
2026-07-29,Luiz Junior,Villarreal,+709.664 | +1.639.461 | +2.256.109 | +4.891.372 | +8.807.278 | +12.644.967,"+2,22% | +5,29% | +7,42% | +17,62% | +36,95% | +63,22%",,22ddías,32.644.967,31.935.303 | 31.005.506 | 30.388.858 | 27.753.595 | 23.837.689 | 20.000.000,Portero
2026-07-29,Logan Costa,Villarreal,-41.932 | -82.205 | -127.876 | -322.370 | -721.462 | -1.233.781,"-2,32% | -4,45% | -6,75% | -15,43% | -29,00% | -41,13%",,23ddías,1.766.219,1.808.151 | 1.848.424 | 1.894.095 | 2.088.589 | 2.487.681 | 3.000.000,Defensa
2026-07-29,Iturbe,Elche,0 | 0 | 0 | 0 | 0 | +2.099,"0,00% | 0,00% | 0,00% | 0,00% | 0,00% | +0,26%",,20ddías,802.099,802.099 | 802.099 | 802.099 | 802.099 | 802.099 | 800.000,Portero
2026-07-29,Lo Celso,Betis,+628.998 | +1.538.565 | +2.412.670 | +5.927.175 | +11.032.147 | +14.491.948,"+1,86% | +4,67% | +7,52% | +20,75% | +47,03% | +72,46%",,22ddías,34.491.948,33.862.950 | 32.953.383 | 32.079.278 | 28.564.773 | 23.459.801 | 20.000.000,Mediocampista
2026-07-29,Otorbi,Valencia,0 | 0 | 0 | 0 | 0 | +2.292,"0,00% | 0,00% | 0,00% | 0,00% | 0,00% | +0,38%",,20ddías,602.292,602.292 | 602.292 | 602.292 | 602.292 | 602.292 | 600.000,Delantero
2026-07-29,Manu González,Betis,0 | 0 | 0 | 0 | 0 | -18.309,"0,00% | 0,00% | 0,00% | 0,00% | 0,00% | -3,05%",,20ddías,581.691,581.691 | 581.691 | 581.691 | 581.691 | 581.691 | 600.000,Portero
2026-07-29,Alfon,Sevilla,0 | 0 | 0 | 0 | 0 | +26.761,"0,00% | 0,00% | 0,00% | 0,00% | 0,00% | +0,38%",,20ddías,7.026.761,7.026.761 | 7.026.761 | 7.026.761 | 7.026.761 | 7.026.761 | 7.000.000,Delantero
2026-07-29,Risco,Getafe,0 | 0 | 0 | 0 | 0 | +2.705,"0,00% | 0,00% | 0,00% | 0,00% | 0,00% | +0,39%",,20ddías,702.705,702.705 | 702.705 | 702.705 | 702.705 | 702.705 | 700.000,Mediocampista
2026-07-29,De la Sías,Rayo,0 | 0 | 0 | 0 | 0 | +2.234,"0,00% | 0,00% | 0,00% | 0,00% | 0,00% | +0,37%",,20ddías,602.234,602.234 | 602.234 | 602.234 | 602.234 | 602.234 | 600.000,Defensa
2026-07-29,Óskarsson,Real Sociedad,-212.136 | -401.987 | -626.002 | -1.496.286 | -3.176.784 | -4.841.910,"-2,05% | -3,81% | -5,80% | -12,84% | -23,82% | -32,28%",,23ddías,10.158.090,10.370.226 | 10.560.077 | 10.784.092 | 11.654.376 | 13.334.874 | 15.000.000,Delantero
2026-07-29,Alberto,Sevilla,0 | 0 | 0 | 0 | 0 | +2.633,"0,00% | 0,00% | 0,00% | 0,00% | 0,00% | +0,38%",,20ddías,702.633,702.633 | 702.633 | 702.633 | 702.633 | 702.633 | 700.000,Portero
2026-07-29,Pau Navarro,Villarreal,-218.562 | -414.705 | -599.299 | -1.523.642 | -3.073.514 | -5.012.810,"-1,95% | -3,64% | -5,17% | -12,18% | -21,86% | -31,33%",,23ddías,10.987.190,11.205.752 | 11.401.895 | 11.586.489 | 12.510.832 | 14.060.704 | 16.000.000,Defensa
2026-07-29,Cabanes,Villarreal,0 | 0 | 0 | 0 | 0 | +2.292,"0,00% | 0,00% | 0,00% | 0,00% | 0,00% | +0,38%",,20ddías,602.292,602.292 | 602.292 | 602.292 | 602.292 | 602.292 | 600.000,Delantero
2026-07-29,Etta Eyong,Levante,+372.996 | +719.314 | +1.078.634 | +2.376.528 | +3.861.979 | +7.307.391,"+2,34% | +4,61% | +7,08% | +17,06% | +31,03% | +81,19%",,22ddías,16.307.391,15.934.395 | 15.588.077 | 15.228.757 | 13.930.863 | 12.445.412 | 9.000.000,Delantero
2026-07-29,Szczesny,Barcelona,0 | 0 | 0 | 0 | 0 | +8.400,"0,00% | 0,00% | 0,00% | 0,00% | 0,00% | +0,26%",,20ddías,3.208.400,3.208.400 | 3.208.400 | 3.208.400 | 3.208.400 | 3.208.400 | 3.200.000,Portero
2026-07-29,Spina,Atlético,0 | 0 | 0 | 0 | 0 | +2.702,"0,00% | 0,00% | 0,00% | 0,00% | 0,00% | +0,39%",,20ddías,702.702,702.702 | 702.702 | 702.702 | 702.702 | 702.702 | 700.000,Defensa
2026-07-29,Serrano,Atlético,-5.768 | -9.789 | -14.101 | -36.034 | -82.114 | -211.815,"-1,17% | -1,97% | -2,81% | -6,87% | -14,40% | -30,26%",,23ddías,488.185,493.953 | 497.974 | 502.286 | 524.219 | 570.299 | 700.000,Mediocampista
2026-07-29,Asencio,Real Madrid,-183.019 | -353.136 | -527.366 | -1.250.190 | -2.689.345 | -4.459.994,"-2,34% | -4,42% | -6,46% | -14,06% | -26,04% | -36,86%",,23ddías,7.640.006,7.823.025 | 7.993.142 | 8.167.372 | 8.890.196 | 10.329.351 | 12.100.000,Defensa
2026-07-29,Roberto,Espanyol,-59.130 | -123.588 | -188.367 | -403.883 | -946.931 | -1.235.151,"-1,02% | -2,10% | -3,16% | -6,55% | -14,11% | -17,65%",,18ddías,5.764.849,5.823.979 | 5.888.437 | 5.953.216 | 6.168.732 | 6.711.780 | 7.000.000,Delantero
2026-07-29,Garcés,Alavés,-22.569 | -44.091 | -66.634 | -169.407 | -387.031 | -608.590,"-2,47% | -4,71% | -6,96% | -15,97% | -30,27% | -40,57%",,23ddías,891.410,913.979 | 935.501 | 958.044 | 1.060.817 | 1.278.441 | 1.500.000,Defensa
2026-07-29,Toni Fernández,Barcelona,0 | 0 | 0 | 0 | 0 | +2.319,"0,00% | 0,00% | 0,00% | 0,00% | 0,00% | +0,39%",,20ddías,602.319,602.319 | 602.319 | 602.319 | 602.319 | 602.319 | 600.000,Delantero
2026-07-29,Guille,Barcelona,0 | 0 | 0 | 0 | 0 | +2.705,"0,00% | 0,00% | 0,00% | 0,00% | 0,00% | +0,39%",,20ddías,702.705,702.705 | 702.705 | 702.705 | 702.705 | 702.705 | 700.000,Mediocampista
2026-07-29,Sannadi,Athletic,-6.389 | -11.056 | -16.042 | -40.960 | -86.089 | -196.922,"-1,25% | -2,15% | -3,09% | -7,53% | -14,61% | -28,13%",,23ddías,503.078,509.467 | 514.134 | 519.120 | 544.038 | 589.167 | 700.000,Delantero
2026-07-29,Antony,Betis,-1.356.716 | -2.561.523 | -3.666.150 | -9.013.198 | -7.918.435 | -2.517.329,"-1,84% | -3,41% | -4,81% | -11,06% | -9,85% | -3,36%",,10ddías,72.482.671,73.839.387 | 75.044.194 | 76.148.821 | 81.495.869 | 80.401.106 | 75.000.000,Delantero
2026-07-29,El-Abdellaoui,Celta,0 | 0 | 0 | 0 | 0 | +4.893,"0,00% | 0,00% | 0,00% | 0,00% | 0,00% | +0,38%",,20ddías,1.304.893,1.304.893 | 1.304.893 | 1.304.893 | 1.304.893 | 1.304.893 | 1.300.000,Delantero
2026-07-29,Lago,Celta,0 | 0 | 0 | 0 | 0 | +2.633,"0,00% | 0,00% | 0,00% | 0,00% | 0,00% | +0,38%",,20ddías,702.633,702.633 | 702.633 | 702.633 | 702.633 | 702.633 | 700.000,Defensa
2026-07-29,Mestre,Real Madrid,0 | 0 | 0 | 0 | 0 | -22.140,"0,00% | 0,00% | 0,00% | 0,00% | 0,00% | -3,16%",,20ddías,677.860,677.860 | 677.860 | 677.860 | 677.860 | 677.860 | 700.000,Portero
2026-07-29,Jiménez,Real Madrid,0 | 0 | 0 | 0 | 0 | +2.248,"0,00% | 0,00% | 0,00% | 0,00% | 0,00% | +0,37%",,20ddías,602.248,602.248 | 602.248 | 602.248 | 602.248 | 602.248 | 600.000,Defensa
2026-07-29,Valera,Elche,-306.096 | -547.295 | -837.914 | -1.762.505 | -4.016.955 | -37.224.286,"-1,16% | -2,06% | -3,12% | -6,35% | -13,39% | -58,89%",,14ddías,25.983.045,26.289.141 | 26.530.340 | 26.820.959 | 27.745.550 | 30.000.000 | 63.207.331,Mediocampista
2026-07-29,Buchanan,Villarreal,+112.455 | +374.930 | +606.666 | +1.898.003 | +3.442.009 | +4.346.435,"+0,58% | +1,98% | +3,24% | +10,88% | +21,64% | +28,98%",,19ddías,19.346.435,19.233.980 | 18.971.505 | 18.739.769 | 17.448.432 | 15.904.426 | 15.000.000,Mediocampista
2026-07-29,Cucho,Betis,+92.127 | +496.454 | +867.752 | +3.200.990 | +10.312.869 | +16.207.015,"+0,16% | +0,89% | +1,57% | +6,04% | +22,47% | +40,52%",,22ddías,56.207.015,56.114.888 | 55.710.561 | 55.339.263 | 53.006.025 | 45.894.146 | 40.000.000,Delantero
2026-07-29,Román,Celta,-100.315 | -207.260 | -333.357 | -718.341 | -1.636.180 | -2.869.992,"-1,75% | -3,55% | -5,59% | -11,32% | -22,52% | -33,76%",,23ddías,5.630.008,5.730.323 | 5.837.268 | 5.963.365 | 6.348.349 | 7.266.188 | 8.500.000,Mediocampista
2026-07-29,Rubén Gómez,Villarreal,0 | 0 | 0 | 0 | 0 | +2.292,"0,00% | 0,00% | 0,00% | 0,00% | 0,00% | +0,38%",,20ddías,602.292,602.292 | 602.292 | 602.292 | 602.292 | 602.292 | 600.000,Portero
2026-07-29,Valou,Getafe,0 | 0 | 0 | 0 | 0 | +2.292,"0,00% | 0,00% | 0,00% | 0,00% | 0,00% | +0,38%",,20ddías,602.292,602.292 | 602.292 | 602.292 | 602.292 | 602.292 | 600.000,Defensa
2026-07-29,Gonzalo,Real Madrid,-72.076 | -128.722 | -180.353 | -407.904 | -907.361 | -1.494.962,"-1,65% | -2,90% | -4,02% | -8,65% | -17,41% | -25,78%",,23ddías,4.305.038,4.377.114 | 4.433.760 | 4.485.391 | 4.712.942 | 5.212.399 | 5.800.000,Delantero
2026-07-29,Niño,Málaga,-46.431 | -77.580 | -118.224 | -276.078 | -609.029 | -1.015.550,"-1,53% | -2,53% | -3,81% | -8,47% | -16,95% | -25,39%",,23ddías,2.984.450,3.030.881 | 3.062.030 | 3.102.674 | 3.260.528 | 3.593.479 | 4.000.000,Delantero
2026-07-29,Rayane,Atlético,0 | 0 | 0 | 0 | 0 | -21.994,"0,00% | 0,00% | 0,00% | 0,00% | 0,00% | -3,14%",,20ddías,678.006,678.006 | 678.006 | 678.006 | 678.006 | 678.006 | 700.000,Delantero
2026-07-29,Mendy,Rayo,0 | 0 | 0 | 0 | 0 | +22.356,"0,00% | 0,00% | 0,00% | 0,00% | 0,00% | +0,37%",,20ddías,6.022.356,6.022.356 | 6.022.356 | 6.022.356 | 6.022.356 | 6.022.356 | 6.000.000,Defensa
2026-07-29,Ortiz,Betis,0 | 0 | 0 | 0 | 0 | +6.372,"0,00% | 0,00% | 0,00% | 0,00% | 0,00% | +0,37%",,20ddías,1.706.372,1.706.372 | 1.706.372 | 1.706.372 | 1.706.372 | 1.706.372 | 1.700.000,Defensa
2026-07-29,Osambela,Osasuna,0 | 0 | 0 | 0 | 0 | +1.932,"0,00% | 0,00% | 0,00% | 0,00% | 0,00% | +0,39%",,20ddías,501.932,501.932 | 501.932 | 501.932 | 501.932 | 501.932 | 500.000,Mediocampista
2026-07-29,Juanpe,Rayo,0 | 0 | 0 | 0 | 0 | +2.234,"0,00% | 0,00% | 0,00% | 0,00% | 0,00% | +0,37%",,20ddías,602.234,602.234 | 602.234 | 602.234 | 602.234 | 602.234 | 600.000,Portero
2026-07-29,Yáñez,Real Madrid,0 | 0 | 0 | 0 | 0 | +2.606,"0,00% | 0,00% | 0,00% | 0,00% | 0,00% | +0,37%",,20ddías,702.606,702.606 | 702.606 | 702.606 | 702.606 | 702.606 | 700.000,Delantero
2026-07-29,D. Aguado,Real Madrid,0 | 0 | 0 | 0 | 0 | -25.891,"0,00% | 0,00% | 0,00% | 0,00% | 0,00% | -3,24%",,20ddías,774.109,774.109 | 774.109 | 774.109 | 774.109 | 774.109 | 800.000,Defensa
2026-07-29,Fran González,Real Madrid,0 | 0 | 0 | 0 | 0 | +2.622,"0,00% | 0,00% | 0,00% | 0,00% | 0,00% | +0,37%",,20ddías,702.622,702.622 | 702.622 | 702.622 | 702.622 | 702.622 | 700.000,Portero
2026-07-29,Mariezkurrena,Real Sociedad,0 | 0 | 0 | 0 | 0 | -22.034,"0,00% | 0,00% | 0,00% | 0,00% | 0,00% | -3,15%",,20ddías,677.966,677.966 | 677.966 | 677.966 | 677.966 | 677.966 | 700.000,Delantero
2026-07-29,Castrín,Sevilla,0 | 0 | 0 | 0 | 0 | -176.984,"0,00% | 0,00% | 0,00% | 0,00% | 0,00% | -3,54%",,20ddías,4.823.016,4.823.016 | 4.823.016 | 4.823.016 | 4.823.016 | 4.823.016 | 5.000.000,Defensa
2026-07-29,Rafa,Sevilla,0 | 0 | 0 | 0 | 0 | +2.257,"0,00% | 0,00% | 0,00% | 0,00% | 0,00% | +0,38%",,20ddías,602.257,602.257 | 602.257 | 602.257 | 602.257 | 602.257 | 600.000,Portero
2026-07-29,Diatta,Villarreal,0 | 0 | 0 | 0 | 0 | -18.344,"0,00% | 0,00% | 0,00% | 0,00% | 0,00% | -3,06%",,20ddías,581.656,581.656 | 581.656 | 581.656 | 581.656 | 581.656 | 600.000,Mediocampista
2026-07-29,Swiderski,Alavés,0 | 0 | 0 | 0 | 0 | +2.316,"0,00% | 0,00% | 0,00% | 0,00% | 0,00% | +0,39%",,20ddías,602.316,602.316 | 602.316 | 602.316 | 602.316 | 602.316 | 600.000,Portero
2026-07-29,Pablo García,Betis,0 | 0 | 0 | 0 | 0 | +9.371,"0,00% | 0,00% | 0,00% | 0,00% | 0,00% | +0,37%",,20ddías,2.509.371,2.509.371 | 2.509.371 | 2.509.371 | 2.509.371 | 2.509.371 | 2.500.000,Delantero
2026-07-29,Bekhoucha,Getafe,0 | 0 | 0 | 0 | 0 | +4.254,"0,00% | 0,00% | 0,00% | 0,00% | 0,00% | +0,39%",,20ddías,1.104.254,1.104.254 | 1.104.254 | 1.104.254 | 1.104.254 | 1.104.254 | 1.100.000,Defensa
2026-07-29,Arguibide,Osasuna,0 | 0 | 0 | 0 | 0 | -17.987,"0,00% | 0,00% | 0,00% | 0,00% | 0,00% | -3,00%",,20ddías,582.013,582.013 | 582.013 | 582.013 | 582.013 | 582.013 | 600.000,Defensa
2026-07-29,Molina,Rayo,0 | 0 | 0 | 0 | 0 | +2.234,"0,00% | 0,00% | 0,00% | 0,00% | 0,00% | +0,37%",,20ddías,602.234,602.234 | 602.234 | 602.234 | 602.234 | 602.234 | 600.000,Portero
2026-07-29,Fortuny,Real Madrid,0 | 0 | 0 | 0 | 0 | +2.234,"0,00% | 0,00% | 0,00% | 0,00% | 0,00% | +0,37%",,20ddías,602.234,602.234 | 602.234 | 602.234 | 602.234 | 602.234 | 600.000,Mediocampista
2026-07-29,Youssef,Alavés,-10.075 | -18.581 | -27.566 | -70.219 | -161.789 | -308.467,"-1,67% | -3,05% | -4,45% | -10,61% | -21,48% | -34,27%",,15ddías,591.533,601.608 | 610.114 | 619.099 | 661.752 | 753.322 | 900.000,Defensa
2026-07-29,Vencedor,Athletic,0 | 0 | 0 | 0 | 0 | +8.253,"0,00% | 0,00% | 0,00% | 0,00% | 0,00% | +0,38%",,20ddías,2.208.253,2.208.253 | 2.208.253 | 2.208.253 | 2.208.253 | 2.208.253 | 2.200.000,Mediocampista
2026-07-29,John ChetauyaJohn C.,Elche,-27.787 | -53.003 | -80.963 | -207.025 | -480.992 | -883.363,"-2,66% | -4,96% | -7,38% | -16,92% | -32,12% | -46,49%",,23ddías,1.016.637,1.044.424 | 1.069.640 | 1.097.600 | 1.223.662 | 1.497.629 | 1.900.000,Defensa
2026-07-29,Febas,Celta,0 | 0 | 0 | 0 | 0 | +96.888,"0,00% | 0,00% | 0,00% | 0,00% | 0,00% | +0,39%",,20ddías,25.096.888,25.096.888 | 25.096.888 | 25.096.888 | 25.096.888 | 25.096.888 | 25.000.000,Mediocampista
2026-07-29,Affengruber,Elche,+509.556 | +1.242.930 | +1.673.718 | +3.826.083 | +6.808.655 | +17.834.842,"+1,98% | +4,97% | +6,81% | +17,06% | +35,02% | +211,93%",,15ddías,26.250.475,25.740.919 | 25.007.545 | 24.576.757 | 22.424.392 | 19.441.820 | 8.415.633,Defensa
2026-07-29,Á. Núñez,Celta,-106.908 | -199.616 | -304.414 | -738.629 | -1.515.522 | -2.069.066,"-2,12% | -3,89% | -5,81% | -13,03% | -23,51% | -29,56%",,20ddías,4.930.934,5.037.842 | 5.130.550 | 5.235.348 | 5.669.563 | 6.446.456 | 7.000.000,Defensa
2026-07-29,Santiago,Elche,-16.622 | -31.949 | -48.039 | -122.197 | -282.939 | -551.320,"-2,17% | -4,09% | -6,03% | -14,03% | -27,43% | -42,41%",,23ddías,748.680,765.302 | 780.629 | 796.719 | 870.877 | 1.031.619 | 1.300.000,Mediocampista
2026-07-29,Aguado,Elche,-63.552 | -112.910 | -185.036 | -488.132 | -1.202.083 | -2.101.026,"-1,60% | -2,81% | -4,53% | -11,13% | -23,57% | -35,02%",,23ddías,3.898.974,3.962.526 | 4.011.884 | 4.084.010 | 4.387.106 | 5.101.057 | 6.000.000,Mediocampista
2026-07-29,De la Fuente,Levante,0 | 0 | 0 | 0 | 0 | +52.528,"0,00% | 0,00% | 0,00% | 0,00% | 0,00% | +0,38%",,20ddías,14.052.528,14.052.528 | 14.052.528 | 14.052.528 | 14.052.528 | 14.052.528 | 14.000.000,Defensa
2026-07-29,Iván Romero,Levante,-66.360 | -131.809 | -198.765 | -417.144 | -783.017 | -1.331.211,"-0,92% | -1,81% | -2,70% | -5,50% | -9,85% | -15,66%",,12ddías,7.168.789,7.235.149 | 7.300.598 | 7.367.554 | 7.585.933 | 7.951.806 | 8.500.000,Delantero
2026-07-29,Salinas,Málaga,-18.136 | -43.182 | -69.700 | -191.405 | -423.873 | -829.446,"-1,67% | -3,88% | -6,11% | -15,17% | -28,36% | -43,66%",,24ddías,1.070.554,1.088.690 | 1.113.736 | 1.140.254 | 1.261.959 | 1.494.427 | 1.900.000,Defensa
2026-07-29,Ruggeri,Atlético,-117.959 | -221.254 | -341.716 | -793.917 | -1.681.710 | -968.222,"-1,47% | -2,71% | -4,13% | -9,10% | -17,49% | -10,88%",,17ddías,7.931.778,8.049.737 | 8.153.032 | 8.273.494 | 8.725.695 | 9.613.488 | 8.900.000,Defensa
2026-07-29,Huijsen,Real Madrid,-439.151 | -809.140 | -1.087.099 | -2.283.139 | -7.113.651 | -12.463.946,"-1,20% | -2,18% | -2,91% | -5,93% | -16,41% | -25,59%",,23ddías,36.236.054,36.675.205 | 37.045.194 | 37.323.153 | 38.519.193 | 43.349.705 | 48.700.000,Defensa
2026-07-29,Alexander-Arnold,Real Madrid,-455.105 | -896.792 | -1.314.766 | -3.320.479 | -7.408.450 | -11.937.028,"-1,60% | -3,10% | -4,48% | -10,58% | -20,89% | -29,84%",,23ddías,28.062.972,28.518.077 | 28.959.764 | 29.377.738 | 31.383.451 | 35.471.422 | 40.000.000,Defensa
2026-07-29,Jonny,Alavés,-102.715 | -186.852 | -302.810 | -812.972 | -1.907.066 | -2.638.802,"-1,59% | -2,85% | -4,54% | -11,33% | -23,06% | -29,32%",,19ddías,6.361.198,6.463.913 | 6.548.050 | 6.664.008 | 7.174.170 | 8.268.264 | 9.000.000,Defensa
2026-07-29,Almada,Atlético,-190.091 | -348.504 | -512.901 | -1.141.190 | -2.427.213 | -2.447.373,"-2,46% | -4,41% | -6,36% | -13,13% | -24,32% | -24,47%",,17ddías,7.552.627,7.742.718 | 7.901.131 | 8.065.528 | 8.693.817 | 9.979.840 | 10.000.000,Mediocampista
2026-07-29,Luiz Felipe,Rayo,0 | 0 | 0 | 0 | 0 | +15.277,"0,00% | 0,00% | 0,00% | 0,00% | 0,00% | +0,37%",,20ddías,4.115.277,4.115.277 | 4.115.277 | 4.115.277 | 4.115.277 | 4.115.277 | 4.100.000,Defensa
2026-07-29,Hancko,Atlético,-248.716 | -423.690 | -801.894 | -2.325.941 | -5.759.619 | -8.732.200,"-0,79% | -1,34% | -2,50% | -6,92% | -15,56% | -21,83%",,21ddías,31.267.800,31.516.516 | 31.691.490 | 32.069.694 | 33.593.741 | 37.027.419 | 40.000.000,Defensa
2026-07-29,Fortea,Real Madrid,0 | 0 | 0 | 0 | 0 | +2.099,"0,00% | 0,00% | 0,00% | 0,00% | 0,00% | +0,26%",,20ddías,802.099,802.099 | 802.099 | 802.099 | 802.099 | 802.099 | 800.000,Defensa
2026-07-29,Jutglà,Celta,-127.676 | -251.525 | -397.288 | -982.167 | -2.476.305 | -1.198.737,"-1,29% | -2,50% | -3,90% | -9,11% | -20,17% | -10,90%",,19ddías,9.801.263,9.928.939 | 10.052.788 | 10.198.551 | 10.783.430 | 12.277.568 | 11.000.000,Delantero
2026-07-29,Martim Neto,Elche,-14.769 | -31.002 | -53.167 | -144.780 | -468.088 | -885.464,"-0,69% | -1,44% | -2,45% | -6,41% | -18,12% | -29,52%",,23ddías,2.114.536,2.129.305 | 2.145.538 | 2.167.703 | 2.259.316 | 2.582.624 | 3.000.000,Mediocampista
2026-07-29,Valentín Gómez,Betis,-55.950 | -106.451 | -160.972 | -395.742 | -928.124 | -1.574.211,"-2,25% | -4,20% | -6,22% | -14,03% | -27,67% | -39,36%",,23ddías,2.425.789,2.481.739 | 2.532.240 | 2.586.761 | 2.821.531 | 3.353.913 | 4.000.000,Defensa
2026-07-29,Deossa,Betis,-59.441 | -115.584 | -173.171 | -421.730 | -967.723 | -1.738.025,"-2,68% | -5,07% | -7,42% | -16,32% | -30,92% | -44,56%",,23ddías,2.161.975,2.221.416 | 2.277.559 | 2.335.146 | 2.583.705 | 3.129.698 | 3.900.000,Mediocampista
2026-07-29,Junior,Betis,-108.053 | -227.626 | -349.226 | -868.537 | -1.935.928 | -3.006.388,"-2,12% | -4,36% | -6,54% | -14,82% | -27,94% | -37,58%",,23ddías,4.993.612,5.101.665 | 5.221.238 | 5.342.838 | 5.862.149 | 6.929.540 | 8.000.000,Defensa
2026-07-29,Dituro,Elche,+2.021 | -1.424 | -44.270 | -222.059 | -748.659 | -1.078.470,"+0,03% | -0,02% | -0,64% | -3,11% | -9,76% | -13,48%",,1ddías,6.921.530,6.919.509 | 6.922.954 | 6.965.800 | 7.143.589 | 7.670.189 | 8.000.000,Portero
2026-07-29,Dolan,Espanyol,-98.439 | -183.250 | -292.180 | -688.863 | -1.533.862 | -889.003,"-1,37% | -2,51% | -3,95% | -8,83% | -17,74% | -11,11%",,16ddías,7.110.997,7.209.436 | 7.294.247 | 7.403.177 | 7.799.860 | 8.644.859 | 8.000.000,Delantero
2026-07-29,Roger BruguéBrugui,Levante,-105.758 | -198.160 | -305.175 | -772.464 | -1.784.107 | -3.362.317,"-2,83% | -5,17% | -7,74% | -17,52% | -32,91% | -48,03%",,24ddías,3.637.683,3.743.441 | 3.835.843 | 3.942.858 | 4.410.147 | 5.421.790 | 7.000.000,Delantero
2026-07-29,C. Álvarez,Levante,+269.443 | +634.919 | +1.000.158 | +2.548.603 | +4.330.272 | +7.574.819,"+1,76% | +4,25% | +6,86% | +19,57% | +38,51% | +94,69%",,22ddías,15.574.819,15.305.376 | 14.939.900 | 14.574.661 | 13.026.216 | 11.244.547 | 8.000.000,Mediocampista
2026-07-29,Oriol Rey,Levante,-30.429 | -58.143 | -89.131 | -220.794 | -500.633 | -919.961,"-2,74% | -5,11% | -7,62% | -16,97% | -31,67% | -46,00%",,23ddías,1.080.039,1.110.468 | 1.138.182 | 1.169.170 | 1.300.833 | 1.580.672 | 2.000.000,Mediocampista
2026-07-29,Elgezabal,Levante,-48.026 | -93.847 | -141.194 | -344.679 | -755.217 | -1.332.627,"-2,80% | -5,33% | -7,81% | -17,13% | -31,17% | -44,42%",,23ddías,1.667.373,1.715.399 | 1.761.220 | 1.808.567 | 2.012.052 | 2.422.590 | 3.000.000,Defensa
2026-07-29,Gorrotxategi,Real Sociedad,-141.176 | -250.080 | -357.573 | -915.161 | -1.604.852 | +1.071.949,"-1,53% | -2,68% | -3,79% | -9,16% | -15,03% | +13,40%",,16ddías,9.071.949,9.213.125 | 9.322.029 | 9.429.522 | 9.987.110 | 10.676.801 | 8.000.000,Mediocampista
2026-07-29,Ugrinic,Valencia,-128.403 | -255.211 | -379.422 | -936.129 | -2.064.288 | -2.707.407,"-2,37% | -4,60% | -6,69% | -15,03% | -28,06% | -33,84%",,21ddías,5.292.593,5.420.996 | 5.547.804 | 5.672.015 | 6.228.722 | 7.356.881 | 8.000.000,Mediocampista
2026-07-29,Bigas,Elche,-90.335 | -176.678 | -296.924 | -579.671 | -1.589.893 | -292.104,"-1,16% | -2,24% | -3,71% | -6,99% | -17,10% | -3,65%",,18ddías,7.707.896,7.798.231 | 7.884.574 | 8.004.820 | 8.287.567 | 9.297.789 | 8.000.000,Defensa
2026-07-29,Redondo,Elche,-33.969 | -66.643 | -104.208 | -264.713 | -611.458 | -1.098.635,"-2,54% | -4,87% | -7,41% | -16,90% | -31,97% | -45,78%",,23ddías,1.301.365,1.335.334 | 1.368.008 | 1.405.573 | 1.566.078 | 1.912.823 | 2.400.000,Mediocampista
2026-07-29,Pinillos,Alavés,0 | 0 | 0 | 0 | 0 | +1.929,"0,00% | 0,00% | 0,00% | 0,00% | 0,00% | +0,39%",,20ddías,501.929,501.929 | 501.929 | 501.929 | 501.929 | 501.929 | 500.000,Mediocampista
2026-07-29,Rego,Athletic,0 | 0 | 0 | 0 | 0 | +18.825,"0,00% | 0,00% | 0,00% | 0,00% | 0,00% | +0,38%",,20ddías,5.018.825,5.018.825 | 5.018.825 | 5.018.825 | 5.018.825 | 5.018.825 | 5.000.000,Defensa
2026-07-29,Esquivel,Atlético,0 | 0 | 0 | 0 | 0 | +2.292,"0,00% | 0,00% | 0,00% | 0,00% | 0,00% | +0,38%",,20ddías,602.292,602.292 | 602.292 | 602.292 | 602.292 | 602.292 | 600.000,Portero
2026-07-29,Torrents,Barcelona,0 | 0 | 0 | 0 | 0 | +2.319,"0,00% | 0,00% | 0,00% | 0,00% | 0,00% | +0,39%",,20ddías,602.319,602.319 | 602.319 | 602.319 | 602.319 | 602.319 | 600.000,Defensa
2026-07-29,Manu Fernández,Celta,-4.483 | -7.165 | -10.083 | -25.832 | -58.335 | -142.655,"-0,97% | -1,54% | -2,16% | -5,35% | -11,31% | -23,78%",,23ddías,457.345,461.828 | 464.510 | 467.428 | 483.177 | 515.680 | 600.000,Defensa
2026-07-29,Joselu,Getafe,0 | 0 | 0 | 0 | 0 | +2.319,"0,00% | 0,00% | 0,00% | 0,00% | 0,00% | +0,39%",,20ddías,602.319,602.319 | 602.319 | 602.319 | 602.319 | 602.319 | 600.000,Delantero
2026-07-29,Víctor García,Levante,-84.363 | -169.329 | -256.256 | -653.605 | -1.429.201 | -2.492.017,"-2,73% | -5,33% | -7,85% | -17,85% | -32,21% | -45,31%",,23ddías,3.007.983,3.092.346 | 3.177.312 | 3.264.239 | 3.661.588 | 4.437.184 | 5.500.000,Defensa
2026-07-29,Pablo CamposCuñat Campos,Levante,+7.049 | +13.115 | +3.242 | -61.773 | -283.002 | -591.614,"+0,59% | +1,10% | +0,27% | -4,86% | -18,98% | -32,87%",,2ddías,1.208.386,1.201.337 | 1.195.271 | 1.205.144 | 1.270.159 | 1.491.388 | 1.800.000,Portero
2026-07-29,Toljan,Levante,-88.290 | -165.844 | -248.796 | -658.614 | -1.475.043 | -2.363.249,"-1,69% | -3,13% | -4,62% | -11,36% | -22,31% | -31,51%",,21ddías,5.136.751,5.225.041 | 5.302.595 | 5.385.547 | 5.795.365 | 6.611.794 | 7.500.000,Defensa
2026-07-29,Cortés,Levante,0 | 0 | 0 | 0 | 0 | +3.000,"0,00% | 0,00% | 0,00% | 0,00% | 0,00% | +0,38%",,20ddías,803.000,803.000 | 803.000 | 803.000 | 803.000 | 803.000 | 800.000,Delantero
2026-07-29,Primo,Levante,0 | 0 | 0 | 0 | 0 | +4.126,"0,00% | 0,00% | 0,00% | 0,00% | 0,00% | +0,38%",,20ddías,1.104.126,1.104.126 | 1.104.126 | 1.104.126 | 1.104.126 | 1.104.126 | 1.100.000,Portero
2026-07-29,Vertrouwd,Rayo,0 | 0 | 0 | 0 | 0 | +3.725,"0,00% | 0,00% | 0,00% | 0,00% | 0,00% | +0,37%",,20ddías,1.003.725,1.003.725 | 1.003.725 | 1.003.725 | 1.003.725 | 1.003.725 | 1.000.000,Defensa
2026-07-29,Becerra,Rayo,0 | 0 | 0 | 0 | 0 | -18.300,"0,00% | 0,00% | 0,00% | 0,00% | 0,00% | -3,05%",,20ddías,581.700,581.700 | 581.700 | 581.700 | 581.700 | 581.700 | 600.000,Mediocampista
2026-07-29,Radu,Celta,+620.430 | +1.549.715 | +2.111.578 | +4.435.936 | +8.896.901 | +11.938.551,"+1,98% | +5,10% | +7,08% | +16,13% | +38,61% | +59,69%",,22ddías,31.938.551,31.318.121 | 30.388.836 | 29.826.973 | 27.502.615 | 23.041.650 | 20.000.000,Portero
2026-07-29,Rueda,Celta,-45.847 | -77.463 | -125.870 | -341.215 | -799.001 | -1.162.815,"-1,18% | -1,98% | -3,18% | -8,17% | -17,23% | -23,26%",,21ddías,3.837.185,3.883.032 | 3.914.648 | 3.963.055 | 4.178.400 | 4.636.186 | 5.000.000,Defensa
2026-07-29,Niculaesei,Elche,0 | 0 | 0 | 0 | 0 | +3.099,"0,00% | 0,00% | 0,00% | 0,00% | 0,00% | +0,39%",,20ddías,803.099,803.099 | 803.099 | 803.099 | 803.099 | 803.099 | 800.000,Defensa
2026-07-29,Mendoza,Atlético,-21.351 | -40.004 | -56.441 | -130.897 | -303.615 | -487.160,"-2,06% | -3,80% | -5,28% | -11,44% | -23,06% | -32,48%",,23ddías,1.012.840,1.034.191 | 1.052.844 | 1.069.281 | 1.143.737 | 1.316.455 | 1.500.000,Mediocampista
2026-07-29,Echegoyen,Osasuna,0 | 0 | 0 | 0 | 0 | -37.714,"0,00% | 0,00% | 0,00% | 0,00% | 0,00% | -6,29%",,20ddías,562.286,562.286 | 562.286 | 562.286 | 562.286 | 562.286 | 600.000,Mediocampista
2026-07-29,Josan,Elche,0 | 0 | 0 | 0 | 0 | +4.650,"0,00% | 0,00% | 0,00% | 0,00% | 0,00% | +0,39%",,20ddías,1.204.650,1.204.650 | 1.204.650 | 1.204.650 | 1.204.650 | 1.204.650 | 1.200.000,Mediocampista
2026-07-29,Davinchi,Getafe,0 | 0 | 0 | 0 | 0 | +11.603,"0,00% | 0,00% | 0,00% | 0,00% | 0,00% | +0,39%",,20ddías,3.011.603,3.011.603 | 3.011.603 | 3.011.603 | 3.011.603 | 3.011.603 | 3.000.000,Defensa
2026-07-29,Mastantuono,Real Madrid,0 | 0 | 0 | 0 | 0 | +37.262,"0,00% | 0,00% | 0,00% | 0,00% | 0,00% | +0,37%",,20ddías,10.037.262,10.037.262 | 10.037.262 | 10.037.262 | 10.037.262 | 10.037.262 | 10.000.000,Delantero
2026-07-29,Thiago,Real Madrid,0 | 0 | 0 | 0 | 0 | +26.082,"0,00% | 0,00% | 0,00% | 0,00% | 0,00% | +0,37%",,20ddías,7.026.082,7.026.082 | 7.026.082 | 7.026.082 | 7.026.082 | 7.026.082 | 7.000.000,Mediocampista
2026-07-29,Veiga,Villarreal,+487.117 | +1.262.394 | +1.876.747 | +4.982.320 | +10.867.456 | +14.497.513,"+1,25% | +3,30% | +4,99% | +14,44% | +37,96% | +57,99%",,22ddías,39.497.513,39.010.396 | 38.235.119 | 37.620.766 | 34.515.193 | 28.630.057 | 25.000.000,Defensa
2026-07-29,Corralejo,Betis,0 | 0 | 0 | 0 | 0 | +2.248,"0,00% | 0,00% | 0,00% | 0,00% | 0,00% | +0,37%",,20ddías,602.248,602.248 | 602.248 | 602.248 | 602.248 | 602.248 | 600.000,Mediocampista
2026-07-29,Nacho Pérez,Levante,0 | 0 | 0 | 0 | 0 | -18.308,"0,00% | 0,00% | 0,00% | 0,00% | 0,00% | -3,05%",,20ddías,581.692,581.692 | 581.692 | 581.692 | 581.692 | 581.692 | 600.000,Defensa
2026-07-29,Altozano,Sevilla,0 | 0 | 0 | 0 | 0 | +2.284,"0,00% | 0,00% | 0,00% | 0,00% | 0,00% | +0,38%",,20ddías,602.284,602.284 | 602.284 | 602.284 | 602.284 | 602.284 | 600.000,Mediocampista
2026-07-29,Sierra,Sevilla,0 | 0 | 0 | 0 | 0 | +2.284,"0,00% | 0,00% | 0,00% | 0,00% | 0,00% | +0,38%",,20ddías,602.284,602.284 | 602.284 | 602.284 | 602.284 | 602.284 | 600.000,Delantero
2026-07-29,Blázquez,Valencia,0 | 0 | 0 | 0 | 0 | -18.344,"0,00% | 0,00% | 0,00% | 0,00% | 0,00% | -3,06%",,20ddías,581.656,581.656 | 581.656 | 581.656 | 581.656 | 581.656 | 600.000,Delantero
2026-07-29,Suazo,Sevilla,-96.121 | -136.002 | -235.578 | -681.583 | -1.608.820 | -2.617.569,"-1,48% | -2,09% | -3,56% | -9,65% | -20,13% | -29,08%",,23ddías,6.382.431,6.478.552 | 6.518.433 | 6.618.009 | 7.064.014 | 7.991.251 | 9.000.000,Defensa
2026-07-29,Arriaga,Levante,-90.616 | -168.769 | -256.389 | -656.912 | -1.474.646 | -2.317.102,"-2,40% | -4,38% | -6,51% | -15,14% | -28,59% | -38,62%",,23ddías,3.682.898,3.773.514 | 3.851.667 | 3.939.287 | 4.339.810 | 5.157.544 | 6.000.000,Mediocampista
2026-07-29,Vlachodimos,Sevilla,0 | 0 | 0 | 0 | 0 | +56.479,"0,00% | 0,00% | 0,00% | 0,00% | 0,00% | +0,38%",,20ddías,15.056.479,15.056.479 | 15.056.479 | 15.056.479 | 15.056.479 | 15.056.479 | 15.000.000,Portero
2026-07-29,Oluwaseyi,Villarreal,-89.675 | -182.480 | -271.128 | -721.923 | -1.585.805 | -2.521.829,"-2,20% | -4,39% | -6,38% | -15,36% | -28,50% | -38,80%",,23ddías,3.978.171,4.067.846 | 4.160.651 | 4.249.299 | 4.700.094 | 5.563.976 | 6.500.000,Delantero
2026-07-29,Montero,Alavés,0 | 0 | 0 | 0 | 0 | +2.316,"0,00% | 0,00% | 0,00% | 0,00% | 0,00% | +0,39%",,20ddías,602.316,602.316 | 602.316 | 602.316 | 602.316 | 602.316 | 600.000,Portero
2026-07-29,Riedel,Espanyol,0 | 0 | 0 | 0 | 0 | +20.618,"0,00% | 0,00% | 0,00% | 0,00% | 0,00% | +0,37%",,20ddías,5.520.618,5.520.618 | 5.520.618 | 5.520.618 | 5.520.618 | 5.520.618 | 5.500.000,Defensa
2026-07-29,Sancris,Getafe,-23.906 | -46.820 | -70.813 | -180.017 | -415.470 | -776.511,"-2,52% | -4,83% | -7,12% | -16,31% | -31,03% | -45,68%",,23ddías,923.489,947.395 | 970.309 | 994.302 | 1.103.506 | 1.338.959 | 1.700.000,Delantero
2026-07-29,Carlos Soler,Real Sociedad,-382.267 | -624.506 | -991.691 | -2.259.422 | -4.564.049 | -6.712.429,"-1,14% | -1,84% | -2,89% | -6,36% | -12,06% | -16,78%",,23ddías,33.287.571,33.669.838 | 33.912.077 | 34.279.262 | 35.546.993 | 37.851.620 | 40.000.000,Mediocampista
2026-07-29,Folgado,Real Sociedad,0 | 0 | 0 | 0 | 0 | +2.606,"0,00% | 0,00% | 0,00% | 0,00% | 0,00% | +0,37%",,20ddías,702.606,702.606 | 702.606 | 702.606 | 702.606 | 702.606 | 700.000,Portero
2026-07-29,Álex Costa,Sevilla,0 | 0 | 0 | 0 | 0 | +2.284,"0,00% | 0,00% | 0,00% | 0,00% | 0,00% | +0,38%",,20ddías,602.284,602.284 | 602.284 | 602.284 | 602.284 | 602.284 | 600.000,Delantero
2026-07-29,Oso,Sevilla,0 | 0 | 0 | 0 | 0 | +53.332,"0,00% | 0,00% | 0,00% | 0,00% | 0,00% | +0,38%",,20ddías,14.053.332,14.053.332 | 14.053.332 | 14.053.332 | 14.053.332 | 14.053.332 | 14.000.000,Defensa
2026-07-29,Cardoso,Sevilla,-36.675 | -70.886 | -108.496 | -271.529 | -614.833 | -1.106.398,"-2,76% | -5,20% | -7,74% | -17,35% | -32,22% | -46,10%",,23ddías,1.293.602,1.330.277 | 1.364.488 | 1.402.098 | 1.565.131 | 1.908.435 | 2.400.000,Defensa
2026-07-29,Navarro,Valencia,0 | 0 | 0 | 0 | 0 | +1.909,"0,00% | 0,00% | 0,00% | 0,00% | 0,00% | +0,38%",,20ddías,501.909,501.909 | 501.909 | 501.909 | 501.909 | 501.909 | 500.000,Defensa
2026-07-29,Mikautadze,Villarreal,+102.467 | +569.573 | +651.814 | +1.475.979 | +4.996.827 | +2.177.894,"+0,20% | +1,10% | +1,27% | +2,91% | +10,59% | +4,36%",,16ddías,52.177.894,52.075.427 | 51.608.321 | 51.526.080 | 50.701.915 | 47.181.067 | 50.000.000,Delantero
2026-07-29,Hugo López,Villarreal,0 | 0 | 0 | 0 | 0 | -14.600,"0,00% | 0,00% | 0,00% | 0,00% | 0,00% | -2,92%",,20ddías,485.400,485.400 | 485.400 | 485.400 | 485.400 | 485.400 | 500.000,Mediocampista
2026-07-29,Krug,Levante,0 | 0 | 0 | 0 | 0 | +2.249,"0,00% | 0,00% | 0,00% | 0,00% | 0,00% | +0,37%",,20ddías,602.249,602.249 | 602.249 | 602.249 | 602.249 | 602.249 | 600.000,Defensa
2026-07-29,Diangana,Elche,-31.384 | -55.580 | -87.459 | -250.130 | -638.008 | -1.204.222,"-1,82% | -3,17% | -4,90% | -12,85% | -27,34% | -41,52%",,23ddías,1.695.778,1.727.162 | 1.751.358 | 1.783.237 | 1.945.908 | 2.333.786 | 2.900.000,Delantero
2026-07-29,Alemão,Rayo,-70.258 | -136.084 | -227.612 | -579.229 | -1.332.639 | -2.245.289,"-1,46% | -2,78% | -4,57% | -10,86% | -21,89% | -32,08%",,23ddías,4.754.711,4.824.969 | 4.890.795 | 4.982.323 | 5.333.940 | 6.087.350 | 7.000.000,Delantero
2026-07-29,Laporte,Athletic,+1.430.193 | +3.587.751 | +5.706.546 | +14.196.089 | +24.397.484 | +42.009.124,"+3,10% | +8,17% | +13,65% | +42,59% | +105,48% | +761,29%",,14ddías,47.527.258,46.097.065 | 43.939.507 | 41.820.712 | 33.331.169 | 23.129.774 | 5.518.134,Defensa
2026-07-29,Santos,Athletic,0 | 0 | 0 | 0 | 0 | +2.606,"0,00% | 0,00% | 0,00% | 0,00% | 0,00% | +0,37%",,20ddías,702.606,702.606 | 702.606 | 702.606 | 702.606 | 702.606 | 700.000,Portero
2026-07-29,Adam Boayar,Elche,0 | 0 | 0 | 0 | 0 | +2.711,"0,00% | 0,00% | 0,00% | 0,00% | 0,00% | +0,39%",,20ddías,702.711,702.711 | 702.711 | 702.711 | 702.711 | 702.711 | 700.000,Mediocampista
2026-07-29,Bardghji,Barcelona,0 | 0 | 0 | 0 | 0 | +18.565,"0,00% | 0,00% | 0,00% | 0,00% | 0,00% | +0,39%",,20ddías,4.818.565,4.818.565 | 4.818.565 | 4.818.565 | 4.818.565 | 4.818.565 | 4.800.000,Delantero
2026-07-29,Taufik,Atlético,0 | 0 | 0 | 0 | 0 | +2.316,"0,00% | 0,00% | 0,00% | 0,00% | 0,00% | +0,39%",,20ddías,602.316,602.316 | 602.316 | 602.316 | 602.316 | 602.316 | 600.000,Mediocampista
2026-07-29,Martínez Bastida,Elche,0 | 0 | 0 | 0 | 0 | +2.324,"0,00% | 0,00% | 0,00% | 0,00% | 0,00% | +0,39%",,20ddías,602.324,602.324 | 602.324 | 602.324 | 602.324 | 602.324 | 600.000,Mediocampista
2026-07-29,Aller,Barcelona,0 | 0 | 0 | 0 | 0 | +2.705,"0,00% | 0,00% | 0,00% | 0,00% | 0,00% | +0,39%",,20ddías,702.705,702.705 | 702.705 | 702.705 | 702.705 | 702.705 | 700.000,Portero
2026-07-29,Ballestero,Alavés,0 | 0 | 0 | 0 | 0 | +2.316,"0,00% | 0,00% | 0,00% | 0,00% | 0,00% | +0,39%",,20ddías,602.316,602.316 | 602.316 | 602.316 | 602.316 | 602.316 | 600.000,Defensa
2026-07-29,Monreal,Athletic,0 | 0 | 0 | 0 | 0 | +2.257,"0,00% | 0,00% | 0,00% | 0,00% | 0,00% | +0,38%",,20ddías,602.257,602.257 | 602.257 | 602.257 | 602.257 | 602.257 | 600.000,Defensa
2026-07-29,Adrián Pérez,Athletic,0 | 0 | 0 | 0 | 0 | +2.257,"0,00% | 0,00% | 0,00% | 0,00% | 0,00% | +0,38%",,20ddías,602.257,602.257 | 602.257 | 602.257 | 602.257 | 602.257 | 600.000,Delantero
2026-07-29,Juan Hernández,Barcelona,0 | 0 | 0 | 0 | 0 | -18.240,"0,00% | 0,00% | 0,00% | 0,00% | 0,00% | -3,04%",,20ddías,581.760,581.760 | 581.760 | 581.760 | 581.760 | 581.760 | 600.000,Mediocampista
2026-07-29,Espart,Barcelona,0 | 0 | 0 | 0 | 0 | +2.705,"0,00% | 0,00% | 0,00% | 0,00% | 0,00% | +0,39%",,20ddías,702.705,702.705 | 702.705 | 702.705 | 702.705 | 702.705 | 700.000,Defensa
2026-07-29,Benito,Getafe,0 | 0 | 0 | 0 | 0 | +2.319,"0,00% | 0,00% | 0,00% | 0,00% | 0,00% | +0,39%",,20ddías,602.319,602.319 | 602.319 | 602.319 | 602.319 | 602.319 | 600.000,Portero
2026-07-29,Aleksandrov,Getafe,0 | 0 | 0 | 0 | 0 | +2.319,"0,00% | 0,00% | 0,00% | 0,00% | 0,00% | +0,39%",,20ddías,602.319,602.319 | 602.319 | 602.319 | 602.319 | 602.319 | 600.000,Delantero
2026-07-29,Javi Navarro,Real Madrid,0 | 0 | 0 | 0 | 0 | +2.622,"0,00% | 0,00% | 0,00% | 0,00% | 0,00% | +0,37%",,20ddías,702.622,702.622 | 702.622 | 702.622 | 702.622 | 702.622 | 700.000,Portero
2026-07-29,Beitia,Real Sociedad,0 | 0 | 0 | 0 | 0 | +1.861,"0,00% | 0,00% | 0,00% | 0,00% | 0,00% | +0,37%",,20ddías,501.861,501.861 | 501.861 | 501.861 | 501.861 | 501.861 | 500.000,Defensa
2026-07-29,Lebarbier,Real Sociedad,0 | 0 | 0 | 0 | 0 | +2.234,"0,00% | 0,00% | 0,00% | 0,00% | 0,00% | +0,37%",,20ddías,602.234,602.234 | 602.234 | 602.234 | 602.234 | 602.234 | 600.000,Defensa
2026-07-29,Barry,Villarreal,0 | 0 | 0 | 0 | 0 | +2.292,"0,00% | 0,00% | 0,00% | 0,00% | 0,00% | +0,38%",,20ddías,602.292,602.292 | 602.292 | 602.292 | 602.292 | 602.292 | 600.000,Mediocampista
2026-07-29,Delgado,Elche,0 | 0 | 0 | 0 | 0 | +2.324,"0,00% | 0,00% | 0,00% | 0,00% | 0,00% | +0,39%",,20ddías,602.324,602.324 | 602.324 | 602.324 | 602.324 | 602.324 | 600.000,Defensa
2026-07-29,Álvaro,Alavés,0 | 0 | 0 | 0 | 0 | +1.929,"0,00% | 0,00% | 0,00% | 0,00% | 0,00% | +0,39%",,20ddías,501.929,501.929 | 501.929 | 501.929 | 501.929 | 501.929 | 500.000,Defensa
2026-07-29,Selton,Athletic,0 | 0 | 0 | 0 | 0 | +2.257,"0,00% | 0,00% | 0,00% | 0,00% | 0,00% | +0,38%",,20ddías,602.257,602.257 | 602.257 | 602.257 | 602.257 | 602.257 | 600.000,Mediocampista
2026-07-29,Meixús,Celta,0 | 0 | 0 | 0 | 0 | -14.628,"0,00% | 0,00% | 0,00% | 0,00% | 0,00% | -2,93%",,20ddías,485.372,485.372 | 485.372 | 485.372 | 485.372 | 485.372 | 500.000,Defensa
2026-07-29,Óscar Marcos,Celta,0 | 0 | 0 | 0 | 0 | +2.257,"0,00% | 0,00% | 0,00% | 0,00% | 0,00% | +0,38%",,20ddías,602.257,602.257 | 602.257 | 602.257 | 602.257 | 602.257 | 600.000,Delantero
2026-07-29,Al Lal,Elche,0 | 0 | 0 | 0 | 0 | +1.936,"0,00% | 0,00% | 0,00% | 0,00% | 0,00% | +0,39%",,20ddías,501.936,501.936 | 501.936 | 501.936 | 501.936 | 501.936 | 500.000,Delantero
2026-07-29,Yassin,Getafe,0 | 0 | 0 | 0 | 0 | +1.932,"0,00% | 0,00% | 0,00% | 0,00% | 0,00% | +0,39%",,20ddías,501.932,501.932 | 501.932 | 501.932 | 501.932 | 501.932 | 500.000,Defensa
2026-07-29,Marchal,Real Sociedad,0 | 0 | 0 | 0 | 0 | +2.234,"0,00% | 0,00% | 0,00% | 0,00% | 0,00% | +0,37%",,20ddías,602.234,602.234 | 602.234 | 602.234 | 602.234 | 602.234 | 600.000,Mediocampista
2026-07-29,Panach,Valencia,0 | 0 | 0 | 0 | 0 | +1.909,"0,00% | 0,00% | 0,00% | 0,00% | 0,00% | +0,38%",,20ddías,501.909,501.909 | 501.909 | 501.909 | 501.909 | 501.909 | 500.000,Defensa
2026-07-29,Jurado,Valencia,0 | 0 | 0 | 0 | 0 | +2.292,"0,00% | 0,00% | 0,00% | 0,00% | 0,00% | +0,38%",,20ddías,602.292,602.292 | 602.292 | 602.292 | 602.292 | 602.292 | 600.000,Defensa
2026-07-29,Nakoha,Levante,0 | 0 | 0 | 0 | 0 | +1.874,"0,00% | 0,00% | 0,00% | 0,00% | 0,00% | +0,37%",,20ddías,501.874,501.874 | 501.874 | 501.874 | 501.874 | 501.874 | 500.000,Defensa
2026-07-29,Rosón,Levante,0 | 0 | 0 | 0 | 0 | +2.249,"0,00% | 0,00% | 0,00% | 0,00% | 0,00% | +0,37%",,20ddías,602.249,602.249 | 602.249 | 602.249 | 602.249 | 602.249 | 600.000,Mediocampista
2026-07-29,Carrera,Real Sociedad,0 | 0 | 0 | 0 | 0 | +2.633,"0,00% | 0,00% | 0,00% | 0,00% | 0,00% | +0,38%",,20ddías,702.633,702.633 | 702.633 | 702.633 | 702.633 | 702.633 | 700.000,Delantero
2026-07-29,Valdepeñas,Real Madrid,0 | 0 | 0 | 0 | 0 | +2.997,"0,00% | 0,00% | 0,00% | 0,00% | 0,00% | +0,37%",,20ddías,802.997,802.997 | 802.997 | 802.997 | 802.997 | 802.997 | 800.000,Defensa
2026-07-29,Carlos Macià,Villarreal,0 | 0 | 0 | 0 | 0 | +3.057,"0,00% | 0,00% | 0,00% | 0,00% | 0,00% | +0,38%",,20ddías,803.057,803.057 | 803.057 | 803.057 | 803.057 | 803.057 | 800.000,Mediocampista
2026-07-29,Unai Santos,Osasuna,0 | 0 | 0 | 0 | 0 | +2.319,"0,00% | 0,00% | 0,00% | 0,00% | 0,00% | +0,39%",,20ddías,602.319,602.319 | 602.319 | 602.319 | 602.319 | 602.319 | 600.000,Defensa
2026-07-29,Joan Martínez,Real Madrid,0 | 0 | 0 | 0 | 0 | +2.622,"0,00% | 0,00% | 0,00% | 0,00% | 0,00% | +0,37%",,20ddías,702.622,702.622 | 702.622 | 702.622 | 702.622 | 702.622 | 700.000,Defensa
2026-07-29,Iker Muñoz,Sevilla,0 | 0 | 0 | 0 | 0 | +2.284,"0,00% | 0,00% | 0,00% | 0,00% | 0,00% | +0,38%",,20ddías,602.284,602.284 | 602.284 | 602.284 | 602.284 | 602.284 | 600.000,Defensa
2026-07-29,Oláiz,Alavés,0 | 0 | 0 | 0 | 0 | +2.316,"0,00% | 0,00% | 0,00% | 0,00% | 0,00% | +0,39%",,20ddías,602.316,602.316 | 602.316 | 602.316 | 602.316 | 602.316 | 600.000,Defensa
2026-07-29,Izei,Alavés,0 | 0 | 0 | 0 | 0 | -17.990,"0,00% | 0,00% | 0,00% | 0,00% | 0,00% | -3,00%",,20ddías,582.010,582.010 | 582.010 | 582.010 | 582.010 | 582.010 | 600.000,Mediocampista
2026-07-29,Aitor Mañas,Alavés,0 | 0 | 0 | 0 | 0 | -37.836,"0,00% | 0,00% | 0,00% | 0,00% | 0,00% | -6,31%",,20ddías,562.164,562.164 | 562.164 | 562.164 | 562.164 | 562.164 | 600.000,Delantero
2026-07-29,Hierro,Athletic,0 | 0 | 0 | 0 | 0 | +2.257,"0,00% | 0,00% | 0,00% | 0,00% | 0,00% | +0,38%",,20ddías,602.257,602.257 | 602.257 | 602.257 | 602.257 | 602.257 | 600.000,Delantero
2026-07-29,Dani Martínez,Atlético,-4.744 | -7.697 | -10.898 | -20.806 | -53.715 | -136.407,"-1,01% | -1,63% | -2,30% | -4,30% | -10,38% | -22,73%",,3ddías,463.593,468.337 | 471.290 | 474.491 | 484.399 | 517.308 | 600.000,Defensa
2026-07-29,Boñar,Atlético,-3.823 | -8.941 | -14.397 | -41.401 | -98.614 | -183.520,"-0,73% | -1,70% | -2,71% | -7,42% | -16,03% | -26,22%",,17ddías,516.480,520.303 | 525.421 | 530.877 | 557.881 | 615.094 | 700.000,Defensa
2026-07-29,Puric,Atlético,-6.187 | -10.644 | -15.411 | -39.358 | -89.861 | -201.768,"-1,23% | -2,09% | -3,00% | -7,32% | -15,28% | -28,82%",,23ddías,498.232,504.419 | 508.876 | 513.643 | 537.590 | 588.093 | 700.000,Defensa
2026-07-29,Marqués,Barcelona,0 | 0 | 0 | 0 | 0 | +2.319,"0,00% | 0,00% | 0,00% | 0,00% | 0,00% | +0,39%",,20ddías,602.319,602.319 | 602.319 | 602.319 | 602.319 | 602.319 | 600.000,Defensa
2026-07-29,Arcos,Celta,0 | 0 | 0 | 0 | 0 | +2.257,"0,00% | 0,00% | 0,00% | 0,00% | 0,00% | +0,38%",,20ddías,602.257,602.257 | 602.257 | 602.257 | 602.257 | 602.257 | 600.000,Mediocampista
2026-07-29,Cestero,Real Madrid,0 | 0 | 0 | 0 | 0 | +2.234,"0,00% | 0,00% | 0,00% | 0,00% | 0,00% | +0,37%",,20ddías,602.234,602.234 | 602.234 | 602.234 | 602.234 | 602.234 | 600.000,Mediocampista
2026-07-29,Montes,Getafe,0 | 0 | 0 | 0 | 0 | +2.319,"0,00% | 0,00% | 0,00% | 0,00% | 0,00% | +0,39%",,20ddías,602.319,602.319 | 602.319 | 602.319 | 602.319 | 602.319 | 600.000,Defensa
2026-07-29,Ferran,Espanyol,0 | 0 | 0 | 0 | 0 | +2.248,"0,00% | 0,00% | 0,00% | 0,00% | 0,00% | +0,37%",,20ddías,602.248,602.248 | 602.248 | 602.248 | 602.248 | 602.248 | 600.000,Mediocampista
2026-07-29,Tunde,Levante,0 | 0 | 0 | 0 | 0 | +31.892,"0,00% | 0,00% | 0,00% | 0,00% | 0,00% | +0,38%",,20ddías,8.531.892,8.531.892 | 8.531.892 | 8.531.892 | 8.531.892 | 8.531.892 | 8.500.000,Mediocampista
2026-07-29,Kita,R. Sociedad B,0 | 0 | 0 | 0 | 0 | +2.234,"0,00% | 0,00% | 0,00% | 0,00% | 0,00% | +0,37%",,20ddías,602.234,602.234 | 602.234 | 602.234 | 602.234 | 602.234 | 600.000,Defensa
2026-07-29,Astiazaran,R. Sociedad B,0 | 0 | 0 | 0 | 0 | +2.257,"0,00% | 0,00% | 0,00% | 0,00% | 0,00% | +0,38%",,20ddías,602.257,602.257 | 602.257 | 602.257 | 602.257 | 602.257 | 600.000,Mediocampista
2026-07-29,Aguirre,R. Sociedad B,0 | 0 | 0 | 0 | 0 | +2.257,"0,00% | 0,00% | 0,00% | 0,00% | 0,00% | +0,38%",,20ddías,602.257,602.257 | 602.257 | 602.257 | 602.257 | 602.257 | 600.000,Mediocampista
2026-07-29,Fontanet,Valencia,0 | 0 | 0 | 0 | 0 | -18.013,"0,00% | 0,00% | 0,00% | 0,00% | 0,00% | -3,00%",,20ddías,581.987,581.987 | 581.987 | 581.987 | 581.987 | 581.987 | 600.000,Defensa
2026-07-29,Gaitán,Villarreal,0 | 0 | 0 | 0 | 0 | +2.292,"0,00% | 0,00% | 0,00% | 0,00% | 0,00% | +0,38%",,20ddías,602.292,602.292 | 602.292 | 602.292 | 602.292 | 602.292 | 600.000,Mediocampista
2026-07-29,Manuel Ángel,Real Madrid,0 | 0 | 0 | 0 | 0 | +2.606,"0,00% | 0,00% | 0,00% | 0,00% | 0,00% | +0,37%",,20ddías,702.606,702.606 | 702.606 | 702.606 | 702.606 | 702.606 | 700.000,Mediocampista
2026-07-29,Palacios,Real Madrid,0 | 0 | 0 | 0 | 0 | +2.979,"0,00% | 0,00% | 0,00% | 0,00% | 0,00% | +0,37%",,20ddías,802.979,802.979 | 802.979 | 802.979 | 802.979 | 802.979 | 800.000,Mediocampista
2026-07-29,Julio Díaz,Sevilla,-4.290 | -6.675 | -9.379 | -20.903 | -48.097 | -147.304,"-0,94% | -1,45% | -2,03% | -4,41% | -9,60% | -24,55%",,23ddías,452.696,456.986 | 459.371 | 462.075 | 473.599 | 500.793 | 600.000,Defensa
2026-07-29,Burcio,Celta,0 | 0 | 0 | 0 | 0 | +2.257,"0,00% | 0,00% | 0,00% | 0,00% | 0,00% | +0,38%",,20ddías,602.257,602.257 | 602.257 | 602.257 | 602.257 | 602.257 | 600.000,Mediocampista
2026-07-29,Álex Sánchez,Elche,0 | 0 | 0 | 0 | 0 | +2.324,"0,00% | 0,00% | 0,00% | 0,00% | 0,00% | +0,39%",,20ddías,602.324,602.324 | 602.324 | 602.324 | 602.324 | 602.324 | 600.000,Mediocampista
2026-07-29,A. Riquelme,Getafe,0 | 0 | 0 | 0 | 0 | +2.324,"0,00% | 0,00% | 0,00% | 0,00% | 0,00% | +0,39%",,20ddías,602.324,602.324 | 602.324 | 602.324 | 602.324 | 602.324 | 600.000,Mediocampista
2026-07-29,Mesonero,Real Madrid,0 | 0 | 0 | 0 | 0 | +2.606,"0,00% | 0,00% | 0,00% | 0,00% | 0,00% | +0,37%",,20ddías,702.606,702.606 | 702.606 | 702.606 | 702.606 | 702.606 | 700.000,Mediocampista
2026-07-29,Romero,Getafe,0 | 0 | 0 | 0 | 0 | +116.266,"0,00% | 0,00% | 0,00% | 0,00% | 0,00% | +0,39%",,20ddías,30.116.266,30.116.266 | 30.116.266 | 30.116.266 | 30.116.266 | 30.116.266 | 30.000.000,Defensa
2026-07-29,Boselli,Getafe,0 | 0 | 0 | 0 | 0 | -106.001,"0,00% | 0,00% | 0,00% | 0,00% | 0,00% | -3,53%",,20ddías,2.893.999,2.893.999 | 2.893.999 | 2.893.999 | 2.893.999 | 2.893.999 | 3.000.000,Defensa
2026-07-29,Ángel Pérez,Alavés,-206.275 | -379.497 | -603.451 | -1.496.906 | -3.429.940 | -6.178.984,"-2,29% | -4,12% | -6,40% | -14,51% | -28,00% | -41,19%",,23ddías,8.821.016,9.027.291 | 9.200.513 | 9.424.467 | 10.317.922 | 12.250.956 | 15.000.000,Delantero
2026-07-29,Cepeda,Elche,-18.100 | -43.509 | -76.306 | -220.515 | -540.050 | -1.128.758,"-1,30% | -3,08% | -5,27% | -13,85% | -28,26% | -45,15%",,23ddías,1.371.242,1.389.342 | 1.414.751 | 1.447.548 | 1.591.757 | 1.911.292 | 2.500.000,Delantero
2026-07-29,Freeman,Villarreal,-63.917 | -109.002 | -166.376 | -432.823 | -1.055.340 | -1.729.504,"-1,92% | -3,23% | -4,84% | -11,69% | -24,40% | -34,59%",,23ddías,3.270.496,3.334.413 | 3.379.498 | 3.436.872 | 3.703.319 | 4.325.836 | 5.000.000,Defensa
2026-07-29,Koski,Alavés,0 | 0 | 0 | 0 | 0 | +3.089,"0,00% | 0,00% | 0,00% | 0,00% | 0,00% | +0,39%",,20ddías,803.089,803.089 | 803.089 | 803.089 | 803.089 | 803.089 | 800.000,Defensa
2026-07-29,Fidalgo,Betis,-62.962 | -111.569 | -172.447 | -425.572 | -973.909 | -1.493.536,"-1,76% | -3,08% | -4,69% | -10,82% | -21,74% | -29,87%",,20ddías,3.506.464,3.569.426 | 3.618.033 | 3.678.911 | 3.932.036 | 4.480.373 | 5.000.000,Mediocampista
2026-07-29,Tete Morente,Elche,-84.010 | -165.441 | -249.378 | -625.087 | -1.414.663 | -2.538.537,"-2,76% | -5,29% | -7,77% | -17,43% | -32,33% | -46,16%",,23ddías,2.961.463,3.045.473 | 3.126.904 | 3.210.841 | 3.586.550 | 4.376.126 | 5.500.000,Delantero
2026-07-29,Lookman,Atlético,+1.203.022 | +3.060.069 | +4.470.436 | +9.402.306 | +25.396.168 | +25.355.269,"+2,10% | +5,52% | +8,27% | +19,14% | 0% | +76,46%",,10ddías,58.517.433,57.314.411 | 55.457.364 | 54.046.997 | 49.115.127 | 0 | 33.162.164,Delantero
2026-07-29,Vargas,Atlético,-31.089 | -61.381 | -94.918 | -236.860 | -507.991 | -887.315,"-2,50% | -4,82% | -7,26% | -16,34% | -29,52% | -42,25%",,23ddías,1.212.685,1.243.774 | 1.274.066 | 1.307.603 | 1.449.545 | 1.720.676 | 2.100.000,Mediocampista
2026-07-29,Vecino,Celta,-94.914 | -191.201 | -286.327 | -709.022 | -1.577.948 | -2.785.158,"-2,87% | -5,61% | -8,18% | -18,07% | -32,92% | -46,42%",,23ddías,3.214.842,3.309.756 | 3.406.043 | 3.501.169 | 3.923.864 | 4.792.790 | 6.000.000,Mediocampista
2026-07-29,Sangaré,Elche,0 | 0 | 0 | 0 | 0 | +15.501,"0,00% | 0,00% | 0,00% | 0,00% | 0,00% | +0,39%",,20ddías,4.015.501,4.015.501 | 4.015.501 | 4.015.501 | 4.015.501 | 4.015.501 | 4.000.000,Defensa
2026-07-29,Lamini Fati,Real Madrid,0 | 0 | 0 | 0 | 0 | -22.045,"0,00% | 0,00% | 0,00% | 0,00% | 0,00% | -3,15%",,20ddías,677.955,677.955 | 677.955 | 677.955 | 677.955 | 677.955 | 700.000,Defensa
2026-07-29,Antañón,Celta,0 | 0 | 0 | 0 | 0 | -18.300,"0,00% | 0,00% | 0,00% | 0,00% | 0,00% | -3,05%",,20ddías,581.700,581.700 | 581.700 | 581.700 | 581.700 | 581.700 | 600.000,Mediocampista
2026-07-29,Ochieng,Real Sociedad,0 | 0 | 0 | 0 | 0 | +2.633,"0,00% | 0,00% | 0,00% | 0,00% | 0,00% | +0,38%",,20ddías,702.633,702.633 | 702.633 | 702.633 | 702.633 | 702.633 | 700.000,Mediocampista
2026-07-29,Morcillo,Atlético,0 | 0 | 0 | 0 | 0 | +2.702,"0,00% | 0,00% | 0,00% | 0,00% | 0,00% | +0,39%",,20ddías,702.702,702.702 | 702.702 | 702.702 | 702.702 | 702.702 | 700.000,Mediocampista
2026-07-29,Cubo,Atlético,0 | 0 | 0 | 0 | 0 | +2.316,"0,00% | 0,00% | 0,00% | 0,00% | 0,00% | +0,39%",,20ddías,602.316,602.316 | 602.316 | 602.316 | 602.316 | 602.316 | 600.000,Delantero
2026-07-29,Hugo Ríos,Deportivo,0 | 0 | 0 | 0 | 0 | +3.386,"0,00% | 0,00% | 0,00% | 0,00% | 0,00% | +0,38%",,20ddías,903.386,903.386 | 903.386 | 903.386 | 903.386 | 903.386 | 900.000,Portero
2026-07-29,Puerto,Deportivo,-1.085 | -227 | +542 | +1.144 | +4.540 | -24.214,"-0,29% | -0,06% | +0,14% | +0,31% | +1,22% | -6,05%",,1ddías,375.786,376.871 | 376.013 | 375.244 | 374.642 | 371.246 | 400.000,Portero
2026-07-29,Germán Parreño,Deportivo,0 | 0 | 0 | 0 | 0 | +2.633,"0,00% | 0,00% | 0,00% | 0,00% | 0,00% | +0,38%",,20ddías,702.633,702.633 | 702.633 | 702.633 | 702.633 | 702.633 | 700.000,Portero
2026-07-29,Quagliata,Deportivo,-1.457 | +3.747 | -16.402 | -119.512 | -491.172 | -1.139.206,"-0,05% | +0,13% | -0,57% | -4,01% | -14,65% | -28,48%",,1ddías,2.860.794,2.862.251 | 2.857.047 | 2.877.196 | 2.980.306 | 3.351.966 | 4.000.000,Defensa
2026-07-29,Loureiro,Deportivo,-51.000 | -83.015 | -108.679 | -426.976 | -583.675 | -566.732,"-1,28% | -2,07% | -2,69% | -9,79% | -12,92% | -12,59%",,8ddías,3.933.268,3.984.268 | 4.016.283 | 4.041.947 | 4.360.244 | 4.516.943 | 4.500.000,Defensa
2026-07-29,Teijo,Deportivo,0 | 0 | 0 | 0 | 0 | +2.257,"0,00% | 0,00% | 0,00% | 0,00% | 0,00% | +0,38%",,20ddías,602.257,602.257 | 602.257 | 602.257 | 602.257 | 602.257 | 600.000,Defensa
2026-07-29,Canedo,Deportivo,0 | 0 | 0 | 0 | 0 | +2.257,"0,00% | 0,00% | 0,00% | 0,00% | 0,00% | +0,38%",,20ddías,602.257,602.257 | 602.257 | 602.257 | 602.257 | 602.257 | 600.000,Defensa
2026-07-29,Samu Fernández,Deportivo,0 | 0 | 0 | 0 | 0 | +2.633,"0,00% | 0,00% | 0,00% | 0,00% | 0,00% | +0,38%",,20ddías,702.633,702.633 | 702.633 | 702.633 | 702.633 | 702.633 | 700.000,Defensa
2026-07-29,Noubi,Deportivo,+133.052 | +288.207 | +403.854 | +430.799 | +50.671 | +868.133,"+1,62% | +3,57% | +5,07% | +5,43% | +0,61% | +11,58%",,5ddías,8.368.133,8.235.081 | 8.079.926 | 7.964.279 | 7.937.334 | 8.317.462 | 7.500.000,Defensa
2026-07-29,Comas,Deportivo,-30.196 | -58.201 | -88.478 | -224.406 | -510.587 | -919.104,"-2,72% | -5,11% | -7,57% | -17,19% | -32,08% | -45,96%",,23ddías,1.080.896,1.111.092 | 1.139.097 | 1.169.374 | 1.305.302 | 1.591.483 | 2.000.000,Defensa
2026-07-29,Barcia,Deportivo,-40.473 | -78.815 | -116.520 | -292.099 | -665.845 | -1.123.615,"-2,11% | -4,03% | -5,85% | -13,47% | -26,19% | -37,45%",,23ddías,1.876.385,1.916.858 | 1.955.200 | 1.992.905 | 2.168.484 | 2.542.230 | 3.000.000,Defensa
2026-07-29,Ximo,Deportivo,0 | 0 | 0 | 0 | 0 | +24.473,"0,00% | 0,00% | 0,00% | 0,00% | 0,00% | +0,38%",,20ddías,6.524.473,6.524.473 | 6.524.473 | 6.524.473 | 6.524.473 | 6.524.473 | 6.500.000,Defensa
2026-07-29,Pablo García,Deportivo,-1.854 | +5.819 | +1.052 | -22.895 | -73.398 | -185.305,"-0,36% | +1,14% | +0,20% | -4,26% | -12,48% | -26,47%",,1ddías,514.695,516.549 | 508.876 | 513.643 | 537.590 | 588.093 | 700.000,Defensa
2026-07-29,Noé Carrillo,Deportivo,0 | 0 | 0 | 0 | 0 | +2.633,"0,00% | 0,00% | 0,00% | 0,00% | 0,00% | +0,38%",,20ddías,702.633,702.633 | 702.633 | 702.633 | 702.633 | 702.633 | 700.000,Mediocampista
2026-07-29,Riki,Deportivo,0 | 0 | 0 | 0 | 0 | +5.646,"0,00% | 0,00% | 0,00% | 0,00% | 0,00% | +0,38%",,20ddías,1.505.646,1.505.646 | 1.505.646 | 1.505.646 | 1.505.646 | 1.505.646 | 1.500.000,Mediocampista
2026-07-29,Rubén López,Deportivo,0 | 0 | 0 | 0 | 0 | +1.880,"0,00% | 0,00% | 0,00% | 0,00% | 0,00% | +0,38%",,20ddías,501.880,501.880 | 501.880 | 501.880 | 501.880 | 501.880 | 500.000,Mediocampista
2026-07-29,Villares,Deportivo,-88.986 | -180.615 | -271.634 | -677.878 | -1.488.366 | -2.394.981,"-2,41% | -4,77% | -7,01% | -15,83% | -29,22% | -39,92%",,23ddías,3.605.019,3.694.005 | 3.785.634 | 3.876.653 | 4.282.897 | 5.093.385 | 6.000.000,Mediocampista
2026-07-29,Jurado,Deportivo,-45.418 | -91.368 | -138.191 | -357.199 | -802.067 | -1.391.559,"-2,75% | -5,38% | -7,91% | -18,17% | -33,27% | -46,39%",,23ddías,1.608.441,1.653.859 | 1.699.809 | 1.746.632 | 1.965.640 | 2.410.508 | 3.000.000,Mediocampista
2026-07-29,Mella,Deportivo,-64.760 | -119.778 | -184.501 | -424.065 | -828.046 | -392.569,"-1,76% | -3,21% | -4,87% | -10,52% | -18,67% | -9,81%",,13ddías,3.607.431,3.672.191 | 3.727.209 | 3.791.932 | 4.031.496 | 4.435.477 | 4.000.000,Mediocampista
2026-07-29,Mario,Deportivo,+310.711 | +711.062 | +1.026.974 | +2.095.457 | +3.736.049 | +4.948.321,"+1,58% | +3,70% | +5,43% | +11,74% | +23,04% | +32,99%",,22ddías,19.948.321,19.637.610 | 19.237.259 | 18.921.347 | 17.852.864 | 16.212.272 | 15.000.000,Mediocampista
2026-07-29,Patino,Deportivo,-13.452 | -25.477 | -38.127 | -97.032 | -222.835 | -427.401,"-1,96% | -3,65% | -5,36% | -12,61% | -24,89% | -38,85%",,23ddías,672.599,686.051 | 698.076 | 710.726 | 769.631 | 895.434 | 1.100.000,Mediocampista
2026-07-29,Luismi,Deportivo,-147.721 | -261.620 | -416.218 | -984.296 | -2.056.704 | -1.866.534,"-2,03% | -3,54% | -5,51% | -12,13% | -22,38% | -20,74%",,18ddías,7.133.466,7.281.187 | 7.395.086 | 7.549.684 | 8.117.762 | 9.190.170 | 9.000.000,Delantero
2026-07-29,Bil Nsongo,Deportivo,0 | 0 | 0 | 0 | 0 | +24.473,"0,00% | 0,00% | 0,00% | 0,00% | 0,00% | +0,38%",,20ddías,6.524.473,6.524.473 | 6.524.473 | 6.524.473 | 6.524.473 | 6.524.473 | 6.500.000,Delantero
2026-07-29,Eddahchouri,Deportivo,-49.567 | -95.408 | -141.110 | -339.439 | -805.252 | -1.404.004,"-1,87% | -3,54% | -5,16% | -11,56% | -23,68% | -35,10%",,23ddías,2.595.996,2.645.563 | 2.691.404 | 2.737.106 | 2.935.435 | 3.401.248 | 4.000.000,Delantero
2026-07-29,Osorio,Elche,0 | 0 | 0 | 0 | 0 | +5.425,"0,00% | 0,00% | 0,00% | 0,00% | 0,00% | +0,39%",,19ddías,1.405.425,1.405.425 | 1.405.425 | 1.405.425 | 1.405.425 | 1.405.425 | 1.400.000,Delantero
2026-07-29,Herrero,Málaga,+110.015 | +202.771 | +316.623 | +604.373 | +216.317 | +753.228,"+1,66% | +3,10% | +4,92% | +9,83% | +3,31% | +12,55%",,7ddías,6.753.228,6.643.213 | 6.550.457 | 6.436.605 | 6.148.855 | 6.536.911 | 6.000.000,Portero
2026-07-29,Carlos López,Málaga,-2.826 | -2.566 | -3.635 | -11.187 | -25.691 | -82.425,"-0,67% | -0,61% | -0,86% | -2,61% | -5,80% | -16,49%",,1ddías,417.575,420.401 | 420.141 | 421.210 | 428.762 | 443.266 | 500.000,Portero
2026-07-29,Céspedes,Málaga,0 | 0 | 0 | 0 | 0 | +1.498,"0,00% | 0,00% | 0,00% | 0,00% | 0,00% | +0,37%",,19ddías,401.498,401.498 | 401.498 | 401.498 | 401.498 | 401.498 | 400.000,Portero
2026-07-29,Puga,Málaga,-112.546 | -207.393 | -316.811 | -644.215 | -1.611.987 | -2.407.358,"-1,68% | -3,05% | -4,59% | -8,90% | -19,65% | -26,75%",,18ddías,6.592.642,6.705.188 | 6.800.035 | 6.909.453 | 7.236.857 | 8.204.629 | 9.000.000,Defensa
2026-07-29,Murillo,Málaga,-104.764 | -210.348 | -310.522 | -763.859 | -1.683.784 | -2.541.983,"-2,94% | -5,73% | -8,24% | -18,09% | -32,75% | -42,37%",,23ddías,3.458.017,3.562.781 | 3.668.365 | 3.768.539 | 4.221.876 | 5.141.801 | 6.000.000,Defensa
2026-07-29,Rafa GarridoRafita,Málaga,0 | 0 | 0 | 0 | 0 | +18.744,"0,00% | 0,00% | 0,00% | 0,00% | 0,00% | +0,37%",,19ddías,5.018.744,5.018.744 | 5.018.744 | 5.018.744 | 5.018.744 | 5.018.744 | 5.000.000,Defensa
2026-07-29,Galilea,Málaga,0 | 0 | 0 | 0 | 0 | +15.932,"0,00% | 0,00% | 0,00% | 0,00% | 0,00% | +0,37%",,19ddías,4.265.932,4.265.932 | 4.265.932 | 4.265.932 | 4.265.932 | 4.265.932 | 4.250.000,Defensa
2026-07-29,Dani Sánchez,Málaga,-26.019 | -52.747 | -78.234 | -196.218 | -460.027 | -927.746,"-2,37% | -4,69% | -6,80% | -15,47% | -30,02% | -46,39%",,23ddías,1.072.254,1.098.273 | 1.125.001 | 1.150.488 | 1.268.472 | 1.532.281 | 2.000.000,Defensa
2026-07-29,Recio,Málaga,0 | 0 | 0 | 0 | 0 | +2.810,"0,00% | 0,00% | 0,00% | 0,00% | 0,00% | +0,37%",,19ddías,752.810,752.810 | 752.810 | 752.810 | 752.810 | 752.810 | 750.000,Defensa
2026-07-29,Pastor,Málaga,0 | 0 | 0 | 0 | 0 | -10.884,"0,00% | 0,00% | 0,00% | 0,00% | 0,00% | -2,72%",,19ddías,389.116,389.116 | 389.116 | 389.116 | 389.116 | 389.116 | 400.000,Defensa
2026-07-29,Arriaza,Málaga,0 | 0 | 0 | 0 | 0 | +1.498,"0,00% | 0,00% | 0,00% | 0,00% | 0,00% | +0,37%",,19ddías,401.498,401.498 | 401.498 | 401.498 | 401.498 | 401.498 | 400.000,Defensa
2026-07-29,Moussa,Málaga,0 | 0 | 0 | 0 | 0 | +1.498,"0,00% | 0,00% | 0,00% | 0,00% | 0,00% | +0,37%",,19ddías,401.498,401.498 | 401.498 | 401.498 | 401.498 | 401.498 | 400.000,Defensa
2026-07-29,Merino,Málaga,-128.241 | -183.079 | -296.642 | -712.050 | -1.819.028 | -2.424.225,"-1,66% | -2,36% | -3,77% | -8,59% | -19,36% | -24,24%",,19ddías,7.575.775,7.704.016 | 7.758.854 | 7.872.417 | 8.287.825 | 9.394.803 | 10.000.000,Mediocampista
2026-07-29,Lorenzo,Málaga,-28.542 | -66.166 | -95.261 | -345.343 | -1.362.343 | -2.580.181,"-0,34% | -0,78% | -1,12% | -3,94% | -13,93% | -23,46%",,4ddías,8.419.819,8.448.361 | 8.485.985 | 8.515.080 | 8.765.162 | 9.782.162 | 11.000.000,Mediocampista
2026-07-29,Rafa Rodríguez,Málaga,0 | 0 | 0 | 0 | 0 | -229.574,"0,00% | 0,00% | 0,00% | 0,00% | 0,00% | -3,53%",,19ddías,6.270.426,6.270.426 | 6.270.426 | 6.270.426 | 6.270.426 | 6.270.426 | 6.500.000,Mediocampista
2026-07-29,Ochoa,Málaga,0 | 0 | 0 | 0 | 0 | +13.040,"0,00% | 0,00% | 0,00% | 0,00% | 0,00% | +0,37%",,19ddías,3.513.040,3.513.040 | 3.513.040 | 3.513.040 | 3.513.040 | 3.513.040 | 3.500.000,Mediocampista
2026-07-29,Enríquez,Málaga,-26.253 | -48.860 | -72.306 | -179.463 | -443.892 | -839.385,"-2,21% | -4,04% | -5,86% | -13,39% | -27,67% | -41,97%",,23ddías,1.160.615,1.186.868 | 1.209.475 | 1.232.921 | 1.340.078 | 1.604.507 | 2.000.000,Mediocampista
2026-07-29,Juanpe,Málaga,0 | 0 | 0 | 0 | 0 | -18.069,"0,00% | 0,00% | 0,00% | 0,00% | 0,00% | -3,01%",,19ddías,581.931,581.931 | 581.931 | 581.931 | 581.931 | 581.931 | 600.000,Mediocampista
2026-07-29,Joaquín,Málaga,-180.818 | -355.654 | -538.104 | -1.270.493 | -2.915.472 | -4.821.372,"-1,93% | -3,73% | -5,54% | -12,16% | -24,11% | -34,44%",,23ddías,9.178.628,9.359.446 | 9.534.282 | 9.716.732 | 10.449.121 | 12.094.100 | 14.000.000,Delantero
2026-07-29,Lobete,Málaga,-29.673 | -57.653 | -88.422 | -215.521 | -478.035 | -820.499,"-2,45% | -4,66% | -6,97% | -15,45% | -28,84% | -41,02%",,23ddías,1.179.501,1.209.174 | 1.237.154 | 1.267.923 | 1.395.022 | 1.657.536 | 2.000.000,Delantero
2026-07-29,Jauregi,Málaga,0 | 0 | 0 | 0 | 0 | +5.774,"0,00% | 0,00% | 0,00% | 0,00% | 0,00% | +0,37%",,19ddías,1.555.774,1.555.774 | 1.555.774 | 1.555.774 | 1.555.774 | 1.555.774 | 1.550.000,Delantero
2026-07-29,Haitam,Málaga,-6.193 | -10.655 | -15.428 | -39.401 | -89.961 | -201.635,"-1,23% | -2,09% | -3,00% | -7,33% | -15,29% | -28,81%",,23ddías,498.365,504.558 | 509.020 | 513.793 | 537.766 | 588.326 | 700.000,Delantero
2026-07-29,Jiménez,Racing,0 | 0 | 0 | 0 | 0 | +2.234,"0,00% | 0,00% | 0,00% | 0,00% | 0,00% | +0,37%",,19ddías,602.234,602.234 | 602.234 | 602.234 | 602.234 | 602.234 | 600.000,Portero
2026-07-29,Eriksson,Racing,+20.756 | +30.486 | +20.491 | -33.110 | -389.669 | -724.889,"+0,92% | +1,36% | +0,91% | -1,43% | -14,62% | -24,16%",,2ddías,2.275.111,2.254.355 | 2.244.625 | 2.254.620 | 2.308.221 | 2.664.780 | 3.000.000,Portero
2026-07-29,Laro Gómez,Racing,0 | 0 | 0 | 0 | 0 | +2.234,"0,00% | 0,00% | 0,00% | 0,00% | 0,00% | +0,37%",,19ddías,602.234,602.234 | 602.234 | 602.234 | 602.234 | 602.234 | 600.000,Portero
2026-07-29,Mantilla,Racing,-1.888 | -5.438 | -13.046 | -14.193 | -351.423 | -864.240,"-0,09% | -0,25% | -0,61% | -0,66% | -14,13% | -28,81%",,6ddías,2.135.760,2.137.648 | 2.141.198 | 2.148.806 | 2.149.953 | 2.487.183 | 3.000.000,Defensa
2026-07-29,Sainz-Maza,Racing,-29.024 | -56.465 | -86.264 | -215.025 | -499.517 | -880.045,"-2,53% | -4,80% | -7,15% | -16,11% | -30,84% | -44,00%",,23ddías,1.119.955,1.148.979 | 1.176.420 | 1.206.219 | 1.334.980 | 1.619.472 | 2.000.000,Defensa
2026-07-29,Hernando,Racing,-31.755 | -61.640 | -95.098 | -278.863 | -741.684 | -1.401.085,"-1,49% | -2,85% | -4,33% | -11,73% | -26,11% | -40,03%",,23ddías,2.098.915,2.130.670 | 2.160.555 | 2.194.013 | 2.377.778 | 2.840.599 | 3.500.000,Defensa
2026-07-29,Camara,Racing,-22.434 | -37.440 | -42.622 | -131.612 | -332.559 | -654.845,"-2,10% | -3,46% | -3,92% | -11,18% | -24,14% | -38,52%",,23ddías,1.045.155,1.067.589 | 1.082.595 | 1.087.777 | 1.176.767 | 1.377.714 | 1.700.000,Defensa
2026-07-29,Salinas,Racing,0 | 0 | 0 | 0 | 0 | +22.356,"0,00% | 0,00% | 0,00% | 0,00% | 0,00% | +0,37%",,19ddías,6.022.356,6.022.356 | 6.022.356 | 6.022.356 | 6.022.356 | 6.022.356 | 6.000.000,Defensa
2026-07-29,Carlos Sánchez,Racing,0 | 0 | 0 | 0 | 0 | +2.606,"0,00% | 0,00% | 0,00% | 0,00% | 0,00% | +0,37%",,19ddías,702.606,702.606 | 702.606 | 702.606 | 702.606 | 702.606 | 700.000,Defensa
2026-07-29,Facundo GonzálezFacu González,Racing,0 | 0 | 0 | 0 | 0 | +13.040,"0,00% | 0,00% | 0,00% | 0,00% | 0,00% | +0,37%",,19ddías,3.513.040,3.513.040 | 3.513.040 | 3.513.040 | 3.513.040 | 3.513.040 | 3.500.000,Defensa
2026-07-29,Crespo,Racing,0 | 0 | 0 | 0 | 0 | +2.979,"0,00% | 0,00% | 0,00% | 0,00% | 0,00% | +0,37%",,19ddías,802.979,802.979 | 802.979 | 802.979 | 802.979 | 802.979 | 800.000,Defensa
2026-07-29,Gueye,Racing,-88.764 | -164.914 | -253.970 | -641.226 | -1.565.812 | -2.058.211,"-1,76% | -3,23% | -4,89% | -11,49% | -24,06% | -29,40%",,19ddías,4.941.789,5.030.553 | 5.106.703 | 5.195.759 | 5.583.015 | 6.507.601 | 7.000.000,Mediocampista
2026-07-29,Sergio Martínez,Racing,0 | 0 | 0 | 0 | 0 | +2.606,"0,00% | 0,00% | 0,00% | 0,00% | 0,00% | +0,37%",,19ddías,702.606,702.606 | 702.606 | 702.606 | 702.606 | 702.606 | 700.000,Mediocampista
2026-07-29,Puerta,Racing,+45.024 | +143.927 | +115.852 | +3.164 | -979.468 | -636.460,"+0,48% | +1,56% | +1,25% | +0,03% | -9,47% | -6,36%",,2ddías,9.363.540,9.318.516 | 9.219.613 | 9.247.688 | 9.360.376 | 10.343.008 | 10.000.000,Mediocampista
2026-07-29,Solórzano,Racing,0 | 0 | 0 | 0 | 0 | +2.234,"0,00% | 0,00% | 0,00% | 0,00% | 0,00% | +0,37%",,19ddías,602.234,602.234 | 602.234 | 602.234 | 602.234 | 602.234 | 600.000,Mediocampista
2026-07-29,Iñigo Vicente,Racing,-311.925 | -468.840 | -644.418 | -1.444.893 | -3.500.057 | -4.805.118,"-1,48% | -2,22% | -3,02% | -6,53% | -14,47% | -18,84%",,19ddías,20.694.882,21.006.807 | 21.163.722 | 21.339.300 | 22.139.775 | 24.194.939 | 25.500.000,Delantero
2026-07-29,Arana,Racing,-14.283 | -27.994 | -44.740 | -116.443 | -296.889 | -504.810,"-1,41% | -2,74% | -4,30% | -10,47% | -22,98% | -33,65%",,23ddías,995.190,1.009.473 | 1.023.184 | 1.039.930 | 1.111.633 | 1.292.079 | 1.500.000,Delantero
2026-07-29,Guliashvili,Racing,-113.290 | -222.797 | -338.318 | -831.864 | -1.855.264 | -2.964.800,"-3,11% | -5,93% | -8,73% | -19,05% | -34,42% | -45,61%",,23ddías,3.535.200,3.648.490 | 3.757.997 | 3.873.518 | 4.367.064 | 5.390.464 | 6.500.000,Delantero
2026-07-29,Canales,Racing,0 | 0 | 0 | 0 | 0 | +37.262,"0,00% | 0,00% | 0,00% | 0,00% | 0,00% | +0,37%",,19ddías,10.037.262,10.037.262 | 10.037.262 | 10.037.262 | 10.037.262 | 10.037.262 | 10.000.000,Delantero
2026-07-29,Santi Franco,Racing,0 | 0 | 0 | 0 | 0 | +2.606,"0,00% | 0,00% | 0,00% | 0,00% | 0,00% | +0,37%",,19ddías,702.606,702.606 | 702.606 | 702.606 | 702.606 | 702.606 | 700.000,Delantero
2026-07-29,Diego Diaz,Racing,0 | 0 | 0 | 0 | 0 | +2.234,"0,00% | 0,00% | 0,00% | 0,00% | 0,00% | +0,37%",,19ddías,602.234,602.234 | 602.234 | 602.234 | 602.234 | 602.234 | 600.000,Delantero
2026-07-29,Santaella,Málaga,0 | 0 | 0 | 0 | 0 | +1.498,"0,00% | 0,00% | 0,00% | 0,00% | 0,00% | +0,37%",,15ddías,401.498,401.498 | 401.498 | 401.498 | 401.498 | 401.498 | 400.000,Defensa
2026-07-29,Vallecillo,Racing,0 | 0 | 0 | 0 | 0 | -22.060,"0,00% | 0,00% | 0,00% | 0,00% | 0,00% | -3,15%",,15ddías,677.940,677.940 | 677.940 | 677.940 | 677.940 | 677.940 | 700.000,Mediocampista
2026-07-29,Chupete,Málaga,+1.114.621 | +2.442.138 | +3.752.249 | +9.277.781 | +14.030.031 | 0,"+3,01% | +6,83% | +10,89% | +32,08% | +58,06% | 0%",,14ddías,38.196.610,37.081.989 | 35.754.472 | 34.444.361 | 28.918.829 | 24.166.579 | 0,Delantero
2026-07-29,Larrubia,Málaga,+1.310.103 | +2.649.536 | +4.075.996 | +8.597.631 | +11.728.112 | 0,"+3,37% | +7,06% | +11,30% | +27,25% | +41,26% | 0%",,13ddías,40.152.963,38.842.860 | 37.503.427 | 36.076.967 | 31.555.332 | 28.424.851 | 0,Mediocampista
2026-07-29,Yeremay,Deportivo,+1.768.097 | +4.084.656 | +5.866.202 | +13.512.842 | 0 | 0,"+3,77% | +9,16% | +13,71% | +38,45% | 0% | 0%",,11ddías,48.659.944,46.891.847 | 44.575.288 | 42.793.742 | 35.147.102 | 0 | 0,Delantero
2026-07-29,Dumfries,Real Madrid,+1.317.365 | +2.726.649 | +3.957.098 | +9.188.474 | 0 | 0,"+2,44% | +5,18% | +7,70% | +19,92% | 0% | 0%",,10ddías,55.325.986,54.008.621 | 52.599.337 | 51.368.888 | 46.137.512 | 0 | 0,Defensa
2026-07-29,Hartman,Espanyol,-263.326 | -522.456 | -782.393 | -2.110.262 | 0 | 0,"-2,13% | -4,14% | -6,07% | -14,85% | 0% | 0%",,7ddías,12.098.147,12.361.473 | 12.620.603 | 12.880.540 | 14.208.409 | 0 | 0,Defensa
2026-07-29,Cucurella,Real Madrid,+167.949 | -1.441.345 | 0 | 0 | 0 | 0,"+0,34% | -2,87% | 0% | 0% | 0% | 0%",,1ddías,48.859.436,48.691.487 | 50.300.781 | 0 | 0 | 0 | 0,Defensa
2026-07-29,Konaté,Real Madrid,-139.450 | -1.088.839 | 0 | 0 | 0 | 0,"-0,49% | -3,68% | 0% | 0% | 0% | 0%",,2ddías,28.532.732,28.672.182 | 29.621.571 | 0 | 0 | 0 | 0,Defensa
2026-07-29,Javi López,Real Sociedad,0 | 0 | 0 | 0 | 0 | +322.066,"0% | 0% | 0% | 0% | 0% | +19,58%",,29ddías,1.656.670,0 | 0 | 0 | 0 | 0 | 1.644.934,Defensa
2026-07-29,Lemar,Atlético,0 | 0 | 0 | 0 | 0 | +291.810,"0% | 0% | 0% | 0% | 0% | +17,47%",,29ddías,1.680.630,0 | 0 | 0 | 0 | 0 | 1.669.893,Mediocampista
2026-07-29,Ter Stegen,Barcelona,0 | 0 | 0 | 0 | 0 | +288.535,"0% | 0% | 0% | 0% | 0% | +17,25%",,29ddías,1.683.226,0 | 0 | 0 | 0 | 0 | 1.672.597,Portero
2026-07-29,M. Alonso,Celta,0 | 0 | 0 | 0 | 0 | -2.434.717,"0% | 0% | 0% | 0% | 0% | -3,39%",,29ddías,71.704.119,0 | 0 | 0 | 0 | 0 | 71.792.661,Defensa
2026-07-29,Guido,Valencia,0 | 0 | 0 | 0 | 0 | -17.370,"0% | 0% | 0% | 0% | 0% | -0,90%",,29ddías,1.925.541,0 | 0 | 0 | 0 | 0 | 1.925.008,Mediocampista
2026-07-29,Leo Román,Deportivo,0 | 0 | 0 | 0 | 0 | +54.739,"0% | 0% | 0% | 0% | 0% | +2,93%",,29ddías,1.868.422,0 | 0 | 0 | 0 | 0 | 1.865.509,Portero
2026-07-29,Vargas,Sevilla,0 | 0 | 0 | 0 | 0 | -144.955,"0% | 0% | 0% | 0% | 0% | -2,94%",,29ddías,4.930.955,0 | 0 | 0 | 0 | 0 | 4.937.044,Delantero
2026-07-29,Rincón,Athletic,0 | 0 | 0 | 0 | 0 | +319.633,"0% | 0% | 0% | 0% | 0% | +19,41%",,29ddías,1.658.593,0 | 0 | 0 | 0 | 0 | 1.646.938,Defensa
2026-07-29,Forés,Villarreal,0 | 0 | 0 | 0 | 0 | +325.559,"0% | 0% | 0% | 0% | 0% | +19,83%",,29ddías,1.653.899,0 | 0 | 0 | 0 | 0 | 1.642.048,Delantero
2026-07-29,Carlos Espí,Levante,0 | 0 | 0 | 0 | 0 | -118.152,"0% | 0% | 0% | 0% | 0% | -3,34%",,29ddías,3.531.129,0 | 0 | 0 | 0 | 0 | 3.535.490,Delantero
2026-07-29,Satriano,Getafe,0 | 0 | 0 | 0 | 0 | -164.514,"0% | 0% | 0% | 0% | 0% | -3,79%",,29ddías,4.336.426,0 | 0 | 0 | 0 | 0 | 4.341.781,Delantero
2026-07-29,Thiago,Villarreal,0 | 0 | 0 | 0 | 0 | +317.132,"0% | 0% | 0% | 0% | 0% | +19,23%",,29ddías,1.660.575,0 | 0 | 0 | 0 | 0 | 1.649.002,Mediocampista
2026-07-29,Bambo,Elche,0 | 0 | 0 | 0 | 0 | 0,0% | 0% | 0% | 0% | 0% | 0%,,148ddías,652.470,0 | 0 | 0 | 0 | 0 | 0,Defensa
2026-07-29,Neyou,Getafe,0 | 0 | 0 | 0 | 0 | 0,0% | 0% | 0% | 0% | 0% | 0%,,178ddías,604.547,0 | 0 | 0 | 0 | 0 | 0,Mediocampista
2026-07-29,Maras,Alavés,0 | 0 | 0 | 0 | 0 | 0,0% | 0% | 0% | 0% | 0% | 0%,,181ddías,590.024,0 | 0 | 0 | 0 | 0 | 0,Defensa
2026-07-29,Diarra,Alavés,0 | 0 | 0 | 0 | 0 | 0,0% | 0% | 0% | 0% | 0% | 0%,,184ddías,591.470,0 | 0 | 0 | 0 | 0 | 0,Defensa
2026-07-29,Goti,Real Sociedad,0 | 0 | 0 | 0 | 0 | 0,0% | 0% | 0% | 0% | 0% | 0%,,184ddías,590.263,0 | 0 | 0 | 0 | 0 | 0,Mediocampista
2026-07-29,Ali Houary,Elche,0 | 0 | 0 | 0 | 0 | 0,0% | 0% | 0% | 0% | 0% | 0%,,188ddías,592.065,0 | 0 | 0 | 0 | 0 | 0,Delantero
2026-07-29,Damián,Celta,0 | 0 | 0 | 0 | 0 | 0,0% | 0% | 0% | 0% | 0% | 0%,,191ddías,593.721,0 | 0 | 0 | 0 | 0 | 0,Mediocampista
2026-07-29,Jorge Cabello,Levante,0 | 0 | 0 | 0 | 0 | 0,0% | 0% | 0% | 0% | 0% | 0%,,202ddías,575.820,0 | 0 | 0 | 0 | 0 | 0,Defensa
2026-07-29,Javier Hernández,Espanyol,0 | 0 | 0 | 0 | 0 | 0,0% | 0% | 0% | 0% | 0% | 0%,,202ddías,575.023,0 | 0 | 0 | 0 | 0 | 0,Delantero
2026-07-29,Endrick,Real Madrid,0 | 0 | 0 | 0 | 0 | 0,0% | 0% | 0% | 0% | 0% | 0%,,216ddías,564.925,0 | 0 | 0 | 0 | 0 | 0,Delantero
2026-07-29,Bauzà,Espanyol,0 | 0 | 0 | 0 | 0 | 0,0% | 0% | 0% | 0% | 0% | 0%,,330ddías,318.649,0 | 0 | 0 | 0 | 0 | 0,Mediocampista
2026-07-29,Pablo Ramón,Espanyol,0 | 0 | 0 | 0 | 0 | 0,0% | 0% | 0% | 0% | 0% | 0%,,330ddías,330.306,0 | 0 | 0 | 0 | 0 | 0,Mediocampista
2026-07-29,Canós,Valencia,0 | 0 | 0 | 0 | 0 | 0,0% | 0% | 0% | 0% | 0% | 0%,,331ddías,1.443.742,0 | 0 | 0 | 0 | 0 | 0,Delantero
2026-07-29,Uche,Getafe,0 | 0 | 0 | 0 | 0 | 0,0% | 0% | 0% | 0% | 0% | 0%,,331ddías,12.405.015,0 | 0 | 0 | 0 | 0 | 0,Mediocampista
2026-07-29,Pablo López,Valencia,0 | 0 | 0 | 0 | 0 | 0,0% | 0% | 0% | 0% | 0% | 0%,,331ddías,441.041,0 | 0 | 0 | 0 | 0 | 0,Delantero
2026-07-29,Alberto Marí,Valencia,0 | 0 | 0 | 0 | 0 | 0,0% | 0% | 0% | 0% | 0% | 0%,,332ddías,787.986,0 | 0 | 0 | 0 | 0 | 0,Delantero
2026-07-29,Novoa,Alavés,0 | 0 | 0 | 0 | 0 | 0,0% | 0% | 0% | 0% | 0% | 0%,,332ddías,661.162,0 | 0 | 0 | 0 | 0 | 0,Defensa
2026-07-29,Pelayo,Rayo,0 | 0 | 0 | 0 | 0 | 0,0% | 0% | 0% | 0% | 0% | 0%,,332ddías,1.722.279,0 | 0 | 0 | 0 | 0 | 0,Defensa
2026-07-29,Hinojo,Espanyol,0 | 0 | 0 | 0 | 0 | 0,0% | 0% | 0% | 0% | 0% | 0%,,336ddías,317.496,0 | 0 | 0 | 0 | 0 | 0,Defensa
2026-07-29,Owono,Alavés,0 | 0 | 0 | 0 | 0 | 0,0% | 0% | 0% | 0% | 0% | 0%,,367ddías,828.372,0 | 0 | 0 | 0 | 0 | 0,Portero
2026-07-29,Djaló,Athletic,0 | 0 | 0 | 0 | 0 | 0,0% | 0% | 0% | 0% | 0% | 0%,,367ddías,8.434.683,0 | 0 | 0 | 0 | 0 | 0,Delantero
2026-07-29,Berrocal,Getafe,0 | 0 | 0 | 0 | 0 | 0,0% | 0% | 0% | 0% | 0% | 0%,,367ddías,1.058.833,0 | 0 | 0 | 0 | 0 | 0,Defensa
2026-07-29,De Tomás,Rayo,0 | 0 | 0 | 0 | 0 | 0,0% | 0% | 0% | 0% | 0% | 0%,,371ddías,3.229.388,0 | 0 | 0 | 0 | 0 | 0,Delantero
2026-07-29,Adrián,Alavés,0 | 0 | 0 | 0 | 0 | 0,0% | 0% | 0% | 0% | 0% | 0%,,391ddías,1.640.215,0 | 0 | 0 | 0 | 0 | 0,Portero
2026-07-29,Carles Pérez,Celta,0 | 0 | 0 | 0 | 0 | 0,0% | 0% | 0% | 0% | 0% | 0%,,391ddías,1.624.066,0 | 0 | 0 | 0 | 0 | 0,Delantero
2026-07-29,Carrillo,Celta,0 | 0 | 0 | 0 | 0 | 0,0% | 0% | 0% | 0% | 0% | 0%,,391ddías,1.567.556,0 | 0 | 0 | 0 | 0 | 0,Portero
2026-07-29,Gorka,Getafe,0 | 0 | 0 | 0 | 0 | 0,0% | 0% | 0% | 0% | 0% | 0%,,391ddías,1.718.986,0 | 0 | 0 | 0 | 0 | 0,Defensa
2026-07-29,Méndez,Rayo,0 | 0 | 0 | 0 | 0 | 0,0% | 0% | 0% | 0% | 0% | 0%,,391ddías,1.717.735,0 | 0 | 0 | 0 | 0 | 0,Defensa
2026-07-29,Serred,Espanyol,0 | 0 | 0 | 0 | 0 | 0,0% | 0% | 0% | 0% | 0% | 0%,,391ddías,1.731.552,0 | 0 | 0 | 0 | 0 | 0,Portero
2026-07-29,Eneko Ortiz,Villarreal,0 | 0 | 0 | 0 | 0 | 0,0% | 0% | 0% | 0% | 0% | 0%,,391ddías,1.718.986,0 | 0 | 0 | 0 | 0 | 0,Defensa
2026-07-29,Collado,Sevilla,0 | 0 | 0 | 0 | 0 | 0,0% | 0% | 0% | 0% | 0% | 0%,,391ddías,1.718.988,0 | 0 | 0 | 0 | 0 | 0,Mediocampista
2026-07-29,Raúl Jiménez,Valencia,0 | 0 | 0 | 0 | 0 | 0,0% | 0% | 0% | 0% | 0% | 0%,,391ddías,1.561.503,0 | 0 | 0 | 0 | 0 | 0,Portero
2026-07-29,Córdoba,Valencia,0 | 0 | 0 | 0 | 0 | 0,0% | 0% | 0% | 0% | 0% | 0%,,391ddías,1.548.667,0 | 0 | 0 | 0 | 0 | 0,Defensa
2026-07-29,Eto'o,Rayo,0 | 0 | 0 | 0 | 0 | 0,0% | 0% | 0% | 0% | 0% | 0%,,391ddías,1.718.988,0 | 0 | 0 | 0 | 0 | 0,Delantero
2026-07-29,Solà,Atlético,0 | 0 | 0 | 0 | 0 | 0,0% | 0% | 0% | 0% | 0% | 0%,,391ddías,1.640.523,0 | 0 | 0 | 0 | 0 | 0,Defensa
2026-07-29,Canales,Athletic,0 | 0 | 0 | 0 | 0 | 0,0% | 0% | 0% | 0% | 0% | 0%,,391ddías,1.623.251,0 | 0 | 0 | 0 | 0 | 0,Delantero
2026-07-29,Yaakobishvili,Barcelona,0 | 0 | 0 | 0 | 0 | 0,0% | 0% | 0% | 0% | 0% | 0%,,391ddías,1.639.280,0 | 0 | 0 | 0 | 0 | 0,Portero
2026-07-29,Cortés,Barcelona,0 | 0 | 0 | 0 | 0 | 0,0% | 0% | 0% | 0% | 0% | 0%,,391ddías,1.718.327,0 | 0 | 0 | 0 | 0 | 0,Defensa
2026-07-29,Medenica,Getafe,0 | 0 | 0 | 0 | 0 | 0,0% | 0% | 0% | 0% | 0% | 0%,,391ddías,1.560.264,0 | 0 | 0 | 0 | 0 | 0,Portero
2026-07-29,Carlos,Atlético,0 | 0 | 0 | 0 | 0 | 0,0% | 0% | 0% | 0% | 0% | 0%,,391ddías,1.718.547,0 | 0 | 0 | 0 | 0 | 0,Defensa
2026-07-29,Isra,Sevilla,0 | 0 | 0 | 0 | 0 | 0,0% | 0% | 0% | 0% | 0% | 0%,,391ddías,1.718.237,0 | 0 | 0 | 0 | 0 | 0,Delantero
2026-07-29,Busto,Betis,0 | 0 | 0 | 0 | 0 | 0,0% | 0% | 0% | 0% | 0% | 0%,,391ddías,1.621.161,0 | 0 | 0 | 0 | 0 | 0,Defensa
2026-07-29,De Llanos,Real Madrid,0 | 0 | 0 | 0 | 0 | 0,0% | 0% | 0% | 0% | 0% | 0%,,391ddías,1.622.168,0 | 0 | 0 | 0 | 0 | 0,Mediocampista
2026-07-29,Rupérez,Real Sociedad,0 | 0 | 0 | 0 | 0 | 0,0% | 0% | 0% | 0% | 0% | 0%,,391ddías,1.626.247,0 | 0 | 0 | 0 | 0 | 0,Defensa
2026-07-29,Balda,Real Sociedad,0 | 0 | 0 | 0 | 0 | 0,0% | 0% | 0% | 0% | 0% | 0%,,391ddías,1.718.912,0 | 0 | 0 | 0 | 0 | 0,Defensa
2026-07-29,Santana,Valencia,0 | 0 | 0 | 0 | 0 | 0,0% | 0% | 0% | 0% | 0% | 0%,,391ddías,1.723.821,0 | 0 | 0 | 0 | 0 | 0,Delantero
2026-07-29,Olabarrieta,Athletic,0 | 0 | 0 | 0 | 0 | 0,0% | 0% | 0% | 0% | 0% | 0%,,391ddías,1.717.797,0 | 0 | 0 | 0 | 0 | 0,Delantero
2026-07-29,Rivas,Real Madrid,0 | 0 | 0 | 0 | 0 | 0,0% | 0% | 0% | 0% | 0% | 0%,,391ddías,1.718.751,0 | 0 | 0 | 0 | 0 | 0,Defensa
2026-07-29,Abril,Valencia,0 | 0 | 0 | 0 | 0 | 0,0% | 0% | 0% | 0% | 0% | 0%,,391ddías,1.728.051,0 | 0 | 0 | 0 | 0 | 0,Portero
2026-07-29,Requena,Levante,0 | 0 | 0 | 0 | 0 | 0,0% | 0% | 0% | 0% | 0% | 0%,,391ddías,1.621.683,0 | 0 | 0 | 0 | 0 | 0,Mediocampista
2026-07-29,Juan Cruz,Málaga,0 | 0 | 0 | 0 | 0 | 0,0% | 0% | 0% | 0% | 0% | 0%,,429ddías,19.968.443,0 | 0 | 0 | 0 | 0 | 0,Mediocampista
2026-07-29,Morro,Rayo,0 | 0 | 0 | 0 | 0 | 0,0% | 0% | 0% | 0% | 0% | 0%,,695ddías,723.425,0 | 0 | 0 | 0 | 0 | 0,Portero
2026-07-29,Mandi,Levante,0 | 0 | 0 | 0 | 0 | 0,0% | 0% | 0% | 0% | 0% | 0%,,712ddías,1.879.755,0 | 0 | 0 | 0 | 0 | 0,Defensa
2026-07-29,Miguel,Alavés,0 | 0 | 0 | 0 | 0 | 0,0% | 0% | 0% | 0% | 0% | 0%,,713ddías,679.761,0 | 0 | 0 | 0 | 0 | 0,Delantero
2026-07-29,Joseda,Alavés,0 | 0 | 0 | 0 | 0 | 0,0% | 0% | 0% | 0% | 0% | 0%,,757ddías,300.000,0 | 0 | 0 | 0 | 0 | 0,Defensa
2026-07-29,Diallo,Alavés,0 | 0 | 0 | 0 | 0 | 0,0% | 0% | 0% | 0% | 0% | 0%,,758ddías,1.000.000,0 | 0 | 0 | 0 | 0 | 0,Mediocampista
2026-07-29,Mario,Valencia,0 | 0 | 0 | 0 | 0 | 0,0% | 0% | 0% | 0% | 0% | 0%,,758ddías,500.000,0 | 0 | 0 | 0 | 0 | 0,Delantero
2026-07-29,Mendes,Alavés,0 | 0 | 0 | 0 | 0 | 0,0% | 0% | 0% | 0% | 0% | 0%,,758ddías,500.000,0 | 0 | 0 | 0 | 0 | 0,Mediocampista
2026-07-29,Ian Forns,Betis,0 | 0 | 0 | 0 | 0 | 0,0% | 0% | 0% | 0% | 0% | 0%,,758ddías,500.000,0 | 0 | 0 | 0 | 0 | 0,Defensa
2026-07-29,Mario,Valencia,0 | 0 | 0 | 0 | 0 | 0,0% | 0% | 0% | 0% | 0% | 0%,,1ddías,760.408,0 | 0 | 0 | 0 | 0 | 0,Mediocampista
2026-07-30,Karrikaburu,Real Sociedad,-17.457 | -36.401 | -53.838 | -133.454 | -303.960 | -620.462,"-2,19% | -4,46% | -6,46% | -14,62% | -28,05% | -44,32%",,24ddías,779.538,796.995 | 815.939 | 833.376 | 912.992 | 1.083.498 | 1.400.000,Delantero
2026-07-30,Oluwaseyi,Villarreal,-90.810 | -182.051 | -274.856 | -690.802 | -1.537.431 | -2.614.205,"-2,28% | -4,48% | -6,61% | -15,09% | -28,35% | -40,22%",,24ddías,3.885.795,3.976.605 | 4.067.846 | 4.160.651 | 4.576.597 | 5.423.226 | 6.500.000,Delantero
2026-07-30,Alemão,Rayo,-68.182 | -141.036 | -206.862 | -590.773 | -1.277.187 | -2.316.067,"-1,43% | -2,92% | -4,23% | -11,20% | -21,43% | -33,09%",,24ddías,4.683.933,4.752.115 | 4.824.969 | 4.890.795 | 5.274.706 | 5.961.120 | 7.000.000,Delantero
2026-07-30,Diangana,Elche,-23.707 | -55.801 | -79.997 | -231.548 | -597.790 | -1.228.639,"-1,40% | -3,23% | -4,57% | -12,17% | -26,34% | -42,37%",,24ddías,1.671.361,1.695.068 | 1.727.162 | 1.751.358 | 1.902.909 | 2.269.151 | 2.900.000,Delantero
2026-07-30,Krug,Levante,0 | 0 | 0 | 0 | 0 | +2.249,"0,00% | 0,00% | 0,00% | 0,00% | 0,00% | +0,37%",,21ddías,602.249,602.249 | 602.249 | 602.249 | 602.249 | 602.249 | 600.000,Defensa
2026-07-30,Hugo López,Villarreal,0 | 0 | 0 | 0 | 0 | -14.600,"0,00% | 0,00% | 0,00% | 0,00% | 0,00% | -2,92%",,21ddías,485.400,485.400 | 485.400 | 485.400 | 485.400 | 485.400 | 500.000,Mediocampista
2026-07-30,Mikautadze,Villarreal,+129.920 | +186.160 | +653.266 | +1.330.350 | +4.692.952 | +2.261.587,"+0,25% | +0,36% | +1,27% | +2,61% | +9,87% | +4,52%",,17ddías,52.261.587,52.131.667 | 52.075.427 | 51.608.321 | 50.931.237 | 47.568.635 | 50.000.000,Delantero
2026-07-30,Navarro,Valencia,0 | 0 | 0 | 0 | 0 | +1.909,"0,00% | 0,00% | 0,00% | 0,00% | 0,00% | +0,38%",,21ddías,501.909,501.909 | 501.909 | 501.909 | 501.909 | 501.909 | 500.000,Defensa
2026-07-30,Cardoso,Sevilla,-34.518 | -71.546 | -105.757 | -263.240 | -595.477 | -1.141.269,"-2,67% | -5,38% | -7,75% | -17,30% | -32,11% | -47,55%",,24ddías,1.258.731,1.293.249 | 1.330.277 | 1.364.488 | 1.521.971 | 1.854.208 | 2.400.000,Defensa
2026-07-30,Oso,Sevilla,0 | 0 | 0 | 0 | 0 | +53.332,"0,00% | 0,00% | 0,00% | 0,00% | 0,00% | +0,38%",,21ddías,14.053.332,14.053.332 | 14.053.332 | 14.053.332 | 14.053.332 | 14.053.332 | 14.000.000,Defensa
2026-07-30,Álex Costa,Sevilla,0 | 0 | 0 | 0 | 0 | +2.284,"0,00% | 0,00% | 0,00% | 0,00% | 0,00% | +0,38%",,21ddías,602.284,602.284 | 602.284 | 602.284 | 602.284 | 602.284 | 600.000,Delantero
2026-07-30,Folgado,Real Sociedad,0 | 0 | 0 | 0 | 0 | +2.606,"0,00% | 0,00% | 0,00% | 0,00% | 0,00% | +0,37%",,21ddías,702.606,702.606 | 702.606 | 702.606 | 702.606 | 702.606 | 700.000,Portero
2026-07-30,Carlos Soler,Real Sociedad,-206.503 | -609.171 | -851.410 | -2.087.892 | -4.524.678 | -6.939.333,"-0,62% | -1,81% | -2,51% | -5,94% | -12,04% | -17,35%",,24ddías,33.060.667,33.267.170 | 33.669.838 | 33.912.077 | 35.148.559 | 37.585.345 | 40.000.000,Mediocampista
2026-07-30,Sancris,Getafe,-22.504 | -46.706 | -69.620 | -173.524 | -401.036 | -799.311,"-2,44% | -4,93% | -7,18% | -16,15% | -30,81% | -47,02%",,24ddías,900.689,923.193 | 947.395 | 970.309 | 1.074.213 | 1.301.725 | 1.700.000,Delantero
2026-07-30,Riedel,Espanyol,0 | 0 | 0 | 0 | 0 | +20.618,"0,00% | 0,00% | 0,00% | 0,00% | 0,00% | +0,37%",,21ddías,5.520.618,5.520.618 | 5.520.618 | 5.520.618 | 5.520.618 | 5.520.618 | 5.500.000,Defensa
2026-07-30,Montero,Alavés,0 | 0 | 0 | 0 | 0 | +2.316,"0,00% | 0,00% | 0,00% | 0,00% | 0,00% | +0,39%",,21ddías,602.316,602.316 | 602.316 | 602.316 | 602.316 | 602.316 | 600.000,Portero
2026-07-30,Vlachodimos,Sevilla,0 | 0 | 0 | 0 | 0 | +56.479,"0,00% | 0,00% | 0,00% | 0,00% | 0,00% | +0,38%",,21ddías,15.056.479,15.056.479 | 15.056.479 | 15.056.479 | 15.056.479 | 15.056.479 | 15.000.000,Portero
2026-07-30,Santos,Athletic,0 | 0 | 0 | 0 | 0 | +2.606,"0,00% | 0,00% | 0,00% | 0,00% | 0,00% | +0,37%",,21ddías,702.606,702.606 | 702.606 | 702.606 | 702.606 | 702.606 | 700.000,Portero
2026-07-30,Thiago,Real Madrid,0 | 0 | 0 | 0 | 0 | +26.082,"0,00% | 0,00% | 0,00% | 0,00% | 0,00% | +0,37%",,21ddías,7.026.082,7.026.082 | 7.026.082 | 7.026.082 | 7.026.082 | 7.026.082 | 7.000.000,Mediocampista
2026-07-30,Niculaesei,Elche,0 | 0 | 0 | 0 | 0 | +3.099,"0,00% | 0,00% | 0,00% | 0,00% | 0,00% | +0,39%",,21ddías,803.099,803.099 | 803.099 | 803.099 | 803.099 | 803.099 | 800.000,Defensa
2026-07-30,Mendoza,Atlético,-16.560 | -38.340 | -56.993 | -127.838 | -294.199 | -504.149,"-1,64% | -3,71% | -5,41% | -11,38% | -22,81% | -33,61%",,24ddías,995.851,1.012.411 | 1.034.191 | 1.052.844 | 1.123.689 | 1.290.050 | 1.500.000,Mediocampista
2026-07-30,Echegoyen,Osasuna,0 | 0 | 0 | 0 | 0 | -37.714,"0,00% | 0,00% | 0,00% | 0,00% | 0,00% | -6,29%",,21ddías,562.286,562.286 | 562.286 | 562.286 | 562.286 | 562.286 | 600.000,Mediocampista
2026-07-30,Josan,Elche,0 | 0 | 0 | 0 | 0 | +4.650,"0,00% | 0,00% | 0,00% | 0,00% | 0,00% | +0,39%",,21ddías,1.204.650,1.204.650 | 1.204.650 | 1.204.650 | 1.204.650 | 1.204.650 | 1.200.000,Mediocampista
2026-07-30,Davinchi,Getafe,0 | 0 | 0 | 0 | 0 | +11.603,"0,00% | 0,00% | 0,00% | 0,00% | 0,00% | +0,39%",,21ddías,3.011.603,3.011.603 | 3.011.603 | 3.011.603 | 3.011.603 | 3.011.603 | 3.000.000,Defensa
2026-07-30,Mastantuono,Real Madrid,0 | 0 | 0 | 0 | 0 | +37.262,"0,00% | 0,00% | 0,00% | 0,00% | 0,00% | +0,37%",,21ddías,10.037.262,10.037.262 | 10.037.262 | 10.037.262 | 10.037.262 | 10.037.262 | 10.000.000,Delantero
2026-07-30,Veiga,Villarreal,+705.873 | +1.148.981 | +1.924.258 | +4.475.734 | +10.536.682 | +15.159.377,"+1,79% | +2,95% | +5,03% | +12,54% | +35,57% | +60,64%",,23ddías,40.159.377,39.453.504 | 39.010.396 | 38.235.119 | 35.683.643 | 29.622.695 | 25.000.000,Defensa
2026-07-30,Arriaga,Levante,-85.684 | -177.576 | -255.729 | -627.470 | -1.434.537 | -2.404.062,"-2,33% | -4,71% | -6,64% | -14,86% | -28,52% | -40,07%",,24ddías,3.595.938,3.681.622 | 3.773.514 | 3.851.667 | 4.223.408 | 5.030.475 | 6.000.000,Mediocampista
2026-07-30,Corralejo,Betis,0 | 0 | 0 | 0 | 0 | +2.248,"0,00% | 0,00% | 0,00% | 0,00% | 0,00% | +0,37%",,21ddías,602.248,602.248 | 602.248 | 602.248 | 602.248 | 602.248 | 600.000,Mediocampista
2026-07-30,Nacho Pérez,Levante,0 | 0 | 0 | 0 | 0 | -18.308,"0,00% | 0,00% | 0,00% | 0,00% | 0,00% | -3,05%",,21ddías,581.692,581.692 | 581.692 | 581.692 | 581.692 | 581.692 | 600.000,Defensa
2026-07-30,Altozano,Sevilla,0 | 0 | 0 | 0 | 0 | +2.284,"0,00% | 0,00% | 0,00% | 0,00% | 0,00% | +0,38%",,21ddías,602.284,602.284 | 602.284 | 602.284 | 602.284 | 602.284 | 600.000,Mediocampista
2026-07-30,Sierra,Sevilla,0 | 0 | 0 | 0 | 0 | +2.284,"0,00% | 0,00% | 0,00% | 0,00% | 0,00% | +0,38%",,21ddías,602.284,602.284 | 602.284 | 602.284 | 602.284 | 602.284 | 600.000,Delantero
2026-07-30,Blázquez,Valencia,0 | 0 | 0 | 0 | 0 | -18.344,"0,00% | 0,00% | 0,00% | 0,00% | 0,00% | -3,06%",,21ddías,581.656,581.656 | 581.656 | 581.656 | 581.656 | 581.656 | 600.000,Delantero
2026-07-30,Suazo,Sevilla,-89.465 | -189.035 | -228.916 | -632.702 | -1.597.406 | -2.710.483,"-1,40% | -2,92% | -3,51% | -9,14% | -20,25% | -30,12%",,24ddías,6.289.517,6.378.982 | 6.478.552 | 6.518.433 | 6.922.219 | 7.886.923 | 9.000.000,Defensa
2026-07-30,Laporte,Athletic,+1.890.151 | +3.249.995 | +5.407.553 | +13.581.761 | +25.235.478 | +43.835.732,"+3,98% | +7,05% | +12,31% | +37,97% | +104,66% | +795,38%",,15ddías,49.347.060,47.456.909 | 46.097.065 | 43.939.507 | 35.765.299 | 24.111.582 | 5.511.328,Defensa
2026-07-30,Adam Boayar,Elche,0 | 0 | 0 | 0 | 0 | +2.711,"0,00% | 0,00% | 0,00% | 0,00% | 0,00% | +0,39%",,21ddías,702.711,702.711 | 702.711 | 702.711 | 702.711 | 702.711 | 700.000,Mediocampista
2026-07-30,Radu,Celta,+813.172 | +1.393.981 | +2.323.266 | +4.464.249 | +8.963.377 | +12.712.102,"+2,55% | +4,45% | +7,65% | +15,80% | +37,74% | +63,56%",,23ddías,32.712.102,31.898.930 | 31.318.121 | 30.388.836 | 28.247.853 | 23.748.725 | 20.000.000,Portero
2026-07-30,Selton,Athletic,0 | 0 | 0 | 0 | 0 | +2.257,"0,00% | 0,00% | 0,00% | 0,00% | 0,00% | +0,38%",,21ddías,602.257,602.257 | 602.257 | 602.257 | 602.257 | 602.257 | 600.000,Mediocampista
2026-07-30,Joan Martínez,Real Madrid,0 | 0 | 0 | 0 | 0 | +2.622,"0,00% | 0,00% | 0,00% | 0,00% | 0,00% | +0,37%",,21ddías,702.622,702.622 | 702.622 | 702.622 | 702.622 | 702.622 | 700.000,Defensa
2026-07-30,Unai Santos,Osasuna,0 | 0 | 0 | 0 | 0 | +2.319,"0,00% | 0,00% | 0,00% | 0,00% | 0,00% | +0,39%",,21ddías,602.319,602.319 | 602.319 | 602.319 | 602.319 | 602.319 | 600.000,Defensa
2026-07-30,Carlos Macià,Villarreal,0 | 0 | 0 | 0 | 0 | +3.057,"0,00% | 0,00% | 0,00% | 0,00% | 0,00% | +0,38%",,21ddías,803.057,803.057 | 803.057 | 803.057 | 803.057 | 803.057 | 800.000,Mediocampista
2026-07-30,Valdepeñas,Real Madrid,0 | 0 | 0 | 0 | 0 | +2.997,"0,00% | 0,00% | 0,00% | 0,00% | 0,00% | +0,37%",,21ddías,802.997,802.997 | 802.997 | 802.997 | 802.997 | 802.997 | 800.000,Defensa
2026-07-30,Carrera,Real Sociedad,0 | 0 | 0 | 0 | 0 | +2.633,"0,00% | 0,00% | 0,00% | 0,00% | 0,00% | +0,38%",,21ddías,702.633,702.633 | 702.633 | 702.633 | 702.633 | 702.633 | 700.000,Delantero
2026-07-30,Rosón,Levante,0 | 0 | 0 | 0 | 0 | +2.249,"0,00% | 0,00% | 0,00% | 0,00% | 0,00% | +0,37%",,21ddías,602.249,602.249 | 602.249 | 602.249 | 602.249 | 602.249 | 600.000,Mediocampista
2026-07-30,Nakoha,Levante,0 | 0 | 0 | 0 | 0 | +1.874,"0,00% | 0,00% | 0,00% | 0,00% | 0,00% | +0,37%",,21ddías,501.874,501.874 | 501.874 | 501.874 | 501.874 | 501.874 | 500.000,Defensa
2026-07-30,Jurado,Valencia,0 | 0 | 0 | 0 | 0 | +2.292,"0,00% | 0,00% | 0,00% | 0,00% | 0,00% | +0,38%",,21ddías,602.292,602.292 | 602.292 | 602.292 | 602.292 | 602.292 | 600.000,Defensa
2026-07-30,Panach,Valencia,0 | 0 | 0 | 0 | 0 | +1.909,"0,00% | 0,00% | 0,00% | 0,00% | 0,00% | +0,38%",,21ddías,501.909,501.909 | 501.909 | 501.909 | 501.909 | 501.909 | 500.000,Defensa
2026-07-30,Marchal,Real Sociedad,0 | 0 | 0 | 0 | 0 | +2.234,"0,00% | 0,00% | 0,00% | 0,00% | 0,00% | +0,37%",,21ddías,602.234,602.234 | 602.234 | 602.234 | 602.234 | 602.234 | 600.000,Mediocampista
2026-07-30,Yassin,Getafe,0 | 0 | 0 | 0 | 0 | +1.932,"0,00% | 0,00% | 0,00% | 0,00% | 0,00% | +0,39%",,21ddías,501.932,501.932 | 501.932 | 501.932 | 501.932 | 501.932 | 500.000,Defensa
2026-07-30,Al Lal,Elche,0 | 0 | 0 | 0 | 0 | +1.936,"0,00% | 0,00% | 0,00% | 0,00% | 0,00% | +0,39%",,21ddías,501.936,501.936 | 501.936 | 501.936 | 501.936 | 501.936 | 500.000,Delantero
2026-07-30,Óscar Marcos,Celta,0 | 0 | 0 | 0 | 0 | +2.257,"0,00% | 0,00% | 0,00% | 0,00% | 0,00% | +0,38%",,21ddías,602.257,602.257 | 602.257 | 602.257 | 602.257 | 602.257 | 600.000,Delantero
2026-07-30,Meixús,Celta,0 | 0 | 0 | 0 | 0 | -14.628,"0,00% | 0,00% | 0,00% | 0,00% | 0,00% | -2,93%",,21ddías,485.372,485.372 | 485.372 | 485.372 | 485.372 | 485.372 | 500.000,Defensa
2026-07-30,Álvaro,Alavés,0 | 0 | 0 | 0 | 0 | +1.929,"0,00% | 0,00% | 0,00% | 0,00% | 0,00% | +0,39%",,21ddías,501.929,501.929 | 501.929 | 501.929 | 501.929 | 501.929 | 500.000,Defensa
2026-07-30,Bardghji,Barcelona,0 | 0 | 0 | 0 | 0 | +18.565,"0,00% | 0,00% | 0,00% | 0,00% | 0,00% | +0,39%",,21ddías,4.818.565,4.818.565 | 4.818.565 | 4.818.565 | 4.818.565 | 4.818.565 | 4.800.000,Delantero
2026-07-30,Juan Hernández,Barcelona,0 | 0 | 0 | 0 | 0 | -18.240,"0,00% | 0,00% | 0,00% | 0,00% | 0,00% | -3,04%",,21ddías,581.760,581.760 | 581.760 | 581.760 | 581.760 | 581.760 | 600.000,Mediocampista
2026-07-30,Taufik,Atlético,0 | 0 | 0 | 0 | 0 | +2.316,"0,00% | 0,00% | 0,00% | 0,00% | 0,00% | +0,39%",,21ddías,602.316,602.316 | 602.316 | 602.316 | 602.316 | 602.316 | 600.000,Mediocampista
2026-07-30,Martínez Bastida,Elche,0 | 0 | 0 | 0 | 0 | +2.324,"0,00% | 0,00% | 0,00% | 0,00% | 0,00% | +0,39%",,21ddías,602.324,602.324 | 602.324 | 602.324 | 602.324 | 602.324 | 600.000,Mediocampista
2026-07-30,Aller,Barcelona,0 | 0 | 0 | 0 | 0 | +2.705,"0,00% | 0,00% | 0,00% | 0,00% | 0,00% | +0,39%",,21ddías,702.705,702.705 | 702.705 | 702.705 | 702.705 | 702.705 | 700.000,Portero
2026-07-30,Ballestero,Alavés,0 | 0 | 0 | 0 | 0 | +2.316,"0,00% | 0,00% | 0,00% | 0,00% | 0,00% | +0,39%",,21ddías,602.316,602.316 | 602.316 | 602.316 | 602.316 | 602.316 | 600.000,Defensa
2026-07-30,Monreal,Athletic,0 | 0 | 0 | 0 | 0 | +2.257,"0,00% | 0,00% | 0,00% | 0,00% | 0,00% | +0,38%",,21ddías,602.257,602.257 | 602.257 | 602.257 | 602.257 | 602.257 | 600.000,Defensa
2026-07-30,Adrián Pérez,Athletic,0 | 0 | 0 | 0 | 0 | +2.257,"0,00% | 0,00% | 0,00% | 0,00% | 0,00% | +0,38%",,21ddías,602.257,602.257 | 602.257 | 602.257 | 602.257 | 602.257 | 600.000,Delantero
2026-07-30,Espart,Barcelona,0 | 0 | 0 | 0 | 0 | +2.705,"0,00% | 0,00% | 0,00% | 0,00% | 0,00% | +0,39%",,21ddías,702.705,702.705 | 702.705 | 702.705 | 702.705 | 702.705 | 700.000,Defensa
2026-07-30,Delgado,Elche,0 | 0 | 0 | 0 | 0 | +2.324,"0,00% | 0,00% | 0,00% | 0,00% | 0,00% | +0,39%",,21ddías,602.324,602.324 | 602.324 | 602.324 | 602.324 | 602.324 | 600.000,Defensa
2026-07-30,Benito,Getafe,0 | 0 | 0 | 0 | 0 | +2.319,"0,00% | 0,00% | 0,00% | 0,00% | 0,00% | +0,39%",,21ddías,602.319,602.319 | 602.319 | 602.319 | 602.319 | 602.319 | 600.000,Portero
2026-07-30,Aleksandrov,Getafe,0 | 0 | 0 | 0 | 0 | +2.319,"0,00% | 0,00% | 0,00% | 0,00% | 0,00% | +0,39%",,21ddías,602.319,602.319 | 602.319 | 602.319 | 602.319 | 602.319 | 600.000,Delantero
2026-07-30,Javi Navarro,Real Madrid,0 | 0 | 0 | 0 | 0 | +2.622,"0,00% | 0,00% | 0,00% | 0,00% | 0,00% | +0,37%",,21ddías,702.622,702.622 | 702.622 | 702.622 | 702.622 | 702.622 | 700.000,Portero
2026-07-30,Beitia,Real Sociedad,0 | 0 | 0 | 0 | 0 | +1.861,"0,00% | 0,00% | 0,00% | 0,00% | 0,00% | +0,37%",,21ddías,501.861,501.861 | 501.861 | 501.861 | 501.861 | 501.861 | 500.000,Defensa
2026-07-30,Lebarbier,Real Sociedad,0 | 0 | 0 | 0 | 0 | +2.234,"0,00% | 0,00% | 0,00% | 0,00% | 0,00% | +0,37%",,21ddías,602.234,602.234 | 602.234 | 602.234 | 602.234 | 602.234 | 600.000,Defensa
2026-07-30,Barry,Villarreal,0 | 0 | 0 | 0 | 0 | +2.292,"0,00% | 0,00% | 0,00% | 0,00% | 0,00% | +0,38%",,21ddías,602.292,602.292 | 602.292 | 602.292 | 602.292 | 602.292 | 600.000,Mediocampista
2026-07-30,Rueda,Celta,-23.680 | -71.842 | -103.458 | -310.199 | -745.878 | -1.188.810,"-0,62% | -1,85% | -2,64% | -7,53% | -16,37% | -23,78%",,22ddías,3.811.190,3.834.870 | 3.883.032 | 3.914.648 | 4.121.389 | 4.557.068 | 5.000.000,Defensa
2026-07-30,Becerra,Rayo,0 | 0 | 0 | 0 | 0 | -18.300,"0,00% | 0,00% | 0,00% | 0,00% | 0,00% | -3,05%",,21ddías,581.700,581.700 | 581.700 | 581.700 | 581.700 | 581.700 | 600.000,Mediocampista
2026-07-30,Oláiz,Alavés,0 | 0 | 0 | 0 | 0 | +2.316,"0,00% | 0,00% | 0,00% | 0,00% | 0,00% | +0,39%",,21ddías,602.316,602.316 | 602.316 | 602.316 | 602.316 | 602.316 | 600.000,Defensa
2026-07-30,Pablo García,Betis,0 | 0 | 0 | 0 | 0 | +9.371,"0,00% | 0,00% | 0,00% | 0,00% | 0,00% | +0,37%",,21ddías,2.509.371,2.509.371 | 2.509.371 | 2.509.371 | 2.509.371 | 2.509.371 | 2.500.000,Delantero
2026-07-30,Sivera,Alavés,+668.154 | +1.108.712 | +1.643.655 | +3.269.328 | +5.762.939 | +7.302.257,"+3,09% | +5,23% | +7,96% | +17,18% | +34,84% | +48,68%",,22ddías,22.302.257,21.634.103 | 21.193.545 | 20.658.602 | 19.032.929 | 16.539.318 | 15.000.000,Portero
2026-07-30,De la Fuente,Levante,0 | 0 | 0 | 0 | 0 | +52.528,"0,00% | 0,00% | 0,00% | 0,00% | 0,00% | +0,38%",,21ddías,14.052.528,14.052.528 | 14.052.528 | 14.052.528 | 14.052.528 | 14.052.528 | 14.000.000,Defensa
2026-07-30,Aguado,Elche,-51.127 | -116.688 | -166.046 | -455.498 | -1.126.806 | -2.154.162,"-1,31% | -2,94% | -4,14% | -10,59% | -22,66% | -35,90%",,24ddías,3.845.838,3.896.965 | 3.962.526 | 4.011.884 | 4.301.336 | 4.972.644 | 6.000.000,Mediocampista
2026-07-30,Santiago,Elche,-15.512 | -32.430 | -47.757 | -118.017 | -272.116 | -567.128,"-2,07% | -4,24% | -6,12% | -13,87% | -27,08% | -43,63%",,24ddías,732.872,748.384 | 765.302 | 780.629 | 850.889 | 1.004.988 | 1.300.000,Mediocampista
2026-07-30,Á. Núñez,Celta,-106.564 | -215.473 | -308.181 | -735.575 | -1.532.528 | -2.177.631,"-2,16% | -4,28% | -6,01% | -13,23% | -24,12% | -31,11%",,21ddías,4.822.369,4.928.933 | 5.037.842 | 5.130.550 | 5.557.944 | 6.354.897 | 7.000.000,Defensa
2026-07-30,Affengruber,Elche,+694.532 | +1.171.531 | +1.904.905 | +3.943.156 | +7.143.470 | +18.507.196,"+2,65% | +4,55% | +7,62% | +17,17% | +36,13% | +220,19%",,16ddías,26.912.450,26.217.918 | 25.740.919 | 25.007.545 | 22.969.294 | 19.768.980 | 8.405.254,Defensa
2026-07-30,Febas,Celta,0 | 0 | 0 | 0 | 0 | +96.888,"0,00% | 0,00% | 0,00% | 0,00% | 0,00% | +0,39%",,21ddías,25.096.888,25.096.888 | 25.096.888 | 25.096.888 | 25.096.888 | 25.096.888 | 25.000.000,Mediocampista
2026-07-30,John ChetauyaJohn C.,Elche,-26.230 | -54.313 | -79.529 | -199.452 | -462.591 | -909.889,"-2,58% | -5,20% | -7,44% | -16,77% | -31,84% | -47,89%",,24ddías,990.111,1.016.341 | 1.044.424 | 1.069.640 | 1.189.563 | 1.452.702 | 1.900.000,Defensa
2026-07-30,Vencedor,Athletic,0 | 0 | 0 | 0 | 0 | +8.253,"0,00% | 0,00% | 0,00% | 0,00% | 0,00% | +0,38%",,21ddías,2.208.253,2.208.253 | 2.208.253 | 2.208.253 | 2.208.253 | 2.208.253 | 2.200.000,Mediocampista
2026-07-30,Youssef,Alavés,-9.226 | -19.596 | -28.102 | -68.117 | -155.811 | -317.988,"-1,56% | -3,26% | -4,61% | -10,48% | -21,12% | -35,33%",,16ddías,582.012,591.238 | 601.608 | 610.114 | 650.129 | 737.823 | 900.000,Defensa
2026-07-30,Fortuny,Real Madrid,0 | 0 | 0 | 0 | 0 | +2.234,"0,00% | 0,00% | 0,00% | 0,00% | 0,00% | +0,37%",,21ddías,602.234,602.234 | 602.234 | 602.234 | 602.234 | 602.234 | 600.000,Mediocampista
2026-07-30,Molina,Rayo,0 | 0 | 0 | 0 | 0 | +2.234,"0,00% | 0,00% | 0,00% | 0,00% | 0,00% | +0,37%",,21ddías,602.234,602.234 | 602.234 | 602.234 | 602.234 | 602.234 | 600.000,Portero
2026-07-30,Arguibide,Osasuna,0 | 0 | 0 | 0 | 0 | -17.987,"0,00% | 0,00% | 0,00% | 0,00% | 0,00% | -3,00%",,21ddías,582.013,582.013 | 582.013 | 582.013 | 582.013 | 582.013 | 600.000,Defensa
2026-07-30,Bekhoucha,Getafe,0 | 0 | 0 | 0 | 0 | +4.254,"0,00% | 0,00% | 0,00% | 0,00% | 0,00% | +0,39%",,21ddías,1.104.254,1.104.254 | 1.104.254 | 1.104.254 | 1.104.254 | 1.104.254 | 1.100.000,Defensa
2026-07-30,Swiderski,Alavés,0 | 0 | 0 | 0 | 0 | +2.316,"0,00% | 0,00% | 0,00% | 0,00% | 0,00% | +0,39%",,21ddías,602.316,602.316 | 602.316 | 602.316 | 602.316 | 602.316 | 600.000,Portero
2026-07-30,Ruggeri,Atlético,-94.492 | -216.767 | -320.062 | -796.389 | -1.712.635 | -1.067.030,"-1,19% | -2,69% | -3,93% | -9,23% | -17,94% | -11,99%",,18ddías,7.832.970,7.927.462 | 8.049.737 | 8.153.032 | 8.629.359 | 9.545.605 | 8.900.000,Defensa
2026-07-30,Osambela,Osasuna,0 | 0 | 0 | 0 | 0 | +1.932,"0,00% | 0,00% | 0,00% | 0,00% | 0,00% | +0,39%",,21ddías,501.932,501.932 | 501.932 | 501.932 | 501.932 | 501.932 | 500.000,Mediocampista
2026-07-30,Valou,Getafe,0 | 0 | 0 | 0 | 0 | +2.292,"0,00% | 0,00% | 0,00% | 0,00% | 0,00% | +0,38%",,21ddías,602.292,602.292 | 602.292 | 602.292 | 602.292 | 602.292 | 600.000,Defensa
2026-07-30,Gonzalo,Real Madrid,-45.221 | -119.476 | -176.122 | -416.222 | -876.663 | -1.542.362,"-1,05% | -2,73% | -3,97% | -8,91% | -17,07% | -26,59%",,24ddías,4.257.638,4.302.859 | 4.377.114 | 4.433.760 | 4.673.860 | 5.134.301 | 5.800.000,Delantero
2026-07-30,Niño,Málaga,-26.433 | -74.489 | -105.638 | -260.796 | -584.486 | -1.043.608,"-0,89% | -2,46% | -3,45% | -8,11% | -16,51% | -26,09%",,24ddías,2.956.392,2.982.825 | 3.030.881 | 3.062.030 | 3.217.188 | 3.540.878 | 4.000.000,Delantero
2026-07-30,Rayane,Atlético,0 | 0 | 0 | 0 | 0 | -21.994,"0,00% | 0,00% | 0,00% | 0,00% | 0,00% | -3,14%",,21ddías,678.006,678.006 | 678.006 | 678.006 | 678.006 | 678.006 | 700.000,Delantero
2026-07-30,Mendy,Rayo,0 | 0 | 0 | 0 | 0 | +22.356,"0,00% | 0,00% | 0,00% | 0,00% | 0,00% | +0,37%",,21ddías,6.022.356,6.022.356 | 6.022.356 | 6.022.356 | 6.022.356 | 6.022.356 | 6.000.000,Defensa
2026-07-30,Ortiz,Betis,0 | 0 | 0 | 0 | 0 | +6.372,"0,00% | 0,00% | 0,00% | 0,00% | 0,00% | +0,37%",,21ddías,1.706.372,1.706.372 | 1.706.372 | 1.706.372 | 1.706.372 | 1.706.372 | 1.700.000,Defensa
2026-07-30,Juanpe,Rayo,0 | 0 | 0 | 0 | 0 | +2.234,"0,00% | 0,00% | 0,00% | 0,00% | 0,00% | +0,37%",,21ddías,602.234,602.234 | 602.234 | 602.234 | 602.234 | 602.234 | 600.000,Portero
2026-07-30,Diatta,Villarreal,0 | 0 | 0 | 0 | 0 | -18.344,"0,00% | 0,00% | 0,00% | 0,00% | 0,00% | -3,06%",,21ddías,581.656,581.656 | 581.656 | 581.656 | 581.656 | 581.656 | 600.000,Mediocampista
2026-07-30,Yáñez,Real Madrid,0 | 0 | 0 | 0 | 0 | +2.606,"0,00% | 0,00% | 0,00% | 0,00% | 0,00% | +0,37%",,21ddías,702.606,702.606 | 702.606 | 702.606 | 702.606 | 702.606 | 700.000,Delantero
2026-07-30,D. Aguado,Real Madrid,0 | 0 | 0 | 0 | 0 | -25.891,"0,00% | 0,00% | 0,00% | 0,00% | 0,00% | -3,24%",,21ddías,774.109,774.109 | 774.109 | 774.109 | 774.109 | 774.109 | 800.000,Defensa
2026-07-30,Fran González,Real Madrid,0 | 0 | 0 | 0 | 0 | +2.622,"0,00% | 0,00% | 0,00% | 0,00% | 0,00% | +0,37%",,21ddías,702.622,702.622 | 702.622 | 702.622 | 702.622 | 702.622 | 700.000,Portero
2026-07-30,Mariezkurrena,Real Sociedad,0 | 0 | 0 | 0 | 0 | -22.034,"0,00% | 0,00% | 0,00% | 0,00% | 0,00% | -3,15%",,21ddías,677.966,677.966 | 677.966 | 677.966 | 677.966 | 677.966 | 700.000,Delantero
2026-07-30,Castrín,Sevilla,0 | 0 | 0 | 0 | 0 | -176.984,"0,00% | 0,00% | 0,00% | 0,00% | 0,00% | -3,54%",,21ddías,4.823.016,4.823.016 | 4.823.016 | 4.823.016 | 4.823.016 | 4.823.016 | 5.000.000,Defensa
2026-07-30,Rafa,Sevilla,0 | 0 | 0 | 0 | 0 | +2.257,"0,00% | 0,00% | 0,00% | 0,00% | 0,00% | +0,38%",,21ddías,602.257,602.257 | 602.257 | 602.257 | 602.257 | 602.257 | 600.000,Portero
2026-07-30,Salinas,Málaga,-15.131 | -33.751 | -58.797 | -177.123 | -399.944 | -845.061,"-1,41% | -3,10% | -5,28% | -14,38% | -27,49% | -44,48%",,25ddías,1.054.939,1.070.070 | 1.088.690 | 1.113.736 | 1.232.062 | 1.454.883 | 1.900.000,Defensa
2026-07-30,Huijsen,Real Madrid,-158.852 | -619.744 | -989.733 | -2.100.633 | -6.598.059 | -12.644.539,"-0,44% | -1,69% | -2,67% | -5,51% | -15,47% | -25,96%",,24ddías,36.055.461,36.214.313 | 36.675.205 | 37.045.194 | 38.156.094 | 42.653.520 | 48.700.000,Defensa
2026-07-30,Vertrouwd,Rayo,0 | 0 | 0 | 0 | 0 | +3.725,"0,00% | 0,00% | 0,00% | 0,00% | 0,00% | +0,37%",,21ddías,1.003.725,1.003.725 | 1.003.725 | 1.003.725 | 1.003.725 | 1.003.725 | 1.000.000,Defensa
2026-07-30,Torrents,Barcelona,0 | 0 | 0 | 0 | 0 | +2.319,"0,00% | 0,00% | 0,00% | 0,00% | 0,00% | +0,39%",,21ddías,602.319,602.319 | 602.319 | 602.319 | 602.319 | 602.319 | 600.000,Defensa
2026-07-30,Ugrinic,Valencia,-125.537 | -255.810 | -382.618 | -903.186 | -1.996.393 | -2.834.814,"-2,37% | -4,72% | -6,90% | -14,88% | -27,88% | -35,44%",,22ddías,5.165.186,5.290.723 | 5.420.996 | 5.547.804 | 6.068.372 | 7.161.579 | 8.000.000,Mediocampista
2026-07-30,Bigas,Elche,-179.719 | -274.741 | -361.084 | -687.794 | -1.614.118 | -476.510,"-2,33% | -3,52% | -4,58% | -8,38% | -17,66% | -5,96%",,19ddías,7.523.490,7.703.209 | 7.798.231 | 7.884.574 | 8.211.284 | 9.137.608 | 8.000.000,Defensa
2026-07-30,Redondo,Elche,-34.195 | -68.575 | -101.249 | -258.802 | -591.758 | -1.133.241,"-2,63% | -5,14% | -7,40% | -16,96% | -31,84% | -47,22%",,24ddías,1.266.759,1.300.954 | 1.335.334 | 1.368.008 | 1.525.561 | 1.858.517 | 2.400.000,Mediocampista
2026-07-30,Pinillos,Alavés,0 | 0 | 0 | 0 | 0 | +1.929,"0,00% | 0,00% | 0,00% | 0,00% | 0,00% | +0,39%",,21ddías,501.929,501.929 | 501.929 | 501.929 | 501.929 | 501.929 | 500.000,Mediocampista
2026-07-30,Rego,Athletic,0 | 0 | 0 | 0 | 0 | +18.825,"0,00% | 0,00% | 0,00% | 0,00% | 0,00% | +0,38%",,21ddías,5.018.825,5.018.825 | 5.018.825 | 5.018.825 | 5.018.825 | 5.018.825 | 5.000.000,Defensa
2026-07-30,Esquivel,Atlético,0 | 0 | 0 | 0 | 0 | +2.292,"0,00% | 0,00% | 0,00% | 0,00% | 0,00% | +0,38%",,21ddías,602.292,602.292 | 602.292 | 602.292 | 602.292 | 602.292 | 600.000,Portero
2026-07-30,Manu Fernández,Celta,-3.859 | -8.638 | -11.320 | -25.507 | -56.497 | -146.810,"-0,84% | -1,87% | -2,44% | -5,33% | -11,08% | -24,47%",,24ddías,453.190,457.049 | 461.828 | 464.510 | 478.697 | 509.687 | 600.000,Defensa
2026-07-30,Elgezabal,Levante,-45.158 | -93.620 | -139.441 | -339.736 | -737.432 | -1.378.221,"-2,71% | -5,46% | -7,92% | -17,32% | -31,26% | -45,94%",,24ddías,1.621.779,1.666.937 | 1.715.399 | 1.761.220 | 1.961.515 | 2.359.211 | 3.000.000,Defensa
2026-07-30,Joselu,Getafe,0 | 0 | 0 | 0 | 0 | +2.319,"0,00% | 0,00% | 0,00% | 0,00% | 0,00% | +0,39%",,21ddías,602.319,602.319 | 602.319 | 602.319 | 602.319 | 602.319 | 600.000,Delantero
2026-07-30,Víctor García,Levante,-79.704 | -164.907 | -249.873 | -625.512 | -1.385.656 | -2.572.561,"-2,65% | -5,33% | -7,86% | -17,61% | -32,13% | -46,77%",,24ddías,2.927.439,3.007.143 | 3.092.346 | 3.177.312 | 3.552.951 | 4.313.095 | 5.500.000,Defensa
2026-07-30,Pablo CamposCuñat Campos,Levante,+26.394 | +32.258 | +38.324 | -16.117 | -219.696 | -566.405,"+2,19% | +2,69% | +3,21% | -1,29% | -15,12% | -31,47%",,3ddías,1.233.595,1.207.201 | 1.201.337 | 1.195.271 | 1.249.712 | 1.453.291 | 1.800.000,Portero
2026-07-30,Toljan,Levante,-64.217 | -155.060 | -232.614 | -607.938 | -1.404.297 | -2.430.019,"-1,25% | -2,97% | -4,39% | -10,71% | -21,69% | -32,40%",,22ddías,5.069.981,5.134.198 | 5.225.041 | 5.302.595 | 5.677.919 | 6.474.278 | 7.500.000,Defensa
2026-07-30,Cortés,Levante,0 | 0 | 0 | 0 | 0 | +3.000,"0,00% | 0,00% | 0,00% | 0,00% | 0,00% | +0,38%",,21ddías,803.000,803.000 | 803.000 | 803.000 | 803.000 | 803.000 | 800.000,Delantero
2026-07-30,Primo,Levante,0 | 0 | 0 | 0 | 0 | +4.126,"0,00% | 0,00% | 0,00% | 0,00% | 0,00% | +0,38%",,21ddías,1.104.126,1.104.126 | 1.104.126 | 1.104.126 | 1.104.126 | 1.104.126 | 1.100.000,Portero
2026-07-30,Gorrotxategi,Real Sociedad,-32.697 | -178.682 | -287.586 | -772.684 | -1.514.594 | +1.034.443,"-0,36% | -1,94% | -3,09% | -7,88% | -14,36% | +12,93%",,17ddías,9.034.443,9.067.140 | 9.213.125 | 9.322.029 | 9.807.127 | 10.549.037 | 8.000.000,Mediocampista
2026-07-30,Oriol Rey,Levante,-27.289 | -58.014 | -85.728 | -212.880 | -486.583 | -947.546,"-2,53% | -5,22% | -7,53% | -16,82% | -31,62% | -47,38%",,24ddías,1.052.454,1.079.743 | 1.110.468 | 1.138.182 | 1.265.334 | 1.539.037 | 2.000.000,Mediocampista
2026-07-30,Alexander-Arnold,Real Madrid,-350.535 | -820.142 | -1.261.829 | -3.224.566 | -7.209.647 | -12.302.065,"-1,25% | -2,88% | -4,36% | -10,43% | -20,65% | -30,76%",,24ddías,27.697.935,28.048.470 | 28.518.077 | 28.959.764 | 30.922.501 | 34.907.582 | 40.000.000,Defensa
2026-07-30,Martim Neto,Elche,-10.591 | -26.850 | -43.083 | -136.892 | -436.499 | -897.545,"-0,50% | -1,26% | -2,01% | -6,11% | -17,19% | -29,92%",,24ddías,2.102.455,2.113.046 | 2.129.305 | 2.145.538 | 2.239.347 | 2.538.954 | 3.000.000,Mediocampista
2026-07-30,Jonny,Alavés,-115.136 | -221.148 | -305.285 | -813.263 | -1.836.020 | -2.757.235,"-1,81% | -3,42% | -4,66% | -11,53% | -22,73% | -30,64%",,20ddías,6.242.765,6.357.901 | 6.463.913 | 6.548.050 | 7.056.028 | 8.078.785 | 9.000.000,Defensa
2026-07-30,Almada,Atlético,-158.100 | -350.721 | -509.134 | -1.124.690 | -2.373.342 | -2.608.003,"-2,09% | -4,53% | -6,44% | -13,21% | -24,30% | -26,08%",,18ddías,7.391.997,7.550.097 | 7.742.718 | 7.901.131 | 8.516.687 | 9.765.339 | 10.000.000,Mediocampista
2026-07-30,Luiz Felipe,Rayo,0 | 0 | 0 | 0 | 0 | +15.277,"0,00% | 0,00% | 0,00% | 0,00% | 0,00% | +0,37%",,21ddías,4.115.277,4.115.277 | 4.115.277 | 4.115.277 | 4.115.277 | 4.115.277 | 4.100.000,Defensa
2026-07-30,Hancko,Atlético,-175.227 | -445.347 | -620.321 | -2.161.684 | -5.391.548 | -8.928.831,"-0,56% | -1,41% | -1,96% | -6,50% | -14,79% | -22,32%",,22ddías,31.071.169,31.246.396 | 31.516.516 | 31.691.490 | 33.232.853 | 36.462.717 | 40.000.000,Defensa
2026-07-30,Fortea,Real Madrid,0 | 0 | 0 | 0 | 0 | +2.099,"0,00% | 0,00% | 0,00% | 0,00% | 0,00% | +0,26%",,21ddías,802.099,802.099 | 802.099 | 802.099 | 802.099 | 802.099 | 800.000,Defensa
2026-07-30,Jutglà,Celta,-139.352 | -272.729 | -396.578 | -946.427 | -2.383.968 | -1.343.790,"-1,42% | -2,75% | -3,94% | -8,93% | -19,80% | -12,22%",,20ddías,9.656.210,9.795.562 | 9.928.939 | 10.052.788 | 10.602.637 | 12.040.178 | 11.000.000,Delantero
2026-07-30,Valentín Gómez,Betis,-44.133 | -101.010 | -151.511 | -375.911 | -881.480 | -1.619.271,"-1,82% | -4,07% | -5,98% | -13,64% | -27,02% | -40,48%",,24ddías,2.380.729,2.424.862 | 2.481.739 | 2.532.240 | 2.756.640 | 3.262.209 | 4.000.000,Defensa
2026-07-30,C. Álvarez,Levante,+365.986 | +616.780 | +982.256 | +2.632.238 | +4.404.973 | +7.922.156,"+2,35% | +4,03% | +6,57% | +19,81% | +38,25% | +99,03%",,23ddías,15.922.156,15.556.170 | 15.305.376 | 14.939.900 | 13.289.918 | 11.517.183 | 8.000.000,Mediocampista
2026-07-30,Deossa,Betis,-52.969 | -113.033 | -169.176 | -408.877 | -937.715 | -1.791.617,"-2,45% | -5,09% | -7,43% | -16,24% | -30,78% | -45,94%",,24ddías,2.108.383,2.161.352 | 2.221.416 | 2.277.559 | 2.517.260 | 3.046.098 | 3.900.000,Mediocampista
2026-07-30,Junior,Betis,-119.027 | -229.110 | -348.683 | -874.349 | -1.871.932 | -3.127.445,"-2,38% | -4,49% | -6,68% | -15,21% | -27,75% | -39,09%",,24ddías,4.872.555,4.991.582 | 5.101.665 | 5.221.238 | 5.746.904 | 6.744.487 | 8.000.000,Defensa
2026-07-30,Dituro,Elche,-77.807 | -81.683 | -85.128 | -250.552 | -770.863 | -1.162.174,"-1,13% | -1,18% | -1,23% | -3,53% | -10,13% | -14,53%",,24ddías,6.837.826,6.915.633 | 6.919.509 | 6.922.954 | 7.088.378 | 7.608.689 | 8.000.000,Portero
2026-07-30,Dolan,Espanyol,-71.197 | -173.653 | -258.464 | -630.318 | -1.491.476 | -964.217,"-1,00% | -2,41% | -3,54% | -8,22% | -17,49% | -12,05%",,17ddías,7.035.783,7.106.980 | 7.209.436 | 7.294.247 | 7.666.101 | 8.527.259 | 8.000.000,Delantero
2026-07-30,Roger BruguéBrugui,Levante,-96.874 | -203.570 | -295.972 | -739.477 | -1.718.276 | -3.460.129,"-2,66% | -5,44% | -7,72% | -17,28% | -32,68% | -49,43%",,25ddías,3.539.871,3.636.745 | 3.743.441 | 3.835.843 | 4.279.348 | 5.258.147 | 7.000.000,Delantero
2026-07-30,Jorge Cabello,Levante,-38.230 | +701.226 | +701.226 | +701.226 | +701.226 | +701.226,"-2,90% | 0% | 0% | 0% | 0% | 0%",,1ddías,1.278.102,1.316.332 | 0 | 0 | 0 | 0 | 0,Defensa
2026-07-30,Iker Muñoz,Sevilla,0 | 0 | 0 | 0 | 0 | +2.284,"0,00% | 0,00% | 0,00% | 0,00% | 0,00% | +0,38%",,21ddías,602.284,602.284 | 602.284 | 602.284 | 602.284 | 602.284 | 600.000,Defensa
2026-07-30,Izei,Alavés,0 | 0 | 0 | 0 | 0 | -17.990,"0,00% | 0,00% | 0,00% | 0,00% | 0,00% | -3,00%",,21ddías,582.010,582.010 | 582.010 | 582.010 | 582.010 | 582.010 | 600.000,Mediocampista
2026-07-30,Román,Celta,-92.720 | -195.762 | -302.707 | -728.540 | -1.607.580 | -2.965.439,"-1,65% | -3,42% | -5,19% | -11,63% | -22,51% | -34,89%",,24ddías,5.534.561,5.627.281 | 5.730.323 | 5.837.268 | 6.263.101 | 7.142.141 | 8.500.000,Mediocampista
2026-07-30,Eriksson,Racing,+55.265 | +73.674 | +83.404 | +37.904 | -289.885 | -671.971,"+2,43% | +3,27% | +3,72% | +1,66% | -11,07% | -22,40%",,3ddías,2.328.029,2.272.764 | 2.254.355 | 2.244.625 | 2.290.125 | 2.617.914 | 3.000.000,Portero
2026-07-30,Iñigo Vicente,Racing,-329.283 | -652.589 | -809.504 | -1.514.157 | -3.408.984 | -5.145.782,"-1,59% | -3,11% | -3,82% | -6,92% | -14,35% | -20,18%",,20ddías,20.354.218,20.683.501 | 21.006.807 | 21.163.722 | 21.868.375 | 23.763.202 | 25.500.000,Delantero
2026-07-30,Solórzano,Racing,0 | 0 | 0 | 0 | 0 | +2.234,"0,00% | 0,00% | 0,00% | 0,00% | 0,00% | +0,37%",,20ddías,602.234,602.234 | 602.234 | 602.234 | 602.234 | 602.234 | 600.000,Mediocampista
2026-07-30,Puerta,Racing,+199.005 | +235.192 | +334.095 | +202.305 | -638.337 | -446.292,"+2,13% | +2,52% | +3,62% | +2,16% | -6,26% | -4,46%",,3ddías,9.553.708,9.354.703 | 9.318.516 | 9.219.613 | 9.351.403 | 10.192.045 | 10.000.000,Mediocampista
2026-07-30,Sergio Martínez,Racing,0 | 0 | 0 | 0 | 0 | +2.606,"0,00% | 0,00% | 0,00% | 0,00% | 0,00% | +0,37%",,20ddías,702.606,702.606 | 702.606 | 702.606 | 702.606 | 702.606 | 700.000,Mediocampista
2026-07-30,Gueye,Racing,-61.500 | -152.704 | -228.854 | -604.455 | -1.495.832 | -2.122.151,"-1,25% | -3,04% | -4,48% | -11,03% | -23,47% | -30,32%",,20ddías,4.877.849,4.939.349 | 5.030.553 | 5.106.703 | 5.482.304 | 6.373.681 | 7.000.000,Mediocampista
2026-07-30,Crespo,Racing,0 | 0 | 0 | 0 | 0 | +2.979,"0,00% | 0,00% | 0,00% | 0,00% | 0,00% | +0,37%",,20ddías,802.979,802.979 | 802.979 | 802.979 | 802.979 | 802.979 | 800.000,Defensa
2026-07-30,Facundo GonzálezFacu González,Racing,0 | 0 | 0 | 0 | 0 | +13.040,"0,00% | 0,00% | 0,00% | 0,00% | 0,00% | +0,37%",,20ddías,3.513.040,3.513.040 | 3.513.040 | 3.513.040 | 3.513.040 | 3.513.040 | 3.500.000,Defensa
2026-07-30,Carlos Sánchez,Racing,0 | 0 | 0 | 0 | 0 | +2.606,"0,00% | 0,00% | 0,00% | 0,00% | 0,00% | +0,37%",,20ddías,702.606,702.606 | 702.606 | 702.606 | 702.606 | 702.606 | 700.000,Defensa
2026-07-30,Salinas,Racing,0 | 0 | 0 | 0 | 0 | +22.356,"0,00% | 0,00% | 0,00% | 0,00% | 0,00% | +0,37%",,20ddías,6.022.356,6.022.356 | 6.022.356 | 6.022.356 | 6.022.356 | 6.022.356 | 6.000.000,Defensa
2026-07-30,Camara,Racing,-18.396 | -41.258 | -56.264 | -129.175 | -316.792 | -673.669,"-1,76% | -3,86% | -5,20% | -11,18% | -23,59% | -39,63%",,24ddías,1.026.331,1.044.727 | 1.067.589 | 1.082.595 | 1.155.506 | 1.343.123 | 1.700.000,Defensa
2026-07-30,Hernando,Racing,-20.850 | -53.736 | -83.621 | -247.858 | -687.418 | -1.423.066,"-0,99% | -2,52% | -3,87% | -10,66% | -24,87% | -40,66%",,24ddías,2.076.934,2.097.784 | 2.130.670 | 2.160.555 | 2.324.792 | 2.764.352 | 3.500.000,Defensa
2026-07-30,Sainz-Maza,Racing,-23.537 | -52.860 | -80.301 | -201.285 | -477.948 | -903.881,"-2,10% | -4,60% | -6,83% | -15,51% | -30,36% | -45,19%",,24ddías,1.096.119,1.119.656 | 1.148.979 | 1.176.420 | 1.297.404 | 1.574.067 | 2.000.000,Defensa
2026-07-30,Mantilla,Racing,+6.904 | +3.247 | -303 | -23.340 | -278.824 | -859.105,"+0,32% | +0,15% | -0,01% | -1,08% | -11,52% | -28,64%",,1ddías,2.140.895,2.133.991 | 2.137.648 | 2.141.198 | 2.164.235 | 2.419.719 | 3.000.000,Defensa
2026-07-30,Laro Gómez,Racing,0 | 0 | 0 | 0 | 0 | +2.234,"0,00% | 0,00% | 0,00% | 0,00% | 0,00% | +0,37%",,20ddías,602.234,602.234 | 602.234 | 602.234 | 602.234 | 602.234 | 600.000,Portero
2026-07-30,Jiménez,Racing,0 | 0 | 0 | 0 | 0 | +2.234,"0,00% | 0,00% | 0,00% | 0,00% | 0,00% | +0,37%",,20ddías,602.234,602.234 | 602.234 | 602.234 | 602.234 | 602.234 | 600.000,Portero
2026-07-30,Guliashvili,Racing,-105.842 | -219.825 | -329.332 | -809.842 | -1.809.011 | -3.071.335,"-2,99% | -6,03% | -8,76% | -19,11% | -34,54% | -47,25%",,24ddías,3.428.665,3.534.507 | 3.648.490 | 3.757.997 | 4.238.507 | 5.237.676 | 6.500.000,Delantero
2026-07-30,Lorenzo,Málaga,-53.807 | -88.893 | -126.517 | -258.194 | -1.229.822 | -2.640.532,"-0,64% | -1,05% | -1,49% | -3,00% | -12,82% | -24,00%",,5ddías,8.359.468,8.413.275 | 8.448.361 | 8.485.985 | 8.617.662 | 9.589.290 | 11.000.000,Mediocampista
2026-07-30,Dani Sánchez,Málaga,-21.537 | -47.935 | -74.663 | -186.740 | -436.002 | -949.662,"-2,01% | -4,36% | -6,64% | -15,10% | -29,33% | -47,48%",,24ddías,1.050.338,1.071.875 | 1.098.273 | 1.125.001 | 1.237.078 | 1.486.340 | 2.000.000,Defensa
2026-07-30,Recio,Málaga,0 | 0 | 0 | 0 | 0 | +2.810,"0,00% | 0,00% | 0,00% | 0,00% | 0,00% | +0,37%",,20ddías,752.810,752.810 | 752.810 | 752.810 | 752.810 | 752.810 | 750.000,Defensa
2026-07-30,Pastor,Málaga,0 | 0 | 0 | 0 | 0 | -10.884,"0,00% | 0,00% | 0,00% | 0,00% | 0,00% | -2,72%",,20ddías,389.116,389.116 | 389.116 | 389.116 | 389.116 | 389.116 | 400.000,Defensa
2026-07-30,Arriaza,Málaga,0 | 0 | 0 | 0 | 0 | +1.498,"0,00% | 0,00% | 0,00% | 0,00% | 0,00% | +0,37%",,20ddías,401.498,401.498 | 401.498 | 401.498 | 401.498 | 401.498 | 400.000,Defensa
2026-07-30,Moussa,Málaga,0 | 0 | 0 | 0 | 0 | +1.498,"0,00% | 0,00% | 0,00% | 0,00% | 0,00% | +0,37%",,20ddías,401.498,401.498 | 401.498 | 401.498 | 401.498 | 401.498 | 400.000,Defensa
2026-07-30,Merino,Málaga,-100.409 | -232.456 | -287.294 | -706.621 | -1.739.047 | -2.528.440,"-1,33% | -3,02% | -3,70% | -8,64% | -18,88% | -25,28%",,20ddías,7.471.560,7.571.969 | 7.704.016 | 7.758.854 | 8.178.181 | 9.210.607 | 10.000.000,Mediocampista
2026-07-30,Rafa Rodríguez,Málaga,0 | 0 | 0 | 0 | 0 | -229.574,"0,00% | 0,00% | 0,00% | 0,00% | 0,00% | -3,53%",,20ddías,6.270.426,6.270.426 | 6.270.426 | 6.270.426 | 6.270.426 | 6.270.426 | 6.500.000,Mediocampista
2026-07-30,Haitam,Málaga,-5.500 | -11.988 | -16.450 | -38.533 | -86.857 | -207.430,"-1,10% | -2,38% | -3,23% | -7,26% | -14,99% | -29,63%",,24ddías,492.570,498.070 | 504.558 | 509.020 | 531.103 | 579.427 | 700.000,Delantero
2026-07-30,Ochoa,Málaga,0 | 0 | 0 | 0 | 0 | +13.040,"0,00% | 0,00% | 0,00% | 0,00% | 0,00% | +0,37%",,20ddías,3.513.040,3.513.040 | 3.513.040 | 3.513.040 | 3.513.040 | 3.513.040 | 3.500.000,Mediocampista
2026-07-30,Enríquez,Málaga,-27.256 | -53.958 | -76.565 | -172.869 | -431.365 | -867.090,"-2,35% | -4,55% | -6,33% | -13,24% | -27,58% | -43,35%",,24ddías,1.132.910,1.160.166 | 1.186.868 | 1.209.475 | 1.305.779 | 1.564.275 | 2.000.000,Mediocampista
2026-07-30,Juanpe,Málaga,0 | 0 | 0 | 0 | 0 | -18.069,"0,00% | 0,00% | 0,00% | 0,00% | 0,00% | -3,01%",,20ddías,581.931,581.931 | 581.931 | 581.931 | 581.931 | 581.931 | 600.000,Mediocampista
2026-07-30,Joaquín,Málaga,-139.230 | -324.142 | -498.978 | -1.231.306 | -2.832.340 | -4.964.696,"-1,52% | -3,46% | -5,23% | -11,99% | -23,87% | -35,46%",,24ddías,9.035.304,9.174.534 | 9.359.446 | 9.534.282 | 10.266.610 | 11.867.644 | 14.000.000,Delantero
2026-07-30,Lobete,Málaga,-23.375 | -53.444 | -81.424 | -206.735 | -460.270 | -844.270,"-1,98% | -4,42% | -6,58% | -15,17% | -28,48% | -42,21%",,24ddías,1.155.730,1.179.105 | 1.209.174 | 1.237.154 | 1.362.465 | 1.616.000 | 2.000.000,Delantero
2026-07-30,Jauregi,Málaga,0 | 0 | 0 | 0 | 0 | +5.774,"0,00% | 0,00% | 0,00% | 0,00% | 0,00% | +0,37%",,20ddías,1.555.774,1.555.774 | 1.555.774 | 1.555.774 | 1.555.774 | 1.555.774 | 1.550.000,Delantero
2026-07-30,Arana,Racing,-10.522 | -25.364 | -39.075 | -105.184 | -278.004 | -515.891,"-1,06% | -2,51% | -3,82% | -9,66% | -22,03% | -34,39%",,24ddías,984.109,994.631 | 1.009.473 | 1.023.184 | 1.089.293 | 1.262.113 | 1.500.000,Delantero
2026-07-30,Canales,Racing,0 | 0 | 0 | 0 | 0 | +37.262,"0,00% | 0,00% | 0,00% | 0,00% | 0,00% | +0,37%",,20ddías,10.037.262,10.037.262 | 10.037.262 | 10.037.262 | 10.037.262 | 10.037.262 | 10.000.000,Delantero
2026-07-30,Rafa GarridoRafita,Málaga,0 | 0 | 0 | 0 | 0 | +18.744,"0,00% | 0,00% | 0,00% | 0,00% | 0,00% | +0,37%",,20ddías,5.018.744,5.018.744 | 5.018.744 | 5.018.744 | 5.018.744 | 5.018.744 | 5.000.000,Defensa
2026-07-30,Manuel Pellegrini,Betis,-262.113 | -529.278 | -818.213 | -989.583 | +494.906 | +513.283,"-3,37% | -6,58% | -9,82% | -11,64% | 0% | +7,33%",,6ddías,7.513.283,7.775.396 | 8.042.561 | 8.331.496 | 8.502.866 | 0 | 7.000.000,
2026-07-30,Carlos Corberán,Valencia,-27.601 | -57.112 | -85.557 | -70.206 | +120.656 | +123.017,"-2,63% | -5,29% | -7,72% | -6,42% | 0% | +13,67%",,6ddías,1.023.017,1.050.618 | 1.080.129 | 1.108.574 | 1.093.223 | 0 | 900.000,
2026-07-30,Luis García,Sevilla,-41.798 | -86.098 | -129.947 | +391.988 | +561.642 | +563.741,"-2,97% | -5,94% | -8,70% | +40,34% | 0% | +70,47%",,3ddías,1.363.741,1.405.539 | 1.449.839 | 1.493.688 | 971.753 | 0 | 800.000,
2026-07-30,Pellegrino Matarazzo,Real Sociedad,-269.460 | -561.544 | -866.986 | +1.093.039 | +2.153.389 | +2.166.515,"-3,62% | -7,27% | -10,79% | +18,00% | 0% | +43,33%",,4ddías,7.166.515,7.435.975 | 7.728.059 | 8.033.501 | 6.073.476 | 0 | 5.000.000,
2026-07-30,José Mourinho,Real Madrid,-649.588 | +1.594.997 | +4.057.040 | +11.287.216 | 0 | 0,"-2,56% | +6,89% | +19,61% | +83,85% | 0% | 0%",,1ddías,24.748.491,25.398.079 | 23.153.494 | 20.691.451 | 13.461.275 | 0 | 0,
2026-07-30,Beñat San José,Rayo,+238.268 | +440.280 | +661.863 | +1.312.575 | 0 | 0,"+10,42% | +21,13% | +35,54% | +108,34% | 0% | 0%",,8ddías,2.524.089,2.285.821 | 2.083.809 | 1.862.226 | 1.211.514 | 0 | 0,
2026-07-30,José Alberto López,Racing,-50.307 | -103.470 | +74.261 | +596.196 | +765.850 | +767.949,"-3,11% | -6,19% | +4,97% | +61,35% | 0% | +95,99%",,2ddías,1.567.949,1.618.256 | 1.671.419 | 1.493.688 | 971.753 | 0 | 800.000,
2026-07-30,Luis Miguel Ramis,Osasuna,+238.268 | +440.280 | +661.863 | +1.312.575 | 0 | 0,"+10,42% | +21,13% | +35,54% | +108,34% | 0% | 0%",,8ddías,2.524.089,2.285.821 | 2.083.809 | 1.862.226 | 1.211.514 | 0 | 0,
2026-07-30,Juan Funes,Málaga,-77.250 | +125.292 | +347.457 | +999.878 | +1.211.947 | +1.214.572,"-3,37% | +6,00% | +18,61% | +82,32% | 0% | +121,46%",,1ddías,2.214.572,2.291.822 | 2.089.280 | 1.867.115 | 1.214.694 | 0 | 1.000.000,
2026-07-30,Luis Castro,Levante,-75.986 | -155.898 | -236.843 | +362.208 | +680.311 | +684.248,"-3,36% | -6,66% | -9,78% | +19,88% | 0% | +45,62%",,4ddías,2.184.248,2.260.234 | 2.340.146 | 2.421.091 | 1.822.040 | 0 | 1.500.000,
2026-07-30,Pepe Bordalás,Getafe,+3.578.834 | +26.495.578 | +27.709.575 | +33.263.909 | +32.899.105 | +32.912.231,"+10,42% | +232,08% | +271,59% | +715,61% | 0% | +658,24%",,6ddías,37.912.231,34.333.397 | 11.416.653 | 10.202.656 | 4.648.322 | 0 | 5.000.000,
2026-07-30,Manolo González,Espanyol,-63.775 | -130.967 | -198.663 | +69.145 | +387.248 | +391.185,"-3,26% | -6,48% | -9,51% | +3,79% | 0% | +26,08%",,5ddías,1.891.185,1.954.960 | 2.022.152 | 2.089.848 | 1.822.040 | 0 | 1.500.000,
2026-07-30,Martín Anselmi,Elche,+238.268 | +440.280 | +661.863 | +1.312.575 | 0 | 0,"+10,42% | +21,13% | +35,54% | +108,34% | 0% | 0%",,8ddías,2.524.089,2.285.821 | 2.083.809 | 1.862.226 | 1.211.514 | 0 | 0,
2026-07-30,Antonio Hidalgo,Deportivo,-106.467 | -218.130 | +115.117 | +1.093.749 | +1.411.852 | +1.415.789,"-3,52% | -6,96% | +4,11% | +60,03% | 0% | +94,39%",,2ddías,2.915.789,3.022.256 | 3.133.919 | 2.800.672 | 1.822.040 | 0 | 1.500.000,
2026-07-30,Claudio Giráldez,Celta,-143.021 | -304.107 | -470.283 | -1.193.235 | -931.560 | -918.434,"-3,39% | -6,93% | -10,33% | -22,62% | 0% | -18,37%",,8ddías,4.081.566,4.224.587 | 4.385.673 | 4.551.849 | 5.274.801 | 0 | 5.000.000,
2026-07-30,Hansi Flick,Barcelona,-420.197 | -887.486 | -1.326.861 | -3.457.506 | -276.456 | -237.074,"-2,77% | -5,67% | -8,25% | -18,98% | 0% | -1,58%",,7ddías,14.762.926,15.183.123 | 15.650.412 | 16.089.787 | 18.220.432 | 0 | 15.000.000,
2026-07-30,Santi Franco,Racing,0 | 0 | 0 | 0 | 0 | +2.606,"0,00% | 0,00% | 0,00% | 0,00% | 0,00% | +0,37%",,20ddías,702.606,702.606 | 702.606 | 702.606 | 702.606 | 702.606 | 700.000,Delantero
2026-07-30,Dumfries,Real Madrid,+1.833.175 | +3.076.980 | +4.486.264 | +9.792.636 | 0 | 0,"+3,32% | +5,70% | +8,53% | +20,71% | 0% | 0%",,11ddías,57.085.601,55.252.426 | 54.008.621 | 52.599.337 | 47.292.965 | 0 | 0,Defensa
2026-07-30,Diego Diaz,Racing,0 | 0 | 0 | 0 | 0 | +2.234,"0,00% | 0,00% | 0,00% | 0,00% | 0,00% | +0,37%",,20ddías,602.234,602.234 | 602.234 | 602.234 | 602.234 | 602.234 | 600.000,Delantero
2026-07-30,Santaella,Málaga,0 | 0 | 0 | 0 | 0 | +1.498,"0,00% | 0,00% | 0,00% | 0,00% | 0,00% | +0,37%",,16ddías,401.498,401.498 | 401.498 | 401.498 | 401.498 | 401.498 | 400.000,Defensa
2026-07-30,Vallecillo,Racing,0 | 0 | 0 | 0 | 0 | -22.060,"0,00% | 0,00% | 0,00% | 0,00% | 0,00% | -3,15%",,16ddías,677.940,677.940 | 677.940 | 677.940 | 677.940 | 677.940 | 700.000,Mediocampista
2026-07-30,Chupete,Málaga,+1.669.554 | +2.730.456 | +4.057.973 | +9.437.484 | +15.507.580 | 0,"+4,38% | +7,36% | +11,35% | +31,07% | +63,80% | 0%",,15ddías,39.812.445,38.142.891 | 37.081.989 | 35.754.472 | 30.374.961 | 24.304.865 | 0,Delantero
2026-07-30,Larrubia,Málaga,+1.729.298 | +2.977.825 | +4.317.258 | +9.151.875 | +14.324.841 | 0,"+4,31% | +7,67% | +11,51% | +28,01% | +52,10% | 0%",,14ddías,41.820.685,40.091.387 | 38.842.860 | 37.503.427 | 32.668.810 | 27.495.844 | 0,Mediocampista
2026-07-30,Yeremay,Deportivo,+1.833.958 | +3.523.744 | +5.840.303 | +13.597.063 | +19.415.591 | 0,"+3,78% | +7,51% | +13,10% | +36,93% | +62,63% | 0%",,12ddías,50.415.591,48.581.633 | 46.891.847 | 44.575.288 | 36.818.528 | 31.000.000 | 0,Delantero
2026-07-30,Hartman,Espanyol,-273.392 | -541.607 | -800.737 | -1.925.687 | 0 | 0,"-2,26% | -4,38% | -6,34% | -14,01% | 0% | 0%",,8ddías,11.819.866,12.093.258 | 12.361.473 | 12.620.603 | 13.745.553 | 0 | 0,Defensa
2026-07-30,Diego Simeone,Atlético,-326.864 | -657.253 | -988.837 | -2.647.890 | -527.190 | -500.936,"-3,33% | -6,47% | -9,43% | -21,80% | 0% | -5,01%",,7ddías,9.499.064,9.825.928 | 10.156.317 | 10.487.901 | 12.146.954 | 0 | 10.000.000,
2026-07-30,Cucurella,Real Madrid,+2.896.305 | +3.018.877 | +1.409.583 | 0 | 0 | 0,"+5,93% | +6,20% | +2,80% | 0% | 0% | 0%",,2ddías,51.710.364,48.814.059 | 48.691.487 | 50.300.781 | 0 | 0 | 0,Defensa
2026-07-30,Konaté,Real Madrid,+757.648 | +597.585 | -351.804 | 0 | 0 | 0,"+2,66% | +2,08% | -1,19% | 0% | 0% | 0%",,1ddías,29.269.767,28.512.119 | 28.672.182 | 29.621.571 | 0 | 0 | 0,Defensa
2026-07-30,Aubameyang,Deportivo,-413.618 | 0 | 0 | 0 | 0 | 0,"-3,28% | 0% | 0% | 0% | 0% | 0%",,1ddías,12.201.234,12.614.852 | 0 | 0 | 0 | 0 | 0,Delantero
2026-07-30,Calatrava,Espanyol,-3.274 | -42.075 | -149.360 | 0 | 0 | 0,"-0,10% | -1,30% | -4,45% | 0% | 0% | 0%",,3ddías,3.204.025,3.207.299 | 3.246.100 | 3.353.385 | 0 | 0 | 0,Delantero
2026-07-30,Quique Sánchez,Alavés,-41.798 | -86.098 | -129.947 | +391.988 | +561.642 | +563.741,"-2,97% | -5,94% | -8,70% | +40,34% | 0% | +70,47%",,3ddías,1.363.741,1.405.539 | 1.449.839 | 1.493.688 | 971.753 | 0 | 800.000,
2026-07-30,Edin Terzic,Athletic,+1.429.615 | +2.641.690 | +3.971.192 | +7.875.484 | 0 | 0,"+10,42% | +21,13% | +35,54% | +108,34% | 0% | 0%",,8ddías,15.144.571,13.714.956 | 12.502.881 | 11.173.379 | 7.269.087 | 0 | 0,
2026-07-30,Galilea,Málaga,0 | 0 | 0 | 0 | 0 | +15.932,"0,00% | 0,00% | 0,00% | 0,00% | 0,00% | +0,37%",,20ddías,4.265.932,4.265.932 | 4.265.932 | 4.265.932 | 4.265.932 | 4.265.932 | 4.250.000,Defensa
2026-07-30,Murillo,Málaga,-99.198 | -204.761 | -310.345 | -750.103 | -1.652.653 | -2.641.980,"-2,87% | -5,75% | -8,46% | -18,26% | -32,98% | -44,03%",,24ddías,3.358.020,3.457.218 | 3.562.781 | 3.668.365 | 4.108.123 | 5.010.673 | 6.000.000,Defensa
2026-07-30,Aitor Mañas,Alavés,0 | 0 | 0 | 0 | 0 | -37.836,"0,00% | 0,00% | 0,00% | 0,00% | 0,00% | -6,31%",,21ddías,562.164,562.164 | 562.164 | 562.164 | 562.164 | 562.164 | 600.000,Delantero
2026-07-30,Palacios,Real Madrid,0 | 0 | 0 | 0 | 0 | +2.979,"0,00% | 0,00% | 0,00% | 0,00% | 0,00% | +0,37%",,21ddías,802.979,802.979 | 802.979 | 802.979 | 802.979 | 802.979 | 800.000,Mediocampista
2026-07-30,Lookman,Atlético,+1.683.313 | +2.812.396 | +4.669.443 | +10.024.337 | +27.005.542 | +27.005.542,"+2,88% | +4,91% | +8,42% | +20,01% | 0% | +81,54%",,11ddías,60.126.807,58.443.494 | 57.314.411 | 55.457.364 | 50.102.470 | 0 | 33.121.265,Delantero
2026-07-30,Tete Morente,Elche,-69.919 | -154.729 | -236.160 | -596.272 | -1.356.758 | -2.609.256,"-2,36% | -5,08% | -7,55% | -17,10% | -31,94% | -47,44%",,24ddías,2.890.744,2.960.663 | 3.045.473 | 3.126.904 | 3.487.016 | 4.247.502 | 5.500.000,Delantero
2026-07-30,Fidalgo,Betis,-61.516 | -126.193 | -174.800 | -428.335 | -953.589 | -1.556.767,"-1,76% | -3,54% | -4,83% | -11,06% | -21,69% | -31,14%",,21ddías,3.443.233,3.504.749 | 3.569.426 | 3.618.033 | 3.871.568 | 4.396.822 | 5.000.000,Mediocampista
2026-07-30,Koski,Alavés,0 | 0 | 0 | 0 | 0 | +3.089,"0,00% | 0,00% | 0,00% | 0,00% | 0,00% | +0,39%",,21ddías,803.089,803.089 | 803.089 | 803.089 | 803.089 | 803.089 | 800.000,Defensa
2026-07-30,Freeman,Villarreal,-49.601 | -114.987 | -160.072 | -417.518 | -999.131 | -1.780.574,"-1,52% | -3,45% | -4,74% | -11,48% | -23,68% | -35,61%",,24ddías,3.219.426,3.269.027 | 3.334.413 | 3.379.498 | 3.636.944 | 4.218.557 | 5.000.000,Defensa
2026-07-30,Cepeda,Elche,-26.956 | -45.849 | -71.258 | -211.007 | -514.288 | -1.156.507,"-1,97% | -3,30% | -5,04% | -13,57% | -27,68% | -46,26%",,24ddías,1.343.493,1.370.449 | 1.389.342 | 1.414.751 | 1.554.500 | 1.857.781 | 2.500.000,Delantero
2026-07-30,Ángel Pérez,Alavés,-188.638 | -398.188 | -571.410 | -1.456.947 | -3.278.309 | -6.370.897,"-2,14% | -4,41% | -6,21% | -14,45% | -27,53% | -42,47%",,24ddías,8.629.103,8.817.741 | 9.027.291 | 9.200.513 | 10.086.050 | 11.907.412 | 15.000.000,Delantero
2026-07-30,Boselli,Getafe,0 | 0 | 0 | 0 | 0 | -106.001,"0,00% | 0,00% | 0,00% | 0,00% | 0,00% | -3,53%",,21ddías,2.893.999,2.893.999 | 2.893.999 | 2.893.999 | 2.893.999 | 2.893.999 | 3.000.000,Defensa
2026-07-30,Romero,Getafe,0 | 0 | 0 | 0 | 0 | +116.266,"0,00% | 0,00% | 0,00% | 0,00% | 0,00% | +0,39%",,21ddías,30.116.266,30.116.266 | 30.116.266 | 30.116.266 | 30.116.266 | 30.116.266 | 30.000.000,Defensa
2026-07-30,Mesonero,Real Madrid,0 | 0 | 0 | 0 | 0 | +2.606,"0,00% | 0,00% | 0,00% | 0,00% | 0,00% | +0,37%",,21ddías,702.606,702.606 | 702.606 | 702.606 | 702.606 | 702.606 | 700.000,Mediocampista
2026-07-30,A. Riquelme,Getafe,0 | 0 | 0 | 0 | 0 | +2.324,"0,00% | 0,00% | 0,00% | 0,00% | 0,00% | +0,39%",,21ddías,602.324,602.324 | 602.324 | 602.324 | 602.324 | 602.324 | 600.000,Mediocampista
2026-07-30,Álex Sánchez,Elche,0 | 0 | 0 | 0 | 0 | +2.324,"0,00% | 0,00% | 0,00% | 0,00% | 0,00% | +0,39%",,21ddías,602.324,602.324 | 602.324 | 602.324 | 602.324 | 602.324 | 600.000,Mediocampista
2026-07-30,Burcio,Celta,0 | 0 | 0 | 0 | 0 | +2.257,"0,00% | 0,00% | 0,00% | 0,00% | 0,00% | +0,38%",,21ddías,602.257,602.257 | 602.257 | 602.257 | 602.257 | 602.257 | 600.000,Mediocampista
2026-07-30,Julio Díaz,Sevilla,+2.983 | -1.603 | -3.988 | -16.331 | -40.012 | -144.617,"+0,66% | -0,35% | -0,87% | -3,46% | -8,08% | -24,10%",,1ddías,455.383,452.400 | 456.986 | 459.371 | 471.714 | 495.395 | 600.000,Defensa
2026-07-30,Manuel Ángel,Real Madrid,0 | 0 | 0 | 0 | 0 | +2.606,"0,00% | 0,00% | 0,00% | 0,00% | 0,00% | +0,37%",,21ddías,702.606,702.606 | 702.606 | 702.606 | 702.606 | 702.606 | 700.000,Mediocampista
2026-07-30,Vecino,Celta,-92.713 | -188.427 | -284.714 | -685.716 | -1.533.859 | -2.878.671,"-2,88% | -5,69% | -8,36% | -18,01% | -32,95% | -47,98%",,24ddías,3.121.329,3.214.042 | 3.309.756 | 3.406.043 | 3.807.045 | 4.655.188 | 6.000.000,Mediocampista
2026-07-30,Cestero,Real Madrid,0 | 0 | 0 | 0 | 0 | +2.234,"0,00% | 0,00% | 0,00% | 0,00% | 0,00% | +0,37%",,21ddías,602.234,602.234 | 602.234 | 602.234 | 602.234 | 602.234 | 600.000,Mediocampista
2026-07-30,Hierro,Athletic,0 | 0 | 0 | 0 | 0 | +2.257,"0,00% | 0,00% | 0,00% | 0,00% | 0,00% | +0,38%",,21ddías,602.257,602.257 | 602.257 | 602.257 | 602.257 | 602.257 | 600.000,Delantero
2026-07-30,Dani Martínez,Atlético,-4.109 | -9.149 | -12.102 | -20.682 | -52.061 | -140.812,"-0,89% | -1,95% | -2,57% | -4,31% | -10,18% | -23,47%",,4ddías,459.188,463.297 | 468.337 | 471.290 | 479.870 | 511.249 | 600.000,Defensa
2026-07-30,Boñar,Atlético,-6.222 | -10.405 | -15.523 | -40.515 | -95.226 | -190.102,"-1,21% | -2,00% | -2,95% | -7,36% | -15,74% | -27,16%",,18ddías,509.898,516.120 | 520.303 | 525.421 | 550.413 | 605.124 | 700.000,Defensa
2026-07-30,Puric,Atlético,-5.494 | -11.977 | -16.434 | -38.492 | -86.761 | -207.558,"-1,10% | -2,37% | -3,23% | -7,25% | -14,98% | -29,65%",,24ddías,492.442,497.936 | 504.419 | 508.876 | 530.934 | 579.203 | 700.000,Defensa
2026-07-30,Marqués,Barcelona,0 | 0 | 0 | 0 | 0 | +2.319,"0,00% | 0,00% | 0,00% | 0,00% | 0,00% | +0,39%",,21ddías,602.319,602.319 | 602.319 | 602.319 | 602.319 | 602.319 | 600.000,Defensa
2026-07-30,Arcos,Celta,0 | 0 | 0 | 0 | 0 | +2.257,"0,00% | 0,00% | 0,00% | 0,00% | 0,00% | +0,38%",,21ddías,602.257,602.257 | 602.257 | 602.257 | 602.257 | 602.257 | 600.000,Mediocampista
2026-07-30,Montes,Getafe,0 | 0 | 0 | 0 | 0 | +2.319,"0,00% | 0,00% | 0,00% | 0,00% | 0,00% | +0,39%",,21ddías,602.319,602.319 | 602.319 | 602.319 | 602.319 | 602.319 | 600.000,Defensa
2026-07-30,Gaitán,Villarreal,0 | 0 | 0 | 0 | 0 | +2.292,"0,00% | 0,00% | 0,00% | 0,00% | 0,00% | +0,38%",,21ddías,602.292,602.292 | 602.292 | 602.292 | 602.292 | 602.292 | 600.000,Mediocampista
2026-07-30,Ferran,Espanyol,0 | 0 | 0 | 0 | 0 | +2.248,"0,00% | 0,00% | 0,00% | 0,00% | 0,00% | +0,37%",,21ddías,602.248,602.248 | 602.248 | 602.248 | 602.248 | 602.248 | 600.000,Mediocampista
2026-07-30,Tunde,Levante,0 | 0 | 0 | 0 | 0 | +31.892,"0,00% | 0,00% | 0,00% | 0,00% | 0,00% | +0,38%",,21ddías,8.531.892,8.531.892 | 8.531.892 | 8.531.892 | 8.531.892 | 8.531.892 | 8.500.000,Mediocampista
2026-07-30,Kita,R. Sociedad B,0 | 0 | 0 | 0 | 0 | +2.234,"0,00% | 0,00% | 0,00% | 0,00% | 0,00% | +0,37%",,21ddías,602.234,602.234 | 602.234 | 602.234 | 602.234 | 602.234 | 600.000,Defensa
2026-07-30,Astiazaran,R. Sociedad B,0 | 0 | 0 | 0 | 0 | +2.257,"0,00% | 0,00% | 0,00% | 0,00% | 0,00% | +0,38%",,21ddías,602.257,602.257 | 602.257 | 602.257 | 602.257 | 602.257 | 600.000,Mediocampista
2026-07-30,Aguirre,R. Sociedad B,0 | 0 | 0 | 0 | 0 | +2.257,"0,00% | 0,00% | 0,00% | 0,00% | 0,00% | +0,38%",,21ddías,602.257,602.257 | 602.257 | 602.257 | 602.257 | 602.257 | 600.000,Mediocampista
2026-07-30,Fontanet,Valencia,0 | 0 | 0 | 0 | 0 | -18.013,"0,00% | 0,00% | 0,00% | 0,00% | 0,00% | -3,00%",,21ddías,581.987,581.987 | 581.987 | 581.987 | 581.987 | 581.987 | 600.000,Defensa
2026-07-30,Vargas,Atlético,-29.788 | -61.272 | -91.564 | -229.595 | -497.372 | -917.498,"-2,46% | -4,93% | -7,19% | -16,26% | -29,61% | -43,69%",,24ddías,1.182.502,1.212.290 | 1.243.774 | 1.274.066 | 1.412.097 | 1.679.874 | 2.100.000,Mediocampista
2026-07-30,Sangaré,Elche,0 | 0 | 0 | 0 | 0 | +15.501,"0,00% | 0,00% | 0,00% | 0,00% | 0,00% | +0,39%",,21ddías,4.015.501,4.015.501 | 4.015.501 | 4.015.501 | 4.015.501 | 4.015.501 | 4.000.000,Defensa
2026-07-30,Puga,Málaga,-137.159 | -252.998 | -347.845 | -753.309 | -1.630.770 | -2.547.810,"-2,08% | -3,77% | -5,12% | -10,45% | -20,18% | -28,31%",,19ddías,6.452.190,6.589.349 | 6.705.188 | 6.800.035 | 7.205.499 | 8.082.960 | 9.000.000,Defensa
2026-07-30,Patino,Deportivo,-12.469 | -26.217 | -38.242 | -93.859 | -214.416 | -440.166,"-1,85% | -3,82% | -5,48% | -12,45% | -24,53% | -40,02%",,24ddías,659.834,672.303 | 686.051 | 698.076 | 753.693 | 874.250 | 1.100.000,Mediocampista
2026-07-30,Riki,Deportivo,0 | 0 | 0 | 0 | 0 | +5.646,"0,00% | 0,00% | 0,00% | 0,00% | 0,00% | +0,38%",,21ddías,1.505.646,1.505.646 | 1.505.646 | 1.505.646 | 1.505.646 | 1.505.646 | 1.500.000,Mediocampista
2026-07-30,Rubén López,Deportivo,0 | 0 | 0 | 0 | 0 | +1.880,"0,00% | 0,00% | 0,00% | 0,00% | 0,00% | +0,38%",,21ddías,501.880,501.880 | 501.880 | 501.880 | 501.880 | 501.880 | 500.000,Mediocampista
2026-07-30,Villares,Deportivo,-83.181 | -173.411 | -265.040 | -653.589 | -1.460.836 | -2.479.406,"-2,31% | -4,69% | -7,00% | -15,66% | -29,33% | -41,32%",,24ddías,3.520.594,3.603.775 | 3.694.005 | 3.785.634 | 4.174.183 | 4.981.430 | 6.000.000,Mediocampista
2026-07-30,Jurado,Deportivo,-44.093 | -89.950 | -135.900 | -342.207 | -773.583 | -1.436.091,"-2,74% | -5,44% | -8,00% | -17,95% | -33,09% | -47,87%",,24ddías,1.563.909,1.608.002 | 1.653.859 | 1.699.809 | 1.906.116 | 2.337.492 | 3.000.000,Mediocampista
2026-07-30,Mella,Deportivo,-50.237 | -116.734 | -171.752 | -403.478 | -898.360 | -444.543,"-1,39% | -3,18% | -4,61% | -10,19% | -20,17% | -11,11%",,14ddías,3.555.457,3.605.694 | 3.672.191 | 3.727.209 | 3.958.935 | 4.453.817 | 4.000.000,Mediocampista
2026-07-30,Mario,Deportivo,+384.424 | +671.388 | +1.071.739 | +2.260.079 | +3.849.901 | +5.308.998,"+1,93% | +3,42% | +5,57% | +12,52% | +23,39% | +35,39%",,23ddías,20.308.998,19.924.574 | 19.637.610 | 19.237.259 | 18.048.919 | 16.459.097 | 15.000.000,Mediocampista
2026-07-30,Luismi,Deportivo,-146.791 | -297.548 | -411.447 | -1.014.100 | -2.048.988 | -2.016.361,"-2,06% | -4,09% | -5,56% | -12,68% | -22,68% | -22,40%",,19ddías,6.983.639,7.130.430 | 7.281.187 | 7.395.086 | 7.997.739 | 9.032.627 | 9.000.000,Delantero
2026-07-30,Pablo García,Deportivo,-6.149 | -8.401 | -728 | -22.786 | -71.055 | -191.852,"-1,20% | -1,63% | -0,14% | -4,29% | -12,27% | -27,41%",,2ddías,508.148,514.297 | 516.549 | 508.876 | 530.934 | 579.203 | 700.000,Defensa
2026-07-30,Bil Nsongo,Deportivo,0 | 0 | 0 | 0 | 0 | +24.473,"0,00% | 0,00% | 0,00% | 0,00% | 0,00% | +0,38%",,21ddías,6.524.473,6.524.473 | 6.524.473 | 6.524.473 | 6.524.473 | 6.524.473 | 6.500.000,Delantero
2026-07-30,Eddahchouri,Deportivo,-38.461 | -89.218 | -135.059 | -327.238 | -771.380 | -1.443.655,"-1,48% | -3,37% | -5,02% | -11,35% | -23,18% | -36,09%",,24ddías,2.556.345,2.594.806 | 2.645.563 | 2.691.404 | 2.883.583 | 3.327.725 | 4.000.000,Delantero
2026-07-30,Osorio,Elche,0 | 0 | 0 | 0 | 0 | +5.425,"0,00% | 0,00% | 0,00% | 0,00% | 0,00% | +0,39%",,20ddías,1.405.425,1.405.425 | 1.405.425 | 1.405.425 | 1.405.425 | 1.405.425 | 1.400.000,Delantero
2026-07-30,Herrero,Málaga,+235.425 | +337.492 | +430.248 | +795.095 | +491.056 | +980.705,"+3,49% | +5,08% | +6,57% | +12,85% | +7,57% | +16,35%",,8ddías,6.980.705,6.745.280 | 6.643.213 | 6.550.457 | 6.185.610 | 6.489.649 | 6.000.000,Portero
2026-07-30,Carlos López,Málaga,-2.268 | -5.390 | -5.130 | -11.448 | -25.158 | -84.989,"-0,54% | -1,28% | -1,22% | -2,68% | -5,72% | -17,00%",,2ddías,415.011,417.279 | 420.401 | 420.141 | 426.459 | 440.169 | 500.000,Portero
2026-07-30,Céspedes,Málaga,0 | 0 | 0 | 0 | 0 | +1.498,"0,00% | 0,00% | 0,00% | 0,00% | 0,00% | +0,37%",,20ddías,401.498,401.498 | 401.498 | 401.498 | 401.498 | 401.498 | 400.000,Portero
2026-07-30,Noé Carrillo,Deportivo,0 | 0 | 0 | 0 | 0 | +2.633,"0,00% | 0,00% | 0,00% | 0,00% | 0,00% | +0,38%",,21ddías,702.633,702.633 | 702.633 | 702.633 | 702.633 | 702.633 | 700.000,Mediocampista
2026-07-30,Ximo,Deportivo,0 | 0 | 0 | 0 | 0 | +24.473,"0,00% | 0,00% | 0,00% | 0,00% | 0,00% | +0,38%",,21ddías,6.524.473,6.524.473 | 6.524.473 | 6.524.473 | 6.524.473 | 6.524.473 | 6.500.000,Defensa
2026-07-30,Lamini Fati,Real Madrid,0 | 0 | 0 | 0 | 0 | -22.045,"0,00% | 0,00% | 0,00% | 0,00% | 0,00% | -3,15%",,21ddías,677.955,677.955 | 677.955 | 677.955 | 677.955 | 677.955 | 700.000,Defensa
2026-07-30,Germán Parreño,Deportivo,0 | 0 | 0 | 0 | 0 | +2.633,"0,00% | 0,00% | 0,00% | 0,00% | 0,00% | +0,38%",,21ddías,702.633,702.633 | 702.633 | 702.633 | 702.633 | 702.633 | 700.000,Portero
2026-07-30,Antañón,Celta,0 | 0 | 0 | 0 | 0 | -18.300,"0,00% | 0,00% | 0,00% | 0,00% | 0,00% | -3,05%",,21ddías,581.700,581.700 | 581.700 | 581.700 | 581.700 | 581.700 | 600.000,Mediocampista
2026-07-30,Ochieng,Real Sociedad,0 | 0 | 0 | 0 | 0 | +2.633,"0,00% | 0,00% | 0,00% | 0,00% | 0,00% | +0,38%",,21ddías,702.633,702.633 | 702.633 | 702.633 | 702.633 | 702.633 | 700.000,Mediocampista
2026-07-30,Morcillo,Atlético,0 | 0 | 0 | 0 | 0 | +2.702,"0,00% | 0,00% | 0,00% | 0,00% | 0,00% | +0,39%",,21ddías,702.702,702.702 | 702.702 | 702.702 | 702.702 | 702.702 | 700.000,Mediocampista
2026-07-30,Cubo,Atlético,0 | 0 | 0 | 0 | 0 | +2.316,"0,00% | 0,00% | 0,00% | 0,00% | 0,00% | +0,39%",,21ddías,602.316,602.316 | 602.316 | 602.316 | 602.316 | 602.316 | 600.000,Delantero
2026-07-30,Hugo Ríos,Deportivo,0 | 0 | 0 | 0 | 0 | +3.386,"0,00% | 0,00% | 0,00% | 0,00% | 0,00% | +0,38%",,21ddías,903.386,903.386 | 903.386 | 903.386 | 903.386 | 903.386 | 900.000,Portero
2026-07-30,Puerto,Deportivo,-596 | -1.977 | -1.119 | +390 | +3.864 | -25.106,"-0,16% | -0,52% | -0,30% | +0,10% | +1,04% | -6,28%",,2ddías,374.894,375.490 | 376.871 | 376.013 | 374.504 | 371.030 | 400.000,Portero
2026-07-30,Quagliata,Deportivo,+9.705 | +5.776 | +10.980 | -85.140 | -425.703 | -1.131.973,"+0,34% | +0,20% | +0,38% | -2,88% | -12,92% | -28,30%",,1ddías,2.868.027,2.858.322 | 2.862.251 | 2.857.047 | 2.953.167 | 3.293.730 | 4.000.000,Defensa
2026-07-30,Barcia,Deportivo,-38.547 | -79.786 | -118.128 | -288.296 | -647.001 | -1.162.928,"-2,06% | -4,16% | -6,04% | -13,56% | -26,05% | -38,76%",,24ddías,1.837.072,1.875.619 | 1.916.858 | 1.955.200 | 2.125.368 | 2.484.073 | 3.000.000,Defensa
2026-07-30,Loureiro,Deportivo,-29.849 | -83.166 | -115.181 | -317.102 | -615.841 | -598.898,"-0,76% | -2,09% | -2,87% | -7,52% | -13,63% | -13,31%",,9ddías,3.901.102,3.930.951 | 3.984.268 | 4.016.283 | 4.218.204 | 4.516.943 | 4.500.000,Defensa
2026-07-30,Teijo,Deportivo,0 | 0 | 0 | 0 | 0 | +2.257,"0,00% | 0,00% | 0,00% | 0,00% | 0,00% | +0,38%",,21ddías,602.257,602.257 | 602.257 | 602.257 | 602.257 | 602.257 | 600.000,Defensa
2026-07-30,Canedo,Deportivo,0 | 0 | 0 | 0 | 0 | +2.257,"0,00% | 0,00% | 0,00% | 0,00% | 0,00% | +0,38%",,21ddías,602.257,602.257 | 602.257 | 602.257 | 602.257 | 602.257 | 600.000,Defensa
2026-07-30,Samu Fernández,Deportivo,0 | 0 | 0 | 0 | 0 | +2.633,"0,00% | 0,00% | 0,00% | 0,00% | 0,00% | +0,38%",,21ddías,702.633,702.633 | 702.633 | 702.633 | 702.633 | 702.633 | 700.000,Defensa
2026-07-30,Noubi,Deportivo,+187.566 | +310.837 | +465.992 | +666.187 | +334.760 | +1.045.918,"+2,24% | +3,77% | +5,77% | +8,45% | +4,08% | +13,95%",,6ddías,8.545.918,8.358.352 | 8.235.081 | 8.079.926 | 7.879.731 | 8.211.158 | 7.500.000,Defensa
2026-07-30,Comas,Deportivo,-24.605 | -55.102 | -83.107 | -213.291 | -489.319 | -944.010,"-2,28% | -4,96% | -7,30% | -16,80% | -31,66% | -47,20%",,24ddías,1.055.990,1.080.595 | 1.111.092 | 1.139.097 | 1.269.281 | 1.545.309 | 2.000.000,Defensa
2026-07-30,Rubén Gómez,Villarreal,0 | 0 | 0 | 0 | 0 | +2.292,"0,00% | 0,00% | 0,00% | 0,00% | 0,00% | +0,38%",,21ddías,602.292,602.292 | 602.292 | 602.292 | 602.292 | 602.292 | 600.000,Portero
2026-07-30,Iván Romero,Levante,-20.149 | -91.227 | -156.676 | -405.469 | -727.996 | -1.356.078,"-0,28% | -1,26% | -2,15% | -5,37% | -9,25% | -15,95%",,13ddías,7.143.922,7.164.071 | 7.235.149 | 7.300.598 | 7.549.391 | 7.871.918 | 8.500.000,Delantero
2026-07-30,Cucho,Betis,+35.375 | +77.298 | +481.625 | +2.465.138 | +8.980.757 | +16.192.186,"+0,06% | +0,14% | +0,86% | +4,59% | +19,02% | +40,48%",,23ddías,56.192.186,56.156.811 | 56.114.888 | 55.710.561 | 53.727.048 | 47.211.429 | 40.000.000,Delantero
2026-07-30,Oroz,Osasuna,-326.982 | -729.106 | -1.113.951 | -1.765.498 | -2.965.912 | -4.126.529,"-2,02% | -4,39% | -6,56% | -10,01% | -15,74% | -20,63%",,21ddías,15.873.471,16.200.453 | 16.602.577 | 16.987.422 | 17.638.969 | 18.839.383 | 20.000.000,Mediocampista
2026-07-30,Isi,Rayo,-443.902 | -970.402 | -1.411.836 | -1.381.408 | +1.996.130 | +5.373.566,"-2,13% | -4,55% | -6,48% | -6,35% | +10,86% | +35,82%",,5ddías,20.373.566,20.817.468 | 21.343.968 | 21.785.402 | 21.754.974 | 18.377.436 | 15.000.000,Delantero
2026-07-30,Pep Chavarría,Rayo,+320.170 | +548.143 | +903.959 | +2.563.662 | +4.566.744 | +6.274.853,"+1,78% | +3,09% | +5,20% | +16,32% | +33,31% | +52,29%",,23ddías,18.274.853,17.954.683 | 17.726.710 | 17.370.894 | 15.711.191 | 13.708.109 | 12.000.000,Defensa
2026-07-30,Ratiu,Rayo,-746.791 | -1.642.542 | -2.485.869 | -5.866.619 | -18.923.768 | -18.923.768,"-1,81% | -3,90% | -5,79% | -12,66% | 0% | -31,87%",,10ddías,40.460.209,41.207.000 | 42.102.751 | 42.946.078 | 46.326.828 | 0 | 59.383.977,Defensa
2026-07-30,Dimitrievski,Valencia,0 | 0 | 0 | 0 | 0 | +45.877,"0,00% | 0,00% | 0,00% | 0,00% | 0,00% | +0,38%",,21ddías,12.045.877,12.045.877 | 12.045.877 | 12.045.877 | 12.045.877 | 12.045.877 | 12.000.000,Portero
2026-07-30,Iker Muñoz,Osasuna,-42.532 | -90.399 | -134.659 | -340.921 | -766.034 | -1.471.630,"-2,40% | -4,97% | -7,23% | -16,48% | -30,71% | -45,99%",,24ddías,1.728.370,1.770.902 | 1.818.769 | 1.863.029 | 2.069.291 | 2.494.404 | 3.200.000,Mediocampista
2026-07-30,Herrando,Osasuna,-57.224 | -126.244 | -185.469 | -474.953 | -1.087.547 | -2.102.130,"-2,33% | -5,00% | -7,18% | -16,53% | -31,20% | -46,71%",,24ddías,2.397.870,2.455.094 | 2.524.114 | 2.583.339 | 2.872.823 | 3.485.417 | 4.500.000,Defensa
2026-07-30,Catena,Osasuna,+2.549 | +114.959 | +594.306 | +3.448.234 | +7.711.514 | +10.908.952,"+0,01% | +0,28% | +1,47% | +9,20% | +23,23% | +36,36%",,22ddías,40.908.952,40.906.403 | 40.793.993 | 40.314.646 | 37.460.718 | 33.197.438 | 30.000.000,Defensa
2026-07-30,Ibáñez,Alavés,-64.567 | -135.214 | -189.525 | -515.049 | -1.260.201 | -2.393.716,"-1,76% | -3,61% | -4,99% | -12,50% | -25,90% | -39,90%",,24ddías,3.606.284,3.670.851 | 3.741.498 | 3.795.809 | 4.121.333 | 4.866.485 | 6.000.000,Mediocampista
2026-07-30,Budimir,Osasuna,-739.820 | -1.698.923 | -2.301.190 | -5.305.544 | +11.502.845 | +11.502.845,"-1,45% | -3,27% | -4,38% | -9,55% | 0% | +29,70%",,10ddías,50.227.643,50.967.463 | 51.926.566 | 52.528.833 | 55.533.187 | 0 | 38.724.798,Delantero
2026-07-30,Moi Gómez,Osasuna,-65.690 | -132.562 | -187.760 | -488.786 | -1.086.078 | -2.228.920,"-2,32% | -4,57% | -6,35% | -14,99% | -28,16% | -44,58%",,24ddías,2.771.080,2.836.770 | 2.903.642 | 2.958.840 | 3.259.866 | 3.857.158 | 5.000.000,Mediocampista
2026-07-30,Rubén GarcíaRubén G.,Osasuna,-113.886 | -305.556 | -476.684 | -1.006.711 | -2.200.566 | -3.738.746,"-0,79% | -2,10% | -3,23% | -6,59% | -13,37% | -20,77%",,21ddías,14.261.254,14.375.140 | 14.566.810 | 14.737.938 | 15.267.965 | 16.461.820 | 18.000.000,Mediocampista
2026-07-30,Aitor,Osasuna,-10.724 | -22.655 | -32.787 | -80.009 | -183.525 | -382.039,"-1,71% | -3,54% | -5,04% | -11,46% | -22,90% | -38,20%",,24ddías,617.961,628.685 | 640.616 | 650.748 | 697.970 | 801.486 | 1.000.000,Portero
2026-07-30,Areso,Athletic,-25.796 | -70.555 | -103.583 | -277.198 | -657.883 | -1.256.407,"-1,04% | -2,81% | -4,07% | -10,19% | -21,21% | -33,96%",,24ddías,2.443.593,2.469.389 | 2.514.148 | 2.547.176 | 2.720.791 | 3.101.476 | 3.700.000,Defensa
2026-07-30,Kike Barja,Osasuna,0 | 0 | 0 | 0 | 0 | +10.828,"0,00% | 0,00% | 0,00% | 0,00% | 0,00% | +0,39%",,21ddías,2.810.828,2.810.828 | 2.810.828 | 2.810.828 | 2.810.828 | 2.810.828 | 2.800.000,Delantero
2026-07-30,Moncayola,Osasuna,+7.423 | +9.472 | -18.961 | -112.909 | -368.784 | -484.020,"+0,13% | +0,17% | -0,34% | -2,01% | -6,27% | -8,07%",,2ddías,5.515.980,5.508.557 | 5.506.508 | 5.534.941 | 5.628.889 | 5.884.764 | 6.000.000,Mediocampista
2026-07-30,Cárdenas,Rayo,-14.324 | -32.624 | -49.676 | -129.638 | -305.034 | -614.355,"-1,79% | -3,99% | -5,95% | -14,16% | -27,97% | -43,88%",,24ddías,785.645,799.969 | 818.269 | 835.321 | 915.283 | 1.090.679 | 1.400.000,Portero
2026-07-30,Miguel Ángel RubioMiguel Rubio,Espanyol,-17.157 | -35.789 | -52.901 | -131.077 | -302.554 | -627.646,"-2,17% | -4,43% | -6,41% | -14,51% | -28,15% | -44,83%",,24ddías,772.354,789.511 | 808.143 | 825.255 | 903.431 | 1.074.908 | 1.400.000,Defensa
2026-07-30,Soria,Getafe,0 | 0 | 0 | 0 | 0 | -703.646,"0,00% | 0,00% | 0,00% | 0,00% | 0,00% | -3,52%",,21ddías,19.296.354,19.296.354 | 19.296.354 | 19.296.354 | 19.296.354 | 19.296.354 | 20.000.000,Portero
2026-07-30,Mayoral,Getafe,-50.181 | -109.815 | -140.114 | -326.196 | -713.701 | -1.326.381,"-1,47% | -3,15% | -3,99% | -8,82% | -17,46% | -28,22%",,24ddías,3.373.619,3.423.800 | 3.483.434 | 3.513.733 | 3.699.815 | 4.087.320 | 4.700.000,Delantero
2026-07-30,Iglesias,Sevilla,0 | 0 | 0 | 0 | 0 | +48.352,"0,00% | 0,00% | 0,00% | 0,00% | 0,00% | +0,39%",,21ddías,12.548.352,12.548.352 | 12.548.352 | 12.548.352 | 12.548.352 | 12.548.352 | 12.500.000,Defensa
2026-07-30,Herrera,Real Sociedad,-72.945 | -159.737 | -232.742 | -581.487 | -1.302.667 | -2.200.048,"-1,88% | -4,03% | -5,77% | -13,27% | -25,53% | -36,67%",,21ddías,3.799.952,3.872.897 | 3.959.689 | 4.032.694 | 4.381.439 | 5.102.619 | 6.000.000,Mediocampista
2026-07-30,Eric Garcia,Barcelona,0 | 0 | 0 | 0 | 0 | +228.232,"0,00% | 0,00% | 0,00% | 0,00% | 0,00% | +0,39%",,21ddías,59.228.232,59.228.232 | 59.228.232 | 59.228.232 | 59.228.232 | 59.228.232 | 59.000.000,Defensa
2026-07-30,Boyé,Alavés,-165.132 | -371.556 | -578.750 | -1.464.334 | -3.299.666 | -4.729.412,"-1,07% | -2,38% | -3,65% | -8,75% | -17,77% | -23,65%",,20ddías,15.270.588,15.435.720 | 15.642.144 | 15.849.338 | 16.734.922 | 18.570.254 | 20.000.000,Delantero
2026-07-30,Villar,Elche,0 | 0 | 0 | 0 | 0 | +27.127,"0,00% | 0,00% | 0,00% | 0,00% | 0,00% | +0,39%",,21ddías,7.027.127,7.027.127 | 7.027.127 | 7.027.127 | 7.027.127 | 7.027.127 | 7.000.000,Mediocampista
2026-07-30,Torró,Osasuna,-44.460 | -86.858 | -126.509 | -298.456 | -773.806 | -1.291.005,"-1,51% | -2,90% | -4,17% | -9,31% | -21,01% | -30,74%",,20ddías,2.908.995,2.953.455 | 2.995.853 | 3.035.504 | 3.207.451 | 3.682.801 | 4.200.000,Mediocampista
2026-07-30,S. Cardona,Villarreal,-22.180 | -85.355 | -114.795 | -174.329 | -596.491 | -407.784,"-0,43% | -1,62% | -2,16% | -3,25% | -10,30% | -7,28%",,17ddías,5.192.216,5.214.396 | 5.277.571 | 5.307.011 | 5.366.545 | 5.788.707 | 5.600.000,Defensa
2026-07-30,Javi Muñoz,Getafe,-21.501 | -44.658 | -66.484 | -165.563 | -376.418 | -723.382,"-2,39% | -4,85% | -7,05% | -15,89% | -30,04% | -45,21%",,24ddías,876.618,898.119 | 921.276 | 943.102 | 1.042.181 | 1.253.036 | 1.600.000,Mediocampista
2026-07-30,Moleiro,Villarreal,-744.906 | -1.659.258 | -2.403.911 | -5.570.562 | -37.717.596 | -37.717.596,"-1,26% | -2,77% | -3,96% | -8,72% | 0% | -39,26%",,9ddías,58.342.872,59.087.778 | 60.002.130 | 60.746.783 | 63.913.434 | 0 | 96.060.468,Mediocampista
2026-07-30,Valles,Betis,+819.756 | +1.351.706 | +2.004.363 | +3.928.757 | +6.790.214 | +9.452.520,"+4,40% | +7,47% | +11,49% | +25,31% | +53,63% | +94,53%",,23ddías,19.452.520,18.632.764 | 18.100.814 | 17.448.157 | 15.523.763 | 12.662.306 | 10.000.000,Portero
2026-07-30,Copete,Valencia,-105.225 | -216.036 | -327.297 | -800.014 | -1.800.301 | -2.750.922,"-3,14% | -6,23% | -9,15% | -19,76% | -35,65% | -45,85%",,24ddías,3.249.078,3.354.303 | 3.465.114 | 3.576.375 | 4.049.092 | 5.049.379 | 6.000.000,Defensa
2026-07-30,Herrera,Osasuna,+876.587 | +1.627.900 | +2.476.756 | +5.178.693 | +9.481.525 | +13.533.601,"+3,06% | +5,83% | +9,15% | +21,26% | +47,28% | +84,59%",,22ddías,29.533.601,28.657.014 | 27.905.701 | 27.056.845 | 24.354.908 | 20.052.076 | 16.000.000,Portero
2026-07-30,Nteka,Rayo,-37.955 | -81.074 | -122.308 | -304.803 | -690.609 | -1.255.189,"-2,13% | -4,44% | -6,55% | -14,87% | -28,36% | -41,84%",,24ddías,1.744.811,1.782.766 | 1.825.885 | 1.867.119 | 2.049.614 | 2.435.420 | 3.000.000,Delantero
2026-07-30,Unai López,Rayo,+11.306 | -20.080 | -18.270 | +12.298 | -322.187 | -888.030,"+0,19% | -0,33% | -0,30% | +0,20% | -5,01% | -12,69%",,1ddías,6.111.970,6.100.664 | 6.132.050 | 6.130.240 | 6.099.672 | 6.434.157 | 7.000.000,Mediocampista
2026-07-30,Aleñá,Alavés,-73.529 | -152.323 | -219.916 | -572.911 | -1.266.897 | -2.369.039,"-1,56% | -3,18% | -4,53% | -11,01% | -21,48% | -33,84%",,24ddías,4.630.961,4.704.490 | 4.783.284 | 4.850.877 | 5.203.872 | 5.897.858 | 7.000.000,Mediocampista
2026-07-30,Brahim,Real Madrid,-334.090 | -668.374 | -990.259 | -2.148.366 | -4.142.540 | -5.431.560,"-2,24% | -4,39% | -6,36% | -12,85% | -22,14% | -27,16%",,20ddías,14.568.440,14.902.530 | 15.236.814 | 15.558.699 | 16.716.806 | 18.710.980 | 20.000.000,Mediocampista
2026-07-30,Sadiq,Valencia,-327.201 | -665.534 | -926.484 | -1.820.783 | -3.371.573 | -5.583.548,"-3,05% | -6,01% | -8,17% | -14,88% | -24,45% | -34,90%",,22ddías,10.416.452,10.743.653 | 11.081.986 | 11.342.936 | 12.237.235 | 13.788.025 | 16.000.000,Delantero
2026-07-30,Olasagasti,Levante,-39.859 | -99.671 | -156.600 | -459.231 | -1.224.644 | -2.275.181,"-1,06% | -2,61% | -4,03% | -10,98% | -24,74% | -37,92%",,24ddías,3.724.819,3.764.678 | 3.824.490 | 3.881.419 | 4.184.050 | 4.949.463 | 6.000.000,Mediocampista
2026-07-30,Kubo,Real Sociedad,-551.333 | -1.177.733 | -1.732.042 | -4.174.646 | -6.988.436 | -3.147.826,"-2,00% | -4,19% | -6,04% | -13,41% | -20,59% | -10,46%",,13ddías,26.952.174,27.503.507 | 28.129.907 | 28.684.216 | 31.126.820 | 33.940.610 | 30.100.000,Mediocampista
2026-07-30,Zakharyan,Real Sociedad,-42.647 | -87.328 | -129.911 | -330.853 | -749.481 | -1.436.058,"-2,65% | -5,29% | -7,67% | -17,46% | -32,40% | -47,87%",,24ddías,1.563.942,1.606.589 | 1.651.270 | 1.693.853 | 1.894.795 | 2.313.423 | 3.000.000,Mediocampista
2026-07-30,Oyarzabal,Real Sociedad,-1.181.496 | -2.648.106 | -3.944.122 | -9.140.587 | -38.953.814 | -38.953.814,"-1,54% | -3,39% | -4,97% | -10,80% | 0% | -34,05%",,8ddías,75.457.360,76.638.856 | 78.105.466 | 79.401.482 | 84.597.947 | 0 | 114.411.174,Delantero
2026-07-30,Marín,Real Sociedad,-82.734 | -170.040 | -256.547 | -623.312 | -1.389.921 | -2.389.125,"-3,07% | -6,11% | -8,95% | -19,27% | -34,74% | -47,78%",,24ddías,2.610.875,2.693.609 | 2.780.915 | 2.867.422 | 3.234.187 | 4.000.796 | 5.000.000,Mediocampista
2026-07-30,Barrenetxea,Real Sociedad,-292.900 | -446.679 | -195.515 | +1.164.893 | +5.626.591 | +9.083.097,"-0,71% | -1,08% | -0,47% | +2,92% | +15,87% | +28,38%",,2ddías,41.083.097,41.375.997 | 41.529.776 | 41.278.612 | 39.918.204 | 35.456.506 | 32.000.000,Mediocampista
2026-07-30,Zubeldia,Real Sociedad,-87.195 | -233.663 | -337.502 | -918.031 | -2.157.334 | -3.517.192,"-0,82% | -2,18% | -3,12% | -8,05% | -17,07% | -25,12%",,24ddías,10.482.808,10.570.003 | 10.716.471 | 10.820.310 | 11.400.839 | 12.640.142 | 14.000.000,Defensa
2026-07-30,Aihen,Real Sociedad,-53.497 | -110.479 | -169.172 | -426.824 | -986.629 | -1.900.309,"-2,48% | -5,00% | -7,46% | -16,89% | -31,97% | -47,51%",,24ddías,2.099.691,2.153.188 | 2.210.170 | 2.268.863 | 2.526.515 | 3.086.320 | 4.000.000,Defensa
2026-07-30,Odriozola,Real Sociedad,-19.283 | -40.129 | -59.548 | -147.952 | -341.886 | -676.625,"-2,29% | -4,65% | -6,74% | -15,23% | -29,34% | -45,11%",,24ddías,823.375,842.658 | 863.504 | 882.923 | 971.327 | 1.165.261 | 1.500.000,Defensa
2026-07-30,Remiro,Real Sociedad,+1.105.673 | +1.846.459 | +3.071.611 | +6.661.683 | +12.465.292 | +17.597.344,"+3,03% | +5,16% | +8,90% | +21,53% | +49,60% | +87,99%",,22ddías,37.597.344,36.491.671 | 35.750.885 | 34.525.733 | 30.935.661 | 25.132.052 | 20.000.000,Portero
2026-07-30,Güler,Real Madrid,-578.097 | -1.686.668 | -2.636.308 | -5.718.867 | -12.125.635 | -16.633.385,"-0,98% | -2,81% | -4,32% | -8,92% | -17,20% | -22,18%",,24ddías,58.366.615,58.944.712 | 60.053.283 | 61.002.923 | 64.085.482 | 70.492.250 | 75.000.000,Mediocampista
2026-07-30,Mendy,Real Madrid,-30.535 | -63.103 | -94.731 | -237.278 | -539.203 | -906.568,"-2,72% | -5,46% | -7,97% | -17,83% | -33,03% | -45,33%",,24ddías,1.093.432,1.123.967 | 1.156.535 | 1.188.163 | 1.330.710 | 1.632.635 | 2.000.000,Defensa
2026-07-30,Rüdiger,Real Madrid,-467.933 | -969.622 | -1.291.199 | -3.051.122 | -6.422.451 | -9.046.249,"-1,45% | -2,95% | -3,90% | -8,74% | -16,78% | -22,12%",,21ddías,31.853.751,32.321.684 | 32.823.373 | 33.144.950 | 34.904.873 | 38.276.202 | 40.900.000,Defensa
2026-07-30,Fran García,Betis,0 | 0 | 0 | 0 | 0 | -408.843,"0,00% | 0,00% | 0,00% | 0,00% | 0,00% | -4,09%",,22ddías,9.591.157,9.591.157 | 9.591.157 | 9.591.157 | 9.591.157 | 9.591.157 | 10.000.000,Defensa
2026-07-30,Álvaro García,Rayo,+166.263 | +239.332 | +473.759 | +1.242.049 | +1.962.578 | +3.164.843,"+1,11% | +1,60% | +3,22% | +8,92% | +14,87% | +26,37%",,8ddías,15.164.843,14.998.580 | 14.925.511 | 14.691.084 | 13.922.794 | 13.202.265 | 12.000.000,Mediocampista
2026-07-30,Courtois,Real Madrid,-86.751 | -339.734 | -541.429 | -395.755 | +4.345.414 | +19.330.602,"-0,15% | -0,57% | -0,90% | -0,66% | +7,90% | +48,33%",,4ddías,59.330.602,59.417.353 | 59.670.336 | 59.872.031 | 59.726.357 | 54.985.188 | 40.000.000,Portero
2026-07-30,Buchanan,Villarreal,+105.090 | +198.893 | +461.368 | +1.548.743 | +3.375.434 | +4.432.873,"+0,54% | +1,03% | +2,43% | +8,66% | +21,02% | +29,55%",,20ddías,19.432.873,19.327.783 | 19.233.980 | 18.971.505 | 17.884.130 | 16.057.439 | 15.000.000,Mediocampista
2026-07-30,Balliu,Rayo,-19.465 | -40.981 | -59.916 | -140.496 | -316.115 | -602.731,"-2,12% | -4,37% | -6,26% | -13,54% | -26,05% | -40,18%",,24ddías,897.269,916.734 | 938.250 | 957.185 | 1.037.765 | 1.213.384 | 1.500.000,Defensa
2026-07-30,Pathé Ciss,Rayo,-47.186 | -124.597 | -205.012 | -424.315 | -870.399 | +654.882,"-0,44% | -1,16% | -1,89% | -3,83% | -7,55% | +6,55%",,13ddías,10.654.882,10.702.068 | 10.779.479 | 10.859.894 | 11.079.197 | 11.525.281 | 10.000.000,Mediocampista
2026-07-30,Valentín,Rayo,-78.018 | -161.098 | -240.312 | -575.358 | -1.265.959 | -2.277.706,"-2,05% | -4,15% | -6,06% | -13,39% | -25,38% | -37,96%",,24ddías,3.722.294,3.800.312 | 3.883.392 | 3.962.606 | 4.297.652 | 4.988.253 | 6.000.000,Mediocampista
2026-07-30,Lejeune,Rayo,-859.352 | -1.747.859 | -2.570.446 | -6.673.536 | -31.654.108 | -31.654.108,"-1,90% | -3,79% | -5,48% | -13,08% | 0% | -41,66%",,10ddías,44.327.976,45.187.328 | 46.075.835 | 46.898.422 | 51.001.512 | 0 | 75.982.084,Defensa
2026-07-30,Camello,Rayo,-47.002 | -103.622 | -160.486 | -404.667 | -933.004 | -1.703.153,"-1,36% | -2,96% | -4,51% | -10,64% | -21,55% | -33,40%",,24ddías,3.396.847,3.443.849 | 3.500.469 | 3.557.333 | 3.801.514 | 4.329.851 | 5.100.000,Delantero
2026-07-30,Militão,Real Madrid,-554.696 | -1.147.101 | -1.699.299 | -4.204.601 | -9.254.232 | -10.876.630,"-2,82% | -5,66% | -8,16% | -18,02% | -32,61% | -36,26%",,24ddías,19.123.370,19.678.066 | 20.270.471 | 20.822.669 | 23.327.971 | 28.377.602 | 30.000.000,Defensa
2026-07-30,Tchouaméni,Real Madrid,-883.717 | -1.969.645 | -2.780.157 | -6.261.482 | -4.149.364 | -2.544.686,"-1,62% | -3,54% | -4,93% | -10,45% | -7,18% | -4,53%",,9ddías,53.655.314,54.539.031 | 55.624.959 | 56.435.471 | 59.916.796 | 57.804.678 | 56.200.000,Mediocampista
2026-07-30,Bellingham,Real Madrid,-1.103.067 | -2.391.999 | -3.340.469 | -9.726.826 | -32.162.815 | -32.162.815,"-1,09% | -2,33% | -3,22% | -8,84% | 0% | -24,29%",,7ddías,100.273.174,101.376.241 | 102.665.173 | 103.613.643 | 110.000.000 | 0 | 132.435.989,Mediocampista
2026-07-30,Vinicius,Real Madrid,-915.495 | -2.931.757 | -4.615.301 | -13.025.309 | -47.521.828 | -47.521.828,"-0,85% | -2,67% | -4,14% | -10,85% | 0% | -30,76%",,7ddías,106.974.691,107.890.186 | 109.906.448 | 111.589.992 | 120.000.000 | 0 | 154.496.519,Delantero
2026-07-30,Rodrygo,Real Madrid,-97.679 | -199.322 | -289.964 | -680.112 | -1.328.278 | -674.767,"-2,21% | -4,41% | -6,28% | -13,59% | -23,49% | -13,50%",,14ddías,4.325.233,4.422.912 | 4.524.555 | 4.615.197 | 5.005.345 | 5.653.511 | 5.000.000,Delantero
2026-07-30,Camavinga,Real Madrid,-363.179 | -745.816 | -1.034.906 | -2.473.338 | -5.120.291 | -9.154.856,"-2,39% | -4,78% | -6,52% | -14,28% | -25,65% | -38,15%",,24ddías,14.845.144,15.208.323 | 15.590.960 | 15.880.050 | 17.318.482 | 19.965.435 | 24.000.000,Mediocampista
2026-07-30,Lunin,Real Madrid,-34.565 | -74.853 | -114.488 | -331.963 | -755.136 | -1.305.545,"-1,27% | -2,70% | -4,08% | -10,97% | -21,89% | -32,64%",,24ddías,2.694.455,2.729.020 | 2.769.308 | 2.808.943 | 3.026.418 | 3.449.591 | 4.000.000,Portero
2026-07-30,Valverde,Real Madrid,-831.537 | -1.962.878 | -2.703.940 | -5.635.560 | -16.139.490 | -26.707.802,"-1,05% | -2,45% | -3,34% | -6,71% | -17,09% | -25,44%",,24ddías,78.292.198,79.123.735 | 80.255.076 | 80.996.138 | 83.927.758 | 94.431.688 | 105.000.000,Mediocampista
2026-07-30,Carmona,Sevilla,-57.944 | -135.756 | -173.099 | -446.154 | -1.059.491 | -1.002.729,"-1,15% | -2,64% | -3,35% | -8,20% | -17,49% | -16,71%",,19ddías,4.997.271,5.055.215 | 5.133.027 | 5.170.370 | 5.443.425 | 6.056.762 | 6.000.000,Defensa
2026-07-30,Djené,Getafe,0 | 0 | 0 | 0 | 0 | +32.492,"0,00% | 0,00% | 0,00% | 0,00% | 0,00% | +0,39%",,21ddías,8.432.492,8.432.492 | 8.432.492 | 8.432.492 | 8.432.492 | 8.432.492 | 8.400.000,Defensa
2026-07-30,Turrientes,Real Sociedad,-123.754 | -259.803 | -356.682 | -877.720 | -1.925.451 | -2.183.597,"-1,56% | -3,22% | -4,36% | -10,10% | -19,76% | -21,84%",,21ddías,7.816.403,7.940.157 | 8.076.206 | 8.173.085 | 8.694.123 | 9.741.854 | 10.000.000,Mediocampista
2026-07-30,Berenguer,Athletic,-114.131 | -289.213 | -388.341 | -790.575 | -1.392.386 | +1.411.393,"-1,05% | -2,63% | -3,50% | -6,87% | -11,50% | +15,18%",,15ddías,10.711.393,10.825.524 | 11.000.606 | 11.099.734 | 11.501.968 | 12.103.779 | 9.300.000,Delantero
2026-07-30,M. Llorente,Atlético,-1.035.759 | -2.051.743 | -2.401.048 | -1.943.720 | +5.477.338 | +14.840.845,"-1,57% | -3,07% | -3,57% | -2,91% | +9,23% | +29,68%",,4ddías,64.840.845,65.876.604 | 66.892.588 | 67.241.893 | 66.784.565 | 59.363.507 | 50.000.000,Defensa
2026-07-30,Oblak,Atlético,+576.744 | +867.570 | +1.758.784 | +3.909.510 | +8.467.244 | +16.247.725,"+1,14% | +1,72% | +3,55% | +8,26% | +19,79% | +46,42%",,23ddías,51.247.725,50.670.981 | 50.380.155 | 49.488.941 | 47.338.215 | 42.780.481 | 35.000.000,Portero
2026-07-30,Koke,Atlético,0 | 0 | 0 | 0 | 0 | +67.671,"0,00% | 0,00% | 0,00% | 0,00% | 0,00% | +0,38%",,21ddías,17.767.671,17.767.671 | 17.767.671 | 17.767.671 | 17.767.671 | 17.767.671 | 17.700.000,Mediocampista
2026-07-30,Giménez,Atlético,-142.138 | -313.809 | -457.595 | -1.124.722 | -2.425.932 | -2.013.666,"-2,08% | -4,48% | -6,41% | -14,40% | -26,62% | -23,15%",,19ddías,6.686.334,6.828.472 | 7.000.143 | 7.143.929 | 7.811.056 | 9.112.266 | 8.700.000,Defensa
2026-07-30,Egiluz,Athletic,-5.097 | -11.166 | -15.192 | -35.340 | -79.415 | -217.084,"-1,04% | -2,26% | -3,05% | -6,82% | -14,12% | -31,01%",,24ddías,482.916,488.013 | 494.082 | 498.108 | 518.256 | 562.331 | 700.000,Defensa
2026-07-30,Prados,Athletic,-45.112 | -96.141 | -144.923 | -358.813 | -801.059 | -1.687.208,"-2,19% | -4,56% | -6,72% | -15,13% | -28,47% | -45,60%",,24ddías,2.012.792,2.057.904 | 2.108.933 | 2.157.715 | 2.371.605 | 2.813.851 | 3.700.000,Mediocampista
2026-07-30,Villalibre,Racing,0 | 0 | 0 | 0 | 0 | +27.946,"0,00% | 0,00% | 0,00% | 0,00% | 0,00% | +0,37%",,20ddías,7.527.946,7.527.946 | 7.527.946 | 7.527.946 | 7.527.946 | 7.527.946 | 7.500.000,Delantero
2026-07-30,Yuri,Athletic,-219.994 | -494.049 | -665.120 | -1.636.940 | -2.930.879 | -2.863.104,"-1,43% | -3,16% | -4,21% | -9,76% | -16,22% | -15,91%",,9ddías,15.136.896,15.356.890 | 15.630.945 | 15.802.016 | 16.773.836 | 18.067.775 | 18.000.000,Defensa
2026-07-30,R. de Galarreta,Athletic,-26.532 | -121.309 | -200.474 | -594.786 | -1.200.171 | +2.223.651,"-0,25% | -1,15% | -1,89% | -5,40% | -10,33% | +27,12%",,17ddías,10.423.651,10.450.183 | 10.544.960 | 10.624.125 | 11.018.437 | 11.623.822 | 8.200.000,Mediocampista
2026-07-30,Agirrezabala,Athletic,0 | 0 | 0 | 0 | 0 | +11.085,"0,00% | 0,00% | 0,00% | 0,00% | 0,00% | +0,38%",,21ddías,2.911.085,2.911.085 | 2.911.085 | 2.911.085 | 2.911.085 | 2.911.085 | 2.900.000,Portero
2026-07-30,Guruzeta,Athletic,+5.782 | -51.892 | -107.062 | -311.478 | -1.164.904 | -1.326.762,"+0,05% | -0,44% | -0,90% | -2,58% | -9,00% | -10,13%",,1ddías,11.773.238,11.767.456 | 11.825.130 | 11.880.300 | 12.084.716 | 12.938.142 | 13.100.000,Delantero
2026-07-30,N. Williams,Athletic,+1.517.186 | +2.536.710 | +4.134.831 | +9.263.408 | +30.358.615 | +30.358.615,"+2,15% | +3,65% | +6,08% | +14,74% | 0% | +72,71%",,8ddías,72.112.330,70.595.144 | 69.575.620 | 67.977.499 | 62.848.922 | 0 | 41.753.715,Delantero
2026-07-30,I. Williams,Athletic,+670.642 | +1.112.352 | +1.655.893 | +3.613.356 | +5.665.090 | +6.507.279,"+2,43% | +4,09% | +6,21% | +14,63% | +25,02% | +29,85%",,22ddías,28.307.279,27.636.637 | 27.194.927 | 26.651.386 | 24.693.923 | 22.642.189 | 21.800.000,Delantero
2026-07-30,Sancet,Athletic,+1.254.226 | +2.174.477 | +3.498.182 | +7.667.354 | +13.940.474 | +16.913.528,"+2,91% | +5,15% | +8,55% | +20,87% | +45,75% | +61,50%",,22ddías,44.413.528,43.159.302 | 42.239.051 | 40.915.346 | 36.746.174 | 30.473.054 | 27.500.000,Mediocampista
2026-07-30,Vesga,Athletic,-44.083 | -93.385 | -138.928 | -356.496 | -807.372 | -1.545.463,"-2,60% | -5,34% | -7,75% | -17,73% | -32,79% | -48,30%",,24ddías,1.654.537,1.698.620 | 1.747.922 | 1.793.465 | 2.011.033 | 2.461.909 | 3.200.000,Mediocampista
2026-07-30,Galán,Celta,0 | 0 | 0 | 0 | 0 | -524.171,"0,00% | 0,00% | 0,00% | 0,00% | 0,00% | -3,49%",,14ddías,14.475.829,14.475.829 | 14.475.829 | 14.475.829 | 14.475.829 | 14.475.829 | 15.000.000,Defensa
2026-07-30,Kike García,Espanyol,-139.754 | -291.663 | -421.363 | -980.966 | -2.122.951 | -3.258.207,"-2,38% | -4,83% | -6,84% | -14,59% | -26,99% | -36,20%",,22ddías,5.741.793,5.881.547 | 6.033.456 | 6.163.156 | 6.722.759 | 7.864.744 | 9.000.000,Delantero
2026-07-30,Gorosabel,Athletic,-102.304 | -210.823 | -310.754 | -723.668 | -1.500.740 | -2.810.780,"-2,77% | -5,55% | -7,97% | -16,78% | -29,48% | -43,92%",,24ddías,3.589.220,3.691.524 | 3.800.043 | 3.899.974 | 4.312.888 | 5.089.960 | 6.400.000,Defensa
2026-07-30,Abqar,Getafe,+43.654 | +46.968 | +63.758 | -80.222 | -717.253 | -1.127.672,"+0,90% | +0,97% | +1,33% | -1,62% | -12,83% | -18,79%",,3ddías,4.872.328,4.828.674 | 4.825.360 | 4.808.570 | 4.952.550 | 5.589.581 | 6.000.000,Defensa
2026-07-30,Guevara,Alavés,-43.525 | -86.970 | -127.588 | -317.455 | -729.028 | -1.392.718,"-2,64% | -5,13% | -7,35% | -16,49% | -31,20% | -46,42%",,24ddías,1.607.282,1.650.807 | 1.694.252 | 1.734.870 | 1.924.737 | 2.336.310 | 3.000.000,Mediocampista
2026-07-30,Blanco,Alavés,-219.893 | -502.015 | -731.081 | -1.716.139 | -3.818.627 | +15.137.973,"-1,28% | -2,87% | -4,13% | -9,18% | -18,37% | +825,80%",,16ddías,16.971.092,17.190.985 | 17.473.107 | 17.702.173 | 18.687.231 | 20.789.719 | 1.833.119,Mediocampista
2026-07-30,Rioja,Valencia,-217.892 | -503.762 | -781.927 | -1.920.636 | -3.786.702 | -6.100.546,"-1,14% | -2,60% | -3,97% | -9,22% | -16,69% | -24,40%",,24ddías,18.899.454,19.117.346 | 19.403.216 | 19.681.381 | 20.820.090 | 22.686.156 | 25.000.000,Mediocampista
2026-07-30,Tenaglia,Alavés,-99.812 | -276.628 | -400.217 | -946.511 | -1.811.489 | -2.838.255,"-0,65% | -1,79% | -2,57% | -5,88% | -10,67% | -15,77%",,24ddías,15.161.745,15.261.557 | 15.438.373 | 15.561.962 | 16.108.256 | 16.973.234 | 18.000.000,Defensa
2026-07-30,Guridi,Sevilla,0 | 0 | 0 | 0 | 0 | +19.315,"0,00% | 0,00% | 0,00% | 0,00% | 0,00% | +0,39%",,21ddías,5.019.315,5.019.315 | 5.019.315 | 5.019.315 | 5.019.315 | 5.019.315 | 5.000.000,Mediocampista
2026-07-30,Yeray,Athletic,-68.725 | -150.529 | -216.191 | -514.304 | -847.983 | -1.028.722,"-1,66% | -3,57% | -5,04% | -11,22% | -17,24% | -20,17%",,9ddías,4.071.278,4.140.003 | 4.221.807 | 4.287.469 | 4.585.582 | 4.919.261 | 5.100.000,Defensa
2026-07-30,Rebbach,Alavés,-92.380 | -195.780 | -290.386 | -844.100 | -1.915.558 | -2.872.176,"-1,77% | -3,68% | -5,36% | -14,13% | -27,20% | -35,90%",,22ddías,5.127.824,5.220.204 | 5.323.604 | 5.418.210 | 5.971.924 | 7.043.382 | 8.000.000,Delantero
2026-07-30,Carlos BenavidezProtesoni,Alavés,0 | 0 | 0 | 0 | 0 | +11.588,"0,00% | 0,00% | 0,00% | 0,00% | 0,00% | +0,39%",,21ddías,3.011.588,3.011.588 | 3.011.588 | 3.011.588 | 3.011.588 | 3.011.588 | 3.000.000,Mediocampista
2026-07-30,Pubill,Atlético,+1.818.138 | +2.651.675 | +4.348.569 | +10.613.201 | +20.176.934 | +30.340.662,"+2,65% | +3,92% | +6,59% | +17,77% | +40,22% | +75,85%",,23ddías,70.340.662,68.522.524 | 67.688.987 | 65.992.093 | 59.727.461 | 50.163.728 | 40.000.000,Defensa
2026-07-30,Unai Simón,Athletic,+1.746.603 | +3.163.920 | +4.989.823 | +12.009.528 | +22.254.412 | +29.739.780,"+3,64% | +6,79% | +11,15% | +31,83% | +80,97% | +148,70%",,22ddías,49.739.780,47.993.177 | 46.575.860 | 44.749.957 | 37.730.252 | 27.485.368 | 20.000.000,Portero
2026-07-30,Vivian,Athletic,-432.361 | -907.652 | -1.367.322 | -3.410.861 | -5.582.816 | -2.902.767,"-2,47% | -5,04% | -7,41% | -16,63% | -24,62% | -14,51%",,13ddías,17.097.233,17.529.594 | 18.004.885 | 18.464.555 | 20.508.094 | 22.680.049 | 20.000.000,Defensa
2026-07-30,Paredes,Athletic,-63.613 | -137.516 | -203.703 | -535.785 | -1.225.878 | -1.919.756,"-1,46% | -3,11% | -4,54% | -11,13% | -22,26% | -30,96%",,24ddías,4.280.244,4.343.857 | 4.417.760 | 4.483.947 | 4.816.029 | 5.506.122 | 6.200.000,Defensa
2026-07-30,Molina,Atlético,-58.197 | -141.230 | -191.165 | -440.922 | -815.201 | -784.155,"-1,17% | -2,79% | -3,74% | -8,23% | -14,22% | -13,76%",,19ddías,4.915.845,4.974.042 | 5.057.075 | 5.107.010 | 5.356.767 | 5.731.046 | 5.700.000,Defensa
2026-07-30,Barrios,Atlético,+761.465 | +1.147.861 | +2.004.207 | +5.799.174 | +11.741.557 | +14.084.942,"+1,43% | +2,17% | +3,85% | +12,01% | +27,73% | +35,21%",,20ddías,54.084.942,53.323.477 | 52.937.081 | 52.080.735 | 48.285.768 | 42.343.385 | 40.000.000,Mediocampista
2026-07-30,Sotelo,Levante,-14.035 | -32.734 | -50.468 | -131.127 | -331.020 | -731.232,"-1,01% | -2,34% | -3,56% | -8,74% | -19,47% | -34,82%",,24ddías,1.368.768,1.382.803 | 1.401.502 | 1.419.236 | 1.499.895 | 1.699.788 | 2.100.000,Mediocampista
2026-07-30,Starfelt,Celta,+49.279 | -1.272 | -58.496 | -183.023 | -614.343 | +228.446,"+0,48% | -0,01% | -0,57% | -1,76% | -5,67% | +2,28%",,1ddías,10.228.446,10.179.167 | 10.229.718 | 10.286.942 | 10.411.469 | 10.842.789 | 10.000.000,Defensa
2026-07-30,Bartra,Betis,+275.786 | +481.483 | +859.298 | +2.094.123 | +4.350.925 | +4.087.880,"+1,16% | +2,04% | +3,70% | +9,52% | +22,04% | +20,44%",,18ddías,24.087.880,23.812.094 | 23.606.397 | 23.228.582 | 21.993.757 | 19.736.955 | 20.000.000,Defensa
2026-07-30,Marc Roca,Betis,+16.023 | -29.257 | -42.556 | -204.288 | -685.748 | -1.786.384,"+0,35% | -0,63% | -0,91% | -4,24% | -12,94% | -27,91%",,1ddías,4.613.616,4.597.593 | 4.642.873 | 4.656.172 | 4.817.904 | 5.299.364 | 6.400.000,Mediocampista
2026-07-30,Isco,Betis,-2.078.410 | -4.233.117 | -6.365.733 | -14.554.990 | +59.140.526 | +59.140.526,"-2,88% | -5,70% | -8,33% | -17,21% | 0% | +542,95%",,8ddías,70.033.037,72.111.447 | 74.266.154 | 76.398.770 | 84.588.027 | 0 | 10.892.511,Mediocampista
2026-07-30,Ruibal,Betis,-120.883 | -246.067 | -370.359 | -923.967 | -2.058.429 | -3.163.971,"-3,05% | -6,03% | -8,80% | -19,41% | -34,92% | -45,20%",,24ddías,3.836.029,3.956.912 | 4.082.096 | 4.206.388 | 4.759.996 | 5.894.458 | 7.000.000,Delantero
2026-07-30,Navarro,Athletic,-34.991 | -64.994 | -91.450 | -223.995 | -532.094 | -1.046.408,"-1,53% | -2,80% | -3,90% | -9,04% | -19,10% | -31,71%",,24ddías,2.253.592,2.288.583 | 2.318.586 | 2.345.042 | 2.477.587 | 2.785.686 | 3.300.000,Mediocampista
2026-07-30,Chust,Elche,0 | 0 | 0 | 0 | 0 | +19.376,"0,00% | 0,00% | 0,00% | 0,00% | 0,00% | +0,39%",,21ddías,5.019.376,5.019.376 | 5.019.376 | 5.019.376 | 5.019.376 | 5.019.376 | 5.000.000,Defensa
2026-07-30,U. Núñez,Celta,-97.672 | -205.301 | -360.781 | -528.841 | -528.841 | -509.727,"-2,13% | -4,37% | -7,44% | -10,54% | -10,54% | -10,19%",,4ddías,4.490.273,4.587.945 | 4.695.574 | 4.851.054 | 5.019.114 | 5.019.114 | 5.000.000,Defensa
2026-07-30,Iglesias,Celta,+348.054 | +644.547 | +1.337.142 | +4.203.322 | +7.737.439 | +13.882.383,"+1,09% | +2,04% | +4,32% | +14,97% | +31,53% | +75,46%",,14ddías,32.278.932,31.930.878 | 31.634.385 | 30.941.790 | 28.075.610 | 24.541.493 | 18.396.549,Delantero
2026-07-30,Dotor,Málaga,0 | 0 | 0 | 0 | +4.403 | +14.904,"0,00% | 0,00% | 0,00% | 0,00% | 0% | +0,37%",,8ddías,4.014.904,4.014.904 | 4.014.904 | 4.014.904 | 4.014.904 | 0 | 4.000.000,Mediocampista
2026-07-30,Carles Pérez,Celta,-64.557 | +285.875 | +285.875 | +285.875 | +285.875 | +285.875,"-3,27% | 0% | 0% | 0% | 0% | 0%",,1ddías,1.909.941,1.974.498 | 0 | 0 | 0 | 0 | 0,Delantero
2026-07-30,Aspas,Celta,-129.630 | -272.136 | -369.384 | -977.298 | -2.212.131 | -1.598.171,"-1,40% | -2,90% | -3,90% | -9,70% | -19,55% | -14,94%",,18ddías,9.101.829,9.231.459 | 9.373.965 | 9.471.213 | 10.079.127 | 11.313.960 | 10.700.000,Delantero
2026-07-30,Iván Villar,Celta,-26.383 | -60.482 | -90.494 | -247.546 | -602.516 | -1.144.347,"-1,91% | -4,27% | -6,26% | -15,44% | -30,77% | -45,77%",,24ddías,1.355.653,1.382.036 | 1.416.135 | 1.446.147 | 1.603.199 | 1.958.169 | 2.500.000,Portero
2026-07-30,Swedberg,Celta,-103.944 | -284.636 | -412.171 | -1.093.874 | -2.357.649 | -3.126.925,"-1,10% | -2,95% | -4,21% | -10,45% | -20,10% | -25,02%",,21ddías,9.373.075,9.477.019 | 9.657.711 | 9.785.246 | 10.466.949 | 11.730.724 | 12.500.000,Mediocampista
2026-07-30,Domínguez,Celta,-21.095 | -43.829 | -65.214 | -162.340 | -374.329 | -733.126,"-2,38% | -4,81% | -7,00% | -15,77% | -30,16% | -45,82%",,24ddías,866.874,887.969 | 910.703 | 932.088 | 1.029.214 | 1.241.203 | 1.600.000,Defensa
2026-07-30,Ayoze,Villarreal,-79.867 | -275.756 | -470.431 | -1.055.591 | -1.841.207 | -2.918.935,"-0,47% | -1,59% | -2,68% | -5,82% | -9,73% | -14,59%",,24ddías,17.081.065,17.160.932 | 17.356.821 | 17.551.496 | 18.136.656 | 18.922.272 | 20.000.000,Delantero
2026-07-30,Abde,Betis,-1.962.342 | -4.118.297 | -6.335.615 | -16.034.620 | -63.328.710 | -63.328.710,"-2,78% | -5,67% | -8,46% | -18,96% | 0% | -48,02%",,8ddías,68.553.407,70.515.749 | 72.671.704 | 74.889.022 | 84.588.027 | 0 | 131.882.117,Delantero
2026-07-30,Riquelme,Betis,-54.819 | -113.292 | -169.136 | -403.183 | -1.002.758 | -1.879.037,"-1,49% | -3,03% | -4,46% | -10,02% | -21,69% | -34,16%",,24ddías,3.620.963,3.675.782 | 3.734.255 | 3.790.099 | 4.024.146 | 4.623.721 | 5.500.000,Mediocampista
2026-07-30,Raphinha,Barcelona,-1.533.376 | -3.004.881 | -4.417.767 | -11.057.512 | -24.883.607 | -26.294.727,"-2,02% | -3,88% | -5,60% | -12,92% | -25,04% | -26,09%",,16ddías,74.505.273,76.038.649 | 77.510.154 | 78.923.040 | 85.562.785 | 99.388.880 | 100.800.000,Delantero
2026-07-30,Kostis,Atlético,0 | 0 | 0 | 0 | 0 | +2.674,"0,00% | 0,00% | 0,00% | 0,00% | 0,00% | +0,38%",,21ddías,702.674,702.674 | 702.674 | 702.674 | 702.674 | 702.674 | 700.000,Defensa
2026-07-30,Balde,Barcelona,-379.324 | -528.840 | -235.245 | +2.351.606 | +6.548.210 | +9.132.667,"-1,32% | -1,83% | -0,82% | +9,05% | +30,06% | +47,57%",,2ddías,28.332.667,28.711.991 | 28.861.507 | 28.567.912 | 25.981.061 | 21.784.457 | 19.200.000,Defensa
2026-07-30,Araújo,Barcelona,-163.920 | -336.968 | -505.060 | -1.242.045 | -2.732.681 | -3.832.193,"-2,59% | -5,18% | -7,57% | -16,76% | -30,70% | -38,32%",,22ddías,6.167.807,6.331.727 | 6.504.775 | 6.672.867 | 7.409.852 | 8.900.488 | 10.000.000,Defensa
2026-07-30,Gavi,Barcelona,+767.699 | +1.253.743 | +2.203.316 | +4.934.867 | +9.199.626 | +11.139.141,"+2,17% | +3,59% | +6,49% | +15,81% | +34,15% | +44,56%",,20ddías,36.139.141,35.371.442 | 34.885.398 | 33.935.825 | 31.204.274 | 26.939.515 | 25.000.000,Mediocampista
2026-07-30,Ferran,Barcelona,+2.015.148 | +3.299.068 | +5.212.403 | +10.529.171 | +8.097.490 | +3.803.011,"+3,26% | +5,45% | +8,90% | +19,76% | +14,54% | +6,34%",,8ddías,63.803.011,61.787.863 | 60.503.943 | 58.590.608 | 53.273.840 | 55.705.521 | 60.000.000,Delantero
2026-07-30,Pedri,Barcelona,-1.339.895 | -2.607.881 | -3.529.871 | -9.821.915 | -78.359.507 | -78.359.507,"-1,32% | -2,54% | -3,40% | -8,93% | 0% | -43,89%",,7ddías,100.178.085,101.517.980 | 102.785.966 | 103.707.956 | 110.000.000 | 0 | 178.537.592,Mediocampista
2026-07-30,A. Christensen,Barcelona,0 | 0 | 0 | 0 | 0 | +19.340,"0,00% | 0,00% | 0,00% | 0,00% | 0,00% | +0,39%",,21ddías,5.019.340,5.019.340 | 5.019.340 | 5.019.340 | 5.019.340 | 5.019.340 | 5.000.000,Defensa
2026-07-30,Bellerín,Betis,+23.626 | +9.020 | -10.677 | -184.349 | -730.777 | +127.087,"+0,23% | +0,09% | -0,11% | -1,79% | -6,73% | +1,27%",,1ddías,10.127.087,10.103.461 | 10.118.067 | 10.137.764 | 10.311.436 | 10.857.864 | 10.000.000,Defensa
2026-07-30,F. de Jong,Barcelona,0 | 0 | 0 | 0 | 0 | +172.140,"0,00% | 0,00% | 0,00% | 0,00% | 0,00% | +0,39%",,21ddías,44.672.140,44.672.140 | 44.672.140 | 44.672.140 | 44.672.140 | 44.672.140 | 44.500.000,Mediocampista
2026-07-30,Koundé,Barcelona,+249.742 | +311.832 | +851.542 | +3.388.187 | +9.766.617 | +18.030.368,"+0,47% | +0,59% | +1,63% | +6,83% | +22,57% | +51,52%",,23ddías,53.030.368,52.780.626 | 52.718.536 | 52.178.826 | 49.642.181 | 43.263.751 | 35.000.000,Defensa
2026-07-30,Yamal,Barcelona,-1.777.561 | -3.761.239 | -5.394.438 | +62.402.812 | +62.402.812 | +62.402.812,"-1,32% | -2,76% | -3,91% | 0% | 0% | +88,77%",,6ddías,132.698.995,134.476.556 | 136.460.234 | 138.093.433 | 0 | 0 | 70.296.183,Delantero
2026-07-30,Casadó,Barcelona,-17.223 | -53.059 | -75.137 | -171.402 | -416.503 | -975.960,"-0,80% | -2,44% | -3,42% | -7,47% | -16,39% | -31,48%",,24ddías,2.124.040,2.141.263 | 2.177.099 | 2.199.177 | 2.295.442 | 2.540.543 | 3.100.000,Mediocampista
2026-07-30,Cubarsí,Barcelona,+188.588 | +357.409 | +1.509.025 | +8.705.008 | +24.021.125 | +39.310.775,"+0,19% | +0,36% | +1,54% | +9,61% | +31,90% | +65,52%",,22ddías,99.310.775,99.122.187 | 98.953.366 | 97.801.750 | 90.605.767 | 75.289.650 | 60.000.000,Defensa
2026-07-30,Fermín,Barcelona,-672.380 | -1.957.161 | -3.448.840 | -9.782.938 | -22.356.044 | -29.205.657,"-1,01% | -2,89% | -4,98% | -12,94% | -25,36% | -30,74%",,24ddías,65.794.343,66.466.723 | 67.751.504 | 69.243.183 | 75.577.281 | 88.150.387 | 95.000.000,Mediocampista
2026-07-30,Pacheco,Real Sociedad,0 | 0 | 0 | 0 | 0 | +15.452,"0,00% | 0,00% | 0,00% | 0,00% | 0,00% | +0,39%",,21ddías,4.015.452,4.015.452 | 4.015.452 | 4.015.452 | 4.015.452 | 4.015.452 | 4.000.000,Defensa
2026-07-30,De Frutos,Rayo,+1.055.000 | +1.800.188 | +2.824.461 | +6.639.149 | +12.679.521 | +17.556.439,"+2,54% | +4,42% | +7,11% | +18,48% | +42,44% | +70,23%",,23ddías,42.556.439,41.501.439 | 40.756.251 | 39.731.978 | 35.917.290 | 29.876.918 | 25.000.000,Delantero
2026-07-30,Le Normand,Atlético,-123.759 | -330.240 | -468.469 | -1.065.187 | -1.825.874 | -3.101.772,"-1,08% | -2,84% | -3,98% | -8,62% | -13,91% | -21,54%",,19ddías,11.298.228,11.421.987 | 11.628.468 | 11.766.697 | 12.363.415 | 13.124.102 | 14.400.000,Defensa
2026-07-30,Álvaro,Deportivo,-61.933 | -161.650 | -240.961 | -808.695 | -1.857.631 | -3.427.868,"-1,01% | -2,59% | -3,82% | -11,75% | -23,43% | -36,08%",,24ddías,6.072.132,6.134.065 | 6.233.782 | 6.313.093 | 6.880.827 | 7.929.763 | 9.500.000,Portero
2026-07-30,Marrero,Real Sociedad,-35.127 | -76.476 | -117.033 | -311.747 | -726.529 | -1.383.151,"-2,13% | -4,52% | -6,75% | -16,16% | -31,00% | -46,11%",,24ddías,1.616.849,1.651.976 | 1.693.325 | 1.733.882 | 1.928.596 | 2.343.378 | 3.000.000,Portero
2026-07-30,Martín,Barcelona,0 | 0 | 0 | 0 | 0 | +117.596,"0,00% | 0,00% | 0,00% | 0,00% | 0,00% | +0,39%",,21ddías,30.517.596,30.517.596 | 30.517.596 | 30.517.596 | 30.517.596 | 30.517.596 | 30.400.000,Defensa
2026-07-30,Toni Martinez,Alavés,-312.214 | -717.052 | -1.115.478 | -2.938.835 | +24.387.939 | +24.387.939,"-1,08% | -2,46% | -3,77% | -9,36% | 0% | +597,16%",,13ddías,28.471.932,28.784.146 | 29.188.984 | 29.587.410 | 31.410.767 | 0 | 4.083.993,Delantero
2026-07-30,Musso,Atlético,-112.185 | -260.983 | -383.532 | -1.016.473 | -2.207.550 | -3.705.096,"-1,75% | -3,98% | -5,74% | -13,90% | -25,96% | -37,05%",,24ddías,6.294.904,6.407.089 | 6.555.887 | 6.678.436 | 7.311.377 | 8.502.454 | 10.000.000,Portero
2026-07-30,Olmo,Barcelona,-1.385.995 | -2.980.756 | -4.429.822 | -10.073.888 | -24.573.105 | -24.573.105,"-1,70% | -3,60% | -5,25% | -11,20% | 0% | -23,52%",,8ddías,79.906.625,81.292.620 | 82.887.381 | 84.336.447 | 89.980.513 | 0 | 104.479.730,Mediocampista
2026-07-30,Mario Martín,Getafe,0 | 0 | 0 | 0 | 0 | +15.472,"0,00% | 0,00% | 0,00% | 0,00% | 0,00% | +0,39%",,21ddías,4.015.472,4.015.472 | 4.015.472 | 4.015.472 | 4.015.472 | 4.015.472 | 4.000.000,Mediocampista
2026-07-30,Benito,Osasuna,-15.385 | -32.171 | -47.360 | -117.008 | -269.762 | -570.180,"-2,06% | -4,22% | -6,09% | -13,82% | -26,99% | -43,86%",,24ddías,729.820,745.205 | 761.991 | 777.180 | 846.828 | 999.582 | 1.300.000,Delantero
2026-07-30,Leo Román,Deportivo,-809.252 | +22.003.559 | +22.003.559 | +22.003.559 | +22.003.559 | +22.003.559,"-3,28% | 0% | 0% | 0% | 0% | +1.177,65%",,1ddías,23.871.981,24.681.233 | 0 | 0 | 0 | 0 | 1.868.422,Portero
2026-07-30,Ferrer,Getafe,0 | 0 | 0 | 0 | 0 | +2.705,"0,00% | 0,00% | 0,00% | 0,00% | 0,00% | +0,39%",,21ddías,702.705,702.705 | 702.705 | 702.705 | 702.705 | 702.705 | 700.000,Portero
2026-07-30,Boiro,Athletic,-11.157 | -23.539 | -34.140 | -83.444 | -170.540 | -371.648,"-1,74% | -3,61% | -5,15% | -11,72% | -21,35% | -37,16%",,8ddías,628.352,639.509 | 651.891 | 662.492 | 711.796 | 798.892 | 1.000.000,Defensa
2026-07-30,Jauregizar,Athletic,+413.091 | +710.367 | +1.156.716 | +3.029.358 | +5.941.695 | +8.256.482,"+1,81% | +3,15% | +5,23% | +14,98% | +34,32% | +55,04%",,23ddías,23.256.482,22.843.391 | 22.546.115 | 22.099.766 | 20.227.124 | 17.314.787 | 15.000.000,Mediocampista
2026-07-30,Padilla,Athletic,0 | 0 | 0 | 0 | 0 | +5.588,"0,00% | 0,00% | 0,00% | 0,00% | 0,00% | +0,37%",,21ddías,1.505.588,1.505.588 | 1.505.588 | 1.505.588 | 1.505.588 | 1.505.588 | 1.500.000,Portero
2026-07-30,Alvarez,Atlético,-353.853 | -1.023.588 | -1.077.302 | -1.705.722 | +27.152.693 | +27.152.693,"-0,47% | -1,34% | -1,41% | -2,22% | 0% | +56,46%",,5ddías,75.241.087,75.594.940 | 76.264.675 | 76.318.389 | 76.946.809 | 0 | 48.088.394,Delantero
2026-07-30,Letácek,Getafe,-23.460 | -46.111 | -73.173 | -195.473 | -461.770 | -899.158,"-2,29% | -4,40% | -6,81% | -16,34% | -31,57% | -47,32%",,24ddías,1.000.842,1.024.302 | 1.046.953 | 1.074.015 | 1.196.315 | 1.462.612 | 1.900.000,Portero
2026-07-30,L. Sucic,Real Sociedad,-55.277 | -130.739 | -184.169 | -468.894 | -1.043.442 | -1.544.735,"-1,31% | -3,05% | -4,24% | -10,14% | -20,07% | -27,10%",,21ddías,4.155.265,4.210.542 | 4.286.004 | 4.339.434 | 4.624.159 | 5.198.707 | 5.700.000,Mediocampista
2026-07-30,Durán,Celta,-48.326 | -97.490 | -144.688 | -353.523 | -778.738 | -1.366.541,"-2,87% | -5,63% | -8,14% | -17,79% | -32,28% | -45,55%",,24ddías,1.633.459,1.681.785 | 1.730.949 | 1.778.147 | 1.986.982 | 2.412.197 | 3.000.000,Delantero
2026-07-30,Kambwala,Villarreal,-39.815 | -81.102 | -122.541 | -313.204 | -712.987 | -1.369.083,"-2,38% | -4,74% | -6,99% | -16,11% | -30,42% | -45,64%",,24ddías,1.630.917,1.670.732 | 1.712.019 | 1.753.458 | 1.944.121 | 2.343.904 | 3.000.000,Defensa
2026-07-30,Carlos Martín,Atlético,0 | 0 | 0 | 0 | 0 | -81.510,"0,00% | 0,00% | 0,00% | 0,00% | 0,00% | -3,54%",,21ddías,2.218.490,2.218.490 | 2.218.490 | 2.218.490 | 2.218.490 | 2.218.490 | 2.300.000,Mediocampista
2026-07-30,Endrick,Real Madrid,-273.348 | +7.497.435 | +7.497.435 | +7.497.435 | +7.497.435 | +7.497.435,"-3,28% | 0% | 0% | 0% | 0% | 0%",,1ddías,8.063.424,8.336.772 | 0 | 0 | 0 | 0 | 0,Delantero
2026-07-30,Carreira,Celta,-103.547 | -219.818 | -308.674 | -777.063 | -1.599.801 | -843.504,"-1,43% | -2,98% | -4,13% | -9,79% | -18,27% | -10,54%",,18ddías,7.156.496,7.260.043 | 7.376.314 | 7.465.170 | 7.933.559 | 8.756.297 | 8.000.000,Defensa
2026-07-30,Sergio Gómez,Real Sociedad,-160.643 | -475.437 | -732.835 | -1.713.445 | -3.605.736 | -5.393.370,"-0,81% | -2,37% | -3,60% | -8,04% | -15,53% | -21,57%",,24ddías,19.606.630,19.767.273 | 20.082.067 | 20.339.465 | 21.320.075 | 23.212.366 | 25.000.000,Defensa
2026-07-30,Peque,Sevilla,-63.934 | -129.010 | -187.760 | -471.824 | -1.063.489 | -2.036.162,"-2,53% | -4,98% | -7,08% | -16,07% | -30,15% | -45,25%",,24ddías,2.463.838,2.527.772 | 2.592.848 | 2.651.598 | 2.935.662 | 3.527.327 | 4.500.000,Delantero
2026-07-30,Ejuke,Sevilla,-55.029 | -114.497 | -162.040 | -391.712 | -913.846 | -1.634.296,"-1,61% | -3,29% | -4,59% | -10,43% | -21,35% | -32,69%",,24ddías,3.365.704,3.420.733 | 3.480.201 | 3.527.744 | 3.757.416 | 4.279.550 | 5.000.000,Delantero
2026-07-30,Andrés Martín,Racing,-248.262 | -623.806 | -863.869 | -1.969.123 | -4.783.443 | +21.517.444,"-1,06% | -2,61% | -3,58% | -7,80% | -17,05% | 0%",,15ddías,23.268.752,23.517.014 | 23.892.558 | 24.132.621 | 25.237.875 | 28.052.195 | 0,Delantero
2026-07-30,Pedro Díaz,Rayo,-33.138 | -74.862 | -108.899 | -312.003 | -789.279 | -1.738.612,"-1,44% | -3,20% | -4,59% | -12,12% | -25,87% | -43,47%",,25ddías,2.261.388,2.294.526 | 2.336.250 | 2.370.287 | 2.573.391 | 3.050.667 | 4.000.000,Mediocampista
2026-07-30,Danjuma,Valencia,-39.086 | -110.015 | -161.697 | -411.695 | -908.930 | -1.550.243,"-0,87% | -2,41% | -3,51% | -8,47% | -16,96% | -25,84%",,24ddías,4.449.757,4.488.843 | 4.559.772 | 4.611.454 | 4.861.452 | 5.358.687 | 6.000.000,Delantero
2026-07-30,Pépé,Villarreal,-1.009.727 | -2.246.868 | -3.418.573 | -8.625.790 | -34.350.011 | -34.350.011,"-1,72% | -3,75% | -5,60% | -13,02% | 0% | -37,35%",,9ddías,57.614.926,58.624.653 | 59.861.794 | 61.033.499 | 66.240.716 | 0 | 91.964.937,Delantero
2026-07-30,Pape Gueye,Villarreal,-72.976 | -558.414 | -882.231 | -2.581.935 | -6.835.519 | -10.605.606,"-0,18% | -1,40% | -2,19% | -6,15% | -14,79% | -21,21%",,24ddías,39.394.394,39.467.370 | 39.952.808 | 40.276.625 | 41.976.329 | 46.229.913 | 50.000.000,Mediocampista
2026-07-30,Losada,Betis,0 | 0 | 0 | 0 | 0 | +9.378,"0,00% | 0,00% | 0,00% | 0,00% | 0,00% | +0,38%",,21ddías,2.509.378,2.509.378 | 2.509.378 | 2.509.378 | 2.509.378 | 2.509.378 | 2.500.000,Delantero
2026-07-30,D. Llorente,Betis,+166.722 | +325.589 | +551.198 | +1.180.209 | +812.257 | +2.033.904,"+1,72% | +3,42% | +5,94% | +13,64% | +9,00% | +26,08%",,8ddías,9.833.904,9.667.182 | 9.508.315 | 9.282.706 | 8.653.695 | 9.021.647 | 7.800.000,Defensa
2026-07-30,Bretones,Osasuna,+75.941 | +105.865 | +143.507 | +170.820 | +4.632 | -263.978,"+3,87% | +5,48% | +7,58% | +9,16% | +0,23% | -11,48%",,6ddías,2.036.022,1.960.081 | 1.930.157 | 1.892.515 | 1.865.202 | 2.031.390 | 2.300.000,Defensa
2026-07-30,Natan,Betis,+913.124 | +1.329.469 | +2.122.273 | +4.722.913 | +9.295.376 | +12.719.133,"+2,48% | +3,65% | +5,96% | +14,31% | +32,70% | +50,88%",,22ddías,37.719.133,36.806.009 | 36.389.664 | 35.596.860 | 32.996.220 | 28.423.757 | 25.000.000,Defensa
2026-07-30,Javi Rodríguez,Celta,0 | 0 | 0 | 0 | 0 | +37.652,"0,00% | 0,00% | 0,00% | 0,00% | 0,00% | +0,38%",,21ddías,10.037.652,10.037.652 | 10.037.652 | 10.037.652 | 10.037.652 | 10.037.652 | 10.000.000,Defensa
2026-07-30,Romero,Villarreal,-1.112.072 | -2.326.394 | -2.326.394 | -2.326.394 | -2.326.394 | -2.195.174,"-3,28% | -6,62% | -6,62% | -6,62% | -6,62% | -6,27%",,2ddías,32.804.826,33.916.898 | 35.131.220 | 35.131.220 | 35.131.220 | 35.131.220 | 35.000.000,Defensa
2026-07-30,Pablo Ramón,Espanyol,-9.225 | -19.594 | -19.594 | -19.594 | -19.594 | -18.020,"-1,56% | 0% | 0% | 0% | 0% | -3,00%",,1ddías,581.980,591.205 | 0 | 0 | 0 | 0 | 600.000,Mediocampista
2026-07-30,Serrano,Atlético,-5.092 | -11.156 | -15.177 | -35.300 | -79.324 | -217.203,"-1,04% | -2,26% | -3,05% | -6,81% | -14,11% | -31,03%",,24ddías,482.797,487.889 | 493.953 | 497.974 | 518.097 | 562.121 | 700.000,Mediocampista
2026-07-30,Asencio,Real Madrid,-172.501 | -358.268 | -528.385 | -1.227.445 | -2.668.679 | -4.635.243,"-2,26% | -4,58% | -6,61% | -14,12% | -26,34% | -38,31%",,24ddías,7.464.757,7.637.258 | 7.823.025 | 7.993.142 | 8.692.202 | 10.133.436 | 12.100.000,Defensa
2026-07-30,Roberto,Espanyol,-53.506 | -116.313 | -180.771 | -442.008 | -906.782 | -1.292.334,"-0,93% | -2,00% | -3,07% | -7,19% | -13,71% | -18,46%",,19ddías,5.707.666,5.761.172 | 5.823.979 | 5.888.437 | 6.149.674 | 6.614.448 | 7.000.000,Delantero
2026-07-30,Garcés,Alavés,-21.221 | -44.086 | -65.608 | -163.339 | -377.749 | -630.107,"-2,38% | -4,82% | -7,01% | -15,81% | -30,28% | -42,01%",,24ddías,869.893,891.114 | 913.979 | 935.501 | 1.033.232 | 1.247.642 | 1.500.000,Defensa
2026-07-30,Toni Fernández,Barcelona,0 | 0 | 0 | 0 | 0 | +2.319,"0,00% | 0,00% | 0,00% | 0,00% | 0,00% | +0,39%",,21ddías,602.319,602.319 | 602.319 | 602.319 | 602.319 | 602.319 | 600.000,Delantero
2026-07-30,Guille,Barcelona,0 | 0 | 0 | 0 | 0 | +2.705,"0,00% | 0,00% | 0,00% | 0,00% | 0,00% | +0,39%",,21ddías,702.705,702.705 | 702.705 | 702.705 | 702.705 | 702.705 | 700.000,Mediocampista
2026-07-30,Sannadi,Athletic,-5.688 | -12.373 | -17.040 | -40.030 | -83.140 | -202.906,"-1,13% | -2,43% | -3,31% | -7,45% | -14,33% | -28,99%",,24ddías,497.094,502.782 | 509.467 | 514.134 | 537.124 | 580.234 | 700.000,Delantero
2026-07-30,Szczesny,Barcelona,0 | 0 | 0 | 0 | 0 | +8.400,"0,00% | 0,00% | 0,00% | 0,00% | 0,00% | +0,26%",,21ddías,3.208.400,3.208.400 | 3.208.400 | 3.208.400 | 3.208.400 | 3.208.400 | 3.200.000,Portero
2026-07-30,Antony,Betis,-1.304.459 | -2.694.952 | -3.899.759 | -8.944.748 | -10.845.131 | -3.855.565,"-1,80% | -3,65% | -5,20% | -11,17% | -13,23% | -5,14%",,11ddías,71.144.435,72.448.894 | 73.839.387 | 75.044.194 | 80.089.183 | 81.989.566 | 75.000.000,Delantero
2026-07-30,El-Abdellaoui,Celta,0 | 0 | 0 | 0 | 0 | +4.893,"0,00% | 0,00% | 0,00% | 0,00% | 0,00% | +0,38%",,21ddías,1.304.893,1.304.893 | 1.304.893 | 1.304.893 | 1.304.893 | 1.304.893 | 1.300.000,Delantero
2026-07-30,Lago,Celta,0 | 0 | 0 | 0 | 0 | +2.633,"0,00% | 0,00% | 0,00% | 0,00% | 0,00% | +0,38%",,21ddías,702.633,702.633 | 702.633 | 702.633 | 702.633 | 702.633 | 700.000,Defensa
2026-07-30,Mestre,Real Madrid,0 | 0 | 0 | 0 | 0 | -22.140,"0,00% | 0,00% | 0,00% | 0,00% | 0,00% | -3,16%",,21ddías,677.860,677.860 | 677.860 | 677.860 | 677.860 | 677.860 | 700.000,Portero
2026-07-30,Jiménez,Real Madrid,0 | 0 | 0 | 0 | 0 | +2.248,"0,00% | 0,00% | 0,00% | 0,00% | 0,00% | +0,37%",,21ddías,602.248,602.248 | 602.248 | 602.248 | 602.248 | 602.248 | 600.000,Defensa
2026-07-30,Valera,Elche,-282.745 | -604.610 | -845.809 | -1.816.345 | -3.334.981 | -37.444.846,"-1,09% | -2,30% | -3,19% | -6,60% | -11,49% | -59,31%",,15ddías,25.684.531,25.967.276 | 26.289.141 | 26.530.340 | 27.500.876 | 29.019.512 | 63.129.377,Mediocampista
2026-07-30,Spina,Atlético,0 | 0 | 0 | 0 | 0 | +2.702,"0,00% | 0,00% | 0,00% | 0,00% | 0,00% | +0,39%",,21ddías,702.702,702.702 | 702.702 | 702.702 | 702.702 | 702.702 | 700.000,Defensa
2026-07-30,Etta Eyong,Levante,+705.689 | +1.057.314 | +1.403.632 | +2.783.896 | +4.393.528 | +7.991.709,"+4,33% | +6,64% | +9,00% | +19,59% | +34,87% | +88,80%",,23ddías,16.991.709,16.286.020 | 15.934.395 | 15.588.077 | 14.207.813 | 12.598.181 | 9.000.000,Delantero
2026-07-30,Hugo Álvarez,Celta,-82.819 | -173.266 | -273.238 | -647.637 | -1.478.792 | -2.558.691,"-2,06% | -4,21% | -6,48% | -14,11% | -27,28% | -39,36%",,24ddías,3.941.309,4.024.128 | 4.114.575 | 4.214.547 | 4.588.946 | 5.420.101 | 6.500.000,Mediocampista
2026-07-30,Otorbi,Valencia,0 | 0 | 0 | 0 | 0 | +2.292,"0,00% | 0,00% | 0,00% | 0,00% | 0,00% | +0,38%",,21ddías,602.292,602.292 | 602.292 | 602.292 | 602.292 | 602.292 | 600.000,Delantero
2026-07-30,Jon Martín,Real Sociedad,0 | 0 | 0 | 0 | 0 | +111.790,"0,00% | 0,00% | 0,00% | 0,00% | 0,00% | +0,37%",,21ddías,30.111.790,30.111.790 | 30.111.790 | 30.111.790 | 30.111.790 | 30.111.790 | 30.000.000,Defensa
2026-07-30,Aramburu,Real Sociedad,+362.904 | +682.193 | +1.059.518 | +2.096.255 | +3.756.258 | +5.512.361,"+2,99% | +5,77% | +9,25% | +20,13% | +42,90% | +78,75%",,23ddías,12.512.361,12.149.457 | 11.830.168 | 11.452.843 | 10.416.106 | 8.756.103 | 7.000.000,Defensa
2026-07-30,Luiz Junior,Villarreal,+1.080.999 | +1.748.632 | +2.678.429 | +5.365.515 | +9.271.443 | +13.683.935,"+3,32% | +5,48% | +8,64% | +18,95% | +37,98% | +68,42%",,23ddías,33.683.935,32.602.936 | 31.935.303 | 31.005.506 | 28.318.420 | 24.412.492 | 20.000.000,Portero
2026-07-30,Logan Costa,Villarreal,-41.145 | -83.727 | -124.000 | -312.361 | -701.070 | -1.275.576,"-2,33% | -4,63% | -6,71% | -15,34% | -28,90% | -42,52%",,24ddías,1.724.424,1.765.569 | 1.808.151 | 1.848.424 | 2.036.785 | 2.425.494 | 3.000.000,Defensa
2026-07-30,Iturbe,Elche,0 | 0 | 0 | 0 | 0 | +2.099,"0,00% | 0,00% | 0,00% | 0,00% | 0,00% | +0,26%",,21ddías,802.099,802.099 | 802.099 | 802.099 | 802.099 | 802.099 | 800.000,Portero
2026-07-30,Lo Celso,Betis,+916.914 | +1.503.957 | +2.413.524 | +6.054.169 | +11.232.479 | +15.366.907,"+2,66% | +4,44% | +7,32% | +20,65% | +46,54% | +76,83%",,23ddías,35.366.907,34.449.993 | 33.862.950 | 32.953.383 | 29.312.738 | 24.134.428 | 20.000.000,Mediocampista
2026-07-30,Manu González,Betis,0 | 0 | 0 | 0 | 0 | -18.309,"0,00% | 0,00% | 0,00% | 0,00% | 0,00% | -3,05%",,21ddías,581.691,581.691 | 581.691 | 581.691 | 581.691 | 581.691 | 600.000,Portero
2026-07-30,Cabanes,Villarreal,0 | 0 | 0 | 0 | 0 | +2.292,"0,00% | 0,00% | 0,00% | 0,00% | 0,00% | +0,38%",,21ddías,602.292,602.292 | 602.292 | 602.292 | 602.292 | 602.292 | 600.000,Delantero
2026-07-30,Alfon,Sevilla,0 | 0 | 0 | 0 | 0 | +26.761,"0,00% | 0,00% | 0,00% | 0,00% | 0,00% | +0,38%",,21ddías,7.026.761,7.026.761 | 7.026.761 | 7.026.761 | 7.026.761 | 7.026.761 | 7.000.000,Delantero
2026-07-30,Risco,Getafe,0 | 0 | 0 | 0 | 0 | +2.705,"0,00% | 0,00% | 0,00% | 0,00% | 0,00% | +0,39%",,21ddías,702.705,702.705 | 702.705 | 702.705 | 702.705 | 702.705 | 700.000,Mediocampista
2026-07-30,De la Sías,Rayo,0 | 0 | 0 | 0 | 0 | +2.234,"0,00% | 0,00% | 0,00% | 0,00% | 0,00% | +0,37%",,21ddías,602.234,602.234 | 602.234 | 602.234 | 602.234 | 602.234 | 600.000,Defensa
2026-07-30,Óskarsson,Real Sociedad,-153.230 | -369.653 | -559.504 | -1.478.239 | -3.079.722 | -4.999.427,"-1,51% | -3,56% | -5,30% | -12,88% | -23,54% | -33,33%",,24ddías,10.000.573,10.153.803 | 10.370.226 | 10.560.077 | 11.478.812 | 13.080.295 | 15.000.000,Delantero
2026-07-30,Alberto,Sevilla,0 | 0 | 0 | 0 | 0 | +2.633,"0,00% | 0,00% | 0,00% | 0,00% | 0,00% | +0,38%",,21ddías,702.633,702.633 | 702.633 | 702.633 | 702.633 | 702.633 | 700.000,Portero
2026-07-30,Pau Navarro,Villarreal,-172.272 | -395.815 | -591.958 | -1.456.456 | -2.983.823 | -5.190.063,"-1,57% | -3,53% | -5,19% | -11,87% | -21,63% | -32,44%",,24ddías,10.809.937,10.982.209 | 11.205.752 | 11.401.895 | 12.266.393 | 13.793.760 | 16.000.000,Defensa
2026-07-30,Mbappé,Real Madrid,-710.707 | -2.339.828 | -2.945.331 | -23.352.954 | -23.352.954 | -23.352.954,"-0,53% | -1,74% | -2,18% | 0% | 0% | -15,02%",,6ddías,132.132.485,132.843.192 | 134.472.313 | 135.077.816 | 0 | 0 | 155.485.439,Delantero
2026-07-30,Bernal,Barcelona,0 | 0 | 0 | 0 | 0 | +13.924,"0,00% | 0,00% | 0,00% | 0,00% | 0,00% | +0,39%",,21ddías,3.613.924,3.613.924 | 3.613.924 | 3.613.924 | 3.613.924 | 3.613.924 | 3.600.000,Mediocampista
2026-07-30,Rosier,Osasuna,-275.564 | -542.386 | -774.231 | -1.335.080 | -2.042.639 | -1.760.119,"-2,90% | -5,54% | -7,73% | -12,62% | -18,10% | -16,00%",,19ddías,9.239.881,9.515.445 | 9.782.267 | 10.014.112 | 10.574.961 | 11.282.520 | 11.000.000,Defensa
2026-07-30,Fran Pérez,Rayo,-28.076 | -58.066 | -82.407 | -204.875 | -455.374 | -888.929,"-2,46% | -4,97% | -6,90% | -15,57% | -29,07% | -44,45%",,24ddías,1.111.071,1.139.147 | 1.169.137 | 1.193.478 | 1.315.946 | 1.566.445 | 2.000.000,Mediocampista
2026-07-30,Gayà,Valencia,-121.226 | -365.789 | -551.228 | -1.447.430 | -2.906.494 | -4.969.934,"-0,92% | -2,73% | -4,06% | -10,00% | -18,24% | -27,61%",,24ddías,13.030.066,13.151.292 | 13.395.855 | 13.581.294 | 14.477.496 | 15.936.560 | 18.000.000,Defensa
2026-07-30,Mouriño,Villarreal,+596.250 | +914.676 | +1.518.402 | +3.674.422 | +7.643.838 | +10.265.271,"+1,83% | +2,83% | +4,78% | +12,42% | +29,83% | +44,63%",,22ddías,33.265.271,32.669.021 | 32.350.595 | 31.746.869 | 29.590.849 | 25.621.433 | 23.000.000,Defensa
2026-07-30,Diego López,Valencia,-103.937 | -215.000 | -324.677 | -808.944 | -1.808.491 | -2.496.553,"-2,88% | -5,78% | -8,48% | -18,76% | -34,05% | -41,61%",,24ddías,3.503.447,3.607.384 | 3.718.447 | 3.828.124 | 4.312.391 | 5.311.938 | 6.000.000,Delantero
2026-07-30,Pepelu,Valencia,-124.990 | -270.019 | -392.918 | -801.212 | -1.772.008 | -1.432.891,"-1,44% | -3,06% | -4,39% | -8,55% | -17,14% | -14,33%",,19ddías,8.567.109,8.692.099 | 8.837.128 | 8.960.027 | 9.368.321 | 10.339.117 | 10.000.000,Mediocampista
2026-07-30,Foulquier,Valencia,-117.583 | -245.589 | -245.589 | -245.589 | -245.589 | -231.445,"-3,28% | -6,61% | -6,61% | -6,61% | -6,61% | -6,26%",,2ddías,3.468.555,3.586.138 | 3.714.144 | 3.714.144 | 3.714.144 | 3.714.144 | 3.700.000,Defensa
2026-07-30,Jesús Vázquez,Valencia,-54.191 | -117.398 | -170.918 | -425.712 | -1.002.894 | -1.926.919,"-2,33% | -4,91% | -6,99% | -15,77% | -30,61% | -45,88%",,24ddías,2.273.081,2.327.272 | 2.390.479 | 2.443.999 | 2.698.793 | 3.275.975 | 4.200.000,Defensa
2026-07-30,Hugo González,Celta,0 | 0 | 0 | 0 | 0 | +5.646,"0,00% | 0,00% | 0,00% | 0,00% | 0,00% | +0,38%",,21ddías,1.505.646,1.505.646 | 1.505.646 | 1.505.646 | 1.505.646 | 1.505.646 | 1.500.000,Mediocampista
2026-07-30,Almeida,Valencia,-96.002 | -194.470 | -281.802 | -698.365 | -1.528.368 | -2.788.582,"-2,59% | -5,11% | -7,24% | -16,20% | -29,74% | -43,57%",,24ddías,3.611.418,3.707.420 | 3.805.888 | 3.893.220 | 4.309.783 | 5.139.786 | 6.400.000,Mediocampista
2026-07-30,Tárrega,Valencia,-140.443 | -240.130 | -316.212 | -869.092 | -1.918.758 | -3.081.396,"-1,47% | -2,49% | -3,25% | -8,45% | -16,92% | -24,65%",,24ddías,9.418.604,9.559.047 | 9.658.734 | 9.734.816 | 10.287.696 | 11.337.362 | 12.500.000,Defensa
2026-07-30,Iranzo,Valencia,0 | 0 | 0 | 0 | 0 | +2.292,"0,00% | 0,00% | 0,00% | 0,00% | 0,00% | +0,38%",,21ddías,602.292,602.292 | 602.292 | 602.292 | 602.292 | 602.292 | 600.000,Defensa
2026-07-30,Comesaña,Villarreal,-653.608 | -1.371.768 | -2.089.920 | -3.396.861 | -5.784.575 | -8.171.604,"-2,27% | -4,65% | -6,92% | -10,78% | -17,06% | -22,51%",,24ddías,28.128.396,28.782.004 | 29.500.164 | 30.218.316 | 31.525.257 | 33.912.971 | 36.300.000,Mediocampista
2026-07-30,Gerard,Villarreal,-377.970 | -776.025 | -1.070.918 | -2.722.999 | -5.959.851 | -8.778.395,"-1,20% | -2,43% | -3,32% | -8,02% | -16,03% | -21,95%",,24ddías,31.221.605,31.599.575 | 31.997.630 | 32.292.523 | 33.944.604 | 37.181.456 | 40.000.000,Delantero
2026-07-30,Foyth,Villarreal,0 | 0 | 0 | 0 | 0 | +47.789,"0,00% | 0,00% | 0,00% | 0,00% | 0,00% | +0,38%",,21ddías,12.547.789,12.547.789 | 12.547.789 | 12.547.789 | 12.547.789 | 12.547.789 | 12.500.000,Defensa
2026-07-30,Sörloth,Atlético,-536.585 | -1.033.769 | -1.403.515 | -2.882.735 | -6.905.333 | -10.871.668,"-1,81% | -3,43% | -4,60% | -9,01% | -19,16% | -27,18%",,24ddías,29.128.332,29.664.917 | 30.162.101 | 30.531.847 | 32.011.067 | 36.033.665 | 40.000.000,Delantero
2026-07-30,Rivero,Valencia,-11.290 | -23.811 | -34.557 | -84.504 | -160.216 | -368.446,"-1,76% | -3,63% | -5,19% | -11,80% | -20,24% | -36,84%",,7ddías,631.554,642.844 | 655.365 | 666.111 | 716.058 | 791.770 | 1.000.000,Portero
2026-07-30,Duro,Valencia,-38.295 | -197.598 | -339.701 | -833.325 | -1.841.542 | -2.270.910,"-0,39% | -1,99% | -3,37% | -7,89% | -15,92% | -18,92%",,19ddías,9.729.090,9.767.385 | 9.926.688 | 10.068.791 | 10.562.415 | 11.570.632 | 12.000.000,Delantero
2026-07-30,Femenia,Getafe,-46.351 | -112.962 | -171.554 | -468.981 | -1.174.994 | -2.129.419,"-1,18% | -2,84% | -4,24% | -10,81% | -23,29% | -35,49%",,24ddías,3.870.581,3.916.932 | 3.983.543 | 4.042.135 | 4.339.562 | 5.045.575 | 6.000.000,Defensa
2026-07-30,Rafa Mir,Sevilla,0 | 0 | 0 | 0 | 0 | +27.127,"0,00% | 0,00% | 0,00% | 0,00% | 0,00% | +0,39%",,21ddías,7.027.127,7.027.127 | 7.027.127 | 7.027.127 | 7.027.127 | 7.027.127 | 7.000.000,Delantero
2026-07-30,Fraga,Real Sociedad,0 | 0 | 0 | 0 | 0 | +2.234,"0,00% | 0,00% | 0,00% | 0,00% | 0,00% | +0,37%",,21ddías,602.234,602.234 | 602.234 | 602.234 | 602.234 | 602.234 | 600.000,Portero
2026-07-30,Urko,Espanyol,-64.770 | -146.893 | -200.807 | -480.362 | -1.060.385 | -1.793.680,"-1,23% | -2,74% | -3,71% | -8,45% | -16,92% | -25,62%",,21ddías,5.206.320,5.271.090 | 5.353.213 | 5.407.127 | 5.686.682 | 6.266.705 | 7.000.000,Mediocampista
2026-07-30,Dmitrovic,Espanyol,+932.503 | +1.605.987 | +2.405.091 | +4.693.615 | +8.367.236 | +11.355.294,"+3,67% | +6,49% | +10,04% | +21,67% | +46,52% | +75,70%",,23ddías,26.355.294,25.422.791 | 24.749.307 | 23.950.203 | 21.661.679 | 17.988.058 | 15.000.000,Portero
2026-07-30,Gattoni,Sevilla,-5.513 | -12.015 | -16.492 | -38.638 | -87.100 | -207.117,"-1,11% | -2,38% | -3,24% | -7,27% | -15,02% | -29,59%",,24ddías,492.883,498.396 | 504.898 | 509.375 | 531.521 | 579.983 | 700.000,Defensa
2026-07-30,Pedrosa,Sevilla,0 | 0 | 0 | 0 | 0 | +12.788,"0,00% | 0,00% | 0,00% | 0,00% | 0,00% | +0,39%",,21ddías,3.312.788,3.312.788 | 3.312.788 | 3.312.788 | 3.312.788 | 3.312.788 | 3.300.000,Defensa
2026-07-30,Jordan,Sevilla,-13.880 | -29.098 | -42.653 | -105.058 | -241.910 | -506.307,"-1,96% | -4,03% | -5,79% | -13,15% | -25,86% | -42,19%",,24ddías,693.693,707.573 | 722.791 | 736.346 | 798.751 | 935.603 | 1.200.000,Mediocampista
2026-07-30,Mariano,Alavés,-37.565 | -79.107 | -120.550 | -293.590 | -671.985 | -1.318.767,"-2,65% | -5,42% | -8,03% | -17,53% | -32,73% | -48,84%",,24ddías,1.381.233,1.418.798 | 1.460.340 | 1.501.783 | 1.674.823 | 2.053.218 | 2.700.000,Delantero
2026-07-30,Javi Guerra,Valencia,-326.612 | -659.063 | -801.227 | -1.475.235 | -4.189.236 | +22.883.413,"-1,25% | -2,49% | -3,01% | -5,41% | -13,96% | +781,71%",,14ddías,25.810.764,26.137.376 | 26.469.827 | 26.611.991 | 27.285.999 | 30.000.000 | 2.927.351,Mediocampista
2026-07-30,Sow,Sevilla,-34.096 | -105.077 | -145.625 | -510.160 | -1.352.269 | -1.419.438,"-0,40% | -1,21% | -1,67% | -5,61% | -13,61% | -14,19%",,19ddías,8.580.562,8.614.658 | 8.685.639 | 8.726.187 | 9.090.722 | 9.932.831 | 10.000.000,Mediocampista
2026-07-30,Marcão,Sevilla,-22.149 | -45.980 | -68.508 | -163.572 | -367.669 | -707.849,"-2,42% | -4,90% | -7,13% | -15,49% | -29,18% | -44,24%",,24ddías,892.151,914.300 | 938.131 | 960.659 | 1.055.723 | 1.259.820 | 1.600.000,Defensa
2026-07-30,Juanlu,Sevilla,-41.668 | -94.973 | -126.355 | -342.441 | -902.756 | -1.868.899,"-1,31% | -2,94% | -3,88% | -9,86% | -22,38% | -37,38%",,25ddías,3.131.101,3.172.769 | 3.226.074 | 3.257.456 | 3.473.542 | 4.033.857 | 5.000.000,Mediocampista
2026-07-30,Manu Bueno,Sevilla,0 | 0 | 0 | 0 | 0 | +2.099,"0,00% | 0,00% | 0,00% | 0,00% | 0,00% | +0,26%",,21ddías,802.099,802.099 | 802.099 | 802.099 | 802.099 | 802.099 | 800.000,Mediocampista
2026-07-30,Diakhaby,Valencia,-144.971 | -367.353 | -647.222 | -949.532 | -949.532 | -915.124,"-1,76% | -4,35% | -7,41% | -10,51% | -10,51% | -10,17%",,4ddías,8.084.876,8.229.847 | 8.452.229 | 8.732.098 | 9.034.408 | 9.034.408 | 9.000.000,Defensa
2026-07-30,Canós,Valencia,-11.903 | -753.153 | -753.153 | -753.153 | -753.153 | -753.153,"-1,81% | 0% | 0% | 0% | 0% | 0%",,1ddías,646.263,658.166 | 0 | 0 | 0 | 0 | 0,Delantero
2026-07-30,Baena,Atlético,+524.827 | +1.049.777 | +2.522.726 | +8.641.951 | +19.705.087 | +26.397.607,"+0,74% | +1,49% | +3,66% | +13,77% | +38,12% | +58,66%",,23ddías,71.397.607,70.872.780 | 70.347.830 | 68.874.881 | 62.755.656 | 51.692.520 | 45.000.000,Mediocampista
2026-07-30,Íñigo Pérez,Villarreal,+2.508 | -22.673 | -35.325 | -142.646 | -309.661 | -303.099,"+0,11% | -1,02% | -1,58% | -6,10% | 0% | -12,12%",,1ddías,2.196.901,2.194.393 | 2.219.574 | 2.232.226 | 2.339.547 | 0 | 2.500.000,
2026-07-30,Terrats,Getafe,0 | 0 | 0 | 0 | 0 | +10.495,"0,00% | 0,00% | 0,00% | 0,00% | 0,00% | +0,37%",,21ddías,2.810.495,2.810.495 | 2.810.495 | 2.810.495 | 2.810.495 | 2.810.495 | 2.800.000,Mediocampista
2026-07-30,Edu Expósito,Espanyol,-237.263 | -598.749 | -929.953 | -2.639.053 | -12.301.166 | -12.301.166,"-0,82% | -2,03% | -3,12% | -8,38% | 0% | -29,88%",,13ddías,28.865.227,29.102.490 | 29.463.976 | 29.795.180 | 31.504.280 | 0 | 41.166.393,Mediocampista
2026-07-30,Serrano,Athletic,-37.252 | -77.896 | -119.547 | -302.035 | -670.031 | -1.398.324,"-2,59% | -5,26% | -7,86% | -17,73% | -32,34% | -49,94%",,25ddías,1.401.676,1.438.928 | 1.479.572 | 1.521.223 | 1.703.711 | 2.071.707 | 2.800.000,Delantero
2026-07-30,Raba,Valencia,-61.351 | -125.095 | -183.468 | -438.739 | -998.532 | -2.129.079,"-2,52% | -5,01% | -7,18% | -15,62% | -29,63% | -47,31%",,24ddías,2.370.921,2.432.272 | 2.496.016 | 2.554.389 | 2.809.660 | 3.369.453 | 4.500.000,Delantero
2026-07-30,Conde,Betis,-82.576 | -171.563 | -260.792 | -460.447 | -901.971 | -1.458.390,"-2,64% | -5,34% | -7,90% | -13,15% | -22,87% | -32,41%",,22ddías,3.041.610,3.124.186 | 3.213.173 | 3.302.402 | 3.502.057 | 3.943.581 | 4.500.000,Portero
2026-07-30,Raul Moro,Osasuna,+18.107 | -22.937 | -26.280 | -444.843 | -1.544.028 | -1.597.648,"+0,17% | -0,22% | -0,25% | -4,10% | -12,92% | -13,31%",,1ddías,10.402.352,10.384.245 | 10.425.289 | 10.428.632 | 10.847.195 | 11.946.380 | 12.000.000,Delantero
2026-07-30,Boyomo,Osasuna,+603.912 | +910.409 | +1.377.847 | +3.002.057 | +5.219.759 | +5.778.221,"+2,99% | +4,58% | +7,10% | +16,89% | +33,55% | +38,52%",,20ddías,20.778.221,20.174.309 | 19.867.812 | 19.400.374 | 17.776.164 | 15.558.462 | 15.000.000,Defensa
2026-07-30,Fortuño,Espanyol,-14.907 | -31.195 | -45.866 | -82.621 | -220.209 | -481.642,"-2,03% | -4,16% | -6,00% | -10,32% | -23,46% | -40,14%",,4ddías,718.358,733.265 | 749.553 | 764.224 | 800.979 | 938.567 | 1.200.000,Portero
2026-07-30,Rubén Sánchez,Espanyol,-8.765 | -18.656 | -26.662 | -64.459 | -147.285 | -329.046,"-1,51% | -3,16% | -4,46% | -10,14% | -20,51% | -36,56%",,24ddías,570.954,579.719 | 589.610 | 597.616 | 635.413 | 718.239 | 900.000,Mediocampista
2026-07-30,El Hilali,Espanyol,+146.679 | +219.660 | +321.118 | +692.147 | +852.637 | +1.284.434,"+2,21% | +3,35% | +4,97% | +11,36% | +14,37% | +23,35%",,8ddías,6.784.434,6.637.755 | 6.564.774 | 6.463.316 | 6.092.287 | 5.931.797 | 5.500.000,Defensa
2026-07-30,Jofre,Espanyol,-39.055 | -80.983 | -119.982 | -292.436 | -667.340 | -1.271.538,"-2,49% | -5,03% | -7,28% | -16,06% | -30,39% | -45,41%",,24ddías,1.528.462,1.567.517 | 1.609.445 | 1.648.444 | 1.820.898 | 2.195.802 | 2.800.000,Delantero
2026-07-30,Fort,Barcelona,0 | 0 | 0 | 0 | 0 | +19.376,"0,00% | 0,00% | 0,00% | 0,00% | 0,00% | +0,39%",,21ddías,5.019.376,5.019.376 | 5.019.376 | 5.019.376 | 5.019.376 | 5.019.376 | 5.000.000,Defensa
2026-07-30,Pere Milla,Espanyol,-22.285 | -29.639 | +7.652 | +370.953 | +754.808 | +2.783.957,"-0,21% | -0,27% | +0,07% | +3,56% | +7,53% | +34,80%",,2ddías,10.783.957,10.806.242 | 10.813.596 | 10.776.305 | 10.413.004 | 10.029.149 | 8.000.000,Delantero
2026-07-30,Lozano,Espanyol,-54.296 | -116.190 | -183.233 | -456.370 | -1.067.746 | -2.011.974,"-1,78% | -3,74% | -5,78% | -13,25% | -26,33% | -40,24%",,24ddías,2.988.026,3.042.322 | 3.104.216 | 3.171.259 | 3.444.396 | 4.055.772 | 5.000.000,Mediocampista
2026-07-30,Puado,Espanyol,-325.015 | -663.748 | -1.007.708 | -2.417.770 | -5.176.885 | -4.394.848,"-2,97% | -5,89% | -8,68% | -18,57% | -32,80% | -29,30%",,15ddías,10.605.152,10.930.167 | 11.268.900 | 11.612.860 | 13.022.922 | 15.782.037 | 15.000.000,Mediocampista
2026-07-30,Cabrera,Espanyol,-140.693 | -297.036 | -405.324 | -989.654 | -1.938.093 | +5.889.676,"-0,81% | -1,70% | -2,31% | -5,46% | -10,15% | +52,31%",,17ddías,17.148.439,17.289.132 | 17.445.475 | 17.553.763 | 18.138.093 | 19.086.532 | 11.258.763,Defensa
2026-07-30,Calero,Málaga,0 | 0 | 0 | 0 | 0 | +13.120,"0,00% | 0,00% | 0,00% | 0,00% | 0,00% | +0,37%",,21ddías,3.513.120,3.513.120 | 3.513.120 | 3.513.120 | 3.513.120 | 3.513.120 | 3.500.000,Defensa
2026-07-30,Joan Garcia,Barcelona,0 | 0 | 0 | 0 | 0 | +193.416,"0,00% | 0,00% | 0,00% | 0,00% | 0,00% | +0,39%",,21ddías,50.193.416,50.193.416 | 50.193.416 | 50.193.416 | 50.193.416 | 50.193.416 | 50.000.000,Portero
2026-07-30,Juanmi,Getafe,-18.391 | -38.308 | -56.758 | -140.868 | -302.532 | -698.044,"-2,24% | -4,56% | -6,61% | -14,94% | -27,39% | -46,54%",,24ddías,801.956,820.347 | 840.264 | 858.714 | 942.824 | 1.104.488 | 1.500.000,Delantero
2026-07-30,Denis Suárez,Alavés,-84.799 | -173.414 | -258.149 | -643.487 | -1.458.827 | -2.630.219,"-2,45% | -4,89% | -7,12% | -16,03% | -30,21% | -43,84%",,24ddías,3.369.781,3.454.580 | 3.543.195 | 3.627.930 | 4.013.268 | 4.828.608 | 6.000.000,Mediocampista
2026-07-30,Guedes,Real Sociedad,-1.179.260 | -2.525.029 | -3.848.893 | -9.484.175 | -6.877.671 | -6.877.671,"-2,21% | -4,62% | -6,88% | -15,40% | 0% | -11,66%",,9ddías,52.103.584,53.282.844 | 54.628.613 | 55.952.477 | 61.587.759 | 0 | 58.981.255,Delantero
2026-07-30,Fornals,Betis,-1.866.856 | -3.958.161 | -5.967.057 | -14.972.504 | -68.661.804 | -68.661.804,"-2,44% | -5,04% | -7,40% | -16,71% | 0% | -47,92%",,7ddías,74.627.496,76.494.352 | 78.585.657 | 80.594.553 | 89.600.000 | 0 | 143.289.300,Mediocampista
2026-07-30,Akhomach,Villarreal,-254.275 | -529.312 | -529.312 | -529.312 | -529.312 | -499.191,"-3,28% | -6,59% | -6,59% | -6,59% | -6,59% | -6,24%",,2ddías,7.500.809,7.755.084 | 8.030.121 | 8.030.121 | 8.030.121 | 8.030.121 | 8.000.000,Delantero
2026-07-30,Altimira,Deportivo,-117.868 | -232.786 | -333.964 | -518.067 | -1.169.868 | -1.167.254,"-1,98% | -3,84% | -5,42% | -8,16% | -16,71% | -16,68%",,18ddías,5.832.746,5.950.614 | 6.065.532 | 6.166.710 | 6.350.813 | 7.002.614 | 7.000.000,Defensa
2026-07-30,Manu Sánchez,Levante,-55.403 | -153.184 | -339.802 | -539.729 | -539.729 | -517.218,"-1,00% | -2,72% | -5,84% | -8,96% | -8,96% | -8,62%",,4ddías,5.482.782,5.538.185 | 5.635.966 | 5.822.584 | 6.022.511 | 6.022.511 | 6.000.000,Defensa
2026-07-30,Raúl García,Osasuna,-65.598 | -131.121 | -202.015 | -482.700 | -1.092.200 | -2.084.101,"-2,45% | -4,77% | -7,17% | -15,58% | -29,45% | -44,34%",,24ddías,2.615.899,2.681.497 | 2.747.020 | 2.817.914 | 3.098.599 | 3.708.099 | 4.700.000,Delantero
2026-07-30,Kike Salas,Sevilla,-165.993 | -294.472 | -504.421 | -1.143.913 | -2.351.558 | -3.575.597,"-1,32% | -2,32% | -3,90% | -8,43% | -15,91% | -22,35%",,22ddías,12.424.403,12.590.396 | 12.718.875 | 12.928.824 | 13.568.316 | 14.775.961 | 16.000.000,Defensa
2026-07-30,F. Carreras,Real Madrid,-461.773 | -954.611 | -1.423.816 | -3.264.621 | -6.845.006 | -11.448.120,"-2,47% | -4,97% | -7,24% | -15,17% | -27,27% | -38,55%",,24ddías,18.251.880,18.713.653 | 19.206.491 | 19.675.696 | 21.516.501 | 25.096.886 | 29.700.000,Defensa
2026-07-30,Giuliano,Atlético,+301.630 | +590.519 | +1.497.270 | +5.175.075 | +12.823.888 | +20.127.407,"+0,55% | +1,08% | +2,79% | +10,36% | +30,31% | +57,51%",,22ddías,55.127.407,54.825.777 | 54.536.888 | 53.630.137 | 49.952.332 | 42.303.519 | 35.000.000,Delantero
2026-07-30,Batalla,Rayo,+740.433 | +1.289.054 | +2.316.825 | +5.264.759 | +9.750.105 | +14.557.789,"+2,19% | +3,87% | +7,19% | +17,97% | +39,30% | +72,79%",,23ddías,34.557.789,33.817.356 | 33.268.735 | 32.240.964 | 29.293.030 | 24.807.684 | 20.000.000,Portero
2026-07-30,Romero,Sevilla,-58.961 | -145.548 | -245.064 | -570.222 | -1.525.884 | -1.625.125,"-0,92% | -2,23% | -3,70% | -8,21% | -19,31% | -20,31%",,20ddías,6.374.875,6.433.836 | 6.520.423 | 6.619.939 | 6.945.097 | 7.900.759 | 8.000.000,Delantero
2026-07-30,Cardoso,Atlético,-241.703 | -505.581 | -769.505 | -1.890.748 | -4.207.518 | -6.102.704,"-2,64% | -5,38% | -7,96% | -17,53% | -32,11% | -40,68%",,21ddías,8.897.296,9.138.999 | 9.402.877 | 9.666.801 | 10.788.044 | 13.104.814 | 15.000.000,Mediocampista
2026-07-30,Moriba,Celta,+160.595 | +163.075 | +246.122 | -133.540 | -1.815.692 | -3.142.747,"+1,85% | +1,88% | +2,86% | -1,49% | -17,01% | -26,19%",,3ddías,8.857.253,8.696.658 | 8.694.178 | 8.611.131 | 8.990.793 | 10.672.945 | 12.000.000,Mediocampista
2026-07-30,Agoume,Sevilla,-40.174 | -98.569 | -145.306 | -343.652 | -962.379 | -543.543,"-0,67% | -1,63% | -2,38% | -5,45% | -13,91% | -8,36%",,19ddías,5.956.457,5.996.631 | 6.055.026 | 6.101.763 | 6.300.109 | 6.918.836 | 6.500.000,Mediocampista
2026-07-30,Carlos Espí,Levante,0 | 0 | 0 | 0 | 0 | 0,"0% | 0% | 0% | 0% | 0% | 0,00%",,30ddías,3.531.129,0 | 0 | 0 | 0 | 0 | 3.531.129,Delantero
2026-07-30,Javi López,Real Sociedad,0 | 0 | 0 | 0 | 0 | 0,"0% | 0% | 0% | 0% | 0% | 0,00%",,30ddías,1.656.670,0 | 0 | 0 | 0 | 0 | 1.656.670,Defensa
2026-07-30,Lemar,Atlético,0 | 0 | 0 | 0 | 0 | 0,"0% | 0% | 0% | 0% | 0% | 0,00%",,30ddías,1.680.630,0 | 0 | 0 | 0 | 0 | 1.680.630,Mediocampista
2026-07-30,Satriano,Getafe,0 | 0 | 0 | 0 | 0 | 0,"0% | 0% | 0% | 0% | 0% | 0,00%",,30ddías,4.336.426,0 | 0 | 0 | 0 | 0 | 4.336.426,Delantero
2026-07-30,Ter Stegen,Barcelona,0 | 0 | 0 | 0 | 0 | 0,"0% | 0% | 0% | 0% | 0% | 0,00%",,30ddías,1.683.226,0 | 0 | 0 | 0 | 0 | 1.683.226,Portero
2026-07-30,M. Alonso,Celta,0 | 0 | 0 | 0 | 0 | 0,"0% | 0% | 0% | 0% | 0% | 0,00%",,30ddías,71.704.119,0 | 0 | 0 | 0 | 0 | 71.704.119,Defensa
2026-07-30,Guido,Valencia,0 | 0 | 0 | 0 | 0 | 0,"0% | 0% | 0% | 0% | 0% | 0,00%",,30ddías,1.925.541,0 | 0 | 0 | 0 | 0 | 1.925.541,Mediocampista
2026-07-30,Vargas,Sevilla,0 | 0 | 0 | 0 | 0 | 0,"0% | 0% | 0% | 0% | 0% | 0,00%",,30ddías,4.930.955,0 | 0 | 0 | 0 | 0 | 4.930.955,Delantero
2026-07-30,Rincón,Athletic,0 | 0 | 0 | 0 | 0 | 0,"0% | 0% | 0% | 0% | 0% | 0,00%",,30ddías,1.658.593,0 | 0 | 0 | 0 | 0 | 1.658.593,Defensa
2026-07-30,Forés,Villarreal,0 | 0 | 0 | 0 | 0 | 0,"0% | 0% | 0% | 0% | 0% | 0,00%",,30ddías,1.653.899,0 | 0 | 0 | 0 | 0 | 1.653.899,Delantero
2026-07-30,Thiago,Villarreal,0 | 0 | 0 | 0 | 0 | 0,"0% | 0% | 0% | 0% | 0% | 0,00%",,30ddías,1.660.575,0 | 0 | 0 | 0 | 0 | 1.660.575,Mediocampista
2026-07-30,Bambo,Elche,0 | 0 | 0 | 0 | 0 | 0,0% | 0% | 0% | 0% | 0% | 0%,,149ddías,652.470,0 | 0 | 0 | 0 | 0 | 0,Defensa
2026-07-30,Neyou,Getafe,0 | 0 | 0 | 0 | 0 | 0,0% | 0% | 0% | 0% | 0% | 0%,,179ddías,604.547,0 | 0 | 0 | 0 | 0 | 0,Mediocampista
2026-07-30,Maras,Alavés,0 | 0 | 0 | 0 | 0 | 0,0% | 0% | 0% | 0% | 0% | 0%,,182ddías,590.024,0 | 0 | 0 | 0 | 0 | 0,Defensa
2026-07-30,Goti,Real Sociedad,0 | 0 | 0 | 0 | 0 | 0,0% | 0% | 0% | 0% | 0% | 0%,,185ddías,590.263,0 | 0 | 0 | 0 | 0 | 0,Mediocampista
2026-07-30,Diarra,Alavés,0 | 0 | 0 | 0 | 0 | 0,0% | 0% | 0% | 0% | 0% | 0%,,185ddías,591.470,0 | 0 | 0 | 0 | 0 | 0,Defensa
2026-07-30,Ali Houary,Elche,0 | 0 | 0 | 0 | 0 | 0,0% | 0% | 0% | 0% | 0% | 0%,,189ddías,592.065,0 | 0 | 0 | 0 | 0 | 0,Delantero
2026-07-30,Damián,Celta,0 | 0 | 0 | 0 | 0 | 0,0% | 0% | 0% | 0% | 0% | 0%,,192ddías,593.721,0 | 0 | 0 | 0 | 0 | 0,Mediocampista
2026-07-30,Javier Hernández,Espanyol,0 | 0 | 0 | 0 | 0 | 0,0% | 0% | 0% | 0% | 0% | 0%,,203ddías,575.023,0 | 0 | 0 | 0 | 0 | 0,Delantero
2026-07-30,Bauzà,Espanyol,0 | 0 | 0 | 0 | 0 | 0,0% | 0% | 0% | 0% | 0% | 0%,,331ddías,318.649,0 | 0 | 0 | 0 | 0 | 0,Mediocampista
2026-07-30,Uche,Getafe,0 | 0 | 0 | 0 | 0 | 0,0% | 0% | 0% | 0% | 0% | 0%,,332ddías,12.405.015,0 | 0 | 0 | 0 | 0 | 0,Mediocampista
2026-07-30,Pablo López,Valencia,0 | 0 | 0 | 0 | 0 | 0,0% | 0% | 0% | 0% | 0% | 0%,,332ddías,441.041,0 | 0 | 0 | 0 | 0 | 0,Delantero
2026-07-30,Alberto Marí,Valencia,0 | 0 | 0 | 0 | 0 | 0,0% | 0% | 0% | 0% | 0% | 0%,,333ddías,787.986,0 | 0 | 0 | 0 | 0 | 0,Delantero
2026-07-30,Novoa,Alavés,0 | 0 | 0 | 0 | 0 | 0,0% | 0% | 0% | 0% | 0% | 0%,,333ddías,661.162,0 | 0 | 0 | 0 | 0 | 0,Defensa
2026-07-30,Pelayo,Rayo,0 | 0 | 0 | 0 | 0 | 0,0% | 0% | 0% | 0% | 0% | 0%,,333ddías,1.722.279,0 | 0 | 0 | 0 | 0 | 0,Defensa
2026-07-30,Hinojo,Espanyol,0 | 0 | 0 | 0 | 0 | 0,0% | 0% | 0% | 0% | 0% | 0%,,337ddías,317.496,0 | 0 | 0 | 0 | 0 | 0,Defensa
2026-07-30,Djaló,Athletic,0 | 0 | 0 | 0 | 0 | 0,0% | 0% | 0% | 0% | 0% | 0%,,368ddías,8.434.683,0 | 0 | 0 | 0 | 0 | 0,Delantero
2026-07-30,Owono,Alavés,0 | 0 | 0 | 0 | 0 | 0,0% | 0% | 0% | 0% | 0% | 0%,,368ddías,828.372,0 | 0 | 0 | 0 | 0 | 0,Portero
2026-07-30,Berrocal,Getafe,0 | 0 | 0 | 0 | 0 | 0,0% | 0% | 0% | 0% | 0% | 0%,,368ddías,1.058.833,0 | 0 | 0 | 0 | 0 | 0,Defensa
2026-07-30,De Tomás,Rayo,0 | 0 | 0 | 0 | 0 | 0,0% | 0% | 0% | 0% | 0% | 0%,,372ddías,3.229.388,0 | 0 | 0 | 0 | 0 | 0,Delantero
2026-07-30,Méndez,Rayo,0 | 0 | 0 | 0 | 0 | 0,0% | 0% | 0% | 0% | 0% | 0%,,392ddías,1.717.735,0 | 0 | 0 | 0 | 0 | 0,Defensa
2026-07-30,Raúl Jiménez,Valencia,0 | 0 | 0 | 0 | 0 | 0,0% | 0% | 0% | 0% | 0% | 0%,,392ddías,1.561.503,0 | 0 | 0 | 0 | 0 | 0,Portero
2026-07-30,Eneko Ortiz,Villarreal,0 | 0 | 0 | 0 | 0 | 0,0% | 0% | 0% | 0% | 0% | 0%,,392ddías,1.718.986,0 | 0 | 0 | 0 | 0 | 0,Defensa
2026-07-30,Serred,Espanyol,0 | 0 | 0 | 0 | 0 | 0,0% | 0% | 0% | 0% | 0% | 0%,,392ddías,1.731.552,0 | 0 | 0 | 0 | 0 | 0,Portero
2026-07-30,Eto'o,Rayo,0 | 0 | 0 | 0 | 0 | 0,0% | 0% | 0% | 0% | 0% | 0%,,392ddías,1.718.988,0 | 0 | 0 | 0 | 0 | 0,Delantero
2026-07-30,Gorka,Getafe,0 | 0 | 0 | 0 | 0 | 0,0% | 0% | 0% | 0% | 0% | 0%,,392ddías,1.718.986,0 | 0 | 0 | 0 | 0 | 0,Defensa
2026-07-30,Carrillo,Celta,0 | 0 | 0 | 0 | 0 | 0,0% | 0% | 0% | 0% | 0% | 0%,,392ddías,1.567.556,0 | 0 | 0 | 0 | 0 | 0,Portero
2026-07-30,Adrián,Alavés,0 | 0 | 0 | 0 | 0 | 0,0% | 0% | 0% | 0% | 0% | 0%,,392ddías,1.640.215,0 | 0 | 0 | 0 | 0 | 0,Portero
2026-07-30,Solà,Atlético,0 | 0 | 0 | 0 | 0 | 0,0% | 0% | 0% | 0% | 0% | 0%,,392ddías,1.640.523,0 | 0 | 0 | 0 | 0 | 0,Defensa
2026-07-30,Córdoba,Valencia,0 | 0 | 0 | 0 | 0 | 0,0% | 0% | 0% | 0% | 0% | 0%,,392ddías,1.548.667,0 | 0 | 0 | 0 | 0 | 0,Defensa
2026-07-30,Collado,Sevilla,0 | 0 | 0 | 0 | 0 | 0,0% | 0% | 0% | 0% | 0% | 0%,,392ddías,1.718.988,0 | 0 | 0 | 0 | 0 | 0,Mediocampista
2026-07-30,Olabarrieta,Athletic,0 | 0 | 0 | 0 | 0 | 0,0% | 0% | 0% | 0% | 0% | 0%,,392ddías,1.717.797,0 | 0 | 0 | 0 | 0 | 0,Delantero
2026-07-30,Medenica,Getafe,0 | 0 | 0 | 0 | 0 | 0,0% | 0% | 0% | 0% | 0% | 0%,,392ddías,1.560.264,0 | 0 | 0 | 0 | 0 | 0,Portero
2026-07-30,Isra,Sevilla,0 | 0 | 0 | 0 | 0 | 0,0% | 0% | 0% | 0% | 0% | 0%,,392ddías,1.718.237,0 | 0 | 0 | 0 | 0 | 0,Delantero
2026-07-30,Busto,Betis,0 | 0 | 0 | 0 | 0 | 0,0% | 0% | 0% | 0% | 0% | 0%,,392ddías,1.621.161,0 | 0 | 0 | 0 | 0 | 0,Defensa
2026-07-30,De Llanos,Real Madrid,0 | 0 | 0 | 0 | 0 | 0,0% | 0% | 0% | 0% | 0% | 0%,,392ddías,1.622.168,0 | 0 | 0 | 0 | 0 | 0,Mediocampista
2026-07-30,Rupérez,Real Sociedad,0 | 0 | 0 | 0 | 0 | 0,0% | 0% | 0% | 0% | 0% | 0%,,392ddías,1.626.247,0 | 0 | 0 | 0 | 0 | 0,Defensa
2026-07-30,Balda,Real Sociedad,0 | 0 | 0 | 0 | 0 | 0,0% | 0% | 0% | 0% | 0% | 0%,,392ddías,1.718.912,0 | 0 | 0 | 0 | 0 | 0,Defensa
2026-07-30,Santana,Valencia,0 | 0 | 0 | 0 | 0 | 0,0% | 0% | 0% | 0% | 0% | 0%,,392ddías,1.723.821,0 | 0 | 0 | 0 | 0 | 0,Delantero
2026-07-30,Rivas,Real Madrid,0 | 0 | 0 | 0 | 0 | 0,0% | 0% | 0% | 0% | 0% | 0%,,392ddías,1.718.751,0 | 0 | 0 | 0 | 0 | 0,Defensa
2026-07-30,Abril,Valencia,0 | 0 | 0 | 0 | 0 | 0,0% | 0% | 0% | 0% | 0% | 0%,,392ddías,1.728.051,0 | 0 | 0 | 0 | 0 | 0,Portero
2026-07-30,Cortés,Barcelona,0 | 0 | 0 | 0 | 0 | 0,0% | 0% | 0% | 0% | 0% | 0%,,392ddías,1.718.327,0 | 0 | 0 | 0 | 0 | 0,Defensa
2026-07-30,Requena,Levante,0 | 0 | 0 | 0 | 0 | 0,0% | 0% | 0% | 0% | 0% | 0%,,392ddías,1.621.683,0 | 0 | 0 | 0 | 0 | 0,Mediocampista
2026-07-30,Yaakobishvili,Barcelona,0 | 0 | 0 | 0 | 0 | 0,0% | 0% | 0% | 0% | 0% | 0%,,392ddías,1.639.280,0 | 0 | 0 | 0 | 0 | 0,Portero
2026-07-30,Canales,Athletic,0 | 0 | 0 | 0 | 0 | 0,0% | 0% | 0% | 0% | 0% | 0%,,392ddías,1.623.251,0 | 0 | 0 | 0 | 0 | 0,Delantero
2026-07-30,Carlos,Atlético,0 | 0 | 0 | 0 | 0 | 0,0% | 0% | 0% | 0% | 0% | 0%,,392ddías,1.718.547,0 | 0 | 0 | 0 | 0 | 0,Defensa
2026-07-30,Juan Cruz,Málaga,0 | 0 | 0 | 0 | 0 | 0,0% | 0% | 0% | 0% | 0% | 0%,,430ddías,19.968.443,0 | 0 | 0 | 0 | 0 | 0,Mediocampista
2026-07-30,Morro,Rayo,0 | 0 | 0 | 0 | 0 | 0,0% | 0% | 0% | 0% | 0% | 0%,,696ddías,723.425,0 | 0 | 0 | 0 | 0 | 0,Portero
2026-07-30,Mandi,Levante,0 | 0 | 0 | 0 | 0 | 0,0% | 0% | 0% | 0% | 0% | 0%,,713ddías,1.879.755,0 | 0 | 0 | 0 | 0 | 0,Defensa
2026-07-30,Miguel,Alavés,0 | 0 | 0 | 0 | 0 | 0,0% | 0% | 0% | 0% | 0% | 0%,,714ddías,679.761,0 | 0 | 0 | 0 | 0 | 0,Delantero
2026-07-30,Joseda,Alavés,0 | 0 | 0 | 0 | 0 | 0,0% | 0% | 0% | 0% | 0% | 0%,,758ddías,300.000,0 | 0 | 0 | 0 | 0 | 0,Defensa
2026-07-30,Diallo,Alavés,0 | 0 | 0 | 0 | 0 | 0,0% | 0% | 0% | 0% | 0% | 0%,,759ddías,1.000.000,0 | 0 | 0 | 0 | 0 | 0,Mediocampista
2026-07-30,Mendes,Alavés,0 | 0 | 0 | 0 | 0 | 0,0% | 0% | 0% | 0% | 0% | 0%,,759ddías,500.000,0 | 0 | 0 | 0 | 0 | 0,Mediocampista
2026-07-30,Ian Forns,Betis,0 | 0 | 0 | 0 | 0 | 0,0% | 0% | 0% | 0% | 0% | 0%,,759ddías,500.000,0 | 0 | 0 | 0 | 0 | 0,Defensa
2026-07-30,Mario,Valencia,0 | 0 | 0 | 0 | 0 | 0,0% | 0% | 0% | 0% | 0% | 0%,,759ddías,500.000,0 | 0 | 0 | 0 | 0 | 0,Delantero
2026-07-30,Mario,Valencia,0 | 0 | 0 | 0 | 0 | 0,0% | 0% | 0% | 0% | 0% | 0%,,1ddías,760.408,0 | 0 | 0 | 0 | 0 | 0,Mediocampista
2026-07-31,Karrikaburu,Real Sociedad,-16.948 | -34.405 | -53.349 | -127.779 | -292.501 | -637.410,"-2,17% | -4,32% | -6,54% | -14,35% | -27,72% | -45,53%",,25ddías,762.590,779.538 | 796.995 | 815.939 | 890.369 | 1.055.091 | 1.400.000,Delantero
2026-07-31,Vlachodimos,Sevilla,0 | 0 | 0 | 0 | 0 | +56.479,"0,00% | 0,00% | 0,00% | 0,00% | 0,00% | +0,38%",,22ddías,15.056.479,15.056.479 | 15.056.479 | 15.056.479 | 15.056.479 | 15.056.479 | 15.000.000,Portero
2026-07-31,Diangana,Elche,-33.328 | -57.035 | -89.129 | -223.447 | -572.357 | -1.261.967,"-1,99% | -3,36% | -5,16% | -12,00% | -25,89% | -43,52%",,25ddías,1.638.033,1.671.361 | 1.695.068 | 1.727.162 | 1.861.480 | 2.210.390 | 2.900.000,Delantero
2026-07-31,Krug,Levante,0 | 0 | 0 | 0 | 0 | +2.249,"0,00% | 0,00% | 0,00% | 0,00% | 0,00% | +0,37%",,22ddías,602.249,602.249 | 602.249 | 602.249 | 602.249 | 602.249 | 600.000,Defensa
2026-07-31,Hugo López,Villarreal,0 | 0 | 0 | 0 | 0 | -14.600,"0,00% | 0,00% | 0,00% | 0,00% | 0,00% | -2,92%",,22ddías,485.400,485.400 | 485.400 | 485.400 | 485.400 | 485.400 | 500.000,Mediocampista
2026-07-31,Mikautadze,Villarreal,+69.017 | +198.937 | +255.177 | +1.304.818 | +4.129.404 | +2.330.604,"+0,13% | +0,38% | +0,49% | +2,56% | +8,57% | +4,66%",,18ddías,52.330.604,52.261.587 | 52.131.667 | 52.075.427 | 51.025.786 | 48.201.200 | 50.000.000,Delantero
2026-07-31,Navarro,Valencia,0 | 0 | 0 | 0 | 0 | +1.909,"0,00% | 0,00% | 0,00% | 0,00% | 0,00% | +0,38%",,22ddías,501.909,501.909 | 501.909 | 501.909 | 501.909 | 501.909 | 500.000,Defensa
2026-07-31,Cardoso,Sevilla,-32.810 | -67.328 | -104.356 | -254.137 | -576.042 | -1.174.079,"-2,61% | -5,21% | -7,84% | -17,17% | -31,97% | -48,92%",,25ddías,1.225.921,1.258.731 | 1.293.249 | 1.330.277 | 1.480.058 | 1.801.963 | 2.400.000,Defensa
2026-07-31,Oso,Sevilla,0 | 0 | 0 | 0 | 0 | +53.332,"0,00% | 0,00% | 0,00% | 0,00% | 0,00% | +0,38%",,22ddías,14.053.332,14.053.332 | 14.053.332 | 14.053.332 | 14.053.332 | 14.053.332 | 14.000.000,Defensa
2026-07-31,Álex Costa,Sevilla,0 | 0 | 0 | 0 | 0 | +2.284,"0,00% | 0,00% | 0,00% | 0,00% | 0,00% | +0,38%",,22ddías,602.284,602.284 | 602.284 | 602.284 | 602.284 | 602.284 | 600.000,Delantero
2026-07-31,Folgado,Real Sociedad,0 | 0 | 0 | 0 | 0 | +2.606,"0,00% | 0,00% | 0,00% | 0,00% | 0,00% | +0,37%",,22ddías,702.606,702.606 | 702.606 | 702.606 | 702.606 | 702.606 | 700.000,Portero
2026-07-31,Carlos Soler,Real Sociedad,-301.969 | -508.472 | -911.140 | -2.073.882 | -4.457.315 | -7.241.302,"-0,91% | -1,53% | -2,71% | -5,95% | -11,98% | -18,10%",,25ddías,32.758.698,33.060.667 | 33.267.170 | 33.669.838 | 34.832.580 | 37.216.013 | 40.000.000,Mediocampista
2026-07-31,Sancris,Getafe,-21.795 | -44.299 | -68.501 | -166.247 | -385.695 | -821.106,"-2,42% | -4,80% | -7,23% | -15,91% | -30,50% | -48,30%",,25ddías,878.894,900.689 | 923.193 | 947.395 | 1.045.141 | 1.264.589 | 1.700.000,Delantero
2026-07-31,Riedel,Espanyol,0 | 0 | 0 | 0 | 0 | +20.618,"0,00% | 0,00% | 0,00% | 0,00% | 0,00% | +0,37%",,22ddías,5.520.618,5.520.618 | 5.520.618 | 5.520.618 | 5.520.618 | 5.520.618 | 5.500.000,Defensa
2026-07-31,Montero,Alavés,0 | 0 | 0 | 0 | 0 | +2.316,"0,00% | 0,00% | 0,00% | 0,00% | 0,00% | +0,39%",,22ddías,602.316,602.316 | 602.316 | 602.316 | 602.316 | 602.316 | 600.000,Portero
2026-07-31,Oluwaseyi,Villarreal,-85.751 | -176.561 | -267.802 | -659.461 | -1.493.279 | -2.699.956,"-2,21% | -4,44% | -6,58% | -14,79% | -28,21% | -41,54%",,25ddías,3.800.044,3.885.795 | 3.976.605 | 4.067.846 | 4.459.505 | 5.293.323 | 6.500.000,Delantero
2026-07-31,Arriaga,Levante,-80.685 | -166.369 | -258.261 | -613.886 | -1.407.911 | -2.484.747,"-2,24% | -4,52% | -6,84% | -14,87% | -28,60% | -41,41%",,25ddías,3.515.253,3.595.938 | 3.681.622 | 3.773.514 | 4.129.139 | 4.923.164 | 6.000.000,Mediocampista
2026-07-31,Laporte,Athletic,+1.714.626 | +3.604.777 | +4.964.621 | +13.525.425 | +25.580.603 | +45.550.358,"+3,47% | +7,60% | +10,77% | +36,03% | +100,39% | 0%",,16ddías,51.061.686,49.347.060 | 47.456.909 | 46.097.065 | 37.536.261 | 25.481.083 | 0,Defensa
2026-07-31,Mastantuono,Real Madrid,0 | 0 | 0 | 0 | 0 | +37.262,"0,00% | 0,00% | 0,00% | 0,00% | 0,00% | +0,37%",,22ddías,10.037.262,10.037.262 | 10.037.262 | 10.037.262 | 10.037.262 | 10.037.262 | 10.000.000,Delantero
2026-07-31,Rueda,Celta,-45.811 | -69.491 | -117.653 | -295.675 | -728.450 | -1.234.621,"-1,20% | -1,81% | -3,03% | -7,28% | -16,21% | -24,69%",,23ddías,3.765.379,3.811.190 | 3.834.870 | 3.883.032 | 4.061.054 | 4.493.829 | 5.000.000,Defensa
2026-07-31,Niculaesei,Elche,0 | 0 | 0 | 0 | 0 | +3.099,"0,00% | 0,00% | 0,00% | 0,00% | 0,00% | +0,39%",,22ddías,803.099,803.099 | 803.099 | 803.099 | 803.099 | 803.099 | 800.000,Defensa
2026-07-31,Mendoza,Atlético,-14.927 | -31.487 | -53.267 | -121.982 | -283.587 | -519.076,"-1,50% | -3,11% | -5,15% | -11,06% | -22,43% | -34,61%",,25ddías,980.924,995.851 | 1.012.411 | 1.034.191 | 1.102.906 | 1.264.511 | 1.500.000,Mediocampista
2026-07-31,Echegoyen,Osasuna,0 | 0 | 0 | 0 | 0 | -37.714,"0,00% | 0,00% | 0,00% | 0,00% | 0,00% | -6,29%",,22ddías,562.286,562.286 | 562.286 | 562.286 | 562.286 | 562.286 | 600.000,Mediocampista
2026-07-31,Josan,Elche,0 | 0 | 0 | 0 | 0 | +4.650,"0,00% | 0,00% | 0,00% | 0,00% | 0,00% | +0,39%",,22ddías,1.204.650,1.204.650 | 1.204.650 | 1.204.650 | 1.204.650 | 1.204.650 | 1.200.000,Mediocampista
2026-07-31,Davinchi,Getafe,0 | 0 | 0 | 0 | 0 | +11.603,"0,00% | 0,00% | 0,00% | 0,00% | 0,00% | +0,39%",,22ddías,3.011.603,3.011.603 | 3.011.603 | 3.011.603 | 3.011.603 | 3.011.603 | 3.000.000,Defensa
2026-07-31,Thiago,Real Madrid,0 | 0 | 0 | 0 | 0 | +26.082,"0,00% | 0,00% | 0,00% | 0,00% | 0,00% | +0,37%",,22ddías,7.026.082,7.026.082 | 7.026.082 | 7.026.082 | 7.026.082 | 7.026.082 | 7.000.000,Mediocampista
2026-07-31,Suazo,Sevilla,-101.390 | -190.855 | -290.425 | -608.235 | -1.570.319 | -2.811.873,"-1,61% | -2,99% | -4,48% | -8,95% | -20,24% | -31,24%",,25ddías,6.188.127,6.289.517 | 6.378.982 | 6.478.552 | 6.796.362 | 7.758.446 | 9.000.000,Defensa
2026-07-31,Veiga,Villarreal,+678.357 | +1.384.230 | +1.827.338 | +4.745.218 | +10.344.833 | +15.837.734,"+1,69% | +3,51% | +4,68% | +13,15% | +33,93% | +63,35%",,24ddías,40.837.734,40.159.377 | 39.453.504 | 39.010.396 | 36.092.516 | 30.492.901 | 25.000.000,Defensa
2026-07-31,Corralejo,Betis,0 | 0 | 0 | 0 | 0 | +2.248,"0,00% | 0,00% | 0,00% | 0,00% | 0,00% | +0,37%",,22ddías,602.248,602.248 | 602.248 | 602.248 | 602.248 | 602.248 | 600.000,Mediocampista
2026-07-31,Nacho Pérez,Levante,0 | 0 | 0 | 0 | 0 | -18.308,"0,00% | 0,00% | 0,00% | 0,00% | 0,00% | -3,05%",,22ddías,581.692,581.692 | 581.692 | 581.692 | 581.692 | 581.692 | 600.000,Defensa
2026-07-31,Altozano,Sevilla,0 | 0 | 0 | 0 | 0 | +2.284,"0,00% | 0,00% | 0,00% | 0,00% | 0,00% | +0,38%",,22ddías,602.284,602.284 | 602.284 | 602.284 | 602.284 | 602.284 | 600.000,Mediocampista
2026-07-31,Sierra,Sevilla,0 | 0 | 0 | 0 | 0 | +2.284,"0,00% | 0,00% | 0,00% | 0,00% | 0,00% | +0,38%",,22ddías,602.284,602.284 | 602.284 | 602.284 | 602.284 | 602.284 | 600.000,Delantero
2026-07-31,Blázquez,Valencia,0 | 0 | 0 | 0 | 0 | -18.344,"0,00% | 0,00% | 0,00% | 0,00% | 0,00% | -3,06%",,22ddías,581.656,581.656 | 581.656 | 581.656 | 581.656 | 581.656 | 600.000,Delantero
2026-07-31,Alemão,Rayo,-73.651 | -141.833 | -214.687 | -554.660 | -1.240.240 | -2.389.718,"-1,57% | -2,98% | -4,45% | -10,74% | -21,20% | -34,14%",,25ddías,4.610.282,4.683.933 | 4.752.115 | 4.824.969 | 5.164.942 | 5.850.522 | 7.000.000,Delantero
2026-07-31,Santos,Athletic,0 | 0 | 0 | 0 | 0 | +2.606,"0,00% | 0,00% | 0,00% | 0,00% | 0,00% | +0,37%",,22ddías,702.606,702.606 | 702.606 | 702.606 | 702.606 | 702.606 | 700.000,Portero
2026-07-31,Becerra,Rayo,0 | 0 | 0 | 0 | 0 | -18.300,"0,00% | 0,00% | 0,00% | 0,00% | 0,00% | -3,05%",,22ddías,581.700,581.700 | 581.700 | 581.700 | 581.700 | 581.700 | 600.000,Mediocampista
2026-07-31,Álvaro,Alavés,0 | 0 | 0 | 0 | 0 | +1.929,"0,00% | 0,00% | 0,00% | 0,00% | 0,00% | +0,39%",,22ddías,501.929,501.929 | 501.929 | 501.929 | 501.929 | 501.929 | 500.000,Defensa
2026-07-31,Joan Martínez,Real Madrid,0 | 0 | 0 | 0 | 0 | +2.622,"0,00% | 0,00% | 0,00% | 0,00% | 0,00% | +0,37%",,22ddías,702.622,702.622 | 702.622 | 702.622 | 702.622 | 702.622 | 700.000,Defensa
2026-07-31,Unai Santos,Osasuna,0 | 0 | 0 | 0 | 0 | +2.319,"0,00% | 0,00% | 0,00% | 0,00% | 0,00% | +0,39%",,22ddías,602.319,602.319 | 602.319 | 602.319 | 602.319 | 602.319 | 600.000,Defensa
2026-07-31,Carlos Macià,Villarreal,0 | 0 | 0 | 0 | 0 | +3.057,"0,00% | 0,00% | 0,00% | 0,00% | 0,00% | +0,38%",,22ddías,803.057,803.057 | 803.057 | 803.057 | 803.057 | 803.057 | 800.000,Mediocampista
2026-07-31,Carrera,Real Sociedad,0 | 0 | 0 | 0 | 0 | +2.633,"0,00% | 0,00% | 0,00% | 0,00% | 0,00% | +0,38%",,22ddías,702.633,702.633 | 702.633 | 702.633 | 702.633 | 702.633 | 700.000,Delantero
2026-07-31,Rosón,Levante,0 | 0 | 0 | 0 | 0 | +2.249,"0,00% | 0,00% | 0,00% | 0,00% | 0,00% | +0,37%",,22ddías,602.249,602.249 | 602.249 | 602.249 | 602.249 | 602.249 | 600.000,Mediocampista
2026-07-31,Nakoha,Levante,0 | 0 | 0 | 0 | 0 | +1.874,"0,00% | 0,00% | 0,00% | 0,00% | 0,00% | +0,37%",,22ddías,501.874,501.874 | 501.874 | 501.874 | 501.874 | 501.874 | 500.000,Defensa
2026-07-31,Jurado,Valencia,0 | 0 | 0 | 0 | 0 | +2.292,"0,00% | 0,00% | 0,00% | 0,00% | 0,00% | +0,38%",,22ddías,602.292,602.292 | 602.292 | 602.292 | 602.292 | 602.292 | 600.000,Defensa
2026-07-31,Panach,Valencia,0 | 0 | 0 | 0 | 0 | +1.909,"0,00% | 0,00% | 0,00% | 0,00% | 0,00% | +0,38%",,22ddías,501.909,501.909 | 501.909 | 501.909 | 501.909 | 501.909 | 500.000,Defensa
2026-07-31,Marchal,Real Sociedad,0 | 0 | 0 | 0 | 0 | +2.234,"0,00% | 0,00% | 0,00% | 0,00% | 0,00% | +0,37%",,22ddías,602.234,602.234 | 602.234 | 602.234 | 602.234 | 602.234 | 600.000,Mediocampista
2026-07-31,Yassin,Getafe,0 | 0 | 0 | 0 | 0 | +1.932,"0,00% | 0,00% | 0,00% | 0,00% | 0,00% | +0,39%",,22ddías,501.932,501.932 | 501.932 | 501.932 | 501.932 | 501.932 | 500.000,Defensa
2026-07-31,Al Lal,Elche,0 | 0 | 0 | 0 | 0 | +1.936,"0,00% | 0,00% | 0,00% | 0,00% | 0,00% | +0,39%",,22ddías,501.936,501.936 | 501.936 | 501.936 | 501.936 | 501.936 | 500.000,Delantero
2026-07-31,Óscar Marcos,Celta,0 | 0 | 0 | 0 | 0 | +2.257,"0,00% | 0,00% | 0,00% | 0,00% | 0,00% | +0,38%",,22ddías,602.257,602.257 | 602.257 | 602.257 | 602.257 | 602.257 | 600.000,Delantero
2026-07-31,Meixús,Celta,0 | 0 | 0 | 0 | 0 | -14.628,"0,00% | 0,00% | 0,00% | 0,00% | 0,00% | -2,93%",,22ddías,485.372,485.372 | 485.372 | 485.372 | 485.372 | 485.372 | 500.000,Defensa
2026-07-31,Selton,Athletic,0 | 0 | 0 | 0 | 0 | +2.257,"0,00% | 0,00% | 0,00% | 0,00% | 0,00% | +0,38%",,22ddías,602.257,602.257 | 602.257 | 602.257 | 602.257 | 602.257 | 600.000,Mediocampista
2026-07-31,Delgado,Elche,0 | 0 | 0 | 0 | 0 | +2.324,"0,00% | 0,00% | 0,00% | 0,00% | 0,00% | +0,39%",,22ddías,602.324,602.324 | 602.324 | 602.324 | 602.324 | 602.324 | 600.000,Defensa
2026-07-31,Adam Boayar,Elche,0 | 0 | 0 | 0 | 0 | +2.711,"0,00% | 0,00% | 0,00% | 0,00% | 0,00% | +0,39%",,22ddías,702.711,702.711 | 702.711 | 702.711 | 702.711 | 702.711 | 700.000,Mediocampista
2026-07-31,Adrián Pérez,Athletic,0 | 0 | 0 | 0 | 0 | +2.257,"0,00% | 0,00% | 0,00% | 0,00% | 0,00% | +0,38%",,22ddías,602.257,602.257 | 602.257 | 602.257 | 602.257 | 602.257 | 600.000,Delantero
2026-07-31,Bardghji,Barcelona,0 | 0 | 0 | 0 | 0 | +18.565,"0,00% | 0,00% | 0,00% | 0,00% | 0,00% | +0,39%",,22ddías,4.818.565,4.818.565 | 4.818.565 | 4.818.565 | 4.818.565 | 4.818.565 | 4.800.000,Delantero
2026-07-31,Taufik,Atlético,0 | 0 | 0 | 0 | 0 | +2.316,"0,00% | 0,00% | 0,00% | 0,00% | 0,00% | +0,39%",,22ddías,602.316,602.316 | 602.316 | 602.316 | 602.316 | 602.316 | 600.000,Mediocampista
2026-07-31,Martínez Bastida,Elche,0 | 0 | 0 | 0 | 0 | +2.324,"0,00% | 0,00% | 0,00% | 0,00% | 0,00% | +0,39%",,22ddías,602.324,602.324 | 602.324 | 602.324 | 602.324 | 602.324 | 600.000,Mediocampista
2026-07-31,Aller,Barcelona,0 | 0 | 0 | 0 | 0 | +2.705,"0,00% | 0,00% | 0,00% | 0,00% | 0,00% | +0,39%",,22ddías,702.705,702.705 | 702.705 | 702.705 | 702.705 | 702.705 | 700.000,Portero
2026-07-31,Ballestero,Alavés,0 | 0 | 0 | 0 | 0 | +2.316,"0,00% | 0,00% | 0,00% | 0,00% | 0,00% | +0,39%",,22ddías,602.316,602.316 | 602.316 | 602.316 | 602.316 | 602.316 | 600.000,Defensa
2026-07-31,Monreal,Athletic,0 | 0 | 0 | 0 | 0 | +2.257,"0,00% | 0,00% | 0,00% | 0,00% | 0,00% | +0,38%",,22ddías,602.257,602.257 | 602.257 | 602.257 | 602.257 | 602.257 | 600.000,Defensa
2026-07-31,Juan Hernández,Barcelona,0 | 0 | 0 | 0 | 0 | -18.240,"0,00% | 0,00% | 0,00% | 0,00% | 0,00% | -3,04%",,22ddías,581.760,581.760 | 581.760 | 581.760 | 581.760 | 581.760 | 600.000,Mediocampista
2026-07-31,Barry,Villarreal,0 | 0 | 0 | 0 | 0 | +2.292,"0,00% | 0,00% | 0,00% | 0,00% | 0,00% | +0,38%",,22ddías,602.292,602.292 | 602.292 | 602.292 | 602.292 | 602.292 | 600.000,Mediocampista
2026-07-31,Espart,Barcelona,0 | 0 | 0 | 0 | 0 | +2.705,"0,00% | 0,00% | 0,00% | 0,00% | 0,00% | +0,39%",,22ddías,702.705,702.705 | 702.705 | 702.705 | 702.705 | 702.705 | 700.000,Defensa
2026-07-31,Benito,Getafe,0 | 0 | 0 | 0 | 0 | +2.319,"0,00% | 0,00% | 0,00% | 0,00% | 0,00% | +0,39%",,22ddías,602.319,602.319 | 602.319 | 602.319 | 602.319 | 602.319 | 600.000,Portero
2026-07-31,Aleksandrov,Getafe,0 | 0 | 0 | 0 | 0 | +2.319,"0,00% | 0,00% | 0,00% | 0,00% | 0,00% | +0,39%",,22ddías,602.319,602.319 | 602.319 | 602.319 | 602.319 | 602.319 | 600.000,Delantero
2026-07-31,Javi Navarro,Real Madrid,0 | 0 | 0 | 0 | 0 | +2.622,"0,00% | 0,00% | 0,00% | 0,00% | 0,00% | +0,37%",,22ddías,702.622,702.622 | 702.622 | 702.622 | 702.622 | 702.622 | 700.000,Portero
2026-07-31,Beitia,Real Sociedad,0 | 0 | 0 | 0 | 0 | +1.861,"0,00% | 0,00% | 0,00% | 0,00% | 0,00% | +0,37%",,22ddías,501.861,501.861 | 501.861 | 501.861 | 501.861 | 501.861 | 500.000,Defensa
2026-07-31,Lebarbier,Real Sociedad,0 | 0 | 0 | 0 | 0 | +2.234,"0,00% | 0,00% | 0,00% | 0,00% | 0,00% | +0,37%",,22ddías,602.234,602.234 | 602.234 | 602.234 | 602.234 | 602.234 | 600.000,Defensa
2026-07-31,Radu,Celta,+686.202 | +1.499.374 | +2.080.183 | +4.788.285 | +9.004.777 | +13.398.304,"+2,10% | +4,70% | +6,64% | +16,74% | +36,91% | +66,99%",,24ddías,33.398.304,32.712.102 | 31.898.930 | 31.318.121 | 28.610.019 | 24.393.527 | 20.000.000,Portero
2026-07-31,Vertrouwd,Rayo,0 | 0 | 0 | 0 | 0 | +3.725,"0,00% | 0,00% | 0,00% | 0,00% | 0,00% | +0,37%",,22ddías,1.003.725,1.003.725 | 1.003.725 | 1.003.725 | 1.003.725 | 1.003.725 | 1.000.000,Defensa
2026-07-31,Oláiz,Alavés,0 | 0 | 0 | 0 | 0 | +2.316,"0,00% | 0,00% | 0,00% | 0,00% | 0,00% | +0,39%",,22ddías,602.316,602.316 | 602.316 | 602.316 | 602.316 | 602.316 | 600.000,Defensa
2026-07-31,Swiderski,Alavés,0 | 0 | 0 | 0 | 0 | +2.316,"0,00% | 0,00% | 0,00% | 0,00% | 0,00% | +0,39%",,22ddías,602.316,602.316 | 602.316 | 602.316 | 602.316 | 602.316 | 600.000,Portero
2026-07-31,Sivera,Alavés,+535.147 | +1.203.301 | +1.643.859 | +3.433.513 | +5.950.515 | +7.837.404,"+2,40% | +5,56% | +7,76% | +17,69% | +35,24% | +52,25%",,23ddías,22.837.404,22.302.257 | 21.634.103 | 21.193.545 | 19.403.891 | 16.886.889 | 15.000.000,Portero
2026-07-31,Aguado,Elche,-58.842 | -109.969 | -175.530 | -432.723 | -1.072.088 | -2.213.004,"-1,53% | -2,82% | -4,43% | -10,25% | -22,06% | -36,88%",,25ddías,3.786.996,3.845.838 | 3.896.965 | 3.962.526 | 4.219.719 | 4.859.084 | 6.000.000,Mediocampista
2026-07-31,Santiago,Elche,-15.082 | -30.594 | -47.512 | -112.960 | -261.932 | -582.210,"-2,06% | -4,09% | -6,21% | -13,60% | -26,74% | -44,79%",,25ddías,717.790,732.872 | 748.384 | 765.302 | 830.750 | 979.722 | 1.300.000,Mediocampista
2026-07-31,Á. Núñez,Celta,-107.165 | -213.729 | -322.638 | -731.651 | -1.522.878 | -2.284.796,"-2,22% | -4,34% | -6,40% | -13,43% | -24,41% | -32,64%",,22ddías,4.715.204,4.822.369 | 4.928.933 | 5.037.842 | 5.446.855 | 6.238.082 | 7.000.000,Defensa
2026-07-31,Affengruber,Elche,+576.797 | +1.271.329 | +1.748.328 | +4.034.023 | +7.271.035 | +19.083.993,"+2,14% | +4,85% | +6,79% | +17,20% | +35,96% | 0%",,17ddías,27.489.247,26.912.450 | 26.217.918 | 25.740.919 | 23.455.224 | 20.218.212 | 0,Defensa
2026-07-31,Febas,Celta,0 | 0 | 0 | 0 | 0 | +96.888,"0,00% | 0,00% | 0,00% | 0,00% | 0,00% | +0,39%",,22ddías,25.096.888,25.096.888 | 25.096.888 | 25.096.888 | 25.096.888 | 25.096.888 | 25.000.000,Mediocampista
2026-07-31,John ChetauyaJohn C.,Elche,-25.372 | -51.602 | -79.685 | -191.138 | -444.788 | -935.261,"-2,56% | -5,08% | -7,63% | -16,54% | -31,56% | -49,22%",,25ddías,964.739,990.111 | 1.016.341 | 1.044.424 | 1.155.877 | 1.409.527 | 1.900.000,Defensa
2026-07-31,Vencedor,Athletic,0 | 0 | 0 | 0 | 0 | +8.253,"0,00% | 0,00% | 0,00% | 0,00% | 0,00% | +0,38%",,22ddías,2.208.253,2.208.253 | 2.208.253 | 2.208.253 | 2.208.253 | 2.208.253 | 2.200.000,Mediocampista
2026-07-31,Youssef,Alavés,-9.047 | -18.273 | -28.643 | -65.055 | -150.278 | -327.035,"-1,55% | -3,09% | -4,76% | -10,20% | -20,78% | -36,34%",,17ddías,572.965,582.012 | 591.238 | 601.608 | 638.020 | 723.243 | 900.000,Defensa
2026-07-31,Fortuny,Real Madrid,0 | 0 | 0 | 0 | 0 | +2.234,"0,00% | 0,00% | 0,00% | 0,00% | 0,00% | +0,37%",,22ddías,602.234,602.234 | 602.234 | 602.234 | 602.234 | 602.234 | 600.000,Mediocampista
2026-07-31,Molina,Rayo,0 | 0 | 0 | 0 | 0 | +2.234,"0,00% | 0,00% | 0,00% | 0,00% | 0,00% | +0,37%",,22ddías,602.234,602.234 | 602.234 | 602.234 | 602.234 | 602.234 | 600.000,Portero
2026-07-31,Arguibide,Osasuna,0 | 0 | 0 | 0 | 0 | -17.987,"0,00% | 0,00% | 0,00% | 0,00% | 0,00% | -3,00%",,22ddías,582.013,582.013 | 582.013 | 582.013 | 582.013 | 582.013 | 600.000,Defensa
2026-07-31,Bekhoucha,Getafe,0 | 0 | 0 | 0 | 0 | +4.254,"0,00% | 0,00% | 0,00% | 0,00% | 0,00% | +0,39%",,22ddías,1.104.254,1.104.254 | 1.104.254 | 1.104.254 | 1.104.254 | 1.104.254 | 1.100.000,Defensa
2026-07-31,Pablo García,Betis,0 | 0 | 0 | 0 | 0 | +9.371,"0,00% | 0,00% | 0,00% | 0,00% | 0,00% | +0,37%",,22ddías,2.509.371,2.509.371 | 2.509.371 | 2.509.371 | 2.509.371 | 2.509.371 | 2.500.000,Delantero
2026-07-31,Diatta,Villarreal,0 | 0 | 0 | 0 | 0 | -18.344,"0,00% | 0,00% | 0,00% | 0,00% | 0,00% | -3,06%",,22ddías,581.656,581.656 | 581.656 | 581.656 | 581.656 | 581.656 | 600.000,Mediocampista
2026-07-31,Salinas,Málaga,+15.131 | 0 | -18.620 | -129.249 | -353.626 | -829.930,"+1,43% | 0,00% | -1,71% | -10,78% | -24,84% | -43,68%",,1ddías,1.070.070,1.054.939 | 1.070.070 | 1.088.690 | 1.199.319 | 1.423.696 | 1.900.000,Defensa
2026-07-31,Ortiz,Betis,0 | 0 | 0 | 0 | 0 | +6.372,"0,00% | 0,00% | 0,00% | 0,00% | 0,00% | +0,37%",,22ddías,1.706.372,1.706.372 | 1.706.372 | 1.706.372 | 1.706.372 | 1.706.372 | 1.700.000,Defensa
2026-07-31,Rubén Gómez,Villarreal,0 | 0 | 0 | 0 | 0 | +2.292,"0,00% | 0,00% | 0,00% | 0,00% | 0,00% | +0,38%",,22ddías,602.292,602.292 | 602.292 | 602.292 | 602.292 | 602.292 | 600.000,Portero
2026-07-31,Valou,Getafe,0 | 0 | 0 | 0 | 0 | +2.292,"0,00% | 0,00% | 0,00% | 0,00% | 0,00% | +0,38%",,22ddías,602.292,602.292 | 602.292 | 602.292 | 602.292 | 602.292 | 600.000,Defensa
2026-07-31,Gonzalo,Real Madrid,-91.628 | -136.849 | -211.104 | -431.515 | -905.977 | -1.633.990,"-2,15% | -3,18% | -4,82% | -9,39% | -17,86% | -28,17%",,25ddías,4.166.010,4.257.638 | 4.302.859 | 4.377.114 | 4.597.525 | 5.071.987 | 5.800.000,Delantero
2026-07-31,Niño,Málaga,-35.324 | -61.757 | -109.813 | -248.271 | -563.990 | -1.078.932,"-1,19% | -2,07% | -3,62% | -7,83% | -16,18% | -26,97%",,25ddías,2.921.068,2.956.392 | 2.982.825 | 3.030.881 | 3.169.339 | 3.485.058 | 4.000.000,Delantero
2026-07-31,Rayane,Atlético,0 | 0 | 0 | 0 | 0 | -21.994,"0,00% | 0,00% | 0,00% | 0,00% | 0,00% | -3,14%",,22ddías,678.006,678.006 | 678.006 | 678.006 | 678.006 | 678.006 | 700.000,Delantero
2026-07-31,Mendy,Rayo,0 | 0 | 0 | 0 | 0 | +22.356,"0,00% | 0,00% | 0,00% | 0,00% | 0,00% | +0,37%",,22ddías,6.022.356,6.022.356 | 6.022.356 | 6.022.356 | 6.022.356 | 6.022.356 | 6.000.000,Defensa
2026-07-31,Osambela,Osasuna,0 | 0 | 0 | 0 | 0 | +1.932,"0,00% | 0,00% | 0,00% | 0,00% | 0,00% | +0,39%",,22ddías,501.932,501.932 | 501.932 | 501.932 | 501.932 | 501.932 | 500.000,Mediocampista
2026-07-31,Rafa,Sevilla,0 | 0 | 0 | 0 | 0 | +2.257,"0,00% | 0,00% | 0,00% | 0,00% | 0,00% | +0,38%",,22ddías,602.257,602.257 | 602.257 | 602.257 | 602.257 | 602.257 | 600.000,Portero
2026-07-31,Juanpe,Rayo,0 | 0 | 0 | 0 | 0 | +2.234,"0,00% | 0,00% | 0,00% | 0,00% | 0,00% | +0,37%",,22ddías,602.234,602.234 | 602.234 | 602.234 | 602.234 | 602.234 | 600.000,Portero
2026-07-31,Yáñez,Real Madrid,0 | 0 | 0 | 0 | 0 | +2.606,"0,00% | 0,00% | 0,00% | 0,00% | 0,00% | +0,37%",,22ddías,702.606,702.606 | 702.606 | 702.606 | 702.606 | 702.606 | 700.000,Delantero
2026-07-31,D. Aguado,Real Madrid,0 | 0 | 0 | 0 | 0 | -25.891,"0,00% | 0,00% | 0,00% | 0,00% | 0,00% | -3,24%",,22ddías,774.109,774.109 | 774.109 | 774.109 | 774.109 | 774.109 | 800.000,Defensa
2026-07-31,Fran González,Real Madrid,0 | 0 | 0 | 0 | 0 | +2.622,"0,00% | 0,00% | 0,00% | 0,00% | 0,00% | +0,37%",,22ddías,702.622,702.622 | 702.622 | 702.622 | 702.622 | 702.622 | 700.000,Portero
2026-07-31,Mariezkurrena,Real Sociedad,0 | 0 | 0 | 0 | 0 | -22.034,"0,00% | 0,00% | 0,00% | 0,00% | 0,00% | -3,15%",,22ddías,677.966,677.966 | 677.966 | 677.966 | 677.966 | 677.966 | 700.000,Delantero
2026-07-31,Castrín,Sevilla,0 | 0 | 0 | 0 | 0 | -176.984,"0,00% | 0,00% | 0,00% | 0,00% | 0,00% | -3,54%",,22ddías,4.823.016,4.823.016 | 4.823.016 | 4.823.016 | 4.823.016 | 4.823.016 | 5.000.000,Defensa
2026-07-31,Iván Romero,Levante,-26.608 | -46.757 | -117.835 | -326.433 | -794.081 | -1.382.686,"-0,37% | -0,65% | -1,63% | -4,39% | -10,04% | -16,27%",,14ddías,7.117.314,7.143.922 | 7.164.071 | 7.235.149 | 7.443.747 | 7.911.395 | 8.500.000,Delantero
2026-07-31,Ruggeri,Atlético,-136.728 | -231.220 | -353.495 | -800.810 | -1.690.840 | -1.203.758,"-1,75% | -2,92% | -4,39% | -9,42% | -18,01% | -13,53%",,19ddías,7.696.242,7.832.970 | 7.927.462 | 8.049.737 | 8.497.052 | 9.387.082 | 8.900.000,Defensa
2026-07-31,Primo,Levante,0 | 0 | 0 | 0 | 0 | +4.126,"0,00% | 0,00% | 0,00% | 0,00% | 0,00% | +0,38%",,22ddías,1.104.126,1.104.126 | 1.104.126 | 1.104.126 | 1.104.126 | 1.104.126 | 1.100.000,Portero
2026-07-31,Esquivel,Atlético,0 | 0 | 0 | 0 | 0 | +2.292,"0,00% | 0,00% | 0,00% | 0,00% | 0,00% | +0,38%",,22ddías,602.292,602.292 | 602.292 | 602.292 | 602.292 | 602.292 | 600.000,Portero
2026-07-31,Gorrotxategi,Real Sociedad,-138.747 | -171.444 | -317.429 | -742.883 | -1.613.132 | +895.696,"-1,54% | -1,89% | -3,45% | -7,71% | -15,35% | +11,20%",,18ddías,8.895.696,9.034.443 | 9.067.140 | 9.213.125 | 9.638.579 | 10.508.828 | 8.000.000,Mediocampista
2026-07-31,Ugrinic,Valencia,-131.210 | -256.747 | -387.020 | -903.924 | -1.977.784 | -2.966.024,"-2,54% | -4,85% | -7,14% | -15,22% | -28,21% | -37,08%",,23ddías,5.033.976,5.165.186 | 5.290.723 | 5.420.996 | 5.937.900 | 7.011.760 | 8.000.000,Mediocampista
2026-07-31,Bigas,Elche,-182.374 | -362.093 | -457.115 | -776.058 | -1.674.505 | -658.884,"-2,42% | -4,70% | -5,86% | -9,56% | -18,57% | -8,24%",,20ddías,7.341.116,7.523.490 | 7.703.209 | 7.798.231 | 8.117.174 | 9.015.621 | 8.000.000,Defensa
2026-07-31,Redondo,Elche,-33.608 | -67.803 | -102.183 | -252.575 | -573.125 | -1.166.849,"-2,65% | -5,21% | -7,65% | -17,00% | -31,73% | -48,62%",,25ddías,1.233.151,1.266.759 | 1.300.954 | 1.335.334 | 1.485.726 | 1.806.276 | 2.400.000,Mediocampista
2026-07-31,Pinillos,Alavés,0 | 0 | 0 | 0 | 0 | +1.929,"0,00% | 0,00% | 0,00% | 0,00% | 0,00% | +0,39%",,22ddías,501.929,501.929 | 501.929 | 501.929 | 501.929 | 501.929 | 500.000,Mediocampista
2026-07-31,Rego,Athletic,0 | 0 | 0 | 0 | 0 | +18.825,"0,00% | 0,00% | 0,00% | 0,00% | 0,00% | +0,38%",,22ddías,5.018.825,5.018.825 | 5.018.825 | 5.018.825 | 5.018.825 | 5.018.825 | 5.000.000,Defensa
2026-07-31,Torrents,Barcelona,0 | 0 | 0 | 0 | 0 | +2.319,"0,00% | 0,00% | 0,00% | 0,00% | 0,00% | +0,39%",,22ddías,602.319,602.319 | 602.319 | 602.319 | 602.319 | 602.319 | 600.000,Defensa
2026-07-31,Oriol Rey,Levante,-27.866 | -55.155 | -85.880 | -205.500 | -470.173 | -975.412,"-2,65% | -5,11% | -7,73% | -16,71% | -31,45% | -48,77%",,25ddías,1.024.588,1.052.454 | 1.079.743 | 1.110.468 | 1.230.088 | 1.494.761 | 2.000.000,Mediocampista
2026-07-31,Manu Fernández,Celta,-3.894 | -7.753 | -12.532 | -24.150 | -54.937 | -150.704,"-0,86% | -1,70% | -2,71% | -5,10% | -10,90% | -25,12%",,25ddías,449.296,453.190 | 457.049 | 461.828 | 473.446 | 504.233 | 600.000,Defensa
2026-07-31,Joselu,Getafe,0 | 0 | 0 | 0 | 0 | +2.319,"0,00% | 0,00% | 0,00% | 0,00% | 0,00% | +0,39%",,22ddías,602.319,602.319 | 602.319 | 602.319 | 602.319 | 602.319 | 600.000,Delantero
2026-07-31,Víctor García,Levante,-80.034 | -159.738 | -244.941 | -603.146 | -1.340.348 | -2.652.595,"-2,73% | -5,31% | -7,92% | -17,48% | -32,01% | -48,23%",,25ddías,2.847.405,2.927.439 | 3.007.143 | 3.092.346 | 3.450.551 | 4.187.753 | 5.500.000,Defensa
2026-07-31,Pablo CamposCuñat Campos,Levante,+21.751 | +48.145 | +54.009 | +24.810 | -162.389 | -544.654,"+1,76% | +3,99% | +4,50% | +2,02% | -11,45% | -30,26%",,4ddías,1.255.346,1.233.595 | 1.207.201 | 1.201.337 | 1.230.536 | 1.417.735 | 1.800.000,Portero
2026-07-31,Toljan,Levante,-89.927 | -154.144 | -244.987 | -597.137 | -1.381.124 | -2.519.946,"-1,77% | -3,00% | -4,69% | -10,71% | -21,71% | -33,60%",,23ddías,4.980.054,5.069.981 | 5.134.198 | 5.225.041 | 5.577.191 | 6.361.178 | 7.500.000,Defensa
2026-07-31,Cortés,Levante,0 | 0 | 0 | 0 | 0 | +3.000,"0,00% | 0,00% | 0,00% | 0,00% | 0,00% | +0,38%",,22ddías,803.000,803.000 | 803.000 | 803.000 | 803.000 | 803.000 | 800.000,Delantero
2026-07-31,Elgezabal,Levante,-44.416 | -89.574 | -138.036 | -331.170 | -721.575 | -1.422.637,"-2,74% | -5,37% | -8,05% | -17,35% | -31,39% | -47,42%",,25ddías,1.577.363,1.621.779 | 1.666.937 | 1.715.399 | 1.908.533 | 2.298.938 | 3.000.000,Defensa
2026-07-31,C. Álvarez,Levante,+286.817 | +652.803 | +903.597 | +2.578.974 | +4.412.492 | +8.208.973,"+1,80% | +4,20% | +5,90% | +18,92% | +37,41% | +102,61%",,24ddías,16.208.973,15.922.156 | 15.556.170 | 15.305.376 | 13.629.999 | 11.796.481 | 8.000.000,Mediocampista
2026-07-31,Huijsen,Real Madrid,-210.851 | -369.703 | -830.595 | -1.912.137 | -6.156.771 | -12.855.390,"-0,58% | -1,02% | -2,26% | -5,06% | -14,66% | -26,40%",,25ddías,35.844.610,36.055.461 | 36.214.313 | 36.675.205 | 37.756.747 | 42.001.381 | 48.700.000,Defensa
2026-07-31,Jutglà,Celta,-115.048 | -254.400 | -387.777 | -917.580 | -2.277.813 | -1.458.838,"-1,19% | -2,60% | -3,91% | -8,77% | -19,27% | -13,26%",,21ddías,9.541.162,9.656.210 | 9.795.562 | 9.928.939 | 10.458.742 | 11.818.975 | 11.000.000,Delantero
2026-07-31,Alexander-Arnold,Real Madrid,-370.952 | -721.487 | -1.191.094 | -3.004.512 | -7.097.067 | -12.673.017,"-1,34% | -2,57% | -4,18% | -9,91% | -20,62% | -31,68%",,25ddías,27.326.983,27.697.935 | 28.048.470 | 28.518.077 | 30.331.495 | 34.424.050 | 40.000.000,Defensa
2026-07-31,Jonny,Alavés,-101.827 | -216.963 | -322.975 | -784.422 | -1.794.414 | -2.859.062,"-1,63% | -3,41% | -5,00% | -11,33% | -22,61% | -31,77%",,21ddías,6.140.938,6.242.765 | 6.357.901 | 6.463.913 | 6.925.360 | 7.935.352 | 9.000.000,Defensa
2026-07-31,Almada,Atlético,-180.017 | -338.117 | -530.738 | -1.129.390 | -2.350.122 | -2.788.020,"-2,44% | -4,48% | -6,85% | -13,54% | -24,58% | -27,88%",,19ddías,7.211.980,7.391.997 | 7.550.097 | 7.742.718 | 8.341.370 | 9.562.102 | 10.000.000,Mediocampista
2026-07-31,Luiz Felipe,Rayo,0 | 0 | 0 | 0 | 0 | +15.277,"0,00% | 0,00% | 0,00% | 0,00% | 0,00% | +0,37%",,22ddías,4.115.277,4.115.277 | 4.115.277 | 4.115.277 | 4.115.277 | 4.115.277 | 4.100.000,Defensa
2026-07-31,Hancko,Atlético,-284.688 | -459.915 | -730.035 | -1.920.531 | -5.227.178 | -9.213.519,"-0,92% | -1,47% | -2,32% | -5,87% | -14,51% | -23,03%",,23ddías,30.786.481,31.071.169 | 31.246.396 | 31.516.516 | 32.707.012 | 36.013.659 | 40.000.000,Defensa
2026-07-31,Fortea,Real Madrid,0 | 0 | 0 | 0 | 0 | +2.099,"0,00% | 0,00% | 0,00% | 0,00% | 0,00% | +0,26%",,22ddías,802.099,802.099 | 802.099 | 802.099 | 802.099 | 802.099 | 800.000,Defensa
2026-07-31,Martim Neto,Elche,-27.004 | -37.595 | -53.854 | -136.398 | -425.752 | -924.549,"-1,28% | -1,78% | -2,53% | -6,17% | -17,02% | -30,82%",,25ddías,2.075.451,2.102.455 | 2.113.046 | 2.129.305 | 2.211.849 | 2.501.203 | 3.000.000,Mediocampista
2026-07-31,Jorge Cabello,Levante,-36.891 | -75.121 | +664.335 | +664.335 | +664.335 | +664.335,"-2,89% | -5,71% | 0% | 0% | 0% | 0%",,2ddías,1.241.211,1.278.102 | 1.316.332 | 0 | 0 | 0 | 0,Defensa
2026-07-31,Valentín Gómez,Betis,-47.910 | -92.043 | -148.920 | -363.148 | -843.943 | -1.667.181,"-2,01% | -3,80% | -6,00% | -13,47% | -26,57% | -41,68%",,25ddías,2.332.819,2.380.729 | 2.424.862 | 2.481.739 | 2.695.967 | 3.176.762 | 4.000.000,Defensa
2026-07-31,Deossa,Betis,-45.707 | -98.676 | -158.740 | -392.122 | -904.597 | -1.837.324,"-2,17% | -4,57% | -7,15% | -15,97% | -30,49% | -47,11%",,25ddías,2.062.676,2.108.383 | 2.161.352 | 2.221.416 | 2.454.798 | 2.967.273 | 3.900.000,Mediocampista
2026-07-31,Junior,Betis,-107.871 | -226.898 | -336.981 | -843.829 | -1.801.417 | -3.235.316,"-2,21% | -4,55% | -6,61% | -15,05% | -27,44% | -40,44%",,25ddías,4.764.684,4.872.555 | 4.991.582 | 5.101.665 | 5.608.513 | 6.566.101 | 8.000.000,Defensa
2026-07-31,Dituro,Elche,-100.300 | -178.107 | -181.983 | -290.400 | -810.773 | -1.262.474,"-1,47% | -2,58% | -2,63% | -4,13% | -10,74% | -15,78%",,25ddías,6.737.526,6.837.826 | 6.915.633 | 6.919.509 | 7.027.926 | 7.548.299 | 8.000.000,Portero
2026-07-31,Dolan,Espanyol,-120.647 | -191.844 | -294.300 | -674.851 | -1.494.936 | -1.084.864,"-1,71% | -2,70% | -4,08% | -8,89% | -17,78% | -13,56%",,18ddías,6.915.136,7.035.783 | 7.106.980 | 7.209.436 | 7.589.987 | 8.410.072 | 8.000.000,Delantero
2026-07-31,Roger BruguéBrugui,Levante,-99.118 | -195.992 | -302.688 | -719.045 | -1.676.485 | -3.559.247,"-2,80% | -5,39% | -8,09% | -17,29% | -32,76% | -50,85%",,26ddías,3.440.753,3.539.871 | 3.636.745 | 3.743.441 | 4.159.798 | 5.117.238 | 7.000.000,Delantero
2026-07-31,Iker Muñoz,Sevilla,0 | 0 | 0 | 0 | 0 | +2.284,"0,00% | 0,00% | 0,00% | 0,00% | 0,00% | +0,38%",,22ddías,602.284,602.284 | 602.284 | 602.284 | 602.284 | 602.284 | 600.000,Defensa
2026-07-31,Izei,Alavés,0 | 0 | 0 | 0 | 0 | -17.990,"0,00% | 0,00% | 0,00% | 0,00% | 0,00% | -3,00%",,22ddías,582.010,582.010 | 582.010 | 582.010 | 582.010 | 582.010 | 600.000,Mediocampista
2026-07-31,Cucho,Betis,-493.040 | -457.665 | -415.742 | +1.670.621 | +7.170.920 | +15.699.146,"-0,88% | -0,81% | -0,74% | +3,09% | +14,78% | +39,25%",,1ddías,55.699.146,56.192.186 | 56.156.811 | 56.114.888 | 54.028.525 | 48.528.226 | 40.000.000,Delantero
2026-07-31,Eriksson,Racing,+51.989 | +107.254 | +125.663 | +103.906 | -182.005 | -619.982,"+2,23% | +4,72% | +5,57% | +4,57% | -7,10% | -20,67%",,4ddías,2.380.018,2.328.029 | 2.272.764 | 2.254.355 | 2.276.112 | 2.562.023 | 3.000.000,Portero
2026-07-31,Iñigo Vicente,Racing,-437.371 | -766.654 | -1.089.960 | -1.721.530 | -3.648.846 | -5.583.153,"-2,15% | -3,71% | -5,19% | -7,96% | -15,48% | -21,89%",,21ddías,19.916.847,20.354.218 | 20.683.501 | 21.006.807 | 21.638.377 | 23.565.693 | 25.500.000,Delantero
2026-07-31,Solórzano,Racing,0 | 0 | 0 | 0 | 0 | +2.234,"0,00% | 0,00% | 0,00% | 0,00% | 0,00% | +0,37%",,21ddías,602.234,602.234 | 602.234 | 602.234 | 602.234 | 602.234 | 600.000,Mediocampista
2026-07-31,Puerta,Racing,+145.967 | +344.972 | +381.159 | +402.406 | -299.656 | -300.325,"+1,53% | +3,69% | +4,09% | +4,33% | -3,00% | -3,00%",,4ddías,9.699.675,9.553.708 | 9.354.703 | 9.318.516 | 9.297.269 | 9.999.331 | 10.000.000,Mediocampista
2026-07-31,Sergio Martínez,Racing,0 | 0 | 0 | 0 | 0 | +2.606,"0,00% | 0,00% | 0,00% | 0,00% | 0,00% | +0,37%",,21ddías,702.606,702.606 | 702.606 | 702.606 | 702.606 | 702.606 | 700.000,Mediocampista
2026-07-31,Gueye,Racing,-54.222 | -115.722 | -206.926 | -545.151 | -1.395.016 | -2.176.373,"-1,11% | -2,34% | -4,11% | -10,15% | -22,43% | -31,09%",,21ddías,4.823.627,4.877.849 | 4.939.349 | 5.030.553 | 5.368.778 | 6.218.643 | 7.000.000,Mediocampista
2026-07-31,Crespo,Racing,0 | 0 | 0 | 0 | 0 | +2.979,"0,00% | 0,00% | 0,00% | 0,00% | 0,00% | +0,37%",,21ddías,802.979,802.979 | 802.979 | 802.979 | 802.979 | 802.979 | 800.000,Defensa
2026-07-31,Facundo GonzálezFacu González,Racing,0 | 0 | 0 | 0 | 0 | +13.040,"0,00% | 0,00% | 0,00% | 0,00% | 0,00% | +0,37%",,21ddías,3.513.040,3.513.040 | 3.513.040 | 3.513.040 | 3.513.040 | 3.513.040 | 3.500.000,Defensa
2026-07-31,Carlos Sánchez,Racing,0 | 0 | 0 | 0 | 0 | +2.606,"0,00% | 0,00% | 0,00% | 0,00% | 0,00% | +0,37%",,21ddías,702.606,702.606 | 702.606 | 702.606 | 702.606 | 702.606 | 700.000,Defensa
2026-07-31,Salinas,Racing,0 | 0 | 0 | 0 | 0 | +22.356,"0,00% | 0,00% | 0,00% | 0,00% | 0,00% | +0,37%",,21ddías,6.022.356,6.022.356 | 6.022.356 | 6.022.356 | 6.022.356 | 6.022.356 | 6.000.000,Defensa
2026-07-31,Camara,Racing,-18.234 | -36.630 | -59.492 | -124.137 | -304.880 | -691.903,"-1,78% | -3,51% | -5,57% | -10,96% | -23,22% | -40,70%",,25ddías,1.008.097,1.026.331 | 1.044.727 | 1.067.589 | 1.132.234 | 1.312.977 | 1.700.000,Defensa
2026-07-31,Hernando,Racing,-26.392 | -47.242 | -80.128 | -224.718 | -642.549 | -1.449.458,"-1,27% | -2,25% | -3,76% | -9,88% | -23,86% | -41,41%",,25ddías,2.050.542,2.076.934 | 2.097.784 | 2.130.670 | 2.275.260 | 2.693.091 | 3.500.000,Defensa
2026-07-31,Sainz-Maza,Racing,-28.066 | -51.603 | -80.926 | -193.168 | -461.829 | -931.947,"-2,56% | -4,61% | -7,04% | -15,32% | -30,19% | -46,60%",,25ddías,1.068.053,1.096.119 | 1.119.656 | 1.148.979 | 1.261.221 | 1.529.882 | 2.000.000,Defensa
2026-07-31,Mantilla,Racing,+12.426 | +19.330 | +15.673 | -1.454 | -217.420 | -846.679,"+0,58% | +0,91% | +0,73% | -0,07% | -9,17% | -28,22%",,2ddías,2.153.321,2.140.895 | 2.133.991 | 2.137.648 | 2.154.775 | 2.370.741 | 3.000.000,Defensa
2026-07-31,Laro Gómez,Racing,0 | 0 | 0 | 0 | 0 | +2.234,"0,00% | 0,00% | 0,00% | 0,00% | 0,00% | +0,37%",,21ddías,602.234,602.234 | 602.234 | 602.234 | 602.234 | 602.234 | 600.000,Portero
2026-07-31,Jiménez,Racing,0 | 0 | 0 | 0 | 0 | +2.234,"0,00% | 0,00% | 0,00% | 0,00% | 0,00% | +0,37%",,21ddías,602.234,602.234 | 602.234 | 602.234 | 602.234 | 602.234 | 600.000,Portero
2026-07-31,Guliashvili,Racing,-101.451 | -207.293 | -321.276 | -785.940 | -1.745.336 | -3.172.786,"-2,96% | -5,86% | -8,81% | -19,11% | -34,41% | -48,81%",,25ddías,3.327.214,3.428.665 | 3.534.507 | 3.648.490 | 4.113.154 | 5.072.550 | 6.500.000,Delantero
2026-07-31,Lorenzo,Málaga,-19.138 | -72.945 | -108.031 | -194.415 | -1.086.099 | -2.659.670,"-0,23% | -0,87% | -1,28% | -2,28% | -11,52% | -24,18%",,6ddías,8.340.330,8.359.468 | 8.413.275 | 8.448.361 | 8.534.745 | 9.426.429 | 11.000.000,Mediocampista
2026-07-31,Dani Sánchez,Málaga,-23.857 | -45.394 | -71.792 | -181.235 | -419.074 | -973.519,"-2,27% | -4,24% | -6,54% | -15,01% | -28,99% | -48,68%",,25ddías,1.026.481,1.050.338 | 1.071.875 | 1.098.273 | 1.207.716 | 1.445.555 | 2.000.000,Defensa
2026-07-31,Recio,Málaga,0 | 0 | 0 | 0 | 0 | +2.810,"0,00% | 0,00% | 0,00% | 0,00% | 0,00% | +0,37%",,21ddías,752.810,752.810 | 752.810 | 752.810 | 752.810 | 752.810 | 750.000,Defensa
2026-07-31,Pastor,Málaga,0 | 0 | 0 | 0 | 0 | -10.884,"0,00% | 0,00% | 0,00% | 0,00% | 0,00% | -2,72%",,21ddías,389.116,389.116 | 389.116 | 389.116 | 389.116 | 389.116 | 400.000,Defensa
2026-07-31,Arriaza,Málaga,0 | 0 | 0 | 0 | 0 | +1.498,"0,00% | 0,00% | 0,00% | 0,00% | 0,00% | +0,37%",,21ddías,401.498,401.498 | 401.498 | 401.498 | 401.498 | 401.498 | 400.000,Defensa
2026-07-31,Moussa,Málaga,0 | 0 | 0 | 0 | 0 | +1.498,"0,00% | 0,00% | 0,00% | 0,00% | 0,00% | +0,37%",,21ddías,401.498,401.498 | 401.498 | 401.498 | 401.498 | 401.498 | 400.000,Defensa
2026-07-31,Merino,Málaga,-73.217 | -173.626 | -305.673 | -663.295 | -1.648.619 | -2.601.657,"-0,98% | -2,29% | -3,97% | -8,23% | -18,22% | -26,02%",,21ddías,7.398.343,7.471.560 | 7.571.969 | 7.704.016 | 8.061.638 | 9.046.962 | 10.000.000,Mediocampista
2026-07-31,Rafa Rodríguez,Málaga,0 | 0 | 0 | 0 | 0 | -229.574,"0,00% | 0,00% | 0,00% | 0,00% | 0,00% | -3,53%",,21ddías,6.270.426,6.270.426 | 6.270.426 | 6.270.426 | 6.270.426 | 6.270.426 | 6.500.000,Mediocampista
2026-07-31,Haitam,Málaga,-5.469 | -10.969 | -17.457 | -36.655 | -84.082 | -212.899,"-1,11% | -2,20% | -3,46% | -7,00% | -14,72% | -30,41%",,25ddías,487.101,492.570 | 498.070 | 504.558 | 523.756 | 571.183 | 700.000,Delantero
2026-07-31,Ochoa,Málaga,0 | 0 | 0 | 0 | 0 | +13.040,"0,00% | 0,00% | 0,00% | 0,00% | 0,00% | +0,37%",,21ddías,3.513.040,3.513.040 | 3.513.040 | 3.513.040 | 3.513.040 | 3.513.040 | 3.500.000,Mediocampista
2026-07-31,Enríquez,Málaga,-26.957 | -54.213 | -80.915 | -173.534 | -419.442 | -894.047,"-2,38% | -4,67% | -6,82% | -13,56% | -27,50% | -44,70%",,25ddías,1.105.953,1.132.910 | 1.160.166 | 1.186.868 | 1.279.487 | 1.525.395 | 2.000.000,Mediocampista
2026-07-31,Juanpe,Málaga,0 | 0 | 0 | 0 | 0 | -18.069,"0,00% | 0,00% | 0,00% | 0,00% | 0,00% | -3,01%",,21ddías,581.931,581.931 | 581.931 | 581.931 | 581.931 | 581.931 | 600.000,Mediocampista
2026-07-31,Joaquín,Málaga,-163.507 | -302.737 | -487.649 | -1.192.145 | -2.751.351 | -5.128.203,"-1,81% | -3,30% | -5,21% | -11,85% | -23,67% | -36,63%",,25ddías,8.871.797,9.035.304 | 9.174.534 | 9.359.446 | 10.063.942 | 11.623.148 | 14.000.000,Delantero
2026-07-31,Lobete,Málaga,-28.905 | -52.280 | -82.349 | -202.776 | -450.885 | -873.175,"-2,50% | -4,43% | -6,81% | -15,25% | -28,58% | -43,66%",,25ddías,1.126.825,1.155.730 | 1.179.105 | 1.209.174 | 1.329.601 | 1.577.710 | 2.000.000,Delantero
2026-07-31,Jauregi,Málaga,0 | 0 | 0 | 0 | 0 | +5.774,"0,00% | 0,00% | 0,00% | 0,00% | 0,00% | +0,37%",,21ddías,1.555.774,1.555.774 | 1.555.774 | 1.555.774 | 1.555.774 | 1.555.774 | 1.550.000,Delantero
2026-07-31,Arana,Racing,-13.996 | -24.518 | -39.360 | -99.801 | -266.170 | -529.887,"-1,42% | -2,47% | -3,90% | -9,33% | -21,53% | -35,33%",,25ddías,970.113,984.109 | 994.631 | 1.009.473 | 1.069.914 | 1.236.283 | 1.500.000,Delantero
2026-07-31,Canales,Racing,0 | 0 | 0 | 0 | 0 | +37.262,"0,00% | 0,00% | 0,00% | 0,00% | 0,00% | +0,37%",,21ddías,10.037.262,10.037.262 | 10.037.262 | 10.037.262 | 10.037.262 | 10.037.262 | 10.000.000,Delantero
2026-07-31,Rafa GarridoRafita,Málaga,0 | 0 | 0 | 0 | 0 | +18.744,"0,00% | 0,00% | 0,00% | 0,00% | 0,00% | +0,37%",,21ddías,5.018.744,5.018.744 | 5.018.744 | 5.018.744 | 5.018.744 | 5.018.744 | 5.000.000,Defensa
2026-07-31,Manuel Pellegrini,Betis,-258.179 | -520.292 | -787.457 | -2.089.300 | +236.727 | +255.104,"-3,44% | -6,69% | -9,79% | -22,36% | 0% | +3,64%",,7ddías,7.255.104,7.513.283 | 7.775.396 | 8.042.561 | 9.344.404 | 0 | 7.000.000,
2026-07-31,Carlos Corberán,Valencia,-26.688 | -54.289 | -83.800 | -205.091 | +93.968 | +96.329,"-2,61% | -5,17% | -7,76% | -17,07% | 0% | +10,70%",,7ddías,996.329,1.023.017 | 1.050.618 | 1.080.129 | 1.201.420 | 0 | 900.000,
2026-07-31,Luis García,Sevilla,-40.316 | -82.114 | -126.414 | +255.497 | +521.326 | +523.425,"-2,96% | -5,84% | -8,72% | +23,92% | 0% | +65,43%",,4ddías,1.323.425,1.363.741 | 1.405.539 | 1.449.839 | 1.067.928 | 0 | 800.000,
2026-07-31,Pellegrino Matarazzo,Real Sociedad,-256.617 | -526.077 | -818.161 | +235.324 | +1.896.772 | +1.909.898,"-3,58% | -7,07% | -10,59% | +3,53% | 0% | +38,20%",,5ddías,6.909.898,7.166.515 | 7.435.975 | 7.728.059 | 6.674.574 | 0 | 5.000.000,
2026-07-31,José Mourinho,Real Madrid,-929.027 | -1.578.615 | +665.970 | +9.025.912 | 0 | 0,"-3,75% | -6,22% | +2,88% | +61,01% | 0% | 0%",,2ddías,23.819.464,24.748.491 | 25.398.079 | 23.153.494 | 14.793.552 | 0 | 0,
2026-07-31,Beñat San José,Rayo,+258.299 | +496.567 | +698.579 | +1.450.970 | 0 | 0,"+10,23% | +21,72% | +33,52% | +108,98% | 0% | 0%",,9ddías,2.782.388,2.524.089 | 2.285.821 | 2.083.809 | 1.331.418 | 0 | 0,
2026-07-31,José Alberto López,Racing,-48.485 | -98.792 | -151.955 | +451.536 | +717.365 | +719.464,"-3,09% | -6,10% | -9,09% | +42,28% | 0% | +89,93%",,3ddías,1.519.464,1.567.949 | 1.618.256 | 1.671.419 | 1.067.928 | 0 | 800.000,
2026-07-31,Luis Miguel Ramis,Osasuna,-86.881 | +151.387 | +353.399 | +1.105.790 | 0 | 0,"-3,44% | +6,62% | +16,96% | +83,05% | 0% | 0%",,1ddías,2.437.208,2.524.089 | 2.285.821 | 2.083.809 | 1.331.418 | 0 | 0,
2026-07-31,Juan Funes,Málaga,-74.350 | -151.600 | +50.942 | +805.309 | +1.137.597 | +1.140.222,"-3,36% | -6,61% | +2,44% | +60,33% | 0% | +114,02%",,2ddías,2.140.222,2.214.572 | 2.291.822 | 2.089.280 | 1.334.913 | 0 | 1.000.000,
2026-07-31,Luis Castro,Levante,-73.137 | -149.123 | -229.035 | +108.742 | +607.174 | +611.111,"-3,35% | -6,60% | -9,79% | +5,43% | 0% | +40,74%",,5ddías,2.111.111,2.184.248 | 2.260.234 | 2.340.146 | 2.002.369 | 0 | 1.500.000,
2026-07-31,Pepe Bordalás,Getafe,+15.621.546 | +19.200.380 | +42.117.124 | +49.032.016 | +48.520.651 | +48.533.777,"+41,20% | +55,92% | +368,91% | +1.089,17% | 0% | +970,68%",,7ddías,53.533.777,37.912.231 | 34.333.397 | 11.416.653 | 4.501.761 | 0 | 5.000.000,
2026-07-31,Manolo González,Espanyol,-61.414 | -125.189 | -192.381 | -172.598 | +325.834 | +329.771,"-3,25% | -6,40% | -9,51% | -8,62% | 0% | +21,98%",,6ddías,1.829.771,1.891.185 | 1.954.960 | 2.022.152 | 2.002.369 | 0 | 1.500.000,
2026-07-31,Martín Anselmi,Elche,+258.299 | +496.567 | +698.579 | +1.450.970 | 0 | 0,"+10,23% | +21,72% | +33,52% | +108,98% | 0% | 0%",,9ddías,2.782.388,2.524.089 | 2.285.821 | 2.083.809 | 1.331.418 | 0 | 0,
2026-07-31,Antonio Hidalgo,Deportivo,-102.398 | -208.865 | -320.528 | +811.022 | +1.309.454 | +1.313.391,"-3,51% | -6,91% | -10,23% | +40,50% | 0% | +87,56%",,3ddías,2.813.391,2.915.789 | 3.022.256 | 3.133.919 | 2.002.369 | 0 | 1.500.000,
2026-07-31,Claudio Giráldez,Celta,-142.931 | -285.952 | -447.038 | -1.139.071 | -1.074.491 | -1.061.365,"-3,50% | -6,77% | -10,19% | -22,43% | 0% | -21,23%",,9ddías,3.938.635,4.081.566 | 4.224.587 | 4.385.673 | 5.077.706 | 0 | 5.000.000,
2026-07-31,Hansi Flick,Barcelona,-426.454 | -846.651 | -1.313.940 | -3.250.937 | -702.910 | -663.528,"-2,89% | -5,58% | -8,40% | -18,48% | 0% | -4,42%",,8ddías,14.336.472,14.762.926 | 15.183.123 | 15.650.412 | 17.587.409 | 0 | 15.000.000,
2026-07-31,Santi Franco,Racing,0 | 0 | 0 | 0 | 0 | +2.606,"0,00% | 0,00% | 0,00% | 0,00% | 0,00% | +0,37%",,21ddías,702.606,702.606 | 702.606 | 702.606 | 702.606 | 702.606 | 700.000,Delantero
2026-07-31,Dumfries,Real Madrid,+1.376.424 | +3.209.599 | +4.453.404 | +10.010.533 | +12.462.025 | 0,"+2,41% | +5,81% | +8,25% | +20,66% | +27,09% | 0%",,12ddías,58.462.025,57.085.601 | 55.252.426 | 54.008.621 | 48.451.492 | 46.000.000 | 0,Defensa
2026-07-31,Diego Diaz,Racing,0 | 0 | 0 | 0 | 0 | +2.234,"0,00% | 0,00% | 0,00% | 0,00% | 0,00% | +0,37%",,21ddías,602.234,602.234 | 602.234 | 602.234 | 602.234 | 602.234 | 600.000,Delantero
2026-07-31,Santaella,Málaga,0 | 0 | 0 | 0 | 0 | +1.498,"0,00% | 0,00% | 0,00% | 0,00% | 0,00% | +0,37%",,17ddías,401.498,401.498 | 401.498 | 401.498 | 401.498 | 401.498 | 400.000,Defensa
2026-07-31,Vallecillo,Racing,0 | 0 | 0 | 0 | 0 | -22.060,"0,00% | 0,00% | 0,00% | 0,00% | 0,00% | -3,15%",,17ddías,677.940,677.940 | 677.940 | 677.940 | 677.940 | 677.940 | 700.000,Mediocampista
2026-07-31,Chupete,Málaga,+1.213.406 | +2.882.960 | +3.943.862 | +9.607.431 | +16.252.282 | 0,"+3,05% | +7,56% | +10,64% | +30,58% | +65,60% | 0%",,16ddías,41.025.851,39.812.445 | 38.142.891 | 37.081.989 | 31.418.420 | 24.773.569 | 0,Delantero
2026-07-31,Larrubia,Málaga,+1.189.603 | +2.918.901 | +4.167.428 | +9.345.076 | +15.417.237 | 0,"+2,84% | +7,28% | +10,73% | +27,76% | +55,87% | 0%",,15ddías,43.010.288,41.820.685 | 40.091.387 | 38.842.860 | 33.665.212 | 27.593.051 | 0,Mediocampista
2026-07-31,Yeremay,Deportivo,+1.770.837 | +3.604.795 | +5.294.581 | +13.658.210 | +22.194.955 | 0,"+3,51% | +7,42% | +11,29% | +35,45% | +74,00% | 0%",,13ddías,52.186.428,50.415.591 | 48.581.633 | 46.891.847 | 38.528.218 | 29.991.473 | 0,Delantero
2026-07-31,Hartman,Espanyol,-262.978 | -536.370 | -804.585 | -1.805.035 | 0 | 0,"-2,22% | -4,44% | -6,51% | -13,51% | 0% | 0%",,9ddías,11.556.888,11.819.866 | 12.093.258 | 12.361.473 | 13.361.923 | 0 | 0,Defensa
2026-07-31,Diego Simeone,Atlético,-301.853 | -628.717 | -959.106 | -2.477.761 | -829.043 | -802.789,"-3,18% | -6,40% | -9,44% | -21,22% | 0% | -8,03%",,8ddías,9.197.211,9.499.064 | 9.825.928 | 10.156.317 | 11.674.972 | 0 | 10.000.000,
2026-07-31,Cucurella,Real Madrid,+2.777.355 | +5.673.660 | +5.796.232 | 0 | 0 | 0,"+5,37% | +11,62% | +11,90% | 0% | 0% | 0%",,3ddías,54.487.719,51.710.364 | 48.814.059 | 48.691.487 | 0 | 0 | 0,Defensa
2026-07-31,Konaté,Real Madrid,+1.067.311 | +1.824.959 | +1.664.896 | 0 | 0 | 0,"+3,65% | +6,40% | +5,81% | 0% | 0% | 0%",,2ddías,30.337.078,29.269.767 | 28.512.119 | 28.672.182 | 0 | 0 | 0,Defensa
2026-07-31,Aubameyang,Deportivo,+908.847 | +495.229 | 0 | 0 | 0 | 0,"+7,45% | +3,93% | 0% | 0% | 0% | 0%",,1ddías,13.110.081,12.201.234 | 12.614.852 | 0 | 0 | 0 | 0,Delantero
2026-07-31,Calatrava,Espanyol,+110 | -3.164 | -41.965 | 0 | 0 | 0,"+0,00% | -0,10% | -1,29% | 0% | 0% | 0%",,1ddías,3.204.135,3.204.025 | 3.207.299 | 3.246.100 | 0 | 0 | 0,Delantero
2026-07-31,Quique Sánchez,Alavés,-40.316 | -82.114 | -126.414 | +255.497 | +521.326 | +523.425,"-2,96% | -5,84% | -8,72% | +23,92% | 0% | +65,43%",,4ddías,1.323.425,1.363.741 | 1.405.539 | 1.449.839 | 1.067.928 | 0 | 800.000,
2026-07-31,Edin Terzic,Athletic,-592.486 | +837.129 | +2.049.204 | +6.563.569 | 0 | 0,"-3,91% | +6,10% | +16,39% | +82,16% | 0% | 0%",,1ddías,14.552.085,15.144.571 | 13.714.956 | 12.502.881 | 7.988.516 | 0 | 0,
2026-07-31,Galilea,Málaga,0 | 0 | 0 | 0 | 0 | +15.932,"0,00% | 0,00% | 0,00% | 0,00% | 0,00% | +0,37%",,21ddías,4.265.932,4.265.932 | 4.265.932 | 4.265.932 | 4.265.932 | 4.265.932 | 4.250.000,Defensa
2026-07-31,Murillo,Málaga,-95.126 | -194.324 | -299.887 | -724.572 | -1.608.365 | -2.737.106,"-2,83% | -5,62% | -8,42% | -18,17% | -33,02% | -45,62%",,25ddías,3.262.894,3.358.020 | 3.457.218 | 3.562.781 | 3.987.466 | 4.871.259 | 6.000.000,Defensa
2026-07-31,Aitor Mañas,Alavés,0 | 0 | 0 | 0 | 0 | -37.836,"0,00% | 0,00% | 0,00% | 0,00% | 0,00% | -6,31%",,22ddías,562.164,562.164 | 562.164 | 562.164 | 562.164 | 562.164 | 600.000,Delantero
2026-07-31,Palacios,Real Madrid,0 | 0 | 0 | 0 | 0 | +2.979,"0,00% | 0,00% | 0,00% | 0,00% | 0,00% | +0,37%",,22ddías,802.979,802.979 | 802.979 | 802.979 | 802.979 | 802.979 | 800.000,Mediocampista
2026-07-31,Lookman,Atlético,+1.514.367 | +3.197.680 | +4.326.763 | +10.644.019 | +11.641.174 | +28.519.909,"+2,52% | +5,47% | +7,55% | +20,87% | +23,28% | 0%",,12ddías,61.641.174,60.126.807 | 58.443.494 | 57.314.411 | 50.997.155 | 50.000.000 | 0,Delantero
2026-07-31,Tete Morente,Elche,-71.912 | -141.831 | -226.641 | -567.526 | -1.314.349 | -2.681.168,"-2,49% | -4,79% | -7,44% | -16,76% | -31,80% | -48,75%",,25ddías,2.818.832,2.890.744 | 2.960.663 | 3.045.473 | 3.386.358 | 4.133.181 | 5.500.000,Delantero
2026-07-31,Fidalgo,Betis,-48.333 | -109.849 | -174.526 | -402.473 | -912.165 | -1.605.100,"-1,40% | -3,13% | -4,89% | -10,60% | -21,18% | -32,10%",,22ddías,3.394.900,3.443.233 | 3.504.749 | 3.569.426 | 3.797.373 | 4.307.065 | 5.000.000,Mediocampista
2026-07-31,Koski,Alavés,0 | 0 | 0 | 0 | 0 | +3.089,"0,00% | 0,00% | 0,00% | 0,00% | 0,00% | +0,39%",,22ddías,803.089,803.089 | 803.089 | 803.089 | 803.089 | 803.089 | 800.000,Defensa
2026-07-31,Freeman,Villarreal,-54.731 | -104.332 | -169.718 | -400.705 | -965.281 | -1.835.305,"-1,70% | -3,19% | -5,09% | -11,24% | -23,37% | -36,71%",,25ddías,3.164.695,3.219.426 | 3.269.027 | 3.334.413 | 3.565.400 | 4.129.976 | 5.000.000,Defensa
2026-07-31,Cepeda,Elche,-27.910 | -54.866 | -73.759 | -202.214 | -491.933 | -1.184.417,"-2,08% | -4,00% | -5,31% | -13,32% | -27,22% | -47,38%",,25ddías,1.315.583,1.343.493 | 1.370.449 | 1.389.342 | 1.517.797 | 1.807.516 | 2.500.000,Delantero
2026-07-31,Ángel Pérez,Alavés,-160.191 | -348.829 | -558.379 | -1.373.422 | -3.160.018 | -6.531.088,"-1,86% | -3,96% | -6,19% | -13,95% | -27,17% | -43,54%",,25ddías,8.468.912,8.629.103 | 8.817.741 | 9.027.291 | 9.842.334 | 11.628.930 | 15.000.000,Delantero
2026-07-31,Boselli,Getafe,0 | 0 | 0 | 0 | 0 | -106.001,"0,00% | 0,00% | 0,00% | 0,00% | 0,00% | -3,53%",,22ddías,2.893.999,2.893.999 | 2.893.999 | 2.893.999 | 2.893.999 | 2.893.999 | 3.000.000,Defensa
2026-07-31,Romero,Getafe,0 | 0 | 0 | 0 | 0 | +116.266,"0,00% | 0,00% | 0,00% | 0,00% | 0,00% | +0,39%",,22ddías,30.116.266,30.116.266 | 30.116.266 | 30.116.266 | 30.116.266 | 30.116.266 | 30.000.000,Defensa
2026-07-31,Mesonero,Real Madrid,0 | 0 | 0 | 0 | 0 | +2.606,"0,00% | 0,00% | 0,00% | 0,00% | 0,00% | +0,37%",,22ddías,702.606,702.606 | 702.606 | 702.606 | 702.606 | 702.606 | 700.000,Mediocampista
2026-07-31,A. Riquelme,Getafe,0 | 0 | 0 | 0 | 0 | +2.324,"0,00% | 0,00% | 0,00% | 0,00% | 0,00% | +0,39%",,22ddías,602.324,602.324 | 602.324 | 602.324 | 602.324 | 602.324 | 600.000,Mediocampista
2026-07-31,Álex Sánchez,Elche,0 | 0 | 0 | 0 | 0 | +2.324,"0,00% | 0,00% | 0,00% | 0,00% | 0,00% | +0,39%",,22ddías,602.324,602.324 | 602.324 | 602.324 | 602.324 | 602.324 | 600.000,Mediocampista
2026-07-31,Burcio,Celta,0 | 0 | 0 | 0 | 0 | +2.257,"0,00% | 0,00% | 0,00% | 0,00% | 0,00% | +0,38%",,22ddías,602.257,602.257 | 602.257 | 602.257 | 602.257 | 602.257 | 600.000,Mediocampista
2026-07-31,Julio Díaz,Sevilla,+4.549 | +7.532 | +2.946 | -6.810 | -30.581 | -140.068,"+1,00% | +1,66% | +0,64% | -1,46% | -6,23% | -23,34%",,2ddías,459.932,455.383 | 452.400 | 456.986 | 466.742 | 490.513 | 600.000,Defensa
2026-07-31,Manuel Ángel,Real Madrid,0 | 0 | 0 | 0 | 0 | +2.606,"0,00% | 0,00% | 0,00% | 0,00% | 0,00% | +0,37%",,22ddías,702.606,702.606 | 702.606 | 702.606 | 702.606 | 702.606 | 700.000,Mediocampista
2026-07-31,Vecino,Celta,-86.986 | -179.699 | -275.413 | -666.058 | -1.490.867 | -2.965.657,"-2,79% | -5,59% | -8,32% | -18,00% | -32,95% | -49,43%",,25ddías,3.034.343,3.121.329 | 3.214.042 | 3.309.756 | 3.700.401 | 4.525.210 | 6.000.000,Mediocampista
2026-07-31,Cestero,Real Madrid,0 | 0 | 0 | 0 | 0 | +2.234,"0,00% | 0,00% | 0,00% | 0,00% | 0,00% | +0,37%",,22ddías,602.234,602.234 | 602.234 | 602.234 | 602.234 | 602.234 | 600.000,Mediocampista
2026-07-31,Hierro,Athletic,0 | 0 | 0 | 0 | 0 | +2.257,"0,00% | 0,00% | 0,00% | 0,00% | 0,00% | +0,38%",,22ddías,602.257,602.257 | 602.257 | 602.257 | 602.257 | 602.257 | 600.000,Delantero
2026-07-31,Dani Martínez,Atlético,-4.134 | -8.243 | -13.283 | -19.518 | -50.678 | -144.946,"-0,90% | -1,78% | -2,84% | -4,11% | -10,02% | -24,16%",,5ddías,455.054,459.188 | 463.297 | 468.337 | 474.572 | 505.732 | 600.000,Defensa
2026-07-31,Boñar,Atlético,-6.163 | -12.385 | -16.568 | -38.558 | -92.117 | -196.265,"-1,21% | -2,40% | -3,18% | -7,11% | -15,46% | -28,04%",,19ddías,503.735,509.898 | 516.120 | 520.303 | 542.293 | 595.852 | 700.000,Defensa
2026-07-31,Puric,Atlético,-5.464 | -10.958 | -17.441 | -36.615 | -83.990 | -213.022,"-1,11% | -2,20% | -3,46% | -6,99% | -14,71% | -30,43%",,25ddías,486.978,492.442 | 497.936 | 504.419 | 523.593 | 570.968 | 700.000,Defensa
2026-07-31,Marqués,Barcelona,0 | 0 | 0 | 0 | 0 | +2.319,"0,00% | 0,00% | 0,00% | 0,00% | 0,00% | +0,39%",,22ddías,602.319,602.319 | 602.319 | 602.319 | 602.319 | 602.319 | 600.000,Defensa
2026-07-31,Arcos,Celta,0 | 0 | 0 | 0 | 0 | +2.257,"0,00% | 0,00% | 0,00% | 0,00% | 0,00% | +0,38%",,22ddías,602.257,602.257 | 602.257 | 602.257 | 602.257 | 602.257 | 600.000,Mediocampista
2026-07-31,Montes,Getafe,0 | 0 | 0 | 0 | 0 | +2.319,"0,00% | 0,00% | 0,00% | 0,00% | 0,00% | +0,39%",,22ddías,602.319,602.319 | 602.319 | 602.319 | 602.319 | 602.319 | 600.000,Defensa
2026-07-31,Gaitán,Villarreal,0 | 0 | 0 | 0 | 0 | +2.292,"0,00% | 0,00% | 0,00% | 0,00% | 0,00% | +0,38%",,22ddías,602.292,602.292 | 602.292 | 602.292 | 602.292 | 602.292 | 600.000,Mediocampista
2026-07-31,Ferran,Espanyol,0 | 0 | 0 | 0 | 0 | +2.248,"0,00% | 0,00% | 0,00% | 0,00% | 0,00% | +0,37%",,22ddías,602.248,602.248 | 602.248 | 602.248 | 602.248 | 602.248 | 600.000,Mediocampista
2026-07-31,Tunde,Levante,0 | 0 | 0 | 0 | 0 | +31.892,"0,00% | 0,00% | 0,00% | 0,00% | 0,00% | +0,38%",,22ddías,8.531.892,8.531.892 | 8.531.892 | 8.531.892 | 8.531.892 | 8.531.892 | 8.500.000,Mediocampista
2026-07-31,Kita,R. Sociedad B,0 | 0 | 0 | 0 | 0 | +2.234,"0,00% | 0,00% | 0,00% | 0,00% | 0,00% | +0,37%",,22ddías,602.234,602.234 | 602.234 | 602.234 | 602.234 | 602.234 | 600.000,Defensa
2026-07-31,Astiazaran,R. Sociedad B,0 | 0 | 0 | 0 | 0 | +2.257,"0,00% | 0,00% | 0,00% | 0,00% | 0,00% | +0,38%",,22ddías,602.257,602.257 | 602.257 | 602.257 | 602.257 | 602.257 | 600.000,Mediocampista
2026-07-31,Aguirre,R. Sociedad B,0 | 0 | 0 | 0 | 0 | +2.257,"0,00% | 0,00% | 0,00% | 0,00% | 0,00% | +0,38%",,22ddías,602.257,602.257 | 602.257 | 602.257 | 602.257 | 602.257 | 600.000,Mediocampista
2026-07-31,Fontanet,Valencia,0 | 0 | 0 | 0 | 0 | -18.013,"0,00% | 0,00% | 0,00% | 0,00% | 0,00% | -3,00%",,22ddías,581.987,581.987 | 581.987 | 581.987 | 581.987 | 581.987 | 600.000,Defensa
2026-07-31,Vargas,Atlético,-29.948 | -59.736 | -91.220 | -224.627 | -487.739 | -947.446,"-2,53% | -4,93% | -7,33% | -16,31% | -29,73% | -45,12%",,25ddías,1.152.554,1.182.502 | 1.212.290 | 1.243.774 | 1.377.181 | 1.640.293 | 2.100.000,Mediocampista
2026-07-31,Sangaré,Elche,0 | 0 | 0 | 0 | 0 | +15.501,"0,00% | 0,00% | 0,00% | 0,00% | 0,00% | +0,39%",,22ddías,4.015.501,4.015.501 | 4.015.501 | 4.015.501 | 4.015.501 | 4.015.501 | 4.000.000,Defensa
2026-07-31,Puga,Málaga,-138.969 | -276.128 | -391.967 | -787.979 | -1.620.397 | -2.686.779,"-2,15% | -4,19% | -5,85% | -11,10% | -20,42% | -29,85%",,20ddías,6.313.221,6.452.190 | 6.589.349 | 6.705.188 | 7.101.200 | 7.933.618 | 9.000.000,Defensa
2026-07-31,Patino,Deportivo,-12.160 | -24.629 | -38.377 | -89.768 | -206.539 | -452.326,"-1,84% | -3,66% | -5,59% | -12,17% | -24,18% | -41,12%",,25ddías,647.674,659.834 | 672.303 | 686.051 | 737.442 | 854.213 | 1.100.000,Mediocampista
2026-07-31,Riki,Deportivo,0 | 0 | 0 | 0 | 0 | +5.646,"0,00% | 0,00% | 0,00% | 0,00% | 0,00% | +0,38%",,22ddías,1.505.646,1.505.646 | 1.505.646 | 1.505.646 | 1.505.646 | 1.505.646 | 1.500.000,Mediocampista
2026-07-31,Rubén López,Deportivo,0 | 0 | 0 | 0 | 0 | +1.880,"0,00% | 0,00% | 0,00% | 0,00% | 0,00% | +0,38%",,22ddías,501.880,501.880 | 501.880 | 501.880 | 501.880 | 501.880 | 500.000,Mediocampista
2026-07-31,Villares,Deportivo,-84.614 | -167.795 | -258.025 | -641.568 | -1.422.856 | -2.564.020,"-2,40% | -4,66% | -6,98% | -15,73% | -29,28% | -42,73%",,25ddías,3.435.980,3.520.594 | 3.603.775 | 3.694.005 | 4.077.548 | 4.858.836 | 6.000.000,Mediocampista
2026-07-31,Jurado,Deportivo,-41.839 | -85.932 | -131.789 | -326.918 | -746.820 | -1.477.930,"-2,68% | -5,34% | -7,97% | -17,68% | -32,92% | -49,26%",,25ddías,1.522.070,1.563.909 | 1.608.002 | 1.653.859 | 1.848.988 | 2.268.890 | 3.000.000,Mediocampista
2026-07-31,Mella,Deportivo,-61.795 | -112.032 | -178.529 | -390.793 | -903.149 | -506.338,"-1,74% | -3,11% | -4,86% | -10,06% | -20,54% | -12,66%",,15ddías,3.493.662,3.555.457 | 3.605.694 | 3.672.191 | 3.884.455 | 4.396.811 | 4.000.000,Mediocampista
2026-07-31,Mario,Deportivo,+277.993 | +662.417 | +949.381 | +2.412.031 | +3.907.565 | +5.586.991,"+1,37% | +3,32% | +4,83% | +13,27% | +23,43% | +37,25%",,24ddías,20.586.991,20.308.998 | 19.924.574 | 19.637.610 | 18.174.960 | 16.679.426 | 15.000.000,Mediocampista
2026-07-31,Luismi,Deportivo,-152.503 | -299.294 | -450.051 | -993.155 | -2.031.934 | -2.168.864,"-2,18% | -4,20% | -6,18% | -12,69% | -22,93% | -24,10%",,20ddías,6.831.136,6.983.639 | 7.130.430 | 7.281.187 | 7.824.291 | 8.863.070 | 9.000.000,Delantero
2026-07-31,Pablo García,Deportivo,-6.093 | -12.242 | -14.494 | -21.538 | -68.913 | -197.945,"-1,20% | -2,38% | -2,81% | -4,11% | -12,07% | -28,28%",,3ddías,502.055,508.148 | 514.297 | 516.549 | 523.593 | 570.968 | 700.000,Defensa
2026-07-31,Bil Nsongo,Deportivo,0 | 0 | 0 | 0 | 0 | +24.473,"0,00% | 0,00% | 0,00% | 0,00% | 0,00% | +0,38%",,22ddías,6.524.473,6.524.473 | 6.524.473 | 6.524.473 | 6.524.473 | 6.524.473 | 6.500.000,Delantero
2026-07-31,Eddahchouri,Deportivo,-56.960 | -95.421 | -146.178 | -333.545 | -750.163 | -1.500.615,"-2,23% | -3,68% | -5,53% | -11,77% | -23,09% | -37,52%",,25ddías,2.499.385,2.556.345 | 2.594.806 | 2.645.563 | 2.832.930 | 3.249.548 | 4.000.000,Delantero
2026-07-31,Osorio,Elche,0 | 0 | 0 | 0 | 0 | +5.425,"0,00% | 0,00% | 0,00% | 0,00% | 0,00% | +0,39%",,21ddías,1.405.425,1.405.425 | 1.405.425 | 1.405.425 | 1.405.425 | 1.405.425 | 1.400.000,Delantero
2026-07-31,Herrero,Málaga,+153.666 | +389.091 | +491.158 | +934.331 | +722.269 | +1.134.371,"+2,20% | +5,77% | +7,39% | +15,07% | +11,26% | +18,91%",,9ddías,7.134.371,6.980.705 | 6.745.280 | 6.643.213 | 6.200.040 | 6.412.102 | 6.000.000,Portero
2026-07-31,Carlos López,Málaga,+4.752 | +2.484 | -638 | -3.534 | -17.733 | -80.237,"+1,15% | +0,60% | -0,15% | -0,83% | -4,05% | -16,05%",,1ddías,419.763,415.011 | 417.279 | 420.401 | 423.297 | 437.496 | 500.000,Portero
2026-07-31,Céspedes,Málaga,0 | 0 | 0 | 0 | 0 | +1.498,"0,00% | 0,00% | 0,00% | 0,00% | 0,00% | +0,37%",,21ddías,401.498,401.498 | 401.498 | 401.498 | 401.498 | 401.498 | 400.000,Portero
2026-07-31,Noé Carrillo,Deportivo,0 | 0 | 0 | 0 | 0 | +2.633,"0,00% | 0,00% | 0,00% | 0,00% | 0,00% | +0,38%",,22ddías,702.633,702.633 | 702.633 | 702.633 | 702.633 | 702.633 | 700.000,Mediocampista
2026-07-31,Ximo,Deportivo,0 | 0 | 0 | 0 | 0 | +24.473,"0,00% | 0,00% | 0,00% | 0,00% | 0,00% | +0,38%",,22ddías,6.524.473,6.524.473 | 6.524.473 | 6.524.473 | 6.524.473 | 6.524.473 | 6.500.000,Defensa
2026-07-31,Lamini Fati,Real Madrid,0 | 0 | 0 | 0 | 0 | -22.045,"0,00% | 0,00% | 0,00% | 0,00% | 0,00% | -3,15%",,22ddías,677.955,677.955 | 677.955 | 677.955 | 677.955 | 677.955 | 700.000,Defensa
2026-07-31,Germán Parreño,Deportivo,0 | 0 | 0 | 0 | 0 | +2.633,"0,00% | 0,00% | 0,00% | 0,00% | 0,00% | +0,38%",,22ddías,702.633,702.633 | 702.633 | 702.633 | 702.633 | 702.633 | 700.000,Portero
2026-07-31,Antañón,Celta,0 | 0 | 0 | 0 | 0 | -18.300,"0,00% | 0,00% | 0,00% | 0,00% | 0,00% | -3,05%",,22ddías,581.700,581.700 | 581.700 | 581.700 | 581.700 | 581.700 | 600.000,Mediocampista
2026-07-31,Ochieng,Real Sociedad,0 | 0 | 0 | 0 | 0 | +2.633,"0,00% | 0,00% | 0,00% | 0,00% | 0,00% | +0,38%",,22ddías,702.633,702.633 | 702.633 | 702.633 | 702.633 | 702.633 | 700.000,Mediocampista
2026-07-31,Morcillo,Atlético,0 | 0 | 0 | 0 | 0 | +2.702,"0,00% | 0,00% | 0,00% | 0,00% | 0,00% | +0,39%",,22ddías,702.702,702.702 | 702.702 | 702.702 | 702.702 | 702.702 | 700.000,Mediocampista
2026-07-31,Cubo,Atlético,0 | 0 | 0 | 0 | 0 | +2.316,"0,00% | 0,00% | 0,00% | 0,00% | 0,00% | +0,39%",,22ddías,602.316,602.316 | 602.316 | 602.316 | 602.316 | 602.316 | 600.000,Delantero
2026-07-31,Hugo Ríos,Deportivo,0 | 0 | 0 | 0 | 0 | +3.386,"0,00% | 0,00% | 0,00% | 0,00% | 0,00% | +0,38%",,22ddías,903.386,903.386 | 903.386 | 903.386 | 903.386 | 903.386 | 900.000,Portero
2026-07-31,Puerto,Deportivo,-762 | -1.358 | -2.739 | +712 | +3.010 | -25.868,"-0,20% | -0,36% | -0,73% | +0,19% | +0,81% | -6,47%",,3ddías,374.132,374.894 | 375.490 | 376.871 | 373.420 | 371.122 | 400.000,Portero
2026-07-31,Quagliata,Deportivo,+8.875 | +18.580 | +14.651 | -44.248 | -355.860 | -1.123.098,"+0,31% | +0,65% | +0,51% | -1,51% | -11,01% | -28,08%",,2ddías,2.876.902,2.868.027 | 2.858.322 | 2.862.251 | 2.921.150 | 3.232.762 | 4.000.000,Defensa
2026-07-31,Barcia,Deportivo,-42.281 | -80.828 | -122.067 | -280.429 | -634.448 | -1.205.209,"-2,30% | -4,31% | -6,37% | -13,51% | -26,12% | -40,17%",,25ddías,1.794.791,1.837.072 | 1.875.619 | 1.916.858 | 2.075.220 | 2.429.239 | 3.000.000,Defensa
2026-07-31,Loureiro,Deportivo,-31.731 | -61.580 | -114.897 | -246.089 | -647.572 | -630.629,"-0,81% | -1,57% | -2,88% | -5,98% | -14,34% | -14,01%",,10ddías,3.869.371,3.901.102 | 3.930.951 | 3.984.268 | 4.115.460 | 4.516.943 | 4.500.000,Defensa
2026-07-31,Teijo,Deportivo,0 | 0 | 0 | 0 | 0 | +2.257,"0,00% | 0,00% | 0,00% | 0,00% | 0,00% | +0,38%",,22ddías,602.257,602.257 | 602.257 | 602.257 | 602.257 | 602.257 | 600.000,Defensa
2026-07-31,Canedo,Deportivo,0 | 0 | 0 | 0 | 0 | +2.257,"0,00% | 0,00% | 0,00% | 0,00% | 0,00% | +0,38%",,22ddías,602.257,602.257 | 602.257 | 602.257 | 602.257 | 602.257 | 600.000,Defensa
2026-07-31,Samu Fernández,Deportivo,0 | 0 | 0 | 0 | 0 | +2.633,"0,00% | 0,00% | 0,00% | 0,00% | 0,00% | +0,38%",,22ddías,702.633,702.633 | 702.633 | 702.633 | 702.633 | 702.633 | 700.000,Defensa
2026-07-31,Noubi,Deportivo,+235.244 | +422.810 | +546.081 | +943.581 | +595.088 | +1.281.162,"+2,75% | +5,06% | +6,63% | +12,04% | +7,27% | +17,08%",,7ddías,8.781.162,8.545.918 | 8.358.352 | 8.235.081 | 7.837.581 | 8.186.074 | 7.500.000,Defensa
2026-07-31,Comas,Deportivo,-26.070 | -50.675 | -81.172 | -204.847 | -470.218 | -970.080,"-2,47% | -4,69% | -7,31% | -16,59% | -31,34% | -48,50%",,25ddías,1.029.920,1.055.990 | 1.080.595 | 1.111.092 | 1.234.767 | 1.500.138 | 2.000.000,Defensa
2026-07-31,Román,Celta,-93.252 | -185.972 | -289.014 | -706.660 | -1.583.101 | -3.058.691,"-1,68% | -3,30% | -5,04% | -11,49% | -22,54% | -35,98%",,25ddías,5.441.309,5.534.561 | 5.627.281 | 5.730.323 | 6.147.969 | 7.024.410 | 8.500.000,Mediocampista
2026-07-31,De la Fuente,Levante,0 | 0 | 0 | 0 | 0 | +52.528,"0,00% | 0,00% | 0,00% | 0,00% | 0,00% | +0,38%",,22ddías,14.052.528,14.052.528 | 14.052.528 | 14.052.528 | 14.052.528 | 14.052.528 | 14.000.000,Defensa
2026-07-31,Buchanan,Villarreal,+99.742 | +204.832 | +298.635 | +1.389.769 | +3.139.740 | +4.532.615,"+0,51% | +1,06% | +1,55% | +7,66% | +19,15% | +30,22%",,21ddías,19.532.615,19.432.873 | 19.327.783 | 19.233.980 | 18.142.846 | 16.392.875 | 15.000.000,Mediocampista
2026-07-31,Oroz,Osasuna,-338.548 | -665.530 | -1.067.654 | -1.939.117 | -3.129.620 | -4.465.077,"-2,13% | -4,11% | -6,43% | -11,10% | -16,77% | -22,33%",,22ddías,15.534.923,15.873.471 | 16.200.453 | 16.602.577 | 17.474.040 | 18.664.543 | 20.000.000,Mediocampista
2026-07-31,Isi,Rayo,-515.788 | -959.690 | -1.486.190 | -2.256.461 | +928.999 | +4.857.778,"-2,53% | -4,61% | -6,96% | -10,20% | +4,91% | +32,39%",,6ddías,19.857.778,20.373.566 | 20.817.468 | 21.343.968 | 22.114.239 | 18.928.779 | 15.000.000,Delantero
2026-07-31,Pep Chavarría,Rayo,+281.020 | +601.190 | +829.163 | +2.517.560 | +4.582.758 | +6.555.873,"+1,54% | +3,35% | +4,68% | +15,70% | +32,80% | +54,63%",,24ddías,18.555.873,18.274.853 | 17.954.683 | 17.726.710 | 16.038.313 | 13.973.115 | 12.000.000,Defensa
2026-07-31,Ratiu,Rayo,-754.298 | -1.501.089 | -2.396.840 | -5.733.714 | -19.678.066 | -19.678.066,"-1,86% | -3,64% | -5,69% | -12,62% | 0% | 0%",,11ddías,39.705.911,40.460.209 | 41.207.000 | 42.102.751 | 45.439.625 | 0 | 0,Defensa
2026-07-31,Dimitrievski,Valencia,0 | 0 | 0 | 0 | 0 | +45.877,"0,00% | 0,00% | 0,00% | 0,00% | 0,00% | +0,38%",,22ddías,12.045.877,12.045.877 | 12.045.877 | 12.045.877 | 12.045.877 | 12.045.877 | 12.000.000,Portero
2026-07-31,Iker Muñoz,Osasuna,-39.596 | -82.128 | -129.995 | -321.805 | -738.718 | -1.511.226,"-2,29% | -4,64% | -7,15% | -16,01% | -30,43% | -47,23%",,25ddías,1.688.774,1.728.370 | 1.770.902 | 1.818.769 | 2.010.579 | 2.427.492 | 3.200.000,Mediocampista
2026-07-31,Herrando,Osasuna,-61.980 | -119.204 | -188.224 | -458.653 | -1.053.983 | -2.164.110,"-2,58% | -4,86% | -7,46% | -16,41% | -31,09% | -48,09%",,25ddías,2.335.890,2.397.870 | 2.455.094 | 2.524.114 | 2.794.543 | 3.389.873 | 4.500.000,Defensa
2026-07-31,Catena,Osasuna,-284.824 | -282.275 | -169.865 | +2.620.880 | +6.790.087 | +10.624.128,"-0,70% | -0,69% | -0,42% | +6,90% | +20,07% | +35,41%",,1ddías,40.624.128,40.908.952 | 40.906.403 | 40.793.993 | 38.003.248 | 33.834.041 | 30.000.000,Defensa
2026-07-31,Ibáñez,Alavés,-54.988 | -119.555 | -190.202 | -473.112 | -1.192.220 | -2.448.704,"-1,52% | -3,26% | -5,08% | -11,76% | -25,13% | -40,81%",,25ddías,3.551.296,3.606.284 | 3.670.851 | 3.741.498 | 4.024.408 | 4.743.516 | 6.000.000,Mediocampista
2026-07-31,Budimir,Osasuna,-699.824 | -1.439.644 | -2.398.747 | -5.126.708 | +10.803.021 | +10.803.021,"-1,39% | -2,82% | -4,62% | -9,38% | 0% | 0%",,11ddías,49.527.819,50.227.643 | 50.967.463 | 51.926.566 | 54.654.527 | 0 | 0,Delantero
2026-07-31,Moi Gómez,Osasuna,-61.779 | -127.469 | -194.341 | -466.449 | -1.051.511 | -2.290.699,"-2,23% | -4,49% | -6,69% | -14,69% | -27,96% | -45,81%",,25ddías,2.709.301,2.771.080 | 2.836.770 | 2.903.642 | 3.175.750 | 3.760.812 | 5.000.000,Mediocampista
2026-07-31,Rubén GarcíaRubén G.,Osasuna,-173.513 | -287.399 | -479.069 | -1.009.493 | -2.261.788 | -3.912.259,"-1,22% | -2,00% | -3,29% | -6,69% | -13,83% | -21,73%",,22ddías,14.087.741,14.261.254 | 14.375.140 | 14.566.810 | 15.097.234 | 16.349.529 | 18.000.000,Mediocampista
2026-07-31,Aitor,Osasuna,-10.485 | -21.209 | -33.140 | -76.472 | -176.884 | -392.524,"-1,70% | -3,37% | -5,17% | -11,18% | -22,55% | -39,25%",,25ddías,607.476,617.961 | 628.685 | 640.616 | 683.948 | 784.360 | 1.000.000,Portero
2026-07-31,Areso,Athletic,-39.820 | -65.616 | -110.375 | -266.020 | -634.594 | -1.296.227,"-1,63% | -2,66% | -4,39% | -9,96% | -20,89% | -35,03%",,25ddías,2.403.773,2.443.593 | 2.469.389 | 2.514.148 | 2.669.793 | 3.038.367 | 3.700.000,Defensa
2026-07-31,Kike Barja,Osasuna,0 | 0 | 0 | 0 | 0 | +10.828,"0,00% | 0,00% | 0,00% | 0,00% | 0,00% | +0,39%",,22ddías,2.810.828,2.810.828 | 2.810.828 | 2.810.828 | 2.810.828 | 2.810.828 | 2.800.000,Delantero
2026-07-31,Moncayola,Osasuna,+2.609 | +10.032 | +12.081 | -87.011 | -295.584 | -481.411,"+0,05% | +0,18% | +0,22% | -1,55% | -5,08% | -8,02%",,3ddías,5.518.589,5.515.980 | 5.508.557 | 5.506.508 | 5.605.600 | 5.814.173 | 6.000.000,Mediocampista
2026-07-31,Cárdenas,Rayo,-15.402 | -29.726 | -48.026 | -122.325 | -291.742 | -629.757,"-1,96% | -3,72% | -5,87% | -13,70% | -27,47% | -44,98%",,25ddías,770.243,785.645 | 799.969 | 818.269 | 892.568 | 1.061.985 | 1.400.000,Portero
2026-07-31,Miguel Ángel RubioMiguel Rubio,Espanyol,-16.661 | -33.818 | -52.450 | -125.497 | -291.152 | -644.307,"-2,16% | -4,28% | -6,49% | -14,24% | -27,81% | -46,02%",,25ddías,755.693,772.354 | 789.511 | 808.143 | 881.190 | 1.046.845 | 1.400.000,Defensa
2026-07-31,Soria,Getafe,0 | 0 | 0 | 0 | 0 | -703.646,"0,00% | 0,00% | 0,00% | 0,00% | 0,00% | -3,52%",,22ddías,19.296.354,19.296.354 | 19.296.354 | 19.296.354 | 19.296.354 | 19.296.354 | 20.000.000,Portero
2026-07-31,Mayoral,Getafe,-36.462 | -86.643 | -146.277 | -312.081 | -685.725 | -1.362.843,"-1,08% | -2,53% | -4,20% | -8,55% | -17,05% | -29,00%",,25ddías,3.337.157,3.373.619 | 3.423.800 | 3.483.434 | 3.649.238 | 4.022.882 | 4.700.000,Delantero
2026-07-31,Iglesias,Sevilla,0 | 0 | 0 | 0 | 0 | +48.352,"0,00% | 0,00% | 0,00% | 0,00% | 0,00% | +0,39%",,22ddías,12.548.352,12.548.352 | 12.548.352 | 12.548.352 | 12.548.352 | 12.548.352 | 12.500.000,Defensa
2026-07-31,Herrera,Real Sociedad,-71.055 | -144.000 | -230.792 | -555.816 | -1.274.275 | -2.271.103,"-1,87% | -3,72% | -5,83% | -12,97% | -25,47% | -37,85%",,22ddías,3.728.897,3.799.952 | 3.872.897 | 3.959.689 | 4.284.713 | 5.003.172 | 6.000.000,Mediocampista
2026-07-31,Eric Garcia,Barcelona,0 | 0 | 0 | 0 | 0 | +228.232,"0,00% | 0,00% | 0,00% | 0,00% | 0,00% | +0,39%",,22ddías,59.228.232,59.228.232 | 59.228.232 | 59.228.232 | 59.228.232 | 59.228.232 | 59.000.000,Defensa
2026-07-31,Boyé,Alavés,-161.266 | -326.398 | -532.822 | -1.350.606 | -3.190.191 | -4.890.678,"-1,06% | -2,11% | -3,41% | -8,21% | -17,43% | -24,45%",,21ddías,15.109.322,15.270.588 | 15.435.720 | 15.642.144 | 16.459.928 | 18.299.513 | 20.000.000,Delantero
2026-07-31,Villar,Elche,0 | 0 | 0 | 0 | 0 | +27.127,"0,00% | 0,00% | 0,00% | 0,00% | 0,00% | +0,39%",,22ddías,7.027.127,7.027.127 | 7.027.127 | 7.027.127 | 7.027.127 | 7.027.127 | 7.000.000,Mediocampista
2026-07-31,Torró,Osasuna,-36.070 | -80.530 | -122.928 | -283.578 | -732.044 | -1.327.075,"-1,24% | -2,73% | -4,10% | -8,98% | -20,31% | -31,60%",,21ddías,2.872.925,2.908.995 | 2.953.455 | 2.995.853 | 3.156.503 | 3.604.969 | 4.200.000,Mediocampista
2026-07-31,S. Cardona,Villarreal,-45.437 | -67.617 | -130.792 | -198.274 | -589.752 | -453.221,"-0,88% | -1,30% | -2,48% | -3,71% | -10,28% | -8,09%",,18ddías,5.146.779,5.192.216 | 5.214.396 | 5.277.571 | 5.345.053 | 5.736.531 | 5.600.000,Defensa
2026-07-31,Javi Muñoz,Getafe,-20.832 | -42.333 | -65.490 | -158.604 | -363.287 | -744.214,"-2,38% | -4,71% | -7,11% | -15,64% | -29,80% | -46,51%",,25ddías,855.786,876.618 | 898.119 | 921.276 | 1.014.390 | 1.219.073 | 1.600.000,Mediocampista
2026-07-31,Moleiro,Villarreal,-531.598 | -1.276.504 | -2.190.856 | -5.269.128 | -38.249.194 | -38.249.194,"-0,91% | -2,16% | -3,65% | -8,35% | 0% | 0%",,10ddías,57.811.274,58.342.872 | 59.087.778 | 60.002.130 | 63.080.402 | 0 | 0,Mediocampista
2026-07-31,Valles,Betis,+749.988 | +1.569.744 | +2.101.694 | +4.294.280 | +7.162.850 | +10.202.508,"+3,86% | +8,42% | +11,61% | +26,99% | +54,93% | +102,03%",,24ddías,20.202.508,19.452.520 | 18.632.764 | 18.100.814 | 15.908.228 | 13.039.658 | 10.000.000,Portero
2026-07-31,Copete,Valencia,-101.949 | -207.174 | -317.985 | -773.313 | -1.744.027 | -2.852.871,"-3,14% | -6,18% | -9,18% | -19,73% | -35,66% | -47,55%",,25ddías,3.147.129,3.249.078 | 3.354.303 | 3.465.114 | 3.920.442 | 4.891.156 | 6.000.000,Defensa
2026-07-31,Herrera,Osasuna,+994.412 | +1.870.999 | +2.622.312 | +5.637.433 | +9.743.878 | +14.528.013,"+3,37% | +6,53% | +9,40% | +22,65% | +46,88% | +90,80%",,23ddías,30.528.013,29.533.601 | 28.657.014 | 27.905.701 | 24.890.580 | 20.784.135 | 16.000.000,Portero
2026-07-31,Nteka,Rayo,-40.660 | -78.615 | -121.734 | -293.727 | -669.525 | -1.295.849,"-2,33% | -4,41% | -6,67% | -14,70% | -28,21% | -43,19%",,25ddías,1.704.151,1.744.811 | 1.782.766 | 1.825.885 | 1.997.878 | 2.373.676 | 3.000.000,Delantero
2026-07-31,Unai López,Rayo,-28.795 | -17.489 | -48.875 | -20.171 | -292.502 | -916.825,"-0,47% | -0,29% | -0,80% | -0,33% | -4,59% | -13,10%",,1ddías,6.083.175,6.111.970 | 6.100.664 | 6.132.050 | 6.103.346 | 6.375.677 | 7.000.000,Mediocampista
2026-07-31,Aleñá,Alavés,-86.429 | -159.958 | -238.752 | -570.942 | -1.240.961 | -2.455.468,"-1,87% | -3,40% | -4,99% | -11,16% | -21,45% | -35,08%",,25ddías,4.544.532,4.630.961 | 4.704.490 | 4.783.284 | 5.115.474 | 5.785.493 | 7.000.000,Mediocampista
2026-07-31,Brahim,Real Madrid,-337.017 | -671.107 | -1.005.391 | -2.183.009 | -4.196.156 | -5.768.577,"-2,31% | -4,50% | -6,60% | -13,30% | -22,77% | -28,84%",,21ddías,14.231.423,14.568.440 | 14.902.530 | 15.236.814 | 16.414.432 | 18.427.579 | 20.000.000,Mediocampista
2026-07-31,Sadiq,Valencia,-309.585 | -636.786 | -975.119 | -1.882.036 | -3.439.913 | -5.893.133,"-2,97% | -5,93% | -8,80% | -15,70% | -25,39% | -36,83%",,23ddías,10.106.867,10.416.452 | 10.743.653 | 11.081.986 | 11.988.903 | 13.546.780 | 16.000.000,Delantero
2026-07-31,Olasagasti,Levante,-21.529 | -61.388 | -121.200 | -390.685 | -1.132.478 | -2.296.710,"-0,58% | -1,63% | -3,17% | -9,54% | -23,42% | -38,28%",,25ddías,3.703.290,3.724.819 | 3.764.678 | 3.824.490 | 4.093.975 | 4.835.768 | 6.000.000,Mediocampista
2026-07-31,Kubo,Real Sociedad,-569.511 | -1.120.844 | -1.747.244 | -4.035.269 | -7.745.043 | -3.717.337,"-2,11% | -4,08% | -6,21% | -13,27% | -22,69% | -12,35%",,14ddías,26.382.663,26.952.174 | 27.503.507 | 28.129.907 | 30.417.932 | 34.127.706 | 30.100.000,Mediocampista
2026-07-31,Zakharyan,Real Sociedad,-40.755 | -83.402 | -128.083 | -318.246 | -724.957 | -1.476.813,"-2,61% | -5,19% | -7,76% | -17,28% | -32,25% | -49,23%",,25ddías,1.523.187,1.563.942 | 1.606.589 | 1.651.270 | 1.841.433 | 2.248.144 | 3.000.000,Mediocampista
2026-07-31,Oyarzabal,Real Sociedad,-1.158.199 | -2.339.695 | -3.806.305 | -8.795.797 | -40.112.013 | -40.112.013,"-1,53% | -3,05% | -4,87% | -10,59% | 0% | 0%",,9ddías,74.299.161,75.457.360 | 76.638.856 | 78.105.466 | 83.094.958 | 0 | 0,Delantero
2026-07-31,Marín,Real Sociedad,-79.367 | -162.101 | -249.407 | -605.280 | -1.347.726 | -2.468.492,"-3,04% | -6,02% | -8,97% | -19,30% | -34,74% | -49,37%",,25ddías,2.531.508,2.610.875 | 2.693.609 | 2.780.915 | 3.136.788 | 3.879.234 | 5.000.000,Mediocampista
2026-07-31,Barrenetxea,Real Sociedad,-682.680 | -975.580 | -1.129.359 | +143.336 | +4.198.546 | +8.400.417,"-1,66% | -2,36% | -2,72% | +0,36% | +11,60% | +26,25%",,3ddías,40.400.417,41.083.097 | 41.375.997 | 41.529.776 | 40.257.081 | 36.201.871 | 32.000.000,Mediocampista
2026-07-31,Zubeldia,Real Sociedad,-109.296 | -196.491 | -342.959 | -927.673 | -2.119.072 | -3.626.488,"-1,04% | -1,86% | -3,20% | -8,21% | -16,96% | -25,90%",,25ddías,10.373.512,10.482.808 | 10.570.003 | 10.716.471 | 11.301.185 | 12.492.584 | 14.000.000,Defensa
2026-07-31,Aihen,Real Sociedad,-56.728 | -110.225 | -167.207 | -417.528 | -953.487 | -1.957.037,"-2,70% | -5,12% | -7,57% | -16,97% | -31,82% | -48,93%",,25ddías,2.042.963,2.099.691 | 2.153.188 | 2.210.170 | 2.460.491 | 2.996.450 | 4.000.000,Defensa
2026-07-31,Odriozola,Real Sociedad,-18.702 | -37.985 | -58.831 | -141.698 | -328.911 | -695.327,"-2,27% | -4,51% | -6,81% | -14,97% | -29,02% | -46,36%",,25ddías,804.673,823.375 | 842.658 | 863.504 | 946.371 | 1.133.584 | 1.500.000,Defensa
2026-07-31,Remiro,Real Sociedad,+892.083 | +1.997.756 | +2.738.542 | +6.900.434 | +12.593.113 | +18.489.427,"+2,37% | +5,47% | +7,66% | +21,84% | +48,63% | +92,45%",,23ddías,38.489.427,37.597.344 | 36.491.671 | 35.750.885 | 31.588.993 | 25.896.314 | 20.000.000,Portero
2026-07-31,Güler,Real Madrid,-761.095 | -1.339.192 | -2.447.763 | -5.589.492 | -11.978.699 | -17.394.480,"-1,30% | -2,27% | -4,08% | -8,84% | -17,21% | -23,19%",,25ddías,57.605.520,58.366.615 | 58.944.712 | 60.053.283 | 63.195.012 | 69.584.219 | 75.000.000,Mediocampista
2026-07-31,Mendy,Real Madrid,-29.505 | -60.040 | -92.608 | -227.451 | -520.980 | -936.073,"-2,70% | -5,34% | -8,01% | -17,61% | -32,87% | -46,80%",,25ddías,1.063.927,1.093.432 | 1.123.967 | 1.156.535 | 1.291.378 | 1.584.907 | 2.000.000,Defensa
2026-07-31,Rüdiger,Real Madrid,-455.864 | -923.797 | -1.425.486 | -2.997.741 | -6.524.629 | -9.502.113,"-1,43% | -2,86% | -4,34% | -8,72% | -17,21% | -23,23%",,22ddías,31.397.887,31.853.751 | 32.321.684 | 32.823.373 | 34.395.628 | 37.922.516 | 40.900.000,Defensa
2026-07-31,Fran García,Betis,0 | 0 | 0 | 0 | 0 | -408.843,"0,00% | 0,00% | 0,00% | 0,00% | 0,00% | -4,09%",,23ddías,9.591.157,9.591.157 | 9.591.157 | 9.591.157 | 9.591.157 | 9.591.157 | 10.000.000,Defensa
2026-07-31,Álvaro García,Rayo,+165.819 | +332.082 | +405.151 | +1.290.766 | +2.001.433 | +3.330.662,"+1,09% | +2,21% | +2,71% | +9,19% | +15,02% | +27,76%",,9ddías,15.330.662,15.164.843 | 14.998.580 | 14.925.511 | 14.039.896 | 13.329.229 | 12.000.000,Mediocampista
2026-07-31,Courtois,Real Madrid,-354.027 | -440.778 | -693.761 | -825.146 | +2.713.219 | +18.976.575,"-0,60% | -0,74% | -1,16% | -1,38% | +4,82% | +47,44%",,5ddías,58.976.575,59.330.602 | 59.417.353 | 59.670.336 | 59.801.721 | 56.263.356 | 40.000.000,Portero
2026-07-31,Valera,Elche,-271.910 | -554.655 | -876.520 | -1.844.070 | -3.047.769 | -37.716.756,"-1,06% | -2,14% | -3,33% | -6,77% | -10,71% | 0%",,16ddías,25.412.621,25.684.531 | 25.967.276 | 26.289.141 | 27.256.691 | 28.460.390 | 0,Mediocampista
2026-07-31,Balliu,Rayo,-20.976 | -40.441 | -61.957 | -140.446 | -309.674 | -623.707,"-2,34% | -4,41% | -6,60% | -13,81% | -26,11% | -41,58%",,25ddías,876.293,897.269 | 916.734 | 938.250 | 1.016.739 | 1.185.967 | 1.500.000,Defensa
2026-07-31,Pathé Ciss,Rayo,-48.744 | -95.930 | -173.341 | -338.778 | -928.950 | +606.138,"-0,46% | -0,90% | -1,61% | -3,10% | -8,05% | +6,06%",,14ddías,10.606.138,10.654.882 | 10.702.068 | 10.779.479 | 10.944.916 | 11.535.088 | 10.000.000,Mediocampista
2026-07-31,Valentín,Rayo,-73.719 | -151.737 | -234.817 | -555.867 | -1.263.112 | -2.351.425,"-1,98% | -3,99% | -6,05% | -13,22% | -25,72% | -39,19%",,25ddías,3.648.575,3.722.294 | 3.800.312 | 3.883.392 | 4.204.442 | 4.911.687 | 6.000.000,Mediocampista
2026-07-31,Lejeune,Rayo,-786.301 | -1.645.653 | -2.534.160 | -6.305.557 | -32.440.409 | -32.440.409,"-1,77% | -3,64% | -5,50% | -12,65% | 0% | 0%",,11ddías,43.541.675,44.327.976 | 45.187.328 | 46.075.835 | 49.847.232 | 0 | 0,Defensa
2026-07-31,Camello,Rayo,-48.185 | -95.187 | -151.807 | -387.745 | -915.566 | -1.751.338,"-1,42% | -2,76% | -4,34% | -10,38% | -21,47% | -34,34%",,25ddías,3.348.662,3.396.847 | 3.443.849 | 3.500.469 | 3.736.407 | 4.264.228 | 5.100.000,Delantero
2026-07-31,Militão,Real Madrid,-543.579 | -1.098.275 | -1.690.680 | -4.101.718 | -9.057.334 | -11.420.209,"-2,84% | -5,58% | -8,34% | -18,08% | -32,77% | -38,07%",,25ddías,18.579.791,19.123.370 | 19.678.066 | 20.270.471 | 22.681.509 | 27.637.125 | 30.000.000,Defensa
2026-07-31,Tchouaméni,Real Madrid,-914.497 | -1.798.214 | -2.884.142 | -6.422.242 | -5.841.531 | -3.459.183,"-1,70% | -3,30% | -5,18% | -10,86% | -9,97% | -6,16%",,10ddías,52.740.817,53.655.314 | 54.539.031 | 55.624.959 | 59.163.059 | 58.582.348 | 56.200.000,Mediocampista
2026-07-31,Bellingham,Real Madrid,-1.257.700 | -2.360.767 | -3.649.699 | -7.348.867 | -33.420.515 | -33.420.515,"-1,25% | -2,33% | -3,55% | -6,91% | 0% | 0%",,8ddías,99.015.474,100.273.174 | 101.376.241 | 102.665.173 | 106.364.341 | 0 | 0,Mediocampista
2026-07-31,Vinicius,Real Madrid,-1.268.001 | -2.183.496 | -4.199.758 | -10.327.136 | -48.789.829 | -48.789.829,"-1,19% | -2,02% | -3,82% | -8,90% | 0% | 0%",,8ddías,105.706.690,106.974.691 | 107.890.186 | 109.906.448 | 116.033.826 | 0 | 0,Delantero
2026-07-31,Rodrygo,Real Madrid,-99.555 | -197.234 | -298.877 | -670.646 | -1.372.004 | -774.322,"-2,30% | -4,46% | -6,61% | -13,70% | -24,51% | -15,49%",,15ddías,4.225.678,4.325.233 | 4.422.912 | 4.524.555 | 4.896.324 | 5.597.682 | 5.000.000,Delantero
2026-07-31,Camavinga,Real Madrid,-367.599 | -730.778 | -1.113.415 | -2.476.531 | -5.123.639 | -9.522.455,"-2,48% | -4,81% | -7,14% | -14,61% | -26,14% | -39,68%",,25ddías,14.477.545,14.845.144 | 15.208.323 | 15.590.960 | 16.954.076 | 19.601.184 | 24.000.000,Mediocampista
2026-07-31,Lunin,Real Madrid,-40.038 | -74.603 | -114.891 | -308.148 | -731.985 | -1.345.583,"-1,49% | -2,73% | -4,15% | -10,40% | -21,62% | -33,64%",,25ddías,2.654.417,2.694.455 | 2.729.020 | 2.769.308 | 2.962.565 | 3.386.402 | 4.000.000,Portero
2026-07-31,Valverde,Real Madrid,-775.166 | -1.606.703 | -2.738.044 | -5.354.671 | -15.250.367 | -27.482.968,"-0,99% | -2,03% | -3,41% | -6,46% | -16,44% | -26,17%",,25ddías,77.517.032,78.292.198 | 79.123.735 | 80.255.076 | 82.871.703 | 92.767.399 | 105.000.000,Mediocampista
2026-07-31,Carmona,Sevilla,-65.515 | -123.459 | -201.271 | -431.980 | -1.018.042 | -1.068.244,"-1,31% | -2,44% | -3,92% | -8,05% | -17,11% | -17,80%",,20ddías,4.931.756,4.997.271 | 5.055.215 | 5.133.027 | 5.363.736 | 5.949.798 | 6.000.000,Defensa
2026-07-31,Djené,Getafe,0 | 0 | 0 | 0 | 0 | +32.492,"0,00% | 0,00% | 0,00% | 0,00% | 0,00% | +0,39%",,22ddías,8.432.492,8.432.492 | 8.432.492 | 8.432.492 | 8.432.492 | 8.432.492 | 8.400.000,Defensa
2026-07-31,Turrientes,Real Sociedad,-103.925 | -227.679 | -363.728 | -846.681 | -1.883.765 | -2.287.522,"-1,33% | -2,87% | -4,50% | -9,89% | -19,63% | -22,88%",,22ddías,7.712.478,7.816.403 | 7.940.157 | 8.076.206 | 8.559.159 | 9.596.243 | 10.000.000,Mediocampista
2026-07-31,Berenguer,Athletic,-135.745 | -249.876 | -424.958 | -844.146 | -1.480.437 | +1.275.648,"-1,27% | -2,31% | -3,86% | -7,39% | -12,28% | +13,72%",,16ddías,10.575.648,10.711.393 | 10.825.524 | 11.000.606 | 11.419.794 | 12.056.085 | 9.300.000,Delantero
2026-07-31,M. Llorente,Atlético,-952.562 | -1.988.321 | -3.004.305 | -3.150.704 | +2.856.378 | +13.888.283,"-1,47% | -3,02% | -4,49% | -4,70% | +4,68% | +27,78%",,5ddías,63.888.283,64.840.845 | 65.876.604 | 66.892.588 | 67.038.987 | 61.031.905 | 50.000.000,Defensa
2026-07-31,Oblak,Atlético,+585.955 | +1.162.699 | +1.453.525 | +4.200.459 | +8.294.063 | +16.833.680,"+1,14% | +2,29% | +2,89% | +8,82% | +19,05% | +48,10%",,24ddías,51.833.680,51.247.725 | 50.670.981 | 50.380.155 | 47.633.221 | 43.539.617 | 35.000.000,Portero
2026-07-31,Koke,Atlético,0 | 0 | 0 | 0 | 0 | +67.671,"0,00% | 0,00% | 0,00% | 0,00% | 0,00% | +0,38%",,22ddías,17.767.671,17.767.671 | 17.767.671 | 17.767.671 | 17.767.671 | 17.767.671 | 17.700.000,Mediocampista
2026-07-31,Giménez,Atlético,-165.063 | -307.201 | -478.872 | -1.118.213 | -2.390.859 | -2.178.729,"-2,47% | -4,50% | -6,84% | -14,64% | -26,83% | -25,04%",,20ddías,6.521.271,6.686.334 | 6.828.472 | 7.000.143 | 7.639.484 | 8.912.130 | 8.700.000,Defensa
2026-07-31,Egiluz,Athletic,-5.083 | -10.180 | -16.249 | -33.589 | -76.938 | -222.167,"-1,05% | -2,09% | -3,29% | -6,57% | -13,87% | -31,74%",,25ddías,477.833,482.916 | 488.013 | 494.082 | 511.422 | 554.771 | 700.000,Defensa
2026-07-31,Prados,Athletic,-46.600 | -91.712 | -142.741 | -349.121 | -775.186 | -1.733.808,"-2,32% | -4,46% | -6,77% | -15,08% | -28,28% | -46,86%",,25ddías,1.966.192,2.012.792 | 2.057.904 | 2.108.933 | 2.315.313 | 2.741.378 | 3.700.000,Mediocampista
2026-07-31,Villalibre,Racing,0 | 0 | 0 | 0 | 0 | +27.946,"0,00% | 0,00% | 0,00% | 0,00% | 0,00% | +0,37%",,21ddías,7.527.946,7.527.946 | 7.527.946 | 7.527.946 | 7.527.946 | 7.527.946 | 7.500.000,Delantero
2026-07-31,Yuri,Athletic,-261.418 | -481.412 | -755.467 | -1.486.841 | -3.192.297 | -3.124.522,"-1,73% | -3,13% | -4,83% | -9,09% | -17,67% | -17,36%",,10ddías,14.875.478,15.136.896 | 15.356.890 | 15.630.945 | 16.362.319 | 18.067.775 | 18.000.000,Defensa
2026-07-31,R. de Galarreta,Athletic,-109.545 | -136.077 | -230.854 | -647.977 | -1.212.037 | +2.114.106,"-1,05% | -1,30% | -2,19% | -5,91% | -10,52% | +25,78%",,18ddías,10.314.106,10.423.651 | 10.450.183 | 10.544.960 | 10.962.083 | 11.526.143 | 8.200.000,Mediocampista
2026-07-31,Agirrezabala,Athletic,0 | 0 | 0 | 0 | 0 | +11.085,"0,00% | 0,00% | 0,00% | 0,00% | 0,00% | +0,38%",,22ddías,2.911.085,2.911.085 | 2.911.085 | 2.911.085 | 2.911.085 | 2.911.085 | 2.900.000,Portero
2026-07-31,Guruzeta,Athletic,-77.857 | -72.075 | -129.749 | -335.532 | -1.103.078 | -1.404.619,"-0,66% | -0,61% | -1,10% | -2,79% | -8,62% | -10,72%",,1ddías,11.695.381,11.773.238 | 11.767.456 | 11.825.130 | 12.030.913 | 12.798.459 | 13.100.000,Delantero
2026-07-31,N. Williams,Athletic,+1.124.359 | +2.641.545 | +3.661.069 | +9.672.477 | +31.482.974 | +31.482.974,"+1,56% | +3,74% | +5,26% | +15,22% | 0% | 0%",,9ddías,73.236.689,72.112.330 | 70.595.144 | 69.575.620 | 63.564.212 | 0 | 0,Delantero
2026-07-31,I. Williams,Athletic,+350.938 | +1.021.580 | +1.463.290 | +3.500.463 | +5.739.961 | +6.858.217,"+1,24% | +3,70% | +5,38% | +13,91% | +25,05% | +31,46%",,23ddías,28.658.217,28.307.279 | 27.636.637 | 27.194.927 | 25.157.754 | 22.918.256 | 21.800.000,Delantero
2026-07-31,Sancet,Athletic,+916.538 | +2.170.764 | +3.091.015 | +7.799.519 | +13.871.370 | +17.830.066,"+2,06% | +5,03% | +7,32% | +20,78% | +44,09% | +64,84%",,23ddías,45.330.066,44.413.528 | 43.159.302 | 42.239.051 | 37.530.547 | 31.458.696 | 27.500.000,Mediocampista
2026-07-31,Vesga,Athletic,-46.233 | -90.316 | -139.618 | -344.876 | -784.911 | -1.591.696,"-2,79% | -5,32% | -7,99% | -17,66% | -32,80% | -49,74%",,25ddías,1.608.304,1.654.537 | 1.698.620 | 1.747.922 | 1.953.180 | 2.393.215 | 3.200.000,Mediocampista
2026-07-31,Galán,Celta,0 | 0 | 0 | 0 | 0 | -524.171,"0,00% | 0,00% | 0,00% | 0,00% | 0,00% | -3,49%",,15ddías,14.475.829,14.475.829 | 14.475.829 | 14.475.829 | 14.475.829 | 14.475.829 | 15.000.000,Defensa
2026-07-31,Kike García,Espanyol,-130.422 | -270.176 | -422.085 | -959.715 | -2.099.443 | -3.388.629,"-2,27% | -4,59% | -7,00% | -14,61% | -27,23% | -37,65%",,23ddías,5.611.371,5.741.793 | 5.881.547 | 6.033.456 | 6.571.086 | 7.710.814 | 9.000.000,Delantero
2026-07-31,Gorosabel,Athletic,-97.846 | -200.150 | -308.669 | -715.133 | -1.476.874 | -2.908.626,"-2,73% | -5,42% | -8,12% | -17,00% | -29,73% | -45,45%",,25ddías,3.491.374,3.589.220 | 3.691.524 | 3.800.043 | 4.206.507 | 4.968.248 | 6.400.000,Defensa
2026-07-31,Abqar,Getafe,+49.558 | +93.212 | +96.526 | +36.333 | -567.565 | -1.078.114,"+1,02% | +1,93% | +2,00% | +0,74% | -10,34% | -17,97%",,4ddías,4.921.886,4.872.328 | 4.828.674 | 4.825.360 | 4.885.553 | 5.489.451 | 6.000.000,Defensa
2026-07-31,Guevara,Alavés,-40.846 | -84.371 | -127.816 | -305.674 | -705.780 | -1.433.564,"-2,54% | -5,11% | -7,54% | -16,33% | -31,06% | -47,79%",,25ddías,1.566.436,1.607.282 | 1.650.807 | 1.694.252 | 1.872.110 | 2.272.216 | 3.000.000,Mediocampista
2026-07-31,Blanco,Alavés,-222.568 | -442.461 | -724.583 | -1.637.668 | -3.762.564 | +14.915.405,"-1,31% | -2,57% | -4,15% | -8,91% | -18,34% | 0%",,17ddías,16.748.524,16.971.092 | 17.190.985 | 17.473.107 | 18.386.192 | 20.511.088 | 0,Mediocampista
2026-07-31,Rioja,Valencia,-253.584 | -471.476 | -757.346 | -1.869.842 | -3.811.234 | -6.354.130,"-1,34% | -2,47% | -3,90% | -9,11% | -16,97% | -25,42%",,25ddías,18.645.870,18.899.454 | 19.117.346 | 19.403.216 | 20.515.712 | 22.457.104 | 25.000.000,Mediocampista
2026-07-31,Tenaglia,Alavés,-72.872 | -172.684 | -349.500 | -870.381 | -1.749.722 | -2.911.127,"-0,48% | -1,13% | -2,26% | -5,45% | -10,39% | -16,17%",,25ddías,15.088.873,15.161.745 | 15.261.557 | 15.438.373 | 15.959.254 | 16.838.595 | 18.000.000,Defensa
2026-07-31,Guridi,Sevilla,0 | 0 | 0 | 0 | 0 | +19.315,"0,00% | 0,00% | 0,00% | 0,00% | 0,00% | +0,39%",,22ddías,5.019.315,5.019.315 | 5.019.315 | 5.019.315 | 5.019.315 | 5.019.315 | 5.000.000,Mediocampista
2026-07-31,Yeray,Athletic,-59.404 | -128.129 | -209.933 | -452.977 | -907.387 | -1.088.126,"-1,46% | -3,09% | -4,97% | -10,15% | -18,45% | -21,34%",,10ddías,4.011.874,4.071.278 | 4.140.003 | 4.221.807 | 4.464.851 | 4.919.261 | 5.100.000,Defensa
2026-07-31,Rebbach,Alavés,-87.586 | -179.966 | -283.366 | -779.595 | -1.851.397 | -2.959.762,"-1,71% | -3,45% | -5,32% | -13,40% | -26,86% | -37,00%",,23ddías,5.040.238,5.127.824 | 5.220.204 | 5.323.604 | 5.819.833 | 6.891.635 | 8.000.000,Delantero
2026-07-31,Carlos BenavidezProtesoni,Alavés,0 | 0 | 0 | 0 | 0 | +11.588,"0,00% | 0,00% | 0,00% | 0,00% | 0,00% | +0,39%",,22ddías,3.011.588,3.011.588 | 3.011.588 | 3.011.588 | 3.011.588 | 3.011.588 | 3.000.000,Mediocampista
2026-07-31,Pubill,Atlético,+1.056.412 | +2.874.550 | +3.708.087 | +10.334.666 | +19.676.878 | +31.397.074,"+1,50% | +4,20% | +5,48% | +16,92% | +38,04% | +78,49%",,24ddías,71.397.074,70.340.662 | 68.522.524 | 67.688.987 | 61.062.408 | 51.720.196 | 40.000.000,Defensa
2026-07-31,Unai Simón,Athletic,+1.590.266 | +3.336.869 | +4.754.186 | +12.051.716 | +22.494.055 | +31.330.046,"+3,20% | +6,95% | +10,21% | +30,68% | +78,01% | +156,65%",,23ddías,51.330.046,49.739.780 | 47.993.177 | 46.575.860 | 39.278.330 | 28.835.991 | 20.000.000,Portero
2026-07-31,Vivian,Athletic,-433.060 | -865.421 | -1.340.712 | -3.264.953 | -6.506.795 | -3.335.827,"-2,53% | -4,94% | -7,45% | -16,38% | -28,08% | -16,68%",,14ddías,16.664.173,17.097.233 | 17.529.594 | 18.004.885 | 19.929.126 | 23.170.968 | 20.000.000,Defensa
2026-07-31,Paredes,Athletic,-61.578 | -125.191 | -199.094 | -514.187 | -1.189.899 | -1.981.334,"-1,44% | -2,88% | -4,51% | -10,86% | -22,00% | -31,96%",,25ddías,4.218.666,4.280.244 | 4.343.857 | 4.417.760 | 4.732.853 | 5.408.565 | 6.200.000,Defensa
2026-07-31,Molina,Atlético,-75.746 | -133.943 | -216.976 | -442.241 | -823.835 | -859.901,"-1,54% | -2,69% | -4,29% | -8,37% | -14,55% | -15,09%",,20ddías,4.840.099,4.915.845 | 4.974.042 | 5.057.075 | 5.282.340 | 5.663.934 | 5.700.000,Defensa
2026-07-31,Barrios,Atlético,+397.044 | +1.158.509 | +1.544.905 | +5.506.678 | +11.242.397 | +14.481.986,"+0,73% | +2,17% | +2,92% | +11,24% | +26,00% | +36,20%",,21ddías,54.481.986,54.084.942 | 53.323.477 | 52.937.081 | 48.975.308 | 43.239.589 | 40.000.000,Mediocampista
2026-07-31,Sotelo,Levante,+14.035 | 0 | -18.699 | -95.112 | -285.112 | -717.197,"+1,03% | 0,00% | -1,33% | -6,44% | -17,09% | -34,15%",,1ddías,1.382.803,1.368.768 | 1.382.803 | 1.401.502 | 1.477.915 | 1.667.915 | 2.100.000,Mediocampista
2026-07-31,Starfelt,Celta,+101.482 | +150.761 | +100.210 | -64.940 | -433.469 | +329.928,"+0,99% | +1,48% | +0,98% | -0,62% | -4,03% | +3,30%",,2ddías,10.329.928,10.228.446 | 10.179.167 | 10.229.718 | 10.394.868 | 10.763.397 | 10.000.000,Defensa
2026-07-31,Bartra,Betis,+196.417 | +472.203 | +677.900 | +2.082.805 | +4.294.887 | +4.284.297,"+0,82% | +1,98% | +2,87% | +9,38% | +21,49% | +21,42%",,19ddías,24.284.297,24.087.880 | 23.812.094 | 23.606.397 | 22.201.492 | 19.989.410 | 20.000.000,Defensa
2026-07-31,Marc Roca,Betis,-1.642 | +14.381 | -30.899 | -149.547 | -593.710 | -1.788.026,"-0,04% | +0,31% | -0,67% | -3,14% | -11,41% | -27,94%",,1ddías,4.611.974,4.613.616 | 4.597.593 | 4.642.873 | 4.761.521 | 5.205.684 | 6.400.000,Mediocampista
2026-07-31,Isco,Betis,-2.025.620 | -4.104.030 | -6.258.737 | -14.722.287 | +57.114.906 | +57.114.906,"-2,89% | -5,69% | -8,43% | -17,80% | 0% | 0%",,9ddías,68.007.417,70.033.037 | 72.111.447 | 74.266.154 | 82.729.704 | 0 | 0,Mediocampista
2026-07-31,Ruibal,Betis,-115.653 | -236.536 | -361.720 | -891.191 | -1.996.747 | -3.279.624,"-3,01% | -5,98% | -8,86% | -19,33% | -34,93% | -46,85%",,25ddías,3.720.376,3.836.029 | 3.956.912 | 4.082.096 | 4.611.567 | 5.717.123 | 7.000.000,Delantero
2026-07-31,Navarro,Athletic,-26.053 | -61.044 | -91.047 | -210.946 | -511.873 | -1.072.461,"-1,16% | -2,67% | -3,93% | -8,65% | -18,69% | -32,50%",,25ddías,2.227.539,2.253.592 | 2.288.583 | 2.318.586 | 2.438.485 | 2.739.412 | 3.300.000,Mediocampista
2026-07-31,Chust,Elche,0 | 0 | 0 | 0 | 0 | +19.376,"0,00% | 0,00% | 0,00% | 0,00% | 0,00% | +0,39%",,22ddías,5.019.376,5.019.376 | 5.019.376 | 5.019.376 | 5.019.376 | 5.019.376 | 5.000.000,Defensa
2026-07-31,U. Núñez,Celta,-102.180 | -199.852 | -307.481 | -631.021 | -631.021 | -611.907,"-2,28% | -4,36% | -6,55% | -12,57% | -12,57% | -12,24%",,5ddías,4.388.093,4.490.273 | 4.587.945 | 4.695.574 | 5.019.114 | 5.019.114 | 5.000.000,Defensa
2026-07-31,Iglesias,Celta,+111.010 | +459.064 | +755.557 | +3.620.915 | +7.713.523 | +13.993.393,"+0,34% | +1,44% | +2,39% | +12,59% | +31,26% | 0%",,15ddías,32.389.942,32.278.932 | 31.930.878 | 31.634.385 | 28.769.027 | 24.676.419 | 0,Delantero
2026-07-31,Dotor,Málaga,0 | 0 | 0 | 0 | +4.403 | +14.904,"0,00% | 0,00% | 0,00% | 0,00% | 0% | +0,37%",,9ddías,4.014.904,4.014.904 | 4.014.904 | 4.014.904 | 4.014.904 | 0 | 4.000.000,Mediocampista
2026-07-31,Carles Pérez,Celta,-54.961 | -119.518 | +230.914 | +230.914 | +230.914 | +230.914,"-2,88% | -6,05% | 0% | 0% | 0% | 0%",,2ddías,1.854.980,1.909.941 | 1.974.498 | 0 | 0 | 0 | 0,Delantero
2026-07-31,Aspas,Celta,-151.046 | -280.676 | -423.182 | -937.707 | -2.173.361 | -1.749.217,"-1,66% | -3,04% | -4,51% | -9,48% | -19,54% | -16,35%",,19ddías,8.950.783,9.101.829 | 9.231.459 | 9.373.965 | 9.888.490 | 11.124.144 | 10.700.000,Delantero
2026-07-31,Iván Villar,Celta,-28.675 | -55.058 | -89.157 | -232.128 | -574.183 | -1.173.022,"-2,12% | -3,98% | -6,30% | -14,89% | -30,20% | -46,92%",,25ddías,1.326.978,1.355.653 | 1.382.036 | 1.416.135 | 1.559.106 | 1.901.161 | 2.500.000,Portero
2026-07-31,Swedberg,Celta,-101.349 | -205.293 | -385.985 | -981.559 | -2.327.192 | -3.228.274,"-1,08% | -2,17% | -4,00% | -9,57% | -20,06% | -25,83%",,22ddías,9.271.726,9.373.075 | 9.477.019 | 9.657.711 | 10.253.285 | 11.598.918 | 12.500.000,Mediocampista
2026-07-31,Domínguez,Celta,-20.443 | -41.538 | -64.272 | -155.511 | -360.554 | -753.569,"-2,36% | -4,68% | -7,06% | -15,52% | -29,87% | -47,10%",,25ddías,846.431,866.874 | 887.969 | 910.703 | 1.001.942 | 1.206.985 | 1.600.000,Defensa
2026-07-31,Ayoze,Villarreal,-150.648 | -230.515 | -426.404 | -1.061.792 | -1.859.534 | -3.069.583,"-0,88% | -1,34% | -2,46% | -5,90% | -9,90% | -15,35%",,25ddías,16.930.417,17.081.065 | 17.160.932 | 17.356.821 | 17.992.209 | 18.789.951 | 20.000.000,Delantero
2026-07-31,Abde,Betis,-1.983.517 | -3.945.859 | -6.101.814 | -15.394.485 | -65.312.227 | -65.312.227,"-2,89% | -5,60% | -8,40% | -18,78% | 0% | 0%",,9ddías,66.569.890,68.553.407 | 70.515.749 | 72.671.704 | 81.964.375 | 0 | 0,Delantero
2026-07-31,Riquelme,Betis,-46.546 | -101.365 | -159.838 | -382.789 | -960.212 | -1.925.583,"-1,29% | -2,76% | -4,28% | -9,67% | -21,18% | -35,01%",,25ddías,3.574.417,3.620.963 | 3.675.782 | 3.734.255 | 3.957.206 | 4.534.629 | 5.500.000,Mediocampista
2026-07-31,Raphinha,Barcelona,-1.110.970 | -2.644.346 | -4.115.851 | -10.278.958 | -24.191.312 | -27.405.697,"-1,49% | -3,48% | -5,31% | -12,28% | -24,79% | -27,19%",,17ddías,73.394.303,74.505.273 | 76.038.649 | 77.510.154 | 83.673.261 | 97.585.615 | 100.800.000,Delantero
2026-07-31,Kostis,Atlético,0 | 0 | 0 | 0 | 0 | +2.674,"0,00% | 0,00% | 0,00% | 0,00% | 0,00% | +0,38%",,22ddías,702.674,702.674 | 702.674 | 702.674 | 702.674 | 702.674 | 700.000,Defensa
2026-07-31,Balde,Barcelona,-492.576 | -871.900 | -1.021.416 | +1.390.498 | +5.546.265 | +8.640.091,"-1,74% | -3,04% | -3,54% | +5,26% | +24,88% | +45,00%",,3ddías,27.840.091,28.332.667 | 28.711.991 | 28.861.507 | 26.449.593 | 22.293.826 | 19.200.000,Defensa
2026-07-31,Araújo,Barcelona,-159.649 | -323.569 | -496.617 | -1.198.891 | -2.683.021 | -3.991.842,"-2,59% | -5,11% | -7,63% | -16,63% | -30,87% | -39,92%",,23ddías,6.008.158,6.167.807 | 6.331.727 | 6.504.775 | 7.207.049 | 8.691.179 | 10.000.000,Defensa
2026-07-31,Gavi,Barcelona,+585.746 | +1.353.445 | +1.839.489 | +4.948.923 | +9.289.596 | +11.724.887,"+1,62% | +3,83% | +5,27% | +15,57% | +33,86% | +46,90%",,21ddías,36.724.887,36.139.141 | 35.371.442 | 34.885.398 | 31.775.964 | 27.435.291 | 25.000.000,Mediocampista
2026-07-31,Ferran,Barcelona,+1.436.462 | +3.451.610 | +4.735.530 | +11.153.984 | +10.106.433 | +5.239.473,"+2,25% | +5,59% | +7,83% | +20,62% | +18,33% | +8,73%",,9ddías,65.239.473,63.803.011 | 61.787.863 | 60.503.943 | 54.085.489 | 55.133.040 | 60.000.000,Delantero
2026-07-31,Pedri,Barcelona,-1.241.056 | -2.580.951 | -3.848.937 | -7.427.312 | -79.600.563 | -79.600.563,"-1,24% | -2,54% | -3,74% | -6,98% | 0% | 0%",,8ddías,98.937.029,100.178.085 | 101.517.980 | 102.785.966 | 106.364.341 | 0 | 0,Mediocampista
2026-07-31,A. Christensen,Barcelona,0 | 0 | 0 | 0 | 0 | +19.340,"0,00% | 0,00% | 0,00% | 0,00% | 0,00% | +0,39%",,22ddías,5.019.340,5.019.340 | 5.019.340 | 5.019.340 | 5.019.340 | 5.019.340 | 5.000.000,Defensa
2026-07-31,Bellerín,Betis,+132.937 | +156.563 | +141.957 | +15.496 | -568.401 | +260.024,"+1,31% | +1,55% | +1,40% | +0,15% | -5,25% | +2,60%",,2ddías,10.260.024,10.127.087 | 10.103.461 | 10.118.067 | 10.244.528 | 10.828.425 | 10.000.000,Defensa
2026-07-31,F. de Jong,Barcelona,0 | 0 | 0 | 0 | 0 | +172.140,"0,00% | 0,00% | 0,00% | 0,00% | 0,00% | +0,39%",,22ddías,44.672.140,44.672.140 | 44.672.140 | 44.672.140 | 44.672.140 | 44.672.140 | 44.500.000,Mediocampista
2026-07-31,Koundé,Barcelona,-252.689 | -2.947 | +59.143 | +2.569.108 | +8.495.599 | +17.777.679,"-0,48% | -0,01% | +0,11% | +5,12% | +19,19% | +50,79%",,1ddías,52.777.679,53.030.368 | 52.780.626 | 52.718.536 | 50.208.571 | 44.282.080 | 35.000.000,Defensa
2026-07-31,Yamal,Barcelona,-1.570.076 | -3.347.637 | -5.331.315 | -17.232.186 | +60.832.736 | +60.832.736,"-1,18% | -2,49% | -3,91% | -11,62% | 0% | 0%",,7ddías,131.128.919,132.698.995 | 134.476.556 | 136.460.234 | 148.361.105 | 0 | 0,Delantero
2026-07-31,Casadó,Barcelona,-23.677 | -40.900 | -76.736 | -161.271 | -396.457 | -999.637,"-1,11% | -1,91% | -3,52% | -7,13% | -15,88% | -32,25%",,25ddías,2.100.363,2.124.040 | 2.141.263 | 2.177.099 | 2.261.634 | 2.496.820 | 3.100.000,Mediocampista
2026-07-31,Cubarsí,Barcelona,-670.156 | -481.568 | -312.747 | +6.035.907 | +20.926.313 | +38.640.619,"-0,67% | -0,49% | -0,32% | +6,52% | +26,93% | +64,40%",,1ddías,98.640.619,99.310.775 | 99.122.187 | 98.953.366 | 92.604.712 | 77.714.306 | 60.000.000,Defensa
2026-07-31,Fermín,Barcelona,-759.095 | -1.431.475 | -2.716.256 | -8.766.516 | -21.097.918 | -29.964.752,"-1,15% | -2,15% | -4,01% | -11,88% | -24,49% | -31,54%",,25ddías,65.035.248,65.794.343 | 66.466.723 | 67.751.504 | 73.801.764 | 86.133.166 | 95.000.000,Mediocampista
2026-07-31,Pacheco,Real Sociedad,0 | 0 | 0 | 0 | 0 | +15.452,"0,00% | 0,00% | 0,00% | 0,00% | 0,00% | +0,39%",,22ddías,4.015.452,4.015.452 | 4.015.452 | 4.015.452 | 4.015.452 | 4.015.452 | 4.000.000,Defensa
2026-07-31,De Frutos,Rayo,+759.738 | +1.814.738 | +2.559.926 | +6.612.800 | +12.443.954 | +18.316.177,"+1,79% | +4,37% | +6,28% | +18,02% | +40,31% | +73,26%",,24ddías,43.316.177,42.556.439 | 41.501.439 | 40.756.251 | 36.703.377 | 30.872.223 | 25.000.000,Delantero
2026-07-31,Le Normand,Atlético,-151.350 | -275.109 | -481.590 | -1.072.492 | -1.860.079 | -3.253.122,"-1,34% | -2,41% | -4,14% | -8,78% | -14,30% | -22,59%",,20ddías,11.146.878,11.298.228 | 11.421.987 | 11.628.468 | 12.219.370 | 13.006.957 | 14.400.000,Defensa
2026-07-31,Álvaro,Deportivo,-84.027 | -145.960 | -245.677 | -747.592 | -1.796.996 | -3.511.895,"-1,38% | -2,38% | -3,94% | -11,10% | -23,08% | -36,97%",,25ddías,5.988.105,6.072.132 | 6.134.065 | 6.233.782 | 6.735.697 | 7.785.101 | 9.500.000,Portero
2026-07-31,Bernal,Barcelona,0 | 0 | 0 | 0 | 0 | +13.924,"0,00% | 0,00% | 0,00% | 0,00% | 0,00% | +0,39%",,22ddías,3.613.924,3.613.924 | 3.613.924 | 3.613.924 | 3.613.924 | 3.613.924 | 3.600.000,Mediocampista
2026-07-31,Marrero,Real Sociedad,-38.837 | -73.964 | -115.313 | -295.771 | -704.205 | -1.421.988,"-2,40% | -4,48% | -6,81% | -15,78% | -30,86% | -47,40%",,25ddías,1.578.012,1.616.849 | 1.651.976 | 1.693.325 | 1.873.783 | 2.282.217 | 3.000.000,Portero
2026-07-31,Toni Martinez,Alavés,-429.954 | -742.168 | -1.147.006 | -2.859.731 | -6.958.022 | +23.957.985,"-1,51% | -2,58% | -3,93% | -9,25% | -19,88% | 0%",,14ddías,28.041.978,28.471.932 | 28.784.146 | 29.188.984 | 30.901.709 | 35.000.000 | 0,Delantero
2026-07-31,Musso,Atlético,-126.561 | -238.746 | -387.544 | -990.809 | -2.157.786 | -3.831.657,"-2,01% | -3,73% | -5,91% | -13,84% | -25,92% | -38,32%",,25ddías,6.168.343,6.294.904 | 6.407.089 | 6.555.887 | 7.159.152 | 8.326.129 | 10.000.000,Portero
2026-07-31,Olmo,Barcelona,-1.434.525 | -2.820.520 | -4.415.281 | -9.814.782 | -26.007.630 | -26.007.630,"-1,80% | -3,47% | -5,33% | -11,12% | 0% | 0%",,9ddías,78.472.100,79.906.625 | 81.292.620 | 82.887.381 | 88.286.882 | 0 | 0,Mediocampista
2026-07-31,Mario Martín,Getafe,0 | 0 | 0 | 0 | 0 | +15.472,"0,00% | 0,00% | 0,00% | 0,00% | 0,00% | +0,39%",,22ddías,4.015.472,4.015.472 | 4.015.472 | 4.015.472 | 4.015.472 | 4.015.472 | 4.000.000,Mediocampista
2026-07-31,Benito,Osasuna,-14.959 | -30.344 | -47.130 | -111.991 | -259.671 | -585.139,"-2,05% | -4,07% | -6,19% | -13,54% | -26,65% | -45,01%",,25ddías,714.861,729.820 | 745.205 | 761.991 | 826.852 | 974.532 | 1.300.000,Delantero
2026-07-31,Leo Román,Deportivo,+301.959 | -507.293 | +22.305.518 | +22.305.518 | +22.305.518 | +22.305.518,"+1,26% | -2,06% | 0% | 0% | 0% | 0%",,1ddías,24.173.940,23.871.981 | 24.681.233 | 0 | 0 | 0 | 0,Portero
2026-07-31,Ferrer,Getafe,0 | 0 | 0 | 0 | 0 | +2.705,"0,00% | 0,00% | 0,00% | 0,00% | 0,00% | +0,39%",,22ddías,702.705,702.705 | 702.705 | 702.705 | 702.705 | 702.705 | 700.000,Portero
2026-07-31,Boiro,Athletic,-10.901 | -22.058 | -34.440 | -79.770 | -164.419 | -382.549,"-1,73% | -3,45% | -5,28% | -11,44% | -21,03% | -38,25%",,9ddías,617.451,628.352 | 639.509 | 651.891 | 697.221 | 781.870 | 1.000.000,Defensa
2026-07-31,Jauregizar,Athletic,+315.599 | +728.690 | +1.025.966 | +2.954.848 | +5.922.984 | +8.572.081,"+1,36% | +3,19% | +4,55% | +14,33% | +33,56% | +57,15%",,24ddías,23.572.081,23.256.482 | 22.843.391 | 22.546.115 | 20.617.233 | 17.649.097 | 15.000.000,Mediocampista
2026-07-31,Padilla,Athletic,0 | 0 | 0 | 0 | 0 | +5.588,"0,00% | 0,00% | 0,00% | 0,00% | 0,00% | +0,37%",,22ddías,1.505.588,1.505.588 | 1.505.588 | 1.505.588 | 1.505.588 | 1.505.588 | 1.500.000,Portero
2026-07-31,Alvarez,Atlético,-639.810 | -993.663 | -1.663.398 | -1.964.883 | +26.512.883 | +26.512.883,"-0,85% | -1,31% | -2,18% | -2,57% | 0% | 0%",,6ddías,74.601.277,75.241.087 | 75.594.940 | 76.264.675 | 76.566.160 | 0 | 0,Delantero
2026-07-31,Letácek,Getafe,-23.086 | -46.546 | -69.197 | -184.603 | -441.963 | -922.244,"-2,31% | -4,54% | -6,61% | -15,88% | -31,13% | -48,54%",,25ddías,977.756,1.000.842 | 1.024.302 | 1.046.953 | 1.162.359 | 1.419.719 | 1.900.000,Portero
2026-07-31,L. Sucic,Real Sociedad,-56.797 | -112.074 | -187.536 | -449.355 | -1.032.397 | -1.601.532,"-1,37% | -2,66% | -4,38% | -9,88% | -20,12% | -28,10%",,22ddías,4.098.468,4.155.265 | 4.210.542 | 4.286.004 | 4.547.823 | 5.130.865 | 5.700.000,Mediocampista
2026-07-31,Durán,Celta,-37.270 | -85.596 | -134.760 | -333.831 | -750.090 | -1.403.811,"-2,28% | -5,09% | -7,79% | -17,30% | -31,97% | -46,79%",,25ddías,1.596.189,1.633.459 | 1.681.785 | 1.730.949 | 1.930.020 | 2.346.279 | 3.000.000,Delantero
2026-07-31,Kambwala,Villarreal,-39.580 | -79.395 | -120.682 | -301.389 | -689.634 | -1.408.663,"-2,43% | -4,75% | -7,05% | -15,92% | -30,23% | -46,96%",,25ddías,1.591.337,1.630.917 | 1.670.732 | 1.712.019 | 1.892.726 | 2.280.971 | 3.000.000,Defensa
2026-07-31,Carlos Martín,Atlético,0 | 0 | 0 | 0 | 0 | -81.510,"0,00% | 0,00% | 0,00% | 0,00% | 0,00% | -3,54%",,22ddías,2.218.490,2.218.490 | 2.218.490 | 2.218.490 | 2.218.490 | 2.218.490 | 2.300.000,Mediocampista
2026-07-31,Endrick,Real Madrid,-150.908 | -424.256 | +7.346.527 | +7.346.527 | +7.346.527 | +7.346.527,"-1,87% | -5,09% | 0% | 0% | 0% | 0%",,2ddías,7.912.516,8.063.424 | 8.336.772 | 0 | 0 | 0 | 0,Delantero
2026-07-31,Carreira,Celta,-72.073 | -175.620 | -291.891 | -744.727 | -1.550.615 | -915.577,"-1,01% | -2,42% | -3,96% | -9,51% | -17,96% | -11,44%",,19ddías,7.084.423,7.156.496 | 7.260.043 | 7.376.314 | 7.829.150 | 8.635.038 | 8.000.000,Defensa
2026-07-31,Sergio Gómez,Real Sociedad,-131.567 | -292.210 | -607.004 | -1.509.983 | -3.480.863 | -5.524.937,"-0,67% | -1,48% | -3,02% | -7,20% | -15,16% | -22,10%",,25ddías,19.475.063,19.606.630 | 19.767.273 | 20.082.067 | 20.985.046 | 22.955.926 | 25.000.000,Defensa
2026-07-31,Peque,Sevilla,-59.527 | -123.461 | -188.537 | -458.658 | -1.025.472 | -2.095.689,"-2,42% | -4,88% | -7,27% | -16,02% | -29,90% | -46,57%",,25ddías,2.404.311,2.463.838 | 2.527.772 | 2.592.848 | 2.862.969 | 3.429.783 | 4.500.000,Delantero
2026-07-31,Ejuke,Sevilla,-51.300 | -106.329 | -165.797 | -376.724 | -897.585 | -1.685.596,"-1,52% | -3,11% | -4,76% | -10,21% | -21,31% | -33,71%",,25ddías,3.314.404,3.365.704 | 3.420.733 | 3.480.201 | 3.691.128 | 4.211.989 | 5.000.000,Delantero
2026-07-31,Andrés Martín,Racing,-359.429 | -607.691 | -983.235 | -2.030.911 | -4.612.076 | +21.158.015,"-1,54% | -2,58% | -4,12% | -8,14% | -16,76% | 0%",,16ddías,22.909.323,23.268.752 | 23.517.014 | 23.892.558 | 24.940.234 | 27.521.399 | 0,Delantero
2026-07-31,Pedro Díaz,Rayo,-43.142 | -76.280 | -118.004 | -294.888 | -758.507 | -1.781.754,"-1,91% | -3,32% | -5,05% | -11,73% | -25,48% | -44,54%",,26ddías,2.218.246,2.261.388 | 2.294.526 | 2.336.250 | 2.513.134 | 2.976.753 | 4.000.000,Mediocampista
2026-07-31,Danjuma,Valencia,-41.263 | -80.349 | -151.278 | -377.736 | -886.214 | -1.591.506,"-0,93% | -1,79% | -3,32% | -7,89% | -16,74% | -26,53%",,25ddías,4.408.494,4.449.757 | 4.488.843 | 4.559.772 | 4.786.230 | 5.294.708 | 6.000.000,Delantero
2026-07-31,Pépé,Villarreal,-1.053.312 | -2.063.039 | -3.300.180 | -8.221.329 | -35.403.323 | -35.403.323,"-1,83% | -3,52% | -5,51% | -12,69% | 0% | 0%",,10ddías,56.561.614,57.614.926 | 58.624.653 | 59.861.794 | 64.782.943 | 0 | 0,Delantero
2026-07-31,Pape Gueye,Villarreal,-131.224 | -204.200 | -689.638 | -2.155.196 | -6.374.549 | -10.736.830,"-0,33% | -0,52% | -1,73% | -5,20% | -13,97% | -21,47%",,25ddías,39.263.170,39.394.394 | 39.467.370 | 39.952.808 | 41.418.366 | 45.637.719 | 50.000.000,Mediocampista
2026-07-31,Losada,Betis,0 | 0 | 0 | 0 | 0 | +9.378,"0,00% | 0,00% | 0,00% | 0,00% | 0,00% | +0,38%",,22ddías,2.509.378,2.509.378 | 2.509.378 | 2.509.378 | 2.509.378 | 2.509.378 | 2.500.000,Delantero
2026-07-31,D. Llorente,Betis,+155.239 | +321.961 | +480.828 | +1.268.317 | +1.031.571 | +2.189.143,"+1,58% | +3,33% | +5,06% | +14,54% | +11,52% | +28,07%",,9ddías,9.989.143,9.833.904 | 9.667.182 | 9.508.315 | 8.720.826 | 8.957.572 | 7.800.000,Defensa
2026-07-31,Bretones,Osasuna,+60.670 | +136.611 | +166.535 | +245.755 | +77.994 | -203.308,"+2,98% | +6,97% | +8,63% | +13,28% | +3,86% | -8,84%",,7ddías,2.096.692,2.036.022 | 1.960.081 | 1.930.157 | 1.850.937 | 2.018.698 | 2.300.000,Defensa
2026-07-31,Natan,Betis,+756.207 | +1.669.331 | +2.085.676 | +5.074.200 | +9.335.718 | +13.475.340,"+2,00% | +4,54% | +5,73% | +15,19% | +32,04% | +53,90%",,23ddías,38.475.340,37.719.133 | 36.806.009 | 36.389.664 | 33.401.140 | 29.139.622 | 25.000.000,Defensa
2026-07-31,Javi Rodríguez,Celta,0 | 0 | 0 | 0 | 0 | +37.652,"0,00% | 0,00% | 0,00% | 0,00% | 0,00% | +0,38%",,22ddías,10.037.652,10.037.652 | 10.037.652 | 10.037.652 | 10.037.652 | 10.037.652 | 10.000.000,Defensa
2026-07-31,Romero,Villarreal,-512.180 | -1.624.252 | -2.838.574 | -2.838.574 | -2.838.574 | -2.707.354,"-1,56% | -4,79% | -8,08% | -8,08% | -8,08% | -7,74%",,3ddías,32.292.646,32.804.826 | 33.916.898 | 35.131.220 | 35.131.220 | 35.131.220 | 35.000.000,Defensa
2026-07-31,Szczesny,Barcelona,0 | 0 | 0 | 0 | 0 | +8.400,"0,00% | 0,00% | 0,00% | 0,00% | 0,00% | +0,26%",,22ddías,3.208.400,3.208.400 | 3.208.400 | 3.208.400 | 3.208.400 | 3.208.400 | 3.200.000,Portero
2026-07-31,Jiménez,Real Madrid,0 | 0 | 0 | 0 | 0 | +2.248,"0,00% | 0,00% | 0,00% | 0,00% | 0,00% | +0,37%",,22ddías,602.248,602.248 | 602.248 | 602.248 | 602.248 | 602.248 | 600.000,Defensa
2026-07-31,Mestre,Real Madrid,0 | 0 | 0 | 0 | 0 | -22.140,"0,00% | 0,00% | 0,00% | 0,00% | 0,00% | -3,16%",,22ddías,677.860,677.860 | 677.860 | 677.860 | 677.860 | 677.860 | 700.000,Portero
2026-07-31,Lago,Celta,0 | 0 | 0 | 0 | 0 | +2.633,"0,00% | 0,00% | 0,00% | 0,00% | 0,00% | +0,38%",,22ddías,702.633,702.633 | 702.633 | 702.633 | 702.633 | 702.633 | 700.000,Defensa
2026-07-31,El-Abdellaoui,Celta,0 | 0 | 0 | 0 | 0 | +4.893,"0,00% | 0,00% | 0,00% | 0,00% | 0,00% | +0,38%",,22ddías,1.304.893,1.304.893 | 1.304.893 | 1.304.893 | 1.304.893 | 1.304.893 | 1.300.000,Delantero
2026-07-31,Antony,Betis,-1.282.714 | -2.587.173 | -3.977.666 | -8.704.646 | -12.869.540 | -5.138.279,"-1,80% | -3,57% | -5,39% | -11,08% | -15,56% | -6,85%",,12ddías,69.861.721,71.144.435 | 72.448.894 | 73.839.387 | 78.566.367 | 82.731.261 | 75.000.000,Delantero
2026-07-31,Sannadi,Athletic,-5.650 | -11.338 | -18.023 | -38.092 | -80.514 | -208.556,"-1,14% | -2,26% | -3,54% | -7,19% | -14,08% | -29,79%",,25ddías,491.444,497.094 | 502.782 | 509.467 | 529.536 | 571.958 | 700.000,Delantero
2026-07-31,Pablo Ramón,Espanyol,-9.046 | -18.271 | -28.640 | -28.640 | -28.640 | -27.066,"-1,55% | -3,09% | 0% | 0% | 0% | -4,51%",,2ddías,572.934,581.980 | 591.205 | 0 | 0 | 0 | 600.000,Mediocampista
2026-07-31,Guille,Barcelona,0 | 0 | 0 | 0 | 0 | +2.705,"0,00% | 0,00% | 0,00% | 0,00% | 0,00% | +0,39%",,22ddías,702.705,702.705 | 702.705 | 702.705 | 702.705 | 702.705 | 700.000,Mediocampista
2026-07-31,Toni Fernández,Barcelona,0 | 0 | 0 | 0 | 0 | +2.319,"0,00% | 0,00% | 0,00% | 0,00% | 0,00% | +0,39%",,22ddías,602.319,602.319 | 602.319 | 602.319 | 602.319 | 602.319 | 600.000,Delantero
2026-07-31,Garcés,Alavés,-20.562 | -41.783 | -64.648 | -156.468 | -363.339 | -650.669,"-2,36% | -4,69% | -7,07% | -15,56% | -29,96% | -43,38%",,25ddías,849.331,869.893 | 891.114 | 913.979 | 1.005.799 | 1.212.670 | 1.500.000,Defensa
2026-07-31,Roberto,Espanyol,-41.536 | -95.042 | -157.849 | -398.456 | -874.028 | -1.333.870,"-0,73% | -1,65% | -2,71% | -6,57% | -13,36% | -19,06%",,20ddías,5.666.130,5.707.666 | 5.761.172 | 5.823.979 | 6.064.586 | 6.540.158 | 7.000.000,Delantero
2026-07-31,Asencio,Real Madrid,-188.817 | -361.318 | -547.085 | -1.201.087 | -2.628.614 | -4.824.060,"-2,53% | -4,73% | -6,99% | -14,17% | -26,54% | -39,87%",,25ddías,7.275.940,7.464.757 | 7.637.258 | 7.823.025 | 8.477.027 | 9.904.554 | 12.100.000,Defensa
2026-07-31,Serrano,Atlético,-5.079 | -10.171 | -16.235 | -33.552 | -76.851 | -222.282,"-1,05% | -2,08% | -3,29% | -6,56% | -13,86% | -31,75%",,25ddías,477.718,482.797 | 487.889 | 493.953 | 511.270 | 554.569 | 700.000,Mediocampista
2026-07-31,Spina,Atlético,0 | 0 | 0 | 0 | 0 | +2.702,"0,00% | 0,00% | 0,00% | 0,00% | 0,00% | +0,39%",,22ddías,702.702,702.702 | 702.702 | 702.702 | 702.702 | 702.702 | 700.000,Defensa
2026-07-31,Etta Eyong,Levante,+302.954 | +1.008.643 | +1.360.268 | +2.825.983 | +4.502.034 | +8.294.663,"+1,78% | +6,19% | +8,54% | +19,53% | +35,19% | +92,16%",,24ddías,17.294.663,16.991.709 | 16.286.020 | 15.934.395 | 14.468.680 | 12.792.629 | 9.000.000,Delantero
2026-07-31,Hugo Álvarez,Celta,-86.933 | -169.752 | -260.199 | -642.521 | -1.444.003 | -2.645.624,"-2,21% | -4,22% | -6,32% | -14,29% | -27,25% | -40,70%",,25ddías,3.854.376,3.941.309 | 4.024.128 | 4.114.575 | 4.496.897 | 5.298.379 | 6.500.000,Mediocampista
2026-07-31,Otorbi,Valencia,0 | 0 | 0 | 0 | 0 | +2.292,"0,00% | 0,00% | 0,00% | 0,00% | 0,00% | +0,38%",,22ddías,602.292,602.292 | 602.292 | 602.292 | 602.292 | 602.292 | 600.000,Delantero
2026-07-31,Jon Martín,Real Sociedad,0 | 0 | 0 | 0 | 0 | +111.790,"0,00% | 0,00% | 0,00% | 0,00% | 0,00% | +0,37%",,22ddías,30.111.790,30.111.790 | 30.111.790 | 30.111.790 | 30.111.790 | 30.111.790 | 30.000.000,Defensa
2026-07-31,Aramburu,Real Sociedad,+353.052 | +715.956 | +1.035.245 | +2.215.977 | +3.995.342 | +5.865.413,"+2,82% | +5,89% | +8,75% | +20,81% | +45,04% | +83,79%",,24ddías,12.865.413,12.512.361 | 12.149.457 | 11.830.168 | 10.649.436 | 8.870.071 | 7.000.000,Defensa
2026-07-31,Luiz Junior,Villarreal,+830.021 | +1.911.020 | +2.578.653 | +5.693.049 | +9.550.593 | +14.513.956,"+2,46% | +5,86% | +8,07% | +19,75% | +38,26% | +72,57%",,24ddías,34.513.956,33.683.935 | 32.602.936 | 31.935.303 | 28.820.907 | 24.963.363 | 20.000.000,Portero
2026-07-31,Logan Costa,Villarreal,-36.353 | -77.498 | -120.080 | -300.837 | -678.407 | -1.311.929,"-2,11% | -4,39% | -6,64% | -15,13% | -28,67% | -43,73%",,25ddías,1.688.071,1.724.424 | 1.765.569 | 1.808.151 | 1.988.908 | 2.366.478 | 3.000.000,Defensa
2026-07-31,Iturbe,Elche,0 | 0 | 0 | 0 | 0 | +2.099,"0,00% | 0,00% | 0,00% | 0,00% | 0,00% | +0,26%",,22ddías,802.099,802.099 | 802.099 | 802.099 | 802.099 | 802.099 | 800.000,Portero
2026-07-31,Lo Celso,Betis,+785.468 | +1.702.382 | +2.289.425 | +6.141.099 | +11.229.636 | +16.152.375,"+2,22% | +4,94% | +6,76% | +20,46% | +45,06% | +80,76%",,24ddías,36.152.375,35.366.907 | 34.449.993 | 33.862.950 | 30.011.276 | 24.922.739 | 20.000.000,Mediocampista
2026-07-31,Manu González,Betis,0 | 0 | 0 | 0 | 0 | -18.309,"0,00% | 0,00% | 0,00% | 0,00% | 0,00% | -3,05%",,22ddías,581.691,581.691 | 581.691 | 581.691 | 581.691 | 581.691 | 600.000,Portero
2026-07-31,Cabanes,Villarreal,0 | 0 | 0 | 0 | 0 | +2.292,"0,00% | 0,00% | 0,00% | 0,00% | 0,00% | +0,38%",,22ddías,602.292,602.292 | 602.292 | 602.292 | 602.292 | 602.292 | 600.000,Delantero
2026-07-31,Alfon,Sevilla,0 | 0 | 0 | 0 | 0 | +26.761,"0,00% | 0,00% | 0,00% | 0,00% | 0,00% | +0,38%",,22ddías,7.026.761,7.026.761 | 7.026.761 | 7.026.761 | 7.026.761 | 7.026.761 | 7.000.000,Delantero
2026-07-31,Risco,Getafe,0 | 0 | 0 | 0 | 0 | +2.705,"0,00% | 0,00% | 0,00% | 0,00% | 0,00% | +0,39%",,22ddías,702.705,702.705 | 702.705 | 702.705 | 702.705 | 702.705 | 700.000,Mediocampista
2026-07-31,De la Sías,Rayo,0 | 0 | 0 | 0 | 0 | +2.234,"0,00% | 0,00% | 0,00% | 0,00% | 0,00% | +0,37%",,22ddías,602.234,602.234 | 602.234 | 602.234 | 602.234 | 602.234 | 600.000,Defensa
2026-07-31,Óskarsson,Real Sociedad,-151.736 | -304.966 | -521.389 | -1.394.008 | -3.047.477 | -5.151.163,"-1,52% | -3,00% | -5,03% | -12,40% | -23,63% | -34,34%",,25ddías,9.848.837,10.000.573 | 10.153.803 | 10.370.226 | 11.242.845 | 12.896.314 | 15.000.000,Delantero
2026-07-31,Alberto,Sevilla,0 | 0 | 0 | 0 | 0 | +2.633,"0,00% | 0,00% | 0,00% | 0,00% | 0,00% | +0,38%",,22ddías,702.633,702.633 | 702.633 | 702.633 | 702.633 | 702.633 | 700.000,Portero
2026-07-31,Pau Navarro,Villarreal,-201.420 | -373.692 | -597.235 | -1.408.789 | -3.029.712 | -5.391.483,"-1,86% | -3,40% | -5,33% | -11,72% | -22,21% | -33,70%",,25ddías,10.608.517,10.809.937 | 10.982.209 | 11.205.752 | 12.017.306 | 13.638.229 | 16.000.000,Defensa
2026-07-31,Mbappé,Real Madrid,-656.490 | -1.367.197 | -2.996.318 | -11.390.254 | -24.009.444 | -24.009.444,"-0,50% | -1,03% | -2,23% | -7,97% | 0% | 0%",,7ddías,131.475.995,132.132.485 | 132.843.192 | 134.472.313 | 142.866.249 | 0 | 0,Delantero
2026-07-31,Martín,Barcelona,0 | 0 | 0 | 0 | 0 | +117.596,"0,00% | 0,00% | 0,00% | 0,00% | 0,00% | +0,39%",,22ddías,30.517.596,30.517.596 | 30.517.596 | 30.517.596 | 30.517.596 | 30.517.596 | 30.400.000,Defensa
2026-07-31,Rosier,Osasuna,-275.857 | -551.421 | -818.243 | -1.508.873 | -2.221.843 | -2.035.976,"-2,99% | -5,80% | -8,36% | -14,41% | -19,86% | -18,51%",,20ddías,8.964.024,9.239.881 | 9.515.445 | 9.782.267 | 10.472.897 | 11.185.867 | 11.000.000,Defensa
2026-07-31,Fran Pérez,Rayo,-27.147 | -55.223 | -85.213 | -197.193 | -440.917 | -916.076,"-2,44% | -4,85% | -7,29% | -15,39% | -28,92% | -45,80%",,25ddías,1.083.924,1.111.071 | 1.139.147 | 1.169.137 | 1.281.117 | 1.524.841 | 2.000.000,Mediocampista
2026-07-31,Gayà,Valencia,-189.695 | -310.921 | -555.484 | -1.397.014 | -2.848.855 | -5.159.629,"-1,46% | -2,36% | -4,15% | -9,81% | -18,16% | -28,66%",,25ddías,12.840.371,13.030.066 | 13.151.292 | 13.395.855 | 14.237.385 | 15.689.226 | 18.000.000,Defensa
2026-07-31,Mouriño,Villarreal,+510.048 | +1.106.298 | +1.424.724 | +3.886.357 | +7.388.432 | +10.775.319,"+1,53% | +3,39% | +4,40% | +13,00% | +28,00% | +46,85%",,23ddías,33.775.319,33.265.271 | 32.669.021 | 32.350.595 | 29.888.962 | 26.386.887 | 23.000.000,Defensa
2026-07-31,Diego López,Valencia,-104.047 | -207.984 | -319.047 | -776.966 | -1.757.057 | -2.600.600,"-2,97% | -5,77% | -8,58% | -18,60% | -34,07% | -43,34%",,25ddías,3.399.400,3.503.447 | 3.607.384 | 3.718.447 | 4.176.366 | 5.156.457 | 6.000.000,Delantero
2026-07-31,Pepelu,Valencia,-136.937 | -261.927 | -406.956 | -820.624 | -1.749.906 | -1.569.828,"-1,60% | -3,01% | -4,61% | -8,87% | -17,19% | -15,70%",,20ddías,8.430.172,8.567.109 | 8.692.099 | 8.837.128 | 9.250.796 | 10.180.078 | 10.000.000,Mediocampista
2026-07-31,Foulquier,Valencia,-78.328 | -195.911 | -323.917 | -323.917 | -323.917 | -309.773,"-2,26% | -5,46% | -8,72% | -8,72% | -8,72% | -8,37%",,3ddías,3.390.227,3.468.555 | 3.586.138 | 3.714.144 | 3.714.144 | 3.714.144 | 3.700.000,Defensa
2026-07-31,Jesús Vázquez,Valencia,-56.512 | -110.703 | -173.910 | -414.852 | -962.246 | -1.983.431,"-2,49% | -4,76% | -7,28% | -15,77% | -30,27% | -47,22%",,25ddías,2.216.569,2.273.081 | 2.327.272 | 2.390.479 | 2.631.421 | 3.178.815 | 4.200.000,Defensa
2026-07-31,Hugo González,Celta,0 | 0 | 0 | 0 | 0 | +5.646,"0,00% | 0,00% | 0,00% | 0,00% | 0,00% | +0,38%",,22ddías,1.505.646,1.505.646 | 1.505.646 | 1.505.646 | 1.505.646 | 1.505.646 | 1.500.000,Mediocampista
2026-07-31,Almeida,Valencia,-88.522 | -184.524 | -282.992 | -674.277 | -1.501.669 | -2.877.104,"-2,45% | -4,98% | -7,44% | -16,07% | -29,89% | -44,95%",,25ddías,3.522.896,3.611.418 | 3.707.420 | 3.805.888 | 4.197.173 | 5.024.565 | 6.400.000,Mediocampista
2026-07-31,Tárrega,Valencia,-49.630 | -190.073 | -289.760 | -764.624 | -1.797.373 | -3.131.026,"-0,53% | -1,99% | -3,00% | -7,55% | -16,10% | -25,05%",,25ddías,9.368.974,9.418.604 | 9.559.047 | 9.658.734 | 10.133.598 | 11.166.347 | 12.500.000,Defensa
2026-07-31,Iranzo,Valencia,0 | 0 | 0 | 0 | 0 | +2.292,"0,00% | 0,00% | 0,00% | 0,00% | 0,00% | +0,38%",,22ddías,602.292,602.292 | 602.292 | 602.292 | 602.292 | 602.292 | 600.000,Defensa
2026-07-31,Comesaña,Villarreal,-597.370 | -1.250.978 | -1.969.138 | -3.583.774 | -5.998.517 | -8.768.974,"-2,12% | -4,35% | -6,68% | -11,52% | -17,89% | -24,16%",,25ddías,27.531.026,28.128.396 | 28.782.004 | 29.500.164 | 31.114.800 | 33.529.543 | 36.300.000,Mediocampista
2026-07-31,Gerard,Villarreal,-310.281 | -688.251 | -1.086.306 | -2.536.020 | -5.945.680 | -9.088.676,"-0,99% | -2,18% | -3,39% | -7,58% | -16,13% | -22,72%",,25ddías,30.911.324,31.221.605 | 31.599.575 | 31.997.630 | 33.447.344 | 36.857.004 | 40.000.000,Delantero
2026-07-31,Foyth,Villarreal,0 | 0 | 0 | 0 | 0 | +47.789,"0,00% | 0,00% | 0,00% | 0,00% | 0,00% | +0,38%",,22ddías,12.547.789,12.547.789 | 12.547.789 | 12.547.789 | 12.547.789 | 12.547.789 | 12.500.000,Defensa
2026-07-31,Sörloth,Atlético,-340.186 | -876.771 | -1.373.955 | -2.772.487 | -6.643.120 | -11.211.854,"-1,17% | -2,96% | -4,56% | -8,78% | -18,75% | -28,03%",,25ddías,28.788.146,29.128.332 | 29.664.917 | 30.162.101 | 31.560.633 | 35.431.266 | 40.000.000,Delantero
2026-07-31,Rivero,Valencia,-11.030 | -22.320 | -34.841 | -80.788 | -154.509 | -379.476,"-1,75% | -3,47% | -5,32% | -11,52% | -19,94% | -37,95%",,8ddías,620.524,631.554 | 642.844 | 655.365 | 701.312 | 775.033 | 1.000.000,Portero
2026-07-31,Duro,Valencia,-123.777 | -162.072 | -321.375 | -810.558 | -1.843.338 | -2.394.687,"-1,27% | -1,66% | -3,24% | -7,78% | -16,10% | -19,96%",,20ddías,9.605.313,9.729.090 | 9.767.385 | 9.926.688 | 10.415.871 | 11.448.651 | 12.000.000,Delantero
2026-07-31,Femenia,Getafe,-62.368 | -108.719 | -175.330 | -439.255 | -1.147.748 | -2.191.787,"-1,61% | -2,78% | -4,40% | -10,34% | -23,16% | -36,53%",,25ddías,3.808.213,3.870.581 | 3.916.932 | 3.983.543 | 4.247.468 | 4.955.961 | 6.000.000,Defensa
2026-07-31,Rafa Mir,Sevilla,0 | 0 | 0 | 0 | 0 | +27.127,"0,00% | 0,00% | 0,00% | 0,00% | 0,00% | +0,39%",,22ddías,7.027.127,7.027.127 | 7.027.127 | 7.027.127 | 7.027.127 | 7.027.127 | 7.000.000,Delantero
2026-07-31,Fraga,Real Sociedad,0 | 0 | 0 | 0 | 0 | +2.234,"0,00% | 0,00% | 0,00% | 0,00% | 0,00% | +0,37%",,22ddías,602.234,602.234 | 602.234 | 602.234 | 602.234 | 602.234 | 600.000,Portero
2026-07-31,Urko,Espanyol,-62.067 | -126.837 | -208.960 | -473.691 | -1.006.334 | -1.855.747,"-1,19% | -2,41% | -3,90% | -8,43% | -16,36% | -26,51%",,22ddías,5.144.253,5.206.320 | 5.271.090 | 5.353.213 | 5.617.944 | 6.150.587 | 7.000.000,Mediocampista
2026-07-31,Dmitrovic,Espanyol,+953.798 | +1.886.301 | +2.559.785 | +5.144.135 | +8.778.863 | +12.309.092,"+3,62% | +7,42% | +10,34% | +23,21% | +47,38% | +82,06%",,24ddías,27.309.092,26.355.294 | 25.422.791 | 24.749.307 | 22.164.957 | 18.530.229 | 15.000.000,Portero
2026-07-31,Gattoni,Sevilla,-5.482 | -10.995 | -17.497 | -36.756 | -84.316 | -212.599,"-1,11% | -2,21% | -3,47% | -7,01% | -14,75% | -30,37%",,25ddías,487.401,492.883 | 498.396 | 504.898 | 524.157 | 571.717 | 700.000,Defensa
2026-07-31,Pedrosa,Sevilla,0 | 0 | 0 | 0 | 0 | +12.788,"0,00% | 0,00% | 0,00% | 0,00% | 0,00% | +0,39%",,22ddías,3.312.788,3.312.788 | 3.312.788 | 3.312.788 | 3.312.788 | 3.312.788 | 3.300.000,Defensa
2026-07-31,Jordan,Sevilla,-13.514 | -27.394 | -42.612 | -100.519 | -232.933 | -519.821,"-1,95% | -3,87% | -5,90% | -12,88% | -25,51% | -43,32%",,25ddías,680.179,693.693 | 707.573 | 722.791 | 780.698 | 913.112 | 1.200.000,Mediocampista
2026-07-31,Mariano,Alavés,-38.205 | -75.770 | -117.312 | -287.972 | -650.110 | -1.356.972,"-2,77% | -5,34% | -8,03% | -17,66% | -32,62% | -50,26%",,25ddías,1.343.028,1.381.233 | 1.418.798 | 1.460.340 | 1.631.000 | 1.993.138 | 2.700.000,Delantero
2026-07-31,Javi Guerra,Valencia,-303.202 | -629.814 | -962.265 | -1.482.810 | -3.516.444 | +22.580.211,"-1,17% | -2,41% | -3,64% | -5,49% | -12,12% | 0%",,15ddías,25.507.562,25.810.764 | 26.137.376 | 26.469.827 | 26.990.372 | 29.024.006 | 0,Mediocampista
2026-07-31,Sow,Sevilla,-83.821 | -117.917 | -188.898 | -444.405 | -1.316.819 | -1.503.259,"-0,98% | -1,37% | -2,17% | -4,97% | -13,42% | -15,03%",,20ddías,8.496.741,8.580.562 | 8.614.658 | 8.685.639 | 8.941.146 | 9.813.560 | 10.000.000,Mediocampista
2026-07-31,Marcão,Sevilla,-21.453 | -43.602 | -67.433 | -161.577 | -354.468 | -729.302,"-2,40% | -4,77% | -7,19% | -15,65% | -28,93% | -45,58%",,25ddías,870.698,892.151 | 914.300 | 938.131 | 1.032.275 | 1.225.166 | 1.600.000,Defensa
2026-07-31,Juanlu,Sevilla,-46.590 | -88.258 | -141.563 | -316.639 | -867.586 | -1.915.489,"-1,49% | -2,78% | -4,39% | -9,31% | -21,95% | -38,31%",,26ddías,3.084.511,3.131.101 | 3.172.769 | 3.226.074 | 3.401.150 | 3.952.097 | 5.000.000,Mediocampista
2026-07-31,Manu Bueno,Sevilla,0 | 0 | 0 | 0 | 0 | +2.099,"0,00% | 0,00% | 0,00% | 0,00% | 0,00% | +0,26%",,22ddías,802.099,802.099 | 802.099 | 802.099 | 802.099 | 802.099 | 800.000,Mediocampista
2026-07-31,Diakhaby,Valencia,-164.409 | -309.380 | -531.762 | -1.113.941 | -1.113.941 | -1.079.533,"-2,03% | -3,76% | -6,29% | -12,33% | -12,33% | -11,99%",,5ddías,7.920.467,8.084.876 | 8.229.847 | 8.452.229 | 9.034.408 | 9.034.408 | 9.000.000,Defensa
2026-07-31,Canós,Valencia,-11.618 | -23.521 | -764.771 | -764.771 | -764.771 | -764.771,"-1,80% | -3,57% | 0% | 0% | 0% | 0%",,2ddías,634.645,646.263 | 658.166 | 0 | 0 | 0 | 0,Delantero
2026-07-31,Baena,Atlético,-88.518 | +436.309 | +961.259 | +7.357.979 | +18.128.413 | +26.309.089,"-0,12% | +0,62% | +1,37% | +11,51% | +34,09% | +58,46%",,1ddías,71.309.089,71.397.607 | 70.872.780 | 70.347.830 | 63.951.110 | 53.180.676 | 45.000.000,Mediocampista
2026-07-31,Íñigo Pérez,Villarreal,-18.706 | -16.198 | -41.379 | -93.678 | -328.367 | -321.805,"-0,85% | -0,74% | -1,86% | -4,12% | 0% | -12,87%",,1ddías,2.178.195,2.196.901 | 2.194.393 | 2.219.574 | 2.271.873 | 0 | 2.500.000,
2026-07-31,Terrats,Getafe,0 | 0 | 0 | 0 | 0 | +10.495,"0,00% | 0,00% | 0,00% | 0,00% | 0,00% | +0,37%",,22ddías,2.810.495,2.810.495 | 2.810.495 | 2.810.495 | 2.810.495 | 2.810.495 | 2.800.000,Mediocampista
2026-07-31,Edu Expósito,Espanyol,-340.039 | -577.302 | -938.788 | -2.532.996 | -6.474.812 | -12.641.205,"-1,18% | -1,98% | -3,19% | -8,16% | -18,50% | 0%",,14ddías,28.525.188,28.865.227 | 29.102.490 | 29.463.976 | 31.058.184 | 35.000.000 | 0,Mediocampista
2026-07-31,Serrano,Athletic,-40.850 | -78.102 | -118.746 | -293.374 | -656.021 | -1.439.174,"-2,91% | -5,43% | -8,03% | -17,74% | -32,53% | -51,40%",,26ddías,1.360.826,1.401.676 | 1.438.928 | 1.479.572 | 1.654.200 | 2.016.847 | 2.800.000,Delantero
2026-07-31,Raba,Valencia,-59.441 | -120.792 | -184.536 | -427.126 | -969.969 | -2.188.520,"-2,51% | -4,97% | -7,39% | -15,60% | -29,56% | -48,63%",,25ddías,2.311.480,2.370.921 | 2.432.272 | 2.496.016 | 2.738.606 | 3.281.449 | 4.500.000,Delantero
2026-07-31,Conde,Betis,-86.089 | -168.665 | -257.652 | -508.833 | -901.509 | -1.544.479,"-2,83% | -5,40% | -8,02% | -14,69% | -23,37% | -34,32%",,23ddías,2.955.521,3.041.610 | 3.124.186 | 3.213.173 | 3.464.354 | 3.857.030 | 4.500.000,Portero
2026-07-31,Raul Moro,Osasuna,+21.434 | +39.541 | -1.503 | -276.817 | -1.355.303 | -1.576.214,"+0,21% | +0,38% | -0,01% | -2,59% | -11,51% | -13,14%",,2ddías,10.423.786,10.402.352 | 10.384.245 | 10.425.289 | 10.700.603 | 11.779.089 | 12.000.000,Delantero
2026-07-31,Boyomo,Osasuna,+387.636 | +991.548 | +1.298.045 | +3.114.217 | +5.263.151 | +6.165.857,"+1,87% | +4,91% | +6,53% | +17,25% | +33,10% | +41,11%",,21ddías,21.165.857,20.778.221 | 20.174.309 | 19.867.812 | 18.051.640 | 15.902.706 | 15.000.000,Defensa
2026-07-31,Fortuño,Espanyol,-14.501 | -29.408 | -45.696 | -78.979 | -212.101 | -496.143,"-2,02% | -4,01% | -6,10% | -10,09% | -23,16% | -41,35%",,5ddías,703.857,718.358 | 733.265 | 749.553 | 782.836 | 915.958 | 1.200.000,Portero
2026-07-31,Rubén Sánchez,Espanyol,-8.606 | -17.371 | -27.262 | -61.545 | -142.095 | -337.652,"-1,51% | -3,00% | -4,62% | -9,86% | -20,17% | -37,52%",,25ddías,562.348,570.954 | 579.719 | 589.610 | 623.893 | 704.443 | 900.000,Mediocampista
2026-07-31,El Hilali,Espanyol,+97.067 | +243.746 | +316.727 | +762.305 | +936.087 | +1.381.501,"+1,43% | +3,67% | +4,82% | +12,46% | +15,74% | +25,12%",,9ddías,6.881.501,6.784.434 | 6.637.755 | 6.564.774 | 6.119.196 | 5.945.414 | 5.500.000,Defensa
2026-07-31,Jofre,Espanyol,-34.755 | -73.810 | -115.738 | -280.072 | -644.893 | -1.306.293,"-2,27% | -4,71% | -7,19% | -15,79% | -30,15% | -46,65%",,25ddías,1.493.707,1.528.462 | 1.567.517 | 1.609.445 | 1.773.779 | 2.138.600 | 2.800.000,Delantero
2026-07-31,Fort,Barcelona,0 | 0 | 0 | 0 | 0 | +19.376,"0,00% | 0,00% | 0,00% | 0,00% | 0,00% | +0,39%",,22ddías,5.019.376,5.019.376 | 5.019.376 | 5.019.376 | 5.019.376 | 5.019.376 | 5.000.000,Defensa
2026-07-31,Pere Milla,Espanyol,-55.902 | -78.187 | -85.541 | +212.705 | +705.016 | +2.728.055,"-0,52% | -0,72% | -0,79% | +2,02% | +7,03% | +34,10%",,3ddías,10.728.055,10.783.957 | 10.806.242 | 10.813.596 | 10.515.350 | 10.023.039 | 8.000.000,Delantero
2026-07-31,Lozano,Espanyol,-59.979 | -114.275 | -176.169 | -442.026 | -1.030.624 | -2.071.953,"-2,01% | -3,76% | -5,68% | -13,12% | -26,03% | -41,44%",,25ddías,2.928.047,2.988.026 | 3.042.322 | 3.104.216 | 3.370.073 | 3.958.671 | 5.000.000,Mediocampista
2026-07-31,Puado,Espanyol,-309.158 | -634.173 | -972.906 | -2.352.217 | -5.113.310 | -4.704.006,"-2,92% | -5,80% | -8,63% | -18,60% | -33,18% | -31,36%",,16ddías,10.295.994,10.605.152 | 10.930.167 | 11.268.900 | 12.648.211 | 15.409.304 | 15.000.000,Mediocampista
2026-07-31,Cabrera,Espanyol,-149.684 | -290.377 | -446.720 | -990.513 | -1.976.945 | +5.739.992,"-0,87% | -1,68% | -2,56% | -5,51% | -10,42% | 0%",,18ddías,16.998.755,17.148.439 | 17.289.132 | 17.445.475 | 17.989.268 | 18.975.700 | 0,Defensa
2026-07-31,Calero,Málaga,0 | 0 | 0 | 0 | 0 | +13.120,"0,00% | 0,00% | 0,00% | 0,00% | 0,00% | +0,37%",,22ddías,3.513.120,3.513.120 | 3.513.120 | 3.513.120 | 3.513.120 | 3.513.120 | 3.500.000,Defensa
2026-07-31,Joan Garcia,Barcelona,0 | 0 | 0 | 0 | 0 | +193.416,"0,00% | 0,00% | 0,00% | 0,00% | 0,00% | +0,39%",,22ddías,50.193.416,50.193.416 | 50.193.416 | 50.193.416 | 50.193.416 | 50.193.416 | 50.000.000,Portero
2026-07-31,Juanmi,Getafe,-17.845 | -36.236 | -56.153 | -134.897 | -291.131 | -715.889,"-2,23% | -4,42% | -6,68% | -14,68% | -27,08% | -47,73%",,25ddías,784.111,801.956 | 820.347 | 840.264 | 919.008 | 1.075.242 | 1.500.000,Delantero
2026-07-31,Denis Suárez,Alavés,-76.139 | -160.938 | -249.553 | -610.452 | -1.408.210 | -2.706.358,"-2,26% | -4,66% | -7,04% | -15,64% | -29,95% | -45,11%",,25ddías,3.293.642,3.369.781 | 3.454.580 | 3.543.195 | 3.904.094 | 4.701.852 | 6.000.000,Mediocampista
2026-07-31,Guedes,Real Sociedad,-1.219.174 | -2.398.434 | -3.744.203 | -9.298.071 | -8.096.845 | -8.096.845,"-2,34% | -4,50% | -6,85% | -15,45% | 0% | 0%",,10ddías,50.884.410,52.103.584 | 53.282.844 | 54.628.613 | 60.182.481 | 0 | 0,Delantero
2026-07-31,Fornals,Betis,-1.798.886 | -3.665.742 | -5.757.047 | -13.809.980 | -70.460.690 | -70.460.690,"-2,41% | -4,79% | -7,33% | -15,94% | 0% | 0%",,8ddías,72.828.610,74.627.496 | 76.494.352 | 78.585.657 | 86.638.590 | 0 | 0,Mediocampista
2026-07-31,Akhomach,Villarreal,-190.523 | -444.798 | -719.835 | -719.835 | -719.835 | -689.714,"-2,54% | -5,74% | -8,96% | -8,96% | -8,96% | -8,62%",,3ddías,7.310.286,7.500.809 | 7.755.084 | 8.030.121 | 8.030.121 | 8.030.121 | 8.000.000,Delantero
2026-07-31,Altimira,Deportivo,-92.781 | -210.649 | -325.567 | -537.006 | -1.192.058 | -1.260.035,"-1,59% | -3,54% | -5,37% | -8,56% | -17,20% | -18,00%",,19ddías,5.739.965,5.832.746 | 5.950.614 | 6.065.532 | 6.276.971 | 6.932.023 | 7.000.000,Defensa
2026-07-31,Manu Sánchez,Levante,+55.403 | 0 | -97.781 | -484.326 | -484.326 | -461.815,"+1,01% | 0,00% | -1,73% | -8,04% | -8,04% | -7,70%",,1ddías,5.538.185,5.482.782 | 5.538.185 | 5.635.966 | 6.022.511 | 6.022.511 | 6.000.000,Defensa
2026-07-31,Raúl García,Osasuna,-59.819 | -125.417 | -190.940 | -466.529 | -1.058.276 | -2.143.920,"-2,29% | -4,68% | -6,95% | -15,43% | -29,28% | -45,62%",,25ddías,2.556.080,2.615.899 | 2.681.497 | 2.747.020 | 3.022.609 | 3.614.356 | 4.700.000,Delantero
2026-07-31,Kike Salas,Sevilla,-138.950 | -304.943 | -433.422 | -1.079.325 | -2.302.831 | -3.714.547,"-1,12% | -2,42% | -3,41% | -8,08% | -15,79% | -23,22%",,23ddías,12.285.453,12.424.403 | 12.590.396 | 12.718.875 | 13.364.778 | 14.588.284 | 16.000.000,Defensa
2026-07-31,F. Carreras,Real Madrid,-460.720 | -922.493 | -1.415.331 | -3.266.129 | -6.733.554 | -11.908.840,"-2,52% | -4,93% | -7,37% | -15,51% | -27,46% | -40,10%",,25ddías,17.791.160,18.251.880 | 18.713.653 | 19.206.491 | 21.057.289 | 24.524.714 | 29.700.000,Defensa
2026-07-31,Giuliano,Atlético,-5.121 | +296.509 | +585.398 | +4.332.202 | +11.396.477 | +20.122.286,"-0,01% | +0,54% | +1,07% | +8,53% | +26,06% | +57,49%",,1ddías,55.122.286,55.127.407 | 54.825.777 | 54.536.888 | 50.790.084 | 43.725.809 | 35.000.000,Delantero
2026-07-31,Batalla,Rayo,+693.400 | +1.433.833 | +1.982.454 | +5.439.292 | +9.636.576 | +15.251.189,"+2,01% | +4,24% | +5,96% | +18,25% | +37,62% | +76,26%",,24ddías,35.251.189,34.557.789 | 33.817.356 | 33.268.735 | 29.811.897 | 25.614.613 | 20.000.000,Portero
2026-07-31,Romero,Sevilla,-62.306 | -121.267 | -207.854 | -532.182 | -1.466.584 | -1.687.431,"-0,98% | -1,88% | -3,19% | -7,78% | -18,85% | -21,09%",,21ddías,6.312.569,6.374.875 | 6.433.836 | 6.520.423 | 6.844.751 | 7.779.153 | 8.000.000,Delantero
2026-07-31,Cardoso,Atlético,-258.007 | -499.710 | -763.588 | -1.846.730 | -4.120.382 | -6.360.711,"-2,90% | -5,47% | -8,12% | -17,61% | -32,29% | -42,40%",,22ddías,8.639.289,8.897.296 | 9.138.999 | 9.402.877 | 10.486.019 | 12.759.671 | 15.000.000,Mediocampista
2026-07-31,Moriba,Celta,+130.873 | +291.468 | +293.948 | +231.099 | -1.508.411 | -3.011.874,"+1,48% | +3,35% | +3,38% | +2,64% | -14,37% | -25,10%",,4ddías,8.988.126,8.857.253 | 8.696.658 | 8.694.178 | 8.757.027 | 10.496.537 | 12.000.000,Mediocampista
2026-07-31,Agoume,Sevilla,-54.719 | -94.893 | -153.288 | -364.838 | -910.072 | -598.262,"-0,92% | -1,58% | -2,53% | -5,82% | -13,36% | -9,20%",,20ddías,5.901.738,5.956.457 | 5.996.631 | 6.055.026 | 6.266.576 | 6.811.810 | 6.500.000,Mediocampista
2026-07-31,Carlos Espí,Real Madrid,0 | 0 | 0 | 0 | 0 | 0,0% | 0% | 0% | 0% | 0% | 0%,,31ddías,3.531.129,0 | 0 | 0 | 0 | 0 | 0,Delantero
2026-07-31,Javi López,Real Sociedad,0 | 0 | 0 | 0 | 0 | 0,0% | 0% | 0% | 0% | 0% | 0%,,31ddías,1.656.670,0 | 0 | 0 | 0 | 0 | 0,Defensa
2026-07-31,Lemar,Atlético,0 | 0 | 0 | 0 | 0 | 0,0% | 0% | 0% | 0% | 0% | 0%,,31ddías,1.680.630,0 | 0 | 0 | 0 | 0 | 0,Mediocampista
2026-07-31,Satriano,Getafe,0 | 0 | 0 | 0 | 0 | 0,0% | 0% | 0% | 0% | 0% | 0%,,31ddías,4.336.426,0 | 0 | 0 | 0 | 0 | 0,Delantero
2026-07-31,Ter Stegen,Barcelona,0 | 0 | 0 | 0 | 0 | 0,0% | 0% | 0% | 0% | 0% | 0%,,31ddías,1.683.226,0 | 0 | 0 | 0 | 0 | 0,Portero
2026-07-31,M. Alonso,Celta,0 | 0 | 0 | 0 | 0 | 0,0% | 0% | 0% | 0% | 0% | 0%,,31ddías,71.704.119,0 | 0 | 0 | 0 | 0 | 0,Defensa
2026-07-31,Guido,Valencia,0 | 0 | 0 | 0 | 0 | 0,0% | 0% | 0% | 0% | 0% | 0%,,31ddías,1.925.541,0 | 0 | 0 | 0 | 0 | 0,Mediocampista
2026-07-31,Vargas,Sevilla,0 | 0 | 0 | 0 | 0 | 0,0% | 0% | 0% | 0% | 0% | 0%,,31ddías,4.930.955,0 | 0 | 0 | 0 | 0 | 0,Delantero
2026-07-31,Rincón,Athletic,0 | 0 | 0 | 0 | 0 | 0,0% | 0% | 0% | 0% | 0% | 0%,,31ddías,1.658.593,0 | 0 | 0 | 0 | 0 | 0,Defensa
2026-07-31,Forés,Villarreal,0 | 0 | 0 | 0 | 0 | 0,0% | 0% | 0% | 0% | 0% | 0%,,31ddías,1.653.899,0 | 0 | 0 | 0 | 0 | 0,Delantero
2026-07-31,Thiago,Villarreal,0 | 0 | 0 | 0 | 0 | 0,0% | 0% | 0% | 0% | 0% | 0%,,31ddías,1.660.575,0 | 0 | 0 | 0 | 0 | 0,Mediocampista
2026-07-31,Bambo,Elche,0 | 0 | 0 | 0 | 0 | 0,0% | 0% | 0% | 0% | 0% | 0%,,150ddías,652.470,0 | 0 | 0 | 0 | 0 | 0,Defensa
2026-07-31,Neyou,Getafe,0 | 0 | 0 | 0 | 0 | 0,0% | 0% | 0% | 0% | 0% | 0%,,180ddías,604.547,0 | 0 | 0 | 0 | 0 | 0,Mediocampista
2026-07-31,Maras,Alavés,0 | 0 | 0 | 0 | 0 | 0,0% | 0% | 0% | 0% | 0% | 0%,,183ddías,590.024,0 | 0 | 0 | 0 | 0 | 0,Defensa
2026-07-31,Goti,Real Sociedad,0 | 0 | 0 | 0 | 0 | 0,0% | 0% | 0% | 0% | 0% | 0%,,186ddías,590.263,0 | 0 | 0 | 0 | 0 | 0,Mediocampista
2026-07-31,Diarra,Alavés,0 | 0 | 0 | 0 | 0 | 0,0% | 0% | 0% | 0% | 0% | 0%,,186ddías,591.470,0 | 0 | 0 | 0 | 0 | 0,Defensa
2026-07-31,Ali Houary,Elche,0 | 0 | 0 | 0 | 0 | 0,0% | 0% | 0% | 0% | 0% | 0%,,190ddías,592.065,0 | 0 | 0 | 0 | 0 | 0,Delantero
2026-07-31,Damián,Celta,0 | 0 | 0 | 0 | 0 | 0,0% | 0% | 0% | 0% | 0% | 0%,,193ddías,593.721,0 | 0 | 0 | 0 | 0 | 0,Mediocampista
2026-07-31,Javier Hernández,Espanyol,0 | 0 | 0 | 0 | 0 | 0,0% | 0% | 0% | 0% | 0% | 0%,,204ddías,575.023,0 | 0 | 0 | 0 | 0 | 0,Delantero
2026-07-31,Bauzà,Espanyol,0 | 0 | 0 | 0 | 0 | 0,0% | 0% | 0% | 0% | 0% | 0%,,332ddías,318.649,0 | 0 | 0 | 0 | 0 | 0,Mediocampista
2026-07-31,Uche,Getafe,0 | 0 | 0 | 0 | 0 | 0,0% | 0% | 0% | 0% | 0% | 0%,,333ddías,12.405.015,0 | 0 | 0 | 0 | 0 | 0,Mediocampista
2026-07-31,Pablo López,Valencia,0 | 0 | 0 | 0 | 0 | 0,0% | 0% | 0% | 0% | 0% | 0%,,333ddías,441.041,0 | 0 | 0 | 0 | 0 | 0,Delantero
2026-07-31,Alberto Marí,Valencia,0 | 0 | 0 | 0 | 0 | 0,0% | 0% | 0% | 0% | 0% | 0%,,334ddías,787.986,0 | 0 | 0 | 0 | 0 | 0,Delantero
2026-07-31,Novoa,Alavés,0 | 0 | 0 | 0 | 0 | 0,0% | 0% | 0% | 0% | 0% | 0%,,334ddías,661.162,0 | 0 | 0 | 0 | 0 | 0,Defensa
2026-07-31,Pelayo,Rayo,0 | 0 | 0 | 0 | 0 | 0,0% | 0% | 0% | 0% | 0% | 0%,,334ddías,1.722.279,0 | 0 | 0 | 0 | 0 | 0,Defensa
2026-07-31,Hinojo,Espanyol,0 | 0 | 0 | 0 | 0 | 0,0% | 0% | 0% | 0% | 0% | 0%,,338ddías,317.496,0 | 0 | 0 | 0 | 0 | 0,Defensa
2026-07-31,Owono,Alavés,0 | 0 | 0 | 0 | 0 | 0,0% | 0% | 0% | 0% | 0% | 0%,,369ddías,828.372,0 | 0 | 0 | 0 | 0 | 0,Portero
2026-07-31,Djaló,Athletic,0 | 0 | 0 | 0 | 0 | 0,0% | 0% | 0% | 0% | 0% | 0%,,369ddías,8.434.683,0 | 0 | 0 | 0 | 0 | 0,Delantero
2026-07-31,Berrocal,Getafe,0 | 0 | 0 | 0 | 0 | 0,0% | 0% | 0% | 0% | 0% | 0%,,369ddías,1.058.833,0 | 0 | 0 | 0 | 0 | 0,Defensa
2026-07-31,De Tomás,Rayo,0 | 0 | 0 | 0 | 0 | 0,0% | 0% | 0% | 0% | 0% | 0%,,373ddías,3.229.388,0 | 0 | 0 | 0 | 0 | 0,Delantero
2026-07-31,Serred,Espanyol,0 | 0 | 0 | 0 | 0 | 0,0% | 0% | 0% | 0% | 0% | 0%,,393ddías,1.731.552,0 | 0 | 0 | 0 | 0 | 0,Portero
2026-07-31,Raúl Jiménez,Valencia,0 | 0 | 0 | 0 | 0 | 0,0% | 0% | 0% | 0% | 0% | 0%,,393ddías,1.561.503,0 | 0 | 0 | 0 | 0 | 0,Portero
2026-07-31,Eneko Ortiz,Villarreal,0 | 0 | 0 | 0 | 0 | 0,0% | 0% | 0% | 0% | 0% | 0%,,393ddías,1.718.986,0 | 0 | 0 | 0 | 0 | 0,Defensa
2026-07-31,Eto'o,Rayo,0 | 0 | 0 | 0 | 0 | 0,0% | 0% | 0% | 0% | 0% | 0%,,393ddías,1.718.988,0 | 0 | 0 | 0 | 0 | 0,Delantero
2026-07-31,Gorka,Getafe,0 | 0 | 0 | 0 | 0 | 0,0% | 0% | 0% | 0% | 0% | 0%,,393ddías,1.718.986,0 | 0 | 0 | 0 | 0 | 0,Defensa
2026-07-31,Carrillo,Celta,0 | 0 | 0 | 0 | 0 | 0,0% | 0% | 0% | 0% | 0% | 0%,,393ddías,1.567.556,0 | 0 | 0 | 0 | 0 | 0,Portero
2026-07-31,Adrián,Alavés,0 | 0 | 0 | 0 | 0 | 0,0% | 0% | 0% | 0% | 0% | 0%,,393ddías,1.640.215,0 | 0 | 0 | 0 | 0 | 0,Portero
2026-07-31,Solà,Atlético,0 | 0 | 0 | 0 | 0 | 0,0% | 0% | 0% | 0% | 0% | 0%,,393ddías,1.640.523,0 | 0 | 0 | 0 | 0 | 0,Defensa
2026-07-31,Córdoba,Valencia,0 | 0 | 0 | 0 | 0 | 0,0% | 0% | 0% | 0% | 0% | 0%,,393ddías,1.548.667,0 | 0 | 0 | 0 | 0 | 0,Defensa
2026-07-31,Collado,Sevilla,0 | 0 | 0 | 0 | 0 | 0,0% | 0% | 0% | 0% | 0% | 0%,,393ddías,1.718.988,0 | 0 | 0 | 0 | 0 | 0,Mediocampista
2026-07-31,Olabarrieta,Athletic,0 | 0 | 0 | 0 | 0 | 0,0% | 0% | 0% | 0% | 0% | 0%,,393ddías,1.717.797,0 | 0 | 0 | 0 | 0 | 0,Delantero
2026-07-31,Medenica,Getafe,0 | 0 | 0 | 0 | 0 | 0,0% | 0% | 0% | 0% | 0% | 0%,,393ddías,1.560.264,0 | 0 | 0 | 0 | 0 | 0,Portero
2026-07-31,Isra,Sevilla,0 | 0 | 0 | 0 | 0 | 0,0% | 0% | 0% | 0% | 0% | 0%,,393ddías,1.718.237,0 | 0 | 0 | 0 | 0 | 0,Delantero
2026-07-31,Busto,Betis,0 | 0 | 0 | 0 | 0 | 0,0% | 0% | 0% | 0% | 0% | 0%,,393ddías,1.621.161,0 | 0 | 0 | 0 | 0 | 0,Defensa
2026-07-31,De Llanos,Real Madrid,0 | 0 | 0 | 0 | 0 | 0,0% | 0% | 0% | 0% | 0% | 0%,,393ddías,1.622.168,0 | 0 | 0 | 0 | 0 | 0,Mediocampista
2026-07-31,Rupérez,Real Sociedad,0 | 0 | 0 | 0 | 0 | 0,0% | 0% | 0% | 0% | 0% | 0%,,393ddías,1.626.247,0 | 0 | 0 | 0 | 0 | 0,Defensa
2026-07-31,Balda,Real Sociedad,0 | 0 | 0 | 0 | 0 | 0,0% | 0% | 0% | 0% | 0% | 0%,,393ddías,1.718.912,0 | 0 | 0 | 0 | 0 | 0,Defensa
2026-07-31,Santana,Valencia,0 | 0 | 0 | 0 | 0 | 0,0% | 0% | 0% | 0% | 0% | 0%,,393ddías,1.723.821,0 | 0 | 0 | 0 | 0 | 0,Delantero
2026-07-31,Rivas,Real Madrid,0 | 0 | 0 | 0 | 0 | 0,0% | 0% | 0% | 0% | 0% | 0%,,393ddías,1.718.751,0 | 0 | 0 | 0 | 0 | 0,Defensa
2026-07-31,Abril,Valencia,0 | 0 | 0 | 0 | 0 | 0,0% | 0% | 0% | 0% | 0% | 0%,,393ddías,1.728.051,0 | 0 | 0 | 0 | 0 | 0,Portero
2026-07-31,Cortés,Barcelona,0 | 0 | 0 | 0 | 0 | 0,0% | 0% | 0% | 0% | 0% | 0%,,393ddías,1.718.327,0 | 0 | 0 | 0 | 0 | 0,Defensa
2026-07-31,Requena,Levante,0 | 0 | 0 | 0 | 0 | 0,0% | 0% | 0% | 0% | 0% | 0%,,393ddías,1.621.683,0 | 0 | 0 | 0 | 0 | 0,Mediocampista
2026-07-31,Yaakobishvili,Barcelona,0 | 0 | 0 | 0 | 0 | 0,0% | 0% | 0% | 0% | 0% | 0%,,393ddías,1.639.280,0 | 0 | 0 | 0 | 0 | 0,Portero
2026-07-31,Canales,Athletic,0 | 0 | 0 | 0 | 0 | 0,0% | 0% | 0% | 0% | 0% | 0%,,393ddías,1.623.251,0 | 0 | 0 | 0 | 0 | 0,Delantero
2026-07-31,Carlos,Atlético,0 | 0 | 0 | 0 | 0 | 0,0% | 0% | 0% | 0% | 0% | 0%,,393ddías,1.718.547,0 | 0 | 0 | 0 | 0 | 0,Defensa
2026-07-31,Juan Cruz,Málaga,0 | 0 | 0 | 0 | 0 | 0,0% | 0% | 0% | 0% | 0% | 0%,,431ddías,19.968.443,0 | 0 | 0 | 0 | 0 | 0,Mediocampista
2026-07-31,Morro,Rayo,0 | 0 | 0 | 0 | 0 | 0,0% | 0% | 0% | 0% | 0% | 0%,,697ddías,723.425,0 | 0 | 0 | 0 | 0 | 0,Portero
2026-07-31,Mandi,Levante,0 | 0 | 0 | 0 | 0 | 0,0% | 0% | 0% | 0% | 0% | 0%,,714ddías,1.879.755,0 | 0 | 0 | 0 | 0 | 0,Defensa
2026-07-31,Miguel,Alavés,0 | 0 | 0 | 0 | 0 | 0,0% | 0% | 0% | 0% | 0% | 0%,,715ddías,679.761,0 | 0 | 0 | 0 | 0 | 0,Delantero
2026-07-31,Joseda,Alavés,0 | 0 | 0 | 0 | 0 | 0,0% | 0% | 0% | 0% | 0% | 0%,,759ddías,300.000,0 | 0 | 0 | 0 | 0 | 0,Defensa
2026-07-31,Diallo,Alavés,0 | 0 | 0 | 0 | 0 | 0,0% | 0% | 0% | 0% | 0% | 0%,,760ddías,1.000.000,0 | 0 | 0 | 0 | 0 | 0,Mediocampista
2026-07-31,Mendes,Alavés,0 | 0 | 0 | 0 | 0 | 0,0% | 0% | 0% | 0% | 0% | 0%,,760ddías,500.000,0 | 0 | 0 | 0 | 0 | 0,Mediocampista
2026-07-31,Ian Forns,Betis,0 | 0 | 0 | 0 | 0 | 0,0% | 0% | 0% | 0% | 0% | 0%,,760ddías,500.000,0 | 0 | 0 | 0 | 0 | 0,Defensa
2026-07-31,Mario,Valencia,0 | 0 | 0 | 0 | 0 | 0,0% | 0% | 0% | 0% | 0% | 0%,,760ddías,500.000,0 | 0 | 0 | 0 | 0 | 0,Delantero
2026-07-31,Mario,Valencia,0 | 0 | 0 | 0 | 0 | 0,0% | 0% | 0% | 0% | 0% | 0%,,1ddías,760.408,0 | 0 | 0 | 0 | 0 | 0,Mediocampista
2026-08-01,Karrikaburu,Real Sociedad,-16.699 | -33.647 | -51.104 | -124.414 | -282.283 | -654.109,"-2,19% | -4,32% | -6,41% | -14,30% | -27,45% | -46,72%",,26ddías,745.891,762.590 | 779.538 | 796.995 | 870.305 | 1.028.174 | 1.400.000,Delantero
2026-08-01,Oluwaseyi,Villarreal,-83.531 | -169.282 | -260.092 | -632.334 | -1.454.005 | -2.783.487,"-2,20% | -4,36% | -6,54% | -14,54% | -28,12% | -42,82%",,26ddías,3.716.513,3.800.044 | 3.885.795 | 3.976.605 | 4.348.847 | 5.170.518 | 6.500.000,Delantero
2026-08-01,Alemão,Rayo,-80.676 | -154.327 | -222.509 | -550.153 | -1.216.062 | -2.470.394,"-1,75% | -3,29% | -4,68% | -10,83% | -21,16% | -35,29%",,26ddías,4.529.606,4.610.282 | 4.683.933 | 4.752.115 | 5.079.759 | 5.745.668 | 7.000.000,Delantero
2026-08-01,Diangana,Elche,-33.550 | -66.878 | -90.585 | -219.066 | -558.566 | -1.295.517,"-2,05% | -4,00% | -5,34% | -12,01% | -25,82% | -44,67%",,26ddías,1.604.483,1.638.033 | 1.671.361 | 1.695.068 | 1.823.549 | 2.163.049 | 2.900.000,Delantero
2026-08-01,Krug,Levante,0 | 0 | 0 | 0 | 0 | +2.249,"0,00% | 0,00% | 0,00% | 0,00% | 0,00% | +0,37%",,23ddías,602.249,602.249 | 602.249 | 602.249 | 602.249 | 602.249 | 600.000,Defensa
2026-08-01,Hugo López,Villarreal,0 | 0 | 0 | 0 | 0 | -14.600,"0,00% | 0,00% | 0,00% | 0,00% | 0,00% | -2,92%",,23ddías,485.400,485.400 | 485.400 | 485.400 | 485.400 | 485.400 | 500.000,Mediocampista
2026-08-01,Mikautadze,Villarreal,+168.117 | +237.134 | +367.054 | +1.164.176 | +3.684.228 | +2.498.721,"+0,32% | +0,45% | +0,70% | +2,27% | +7,55% | +5,00%",,19ddías,52.498.721,52.330.604 | 52.261.587 | 52.131.667 | 51.334.545 | 48.814.493 | 50.000.000,Delantero
2026-08-01,Navarro,Valencia,0 | 0 | 0 | 0 | 0 | +1.909,"0,00% | 0,00% | 0,00% | 0,00% | 0,00% | +0,38%",,23ddías,501.909,501.909 | 501.909 | 501.909 | 501.909 | 501.909 | 500.000,Defensa
2026-08-01,Cardoso,Sevilla,-30.812 | -63.622 | -98.140 | -244.126 | -558.096 | -1.204.891,"-2,51% | -5,05% | -7,59% | -16,96% | -31,83% | -50,20%",,26ddías,1.195.109,1.225.921 | 1.258.731 | 1.293.249 | 1.439.235 | 1.753.205 | 2.400.000,Defensa
2026-08-01,Oso,Sevilla,0 | 0 | 0 | 0 | 0 | +53.332,"0,00% | 0,00% | 0,00% | 0,00% | 0,00% | +0,38%",,23ddías,14.053.332,14.053.332 | 14.053.332 | 14.053.332 | 14.053.332 | 14.053.332 | 14.000.000,Defensa
2026-08-01,Álex Costa,Sevilla,0 | 0 | 0 | 0 | 0 | +2.284,"0,00% | 0,00% | 0,00% | 0,00% | 0,00% | +0,38%",,23ddías,602.284,602.284 | 602.284 | 602.284 | 602.284 | 602.284 | 600.000,Delantero
2026-08-01,Folgado,Real Sociedad,0 | 0 | 0 | 0 | 0 | +2.606,"0,00% | 0,00% | 0,00% | 0,00% | 0,00% | +0,37%",,23ddías,702.606,702.606 | 702.606 | 702.606 | 702.606 | 702.606 | 700.000,Portero
2026-08-01,Carlos Soler,Real Sociedad,-285.645 | -587.614 | -794.117 | -2.047.666 | -4.524.450 | -7.526.947,"-0,87% | -1,78% | -2,39% | -5,93% | -12,23% | -18,82%",,26ddías,32.473.053,32.758.698 | 33.060.667 | 33.267.170 | 34.520.719 | 36.997.503 | 40.000.000,Mediocampista
2026-08-01,Sancris,Getafe,-21.050 | -42.845 | -65.349 | -161.042 | -371.448 | -842.156,"-2,40% | -4,76% | -7,08% | -15,81% | -30,22% | -49,54%",,26ddías,857.844,878.894 | 900.689 | 923.193 | 1.018.886 | 1.229.292 | 1.700.000,Delantero
2026-08-01,Riedel,Espanyol,0 | 0 | 0 | 0 | 0 | +20.618,"0,00% | 0,00% | 0,00% | 0,00% | 0,00% | +0,37%",,23ddías,5.520.618,5.520.618 | 5.520.618 | 5.520.618 | 5.520.618 | 5.520.618 | 5.500.000,Defensa
2026-08-01,Montero,Alavés,0 | 0 | 0 | 0 | 0 | +2.316,"0,00% | 0,00% | 0,00% | 0,00% | 0,00% | +0,39%",,23ddías,602.316,602.316 | 602.316 | 602.316 | 602.316 | 602.316 | 600.000,Portero
2026-08-01,Vlachodimos,Sevilla,0 | 0 | 0 | 0 | 0 | +56.479,"0,00% | 0,00% | 0,00% | 0,00% | 0,00% | +0,38%",,23ddías,15.056.479,15.056.479 | 15.056.479 | 15.056.479 | 15.056.479 | 15.056.479 | 15.000.000,Portero
2026-08-01,Santos,Athletic,0 | 0 | 0 | 0 | 0 | +2.606,"0,00% | 0,00% | 0,00% | 0,00% | 0,00% | +0,37%",,23ddías,702.606,702.606 | 702.606 | 702.606 | 702.606 | 702.606 | 700.000,Portero
2026-08-01,Veiga,Villarreal,+478.968 | +1.157.325 | +1.863.198 | +4.333.327 | +9.851.879 | +16.316.702,"+1,17% | +2,88% | +4,72% | +11,72% | +31,31% | +65,27%",,25ddías,41.316.702,40.837.734 | 40.159.377 | 39.453.504 | 36.983.375 | 31.464.823 | 25.000.000,Defensa
2026-08-01,Mendoza,Atlético,-15.820 | -30.747 | -47.307 | -123.168 | -272.301 | -534.896,"-1,61% | -3,09% | -4,67% | -11,32% | -22,01% | -35,66%",,26ddías,965.104,980.924 | 995.851 | 1.012.411 | 1.088.272 | 1.237.405 | 1.500.000,Mediocampista
2026-08-01,Echegoyen,Osasuna,0 | 0 | 0 | 0 | 0 | -37.714,"0,00% | 0,00% | 0,00% | 0,00% | 0,00% | -6,29%",,23ddías,562.286,562.286 | 562.286 | 562.286 | 562.286 | 562.286 | 600.000,Mediocampista
2026-08-01,Josan,Elche,0 | 0 | 0 | 0 | 0 | +4.650,"0,00% | 0,00% | 0,00% | 0,00% | 0,00% | +0,39%",,23ddías,1.204.650,1.204.650 | 1.204.650 | 1.204.650 | 1.204.650 | 1.204.650 | 1.200.000,Mediocampista
2026-08-01,Davinchi,Getafe,0 | 0 | 0 | 0 | 0 | +11.603,"0,00% | 0,00% | 0,00% | 0,00% | 0,00% | +0,39%",,23ddías,3.011.603,3.011.603 | 3.011.603 | 3.011.603 | 3.011.603 | 3.011.603 | 3.000.000,Defensa
2026-08-01,Mastantuono,Real Madrid,0 | 0 | 0 | 0 | 0 | +37.262,"0,00% | 0,00% | 0,00% | 0,00% | 0,00% | +0,37%",,23ddías,10.037.262,10.037.262 | 10.037.262 | 10.037.262 | 10.037.262 | 10.037.262 | 10.000.000,Delantero
2026-08-01,Thiago,Real Madrid,0 | 0 | 0 | 0 | 0 | +26.082,"0,00% | 0,00% | 0,00% | 0,00% | 0,00% | +0,37%",,23ddías,7.026.082,7.026.082 | 7.026.082 | 7.026.082 | 7.026.082 | 7.026.082 | 7.000.000,Mediocampista
2026-08-01,Corralejo,Betis,0 | 0 | 0 | 0 | 0 | +2.248,"0,00% | 0,00% | 0,00% | 0,00% | 0,00% | +0,37%",,23ddías,602.248,602.248 | 602.248 | 602.248 | 602.248 | 602.248 | 600.000,Mediocampista
2026-08-01,Arriaga,Levante,-77.556 | -158.241 | -243.925 | -601.069 | -1.358.323 | -2.562.303,"-2,21% | -4,40% | -6,63% | -14,88% | -28,32% | -42,71%",,26ddías,3.437.697,3.515.253 | 3.595.938 | 3.681.622 | 4.038.766 | 4.796.020 | 6.000.000,Mediocampista
2026-08-01,Nacho Pérez,Levante,0 | 0 | 0 | 0 | 0 | -18.308,"0,00% | 0,00% | 0,00% | 0,00% | 0,00% | -3,05%",,23ddías,581.692,581.692 | 581.692 | 581.692 | 581.692 | 581.692 | 600.000,Defensa
2026-08-01,Altozano,Sevilla,0 | 0 | 0 | 0 | 0 | +2.284,"0,00% | 0,00% | 0,00% | 0,00% | 0,00% | +0,38%",,23ddías,602.284,602.284 | 602.284 | 602.284 | 602.284 | 602.284 | 600.000,Mediocampista
2026-08-01,Sierra,Sevilla,0 | 0 | 0 | 0 | 0 | +2.284,"0,00% | 0,00% | 0,00% | 0,00% | 0,00% | +0,38%",,23ddías,602.284,602.284 | 602.284 | 602.284 | 602.284 | 602.284 | 600.000,Delantero
2026-08-01,Blázquez,Valencia,0 | 0 | 0 | 0 | 0 | -18.344,"0,00% | 0,00% | 0,00% | 0,00% | 0,00% | -3,06%",,23ddías,581.656,581.656 | 581.656 | 581.656 | 581.656 | 581.656 | 600.000,Delantero
2026-08-01,Suazo,Sevilla,-111.386 | -212.776 | -302.241 | -610.545 | -1.546.138 | -2.923.259,"-1,80% | -3,38% | -4,74% | -9,13% | -20,28% | -32,48%",,26ddías,6.076.741,6.188.127 | 6.289.517 | 6.378.982 | 6.687.286 | 7.622.879 | 9.000.000,Defensa
2026-08-01,Ryan,Levante,0 | 0 | 0 | 0 | 0 | +11.791.282,"0,00% | 0,00% | 0,00% | 0,00% | 0,00% | 0%",,23ddías,13.550.652,13.550.652 | 13.550.652 | 13.550.652 | 13.550.652 | 13.550.652 | 0,Portero
2026-08-01,Laporte,Athletic,+1.670.183 | +3.384.809 | +5.274.960 | +13.090.253 | +25.724.004 | +47.220.541,"+3,27% | +6,86% | +11,12% | +33,02% | +95,25% | 0%",,17ddías,52.731.869,51.061.686 | 49.347.060 | 47.456.909 | 39.641.616 | 27.007.865 | 0,Defensa
2026-08-01,Adam Boayar,Elche,0 | 0 | 0 | 0 | 0 | +2.711,"0,00% | 0,00% | 0,00% | 0,00% | 0,00% | +0,39%",,23ddías,702.711,702.711 | 702.711 | 702.711 | 702.711 | 702.711 | 700.000,Mediocampista
2026-08-01,Rueda,Celta,-37.197 | -83.008 | -106.688 | -276.956 | -704.745 | -1.271.818,"-0,99% | -2,18% | -2,78% | -6,92% | -15,90% | -25,44%",,24ddías,3.728.182,3.765.379 | 3.811.190 | 3.834.870 | 4.005.138 | 4.432.927 | 5.000.000,Defensa
2026-08-01,Selton,Athletic,0 | 0 | 0 | 0 | 0 | +2.257,"0,00% | 0,00% | 0,00% | 0,00% | 0,00% | +0,38%",,23ddías,602.257,602.257 | 602.257 | 602.257 | 602.257 | 602.257 | 600.000,Mediocampista
2026-08-01,Iker Muñoz,Sevilla,0 | 0 | 0 | 0 | 0 | +2.284,"0,00% | 0,00% | 0,00% | 0,00% | 0,00% | +0,38%",,23ddías,602.284,602.284 | 602.284 | 602.284 | 602.284 | 602.284 | 600.000,Defensa
2026-08-01,Joan Martínez,Real Madrid,0 | 0 | 0 | 0 | 0 | +2.622,"0,00% | 0,00% | 0,00% | 0,00% | 0,00% | +0,37%",,23ddías,702.622,702.622 | 702.622 | 702.622 | 702.622 | 702.622 | 700.000,Defensa
2026-08-01,Unai Santos,Osasuna,0 | 0 | 0 | 0 | 0 | +2.319,"0,00% | 0,00% | 0,00% | 0,00% | 0,00% | +0,39%",,23ddías,602.319,602.319 | 602.319 | 602.319 | 602.319 | 602.319 | 600.000,Defensa
2026-08-01,Carlos Macià,Villarreal,0 | 0 | 0 | 0 | 0 | +3.057,"0,00% | 0,00% | 0,00% | 0,00% | 0,00% | +0,38%",,23ddías,803.057,803.057 | 803.057 | 803.057 | 803.057 | 803.057 | 800.000,Mediocampista
2026-08-01,Carrera,Real Sociedad,0 | 0 | 0 | 0 | 0 | +2.633,"0,00% | 0,00% | 0,00% | 0,00% | 0,00% | +0,38%",,23ddías,702.633,702.633 | 702.633 | 702.633 | 702.633 | 702.633 | 700.000,Delantero
2026-08-01,Rosón,Levante,0 | 0 | 0 | 0 | 0 | +2.249,"0,00% | 0,00% | 0,00% | 0,00% | 0,00% | +0,37%",,23ddías,602.249,602.249 | 602.249 | 602.249 | 602.249 | 602.249 | 600.000,Mediocampista
2026-08-01,Nakoha,Levante,0 | 0 | 0 | 0 | 0 | +1.874,"0,00% | 0,00% | 0,00% | 0,00% | 0,00% | +0,37%",,23ddías,501.874,501.874 | 501.874 | 501.874 | 501.874 | 501.874 | 500.000,Defensa
2026-08-01,Jurado,Valencia,0 | 0 | 0 | 0 | 0 | +2.292,"0,00% | 0,00% | 0,00% | 0,00% | 0,00% | +0,38%",,23ddías,602.292,602.292 | 602.292 | 602.292 | 602.292 | 602.292 | 600.000,Defensa
2026-08-01,Panach,Valencia,0 | 0 | 0 | 0 | 0 | +1.909,"0,00% | 0,00% | 0,00% | 0,00% | 0,00% | +0,38%",,23ddías,501.909,501.909 | 501.909 | 501.909 | 501.909 | 501.909 | 500.000,Defensa
2026-08-01,Marchal,Real Sociedad,0 | 0 | 0 | 0 | 0 | +2.234,"0,00% | 0,00% | 0,00% | 0,00% | 0,00% | +0,37%",,23ddías,602.234,602.234 | 602.234 | 602.234 | 602.234 | 602.234 | 600.000,Mediocampista
2026-08-01,Yassin,Getafe,0 | 0 | 0 | 0 | 0 | +1.932,"0,00% | 0,00% | 0,00% | 0,00% | 0,00% | +0,39%",,23ddías,501.932,501.932 | 501.932 | 501.932 | 501.932 | 501.932 | 500.000,Defensa
2026-08-01,Al Lal,Elche,0 | 0 | 0 | 0 | 0 | +1.936,"0,00% | 0,00% | 0,00% | 0,00% | 0,00% | +0,39%",,23ddías,501.936,501.936 | 501.936 | 501.936 | 501.936 | 501.936 | 500.000,Delantero
2026-08-01,Óscar Marcos,Celta,0 | 0 | 0 | 0 | 0 | +2.257,"0,00% | 0,00% | 0,00% | 0,00% | 0,00% | +0,38%",,23ddías,602.257,602.257 | 602.257 | 602.257 | 602.257 | 602.257 | 600.000,Delantero
2026-08-01,Meixús,Celta,0 | 0 | 0 | 0 | 0 | -14.628,"0,00% | 0,00% | 0,00% | 0,00% | 0,00% | -2,93%",,23ddías,485.372,485.372 | 485.372 | 485.372 | 485.372 | 485.372 | 500.000,Defensa
2026-08-01,Álvaro,Alavés,0 | 0 | 0 | 0 | 0 | +1.929,"0,00% | 0,00% | 0,00% | 0,00% | 0,00% | +0,39%",,23ddías,501.929,501.929 | 501.929 | 501.929 | 501.929 | 501.929 | 500.000,Defensa
2026-08-01,Bardghji,Barcelona,-318.511 | -318.511 | -318.511 | -318.511 | -318.511 | -299.946,"-6,61% | -6,61% | -6,61% | -6,61% | -6,61% | -6,25%",,1ddías,4.500.054,4.818.565 | 4.818.565 | 4.818.565 | 4.818.565 | 4.818.565 | 4.800.000,Delantero
2026-08-01,Juan Hernández,Barcelona,0 | 0 | 0 | 0 | 0 | -18.240,"0,00% | 0,00% | 0,00% | 0,00% | 0,00% | -3,04%",,23ddías,581.760,581.760 | 581.760 | 581.760 | 581.760 | 581.760 | 600.000,Mediocampista
2026-08-01,Taufik,Atlético,0 | 0 | 0 | 0 | 0 | +2.316,"0,00% | 0,00% | 0,00% | 0,00% | 0,00% | +0,39%",,23ddías,602.316,602.316 | 602.316 | 602.316 | 602.316 | 602.316 | 600.000,Mediocampista
2026-08-01,Martínez Bastida,Elche,0 | 0 | 0 | 0 | 0 | +2.324,"0,00% | 0,00% | 0,00% | 0,00% | 0,00% | +0,39%",,23ddías,602.324,602.324 | 602.324 | 602.324 | 602.324 | 602.324 | 600.000,Mediocampista
2026-08-01,Aller,Barcelona,0 | 0 | 0 | 0 | 0 | +2.705,"0,00% | 0,00% | 0,00% | 0,00% | 0,00% | +0,39%",,23ddías,702.705,702.705 | 702.705 | 702.705 | 702.705 | 702.705 | 700.000,Portero
2026-08-01,Ballestero,Alavés,0 | 0 | 0 | 0 | 0 | +2.316,"0,00% | 0,00% | 0,00% | 0,00% | 0,00% | +0,39%",,23ddías,602.316,602.316 | 602.316 | 602.316 | 602.316 | 602.316 | 600.000,Defensa
2026-08-01,Monreal,Athletic,0 | 0 | 0 | 0 | 0 | +2.257,"0,00% | 0,00% | 0,00% | 0,00% | 0,00% | +0,38%",,23ddías,602.257,602.257 | 602.257 | 602.257 | 602.257 | 602.257 | 600.000,Defensa
2026-08-01,Adrián Pérez,Athletic,0 | 0 | 0 | 0 | 0 | +2.257,"0,00% | 0,00% | 0,00% | 0,00% | 0,00% | +0,38%",,23ddías,602.257,602.257 | 602.257 | 602.257 | 602.257 | 602.257 | 600.000,Delantero
2026-08-01,Espart,Barcelona,0 | 0 | 0 | 0 | 0 | +2.705,"0,00% | 0,00% | 0,00% | 0,00% | 0,00% | +0,39%",,23ddías,702.705,702.705 | 702.705 | 702.705 | 702.705 | 702.705 | 700.000,Defensa
2026-08-01,Delgado,Elche,0 | 0 | 0 | 0 | 0 | +2.324,"0,00% | 0,00% | 0,00% | 0,00% | 0,00% | +0,39%",,23ddías,602.324,602.324 | 602.324 | 602.324 | 602.324 | 602.324 | 600.000,Defensa
2026-08-01,Benito,Getafe,0 | 0 | 0 | 0 | 0 | +2.319,"0,00% | 0,00% | 0,00% | 0,00% | 0,00% | +0,39%",,23ddías,602.319,602.319 | 602.319 | 602.319 | 602.319 | 602.319 | 600.000,Portero
2026-08-01,Aleksandrov,Getafe,0 | 0 | 0 | 0 | 0 | +2.319,"0,00% | 0,00% | 0,00% | 0,00% | 0,00% | +0,39%",,23ddías,602.319,602.319 | 602.319 | 602.319 | 602.319 | 602.319 | 600.000,Delantero
2026-08-01,Javi Navarro,Real Madrid,0 | 0 | 0 | 0 | 0 | +2.622,"0,00% | 0,00% | 0,00% | 0,00% | 0,00% | +0,37%",,23ddías,702.622,702.622 | 702.622 | 702.622 | 702.622 | 702.622 | 700.000,Portero
2026-08-01,Beitia,Real Sociedad,0 | 0 | 0 | 0 | 0 | +1.861,"0,00% | 0,00% | 0,00% | 0,00% | 0,00% | +0,37%",,23ddías,501.861,501.861 | 501.861 | 501.861 | 501.861 | 501.861 | 500.000,Defensa
2026-08-01,Lebarbier,Real Sociedad,0 | 0 | 0 | 0 | 0 | +2.234,"0,00% | 0,00% | 0,00% | 0,00% | 0,00% | +0,37%",,23ddías,602.234,602.234 | 602.234 | 602.234 | 602.234 | 602.234 | 600.000,Defensa
2026-08-01,Barry,Villarreal,0 | 0 | 0 | 0 | 0 | +2.292,"0,00% | 0,00% | 0,00% | 0,00% | 0,00% | +0,38%",,23ddías,602.292,602.292 | 602.292 | 602.292 | 602.292 | 602.292 | 600.000,Mediocampista
2026-08-01,Niculaesei,Elche,0 | 0 | 0 | 0 | 0 | +3.099,"0,00% | 0,00% | 0,00% | 0,00% | 0,00% | +0,39%",,23ddías,803.099,803.099 | 803.099 | 803.099 | 803.099 | 803.099 | 800.000,Defensa
2026-08-01,Radu,Celta,+794.216 | +1.480.418 | +2.293.590 | +5.026.578 | +9.079.246 | +14.192.520,"+2,38% | +4,53% | +7,19% | +17,23% | +36,15% | +70,96%",,25ddías,34.192.520,33.398.304 | 32.712.102 | 31.898.930 | 29.165.942 | 25.113.274 | 20.000.000,Portero
2026-08-01,Izei,Alavés,0 | 0 | 0 | 0 | 0 | -17.990,"0,00% | 0,00% | 0,00% | 0,00% | 0,00% | -3,00%",,23ddías,582.010,582.010 | 582.010 | 582.010 | 582.010 | 582.010 | 600.000,Mediocampista
2026-08-01,Bekhoucha,Getafe,0 | 0 | 0 | 0 | 0 | +4.254,"0,00% | 0,00% | 0,00% | 0,00% | 0,00% | +0,39%",,23ddías,1.104.254,1.104.254 | 1.104.254 | 1.104.254 | 1.104.254 | 1.104.254 | 1.100.000,Defensa
2026-08-01,Salinas,Málaga,0 | +15.131 | 0 | -96.827 | -318.281 | -829.930,"0,00% | +1,43% | 0,00% | -8,30% | -22,93% | -43,68%",,1ddías,1.070.070,1.070.070 | 1.054.939 | 1.070.070 | 1.166.897 | 1.388.351 | 1.900.000,Defensa
2026-08-01,Sivera,Alavés,+667.280 | +1.202.427 | +1.870.581 | +3.693.885 | +6.266.689 | +8.504.684,"+2,92% | +5,39% | +8,65% | +18,65% | +36,35% | +56,70%",,24ddías,23.504.684,22.837.404 | 22.302.257 | 21.634.103 | 19.810.799 | 17.237.995 | 15.000.000,Portero
2026-08-01,De la Fuente,Levante,0 | 0 | 0 | 0 | 0 | +52.528,"0,00% | 0,00% | 0,00% | 0,00% | 0,00% | +0,38%",,23ddías,14.052.528,14.052.528 | 14.052.528 | 14.052.528 | 14.052.528 | 14.052.528 | 14.000.000,Defensa
2026-08-01,Aguado,Elche,-35.004 | -93.846 | -144.973 | -394.476 | -1.006.222 | -2.248.008,"-0,92% | -2,44% | -3,72% | -9,51% | -21,15% | -37,47%",,26ddías,3.751.992,3.786.996 | 3.845.838 | 3.896.965 | 4.146.468 | 4.758.214 | 6.000.000,Mediocampista
2026-08-01,Santiago,Elche,-14.906 | -29.988 | -45.500 | -110.187 | -252.936 | -597.116,"-2,08% | -4,09% | -6,08% | -13,55% | -26,46% | -45,93%",,26ddías,702.884,717.790 | 732.872 | 748.384 | 813.071 | 955.820 | 1.300.000,Mediocampista
2026-08-01,Á. Núñez,Celta,-90.380 | -197.545 | -304.109 | -712.952 | -1.496.058 | -2.375.176,"-1,92% | -4,10% | -6,17% | -13,36% | -24,44% | -33,93%",,23ddías,4.624.824,4.715.204 | 4.822.369 | 4.928.933 | 5.337.776 | 6.120.882 | 7.000.000,Defensa
2026-08-01,Affengruber,Elche,+673.107 | +1.249.904 | +1.944.436 | +4.084.036 | +7.414.075 | +19.757.100,"+2,45% | +4,64% | +7,42% | +16,96% | +35,73% | 0%",,18ddías,28.162.354,27.489.247 | 26.912.450 | 26.217.918 | 24.078.318 | 20.748.279 | 0,Defensa
2026-08-01,Febas,Celta,0 | 0 | 0 | 0 | 0 | +96.888,"0,00% | 0,00% | 0,00% | 0,00% | 0,00% | +0,39%",,23ddías,25.096.888,25.096.888 | 25.096.888 | 25.096.888 | 25.096.888 | 25.096.888 | 25.000.000,Mediocampista
2026-08-01,John ChetauyaJohn C.,Elche,-24.784 | -50.156 | -76.386 | -186.533 | -430.128 | -960.045,"-2,57% | -5,07% | -7,52% | -16,56% | -31,39% | -50,53%",,26ddías,939.955,964.739 | 990.111 | 1.016.341 | 1.126.488 | 1.370.083 | 1.900.000,Defensa
2026-08-01,Vencedor,Athletic,0 | 0 | 0 | 0 | 0 | +8.253,"0,00% | 0,00% | 0,00% | 0,00% | 0,00% | +0,38%",,23ddías,2.208.253,2.208.253 | 2.208.253 | 2.208.253 | 2.208.253 | 2.208.253 | 2.200.000,Mediocampista
2026-08-01,Youssef,Alavés,-9.114 | -18.161 | -27.387 | -64.199 | -145.749 | -336.149,"-1,59% | -3,12% | -4,63% | -10,22% | -20,54% | -37,35%",,18ddías,563.851,572.965 | 582.012 | 591.238 | 628.050 | 709.600 | 900.000,Defensa
2026-08-01,Fortuny,Real Madrid,0 | 0 | 0 | 0 | 0 | +2.234,"0,00% | 0,00% | 0,00% | 0,00% | 0,00% | +0,37%",,23ddías,602.234,602.234 | 602.234 | 602.234 | 602.234 | 602.234 | 600.000,Mediocampista
2026-08-01,Molina,Rayo,0 | 0 | 0 | 0 | 0 | +2.234,"0,00% | 0,00% | 0,00% | 0,00% | 0,00% | +0,37%",,23ddías,602.234,602.234 | 602.234 | 602.234 | 602.234 | 602.234 | 600.000,Portero
2026-08-01,Arguibide,Osasuna,0 | 0 | 0 | 0 | 0 | -17.987,"0,00% | 0,00% | 0,00% | 0,00% | 0,00% | -3,00%",,23ddías,582.013,582.013 | 582.013 | 582.013 | 582.013 | 582.013 | 600.000,Defensa
2026-08-01,Pablo García,Betis,0 | 0 | 0 | 0 | 0 | +9.371,"0,00% | 0,00% | 0,00% | 0,00% | 0,00% | +0,37%",,23ddías,2.509.371,2.509.371 | 2.509.371 | 2.509.371 | 2.509.371 | 2.509.371 | 2.500.000,Delantero
2026-08-01,Huijsen,Real Madrid,-241.393 | -452.244 | -611.096 | -1.914.085 | -5.744.235 | -13.096.783,"-0,67% | -1,25% | -1,69% | -5,10% | -13,89% | -26,89%",,26ddías,35.603.217,35.844.610 | 36.055.461 | 36.214.313 | 37.517.302 | 41.347.452 | 48.700.000,Defensa
2026-08-01,Juanpe,Rayo,0 | 0 | 0 | 0 | 0 | +2.234,"0,00% | 0,00% | 0,00% | 0,00% | 0,00% | +0,37%",,23ddías,602.234,602.234 | 602.234 | 602.234 | 602.234 | 602.234 | 600.000,Portero
2026-08-01,Gonzalo,Real Madrid,-122.043 | -213.671 | -258.892 | -500.703 | -939.481 | -1.756.033,"-2,93% | -5,02% | -6,02% | -11,02% | -18,85% | -30,28%",,26ddías,4.043.967,4.166.010 | 4.257.638 | 4.302.859 | 4.544.670 | 4.983.448 | 5.800.000,Delantero
2026-08-01,Niño,Málaga,-23.909 | -59.233 | -85.666 | -237.453 | -547.470 | -1.102.841,"-0,82% | -2,00% | -2,87% | -7,58% | -15,89% | -27,57%",,26ddías,2.897.159,2.921.068 | 2.956.392 | 2.982.825 | 3.134.612 | 3.444.629 | 4.000.000,Delantero
2026-08-01,Rayane,Atlético,0 | 0 | 0 | 0 | 0 | -21.994,"0,00% | 0,00% | 0,00% | 0,00% | 0,00% | -3,14%",,23ddías,678.006,678.006 | 678.006 | 678.006 | 678.006 | 678.006 | 700.000,Delantero
2026-08-01,Mendy,Rayo,0 | 0 | 0 | 0 | 0 | +22.356,"0,00% | 0,00% | 0,00% | 0,00% | 0,00% | +0,37%",,23ddías,6.022.356,6.022.356 | 6.022.356 | 6.022.356 | 6.022.356 | 6.022.356 | 6.000.000,Defensa
2026-08-01,Ortiz,Betis,0 | 0 | 0 | 0 | 0 | +6.372,"0,00% | 0,00% | 0,00% | 0,00% | 0,00% | +0,37%",,23ddías,1.706.372,1.706.372 | 1.706.372 | 1.706.372 | 1.706.372 | 1.706.372 | 1.700.000,Defensa
2026-08-01,Osambela,Osasuna,0 | 0 | 0 | 0 | 0 | +1.932,"0,00% | 0,00% | 0,00% | 0,00% | 0,00% | +0,39%",,23ddías,501.932,501.932 | 501.932 | 501.932 | 501.932 | 501.932 | 500.000,Mediocampista
2026-08-01,Yáñez,Real Madrid,0 | 0 | 0 | 0 | 0 | +2.606,"0,00% | 0,00% | 0,00% | 0,00% | 0,00% | +0,37%",,23ddías,702.606,702.606 | 702.606 | 702.606 | 702.606 | 702.606 | 700.000,Delantero
2026-08-01,Swiderski,Alavés,0 | 0 | 0 | 0 | 0 | +2.316,"0,00% | 0,00% | 0,00% | 0,00% | 0,00% | +0,39%",,23ddías,602.316,602.316 | 602.316 | 602.316 | 602.316 | 602.316 | 600.000,Portero
2026-08-01,D. Aguado,Real Madrid,0 | 0 | 0 | 0 | 0 | -25.891,"0,00% | 0,00% | 0,00% | 0,00% | 0,00% | -3,24%",,23ddías,774.109,774.109 | 774.109 | 774.109 | 774.109 | 774.109 | 800.000,Defensa
2026-08-01,Fran González,Real Madrid,0 | 0 | 0 | 0 | 0 | +2.622,"0,00% | 0,00% | 0,00% | 0,00% | 0,00% | +0,37%",,23ddías,702.622,702.622 | 702.622 | 702.622 | 702.622 | 702.622 | 700.000,Portero
2026-08-01,Mariezkurrena,Real Sociedad,0 | 0 | 0 | 0 | 0 | -22.034,"0,00% | 0,00% | 0,00% | 0,00% | 0,00% | -3,15%",,23ddías,677.966,677.966 | 677.966 | 677.966 | 677.966 | 677.966 | 700.000,Delantero
2026-08-01,Castrín,Sevilla,0 | 0 | 0 | 0 | 0 | -176.984,"0,00% | 0,00% | 0,00% | 0,00% | 0,00% | -3,54%",,23ddías,4.823.016,4.823.016 | 4.823.016 | 4.823.016 | 4.823.016 | 4.823.016 | 5.000.000,Defensa
2026-08-01,Rafa,Sevilla,0 | 0 | 0 | 0 | 0 | +2.257,"0,00% | 0,00% | 0,00% | 0,00% | 0,00% | +0,38%",,23ddías,602.257,602.257 | 602.257 | 602.257 | 602.257 | 602.257 | 600.000,Portero
2026-08-01,Diatta,Villarreal,0 | 0 | 0 | 0 | 0 | -18.344,"0,00% | 0,00% | 0,00% | 0,00% | 0,00% | -3,06%",,23ddías,581.656,581.656 | 581.656 | 581.656 | 581.656 | 581.656 | 600.000,Mediocampista
2026-08-01,Ruggeri,Atlético,-69.181 | -205.909 | -300.401 | -749.710 | -1.650.810 | -1.272.939,"-0,90% | -2,63% | -3,79% | -8,95% | -17,79% | -14,30%",,20ddías,7.627.061,7.696.242 | 7.832.970 | 7.927.462 | 8.376.771 | 9.277.871 | 8.900.000,Defensa
2026-08-01,Alexander-Arnold,Real Madrid,-314.800 | -685.752 | -1.036.287 | -2.806.872 | -6.791.648 | -12.987.817,"-1,15% | -2,48% | -3,69% | -9,41% | -20,09% | -32,47%",,26ddías,27.012.183,27.326.983 | 27.697.935 | 28.048.470 | 29.819.055 | 33.803.831 | 40.000.000,Defensa
2026-08-01,Becerra,Rayo,0 | 0 | 0 | 0 | 0 | -18.300,"0,00% | 0,00% | 0,00% | 0,00% | 0,00% | -3,05%",,23ddías,581.700,581.700 | 581.700 | 581.700 | 581.700 | 581.700 | 600.000,Mediocampista
2026-08-01,Manu Fernández,Celta,-4.168 | -8.062 | -11.921 | -24.931 | -54.223 | -154.872,"-0,93% | -1,78% | -2,61% | -5,30% | -10,86% | -25,81%",,26ddías,445.128,449.296 | 453.190 | 457.049 | 470.059 | 499.351 | 600.000,Defensa
2026-08-01,Bigas,Elche,-180.764 | -363.138 | -542.857 | -893.084 | -1.718.037 | -839.648,"-2,46% | -4,83% | -7,05% | -11,09% | -19,35% | -10,50%",,21ddías,7.160.352,7.341.116 | 7.523.490 | 7.703.209 | 8.053.436 | 8.878.389 | 8.000.000,Defensa
2026-08-01,Redondo,Elche,-29.720 | -63.328 | -97.523 | -239.746 | -551.231 | -1.196.569,"-2,41% | -5,00% | -7,50% | -16,61% | -31,42% | -49,86%",,26ddías,1.203.431,1.233.151 | 1.266.759 | 1.300.954 | 1.443.177 | 1.754.662 | 2.400.000,Mediocampista
2026-08-01,Pinillos,Alavés,0 | 0 | 0 | 0 | 0 | +1.929,"0,00% | 0,00% | 0,00% | 0,00% | 0,00% | +0,39%",,23ddías,501.929,501.929 | 501.929 | 501.929 | 501.929 | 501.929 | 500.000,Mediocampista
2026-08-01,Rego,Athletic,0 | 0 | 0 | 0 | 0 | +18.825,"0,00% | 0,00% | 0,00% | 0,00% | 0,00% | +0,38%",,23ddías,5.018.825,5.018.825 | 5.018.825 | 5.018.825 | 5.018.825 | 5.018.825 | 5.000.000,Defensa
2026-08-01,Esquivel,Atlético,0 | 0 | 0 | 0 | 0 | +2.292,"0,00% | 0,00% | 0,00% | 0,00% | 0,00% | +0,38%",,23ddías,602.292,602.292 | 602.292 | 602.292 | 602.292 | 602.292 | 600.000,Portero
2026-08-01,Torrents,Barcelona,0 | 0 | 0 | 0 | 0 | +2.319,"0,00% | 0,00% | 0,00% | 0,00% | 0,00% | +0,39%",,23ddías,602.319,602.319 | 602.319 | 602.319 | 602.319 | 602.319 | 600.000,Defensa
2026-08-01,Joselu,Getafe,0 | 0 | 0 | 0 | 0 | +2.319,"0,00% | 0,00% | 0,00% | 0,00% | 0,00% | +0,39%",,23ddías,602.319,602.319 | 602.319 | 602.319 | 602.319 | 602.319 | 600.000,Delantero
2026-08-01,Gorrotxategi,Real Sociedad,-108.870 | -247.617 | -280.314 | -735.694 | -1.660.395 | +786.826,"-1,22% | -2,74% | -3,09% | -7,73% | -15,89% | +9,84%",,19ddías,8.786.826,8.895.696 | 9.034.443 | 9.067.140 | 9.522.520 | 10.447.221 | 8.000.000,Mediocampista
2026-08-01,Víctor García,Levante,-78.858 | -158.892 | -238.596 | -591.173 | -1.326.668 | -2.731.453,"-2,77% | -5,43% | -7,93% | -17,60% | -32,40% | -49,66%",,26ddías,2.768.547,2.847.405 | 2.927.439 | 3.007.143 | 3.359.720 | 4.095.215 | 5.500.000,Defensa
2026-08-01,Pablo CamposCuñat Campos,Levante,+35.373 | +57.124 | +83.518 | +74.176 | -95.034 | -509.281,"+2,82% | +4,63% | +6,92% | +6,10% | -6,86% | -28,29%",,5ddías,1.290.719,1.255.346 | 1.233.595 | 1.207.201 | 1.216.543 | 1.385.753 | 1.800.000,Portero
2026-08-01,Toljan,Levante,-68.052 | -157.979 | -222.196 | -572.944 | -1.349.666 | -2.587.998,"-1,37% | -3,12% | -4,33% | -10,45% | -21,55% | -34,51%",,24ddías,4.912.002,4.980.054 | 5.069.981 | 5.134.198 | 5.484.946 | 6.261.668 | 7.500.000,Defensa
2026-08-01,Cortés,Levante,0 | 0 | 0 | 0 | 0 | +3.000,"0,00% | 0,00% | 0,00% | 0,00% | 0,00% | +0,38%",,23ddías,803.000,803.000 | 803.000 | 803.000 | 803.000 | 803.000 | 800.000,Delantero
2026-08-01,Primo,Levante,0 | 0 | 0 | 0 | 0 | +4.126,"0,00% | 0,00% | 0,00% | 0,00% | 0,00% | +0,38%",,23ddías,1.104.126,1.104.126 | 1.104.126 | 1.104.126 | 1.104.126 | 1.104.126 | 1.100.000,Portero
2026-08-01,Vertrouwd,Rayo,0 | 0 | 0 | 0 | 0 | +3.725,"0,00% | 0,00% | 0,00% | 0,00% | 0,00% | +0,37%",,23ddías,1.003.725,1.003.725 | 1.003.725 | 1.003.725 | 1.003.725 | 1.003.725 | 1.000.000,Defensa
2026-08-01,Ugrinic,Valencia,-108.331 | -239.541 | -365.078 | -888.367 | -1.934.720 | -3.074.355,"-2,15% | -4,64% | -6,90% | -15,28% | -28,20% | -38,43%",,24ddías,4.925.645,5.033.976 | 5.165.186 | 5.290.723 | 5.814.012 | 6.860.365 | 8.000.000,Mediocampista
2026-08-01,Elgezabal,Levante,-39.563 | -83.979 | -129.137 | -319.969 | -697.296 | -1.462.200,"-2,51% | -5,18% | -7,75% | -17,22% | -31,20% | -48,74%",,26ddías,1.537.800,1.577.363 | 1.621.779 | 1.666.937 | 1.857.769 | 2.235.096 | 3.000.000,Defensa
2026-08-01,Jonny,Alavés,-69.916 | -171.743 | -286.879 | -711.042 | -1.718.609 | -2.928.978,"-1,14% | -2,75% | -4,51% | -10,48% | -22,06% | -32,54%",,22ddías,6.071.022,6.140.938 | 6.242.765 | 6.357.901 | 6.782.064 | 7.789.631 | 9.000.000,Defensa
2026-08-01,Valentín Gómez,Betis,-49.865 | -97.775 | -141.908 | -362.507 | -828.798 | -1.717.046,"-2,14% | -4,11% | -5,85% | -13,70% | -26,63% | -42,93%",,26ddías,2.282.954,2.332.819 | 2.380.729 | 2.424.862 | 2.645.461 | 3.111.752 | 4.000.000,Defensa
2026-08-01,Almada,Atlético,-147.580 | -327.597 | -485.697 | -1.146.314 | -2.350.411 | -2.935.600,"-2,05% | -4,43% | -6,43% | -13,96% | -24,97% | -29,36%",,20ddías,7.064.400,7.211.980 | 7.391.997 | 7.550.097 | 8.210.714 | 9.414.811 | 10.000.000,Mediocampista
2026-08-01,Luiz Felipe,Rayo,0 | 0 | 0 | 0 | 0 | +15.277,"0,00% | 0,00% | 0,00% | 0,00% | 0,00% | +0,37%",,23ddías,4.115.277,4.115.277 | 4.115.277 | 4.115.277 | 4.115.277 | 4.115.277 | 4.100.000,Defensa
2026-08-01,Hancko,Atlético,-131.551 | -416.239 | -591.466 | -1.721.182 | -4.967.846 | -9.345.070,"-0,43% | -1,34% | -1,89% | -5,32% | -13,95% | -23,36%",,24ddías,30.654.930,30.786.481 | 31.071.169 | 31.246.396 | 32.376.112 | 35.622.776 | 40.000.000,Defensa
2026-08-01,Fortea,Real Madrid,0 | 0 | 0 | 0 | 0 | +2.099,"0,00% | 0,00% | 0,00% | 0,00% | 0,00% | +0,26%",,23ddías,802.099,802.099 | 802.099 | 802.099 | 802.099 | 802.099 | 800.000,Defensa
2026-08-01,Jutglà,Celta,-83.639 | -198.687 | -338.039 | -876.069 | -2.158.671 | -1.542.477,"-0,88% | -2,06% | -3,45% | -8,48% | -18,58% | -14,02%",,22ddías,9.457.523,9.541.162 | 9.656.210 | 9.795.562 | 10.333.592 | 11.616.194 | 11.000.000,Delantero
2026-08-01,Martim Neto,Elche,-39.299 | -66.303 | -76.894 | -151.762 | -411.962 | -963.848,"-1,89% | -3,15% | -3,64% | -6,94% | -16,83% | -32,13%",,26ddías,2.036.152,2.075.451 | 2.102.455 | 2.113.046 | 2.187.914 | 2.448.114 | 3.000.000,Mediocampista
2026-08-01,Deossa,Betis,-39.531 | -85.238 | -138.207 | -370.766 | -862.827 | -1.876.855,"-1,92% | -4,04% | -6,39% | -15,49% | -29,90% | -48,12%",,26ddías,2.023.145,2.062.676 | 2.108.383 | 2.161.352 | 2.393.911 | 2.885.972 | 3.900.000,Mediocampista
2026-08-01,Oriol Rey,Levante,-25.717 | -53.583 | -80.872 | -200.004 | -452.999 | -1.001.129,"-2,51% | -5,09% | -7,49% | -16,68% | -31,20% | -50,06%",,26ddías,998.871,1.024.588 | 1.052.454 | 1.079.743 | 1.198.875 | 1.451.870 | 2.000.000,Mediocampista
2026-08-01,Junior,Betis,-111.722 | -219.593 | -338.620 | -812.384 | -1.772.191 | -3.347.038,"-2,34% | -4,51% | -6,78% | -14,86% | -27,58% | -41,84%",,26ddías,4.652.962,4.764.684 | 4.872.555 | 4.991.582 | 5.465.346 | 6.425.153 | 8.000.000,Defensa
2026-08-01,Dituro,Elche,-52.275 | -152.575 | -230.382 | -305.020 | -822.652 | -1.314.749,"-0,78% | -2,23% | -3,33% | -4,36% | -10,96% | -16,43%",,26ddías,6.685.251,6.737.526 | 6.837.826 | 6.915.633 | 6.990.271 | 7.507.903 | 8.000.000,Portero
2026-08-01,Dolan,Espanyol,-107.574 | -228.221 | -299.418 | -700.927 | -1.479.235 | -1.192.438,"-1,56% | -3,24% | -4,21% | -9,34% | -17,85% | -14,91%",,19ddías,6.807.562,6.915.136 | 7.035.783 | 7.106.980 | 7.508.489 | 8.286.797 | 8.000.000,Delantero
2026-08-01,Roger BruguéBrugui,Levante,-93.417 | -192.535 | -289.409 | -704.142 | -1.623.488 | -3.652.664,"-2,72% | -5,44% | -7,96% | -17,38% | -32,66% | -52,18%",,27ddías,3.347.336,3.440.753 | 3.539.871 | 3.636.745 | 4.051.478 | 4.970.824 | 7.000.000,Delantero
2026-08-01,Jorge Cabello,Levante,-35.638 | -72.529 | -110.759 | +628.697 | +628.697 | +628.697,"-2,87% | -5,67% | -8,41% | 0% | 0% | 0%",,3ddías,1.205.573,1.241.211 | 1.278.102 | 1.316.332 | 0 | 0 | 0,Defensa
2026-08-01,C. Álvarez,Levante,+286.947 | +573.764 | +939.750 | +2.388.292 | +4.347.976 | +8.495.920,"+1,77% | +3,60% | +6,04% | +16,93% | +35,79% | +106,20%",,25ddías,16.495.920,16.208.973 | 15.922.156 | 15.556.170 | 14.107.628 | 12.147.944 | 8.000.000,Mediocampista
2026-08-01,Oláiz,Alavés,0 | 0 | 0 | 0 | 0 | +2.316,"0,00% | 0,00% | 0,00% | 0,00% | 0,00% | +0,39%",,23ddías,602.316,602.316 | 602.316 | 602.316 | 602.316 | 602.316 | 600.000,Defensa
2026-08-01,Aitor Mañas,Alavés,0 | 0 | 0 | 0 | 0 | -37.836,"0,00% | 0,00% | 0,00% | 0,00% | 0,00% | -6,31%",,23ddías,562.164,562.164 | 562.164 | 562.164 | 562.164 | 562.164 | 600.000,Delantero
2026-08-01,Rubén Gómez,Villarreal,0 | 0 | 0 | 0 | 0 | +2.292,"0,00% | 0,00% | 0,00% | 0,00% | 0,00% | +0,38%",,23ddías,602.292,602.292 | 602.292 | 602.292 | 602.292 | 602.292 | 600.000,Portero
2026-08-01,Laro Gómez,Racing,0 | 0 | 0 | 0 | 0 | +2.234,"0,00% | 0,00% | 0,00% | 0,00% | 0,00% | +0,37%",,22ddías,602.234,602.234 | 602.234 | 602.234 | 602.234 | 602.234 | 600.000,Portero
2026-08-01,Arana,Racing,-12.624 | -26.620 | -37.142 | -97.278 | -251.640 | -542.511,"-1,30% | -2,70% | -3,73% | -9,22% | -20,81% | -36,17%",,26ddías,957.489,970.113 | 984.109 | 994.631 | 1.054.767 | 1.209.129 | 1.500.000,Delantero
2026-08-01,Iñigo Vicente,Racing,-293.769 | -731.140 | -1.060.423 | -1.845.164 | -3.699.243 | -5.876.922,"-1,47% | -3,59% | -5,13% | -8,59% | -15,86% | -23,05%",,22ddías,19.623.078,19.916.847 | 20.354.218 | 20.683.501 | 21.468.242 | 23.322.321 | 25.500.000,Delantero
2026-08-01,Solórzano,Racing,0 | 0 | 0 | 0 | 0 | +2.234,"0,00% | 0,00% | 0,00% | 0,00% | 0,00% | +0,37%",,22ddías,602.234,602.234 | 602.234 | 602.234 | 602.234 | 602.234 | 600.000,Mediocampista
2026-08-01,Puerta,Racing,+186.055 | +332.022 | +531.027 | +643.823 | +53.876 | -114.270,"+1,92% | +3,48% | +5,68% | +6,97% | +0,55% | -1,14%",,5ddías,9.885.730,9.699.675 | 9.553.708 | 9.354.703 | 9.241.907 | 9.831.854 | 10.000.000,Mediocampista
2026-08-01,Sergio Martínez,Racing,0 | 0 | 0 | 0 | 0 | +2.606,"0,00% | 0,00% | 0,00% | 0,00% | 0,00% | +0,37%",,22ddías,702.606,702.606 | 702.606 | 702.606 | 702.606 | 702.606 | 700.000,Mediocampista
2026-08-01,Gueye,Racing,-79.761 | -133.983 | -195.483 | -531.466 | -1.328.943 | -2.256.134,"-1,65% | -2,75% | -3,96% | -10,07% | -21,88% | -32,23%",,22ddías,4.743.866,4.823.627 | 4.877.849 | 4.939.349 | 5.275.332 | 6.072.809 | 7.000.000,Mediocampista
2026-08-01,Crespo,Racing,0 | 0 | 0 | 0 | 0 | +2.979,"0,00% | 0,00% | 0,00% | 0,00% | 0,00% | +0,37%",,22ddías,802.979,802.979 | 802.979 | 802.979 | 802.979 | 802.979 | 800.000,Defensa
2026-08-01,Facundo GonzálezFacu González,Racing,-231.579 | -231.579 | -231.579 | -231.579 | -231.579 | -218.539,"-6,59% | -6,59% | -6,59% | -6,59% | -6,59% | -6,24%",,1ddías,3.281.461,3.513.040 | 3.513.040 | 3.513.040 | 3.513.040 | 3.513.040 | 3.500.000,Defensa
2026-08-01,Carlos Sánchez,Racing,0 | 0 | 0 | 0 | 0 | +2.606,"0,00% | 0,00% | 0,00% | 0,00% | 0,00% | +0,37%",,22ddías,702.606,702.606 | 702.606 | 702.606 | 702.606 | 702.606 | 700.000,Defensa
2026-08-01,Salinas,Racing,0 | 0 | 0 | 0 | 0 | +22.356,"0,00% | 0,00% | 0,00% | 0,00% | 0,00% | +0,37%",,22ddías,6.022.356,6.022.356 | 6.022.356 | 6.022.356 | 6.022.356 | 6.022.356 | 6.000.000,Defensa
2026-08-01,Camara,Racing,-15.193 | -33.427 | -51.823 | -116.925 | -296.028 | -707.096,"-1,51% | -3,26% | -4,96% | -10,54% | -22,97% | -41,59%",,26ddías,992.904,1.008.097 | 1.026.331 | 1.044.727 | 1.109.829 | 1.288.932 | 1.700.000,Defensa
2026-08-01,Hernando,Racing,-16.218 | -42.610 | -63.460 | -197.498 | -592.226 | -1.465.676,"-0,79% | -2,05% | -3,03% | -8,85% | -22,55% | -41,88%",,26ddías,2.034.324,2.050.542 | 2.076.934 | 2.097.784 | 2.231.822 | 2.626.550 | 3.500.000,Defensa
2026-08-01,Sainz-Maza,Racing,-25.153 | -53.219 | -76.756 | -191.468 | -449.318 | -957.100,"-2,36% | -4,86% | -6,86% | -15,51% | -30,11% | -47,86%",,26ddías,1.042.900,1.068.053 | 1.096.119 | 1.119.656 | 1.234.368 | 1.492.218 | 2.000.000,Defensa
2026-08-01,Mantilla,Racing,+16.658 | +29.084 | +35.988 | +17.030 | -145.571 | -830.021,"+0,77% | +1,36% | +1,69% | +0,79% | -6,29% | -27,67%",,3ddías,2.169.979,2.153.321 | 2.140.895 | 2.133.991 | 2.152.949 | 2.315.550 | 3.000.000,Defensa
2026-08-01,Eriksson,Racing,+36.513 | +88.502 | +143.767 | +155.865 | -92.459 | -583.469,"+1,53% | +3,80% | +6,33% | +6,89% | -3,69% | -19,45%",,5ddías,2.416.531,2.380.018 | 2.328.029 | 2.272.764 | 2.260.666 | 2.508.990 | 3.000.000,Portero
2026-08-01,Canales,Racing,0 | 0 | 0 | 0 | 0 | +37.262,"0,00% | 0,00% | 0,00% | 0,00% | 0,00% | +0,37%",,22ddías,10.037.262,10.037.262 | 10.037.262 | 10.037.262 | 10.037.262 | 10.037.262 | 10.000.000,Delantero
2026-08-01,Rafa Rodríguez,Málaga,0 | 0 | 0 | 0 | 0 | -229.574,"0,00% | 0,00% | 0,00% | 0,00% | 0,00% | -3,53%",,22ddías,6.270.426,6.270.426 | 6.270.426 | 6.270.426 | 6.270.426 | 6.270.426 | 6.500.000,Mediocampista
2026-08-01,Recio,Málaga,0 | 0 | 0 | 0 | 0 | +2.810,"0,00% | 0,00% | 0,00% | 0,00% | 0,00% | +0,37%",,22ddías,752.810,752.810 | 752.810 | 752.810 | 752.810 | 752.810 | 750.000,Defensa
2026-08-01,Pastor,Málaga,0 | 0 | 0 | 0 | 0 | -10.884,"0,00% | 0,00% | 0,00% | 0,00% | 0,00% | -2,72%",,22ddías,389.116,389.116 | 389.116 | 389.116 | 389.116 | 389.116 | 400.000,Defensa
2026-08-01,Arriaza,Málaga,0 | 0 | 0 | 0 | 0 | +1.498,"0,00% | 0,00% | 0,00% | 0,00% | 0,00% | +0,37%",,22ddías,401.498,401.498 | 401.498 | 401.498 | 401.498 | 401.498 | 400.000,Defensa
2026-08-01,Moussa,Málaga,0 | 0 | 0 | 0 | 0 | +1.498,"0,00% | 0,00% | 0,00% | 0,00% | 0,00% | +0,37%",,22ddías,401.498,401.498 | 401.498 | 401.498 | 401.498 | 401.498 | 400.000,Defensa
2026-08-01,Merino,Málaga,-88.349 | -161.566 | -261.975 | -661.602 | -1.572.493 | -2.690.006,"-1,19% | -2,16% | -3,46% | -8,30% | -17,70% | -26,90%",,22ddías,7.309.994,7.398.343 | 7.471.560 | 7.571.969 | 7.971.596 | 8.882.487 | 10.000.000,Mediocampista
2026-08-01,Lorenzo,Málaga,+10.571 | -8.567 | -62.374 | -191.557 | -965.110 | -2.649.099,"+0,13% | -0,10% | -0,74% | -2,24% | -10,36% | -24,08%",,1ddías,8.350.901,8.340.330 | 8.359.468 | 8.413.275 | 8.542.458 | 9.316.011 | 11.000.000,Mediocampista
2026-08-01,Ochoa,Málaga,0 | 0 | 0 | 0 | 0 | +13.040,"0,00% | 0,00% | 0,00% | 0,00% | 0,00% | +0,37%",,22ddías,3.513.040,3.513.040 | 3.513.040 | 3.513.040 | 3.513.040 | 3.513.040 | 3.500.000,Mediocampista
2026-08-01,Jiménez,Racing,0 | 0 | 0 | 0 | 0 | +2.234,"0,00% | 0,00% | 0,00% | 0,00% | 0,00% | +0,37%",,22ddías,602.234,602.234 | 602.234 | 602.234 | 602.234 | 602.234 | 600.000,Portero
2026-08-01,Enríquez,Málaga,-24.660 | -51.617 | -78.873 | -175.993 | -405.146 | -918.707,"-2,23% | -4,56% | -6,80% | -14,00% | -27,26% | -45,94%",,26ddías,1.081.293,1.105.953 | 1.132.910 | 1.160.166 | 1.257.286 | 1.486.439 | 2.000.000,Mediocampista
2026-08-01,Juanpe,Málaga,0 | 0 | 0 | 0 | 0 | -18.069,"0,00% | 0,00% | 0,00% | 0,00% | 0,00% | -3,01%",,22ddías,581.931,581.931 | 581.931 | 581.931 | 581.931 | 581.931 | 600.000,Mediocampista
2026-08-01,Joaquín,Málaga,-151.820 | -315.327 | -454.557 | -1.172.710 | -2.644.455 | -5.280.023,"-1,71% | -3,49% | -4,95% | -11,85% | -23,27% | -37,71%",,26ddías,8.719.977,8.871.797 | 9.035.304 | 9.174.534 | 9.892.687 | 11.364.432 | 14.000.000,Delantero
2026-08-01,Lobete,Málaga,-28.348 | -57.253 | -80.628 | -199.433 | -441.486 | -901.523,"-2,52% | -4,95% | -6,84% | -15,37% | -28,67% | -45,08%",,26ddías,1.098.477,1.126.825 | 1.155.730 | 1.179.105 | 1.297.910 | 1.539.963 | 2.000.000,Delantero
2026-08-01,Jauregi,Málaga,0 | 0 | 0 | 0 | 0 | +5.774,"0,00% | 0,00% | 0,00% | 0,00% | 0,00% | +0,37%",,22ddías,1.555.774,1.555.774 | 1.555.774 | 1.555.774 | 1.555.774 | 1.555.774 | 1.550.000,Delantero
2026-08-01,Haitam,Málaga,-5.680 | -11.149 | -16.649 | -36.935 | -82.202 | -218.579,"-1,17% | -2,26% | -3,34% | -7,13% | -14,58% | -31,23%",,26ddías,481.421,487.101 | 492.570 | 498.070 | 518.356 | 563.623 | 700.000,Delantero
2026-08-01,Guliashvili,Racing,-102.854 | -204.305 | -310.147 | -766.537 | -1.695.942 | -3.275.640,"-3,09% | -5,96% | -8,77% | -19,21% | -34,47% | -50,39%",,26ddías,3.224.360,3.327.214 | 3.428.665 | 3.534.507 | 3.990.897 | 4.920.302 | 6.500.000,Delantero
2026-08-01,Santi Franco,Racing,0 | 0 | 0 | 0 | 0 | +2.606,"0,00% | 0,00% | 0,00% | 0,00% | 0,00% | +0,37%",,22ddías,702.606,702.606 | 702.606 | 702.606 | 702.606 | 702.606 | 700.000,Delantero
2026-08-01,Galilea,Málaga,0 | 0 | 0 | 0 | 0 | +15.932,"0,00% | 0,00% | 0,00% | 0,00% | 0,00% | +0,37%",,22ddías,4.265.932,4.265.932 | 4.265.932 | 4.265.932 | 4.265.932 | 4.265.932 | 4.250.000,Defensa
2026-08-01,Manuel Pellegrini,Betis,-252.835 | -511.014 | -773.127 | -1.983.909 | -16.108 | +2.269,"-3,48% | -6,80% | -9,94% | -22,08% | 0% | +0,03%",,8ddías,7.002.269,7.255.104 | 7.513.283 | 7.775.396 | 8.986.178 | 0 | 7.000.000,
2026-08-01,Carlos Corberán,Valencia,-26.049 | -52.737 | -80.338 | -198.634 | +67.919 | +70.280,"-2,61% | -5,16% | -7,65% | -16,99% | 0% | +7,81%",,8ddías,970.280,996.329 | 1.023.017 | 1.050.618 | 1.168.914 | 0 | 900.000,
2026-08-01,Luis García,Sevilla,-39.133 | -79.449 | -121.247 | +93.008 | +482.193 | +484.292,"-2,96% | -5,83% | -8,63% | +7,81% | 0% | +60,54%",,5ddías,1.284.292,1.323.425 | 1.363.741 | 1.405.539 | 1.191.284 | 0 | 800.000,
2026-08-01,Pellegrino Matarazzo,Real Sociedad,-256.039 | -512.656 | -782.116 | -791.698 | +1.640.733 | +1.653.859,"-3,71% | -7,15% | -10,52% | -10,63% | 0% | +33,08%",,6ddías,6.653.859,6.909.898 | 7.166.515 | 7.435.975 | 7.445.557 | 0 | 5.000.000,
2026-08-01,José Mourinho,Real Madrid,-898.895 | -1.827.922 | -2.477.510 | +6.418.207 | 0 | 0,"-3,77% | -7,39% | -9,75% | +38,89% | 0% | 0%",,3ddías,22.920.569,23.819.464 | 24.748.491 | 25.398.079 | 16.502.362 | 0 | 0,
2026-08-01,Beñat San José,Rayo,-103.900 | +154.399 | +392.667 | +1.193.278 | 0 | 0,"-3,73% | +6,12% | +17,18% | +80,34% | 0% | 0%",,1ddías,2.678.488,2.782.388 | 2.524.089 | 2.285.821 | 1.485.210 | 0 | 0,
2026-08-01,José Alberto López,Racing,-46.973 | -95.458 | -145.765 | +281.207 | +670.392 | +672.491,"-3,09% | -6,09% | -9,01% | +23,61% | 0% | +84,06%",,4ddías,1.472.491,1.519.464 | 1.567.949 | 1.618.256 | 1.191.284 | 0 | 800.000,
2026-08-01,Luis Miguel Ramis,Osasuna,-83.683 | -170.564 | +67.704 | +868.315 | 0 | 0,"-3,43% | -6,76% | +2,96% | +58,46% | 0% | 0%",,2ddías,2.353.525,2.437.208 | 2.524.089 | 2.285.821 | 1.485.210 | 0 | 0,
2026-08-01,Juan Funes,Málaga,-71.804 | -146.154 | -223.404 | +579.309 | +1.065.793 | +1.068.418,"-3,35% | -6,60% | -9,75% | +38,90% | 0% | +106,84%",,3ddías,2.068.418,2.140.222 | 2.214.572 | 2.291.822 | 1.489.109 | 0 | 1.000.000,
2026-08-01,Luis Castro,Levante,-70.639 | -143.776 | -219.762 | -193.191 | +536.535 | +540.472,"-3,35% | -6,58% | -9,72% | -8,65% | 0% | +36,03%",,6ddías,2.040.472,2.111.111 | 2.184.248 | 2.260.234 | 2.233.663 | 0 | 1.500.000,
2026-08-01,Pepe Bordalás,Getafe,+5.025.739 | +20.647.285 | +24.226.119 | +50.422.439 | +53.546.390 | +53.559.516,"+9,39% | +54,46% | +70,56% | +619,66% | 0% | +1.071,19%",,8ddías,58.559.516,53.533.777 | 37.912.231 | 34.333.397 | 8.137.077 | 0 | 5.000.000,
2026-08-01,Manolo González,Espanyol,-59.386 | -120.800 | -184.575 | -463.278 | +266.448 | +270.385,"-3,25% | -6,39% | -9,44% | -20,74% | 0% | +18,03%",,7ddías,1.770.385,1.829.771 | 1.891.185 | 1.954.960 | 2.233.663 | 0 | 1.500.000,
2026-08-01,Martín Anselmi,Elche,-103.900 | +154.399 | +392.667 | +1.193.278 | 0 | 0,"-3,73% | +6,12% | +17,18% | +80,34% | 0% | 0%",,1ddías,2.678.488,2.782.388 | 2.524.089 | 2.285.821 | 1.485.210 | 0 | 0,
2026-08-01,Antonio Hidalgo,Deportivo,-98.731 | -201.129 | -307.596 | +480.997 | +1.210.723 | +1.214.660,"-3,51% | -6,90% | -10,18% | +21,53% | 0% | +80,98%",,4ddías,2.714.660,2.813.391 | 2.915.789 | 3.022.256 | 2.233.663 | 0 | 1.500.000,
2026-08-01,Claudio Giráldez,Celta,-134.794 | -277.725 | -420.746 | -1.088.781 | -1.209.285 | -1.196.159,"-3,42% | -6,80% | -9,96% | -22,25% | 0% | -23,92%",,10ddías,3.803.841,3.938.635 | 4.081.566 | 4.224.587 | 4.892.622 | 0 | 5.000.000,
2026-08-01,Hansi Flick,Barcelona,-400.279 | -826.733 | -1.246.930 | -3.047.528 | -1.103.189 | -1.063.807,"-2,79% | -5,60% | -8,21% | -17,94% | 0% | -7,09%",,9ddías,13.936.193,14.336.472 | 14.762.926 | 15.183.123 | 16.983.721 | 0 | 15.000.000,
2026-08-01,Diego Diaz,Racing,0 | 0 | 0 | 0 | 0 | +2.234,"0,00% | 0,00% | 0,00% | 0,00% | 0,00% | +0,37%",,22ddías,602.234,602.234 | 602.234 | 602.234 | 602.234 | 602.234 | 600.000,Delantero
2026-08-01,Hartman,Espanyol,-237.153 | -500.131 | -773.523 | -1.795.239 | 0 | 0,"-2,05% | -4,23% | -6,40% | -13,69% | 0% | 0%",,10ddías,11.319.735,11.556.888 | 11.819.866 | 12.093.258 | 13.114.974 | 0 | 0,Defensa
2026-08-01,Santaella,Málaga,0 | 0 | 0 | 0 | 0 | +1.498,"0,00% | 0,00% | 0,00% | 0,00% | 0,00% | +0,37%",,18ddías,401.498,401.498 | 401.498 | 401.498 | 401.498 | 401.498 | 400.000,Defensa
2026-08-01,Vallecillo,Racing,0 | 0 | 0 | 0 | 0 | -22.060,"0,00% | 0,00% | 0,00% | 0,00% | 0,00% | -3,15%",,18ddías,677.940,677.940 | 677.940 | 677.940 | 677.940 | 677.940 | 700.000,Mediocampista
2026-08-01,Chupete,Málaga,+1.264.736 | +2.478.142 | +4.147.696 | +9.255.655 | +16.983.698 | 0,"+3,08% | +6,22% | +10,87% | +28,02% | +67,11% | 0%",,17ddías,42.290.587,41.025.851 | 39.812.445 | 38.142.891 | 33.034.932 | 25.306.889 | 0,Delantero
2026-08-01,Larrubia,Málaga,+1.565.285 | +2.754.888 | +4.484.186 | +9.692.460 | +16.449.841 | 0,"+3,64% | +6,59% | +11,18% | +27,79% | +58,49% | 0%",,16ddías,44.575.573,43.010.288 | 41.820.685 | 40.091.387 | 34.883.113 | 28.125.732 | 0,Mediocampista
2026-08-01,Yeremay,Deportivo,+1.384.141 | +3.154.978 | +4.988.936 | +12.962.284 | +23.742.029 | 0,"+2,65% | +6,26% | +10,27% | +31,92% | +79,60% | 0%",,14ddías,53.570.569,52.186.428 | 50.415.591 | 48.581.633 | 40.608.285 | 29.828.540 | 0,Delantero
2026-08-01,Dumfries,Real Madrid,+1.450.958 | +2.827.382 | +4.660.557 | +10.031.815 | +15.401.370 | 0,"+2,48% | +4,95% | +8,44% | +20,11% | +34,60% | 0%",,13ddías,59.912.983,58.462.025 | 57.085.601 | 55.252.426 | 49.881.168 | 44.511.613 | 0,Defensa
2026-08-01,Cucurella,Real Madrid,+3.017.199 | +5.794.554 | +8.690.859 | 0 | 0 | 0,"+5,54% | +11,21% | +17,80% | 0% | 0% | 0%",,4ddías,57.504.918,54.487.719 | 51.710.364 | 48.814.059 | 0 | 0 | 0,Defensa
2026-08-01,Diego Simeone,Atlético,-301.622 | -603.475 | -930.339 | -2.339.259 | -1.130.665 | -1.104.411,"-3,28% | -6,35% | -9,47% | -20,82% | 0% | -11,04%",,9ddías,8.895.589,9.197.211 | 9.499.064 | 9.825.928 | 11.234.848 | 0 | 10.000.000,
2026-08-01,Konaté,Real Madrid,+1.533.998 | +2.601.309 | +3.358.957 | 0 | 0 | 0,"+5,06% | +8,89% | +11,78% | 0% | 0% | 0%",,3ddías,31.871.076,30.337.078 | 29.269.767 | 28.512.119 | 0 | 0 | 0,Defensa
2026-08-01,Aubameyang,Deportivo,+1.165.009 | +2.073.856 | +1.660.238 | 0 | 0 | 0,"+8,89% | +17,00% | +13,16% | 0% | 0% | 0%",,2ddías,14.275.090,13.110.081 | 12.201.234 | 12.614.852 | 0 | 0 | 0,Delantero
2026-08-01,Calatrava,Espanyol,+18.920 | +19.030 | +15.756 | 0 | 0 | 0,"+0,59% | +0,59% | +0,49% | 0% | 0% | 0%",,2ddías,3.223.055,3.204.135 | 3.204.025 | 3.207.299 | 0 | 0 | 0,Delantero
2026-08-01,Hjulmand,Atlético,0 | 0 | 0 | 0 | 0 | 0,0% | 0% | 0% | 0% | 0% | 0%,,1ddías,35.093.399,0 | 0 | 0 | 0 | 0 | 0,Mediocampista
2026-08-01,Quique Sánchez,Alavés,-39.133 | -79.449 | -121.247 | +93.008 | +482.193 | +484.292,"-2,96% | -5,83% | -8,63% | +7,81% | 0% | +60,54%",,5ddías,1.284.292,1.323.425 | 1.363.741 | 1.405.539 | 1.191.284 | 0 | 800.000,
2026-08-01,Edin Terzic,Athletic,-568.279 | -1.160.765 | +268.850 | +5.072.533 | 0 | 0,"-3,91% | -7,66% | +1,96% | +56,92% | 0% | 0%",,2ddías,13.983.806,14.552.085 | 15.144.571 | 13.714.956 | 8.911.273 | 0 | 0,
2026-08-01,Dani Sánchez,Málaga,-22.371 | -46.228 | -67.765 | -174.448 | -403.622 | -995.890,"-2,18% | -4,40% | -6,32% | -14,80% | -28,67% | -49,79%",,26ddías,1.004.110,1.026.481 | 1.050.338 | 1.071.875 | 1.178.558 | 1.407.732 | 2.000.000,Defensa
2026-08-01,Rafa GarridoRafita,Málaga,0 | 0 | 0 | 0 | 0 | +18.744,"0,00% | 0,00% | 0,00% | 0,00% | 0,00% | +0,37%",,22ddías,5.018.744,5.018.744 | 5.018.744 | 5.018.744 | 5.018.744 | 5.018.744 | 5.000.000,Defensa
2026-08-01,Hierro,Athletic,0 | 0 | 0 | 0 | 0 | +2.257,"0,00% | 0,00% | 0,00% | 0,00% | 0,00% | +0,38%",,23ddías,602.257,602.257 | 602.257 | 602.257 | 602.257 | 602.257 | 600.000,Delantero
2026-08-01,Julio Díaz,Sevilla,+9.620 | +14.169 | +17.152 | +5.069 | -16.628 | -130.448,"+2,09% | +3,11% | +3,79% | +1,09% | -3,42% | -21,74%",,3ddías,469.552,459.932 | 455.383 | 452.400 | 464.483 | 486.180 | 600.000,Defensa
2026-08-01,Vargas,Atlético,-25.330 | -55.278 | -85.066 | -212.622 | -475.805 | -972.776,"-2,20% | -4,67% | -7,02% | -15,87% | -29,68% | -46,32%",,26ddías,1.127.224,1.152.554 | 1.182.502 | 1.212.290 | 1.339.846 | 1.603.029 | 2.100.000,Mediocampista
2026-08-01,Lookman,Atlético,+1.967.542 | +3.481.909 | +5.165.222 | +11.238.287 | +15.226.528 | +30.487.451,"+3,19% | +5,79% | +8,84% | +21,46% | +31,47% | 0%",,13ddías,63.608.716,61.641.174 | 60.126.807 | 58.443.494 | 52.370.429 | 48.382.188 | 0,Delantero
2026-08-01,Tete Morente,Elche,-71.331 | -143.243 | -213.162 | -552.164 | -1.270.893 | -2.752.499,"-2,53% | -4,96% | -7,20% | -16,73% | -31,63% | -50,05%",,26ddías,2.747.501,2.818.832 | 2.890.744 | 2.960.663 | 3.299.665 | 4.018.394 | 5.500.000,Delantero
2026-08-01,Fidalgo,Betis,-49.270 | -97.603 | -159.119 | -400.834 | -882.471 | -1.654.370,"-1,45% | -2,83% | -4,54% | -10,70% | -20,87% | -33,09%",,23ddías,3.345.630,3.394.900 | 3.443.233 | 3.504.749 | 3.746.464 | 4.228.101 | 5.000.000,Mediocampista
2026-08-01,Koski,Alavés,0 | 0 | 0 | 0 | 0 | +3.089,"0,00% | 0,00% | 0,00% | 0,00% | 0,00% | +0,39%",,23ddías,803.089,803.089 | 803.089 | 803.089 | 803.089 | 803.089 | 800.000,Defensa
2026-08-01,Freeman,Villarreal,-50.821 | -105.552 | -155.153 | -386.391 | -925.724 | -1.886.126,"-1,61% | -3,28% | -4,75% | -11,04% | -22,92% | -37,72%",,26ddías,3.113.874,3.164.695 | 3.219.426 | 3.269.027 | 3.500.265 | 4.039.598 | 5.000.000,Defensa
2026-08-01,Cepeda,Elche,-26.426 | -54.336 | -81.292 | -191.363 | -474.024 | -1.210.843,"-2,01% | -4,04% | -5,93% | -12,93% | -26,88% | -48,43%",,26ddías,1.289.157,1.315.583 | 1.343.493 | 1.370.449 | 1.480.520 | 1.763.181 | 2.500.000,Delantero
2026-08-01,Ángel Pérez,Alavés,-150.001 | -310.192 | -498.830 | -1.314.945 | -3.040.293 | -6.681.089,"-1,77% | -3,59% | -5,66% | -13,65% | -26,77% | -44,54%",,26ddías,8.318.911,8.468.912 | 8.629.103 | 8.817.741 | 9.633.856 | 11.359.204 | 15.000.000,Delantero
2026-08-01,Boselli,Getafe,0 | 0 | 0 | 0 | 0 | -106.001,"0,00% | 0,00% | 0,00% | 0,00% | 0,00% | -3,53%",,23ddías,2.893.999,2.893.999 | 2.893.999 | 2.893.999 | 2.893.999 | 2.893.999 | 3.000.000,Defensa
2026-08-01,Romero,Getafe,0 | 0 | 0 | 0 | 0 | +116.266,"0,00% | 0,00% | 0,00% | 0,00% | 0,00% | +0,39%",,23ddías,30.116.266,30.116.266 | 30.116.266 | 30.116.266 | 30.116.266 | 30.116.266 | 30.000.000,Defensa
2026-08-01,Mesonero,Real Madrid,0 | 0 | 0 | 0 | 0 | +2.606,"0,00% | 0,00% | 0,00% | 0,00% | 0,00% | +0,37%",,23ddías,702.606,702.606 | 702.606 | 702.606 | 702.606 | 702.606 | 700.000,Mediocampista
2026-08-01,A. Riquelme,Getafe,0 | 0 | 0 | 0 | 0 | +2.324,"0,00% | 0,00% | 0,00% | 0,00% | 0,00% | +0,39%",,23ddías,602.324,602.324 | 602.324 | 602.324 | 602.324 | 602.324 | 600.000,Mediocampista
2026-08-01,Álex Sánchez,Elche,0 | 0 | 0 | 0 | 0 | +2.324,"0,00% | 0,00% | 0,00% | 0,00% | 0,00% | +0,39%",,23ddías,602.324,602.324 | 602.324 | 602.324 | 602.324 | 602.324 | 600.000,Mediocampista
2026-08-01,Burcio,Celta,0 | 0 | 0 | 0 | 0 | +2.257,"0,00% | 0,00% | 0,00% | 0,00% | 0,00% | +0,38%",,23ddías,602.257,602.257 | 602.257 | 602.257 | 602.257 | 602.257 | 600.000,Mediocampista
2026-08-01,Palacios,Real Madrid,0 | 0 | 0 | 0 | 0 | +2.979,"0,00% | 0,00% | 0,00% | 0,00% | 0,00% | +0,37%",,23ddías,802.979,802.979 | 802.979 | 802.979 | 802.979 | 802.979 | 800.000,Mediocampista
2026-08-01,Sangaré,Elche,0 | 0 | 0 | 0 | 0 | +15.501,"0,00% | 0,00% | 0,00% | 0,00% | 0,00% | +0,39%",,23ddías,4.015.501,4.015.501 | 4.015.501 | 4.015.501 | 4.015.501 | 4.015.501 | 4.000.000,Defensa
2026-08-01,Montes,Getafe,0 | 0 | 0 | 0 | 0 | +2.319,"0,00% | 0,00% | 0,00% | 0,00% | 0,00% | +0,39%",,23ddías,602.319,602.319 | 602.319 | 602.319 | 602.319 | 602.319 | 600.000,Defensa
2026-08-01,Dani Martínez,Atlético,-4.398 | -8.532 | -12.641 | -20.484 | -50.134 | -149.344,"-0,97% | -1,86% | -2,73% | -4,35% | -10,01% | -24,89%",,6ddías,450.656,455.054 | 459.188 | 463.297 | 471.140 | 500.790 | 600.000,Defensa
2026-08-01,Boñar,Atlético,-6.344 | -12.507 | -18.729 | -38.761 | -89.914 | -202.609,"-1,26% | -2,45% | -3,63% | -7,23% | -15,31% | -28,94%",,20ddías,497.391,503.735 | 509.898 | 516.120 | 536.152 | 587.305 | 700.000,Defensa
2026-08-01,Puric,Atlético,-5.675 | -11.139 | -16.633 | -36.897 | -82.113 | -218.697,"-1,17% | -2,26% | -3,34% | -7,12% | -14,57% | -31,24%",,26ddías,481.303,486.978 | 492.442 | 497.936 | 518.200 | 563.416 | 700.000,Defensa
2026-08-01,Marqués,Barcelona,0 | 0 | 0 | 0 | 0 | +2.319,"0,00% | 0,00% | 0,00% | 0,00% | 0,00% | +0,39%",,23ddías,602.319,602.319 | 602.319 | 602.319 | 602.319 | 602.319 | 600.000,Defensa
2026-08-01,Arcos,Celta,0 | 0 | 0 | 0 | 0 | +2.257,"0,00% | 0,00% | 0,00% | 0,00% | 0,00% | +0,38%",,23ddías,602.257,602.257 | 602.257 | 602.257 | 602.257 | 602.257 | 600.000,Mediocampista
2026-08-01,Cestero,Real Madrid,0 | 0 | 0 | 0 | 0 | +2.234,"0,00% | 0,00% | 0,00% | 0,00% | 0,00% | +0,37%",,23ddías,602.234,602.234 | 602.234 | 602.234 | 602.234 | 602.234 | 600.000,Mediocampista
2026-08-01,Ferran,Espanyol,0 | 0 | 0 | 0 | 0 | +2.248,"0,00% | 0,00% | 0,00% | 0,00% | 0,00% | +0,37%",,23ddías,602.248,602.248 | 602.248 | 602.248 | 602.248 | 602.248 | 600.000,Mediocampista
2026-08-01,Manuel Ángel,Real Madrid,0 | 0 | 0 | 0 | 0 | +2.606,"0,00% | 0,00% | 0,00% | 0,00% | 0,00% | +0,37%",,23ddías,702.606,702.606 | 702.606 | 702.606 | 702.606 | 702.606 | 700.000,Mediocampista
2026-08-01,Tunde,Levante,0 | 0 | 0 | 0 | 0 | +31.892,"0,00% | 0,00% | 0,00% | 0,00% | 0,00% | +0,38%",,23ddías,8.531.892,8.531.892 | 8.531.892 | 8.531.892 | 8.531.892 | 8.531.892 | 8.500.000,Mediocampista
2026-08-01,Kita,R. Sociedad B,0 | 0 | 0 | 0 | 0 | +2.234,"0,00% | 0,00% | 0,00% | 0,00% | 0,00% | +0,37%",,23ddías,602.234,602.234 | 602.234 | 602.234 | 602.234 | 602.234 | 600.000,Defensa
2026-08-01,Astiazaran,R. Sociedad B,0 | 0 | 0 | 0 | 0 | +2.257,"0,00% | 0,00% | 0,00% | 0,00% | 0,00% | +0,38%",,23ddías,602.257,602.257 | 602.257 | 602.257 | 602.257 | 602.257 | 600.000,Mediocampista
2026-08-01,Aguirre,R. Sociedad B,0 | 0 | 0 | 0 | 0 | +2.257,"0,00% | 0,00% | 0,00% | 0,00% | 0,00% | +0,38%",,23ddías,602.257,602.257 | 602.257 | 602.257 | 602.257 | 602.257 | 600.000,Mediocampista
2026-08-01,Fontanet,Valencia,0 | 0 | 0 | 0 | 0 | -18.013,"0,00% | 0,00% | 0,00% | 0,00% | 0,00% | -3,00%",,23ddías,581.987,581.987 | 581.987 | 581.987 | 581.987 | 581.987 | 600.000,Defensa
2026-08-01,Gaitán,Villarreal,0 | 0 | 0 | 0 | 0 | +2.292,"0,00% | 0,00% | 0,00% | 0,00% | 0,00% | +0,38%",,23ddías,602.292,602.292 | 602.292 | 602.292 | 602.292 | 602.292 | 600.000,Mediocampista
2026-08-01,Vecino,Celta,-85.299 | -172.285 | -264.998 | -648.289 | -1.449.380 | -3.050.956,"-2,81% | -5,52% | -8,25% | -18,02% | -32,95% | -50,85%",,26ddías,2.949.044,3.034.343 | 3.121.329 | 3.214.042 | 3.597.333 | 4.398.424 | 6.000.000,Mediocampista
2026-08-01,Lamini Fati,Real Madrid,0 | 0 | 0 | 0 | 0 | -22.045,"0,00% | 0,00% | 0,00% | 0,00% | 0,00% | -3,15%",,23ddías,677.955,677.955 | 677.955 | 677.955 | 677.955 | 677.955 | 700.000,Defensa
2026-08-01,Murillo,Málaga,-94.245 | -189.371 | -288.569 | -707.839 | -1.557.109 | -2.831.351,"-2,89% | -5,64% | -8,35% | -18,26% | -32,95% | -47,19%",,26ddías,3.168.649,3.262.894 | 3.358.020 | 3.457.218 | 3.876.488 | 4.725.758 | 6.000.000,Defensa
2026-08-01,Luismi,Deportivo,-129.244 | -281.747 | -428.538 | -990.271 | -2.009.328 | -2.298.108,"-1,89% | -4,03% | -6,01% | -12,87% | -23,07% | -25,53%",,21ddías,6.701.892,6.831.136 | 6.983.639 | 7.130.430 | 7.692.163 | 8.711.220 | 9.000.000,Delantero
2026-08-01,Rubén López,Deportivo,0 | 0 | 0 | 0 | 0 | +1.880,"0,00% | 0,00% | 0,00% | 0,00% | 0,00% | +0,38%",,23ddías,501.880,501.880 | 501.880 | 501.880 | 501.880 | 501.880 | 500.000,Mediocampista
2026-08-01,Villares,Deportivo,-83.345 | -167.959 | -251.140 | -622.034 | -1.387.816 | -2.647.365,"-2,43% | -4,77% | -6,97% | -15,65% | -29,28% | -44,12%",,26ddías,3.352.635,3.435.980 | 3.520.594 | 3.603.775 | 3.974.669 | 4.740.451 | 6.000.000,Mediocampista
2026-08-01,Jurado,Deportivo,-41.998 | -83.837 | -127.930 | -317.816 | -726.462 | -1.519.928,"-2,76% | -5,36% | -7,96% | -17,68% | -32,92% | -50,66%",,26ddías,1.480.072,1.522.070 | 1.563.909 | 1.608.002 | 1.797.888 | 2.206.534 | 3.000.000,Mediocampista
2026-08-01,Mella,Deportivo,-40.313 | -102.108 | -152.345 | -380.251 | -873.724 | -546.651,"-1,15% | -2,87% | -4,23% | -9,92% | -20,19% | -13,67%",,16ddías,3.453.349,3.493.662 | 3.555.457 | 3.605.694 | 3.833.600 | 4.327.073 | 4.000.000,Mediocampista
2026-08-01,Mario,Deportivo,+271.571 | +549.564 | +933.988 | +2.334.979 | +3.848.314 | +5.858.562,"+1,32% | +2,71% | +4,69% | +12,61% | +22,62% | +39,06%",,25ddías,20.858.562,20.586.991 | 20.308.998 | 19.924.574 | 18.523.583 | 17.010.248 | 15.000.000,Mediocampista
2026-08-01,Patino,Deportivo,-12.102 | -24.262 | -36.731 | -87.923 | -201.042 | -464.428,"-1,87% | -3,68% | -5,46% | -12,15% | -24,03% | -42,22%",,26ddías,635.572,647.674 | 659.834 | 672.303 | 723.495 | 836.614 | 1.100.000,Mediocampista
2026-08-01,Bil Nsongo,Deportivo,0 | 0 | 0 | 0 | 0 | +24.473,"0,00% | 0,00% | 0,00% | 0,00% | 0,00% | +0,38%",,23ddías,6.524.473,6.524.473 | 6.524.473 | 6.524.473 | 6.524.473 | 6.524.473 | 6.500.000,Delantero
2026-08-01,Noé Carrillo,Deportivo,0 | 0 | 0 | 0 | 0 | +2.633,"0,00% | 0,00% | 0,00% | 0,00% | 0,00% | +0,38%",,23ddías,702.633,702.633 | 702.633 | 702.633 | 702.633 | 702.633 | 700.000,Mediocampista
2026-08-01,Eddahchouri,Deportivo,-52.032 | -108.992 | -147.453 | -333.537 | -738.993 | -1.552.647,"-2,08% | -4,26% | -5,68% | -11,99% | -23,19% | -38,82%",,26ddías,2.447.353,2.499.385 | 2.556.345 | 2.594.806 | 2.780.890 | 3.186.346 | 4.000.000,Delantero
2026-08-01,Osorio,Elche,0 | 0 | 0 | 0 | 0 | +5.425,"0,00% | 0,00% | 0,00% | 0,00% | 0,00% | +0,39%",,22ddías,1.405.425,1.405.425 | 1.405.425 | 1.405.425 | 1.405.425 | 1.405.425 | 1.400.000,Delantero
2026-08-01,Herrero,Málaga,+17.267 | +170.933 | +406.358 | +851.221 | +792.071 | +1.151.638,"+0,24% | +2,45% | +6,02% | +13,51% | +12,45% | +19,19%",,10ddías,7.151.638,7.134.371 | 6.980.705 | 6.745.280 | 6.300.417 | 6.359.567 | 6.000.000,Portero
2026-08-01,Carlos López,Málaga,-2.891 | +1.861 | -407 | -5.044 | -18.411 | -83.128,"-0,69% | +0,45% | -0,10% | -1,20% | -4,23% | -16,63%",,1ddías,416.872,419.763 | 415.011 | 417.279 | 421.916 | 435.283 | 500.000,Portero
2026-08-01,Céspedes,Málaga,0 | 0 | 0 | 0 | 0 | +1.498,"0,00% | 0,00% | 0,00% | 0,00% | 0,00% | +0,37%",,22ddías,401.498,401.498 | 401.498 | 401.498 | 401.498 | 401.498 | 400.000,Portero
2026-08-01,Puga,Málaga,-99.063 | -238.032 | -375.191 | -811.821 | -1.585.278 | -2.785.842,"-1,57% | -3,69% | -5,69% | -11,55% | -20,33% | -30,95%",,21ddías,6.214.158,6.313.221 | 6.452.190 | 6.589.349 | 7.025.979 | 7.799.436 | 9.000.000,Defensa
2026-08-01,Riki,Deportivo,-92.143 | -92.143 | -92.143 | -92.143 | -92.143 | -86.497,"-6,12% | -6,12% | -6,12% | -6,12% | -6,12% | -5,77%",,1ddías,1.413.503,1.505.646 | 1.505.646 | 1.505.646 | 1.505.646 | 1.505.646 | 1.500.000,Mediocampista
2026-08-01,Pablo García,Deportivo,-6.277 | -12.370 | -18.519 | -22.422 | -67.638 | -204.222,"-1,25% | -2,43% | -3,60% | -4,33% | -12,00% | -29,17%",,4ddías,495.778,502.055 | 508.148 | 514.297 | 518.200 | 563.416 | 700.000,Defensa
2026-08-01,Antañón,Celta,0 | 0 | 0 | 0 | 0 | -18.300,"0,00% | 0,00% | 0,00% | 0,00% | 0,00% | -3,05%",,23ddías,581.700,581.700 | 581.700 | 581.700 | 581.700 | 581.700 | 600.000,Mediocampista
2026-08-01,Quagliata,Deportivo,+28.224 | +37.099 | +46.804 | +8.422 | -278.770 | -1.094.874,"+0,98% | +1,29% | +1,64% | +0,29% | -8,76% | -27,37%",,3ddías,2.905.126,2.876.902 | 2.868.027 | 2.858.322 | 2.896.704 | 3.183.896 | 4.000.000,Defensa
2026-08-01,Ochieng,Real Sociedad,0 | 0 | 0 | 0 | 0 | +2.633,"0,00% | 0,00% | 0,00% | 0,00% | 0,00% | +0,38%",,23ddías,702.633,702.633 | 702.633 | 702.633 | 702.633 | 702.633 | 700.000,Mediocampista
2026-08-01,Morcillo,Atlético,0 | 0 | 0 | 0 | 0 | +2.702,"0,00% | 0,00% | 0,00% | 0,00% | 0,00% | +0,39%",,23ddías,702.702,702.702 | 702.702 | 702.702 | 702.702 | 702.702 | 700.000,Mediocampista
2026-08-01,Cubo,Atlético,0 | 0 | 0 | 0 | 0 | +2.316,"0,00% | 0,00% | 0,00% | 0,00% | 0,00% | +0,39%",,23ddías,602.316,602.316 | 602.316 | 602.316 | 602.316 | 602.316 | 600.000,Delantero
2026-08-01,Hugo Ríos,Deportivo,0 | 0 | 0 | 0 | 0 | +3.386,"0,00% | 0,00% | 0,00% | 0,00% | 0,00% | +0,38%",,23ddías,903.386,903.386 | 903.386 | 903.386 | 903.386 | 903.386 | 900.000,Portero
2026-08-01,Puerto,Deportivo,-1.161 | -1.923 | -2.519 | -1.063 | +1.407 | -27.029,"-0,31% | -0,51% | -0,67% | -0,28% | +0,38% | -6,76%",,4ddías,372.971,374.132 | 374.894 | 375.490 | 374.034 | 371.564 | 400.000,Portero
2026-08-01,Germán Parreño,Deportivo,0 | 0 | 0 | 0 | 0 | +2.633,"0,00% | 0,00% | 0,00% | 0,00% | 0,00% | +0,38%",,23ddías,702.633,702.633 | 702.633 | 702.633 | 702.633 | 702.633 | 700.000,Portero
2026-08-01,Loureiro,Deportivo,-31.579 | -63.310 | -93.159 | -240.745 | -679.151 | -662.208,"-0,82% | -1,62% | -2,37% | -5,90% | -15,04% | -14,72%",,11ddías,3.837.792,3.869.371 | 3.901.102 | 3.930.951 | 4.078.537 | 4.516.943 | 4.500.000,Defensa
2026-08-01,Ximo,Deportivo,-430.807 | -430.807 | -430.807 | -430.807 | -430.807 | -406.334,"-6,60% | -6,60% | -6,60% | -6,60% | -6,60% | -6,25%",,1ddías,6.093.666,6.524.473 | 6.524.473 | 6.524.473 | 6.524.473 | 6.524.473 | 6.500.000,Defensa
2026-08-01,Teijo,Deportivo,0 | 0 | 0 | 0 | 0 | +2.257,"0,00% | 0,00% | 0,00% | 0,00% | 0,00% | +0,38%",,23ddías,602.257,602.257 | 602.257 | 602.257 | 602.257 | 602.257 | 600.000,Defensa
2026-08-01,Canedo,Deportivo,0 | 0 | 0 | 0 | 0 | +2.257,"0,00% | 0,00% | 0,00% | 0,00% | 0,00% | +0,38%",,23ddías,602.257,602.257 | 602.257 | 602.257 | 602.257 | 602.257 | 600.000,Defensa
2026-08-01,Samu Fernández,Deportivo,0 | 0 | 0 | 0 | 0 | +2.633,"0,00% | 0,00% | 0,00% | 0,00% | 0,00% | +0,38%",,23ddías,702.633,702.633 | 702.633 | 702.633 | 702.633 | 702.633 | 700.000,Defensa
2026-08-01,Noubi,Deportivo,+283.336 | +518.580 | +706.146 | +1.170.791 | +931.164 | +1.564.498,"+3,23% | +6,07% | +8,45% | +14,83% | +11,45% | +20,86%",,8ddías,9.064.498,8.781.162 | 8.545.918 | 8.358.352 | 7.893.707 | 8.133.334 | 7.500.000,Defensa
2026-08-01,Comas,Deportivo,-26.476 | -52.546 | -77.151 | -197.523 | -455.363 | -996.556,"-2,57% | -4,98% | -7,14% | -16,45% | -31,21% | -49,83%",,26ddías,1.003.444,1.029.920 | 1.055.990 | 1.080.595 | 1.200.967 | 1.458.807 | 2.000.000,Defensa
2026-08-01,Barcia,Deportivo,-36.205 | -78.486 | -117.033 | -274.199 | -617.380 | -1.241.414,"-2,02% | -4,27% | -6,24% | -13,49% | -25,98% | -41,38%",,26ddías,1.758.586,1.794.791 | 1.837.072 | 1.875.619 | 2.032.785 | 2.375.966 | 3.000.000,Defensa
2026-08-01,Valou,Getafe,0 | 0 | 0 | 0 | 0 | +2.292,"0,00% | 0,00% | 0,00% | 0,00% | 0,00% | +0,38%",,23ddías,602.292,602.292 | 602.292 | 602.292 | 602.292 | 602.292 | 600.000,Defensa
2026-08-01,Iván Romero,Levante,-43.674 | -70.282 | -90.431 | -346.864 | -797.413 | -1.426.360,"-0,61% | -0,98% | -1,26% | -4,67% | -10,13% | -16,78%",,15ddías,7.073.640,7.117.314 | 7.143.922 | 7.164.071 | 7.420.504 | 7.871.053 | 8.500.000,Delantero
2026-08-01,Román,Celta,-73.710 | -166.962 | -259.682 | -692.036 | -1.524.360 | -3.132.401,"-1,35% | -3,02% | -4,61% | -11,42% | -22,12% | -36,85%",,26ddías,5.367.599,5.441.309 | 5.534.561 | 5.627.281 | 6.059.635 | 6.891.959 | 8.500.000,Mediocampista
2026-08-01,Kike Barja,Osasuna,0 | 0 | 0 | 0 | 0 | +10.828,"0,00% | 0,00% | 0,00% | 0,00% | 0,00% | +0,39%",,23ddías,2.810.828,2.810.828 | 2.810.828 | 2.810.828 | 2.810.828 | 2.810.828 | 2.800.000,Delantero
2026-08-01,Nteka,Rayo,-38.273 | -78.933 | -116.888 | -285.752 | -654.850 | -1.334.122,"-2,25% | -4,52% | -6,56% | -14,64% | -28,22% | -44,47%",,26ddías,1.665.878,1.704.151 | 1.744.811 | 1.782.766 | 1.951.630 | 2.320.728 | 3.000.000,Delantero
2026-08-01,Isi,Rayo,-477.075 | -992.863 | -1.436.765 | -3.052.429 | -96.770 | +4.380.703,"-2,40% | -4,87% | -6,90% | -13,61% | -0,50% | +29,20%",,7ddías,19.380.703,19.857.778 | 20.373.566 | 20.817.468 | 22.433.132 | 19.477.473 | 15.000.000,Delantero
2026-08-01,Pep Chavarría,Rayo,+400.408 | +681.428 | +1.001.598 | +2.367.639 | +4.664.841 | +6.956.281,"+2,16% | +3,73% | +5,58% | +14,27% | +32,64% | +57,97%",,25ddías,18.956.281,18.555.873 | 18.274.853 | 17.954.683 | 16.588.642 | 14.291.440 | 12.000.000,Defensa
2026-08-01,Ratiu,Rayo,-667.248 | -1.421.546 | -2.168.337 | -5.577.438 | -20.345.314 | -20.345.314,"-1,68% | -3,51% | -5,26% | -12,50% | 0% | 0%",,12ddías,39.038.663,39.705.911 | 40.460.209 | 41.207.000 | 44.616.101 | 0 | 0,Defensa
2026-08-01,Dimitrievski,Valencia,0 | 0 | 0 | 0 | 0 | +45.877,"0,00% | 0,00% | 0,00% | 0,00% | 0,00% | +0,38%",,23ddías,12.045.877,12.045.877 | 12.045.877 | 12.045.877 | 12.045.877 | 12.045.877 | 12.000.000,Portero
2026-08-01,Iker Muñoz,Osasuna,-35.886 | -75.482 | -118.014 | -308.912 | -715.070 | -1.547.112,"-2,12% | -4,37% | -6,66% | -15,75% | -30,20% | -48,35%",,26ddías,1.652.888,1.688.774 | 1.728.370 | 1.770.902 | 1.961.800 | 2.367.958 | 3.200.000,Mediocampista
2026-08-01,Herrando,Osasuna,-52.248 | -114.228 | -171.452 | -434.933 | -1.015.514 | -2.216.358,"-2,24% | -4,76% | -6,98% | -16,00% | -30,78% | -49,25%",,26ddías,2.283.642,2.335.890 | 2.397.870 | 2.455.094 | 2.718.575 | 3.299.156 | 4.500.000,Defensa
2026-08-01,Catena,Osasuna,-463.165 | -747.989 | -745.440 | +1.363.094 | +5.701.622 | +10.160.963,"-1,14% | -1,83% | -1,82% | +3,51% | +16,55% | +33,87%",,2ddías,40.160.963,40.624.128 | 40.908.952 | 40.906.403 | 38.797.869 | 34.459.341 | 30.000.000,Defensa
2026-08-01,Ibáñez,Alavés,-52.454 | -107.442 | -172.009 | -444.554 | -1.136.159 | -2.501.158,"-1,48% | -2,98% | -4,69% | -11,27% | -24,51% | -41,69%",,26ddías,3.498.842,3.551.296 | 3.606.284 | 3.670.851 | 3.943.396 | 4.635.001 | 6.000.000,Mediocampista
2026-08-01,Budimir,Osasuna,-548.945 | -1.248.769 | -1.988.589 | -5.015.637 | +10.254.076 | +10.254.076,"-1,11% | -2,49% | -3,90% | -9,29% | 0% | 0%",,12ddías,48.978.874,49.527.819 | 50.227.643 | 50.967.463 | 53.994.511 | 0 | 0,Delantero
2026-08-01,Moi Gómez,Osasuna,-61.827 | -123.606 | -189.296 | -452.922 | -1.025.458 | -2.352.526,"-2,28% | -4,46% | -6,67% | -14,61% | -27,92% | -47,05%",,26ddías,2.647.474,2.709.301 | 2.771.080 | 2.836.770 | 3.100.396 | 3.672.932 | 5.000.000,Mediocampista
2026-08-01,Rubén GarcíaRubén G.,Osasuna,-166.782 | -340.295 | -454.181 | -1.084.318 | -2.285.152 | -4.079.041,"-1,18% | -2,39% | -3,16% | -7,23% | -14,10% | -22,66%",,23ddías,13.920.959,14.087.741 | 14.261.254 | 14.375.140 | 15.005.277 | 16.206.111 | 18.000.000,Mediocampista
2026-08-01,Aitor,Osasuna,-10.495 | -20.980 | -31.704 | -75.160 | -171.292 | -403.019,"-1,73% | -3,40% | -5,04% | -11,18% | -22,30% | -40,30%",,26ddías,596.981,607.476 | 617.961 | 628.685 | 672.141 | 768.273 | 1.000.000,Portero
2026-08-01,Areso,Athletic,-21.206 | -61.026 | -86.822 | -245.430 | -594.801 | -1.317.433,"-0,88% | -2,50% | -3,52% | -9,34% | -19,98% | -35,61%",,26ddías,2.382.567,2.403.773 | 2.443.593 | 2.469.389 | 2.627.997 | 2.977.368 | 3.700.000,Defensa
2026-08-01,Oroz,Osasuna,-292.188 | -630.736 | -957.718 | -2.106.723 | -3.261.797 | -4.757.265,"-1,88% | -3,97% | -5,91% | -12,14% | -17,63% | -23,79%",,23ddías,15.242.735,15.534.923 | 15.873.471 | 16.200.453 | 17.349.458 | 18.504.532 | 20.000.000,Mediocampista
2026-08-01,Unai López,Rayo,-44.463 | -73.258 | -61.952 | -90.835 | -283.052 | -961.288,"-0,73% | -1,20% | -1,02% | -1,48% | -4,48% | -13,73%",,2ddías,6.038.712,6.083.175 | 6.111.970 | 6.100.664 | 6.129.547 | 6.321.764 | 7.000.000,Mediocampista
2026-08-01,Villar,Elche,0 | 0 | 0 | 0 | 0 | +27.127,"0,00% | 0,00% | 0,00% | 0,00% | 0,00% | +0,39%",,23ddías,7.027.127,7.027.127 | 7.027.127 | 7.027.127 | 7.027.127 | 7.027.127 | 7.000.000,Mediocampista
2026-08-01,Mayoral,Getafe,-37.782 | -74.244 | -124.425 | -309.669 | -671.102 | -1.400.625,"-1,13% | -2,20% | -3,63% | -8,58% | -16,90% | -29,80%",,26ddías,3.299.375,3.337.157 | 3.373.619 | 3.423.800 | 3.609.044 | 3.970.477 | 4.700.000,Delantero
2026-08-01,Iglesias,Sevilla,0 | 0 | 0 | 0 | 0 | +48.352,"0,00% | 0,00% | 0,00% | 0,00% | 0,00% | +0,39%",,23ddías,12.548.352,12.548.352 | 12.548.352 | 12.548.352 | 12.548.352 | 12.548.352 | 12.500.000,Defensa
2026-08-01,Herrera,Real Sociedad,-60.619 | -131.674 | -204.619 | -518.072 | -1.232.763 | -2.331.722,"-1,63% | -3,47% | -5,28% | -12,38% | -25,15% | -38,86%",,23ddías,3.668.278,3.728.897 | 3.799.952 | 3.872.897 | 4.186.350 | 4.901.041 | 6.000.000,Mediocampista
2026-08-01,Eric Garcia,Barcelona,-3.922.017 | -3.922.017 | -3.922.017 | -3.922.017 | -3.922.017 | -3.693.785,"-6,62% | -6,62% | -6,62% | -6,62% | -6,62% | -6,26%",,1ddías,55.306.215,59.228.232 | 59.228.232 | 59.228.232 | 59.228.232 | 59.228.232 | 59.000.000,Defensa
2026-08-01,Boyé,Alavés,-152.265 | -313.531 | -478.663 | -1.294.339 | -3.102.351 | -5.042.943,"-1,01% | -2,05% | -3,10% | -7,96% | -17,18% | -25,21%",,22ddías,14.957.057,15.109.322 | 15.270.588 | 15.435.720 | 16.251.396 | 18.059.408 | 20.000.000,Delantero
2026-08-01,Miguel Ángel RubioMiguel Rubio,Espanyol,-16.423 | -33.084 | -50.241 | -122.223 | -280.988 | -660.730,"-2,17% | -4,28% | -6,36% | -14,19% | -27,54% | -47,20%",,26ddías,739.270,755.693 | 772.354 | 789.511 | 861.493 | 1.020.258 | 1.400.000,Defensa
2026-08-01,S. Cardona,Villarreal,-25.837 | -71.274 | -93.454 | -222.100 | -586.537 | -479.058,"-0,50% | -1,37% | -1,79% | -4,16% | -10,28% | -8,55%",,19ddías,5.120.942,5.146.779 | 5.192.216 | 5.214.396 | 5.343.042 | 5.707.479 | 5.600.000,Defensa
2026-08-01,Moncayola,Osasuna,+52.274 | +54.883 | +62.306 | -8.791 | -219.665 | -429.137,"+0,95% | +0,99% | +1,13% | -0,16% | -3,79% | -7,15%",,4ddías,5.570.863,5.518.589 | 5.515.980 | 5.508.557 | 5.579.654 | 5.790.528 | 6.000.000,Mediocampista
2026-08-01,Javi Muñoz,Getafe,-20.427 | -41.259 | -62.760 | -154.006 | -350.238 | -764.641,"-2,39% | -4,71% | -6,99% | -15,57% | -29,54% | -47,79%",,26ddías,835.359,855.786 | 876.618 | 898.119 | 989.365 | 1.185.597 | 1.600.000,Mediocampista
2026-08-01,Moleiro,Villarreal,-389.525 | -921.123 | -1.666.029 | -4.995.466 | -38.638.719 | -38.638.719,"-0,67% | -1,58% | -2,82% | -8,00% | 0% | 0%",,11ddías,57.421.749,57.811.274 | 58.342.872 | 59.087.778 | 62.417.215 | 0 | 0,Mediocampista
2026-08-01,Valles,Betis,+957.669 | +1.707.657 | +2.527.413 | +4.705.901 | +7.662.126 | +11.160.177,"+4,74% | +8,78% | +13,56% | +28,60% | +56,76% | +111,60%",,25ddías,21.160.177,20.202.508 | 19.452.520 | 18.632.764 | 16.454.276 | 13.498.051 | 10.000.000,Portero
2026-08-01,Copete,Valencia,-101.140 | -203.089 | -308.314 | -753.449 | -1.695.793 | -2.954.011,"-3,21% | -6,25% | -9,19% | -19,83% | -35,76% | -49,23%",,26ddías,3.045.989,3.147.129 | 3.249.078 | 3.354.303 | 3.799.438 | 4.741.782 | 6.000.000,Defensa
2026-08-01,Herrera,Osasuna,+957.960 | +1.952.372 | +2.828.959 | +5.758.765 | +9.936.249 | +15.485.973,"+3,14% | +6,61% | +9,87% | +22,38% | +46,11% | +96,79%",,24ddías,31.485.973,30.528.013 | 29.533.601 | 28.657.014 | 25.727.208 | 21.549.724 | 16.000.000,Portero
2026-08-01,Torró,Osasuna,-39.462 | -75.532 | -119.992 | -279.880 | -693.167 | -1.366.537,"-1,37% | -2,60% | -4,06% | -8,99% | -19,66% | -32,54%",,22ddías,2.833.463,2.872.925 | 2.908.995 | 2.953.455 | 3.113.343 | 3.526.630 | 4.200.000,Mediocampista
2026-08-01,Cárdenas,Rayo,-14.077 | -29.479 | -43.803 | -116.250 | -278.627 | -643.834,"-1,83% | -3,75% | -5,48% | -13,33% | -26,93% | -45,99%",,26ddías,756.166,770.243 | 785.645 | 799.969 | 872.416 | 1.034.793 | 1.400.000,Portero
2026-08-01,Álvaro García,Rayo,+185.331 | +351.150 | +517.413 | +1.216.518 | +1.980.136 | +3.515.993,"+1,21% | +2,32% | +3,45% | +8,51% | +14,63% | +29,30%",,10ddías,15.515.993,15.330.662 | 15.164.843 | 14.998.580 | 14.299.475 | 13.535.857 | 12.000.000,Mediocampista
2026-08-01,Carmona,Sevilla,-70.772 | -136.287 | -194.231 | -442.047 | -992.305 | -1.139.016,"-1,44% | -2,73% | -3,84% | -8,34% | -16,95% | -18,98%",,21ddías,4.860.984,4.931.756 | 4.997.271 | 5.055.215 | 5.303.031 | 5.853.289 | 6.000.000,Defensa
2026-08-01,Rüdiger,Real Madrid,-336.510 | -792.374 | -1.260.307 | -2.919.910 | -6.516.392 | -9.838.623,"-1,07% | -2,49% | -3,90% | -8,59% | -17,34% | -24,06%",,23ddías,31.061.377,31.397.887 | 31.853.751 | 32.321.684 | 33.981.287 | 37.577.769 | 40.900.000,Defensa
2026-08-01,Pacheco,Real Sociedad,0 | 0 | 0 | 0 | 0 | +15.452,"0,00% | 0,00% | 0,00% | 0,00% | 0,00% | +0,39%",,23ddías,4.015.452,4.015.452 | 4.015.452 | 4.015.452 | 4.015.452 | 4.015.452 | 4.000.000,Defensa
2026-08-01,Sadiq,Valencia,-300.365 | -609.950 | -937.151 | -1.978.211 | -3.531.945 | -6.193.498,"-2,97% | -5,86% | -8,72% | -16,79% | -26,48% | -38,71%",,24ddías,9.806.502,10.106.867 | 10.416.452 | 10.743.653 | 11.784.713 | 13.338.447 | 16.000.000,Delantero
2026-08-01,Olasagasti,Levante,-18.578 | -40.107 | -79.966 | -348.658 | -1.032.320 | -2.315.288,"-0,50% | -1,08% | -2,12% | -8,64% | -21,88% | -38,59%",,26ddías,3.684.712,3.703.290 | 3.724.819 | 3.764.678 | 4.033.370 | 4.717.032 | 6.000.000,Mediocampista
2026-08-01,Kubo,Real Sociedad,-494.863 | -1.064.374 | -1.615.707 | -3.949.665 | -8.169.312 | -4.212.200,"-1,88% | -3,95% | -5,87% | -13,24% | -23,99% | -13,99%",,15ddías,25.887.800,26.382.663 | 26.952.174 | 27.503.507 | 29.837.465 | 34.057.112 | 30.100.000,Mediocampista
2026-08-01,Zakharyan,Real Sociedad,-39.947 | -80.702 | -123.349 | -307.393 | -700.030 | -1.516.760,"-2,62% | -5,16% | -7,68% | -17,17% | -32,06% | -50,56%",,26ddías,1.483.240,1.523.187 | 1.563.942 | 1.606.589 | 1.790.633 | 2.183.270 | 3.000.000,Mediocampista
2026-08-01,Oyarzabal,Real Sociedad,-979.781 | -2.137.980 | -3.319.476 | -8.606.823 | -41.091.794 | -41.091.794,"-1,32% | -2,83% | -4,33% | -10,51% | 0% | 0%",,10ddías,73.319.380,74.299.161 | 75.457.360 | 76.638.856 | 81.926.203 | 0 | 0,Delantero
2026-08-01,Marín,Real Sociedad,-76.690 | -156.057 | -238.791 | -592.078 | -1.310.131 | -2.545.182,"-3,03% | -5,98% | -8,87% | -19,43% | -34,80% | -50,90%",,26ddías,2.454.818,2.531.508 | 2.610.875 | 2.693.609 | 3.046.896 | 3.764.949 | 5.000.000,Mediocampista
2026-08-01,Barrenetxea,Real Sociedad,-721.568 | -1.404.248 | -1.697.148 | -1.088.721 | +2.577.066 | +7.678.849,"-1,79% | -3,42% | -4,10% | -2,67% | +6,95% | +24,00%",,4ddías,39.678.849,40.400.417 | 41.083.097 | 41.375.997 | 40.767.570 | 37.101.783 | 32.000.000,Mediocampista
2026-08-01,Zubeldia,Real Sociedad,-108.381 | -217.677 | -304.872 | -876.645 | -2.066.924 | -3.734.869,"-1,04% | -2,08% | -2,88% | -7,87% | -16,76% | -26,68%",,26ddías,10.265.131,10.373.512 | 10.482.808 | 10.570.003 | 11.141.776 | 12.332.055 | 14.000.000,Defensa
2026-08-01,Aihen,Real Sociedad,-52.019 | -108.747 | -162.244 | -403.144 | -922.271 | -2.009.056,"-2,55% | -5,18% | -7,54% | -16,84% | -31,66% | -50,23%",,26ddías,1.990.944,2.042.963 | 2.099.691 | 2.153.188 | 2.394.088 | 2.913.215 | 4.000.000,Defensa
2026-08-01,Odriozola,Real Sociedad,-18.382 | -37.084 | -56.367 | -137.776 | -317.237 | -713.709,"-2,28% | -4,50% | -6,69% | -14,91% | -28,75% | -47,58%",,26ddías,786.291,804.673 | 823.375 | 842.658 | 924.067 | 1.103.528 | 1.500.000,Defensa
2026-08-01,Remiro,Real Sociedad,+1.212.052 | +2.104.135 | +3.209.808 | +7.076.885 | +12.708.383 | +19.701.479,"+3,15% | +5,60% | +8,80% | +21,69% | +47,08% | +98,51%",,24ddías,39.701.479,38.489.427 | 37.597.344 | 36.491.671 | 32.624.594 | 26.993.096 | 20.000.000,Portero
2026-08-01,Güler,Real Madrid,-777.246 | -1.538.341 | -2.116.438 | -5.795.705 | -11.788.311 | -18.171.726,"-1,35% | -2,64% | -3,59% | -9,25% | -17,18% | -24,23%",,26ddías,56.828.274,57.605.520 | 58.366.615 | 58.944.712 | 62.623.979 | 68.616.585 | 75.000.000,Mediocampista
2026-08-01,Mendy,Real Madrid,-22.319 | -51.824 | -82.359 | -213.665 | -497.346 | -958.392,"-2,10% | -4,74% | -7,33% | -17,02% | -32,32% | -47,92%",,26ddías,1.041.608,1.063.927 | 1.093.432 | 1.123.967 | 1.255.273 | 1.538.954 | 2.000.000,Defensa
2026-08-01,Brahim,Real Madrid,-316.579 | -653.596 | -987.686 | -2.221.910 | -4.234.877 | -6.085.156,"-2,22% | -4,49% | -6,63% | -13,77% | -23,33% | -30,43%",,22ddías,13.914.844,14.231.423 | 14.568.440 | 14.902.530 | 16.136.754 | 18.149.721 | 20.000.000,Mediocampista
2026-08-01,De Frutos,Rayo,+872.830 | +1.632.568 | +2.687.568 | +6.358.073 | +12.507.559 | +19.189.007,"+2,02% | +3,84% | +6,48% | +16,81% | +39,48% | +76,76%",,25ddías,44.189.007,43.316.177 | 42.556.439 | 41.501.439 | 37.830.934 | 31.681.448 | 25.000.000,Delantero
2026-08-01,Militão,Real Madrid,-506.980 | -1.050.559 | -1.605.255 | -3.990.891 | -8.834.612 | -11.927.189,"-2,73% | -5,49% | -8,16% | -18,09% | -32,83% | -39,76%",,26ddías,18.072.811,18.579.791 | 19.123.370 | 19.678.066 | 22.063.702 | 26.907.423 | 30.000.000,Defensa
2026-08-01,Balliu,Rayo,-18.833 | -39.809 | -59.274 | -136.598 | -303.987 | -642.540,"-2,15% | -4,44% | -6,47% | -13,74% | -26,17% | -42,84%",,26ddías,857.460,876.293 | 897.269 | 916.734 | 994.058 | 1.161.447 | 1.500.000,Defensa
2026-08-01,Cucho,Betis,-733.391 | -1.226.431 | -1.191.056 | +143.389 | +4.858.187 | +14.965.755,"-1,32% | -2,18% | -2,12% | +0,26% | +9,70% | +37,41%",,2ddías,54.965.755,55.699.146 | 56.192.186 | 56.156.811 | 54.822.366 | 50.107.568 | 40.000.000,Delantero
2026-08-01,Valentín,Rayo,-65.237 | -138.956 | -216.974 | -536.239 | -1.223.578 | -2.416.662,"-1,79% | -3,73% | -5,71% | -13,02% | -25,45% | -40,28%",,26ddías,3.583.338,3.648.575 | 3.722.294 | 3.800.312 | 4.119.577 | 4.806.916 | 6.000.000,Mediocampista
2026-08-01,Lejeune,Rayo,-552.886 | -1.339.187 | -2.198.539 | -5.780.712 | -32.993.295 | -32.993.295,"-1,27% | -3,02% | -4,87% | -11,85% | 0% | 0%",,12ddías,42.988.789,43.541.675 | 44.327.976 | 45.187.328 | 48.769.501 | 0 | 0,Defensa
2026-08-01,Camello,Rayo,-32.030 | -80.215 | -127.217 | -359.408 | -872.227 | -1.783.368,"-0,96% | -2,36% | -3,69% | -9,78% | -20,82% | -34,97%",,26ddías,3.316.632,3.348.662 | 3.396.847 | 3.443.849 | 3.676.040 | 4.188.859 | 5.100.000,Delantero
2026-08-01,Courtois,Real Madrid,-181.115 | -535.142 | -621.893 | -1.058.233 | +1.539.287 | +18.795.460,"-0,31% | -0,90% | -1,05% | -1,77% | +2,69% | +46,99%",,6ddías,58.795.460,58.976.575 | 59.330.602 | 59.417.353 | 59.853.693 | 57.256.173 | 40.000.000,Portero
2026-08-01,Bellingham,Real Madrid,-963.257 | -2.220.957 | -3.324.024 | -7.242.893 | -34.383.772 | -34.383.772,"-0,97% | -2,21% | -3,28% | -6,88% | 0% | 0%",,9ddías,98.052.217,99.015.474 | 100.273.174 | 101.376.241 | 105.295.110 | 0 | 0,Mediocampista
2026-08-01,Fran García,Betis,0 | 0 | 0 | 0 | 0 | -408.843,"0,00% | 0,00% | 0,00% | 0,00% | 0,00% | -4,09%",,24ddías,9.591.157,9.591.157 | 9.591.157 | 9.591.157 | 9.591.157 | 9.591.157 | 10.000.000,Defensa
2026-08-01,Vinicius,Real Madrid,-847.148 | -2.115.149 | -3.030.644 | -9.475.873 | -49.636.977 | -49.636.977,"-0,80% | -1,98% | -2,81% | -8,29% | 0% | 0%",,9ddías,104.859.542,105.706.690 | 106.974.691 | 107.890.186 | 114.335.415 | 0 | 0,Delantero
2026-08-01,Rodrygo,Real Madrid,-95.111 | -194.666 | -292.345 | -683.407 | -1.376.274 | -869.433,"-2,25% | -4,50% | -6,61% | -14,20% | -24,99% | -17,39%",,16ddías,4.130.567,4.225.678 | 4.325.233 | 4.422.912 | 4.813.974 | 5.506.841 | 5.000.000,Delantero
2026-08-01,Camavinga,Real Madrid,-360.419 | -728.018 | -1.091.197 | -2.481.025 | -5.117.333 | -9.882.874,"-2,49% | -4,90% | -7,17% | -14,95% | -26,61% | -41,18%",,26ddías,14.117.126,14.477.545 | 14.845.144 | 15.208.323 | 16.598.151 | 19.234.459 | 24.000.000,Mediocampista
2026-08-01,Lunin,Real Madrid,-35.170 | -75.208 | -109.773 | -290.340 | -713.871 | -1.380.753,"-1,32% | -2,79% | -4,02% | -9,98% | -21,42% | -34,52%",,26ddías,2.619.247,2.654.417 | 2.694.455 | 2.729.020 | 2.909.587 | 3.333.118 | 4.000.000,Portero
2026-08-01,Valverde,Real Madrid,-753.585 | -1.528.751 | -2.360.288 | -5.682.233 | -14.640.970 | -28.236.553,"-0,97% | -1,95% | -2,98% | -6,89% | -16,02% | -26,89%",,26ddías,76.763.447,77.517.032 | 78.292.198 | 79.123.735 | 82.445.680 | 91.404.417 | 105.000.000,Mediocampista
2026-08-01,Tchouaméni,Real Madrid,-939.332 | -1.853.829 | -2.737.546 | -6.525.518 | -7.515.827 | -4.398.515,"-1,78% | -3,46% | -5,02% | -11,19% | -12,67% | -7,83%",,11ddías,51.801.485,52.740.817 | 53.655.314 | 54.539.031 | 58.327.003 | 59.317.312 | 56.200.000,Mediocampista
2026-08-01,Soria,Getafe,0 | 0 | 0 | 0 | 0 | -703.646,"0,00% | 0,00% | 0,00% | 0,00% | 0,00% | -3,52%",,23ddías,19.296.354,19.296.354 | 19.296.354 | 19.296.354 | 19.296.354 | 19.296.354 | 20.000.000,Portero
2026-08-01,Aleñá,Alavés,-59.154 | -145.583 | -219.112 | -525.377 | -1.209.361 | -2.514.622,"-1,30% | -3,14% | -4,66% | -10,48% | -21,24% | -35,92%",,26ddías,4.485.378,4.544.532 | 4.630.961 | 4.704.490 | 5.010.755 | 5.694.739 | 7.000.000,Mediocampista
2026-08-01,Le Normand,Atlético,-100.736 | -252.086 | -375.845 | -1.036.444 | -1.906.819 | -3.353.858,"-0,90% | -2,23% | -3,29% | -8,58% | -14,72% | -23,29%",,21ddías,11.046.142,11.146.878 | 11.298.228 | 11.421.987 | 12.082.586 | 12.952.961 | 14.400.000,Defensa
2026-08-01,Berenguer,Athletic,-126.119 | -261.864 | -375.995 | -868.655 | -1.545.910 | +1.149.529,"-1,19% | -2,44% | -3,47% | -7,67% | -12,89% | +12,36%",,17ddías,10.449.529,10.575.648 | 10.711.393 | 10.825.524 | 11.318.184 | 11.995.439 | 9.300.000,Delantero
2026-08-01,M. Llorente,Atlético,-1.098.975 | -2.051.537 | -3.087.296 | -4.434.152 | +111.887 | +12.789.308,"-1,72% | -3,16% | -4,69% | -6,60% | +0,18% | +25,58%",,6ddías,62.789.308,63.888.283 | 64.840.845 | 65.876.604 | 67.223.460 | 62.677.421 | 50.000.000,Defensa
2026-08-01,Oblak,Atlético,+501.246 | +1.087.201 | +1.663.945 | +3.945.914 | +7.808.621 | +17.334.926,"+0,97% | +2,12% | +3,28% | +8,15% | +17,54% | +49,53%",,25ddías,52.334.926,51.833.680 | 51.247.725 | 50.670.981 | 48.389.012 | 44.526.305 | 35.000.000,Portero
2026-08-01,Koke,Atlético,0 | 0 | 0 | 0 | 0 | +67.671,"0,00% | 0,00% | 0,00% | 0,00% | 0,00% | +0,38%",,23ddías,17.767.671,17.767.671 | 17.767.671 | 17.767.671 | 17.767.671 | 17.767.671 | 17.700.000,Mediocampista
2026-08-01,Giménez,Atlético,-146.510 | -311.573 | -453.711 | -1.094.140 | -2.355.026 | -2.325.239,"-2,25% | -4,66% | -6,64% | -14,65% | -26,98% | -26,73%",,21ddías,6.374.761,6.521.271 | 6.686.334 | 6.828.472 | 7.468.901 | 8.729.787 | 8.700.000,Defensa
2026-08-01,Egiluz,Athletic,-5.309 | -10.392 | -15.489 | -33.992 | -75.343 | -227.476,"-1,11% | -2,15% | -3,17% | -6,71% | -13,75% | -32,50%",,26ddías,472.524,477.833 | 482.916 | 488.013 | 506.516 | 547.867 | 700.000,Defensa
2026-08-01,Prados,Athletic,-46.100 | -92.700 | -137.812 | -342.906 | -754.420 | -1.779.908,"-2,34% | -4,61% | -6,70% | -15,15% | -28,21% | -48,11%",,26ddías,1.920.092,1.966.192 | 2.012.792 | 2.057.904 | 2.262.998 | 2.674.512 | 3.700.000,Mediocampista
2026-08-01,Villalibre,Racing,0 | 0 | 0 | 0 | 0 | +27.946,"0,00% | 0,00% | 0,00% | 0,00% | 0,00% | +0,37%",,22ddías,7.527.946,7.527.946 | 7.527.946 | 7.527.946 | 7.527.946 | 7.527.946 | 7.500.000,Delantero
2026-08-01,Yuri,Athletic,-215.075 | -476.493 | -696.487 | -1.514.595 | -3.407.372 | -3.339.597,"-1,45% | -3,15% | -4,54% | -9,36% | -18,86% | -18,55%",,11ddías,14.660.403,14.875.478 | 15.136.896 | 15.356.890 | 16.174.998 | 18.067.775 | 18.000.000,Defensa
2026-08-01,R. de Galarreta,Athletic,+12.918 | -96.627 | -123.159 | -515.045 | -1.144.119 | +2.127.024,"+0,13% | -0,93% | -1,18% | -4,75% | -9,97% | +25,94%",,1ddías,10.327.024,10.314.106 | 10.423.651 | 10.450.183 | 10.842.069 | 11.471.143 | 8.200.000,Mediocampista
2026-08-01,Agirrezabala,Athletic,0 | 0 | 0 | 0 | 0 | +11.085,"0,00% | 0,00% | 0,00% | 0,00% | 0,00% | +0,38%",,23ddías,2.911.085,2.911.085 | 2.911.085 | 2.911.085 | 2.911.085 | 2.911.085 | 2.900.000,Portero
2026-08-01,Guruzeta,Athletic,-15.589 | -93.446 | -87.664 | -291.083 | -975.704 | -1.420.208,"-0,13% | -0,79% | -0,74% | -2,43% | -7,71% | -10,84%",,2ddías,11.679.792,11.695.381 | 11.773.238 | 11.767.456 | 11.970.875 | 12.655.496 | 13.100.000,Delantero
2026-08-01,N. Williams,Athletic,+759.245 | +1.883.604 | +3.400.790 | +8.893.912 | +32.242.219 | +32.242.219,"+1,04% | +2,61% | +4,82% | +13,66% | 0% | 0%",,10ddías,73.995.934,73.236.689 | 72.112.330 | 70.595.144 | 65.102.022 | 0 | 0,Delantero
2026-08-01,I. Williams,Athletic,+389.443 | +740.381 | +1.411.023 | +3.439.027 | +5.808.700 | +7.247.660,"+1,36% | +2,62% | +5,11% | +13,43% | +25,00% | +33,25%",,24ddías,29.047.660,28.658.217 | 28.307.279 | 27.636.637 | 25.608.633 | 23.238.960 | 21.800.000,Delantero
2026-08-01,Sancet,Athletic,+978.419 | +1.894.957 | +3.149.183 | +7.440.401 | +13.736.728 | +18.808.485,"+2,16% | +4,27% | +7,30% | +19,14% | +42,17% | +68,39%",,24ddías,46.308.485,45.330.066 | 44.413.528 | 43.159.302 | 38.868.084 | 32.571.757 | 27.500.000,Mediocampista
2026-08-01,Vesga,Athletic,-42.263 | -88.496 | -132.579 | -331.954 | -758.549 | -1.633.959,"-2,63% | -5,35% | -7,81% | -17,49% | -32,63% | -51,06%",,26ddías,1.566.041,1.608.304 | 1.654.537 | 1.698.620 | 1.897.995 | 2.324.590 | 3.200.000,Mediocampista
2026-08-01,Galán,Celta,0 | 0 | 0 | 0 | 0 | -524.171,"0,00% | 0,00% | 0,00% | 0,00% | 0,00% | -3,49%",,16ddías,14.475.829,14.475.829 | 14.475.829 | 14.475.829 | 14.475.829 | 14.475.829 | 15.000.000,Defensa
2026-08-01,Kike García,Espanyol,-121.200 | -251.622 | -391.376 | -950.915 | -2.053.109 | -3.509.829,"-2,16% | -4,38% | -6,65% | -14,76% | -27,22% | -39,00%",,24ddías,5.490.171,5.611.371 | 5.741.793 | 5.881.547 | 6.441.086 | 7.543.280 | 9.000.000,Delantero
2026-08-01,Gorosabel,Athletic,-101.352 | -199.198 | -301.502 | -714.928 | -1.449.238 | -3.009.978,"-2,90% | -5,55% | -8,17% | -17,42% | -29,95% | -47,03%",,26ddías,3.390.022,3.491.374 | 3.589.220 | 3.691.524 | 4.104.950 | 4.839.260 | 6.400.000,Defensa
2026-08-01,Abqar,Getafe,+73.792 | +123.350 | +167.004 | +145.860 | -412.881 | -1.004.322,"+1,50% | +2,53% | +3,46% | +3,01% | -7,63% | -16,74%",,5ddías,4.995.678,4.921.886 | 4.872.328 | 4.828.674 | 4.849.818 | 5.408.559 | 6.000.000,Defensa
2026-08-01,Guevara,Alavés,-35.453 | -76.299 | -119.824 | -291.933 | -676.601 | -1.469.017,"-2,26% | -4,75% | -7,26% | -16,01% | -30,65% | -48,97%",,26ddías,1.530.983,1.566.436 | 1.607.282 | 1.650.807 | 1.822.916 | 2.207.584 | 3.000.000,Mediocampista
2026-08-01,Blanco,Alavés,-169.272 | -391.840 | -611.733 | -1.594.752 | -3.666.216 | +14.746.133,"-1,01% | -2,31% | -3,56% | -8,77% | -18,11% | 0%",,18ddías,16.579.252,16.748.524 | 16.971.092 | 17.190.985 | 18.174.004 | 20.245.468 | 0,Mediocampista
2026-08-01,Rioja,Valencia,-232.021 | -485.605 | -703.497 | -1.839.464 | -3.848.606 | -6.586.151,"-1,24% | -2,57% | -3,68% | -9,08% | -17,29% | -26,34%",,26ddías,18.413.849,18.645.870 | 18.899.454 | 19.117.346 | 20.253.313 | 22.262.455 | 25.000.000,Mediocampista
2026-08-01,Tenaglia,Alavés,-134.366 | -207.238 | -307.050 | -859.173 | -1.807.964 | -3.045.493,"-0,89% | -1,37% | -2,01% | -5,43% | -10,79% | -16,92%",,26ddías,14.954.507,15.088.873 | 15.161.745 | 15.261.557 | 15.813.680 | 16.762.471 | 18.000.000,Defensa
2026-08-01,Guridi,Sevilla,0 | 0 | 0 | 0 | 0 | +19.315,"0,00% | 0,00% | 0,00% | 0,00% | 0,00% | +0,39%",,23ddías,5.019.315,5.019.315 | 5.019.315 | 5.019.315 | 5.019.315 | 5.019.315 | 5.000.000,Mediocampista
2026-08-01,Yeray,Athletic,-17.303 | -76.707 | -145.432 | -411.440 | -924.690 | -1.105.429,"-0,43% | -1,88% | -3,51% | -9,34% | -18,80% | -21,68%",,11ddías,3.994.571,4.011.874 | 4.071.278 | 4.140.003 | 4.406.011 | 4.919.261 | 5.100.000,Defensa
2026-08-01,Rebbach,Alavés,-97.478 | -185.064 | -277.444 | -737.997 | -1.773.187 | -3.057.240,"-1,93% | -3,61% | -5,31% | -12,99% | -26,40% | -38,22%",,24ddías,4.942.760,5.040.238 | 5.127.824 | 5.220.204 | 5.680.757 | 6.715.947 | 8.000.000,Delantero
2026-08-01,Carlos BenavidezProtesoni,Alavés,0 | 0 | 0 | 0 | 0 | +11.588,"0,00% | 0,00% | 0,00% | 0,00% | 0,00% | +0,39%",,23ddías,3.011.588,3.011.588 | 3.011.588 | 3.011.588 | 3.011.588 | 3.011.588 | 3.000.000,Mediocampista
2026-08-01,Pubill,Atlético,+908.217 | +1.964.629 | +3.782.767 | +9.403.797 | +19.054.061 | +32.305.291,"+1,27% | +2,79% | +5,52% | +14,95% | +35,78% | +80,76%",,25ddías,72.305.291,71.397.074 | 70.340.662 | 68.522.524 | 62.901.494 | 53.251.230 | 40.000.000,Defensa
2026-08-01,Unai Simón,Athletic,+1.313.178 | +2.903.444 | +4.650.047 | +11.373.835 | +22.339.530 | +32.643.224,"+2,56% | +5,84% | +9,69% | +27,56% | +73,72% | +163,22%",,24ddías,52.643.224,51.330.046 | 49.739.780 | 47.993.177 | 41.269.389 | 30.303.694 | 20.000.000,Portero
2026-08-01,Vivian,Athletic,-441.549 | -874.609 | -1.306.970 | -3.178.022 | -6.905.035 | -3.777.376,"-2,65% | -5,12% | -7,46% | -16,38% | -29,86% | -18,89%",,15ddías,16.222.624,16.664.173 | 17.097.233 | 17.529.594 | 19.400.646 | 23.127.659 | 20.000.000,Defensa
2026-08-01,Paredes,Athletic,-7.539 | -69.117 | -132.730 | -422.888 | -1.099.678 | -1.988.873,"-0,18% | -1,61% | -3,06% | -9,13% | -20,71% | -32,08%",,26ddías,4.211.127,4.218.666 | 4.280.244 | 4.343.857 | 4.634.015 | 5.310.805 | 6.200.000,Defensa
2026-08-01,Molina,Atlético,-46.740 | -122.486 | -180.683 | -437.337 | -832.227 | -906.641,"-0,97% | -2,49% | -3,63% | -8,36% | -14,79% | -15,91%",,21ddías,4.793.359,4.840.099 | 4.915.845 | 4.974.042 | 5.230.696 | 5.625.586 | 5.700.000,Defensa
2026-08-01,Barrios,Atlético,-42.842 | +354.202 | +1.115.667 | +4.365.443 | +10.387.158 | +14.439.144,"-0,08% | +0,65% | +2,09% | +8,72% | +23,58% | +36,10%",,1ddías,54.439.144,54.481.986 | 54.084.942 | 53.323.477 | 50.073.701 | 44.051.986 | 40.000.000,Mediocampista
2026-08-01,Djené,Getafe,0 | 0 | 0 | 0 | 0 | +32.492,"0,00% | 0,00% | 0,00% | 0,00% | 0,00% | +0,39%",,23ddías,8.432.492,8.432.492 | 8.432.492 | 8.432.492 | 8.432.492 | 8.432.492 | 8.400.000,Defensa
2026-08-01,U. Núñez,Celta,-100.970 | -203.150 | -300.822 | -731.991 | -731.991 | -712.877,"-2,30% | -4,52% | -6,56% | -14,58% | -14,58% | -14,26%",,6ddías,4.287.123,4.388.093 | 4.490.273 | 4.587.945 | 5.019.114 | 5.019.114 | 5.000.000,Defensa
2026-08-01,Marc Roca,Betis,-17.018 | -18.660 | -2.637 | -113.663 | -557.886 | -1.805.044,"-0,37% | -0,40% | -0,06% | -2,41% | -10,83% | -28,20%",,2ddías,4.594.956,4.611.974 | 4.613.616 | 4.597.593 | 4.708.619 | 5.152.842 | 6.400.000,Mediocampista
2026-08-01,Isco,Betis,-1.881.716 | -3.907.336 | -5.985.746 | -14.589.674 | +55.233.190 | +55.233.190,"-2,77% | -5,58% | -8,30% | -18,08% | 0% | 0%",,10ddías,66.125.701,68.007.417 | 70.033.037 | 72.111.447 | 80.715.375 | 0 | 0,Mediocampista
2026-08-01,Ruibal,Betis,-112.846 | -228.499 | -349.382 | -864.361 | -1.941.698 | -3.392.470,"-3,03% | -5,96% | -8,83% | -19,33% | -34,99% | -48,46%",,26ddías,3.607.530,3.720.376 | 3.836.029 | 3.956.912 | 4.471.891 | 5.549.228 | 7.000.000,Delantero
2026-08-01,Navarro,Athletic,-24.846 | -50.899 | -85.890 | -203.692 | -495.098 | -1.097.307,"-1,12% | -2,26% | -3,75% | -8,46% | -18,35% | -33,25%",,26ddías,2.202.693,2.227.539 | 2.253.592 | 2.288.583 | 2.406.385 | 2.697.791 | 3.300.000,Mediocampista
2026-08-01,Chust,Elche,0 | 0 | 0 | 0 | 0 | +19.376,"0,00% | 0,00% | 0,00% | 0,00% | 0,00% | +0,39%",,23ddías,5.019.376,5.019.376 | 5.019.376 | 5.019.376 | 5.019.376 | 5.019.376 | 5.000.000,Defensa
2026-08-01,Starfelt,Celta,+234.173 | +335.655 | +384.934 | +181.245 | -204.083 | +564.101,"+2,27% | +3,28% | +3,78% | +1,75% | -1,90% | +5,64%",,3ddías,10.564.101,10.329.928 | 10.228.446 | 10.179.167 | 10.382.856 | 10.768.184 | 10.000.000,Defensa
2026-08-01,Dotor,Málaga,0 | 0 | 0 | 0 | +4.403 | +14.904,"0,00% | 0,00% | 0,00% | 0,00% | 0% | +0,37%",,10ddías,4.014.904,4.014.904 | 4.014.904 | 4.014.904 | 4.014.904 | 0 | 4.000.000,Mediocampista
2026-08-01,Ayoze,Villarreal,-137.342 | -287.990 | -367.857 | -1.022.754 | -1.911.804 | -3.206.925,"-0,81% | -1,69% | -2,14% | -5,74% | -10,22% | -16,03%",,26ddías,16.793.075,16.930.417 | 17.081.065 | 17.160.932 | 17.815.829 | 18.704.879 | 20.000.000,Delantero
2026-08-01,Carles Pérez,Celta,-51.971 | -106.932 | -171.489 | +178.943 | +178.943 | +178.943,"-2,80% | -5,60% | -8,69% | 0% | 0% | 0%",,3ddías,1.803.009,1.854.980 | 1.909.941 | 1.974.498 | 0 | 0 | 0,Delantero
2026-08-01,Aspas,Celta,-143.547 | -294.593 | -424.223 | -930.515 | -2.152.096 | -1.892.764,"-1,60% | -3,24% | -4,60% | -9,56% | -19,64% | -17,69%",,20ddías,8.807.236,8.950.783 | 9.101.829 | 9.231.459 | 9.737.751 | 10.959.332 | 10.700.000,Delantero
2026-08-01,Iván Villar,Celta,-26.677 | -55.352 | -81.735 | -222.960 | -548.093 | -1.199.699,"-2,01% | -4,08% | -5,91% | -14,64% | -29,65% | -47,99%",,26ddías,1.300.301,1.326.978 | 1.355.653 | 1.382.036 | 1.523.261 | 1.848.394 | 2.500.000,Portero
2026-08-01,Swedberg,Celta,-129.350 | -230.699 | -334.643 | -949.362 | -2.289.276 | -3.357.624,"-1,40% | -2,46% | -3,53% | -9,41% | -20,03% | -26,86%",,23ddías,9.142.376,9.271.726 | 9.373.075 | 9.477.019 | 10.091.738 | 11.431.652 | 12.500.000,Mediocampista
2026-08-01,Domínguez,Celta,-20.052 | -40.495 | -61.590 | -151.036 | -347.614 | -773.621,"-2,37% | -4,67% | -6,94% | -15,45% | -29,61% | -48,35%",,26ddías,826.379,846.431 | 866.874 | 887.969 | 977.415 | 1.173.993 | 1.600.000,Defensa
2026-08-01,Sotelo,Levante,0 | +14.035 | 0 | -73.951 | -253.554 | -717.197,"0,00% | +1,03% | 0,00% | -5,08% | -15,50% | -34,15%",,1ddías,1.382.803,1.382.803 | 1.368.768 | 1.382.803 | 1.456.754 | 1.636.357 | 2.100.000,Mediocampista
2026-08-01,Bartra,Betis,+310.626 | +507.043 | +782.829 | +2.014.783 | +4.338.699 | +4.594.923,"+1,28% | +2,10% | +3,29% | +8,92% | +21,42% | +22,97%",,20ddías,24.594.923,24.284.297 | 24.087.880 | 23.812.094 | 22.580.140 | 20.256.224 | 20.000.000,Defensa
2026-08-01,Iglesias,Celta,+73.165 | +184.175 | +532.229 | +2.893.896 | +7.397.501 | +14.066.558,"+0,23% | +0,57% | +1,67% | +9,79% | +29,51% | 0%",,16ddías,32.463.107,32.389.942 | 32.278.932 | 31.930.878 | 29.569.211 | 25.065.606 | 0,Delantero
2026-08-01,Riquelme,Betis,-33.279 | -79.825 | -134.644 | -353.365 | -906.911 | -1.958.862,"-0,93% | -2,20% | -3,66% | -9,07% | -20,39% | -35,62%",,26ddías,3.541.138,3.574.417 | 3.620.963 | 3.675.782 | 3.894.503 | 4.448.049 | 5.500.000,Mediocampista
2026-08-01,A. Christensen,Barcelona,0 | 0 | 0 | 0 | 0 | +19.340,"0,00% | 0,00% | 0,00% | 0,00% | 0,00% | +0,39%",,23ddías,5.019.340,5.019.340 | 5.019.340 | 5.019.340 | 5.019.340 | 5.019.340 | 5.000.000,Defensa
2026-08-01,Balde,Barcelona,-514.428 | -1.007.004 | -1.386.328 | +51.137 | +4.252.091 | +8.125.663,"-1,85% | -3,55% | -4,83% | +0,19% | +18,43% | +42,32%",,4ddías,27.325.663,27.840.091 | 28.332.667 | 28.711.991 | 27.274.526 | 23.073.572 | 19.200.000,Defensa
2026-08-01,Araújo,Barcelona,-150.777 | -310.426 | -474.346 | -1.160.018 | -2.621.035 | -4.142.619,"-2,51% | -5,03% | -7,49% | -16,53% | -30,91% | -41,43%",,24ddías,5.857.381,6.008.158 | 6.167.807 | 6.331.727 | 7.017.399 | 8.478.416 | 10.000.000,Defensa
2026-08-01,Gavi,Barcelona,+439.963 | +1.025.709 | +1.793.408 | +4.616.628 | +9.126.017 | +12.164.850,"+1,20% | +2,84% | +5,07% | +14,18% | +32,55% | +48,66%",,22ddías,37.164.850,36.724.887 | 36.139.141 | 35.371.442 | 32.548.222 | 28.038.833 | 25.000.000,Mediocampista
2026-08-01,Ferran,Barcelona,+1.951.589 | +3.388.051 | +5.403.199 | +11.708.130 | +12.792.913 | +7.191.062,"+2,99% | +5,31% | +8,74% | +21,10% | +23,52% | +11,99%",,10ddías,67.191.062,65.239.473 | 63.803.011 | 61.787.863 | 55.482.932 | 54.398.149 | 60.000.000,Delantero
2026-08-01,Pedri,Barcelona,-1.018.151 | -2.259.207 | -3.599.102 | -7.557.932 | -80.618.714 | -80.618.714,"-1,03% | -2,26% | -3,55% | -7,17% | 0% | 0%",,9ddías,97.918.878,98.937.029 | 100.178.085 | 101.517.980 | 105.476.810 | 0 | 0,Mediocampista
2026-08-01,Raphinha,Barcelona,-760.757 | -1.871.727 | -3.405.103 | -9.519.679 | -22.972.459 | -28.166.454,"-1,04% | -2,51% | -4,48% | -11,59% | -24,03% | -27,94%",,18ddías,72.633.546,73.394.303 | 74.505.273 | 76.038.649 | 82.153.225 | 95.606.005 | 100.800.000,Delantero
2026-08-01,F. de Jong,Barcelona,-2.962.147 | -2.962.147 | -2.962.147 | -2.962.147 | -2.962.147 | -2.790.007,"-6,63% | -6,63% | -6,63% | -6,63% | -6,63% | -6,27%",,1ddías,41.709.993,44.672.140 | 44.672.140 | 44.672.140 | 44.672.140 | 44.672.140 | 44.500.000,Mediocampista
2026-08-01,Abde,Betis,-1.814.023 | -3.797.540 | -5.759.882 | -14.800.521 | -67.126.250 | -67.126.250,"-2,72% | -5,54% | -8,17% | -18,60% | 0% | 0%",,10ddías,64.755.867,66.569.890 | 68.553.407 | 70.515.749 | 79.556.388 | 0 | 0,Delantero
2026-08-01,Koundé,Barcelona,-533.362 | -786.051 | -536.309 | +1.131.289 | +6.890.384 | +17.244.317,"-1,01% | -1,48% | -1,02% | +2,21% | +15,19% | +49,27%",,2ddías,52.244.317,52.777.679 | 53.030.368 | 52.780.626 | 51.113.028 | 45.353.933 | 35.000.000,Defensa
2026-08-01,Yamal,Barcelona,-1.139.793 | -2.709.869 | -4.487.430 | -13.591.120 | +59.692.943 | +59.692.943,"-0,87% | -2,04% | -3,34% | -9,47% | 0% | 0%",,8ddías,129.989.126,131.128.919 | 132.698.995 | 134.476.556 | 143.580.246 | 0 | 0,Delantero
2026-08-01,Casadó,Barcelona,-17.441 | -41.118 | -58.341 | -157.818 | -383.006 | -1.017.078,"-0,83% | -1,94% | -2,72% | -7,04% | -15,53% | -32,81%",,26ddías,2.082.922,2.100.363 | 2.124.040 | 2.141.263 | 2.240.740 | 2.465.928 | 3.100.000,Mediocampista
2026-08-01,Cubarsí,Barcelona,-1.292.653 | -1.962.809 | -1.774.221 | +2.459.133 | +17.035.340 | +37.347.966,"-1,31% | -1,98% | -1,79% | +2,59% | +21,21% | +62,25%",,2ddías,97.347.966,98.640.619 | 99.310.775 | 99.122.187 | 94.888.833 | 80.312.626 | 60.000.000,Defensa
2026-08-01,Fermín,Barcelona,-634.256 | -1.393.351 | -2.065.731 | -7.811.515 | -19.873.042 | -30.599.008,"-0,98% | -2,12% | -3,11% | -10,82% | -23,58% | -32,21%",,26ddías,64.400.992,65.035.248 | 65.794.343 | 66.466.723 | 72.212.507 | 84.274.034 | 95.000.000,Mediocampista
2026-08-01,Bellerín,Betis,+164.083 | +297.020 | +320.646 | +241.506 | -348.951 | +424.107,"+1,60% | +2,93% | +3,17% | +2,37% | -3,24% | +4,24%",,3ddías,10.424.107,10.260.024 | 10.127.087 | 10.103.461 | 10.182.601 | 10.773.058 | 10.000.000,Defensa
2026-08-01,Turrientes,Real Sociedad,-99.440 | -203.365 | -327.119 | -845.435 | -1.902.474 | -2.386.962,"-1,29% | -2,60% | -4,12% | -10,00% | -19,99% | -23,87%",,23ddías,7.613.038,7.712.478 | 7.816.403 | 7.940.157 | 8.458.473 | 9.515.512 | 10.000.000,Mediocampista
2026-08-01,Pathé Ciss,Rayo,-57.171 | -105.915 | -153.101 | -369.546 | -936.972 | +548.967,"-0,54% | -0,99% | -1,43% | -3,38% | -8,16% | +5,49%",,15ddías,10.548.967,10.606.138 | 10.654.882 | 10.702.068 | 10.918.513 | 11.485.939 | 10.000.000,Mediocampista
2026-08-01,Marrero,Real Sociedad,-33.863 | -72.700 | -107.827 | -281.741 | -675.500 | -1.455.851,"-2,15% | -4,50% | -6,53% | -15,43% | -30,43% | -48,53%",,26ddías,1.544.149,1.578.012 | 1.616.849 | 1.651.976 | 1.825.890 | 2.219.649 | 3.000.000,Portero
2026-08-01,Letácek,Getafe,-21.875 | -44.961 | -68.421 | -175.534 | -422.336 | -944.119,"-2,24% | -4,49% | -6,68% | -15,51% | -30,64% | -49,69%",,26ddías,955.881,977.756 | 1.000.842 | 1.024.302 | 1.131.415 | 1.378.217 | 1.900.000,Portero
2026-08-01,Natan,Betis,+669.425 | +1.425.632 | +2.338.756 | +5.032.402 | +9.155.728 | +14.144.765,"+1,74% | +3,78% | +6,35% | +14,75% | +30,53% | +56,58%",,24ddías,39.144.765,38.475.340 | 37.719.133 | 36.806.009 | 34.112.363 | 29.989.037 | 25.000.000,Defensa
2026-08-01,Fraga,Real Sociedad,0 | 0 | 0 | 0 | 0 | +2.234,"0,00% | 0,00% | 0,00% | 0,00% | 0,00% | +0,37%",,23ddías,602.234,602.234 | 602.234 | 602.234 | 602.234 | 602.234 | 600.000,Portero
2026-08-01,Martín,Barcelona,0 | 0 | 0 | 0 | 0 | +117.596,"0,00% | 0,00% | 0,00% | 0,00% | 0,00% | +0,39%",,23ddías,30.517.596,30.517.596 | 30.517.596 | 30.517.596 | 30.517.596 | 30.517.596 | 30.400.000,Defensa
2026-08-01,Toni Martinez,Alavés,-324.338 | -754.292 | -1.066.506 | -2.724.501 | -6.149.891 | +23.633.647,"-1,16% | -2,65% | -3,71% | -8,95% | -18,16% | 0%",,15ddías,27.717.640,28.041.978 | 28.471.932 | 28.784.146 | 30.442.141 | 33.867.531 | 0,Delantero
2026-08-01,Musso,Atlético,-127.560 | -254.121 | -366.306 | -947.411 | -2.112.692 | -3.959.217,"-2,07% | -4,04% | -5,72% | -13,56% | -25,91% | -39,59%",,26ddías,6.040.783,6.168.343 | 6.294.904 | 6.407.089 | 6.988.194 | 8.153.475 | 10.000.000,Portero
2026-08-01,Olmo,Barcelona,-1.402.206 | -2.836.731 | -4.222.726 | -9.895.035 | -27.409.836 | -27.409.836,"-1,79% | -3,55% | -5,19% | -11,38% | 0% | 0%",,10ddías,77.069.894,78.472.100 | 79.906.625 | 81.292.620 | 86.964.929 | 0 | 0,Mediocampista
2026-08-01,Mario Martín,Getafe,0 | 0 | 0 | 0 | 0 | +15.472,"0,00% | 0,00% | 0,00% | 0,00% | 0,00% | +0,39%",,23ddías,4.015.472,4.015.472 | 4.015.472 | 4.015.472 | 4.015.472 | 4.015.472 | 4.000.000,Mediocampista
2026-08-01,Benito,Osasuna,-14.790 | -29.749 | -45.134 | -109.257 | -250.767 | -599.929,"-2,07% | -4,08% | -6,06% | -13,50% | -26,37% | -46,15%",,26ddías,700.071,714.861 | 729.820 | 745.205 | 809.328 | 950.838 | 1.300.000,Delantero
2026-08-01,Leo Román,Deportivo,+741.710 | +1.043.669 | +234.417 | +23.047.228 | +23.047.228 | +23.047.228,"+3,07% | +4,37% | +0,95% | 0% | 0% | 0%",,2ddías,24.915.650,24.173.940 | 23.871.981 | 24.681.233 | 0 | 0 | 0,Portero
2026-08-01,Ferrer,Getafe,0 | 0 | 0 | 0 | 0 | +2.705,"0,00% | 0,00% | 0,00% | 0,00% | 0,00% | +0,39%",,23ddías,702.705,702.705 | 702.705 | 702.705 | 702.705 | 702.705 | 700.000,Portero
2026-08-01,Boiro,Athletic,-10.893 | -21.794 | -32.951 | -78.325 | -159.324 | -393.442,"-1,76% | -3,47% | -5,15% | -11,44% | -20,80% | -39,34%",,10ddías,606.558,617.451 | 628.352 | 639.509 | 684.883 | 765.882 | 1.000.000,Defensa
2026-08-01,Jauregizar,Athletic,+441.485 | +757.084 | +1.170.175 | +2.771.372 | +5.933.958 | +9.013.566,"+1,87% | +3,26% | +5,12% | +13,05% | +32,82% | +60,09%",,25ddías,24.013.566,23.572.081 | 23.256.482 | 22.843.391 | 21.242.194 | 18.079.608 | 15.000.000,Mediocampista
2026-08-01,Padilla,Athletic,0 | 0 | 0 | 0 | 0 | +5.588,"0,00% | 0,00% | 0,00% | 0,00% | 0,00% | +0,37%",,23ddías,1.505.588,1.505.588 | 1.505.588 | 1.505.588 | 1.505.588 | 1.505.588 | 1.500.000,Portero
2026-08-01,Alvarez,Atlético,-679.132 | -1.318.942 | -1.672.795 | -2.699.325 | +25.833.751 | +25.833.751,"-0,91% | -1,75% | -2,21% | -3,52% | 0% | 0%",,7ddías,73.922.145,74.601.277 | 75.241.087 | 75.594.940 | 76.621.470 | 0 | 0,Delantero
2026-08-01,Álvaro,Deportivo,-83.004 | -167.031 | -228.964 | -687.657 | -1.746.246 | -3.594.899,"-1,39% | -2,75% | -3,73% | -10,43% | -22,82% | -37,84%",,26ddías,5.905.101,5.988.105 | 6.072.132 | 6.134.065 | 6.592.758 | 7.651.347 | 9.500.000,Portero
2026-08-01,Javi Rodríguez,Celta,0 | 0 | 0 | 0 | 0 | +37.652,"0,00% | 0,00% | 0,00% | 0,00% | 0,00% | +0,38%",,23ddías,10.037.652,10.037.652 | 10.037.652 | 10.037.652 | 10.037.652 | 10.037.652 | 10.000.000,Defensa
2026-08-01,Andrés Martín,Racing,-333.561 | -692.990 | -941.252 | -2.080.690 | -4.617.592 | +20.824.454,"-1,46% | -2,98% | -4,00% | -8,44% | -16,98% | 0%",,17ddías,22.575.762,22.909.323 | 23.268.752 | 23.517.014 | 24.656.452 | 27.193.354 | 0,Delantero
2026-08-01,Endrick,Real Madrid,-86.394 | -237.302 | -510.650 | +7.260.133 | +7.260.133 | +7.260.133,"-1,09% | -2,94% | -6,13% | 0% | 0% | 0%",,3ddías,7.826.122,7.912.516 | 8.063.424 | 8.336.772 | 0 | 0 | 0,Delantero
2026-08-01,Carreira,Celta,-62.291 | -134.364 | -237.911 | -674.459 | -1.487.324 | -977.868,"-0,88% | -1,88% | -3,28% | -8,76% | -17,48% | -12,22%",,20ddías,7.022.132,7.084.423 | 7.156.496 | 7.260.043 | 7.696.591 | 8.509.456 | 8.000.000,Defensa
2026-08-01,Sergio Gómez,Real Sociedad,-166.796 | -298.363 | -459.006 | -1.475.610 | -3.499.542 | -5.691.733,"-0,86% | -1,52% | -2,32% | -7,10% | -15,34% | -22,77%",,26ddías,19.308.267,19.475.063 | 19.606.630 | 19.767.273 | 20.783.877 | 22.807.809 | 25.000.000,Defensa
2026-08-01,Peque,Sevilla,-61.966 | -121.493 | -185.427 | -447.209 | -998.927 | -2.157.655,"-2,58% | -4,93% | -7,34% | -16,03% | -29,90% | -47,95%",,26ddías,2.342.345,2.404.311 | 2.463.838 | 2.527.772 | 2.789.554 | 3.341.272 | 4.500.000,Delantero
2026-08-01,Ejuke,Sevilla,-50.289 | -101.589 | -156.618 | -374.916 | -880.942 | -1.735.885,"-1,52% | -3,02% | -4,58% | -10,30% | -21,25% | -34,72%",,26ddías,3.264.115,3.314.404 | 3.365.704 | 3.420.733 | 3.639.031 | 4.145.057 | 5.000.000,Delantero
2026-08-01,Kambwala,Villarreal,-38.530 | -78.110 | -117.925 | -292.157 | -670.446 | -1.447.193,"-2,42% | -4,79% | -7,06% | -15,84% | -30,16% | -48,24%",,26ddías,1.552.807,1.591.337 | 1.630.917 | 1.670.732 | 1.844.964 | 2.223.253 | 3.000.000,Defensa
2026-08-01,Danjuma,Valencia,-18.062 | -59.325 | -98.411 | -337.362 | -824.790 | -1.609.568,"-0,41% | -1,33% | -2,19% | -7,14% | -15,82% | -26,83%",,26ddías,4.390.432,4.408.494 | 4.449.757 | 4.488.843 | 4.727.794 | 5.215.222 | 6.000.000,Delantero
2026-08-01,L. Sucic,Real Sociedad,-56.639 | -113.436 | -168.713 | -431.803 | -984.926 | -1.658.171,"-1,38% | -2,73% | -4,01% | -9,65% | -19,59% | -29,09%",,23ddías,4.041.829,4.098.468 | 4.155.265 | 4.210.542 | 4.473.632 | 5.026.755 | 5.700.000,Mediocampista
2026-08-01,Pépé,Villarreal,-935.655 | -1.988.967 | -2.998.694 | -7.888.902 | -36.338.978 | -36.338.978,"-1,65% | -3,45% | -5,12% | -12,42% | 0% | 0%",,11ddías,55.625.959,56.561.614 | 57.614.926 | 58.624.653 | 63.514.861 | 0 | 0,Delantero
2026-08-01,Pape Gueye,Villarreal,+61.331 | -69.893 | -142.869 | -1.793.004 | -5.741.938 | -10.675.499,"+0,16% | -0,18% | -0,36% | -4,36% | -12,74% | -21,35%",,1ddías,39.324.501,39.263.170 | 39.394.394 | 39.467.370 | 41.117.505 | 45.066.439 | 50.000.000,Mediocampista
2026-08-01,Losada,Betis,0 | 0 | 0 | 0 | 0 | +9.378,"0,00% | 0,00% | 0,00% | 0,00% | 0,00% | +0,38%",,23ddías,2.509.378,2.509.378 | 2.509.378 | 2.509.378 | 2.509.378 | 2.509.378 | 2.500.000,Delantero
2026-08-01,D. Llorente,Betis,+231.751 | +386.990 | +553.712 | +1.329.918 | +1.330.170 | +2.420.894,"+2,32% | +3,94% | +5,73% | +14,96% | +14,96% | +31,04%",,10ddías,10.220.894,9.989.143 | 9.833.904 | 9.667.182 | 8.890.976 | 8.890.724 | 7.800.000,Defensa
2026-08-01,Bretones,Osasuna,+71.351 | +132.021 | +207.962 | +312.220 | +181.158 | -131.957,"+3,40% | +6,48% | +10,61% | +16,82% | +9,12% | -5,74%",,8ddías,2.168.043,2.096.692 | 2.036.022 | 1.960.081 | 1.855.823 | 1.986.885 | 2.300.000,Defensa
2026-08-01,Pedro Díaz,Rayo,-34.505 | -77.647 | -110.785 | -279.184 | -719.254 | -1.816.259,"-1,56% | -3,43% | -4,83% | -11,34% | -24,78% | -45,41%",,27ddías,2.183.741,2.218.246 | 2.261.388 | 2.294.526 | 2.462.925 | 2.902.995 | 4.000.000,Mediocampista
2026-08-01,Durán,Celta,-44.539 | -81.809 | -130.135 | -324.450 | -729.235 | -1.448.350,"-2,79% | -5,01% | -7,74% | -17,29% | -31,97% | -48,28%",,26ddías,1.551.650,1.596.189 | 1.633.459 | 1.681.785 | 1.876.100 | 2.280.885 | 3.000.000,Delantero
2026-08-01,Hugo Álvarez,Celta,-84.684 | -171.617 | -254.436 | -626.833 | -1.399.141 | -2.730.308,"-2,20% | -4,35% | -6,32% | -14,26% | -27,07% | -42,00%",,26ddías,3.769.692,3.854.376 | 3.941.309 | 4.024.128 | 4.396.525 | 5.168.833 | 6.500.000,Mediocampista
2026-08-01,Mbappé,Real Madrid,-422.233 | -1.078.723 | -1.789.430 | -7.208.697 | -24.431.677 | -24.431.677,"-0,32% | -0,82% | -1,35% | -5,21% | 0% | 0%",,8ddías,131.053.762,131.475.995 | 132.132.485 | 132.843.192 | 138.262.459 | 0 | 0,Delantero
2026-08-01,Sannadi,Athletic,-5.854 | -11.504 | -17.192 | -38.315 | -78.777 | -214.410,"-1,19% | -2,31% | -3,42% | -7,31% | -13,96% | -30,63%",,26ddías,485.590,491.444 | 497.094 | 502.782 | 523.905 | 564.367 | 700.000,Delantero
2026-08-01,Asencio,Real Madrid,-228.833 | -417.650 | -590.151 | -1.287.845 | -2.671.918 | -5.052.893,"-3,15% | -5,59% | -7,73% | -15,45% | -27,49% | -41,76%",,26ddías,7.047.107,7.275.940 | 7.464.757 | 7.637.258 | 8.334.952 | 9.719.025 | 12.100.000,Defensa
2026-08-01,Roberto,Espanyol,-50.396 | -91.932 | -145.438 | -377.377 | -844.104 | -1.384.266,"-0,89% | -1,61% | -2,52% | -6,30% | -13,07% | -19,78%",,21ddías,5.615.734,5.666.130 | 5.707.666 | 5.761.172 | 5.993.111 | 6.459.838 | 7.000.000,Delantero
2026-08-01,Garcés,Alavés,-20.169 | -40.731 | -61.952 | -151.956 | -350.288 | -670.838,"-2,37% | -4,68% | -6,95% | -15,49% | -29,70% | -44,72%",,26ddías,829.162,849.331 | 869.893 | 891.114 | 981.118 | 1.179.450 | 1.500.000,Defensa
2026-08-01,Toni Fernández,Barcelona,0 | 0 | 0 | 0 | 0 | +2.319,"0,00% | 0,00% | 0,00% | 0,00% | 0,00% | +0,39%",,23ddías,602.319,602.319 | 602.319 | 602.319 | 602.319 | 602.319 | 600.000,Delantero
2026-08-01,Guille,Barcelona,0 | 0 | 0 | 0 | 0 | +2.705,"0,00% | 0,00% | 0,00% | 0,00% | 0,00% | +0,39%",,23ddías,702.705,702.705 | 702.705 | 702.705 | 702.705 | 702.705 | 700.000,Mediocampista
2026-08-01,Pablo Ramón,Espanyol,-9.112 | -18.158 | -27.383 | -37.752 | -37.752 | -36.178,"-1,59% | -3,12% | -4,63% | 0% | 0% | -6,03%",,3ddías,563.822,572.934 | 581.980 | 591.205 | 0 | 0 | 600.000,Mediocampista
2026-08-01,Antony,Betis,-1.690.002 | -2.972.716 | -4.277.175 | -9.083.234 | -15.250.497 | -6.828.281,"-2,42% | -4,18% | -5,90% | -11,76% | -18,28% | -9,10%",,13ddías,68.171.719,69.861.721 | 71.144.435 | 72.448.894 | 77.254.953 | 83.422.216 | 75.000.000,Delantero
2026-08-01,Spina,Atlético,0 | 0 | 0 | 0 | 0 | +2.702,"0,00% | 0,00% | 0,00% | 0,00% | 0,00% | +0,39%",,23ddías,702.702,702.702 | 702.702 | 702.702 | 702.702 | 702.702 | 700.000,Defensa
2026-08-01,El-Abdellaoui,Celta,0 | 0 | 0 | 0 | 0 | +4.893,"0,00% | 0,00% | 0,00% | 0,00% | 0,00% | +0,38%",,23ddías,1.304.893,1.304.893 | 1.304.893 | 1.304.893 | 1.304.893 | 1.304.893 | 1.300.000,Delantero
2026-08-01,Lago,Celta,0 | 0 | 0 | 0 | 0 | +2.633,"0,00% | 0,00% | 0,00% | 0,00% | 0,00% | +0,38%",,23ddías,702.633,702.633 | 702.633 | 702.633 | 702.633 | 702.633 | 700.000,Defensa
2026-08-01,Mestre,Real Madrid,0 | 0 | 0 | 0 | 0 | -22.140,"0,00% | 0,00% | 0,00% | 0,00% | 0,00% | -3,16%",,23ddías,677.860,677.860 | 677.860 | 677.860 | 677.860 | 677.860 | 700.000,Portero
2026-08-01,Jiménez,Real Madrid,0 | 0 | 0 | 0 | 0 | +2.248,"0,00% | 0,00% | 0,00% | 0,00% | 0,00% | +0,37%",,23ddías,602.248,602.248 | 602.248 | 602.248 | 602.248 | 602.248 | 600.000,Defensa
2026-08-01,Valera,Elche,-277.344 | -549.254 | -831.999 | -1.882.520 | -3.256.780 | -37.994.100,"-1,09% | -2,14% | -3,20% | -6,97% | -11,47% | 0%",,17ddías,25.135.277,25.412.621 | 25.684.531 | 25.967.276 | 27.017.797 | 28.392.057 | 0,Mediocampista
2026-08-01,Buchanan,Villarreal,+93.751 | +193.493 | +298.583 | +1.198.591 | +3.030.173 | +4.626.366,"+0,48% | +1,00% | +1,54% | +6,50% | +18,26% | +30,84%",,22ddías,19.626.366,19.532.615 | 19.432.873 | 19.327.783 | 18.427.775 | 16.596.193 | 15.000.000,Mediocampista
2026-08-01,Serrano,Atlético,-5.304 | -10.383 | -15.475 | -33.956 | -75.259 | -227.586,"-1,11% | -2,15% | -3,17% | -6,71% | -13,74% | -32,51%",,26ddías,472.414,477.718 | 482.797 | 487.889 | 506.370 | 547.673 | 700.000,Mediocampista
2026-08-01,Szczesny,Barcelona,0 | 0 | 0 | 0 | 0 | +8.400,"0,00% | 0,00% | 0,00% | 0,00% | 0,00% | +0,26%",,23ddías,3.208.400,3.208.400 | 3.208.400 | 3.208.400 | 3.208.400 | 3.208.400 | 3.200.000,Portero
2026-08-01,Jon Martín,Real Sociedad,0 | 0 | 0 | 0 | 0 | +111.790,"0,00% | 0,00% | 0,00% | 0,00% | 0,00% | +0,37%",,23ddías,30.111.790,30.111.790 | 30.111.790 | 30.111.790 | 30.111.790 | 30.111.790 | 30.000.000,Defensa
2026-08-01,Manu González,Betis,0 | 0 | 0 | 0 | 0 | -18.309,"0,00% | 0,00% | 0,00% | 0,00% | 0,00% | -3,05%",,23ddías,581.691,581.691 | 581.691 | 581.691 | 581.691 | 581.691 | 600.000,Portero
2026-08-01,Aramburu,Real Sociedad,+412.880 | +765.932 | +1.128.836 | +2.389.779 | +4.136.024 | +6.278.293,"+3,21% | +6,12% | +9,29% | +21,95% | +45,24% | +89,69%",,25ddías,13.278.293,12.865.413 | 12.512.361 | 12.149.457 | 10.888.514 | 9.142.269 | 7.000.000,Defensa
2026-08-01,Luiz Junior,Villarreal,+1.083.927 | +1.913.948 | +2.994.947 | +6.034.410 | +9.968.093 | +15.597.883,"+3,14% | +5,68% | +9,19% | +20,41% | +38,89% | +77,99%",,25ddías,35.597.883,34.513.956 | 33.683.935 | 32.602.936 | 29.563.473 | 25.629.790 | 20.000.000,Portero
2026-08-01,Logan Costa,Villarreal,-34.372 | -70.725 | -111.870 | -285.444 | -655.700 | -1.346.301,"-2,04% | -4,10% | -6,34% | -14,72% | -28,39% | -44,88%",,26ddías,1.653.699,1.688.071 | 1.724.424 | 1.765.569 | 1.939.143 | 2.309.399 | 3.000.000,Defensa
2026-08-01,Iturbe,Elche,0 | 0 | 0 | 0 | 0 | +2.099,"0,00% | 0,00% | 0,00% | 0,00% | 0,00% | +0,26%",,23ddías,802.099,802.099 | 802.099 | 802.099 | 802.099 | 802.099 | 800.000,Portero
2026-08-01,Lo Celso,Betis,+747.458 | +1.532.926 | +2.449.840 | +5.731.621 | +11.253.276 | +16.899.833,"+2,07% | +4,33% | +7,11% | +18,39% | +43,88% | +84,50%",,25ddías,36.899.833,36.152.375 | 35.366.907 | 34.449.993 | 31.168.212 | 25.646.557 | 20.000.000,Mediocampista
2026-08-01,Otorbi,Valencia,0 | 0 | 0 | 0 | 0 | +2.292,"0,00% | 0,00% | 0,00% | 0,00% | 0,00% | +0,38%",,23ddías,602.292,602.292 | 602.292 | 602.292 | 602.292 | 602.292 | 600.000,Delantero
2026-08-01,Alfon,Sevilla,0 | 0 | 0 | 0 | 0 | +26.761,"0,00% | 0,00% | 0,00% | 0,00% | 0,00% | +0,38%",,23ddías,7.026.761,7.026.761 | 7.026.761 | 7.026.761 | 7.026.761 | 7.026.761 | 7.000.000,Delantero
2026-08-01,Etta Eyong,Levante,+678.217 | +981.171 | +1.686.860 | +3.134.260 | +4.895.646 | +8.972.880,"+3,92% | +5,77% | +10,36% | +21,12% | +37,44% | +99,70%",,25ddías,17.972.880,17.294.663 | 16.991.709 | 16.286.020 | 14.838.620 | 13.077.234 | 9.000.000,Delantero
2026-08-01,Risco,Getafe,0 | 0 | 0 | 0 | 0 | +2.705,"0,00% | 0,00% | 0,00% | 0,00% | 0,00% | +0,39%",,23ddías,702.705,702.705 | 702.705 | 702.705 | 702.705 | 702.705 | 700.000,Mediocampista
2026-08-01,De la Sías,Rayo,0 | 0 | 0 | 0 | 0 | +2.234,"0,00% | 0,00% | 0,00% | 0,00% | 0,00% | +0,37%",,23ddías,602.234,602.234 | 602.234 | 602.234 | 602.234 | 602.234 | 600.000,Defensa
2026-08-01,Óskarsson,Real Sociedad,-137.218 | -288.954 | -442.184 | -1.321.851 | -2.908.172 | -5.288.381,"-1,39% | -2,89% | -4,35% | -11,98% | -23,04% | -35,26%",,26ddías,9.711.619,9.848.837 | 10.000.573 | 10.153.803 | 11.033.470 | 12.619.791 | 15.000.000,Delantero
2026-08-01,Alberto,Sevilla,0 | 0 | 0 | 0 | 0 | +2.633,"0,00% | 0,00% | 0,00% | 0,00% | 0,00% | +0,38%",,23ddías,702.633,702.633 | 702.633 | 702.633 | 702.633 | 702.633 | 700.000,Portero
2026-08-01,Pau Navarro,Villarreal,-151.371 | -352.791 | -525.063 | -1.325.443 | -2.941.757 | -5.542.854,"-1,43% | -3,26% | -4,78% | -11,25% | -21,96% | -34,64%",,26ddías,10.457.146,10.608.517 | 10.809.937 | 10.982.209 | 11.782.589 | 13.398.903 | 16.000.000,Defensa
2026-08-01,Cabanes,Villarreal,0 | 0 | 0 | 0 | 0 | +2.292,"0,00% | 0,00% | 0,00% | 0,00% | 0,00% | +0,38%",,23ddías,602.292,602.292 | 602.292 | 602.292 | 602.292 | 602.292 | 600.000,Delantero
2026-08-01,Carlos Martín,Atlético,0 | 0 | 0 | 0 | 0 | -81.510,"0,00% | 0,00% | 0,00% | 0,00% | 0,00% | -3,54%",,23ddías,2.218.490,2.218.490 | 2.218.490 | 2.218.490 | 2.218.490 | 2.218.490 | 2.300.000,Mediocampista
2026-08-01,Bernal,Barcelona,-239.123 | -239.123 | -239.123 | -239.123 | -239.123 | -225.199,"-6,62% | -6,62% | -6,62% | -6,62% | -6,62% | -6,26%",,1ddías,3.374.801,3.613.924 | 3.613.924 | 3.613.924 | 3.613.924 | 3.613.924 | 3.600.000,Mediocampista
2026-08-01,Romero,Villarreal,-11.352 | -523.532 | -1.635.604 | -2.849.926 | -2.849.926 | -2.718.706,"-0,04% | -1,60% | -4,82% | -8,11% | -8,11% | -7,77%",,4ddías,32.281.294,32.292.646 | 32.804.826 | 33.916.898 | 35.131.220 | 35.131.220 | 35.000.000,Defensa
2026-08-01,Hugo González,Celta,0 | 0 | 0 | 0 | 0 | +5.646,"0,00% | 0,00% | 0,00% | 0,00% | 0,00% | +0,38%",,23ddías,1.505.646,1.505.646 | 1.505.646 | 1.505.646 | 1.505.646 | 1.505.646 | 1.500.000,Mediocampista
2026-08-01,Diego López,Valencia,-99.388 | -203.435 | -307.372 | -756.960 | -1.700.969 | -2.699.988,"-2,92% | -5,81% | -8,52% | -18,66% | -34,01% | -45,00%",,26ddías,3.300.012,3.399.400 | 3.503.447 | 3.607.384 | 4.056.972 | 5.000.981 | 6.000.000,Delantero
2026-08-01,Rosier,Osasuna,-267.178 | -543.035 | -818.599 | -1.665.872 | -2.446.213 | -2.303.154,"-2,98% | -5,88% | -8,60% | -16,08% | -21,95% | -20,94%",,21ddías,8.696.846,8.964.024 | 9.239.881 | 9.515.445 | 10.362.718 | 11.143.059 | 11.000.000,Defensa
2026-08-01,Pepelu,Valencia,-98.404 | -235.341 | -360.331 | -831.362 | -1.717.651 | -1.668.232,"-1,17% | -2,75% | -4,15% | -9,07% | -17,09% | -16,68%",,21ddías,8.331.768,8.430.172 | 8.567.109 | 8.692.099 | 9.163.130 | 10.049.419 | 10.000.000,Mediocampista
2026-08-01,Foulquier,Valencia,-63.865 | -142.193 | -259.776 | -387.782 | -387.782 | -373.638,"-1,88% | -4,10% | -7,24% | -10,44% | -10,44% | -10,10%",,4ddías,3.326.362,3.390.227 | 3.468.555 | 3.586.138 | 3.714.144 | 3.714.144 | 3.700.000,Defensa
2026-08-01,Jesús Vázquez,Valencia,-51.734 | -108.246 | -162.437 | -399.434 | -930.590 | -2.035.165,"-2,33% | -4,76% | -6,98% | -15,58% | -30,06% | -48,46%",,26ddías,2.164.835,2.216.569 | 2.273.081 | 2.327.272 | 2.564.269 | 3.095.425 | 4.200.000,Defensa
2026-08-01,Fran Pérez,Rayo,-26.292 | -53.439 | -81.515 | -192.878 | -431.630 | -942.368,"-2,43% | -4,81% | -7,16% | -15,42% | -28,98% | -47,12%",,26ddías,1.057.632,1.083.924 | 1.111.071 | 1.139.147 | 1.250.510 | 1.489.262 | 2.000.000,Mediocampista
2026-08-01,Tárrega,Valencia,-57.754 | -107.384 | -247.827 | -662.034 | -1.722.159 | -3.188.780,"-0,62% | -1,14% | -2,59% | -6,64% | -15,61% | -25,51%",,26ddías,9.311.220,9.368.974 | 9.418.604 | 9.559.047 | 9.973.254 | 11.033.379 | 12.500.000,Defensa
2026-08-01,Rivero,Valencia,-11.016 | -22.046 | -33.336 | -79.302 | -149.811 | -390.492,"-1,78% | -3,49% | -5,19% | -11,51% | -19,73% | -39,05%",,9ddías,609.508,620.524 | 631.554 | 642.844 | 688.810 | 759.319 | 1.000.000,Portero
2026-08-01,Iranzo,Valencia,0 | 0 | 0 | 0 | 0 | +2.292,"0,00% | 0,00% | 0,00% | 0,00% | 0,00% | +0,38%",,23ddías,602.292,602.292 | 602.292 | 602.292 | 602.292 | 602.292 | 600.000,Defensa
2026-08-01,Comesaña,Villarreal,-460.636 | -1.058.006 | -1.711.614 | -3.810.712 | -6.201.250 | -9.229.610,"-1,67% | -3,76% | -5,95% | -12,34% | -18,64% | -25,43%",,26ddías,27.070.390,27.531.026 | 28.128.396 | 28.782.004 | 30.881.102 | 33.271.640 | 36.300.000,Mediocampista
2026-08-01,Gerard,Villarreal,-386.360 | -696.641 | -1.074.611 | -2.533.820 | -5.860.977 | -9.475.036,"-1,25% | -2,23% | -3,40% | -7,66% | -16,11% | -23,69%",,26ddías,30.524.964,30.911.324 | 31.221.605 | 31.599.575 | 33.058.784 | 36.385.941 | 40.000.000,Delantero
2026-08-01,Foyth,Villarreal,-836.632 | -836.632 | -836.632 | -836.632 | -836.632 | -788.843,"-6,67% | -6,67% | -6,67% | -6,67% | -6,67% | -6,31%",,1ddías,11.711.157,12.547.789 | 12.547.789 | 12.547.789 | 12.547.789 | 12.547.789 | 12.500.000,Defensa
2026-08-01,Sörloth,Atlético,-350.619 | -690.805 | -1.227.390 | -2.798.950 | -6.347.507 | -11.562.473,"-1,22% | -2,37% | -4,14% | -8,96% | -18,25% | -28,91%",,26ddías,28.437.527,28.788.146 | 29.128.332 | 29.664.917 | 31.236.477 | 34.785.034 | 40.000.000,Delantero
2026-08-01,Baena,Atlético,-945.431 | -1.033.949 | -509.122 | +4.585.423 | +15.325.024 | +25.363.658,"-1,33% | -1,45% | -0,72% | +6,97% | +27,84% | +56,36%",,2ddías,70.363.658,71.309.089 | 71.397.607 | 70.872.780 | 65.778.235 | 55.038.634 | 45.000.000,Mediocampista
2026-08-01,Gayà,Valencia,-160.851 | -350.546 | -471.772 | -1.387.197 | -2.853.079 | -5.320.480,"-1,25% | -2,69% | -3,59% | -9,86% | -18,37% | -29,56%",,26ddías,12.679.520,12.840.371 | 13.030.066 | 13.151.292 | 14.066.717 | 15.532.599 | 18.000.000,Defensa
2026-08-01,Almeida,Valencia,-88.457 | -176.979 | -272.981 | -656.452 | -1.463.832 | -2.965.561,"-2,51% | -4,90% | -7,36% | -16,05% | -29,88% | -46,34%",,26ddías,3.434.439,3.522.896 | 3.611.418 | 3.707.420 | 4.090.891 | 4.898.271 | 6.400.000,Mediocampista
2026-08-01,Terrats,Getafe,0 | 0 | 0 | 0 | 0 | +10.495,"0,00% | 0,00% | 0,00% | 0,00% | 0,00% | +0,37%",,23ddías,2.810.495,2.810.495 | 2.810.495 | 2.810.495 | 2.810.495 | 2.810.495 | 2.800.000,Mediocampista
2026-08-01,Mariano,Alavés,-36.232 | -74.437 | -112.002 | -279.324 | -628.665 | -1.393.204,"-2,70% | -5,39% | -7,89% | -17,61% | -32,48% | -51,60%",,26ddías,1.306.796,1.343.028 | 1.381.233 | 1.418.798 | 1.586.120 | 1.935.461 | 2.700.000,Delantero
2026-08-01,Urko,Espanyol,-42.509 | -104.576 | -169.346 | -452.137 | -914.699 | -1.898.256,"-0,83% | -2,01% | -3,21% | -8,14% | -15,20% | -27,12%",,23ddías,5.101.744,5.144.253 | 5.206.320 | 5.271.090 | 5.553.881 | 6.016.443 | 7.000.000,Mediocampista
2026-08-01,Dmitrovic,Espanyol,+974.416 | +1.928.214 | +2.860.717 | +5.563.591 | +9.016.215 | +13.283.508,"+3,57% | +7,32% | +11,25% | +24,49% | +46,80% | +88,56%",,25ddías,28.283.508,27.309.092 | 26.355.294 | 25.422.791 | 22.719.917 | 19.267.293 | 15.000.000,Portero
2026-08-01,Gattoni,Sevilla,-5.691 | -11.173 | -16.686 | -37.031 | -82.425 | -218.290,"-1,17% | -2,27% | -3,35% | -7,14% | -14,61% | -31,18%",,26ddías,481.710,487.401 | 492.883 | 498.396 | 518.741 | 564.135 | 700.000,Defensa
2026-08-01,Pedrosa,Sevilla,0 | 0 | 0 | 0 | 0 | +12.788,"0,00% | 0,00% | 0,00% | 0,00% | 0,00% | +0,39%",,23ddías,3.312.788,3.312.788 | 3.312.788 | 3.312.788 | 3.312.788 | 3.312.788 | 3.300.000,Defensa
2026-08-01,Jordan,Sevilla,-13.403 | -26.917 | -40.797 | -98.245 | -225.099 | -533.224,"-1,97% | -3,88% | -5,77% | -12,84% | -25,24% | -44,44%",,26ddías,666.776,680.179 | 693.693 | 707.573 | 765.021 | 891.875 | 1.200.000,Mediocampista
2026-08-01,Rafa Mir,Sevilla,0 | 0 | 0 | 0 | 0 | +27.127,"0,00% | 0,00% | 0,00% | 0,00% | 0,00% | +0,39%",,23ddías,7.027.127,7.027.127 | 7.027.127 | 7.027.127 | 7.027.127 | 7.027.127 | 7.000.000,Delantero
2026-08-01,Sow,Sevilla,-6.831 | -90.652 | -124.748 | -401.789 | -1.248.378 | -1.510.090,"-0,08% | -1,06% | -1,45% | -4,52% | -12,82% | -15,10%",,21ddías,8.489.910,8.496.741 | 8.580.562 | 8.614.658 | 8.891.699 | 9.738.288 | 10.000.000,Mediocampista
2026-08-01,Duro,Valencia,-64.935 | -188.712 | -227.007 | -761.946 | -1.763.028 | -2.459.622,"-0,68% | -1,94% | -2,32% | -7,40% | -15,60% | -20,50%",,21ddías,9.540.378,9.605.313 | 9.729.090 | 9.767.385 | 10.302.324 | 11.303.406 | 12.000.000,Delantero
2026-08-01,Marcão,Sevilla,-20.817 | -42.270 | -64.419 | -158.423 | -343.202 | -750.119,"-2,39% | -4,74% | -7,05% | -15,71% | -28,77% | -46,88%",,26ddías,849.881,870.698 | 892.151 | 914.300 | 1.008.304 | 1.193.083 | 1.600.000,Defensa
2026-08-01,Juanlu,Sevilla,-43.514 | -90.104 | -131.772 | -300.694 | -821.900 | -1.959.003,"-1,41% | -2,88% | -4,15% | -9,00% | -21,28% | -39,18%",,27ddías,3.040.997,3.084.511 | 3.131.101 | 3.172.769 | 3.341.691 | 3.862.897 | 5.000.000,Mediocampista
2026-08-01,Manu Bueno,Sevilla,0 | 0 | 0 | 0 | 0 | +2.099,"0,00% | 0,00% | 0,00% | 0,00% | 0,00% | +0,26%",,23ddías,802.099,802.099 | 802.099 | 802.099 | 802.099 | 802.099 | 800.000,Mediocampista
2026-08-01,Diakhaby,Valencia,-171.322 | -335.731 | -480.702 | -1.285.263 | -1.285.263 | -1.250.855,"-2,16% | -4,15% | -5,84% | -14,23% | -14,23% | -13,90%",,6ddías,7.749.145,7.920.467 | 8.084.876 | 8.229.847 | 9.034.408 | 9.034.408 | 9.000.000,Defensa
2026-08-01,Canós,Valencia,-11.582 | -23.200 | -35.103 | -776.353 | -776.353 | -776.353,"-1,82% | -3,59% | -5,33% | 0% | 0% | 0%",,3ddías,623.063,634.645 | 646.263 | 658.166 | 0 | 0 | 0,Delantero
2026-08-01,Javi Guerra,Valencia,-202.634 | -505.836 | -832.448 | -1.539.654 | -3.164.699 | +22.377.577,"-0,79% | -1,96% | -3,18% | -5,74% | -11,12% | 0%",,16ddías,25.304.928,25.507.562 | 25.810.764 | 26.137.376 | 26.844.582 | 28.469.627 | 0,Mediocampista
2026-08-01,Femenia,Getafe,-39.552 | -101.920 | -148.271 | -405.491 | -1.095.201 | -2.231.339,"-1,04% | -2,63% | -3,79% | -9,71% | -22,52% | -37,19%",,26ddías,3.768.661,3.808.213 | 3.870.581 | 3.916.932 | 4.174.152 | 4.863.862 | 6.000.000,Defensa
2026-08-01,Íñigo Pérez,Villarreal,-19.564 | -38.270 | -35.762 | -97.569 | -347.931 | -341.369,"-0,90% | -1,74% | -1,63% | -4,32% | 0% | -13,65%",,2ddías,2.158.631,2.178.195 | 2.196.901 | 2.194.393 | 2.256.200 | 0 | 2.500.000,
2026-08-01,Denis Suárez,Alavés,-74.135 | -150.274 | -235.073 | -593.734 | -1.357.985 | -2.780.493,"-2,25% | -4,46% | -6,80% | -15,57% | -29,67% | -46,34%",,26ddías,3.219.507,3.293.642 | 3.369.781 | 3.454.580 | 3.813.241 | 4.577.492 | 6.000.000,Mediocampista
2026-08-01,El Hilali,Espanyol,+157.845 | +254.912 | +401.591 | +767.437 | +1.099.633 | +1.539.346,"+2,29% | +3,76% | +6,05% | +12,24% | +18,51% | +27,99%",,10ddías,7.039.346,6.881.501 | 6.784.434 | 6.637.755 | 6.271.909 | 5.939.713 | 5.500.000,Defensa
2026-08-01,Mouriño,Villarreal,+627.321 | +1.137.369 | +1.733.619 | +3.865.302 | +7.401.292 | +11.402.640,"+1,86% | +3,42% | +5,31% | +12,66% | +27,41% | +49,58%",,24ddías,34.402.640,33.775.319 | 33.265.271 | 32.669.021 | 30.537.338 | 27.001.348 | 23.000.000,Defensa
2026-08-01,Serrano,Athletic,-39.829 | -80.679 | -117.931 | -287.851 | -644.297 | -1.479.003,"-2,93% | -5,76% | -8,20% | -17,89% | -32,78% | -52,82%",,27ddías,1.320.997,1.360.826 | 1.401.676 | 1.438.928 | 1.608.848 | 1.965.294 | 2.800.000,Delantero
2026-08-01,Raba,Valencia,-57.484 | -116.925 | -178.276 | -420.285 | -946.077 | -2.246.004,"-2,49% | -4,93% | -7,33% | -15,72% | -29,56% | -49,91%",,26ddías,2.253.996,2.311.480 | 2.370.921 | 2.432.272 | 2.674.281 | 3.200.073 | 4.500.000,Delantero
2026-08-01,Conde,Betis,+86.068 | -21 | -82.597 | -368.152 | -744.081 | -1.458.411,"+2,91% | 0,00% | -2,64% | -10,80% | -19,66% | -32,41%",,1ddías,3.041.589,2.955.521 | 3.041.610 | 3.124.186 | 3.409.741 | 3.785.670 | 4.500.000,Portero
2026-08-01,Raul Moro,Osasuna,+114.978 | +136.412 | +154.519 | -84.123 | -1.056.870 | -1.461.236,"+1,10% | +1,31% | +1,49% | -0,79% | -9,11% | -12,18%",,3ddías,10.538.764,10.423.786 | 10.402.352 | 10.384.245 | 10.622.887 | 11.595.634 | 12.000.000,Delantero
2026-08-01,Boyomo,Osasuna,+545.853 | +933.489 | +1.537.401 | +3.063.633 | +5.425.373 | +6.711.710,"+2,58% | +4,49% | +7,62% | +16,43% | +33,31% | +44,74%",,22ddías,21.711.710,21.165.857 | 20.778.221 | 20.174.309 | 18.648.077 | 16.286.337 | 15.000.000,Defensa
2026-08-01,Fortuño,Espanyol,-14.349 | -28.850 | -43.757 | -77.565 | -205.099 | -510.492,"-2,04% | -4,02% | -5,97% | -10,11% | -22,93% | -42,54%",,6ddías,689.508,703.857 | 718.358 | 733.265 | 767.073 | 894.607 | 1.200.000,Portero
2026-08-01,Rubén Sánchez,Espanyol,-8.689 | -17.295 | -26.060 | -60.829 | -137.893 | -346.341,"-1,55% | -3,03% | -4,50% | -9,90% | -19,94% | -38,48%",,26ddías,553.659,562.348 | 570.954 | 579.719 | 614.488 | 691.552 | 900.000,Mediocampista
2026-08-01,Edu Expósito,Espanyol,-383.508 | -723.547 | -960.810 | -2.471.296 | -5.725.851 | -13.024.713,"-1,34% | -2,51% | -3,30% | -8,07% | -16,91% | 0%",,15ddías,28.141.680,28.525.188 | 28.865.227 | 29.102.490 | 30.612.976 | 33.867.531 | 0,Mediocampista
2026-08-01,Fornals,Betis,-1.670.615 | -3.469.501 | -5.336.357 | -13.501.532 | -72.131.305 | -72.131.305,"-2,29% | -4,65% | -6,98% | -15,95% | 0% | 0%",,9ddías,71.157.995,72.828.610 | 74.627.496 | 76.494.352 | 84.659.527 | 0 | 0,Mediocampista
2026-08-01,Jofre,Espanyol,-28.984 | -63.739 | -102.794 | -265.734 | -616.831 | -1.335.277,"-1,94% | -4,17% | -6,56% | -15,36% | -29,63% | -47,69%",,26ddías,1.464.723,1.493.707 | 1.528.462 | 1.567.517 | 1.730.457 | 2.081.554 | 2.800.000,Delantero
2026-08-01,Pere Milla,Espanyol,-94.083 | -149.985 | -172.270 | -32.679 | +568.181 | +2.633.972,"-0,88% | -1,39% | -1,59% | -0,31% | +5,64% | +32,92%",,4ddías,10.633.972,10.728.055 | 10.783.957 | 10.806.242 | 10.666.651 | 10.065.791 | 8.000.000,Delantero
2026-08-01,Lozano,Espanyol,-55.671 | -115.650 | -169.946 | -428.186 | -995.097 | -2.127.624,"-1,90% | -3,87% | -5,59% | -12,97% | -25,73% | -42,55%",,26ddías,2.872.376,2.928.047 | 2.988.026 | 3.042.322 | 3.300.562 | 3.867.473 | 5.000.000,Mediocampista
2026-08-01,Puado,Espanyol,-314.404 | -623.562 | -948.577 | -2.309.910 | -5.035.308 | -5.018.410,"-3,05% | -5,88% | -8,68% | -18,79% | -33,53% | -33,46%",,17ddías,9.981.590,10.295.994 | 10.605.152 | 10.930.167 | 12.291.500 | 15.016.898 | 15.000.000,Mediocampista
2026-08-01,Cabrera,Espanyol,-153.957 | -303.641 | -444.334 | -980.359 | -2.022.501 | +5.586.035,"-0,91% | -1,77% | -2,57% | -5,50% | -10,72% | 0%",,19ddías,16.844.798,16.998.755 | 17.148.439 | 17.289.132 | 17.825.157 | 18.867.299 | 0,Defensa
2026-08-01,Calero,Málaga,0 | 0 | 0 | 0 | 0 | +13.120,"0,00% | 0,00% | 0,00% | 0,00% | 0,00% | +0,37%",,23ddías,3.513.120,3.513.120 | 3.513.120 | 3.513.120 | 3.513.120 | 3.513.120 | 3.500.000,Defensa
2026-08-01,Joan Garcia,Barcelona,0 | 0 | 0 | 0 | 0 | +193.416,"0,00% | 0,00% | 0,00% | 0,00% | 0,00% | +0,39%",,23ddías,50.193.416,50.193.416 | 50.193.416 | 50.193.416 | 50.193.416 | 50.193.416 | 50.000.000,Portero
2026-08-01,Akhomach,Villarreal,-170.005 | -360.528 | -614.803 | -889.840 | -889.840 | -859.719,"-2,33% | -4,81% | -7,93% | -11,08% | -11,08% | -10,75%",,4ddías,7.140.281,7.310.286 | 7.500.809 | 7.755.084 | 8.030.121 | 8.030.121 | 8.000.000,Delantero
2026-08-01,Fort,Barcelona,-351.919 | -351.919 | -351.919 | -351.919 | -351.919 | -332.543,"-7,01% | -7,01% | -7,01% | -7,01% | -7,01% | -6,65%",,1ddías,4.667.457,5.019.376 | 5.019.376 | 5.019.376 | 5.019.376 | 5.019.376 | 5.000.000,Defensa
2026-08-01,Juanmi,Getafe,-17.559 | -35.404 | -53.795 | -131.246 | -280.967 | -733.448,"-2,24% | -4,41% | -6,56% | -14,62% | -26,82% | -48,90%",,26ddías,766.552,784.111 | 801.956 | 820.347 | 897.798 | 1.047.519 | 1.500.000,Delantero
2026-08-01,Altimira,Deportivo,-71.905 | -164.686 | -282.554 | -587.358 | -1.193.204 | -1.331.940,"-1,25% | -2,82% | -4,75% | -9,39% | -17,39% | -19,03%",,20ddías,5.668.060,5.739.965 | 5.832.746 | 5.950.614 | 6.255.418 | 6.861.264 | 7.000.000,Defensa
2026-08-01,Manu Sánchez,Levante,0 | +55.403 | 0 | -484.326 | -484.326 | -461.815,"0,00% | +1,01% | 0,00% | -8,04% | -8,04% | -7,70%",,1ddías,5.538.185,5.538.185 | 5.482.782 | 5.538.185 | 6.022.511 | 6.022.511 | 6.000.000,Defensa
2026-08-01,Raúl García,Osasuna,-57.178 | -116.997 | -182.595 | -451.597 | -1.021.729 | -2.201.098,"-2,24% | -4,47% | -6,81% | -15,31% | -29,02% | -46,83%",,26ddías,2.498.902,2.556.080 | 2.615.899 | 2.681.497 | 2.950.499 | 3.520.631 | 4.700.000,Delantero
2026-08-01,Kike Salas,Sevilla,-131.159 | -270.109 | -436.102 | -1.060.141 | -2.258.279 | -3.845.706,"-1,07% | -2,17% | -3,46% | -8,02% | -15,67% | -24,04%",,24ddías,12.154.294,12.285.453 | 12.424.403 | 12.590.396 | 13.214.435 | 14.412.573 | 16.000.000,Defensa
2026-08-01,F. Carreras,Real Madrid,-402.498 | -863.218 | -1.324.991 | -3.179.521 | -6.635.819 | -12.311.338,"-2,26% | -4,73% | -7,08% | -15,46% | -27,62% | -41,45%",,26ddías,17.388.662,17.791.160 | 18.251.880 | 18.713.653 | 20.568.183 | 24.024.481 | 29.700.000,Defensa
2026-08-01,Giuliano,Atlético,-435.525 | -440.646 | -139.016 | +2.775.918 | +9.927.602 | +19.686.761,"-0,79% | -0,80% | -0,25% | +5,35% | +22,18% | +56,25%",,2ddías,54.686.761,55.122.286 | 55.127.407 | 54.825.777 | 51.910.843 | 44.759.159 | 35.000.000,Delantero
2026-08-01,Batalla,Rayo,+823.901 | +1.517.301 | +2.257.734 | +5.308.043 | +9.768.737 | +16.075.090,"+2,34% | +4,39% | +6,68% | +17,25% | +37,13% | +80,38%",,25ddías,36.075.090,35.251.189 | 34.557.789 | 33.817.356 | 30.767.047 | 26.306.353 | 20.000.000,Portero
2026-08-01,Romero,Sevilla,-69.403 | -131.709 | -190.670 | -524.286 | -1.358.157 | -1.756.834,"-1,10% | -2,07% | -2,96% | -7,75% | -17,87% | -21,96%",,22ddías,6.243.166,6.312.569 | 6.374.875 | 6.433.836 | 6.767.452 | 7.601.323 | 8.000.000,Delantero
2026-08-01,Cardoso,Atlético,-251.977 | -509.984 | -751.687 | -1.816.310 | -4.028.591 | -6.612.688,"-2,92% | -5,73% | -8,23% | -17,80% | -32,45% | -44,08%",,23ddías,8.387.312,8.639.289 | 8.897.296 | 9.138.999 | 10.203.622 | 12.415.903 | 15.000.000,Mediocampista
2026-08-01,Moriba,Celta,+162.144 | +293.017 | +453.612 | +531.320 | -1.177.572 | -2.849.730,"+1,80% | +3,31% | +5,22% | +6,16% | -11,40% | -23,75%",,5ddías,9.150.270,8.988.126 | 8.857.253 | 8.696.658 | 8.618.950 | 10.327.842 | 12.000.000,Mediocampista
2026-08-01,Agoume,Sevilla,-19.919 | -74.638 | -114.812 | -343.206 | -837.182 | -618.181,"-0,34% | -1,25% | -1,91% | -5,51% | -12,46% | -9,51%",,21ddías,5.881.819,5.901.738 | 5.956.457 | 5.996.631 | 6.225.025 | 6.719.001 | 6.500.000,Mediocampista
2026-08-01,Guedes,Real Sociedad,-1.083.469 | -2.302.643 | -3.481.903 | -8.966.743 | -9.180.314 | -9.180.314,"-2,13% | -4,42% | -6,53% | -15,26% | 0% | 0%",,11ddías,49.800.941,50.884.410 | 52.103.584 | 53.282.844 | 58.767.684 | 0 | 0,Delantero
2026-08-01,Carlos Espí,Real Madrid,0 | 0 | 0 | 0 | 0 | 0,0% | 0% | 0% | 0% | 0% | 0%,,32ddías,3.531.129,0 | 0 | 0 | 0 | 0 | 0,Delantero
2026-08-01,Javi López,Real Sociedad,0 | 0 | 0 | 0 | 0 | 0,0% | 0% | 0% | 0% | 0% | 0%,,32ddías,1.656.670,0 | 0 | 0 | 0 | 0 | 0,Defensa
2026-08-01,Lemar,Atlético,0 | 0 | 0 | 0 | 0 | 0,0% | 0% | 0% | 0% | 0% | 0%,,32ddías,1.680.630,0 | 0 | 0 | 0 | 0 | 0,Mediocampista
2026-08-01,Satriano,Getafe,0 | 0 | 0 | 0 | 0 | 0,0% | 0% | 0% | 0% | 0% | 0%,,32ddías,4.336.426,0 | 0 | 0 | 0 | 0 | 0,Delantero
2026-08-01,Ter Stegen,Barcelona,0 | 0 | 0 | 0 | 0 | 0,0% | 0% | 0% | 0% | 0% | 0%,,32ddías,1.683.226,0 | 0 | 0 | 0 | 0 | 0,Portero
2026-08-01,M. Alonso,Celta,0 | 0 | 0 | 0 | 0 | 0,0% | 0% | 0% | 0% | 0% | 0%,,32ddías,71.704.119,0 | 0 | 0 | 0 | 0 | 0,Defensa
2026-08-01,Guido,Valencia,0 | 0 | 0 | 0 | 0 | 0,0% | 0% | 0% | 0% | 0% | 0%,,32ddías,1.925.541,0 | 0 | 0 | 0 | 0 | 0,Mediocampista
2026-08-01,Vargas,Sevilla,0 | 0 | 0 | 0 | 0 | 0,0% | 0% | 0% | 0% | 0% | 0%,,32ddías,4.930.955,0 | 0 | 0 | 0 | 0 | 0,Delantero
2026-08-01,Rincón,Athletic,0 | 0 | 0 | 0 | 0 | 0,0% | 0% | 0% | 0% | 0% | 0%,,32ddías,1.658.593,0 | 0 | 0 | 0 | 0 | 0,Defensa
2026-08-01,Forés,Villarreal,0 | 0 | 0 | 0 | 0 | 0,0% | 0% | 0% | 0% | 0% | 0%,,32ddías,1.653.899,0 | 0 | 0 | 0 | 0 | 0,Delantero
2026-08-01,Thiago,Villarreal,0 | 0 | 0 | 0 | 0 | 0,0% | 0% | 0% | 0% | 0% | 0%,,32ddías,1.660.575,0 | 0 | 0 | 0 | 0 | 0,Mediocampista
2026-08-01,Bambo,Elche,0 | 0 | 0 | 0 | 0 | 0,0% | 0% | 0% | 0% | 0% | 0%,,151ddías,652.470,0 | 0 | 0 | 0 | 0 | 0,Defensa
2026-08-01,Neyou,Getafe,0 | 0 | 0 | 0 | 0 | 0,0% | 0% | 0% | 0% | 0% | 0%,,181ddías,604.547,0 | 0 | 0 | 0 | 0 | 0,Mediocampista
2026-08-01,Maras,Alavés,0 | 0 | 0 | 0 | 0 | 0,0% | 0% | 0% | 0% | 0% | 0%,,184ddías,590.024,0 | 0 | 0 | 0 | 0 | 0,Defensa
2026-08-01,Goti,Real Sociedad,0 | 0 | 0 | 0 | 0 | 0,0% | 0% | 0% | 0% | 0% | 0%,,187ddías,590.263,0 | 0 | 0 | 0 | 0 | 0,Mediocampista
2026-08-01,Diarra,Alavés,0 | 0 | 0 | 0 | 0 | 0,0% | 0% | 0% | 0% | 0% | 0%,,187ddías,591.470,0 | 0 | 0 | 0 | 0 | 0,Defensa
2026-08-01,Ali Houary,Elche,0 | 0 | 0 | 0 | 0 | 0,0% | 0% | 0% | 0% | 0% | 0%,,191ddías,592.065,0 | 0 | 0 | 0 | 0 | 0,Delantero
2026-08-01,Javier Hernández,Espanyol,0 | 0 | 0 | 0 | 0 | 0,0% | 0% | 0% | 0% | 0% | 0%,,205ddías,575.023,0 | 0 | 0 | 0 | 0 | 0,Delantero
2026-08-01,Bauzà,Espanyol,0 | 0 | 0 | 0 | 0 | 0,0% | 0% | 0% | 0% | 0% | 0%,,333ddías,318.649,0 | 0 | 0 | 0 | 0 | 0,Mediocampista
2026-08-01,Uche,Getafe,0 | 0 | 0 | 0 | 0 | 0,0% | 0% | 0% | 0% | 0% | 0%,,334ddías,12.405.015,0 | 0 | 0 | 0 | 0 | 0,Mediocampista
2026-08-01,Pablo López,Valencia,0 | 0 | 0 | 0 | 0 | 0,0% | 0% | 0% | 0% | 0% | 0%,,334ddías,441.041,0 | 0 | 0 | 0 | 0 | 0,Delantero
2026-08-01,Alberto Marí,Valencia,0 | 0 | 0 | 0 | 0 | 0,0% | 0% | 0% | 0% | 0% | 0%,,335ddías,787.986,0 | 0 | 0 | 0 | 0 | 0,Delantero
2026-08-01,Novoa,Alavés,0 | 0 | 0 | 0 | 0 | 0,0% | 0% | 0% | 0% | 0% | 0%,,335ddías,661.162,0 | 0 | 0 | 0 | 0 | 0,Defensa
2026-08-01,Pelayo,Rayo,0 | 0 | 0 | 0 | 0 | 0,0% | 0% | 0% | 0% | 0% | 0%,,335ddías,1.722.279,0 | 0 | 0 | 0 | 0 | 0,Defensa
2026-08-01,Hinojo,Espanyol,0 | 0 | 0 | 0 | 0 | 0,0% | 0% | 0% | 0% | 0% | 0%,,339ddías,317.496,0 | 0 | 0 | 0 | 0 | 0,Defensa
2026-08-01,Djaló,Athletic,0 | 0 | 0 | 0 | 0 | 0,0% | 0% | 0% | 0% | 0% | 0%,,370ddías,8.434.683,0 | 0 | 0 | 0 | 0 | 0,Delantero
2026-08-01,Owono,Alavés,0 | 0 | 0 | 0 | 0 | 0,0% | 0% | 0% | 0% | 0% | 0%,,370ddías,828.372,0 | 0 | 0 | 0 | 0 | 0,Portero
2026-08-01,Berrocal,Getafe,0 | 0 | 0 | 0 | 0 | 0,0% | 0% | 0% | 0% | 0% | 0%,,370ddías,1.058.833,0 | 0 | 0 | 0 | 0 | 0,Defensa
2026-08-01,De Tomás,Rayo,0 | 0 | 0 | 0 | 0 | 0,0% | 0% | 0% | 0% | 0% | 0%,,374ddías,3.229.388,0 | 0 | 0 | 0 | 0 | 0,Delantero
2026-08-01,Serred,Espanyol,0 | 0 | 0 | 0 | 0 | 0,0% | 0% | 0% | 0% | 0% | 0%,,394ddías,1.731.552,0 | 0 | 0 | 0 | 0 | 0,Portero
2026-08-01,Córdoba,Valencia,0 | 0 | 0 | 0 | 0 | 0,0% | 0% | 0% | 0% | 0% | 0%,,394ddías,1.548.667,0 | 0 | 0 | 0 | 0 | 0,Defensa
2026-08-01,Collado,Sevilla,0 | 0 | 0 | 0 | 0 | 0,0% | 0% | 0% | 0% | 0% | 0%,,394ddías,1.718.988,0 | 0 | 0 | 0 | 0 | 0,Mediocampista
2026-08-01,Eneko Ortiz,Villarreal,0 | 0 | 0 | 0 | 0 | 0,0% | 0% | 0% | 0% | 0% | 0%,,394ddías,1.718.986,0 | 0 | 0 | 0 | 0 | 0,Defensa
2026-08-01,Solà,Atlético,0 | 0 | 0 | 0 | 0 | 0,0% | 0% | 0% | 0% | 0% | 0%,,394ddías,1.640.523,0 | 0 | 0 | 0 | 0 | 0,Defensa
2026-08-01,Gorka,Getafe,0 | 0 | 0 | 0 | 0 | 0,0% | 0% | 0% | 0% | 0% | 0%,,394ddías,1.718.986,0 | 0 | 0 | 0 | 0 | 0,Defensa
2026-08-01,Carrillo,Celta,0 | 0 | 0 | 0 | 0 | 0,0% | 0% | 0% | 0% | 0% | 0%,,394ddías,1.567.556,0 | 0 | 0 | 0 | 0 | 0,Portero
2026-08-01,Adrián,Alavés,0 | 0 | 0 | 0 | 0 | 0,0% | 0% | 0% | 0% | 0% | 0%,,394ddías,1.640.215,0 | 0 | 0 | 0 | 0 | 0,Portero
2026-08-01,Canales,Athletic,0 | 0 | 0 | 0 | 0 | 0,0% | 0% | 0% | 0% | 0% | 0%,,394ddías,1.623.251,0 | 0 | 0 | 0 | 0 | 0,Delantero
2026-08-01,Eto'o,Rayo,0 | 0 | 0 | 0 | 0 | 0,0% | 0% | 0% | 0% | 0% | 0%,,394ddías,1.718.988,0 | 0 | 0 | 0 | 0 | 0,Delantero
2026-08-01,Raúl Jiménez,Valencia,0 | 0 | 0 | 0 | 0 | 0,0% | 0% | 0% | 0% | 0% | 0%,,394ddías,1.561.503,0 | 0 | 0 | 0 | 0 | 0,Portero
2026-08-01,Olabarrieta,Athletic,0 | 0 | 0 | 0 | 0 | 0,0% | 0% | 0% | 0% | 0% | 0%,,394ddías,1.717.797,0 | 0 | 0 | 0 | 0 | 0,Delantero
2026-08-01,Abril,Valencia,0 | 0 | 0 | 0 | 0 | 0,0% | 0% | 0% | 0% | 0% | 0%,,394ddías,1.728.051,0 | 0 | 0 | 0 | 0 | 0,Portero
2026-08-01,Busto,Betis,0 | 0 | 0 | 0 | 0 | 0,0% | 0% | 0% | 0% | 0% | 0%,,394ddías,1.621.161,0 | 0 | 0 | 0 | 0 | 0,Defensa
2026-08-01,De Llanos,Real Madrid,0 | 0 | 0 | 0 | 0 | 0,0% | 0% | 0% | 0% | 0% | 0%,,394ddías,1.622.168,0 | 0 | 0 | 0 | 0 | 0,Mediocampista
2026-08-01,Rupérez,Real Sociedad,0 | 0 | 0 | 0 | 0 | 0,0% | 0% | 0% | 0% | 0% | 0%,,394ddías,1.626.247,0 | 0 | 0 | 0 | 0 | 0,Defensa
2026-08-01,Balda,Real Sociedad,0 | 0 | 0 | 0 | 0 | 0,0% | 0% | 0% | 0% | 0% | 0%,,394ddías,1.718.912,0 | 0 | 0 | 0 | 0 | 0,Defensa
2026-08-01,Santana,Valencia,0 | 0 | 0 | 0 | 0 | 0,0% | 0% | 0% | 0% | 0% | 0%,,394ddías,1.723.821,0 | 0 | 0 | 0 | 0 | 0,Delantero
2026-08-01,Medenica,Getafe,0 | 0 | 0 | 0 | 0 | 0,0% | 0% | 0% | 0% | 0% | 0%,,394ddías,1.560.264,0 | 0 | 0 | 0 | 0 | 0,Portero
2026-08-01,Rivas,Real Madrid,0 | 0 | 0 | 0 | 0 | 0,0% | 0% | 0% | 0% | 0% | 0%,,394ddías,1.718.751,0 | 0 | 0 | 0 | 0 | 0,Defensa
2026-08-01,Requena,Levante,0 | 0 | 0 | 0 | 0 | 0,0% | 0% | 0% | 0% | 0% | 0%,,394ddías,1.621.683,0 | 0 | 0 | 0 | 0 | 0,Mediocampista
2026-08-01,Cortés,Barcelona,0 | 0 | 0 | 0 | 0 | 0,0% | 0% | 0% | 0% | 0% | 0%,,394ddías,1.718.327,0 | 0 | 0 | 0 | 0 | 0,Defensa
2026-08-01,Carlos,Atlético,0 | 0 | 0 | 0 | 0 | 0,0% | 0% | 0% | 0% | 0% | 0%,,394ddías,1.718.547,0 | 0 | 0 | 0 | 0 | 0,Defensa
2026-08-01,Yaakobishvili,Barcelona,0 | 0 | 0 | 0 | 0 | 0,0% | 0% | 0% | 0% | 0% | 0%,,394ddías,1.639.280,0 | 0 | 0 | 0 | 0 | 0,Portero
2026-08-01,Isra,Sevilla,0 | 0 | 0 | 0 | 0 | 0,0% | 0% | 0% | 0% | 0% | 0%,,394ddías,1.718.237,0 | 0 | 0 | 0 | 0 | 0,Delantero
2026-08-01,Juan Cruz,Málaga,0 | 0 | 0 | 0 | 0 | 0,0% | 0% | 0% | 0% | 0% | 0%,,432ddías,19.968.443,0 | 0 | 0 | 0 | 0 | 0,Mediocampista
2026-08-01,Morro,Rayo,0 | 0 | 0 | 0 | 0 | 0,0% | 0% | 0% | 0% | 0% | 0%,,698ddías,723.425,0 | 0 | 0 | 0 | 0 | 0,Portero
2026-08-01,Mandi,Levante,0 | 0 | 0 | 0 | 0 | 0,0% | 0% | 0% | 0% | 0% | 0%,,715ddías,1.879.755,0 | 0 | 0 | 0 | 0 | 0,Defensa
2026-08-01,Miguel,Alavés,0 | 0 | 0 | 0 | 0 | 0,0% | 0% | 0% | 0% | 0% | 0%,,716ddías,679.761,0 | 0 | 0 | 0 | 0 | 0,Delantero
2026-08-01,Joseda,Alavés,0 | 0 | 0 | 0 | 0 | 0,0% | 0% | 0% | 0% | 0% | 0%,,760ddías,300.000,0 | 0 | 0 | 0 | 0 | 0,Defensa
2026-08-01,Mario,Valencia,0 | 0 | 0 | 0 | 0 | 0,0% | 0% | 0% | 0% | 0% | 0%,,761ddías,500.000,0 | 0 | 0 | 0 | 0 | 0,Delantero
2026-08-01,Diallo,Alavés,0 | 0 | 0 | 0 | 0 | 0,0% | 0% | 0% | 0% | 0% | 0%,,761ddías,1.000.000,0 | 0 | 0 | 0 | 0 | 0,Mediocampista
2026-08-01,Ian Forns,Betis,0 | 0 | 0 | 0 | 0 | 0,0% | 0% | 0% | 0% | 0% | 0%,,761ddías,500.000,0 | 0 | 0 | 0 | 0 | 0,Defensa
2026-08-01,Mendes,Alavés,0 | 0 | 0 | 0 | 0 | 0,0% | 0% | 0% | 0% | 0% | 0%,,761ddías,500.000,0 | 0 | 0 | 0 | 0 | 0,Mediocampista
2026-08-01,Mario,Valencia,0 | 0 | 0 | 0 | 0 | 0,0% | 0% | 0% | 0% | 0% | 0%,,1ddías,760.408,0 | 0 | 0 | 0 | 0 | 0,Mediocampista
2026-08-02,Karrikaburu,Real Sociedad,-15.574 | -32.273 | -49.221 | -121.347 | -272.262 | -670.348,"-2,09% | -4,23% | -6,31% | -14,25% | -27,16% | -47,86%",,27ddías,730.317,745.891 | 762.590 | 779.538 | 851.664 | 1.002.579 | 1.400.665,Delantero
2026-08-02,Oluwaseyi,Villarreal,-80.901 | -164.432 | -250.183 | -613.687 | -1.423.901 | -2.867.475,"-2,18% | -4,33% | -6,44% | -14,44% | -28,14% | -44,09%",,27ddías,3.635.612,3.716.513 | 3.800.044 | 3.885.795 | 4.249.299 | 5.059.513 | 6.503.087,Delantero
2026-08-02,Alemão,Rayo,-81.346 | -162.022 | -235.673 | -534.063 | -1.211.637 | -2.555.064,"-1,80% | -3,51% | -5,03% | -10,72% | -21,41% | -36,48%",,27ddías,4.448.260,4.529.606 | 4.610.282 | 4.683.933 | 4.982.323 | 5.659.897 | 7.003.324,Delantero
2026-08-02,Diangana,Elche,-29.397 | -62.947 | -96.275 | -208.151 | -530.212 | -1.326.291,"-1,83% | -3,84% | -5,76% | -11,67% | -25,18% | -45,71%",,27ddías,1.575.086,1.604.483 | 1.638.033 | 1.671.361 | 1.783.237 | 2.105.298 | 2.901.377,Delantero
2026-08-02,Krug,Levante,0 | 0 | 0 | 0 | 0 | +1.964,"0,00% | 0,00% | 0,00% | 0,00% | 0,00% | +0,33%",,24ddías,602.249,602.249 | 602.249 | 602.249 | 602.249 | 602.249 | 600.285,Defensa
2026-08-02,Hugo López,Villarreal,0 | 0 | 0 | 0 | 0 | -14.837,"0,00% | 0,00% | 0,00% | 0,00% | 0,00% | -2,97%",,24ddías,485.400,485.400 | 485.400 | 485.400 | 485.400 | 485.400 | 500.237,Mediocampista
2026-08-02,Mikautadze,Villarreal,+109.433 | +277.550 | +346.567 | +1.082.074 | +3.160.298 | +2.584.405,"+0,21% | +0,53% | +0,66% | +2,10% | +6,39% | +5,17%",,20ddías,52.608.154,52.498.721 | 52.330.604 | 52.261.587 | 51.526.080 | 49.447.856 | 50.023.749,Delantero
2026-08-02,Navarro,Valencia,0 | 0 | 0 | 0 | 0 | +1.672,"0,00% | 0,00% | 0,00% | 0,00% | 0,00% | +0,33%",,24ddías,501.909,501.909 | 501.909 | 501.909 | 501.909 | 501.909 | 500.237,Defensa
2026-08-02,Cardoso,Sevilla,-30.417 | -61.229 | -94.039 | -237.406 | -541.544 | -1.236.447,"-2,55% | -4,99% | -7,47% | -16,93% | -31,74% | -51,49%",,27ddías,1.164.692,1.195.109 | 1.225.921 | 1.258.731 | 1.402.098 | 1.706.236 | 2.401.139,Defensa
2026-08-02,Oso,Sevilla,0 | 0 | 0 | 0 | 0 | +46.683,"0,00% | 0,00% | 0,00% | 0,00% | 0,00% | +0,33%",,24ddías,14.053.332,14.053.332 | 14.053.332 | 14.053.332 | 14.053.332 | 14.053.332 | 14.006.649,Defensa
2026-08-02,Álex Costa,Sevilla,0 | 0 | 0 | 0 | 0 | +1.999,"0,00% | 0,00% | 0,00% | 0,00% | 0,00% | +0,33%",,24ddías,602.284,602.284 | 602.284 | 602.284 | 602.284 | 602.284 | 600.285,Delantero
2026-08-02,Folgado,Real Sociedad,0 | 0 | 0 | 0 | 0 | +2.274,"0,00% | 0,00% | 0,00% | 0,00% | 0,00% | +0,32%",,24ddías,702.606,702.606 | 702.606 | 702.606 | 702.606 | 702.606 | 700.332,Portero
2026-08-02,Carlos Soler,Real Sociedad,-270.888 | -556.533 | -858.502 | -2.077.097 | -4.558.823 | -7.816.834,"-0,83% | -1,70% | -2,60% | -6,06% | -12,40% | -19,53%",,27ddías,32.202.165,32.473.053 | 32.758.698 | 33.060.667 | 34.279.262 | 36.760.988 | 40.018.999,Mediocampista
2026-08-02,Sancris,Getafe,-20.052 | -41.102 | -62.897 | -156.510 | -358.262 | -863.015,"-2,34% | -4,68% | -6,98% | -15,74% | -29,95% | -50,74%",,27ddías,837.792,857.844 | 878.894 | 900.689 | 994.302 | 1.196.054 | 1.700.807,Delantero
2026-08-02,Riedel,Espanyol,0 | 0 | 0 | 0 | 0 | +18.006,"0,00% | 0,00% | 0,00% | 0,00% | 0,00% | +0,33%",,24ddías,5.520.618,5.520.618 | 5.520.618 | 5.520.618 | 5.520.618 | 5.520.618 | 5.502.612,Defensa
2026-08-02,Montero,Alavés,0 | 0 | 0 | 0 | 0 | +2.031,"0,00% | 0,00% | 0,00% | 0,00% | 0,00% | +0,34%",,24ddías,602.316,602.316 | 602.316 | 602.316 | 602.316 | 602.316 | 600.285,Portero
2026-08-02,Vlachodimos,Sevilla,0 | 0 | 0 | 0 | 0 | +49.355,"0,00% | 0,00% | 0,00% | 0,00% | 0,00% | +0,33%",,24ddías,15.056.479,15.056.479 | 15.056.479 | 15.056.479 | 15.056.479 | 15.056.479 | 15.007.124,Portero
2026-08-02,Santos,Athletic,0 | 0 | 0 | 0 | 0 | +2.274,"0,00% | 0,00% | 0,00% | 0,00% | 0,00% | +0,32%",,24ddías,702.606,702.606 | 702.606 | 702.606 | 702.606 | 702.606 | 700.332,Portero
2026-08-02,Veiga,Villarreal,+652.396 | +1.131.364 | +1.809.721 | +4.348.332 | +9.761.845 | +16.957.224,"+1,58% | +2,77% | +4,51% | +11,56% | +30,31% | +67,80%",,26ddías,41.969.098,41.316.702 | 40.837.734 | 40.159.377 | 37.620.766 | 32.207.253 | 25.011.874,Defensa
2026-08-02,Mendoza,Atlético,-14.851 | -30.671 | -45.598 | -119.028 | -264.314 | -550.459,"-1,54% | -3,13% | -4,58% | -11,13% | -21,76% | -36,68%",,27ddías,950.253,965.104 | 980.924 | 995.851 | 1.069.281 | 1.214.567 | 1.500.712,Mediocampista
2026-08-02,Echegoyen,Osasuna,0 | 0 | 0 | 0 | 0 | -17.761,"0,00% | 0,00% | 0,00% | 0,00% | 0,00% | -3,06%",,24ddías,562.286,562.286 | 562.286 | 562.286 | 562.286 | 562.286 | 580.047,Mediocampista
2026-08-02,Josan,Elche,0 | 0 | 0 | 0 | 0 | +4.080,"0,00% | 0,00% | 0,00% | 0,00% | 0,00% | +0,34%",,24ddías,1.204.650,1.204.650 | 1.204.650 | 1.204.650 | 1.204.650 | 1.204.650 | 1.200.570,Mediocampista
2026-08-02,Davinchi,Getafe,0 | 0 | 0 | 0 | 0 | +10.179,"0,00% | 0,00% | 0,00% | 0,00% | 0,00% | +0,34%",,24ddías,3.011.603,3.011.603 | 3.011.603 | 3.011.603 | 3.011.603 | 3.011.603 | 3.001.424,Defensa
2026-08-02,Mastantuono,Real Madrid,0 | 0 | 0 | 0 | 0 | +32.513,"0,00% | 0,00% | 0,00% | 0,00% | 0,00% | +0,32%",,24ddías,10.037.262,10.037.262 | 10.037.262 | 10.037.262 | 10.037.262 | 10.037.262 | 10.004.749,Delantero
2026-08-02,Thiago,Real Madrid,0 | 0 | 0 | 0 | 0 | +22.758,"0,00% | 0,00% | 0,00% | 0,00% | 0,00% | +0,32%",,24ddías,7.026.082,7.026.082 | 7.026.082 | 7.026.082 | 7.026.082 | 7.026.082 | 7.003.324,Mediocampista
2026-08-02,Corralejo,Betis,0 | 0 | 0 | 0 | 0 | +1.963,"0,00% | 0,00% | 0,00% | 0,00% | 0,00% | +0,33%",,24ddías,602.248,602.248 | 602.248 | 602.248 | 602.248 | 602.248 | 600.285,Mediocampista
2026-08-02,Arriaga,Levante,-78.181 | -155.737 | -236.422 | -579.771 | -1.331.532 | -2.643.333,"-2,27% | -4,43% | -6,57% | -14,72% | -28,38% | -44,03%",,27ddías,3.359.516,3.437.697 | 3.515.253 | 3.595.938 | 3.939.287 | 4.691.048 | 6.002.849,Mediocampista
2026-08-02,Nacho Pérez,Levante,0 | 0 | 0 | 0 | 0 | -18.593,"0,00% | 0,00% | 0,00% | 0,00% | 0,00% | -3,10%",,24ddías,581.692,581.692 | 581.692 | 581.692 | 581.692 | 581.692 | 600.285,Defensa
2026-08-02,Altozano,Sevilla,0 | 0 | 0 | 0 | 0 | +1.999,"0,00% | 0,00% | 0,00% | 0,00% | 0,00% | +0,33%",,24ddías,602.284,602.284 | 602.284 | 602.284 | 602.284 | 602.284 | 600.285,Mediocampista
2026-08-02,Sierra,Sevilla,0 | 0 | 0 | 0 | 0 | +1.999,"0,00% | 0,00% | 0,00% | 0,00% | 0,00% | +0,33%",,24ddías,602.284,602.284 | 602.284 | 602.284 | 602.284 | 602.284 | 600.285,Delantero
2026-08-02,Blázquez,Valencia,0 | 0 | 0 | 0 | 0 | -18.629,"0,00% | 0,00% | 0,00% | 0,00% | 0,00% | -3,10%",,24ddías,581.656,581.656 | 581.656 | 581.656 | 581.656 | 581.656 | 600.285,Delantero
2026-08-02,Suazo,Sevilla,-86.201 | -197.587 | -298.977 | -627.469 | -1.526.680 | -3.013.734,"-1,42% | -3,19% | -4,75% | -9,48% | -20,31% | -33,47%",,27ddías,5.990.540,6.076.741 | 6.188.127 | 6.289.517 | 6.618.009 | 7.517.220 | 9.004.274,Defensa
2026-08-02,Ryan,Levante,0 | 0 | 0 | 0 | 0 | +11.791.282,"0,00% | 0,00% | 0,00% | 0,00% | 0,00% | 0%",,24ddías,13.550.652,13.550.652 | 13.550.652 | 13.550.652 | 13.550.652 | 13.550.652 | 0,Portero
2026-08-02,Laporte,Athletic,+1.385.557 | +3.055.740 | +4.770.366 | +12.296.714 | +25.490.800 | +48.606.098,"+2,63% | +5,98% | +9,67% | +29,40% | +89,05% | 0%",,18ddías,54.117.426,52.731.869 | 51.061.686 | 49.347.060 | 41.820.712 | 28.626.626 | 0,Defensa
2026-08-02,Adam Boayar,Elche,0 | 0 | 0 | 0 | 0 | +2.379,"0,00% | 0,00% | 0,00% | 0,00% | 0,00% | +0,34%",,24ddías,702.711,702.711 | 702.711 | 702.711 | 702.711 | 702.711 | 700.332,Mediocampista
2026-08-02,Rueda,Celta,-31.361 | -68.558 | -114.369 | -266.234 | -668.027 | -1.305.553,"-0,84% | -1,82% | -3,00% | -6,72% | -15,30% | -26,10%",,25ddías,3.696.821,3.728.182 | 3.765.379 | 3.811.190 | 3.963.055 | 4.364.848 | 5.002.374,Defensa
2026-08-02,Selton,Athletic,0 | 0 | 0 | 0 | 0 | +1.972,"0,00% | 0,00% | 0,00% | 0,00% | 0,00% | +0,33%",,24ddías,602.257,602.257 | 602.257 | 602.257 | 602.257 | 602.257 | 600.285,Mediocampista
2026-08-02,Iker Muñoz,Sevilla,0 | 0 | 0 | 0 | 0 | +1.999,"0,00% | 0,00% | 0,00% | 0,00% | 0,00% | +0,33%",,24ddías,602.284,602.284 | 602.284 | 602.284 | 602.284 | 602.284 | 600.285,Defensa
2026-08-02,Joan Martínez,Real Madrid,0 | 0 | 0 | 0 | 0 | +2.290,"0,00% | 0,00% | 0,00% | 0,00% | 0,00% | +0,33%",,24ddías,702.622,702.622 | 702.622 | 702.622 | 702.622 | 702.622 | 700.332,Defensa
2026-08-02,Unai Santos,Osasuna,0 | 0 | 0 | 0 | 0 | +2.034,"0,00% | 0,00% | 0,00% | 0,00% | 0,00% | +0,34%",,24ddías,602.319,602.319 | 602.319 | 602.319 | 602.319 | 602.319 | 600.285,Defensa
2026-08-02,Carlos Macià,Villarreal,0 | 0 | 0 | 0 | 0 | +2.677,"0,00% | 0,00% | 0,00% | 0,00% | 0,00% | +0,33%",,24ddías,803.057,803.057 | 803.057 | 803.057 | 803.057 | 803.057 | 800.380,Mediocampista
2026-08-02,Carrera,Real Sociedad,0 | 0 | 0 | 0 | 0 | +2.301,"0,00% | 0,00% | 0,00% | 0,00% | 0,00% | +0,33%",,24ddías,702.633,702.633 | 702.633 | 702.633 | 702.633 | 702.633 | 700.332,Delantero
2026-08-02,Rosón,Levante,0 | 0 | 0 | 0 | 0 | +1.964,"0,00% | 0,00% | 0,00% | 0,00% | 0,00% | +0,33%",,24ddías,602.249,602.249 | 602.249 | 602.249 | 602.249 | 602.249 | 600.285,Mediocampista
2026-08-02,Nakoha,Levante,0 | 0 | 0 | 0 | 0 | +1.637,"0,00% | 0,00% | 0,00% | 0,00% | 0,00% | +0,33%",,24ddías,501.874,501.874 | 501.874 | 501.874 | 501.874 | 501.874 | 500.237,Defensa
2026-08-02,Jurado,Valencia,0 | 0 | 0 | 0 | 0 | +2.007,"0,00% | 0,00% | 0,00% | 0,00% | 0,00% | +0,33%",,24ddías,602.292,602.292 | 602.292 | 602.292 | 602.292 | 602.292 | 600.285,Defensa
2026-08-02,Panach,Valencia,0 | 0 | 0 | 0 | 0 | +1.672,"0,00% | 0,00% | 0,00% | 0,00% | 0,00% | +0,33%",,24ddías,501.909,501.909 | 501.909 | 501.909 | 501.909 | 501.909 | 500.237,Defensa
2026-08-02,Marchal,Real Sociedad,0 | 0 | 0 | 0 | 0 | +1.949,"0,00% | 0,00% | 0,00% | 0,00% | 0,00% | +0,32%",,24ddías,602.234,602.234 | 602.234 | 602.234 | 602.234 | 602.234 | 600.285,Mediocampista
2026-08-02,Yassin,Getafe,0 | 0 | 0 | 0 | 0 | +1.695,"0,00% | 0,00% | 0,00% | 0,00% | 0,00% | +0,34%",,24ddías,501.932,501.932 | 501.932 | 501.932 | 501.932 | 501.932 | 500.237,Defensa
2026-08-02,Al Lal,Elche,0 | 0 | 0 | 0 | 0 | +1.699,"0,00% | 0,00% | 0,00% | 0,00% | 0,00% | +0,34%",,24ddías,501.936,501.936 | 501.936 | 501.936 | 501.936 | 501.936 | 500.237,Delantero
2026-08-02,Óscar Marcos,Celta,0 | 0 | 0 | 0 | 0 | +1.972,"0,00% | 0,00% | 0,00% | 0,00% | 0,00% | +0,33%",,24ddías,602.257,602.257 | 602.257 | 602.257 | 602.257 | 602.257 | 600.285,Delantero
2026-08-02,Meixús,Celta,0 | 0 | 0 | 0 | 0 | -14.865,"0,00% | 0,00% | 0,00% | 0,00% | 0,00% | -2,97%",,24ddías,485.372,485.372 | 485.372 | 485.372 | 485.372 | 485.372 | 500.237,Defensa
2026-08-02,Álvaro,Alavés,0 | 0 | 0 | 0 | 0 | +1.692,"0,00% | 0,00% | 0,00% | 0,00% | 0,00% | +0,34%",,24ddías,501.929,501.929 | 501.929 | 501.929 | 501.929 | 501.929 | 500.237,Defensa
2026-08-02,Bardghji,Barcelona,-129.958 | -448.469 | -448.469 | -448.469 | -448.469 | -432.183,"-2,89% | -9,31% | -9,31% | -9,31% | -9,31% | -9,00%",,2ddías,4.370.096,4.500.054 | 4.818.565 | 4.818.565 | 4.818.565 | 4.818.565 | 4.802.279,Delantero
2026-08-02,Juan Hernández,Barcelona,0 | 0 | 0 | 0 | 0 | -18.525,"0,00% | 0,00% | 0,00% | 0,00% | 0,00% | -3,09%",,24ddías,581.760,581.760 | 581.760 | 581.760 | 581.760 | 581.760 | 600.285,Mediocampista
2026-08-02,Taufik,Atlético,0 | 0 | 0 | 0 | 0 | +2.031,"0,00% | 0,00% | 0,00% | 0,00% | 0,00% | +0,34%",,24ddías,602.316,602.316 | 602.316 | 602.316 | 602.316 | 602.316 | 600.285,Mediocampista
2026-08-02,Martínez Bastida,Elche,0 | 0 | 0 | 0 | 0 | +2.039,"0,00% | 0,00% | 0,00% | 0,00% | 0,00% | +0,34%",,24ddías,602.324,602.324 | 602.324 | 602.324 | 602.324 | 602.324 | 600.285,Mediocampista
2026-08-02,Aller,Barcelona,0 | 0 | 0 | 0 | 0 | +2.373,"0,00% | 0,00% | 0,00% | 0,00% | 0,00% | +0,34%",,24ddías,702.705,702.705 | 702.705 | 702.705 | 702.705 | 702.705 | 700.332,Portero
2026-08-02,Ballestero,Alavés,0 | 0 | 0 | 0 | 0 | +2.031,"0,00% | 0,00% | 0,00% | 0,00% | 0,00% | +0,34%",,24ddías,602.316,602.316 | 602.316 | 602.316 | 602.316 | 602.316 | 600.285,Defensa
2026-08-02,Monreal,Athletic,0 | 0 | 0 | 0 | 0 | +1.972,"0,00% | 0,00% | 0,00% | 0,00% | 0,00% | +0,33%",,24ddías,602.257,602.257 | 602.257 | 602.257 | 602.257 | 602.257 | 600.285,Defensa
2026-08-02,Adrián Pérez,Athletic,0 | 0 | 0 | 0 | 0 | +1.972,"0,00% | 0,00% | 0,00% | 0,00% | 0,00% | +0,33%",,24ddías,602.257,602.257 | 602.257 | 602.257 | 602.257 | 602.257 | 600.285,Delantero
2026-08-02,Espart,Barcelona,0 | 0 | 0 | 0 | 0 | +2.373,"0,00% | 0,00% | 0,00% | 0,00% | 0,00% | +0,34%",,24ddías,702.705,702.705 | 702.705 | 702.705 | 702.705 | 702.705 | 700.332,Defensa
2026-08-02,Delgado,Elche,0 | 0 | 0 | 0 | 0 | +2.039,"0,00% | 0,00% | 0,00% | 0,00% | 0,00% | +0,34%",,24ddías,602.324,602.324 | 602.324 | 602.324 | 602.324 | 602.324 | 600.285,Defensa
2026-08-02,Benito,Getafe,0 | 0 | 0 | 0 | 0 | +2.034,"0,00% | 0,00% | 0,00% | 0,00% | 0,00% | +0,34%",,24ddías,602.319,602.319 | 602.319 | 602.319 | 602.319 | 602.319 | 600.285,Portero
2026-08-02,Aleksandrov,Getafe,0 | 0 | 0 | 0 | 0 | +2.034,"0,00% | 0,00% | 0,00% | 0,00% | 0,00% | +0,34%",,24ddías,602.319,602.319 | 602.319 | 602.319 | 602.319 | 602.319 | 600.285,Delantero
2026-08-02,Javi Navarro,Real Madrid,0 | 0 | 0 | 0 | 0 | +2.290,"0,00% | 0,00% | 0,00% | 0,00% | 0,00% | +0,33%",,24ddías,702.622,702.622 | 702.622 | 702.622 | 702.622 | 702.622 | 700.332,Portero
2026-08-02,Beitia,Real Sociedad,0 | 0 | 0 | 0 | 0 | +1.624,"0,00% | 0,00% | 0,00% | 0,00% | 0,00% | +0,32%",,24ddías,501.861,501.861 | 501.861 | 501.861 | 501.861 | 501.861 | 500.237,Defensa
2026-08-02,Lebarbier,Real Sociedad,0 | 0 | 0 | 0 | 0 | +1.949,"0,00% | 0,00% | 0,00% | 0,00% | 0,00% | +0,32%",,24ddías,602.234,602.234 | 602.234 | 602.234 | 602.234 | 602.234 | 600.285,Defensa
2026-08-02,Barry,Villarreal,0 | 0 | 0 | 0 | 0 | +2.007,"0,00% | 0,00% | 0,00% | 0,00% | 0,00% | +0,33%",,24ddías,602.292,602.292 | 602.292 | 602.292 | 602.292 | 602.292 | 600.285,Mediocampista
2026-08-02,Niculaesei,Elche,0 | 0 | 0 | 0 | 0 | +2.719,"0,00% | 0,00% | 0,00% | 0,00% | 0,00% | +0,34%",,24ddías,803.099,803.099 | 803.099 | 803.099 | 803.099 | 803.099 | 800.380,Defensa
2026-08-02,Radu,Celta,+730.776 | +1.524.992 | +2.211.194 | +5.096.323 | +8.960.549 | +14.913.797,"+2,14% | +4,57% | +6,76% | +17,09% | +34,51% | +74,53%",,26ddías,34.923.296,34.192.520 | 33.398.304 | 32.712.102 | 29.826.973 | 25.962.747 | 20.009.499,Portero
2026-08-02,Izei,Alavés,0 | 0 | 0 | 0 | 0 | +1.963,"0,00% | 0,00% | 0,00% | 0,00% | 0,00% | +0,34%",,24ddías,582.010,582.010 | 582.010 | 582.010 | 582.010 | 582.010 | 580.047,Mediocampista
2026-08-02,Bekhoucha,Getafe,0 | 0 | 0 | 0 | 0 | +3.732,"0,00% | 0,00% | 0,00% | 0,00% | 0,00% | +0,34%",,24ddías,1.104.254,1.104.254 | 1.104.254 | 1.104.254 | 1.104.254 | 1.104.254 | 1.100.522,Defensa
2026-08-02,Salinas,Málaga,0 | 0 | +15.131 | -70.184 | -288.263 | -830.832,"0,00% | 0,00% | +1,43% | -6,16% | -21,22% | -43,71%",,2ddías,1.070.070,1.070.070 | 1.070.070 | 1.054.939 | 1.140.254 | 1.358.333 | 1.900.902,Defensa
2026-08-02,Sivera,Alavés,+673.230 | +1.340.510 | +1.875.657 | +3.945.898 | +6.609.298 | +9.747.558,"+2,86% | +5,87% | +8,41% | +19,50% | +37,62% | +67,55%",,25ddías,24.177.914,23.504.684 | 22.837.404 | 22.302.257 | 20.232.016 | 17.568.616 | 14.430.356,Portero
2026-08-02,De la Fuente,Levante,0 | 0 | 0 | 0 | 0 | +45.879,"0,00% | 0,00% | 0,00% | 0,00% | 0,00% | +0,33%",,24ddías,14.052.528,14.052.528 | 14.052.528 | 14.052.528 | 14.052.528 | 14.052.528 | 14.006.649,Defensa
2026-08-02,Aguado,Elche,-40.339 | -75.343 | -134.185 | -372.357 | -956.909 | -2.291.196,"-1,08% | -1,99% | -3,49% | -9,12% | -20,50% | -38,17%",,27ddías,3.711.653,3.751.992 | 3.786.996 | 3.845.838 | 4.084.010 | 4.668.562 | 6.002.849,Mediocampista
2026-08-02,Santiago,Elche,-13.854 | -28.760 | -43.842 | -107.689 | -244.089 | -611.587,"-1,97% | -4,01% | -5,98% | -13,52% | -26,16% | -47,02%",,27ddías,689.030,702.884 | 717.790 | 732.872 | 796.719 | 933.119 | 1.300.617,Mediocampista
2026-08-02,Á. Núñez,Celta,-85.883 | -176.263 | -283.428 | -696.407 | -1.469.027 | -2.464.383,"-1,86% | -3,74% | -5,88% | -13,30% | -24,45% | -35,19%",,24ddías,4.538.941,4.624.824 | 4.715.204 | 4.822.369 | 5.235.348 | 6.007.968 | 7.003.324,Defensa
2026-08-02,Affengruber,Elche,+687.387 | +1.360.494 | +1.937.291 | +4.272.984 | +7.625.906 | +20.444.487,"+2,44% | +4,95% | +7,20% | +17,39% | +35,93% | 0%",,19ddías,28.849.741,28.162.354 | 27.489.247 | 26.912.450 | 24.576.757 | 21.223.835 | 0,Defensa
2026-08-02,Febas,Celta,0 | 0 | 0 | 0 | 0 | +85.014,"0,00% | 0,00% | 0,00% | 0,00% | 0,00% | +0,34%",,24ddías,25.096.888,25.096.888 | 25.096.888 | 25.096.888 | 25.096.888 | 25.096.888 | 25.011.874,Mediocampista
2026-08-02,John ChetauyaJohn C.,Elche,-23.336 | -48.120 | -73.492 | -180.981 | -415.246 | -984.283,"-2,48% | -4,99% | -7,42% | -16,49% | -31,18% | -51,78%",,27ddías,916.619,939.955 | 964.739 | 990.111 | 1.097.600 | 1.331.865 | 1.900.902,Defensa
2026-08-02,Vencedor,Athletic,0 | 0 | 0 | 0 | 0 | +7.209,"0,00% | 0,00% | 0,00% | 0,00% | 0,00% | +0,33%",,24ddías,2.208.253,2.208.253 | 2.208.253 | 2.208.253 | 2.208.253 | 2.208.253 | 2.201.044,Mediocampista
2026-08-02,Youssef,Alavés,-8.292 | -17.406 | -26.453 | -63.540 | -141.189 | -344.868,"-1,47% | -3,04% | -4,55% | -10,26% | -20,26% | -38,30%",,19ddías,555.559,563.851 | 572.965 | 582.012 | 619.099 | 696.748 | 900.427,Defensa
2026-08-02,Fortuny,Real Madrid,0 | 0 | 0 | 0 | 0 | +1.949,"0,00% | 0,00% | 0,00% | 0,00% | 0,00% | +0,32%",,24ddías,602.234,602.234 | 602.234 | 602.234 | 602.234 | 602.234 | 600.285,Mediocampista
2026-08-02,Molina,Rayo,0 | 0 | 0 | 0 | 0 | +1.949,"0,00% | 0,00% | 0,00% | 0,00% | 0,00% | +0,32%",,24ddías,602.234,602.234 | 602.234 | 602.234 | 602.234 | 602.234 | 600.285,Portero
2026-08-02,Arguibide,Osasuna,0 | 0 | 0 | 0 | 0 | +1.966,"0,00% | 0,00% | 0,00% | 0,00% | 0,00% | +0,34%",,24ddías,582.013,582.013 | 582.013 | 582.013 | 582.013 | 582.013 | 580.047,Defensa
2026-08-02,Pablo García,Betis,0 | 0 | 0 | 0 | 0 | +8.184,"0,00% | 0,00% | 0,00% | 0,00% | 0,00% | +0,33%",,24ddías,2.509.371,2.509.371 | 2.509.371 | 2.509.371 | 2.509.371 | 2.509.371 | 2.501.187,Delantero
2026-08-02,Huijsen,Real Madrid,-297.472 | -538.865 | -749.716 | -2.017.408 | -5.466.215 | -13.417.386,"-0,84% | -1,50% | -2,08% | -5,41% | -13,41% | -27,54%",,27ddías,35.305.745,35.603.217 | 35.844.610 | 36.055.461 | 37.323.153 | 40.771.960 | 48.723.131,Defensa
2026-08-02,Juanpe,Rayo,0 | 0 | 0 | 0 | 0 | +1.949,"0,00% | 0,00% | 0,00% | 0,00% | 0,00% | +0,32%",,24ddías,602.234,602.234 | 602.234 | 602.234 | 602.234 | 602.234 | 600.285,Portero
2026-08-02,Gonzalo,Real Madrid,-110.733 | -232.776 | -324.404 | -552.157 | -1.006.190 | -1.869.520,"-2,74% | -5,59% | -7,62% | -12,31% | -20,37% | -32,22%",,27ddías,3.933.234,4.043.967 | 4.166.010 | 4.257.638 | 4.485.391 | 4.939.424 | 5.802.754,Delantero
2026-08-02,Niño,Málaga,-20.318 | -44.227 | -79.551 | -225.833 | -521.539 | -1.125.058,"-0,70% | -1,51% | -2,69% | -7,28% | -15,35% | -28,11%",,27ddías,2.876.841,2.897.159 | 2.921.068 | 2.956.392 | 3.102.674 | 3.398.380 | 4.001.899,Delantero
2026-08-02,Rayane,Atlético,0 | 0 | 0 | 0 | 0 | -22.326,"0,00% | 0,00% | 0,00% | 0,00% | 0,00% | -3,19%",,24ddías,678.006,678.006 | 678.006 | 678.006 | 678.006 | 678.006 | 700.332,Delantero
2026-08-02,Mendy,Rayo,0 | 0 | 0 | 0 | 0 | +19.507,"0,00% | 0,00% | 0,00% | 0,00% | 0,00% | +0,32%",,24ddías,6.022.356,6.022.356 | 6.022.356 | 6.022.356 | 6.022.356 | 6.022.356 | 6.002.849,Defensa
2026-08-02,Ortiz,Betis,0 | 0 | 0 | 0 | 0 | +5.565,"0,00% | 0,00% | 0,00% | 0,00% | 0,00% | +0,33%",,24ddías,1.706.372,1.706.372 | 1.706.372 | 1.706.372 | 1.706.372 | 1.706.372 | 1.700.807,Defensa
2026-08-02,Osambela,Osasuna,0 | 0 | 0 | 0 | 0 | +1.695,"0,00% | 0,00% | 0,00% | 0,00% | 0,00% | +0,34%",,24ddías,501.932,501.932 | 501.932 | 501.932 | 501.932 | 501.932 | 500.237,Mediocampista
2026-08-02,Yáñez,Real Madrid,0 | 0 | 0 | 0 | 0 | +2.274,"0,00% | 0,00% | 0,00% | 0,00% | 0,00% | +0,32%",,24ddías,702.606,702.606 | 702.606 | 702.606 | 702.606 | 702.606 | 700.332,Delantero
2026-08-02,Swiderski,Alavés,0 | 0 | 0 | 0 | 0 | +2.031,"0,00% | 0,00% | 0,00% | 0,00% | 0,00% | +0,34%",,24ddías,602.316,602.316 | 602.316 | 602.316 | 602.316 | 602.316 | 600.285,Portero
2026-08-02,D. Aguado,Real Madrid,0 | 0 | 0 | 0 | 0 | -26.271,"0,00% | 0,00% | 0,00% | 0,00% | 0,00% | -3,28%",,24ddías,774.109,774.109 | 774.109 | 774.109 | 774.109 | 774.109 | 800.380,Defensa
2026-08-02,Fran González,Real Madrid,0 | 0 | 0 | 0 | 0 | +2.290,"0,00% | 0,00% | 0,00% | 0,00% | 0,00% | +0,33%",,24ddías,702.622,702.622 | 702.622 | 702.622 | 702.622 | 702.622 | 700.332,Portero
2026-08-02,Mariezkurrena,Real Sociedad,0 | 0 | 0 | 0 | 0 | -22.366,"0,00% | 0,00% | 0,00% | 0,00% | 0,00% | -3,19%",,24ddías,677.966,677.966 | 677.966 | 677.966 | 677.966 | 677.966 | 700.332,Delantero
2026-08-02,Castrín,Sevilla,0 | 0 | 0 | 0 | 0 | -179.358,"0,00% | 0,00% | 0,00% | 0,00% | 0,00% | -3,59%",,24ddías,4.823.016,4.823.016 | 4.823.016 | 4.823.016 | 4.823.016 | 4.823.016 | 5.002.374,Defensa
2026-08-02,Rafa,Sevilla,0 | 0 | 0 | 0 | 0 | +1.972,"0,00% | 0,00% | 0,00% | 0,00% | 0,00% | +0,33%",,24ddías,602.257,602.257 | 602.257 | 602.257 | 602.257 | 602.257 | 600.285,Portero
2026-08-02,Diatta,Villarreal,0 | 0 | 0 | 0 | 0 | -18.629,"0,00% | 0,00% | 0,00% | 0,00% | 0,00% | -3,10%",,24ddías,581.656,581.656 | 581.656 | 581.656 | 581.656 | 581.656 | 600.285,Mediocampista
2026-08-02,Ruggeri,Atlético,-89.470 | -158.651 | -295.379 | -735.903 | -1.592.851 | -1.366.636,"-1,17% | -2,06% | -3,77% | -8,89% | -17,45% | -15,35%",,21ddías,7.537.591,7.627.061 | 7.696.242 | 7.832.970 | 8.273.494 | 9.130.442 | 8.904.227,Defensa
2026-08-02,Alexander-Arnold,Real Madrid,-347.542 | -662.342 | -1.033.294 | -2.713.097 | -6.541.593 | -13.354.358,"-1,29% | -2,42% | -3,73% | -9,24% | -19,70% | -33,37%",,27ddías,26.664.641,27.012.183 | 27.326.983 | 27.697.935 | 29.377.738 | 33.206.234 | 40.018.999,Defensa
2026-08-02,Becerra,Rayo,0 | 0 | 0 | 0 | 0 | -18.585,"0,00% | 0,00% | 0,00% | 0,00% | 0,00% | -3,10%",,24ddías,581.700,581.700 | 581.700 | 581.700 | 581.700 | 581.700 | 600.285,Mediocampista
2026-08-02,Manu Fernández,Celta,-3.543 | -7.711 | -11.605 | -25.843 | -53.324 | -158.700,"-0,80% | -1,72% | -2,56% | -5,53% | -10,77% | -26,44%",,27ddías,441.585,445.128 | 449.296 | 453.190 | 467.428 | 494.909 | 600.285,Defensa
2026-08-02,Bigas,Elche,-170.832 | -351.596 | -533.970 | -1.015.300 | -1.743.947 | -1.014.279,"-2,39% | -4,79% | -7,10% | -12,68% | -19,97% | -12,67%",,22ddías,6.989.520,7.160.352 | 7.341.116 | 7.523.490 | 8.004.820 | 8.733.467 | 8.003.799,Defensa
2026-08-02,Redondo,Elche,-30.527 | -60.247 | -93.855 | -232.669 | -531.854 | -1.228.235,"-2,54% | -4,89% | -7,41% | -16,55% | -31,20% | -51,15%",,27ddías,1.172.904,1.203.431 | 1.233.151 | 1.266.759 | 1.405.573 | 1.704.758 | 2.401.139,Mediocampista
2026-08-02,Pinillos,Alavés,0 | 0 | 0 | 0 | 0 | +1.692,"0,00% | 0,00% | 0,00% | 0,00% | 0,00% | +0,34%",,24ddías,501.929,501.929 | 501.929 | 501.929 | 501.929 | 501.929 | 500.237,Mediocampista
2026-08-02,Rego,Athletic,0 | 0 | 0 | 0 | 0 | +16.451,"0,00% | 0,00% | 0,00% | 0,00% | 0,00% | +0,33%",,24ddías,5.018.825,5.018.825 | 5.018.825 | 5.018.825 | 5.018.825 | 5.018.825 | 5.002.374,Defensa
2026-08-02,Esquivel,Atlético,0 | 0 | 0 | 0 | 0 | +2.007,"0,00% | 0,00% | 0,00% | 0,00% | 0,00% | +0,33%",,24ddías,602.292,602.292 | 602.292 | 602.292 | 602.292 | 602.292 | 600.285,Portero
2026-08-02,Torrents,Barcelona,0 | 0 | 0 | 0 | 0 | +2.034,"0,00% | 0,00% | 0,00% | 0,00% | 0,00% | +0,34%",,24ddías,602.319,602.319 | 602.319 | 602.319 | 602.319 | 602.319 | 600.285,Defensa
2026-08-02,Joselu,Getafe,0 | 0 | 0 | 0 | 0 | +2.034,"0,00% | 0,00% | 0,00% | 0,00% | 0,00% | +0,34%",,24ddías,602.319,602.319 | 602.319 | 602.319 | 602.319 | 602.319 | 600.285,Delantero
2026-08-02,Gorrotxategi,Real Sociedad,-115.004 | -223.874 | -362.621 | -757.700 | -1.689.881 | +668.023,"-1,31% | -2,52% | -4,01% | -8,04% | -16,31% | +8,35%",,20ddías,8.671.822,8.786.826 | 8.895.696 | 9.034.443 | 9.429.522 | 10.361.703 | 8.003.799,Mediocampista
2026-08-02,Víctor García,Levante,-75.311 | -154.169 | -234.203 | -571.003 | -1.284.874 | -2.809.376,"-2,72% | -5,41% | -8,00% | -17,49% | -32,30% | -51,06%",,27ddías,2.693.236,2.768.547 | 2.847.405 | 2.927.439 | 3.264.239 | 3.978.110 | 5.502.612,Defensa
2026-08-02,Pablo CamposCuñat Campos,Levante,+5.120 | +40.493 | +62.244 | +90.695 | -56.855 | -505.015,"+0,40% | +3,23% | +5,05% | +7,53% | -4,20% | -28,04%",,6ddías,1.295.839,1.290.719 | 1.255.346 | 1.233.595 | 1.205.144 | 1.352.694 | 1.800.854,Portero
2026-08-02,Toljan,Levante,-68.107 | -136.159 | -226.086 | -541.652 | -1.296.399 | -2.659.667,"-1,39% | -2,73% | -4,46% | -10,06% | -21,11% | -35,45%",,25ddías,4.843.895,4.912.002 | 4.980.054 | 5.069.981 | 5.385.547 | 6.140.294 | 7.503.562,Defensa
2026-08-02,Cortés,Levante,0 | 0 | 0 | 0 | 0 | +2.620,"0,00% | 0,00% | 0,00% | 0,00% | 0,00% | +0,33%",,24ddías,803.000,803.000 | 803.000 | 803.000 | 803.000 | 803.000 | 800.380,Delantero
2026-08-02,Primo,Levante,0 | 0 | 0 | 0 | 0 | +3.604,"0,00% | 0,00% | 0,00% | 0,00% | 0,00% | +0,33%",,24ddías,1.104.126,1.104.126 | 1.104.126 | 1.104.126 | 1.104.126 | 1.104.126 | 1.100.522,Portero
2026-08-02,Vertrouwd,Rayo,0 | 0 | 0 | 0 | 0 | +3.250,"0,00% | 0,00% | 0,00% | 0,00% | 0,00% | +0,32%",,24ddías,1.003.725,1.003.725 | 1.003.725 | 1.003.725 | 1.003.725 | 1.003.725 | 1.000.475,Defensa
2026-08-02,Ugrinic,Valencia,-126.448 | -234.779 | -365.989 | -872.818 | -1.908.106 | -3.204.602,"-2,57% | -4,66% | -7,09% | -15,39% | -28,45% | -40,04%",,25ddías,4.799.197,4.925.645 | 5.033.976 | 5.165.186 | 5.672.015 | 6.707.303 | 8.003.799,Mediocampista
2026-08-02,Elgezabal,Levante,-40.423 | -79.986 | -124.402 | -311.190 | -678.551 | -1.504.047,"-2,63% | -5,07% | -7,67% | -17,21% | -31,18% | -50,11%",,27ddías,1.497.377,1.537.800 | 1.577.363 | 1.621.779 | 1.808.567 | 2.175.928 | 3.001.424,Defensa
2026-08-02,Jonny,Alavés,-82.021 | -151.937 | -253.764 | -675.007 | -1.632.541 | -3.015.273,"-1,35% | -2,47% | -4,06% | -10,13% | -21,42% | -33,49%",,23ddías,5.989.001,6.071.022 | 6.140.938 | 6.242.765 | 6.664.008 | 7.621.542 | 9.004.274,Defensa
2026-08-02,Valentín Gómez,Betis,-43.408 | -93.273 | -141.183 | -347.215 | -798.740 | -1.762.353,"-1,90% | -4,00% | -5,93% | -13,42% | -26,29% | -44,04%",,27ddías,2.239.546,2.282.954 | 2.332.819 | 2.380.729 | 2.586.761 | 3.038.286 | 4.001.899,Defensa
2026-08-02,Almada,Atlético,-142.412 | -289.992 | -470.009 | -1.143.540 | -2.335.924 | -3.082.761,"-2,02% | -4,02% | -6,36% | -14,18% | -25,23% | -30,81%",,21ddías,6.921.988,7.064.400 | 7.211.980 | 7.391.997 | 8.065.528 | 9.257.912 | 10.004.749,Mediocampista
2026-08-02,Luiz Felipe,Rayo,0 | 0 | 0 | 0 | 0 | +13.330,"0,00% | 0,00% | 0,00% | 0,00% | 0,00% | +0,32%",,24ddías,4.115.277,4.115.277 | 4.115.277 | 4.115.277 | 4.115.277 | 4.115.277 | 4.101.947,Defensa
2026-08-02,Hancko,Atlético,-85.767 | -217.318 | -502.006 | -1.500.531 | -4.587.053 | -9.449.836,"-0,28% | -0,71% | -1,62% | -4,68% | -13,05% | -23,61%",,25ddías,30.569.163,30.654.930 | 30.786.481 | 31.071.169 | 32.069.694 | 35.156.216 | 40.018.999,Defensa
2026-08-02,Fortea,Real Madrid,0 | 0 | 0 | 0 | 0 | +1.719,"0,00% | 0,00% | 0,00% | 0,00% | 0,00% | +0,21%",,24ddías,802.099,802.099 | 802.099 | 802.099 | 802.099 | 802.099 | 800.380,Defensa
2026-08-02,Jutglà,Celta,-74.920 | -158.559 | -273.607 | -815.948 | -2.026.797 | -1.622.621,"-0,79% | -1,66% | -2,83% | -8,00% | -17,76% | -14,74%",,23ddías,9.382.603,9.457.523 | 9.541.162 | 9.656.210 | 10.198.551 | 11.409.400 | 11.005.224,Delantero
2026-08-02,Martim Neto,Elche,-36.384 | -75.683 | -102.687 | -167.935 | -393.549 | -1.001.656,"-1,79% | -3,65% | -4,88% | -7,75% | -16,44% | -33,37%",,27ddías,1.999.768,2.036.152 | 2.075.451 | 2.102.455 | 2.167.703 | 2.393.317 | 3.001.424,Mediocampista
2026-08-02,Deossa,Betis,-43.477 | -83.008 | -128.715 | -355.478 | -823.207 | -1.922.184,"-2,15% | -4,02% | -6,10% | -15,22% | -29,37% | -49,26%",,27ddías,1.979.668,2.023.145 | 2.062.676 | 2.108.383 | 2.335.146 | 2.802.875 | 3.901.852,Mediocampista
2026-08-02,Oriol Rey,Levante,-25.449 | -51.166 | -79.032 | -195.748 | -440.133 | -1.027.527,"-2,55% | -4,99% | -7,51% | -16,74% | -31,14% | -51,35%",,27ddías,973.422,998.871 | 1.024.588 | 1.052.454 | 1.169.170 | 1.413.555 | 2.000.949,Mediocampista
2026-08-02,Junior,Betis,-98.502 | -210.224 | -318.095 | -788.378 | -1.744.269 | -3.449.339,"-2,12% | -4,41% | -6,53% | -14,76% | -27,69% | -43,10%",,27ddías,4.554.460,4.652.962 | 4.764.684 | 4.872.555 | 5.342.838 | 6.298.729 | 8.003.799,Defensa
2026-08-02,Dituro,Elche,-70.388 | -122.663 | -222.963 | -350.937 | -813.752 | -1.388.936,"-1,05% | -1,82% | -3,26% | -5,04% | -10,95% | -17,35%",,27ddías,6.614.863,6.685.251 | 6.737.526 | 6.837.826 | 6.965.800 | 7.428.615 | 8.003.799,Portero
2026-08-02,Dolan,Espanyol,-104.592 | -212.166 | -332.813 | -700.207 | -1.468.527 | -1.300.829,"-1,54% | -3,07% | -4,73% | -9,46% | -17,97% | -16,25%",,20ddías,6.702.970,6.807.562 | 6.915.136 | 7.035.783 | 7.403.177 | 8.171.497 | 8.003.799,Delantero
2026-08-02,Roger BruguéBrugui,Levante,-85.702 | -179.119 | -278.237 | -681.224 | -1.566.984 | -3.741.690,"-2,56% | -5,21% | -7,86% | -17,28% | -32,45% | -53,43%",,28ddías,3.261.634,3.347.336 | 3.440.753 | 3.539.871 | 3.942.858 | 4.828.618 | 7.003.324,Delantero
2026-08-02,Jorge Cabello,Levante,-33.961 | -69.599 | -106.490 | +594.736 | +594.736 | +594.736,"-2,82% | -5,61% | -8,33% | 0% | 0% | 0%",,4ddías,1.171.612,1.205.573 | 1.241.211 | 1.278.102 | 0 | 0 | 0,Defensa
2026-08-02,C. Álvarez,Levante,+315.014 | +601.961 | +888.778 | +2.236.273 | +4.584.799 | +8.807.135,"+1,91% | +3,71% | +5,58% | +15,34% | +37,50% | +110,04%",,26ddías,16.810.934,16.495.920 | 16.208.973 | 15.922.156 | 14.574.661 | 12.226.135 | 8.003.799,Mediocampista
2026-08-02,Oláiz,Alavés,0 | 0 | 0 | 0 | 0 | +2.031,"0,00% | 0,00% | 0,00% | 0,00% | 0,00% | +0,34%",,24ddías,602.316,602.316 | 602.316 | 602.316 | 602.316 | 602.316 | 600.285,Defensa
2026-08-02,Aitor Mañas,Alavés,0 | 0 | 0 | 0 | 0 | -17.883,"0,00% | 0,00% | 0,00% | 0,00% | 0,00% | -3,08%",,24ddías,562.164,562.164 | 562.164 | 562.164 | 562.164 | 562.164 | 580.047,Delantero
2026-08-02,Rubén Gómez,Villarreal,0 | 0 | 0 | 0 | 0 | +2.007,"0,00% | 0,00% | 0,00% | 0,00% | 0,00% | +0,33%",,24ddías,602.292,602.292 | 602.292 | 602.292 | 602.292 | 602.292 | 600.285,Portero
2026-08-02,Laro Gómez,Racing,0 | 0 | 0 | 0 | 0 | +1.949,"0,00% | 0,00% | 0,00% | 0,00% | 0,00% | +0,32%",,23ddías,602.234,602.234 | 602.234 | 602.234 | 602.234 | 602.234 | 600.285,Portero
2026-08-02,Arana,Racing,-12.983 | -25.607 | -39.603 | -95.424 | -237.914 | -556.206,"-1,36% | -2,64% | -4,02% | -9,18% | -20,12% | -37,06%",,27ddías,944.506,957.489 | 970.113 | 984.109 | 1.039.930 | 1.182.420 | 1.500.712,Delantero
2026-08-02,Iñigo Vicente,Racing,-100.972 | -394.741 | -832.112 | -1.817.194 | -3.557.381 | -5.990.006,"-0,51% | -1,98% | -4,09% | -8,52% | -15,41% | -23,48%",,23ddías,19.522.106,19.623.078 | 19.916.847 | 20.354.218 | 21.339.300 | 23.079.487 | 25.512.112,Delantero
2026-08-02,Solórzano,Racing,0 | 0 | 0 | 0 | 0 | +1.949,"0,00% | 0,00% | 0,00% | 0,00% | 0,00% | +0,32%",,23ddías,602.234,602.234 | 602.234 | 602.234 | 602.234 | 602.234 | 600.285,Mediocampista
2026-08-02,Puerta,Racing,+194.081 | +380.136 | +526.103 | +832.123 | +355.565 | +75.062,"+1,96% | +3,92% | +5,51% | +9,00% | +3,66% | +0,75%",,6ddías,10.079.811,9.885.730 | 9.699.675 | 9.553.708 | 9.247.688 | 9.724.246 | 10.004.749,Mediocampista
2026-08-02,Sergio Martínez,Racing,0 | 0 | 0 | 0 | 0 | +2.274,"0,00% | 0,00% | 0,00% | 0,00% | 0,00% | +0,32%",,23ddías,702.606,702.606 | 702.606 | 702.606 | 702.606 | 702.606 | 700.332,Mediocampista
2026-08-02,Gueye,Racing,-56.726 | -136.487 | -190.709 | -508.619 | -1.270.896 | -2.316.184,"-1,20% | -2,83% | -3,91% | -9,79% | -21,33% | -33,07%",,23ddías,4.687.140,4.743.866 | 4.823.627 | 4.877.849 | 5.195.759 | 5.958.036 | 7.003.324,Mediocampista
2026-08-02,Crespo,Racing,0 | 0 | 0 | 0 | 0 | +2.599,"0,00% | 0,00% | 0,00% | 0,00% | 0,00% | +0,32%",,23ddías,802.979,802.979 | 802.979 | 802.979 | 802.979 | 802.979 | 800.380,Defensa
2026-08-02,Facundo GonzálezFacu González,Racing,-57.054 | -288.633 | -288.633 | -288.633 | -288.633 | -277.255,"-1,74% | -8,22% | -8,22% | -8,22% | -8,22% | -7,92%",,2ddías,3.224.407,3.281.461 | 3.513.040 | 3.513.040 | 3.513.040 | 3.513.040 | 3.501.662,Defensa
2026-08-02,Carlos Sánchez,Racing,0 | 0 | 0 | 0 | 0 | +2.274,"0,00% | 0,00% | 0,00% | 0,00% | 0,00% | +0,32%",,23ddías,702.606,702.606 | 702.606 | 702.606 | 702.606 | 702.606 | 700.332,Defensa
2026-08-02,Salinas,Racing,0 | 0 | 0 | 0 | 0 | +19.507,"0,00% | 0,00% | 0,00% | 0,00% | 0,00% | +0,32%",,23ddías,6.022.356,6.022.356 | 6.022.356 | 6.022.356 | 6.022.356 | 6.022.356 | 6.002.849,Defensa
2026-08-02,Camara,Racing,-19.192 | -34.385 | -52.619 | -114.065 | -282.782 | -727.095,"-1,93% | -3,41% | -5,13% | -10,49% | -22,51% | -42,75%",,27ddías,973.712,992.904 | 1.008.097 | 1.026.331 | 1.087.777 | 1.256.494 | 1.700.807,Defensa
2026-08-02,Hernando,Racing,-19.602 | -35.820 | -62.212 | -179.291 | -544.462 | -1.486.940,"-0,96% | -1,75% | -3,00% | -8,17% | -21,27% | -42,46%",,27ddías,2.014.722,2.034.324 | 2.050.542 | 2.076.934 | 2.194.013 | 2.559.184 | 3.501.662,Defensa
2026-08-02,Sainz-Maza,Racing,-24.625 | -49.778 | -77.844 | -187.944 | -432.433 | -982.674,"-2,36% | -4,66% | -7,10% | -15,58% | -29,81% | -49,11%",,27ddías,1.018.275,1.042.900 | 1.068.053 | 1.096.119 | 1.206.219 | 1.450.708 | 2.000.949,Defensa
2026-08-02,Mantilla,Racing,+21.489 | +38.147 | +50.573 | +42.662 | -67.293 | -809.956,"+0,99% | +1,77% | +2,36% | +1,99% | -2,98% | -26,99%",,4ddías,2.191.468,2.169.979 | 2.153.321 | 2.140.895 | 2.148.806 | 2.258.761 | 3.001.424,Defensa
2026-08-02,Eriksson,Racing,+56.707 | +93.220 | +145.209 | +218.618 | +22.179 | -528.186,"+2,35% | +3,92% | +6,24% | +9,70% | +0,90% | -17,60%",,6ddías,2.473.238,2.416.531 | 2.380.018 | 2.328.029 | 2.254.620 | 2.451.059 | 3.001.424,Portero
2026-08-02,Canales,Racing,0 | 0 | 0 | 0 | 0 | +32.513,"0,00% | 0,00% | 0,00% | 0,00% | 0,00% | +0,32%",,23ddías,10.037.262,10.037.262 | 10.037.262 | 10.037.262 | 10.037.262 | 10.037.262 | 10.004.749,Delantero
2026-08-02,Rafa Rodríguez,Málaga,0 | 0 | 0 | 0 | 0 | -232.661,"0,00% | 0,00% | 0,00% | 0,00% | 0,00% | -3,58%",,23ddías,6.270.426,6.270.426 | 6.270.426 | 6.270.426 | 6.270.426 | 6.270.426 | 6.503.087,Mediocampista
2026-08-02,Recio,Málaga,0 | 0 | 0 | 0 | 0 | +2.454,"0,00% | 0,00% | 0,00% | 0,00% | 0,00% | +0,33%",,23ddías,752.810,752.810 | 752.810 | 752.810 | 752.810 | 752.810 | 750.356,Defensa
2026-08-02,Pastor,Málaga,0 | 0 | 0 | 0 | 0 | -11.074,"0,00% | 0,00% | 0,00% | 0,00% | 0,00% | -2,77%",,23ddías,389.116,389.116 | 389.116 | 389.116 | 389.116 | 389.116 | 400.190,Defensa
2026-08-02,Arriaza,Málaga,0 | 0 | 0 | 0 | 0 | +1.308,"0,00% | 0,00% | 0,00% | 0,00% | 0,00% | +0,33%",,23ddías,401.498,401.498 | 401.498 | 401.498 | 401.498 | 401.498 | 400.190,Defensa
2026-08-02,Moussa,Málaga,0 | 0 | 0 | 0 | 0 | +1.308,"0,00% | 0,00% | 0,00% | 0,00% | 0,00% | +0,33%",,23ddías,401.498,401.498 | 401.498 | 401.498 | 401.498 | 401.498 | 400.190,Defensa
2026-08-02,Merino,Málaga,-106.092 | -194.441 | -267.658 | -668.515 | -1.525.357 | -2.800.847,"-1,45% | -2,63% | -3,58% | -8,49% | -17,47% | -28,00%",,23ddías,7.203.902,7.309.994 | 7.398.343 | 7.471.560 | 7.872.417 | 8.729.259 | 10.004.749,Mediocampista
2026-08-02,Lorenzo,Málaga,+23.972 | +34.543 | +15.405 | -140.207 | -786.850 | -2.630.351,"+0,29% | +0,41% | +0,18% | -1,65% | -8,59% | -23,90%",,2ddías,8.374.873,8.350.901 | 8.340.330 | 8.359.468 | 8.515.080 | 9.161.723 | 11.005.224,Mediocampista
2026-08-02,Ochoa,Málaga,0 | 0 | 0 | 0 | 0 | +11.378,"0,00% | 0,00% | 0,00% | 0,00% | 0,00% | +0,32%",,23ddías,3.513.040,3.513.040 | 3.513.040 | 3.513.040 | 3.513.040 | 3.513.040 | 3.501.662,Mediocampista
2026-08-02,Jiménez,Racing,0 | 0 | 0 | 0 | 0 | +1.949,"0,00% | 0,00% | 0,00% | 0,00% | 0,00% | +0,32%",,23ddías,602.234,602.234 | 602.234 | 602.234 | 602.234 | 602.234 | 600.285,Portero
2026-08-02,Enríquez,Málaga,-23.747 | -48.407 | -75.364 | -175.375 | -394.646 | -943.403,"-2,20% | -4,38% | -6,65% | -14,22% | -27,18% | -47,15%",,27ddías,1.057.546,1.081.293 | 1.105.953 | 1.132.910 | 1.232.921 | 1.452.192 | 2.000.949,Mediocampista
2026-08-02,Juanpe,Málaga,0 | 0 | 0 | 0 | 0 | +1.884,"0,00% | 0,00% | 0,00% | 0,00% | 0,00% | +0,32%",,23ddías,581.931,581.931 | 581.931 | 581.931 | 581.931 | 581.931 | 580.047,Mediocampista
2026-08-02,Joaquín,Málaga,-153.898 | -305.718 | -469.225 | -1.150.653 | -2.575.897 | -5.440.570,"-1,76% | -3,45% | -5,19% | -11,84% | -23,12% | -38,84%",,27ddías,8.566.079,8.719.977 | 8.871.797 | 9.035.304 | 9.716.732 | 11.141.976 | 14.006.649,Delantero
2026-08-02,Lobete,Málaga,-27.603 | -55.951 | -84.856 | -197.049 | -433.632 | -930.075,"-2,51% | -4,97% | -7,34% | -15,54% | -28,82% | -46,48%",,27ddías,1.070.874,1.098.477 | 1.126.825 | 1.155.730 | 1.267.923 | 1.504.506 | 2.000.949,Delantero
2026-08-02,Jauregi,Málaga,0 | 0 | 0 | 0 | 0 | +5.038,"0,00% | 0,00% | 0,00% | 0,00% | 0,00% | +0,32%",,23ddías,1.555.774,1.555.774 | 1.555.774 | 1.555.774 | 1.555.774 | 1.555.774 | 1.550.736,Delantero
2026-08-02,Haitam,Málaga,-4.995 | -10.675 | -16.144 | -37.367 | -80.184 | -223.906,"-1,04% | -2,19% | -3,28% | -7,27% | -14,41% | -31,97%",,27ddías,476.426,481.421 | 487.101 | 492.570 | 513.793 | 556.610 | 700.332,Delantero
2026-08-02,Guliashvili,Racing,-97.583 | -200.437 | -301.888 | -746.741 | -1.653.047 | -3.376.310,"-3,03% | -6,02% | -8,80% | -19,28% | -34,58% | -51,92%",,27ddías,3.126.777,3.224.360 | 3.327.214 | 3.428.665 | 3.873.518 | 4.779.824 | 6.503.087,Delantero
2026-08-02,Santi Franco,Racing,0 | 0 | 0 | 0 | 0 | +2.274,"0,00% | 0,00% | 0,00% | 0,00% | 0,00% | +0,32%",,23ddías,702.606,702.606 | 702.606 | 702.606 | 702.606 | 702.606 | 700.332,Delantero
2026-08-02,Galilea,Málaga,0 | 0 | 0 | 0 | 0 | +13.914,"0,00% | 0,00% | 0,00% | 0,00% | 0,00% | +0,33%",,23ddías,4.265.932,4.265.932 | 4.265.932 | 4.265.932 | 4.265.932 | 4.265.932 | 4.252.018,Defensa
2026-08-02,Manuel Pellegrini,Betis,-230.547 | -483.382 | -741.561 | -1.872.308 | -246.655 | -231.602,"-3,29% | -6,66% | -9,87% | -21,66% | 0% | -3,31%",,9ddías,6.771.722,7.002.269 | 7.255.104 | 7.513.283 | 8.644.030 | 0 | 7.003.324,
2026-08-02,Carlos Corberán,Valencia,-24.549 | -50.598 | -77.286 | -192.597 | +43.370 | +45.304,"-2,53% | -5,08% | -7,55% | -16,92% | 0% | +5,03%",,9ddías,945.731,970.280 | 996.329 | 1.023.017 | 1.138.328 | 0 | 900.427,
2026-08-02,Luis García,Sevilla,-37.110 | -76.243 | -116.559 | -89.099 | +445.083 | +446.802,"-2,89% | -5,76% | -8,55% | -6,67% | 0% | +55,82%",,6ddías,1.247.182,1.284.292 | 1.323.425 | 1.363.741 | 1.336.281 | 0 | 800.380,
2026-08-02,Pellegrino Matarazzo,Real Sociedad,-240.782 | -496.821 | -753.438 | -1.938.717 | +1.399.951 | +1.410.703,"-3,62% | -7,19% | -10,51% | -23,21% | 0% | +28,20%",,7ddías,6.413.077,6.653.859 | 6.909.898 | 7.166.515 | 8.351.794 | 0 | 5.002.374,
2026-08-02,José Mourinho,Real Madrid,-842.048 | -1.740.943 | -2.669.970 | +3.567.570 | 0 | 0,"-3,67% | -7,31% | -10,79% | +19,27% | 0% | 0%",,4ddías,22.078.521,22.920.569 | 23.819.464 | 24.748.491 | 18.510.951 | 0 | 0,
2026-08-02,Beñat San José,Rayo,-92.878 | -196.778 | +61.521 | +919.628 | 0 | 0,"-3,47% | -7,07% | +2,44% | +55,20% | 0% | 0%",,2ddías,2.585.610,2.678.488 | 2.782.388 | 2.524.089 | 1.665.982 | 0 | 0,
2026-08-02,José Alberto López,Racing,-44.638 | -91.611 | -140.096 | +91.572 | +625.754 | +627.473,"-3,03% | -6,03% | -8,93% | +6,85% | 0% | +78,40%",,5ddías,1.427.853,1.472.491 | 1.519.464 | 1.567.949 | 1.336.281 | 0 | 800.380,
2026-08-02,Luis Miguel Ramis,Osasuna,-79.879 | -163.562 | -250.443 | +607.664 | 0 | 0,"-3,39% | -6,71% | -9,92% | +36,47% | 0% | 0%",,3ddías,2.273.646,2.353.525 | 2.437.208 | 2.524.089 | 1.665.982 | 0 | 0,
2026-08-02,Juan Funes,Málaga,-68.475 | -140.279 | -214.629 | +329.587 | +997.318 | +999.468,"-3,31% | -6,55% | -9,69% | +19,73% | 0% | +99,90%",,4ddías,1.999.943,2.068.418 | 2.140.222 | 2.214.572 | 1.670.356 | 0 | 1.000.475,
2026-08-02,Luis Castro,Levante,-67.357 | -137.996 | -211.133 | -532.418 | +469.178 | +472.403,"-3,30% | -6,54% | -9,67% | -21,25% | 0% | +31,48%",,7ddías,1.973.115,2.040.472 | 2.111.111 | 2.184.248 | 2.505.533 | 0 | 1.500.712,
2026-08-02,Pepe Bordalás,Getafe,+11.134.575 | +16.160.314 | +31.781.860 | +60.566.608 | +64.680.965 | +64.691.717,"+19,01% | +30,19% | +83,83% | +663,56% | 0% | +1.293,22%",,9ddías,69.694.091,58.559.516 | 53.533.777 | 37.912.231 | 9.127.483 | 0 | 5.002.374,
2026-08-02,Manolo González,Espanyol,-56.554 | -115.940 | -177.354 | -446.657 | +209.894 | +213.119,"-3,19% | -6,34% | -9,38% | -20,67% | 0% | +14,20%",,8ddías,1.713.831,1.770.385 | 1.829.771 | 1.891.185 | 2.160.488 | 0 | 1.500.712,
2026-08-02,Martín Anselmi,Elche,-92.878 | -196.778 | +61.521 | +919.628 | 0 | 0,"-3,47% | -7,07% | +2,44% | +55,20% | 0% | 0%",,2ddías,2.585.610,2.678.488 | 2.782.388 | 2.524.089 | 1.665.982 | 0 | 0,
2026-08-02,Antonio Hidalgo,Deportivo,-94.325 | -193.056 | -295.454 | +114.802 | +1.116.398 | +1.119.623,"-3,47% | -6,86% | -10,13% | +4,58% | 0% | +74,61%",,5ddías,2.620.335,2.714.660 | 2.813.391 | 2.915.789 | 2.505.533 | 0 | 1.500.712,
2026-08-02,Claudio Giráldez,Celta,-129.944 | -264.738 | -407.669 | -1.044.545 | -1.339.229 | -1.328.477,"-3,42% | -6,72% | -9,99% | -22,14% | 0% | -26,56%",,11ddías,3.673.897,3.803.841 | 3.938.635 | 4.081.566 | 4.718.442 | 0 | 5.002.374,
2026-08-02,Hansi Flick,Barcelona,-398.485 | -798.764 | -1.225.218 | -2.975.159 | -1.501.674 | -1.469.416,"-2,86% | -5,57% | -8,30% | -18,02% | 0% | -9,79%",,10ddías,13.537.708,13.936.193 | 14.336.472 | 14.762.926 | 16.512.867 | 0 | 15.007.124,
2026-08-02,Diego Diaz,Racing,0 | 0 | 0 | 0 | 0 | +1.949,"0,00% | 0,00% | 0,00% | 0,00% | 0,00% | +0,32%",,23ddías,602.234,602.234 | 602.234 | 602.234 | 602.234 | 602.234 | 600.285,Delantero
2026-08-02,Hartman,Espanyol,-220.033 | -457.186 | -720.164 | -1.780.838 | 0 | 0,"-1,94% | -3,96% | -6,09% | -13,83% | 0% | 0%",,11ddías,11.099.702,11.319.735 | 11.556.888 | 11.819.866 | 12.880.540 | 0 | 0,Defensa
2026-08-02,Santaella,Málaga,0 | 0 | 0 | 0 | 0 | +1.308,"0,00% | 0,00% | 0,00% | 0,00% | 0,00% | +0,33%",,19ddías,401.498,401.498 | 401.498 | 401.498 | 401.498 | 401.498 | 400.190,Defensa
2026-08-02,Vallecillo,Racing,0 | 0 | 0 | 0 | 0 | -22.392,"0,00% | 0,00% | 0,00% | 0,00% | 0,00% | -3,20%",,19ddías,677.940,677.940 | 677.940 | 677.940 | 677.940 | 677.940 | 700.332,Mediocampista
2026-08-02,Chupete,Málaga,+1.367.224 | +2.631.960 | +3.845.366 | +9.213.450 | +17.346.463 | 0,"+3,23% | +6,42% | +9,66% | +26,75% | +65,93% | 0%",,18ddías,43.657.811,42.290.587 | 41.025.851 | 39.812.445 | 34.444.361 | 26.311.348 | 0,Delantero
2026-08-02,Larrubia,Málaga,+1.227.484 | +2.792.769 | +3.982.372 | +9.726.090 | +17.013.367 | 0,"+2,75% | +6,49% | +9,52% | +26,96% | +59,10% | 0%",,17ddías,45.803.057,44.575.573 | 43.010.288 | 41.820.685 | 36.076.967 | 28.789.690 | 0,Mediocampista
2026-08-02,Yeremay,Deportivo,+1.047.077 | +2.431.218 | +4.202.055 | +11.823.904 | +23.721.710 | 0,"+1,95% | +4,66% | +8,33% | +27,63% | +76,78% | 0%",,15ddías,54.617.646,53.570.569 | 52.186.428 | 50.415.591 | 42.793.742 | 30.895.936 | 0,Delantero
2026-08-02,Dumfries,Real Madrid,+1.223.399 | +2.674.357 | +4.050.781 | +9.767.494 | +17.078.431 | 0,"+2,04% | +4,57% | +7,10% | +19,01% | +38,76% | 0%",,14ddías,61.136.382,59.912.983 | 58.462.025 | 57.085.601 | 51.368.888 | 44.057.951 | 0,Defensa
2026-08-02,Cucurella,Real Madrid,+2.951.040 | +5.968.239 | +8.745.594 | 0 | 0 | 0,"+5,13% | +10,95% | +16,91% | 0% | 0% | 0%",,5ddías,60.455.958,57.504.918 | 54.487.719 | 51.710.364 | 0 | 0 | 0,Defensa
2026-08-02,Diego Simeone,Atlético,-272.253 | -573.875 | -875.728 | -2.211.154 | -1.402.918 | -1.381.413,"-3,06% | -6,24% | -9,22% | -20,41% | 0% | -13,81%",,10ddías,8.623.336,8.895.589 | 9.197.211 | 9.499.064 | 10.834.490 | 0 | 10.004.749,
2026-08-02,Konaté,Real Madrid,+1.384.888 | +2.918.886 | +3.986.197 | 0 | 0 | 0,"+4,35% | +9,62% | +13,62% | 0% | 0% | 0%",,4ddías,33.255.964,31.871.076 | 30.337.078 | 29.269.767 | 0 | 0 | 0,Defensa
2026-08-02,Aubameyang,Deportivo,+1.132.738 | +2.297.747 | +3.206.594 | 0 | 0 | 0,"+7,94% | +17,53% | +26,28% | 0% | 0% | 0%",,3ddías,15.407.828,14.275.090 | 13.110.081 | 12.201.234 | 0 | 0 | 0,Delantero
2026-08-02,Calatrava,Espanyol,+4.400 | +23.320 | +23.430 | 0 | 0 | 0,"+0,14% | +0,73% | +0,73% | 0% | 0% | 0%",,3ddías,3.227.455,3.223.055 | 3.204.135 | 3.204.025 | 0 | 0 | 0,Delantero
2026-08-02,Hjulmand,Atlético,-565.922 | 0 | 0 | 0 | 0 | 0,"-1,61% | 0% | 0% | 0% | 0% | 0%",,1ddías,34.527.477,35.093.399 | 0 | 0 | 0 | 0 | 0,Mediocampista
2026-08-02,Quique Sánchez,Alavés,-37.110 | -76.243 | -116.559 | -89.099 | +445.083 | +446.802,"-2,89% | -5,76% | -8,55% | -6,67% | 0% | +55,82%",,6ddías,1.247.182,1.284.292 | 1.323.425 | 1.363.741 | 1.336.281 | 0 | 800.380,
2026-08-02,Edin Terzic,Athletic,-545.090 | -1.113.369 | -1.705.855 | +3.442.806 | 0 | 0,"-3,90% | -7,65% | -11,26% | +34,44% | 0% | 0%",,3ddías,13.438.716,13.983.806 | 14.552.085 | 15.144.571 | 9.995.910 | 0 | 0,
2026-08-02,Dani Sánchez,Málaga,-22.680 | -45.051 | -68.908 | -169.058 | -388.878 | -942.617,"-2,26% | -4,39% | -6,56% | -14,69% | -28,38% | -48,99%",,27ddías,981.430,1.004.110 | 1.026.481 | 1.050.338 | 1.150.488 | 1.370.308 | 1.924.047,Defensa
2026-08-02,Rafa GarridoRafita,Málaga,0 | 0 | 0 | 0 | 0 | +16.370,"0,00% | 0,00% | 0,00% | 0,00% | 0,00% | +0,33%",,23ddías,5.018.744,5.018.744 | 5.018.744 | 5.018.744 | 5.018.744 | 5.018.744 | 5.002.374,Defensa
2026-08-02,Hierro,Athletic,0 | 0 | 0 | 0 | 0 | +1.972,"0,00% | 0,00% | 0,00% | 0,00% | 0,00% | +0,33%",,24ddías,602.257,602.257 | 602.257 | 602.257 | 602.257 | 602.257 | 600.285,Delantero
2026-08-02,Julio Díaz,Sevilla,+8.438 | +18.058 | +22.607 | +15.915 | -4.275 | -122.295,"+1,80% | +3,93% | +4,96% | +3,44% | -0,89% | -20,37%",,4ddías,477.990,469.552 | 459.932 | 455.383 | 462.075 | 482.265 | 600.285,Defensa
2026-08-02,Vargas,Atlético,-26.083 | -51.413 | -81.361 | -206.462 | -461.801 | -999.856,"-2,31% | -4,46% | -6,88% | -15,79% | -29,55% | -47,59%",,27ddías,1.101.141,1.127.224 | 1.152.554 | 1.182.502 | 1.307.603 | 1.562.942 | 2.100.997,Mediocampista
2026-08-02,Lookman,Atlético,+1.529.390 | +3.496.932 | +5.011.299 | +11.091.109 | +17.379.174 | +32.016.841,"+2,40% | +5,67% | +8,33% | +20,52% | +36,39% | 0%",,14ddías,65.138.106,63.608.716 | 61.641.174 | 60.126.807 | 54.046.997 | 47.758.932 | 0,Delantero
2026-08-02,Tete Morente,Elche,-72.812 | -144.143 | -216.055 | -536.152 | -1.230.986 | -2.827.923,"-2,65% | -5,11% | -7,47% | -16,70% | -31,52% | -51,39%",,27ddías,2.674.689,2.747.501 | 2.818.832 | 2.890.744 | 3.210.841 | 3.905.675 | 5.502.612,Delantero
2026-08-02,Fidalgo,Betis,-59.371 | -108.641 | -156.974 | -392.652 | -860.549 | -1.716.115,"-1,77% | -3,20% | -4,56% | -10,67% | -20,75% | -34,31%",,24ddías,3.286.259,3.345.630 | 3.394.900 | 3.443.233 | 3.678.911 | 4.146.808 | 5.002.374,Mediocampista
2026-08-02,Koski,Alavés,0 | 0 | 0 | 0 | 0 | +2.709,"0,00% | 0,00% | 0,00% | 0,00% | 0,00% | +0,34%",,24ddías,803.089,803.089 | 803.089 | 803.089 | 803.089 | 803.089 | 800.380,Defensa
2026-08-02,Freeman,Villarreal,-61.042 | -111.863 | -166.594 | -384.040 | -891.099 | -1.949.542,"-1,96% | -3,53% | -5,17% | -11,17% | -22,59% | -38,97%",,27ddías,3.052.832,3.113.874 | 3.164.695 | 3.219.426 | 3.436.872 | 3.943.931 | 5.002.374,Defensa
2026-08-02,Cepeda,Elche,-20.760 | -47.186 | -75.096 | -179.151 | -451.694 | -1.232.790,"-1,61% | -3,59% | -5,59% | -12,38% | -26,26% | -49,29%",,27ddías,1.268.397,1.289.157 | 1.315.583 | 1.343.493 | 1.447.548 | 1.720.091 | 2.501.187,Delantero
2026-08-02,Ángel Pérez,Alavés,-162.806 | -312.807 | -472.998 | -1.268.362 | -2.960.101 | -6.851.019,"-1,96% | -3,69% | -5,48% | -13,46% | -26,63% | -45,65%",,27ddías,8.156.105,8.318.911 | 8.468.912 | 8.629.103 | 9.424.467 | 11.116.206 | 15.007.124,Delantero
2026-08-02,Boselli,Getafe,0 | 0 | 0 | 0 | 0 | -107.425,"0,00% | 0,00% | 0,00% | 0,00% | 0,00% | -3,58%",,24ddías,2.893.999,2.893.999 | 2.893.999 | 2.893.999 | 2.893.999 | 2.893.999 | 3.001.424,Defensa
2026-08-02,Romero,Getafe,0 | 0 | 0 | 0 | 0 | +102.017,"0,00% | 0,00% | 0,00% | 0,00% | 0,00% | +0,34%",,24ddías,30.116.266,30.116.266 | 30.116.266 | 30.116.266 | 30.116.266 | 30.116.266 | 30.014.249,Defensa
2026-08-02,Mesonero,Real Madrid,0 | 0 | 0 | 0 | 0 | +2.274,"0,00% | 0,00% | 0,00% | 0,00% | 0,00% | +0,32%",,24ddías,702.606,702.606 | 702.606 | 702.606 | 702.606 | 702.606 | 700.332,Mediocampista
2026-08-02,A. Riquelme,Getafe,0 | 0 | 0 | 0 | 0 | +2.039,"0,00% | 0,00% | 0,00% | 0,00% | 0,00% | +0,34%",,24ddías,602.324,602.324 | 602.324 | 602.324 | 602.324 | 602.324 | 600.285,Mediocampista
2026-08-02,Álex Sánchez,Elche,0 | 0 | 0 | 0 | 0 | +2.039,"0,00% | 0,00% | 0,00% | 0,00% | 0,00% | +0,34%",,24ddías,602.324,602.324 | 602.324 | 602.324 | 602.324 | 602.324 | 600.285,Mediocampista
2026-08-02,Burcio,Celta,0 | 0 | 0 | 0 | 0 | +1.972,"0,00% | 0,00% | 0,00% | 0,00% | 0,00% | +0,33%",,24ddías,602.257,602.257 | 602.257 | 602.257 | 602.257 | 602.257 | 600.285,Mediocampista
2026-08-02,Palacios,Real Madrid,0 | 0 | 0 | 0 | 0 | +2.599,"0,00% | 0,00% | 0,00% | 0,00% | 0,00% | +0,32%",,24ddías,802.979,802.979 | 802.979 | 802.979 | 802.979 | 802.979 | 800.380,Mediocampista
2026-08-02,Sangaré,Elche,0 | 0 | 0 | 0 | 0 | +13.602,"0,00% | 0,00% | 0,00% | 0,00% | 0,00% | +0,34%",,24ddías,4.015.501,4.015.501 | 4.015.501 | 4.015.501 | 4.015.501 | 4.015.501 | 4.001.899,Defensa
2026-08-02,Montes,Getafe,0 | 0 | 0 | 0 | 0 | +2.034,"0,00% | 0,00% | 0,00% | 0,00% | 0,00% | +0,34%",,24ddías,602.319,602.319 | 602.319 | 602.319 | 602.319 | 602.319 | 600.285,Defensa
2026-08-02,Dani Martínez,Atlético,-3.764 | -8.162 | -12.296 | -27.599 | -49.398 | -153.393,"-0,84% | -1,79% | -2,68% | -5,82% | -9,95% | -25,55%",,7ddías,446.892,450.656 | 455.054 | 459.188 | 474.491 | 496.290 | 600.285,Defensa
2026-08-02,Boñar,Atlético,-5.634 | -11.978 | -18.141 | -39.120 | -87.588 | -208.575,"-1,13% | -2,38% | -3,56% | -7,37% | -15,12% | -29,78%",,21ddías,491.757,497.391 | 503.735 | 509.898 | 530.877 | 579.345 | 700.332,Defensa
2026-08-02,Puric,Atlético,-4.990 | -10.665 | -16.129 | -37.330 | -80.098 | -224.019,"-1,04% | -2,19% | -3,28% | -7,27% | -14,40% | -31,99%",,27ddías,476.313,481.303 | 486.978 | 492.442 | 513.643 | 556.411 | 700.332,Defensa
2026-08-02,Marqués,Barcelona,0 | 0 | 0 | 0 | 0 | +2.034,"0,00% | 0,00% | 0,00% | 0,00% | 0,00% | +0,34%",,24ddías,602.319,602.319 | 602.319 | 602.319 | 602.319 | 602.319 | 600.285,Defensa
2026-08-02,Arcos,Celta,0 | 0 | 0 | 0 | 0 | +1.972,"0,00% | 0,00% | 0,00% | 0,00% | 0,00% | +0,33%",,24ddías,602.257,602.257 | 602.257 | 602.257 | 602.257 | 602.257 | 600.285,Mediocampista
2026-08-02,Cestero,Real Madrid,0 | 0 | 0 | 0 | 0 | +1.949,"0,00% | 0,00% | 0,00% | 0,00% | 0,00% | +0,32%",,24ddías,602.234,602.234 | 602.234 | 602.234 | 602.234 | 602.234 | 600.285,Mediocampista
2026-08-02,Ferran,Espanyol,0 | 0 | 0 | 0 | 0 | +1.963,"0,00% | 0,00% | 0,00% | 0,00% | 0,00% | +0,33%",,24ddías,602.248,602.248 | 602.248 | 602.248 | 602.248 | 602.248 | 600.285,Mediocampista
2026-08-02,Manuel Ángel,Real Madrid,0 | 0 | 0 | 0 | 0 | +2.274,"0,00% | 0,00% | 0,00% | 0,00% | 0,00% | +0,32%",,24ddías,702.606,702.606 | 702.606 | 702.606 | 702.606 | 702.606 | 700.332,Mediocampista
2026-08-02,Tunde,Levante,0 | 0 | 0 | 0 | 0 | +27.855,"0,00% | 0,00% | 0,00% | 0,00% | 0,00% | +0,33%",,24ddías,8.531.892,8.531.892 | 8.531.892 | 8.531.892 | 8.531.892 | 8.531.892 | 8.504.037,Mediocampista
2026-08-02,Kita,R. Sociedad B,0 | 0 | 0 | 0 | 0 | +1.949,"0,00% | 0,00% | 0,00% | 0,00% | 0,00% | +0,32%",,24ddías,602.234,602.234 | 602.234 | 602.234 | 602.234 | 602.234 | 600.285,Defensa
2026-08-02,Astiazaran,R. Sociedad B,0 | 0 | 0 | 0 | 0 | +1.972,"0,00% | 0,00% | 0,00% | 0,00% | 0,00% | +0,33%",,24ddías,602.257,602.257 | 602.257 | 602.257 | 602.257 | 602.257 | 600.285,Mediocampista
2026-08-02,Aguirre,R. Sociedad B,0 | 0 | 0 | 0 | 0 | +1.972,"0,00% | 0,00% | 0,00% | 0,00% | 0,00% | +0,33%",,24ddías,602.257,602.257 | 602.257 | 602.257 | 602.257 | 602.257 | 600.285,Mediocampista
2026-08-02,Fontanet,Valencia,0 | 0 | 0 | 0 | 0 | +1.940,"0,00% | 0,00% | 0,00% | 0,00% | 0,00% | +0,33%",,24ddías,581.987,581.987 | 581.987 | 581.987 | 581.987 | 581.987 | 580.047,Defensa
2026-08-02,Gaitán,Villarreal,0 | 0 | 0 | 0 | 0 | +2.007,"0,00% | 0,00% | 0,00% | 0,00% | 0,00% | +0,33%",,24ddías,602.292,602.292 | 602.292 | 602.292 | 602.292 | 602.292 | 600.285,Mediocampista
2026-08-02,Vecino,Celta,-79.708 | -165.007 | -251.993 | -631.833 | -1.416.891 | -3.133.513,"-2,70% | -5,44% | -8,07% | -18,05% | -33,06% | -52,20%",,27ddías,2.869.336,2.949.044 | 3.034.343 | 3.121.329 | 3.501.169 | 4.286.227 | 6.002.849,Mediocampista
2026-08-02,Lamini Fati,Real Madrid,0 | 0 | 0 | 0 | 0 | -22.377,"0,00% | 0,00% | 0,00% | 0,00% | 0,00% | -3,20%",,24ddías,677.955,677.955 | 677.955 | 677.955 | 677.955 | 677.955 | 700.332,Defensa
2026-08-02,Murillo,Málaga,-92.451 | -186.696 | -281.822 | -692.341 | -1.519.823 | -2.926.651,"-2,92% | -5,72% | -8,39% | -18,37% | -33,07% | -48,75%",,27ddías,3.076.198,3.168.649 | 3.262.894 | 3.358.020 | 3.768.539 | 4.596.021 | 6.002.849,Defensa
2026-08-02,Luismi,Deportivo,-126.213 | -255.457 | -407.960 | -974.005 | -1.981.633 | -2.428.595,"-1,88% | -3,74% | -5,84% | -12,90% | -23,16% | -26,97%",,22ddías,6.575.679,6.701.892 | 6.831.136 | 6.983.639 | 7.549.684 | 8.557.312 | 9.004.274,Delantero
2026-08-02,Rubén López,Deportivo,0 | 0 | 0 | 0 | 0 | +1.643,"0,00% | 0,00% | 0,00% | 0,00% | 0,00% | +0,33%",,24ddías,501.880,501.880 | 501.880 | 501.880 | 501.880 | 501.880 | 500.237,Mediocampista
2026-08-02,Villares,Deportivo,-79.932 | -163.277 | -247.891 | -603.950 | -1.342.298 | -2.730.146,"-2,38% | -4,75% | -7,04% | -15,58% | -29,09% | -45,48%",,27ddías,3.272.703,3.352.635 | 3.435.980 | 3.520.594 | 3.876.653 | 4.615.001 | 6.002.849,Mediocampista
2026-08-02,Jurado,Deportivo,-42.224 | -84.222 | -126.061 | -308.784 | -705.021 | -1.563.576,"-2,85% | -5,53% | -8,06% | -17,68% | -32,90% | -52,09%",,27ddías,1.437.848,1.480.072 | 1.522.070 | 1.563.909 | 1.746.632 | 2.142.869 | 3.001.424,Mediocampista
2026-08-02,Mella,Deportivo,-29.020 | -69.333 | -131.128 | -367.603 | -828.138 | -577.570,"-0,84% | -1,98% | -3,69% | -9,69% | -19,47% | -14,43%",,17ddías,3.424.329,3.453.349 | 3.493.662 | 3.555.457 | 3.791.932 | 4.252.467 | 4.001.899,Mediocampista
2026-08-02,Mario,Deportivo,+338.914 | +610.485 | +888.478 | +2.276.129 | +3.882.943 | +6.190.352,"+1,62% | +2,97% | +4,37% | +12,03% | +22,43% | +41,25%",,26ddías,21.197.476,20.858.562 | 20.586.991 | 20.308.998 | 18.921.347 | 17.314.533 | 15.007.124,Mediocampista
2026-08-02,Patino,Deportivo,-11.161 | -23.263 | -35.423 | -86.315 | -194.271 | -476.111,"-1,76% | -3,59% | -5,37% | -12,14% | -23,73% | -43,26%",,27ddías,624.411,635.572 | 647.674 | 659.834 | 710.726 | 818.682 | 1.100.522,Mediocampista
2026-08-02,Bil Nsongo,Deportivo,0 | 0 | 0 | 0 | 0 | +21.386,"0,00% | 0,00% | 0,00% | 0,00% | 0,00% | +0,33%",,24ddías,6.524.473,6.524.473 | 6.524.473 | 6.524.473 | 6.524.473 | 6.524.473 | 6.503.087,Delantero
2026-08-02,Noé Carrillo,Deportivo,0 | 0 | 0 | 0 | 0 | +2.301,"0,00% | 0,00% | 0,00% | 0,00% | 0,00% | +0,33%",,24ddías,702.633,702.633 | 702.633 | 702.633 | 702.633 | 702.633 | 700.332,Mediocampista
2026-08-02,Eddahchouri,Deportivo,-51.345 | -103.377 | -160.337 | -341.098 | -712.725 | -1.605.891,"-2,10% | -4,14% | -6,27% | -12,46% | -22,93% | -40,13%",,27ddías,2.396.008,2.447.353 | 2.499.385 | 2.556.345 | 2.737.106 | 3.108.733 | 4.001.899,Delantero
2026-08-02,Osorio,Elche,0 | 0 | 0 | 0 | 0 | +4.760,"0,00% | 0,00% | 0,00% | 0,00% | 0,00% | +0,34%",,23ddías,1.405.425,1.405.425 | 1.405.425 | 1.405.425 | 1.405.425 | 1.405.425 | 1.400.665,Delantero
2026-08-02,Herrero,Málaga,-21.276 | -4.009 | +149.657 | +693.757 | +827.547 | +1.127.513,"-0,30% | -0,06% | +2,14% | +10,78% | +13,13% | +18,78%",,1ddías,7.130.362,7.151.638 | 7.134.371 | 6.980.705 | 6.436.605 | 6.302.815 | 6.002.849,Portero
2026-08-02,Carlos López,Málaga,-2.413 | -5.304 | -552 | -6.751 | -18.945 | -85.778,"-0,58% | -1,26% | -0,13% | -1,60% | -4,37% | -17,15%",,2ddías,414.459,416.872 | 419.763 | 415.011 | 421.210 | 433.404 | 500.237,Portero
2026-08-02,Céspedes,Málaga,0 | 0 | 0 | 0 | 0 | +1.308,"0,00% | 0,00% | 0,00% | 0,00% | 0,00% | +0,33%",,23ddías,401.498,401.498 | 401.498 | 401.498 | 401.498 | 401.498 | 400.190,Portero
2026-08-02,Puga,Málaga,-101.116 | -200.179 | -339.148 | -796.411 | -1.506.943 | -2.891.232,"-1,63% | -3,17% | -5,26% | -11,53% | -19,78% | -32,11%",,22ddías,6.113.042,6.214.158 | 6.313.221 | 6.452.190 | 6.909.453 | 7.619.985 | 9.004.274,Defensa
2026-08-02,Riki,Deportivo,-31.887 | -124.030 | -124.030 | -124.030 | -124.030 | -119.096,"-2,26% | -8,24% | -8,24% | -8,24% | -8,24% | -7,94%",,2ddías,1.381.616,1.413.503 | 1.505.646 | 1.505.646 | 1.505.646 | 1.505.646 | 1.500.712,Mediocampista
2026-08-02,Pablo García,Deportivo,-5.569 | -11.846 | -17.939 | -23.434 | -66.202 | -210.123,"-1,12% | -2,36% | -3,53% | -4,56% | -11,90% | -30,00%",,5ddías,490.209,495.778 | 502.055 | 508.148 | 513.643 | 556.411 | 700.332,Defensa
2026-08-02,Antañón,Celta,0 | 0 | 0 | 0 | 0 | -18.585,"0,00% | 0,00% | 0,00% | 0,00% | 0,00% | -3,10%",,24ddías,581.700,581.700 | 581.700 | 581.700 | 581.700 | 581.700 | 600.285,Mediocampista
2026-08-02,Quagliata,Deportivo,+41.104 | +69.328 | +78.203 | +69.034 | -183.658 | -1.055.669,"+1,41% | +2,41% | +2,73% | +2,40% | -5,87% | -26,38%",,4ddías,2.946.230,2.905.126 | 2.876.902 | 2.868.027 | 2.877.196 | 3.129.888 | 4.001.899,Defensa
2026-08-02,Ochieng,Real Sociedad,0 | 0 | 0 | 0 | 0 | +2.301,"0,00% | 0,00% | 0,00% | 0,00% | 0,00% | +0,33%",,24ddías,702.633,702.633 | 702.633 | 702.633 | 702.633 | 702.633 | 700.332,Mediocampista
2026-08-02,Morcillo,Atlético,0 | 0 | 0 | 0 | 0 | +2.370,"0,00% | 0,00% | 0,00% | 0,00% | 0,00% | +0,34%",,24ddías,702.702,702.702 | 702.702 | 702.702 | 702.702 | 702.702 | 700.332,Mediocampista
2026-08-02,Cubo,Atlético,0 | 0 | 0 | 0 | 0 | +2.031,"0,00% | 0,00% | 0,00% | 0,00% | 0,00% | +0,34%",,24ddías,602.316,602.316 | 602.316 | 602.316 | 602.316 | 602.316 | 600.285,Delantero
2026-08-02,Hugo Ríos,Deportivo,0 | 0 | 0 | 0 | 0 | +2.959,"0,00% | 0,00% | 0,00% | 0,00% | 0,00% | +0,33%",,24ddías,903.386,903.386 | 903.386 | 903.386 | 903.386 | 903.386 | 900.427,Portero
2026-08-02,Puerto,Deportivo,-657 | -1.818 | -2.580 | -2.930 | +80 | -27.876,"-0,18% | -0,49% | -0,69% | -0,78% | +0,02% | -6,97%",,5ddías,372.314,372.971 | 374.132 | 374.894 | 375.244 | 372.234 | 400.190,Portero
2026-08-02,Germán Parreño,Deportivo,0 | 0 | 0 | 0 | 0 | +2.301,"0,00% | 0,00% | 0,00% | 0,00% | 0,00% | +0,33%",,24ddías,702.633,702.633 | 702.633 | 702.633 | 702.633 | 702.633 | 700.332,Portero
2026-08-02,Loureiro,Deportivo,-12.274 | -43.853 | -75.584 | -216.429 | -691.425 | -676.619,"-0,32% | -1,13% | -1,94% | -5,35% | -15,31% | -15,03%",,12ddías,3.825.518,3.837.792 | 3.869.371 | 3.901.102 | 4.041.947 | 4.516.943 | 4.502.137,Defensa
2026-08-02,Ximo,Deportivo,-125.083 | -555.890 | -555.890 | -555.890 | -555.890 | -534.504,"-2,05% | -8,52% | -8,52% | -8,52% | -8,52% | -8,22%",,2ddías,5.968.583,6.093.666 | 6.524.473 | 6.524.473 | 6.524.473 | 6.524.473 | 6.503.087,Defensa
2026-08-02,Teijo,Deportivo,0 | 0 | 0 | 0 | 0 | +1.972,"0,00% | 0,00% | 0,00% | 0,00% | 0,00% | +0,33%",,24ddías,602.257,602.257 | 602.257 | 602.257 | 602.257 | 602.257 | 600.285,Defensa
2026-08-02,Canedo,Deportivo,0 | 0 | 0 | 0 | 0 | +1.972,"0,00% | 0,00% | 0,00% | 0,00% | 0,00% | +0,33%",,24ddías,602.257,602.257 | 602.257 | 602.257 | 602.257 | 602.257 | 600.285,Defensa
2026-08-02,Samu Fernández,Deportivo,0 | 0 | 0 | 0 | 0 | +2.301,"0,00% | 0,00% | 0,00% | 0,00% | 0,00% | +0,33%",,24ddías,702.633,702.633 | 702.633 | 702.633 | 702.633 | 702.633 | 700.332,Defensa
2026-08-02,Noubi,Deportivo,+227.743 | +511.079 | +746.323 | +1.327.962 | +1.220.491 | +1.788.679,"+2,51% | +5,82% | +8,73% | +16,67% | +15,12% | +23,84%",,9ddías,9.292.241,9.064.498 | 8.781.162 | 8.545.918 | 7.964.279 | 8.071.750 | 7.503.562,Defensa
2026-08-02,Comas,Deportivo,-25.272 | -51.748 | -77.818 | -191.202 | -441.811 | -1.022.777,"-2,52% | -5,02% | -7,37% | -16,35% | -31,11% | -51,11%",,27ddías,978.172,1.003.444 | 1.029.920 | 1.055.990 | 1.169.374 | 1.419.983 | 2.000.949,Defensa
2026-08-02,Barcia,Deportivo,-37.118 | -73.323 | -115.604 | -271.437 | -598.697 | -1.279.956,"-2,11% | -4,09% | -6,29% | -13,62% | -25,80% | -42,64%",,27ddías,1.721.468,1.758.586 | 1.794.791 | 1.837.072 | 1.992.905 | 2.320.165 | 3.001.424,Defensa
2026-08-02,Valou,Getafe,0 | 0 | 0 | 0 | 0 | +2.007,"0,00% | 0,00% | 0,00% | 0,00% | 0,00% | +0,33%",,24ddías,602.292,602.292 | 602.292 | 602.292 | 602.292 | 602.292 | 600.285,Defensa
2026-08-02,Iván Romero,Levante,-57.183 | -100.857 | -127.465 | -351.097 | -774.389 | -1.487.580,"-0,81% | -1,42% | -1,78% | -4,77% | -9,94% | -17,49%",,16ddías,7.016.457,7.073.640 | 7.117.314 | 7.143.922 | 7.367.554 | 7.790.846 | 8.504.037,Delantero
2026-08-02,Román,Celta,-56.188 | -129.898 | -223.150 | -651.954 | -1.436.201 | -3.192.626,"-1,05% | -2,39% | -4,03% | -10,93% | -21,28% | -37,54%",,27ddías,5.311.411,5.367.599 | 5.441.309 | 5.534.561 | 5.963.365 | 6.747.612 | 8.504.037,Mediocampista
2026-08-02,Kike Barja,Osasuna,0 | 0 | 0 | 0 | 0 | +9.499,"0,00% | 0,00% | 0,00% | 0,00% | 0,00% | +0,34%",,24ddías,2.810.828,2.810.828 | 2.810.828 | 2.810.828 | 2.810.828 | 2.810.828 | 2.801.329,Delantero
2026-08-02,Nteka,Rayo,-37.906 | -76.179 | -116.839 | -279.210 | -635.629 | -1.373.452,"-2,28% | -4,47% | -6,70% | -14,64% | -28,08% | -45,76%",,27ddías,1.627.972,1.665.878 | 1.704.151 | 1.744.811 | 1.907.182 | 2.263.601 | 3.001.424,Delantero
2026-08-02,Isi,Rayo,-438.546 | -915.621 | -1.431.409 | -3.288.291 | -937.681 | +3.935.033,"-2,26% | -4,61% | -7,03% | -14,79% | -4,72% | +26,22%",,8ddías,18.942.157,19.380.703 | 19.857.778 | 20.373.566 | 22.230.448 | 19.879.838 | 15.007.124,Delantero
2026-08-02,Pep Chavarría,Rayo,+339.098 | +739.506 | +1.020.526 | +2.310.902 | +4.789.097 | +7.289.680,"+1,79% | +3,99% | +5,58% | +13,61% | +33,01% | +60,72%",,26ddías,19.295.379,18.956.281 | 18.555.873 | 18.274.853 | 16.984.477 | 14.506.282 | 12.005.699,Defensa
2026-08-02,Ratiu,Rayo,-472.167 | -1.139.415 | -1.893.713 | -5.220.973 | -20.817.481 | -20.817.481,"-1,21% | -2,87% | -4,68% | -11,92% | 0% | 0%",,13ddías,38.566.496,39.038.663 | 39.705.911 | 40.460.209 | 43.787.469 | 0 | 0,Defensa
2026-08-02,Dimitrievski,Valencia,0 | 0 | 0 | 0 | 0 | +40.178,"0,00% | 0,00% | 0,00% | 0,00% | 0,00% | +0,33%",,24ddías,12.045.877,12.045.877 | 12.045.877 | 12.045.877 | 12.045.877 | 12.045.877 | 12.005.699,Portero
2026-08-02,Iker Muñoz,Osasuna,-37.125 | -73.011 | -112.607 | -296.758 | -694.903 | -1.585.756,"-2,25% | -4,32% | -6,52% | -15,52% | -30,07% | -49,53%",,27ddías,1.615.763,1.652.888 | 1.688.774 | 1.728.370 | 1.912.521 | 2.310.666 | 3.201.519,Mediocampista
2026-08-02,Herrando,Osasuna,-56.064 | -108.312 | -170.292 | -421.706 | -983.293 | -2.274.559,"-2,46% | -4,64% | -7,10% | -15,92% | -30,62% | -50,52%",,27ddías,2.227.578,2.283.642 | 2.335.890 | 2.397.870 | 2.649.284 | 3.210.871 | 4.502.137,Defensa
2026-08-02,Catena,Osasuna,-613.234 | -1.076.399 | -1.361.223 | -15.699 | +4.320.567 | +9.533.480,"-1,53% | -2,65% | -3,33% | -0,04% | +12,26% | +31,76%",,3ddías,39.547.729,40.160.963 | 40.624.128 | 40.908.952 | 39.563.428 | 35.227.162 | 30.014.249,Defensa
2026-08-02,Ibáñez,Alavés,-42.765 | -95.219 | -150.207 | -413.502 | -1.080.177 | -2.546.772,"-1,22% | -2,68% | -4,17% | -10,69% | -23,81% | -42,43%",,27ddías,3.456.077,3.498.842 | 3.551.296 | 3.606.284 | 3.869.579 | 4.536.254 | 6.002.849,Mediocampista
2026-08-02,Budimir,Osasuna,-482.290 | -1.031.235 | -1.731.059 | -4.772.629 | +9.771.786 | +9.771.786,"-0,98% | -2,08% | -3,45% | -8,96% | 0% | 0%",,13ddías,48.496.584,48.978.874 | 49.527.819 | 50.227.643 | 53.269.213 | 0 | 0,Delantero
2026-08-02,Moi Gómez,Osasuna,-59.888 | -121.715 | -183.494 | -441.692 | -992.606 | -2.414.788,"-2,26% | -4,49% | -6,62% | -14,58% | -27,72% | -48,27%",,27ddías,2.587.586,2.647.474 | 2.709.301 | 2.771.080 | 3.029.278 | 3.580.192 | 5.002.374,Mediocampista
2026-08-02,Rubén GarcíaRubén G.,Osasuna,-131.600 | -298.382 | -471.895 | -1.115.241 | -2.192.352 | -4.219.190,"-0,95% | -2,12% | -3,31% | -7,48% | -13,72% | -23,43%",,24ddías,13.789.359,13.920.959 | 14.087.741 | 14.261.254 | 14.904.600 | 15.981.711 | 18.008.549,Mediocampista
2026-08-02,Aitor,Osasuna,-9.617 | -20.112 | -30.597 | -74.062 | -165.710 | -413.111,"-1,61% | -3,31% | -4,95% | -11,20% | -22,00% | -41,29%",,27ddías,587.364,596.981 | 607.476 | 617.961 | 661.426 | 753.074 | 1.000.475,Portero
2026-08-02,Areso,Athletic,-14.627 | -35.833 | -75.653 | -219.741 | -554.372 | -1.333.817,"-0,61% | -1,49% | -3,10% | -8,49% | -18,97% | -36,03%",,27ddías,2.367.940,2.382.567 | 2.403.773 | 2.443.593 | 2.587.681 | 2.922.312 | 3.701.757,Defensa
2026-08-02,Oroz,Osasuna,-111.623 | -403.811 | -742.359 | -2.110.019 | -3.203.246 | -4.878.387,"-0,73% | -2,60% | -4,68% | -12,24% | -17,47% | -24,38%",,24ddías,15.131.112,15.242.735 | 15.534.923 | 15.873.471 | 17.241.131 | 18.334.358 | 20.009.499,Mediocampista
2026-08-02,Unai López,Rayo,-39.008 | -83.471 | -112.266 | -133.714 | -224.970 | -1.003.620,"-0,65% | -1,37% | -1,84% | -2,18% | -3,61% | -14,33%",,3ddías,5.999.704,6.038.712 | 6.083.175 | 6.111.970 | 6.133.418 | 6.224.674 | 7.003.324,Mediocampista
2026-08-02,Villar,Elche,0 | 0 | 0 | 0 | 0 | +23.803,"0,00% | 0,00% | 0,00% | 0,00% | 0,00% | +0,34%",,24ddías,7.027.127,7.027.127 | 7.027.127 | 7.027.127 | 7.027.127 | 7.027.127 | 7.003.324,Mediocampista
2026-08-02,Mayoral,Getafe,-38.617 | -76.399 | -112.861 | -304.798 | -648.506 | -1.441.474,"-1,17% | -2,29% | -3,35% | -8,55% | -16,59% | -30,66%",,27ddías,3.260.758,3.299.375 | 3.337.157 | 3.373.619 | 3.565.556 | 3.909.264 | 4.702.232,Delantero
2026-08-02,Iglesias,Sevilla,0 | 0 | 0 | 0 | 0 | +42.415,"0,00% | 0,00% | 0,00% | 0,00% | 0,00% | +0,34%",,24ddías,12.548.352,12.548.352 | 12.548.352 | 12.548.352 | 12.548.352 | 12.548.352 | 12.505.937,Defensa
2026-08-02,Herrera,Real Sociedad,-75.270 | -135.889 | -206.944 | -520.536 | -1.200.999 | -2.409.841,"-2,05% | -3,64% | -5,45% | -12,65% | -25,05% | -40,14%",,24ddías,3.593.008,3.668.278 | 3.728.897 | 3.799.952 | 4.113.544 | 4.794.007 | 6.002.849,Mediocampista
2026-08-02,Eric Garcia,Barcelona,-1.313.711 | -5.235.728 | -5.235.728 | -5.235.728 | -5.235.728 | -5.035.520,"-2,38% | -8,84% | -8,84% | -8,84% | -8,84% | -8,53%",,2ddías,53.992.504,55.306.215 | 59.228.232 | 59.228.232 | 59.228.232 | 59.228.232 | 59.028.024,Defensa
2026-08-02,Boyé,Alavés,-148.326 | -300.591 | -461.857 | -1.276.468 | -3.069.210 | -5.200.768,"-0,99% | -1,99% | -3,02% | -7,94% | -17,17% | -25,99%",,23ddías,14.808.731,14.957.057 | 15.109.322 | 15.270.588 | 16.085.199 | 17.877.941 | 20.009.499,Delantero
2026-08-02,Miguel Ángel RubioMiguel Rubio,Espanyol,-15.309 | -31.732 | -48.393 | -119.243 | -271.019 | -676.704,"-2,07% | -4,20% | -6,27% | -14,14% | -27,24% | -48,31%",,27ddías,723.961,739.270 | 755.693 | 772.354 | 843.204 | 994.980 | 1.400.665,Defensa
2026-08-02,S. Cardona,Villarreal,-44.606 | -70.443 | -115.880 | -244.929 | -554.952 | -526.323,"-0,87% | -1,37% | -2,23% | -4,60% | -9,85% | -9,39%",,20ddías,5.076.336,5.120.942 | 5.146.779 | 5.192.216 | 5.321.265 | 5.631.288 | 5.602.659,Defensa
2026-08-02,Moncayola,Osasuna,+63.492 | +115.766 | +118.375 | +81.547 | -143.654 | -368.494,"+1,14% | +2,10% | +2,15% | +1,47% | -2,49% | -6,14%",,5ddías,5.634.355,5.570.863 | 5.518.589 | 5.515.980 | 5.552.808 | 5.778.009 | 6.002.849,Mediocampista
2026-08-02,Javi Muñoz,Getafe,-19.153 | -39.580 | -60.412 | -149.755 | -339.157 | -784.553,"-2,29% | -4,62% | -6,89% | -15,50% | -29,36% | -49,01%",,27ddías,816.206,835.359 | 855.786 | 876.618 | 965.961 | 1.155.363 | 1.600.759,Mediocampista
2026-08-02,Moleiro,Villarreal,-404.073 | -793.598 | -1.325.196 | -4.572.463 | -39.042.792 | -39.042.792,"-0,70% | -1,37% | -2,27% | -7,42% | 0% | 0%",,12ddías,57.017.676,57.421.749 | 57.811.274 | 58.342.872 | 61.590.139 | 0 | 0,Mediocampista
2026-08-02,Valles,Betis,+802.132 | +1.759.801 | +2.509.789 | +5.012.766 | +8.067.327 | +11.957.560,"+3,79% | +8,71% | +12,90% | +29,57% | +58,06% | +119,52%",,26ddías,21.962.309,21.160.177 | 20.202.508 | 19.452.520 | 16.949.543 | 13.894.982 | 10.004.749,Portero
2026-08-02,Copete,Valencia,-97.883 | -199.023 | -300.972 | -735.929 | -1.642.895 | -3.054.743,"-3,21% | -6,32% | -9,26% | -19,98% | -35,79% | -50,89%",,27ddías,2.948.106,3.045.989 | 3.147.129 | 3.249.078 | 3.684.035 | 4.591.001 | 6.002.849,Defensa
2026-08-02,Herrera,Osasuna,+872.142 | +1.830.102 | +2.824.514 | +6.031.979 | +10.185.582 | +16.350.516,"+2,77% | +5,99% | +9,56% | +22,91% | +45,94% | +102,14%",,25ddías,32.358.115,31.485.973 | 30.528.013 | 29.533.601 | 26.326.136 | 22.172.533 | 16.007.599,Portero
2026-08-02,Torró,Osasuna,-35.440 | -74.902 | -110.972 | -279.658 | -659.182 | -1.403.971,"-1,25% | -2,61% | -3,81% | -9,09% | -19,07% | -33,41%",,23ddías,2.798.023,2.833.463 | 2.872.925 | 2.908.995 | 3.077.681 | 3.457.205 | 4.201.994,Mediocampista
2026-08-02,Cárdenas,Rayo,-12.863 | -26.940 | -42.342 | -110.387 | -265.630 | -657.362,"-1,70% | -3,50% | -5,39% | -12,93% | -26,33% | -46,93%",,27ddías,743.303,756.166 | 770.243 | 785.645 | 853.690 | 1.008.933 | 1.400.665,Portero
2026-08-02,Álvaro García,Rayo,+225.971 | +411.302 | +577.121 | +1.167.371 | +2.121.891 | +3.736.265,"+1,46% | +2,68% | +3,81% | +8,01% | +15,58% | +31,12%",,11ddías,15.741.964,15.515.993 | 15.330.662 | 15.164.843 | 14.574.593 | 13.620.073 | 12.005.699,Mediocampista
2026-08-02,Carmona,Sevilla,-58.584 | -129.356 | -194.871 | -433.240 | -973.754 | -1.200.449,"-1,21% | -2,62% | -3,90% | -8,27% | -16,86% | -20,00%",,22ddías,4.802.400,4.860.984 | 4.931.756 | 4.997.271 | 5.235.640 | 5.776.154 | 6.002.849,Defensa
2026-08-02,Rüdiger,Real Madrid,-428.684 | -765.194 | -1.221.058 | -2.970.887 | -6.494.006 | -10.286.733,"-1,38% | -2,44% | -3,83% | -8,84% | -17,49% | -25,14%",,24ddías,30.632.693,31.061.377 | 31.397.887 | 31.853.751 | 33.603.580 | 37.126.699 | 40.919.426,Defensa
2026-08-02,Pacheco,Real Sociedad,0 | 0 | 0 | 0 | 0 | +13.553,"0,00% | 0,00% | 0,00% | 0,00% | 0,00% | +0,34%",,24ddías,4.015.452,4.015.452 | 4.015.452 | 4.015.452 | 4.015.452 | 4.015.452 | 4.001.899,Defensa
2026-08-02,Sadiq,Valencia,-283.556 | -583.921 | -893.506 | -2.053.171 | -3.611.105 | -6.484.653,"-2,89% | -5,78% | -8,58% | -17,74% | -27,49% | -40,51%",,25ddías,9.522.946,9.806.502 | 10.106.867 | 10.416.452 | 11.576.117 | 13.134.051 | 16.007.599,Delantero
2026-08-02,Olasagasti,Levante,-20.829 | -39.407 | -60.936 | -292.490 | -942.763 | -2.338.966,"-0,57% | -1,06% | -1,64% | -7,39% | -20,47% | -38,96%",,27ddías,3.663.883,3.684.712 | 3.703.290 | 3.724.819 | 3.956.373 | 4.606.646 | 6.002.849,Mediocampista
2026-08-02,Kubo,Real Sociedad,-480.940 | -975.803 | -1.545.314 | -3.837.564 | -8.292.020 | -4.707.437,"-1,86% | -3,70% | -5,73% | -13,12% | -24,61% | -15,63%",,16ddías,25.406.860,25.887.800 | 26.382.663 | 26.952.174 | 29.244.424 | 33.698.880 | 30.114.297,Mediocampista
2026-08-02,Zakharyan,Real Sociedad,-39.493 | -79.440 | -120.195 | -297.810 | -677.164 | -1.557.677,"-2,66% | -5,22% | -7,69% | -17,10% | -31,93% | -51,90%",,27ddías,1.443.747,1.483.240 | 1.523.187 | 1.563.942 | 1.741.557 | 2.120.911 | 3.001.424,Mediocampista
2026-08-02,Oyarzabal,Real Sociedad,-1.002.978 | -1.982.759 | -3.140.958 | -8.423.547 | -42.094.772 | -42.094.772,"-1,37% | -2,67% | -4,16% | -10,43% | 0% | 0%",,11ddías,72.316.402,73.319.380 | 74.299.161 | 75.457.360 | 80.739.949 | 0 | 0,Delantero
2026-08-02,Marín,Real Sociedad,-74.793 | -151.483 | -230.850 | -576.774 | -1.275.731 | -2.622.349,"-3,05% | -5,98% | -8,84% | -19,51% | -34,90% | -52,42%",,27ddías,2.380.025,2.454.818 | 2.531.508 | 2.610.875 | 2.956.799 | 3.655.756 | 5.002.374,Mediocampista
2026-08-02,Barrenetxea,Real Sociedad,-696.771 | -1.418.339 | -2.101.019 | -2.034.712 | +1.196.716 | +6.966.879,"-1,76% | -3,51% | -5,11% | -4,96% | +3,17% | +21,76%",,5ddías,38.982.078,39.678.849 | 40.400.417 | 41.083.097 | 41.016.790 | 37.785.362 | 32.015.199,Mediocampista
2026-08-02,Zubeldia,Real Sociedad,-85.661 | -194.042 | -303.338 | -798.586 | -1.992.674 | -3.827.179,"-0,83% | -1,87% | -2,89% | -7,27% | -16,37% | -27,32%",,27ddías,10.179.470,10.265.131 | 10.373.512 | 10.482.808 | 10.978.056 | 12.172.144 | 14.006.649,Defensa
2026-08-02,Aihen,Real Sociedad,-51.357 | -103.376 | -160.104 | -390.161 | -892.182 | -2.062.312,"-2,58% | -5,06% | -7,63% | -16,75% | -31,51% | -51,53%",,27ddías,1.939.587,1.990.944 | 2.042.963 | 2.099.691 | 2.329.748 | 2.831.769 | 4.001.899,Defensa
2026-08-02,Odriozola,Real Sociedad,-17.190 | -35.572 | -54.274 | -134.174 | -305.818 | -731.611,"-2,19% | -4,42% | -6,59% | -14,85% | -28,45% | -48,75%",,27ddías,769.101,786.291 | 804.673 | 823.375 | 903.275 | 1.074.919 | 1.500.712,Defensa
2026-08-02,Remiro,Real Sociedad,+1.064.679 | +2.276.731 | +3.168.814 | +7.176.837 | +13.100.994 | +20.756.659,"+2,68% | +5,92% | +8,43% | +21,37% | +47,36% | +103,73%",,25ddías,40.766.158,39.701.479 | 38.489.427 | 37.597.344 | 33.589.321 | 27.665.164 | 20.009.499,Portero
2026-08-02,Güler,Real Madrid,-772.448 | -1.549.694 | -2.310.789 | -5.772.198 | -11.604.991 | -18.979.798,"-1,36% | -2,69% | -3,96% | -9,34% | -17,15% | -25,29%",,27ddías,56.055.826,56.828.274 | 57.605.520 | 58.366.615 | 61.828.024 | 67.660.817 | 75.035.624,Mediocampista
2026-08-02,Mendy,Real Madrid,-27.403 | -49.722 | -79.227 | -207.028 | -480.625 | -986.744,"-2,63% | -4,67% | -7,25% | -16,95% | -32,15% | -49,31%",,27ddías,1.014.205,1.041.608 | 1.063.927 | 1.093.432 | 1.221.233 | 1.494.830 | 2.000.949,Defensa
2026-08-02,Brahim,Real Madrid,-348.516 | -665.095 | -1.002.112 | -2.287.331 | -4.284.022 | -6.443.171,"-2,50% | -4,67% | -6,88% | -14,43% | -24,00% | -32,20%",,23ddías,13.566.328,13.914.844 | 14.231.423 | 14.568.440 | 15.853.659 | 17.850.350 | 20.009.499,Mediocampista
2026-08-02,De Frutos,Rayo,+905.526 | +1.778.356 | +2.538.094 | +6.192.901 | +12.407.447 | +20.082.659,"+2,05% | +4,11% | +5,96% | +15,92% | +37,96% | +80,29%",,26ddías,45.094.533,44.189.007 | 43.316.177 | 42.556.439 | 38.901.632 | 32.687.086 | 25.011.874,Delantero
2026-08-02,Militão,Real Madrid,-513.696 | -1.020.676 | -1.564.255 | -3.878.491 | -8.663.030 | -12.455.134,"-2,84% | -5,49% | -8,18% | -18,09% | -33,04% | -41,50%",,27ddías,17.559.115,18.072.811 | 18.579.791 | 19.123.370 | 21.437.606 | 26.222.145 | 30.014.249,Defensa
2026-08-02,Balliu,Rayo,-18.453 | -37.286 | -58.262 | -135.619 | -297.552 | -661.705,"-2,15% | -4,25% | -6,49% | -13,91% | -26,18% | -44,09%",,27ddías,839.007,857.460 | 876.293 | 897.269 | 974.626 | 1.136.559 | 1.500.712,Defensa
2026-08-02,Cucho,Betis,-914.663 | -1.648.054 | -2.141.094 | -1.288.171 | +3.104.234 | +14.032.093,"-1,66% | -2,96% | -3,81% | -2,33% | +6,09% | +35,06%",,3ddías,54.051.092,54.965.755 | 55.699.146 | 56.192.186 | 55.339.263 | 50.946.858 | 40.018.999,Delantero
2026-08-02,Valentín,Rayo,-61.741 | -126.978 | -200.697 | -520.459 | -1.176.048 | -2.481.252,"-1,72% | -3,48% | -5,39% | -12,88% | -25,03% | -41,33%",,27ddías,3.521.597,3.583.338 | 3.648.575 | 3.722.294 | 4.042.056 | 4.697.645 | 6.002.849,Mediocampista
2026-08-02,Lejeune,Rayo,-648.129 | -1.201.015 | -1.987.316 | -5.459.361 | -33.641.424 | -33.641.424,"-1,51% | -2,76% | -4,48% | -11,42% | 0% | 0%",,13ddías,42.340.660,42.988.789 | 43.541.675 | 44.327.976 | 47.800.021 | 0 | 0,Defensa
2026-08-02,Camello,Rayo,-33.656 | -65.686 | -113.871 | -340.704 | -829.135 | -1.819.446,"-1,01% | -1,96% | -3,35% | -9,40% | -20,16% | -35,66%",,27ddías,3.282.976,3.316.632 | 3.348.662 | 3.396.847 | 3.623.680 | 4.112.111 | 5.102.422,Delantero
2026-08-02,Courtois,Real Madrid,-291.293 | -472.408 | -826.435 | -1.572.180 | +271.122 | +18.485.168,"-0,50% | -0,80% | -1,39% | -2,62% | +0,47% | +46,19%",,7ddías,58.504.167,58.795.460 | 58.976.575 | 59.330.602 | 60.076.347 | 58.233.045 | 40.018.999,Portero
2026-08-02,Bellingham,Real Madrid,-911.083 | -1.874.340 | -3.132.040 | -7.454.908 | -35.294.855 | -35.294.855,"-0,93% | -1,89% | -3,12% | -7,13% | 0% | 0%",,10ddías,97.141.134,98.052.217 | 99.015.474 | 100.273.174 | 104.596.042 | 0 | 0,Mediocampista
2026-08-02,Fran García,Betis,0 | 0 | 0 | 0 | 0 | -413.592,"0,00% | 0,00% | 0,00% | 0,00% | 0,00% | -4,13%",,25ddías,9.591.157,9.591.157 | 9.591.157 | 9.591.157 | 9.591.157 | 9.591.157 | 10.004.749,Defensa
2026-08-02,Vinicius,Real Madrid,-1.293.522 | -2.140.670 | -3.408.671 | -9.569.361 | -50.930.499 | -50.930.499,"-1,23% | -2,03% | -3,19% | -8,46% | 0% | 0%",,10ddías,103.566.020,104.859.542 | 105.706.690 | 106.974.691 | 113.135.381 | 0 | 0,Delantero
2026-08-02,Rodrygo,Real Madrid,-71.204 | -166.315 | -265.870 | -653.799 | -1.354.317 | -943.011,"-1,72% | -3,94% | -6,15% | -13,87% | -25,02% | -18,85%",,17ddías,4.059.363,4.130.567 | 4.225.678 | 4.325.233 | 4.713.162 | 5.413.680 | 5.002.374,Delantero
2026-08-02,Camavinga,Real Madrid,-330.210 | -690.629 | -1.058.228 | -2.459.275 | -5.078.464 | -10.224.483,"-2,34% | -4,77% | -7,13% | -15,14% | -26,92% | -42,58%",,27ddías,13.786.916,14.117.126 | 14.477.545 | 14.845.144 | 16.246.191 | 18.865.380 | 24.011.399,Mediocampista
2026-08-02,Lunin,Real Madrid,-36.532 | -71.702 | -111.740 | -279.990 | -674.844 | -1.419.184,"-1,39% | -2,70% | -4,15% | -9,78% | -20,72% | -35,46%",,27ddías,2.582.715,2.619.247 | 2.654.417 | 2.694.455 | 2.862.705 | 3.257.559 | 4.001.899,Portero
2026-08-02,Valverde,Real Madrid,-733.504 | -1.487.089 | -2.262.255 | -5.926.801 | -13.663.638 | -29.019.930,"-0,96% | -1,92% | -2,89% | -7,23% | -15,23% | -27,62%",,27ddías,76.029.943,76.763.447 | 77.517.032 | 78.292.198 | 81.956.744 | 89.693.581 | 105.049.873,Mediocampista
2026-08-02,Tchouaméni,Real Madrid,-936.925 | -1.876.257 | -2.790.754 | -6.589.419 | -8.957.452 | -5.362.134,"-1,81% | -3,56% | -5,20% | -11,47% | -14,97% | -9,54%",,12ddías,50.864.560,51.801.485 | 52.740.817 | 53.655.314 | 57.453.979 | 59.822.012 | 56.226.694,Mediocampista
2026-08-02,Soria,Getafe,0 | 0 | 0 | 0 | 0 | -713.145,"0,00% | 0,00% | 0,00% | 0,00% | 0,00% | -3,56%",,24ddías,19.296.354,19.296.354 | 19.296.354 | 19.296.354 | 19.296.354 | 19.296.354 | 20.009.499,Portero
2026-08-02,Aleñá,Alavés,-60.181 | -119.335 | -205.764 | -509.267 | -1.155.718 | -2.578.127,"-1,34% | -2,63% | -4,44% | -10,32% | -20,71% | -36,81%",,27ddías,4.425.197,4.485.378 | 4.544.532 | 4.630.961 | 4.934.464 | 5.580.915 | 7.003.324,Mediocampista
2026-08-02,Le Normand,Atlético,-113.156 | -213.892 | -365.242 | -1.017.088 | -1.897.213 | -3.473.853,"-1,02% | -1,92% | -3,23% | -8,51% | -14,79% | -24,11%",,22ddías,10.932.986,11.046.142 | 11.146.878 | 11.298.228 | 11.950.074 | 12.830.199 | 14.406.839,Defensa
2026-08-02,Berenguer,Athletic,-141.333 | -267.452 | -403.197 | -945.974 | -1.629.441 | +1.003.779,"-1,35% | -2,53% | -3,76% | -8,41% | -13,65% | +10,79%",,18ddías,10.308.196,10.449.529 | 10.575.648 | 10.711.393 | 11.254.170 | 11.937.637 | 9.304.417,Delantero
2026-08-02,M. Llorente,Atlético,-1.105.055 | -2.204.030 | -3.156.592 | -5.777.153 | -2.194.737 | +11.660.504,"-1,76% | -3,45% | -4,87% | -8,56% | -3,44% | +23,31%",,7ddías,61.684.253,62.789.308 | 63.888.283 | 64.840.845 | 67.461.406 | 63.878.990 | 50.023.749,Defensa
2026-08-02,Oblak,Atlético,+355.530 | +856.776 | +1.442.731 | +3.686.024 | +7.627.643 | +17.673.832,"+0,68% | +1,65% | +2,82% | +7,52% | +16,93% | +50,47%",,26ddías,52.690.456,52.334.926 | 51.833.680 | 51.247.725 | 49.004.432 | 45.062.813 | 35.016.624,Portero
2026-08-02,Koke,Atlético,0 | 0 | 0 | 0 | 0 | +59.264,"0,00% | 0,00% | 0,00% | 0,00% | 0,00% | +0,33%",,24ddías,17.767.671,17.767.671 | 17.767.671 | 17.767.671 | 17.767.671 | 17.767.671 | 17.708.407,Mediocampista
2026-08-02,Giménez,Atlético,-155.395 | -301.905 | -466.968 | -1.079.074 | -2.335.314 | -2.484.766,"-2,44% | -4,63% | -6,98% | -14,78% | -27,30% | -28,55%",,22ddías,6.219.366,6.374.761 | 6.521.271 | 6.686.334 | 7.298.440 | 8.554.680 | 8.704.132,Defensa
2026-08-02,Egiluz,Athletic,-4.639 | -9.948 | -15.031 | -34.541 | -73.599 | -208.162,"-0,98% | -2,08% | -3,11% | -6,87% | -13,59% | -30,79%",,27ddías,467.885,472.524 | 477.833 | 482.916 | 502.426 | 541.484 | 676.047,Defensa
2026-08-02,Prados,Athletic,-43.742 | -89.842 | -136.442 | -330.551 | -732.174 | -1.825.407,"-2,28% | -4,57% | -6,78% | -14,98% | -28,07% | -49,31%",,27ddías,1.876.350,1.920.092 | 1.966.192 | 2.012.792 | 2.206.901 | 2.608.524 | 3.701.757,Mediocampista
2026-08-02,Villalibre,Racing,0 | 0 | 0 | 0 | 0 | +24.384,"0,00% | 0,00% | 0,00% | 0,00% | 0,00% | +0,32%",,23ddías,7.527.946,7.527.946 | 7.527.946 | 7.527.946 | 7.527.946 | 7.527.946 | 7.503.562,Delantero
2026-08-02,Yuri,Athletic,-220.726 | -435.801 | -697.219 | -1.574.915 | -3.628.098 | -3.568.872,"-1,51% | -2,93% | -4,61% | -9,83% | -20,08% | -19,82%",,12ddías,14.439.677,14.660.403 | 14.875.478 | 15.136.896 | 16.014.592 | 18.067.775 | 18.008.549,Defensa
2026-08-02,R. de Galarreta,Athletic,-1.859 | +11.059 | -98.486 | -418.352 | -1.085.173 | +2.121.271,"-0,02% | +0,11% | -0,94% | -3,89% | -9,51% | +25,86%",,1ddías,10.325.165,10.327.024 | 10.314.106 | 10.423.651 | 10.743.517 | 11.410.338 | 8.203.894,Mediocampista
2026-08-02,Agirrezabala,Athletic,0 | 0 | 0 | 0 | 0 | +9.708,"0,00% | 0,00% | 0,00% | 0,00% | 0,00% | +0,33%",,24ddías,2.911.085,2.911.085 | 2.911.085 | 2.911.085 | 2.911.085 | 2.911.085 | 2.901.377,Portero
2026-08-02,Guruzeta,Athletic,-12.821 | -28.410 | -106.267 | -266.427 | -881.207 | -1.439.251,"-0,11% | -0,24% | -0,90% | -2,23% | -7,02% | -10,98%",,3ddías,11.666.971,11.679.792 | 11.695.381 | 11.773.238 | 11.933.398 | 12.548.178 | 13.106.222,Delantero
2026-08-02,N. Williams,Athletic,+577.111 | +1.336.356 | +2.460.715 | +7.961.494 | +32.819.330 | +32.819.330,"+0,78% | +1,82% | +3,41% | +11,95% | 0% | 0%",,11ddías,74.573.045,73.995.934 | 73.236.689 | 72.112.330 | 66.611.551 | 0 | 0,Delantero
2026-08-02,I. Williams,Athletic,+249.015 | +638.458 | +989.396 | +3.075.059 | +5.723.758 | +7.486.321,"+0,86% | +2,23% | +3,50% | +11,73% | +24,28% | +34,32%",,25ddías,29.296.675,29.047.660 | 28.658.217 | 28.307.279 | 26.221.616 | 23.572.917 | 21.810.354,Delantero
2026-08-02,Sancet,Athletic,+832.844 | +1.811.263 | +2.727.801 | +7.271.850 | +13.737.117 | +19.628.267,"+1,80% | +4,00% | +6,14% | +18,24% | +41,12% | +71,34%",,25ddías,47.141.329,46.308.485 | 45.330.066 | 44.413.528 | 39.869.479 | 33.404.212 | 27.513.062,Mediocampista
2026-08-02,Vesga,Athletic,-44.871 | -87.134 | -133.367 | -324.145 | -736.210 | -1.680.349,"-2,87% | -5,42% | -8,06% | -17,57% | -32,61% | -52,49%",,27ddías,1.521.170,1.566.041 | 1.608.304 | 1.654.537 | 1.845.315 | 2.257.380 | 3.201.519,Mediocampista
2026-08-02,Galán,Celta,0 | 0 | 0 | 0 | 0 | -531.295,"0,00% | 0,00% | 0,00% | 0,00% | 0,00% | -3,54%",,17ddías,14.475.829,14.475.829 | 14.475.829 | 14.475.829 | 14.475.829 | 14.475.829 | 15.007.124,Defensa
2026-08-02,Kike García,Espanyol,-118.638 | -239.838 | -370.260 | -932.044 | -1.995.144 | -3.632.741,"-2,16% | -4,27% | -6,45% | -14,79% | -27,08% | -40,34%",,25ddías,5.371.533,5.490.171 | 5.611.371 | 5.741.793 | 6.303.577 | 7.366.677 | 9.004.274,Delantero
2026-08-02,Gorosabel,Athletic,-99.915 | -201.267 | -299.113 | -709.960 | -1.428.344 | -3.112.932,"-2,95% | -5,76% | -8,33% | -17,75% | -30,27% | -48,62%",,27ddías,3.290.107,3.390.022 | 3.491.374 | 3.589.220 | 4.000.067 | 4.718.451 | 6.403.039,Defensa
2026-08-02,Abqar,Getafe,+106.310 | +180.102 | +229.660 | +275.083 | -219.612 | -900.861,"+2,13% | +3,66% | +4,71% | +5,70% | -4,13% | -15,01%",,6ddías,5.101.988,4.995.678 | 4.921.886 | 4.872.328 | 4.826.905 | 5.321.600 | 6.002.849,Defensa
2026-08-02,Guevara,Alavés,-37.566 | -73.019 | -113.865 | -283.438 | -652.745 | -1.508.007,"-2,45% | -4,66% | -7,08% | -15,95% | -30,41% | -50,24%",,27ddías,1.493.417,1.530.983 | 1.566.436 | 1.607.282 | 1.776.855 | 2.146.162 | 3.001.424,Mediocampista
2026-08-02,Blanco,Alavés,-194.319 | -363.591 | -586.159 | -1.576.572 | -3.557.141 | +14.551.814,"-1,17% | -2,17% | -3,45% | -8,78% | -17,84% | 0%",,19ddías,16.384.933,16.579.252 | 16.748.524 | 16.971.092 | 17.961.505 | 19.942.074 | 0,Mediocampista
2026-08-02,Rioja,Valencia,-210.043 | -442.064 | -695.648 | -1.785.897 | -3.732.534 | -6.808.068,"-1,14% | -2,37% | -3,68% | -8,93% | -17,02% | -27,22%",,27ddías,18.203.806,18.413.849 | 18.645.870 | 18.899.454 | 19.989.703 | 21.936.340 | 25.011.874,Mediocampista
2026-08-02,Tenaglia,Alavés,-127.478 | -261.844 | -334.716 | -911.333 | -1.853.079 | -3.181.520,"-0,85% | -1,74% | -2,21% | -5,79% | -11,11% | -17,67%",,27ddías,14.827.029,14.954.507 | 15.088.873 | 15.161.745 | 15.738.362 | 16.680.108 | 18.008.549,Defensa
2026-08-02,Guridi,Sevilla,0 | 0 | 0 | 0 | 0 | +16.941,"0,00% | 0,00% | 0,00% | 0,00% | 0,00% | +0,34%",,24ddías,5.019.315,5.019.315 | 5.019.315 | 5.019.315 | 5.019.315 | 5.019.315 | 5.002.374,Mediocampista
2026-08-02,Yeray,Athletic,-23.367 | -40.670 | -100.074 | -381.924 | -948.057 | -1.131.218,"-0,58% | -1,01% | -2,46% | -8,77% | -19,27% | -22,17%",,12ddías,3.971.204,3.994.571 | 4.011.874 | 4.071.278 | 4.353.128 | 4.919.261 | 5.102.422,Defensa
2026-08-02,Rebbach,Alavés,-96.731 | -194.209 | -281.795 | -699.383 | -1.726.292 | -3.157.770,"-1,96% | -3,85% | -5,50% | -12,61% | -26,27% | -39,45%",,25ddías,4.846.029,4.942.760 | 5.040.238 | 5.127.824 | 5.545.412 | 6.572.321 | 8.003.799,Delantero
2026-08-02,Carlos BenavidezProtesoni,Alavés,0 | 0 | 0 | 0 | 0 | +10.164,"0,00% | 0,00% | 0,00% | 0,00% | 0,00% | +0,34%",,24ddías,3.011.588,3.011.588 | 3.011.588 | 3.011.588 | 3.011.588 | 3.011.588 | 3.001.424,Mediocampista
2026-08-02,Pubill,Atlético,+651.206 | +1.559.423 | +2.615.835 | +8.640.246 | +18.468.360 | +32.937.498,"+0,90% | +2,18% | +3,72% | +13,43% | +33,89% | +82,30%",,26ddías,72.956.497,72.305.291 | 71.397.074 | 70.340.662 | 64.316.251 | 54.488.137 | 40.018.999,Defensa
2026-08-02,Unai Simón,Athletic,+1.528.090 | +2.841.268 | +4.431.534 | +11.006.624 | +22.287.944 | +34.161.815,"+2,90% | +5,54% | +8,91% | +25,50% | +69,90% | +170,73%",,25ddías,54.171.314,52.643.224 | 51.330.046 | 49.739.780 | 43.164.690 | 31.883.370 | 20.009.499,Portero
2026-08-02,Vivian,Athletic,-441.996 | -883.545 | -1.316.605 | -3.154.003 | -6.971.342 | -4.228.871,"-2,72% | -5,30% | -7,70% | -16,66% | -30,64% | -21,13%",,16ddías,15.780.628,16.222.624 | 16.664.173 | 17.097.233 | 18.934.631 | 22.751.970 | 20.009.499,Defensa
2026-08-02,Paredes,Athletic,-14.921 | -22.460 | -84.038 | -375.307 | -1.012.333 | -2.006.738,"-0,35% | -0,53% | -1,96% | -8,21% | -19,44% | -32,35%",,27ddías,4.196.206,4.211.127 | 4.218.666 | 4.280.244 | 4.571.513 | 5.208.539 | 6.202.944,Defensa
2026-08-02,Molina,Atlético,-53.773 | -100.513 | -176.259 | -432.084 | -867.042 | -963.121,"-1,12% | -2,08% | -3,59% | -8,35% | -15,46% | -16,89%",,22ddías,4.739.586,4.793.359 | 4.840.099 | 4.915.845 | 5.171.670 | 5.606.628 | 5.702.707,Defensa
2026-08-02,Barrios,Atlético,-760.331 | -803.173 | -406.129 | +2.492.102 | +8.546.448 | +13.659.814,"-1,40% | -1,47% | -0,75% | +4,87% | +18,94% | +34,13%",,2ddías,53.678.813,54.439.144 | 54.481.986 | 54.084.942 | 51.186.711 | 45.132.365 | 40.018.999,Mediocampista
2026-08-02,Djené,Getafe,0 | 0 | 0 | 0 | 0 | +28.503,"0,00% | 0,00% | 0,00% | 0,00% | 0,00% | +0,34%",,24ddías,8.432.492,8.432.492 | 8.432.492 | 8.432.492 | 8.432.492 | 8.432.492 | 8.403.989,Defensa
2026-08-02,U. Núñez,Celta,-99.591 | -200.561 | -302.741 | -831.582 | -831.582 | -814.842,"-2,32% | -4,57% | -6,74% | -16,57% | -16,57% | -16,29%",,7ddías,4.187.532,4.287.123 | 4.388.093 | 4.490.273 | 5.019.114 | 5.019.114 | 5.002.374,Defensa
2026-08-02,Marc Roca,Betis,-1.806 | -18.824 | -20.466 | -85.086 | -483.950 | -1.809.889,"-0,04% | -0,41% | -0,44% | -1,82% | -9,53% | -28,27%",,3ddías,4.593.150,4.594.956 | 4.611.974 | 4.613.616 | 4.678.236 | 5.077.100 | 6.403.039,Mediocampista
2026-08-02,Isco,Betis,-1.629.383 | -3.511.099 | -5.536.719 | -14.041.950 | +53.603.807 | +53.603.807,"-2,46% | -5,16% | -7,91% | -17,88% | 0% | 0%",,11ddías,64.496.318,66.125.701 | 68.007.417 | 70.033.037 | 78.538.268 | 0 | 0,Mediocampista
2026-08-02,Ruibal,Betis,-108.187 | -221.033 | -336.686 | -836.642 | -1.880.862 | -3.503.981,"-3,00% | -5,94% | -8,78% | -19,30% | -34,96% | -50,03%",,27ddías,3.499.343,3.607.530 | 3.720.376 | 3.836.029 | 4.335.985 | 5.380.205 | 7.003.324,Delantero
2026-08-02,Navarro,Athletic,-29.625 | -54.471 | -80.524 | -207.050 | -483.327 | -1.128.499,"-1,34% | -2,45% | -3,57% | -8,70% | -18,19% | -34,18%",,27ddías,2.173.068,2.202.693 | 2.227.539 | 2.253.592 | 2.380.118 | 2.656.395 | 3.301.567,Mediocampista
2026-08-02,Chust,Elche,0 | 0 | 0 | 0 | 0 | +17.002,"0,00% | 0,00% | 0,00% | 0,00% | 0,00% | +0,34%",,24ddías,5.019.376,5.019.376 | 5.019.376 | 5.019.376 | 5.019.376 | 5.019.376 | 5.002.374,Defensa
2026-08-02,Starfelt,Celta,+153.251 | +387.424 | +488.906 | +344.185 | -3.529 | +712.603,"+1,45% | +3,75% | +4,78% | +3,32% | -0,03% | +7,12%",,4ddías,10.717.352,10.564.101 | 10.329.928 | 10.228.446 | 10.373.167 | 10.720.881 | 10.004.749,Defensa
2026-08-02,Dotor,Málaga,0 | 0 | 0 | 0 | +4.403 | +13.005,"0,00% | 0,00% | 0,00% | 0,00% | 0% | +0,32%",,11ddías,4.014.904,4.014.904 | 4.014.904 | 4.014.904 | 4.014.904 | 0 | 4.001.899,Mediocampista
2026-08-02,Ayoze,Villarreal,-106.656 | -243.998 | -394.646 | -1.024.360 | -1.939.575 | -3.323.080,"-0,64% | -1,44% | -2,31% | -5,78% | -10,41% | -16,61%",,27ddías,16.686.419,16.793.075 | 16.930.417 | 17.081.065 | 17.710.779 | 18.625.994 | 20.009.499,Delantero
2026-08-02,Carles Pérez,Celta,-51.227 | -103.198 | -158.159 | +127.716 | +127.716 | +127.716,"-2,84% | -5,56% | -8,28% | 0% | 0% | 0%",,4ddías,1.751.782,1.803.009 | 1.854.980 | 1.909.941 | 0 | 0 | 0,Delantero
2026-08-02,Aspas,Celta,-130.994 | -274.541 | -425.587 | -970.425 | -2.104.163 | -2.028.840,"-1,49% | -3,07% | -4,68% | -10,06% | -19,52% | -18,95%",,21ddías,8.676.242,8.807.236 | 8.950.783 | 9.101.829 | 9.646.667 | 10.780.405 | 10.705.082,Delantero
2026-08-02,Iván Villar,Celta,-27.465 | -54.142 | -82.817 | -212.133 | -522.252 | -1.228.351,"-2,11% | -4,08% | -6,11% | -14,29% | -29,09% | -49,11%",,27ddías,1.272.836,1.300.301 | 1.326.978 | 1.355.653 | 1.484.969 | 1.795.088 | 2.501.187,Portero
2026-08-02,Swedberg,Celta,-61.616 | -190.966 | -292.315 | -887.970 | -2.153.854 | -3.425.177,"-0,67% | -2,06% | -3,12% | -8,91% | -19,17% | -27,39%",,24ddías,9.080.760,9.142.376 | 9.271.726 | 9.373.075 | 9.968.730 | 11.234.614 | 12.505.937,Mediocampista
2026-08-02,Domínguez,Celta,-18.793 | -38.845 | -59.288 | -146.903 | -335.355 | -793.173,"-2,27% | -4,59% | -6,84% | -15,39% | -29,34% | -49,55%",,27ddías,807.586,826.379 | 846.431 | 866.874 | 954.489 | 1.142.941 | 1.600.759,Defensa
2026-08-02,Sotelo,Levante,0 | 0 | +14.035 | -53.692 | -224.678 | -718.194,"0,00% | 0,00% | +1,03% | -3,74% | -13,98% | -34,18%",,2ddías,1.382.803,1.382.803 | 1.382.803 | 1.368.768 | 1.436.495 | 1.607.481 | 2.100.997,Mediocampista
2026-08-02,Bartra,Betis,+295.957 | +606.583 | +803.000 | +1.944.440 | +4.188.399 | +4.881.381,"+1,20% | +2,50% | +3,33% | +8,47% | +20,23% | +24,40%",,21ddías,24.890.880,24.594.923 | 24.284.297 | 24.087.880 | 22.946.440 | 20.702.481 | 20.009.499,Defensa
2026-08-02,Iglesias,Celta,-54.941 | +18.224 | +129.234 | +2.070.847 | +6.749.493 | +14.011.617,"-0,17% | +0,06% | +0,40% | +6,83% | +26,30% | 0%",,1ddías,32.408.166,32.463.107 | 32.389.942 | 32.278.932 | 30.337.319 | 25.658.673 | 0,Delantero
2026-08-02,Riquelme,Betis,-42.538 | -75.817 | -122.363 | -346.162 | -849.632 | -2.004.012,"-1,20% | -2,12% | -3,38% | -9,00% | -19,54% | -36,42%",,27ddías,3.498.600,3.541.138 | 3.574.417 | 3.620.963 | 3.844.762 | 4.348.232 | 5.502.612,Mediocampista
2026-08-02,A. Christensen,Barcelona,0 | 0 | 0 | 0 | 0 | +16.966,"0,00% | 0,00% | 0,00% | 0,00% | 0,00% | +0,34%",,24ddías,5.019.340,5.019.340 | 5.019.340 | 5.019.340 | 5.019.340 | 5.019.340 | 5.002.374,Defensa
2026-08-02,Balde,Barcelona,-472.662 | -987.090 | -1.479.666 | -1.186.707 | +3.176.566 | +7.643.882,"-1,73% | -3,55% | -5,22% | -4,23% | +13,42% | +39,79%",,5ddías,26.853.001,27.325.663 | 27.840.091 | 28.332.667 | 28.039.708 | 23.676.435 | 19.209.119,Defensa
2026-08-02,Araújo,Barcelona,-152.559 | -303.336 | -462.985 | -1.134.066 | -2.551.003 | -4.299.927,"-2,60% | -5,05% | -7,51% | -16,58% | -30,90% | -42,98%",,25ddías,5.704.822,5.857.381 | 6.008.158 | 6.167.807 | 6.838.888 | 8.255.825 | 10.004.749,Defensa
2026-08-02,Gavi,Barcelona,+362.557 | +802.520 | +1.388.266 | +4.221.901 | +8.783.207 | +12.515.533,"+0,98% | +2,19% | +3,84% | +12,68% | +30,56% | +50,04%",,23ddías,37.527.407,37.164.850 | 36.724.887 | 36.139.141 | 33.305.506 | 28.744.200 | 25.011.874,Mediocampista
2026-08-02,Ferran,Barcelona,+1.502.941 | +3.454.530 | +4.890.992 | +11.700.627 | +15.056.399 | +8.665.504,"+2,24% | +5,30% | +7,67% | +20,53% | +28,07% | +14,44%",,11ddías,68.694.003,67.191.062 | 65.239.473 | 63.803.011 | 56.993.376 | 53.637.604 | 60.028.499,Delantero
2026-08-02,Pedri,Barcelona,-1.084.988 | -2.103.139 | -3.344.195 | -7.833.818 | -81.703.702 | -81.703.702,"-1,11% | -2,13% | -3,34% | -7,48% | 0% | 0%",,10ddías,96.833.890,97.918.878 | 98.937.029 | 100.178.085 | 104.667.708 | 0 | 0,Mediocampista
2026-08-02,Raphinha,Barcelona,-686.202 | -1.446.959 | -2.557.929 | -8.514.980 | -21.462.820 | -28.900.534,"-0,94% | -1,97% | -3,43% | -10,58% | -22,98% | -28,66%",,19ddías,71.947.344,72.633.546 | 73.394.303 | 74.505.273 | 80.462.324 | 93.410.164 | 100.847.878,Delantero
2026-08-02,F. de Jong,Barcelona,-1.177.349 | -4.139.496 | -4.139.496 | -4.139.496 | -4.139.496 | -3.988.492,"-2,82% | -9,27% | -9,27% | -9,27% | -9,27% | -8,96%",,2ddías,40.532.644,41.709.993 | 44.672.140 | 44.672.140 | 44.672.140 | 44.672.140 | 44.521.136,Mediocampista
2026-08-02,Abde,Betis,-1.713.524 | -3.527.547 | -5.511.064 | -14.151.786 | -68.839.774 | -68.839.774,"-2,65% | -5,30% | -8,04% | -18,33% | 0% | 0%",,11ddías,63.042.343,64.755.867 | 66.569.890 | 68.553.407 | 77.194.129 | 0 | 0,Delantero
2026-08-02,Koundé,Barcelona,-831.017 | -1.364.379 | -1.617.068 | -250.052 | +5.003.194 | +16.396.676,"-1,59% | -2,59% | -3,05% | -0,48% | +10,78% | +46,83%",,3ddías,51.413.300,52.244.317 | 52.777.679 | 53.030.368 | 51.663.352 | 46.410.106 | 35.016.624,Defensa
2026-08-02,Yamal,Barcelona,-692.592 | -1.832.385 | -3.402.461 | -11.231.094 | +59.000.351 | +59.000.351,"-0,53% | -1,40% | -2,56% | -7,99% | 0% | 0%",,9ddías,129.296.534,129.989.126 | 131.128.919 | 132.698.995 | 140.527.628 | 0 | 0,Delantero
2026-08-02,Casadó,Barcelona,-16.534 | -33.975 | -57.652 | -156.461 | -361.741 | -1.035.084,"-0,79% | -1,62% | -2,71% | -7,04% | -14,90% | -33,37%",,27ddías,2.066.388,2.082.922 | 2.100.363 | 2.124.040 | 2.222.849 | 2.428.129 | 3.101.472,Mediocampista
2026-08-02,Cubarsí,Barcelona,-1.461.323 | -2.753.976 | -3.424.132 | -747.252 | +13.063.153 | +35.858.144,"-1,50% | -2,79% | -3,45% | -0,77% | +15,77% | +59,74%",,3ddías,95.886.643,97.347.966 | 98.640.619 | 99.310.775 | 96.633.895 | 82.823.490 | 60.028.499,Defensa
2026-08-02,Fermín,Barcelona,-621.618 | -1.255.874 | -2.014.969 | -6.927.162 | -18.704.619 | -31.265.749,"-0,97% | -1,93% | -3,06% | -9,80% | -22,68% | -32,90%",,27ddías,63.779.374,64.400.992 | 65.035.248 | 65.794.343 | 70.706.536 | 82.483.993 | 95.045.123,Mediocampista
2026-08-02,Bellerín,Betis,+204.344 | +368.427 | +501.364 | +451.958 | -63.812 | +623.702,"+1,96% | +3,59% | +4,95% | +4,44% | -0,60% | +6,23%",,4ddías,10.628.451,10.424.107 | 10.260.024 | 10.127.087 | 10.176.493 | 10.692.263 | 10.004.749,Defensa
2026-08-02,Turrientes,Real Sociedad,-118.721 | -218.161 | -322.086 | -816.287 | -1.828.524 | -2.510.432,"-1,56% | -2,83% | -4,12% | -9,82% | -19,61% | -25,09%",,24ddías,7.494.317,7.613.038 | 7.712.478 | 7.816.403 | 8.310.604 | 9.322.841 | 10.004.749,Mediocampista
2026-08-02,Pathé Ciss,Rayo,+7.261 | -49.910 | -98.654 | -346.259 | -886.317 | +551.479,"+0,07% | -0,47% | -0,93% | -3,18% | -7,75% | +5,51%",,1ddías,10.556.228,10.548.967 | 10.606.138 | 10.654.882 | 10.902.487 | 11.442.545 | 10.004.749,Mediocampista
2026-08-02,Marrero,Real Sociedad,-32.979 | -66.842 | -105.679 | -266.638 | -646.871 | -1.490.254,"-2,14% | -4,24% | -6,54% | -15,00% | -29,97% | -49,65%",,27ddías,1.511.170,1.544.149 | 1.578.012 | 1.616.849 | 1.777.808 | 2.158.041 | 3.001.424,Portero
2026-08-02,Letácek,Getafe,-20.965 | -42.840 | -65.926 | -167.413 | -404.197 | -965.986,"-2,19% | -4,38% | -6,59% | -15,19% | -30,18% | -50,82%",,27ddías,934.916,955.881 | 977.756 | 1.000.842 | 1.102.329 | 1.339.113 | 1.900.902,Portero
2026-08-02,Natan,Betis,+694.176 | +1.363.601 | +2.119.808 | +4.925.915 | +9.197.860 | +14.827.067,"+1,77% | +3,54% | +5,62% | +14,11% | +30,02% | +59,28%",,25ddías,39.838.941,39.144.765 | 38.475.340 | 37.719.133 | 34.913.026 | 30.641.081 | 25.011.874,Defensa
2026-08-02,Fraga,Real Sociedad,0 | 0 | 0 | 0 | 0 | +1.949,"0,00% | 0,00% | 0,00% | 0,00% | 0,00% | +0,32%",,24ddías,602.234,602.234 | 602.234 | 602.234 | 602.234 | 602.234 | 600.285,Portero
2026-08-02,Martín,Barcelona,0 | 0 | 0 | 0 | 0 | +103.157,"0,00% | 0,00% | 0,00% | 0,00% | 0,00% | +0,34%",,24ddías,30.517.596,30.517.596 | 30.517.596 | 30.517.596 | 30.517.596 | 30.517.596 | 30.414.439,Defensa
2026-08-02,Toni Martinez,Alavés,-356.012 | -680.350 | -1.110.304 | -2.662.277 | -5.980.904 | +23.277.635,"-1,28% | -2,43% | -3,90% | -8,87% | -17,94% | 0%",,16ddías,27.361.628,27.717.640 | 28.041.978 | 28.471.932 | 30.023.905 | 33.342.532 | 0,Delantero
2026-08-02,Musso,Atlético,-122.047 | -249.607 | -376.168 | -914.660 | -2.057.598 | -4.086.013,"-2,02% | -4,05% | -5,98% | -13,39% | -25,80% | -40,84%",,27ddías,5.918.736,6.040.783 | 6.168.343 | 6.294.904 | 6.833.396 | 7.976.334 | 10.004.749,Portero
2026-08-02,Olmo,Barcelona,-1.199.614 | -2.601.820 | -4.036.345 | -9.929.891 | -28.609.450 | -28.609.450,"-1,56% | -3,32% | -5,05% | -11,57% | 0% | 0%",,11ddías,75.870.280,77.069.894 | 78.472.100 | 79.906.625 | 85.800.171 | 0 | 0,Mediocampista
2026-08-02,Mario Martín,Getafe,0 | 0 | 0 | 0 | 0 | +13.573,"0,00% | 0,00% | 0,00% | 0,00% | 0,00% | +0,34%",,24ddías,4.015.472,4.015.472 | 4.015.472 | 4.015.472 | 4.015.472 | 4.015.472 | 4.001.899,Mediocampista
2026-08-02,Benito,Osasuna,-13.741 | -28.531 | -43.490 | -106.796 | -242.007 | -614.287,"-1,96% | -3,99% | -5,96% | -13,47% | -26,07% | -47,23%",,27ddías,686.330,700.071 | 714.861 | 729.820 | 793.126 | 928.337 | 1.300.617,Delantero
2026-08-02,Leo Román,Deportivo,+787.839 | +1.529.549 | +1.831.508 | +23.835.067 | +23.835.067 | +23.835.067,"+3,16% | +6,33% | +7,67% | 0% | 0% | 0%",,3ddías,25.703.489,24.915.650 | 24.173.940 | 23.871.981 | 0 | 0 | 0,Portero
2026-08-02,Ferrer,Getafe,0 | 0 | 0 | 0 | 0 | +2.373,"0,00% | 0,00% | 0,00% | 0,00% | 0,00% | +0,34%",,24ddías,702.705,702.705 | 702.705 | 702.705 | 702.705 | 702.705 | 700.332,Portero
2026-08-02,Boiro,Athletic,-10.001 | -20.894 | -31.795 | -77.102 | -154.222 | -403.918,"-1,65% | -3,38% | -5,06% | -11,45% | -20,54% | -40,37%",,11ddías,596.557,606.558 | 617.451 | 628.352 | 673.659 | 750.779 | 1.000.475,Defensa
2026-08-02,Jauregizar,Athletic,+286.213 | +727.698 | +1.043.297 | +2.679.605 | +5.786.102 | +9.292.655,"+1,19% | +3,09% | +4,49% | +12,39% | +31,25% | +61,92%",,26ddías,24.299.779,24.013.566 | 23.572.081 | 23.256.482 | 21.620.174 | 18.513.677 | 15.007.124,Mediocampista
2026-08-02,Padilla,Athletic,0 | 0 | 0 | 0 | 0 | +4.876,"0,00% | 0,00% | 0,00% | 0,00% | 0,00% | +0,32%",,24ddías,1.505.588,1.505.588 | 1.505.588 | 1.505.588 | 1.505.588 | 1.505.588 | 1.500.712,Portero
2026-08-02,Alvarez,Atlético,-699.495 | -1.378.627 | -2.018.437 | -3.351.183 | +25.134.256 | +25.134.256,"-0,95% | -1,85% | -2,68% | -4,38% | 0% | 0%",,8ddías,73.222.650,73.922.145 | 74.601.277 | 75.241.087 | 76.573.833 | 0 | 0,Delantero
2026-08-02,Álvaro,Deportivo,-76.192 | -159.196 | -243.223 | -628.580 | -1.664.567 | -3.675.603,"-1,29% | -2,66% | -4,01% | -9,73% | -22,21% | -38,67%",,27ddías,5.828.909,5.905.101 | 5.988.105 | 6.072.132 | 6.457.489 | 7.493.476 | 9.504.512,Portero
2026-08-02,Javi Rodríguez,Celta,0 | 0 | 0 | 0 | 0 | +32.903,"0,00% | 0,00% | 0,00% | 0,00% | 0,00% | +0,33%",,24ddías,10.037.652,10.037.652 | 10.037.652 | 10.037.652 | 10.037.652 | 10.037.652 | 10.004.749,Defensa
2026-08-02,Andrés Martín,Racing,-304.537 | -638.098 | -997.527 | -2.083.455 | -4.555.097 | +20.519.917,"-1,35% | -2,79% | -4,29% | -8,55% | -16,98% | 0%",,18ddías,22.271.225,22.575.762 | 22.909.323 | 23.268.752 | 24.354.680 | 26.826.322 | 0,Delantero
2026-08-02,Endrick,Real Madrid,-86.218 | -172.612 | -323.520 | +7.173.915 | +7.173.915 | +7.173.915,"-1,10% | -2,18% | -4,01% | 0% | 0% | 0%",,4ddías,7.739.904,7.826.122 | 7.912.516 | 8.063.424 | 0 | 0 | 0,Delantero
2026-08-02,Carreira,Celta,-50.393 | -112.684 | -184.757 | -608.965 | -1.433.125 | -1.032.060,"-0,72% | -1,59% | -2,58% | -8,03% | -17,05% | -12,89%",,21ddías,6.971.739,7.022.132 | 7.084.423 | 7.156.496 | 7.580.704 | 8.404.864 | 8.003.799,Defensa
2026-08-02,Sergio Gómez,Real Sociedad,-153.731 | -320.527 | -452.094 | -1.422.871 | -3.378.110 | -5.857.338,"-0,80% | -1,65% | -2,31% | -6,91% | -14,99% | -23,42%",,27ddías,19.154.536,19.308.267 | 19.475.063 | 19.606.630 | 20.577.407 | 22.532.646 | 25.011.874,Defensa
2026-08-02,Peque,Sevilla,-55.364 | -117.330 | -176.857 | -437.134 | -965.058 | -2.215.156,"-2,36% | -4,88% | -7,18% | -16,05% | -29,68% | -49,20%",,27ddías,2.286.981,2.342.345 | 2.404.311 | 2.463.838 | 2.724.115 | 3.252.039 | 4.502.137,Delantero
2026-08-02,Ejuke,Sevilla,-49.729 | -100.018 | -151.318 | -374.170 | -847.136 | -1.787.988,"-1,52% | -3,02% | -4,50% | -10,43% | -20,86% | -35,74%",,27ddías,3.214.386,3.264.115 | 3.314.404 | 3.365.704 | 3.588.556 | 4.061.522 | 5.002.374,Delantero
2026-08-02,Kambwala,Villarreal,-37.735 | -76.265 | -115.845 | -280.379 | -650.110 | -1.486.352,"-2,43% | -4,79% | -7,10% | -15,62% | -30,03% | -49,52%",,27ddías,1.515.072,1.552.807 | 1.591.337 | 1.630.917 | 1.795.451 | 2.165.182 | 3.001.424,Defensa
2026-08-02,Danjuma,Valencia,-37.766 | -55.828 | -97.091 | -306.634 | -790.956 | -1.650.183,"-0,86% | -1,27% | -2,18% | -6,58% | -15,38% | -27,49%",,27ddías,4.352.666,4.390.432 | 4.408.494 | 4.449.757 | 4.659.300 | 5.143.622 | 6.002.849,Delantero
2026-08-02,L. Sucic,Real Sociedad,-42.518 | -99.157 | -155.954 | -402.533 | -942.918 | -1.703.396,"-1,05% | -2,42% | -3,75% | -9,14% | -19,08% | -29,87%",,24ddías,3.999.311,4.041.829 | 4.098.468 | 4.155.265 | 4.401.844 | 4.942.229 | 5.702.707,Mediocampista
2026-08-02,Pépé,Villarreal,-962.826 | -1.898.481 | -2.951.793 | -7.613.872 | -37.301.804 | -37.301.804,"-1,73% | -3,36% | -5,12% | -12,23% | 0% | 0%",,12ddías,54.663.133,55.625.959 | 56.561.614 | 57.614.926 | 62.277.005 | 0 | 0,Delantero
2026-08-02,Pape Gueye,Villarreal,+273.572 | +334.903 | +203.679 | -1.112.274 | -4.884.549 | -10.425.676,"+0,70% | +0,85% | +0,52% | -2,73% | -10,98% | -20,84%",,2ddías,39.598.073,39.324.501 | 39.263.170 | 39.394.394 | 40.710.347 | 44.482.622 | 50.023.749,Mediocampista
2026-08-02,Losada,Betis,0 | 0 | 0 | 0 | 0 | +8.191,"0,00% | 0,00% | 0,00% | 0,00% | 0,00% | +0,33%",,24ddías,2.509.378,2.509.378 | 2.509.378 | 2.509.378 | 2.509.378 | 2.509.378 | 2.501.187,Delantero
2026-08-02,D. Llorente,Betis,+257.077 | +488.828 | +644.067 | +1.340.343 | +1.633.878 | +2.674.267,"+2,52% | +4,89% | +6,55% | +14,67% | +18,47% | +34,27%",,11ddías,10.477.971,10.220.894 | 9.989.143 | 9.833.904 | 9.137.628 | 8.844.093 | 7.803.704,Defensa
2026-08-02,Bretones,Osasuna,+73.968 | +145.319 | +205.989 | +370.820 | +287.276 | -59.081,"+3,41% | +6,93% | +10,12% | +19,82% | +14,70% | -2,57%",,9ddías,2.242.011,2.168.043 | 2.096.692 | 2.036.022 | 1.871.191 | 1.954.735 | 2.301.092,Defensa
2026-08-02,Pedro Díaz,Rayo,-38.764 | -73.269 | -116.411 | -267.537 | -679.981 | -1.856.922,"-1,78% | -3,30% | -5,15% | -11,09% | -24,07% | -46,40%",,28ddías,2.144.977,2.183.741 | 2.218.246 | 2.261.388 | 2.412.514 | 2.824.958 | 4.001.899,Mediocampista
2026-08-02,Durán,Celta,-43.627 | -88.166 | -125.436 | -318.522 | -708.422 | -1.493.401,"-2,81% | -5,52% | -7,68% | -17,44% | -31,96% | -49,76%",,27ddías,1.508.023,1.551.650 | 1.596.189 | 1.633.459 | 1.826.545 | 2.216.445 | 3.001.424,Delantero
2026-08-02,Hugo Álvarez,Celta,-81.421 | -166.105 | -253.038 | -612.931 | -1.361.222 | -2.814.816,"-2,16% | -4,31% | -6,42% | -14,25% | -26,96% | -43,28%",,27ddías,3.688.271,3.769.692 | 3.854.376 | 3.941.309 | 4.301.202 | 5.049.493 | 6.503.087,Mediocampista
2026-08-02,Mbappé,Real Madrid,-444.809 | -867.042 | -1.523.532 | -5.607.268 | -24.876.486 | -24.876.486,"-0,34% | -0,66% | -1,15% | -4,12% | 0% | 0%",,9ddías,130.608.953,131.053.762 | 131.475.995 | 132.132.485 | 136.216.221 | 0 | 0,Delantero
2026-08-02,Sannadi,Athletic,-5.162 | -11.016 | -16.666 | -38.692 | -83.270 | -219.904,"-1,06% | -2,24% | -3,35% | -7,45% | -14,77% | -31,40%",,27ddías,480.428,485.590 | 491.444 | 497.094 | 519.120 | 563.698 | 700.332,Delantero
2026-08-02,Asencio,Real Madrid,-217.871 | -446.704 | -635.521 | -1.338.136 | -2.686.917 | -5.276.511,"-3,09% | -6,14% | -8,51% | -16,38% | -28,24% | -43,59%",,27ddías,6.829.236,7.047.107 | 7.275.940 | 7.464.757 | 8.167.372 | 9.516.153 | 12.105.747,Defensa
2026-08-02,Roberto,Espanyol,-38.732 | -89.128 | -130.664 | -376.214 | -832.161 | -1.426.322,"-0,69% | -1,57% | -2,29% | -6,32% | -12,98% | -20,37%",,22ddías,5.577.002,5.615.734 | 5.666.130 | 5.707.666 | 5.953.216 | 6.409.163 | 7.003.324,Delantero
2026-08-02,Garcés,Alavés,-18.905 | -39.074 | -59.636 | -147.787 | -337.547 | -690.455,"-2,28% | -4,60% | -6,86% | -15,43% | -29,41% | -46,01%",,27ddías,810.257,829.162 | 849.331 | 869.893 | 958.044 | 1.147.804 | 1.500.712,Defensa
2026-08-02,Toni Fernández,Barcelona,0 | 0 | 0 | 0 | 0 | +2.034,"0,00% | 0,00% | 0,00% | 0,00% | 0,00% | +0,34%",,24ddías,602.319,602.319 | 602.319 | 602.319 | 602.319 | 602.319 | 600.285,Delantero
2026-08-02,Guille,Barcelona,0 | 0 | 0 | 0 | 0 | +2.373,"0,00% | 0,00% | 0,00% | 0,00% | 0,00% | +0,34%",,24ddías,702.705,702.705 | 702.705 | 702.705 | 702.705 | 702.705 | 700.332,Mediocampista
2026-08-02,Pablo Ramón,Espanyol,-8.291 | -17.403 | -26.449 | -46.043 | -46.043 | -44.754,"-1,47% | -3,04% | -4,54% | 0% | 0% | -7,46%",,4ddías,555.531,563.822 | 572.934 | 581.980 | 0 | 0 | 600.285,Mediocampista
2026-08-02,Antony,Betis,-1.363.097 | -3.053.099 | -4.335.813 | -9.340.199 | -16.997.959 | -8.227.002,"-2,00% | -4,37% | -6,09% | -12,27% | -20,28% | -10,96%",,14ddías,66.808.622,68.171.719 | 69.861.721 | 71.144.435 | 76.148.821 | 83.806.581 | 75.035.624,Delantero
2026-08-02,Spina,Atlético,0 | 0 | 0 | 0 | 0 | +2.370,"0,00% | 0,00% | 0,00% | 0,00% | 0,00% | +0,34%",,24ddías,702.702,702.702 | 702.702 | 702.702 | 702.702 | 702.702 | 700.332,Defensa
2026-08-02,El-Abdellaoui,Celta,0 | 0 | 0 | 0 | 0 | +4.276,"0,00% | 0,00% | 0,00% | 0,00% | 0,00% | +0,33%",,24ddías,1.304.893,1.304.893 | 1.304.893 | 1.304.893 | 1.304.893 | 1.304.893 | 1.300.617,Delantero
2026-08-02,Lago,Celta,0 | 0 | 0 | 0 | 0 | +2.301,"0,00% | 0,00% | 0,00% | 0,00% | 0,00% | +0,33%",,24ddías,702.633,702.633 | 702.633 | 702.633 | 702.633 | 702.633 | 700.332,Defensa
2026-08-02,Mestre,Real Madrid,0 | 0 | 0 | 0 | 0 | -22.472,"0,00% | 0,00% | 0,00% | 0,00% | 0,00% | -3,21%",,24ddías,677.860,677.860 | 677.860 | 677.860 | 677.860 | 677.860 | 700.332,Portero
2026-08-02,Jiménez,Real Madrid,0 | 0 | 0 | 0 | 0 | +1.963,"0,00% | 0,00% | 0,00% | 0,00% | 0,00% | +0,33%",,24ddías,602.248,602.248 | 602.248 | 602.248 | 602.248 | 602.248 | 600.285,Defensa
2026-08-02,Valera,Elche,-269.757 | -547.101 | -819.011 | -1.955.439 | -3.401.479 | -38.263.857,"-1,07% | -2,15% | -3,19% | -7,29% | -12,03% | 0%",,18ddías,24.865.520,25.135.277 | 25.412.621 | 25.684.531 | 26.820.959 | 28.266.999 | 0,Mediocampista
2026-08-02,Buchanan,Villarreal,+7.409 | +101.160 | +200.902 | +894.006 | +2.753.454 | +4.626.651,"+0,04% | +0,52% | +1,03% | +4,77% | +16,31% | +30,83%",,23ddías,19.633.775,19.626.366 | 19.532.615 | 19.432.873 | 18.739.769 | 16.880.321 | 15.007.124,Mediocampista
2026-08-02,Serrano,Atlético,-4.635 | -9.939 | -15.018 | -34.507 | -73.519 | -232.553,"-0,98% | -2,08% | -3,11% | -6,87% | -13,58% | -33,21%",,27ddías,467.779,472.414 | 477.718 | 482.797 | 502.286 | 541.298 | 700.332,Mediocampista
2026-08-02,Szczesny,Barcelona,0 | 0 | 0 | 0 | 0 | +6.881,"0,00% | 0,00% | 0,00% | 0,00% | 0,00% | +0,21%",,24ddías,3.208.400,3.208.400 | 3.208.400 | 3.208.400 | 3.208.400 | 3.208.400 | 3.201.519,Portero
2026-08-02,Jon Martín,Real Sociedad,0 | 0 | 0 | 0 | 0 | +97.541,"0,00% | 0,00% | 0,00% | 0,00% | 0,00% | +0,32%",,24ddías,30.111.790,30.111.790 | 30.111.790 | 30.111.790 | 30.111.790 | 30.111.790 | 30.014.249,Defensa
2026-08-02,Manu González,Betis,0 | 0 | 0 | 0 | 0 | -18.594,"0,00% | 0,00% | 0,00% | 0,00% | 0,00% | -3,10%",,24ddías,581.691,581.691 | 581.691 | 581.691 | 581.691 | 581.691 | 600.285,Portero
2026-08-02,Aramburu,Real Sociedad,+389.784 | +802.664 | +1.155.716 | +2.475.226 | +4.241.779 | +6.664.753,"+2,94% | +6,24% | +9,24% | +22,11% | +45,00% | +95,17%",,26ddías,13.668.077,13.278.293 | 12.865.413 | 12.512.361 | 11.192.851 | 9.426.298 | 7.003.324,Defensa
2026-08-02,Luiz Junior,Villarreal,+964.082 | +2.048.009 | +2.878.030 | +6.173.107 | +10.386.020 | +16.552.466,"+2,71% | +5,93% | +8,54% | +20,31% | +39,68% | +82,72%",,26ddías,36.561.965,35.597.883 | 34.513.956 | 33.683.935 | 30.388.858 | 26.175.945 | 20.009.499,Portero
2026-08-02,Logan Costa,Villarreal,-37.300 | -71.672 | -108.025 | -277.696 | -636.987 | -1.385.025,"-2,26% | -4,25% | -6,26% | -14,66% | -28,27% | -46,15%",,27ddías,1.616.399,1.653.699 | 1.688.071 | 1.724.424 | 1.894.095 | 2.253.386 | 3.001.424,Defensa
2026-08-02,Iturbe,Elche,0 | 0 | 0 | 0 | 0 | +1.719,"0,00% | 0,00% | 0,00% | 0,00% | 0,00% | +0,21%",,24ddías,802.099,802.099 | 802.099 | 802.099 | 802.099 | 802.099 | 800.380,Portero
2026-08-02,Lo Celso,Betis,+632.105 | +1.379.563 | +2.165.031 | +5.452.660 | +11.162.577 | +17.522.439,"+1,71% | +3,82% | +6,12% | +17,00% | +42,33% | +87,57%",,26ddías,37.531.938,36.899.833 | 36.152.375 | 35.366.907 | 32.079.278 | 26.369.361 | 20.009.499,Mediocampista
2026-08-02,Otorbi,Valencia,0 | 0 | 0 | 0 | 0 | +2.007,"0,00% | 0,00% | 0,00% | 0,00% | 0,00% | +0,33%",,24ddías,602.292,602.292 | 602.292 | 602.292 | 602.292 | 602.292 | 600.285,Delantero
2026-08-02,Alfon,Sevilla,0 | 0 | 0 | 0 | 0 | +23.437,"0,00% | 0,00% | 0,00% | 0,00% | 0,00% | +0,33%",,24ddías,7.026.761,7.026.761 | 7.026.761 | 7.026.761 | 7.026.761 | 7.026.761 | 7.003.324,Delantero
2026-08-02,Etta Eyong,Levante,+675.289 | +1.353.506 | +1.656.460 | +3.419.412 | +5.312.807 | +9.643.895,"+3,76% | +7,83% | +9,75% | +22,45% | +39,84% | +107,10%",,26ddías,18.648.169,17.972.880 | 17.294.663 | 16.991.709 | 15.228.757 | 13.335.362 | 9.004.274,Delantero
2026-08-02,Risco,Getafe,0 | 0 | 0 | 0 | 0 | +2.373,"0,00% | 0,00% | 0,00% | 0,00% | 0,00% | +0,34%",,24ddías,702.705,702.705 | 702.705 | 702.705 | 702.705 | 702.705 | 700.332,Mediocampista
2026-08-02,De la Sías,Rayo,0 | 0 | 0 | 0 | 0 | +1.949,"0,00% | 0,00% | 0,00% | 0,00% | 0,00% | +0,32%",,24ddías,602.234,602.234 | 602.234 | 602.234 | 602.234 | 602.234 | 600.285,Defensa
2026-08-02,Óskarsson,Real Sociedad,-152.016 | -289.234 | -440.970 | -1.224.489 | -2.812.941 | -5.447.521,"-1,57% | -2,94% | -4,41% | -11,35% | -22,74% | -36,30%",,27ddías,9.559.603,9.711.619 | 9.848.837 | 10.000.573 | 10.784.092 | 12.372.544 | 15.007.124,Delantero
2026-08-02,Alberto,Sevilla,0 | 0 | 0 | 0 | 0 | +2.301,"0,00% | 0,00% | 0,00% | 0,00% | 0,00% | +0,33%",,24ddías,702.633,702.633 | 702.633 | 702.633 | 702.633 | 702.633 | 700.332,Portero
2026-08-02,Pau Navarro,Villarreal,-172.641 | -324.012 | -525.432 | -1.301.984 | -2.894.435 | -5.723.094,"-1,65% | -3,05% | -4,86% | -11,24% | -21,96% | -35,75%",,27ddías,10.284.505,10.457.146 | 10.608.517 | 10.809.937 | 11.586.489 | 13.178.940 | 16.007.599,Defensa
2026-08-02,Cabanes,Villarreal,0 | 0 | 0 | 0 | 0 | +2.007,"0,00% | 0,00% | 0,00% | 0,00% | 0,00% | +0,33%",,24ddías,602.292,602.292 | 602.292 | 602.292 | 602.292 | 602.292 | 600.285,Delantero
2026-08-02,Carlos Martín,Atlético,0 | 0 | 0 | 0 | 0 | -82.602,"0,00% | 0,00% | 0,00% | 0,00% | 0,00% | -3,59%",,24ddías,2.218.490,2.218.490 | 2.218.490 | 2.218.490 | 2.218.490 | 2.218.490 | 2.301.092,Mediocampista
2026-08-02,Bernal,Barcelona,+54.898 | -184.225 | -184.225 | -184.225 | -184.225 | -172.010,"+1,63% | -5,10% | -5,10% | -5,10% | -5,10% | -4,78%",,1ddías,3.429.699,3.374.801 | 3.613.924 | 3.613.924 | 3.613.924 | 3.613.924 | 3.601.709,Mediocampista
2026-08-02,Romero,Villarreal,+195.004 | +183.652 | -328.528 | -2.654.922 | -2.654.922 | -2.540.326,"+0,60% | +0,57% | -1,00% | -7,56% | -7,56% | -7,25%",,1ddías,32.476.298,32.281.294 | 32.292.646 | 32.804.826 | 35.131.220 | 35.131.220 | 35.016.624,Defensa
2026-08-02,Hugo González,Celta,0 | 0 | 0 | 0 | 0 | +4.934,"0,00% | 0,00% | 0,00% | 0,00% | 0,00% | +0,33%",,24ddías,1.505.646,1.505.646 | 1.505.646 | 1.505.646 | 1.505.646 | 1.505.646 | 1.500.712,Mediocampista
2026-08-02,Diego López,Valencia,-101.699 | -201.087 | -305.134 | -744.471 | -1.655.042 | -2.804.536,"-3,08% | -5,92% | -8,71% | -18,88% | -34,10% | -46,72%",,27ddías,3.198.313,3.300.012 | 3.399.400 | 3.503.447 | 3.942.784 | 4.853.355 | 6.002.849,Delantero
2026-08-02,Rosier,Osasuna,-254.466 | -521.644 | -797.501 | -1.803.649 | -2.600.268 | -2.562.844,"-2,93% | -5,82% | -8,63% | -17,60% | -23,55% | -23,29%",,22ddías,8.442.380,8.696.846 | 8.964.024 | 9.239.881 | 10.246.029 | 11.042.648 | 11.005.224,Defensa
2026-08-02,Pepelu,Valencia,-87.929 | -186.333 | -323.270 | -879.264 | -1.651.890 | -1.760.910,"-1,06% | -2,21% | -3,77% | -9,64% | -16,69% | -17,60%",,22ddías,8.243.839,8.331.768 | 8.430.172 | 8.567.109 | 9.123.103 | 9.895.729 | 10.004.749,Mediocampista
2026-08-02,Foulquier,Valencia,-61.742 | -125.607 | -203.935 | -449.524 | -449.524 | -437.137,"-1,86% | -3,70% | -5,88% | -12,10% | -12,10% | -11,81%",,5ddías,3.264.620,3.326.362 | 3.390.227 | 3.468.555 | 3.714.144 | 3.714.144 | 3.701.757,Defensa
2026-08-02,Jesús Vázquez,Valencia,-54.174 | -105.908 | -162.420 | -392.898 | -897.120 | -2.091.333,"-2,50% | -4,78% | -7,15% | -15,69% | -29,83% | -49,77%",,27ddías,2.110.661,2.164.835 | 2.216.569 | 2.273.081 | 2.503.559 | 3.007.781 | 4.201.994,Defensa
2026-08-02,Fran Pérez,Rayo,-24.551 | -50.843 | -77.990 | -189.353 | -420.133 | -967.868,"-2,32% | -4,69% | -7,02% | -15,49% | -28,91% | -48,37%",,27ddías,1.033.081,1.057.632 | 1.083.924 | 1.111.071 | 1.222.434 | 1.453.214 | 2.000.949,Mediocampista
2026-08-02,Tárrega,Valencia,-73.760 | -131.514 | -181.144 | -593.837 | -1.680.222 | -3.268.477,"-0,79% | -1,40% | -1,92% | -6,04% | -15,39% | -26,14%",,27ddías,9.237.460,9.311.220 | 9.368.974 | 9.418.604 | 9.831.297 | 10.917.682 | 12.505.937,Defensa
2026-08-02,Rivero,Valencia,-10.119 | -21.135 | -32.165 | -78.040 | -145.089 | -401.086,"-1,66% | -3,41% | -5,09% | -11,52% | -19,49% | -40,09%",,10ddías,599.389,609.508 | 620.524 | 631.554 | 677.429 | 744.478 | 1.000.475,Portero
2026-08-02,Iranzo,Valencia,0 | 0 | 0 | 0 | 0 | +2.007,"0,00% | 0,00% | 0,00% | 0,00% | 0,00% | +0,33%",,24ddías,602.292,602.292 | 602.292 | 602.292 | 602.292 | 602.292 | 600.285,Defensa
2026-08-02,Comesaña,Villarreal,-146.122 | -606.758 | -1.204.128 | -3.682.339 | -5.958.888 | -9.392.974,"-0,54% | -2,20% | -4,28% | -12,03% | -18,12% | -25,86%",,27ddías,26.924.268,27.070.390 | 27.531.026 | 28.128.396 | 30.606.607 | 32.883.156 | 36.317.242,Mediocampista
2026-08-02,Gerard,Villarreal,-340.281 | -726.641 | -1.036.922 | -2.504.324 | -5.749.756 | -9.834.316,"-1,11% | -2,35% | -3,32% | -7,66% | -16,00% | -24,57%",,27ddías,30.184.683,30.524.964 | 30.911.324 | 31.221.605 | 32.689.007 | 35.934.439 | 40.018.999,Delantero
2026-08-02,Foyth,Villarreal,-90.215 | -926.847 | -926.847 | -926.847 | -926.847 | -884.995,"-0,77% | -7,39% | -7,39% | -7,39% | -7,39% | -7,08%",,2ddías,11.620.942,11.711.157 | 12.547.789 | 12.547.789 | 12.547.789 | 12.547.789 | 12.505.937,Defensa
2026-08-02,Sörloth,Atlético,-299.874 | -650.493 | -990.679 | -2.753.111 | -6.250.817 | -11.881.346,"-1,05% | -2,26% | -3,40% | -8,91% | -18,18% | -29,69%",,27ddías,28.137.653,28.437.527 | 28.788.146 | 29.128.332 | 30.890.764 | 34.388.470 | 40.018.999,Delantero
2026-08-02,Baena,Atlético,-1.324.694 | -2.270.125 | -2.358.643 | +1.613.796 | +12.230.037 | +24.017.590,"-1,88% | -3,18% | -3,30% | +2,39% | +21,53% | +53,35%",,3ddías,69.038.964,70.363.658 | 71.309.089 | 71.397.607 | 67.425.168 | 56.808.927 | 45.021.374,Mediocampista
2026-08-02,Gayà,Valencia,-135.722 | -296.573 | -486.268 | -1.279.928 | -2.806.336 | -5.464.751,"-1,07% | -2,31% | -3,73% | -9,26% | -18,28% | -30,35%",,27ddías,12.543.798,12.679.520 | 12.840.371 | 13.030.066 | 13.823.726 | 15.350.134 | 18.008.549,Defensa
2026-08-02,Almeida,Valencia,-88.722 | -177.179 | -265.701 | -644.621 | -1.435.958 | -3.057.322,"-2,58% | -5,03% | -7,36% | -16,15% | -30,03% | -47,75%",,27ddías,3.345.717,3.434.439 | 3.522.896 | 3.611.418 | 3.990.338 | 4.781.675 | 6.403.039,Mediocampista
2026-08-02,Terrats,Getafe,0 | 0 | 0 | 0 | 0 | +9.166,"0,00% | 0,00% | 0,00% | 0,00% | 0,00% | +0,33%",,24ddías,2.810.495,2.810.495 | 2.810.495 | 2.810.495 | 2.810.495 | 2.810.495 | 2.801.329,Mediocampista
2026-08-02,Mariano,Alavés,-34.041 | -70.273 | -108.478 | -271.410 | -606.596 | -1.428.527,"-2,60% | -5,23% | -7,85% | -17,58% | -32,28% | -52,88%",,27ddías,1.272.755,1.306.796 | 1.343.028 | 1.381.233 | 1.544.165 | 1.879.351 | 2.701.282,Delantero
2026-08-02,Urko,Espanyol,-39.286 | -81.795 | -143.862 | -418.200 | -867.810 | -1.940.866,"-0,77% | -1,59% | -2,76% | -7,63% | -14,63% | -27,71%",,24ddías,5.062.458,5.101.744 | 5.144.253 | 5.206.320 | 5.480.658 | 5.930.268 | 7.003.324,Mediocampista
2026-08-02,Dmitrovic,Espanyol,+933.208 | +1.907.624 | +2.861.422 | +5.857.346 | +9.420.056 | +14.209.592,"+3,30% | +6,99% | +10,86% | +25,07% | +47,58% | +94,69%",,26ddías,29.216.716,28.283.508 | 27.309.092 | 26.355.294 | 23.359.370 | 19.796.660 | 15.007.124,Portero
2026-08-02,Gattoni,Sevilla,-5.007 | -10.698 | -16.180 | -37.459 | -80.399 | -223.629,"-1,04% | -2,19% | -3,28% | -7,29% | -14,43% | -31,93%",,27ddías,476.703,481.710 | 487.401 | 492.883 | 514.162 | 557.102 | 700.332,Defensa
2026-08-02,Pedrosa,Sevilla,0 | 0 | 0 | 0 | 0 | +11.221,"0,00% | 0,00% | 0,00% | 0,00% | 0,00% | +0,34%",,24ddías,3.312.788,3.312.788 | 3.312.788 | 3.312.788 | 3.312.788 | 3.312.788 | 3.301.567,Defensa
2026-08-02,Jordan,Sevilla,-12.409 | -25.812 | -39.326 | -96.224 | -217.365 | -546.203,"-1,86% | -3,79% | -5,67% | -12,82% | -24,93% | -45,50%",,27ddías,654.367,666.776 | 680.179 | 693.693 | 750.591 | 871.732 | 1.200.570,Mediocampista
2026-08-02,Rafa Mir,Sevilla,0 | 0 | 0 | 0 | 0 | +23.803,"0,00% | 0,00% | 0,00% | 0,00% | 0,00% | +0,34%",,24ddías,7.027.127,7.027.127 | 7.027.127 | 7.027.127 | 7.027.127 | 7.027.127 | 7.003.324,Delantero
2026-08-02,Sow,Sevilla,-24.609 | -31.440 | -115.261 | -325.627 | -1.156.040 | -1.539.448,"-0,29% | -0,37% | -1,34% | -3,70% | -12,02% | -15,39%",,22ddías,8.465.301,8.489.910 | 8.496.741 | 8.580.562 | 8.790.928 | 9.621.341 | 10.004.749,Mediocampista
2026-08-02,Duro,Valencia,-101.959 | -166.894 | -290.671 | -743.960 | -1.691.920 | -2.567.280,"-1,07% | -1,74% | -2,99% | -7,31% | -15,20% | -21,38%",,22ddías,9.438.419,9.540.378 | 9.605.313 | 9.729.090 | 10.182.379 | 11.130.339 | 12.005.699,Delantero
2026-08-02,Marcão,Sevilla,-18.224 | -39.041 | -60.494 | -152.593 | -333.139 | -769.102,"-2,14% | -4,48% | -6,78% | -15,50% | -28,60% | -48,05%",,27ddías,831.657,849.881 | 870.698 | 892.151 | 984.250 | 1.164.796 | 1.600.759,Defensa
2026-08-02,Juanlu,Sevilla,-39.680 | -83.194 | -129.784 | -302.882 | -780.237 | -2.001.057,"-1,30% | -2,70% | -4,14% | -9,17% | -20,63% | -40,00%",,28ddías,3.001.317,3.040.997 | 3.084.511 | 3.131.101 | 3.304.199 | 3.781.554 | 5.002.374,Mediocampista
2026-08-02,Manu Bueno,Sevilla,0 | 0 | 0 | 0 | 0 | +1.719,"0,00% | 0,00% | 0,00% | 0,00% | 0,00% | +0,21%",,24ddías,802.099,802.099 | 802.099 | 802.099 | 802.099 | 802.099 | 800.380,Mediocampista
2026-08-02,Diakhaby,Valencia,-169.158 | -340.480 | -504.889 | -1.454.421 | -1.454.421 | -1.424.287,"-2,18% | -4,30% | -6,24% | -16,10% | -16,10% | -15,82%",,7ddías,7.579.987,7.749.145 | 7.920.467 | 8.084.876 | 9.034.408 | 9.034.408 | 9.004.274,Defensa
2026-08-02,Canós,Valencia,-10.661 | -22.243 | -33.861 | -787.014 | -787.014 | -787.014,"-1,71% | -3,50% | -5,24% | 0% | 0% | 0%",,4ddías,612.402,623.063 | 634.645 | 646.263 | 0 | 0 | 0,Delantero
2026-08-02,Javi Guerra,Valencia,-171.666 | -374.300 | -677.502 | -1.608.153 | -3.169.528 | +22.205.911,"-0,68% | -1,47% | -2,62% | -6,01% | -11,20% | 0%",,17ddías,25.133.262,25.304.928 | 25.507.562 | 25.810.764 | 26.741.415 | 28.302.790 | 0,Mediocampista
2026-08-02,Femenia,Getafe,-43.178 | -82.730 | -145.098 | -379.661 | -1.041.453 | -2.277.366,"-1,15% | -2,17% | -3,75% | -9,25% | -21,85% | -37,94%",,27ddías,3.725.483,3.768.661 | 3.808.213 | 3.870.581 | 4.105.144 | 4.766.936 | 6.002.849,Defensa
2026-08-02,Íñigo Pérez,Villarreal,-15.014 | -34.578 | -53.284 | -97.935 | -362.945 | -357.570,"-0,70% | -1,59% | -2,43% | -4,37% | 0% | -14,30%",,3ddías,2.143.617,2.158.631 | 2.178.195 | 2.196.901 | 2.241.552 | 0 | 2.501.187,
2026-08-02,Denis Suárez,Alavés,-76.743 | -150.878 | -227.017 | -578.911 | -1.308.851 | -2.860.085,"-2,38% | -4,58% | -6,74% | -15,56% | -29,40% | -47,65%",,27ddías,3.142.764,3.219.507 | 3.293.642 | 3.369.781 | 3.721.675 | 4.451.615 | 6.002.849,Mediocampista
2026-08-02,El Hilali,Espanyol,+113.707 | +271.552 | +368.619 | +773.338 | +1.203.454 | +1.650.441,"+1,62% | +3,95% | +5,43% | +12,12% | +20,23% | +29,99%",,11ddías,7.153.053,7.039.346 | 6.881.501 | 6.784.434 | 6.379.715 | 5.949.599 | 5.502.612,Defensa
2026-08-02,Mouriño,Villarreal,+457.350 | +1.084.671 | +1.594.719 | +3.729.461 | +7.222.821 | +11.849.066,"+1,33% | +3,21% | +4,79% | +11,98% | +26,13% | +51,49%",,25ddías,34.859.990,34.402.640 | 33.775.319 | 33.265.271 | 31.130.529 | 27.637.169 | 23.010.924,Defensa
2026-08-02,Serrano,Athletic,-38.578 | -78.407 | -119.257 | -282.774 | -629.418 | -1.518.910,"-2,92% | -5,76% | -8,51% | -18,07% | -32,92% | -54,22%",,28ddías,1.282.419,1.320.997 | 1.360.826 | 1.401.676 | 1.565.193 | 1.911.837 | 2.801.329,Delantero
2026-08-02,Raba,Valencia,-58.341 | -115.825 | -175.266 | -418.490 | -923.412 | -2.306.482,"-2,59% | -5,01% | -7,39% | -16,01% | -29,61% | -51,23%",,27ddías,2.195.655,2.253.996 | 2.311.480 | 2.370.921 | 2.614.145 | 3.119.067 | 4.502.137,Delantero
2026-08-02,Conde,Betis,0 | +86.068 | -21 | -324.417 | -676.897 | -1.460.548,"0,00% | +2,91% | 0,00% | -9,64% | -18,20% | -32,44%",,1ddías,3.041.589,3.041.589 | 2.955.521 | 3.041.610 | 3.366.006 | 3.718.486 | 4.502.137,Portero
2026-08-02,Raul Moro,Osasuna,+180.244 | +295.222 | +316.656 | +194.032 | -753.719 | -1.286.691,"+1,71% | +2,83% | +3,04% | +1,84% | -6,57% | -10,72%",,4ddías,10.719.008,10.538.764 | 10.423.786 | 10.402.352 | 10.524.976 | 11.472.727 | 12.005.699,Delantero
2026-08-02,Boyomo,Osasuna,+393.272 | +939.125 | +1.326.761 | +3.097.302 | +5.508.625 | +7.097.858,"+1,81% | +4,44% | +6,39% | +16,30% | +33,19% | +47,30%",,23ddías,22.104.982,21.711.710 | 21.165.857 | 20.778.221 | 19.007.680 | 16.596.357 | 15.007.124,Defensa
2026-08-02,Fortuño,Espanyol,-13.319 | -27.668 | -42.169 | -103.441 | -198.166 | -524.381,"-1,93% | -3,93% | -5,87% | -13,27% | -22,66% | -43,68%",,7ddías,676.189,689.508 | 703.857 | 718.358 | 779.630 | 874.355 | 1.200.570,Portero
2026-08-02,Rubén Sánchez,Espanyol,-7.885 | -16.574 | -25.180 | -60.306 | -133.648 | -354.653,"-1,42% | -2,95% | -4,41% | -9,95% | -19,67% | -39,39%",,27ddías,545.774,553.659 | 562.348 | 570.954 | 606.080 | 679.422 | 900.427,Mediocampista
2026-08-02,Edu Expósito,Espanyol,-337.142 | -720.650 | -1.060.689 | -2.428.474 | -5.574.926 | -13.361.855,"-1,20% | -2,53% | -3,67% | -8,03% | -16,70% | 0%",,16ddías,27.804.538,28.141.680 | 28.525.188 | 28.865.227 | 30.233.012 | 33.379.464 | 0,Mediocampista
2026-08-02,Fornals,Betis,-1.630.848 | -3.301.463 | -5.100.349 | -13.128.647 | -73.762.153 | -73.762.153,"-2,29% | -4,53% | -6,83% | -15,88% | 0% | 0%",,10ddías,69.527.147,71.157.995 | 72.828.610 | 74.627.496 | 82.655.794 | 0 | 0,Mediocampista
2026-08-02,Jofre,Espanyol,-29.657 | -58.641 | -93.396 | -255.472 | -593.049 | -1.366.263,"-2,02% | -3,93% | -6,11% | -15,11% | -29,24% | -48,77%",,27ddías,1.435.066,1.464.723 | 1.493.707 | 1.528.462 | 1.690.538 | 2.028.115 | 2.801.329,Delantero
2026-08-02,Pere Milla,Espanyol,-72.795 | -166.878 | -222.780 | -183.996 | +471.096 | +2.557.378,"-0,68% | -1,56% | -2,07% | -1,71% | +4,67% | +31,95%",,5ddías,10.561.177,10.633.972 | 10.728.055 | 10.783.957 | 10.745.173 | 10.090.081 | 8.003.799,Delantero
2026-08-02,Lozano,Espanyol,-61.013 | -116.684 | -176.663 | -424.984 | -965.288 | -2.191.011,"-2,12% | -3,99% | -5,91% | -13,13% | -25,56% | -43,80%",,27ddías,2.811.363,2.872.376 | 2.928.047 | 2.988.026 | 3.236.347 | 3.776.651 | 5.002.374,Mediocampista
2026-08-02,Puado,Espanyol,-301.690 | -616.094 | -925.252 | -2.274.954 | -4.902.919 | -5.327.224,"-3,02% | -5,98% | -8,72% | -19,03% | -33,62% | -35,50%",,18ddías,9.679.900,9.981.590 | 10.295.994 | 10.605.152 | 11.954.854 | 14.582.819 | 15.007.124,Mediocampista
2026-08-02,Cabrera,Espanyol,-105.809 | -259.766 | -409.450 | -962.565 | -2.048.125 | +5.480.226,"-0,63% | -1,53% | -2,39% | -5,44% | -10,90% | 0%",,20ddías,16.738.989,16.844.798 | 16.998.755 | 17.148.439 | 17.701.554 | 18.787.114 | 0,Defensa
2026-08-02,Calero,Málaga,0 | 0 | 0 | 0 | 0 | +11.458,"0,00% | 0,00% | 0,00% | 0,00% | 0,00% | +0,33%",,24ddías,3.513.120,3.513.120 | 3.513.120 | 3.513.120 | 3.513.120 | 3.513.120 | 3.501.662,Defensa
2026-08-02,Joan Garcia,Barcelona,0 | 0 | 0 | 0 | 0 | +169.667,"0,00% | 0,00% | 0,00% | 0,00% | 0,00% | +0,34%",,24ddías,50.193.416,50.193.416 | 50.193.416 | 50.193.416 | 50.193.416 | 50.193.416 | 50.023.749,Portero
2026-08-02,Akhomach,Villarreal,-161.653 | -331.658 | -522.181 | -1.051.493 | -1.051.493 | -1.025.171,"-2,26% | -4,54% | -6,96% | -13,09% | -13,09% | -12,81%",,5ddías,6.978.628,7.140.281 | 7.310.286 | 7.500.809 | 8.030.121 | 8.030.121 | 8.003.799,Delantero
2026-08-02,Fort,Barcelona,-118.709 | -470.628 | -470.628 | -470.628 | -470.628 | -453.626,"-2,54% | -9,38% | -9,38% | -9,38% | -9,38% | -9,07%",,2ddías,4.548.748,4.667.457 | 5.019.376 | 5.019.376 | 5.019.376 | 5.019.376 | 5.002.374,Defensa
2026-08-02,Juanmi,Getafe,-16.400 | -33.959 | -51.804 | -127.905 | -270.998 | -750.560,"-2,14% | -4,33% | -6,46% | -14,57% | -26,54% | -50,01%",,27ddías,750.152,766.552 | 784.111 | 801.956 | 878.057 | 1.021.150 | 1.500.712,Delantero
2026-08-02,Altimira,Deportivo,-77.545 | -149.450 | -242.231 | -638.256 | -1.181.515 | -1.412.809,"-1,37% | -2,60% | -4,15% | -10,25% | -17,45% | -20,17%",,21ddías,5.590.515,5.668.060 | 5.739.965 | 5.832.746 | 6.228.771 | 6.772.030 | 7.003.324,Defensa
2026-08-02,Manu Sánchez,Levante,0 | 0 | +55.403 | -484.326 | -484.326 | -464.664,"0,00% | 0,00% | +1,01% | -8,04% | -8,04% | -7,74%",,2ddías,5.538.185,5.538.185 | 5.538.185 | 5.482.782 | 6.022.511 | 6.022.511 | 6.002.849,Defensa
2026-08-02,Raúl García,Osasuna,-52.070 | -109.248 | -169.067 | -438.283 | -985.181 | -2.255.400,"-2,08% | -4,27% | -6,46% | -15,19% | -28,71% | -47,96%",,27ddías,2.446.832,2.498.902 | 2.556.080 | 2.615.899 | 2.885.115 | 3.432.013 | 4.702.232,Delantero
2026-08-02,Kike Salas,Sevilla,-106.603 | -237.762 | -376.712 | -1.068.388 | -2.191.208 | -3.959.908,"-0,88% | -1,94% | -3,03% | -8,15% | -15,39% | -24,74%",,25ddías,12.047.691,12.154.294 | 12.285.453 | 12.424.403 | 13.116.079 | 14.238.899 | 16.007.599,Defensa
2026-08-02,F. Carreras,Real Madrid,-417.704 | -820.202 | -1.280.922 | -3.161.689 | -6.565.365 | -12.743.149,"-2,40% | -4,61% | -7,02% | -15,70% | -27,89% | -42,89%",,27ddías,16.970.958,17.388.662 | 17.791.160 | 18.251.880 | 20.132.647 | 23.536.323 | 29.714.107,Defensa
2026-08-02,Giuliano,Atlético,-815.110 | -1.250.635 | -1.255.756 | +1.034.047 | +7.753.764 | +20.200.820,"-1,49% | -2,27% | -2,28% | +1,96% | +16,81% | +60,00%",,3ddías,53.871.651,54.686.761 | 55.122.286 | 55.127.407 | 52.837.604 | 46.117.887 | 33.670.831,Delantero
2026-08-02,Batalla,Rayo,+785.330 | +1.609.231 | +2.302.631 | +5.370.742 | +9.828.839 | +16.850.921,"+2,18% | +4,57% | +6,66% | +17,06% | +36,36% | +84,21%",,26ddías,36.860.420,36.075.090 | 35.251.189 | 34.557.789 | 31.489.678 | 27.031.581 | 20.009.499,Portero
2026-08-02,Romero,Sevilla,-52.060 | -121.463 | -183.769 | -507.757 | -1.258.888 | -1.812.693,"-0,83% | -1,92% | -2,88% | -7,58% | -16,90% | -22,65%",,23ddías,6.191.106,6.243.166 | 6.312.569 | 6.374.875 | 6.698.863 | 7.449.994 | 8.003.799,Delantero
2026-08-02,Cardoso,Atlético,-226.772 | -478.749 | -736.756 | -1.768.740 | -3.922.114 | -6.846.584,"-2,70% | -5,54% | -8,28% | -17,81% | -32,46% | -45,62%",,24ddías,8.160.540,8.387.312 | 8.639.289 | 8.897.296 | 9.929.280 | 12.082.654 | 15.007.124,Mediocampista
2026-08-02,Moriba,Celta,+182.776 | +344.920 | +475.793 | +718.044 | -735.928 | -2.672.653,"+2,00% | +3,84% | +5,37% | +8,33% | -7,31% | -22,26%",,6ddías,9.333.046,9.150.270 | 8.988.126 | 8.857.253 | 8.615.002 | 10.068.974 | 12.005.699,Mediocampista
2026-08-02,Agoume,Sevilla,-54.036 | -73.955 | -128.674 | -337.422 | -797.403 | -675.304,"-0,92% | -1,25% | -2,16% | -5,47% | -12,04% | -10,38%",,22ddías,5.827.783,5.881.819 | 5.901.738 | 5.956.457 | 6.165.205 | 6.625.186 | 6.503.087,Mediocampista
2026-08-02,Guedes,Real Sociedad,-1.036.938 | -2.120.407 | -3.339.581 | -8.594.638 | -10.217.252 | -10.217.252,"-2,08% | -4,17% | -6,41% | -14,98% | 0% | 0%",,12ddías,48.764.003,49.800.941 | 50.884.410 | 52.103.584 | 57.358.641 | 0 | 0,Delantero
2026-08-02,Carlos Espí,Real Madrid,0 | 0 | 0 | 0 | 0 | 0,0% | 0% | 0% | 0% | 0% | 0%,,33ddías,3.531.129,0 | 0 | 0 | 0 | 0 | 0,Delantero
2026-08-02,Javi López,Real Sociedad,0 | 0 | 0 | 0 | 0 | 0,0% | 0% | 0% | 0% | 0% | 0%,,33ddías,1.656.670,0 | 0 | 0 | 0 | 0 | 0,Defensa
2026-08-02,Lemar,Atlético,0 | 0 | 0 | 0 | 0 | 0,0% | 0% | 0% | 0% | 0% | 0%,,33ddías,1.680.630,0 | 0 | 0 | 0 | 0 | 0,Mediocampista
2026-08-02,Satriano,Getafe,0 | 0 | 0 | 0 | 0 | 0,0% | 0% | 0% | 0% | 0% | 0%,,33ddías,4.336.426,0 | 0 | 0 | 0 | 0 | 0,Delantero
2026-08-02,Ter Stegen,Barcelona,0 | 0 | 0 | 0 | 0 | 0,0% | 0% | 0% | 0% | 0% | 0%,,33ddías,1.683.226,0 | 0 | 0 | 0 | 0 | 0,Portero
2026-08-02,M. Alonso,Celta,0 | 0 | 0 | 0 | 0 | 0,0% | 0% | 0% | 0% | 0% | 0%,,33ddías,71.704.119,0 | 0 | 0 | 0 | 0 | 0,Defensa
2026-08-02,Guido,Valencia,0 | 0 | 0 | 0 | 0 | 0,0% | 0% | 0% | 0% | 0% | 0%,,33ddías,1.925.541,0 | 0 | 0 | 0 | 0 | 0,Mediocampista
2026-08-02,Vargas,Sevilla,0 | 0 | 0 | 0 | 0 | 0,0% | 0% | 0% | 0% | 0% | 0%,,33ddías,4.930.955,0 | 0 | 0 | 0 | 0 | 0,Delantero
2026-08-02,Rincón,Athletic,0 | 0 | 0 | 0 | 0 | 0,0% | 0% | 0% | 0% | 0% | 0%,,33ddías,1.658.593,0 | 0 | 0 | 0 | 0 | 0,Defensa
2026-08-02,Forés,Villarreal,0 | 0 | 0 | 0 | 0 | 0,0% | 0% | 0% | 0% | 0% | 0%,,33ddías,1.653.899,0 | 0 | 0 | 0 | 0 | 0,Delantero
2026-08-02,Thiago,Villarreal,0 | 0 | 0 | 0 | 0 | 0,0% | 0% | 0% | 0% | 0% | 0%,,33ddías,1.660.575,0 | 0 | 0 | 0 | 0 | 0,Mediocampista
2026-08-02,Bambo,Elche,0 | 0 | 0 | 0 | 0 | 0,0% | 0% | 0% | 0% | 0% | 0%,,152ddías,652.470,0 | 0 | 0 | 0 | 0 | 0,Defensa
2026-08-02,Neyou,Getafe,0 | 0 | 0 | 0 | 0 | 0,0% | 0% | 0% | 0% | 0% | 0%,,182ddías,604.547,0 | 0 | 0 | 0 | 0 | 0,Mediocampista
2026-08-02,Maras,Alavés,0 | 0 | 0 | 0 | 0 | 0,0% | 0% | 0% | 0% | 0% | 0%,,185ddías,590.024,0 | 0 | 0 | 0 | 0 | 0,Defensa
2026-08-02,Goti,Real Sociedad,0 | 0 | 0 | 0 | 0 | 0,0% | 0% | 0% | 0% | 0% | 0%,,188ddías,590.263,0 | 0 | 0 | 0 | 0 | 0,Mediocampista
2026-08-02,Diarra,Alavés,0 | 0 | 0 | 0 | 0 | 0,0% | 0% | 0% | 0% | 0% | 0%,,188ddías,591.470,0 | 0 | 0 | 0 | 0 | 0,Defensa
2026-08-02,Ali Houary,Elche,0 | 0 | 0 | 0 | 0 | 0,0% | 0% | 0% | 0% | 0% | 0%,,192ddías,592.065,0 | 0 | 0 | 0 | 0 | 0,Delantero
2026-08-02,Javier Hernández,Espanyol,0 | 0 | 0 | 0 | 0 | 0,0% | 0% | 0% | 0% | 0% | 0%,,206ddías,575.023,0 | 0 | 0 | 0 | 0 | 0,Delantero
2026-08-02,Bauzà,Espanyol,0 | 0 | 0 | 0 | 0 | 0,0% | 0% | 0% | 0% | 0% | 0%,,334ddías,318.649,0 | 0 | 0 | 0 | 0 | 0,Mediocampista
2026-08-02,Uche,Getafe,0 | 0 | 0 | 0 | 0 | 0,0% | 0% | 0% | 0% | 0% | 0%,,335ddías,12.405.015,0 | 0 | 0 | 0 | 0 | 0,Mediocampista
2026-08-02,Pablo López,Valencia,0 | 0 | 0 | 0 | 0 | 0,0% | 0% | 0% | 0% | 0% | 0%,,335ddías,441.041,0 | 0 | 0 | 0 | 0 | 0,Delantero
2026-08-02,Alberto Marí,Valencia,0 | 0 | 0 | 0 | 0 | 0,0% | 0% | 0% | 0% | 0% | 0%,,336ddías,787.986,0 | 0 | 0 | 0 | 0 | 0,Delantero
2026-08-02,Novoa,Alavés,0 | 0 | 0 | 0 | 0 | 0,0% | 0% | 0% | 0% | 0% | 0%,,336ddías,661.162,0 | 0 | 0 | 0 | 0 | 0,Defensa
2026-08-02,Pelayo,Rayo,0 | 0 | 0 | 0 | 0 | 0,0% | 0% | 0% | 0% | 0% | 0%,,336ddías,1.722.279,0 | 0 | 0 | 0 | 0 | 0,Defensa
2026-08-02,Hinojo,Espanyol,0 | 0 | 0 | 0 | 0 | 0,0% | 0% | 0% | 0% | 0% | 0%,,340ddías,317.496,0 | 0 | 0 | 0 | 0 | 0,Defensa
2026-08-02,Djaló,Athletic,0 | 0 | 0 | 0 | 0 | 0,0% | 0% | 0% | 0% | 0% | 0%,,371ddías,8.434.683,0 | 0 | 0 | 0 | 0 | 0,Delantero
2026-08-02,Owono,Alavés,0 | 0 | 0 | 0 | 0 | 0,0% | 0% | 0% | 0% | 0% | 0%,,371ddías,828.372,0 | 0 | 0 | 0 | 0 | 0,Portero
2026-08-02,Berrocal,Getafe,0 | 0 | 0 | 0 | 0 | 0,0% | 0% | 0% | 0% | 0% | 0%,,371ddías,1.058.833,0 | 0 | 0 | 0 | 0 | 0,Defensa
2026-08-02,De Tomás,Rayo,0 | 0 | 0 | 0 | 0 | 0,0% | 0% | 0% | 0% | 0% | 0%,,375ddías,3.229.388,0 | 0 | 0 | 0 | 0 | 0,Delantero
2026-08-02,Serred,Espanyol,0 | 0 | 0 | 0 | 0 | 0,0% | 0% | 0% | 0% | 0% | 0%,,395ddías,1.731.552,0 | 0 | 0 | 0 | 0 | 0,Portero
2026-08-02,Córdoba,Valencia,0 | 0 | 0 | 0 | 0 | 0,0% | 0% | 0% | 0% | 0% | 0%,,395ddías,1.548.667,0 | 0 | 0 | 0 | 0 | 0,Defensa
2026-08-02,Collado,Sevilla,0 | 0 | 0 | 0 | 0 | 0,0% | 0% | 0% | 0% | 0% | 0%,,395ddías,1.718.988,0 | 0 | 0 | 0 | 0 | 0,Mediocampista
2026-08-02,Eneko Ortiz,Villarreal,0 | 0 | 0 | 0 | 0 | 0,0% | 0% | 0% | 0% | 0% | 0%,,395ddías,1.718.986,0 | 0 | 0 | 0 | 0 | 0,Defensa
2026-08-02,Solà,Atlético,0 | 0 | 0 | 0 | 0 | 0,0% | 0% | 0% | 0% | 0% | 0%,,395ddías,1.640.523,0 | 0 | 0 | 0 | 0 | 0,Defensa
2026-08-02,Gorka,Getafe,0 | 0 | 0 | 0 | 0 | 0,0% | 0% | 0% | 0% | 0% | 0%,,395ddías,1.718.986,0 | 0 | 0 | 0 | 0 | 0,Defensa
2026-08-02,Carrillo,Celta,0 | 0 | 0 | 0 | 0 | 0,0% | 0% | 0% | 0% | 0% | 0%,,395ddías,1.567.556,0 | 0 | 0 | 0 | 0 | 0,Portero
2026-08-02,Adrián,Alavés,0 | 0 | 0 | 0 | 0 | 0,0% | 0% | 0% | 0% | 0% | 0%,,395ddías,1.640.215,0 | 0 | 0 | 0 | 0 | 0,Portero
2026-08-02,Canales,Athletic,0 | 0 | 0 | 0 | 0 | 0,0% | 0% | 0% | 0% | 0% | 0%,,395ddías,1.623.251,0 | 0 | 0 | 0 | 0 | 0,Delantero
2026-08-02,Eto'o,Rayo,0 | 0 | 0 | 0 | 0 | 0,0% | 0% | 0% | 0% | 0% | 0%,,395ddías,1.718.988,0 | 0 | 0 | 0 | 0 | 0,Delantero
2026-08-02,Raúl Jiménez,Valencia,0 | 0 | 0 | 0 | 0 | 0,0% | 0% | 0% | 0% | 0% | 0%,,395ddías,1.561.503,0 | 0 | 0 | 0 | 0 | 0,Portero
2026-08-02,Olabarrieta,Athletic,0 | 0 | 0 | 0 | 0 | 0,0% | 0% | 0% | 0% | 0% | 0%,,395ddías,1.717.797,0 | 0 | 0 | 0 | 0 | 0,Delantero
2026-08-02,Abril,Valencia,0 | 0 | 0 | 0 | 0 | 0,0% | 0% | 0% | 0% | 0% | 0%,,395ddías,1.728.051,0 | 0 | 0 | 0 | 0 | 0,Portero
2026-08-02,Busto,Betis,0 | 0 | 0 | 0 | 0 | 0,0% | 0% | 0% | 0% | 0% | 0%,,395ddías,1.621.161,0 | 0 | 0 | 0 | 0 | 0,Defensa
2026-08-02,De Llanos,Real Madrid,0 | 0 | 0 | 0 | 0 | 0,0% | 0% | 0% | 0% | 0% | 0%,,395ddías,1.622.168,0 | 0 | 0 | 0 | 0 | 0,Mediocampista
2026-08-02,Rupérez,Real Sociedad,0 | 0 | 0 | 0 | 0 | 0,0% | 0% | 0% | 0% | 0% | 0%,,395ddías,1.626.247,0 | 0 | 0 | 0 | 0 | 0,Defensa
2026-08-02,Balda,Real Sociedad,0 | 0 | 0 | 0 | 0 | 0,0% | 0% | 0% | 0% | 0% | 0%,,395ddías,1.718.912,0 | 0 | 0 | 0 | 0 | 0,Defensa
2026-08-02,Santana,Valencia,0 | 0 | 0 | 0 | 0 | 0,0% | 0% | 0% | 0% | 0% | 0%,,395ddías,1.723.821,0 | 0 | 0 | 0 | 0 | 0,Delantero
2026-08-02,Medenica,Getafe,0 | 0 | 0 | 0 | 0 | 0,0% | 0% | 0% | 0% | 0% | 0%,,395ddías,1.560.264,0 | 0 | 0 | 0 | 0 | 0,Portero
2026-08-02,Rivas,Real Madrid,0 | 0 | 0 | 0 | 0 | 0,0% | 0% | 0% | 0% | 0% | 0%,,395ddías,1.718.751,0 | 0 | 0 | 0 | 0 | 0,Defensa
2026-08-02,Requena,Levante,0 | 0 | 0 | 0 | 0 | 0,0% | 0% | 0% | 0% | 0% | 0%,,395ddías,1.621.683,0 | 0 | 0 | 0 | 0 | 0,Mediocampista
2026-08-02,Cortés,Barcelona,0 | 0 | 0 | 0 | 0 | 0,0% | 0% | 0% | 0% | 0% | 0%,,395ddías,1.718.327,0 | 0 | 0 | 0 | 0 | 0,Defensa
2026-08-02,Carlos,Atlético,0 | 0 | 0 | 0 | 0 | 0,0% | 0% | 0% | 0% | 0% | 0%,,395ddías,1.718.547,0 | 0 | 0 | 0 | 0 | 0,Defensa
2026-08-02,Yaakobishvili,Barcelona,0 | 0 | 0 | 0 | 0 | 0,0% | 0% | 0% | 0% | 0% | 0%,,395ddías,1.639.280,0 | 0 | 0 | 0 | 0 | 0,Portero
2026-08-02,Isra,Sevilla,0 | 0 | 0 | 0 | 0 | 0,0% | 0% | 0% | 0% | 0% | 0%,,395ddías,1.718.237,0 | 0 | 0 | 0 | 0 | 0,Delantero
2026-08-02,Juan Cruz,Málaga,0 | 0 | 0 | 0 | 0 | 0,0% | 0% | 0% | 0% | 0% | 0%,,433ddías,19.968.443,0 | 0 | 0 | 0 | 0 | 0,Mediocampista
2026-08-02,Morro,Rayo,0 | 0 | 0 | 0 | 0 | 0,0% | 0% | 0% | 0% | 0% | 0%,,699ddías,723.425,0 | 0 | 0 | 0 | 0 | 0,Portero
2026-08-02,Mandi,Levante,0 | 0 | 0 | 0 | 0 | 0,0% | 0% | 0% | 0% | 0% | 0%,,716ddías,1.879.755,0 | 0 | 0 | 0 | 0 | 0,Defensa
2026-08-02,Miguel,Alavés,0 | 0 | 0 | 0 | 0 | 0,0% | 0% | 0% | 0% | 0% | 0%,,717ddías,679.761,0 | 0 | 0 | 0 | 0 | 0,Delantero
2026-08-02,Joseda,Alavés,0 | 0 | 0 | 0 | 0 | 0,0% | 0% | 0% | 0% | 0% | 0%,,761ddías,300.000,0 | 0 | 0 | 0 | 0 | 0,Defensa
2026-08-02,Mario,Valencia,0 | 0 | 0 | 0 | 0 | 0,0% | 0% | 0% | 0% | 0% | 0%,,762ddías,500.000,0 | 0 | 0 | 0 | 0 | 0,Delantero
2026-08-02,Diallo,Alavés,0 | 0 | 0 | 0 | 0 | 0,0% | 0% | 0% | 0% | 0% | 0%,,762ddías,1.000.000,0 | 0 | 0 | 0 | 0 | 0,Mediocampista
2026-08-02,Ian Forns,Betis,0 | 0 | 0 | 0 | 0 | 0,0% | 0% | 0% | 0% | 0% | 0%,,762ddías,500.000,0 | 0 | 0 | 0 | 0 | 0,Defensa
2026-08-02,Mendes,Alavés,0 | 0 | 0 | 0 | 0 | 0,0% | 0% | 0% | 0% | 0% | 0%,,762ddías,500.000,0 | 0 | 0 | 0 | 0 | 0,Mediocampista
2026-08-02,Mario,Valencia,0 | 0 | 0 | 0 | 0 | 0,0% | 0% | 0% | 0% | 0% | 0%,,1ddías,760.408,0 | 0 | 0 | 0 | 0 | 0,Mediocampista
2026-08-03,Karrikaburu,Real Sociedad,-14.536 | -29.389 | -45.812 | -116.874 | -262.217 | -685.788,"-1,99% | -3,94% | -6,01% | -14,02% | -26,79% | -48,90%",,28ddías,716.502,731.038 | 745.891 | 762.314 | 833.376 | 978.719 | 1.402.290,Delantero
2026-08-03,Santiago,Elche,-12.884 | -26.016 | -40.647 | -103.761 | -235.169 | -625.258,"-1,87% | -3,70% | -5,66% | -13,29% | -25,79% | -48,02%",,28ddías,676.868,689.752 | 702.884 | 717.515 | 780.629 | 912.037 | 1.302.126,Mediocampista
2026-08-03,Hancko,Atlético,-30.719 | -59.142 | -171.737 | -1.095.702 | -4.142.246 | -9.469.651,"-0,10% | -0,19% | -0,56% | -3,46% | -11,92% | -23,64%",,26ddías,30.595.788,30.626.507 | 30.654.930 | 30.767.525 | 31.691.490 | 34.738.034 | 40.065.439,Defensa
2026-08-03,Almada,Atlético,-161.929 | -297.254 | -442.596 | -1.133.985 | -2.319.892 | -3.249.213,"-2,34% | -4,21% | -6,14% | -14,35% | -25,53% | -32,44%",,22ddías,6.767.146,6.929.075 | 7.064.400 | 7.209.742 | 7.901.131 | 9.087.038 | 10.016.359,Mediocampista
2026-08-03,Jonny,Alavés,-53.226 | -127.257 | -194.311 | -604.285 | -1.529.733 | -3.070.958,"-0,89% | -2,10% | -3,17% | -9,23% | -20,47% | -34,07%",,24ddías,5.943.765,5.996.991 | 6.071.022 | 6.138.076 | 6.548.050 | 7.473.498 | 9.014.723,Defensa
2026-08-03,Alexander-Arnold,Real Madrid,-375.709 | -686.376 | -986.574 | -2.633.957 | -6.323.702 | -13.739.632,"-1,41% | -2,54% | -3,61% | -9,10% | -19,37% | -34,29%",,28ddías,26.325.807,26.701.516 | 27.012.183 | 27.312.381 | 28.959.764 | 32.649.509 | 40.065.439,Defensa
2026-08-03,Huijsen,Real Madrid,-524.583 | -765.090 | -984.887 | -2.207.067 | -5.245.338 | -13.941.545,"-1,48% | -2,15% | -2,75% | -5,96% | -13,09% | -28,58%",,28ddías,34.838.127,35.362.710 | 35.603.217 | 35.823.014 | 37.045.194 | 40.083.465 | 48.779.672,Defensa
2026-08-03,Ruggeri,Atlético,-77.307 | -155.875 | -221.639 | -681.846 | -1.542.658 | -1.443.374,"-1,02% | -2,04% | -2,88% | -8,36% | -17,11% | -16,19%",,22ddías,7.471.186,7.548.493 | 7.627.061 | 7.692.825 | 8.153.032 | 9.013.844 | 8.914.560,Defensa
2026-08-03,Iván Romero,Levante,-2.459 | -48.228 | -86.647 | -275.186 | -716.010 | -1.488.493,"-0,03% | -0,68% | -1,22% | -3,77% | -9,25% | -17,48%",,17ddías,7.025.412,7.027.871 | 7.073.640 | 7.112.059 | 7.300.598 | 7.741.422 | 8.513.905,Delantero
2026-08-03,Aguado,Elche,-43.945 | -78.811 | -111.917 | -338.703 | -908.256 | -2.336.634,"-1,18% | -2,10% | -2,96% | -8,44% | -19,82% | -38,88%",,28ddías,3.673.181,3.717.126 | 3.751.992 | 3.785.098 | 4.011.884 | 4.581.437 | 6.009.815,Mediocampista
2026-08-03,Á. Núñez,Celta,-79.633 | -160.534 | -249.254 | -666.260 | -1.423.957 | -2.547.161,"-1,75% | -3,47% | -5,29% | -12,99% | -24,18% | -36,33%",,25ddías,4.464.290,4.543.923 | 4.624.824 | 4.713.544 | 5.130.550 | 5.888.247 | 7.011.451,Defensa
2026-08-03,Martim Neto,Elche,-34.608 | -68.724 | -106.918 | -178.110 | -378.609 | -1.037.479,"-1,73% | -3,38% | -5,15% | -8,30% | -16,14% | -34,53%",,28ddías,1.967.428,2.002.036 | 2.036.152 | 2.074.346 | 2.145.538 | 2.346.037 | 3.004.907,Mediocampista
2026-08-03,Affengruber,Elche,+667.006 | +1.446.873 | +2.151.972 | +4.601.682 | +7.964.551 | +21.203.973,"+2,30% | +5,14% | +7,84% | +18,40% | +36,80% | 0%",,20ddías,29.609.227,28.942.221 | 28.162.354 | 27.457.255 | 25.007.545 | 21.644.676 | 0,Defensa
2026-08-03,John ChetauyaJohn C.,Elche,-21.988 | -44.603 | -69.112 | -174.288 | -399.481 | -1.007.755,"-2,40% | -4,75% | -7,17% | -16,29% | -30,85% | -52,95%",,28ddías,895.352,917.340 | 939.955 | 964.464 | 1.069.640 | 1.294.833 | 1.903.107,Defensa
2026-08-03,Youssef,Alavés,-7.545 | -15.116 | -23.954 | -61.379 | -136.386 | -352.736,"-1,36% | -2,68% | -4,18% | -10,06% | -19,91% | -39,13%",,20ddías,548.735,556.280 | 563.851 | 572.689 | 610.114 | 685.121 | 901.471,Defensa
2026-08-03,Niño,Málaga,-11.024 | -26.583 | -48.887 | -191.454 | -492.213 | -1.135.967,"-0,38% | -0,92% | -1,67% | -6,25% | -14,64% | -28,35%",,28ddías,2.870.576,2.881.600 | 2.897.159 | 2.919.463 | 3.062.030 | 3.362.789 | 4.006.543,Delantero
2026-08-03,Gonzalo,Real Madrid,-102.653 | -210.806 | -331.324 | -600.599 | -1.038.357 | -1.976.326,"-2,61% | -5,21% | -7,96% | -13,55% | -21,31% | -34,02%",,28ddías,3.833.161,3.935.814 | 4.043.967 | 4.164.485 | 4.433.760 | 4.871.518 | 5.809.487,Delantero
2026-08-03,Román,Celta,-59.357 | -107.618 | -178.728 | -577.287 | -1.356.190 | -3.253.924,"-1,12% | -2,00% | -3,29% | -9,89% | -20,50% | -38,22%",,28ddías,5.259.981,5.319.338 | 5.367.599 | 5.438.709 | 5.837.268 | 6.616.171 | 8.513.905,Mediocampista
2026-08-03,Cucho,Betis,-928.883 | -1.779.191 | -2.478.625 | -2.523.997 | +1.483.219 | +13.121.125,"-1,72% | -3,24% | -4,45% | -4,53% | +2,87% | +32,75%",,4ddías,53.186.564,54.115.447 | 54.965.755 | 55.665.189 | 55.710.561 | 51.703.345 | 40.065.439,Delantero
2026-08-03,Buchanan,Villarreal,+81.814 | +128.974 | +239.717 | +783.835 | +2.684.054 | +4.730.801,"+0,42% | +0,66% | +1,23% | +4,13% | +15,72% | +31,49%",,24ddías,19.755.340,19.673.526 | 19.626.366 | 19.515.623 | 18.971.505 | 17.071.286 | 15.024.539,Mediocampista
2026-08-03,Jutglà,Celta,-14.739 | -74.494 | -152.599 | -669.759 | -1.819.841 | -1.634.966,"-0,16% | -0,79% | -1,60% | -6,66% | -16,24% | -14,84%",,24ddías,9.383.029,9.397.768 | 9.457.523 | 9.535.628 | 10.052.788 | 11.202.870 | 11.017.995,Delantero
2026-08-03,Valentín Gómez,Betis,-41.388 | -82.373 | -131.303 | -331.659 | -762.759 | -1.805.962,"-1,85% | -3,61% | -5,63% | -13,10% | -25,74% | -45,08%",,28ddías,2.200.581,2.241.969 | 2.282.954 | 2.331.884 | 2.532.240 | 2.963.340 | 4.006.543,Defensa
2026-08-03,Antony,Betis,-847.433 | -2.142.148 | -3.801.883 | -9.014.623 | -17.581.004 | -9.093.129,"-1,27% | -3,14% | -5,44% | -12,01% | -21,03% | -12,10%",,15ddías,66.029.571,66.877.004 | 68.171.719 | 69.831.454 | 75.044.194 | 83.610.575 | 75.122.700,Delantero
2026-08-03,Ugrinic,Valencia,-123.805 | -246.684 | -353.556 | -868.843 | -1.895.153 | -3.334.126,"-2,58% | -5,01% | -7,03% | -15,66% | -28,83% | -41,61%",,26ddías,4.678.961,4.802.766 | 4.925.645 | 5.032.517 | 5.547.804 | 6.574.114 | 8.013.087,Mediocampista
2026-08-03,Rueda,Celta,-32.057 | -57.463 | -92.591 | -243.929 | -630.780 | -1.337.460,"-0,87% | -1,54% | -2,46% | -6,23% | -14,66% | -26,71%",,26ddías,3.670.719,3.702.776 | 3.728.182 | 3.763.310 | 3.914.648 | 4.301.499 | 5.008.179,Defensa
2026-08-03,Radu,Celta,+797.494 | +1.633.770 | +2.467.667 | +5.437.454 | +9.322.343 | +15.793.571,"+2,28% | +4,78% | +7,40% | +17,89% | +35,17% | +78,84%",,27ddías,35.826.290,35.028.796 | 34.192.520 | 33.358.623 | 30.388.836 | 26.503.947 | 20.032.719,Portero
2026-08-03,Toljan,Levante,-40.145 | -101.761 | -167.549 | -492.354 | -1.228.328 | -2.702.028,"-0,83% | -2,07% | -3,37% | -9,29% | -20,34% | -35,97%",,26ddías,4.810.241,4.850.386 | 4.912.002 | 4.977.790 | 5.302.595 | 6.038.569 | 7.512.269,Defensa
2026-08-03,Pablo CamposCuñat Campos,Levante,-2.937 | +5.052 | +41.729 | +100.500 | -29.395 | -507.172,"-0,23% | +0,39% | +3,33% | +8,41% | -2,22% | -28,13%",,1ddías,1.295.771,1.298.708 | 1.290.719 | 1.254.042 | 1.195.271 | 1.325.166 | 1.802.943,Portero
2026-08-03,Víctor García,Levante,-70.284 | -143.803 | -221.932 | -552.568 | -1.250.318 | -2.884.253,"-2,61% | -5,19% | -7,80% | -17,39% | -32,27% | -52,36%",,28ddías,2.624.744,2.695.028 | 2.768.547 | 2.846.676 | 3.177.312 | 3.875.062 | 5.508.997,Defensa
2026-08-03,Manu Fernández,Celta,-2.986 | -5.808 | -9.700 | -25.190 | -52.035 | -161.661,"-0,68% | -1,30% | -2,16% | -5,42% | -10,59% | -26,90%",,28ddías,439.320,442.306 | 445.128 | 449.020 | 464.510 | 491.355 | 600.981,Defensa
2026-08-03,Redondo,Elche,-31.116 | -60.753 | -90.143 | -225.330 | -514.238 | -1.261.247,"-2,65% | -5,05% | -7,31% | -16,47% | -31,04% | -52,47%",,28ddías,1.142.678,1.173.794 | 1.203.431 | 1.232.821 | 1.368.008 | 1.656.916 | 2.403.925,Mediocampista
2026-08-03,Bigas,Elche,-151.785 | -316.773 | -495.242 | -1.040.995 | -1.769.454 | -1.169.508,"-2,17% | -4,42% | -6,75% | -13,20% | -20,54% | -14,59%",,23ddías,6.843.579,6.995.364 | 7.160.352 | 7.338.821 | 7.884.574 | 8.613.033 | 8.013.087,Defensa
2026-08-03,Gorrotxategi,Real Sociedad,-76.661 | -179.709 | -284.270 | -714.912 | -1.652.317 | +594.030,"-0,88% | -2,05% | -3,20% | -7,67% | -16,11% | +7,41%",,21ddías,8.607.117,8.683.778 | 8.786.826 | 8.891.387 | 9.322.029 | 10.259.434 | 8.013.087,Mediocampista
2026-08-03,Deossa,Betis,-43.364 | -84.947 | -123.731 | -339.361 | -794.307 | -1.968.181,"-2,19% | -4,20% | -6,00% | -14,90% | -29,07% | -50,38%",,28ddías,1.938.198,1.981.562 | 2.023.145 | 2.061.929 | 2.277.559 | 2.732.505 | 3.906.379,Mediocampista
2026-08-03,Elgezabal,Levante,-37.643 | -77.003 | -116.165 | -300.423 | -656.843 | -1.544.110,"-2,51% | -5,01% | -7,37% | -17,06% | -31,02% | -51,39%",,28ddías,1.460.797,1.498.440 | 1.537.800 | 1.576.962 | 1.761.220 | 2.117.640 | 3.004.907,Defensa
2026-08-03,Oriol Rey,Levante,-24.260 | -48.976 | -74.418 | -188.287 | -426.326 | -1.053.376,"-2,49% | -4,90% | -7,27% | -16,54% | -30,98% | -52,58%",,28ddías,949.895,974.155 | 998.871 | 1.024.313 | 1.138.182 | 1.376.221 | 2.003.271,Mediocampista
2026-08-03,C. Álvarez,Levante,+350.424 | +713.901 | +1.018.786 | +2.269.921 | +4.642.151 | +9.196.734,"+2,08% | +4,33% | +6,29% | +15,19% | +36,94% | +114,77%",,27ddías,17.209.821,16.859.397 | 16.495.920 | 16.191.035 | 14.939.900 | 12.567.670 | 8.013.087,Mediocampista
2026-08-03,Jorge Cabello,Levante,-32.187 | -65.427 | -100.790 | +563.270 | +563.270 | +563.270,"-2,75% | -5,43% | -8,12% | 0% | 0% | 0%",,5ddías,1.140.146,1.172.333 | 1.205.573 | 1.240.936 | 0 | 0 | 0,Defensa
2026-08-03,Roger BruguéBrugui,Levante,-89.313 | -172.587 | -265.170 | -661.094 | -1.510.197 | -3.836.702,"-2,74% | -5,16% | -7,71% | -17,23% | -32,24% | -54,72%",,29ddías,3.174.749,3.264.062 | 3.347.336 | 3.439.919 | 3.835.843 | 4.684.946 | 7.011.451,Delantero
2026-08-03,Dolan,Espanyol,-89.560 | -185.672 | -290.018 | -672.357 | -1.436.444 | -1.391.197,"-1,33% | -2,73% | -4,20% | -9,22% | -17,83% | -17,36%",,21ddías,6.621.890,6.711.450 | 6.807.562 | 6.911.908 | 7.294.247 | 8.058.334 | 8.013.087,Delantero
2026-08-03,Dituro,Elche,-32.519 | -92.946 | -141.869 | -330.649 | -767.741 | -1.420.782,"-0,49% | -1,39% | -2,11% | -4,78% | -10,43% | -17,73%",,28ddías,6.592.305,6.624.824 | 6.685.251 | 6.734.174 | 6.922.954 | 7.360.046 | 8.013.087,Portero
2026-08-03,Junior,Betis,-105.492 | -199.589 | -309.583 | -767.865 | -1.710.845 | -3.559.714,"-2,31% | -4,29% | -6,50% | -14,71% | -27,75% | -44,42%",,28ddías,4.453.373,4.558.865 | 4.652.962 | 4.762.956 | 5.221.238 | 6.164.218 | 8.013.087,Defensa
2026-08-03,Valera,Elche,-228.905 | -461.467 | -724.192 | -1.856.530 | -3.477.526 | -38.455.567,"-0,92% | -1,84% | -2,85% | -7,00% | -12,35% | 0%",,19ddías,24.673.810,24.902.715 | 25.135.277 | 25.398.002 | 26.530.340 | 28.151.336 | 0,Mediocampista
2026-08-03,Sannadi,Athletic,-4.540 | -8.981 | -14.559 | -37.525 | -80.784 | -224.535,"-0,94% | -1,85% | -2,96% | -7,30% | -14,49% | -32,02%",,28ddías,476.609,481.149 | 485.590 | 491.168 | 514.134 | 557.393 | 701.144,Delantero
2026-08-03,Veiga,Villarreal,+621.535 | +1.389.805 | +1.912.983 | +4.471.388 | +9.532.071 | +17.665.608,"+1,48% | +3,36% | +4,69% | +11,69% | +28,73% | +70,55%",,27ddías,42.706.507,42.084.972 | 41.316.702 | 40.793.524 | 38.235.119 | 33.174.436 | 25.040.899,Defensa
2026-08-03,Danjuma,Valencia,-1.032 | -31.867 | -47.204 | -252.889 | -736.108 | -1.651.250,"-0,02% | -0,73% | -1,07% | -5,48% | -14,45% | -27,48%",,28ddías,4.358.565,4.359.597 | 4.390.432 | 4.405.769 | 4.611.454 | 5.094.673 | 6.009.815,Delantero
2026-08-03,Letácek,Getafe,-20.987 | -41.082 | -62.622 | -159.216 | -386.992 | -988.308,"-2,24% | -4,30% | -6,41% | -14,82% | -29,73% | -51,93%",,28ddías,914.799,935.786 | 955.881 | 977.421 | 1.074.015 | 1.301.791 | 1.903.107,Portero
2026-08-03,Álvaro,Deportivo,-94.096 | -162.198 | -242.128 | -570.190 | -1.597.882 | -3.772.638,"-1,61% | -2,75% | -4,05% | -9,03% | -21,77% | -39,65%",,28ddías,5.742.903,5.836.999 | 5.905.101 | 5.985.031 | 6.313.093 | 7.340.785 | 9.515.541,Portero
2026-08-03,L. Sucic,Real Sociedad,-51.256 | -87.749 | -142.271 | -385.354 | -914.604 | -1.755.244,"-1,28% | -2,17% | -3,47% | -8,88% | -18,79% | -30,74%",,25ddías,3.954.080,4.005.336 | 4.041.829 | 4.096.351 | 4.339.434 | 4.868.684 | 5.709.324,Mediocampista
2026-08-03,Pedro Díaz,Rayo,-33.600 | -69.908 | -103.497 | -256.454 | -637.178 | -1.892.710,"-1,56% | -3,20% | -4,67% | -10,82% | -23,16% | -47,24%",,29ddías,2.113.833,2.147.433 | 2.183.741 | 2.217.330 | 2.370.287 | 2.751.011 | 4.006.543,Mediocampista
2026-08-03,Bretones,Osasuna,+95.046 | +177.618 | +251.069 | +453.146 | +414.783 | +41.899,"+4,22% | +8,19% | +11,99% | +23,94% | +21,48% | +1,82%",,10ddías,2.345.661,2.250.615 | 2.168.043 | 2.094.592 | 1.892.515 | 1.930.878 | 2.303.762,Defensa
2026-08-03,D. Llorente,Betis,+341.654 | +631.651 | +874.018 | +1.569.839 | +2.036.845 | +3.039.786,"+3,25% | +6,18% | +8,76% | +16,91% | +23,10% | +38,91%",,12ddías,10.852.545,10.510.891 | 10.220.894 | 9.978.527 | 9.282.706 | 8.815.700 | 7.812.759,Defensa
2026-08-03,Pape Gueye,Villarreal,+716.497 | +1.082.435 | +1.171.719 | +130.311 | -3.471.335 | -9.674.863,"+1,81% | +2,75% | +2,99% | +0,32% | -7,91% | -19,32%",,3ddías,40.406.936,39.690.439 | 39.324.501 | 39.235.217 | 40.276.625 | 43.878.271 | 50.081.799,Mediocampista
2026-08-03,Pépé,Villarreal,-835.084 | -1.734.091 | -2.645.081 | -7.141.631 | -38.073.069 | -38.073.069,"-1,53% | -3,12% | -4,68% | -11,70% | 0% | 0%",,13ddías,53.891.868,54.726.952 | 55.625.959 | 56.536.949 | 61.033.499 | 0 | 0,Delantero
2026-08-03,Andrés Martín,Racing,-315.362 | -589.638 | -912.142 | -2.146.497 | -4.517.959 | +20.234.816,"-1,41% | -2,61% | -3,98% | -8,89% | -17,05% | 0%",,19ddías,21.986.124,22.301.486 | 22.575.762 | 22.898.266 | 24.132.621 | 26.504.083 | 0,Delantero
2026-08-03,Jauregizar,Athletic,+435.795 | +785.045 | +1.250.638 | +2.698.845 | +5.832.361 | +9.774.072,"+1,79% | +3,27% | +5,31% | +12,21% | +30,75% | +65,05%",,27ddías,24.798.611,24.362.816 | 24.013.566 | 23.547.973 | 22.099.766 | 18.966.250 | 15.024.539,Mediocampista
2026-08-03,Kambwala,Villarreal,-35.411 | -71.918 | -109.943 | -272.569 | -630.719 | -1.524.018,"-2,34% | -4,63% | -6,91% | -15,54% | -29,87% | -50,72%",,28ddías,1.480.889,1.516.300 | 1.552.807 | 1.590.832 | 1.753.458 | 2.111.608 | 3.004.907,Defensa
2026-08-03,Ejuke,Sevilla,-48.438 | -94.080 | -142.766 | -357.709 | -806.988 | -1.838.144,"-1,50% | -2,88% | -4,31% | -10,14% | -20,29% | -36,70%",,28ddías,3.170.035,3.218.473 | 3.264.115 | 3.312.801 | 3.527.744 | 3.977.023 | 5.008.179,Delantero
2026-08-03,Peque,Sevilla,-54.708 | -108.134 | -169.345 | -417.387 | -931.768 | -2.273.150,"-2,39% | -4,62% | -7,05% | -15,74% | -29,43% | -50,43%",,28ddías,2.234.211,2.288.919 | 2.342.345 | 2.403.556 | 2.651.598 | 3.165.979 | 4.507.361,Delantero
2026-08-03,Sergio Gómez,Real Sociedad,-140.130 | -262.584 | -416.790 | -1.293.782 | -3.199.484 | -5.995.216,"-0,73% | -1,36% | -2,14% | -6,36% | -14,38% | -23,94%",,28ddías,19.045.683,19.185.813 | 19.308.267 | 19.462.473 | 20.339.465 | 22.245.167 | 25.040.899,Defensa
2026-08-03,Carreira,Celta,-11.532 | -50.271 | -108.418 | -493.309 | -1.332.990 | -1.041.226,"-0,17% | -0,72% | -1,53% | -6,61% | -16,05% | -12,99%",,22ddías,6.971.861,6.983.393 | 7.022.132 | 7.080.279 | 7.465.170 | 8.304.851 | 8.013.087,Defensa
2026-08-03,Endrick,Real Madrid,-40.167 | -114.950 | -197.958 | +7.145.183 | +7.145.183 | +7.145.183,"-0,52% | -1,47% | -2,50% | 0% | 0% | 0%",,5ddías,7.711.172,7.751.339 | 7.826.122 | 7.909.130 | 0 | 0 | 0,Delantero
2026-08-03,Mbappé,Real Madrid,-386.605 | -588.855 | -918.004 | -4.612.909 | -25.020.532 | -25.020.532,"-0,30% | -0,45% | -0,70% | -3,42% | 0% | 0%",,10ddías,130.464.907,130.851.512 | 131.053.762 | 131.382.911 | 135.077.816 | 0 | 0,Delantero
2026-08-03,Romero,Villarreal,+416.724 | +686.646 | +690.930 | -2.163.280 | -2.163.280 | -2.089.319,"+1,28% | +2,13% | +2,14% | -6,16% | -6,16% | -5,96%",,3ddías,32.967.940,32.551.216 | 32.281.294 | 32.277.010 | 35.131.220 | 35.131.220 | 35.057.259,Defensa
2026-08-03,Alvarez,Atlético,-647.278 | -1.233.639 | -1.866.912 | -3.629.883 | +24.600.112 | +24.600.112,"-0,88% | -1,67% | -2,50% | -4,76% | 0% | 0%",,9ddías,72.688.506,73.335.784 | 73.922.145 | 74.555.418 | 76.318.389 | 0 | 0,Delantero
2026-08-03,Boiro,Athletic,-9.185 | -18.464 | -29.082 | -74.398 | -148.897 | -413.542,"-1,54% | -3,04% | -4,71% | -11,23% | -20,20% | -41,29%",,12ddías,588.094,597.279 | 606.558 | 617.176 | 662.492 | 736.991 | 1.001.636,Defensa
2026-08-03,Pablo Ramón,Espanyol,-7.544 | -15.114 | -23.951 | -52.866 | -52.866 | -52.273,"-1,36% | -2,68% | -4,18% | 0% | 0% | -8,70%",,5ddías,548.708,556.252 | 563.822 | 572.659 | 0 | 0 | 600.981,Mediocampista
2026-08-03,Logan Costa,Villarreal,-34.025 | -69.866 | -103.747 | -264.591 | -614.988 | -1.421.074,"-2,10% | -4,22% | -6,15% | -14,31% | -27,97% | -47,29%",,28ddías,1.583.833,1.617.858 | 1.653.699 | 1.687.580 | 1.848.424 | 2.198.821 | 3.004.907,Defensa
2026-08-03,Garcés,Alavés,-17.733 | -35.917 | -55.810 | -142.256 | -324.890 | -709.208,"-2,19% | -4,33% | -6,57% | -15,21% | -29,06% | -47,20%",,28ddías,793.245,810.978 | 829.162 | 849.055 | 935.501 | 1.118.135 | 1.502.453,Defensa
2026-08-03,Roberto,Espanyol,-7.239 | -36.572 | -82.968 | -309.275 | -767.753 | -1.432.289,"-0,13% | -0,65% | -1,47% | -5,25% | -12,10% | -20,43%",,23ddías,5.579.162,5.586.401 | 5.615.734 | 5.662.130 | 5.888.437 | 6.346.915 | 7.011.451,Delantero
2026-08-03,Asencio,Real Madrid,-205.585 | -420.226 | -646.876 | -1.366.261 | -2.666.145 | -5.492.914,"-3,01% | -5,96% | -8,89% | -17,09% | -28,69% | -45,32%",,28ddías,6.626.881,6.832.466 | 7.047.107 | 7.273.757 | 7.993.142 | 9.293.026 | 12.119.795,Defensa
2026-08-03,Serrano,Atlético,-4.034 | -7.948 | -12.977 | -33.508 | -71.423 | -236.678,"-0,86% | -1,68% | -2,72% | -6,73% | -13,33% | -33,76%",,28ddías,464.466,468.500 | 472.414 | 477.443 | 497.974 | 535.889 | 701.144,Mediocampista
2026-08-03,Etta Eyong,Levante,+862.669 | +1.608.451 | +2.305.686 | +3.993.254 | +6.030.380 | +10.566.608,"+4,61% | +8,95% | +13,35% | +25,62% | +44,50% | +117,22%",,27ddías,19.581.331,18.718.662 | 17.972.880 | 17.275.645 | 15.588.077 | 13.550.951 | 9.014.723,Delantero
2026-08-03,Pau Navarro,Villarreal,-111.968 | -272.473 | -419.374 | -1.217.222 | -2.804.631 | -5.841.502,"-1,09% | -2,61% | -3,95% | -10,68% | -21,59% | -36,45%",,28ddías,10.184.673,10.296.641 | 10.457.146 | 10.604.047 | 11.401.895 | 12.989.304 | 16.026.175,Defensa
2026-08-03,Óskarsson,Real Sociedad,-153.711 | -292.844 | -425.250 | -1.141.302 | -2.737.333 | -5.605.764,"-1,61% | -3,02% | -4,32% | -10,81% | -22,52% | -37,31%",,28ddías,9.418.775,9.572.486 | 9.711.619 | 9.844.025 | 10.560.077 | 12.156.108 | 15.024.539,Delantero
2026-08-03,Lo Celso,Betis,+756.298 | +1.494.991 | +2.285.022 | +5.441.441 | +11.165.311 | +18.362.105,"+2,01% | +4,05% | +6,33% | +16,51% | +41,00% | +91,66%",,27ddías,38.394.824,37.638.526 | 36.899.833 | 36.109.802 | 32.953.383 | 27.229.513 | 20.032.719,Mediocampista
2026-08-03,Luiz Junior,Villarreal,+936.471 | +2.021.293 | +3.145.384 | +6.613.670 | +10.766.866 | +17.586.457,"+2,55% | +5,68% | +9,12% | +21,33% | +40,10% | +87,79%",,27ddías,37.619.176,36.682.705 | 35.597.883 | 34.473.792 | 31.005.506 | 26.852.310 | 20.032.719,Portero
2026-08-03,Leo Román,Deportivo,+914.176 | +1.791.650 | +2.557.670 | +24.838.878 | +24.838.878 | +24.838.878,"+3,54% | +7,19% | +10,59% | 0% | 0% | 0%",,4ddías,26.707.300,25.793.124 | 24.915.650 | 24.149.630 | 0 | 0 | 0,Portero
2026-08-03,Aramburu,Real Sociedad,+578.229 | +1.014.575 | +1.446.531 | +2.840.025 | +4.637.856 | +7.281.417,"+4,22% | +7,64% | +11,26% | +24,80% | +48,04% | +103,85%",,27ddías,14.292.868,13.714.639 | 13.278.293 | 12.846.337 | 11.452.843 | 9.655.012 | 7.011.451,Defensa
2026-08-03,Hugo Álvarez,Celta,-74.621 | -152.535 | -235.851 | -597.390 | -1.315.349 | -2.893.476,"-2,02% | -4,05% | -6,12% | -14,17% | -26,67% | -44,44%",,28ddías,3.617.157,3.691.778 | 3.769.692 | 3.853.008 | 4.214.547 | 4.932.506 | 6.510.633,Mediocampista
2026-08-03,Durán,Celta,-42.895 | -85.590 | -129.576 | -312.087 | -689.010 | -1.538.847,"-2,84% | -5,52% | -8,12% | -17,55% | -31,97% | -51,21%",,28ddías,1.466.060,1.508.955 | 1.551.650 | 1.595.636 | 1.778.147 | 2.155.070 | 3.004.907,Delantero
2026-08-03,Natan,Betis,+706.403 | +1.514.185 | +2.227.523 | +5.062.090 | +9.308.723 | +15.618.051,"+1,77% | +3,87% | +5,80% | +14,22% | +29,69% | +62,37%",,26ddías,40.658.950,39.952.547 | 39.144.765 | 38.431.427 | 35.596.860 | 31.350.227 | 25.040.899,Defensa
2026-08-03,Bernal,Barcelona,+204.174 | +268.673 | +153.629 | +29.550 | +29.550 | +37.586,"+5,94% | +7,96% | +4,40% | +0,82% | +0,82% | +1,04%",,2ddías,3.643.474,3.439.300 | 3.374.801 | 3.489.845 | 3.613.924 | 3.613.924 | 3.605.888,Mediocampista
2026-08-03,Toni Martinez,Alavés,-167.263 | -485.219 | -795.510 | -2.354.989 | -5.696.404 | +23.148.428,"-0,61% | -1,75% | -2,84% | -7,96% | -17,30% | 0%",,17ddías,27.232.421,27.399.684 | 27.717.640 | 28.027.931 | 29.587.410 | 32.928.825 | 0,Delantero
2026-08-03,Musso,Atlético,-106.672 | -222.135 | -347.268 | -859.788 | -1.994.458 | -4.197.711,"-1,80% | -3,68% | -5,63% | -12,87% | -25,53% | -41,91%",,28ddías,5.818.648,5.925.320 | 6.040.783 | 6.165.916 | 6.678.436 | 7.813.106 | 10.016.359,Portero
2026-08-03,Olmo,Barcelona,-1.288.219 | -2.392.994 | -3.761.110 | -9.659.547 | -29.802.830 | -29.802.830,"-1,70% | -3,10% | -4,80% | -11,45% | 0% | 0%",,12ddías,74.676.900,75.965.119 | 77.069.894 | 78.438.010 | 84.336.447 | 0 | 0,Mediocampista
2026-08-03,Benito,Osasuna,-12.776 | -25.796 | -40.310 | -102.905 | -233.171 | -627.851,"-1,86% | -3,68% | -5,64% | -13,24% | -25,70% | -48,22%",,28ddías,674.275,687.051 | 700.071 | 714.585 | 777.180 | 907.446 | 1.302.126,Delantero
2026-08-03,Mendoza,Atlético,-9.680 | -23.330 | -38.669 | -111.070 | -252.002 | -560.679,"-1,02% | -2,42% | -3,94% | -10,55% | -21,11% | -37,32%",,28ddías,941.774,951.454 | 965.104 | 980.443 | 1.052.844 | 1.193.776 | 1.502.453,Mediocampista
2026-08-03,Suazo,Sevilla,-76.898 | -155.167 | -263.519 | -596.859 | -1.463.686 | -3.093.149,"-1,28% | -2,55% | -4,26% | -9,16% | -19,82% | -34,31%",,28ddías,5.921.574,5.998.472 | 6.076.741 | 6.185.093 | 6.518.433 | 7.385.260 | 9.014.723,Defensa
2026-08-03,Mouriño,Villarreal,+743.225 | +1.292.754 | +1.955.724 | +3.948.525 | +7.546.920 | +12.657.767,"+2,13% | +3,76% | +5,80% | +12,44% | +26,81% | +54,94%",,26ddías,35.695.394,34.952.169 | 34.402.640 | 33.739.670 | 31.746.869 | 28.148.474 | 23.037.627,Defensa
2026-08-03,Iñigo Vicente,Racing,-75.848 | -140.924 | -427.401 | -1.681.568 | -3.304.351 | -6.059.563,"-0,39% | -0,72% | -2,15% | -7,95% | -14,50% | -23,72%",,24ddías,19.482.154,19.558.002 | 19.623.078 | 19.909.555 | 21.163.722 | 22.786.505 | 25.541.717,Delantero
2026-08-03,Cucurella,Real Madrid,+3.116.792 | +6.333.340 | +9.443.442 | +13.537.477 | 0 | 0,"+5,13% | +11,01% | +17,36% | +26,91% | 0% | 0%",,6ddías,63.838.258,60.721.466 | 57.504.918 | 54.394.816 | 50.300.781 | 0 | 0,Defensa
2026-08-03,Hartman,Espanyol,-208.885 | -417.299 | -650.392 | -1.718.167 | 0 | 0,"-1,88% | -3,69% | -5,63% | -13,61% | 0% | 0%",,12ddías,10.902.436,11.111.321 | 11.319.735 | 11.552.828 | 12.620.603 | 0 | 0,Defensa
2026-08-03,Dumfries,Real Madrid,+1.216.734 | +2.622.184 | +4.134.735 | +9.935.830 | +18.086.650 | 0,"+1,98% | +4,38% | +7,08% | +18,89% | +40,69% | 0%",,15ddías,62.535.167,61.318.433 | 59.912.983 | 58.400.432 | 52.599.337 | 44.448.517 | 0,Defensa
2026-08-03,Yeremay,Deportivo,+1.026.131 | +2.234.493 | +3.687.258 | +11.229.774 | +23.637.820 | 0,"+1,87% | +4,17% | +7,07% | +25,19% | +73,48% | 0%",,16ddías,55.805.062,54.778.931 | 53.570.569 | 52.117.804 | 44.575.288 | 32.167.242 | 0,Delantero
2026-08-03,Larrubia,Málaga,+1.375.688 | +2.754.494 | +4.375.171 | +9.826.640 | +17.568.098 | 0,"+2,99% | +6,18% | +10,19% | +26,20% | +59,03% | 0%",,18ddías,47.330.067,45.954.379 | 44.575.573 | 42.954.896 | 37.503.427 | 29.761.969 | 0,Mediocampista
2026-08-03,Chupete,Málaga,+1.364.884 | +2.886.767 | +4.205.801 | +9.422.882 | +17.935.797 | 0,"+3,12% | +6,83% | +10,27% | +26,35% | +65,84% | 0%",,19ddías,45.177.354,43.812.470 | 42.290.587 | 40.971.553 | 35.754.472 | 27.241.557 | 0,Delantero
2026-08-03,Guliashvili,Racing,-95.930 | -191.928 | -294.091 | -725.565 | -1.610.699 | -3.478.201,"-3,07% | -5,95% | -8,84% | -19,31% | -34,69% | -53,42%",,28ddías,3.032.432,3.128.362 | 3.224.360 | 3.326.523 | 3.757.997 | 4.643.131 | 6.510.633,Delantero
2026-08-03,Arana,Racing,-10.079 | -21.788 | -33.878 | -87.483 | -226.185 | -566.752,"-1,07% | -2,28% | -3,49% | -8,55% | -19,47% | -37,72%",,28ddías,935.701,945.780 | 957.489 | 969.579 | 1.023.184 | 1.161.886 | 1.502.453,Delantero
2026-08-03,Puerta,Racing,+310.314 | +534.202 | +730.477 | +1.200.319 | +803.875 | +403.573,"+3,07% | +5,40% | +7,54% | +13,02% | +8,36% | +4,03%",,7ddías,10.419.932,10.109.618 | 9.885.730 | 9.689.455 | 9.219.613 | 9.616.057 | 10.016.359,Mediocampista
2026-08-03,Aubameyang,Deportivo,+1.280.429 | +2.499.310 | +3.691.290 | 0 | 0 | 0,"+8,26% | +17,51% | +28,21% | 0% | 0% | 0%",,4ddías,16.774.400,15.493.971 | 14.275.090 | 13.083.110 | 0 | 0 | 0,Delantero
2026-08-03,Gueye,Racing,-57.289 | -107.347 | -184.381 | -470.184 | -1.208.077 | -2.374.932,"-1,22% | -2,26% | -3,82% | -9,21% | -20,67% | -33,87%",,24ddías,4.636.519,4.693.808 | 4.743.866 | 4.820.900 | 5.106.703 | 5.844.596 | 7.011.451,Mediocampista
2026-08-03,Facundo GonzálezFacu González,Racing,-7.191 | -60.493 | -172.355 | -292.072 | -292.072 | -284.757,"-0,22% | -1,84% | -5,08% | -8,31% | -8,31% | -8,12%",,4ddías,3.220.968,3.228.159 | 3.281.461 | 3.393.323 | 3.513.040 | 3.513.040 | 3.505.725,Defensa
2026-08-03,Hernando,Racing,-8.437 | -24.826 | -39.947 | -151.057 | -491.719 | -1.496.227,"-0,42% | -1,22% | -1,95% | -6,99% | -19,66% | -42,68%",,28ddías,2.009.498,2.017.935 | 2.034.324 | 2.049.445 | 2.160.555 | 2.501.217 | 3.505.725,Defensa
2026-08-03,Sainz-Maza,Racing,-23.023 | -46.784 | -71.632 | -180.304 | -414.779 | -1.007.155,"-2,26% | -4,49% | -6,71% | -15,33% | -29,40% | -50,28%",,28ddías,996.116,1.019.139 | 1.042.900 | 1.067.748 | 1.176.420 | 1.410.895 | 2.003.271,Defensa
2026-08-03,Mantilla,Racing,+30.481 | +57.445 | +76.051 | +86.226 | +9.379 | -777.483,"+1,39% | +2,65% | +3,53% | +4,03% | +0,42% | -25,87%",,5ddías,2.227.424,2.196.943 | 2.169.979 | 2.151.373 | 2.141.198 | 2.218.045 | 3.004.907,Defensa
2026-08-03,Eriksson,Racing,+56.876 | +121.276 | +160.597 | +293.182 | +131.932 | -467.100,"+2,29% | +5,02% | +6,76% | +13,06% | +5,48% | -15,54%",,7ddías,2.537.807,2.480.931 | 2.416.531 | 2.377.210 | 2.244.625 | 2.405.875 | 3.004.907,Portero
2026-08-03,Haitam,Málaga,-4.380 | -8.654 | -14.058 | -36.253 | -77.821 | -228.377,"-0,92% | -1,80% | -2,89% | -7,12% | -14,13% | -32,57%",,28ddías,472.767,477.147 | 481.421 | 486.825 | 509.020 | 550.588 | 701.144,Delantero
2026-08-03,Lobete,Málaga,-24.941 | -51.721 | -79.734 | -190.398 | -423.325 | -956.515,"-2,33% | -4,71% | -7,08% | -15,39% | -28,80% | -47,75%",,28ddías,1.046.756,1.071.697 | 1.098.477 | 1.126.490 | 1.237.154 | 1.470.081 | 2.003.271,Delantero
2026-08-03,Konaté,Real Madrid,+1.493.158 | +3.011.434 | +4.588.011 | +5.260.939 | 0 | 0,"+4,47% | +9,45% | +15,14% | +17,76% | 0% | 0%",,5ddías,34.882.510,33.389.352 | 31.871.076 | 30.294.499 | 29.621.571 | 0 | 0,Defensa
2026-08-03,Calatrava,Espanyol,+19.547 | +30.658 | +51.896 | -99.672 | 0 | 0,"+0,60% | +0,95% | +1,62% | -2,97% | 0% | 0%",,3ddías,3.253.713,3.234.166 | 3.223.055 | 3.201.817 | 3.353.385 | 0 | 0,Delantero
2026-08-03,Sivera,Alavés,+733.940 | +1.488.272 | +2.183.858 | +4.334.354 | +7.054.820 | +10.545.855,"+3,03% | +6,33% | +9,57% | +20,98% | +39,33% | +73,00%",,26ddías,24.992.956,24.259.016 | 23.504.684 | 22.809.098 | 20.658.602 | 17.938.136 | 14.447.101,Portero
2026-08-03,Luis Castro,Levante,-64.247 | -130.883 | -201.247 | -511.502 | +405.652 | +407.136,"-3,25% | -6,41% | -9,53% | -21,13% | 0% | +27,10%",,8ddías,1.909.589,1.973.836 | 2.040.472 | 2.110.836 | 2.421.091 | 0 | 1.502.453,
2026-08-03,Carlos Corberán,Valencia,-23.152 | -46.980 | -72.753 | -185.274 | +20.939 | +21.829,"-2,45% | -4,84% | -7,30% | -16,71% | 0% | +2,42%",,10ddías,923.300,946.452 | 970.280 | 996.053 | 1.108.574 | 0 | 901.471,
2026-08-03,Luis García,Sevilla,-35.210 | -71.599 | -110.456 | -280.995 | +410.594 | +411.385,"-2,82% | -5,57% | -8,35% | -18,81% | 0% | +51,34%",,7ddías,1.212.693,1.247.903 | 1.284.292 | 1.323.149 | 1.493.688 | 0 | 801.308,
2026-08-03,Pellegrino Matarazzo,Real Sociedad,-233.348 | -472.847 | -728.104 | -1.852.489 | +1.167.886 | +1.172.833,"-3,64% | -7,11% | -10,54% | -23,06% | 0% | +23,42%",,8ddías,6.181.012,6.414.360 | 6.653.859 | 6.909.116 | 8.033.501 | 0 | 5.008.179,
2026-08-03,José Mourinho,Real Madrid,-778.225 | -1.616.492 | -2.514.205 | +612.626 | 0 | 0,"-3,52% | -7,05% | -10,56% | +2,96% | 0% | 0%",,5ddías,21.304.077,22.082.302 | 22.920.569 | 23.818.282 | 20.691.451 | 0 | 0,
2026-08-03,Beñat San José,Rayo,-88.747 | -180.904 | -277.852 | +635.358 | 0 | 0,"-3,43% | -6,75% | -10,01% | +34,12% | 0% | 0%",,3ddías,2.497.584,2.586.331 | 2.678.488 | 2.775.436 | 1.862.226 | 0 | 0,
2026-08-03,José Alberto López,Racing,-42.437 | -86.354 | -133.052 | -107.551 | +584.038 | +584.829,"-2,97% | -5,86% | -8,76% | -7,20% | 0% | +72,98%",,6ddías,1.386.137,1.428.574 | 1.472.491 | 1.519.189 | 1.493.688 | 0 | 801.308,
2026-08-03,Luis Miguel Ramis,Osasuna,-76.269 | -155.427 | -238.835 | +335.872 | 0 | 0,"-3,35% | -6,60% | -9,80% | +18,04% | 0% | 0%",,4ddías,2.198.098,2.274.367 | 2.353.525 | 2.436.933 | 1.862.226 | 0 | 0,
2026-08-03,Juan Funes,Málaga,-65.321 | -133.075 | -204.604 | +68.228 | +932.718 | +933.707,"-3,26% | -6,43% | -9,56% | +3,65% | 0% | +93,22%",,5ddías,1.935.343,2.000.664 | 2.068.418 | 2.139.947 | 1.867.115 | 0 | 1.001.636,
2026-08-03,Manolo González,Espanyol,-53.876 | -109.708 | -168.819 | -429.171 | +156.740 | +158.224,"-3,14% | -6,20% | -9,23% | -20,54% | 0% | +10,53%",,9ddías,1.660.677,1.714.553 | 1.770.385 | 1.829.496 | 2.089.848 | 0 | 1.502.453,
2026-08-03,Hjulmand,Atlético,-296.872 | -819.860 | -2.014.945 | 0 | 0 | 0,"-0,86% | -2,34% | -5,55% | 0% | 0% | 0%",,3ddías,34.273.539,34.570.411 | 35.093.399 | 36.288.484 | 0 | 0 | 0,Mediocampista
2026-08-03,Martín Anselmi,Elche,-88.747 | -180.904 | -277.852 | +635.358 | 0 | 0,"-3,43% | -6,75% | -10,01% | +34,12% | 0% | 0%",,3ddías,2.497.584,2.586.331 | 2.678.488 | 2.775.436 | 1.862.226 | 0 | 0,
2026-08-03,Antonio Hidalgo,Deportivo,-90.136 | -183.739 | -282.194 | -269.751 | +1.026.984 | +1.028.468,"-3,44% | -6,77% | -10,03% | -9,63% | 0% | +68,45%",,6ddías,2.530.921,2.621.057 | 2.714.660 | 2.813.115 | 2.800.672 | 0 | 1.502.453,
2026-08-03,Claudio Giráldez,Celta,-126.150 | -254.971 | -389.277 | -1.002.979 | -1.464.256 | -1.459.309,"-3,43% | -6,70% | -9,88% | -22,03% | 0% | -29,14%",,12ddías,3.548.870,3.675.020 | 3.803.841 | 3.938.147 | 4.551.849 | 0 | 5.008.179,
2026-08-03,Manuel Pellegrini,Betis,-214.757 | -442.799 | -694.814 | -1.772.026 | -458.907 | -451.981,"-3,17% | -6,32% | -9,58% | -21,27% | 0% | -6,45%",,10ddías,6.559.470,6.774.227 | 7.002.269 | 7.254.284 | 8.331.496 | 0 | 7.011.451,
2026-08-03,Hansi Flick,Barcelona,-353.687 | -744.134 | -1.140.506 | -2.897.728 | -1.847.323 | -1.832.480,"-2,61% | -5,34% | -7,96% | -18,01% | 0% | -12,20%",,11ddías,13.192.059,13.545.746 | 13.936.193 | 14.332.565 | 16.089.787 | 0 | 15.024.539,
2026-08-03,Diego Simeone,Atlético,-276.511 | -544.784 | -844.895 | -2.137.096 | -1.675.449 | -1.665.554,"-3,21% | -6,12% | -9,19% | -20,38% | 0% | -16,63%",,11ddías,8.350.805,8.627.316 | 8.895.589 | 9.195.700 | 10.487.901 | 0 | 10.016.359,
2026-08-03,Edin Terzic,Athletic,-522.871 | -1.067.240 | -1.635.243 | +1.743.187 | 0 | 0,"-3,89% | -7,63% | -11,24% | +15,60% | 0% | 0%",,4ddías,12.916.566,13.439.437 | 13.983.806 | 14.551.809 | 11.173.379 | 0 | 0,
2026-08-03,Quique Sánchez,Alavés,-35.210 | -71.599 | -110.456 | -280.995 | +410.594 | +411.385,"-2,82% | -5,57% | -8,35% | -18,81% | 0% | +51,34%",,7ddías,1.212.693,1.247.903 | 1.284.292 | 1.323.149 | 1.493.688 | 0 | 801.308,
2026-08-03,Joaquín,Málaga,-149.842 | -293.969 | -441.959 | -1.108.274 | -2.497.465 | -5.596.895,"-1,75% | -3,37% | -4,98% | -11,62% | -22,86% | -39,91%",,28ddías,8.426.008,8.575.850 | 8.719.977 | 8.867.967 | 9.534.282 | 10.923.473 | 14.022.903,Delantero
2026-08-03,Lorenzo,Málaga,+115.716 | +157.789 | +174.459 | +22.705 | -535.070 | -2.509.305,"+1,38% | +1,89% | +2,09% | +0,27% | -5,92% | -22,77%",,3ddías,8.508.690,8.392.974 | 8.350.901 | 8.334.231 | 8.485.985 | 9.043.760 | 11.017.995,Mediocampista
2026-08-03,Arriaga,Levante,-77.063 | -152.245 | -228.578 | -566.215 | -1.282.198 | -2.724.363,"-2,29% | -4,43% | -6,50% | -14,70% | -28,07% | -45,33%",,28ddías,3.285.452,3.362.515 | 3.437.697 | 3.514.030 | 3.851.667 | 4.567.650 | 6.009.815,Mediocampista
2026-08-03,Dani Martínez,Atlético,-3.199 | -6.242 | -10.364 | -26.876 | -48.267 | -156.567,"-0,71% | -1,39% | -2,28% | -5,70% | -9,80% | -26,05%",,8ddías,444.414,447.613 | 450.656 | 454.778 | 471.290 | 492.681 | 600.981,Defensa
2026-08-03,Lookman,Atlético,+1.909.032 | +3.644.394 | +5.687.909 | +11.795.746 | +19.181.707 | +34.131.845,"+2,92% | +5,73% | +9,24% | +21,27% | +39,90% | 0%",,15ddías,67.253.110,65.344.078 | 63.608.716 | 61.565.201 | 55.457.364 | 48.071.403 | 0,Delantero
2026-08-03,Tete Morente,Elche,-68.487 | -139.430 | -209.915 | -518.833 | -1.185.231 | -2.900.926,"-2,56% | -5,07% | -7,45% | -16,59% | -31,25% | -52,66%",,28ddías,2.608.071,2.676.558 | 2.747.501 | 2.817.986 | 3.126.904 | 3.793.302 | 5.508.997,Delantero
2026-08-03,Fidalgo,Betis,-57.390 | -112.793 | -160.333 | -385.196 | -849.446 | -1.775.342,"-1,74% | -3,37% | -4,73% | -10,65% | -20,81% | -35,45%",,25ddías,3.232.837,3.290.227 | 3.345.630 | 3.393.170 | 3.618.033 | 4.082.283 | 5.008.179,Mediocampista
2026-08-03,Freeman,Villarreal,-54.378 | -112.209 | -161.597 | -377.833 | -870.383 | -2.006.514,"-1,78% | -3,60% | -5,11% | -11,18% | -22,48% | -40,06%",,28ddías,3.001.665,3.056.043 | 3.113.874 | 3.163.262 | 3.379.498 | 3.872.048 | 5.008.179,Defensa
2026-08-03,Cepeda,Elche,-24.949 | -44.152 | -70.068 | -169.746 | -432.796 | -1.161.282,"-1,96% | -3,42% | -5,33% | -12,00% | -25,80% | -48,26%",,28ddías,1.245.005,1.269.954 | 1.289.157 | 1.315.073 | 1.414.751 | 1.677.801 | 2.406.287,Delantero
2026-08-03,Ángel Pérez,Alavés,-131.989 | -286.202 | -432.624 | -1.167.804 | -2.800.586 | -6.991.830,"-1,62% | -3,44% | -5,11% | -12,69% | -25,85% | -46,54%",,28ddías,8.032.709,8.164.698 | 8.318.911 | 8.465.333 | 9.200.513 | 10.833.295 | 15.024.539,Delantero
2026-08-03,Puric,Atlético,-4.375 | -8.644 | -14.043 | -36.217 | -77.738 | -228.485,"-0,92% | -1,80% | -2,89% | -7,12% | -14,12% | -32,59%",,28ddías,472.659,477.034 | 481.303 | 486.702 | 508.876 | 550.397 | 701.144,Defensa
2026-08-03,Boñar,Atlético,-4.993 | -9.906 | -15.975 | -37.936 | -84.929 | -213.659,"-1,01% | -1,99% | -3,17% | -7,22% | -14,84% | -30,47%",,22ddías,487.485,492.478 | 497.391 | 503.460 | 525.421 | 572.414 | 701.144,Defensa
2026-08-03,Bardghji,Barcelona,-114.883 | -242.311 | -395.714 | -560.822 | -560.822 | -550.108,"-2,63% | -5,38% | -8,50% | -11,64% | -11,64% | -11,44%",,4ddías,4.257.743,4.372.626 | 4.500.054 | 4.653.457 | 4.818.565 | 4.818.565 | 4.807.851,Delantero
2026-08-03,Vecino,Celta,-78.242 | -156.016 | -240.582 | -613.015 | -1.366.904 | -3.216.787,"-2,72% | -5,29% | -7,93% | -18,00% | -32,86% | -53,53%",,28ddías,2.793.028,2.871.270 | 2.949.044 | 3.033.610 | 3.406.043 | 4.159.932 | 6.009.815,Mediocampista
2026-08-03,Laporte,Athletic,+1.230.129 | +2.791.353 | +4.532.910 | +11.583.715 | +25.378.502 | +50.011.894,"+2,27% | +5,29% | +8,89% | +26,36% | +84,19% | 0%",,19ddías,55.523.222,54.293.093 | 52.731.869 | 50.990.312 | 43.939.507 | 30.144.720 | 0,Defensa
2026-08-03,Alemão,Rayo,-77.615 | -153.913 | -232.389 | -515.102 | -1.180.965 | -2.635.758,"-1,74% | -3,40% | -5,04% | -10,53% | -21,25% | -37,59%",,28ddías,4.375.693,4.453.308 | 4.529.606 | 4.608.082 | 4.890.795 | 5.556.658 | 7.011.451,Delantero
2026-08-03,Diangana,Elche,-28.930 | -56.568 | -89.470 | -203.443 | -503.429 | -1.356.828,"-1,83% | -3,53% | -5,46% | -11,62% | -24,54% | -46,71%",,28ddías,1.547.915,1.576.845 | 1.604.483 | 1.637.385 | 1.751.358 | 2.051.344 | 2.904.743,Delantero
2026-08-03,Mikautadze,Villarreal,+379.829 | +600.380 | +810.283 | +1.490.780 | +3.041.758 | +4.973.352,"+0,72% | +1,14% | +1,55% | +2,89% | +6,08% | +10,33%",,21ddías,53.099.101,52.719.272 | 52.498.721 | 52.288.818 | 51.608.321 | 50.057.343 | 48.125.749,Delantero
2026-08-03,Cardoso,Sevilla,-31.534 | -61.075 | -91.548 | -230.454 | -525.400 | -1.269.891,"-2,71% | -5,11% | -7,47% | -16,89% | -31,66% | -52,83%",,28ddías,1.134.034,1.165.568 | 1.195.109 | 1.225.582 | 1.364.488 | 1.659.434 | 2.403.925,Defensa
2026-08-03,Carlos Soler,Real Sociedad,-150.994 | -369.903 | -635.802 | -1.808.927 | -4.338.619 | -7.962.289,"-0,47% | -1,14% | -1,94% | -5,33% | -11,91% | -19,87%",,28ddías,32.103.150,32.254.144 | 32.473.053 | 32.738.952 | 33.912.077 | 36.441.769 | 40.065.439,Mediocampista
2026-08-03,Sancris,Getafe,-18.835 | -38.166 | -58.940 | -150.631 | -344.777 | -883.102,"-2,25% | -4,45% | -6,71% | -15,52% | -29,61% | -51,86%",,28ddías,819.678,838.513 | 857.844 | 878.618 | 970.309 | 1.164.455 | 1.702.780,Delantero
2026-08-03,Oluwaseyi,Villarreal,-81.408 | -158.883 | -241.065 | -603.021 | -1.382.792 | -2.953.003,"-2,24% | -4,28% | -6,35% | -14,49% | -27,99% | -45,36%",,28ddías,3.557.630,3.639.038 | 3.716.513 | 3.798.695 | 4.160.651 | 4.940.422 | 6.510.633,Delantero
2026-08-03,Vargas,Atlético,-25.469 | -50.543 | -75.532 | -197.385 | -449.206 | -1.026.754,"-2,31% | -4,48% | -6,56% | -15,49% | -29,44% | -48,81%",,28ddías,1.076.681,1.102.150 | 1.127.224 | 1.152.213 | 1.274.066 | 1.525.887 | 2.103.435,Mediocampista
2026-08-03,Puerto,Deportivo,-215 | -151 | -1.036 | -3.193 | -767 | -27.834,"-0,06% | -0,04% | -0,28% | -0,85% | -0,21% | -6,95%",,1ddías,372.820,373.035 | 372.971 | 373.856 | 376.013 | 373.587 | 400.654,Portero
2026-08-03,Merino,Málaga,-47.108 | -143.780 | -227.763 | -592.640 | -1.441.448 | -2.850.145,"-0,65% | -1,97% | -3,08% | -7,64% | -16,75% | -28,45%",,24ddías,7.166.214,7.213.322 | 7.309.994 | 7.393.977 | 7.758.854 | 8.607.662 | 10.016.359,Mediocampista
2026-08-03,Mario,Deportivo,+497.785 | +896.020 | +1.188.690 | +2.517.323 | +4.228.964 | +6.730.043,"+2,34% | +4,30% | +5,78% | +13,09% | +24,13% | +44,79%",,27ddías,21.754.582,21.256.797 | 20.858.562 | 20.565.892 | 19.237.259 | 17.525.618 | 15.024.539,Mediocampista
2026-08-03,Dani Sánchez,Málaga,-22.589 | -44.389 | -66.409 | -165.280 | -375.254 | -966.558,"-2,30% | -4,42% | -6,47% | -14,69% | -28,11% | -50,18%",,28ddías,959.721,982.310 | 1.004.110 | 1.026.130 | 1.125.001 | 1.334.975 | 1.926.279,Defensa
2026-08-03,Murillo,Málaga,-89.269 | -179.990 | -273.476 | -679.706 | -1.482.173 | -3.021.156,"-2,90% | -5,68% | -8,38% | -18,53% | -33,15% | -50,27%",,28ddías,2.988.659,3.077.928 | 3.168.649 | 3.262.135 | 3.668.365 | 4.470.832 | 6.009.815,Defensa
2026-08-03,Puga,Málaga,-78.660 | -172.321 | -268.996 | -758.198 | -1.432.854 | -2.972.886,"-1,29% | -2,77% | -4,26% | -11,15% | -19,17% | -32,98%",,23ddías,6.041.837,6.120.497 | 6.214.158 | 6.310.833 | 6.800.035 | 7.474.691 | 9.014.723,Defensa
2026-08-03,Carlos López,Málaga,-1.901 | -3.593 | -6.060 | -6.862 | -19.032 | -87.538,"-0,46% | -0,86% | -1,45% | -1,63% | -4,40% | -17,48%",,3ddías,413.279,415.180 | 416.872 | 419.339 | 420.141 | 432.311 | 500.817,Portero
2026-08-03,Herrero,Málaga,+49.617 | +41.729 | +67.399 | +642.910 | +926.065 | +1.183.552,"+0,69% | +0,58% | +0,95% | +9,81% | +14,78% | +19,69%",,1ddías,7.193.367,7.143.750 | 7.151.638 | 7.125.968 | 6.550.457 | 6.267.302 | 6.009.815,Portero
2026-08-03,Eddahchouri,Deportivo,-51.337 | -100.328 | -151.681 | -344.379 | -706.320 | -1.659.518,"-2,14% | -4,10% | -6,07% | -12,80% | -23,13% | -41,42%",,28ddías,2.347.025,2.398.362 | 2.447.353 | 2.498.706 | 2.691.404 | 3.053.345 | 4.006.543,Delantero
2026-08-03,Luismi,Deportivo,-118.904 | -237.945 | -364.731 | -931.139 | -1.943.417 | -2.550.776,"-1,81% | -3,55% | -5,34% | -12,59% | -23,12% | -28,30%",,23ddías,6.463.947,6.582.851 | 6.701.892 | 6.828.678 | 7.395.086 | 8.407.364 | 9.014.723,Delantero
2026-08-03,Patino,Deportivo,-10.299 | -20.739 | -32.566 | -83.243 | -187.345 | -486.966,"-1,65% | -3,26% | -5,03% | -11,92% | -23,35% | -44,20%",,28ddías,614.833,625.132 | 635.572 | 647.399 | 698.076 | 802.178 | 1.101.799,Mediocampista
2026-08-03,Mella,Deportivo,-31.916 | -55.419 | -94.176 | -329.279 | -787.718 | -608.613,"-0,93% | -1,60% | -2,70% | -8,83% | -18,82% | -15,19%",,18ddías,3.397.930,3.429.846 | 3.453.349 | 3.492.106 | 3.727.209 | 4.185.648 | 4.006.543,Mediocampista
2026-08-03,Quagliata,Deportivo,+52.532 | +101.540 | +132.156 | +149.619 | -74.623 | -999.877,"+1,78% | +3,50% | +4,60% | +5,24% | -2,42% | -24,96%",,5ddías,3.006.666,2.954.134 | 2.905.126 | 2.874.510 | 2.857.047 | 3.081.289 | 4.006.543,Defensa
2026-08-03,Jurado,Deportivo,-40.927 | -82.297 | -123.894 | -302.034 | -683.933 | -1.607.132,"-2,84% | -5,56% | -8,14% | -17,77% | -32,85% | -53,48%",,28ddías,1.397.775,1.438.702 | 1.480.072 | 1.521.669 | 1.699.809 | 2.081.708 | 3.004.907,Mediocampista
2026-08-03,Villares,Deportivo,-73.017 | -150.235 | -232.493 | -583.234 | -1.302.973 | -2.807.415,"-2,23% | -4,48% | -6,77% | -15,41% | -28,92% | -46,71%",,28ddías,3.202.400,3.275.417 | 3.352.635 | 3.434.893 | 3.785.634 | 4.505.373 | 6.009.815,Mediocampista
2026-08-03,Riki,Deportivo,-33.383 | -64.024 | -108.265 | -156.167 | -156.167 | -152.974,"-2,41% | -4,53% | -7,43% | -10,37% | -10,37% | -10,18%",,4ddías,1.349.479,1.382.862 | 1.413.503 | 1.457.744 | 1.505.646 | 1.505.646 | 1.502.453,Mediocampista
2026-08-03,Pablo García,Deportivo,-4.931 | -9.779 | -15.781 | -22.877 | -64.398 | -215.145,"-1,00% | -1,97% | -3,15% | -4,50% | -11,70% | -30,68%",,6ddías,485.999,490.930 | 495.778 | 501.780 | 508.876 | 550.397 | 701.144,Defensa
2026-08-03,Ximo,Deportivo,-71.937 | -191.020 | -398.747 | -621.827 | -621.827 | -607.987,"-1,20% | -3,13% | -6,33% | -9,53% | -9,53% | -9,34%",,4ddías,5.902.646,5.974.583 | 6.093.666 | 6.301.393 | 6.524.473 | 6.524.473 | 6.510.633,Defensa
2026-08-03,Barcia,Deportivo,-37.333 | -72.771 | -108.372 | -269.385 | -585.022 | -1.319.092,"-2,17% | -4,14% | -6,04% | -13,78% | -25,76% | -43,90%",,28ddías,1.685.815,1.723.148 | 1.758.586 | 1.794.187 | 1.955.200 | 2.270.837 | 3.004.907,Defensa
2026-08-03,Comas,Deportivo,-23.771 | -48.296 | -74.454 | -183.949 | -424.478 | -1.048.123,"-2,43% | -4,81% | -7,23% | -16,15% | -30,77% | -52,32%",,28ddías,955.148,978.919 | 1.003.444 | 1.029.602 | 1.139.097 | 1.379.626 | 2.003.271,Defensa
2026-08-03,Noubi,Deportivo,+241.326 | +498.390 | +792.892 | +1.482.962 | +1.508.048 | +2.050.619,"+2,59% | +5,50% | +9,04% | +18,35% | +18,72% | +27,30%",,10ddías,9.562.888,9.321.562 | 9.064.498 | 8.769.996 | 8.079.926 | 8.054.840 | 7.512.269,Defensa
2026-08-03,Loureiro,Deportivo,-24.299 | -29.469 | -58.918 | -207.960 | -708.620 | -699.038,"-0,63% | -0,77% | -1,52% | -5,18% | -15,69% | -15,51%",,13ddías,3.808.323,3.832.622 | 3.837.792 | 3.867.241 | 4.016.283 | 4.516.943 | 4.507.361,Defensa
2026-08-03,Rosier,Osasuna,-248.348 | -498.128 | -763.492 | -1.815.394 | -2.738.374 | -2.819.277,"-2,94% | -5,73% | -8,52% | -18,13% | -25,04% | -25,59%",,23ddías,8.198.718,8.447.066 | 8.696.846 | 8.962.210 | 10.014.112 | 10.937.092 | 11.017.995,Defensa
2026-08-03,Enríquez,Málaga,-23.686 | -46.451 | -70.756 | -174.633 | -379.426 | -968.429,"-2,24% | -4,30% | -6,40% | -14,44% | -26,83% | -48,34%",,28ddías,1.034.842,1.058.528 | 1.081.293 | 1.105.598 | 1.209.475 | 1.414.268 | 2.003.271,Mediocampista
2026-08-03,Serrano,Athletic,-36.620 | -74.477 | -114.005 | -274.703 | -614.178 | -1.558.059,"-2,85% | -5,64% | -8,38% | -18,06% | -33,01% | -55,55%",,29ddías,1.246.520,1.283.140 | 1.320.997 | 1.360.525 | 1.521.223 | 1.860.698 | 2.804.579,Delantero
2026-08-03,Iván Villar,Celta,-26.624 | -52.852 | -79.034 | -198.698 | -497.530 | -1.256.640,"-2,09% | -4,06% | -5,96% | -13,74% | -28,51% | -50,18%",,28ddías,1.247.449,1.274.073 | 1.300.301 | 1.326.483 | 1.446.147 | 1.744.979 | 2.504.089,Portero
2026-08-03,Boyé,Alavés,-33.843 | -159.418 | -302.984 | -1.051.699 | -2.827.329 | -5.235.080,"-0,23% | -1,07% | -2,01% | -6,64% | -16,04% | -26,13%",,24ddías,14.797.639,14.831.482 | 14.957.057 | 15.100.623 | 15.849.338 | 17.624.968 | 20.032.719,Delantero
2026-08-03,Eric Garcia,Barcelona,-866.724 | -2.135.143 | -4.018.542 | -6.057.160 | -6.057.160 | -5.925.451,"-1,60% | -3,86% | -7,03% | -10,23% | -10,23% | -10,03%",,4ddías,53.171.072,54.037.796 | 55.306.215 | 57.189.614 | 59.228.232 | 59.228.232 | 59.096.523,Defensa
2026-08-03,Herrera,Real Sociedad,-59.998 | -131.655 | -190.708 | -496.071 | -1.156.682 | -2.473.192,"-1,67% | -3,59% | -5,12% | -12,30% | -24,65% | -41,15%",,25ddías,3.536.623,3.596.621 | 3.668.278 | 3.727.331 | 4.032.694 | 4.693.305 | 6.009.815,Mediocampista
2026-08-03,Mayoral,Getafe,-33.123 | -67.020 | -102.895 | -281.378 | -636.230 | -1.475.333,"-1,01% | -2,03% | -3,09% | -8,01% | -16,45% | -31,34%",,28ddías,3.232.355,3.265.478 | 3.299.375 | 3.335.250 | 3.513.733 | 3.868.585 | 4.707.688,Delantero
2026-08-03,Carmona,Sevilla,-41.111 | -92.872 | -160.940 | -402.258 | -914.646 | -1.241.703,"-0,85% | -1,91% | -3,27% | -7,78% | -16,10% | -20,66%",,23ddías,4.768.112,4.809.223 | 4.860.984 | 4.929.052 | 5.170.370 | 5.682.758 | 6.009.815,Defensa
2026-08-03,Aleñá,Alavés,-54.871 | -109.024 | -166.266 | -474.523 | -1.108.579 | -2.635.097,"-1,24% | -2,43% | -3,66% | -9,78% | -20,21% | -37,58%",,28ddías,4.376.354,4.431.225 | 4.485.378 | 4.542.620 | 4.850.877 | 5.484.933 | 7.011.451,Mediocampista
2026-08-03,Domínguez,Celta,-14.680 | -32.752 | -52.529 | -138.461 | -319.966 | -808.989,"-1,82% | -3,96% | -6,21% | -14,85% | -28,73% | -50,48%",,28ddías,793.627,808.307 | 826.379 | 846.156 | 932.088 | 1.113.593 | 1.602.616,Defensa
2026-08-03,Swedberg,Celta,-88.011 | -134.492 | -258.548 | -777.362 | -2.056.422 | -3.512.565,"-0,97% | -1,47% | -2,79% | -7,94% | -18,59% | -28,05%",,25ddías,9.007.884,9.095.895 | 9.142.376 | 9.266.432 | 9.785.246 | 11.064.306 | 12.520.449,Mediocampista
2026-08-03,Aspas,Celta,-134.689 | -254.597 | -394.021 | -918.574 | -2.036.429 | -2.164.865,"-1,55% | -2,89% | -4,40% | -9,70% | -19,23% | -20,20%",,22ddías,8.552.639,8.687.328 | 8.807.236 | 8.946.660 | 9.471.213 | 10.589.068 | 10.717.504,Delantero
2026-08-03,S. Cardona,Villarreal,-40.005 | -76.572 | -99.145 | -262.641 | -545.259 | -564.790,"-0,79% | -1,50% | -1,93% | -4,95% | -9,75% | -10,07%",,21ddías,5.044.370,5.084.375 | 5.120.942 | 5.143.515 | 5.307.011 | 5.589.629 | 5.609.160,Defensa
2026-08-03,Carles Pérez,Celta,-50.523 | -100.694 | -152.251 | +78.249 | +78.249 | +78.249,"-2,88% | -5,58% | -8,21% | 0% | 0% | 0%",,5ddías,1.702.315,1.752.838 | 1.803.009 | 1.854.566 | 0 | 0 | 0,Delantero
2026-08-03,U. Núñez,Celta,-99.611 | -195.586 | -295.040 | -759.517 | -927.577 | -916.642,"-2,38% | -4,56% | -6,73% | -15,66% | -18,48% | -18,30%",,8ddías,4.091.537,4.191.148 | 4.287.123 | 4.386.577 | 4.851.054 | 5.019.114 | 5.008.179,Defensa
2026-08-03,Starfelt,Celta,+306.718 | +489.083 | +733.136 | +766.242 | +397.788 | +1.036.825,"+2,85% | +4,63% | +7,10% | +7,45% | +3,73% | +10,35%",,5ddías,11.053.184,10.746.466 | 10.564.101 | 10.320.048 | 10.286.942 | 10.655.396 | 10.016.359,Defensa
2026-08-03,Navarro,Athletic,-24.026 | -50.694 | -74.267 | -193.043 | -458.561 | -1.153.399,"-1,10% | -2,30% | -3,34% | -8,23% | -17,57% | -34,89%",,28ddías,2.151.999,2.176.025 | 2.202.693 | 2.226.266 | 2.345.042 | 2.610.560 | 3.305.398,Mediocampista
2026-08-03,Ruibal,Betis,-106.747 | -213.108 | -325.223 | -811.966 | -1.830.415 | -3.617.029,"-3,05% | -5,91% | -8,74% | -19,30% | -35,03% | -51,59%",,28ddías,3.394.422,3.501.169 | 3.607.530 | 3.719.645 | 4.206.388 | 5.224.837 | 7.011.451,Delantero
2026-08-03,Isco,Betis,-1.111.336 | -2.689.514 | -4.556.220 | -12.962.583 | +52.543.676 | +52.543.676,"-1,72% | -4,07% | -6,70% | -16,97% | 0% | 0%",,12ddías,63.436.187,64.547.523 | 66.125.701 | 67.992.407 | 76.398.770 | 0 | 0,Mediocampista
2026-08-03,Marc Roca,Betis,+31.725 | +39.121 | +25.643 | -22.095 | -387.499 | -1.526.018,"+0,69% | +0,85% | +0,56% | -0,47% | -7,72% | -24,77%",,2ddías,4.634.077,4.602.352 | 4.594.956 | 4.608.434 | 4.656.172 | 5.021.576 | 6.160.095,Mediocampista
2026-08-03,Bartra,Betis,+335.289 | +695.543 | +1.028.615 | +2.061.884 | +4.258.644 | +5.257.747,"+1,34% | +2,83% | +4,24% | +8,88% | +20,25% | +26,25%",,22ddías,25.290.466,24.955.177 | 24.594.923 | 24.261.851 | 23.228.582 | 21.031.822 | 20.032.719,Defensa
2026-08-03,Miguel Ángel RubioMiguel Rubio,Espanyol,-14.281 | -28.869 | -45.017 | -114.854 | -261.023 | -691.889,"-1,97% | -3,91% | -5,96% | -13,92% | -26,87% | -49,34%",,28ddías,710.401,724.682 | 739.270 | 755.418 | 825.255 | 971.424 | 1.402.290,Defensa
2026-08-03,Javi Muñoz,Getafe,-17.971 | -36.402 | -56.553 | -144.145 | -326.434 | -803.659,"-2,20% | -4,36% | -6,61% | -15,28% | -29,01% | -50,15%",,28ddías,798.957,816.928 | 835.359 | 855.510 | 943.102 | 1.125.391 | 1.602.616,Mediocampista
2026-08-03,Iglesias,Celta,-160.262 | -152.326 | -51.273 | +1.368.991 | +6.199.493 | +13.914.232,"-0,49% | -0,47% | -0,16% | +4,42% | +23,74% | 0%",,1ddías,32.310.781,32.471.043 | 32.463.107 | 32.362.054 | 30.941.790 | 26.111.288 | 0,Delantero
2026-08-03,Budimir,Osasuna,-349.429 | -757.047 | -1.280.153 | -4.307.006 | -11.778.173 | +9.497.029,"-0,72% | -1,55% | -2,59% | -8,20% | -19,63% | 0%",,14ddías,48.221.827,48.571.256 | 48.978.874 | 49.501.980 | 52.528.833 | 60.000.000 | 0,Delantero
2026-08-03,Nteka,Rayo,-35.219 | -71.678 | -109.377 | -272.919 | -615.952 | -1.410.707,"-2,16% | -4,30% | -6,42% | -14,62% | -27,87% | -46,95%",,28ddías,1.594.200,1.629.419 | 1.665.878 | 1.703.577 | 1.867.119 | 2.210.152 | 3.004.907,Delantero
2026-08-03,Isi,Rayo,-467.953 | -889.476 | -1.360.762 | -3.294.175 | -1.887.353 | +3.466.688,"-2,47% | -4,59% | -6,85% | -15,12% | -9,26% | +23,07%",,9ddías,18.491.227,18.959.180 | 19.380.703 | 19.851.989 | 21.785.402 | 20.378.580 | 15.024.539,Delantero
2026-08-03,Pep Chavarría,Rayo,+295.941 | +690.522 | +1.111.318 | +2.275.909 | +4.855.792 | +7.627.172,"+1,53% | +3,64% | +6,00% | +13,10% | +32,83% | +63,46%",,27ddías,19.646.803,19.350.862 | 18.956.281 | 18.535.485 | 17.370.894 | 14.791.011 | 12.019.631,Defensa
2026-08-03,Ratiu,Rayo,-457.930 | -875.017 | -1.525.241 | -4.782.432 | -11.836.354 | -21.220.331,"-1,19% | -2,24% | -3,84% | -11,14% | -23,67% | 0%",,14ddías,38.163.646,38.621.576 | 39.038.663 | 39.688.887 | 42.946.078 | 50.000.000 | 0,Defensa
2026-08-03,Iker Muñoz,Osasuna,-31.225 | -66.884 | -102.188 | -277.025 | -664.407 | -1.619.230,"-1,93% | -4,05% | -6,05% | -14,87% | -29,52% | -50,52%",,28ddías,1.586.004,1.617.229 | 1.652.888 | 1.688.192 | 1.863.029 | 2.250.411 | 3.205.234,Mediocampista
2026-08-03,Herrando,Osasuna,-52.818 | -107.105 | -158.676 | -406.802 | -947.023 | -2.330.824,"-2,37% | -4,69% | -6,79% | -15,75% | -30,32% | -51,71%",,28ddías,2.176.537,2.229.355 | 2.283.642 | 2.335.213 | 2.583.339 | 3.123.560 | 4.507.361,Defensa
2026-08-03,Catena,Osasuna,-670.275 | -1.233.521 | -1.670.638 | -1.387.204 | +3.099.418 | +8.878.363,"-1,69% | -3,07% | -4,12% | -3,44% | +8,65% | +29,55%",,4ddías,38.927.442,39.597.717 | 40.160.963 | 40.598.080 | 40.314.646 | 35.828.024 | 30.049.079,Defensa
2026-08-03,Ibáñez,Alavés,-31.277 | -69.127 | -119.804 | -366.094 | -987.629 | -2.580.100,"-0,90% | -1,98% | -3,38% | -9,64% | -22,36% | -42,93%",,28ddías,3.429.715,3.460.992 | 3.498.842 | 3.549.519 | 3.795.809 | 4.417.344 | 6.009.815,Mediocampista
2026-08-03,Moi Gómez,Osasuna,-59.610 | -117.172 | -178.049 | -428.538 | -962.048 | -2.282.272,"-2,30% | -4,43% | -6,57% | -14,48% | -27,55% | -47,42%",,28ddías,2.530.302,2.589.912 | 2.647.474 | 2.708.351 | 2.958.840 | 3.492.350 | 4.812.574,Mediocampista
2026-08-03,Moleiro,Villarreal,-142.321 | -450.692 | -803.944 | -3.775.726 | -39.089.411 | -39.089.411,"-0,25% | -0,78% | -1,39% | -6,22% | 0% | 0%",,13ddías,56.971.057,57.113.378 | 57.421.749 | 57.775.001 | 60.746.783 | 0 | 0,Mediocampista
2026-08-03,Rubén GarcíaRubén G.,Osasuna,-124.554 | -234.934 | -394.034 | -1.051.913 | -2.134.215 | -4.343.422,"-0,90% | -1,69% | -2,80% | -7,14% | -13,49% | -24,09%",,25ddías,13.686.025,13.810.579 | 13.920.959 | 14.080.059 | 14.737.938 | 15.820.240 | 18.029.447,Mediocampista
2026-08-03,Aitor,Osasuna,-8.817 | -17.713 | -27.932 | -71.480 | -159.926 | -422.368,"-1,50% | -2,97% | -4,60% | -10,98% | -21,64% | -42,17%",,28ddías,579.268,588.085 | 596.981 | 607.200 | 650.748 | 739.194 | 1.001.636,Portero
2026-08-03,Areso,Athletic,+1.098 | -9.450 | -29.534 | -174.059 | -502.572 | -1.332.935,"+0,05% | -0,40% | -1,23% | -6,83% | -17,48% | -35,97%",,1ddías,2.373.117,2.372.019 | 2.382.567 | 2.402.651 | 2.547.176 | 2.875.689 | 3.706.052,Defensa
2026-08-03,Oroz,Osasuna,-44.441 | -130.881 | -417.327 | -1.875.568 | -3.089.548 | -4.920.865,"-0,29% | -0,86% | -2,69% | -11,04% | -16,97% | -24,56%",,25ddías,15.111.854,15.156.295 | 15.242.735 | 15.529.181 | 16.987.422 | 18.201.402 | 20.032.719,Mediocampista
2026-08-03,Moncayola,Osasuna,+116.260 | +194.229 | +250.823 | +230.151 | +35.704 | -244.723,"+2,06% | +3,49% | +4,55% | +4,16% | +0,62% | -4,07%",,3ddías,5.765.092,5.648.832 | 5.570.863 | 5.514.269 | 5.534.941 | 5.729.388 | 6.009.815,Mediocampista
2026-08-03,Torró,Osasuna,-38.006 | -69.507 | -107.415 | -271.548 | -624.820 | -1.442.914,"-1,36% | -2,45% | -3,74% | -8,95% | -18,44% | -34,30%",,24ddías,2.763.956,2.801.962 | 2.833.463 | 2.871.371 | 3.035.504 | 3.388.776 | 4.206.870,Mediocampista
2026-08-03,Herrera,Osasuna,+920.655 | +1.899.928 | +2.899.987 | +6.329.056 | +10.665.352 | +17.359.726,"+2,84% | +6,03% | +9,51% | +23,39% | +46,94% | +108,32%",,26ddías,33.385.901,32.465.246 | 31.485.973 | 30.485.914 | 27.056.845 | 22.720.549 | 16.026.175,Portero
2026-08-03,Copete,Valencia,-93.122 | -189.793 | -290.387 | -720.179 | -1.595.246 | -3.153.619,"-3,16% | -6,23% | -9,23% | -20,14% | -35,84% | -52,47%",,28ddías,2.856.196,2.949.318 | 3.045.989 | 3.146.583 | 3.576.375 | 4.451.442 | 6.009.815,Defensa
2026-08-03,Valles,Betis,+974.912 | +1.859.432 | +2.846.781 | +5.571.452 | +8.702.968 | +13.003.250,"+4,42% | +8,79% | +14,11% | +31,93% | +60,79% | +129,82%",,27ddías,23.019.609,22.044.697 | 21.160.177 | 20.172.828 | 17.448.157 | 14.316.641 | 10.016.359,Portero
2026-08-03,Ayoze,Villarreal,-84.215 | -162.301 | -288.908 | -920.722 | -1.883.535 | -3.401.945,"-0,50% | -0,97% | -1,71% | -5,25% | -10,17% | -16,98%",,28ddías,16.630.774,16.714.989 | 16.793.075 | 16.919.682 | 17.551.496 | 18.514.309 | 20.032.719,Delantero
2026-08-03,Abde,Betis,-1.685.745 | -3.355.057 | -5.154.260 | -13.488.212 | -70.481.307 | -70.481.307,"-2,67% | -5,18% | -7,74% | -18,01% | 0% | 0%",,12ddías,61.400.810,63.086.555 | 64.755.867 | 66.555.070 | 74.889.022 | 0 | 0,Delantero
2026-08-03,Unai López,Rayo,-23.653 | -52.420 | -92.697 | -143.948 | -171.697 | -1.025.159,"-0,39% | -0,87% | -1,52% | -2,35% | -2,79% | -14,62%",,4ddías,5.986.292,6.009.945 | 6.038.712 | 6.078.989 | 6.130.240 | 6.157.989 | 7.011.451,Mediocampista
2026-08-03,Unai Simón,Athletic,+1.513.917 | +3.223.510 | +4.605.951 | +11.116.777 | +22.578.114 | +35.834.015,"+2,79% | +6,12% | +8,99% | +24,84% | +67,83% | +178,88%",,26ddías,55.866.734,54.352.817 | 52.643.224 | 51.260.783 | 44.749.957 | 33.288.620 | 20.032.719,Portero
2026-08-03,Guruzeta,Athletic,+84.275 | +94.428 | +86.446 | -106.080 | -678.658 | -1.347.211,"+0,72% | +0,81% | +0,74% | -0,89% | -5,45% | -10,27%",,2ddías,11.774.220,11.689.945 | 11.679.792 | 11.687.774 | 11.880.300 | 12.452.878 | 13.121.431,Delantero
2026-08-03,N. Williams,Athletic,+624.083 | +1.380.026 | +2.220.680 | +7.398.461 | +10.375.960 | +33.622.245,"+0,83% | +1,87% | +3,04% | +10,88% | +15,96% | 0%",,12ddías,75.375.960,74.751.877 | 73.995.934 | 73.155.280 | 67.977.499 | 65.000.000 | 0,Delantero
2026-08-03,I. Williams,Athletic,+345.978 | +666.331 | +1.084.477 | +3.062.605 | +5.845.189 | +7.878.327,"+1,18% | +2,29% | +3,79% | +11,49% | +24,49% | +36,08%",,26ddías,29.713.991,29.368.013 | 29.047.660 | 28.629.514 | 26.651.386 | 23.868.802 | 21.835.664,Delantero
2026-08-03,Sancet,Athletic,+948.552 | +1.917.161 | +2.949.166 | +7.310.300 | +13.928.597 | +20.680.657,"+2,01% | +4,14% | +6,51% | +17,87% | +40,61% | +75,08%",,26ddías,48.225.646,47.277.094 | 46.308.485 | 45.276.480 | 40.915.346 | 34.297.049 | 27.544.989,Mediocampista
2026-08-03,Berenguer,Athletic,-113.617 | -240.962 | -361.416 | -891.167 | -1.614.852 | +893.353,"-1,10% | -2,31% | -3,42% | -8,03% | -13,66% | +9,59%",,19ddías,10.208.567,10.322.184 | 10.449.529 | 10.569.983 | 11.099.734 | 11.823.419 | 9.315.214,Delantero
2026-08-03,Yeray,Athletic,-7.003 | -23.473 | -38.773 | -316.371 | -948.163 | -937.728,"-0,18% | -0,59% | -0,97% | -7,38% | -19,27% | -19,10%",,13ddías,3.971.098,3.978.101 | 3.994.571 | 4.009.871 | 4.287.469 | 4.919.261 | 4.908.826,Defensa
2026-08-03,Paredes,Athletic,+345 | -6.863 | -12.280 | -279.683 | -909.655 | -2.005.878,"+0,01% | -0,16% | -0,29% | -6,24% | -17,79% | -32,30%",,1ddías,4.204.264,4.203.919 | 4.211.127 | 4.216.544 | 4.483.947 | 5.113.919 | 6.210.142,Defensa
2026-08-03,Vivian,Athletic,-431.862 | -862.593 | -1.299.288 | -3.104.524 | -6.849.749 | -4.672.688,"-2,73% | -5,32% | -7,80% | -16,81% | -30,84% | -23,33%",,17ddías,15.360.031,15.791.893 | 16.222.624 | 16.659.319 | 18.464.555 | 22.209.780 | 20.032.719,Defensa
2026-08-03,Pubill,Atlético,+506.554 | +1.336.919 | +2.323.808 | +7.650.117 | +17.913.236 | +33.576.771,"+0,69% | +1,85% | +3,26% | +11,59% | +32,14% | +83,80%",,27ddías,73.642.210,73.135.656 | 72.305.291 | 71.318.402 | 65.992.093 | 55.728.974 | 40.065.439,Defensa
2026-08-03,R. de Galarreta,Athletic,+72.371 | +90.525 | +109.392 | -206.576 | -929.625 | +2.204.135,"+0,70% | +0,88% | +1,06% | -1,94% | -8,19% | +26,84%",,3ddías,10.417.549,10.345.178 | 10.327.024 | 10.308.157 | 10.624.125 | 11.347.174 | 8.213.414,Mediocampista
2026-08-03,Rebbach,Alavés,-88.712 | -180.047 | -275.249 | -655.497 | -1.655.287 | -3.250.374,"-1,83% | -3,64% | -5,46% | -12,10% | -25,79% | -40,56%",,26ddías,4.762.713,4.851.425 | 4.942.760 | 5.037.962 | 5.418.210 | 6.418.000 | 8.013.087,Delantero
2026-08-03,Kike García,Espanyol,-122.657 | -236.190 | -355.369 | -909.175 | -1.946.209 | -3.760.742,"-2,28% | -4,30% | -6,34% | -14,75% | -27,03% | -41,72%",,26ddías,5.253.981,5.376.638 | 5.490.171 | 5.609.350 | 6.163.156 | 7.200.190 | 9.014.723,Delantero
2026-08-03,Tenaglia,Alavés,-83.135 | -187.017 | -311.059 | -794.472 | -1.871.605 | -3.261.957,"-0,56% | -1,25% | -2,06% | -5,11% | -11,25% | -18,09%",,28ddías,14.767.490,14.850.625 | 14.954.507 | 15.078.549 | 15.561.962 | 16.639.095 | 18.029.447,Defensa
2026-08-03,Rioja,Valencia,-204.290 | -387.712 | -610.094 | -1.655.244 | -3.737.797 | -7.014.762,"-1,12% | -2,11% | -3,27% | -8,41% | -17,17% | -28,01%",,28ddías,18.026.137,18.230.427 | 18.413.849 | 18.636.231 | 19.681.381 | 21.763.934 | 25.040.899,Mediocampista
2026-08-03,Blanco,Alavés,-179.570 | -350.353 | -510.787 | -1.473.274 | -3.433.855 | +14.395.780,"-1,09% | -2,11% | -3,05% | -8,32% | -17,46% | 0%",,20ddías,16.228.899,16.408.469 | 16.579.252 | 16.739.686 | 17.702.173 | 19.662.754 | 0,Mediocampista
2026-08-03,Guevara,Alavés,-37.331 | -73.700 | -108.685 | -277.587 | -632.199 | -1.547.624,"-2,50% | -4,81% | -6,94% | -16,00% | -30,26% | -51,50%",,28ddías,1.457.283,1.494.614 | 1.530.983 | 1.565.968 | 1.734.870 | 2.089.482 | 3.004.907,Mediocampista
2026-08-03,Abqar,Getafe,+140.472 | +262.260 | +340.953 | +449.368 | +29.086 | -751.877,"+2,74% | +5,25% | +6,93% | +9,35% | +0,56% | -12,51%",,7ddías,5.257.938,5.117.466 | 4.995.678 | 4.916.985 | 4.808.570 | 5.228.852 | 6.009.815,Defensa
2026-08-03,Gorosabel,Athletic,-95.999 | -194.110 | -294.577 | -704.062 | -1.427.828 | -3.214.557,"-2,92% | -5,73% | -8,44% | -18,05% | -30,88% | -50,15%",,28ddías,3.195.912,3.291.911 | 3.390.022 | 3.490.489 | 3.899.974 | 4.623.740 | 6.410.469,Defensa
2026-08-03,Raba,Valencia,-53.444 | -110.182 | -166.981 | -410.575 | -892.015 | -2.187.503,"-2,43% | -4,89% | -7,23% | -16,07% | -29,38% | -50,50%",,28ddías,2.143.814,2.197.258 | 2.253.996 | 2.310.795 | 2.554.389 | 3.035.829 | 4.331.317,Delantero
2026-08-03,Yuri,Athletic,-221.048 | -423.284 | -631.695 | -1.564.897 | -3.830.656 | -3.792.328,"-1,53% | -2,89% | -4,25% | -9,90% | -21,20% | -21,03%",,13ddías,14.237.119,14.458.167 | 14.660.403 | 14.868.814 | 15.802.016 | 18.067.775 | 18.029.447,Defensa
2026-08-03,Bellerín,Betis,+289.267 | +525.025 | +699.518 | +811.368 | +332.965 | +932.773,"+2,71% | +5,04% | +6,82% | +8,00% | +3,14% | +9,31%",,5ddías,10.949.132,10.659.865 | 10.424.107 | 10.249.614 | 10.137.764 | 10.616.167 | 10.016.359,Defensa
2026-08-03,Ferran,Barcelona,+1.624.819 | +3.338.437 | +5.369.321 | +11.938.891 | +17.786.042 | +10.431.340,"+2,36% | +4,97% | +8,24% | +20,38% | +33,72% | +17,36%",,12ddías,70.529.499,68.904.680 | 67.191.062 | 65.160.178 | 58.590.608 | 52.743.457 | 60.098.159,Delantero
2026-08-03,Fermín,Barcelona,-700.131 | -1.222.931 | -1.820.130 | -6.065.122 | -17.564.504 | -31.977.358,"-1,10% | -1,90% | -2,80% | -8,76% | -21,75% | -33,61%",,28ddías,63.178.061,63.878.192 | 64.400.992 | 64.998.191 | 69.243.183 | 80.742.565 | 95.155.419,Mediocampista
2026-08-03,Cubarsí,Barcelona,-1.703.821 | -3.042.724 | -4.271.736 | -3.496.508 | +9.825.443 | +34.207.083,"-1,77% | -3,13% | -4,33% | -3,58% | +11,63% | +56,92%",,4ddías,94.305.242,96.009.063 | 97.347.966 | 98.576.978 | 97.801.750 | 84.479.799 | 60.098.159,Defensa
2026-08-03,Casadó,Barcelona,-26.644 | -39.820 | -56.075 | -156.075 | -351.779 | -940.694,"-1,29% | -1,91% | -2,67% | -7,10% | -14,69% | -31,53%",,28ddías,2.043.102,2.069.746 | 2.082.922 | 2.099.177 | 2.199.177 | 2.394.881 | 2.983.796,Mediocampista
2026-08-03,Yamal,Barcelona,-374.056 | -839.718 | -1.922.497 | -8.944.025 | +58.853.225 | +58.853.225,"-0,29% | -0,65% | -1,47% | -6,48% | 0% | 0%",,10ddías,129.149.408,129.523.464 | 129.989.126 | 131.071.905 | 138.093.433 | 0 | 0,Delantero
2026-08-03,Koundé,Barcelona,-841.493 | -1.608.865 | -2.110.348 | -1.543.374 | +3.244.532 | +15.578.193,"-1,63% | -3,08% | -4,00% | -2,96% | +6,85% | +44,44%",,4ddías,50.635.452,51.476.945 | 52.244.317 | 52.745.800 | 52.178.826 | 47.390.920 | 35.057.259,Defensa
2026-08-03,F. de Jong,Barcelona,-1.070.848 | -2.223.396 | -3.645.247 | -5.185.543 | -5.185.543 | -5.086.204,"-2,64% | -5,33% | -8,45% | -11,61% | -11,61% | -11,41%",,4ddías,39.486.597,40.557.445 | 41.709.993 | 43.131.844 | 44.672.140 | 44.672.140 | 44.572.801,Mediocampista
2026-08-03,Raphinha,Barcelona,-524.200 | -1.098.200 | -1.822.791 | -7.387.694 | -19.830.728 | -29.429.562,"-0,73% | -1,51% | -2,48% | -9,36% | -21,70% | -29,15%",,20ddías,71.535.346,72.059.546 | 72.633.546 | 73.358.137 | 78.923.040 | 91.366.074 | 100.964.908,Delantero
2026-08-03,Pedri,Barcelona,-838.967 | -1.780.778 | -2.743.497 | -7.569.856 | -82.399.492 | -82.399.492,"-0,87% | -1,82% | -2,77% | -7,30% | 0% | 0%",,11ddías,96.138.100,96.977.067 | 97.918.878 | 98.881.597 | 103.707.956 | 0 | 0,Mediocampista
2026-08-03,Gavi,Barcelona,+526.949 | +982.498 | +1.462.882 | +4.211.523 | +8.866.621 | +13.106.449,"+1,40% | +2,64% | +3,99% | +12,41% | +30,28% | +52,34%",,24ddías,38.147.348,37.620.399 | 37.164.850 | 36.684.466 | 33.935.825 | 29.280.727 | 25.040.899,Mediocampista
2026-08-03,Prados,Athletic,-41.211 | -83.282 | -128.725 | -320.905 | -710.446 | -1.869.242,"-2,19% | -4,34% | -6,55% | -14,87% | -27,89% | -50,44%",,28ddías,1.836.810,1.878.021 | 1.920.092 | 1.965.535 | 2.157.715 | 2.547.256 | 3.706.052,Mediocampista
2026-08-03,Araújo,Barcelona,-142.336 | -290.763 | -439.855 | -1.106.249 | -2.472.343 | -4.449.741,"-2,49% | -4,96% | -7,32% | -16,58% | -30,75% | -44,42%",,26ddías,5.566.618,5.708.954 | 5.857.381 | 6.006.473 | 6.672.867 | 8.038.961 | 10.016.359,Defensa
2026-08-03,Balde,Barcelona,-190.349 | -631.644 | -1.133.649 | -1.873.893 | +2.505.993 | +7.462.609,"-0,71% | -2,31% | -4,07% | -6,56% | +10,36% | +38,80%",,6ddías,26.694.019,26.884.368 | 27.325.663 | 27.827.668 | 28.567.912 | 24.188.026 | 19.231.410,Defensa
2026-08-03,Riquelme,Betis,-32.293 | -69.820 | -101.197 | -318.781 | -784.526 | -2.037.679,"-0,92% | -1,97% | -2,83% | -8,41% | -18,43% | -36,99%",,28ddías,3.471.318,3.503.611 | 3.541.138 | 3.572.515 | 3.790.099 | 4.255.844 | 5.508.997,Mediocampista
2026-08-03,Barrios,Atlético,-1.219.387 | -1.908.061 | -1.901.356 | +450.348 | +6.513.999 | +12.465.644,"-2,27% | -3,50% | -3,49% | +0,86% | +14,16% | +31,11%",,2ddías,52.531.083,53.750.470 | 54.439.144 | 54.432.439 | 52.080.735 | 46.017.084 | 40.065.439,Mediocampista
2026-08-03,Molina,Atlético,-60.512 | -107.309 | -151.638 | -420.960 | -870.176 | -1.023.274,"-1,27% | -2,24% | -3,13% | -8,24% | -15,66% | -17,92%",,23ddías,4.686.050,4.746.562 | 4.793.359 | 4.837.688 | 5.107.010 | 5.556.226 | 5.709.324,Defensa
2026-08-03,M. Llorente,Atlético,-1.114.949 | -2.148.888 | -3.216.109 | -6.601.473 | -4.248.138 | +10.558.621,"-1,81% | -3,42% | -5,04% | -9,82% | -6,55% | +21,08%",,8ddías,60.640.420,61.755.369 | 62.789.308 | 63.856.529 | 67.241.893 | 64.888.558 | 50.081.799,Defensa
2026-08-03,Oblak,Atlético,+610.961 | +1.090.311 | +1.642.561 | +3.936.296 | +7.563.974 | +18.367.978,"+1,16% | +2,08% | +3,17% | +7,95% | +16,49% | +52,39%",,27ddías,53.425.237,52.814.276 | 52.334.926 | 51.782.676 | 49.488.941 | 45.861.263 | 35.057.259,Portero
2026-08-03,Giménez,Atlético,-137.421 | -287.781 | -432.309 | -1.056.949 | -2.258.780 | -2.627.252,"-2,21% | -4,51% | -6,63% | -14,80% | -27,07% | -30,15%",,23ddías,6.086.980,6.224.401 | 6.374.761 | 6.519.289 | 7.143.929 | 8.345.760 | 8.714.232,Defensa
2026-08-03,Egiluz,Athletic,-4.038 | -7.956 | -12.989 | -33.540 | -71.499 | -212.263,"-0,86% | -1,68% | -2,72% | -6,73% | -13,34% | -31,36%",,28ddías,464.568,468.606 | 472.524 | 477.557 | 498.108 | 536.067 | 676.831,Defensa
2026-08-03,Cárdenas,Rayo,-13.318 | -25.311 | -39.078 | -104.466 | -253.964 | -671.435,"-1,79% | -3,35% | -5,08% | -12,51% | -25,79% | -47,88%",,28ddías,730.855,744.173 | 756.166 | 769.933 | 835.321 | 984.819 | 1.402.290,Portero
2026-08-03,Íñigo Pérez,Villarreal,-23.094 | -34.502 | -52.727 | -108.097 | -382.433 | -379.960,"-1,08% | -1,60% | -2,42% | -4,84% | 0% | -15,17%",,4ddías,2.124.129,2.147.223 | 2.158.631 | 2.176.856 | 2.232.226 | 0 | 2.504.089,
2026-08-03,Álvaro García,Rayo,+311.531 | +579.639 | +779.990 | +1.404.548 | +2.322.689 | +4.076.001,"+1,97% | +3,74% | +5,09% | +9,56% | +16,86% | +33,91%",,12ddías,16.095.632,15.784.101 | 15.515.993 | 15.315.642 | 14.691.084 | 13.772.943 | 12.019.631,Mediocampista
2026-08-03,Gerard,Villarreal,-304.680 | -600.671 | -968.870 | -2.368.230 | -5.557.892 | -10.141.146,"-1,01% | -1,97% | -3,14% | -7,33% | -15,66% | -25,31%",,28ddías,29.924.293,30.228.973 | 30.524.964 | 30.893.163 | 32.292.523 | 35.482.185 | 40.065.439,Delantero
2026-08-03,Raúl García,Osasuna,-56.616 | -106.264 | -162.575 | -425.276 | -955.623 | -2.315.050,"-2,31% | -4,25% | -6,36% | -15,09% | -28,54% | -49,18%",,28ddías,2.392.638,2.449.254 | 2.498.902 | 2.555.213 | 2.817.914 | 3.348.261 | 4.707.688,Delantero
2026-08-03,Altimira,Deportivo,-67.527 | -137.584 | -206.767 | -636.234 | -1.132.514 | -1.480.975,"-1,21% | -2,43% | -3,60% | -10,32% | -17,00% | -21,12%",,22ddías,5.530.476,5.598.003 | 5.668.060 | 5.737.243 | 6.166.710 | 6.662.990 | 7.011.451,Defensa
2026-08-03,Akhomach,Villarreal,-174.463 | -329.848 | -497.718 | -1.219.688 | -1.219.688 | -1.202.654,"-2,50% | -4,62% | -6,81% | -15,19% | -15,19% | -15,01%",,6ddías,6.810.433,6.984.896 | 7.140.281 | 7.308.151 | 8.030.121 | 8.030.121 | 8.013.087,Delantero
2026-08-03,Denis Suárez,Alavés,-68.949 | -143.072 | -216.072 | -551.495 | -1.260.734 | -2.933.380,"-2,19% | -4,44% | -6,56% | -15,20% | -29,07% | -48,81%",,28ddías,3.076.435,3.145.384 | 3.219.507 | 3.292.507 | 3.627.930 | 4.337.169 | 6.009.815,Mediocampista
2026-08-03,Femenia,Getafe,-33.833 | -71.572 | -109.724 | -345.046 | -963.800 | -2.312.726,"-0,91% | -1,90% | -2,88% | -8,54% | -20,68% | -38,48%",,28ddías,3.697.089,3.730.922 | 3.768.661 | 3.806.813 | 4.042.135 | 4.660.889 | 6.009.815,Defensa
2026-08-03,Baena,Atlético,-1.416.289 | -2.665.654 | -3.557.530 | -1.176.877 | +9.366.185 | +22.624.385,"-2,05% | -3,79% | -4,99% | -1,71% | +16,06% | +50,19%",,4ddías,67.698.004,69.114.293 | 70.363.658 | 71.255.534 | 68.874.881 | 58.331.819 | 45.073.619,Mediocampista
2026-08-03,Sörloth,Atlético,-315.703 | -573.225 | -907.463 | -2.667.545 | -5.973.867 | -12.201.137,"-1,12% | -2,02% | -3,15% | -8,74% | -17,65% | -30,45%",,28ddías,27.864.302,28.180.005 | 28.437.527 | 28.771.765 | 30.531.847 | 33.838.169 | 40.065.439,Delantero
2026-08-03,Foyth,Villarreal,-241.221 | -312.100 | -710.498 | -1.148.732 | -1.148.732 | -1.121.392,"-2,07% | -2,66% | -5,87% | -9,15% | -9,15% | -8,96%",,4ddías,11.399.057,11.640.278 | 11.711.157 | 12.109.555 | 12.547.789 | 12.547.789 | 12.520.449,Defensa
2026-08-03,Comesaña,Villarreal,+50.305 | -48.456 | -498.880 | -3.196.382 | -5.582.942 | -9.337.452,"+0,19% | -0,18% | -1,81% | -10,58% | -17,12% | -25,68%",,1ddías,27.021.934,26.971.629 | 27.070.390 | 27.520.814 | 30.218.316 | 32.604.876 | 36.359.386,Mediocampista
2026-08-03,F. Carreras,Real Madrid,-404.785 | -808.500 | -1.205.776 | -3.095.534 | -6.478.050 | -13.168.427,"-2,38% | -4,65% | -6,78% | -15,73% | -28,09% | -44,27%",,28ddías,16.580.162,16.984.947 | 17.388.662 | 17.785.938 | 19.675.696 | 23.058.212 | 29.748.589,Defensa
2026-08-03,Tárrega,Valencia,-20.862 | -79.736 | -133.450 | -503.332 | -1.538.533 | -3.288.965,"-0,23% | -0,86% | -1,42% | -5,17% | -14,29% | -26,27%",,28ddías,9.231.484,9.252.346 | 9.311.220 | 9.364.934 | 9.734.816 | 10.770.017 | 12.520.449,Defensa
2026-08-03,Fran Pérez,Rayo,-23.707 | -47.367 | -73.324 | -183.213 | -409.016 | -993.006,"-2,29% | -4,48% | -6,77% | -15,35% | -28,82% | -49,57%",,28ddías,1.010.265,1.033.972 | 1.057.632 | 1.083.589 | 1.193.478 | 1.419.281 | 2.003.271,Mediocampista
2026-08-03,Jesús Vázquez,Valencia,-52.931 | -105.466 | -156.534 | -384.630 | -872.468 | -2.147.501,"-2,51% | -4,87% | -7,06% | -15,74% | -29,76% | -51,05%",,28ddías,2.059.369,2.112.300 | 2.164.835 | 2.215.903 | 2.443.999 | 2.931.837 | 4.206.870,Defensa
2026-08-03,Foulquier,Valencia,-64.277 | -122.431 | -185.117 | -510.213 | -510.213 | -502.121,"-1,97% | -3,68% | -5,46% | -13,74% | -13,74% | -13,55%",,6ddías,3.203.931,3.268.208 | 3.326.362 | 3.389.048 | 3.714.144 | 3.714.144 | 3.706.052,Defensa
2026-08-03,Pepelu,Valencia,-77.411 | -153.114 | -247.537 | -781.373 | -1.606.876 | -1.837.705,"-0,94% | -1,84% | -2,94% | -8,72% | -16,42% | -18,35%",,23ddías,8.178.654,8.256.065 | 8.331.768 | 8.426.191 | 8.960.027 | 9.785.530 | 10.016.359,Mediocampista
2026-08-03,Diego López,Valencia,-94.642 | -194.811 | -293.501 | -722.923 | -1.607.513 | -2.904.614,"-2,96% | -5,90% | -8,64% | -18,88% | -34,11% | -48,33%",,28ddías,3.105.201,3.199.843 | 3.300.012 | 3.398.702 | 3.828.124 | 4.712.714 | 6.009.815,Delantero
2026-08-03,Gayà,Valencia,-159.317 | -276.257 | -430.693 | -1.178.031 | -2.752.741 | -5.626.184,"-1,27% | -2,18% | -3,36% | -8,67% | -18,16% | -31,21%",,28ddías,12.403.263,12.562.580 | 12.679.520 | 12.833.956 | 13.581.294 | 15.156.004 | 18.029.447,Defensa
2026-08-03,Rivero,Valencia,-9.298 | -18.695 | -29.436 | -75.298 | -140.129 | -410.823,"-1,55% | -3,07% | -4,75% | -11,30% | -19,17% | -41,02%",,11ddías,590.813,600.111 | 609.508 | 620.249 | 666.111 | 730.942 | 1.001.636,Portero
2026-08-03,Kike Salas,Sevilla,-73.757 | -161.168 | -285.390 | -935.698 | -2.058.590 | -4.033.049,"-0,61% | -1,33% | -2,32% | -7,24% | -14,65% | -25,17%",,26ddías,11.993.126,12.066.883 | 12.154.294 | 12.278.516 | 12.928.824 | 14.051.716 | 16.026.175,Defensa
2026-08-03,Giuliano,Atlético,-914.631 | -1.660.353 | -2.053.306 | -603.729 | +5.450.030 | +19.316.504,"-1,70% | -3,04% | -3,73% | -1,13% | +11,46% | +57,30%",,4ddías,53.026.408,53.941.039 | 54.686.761 | 55.079.714 | 53.630.137 | 47.576.378 | 33.709.904,Delantero
2026-08-03,Duro,Valencia,-75.301 | -163.279 | -223.078 | -691.692 | -1.577.736 | -2.642.532,"-0,80% | -1,71% | -2,32% | -6,87% | -14,40% | -21,99%",,23ddías,9.377.099,9.452.400 | 9.540.378 | 9.600.177 | 10.068.791 | 10.954.835 | 12.019.631,Delantero
2026-08-03,Juanmi,Getafe,-15.329 | -31.008 | -48.292 | -123.170 | -261.003 | -709.255,"-2,04% | -4,05% | -6,16% | -14,34% | -26,19% | -49,09%",,28ddías,735.544,750.873 | 766.552 | 783.836 | 858.714 | 996.547 | 1.444.799,Delantero
2026-08-03,De Frutos,Rayo,+864.016 | +1.904.696 | +2.827.875 | +6.361.725 | +12.662.532 | +21.052.804,"+1,91% | +4,31% | +6,54% | +16,01% | +37,88% | +84,07%",,27ddías,46.093.703,45.229.687 | 44.189.007 | 43.265.828 | 39.731.978 | 33.431.171 | 25.040.899,Delantero
2026-08-03,Romero,Sevilla,-33.600 | -75.666 | -141.187 | -452.439 | -1.145.927 | -1.845.587,"-0,54% | -1,21% | -2,24% | -6,83% | -15,67% | -23,03%",,24ddías,6.167.500,6.201.100 | 6.243.166 | 6.308.687 | 6.619.939 | 7.313.427 | 8.013.087,Delantero
2026-08-03,Cardoso,Atlético,-230.383 | -451.658 | -701.700 | -1.731.147 | -3.818.789 | -7.088.885,"-2,82% | -5,39% | -8,12% | -17,91% | -32,49% | -47,18%",,25ddías,7.935.654,8.166.037 | 8.387.312 | 8.637.354 | 9.666.801 | 11.754.443 | 15.024.539,Mediocampista
2026-08-03,Moriba,Celta,+258.597 | +469.120 | +640.652 | +1.008.259 | -166.888 | -2.400.241,"+2,76% | +5,13% | +7,14% | +11,71% | -1,71% | -19,97%",,7ddías,9.619.390,9.360.793 | 9.150.270 | 8.978.738 | 8.611.131 | 9.786.278 | 12.019.631,Mediocampista
2026-08-03,Agoume,Sevilla,-27.674 | -72.547 | -88.915 | -292.491 | -748.540 | -701.361,"-0,47% | -1,23% | -1,51% | -4,79% | -11,41% | -10,77%",,23ddías,5.809.272,5.836.946 | 5.881.819 | 5.898.187 | 6.101.763 | 6.557.812 | 6.510.633,Mediocampista
2026-08-03,Guedes,Real Sociedad,-874.348 | -1.863.167 | -2.929.898 | -8.014.703 | -11.043.481 | -11.043.481,"-1,79% | -3,74% | -5,76% | -14,32% | 0% | 0%",,13ddías,47.937.774,48.812.122 | 49.800.941 | 50.867.672 | 55.952.477 | 0 | 0,Delantero
2026-08-03,Fort,Barcelona,-92.702 | -207.978 | -367.087 | -559.897 | -559.897 | -548.700,"-2,04% | -4,46% | -7,61% | -11,15% | -11,15% | -10,96%",,4ddías,4.459.479,4.552.181 | 4.667.457 | 4.826.566 | 5.019.376 | 5.019.376 | 5.008.179,Defensa
2026-08-03,Fornals,Betis,-1.460.712 | -3.030.299 | -4.677.698 | -12.466.857 | -75.161.604 | -75.161.604,"-2,10% | -4,26% | -6,42% | -15,47% | 0% | 0%",,11ddías,68.127.696,69.588.408 | 71.157.995 | 72.805.394 | 80.594.553 | 0 | 0,Mediocampista
2026-08-03,Cabrera,Espanyol,-69.470 | -146.561 | -290.131 | -855.526 | -1.955.445 | +5.439.474,"-0,41% | -0,87% | -1,71% | -4,87% | -10,48% | 0%",,21ddías,16.698.237,16.767.707 | 16.844.798 | 16.988.368 | 17.553.763 | 18.653.682 | 0,Defensa
2026-08-03,Batalla,Rayo,+860.329 | +1.756.989 | +2.622.113 | +5.591.115 | +10.174.578 | +17.799.360,"+2,33% | +4,87% | +7,45% | +17,34% | +36,79% | +88,85%",,27ddías,37.832.079,36.971.750 | 36.075.090 | 35.209.966 | 32.240.964 | 27.657.501 | 20.032.719,Portero
2026-08-03,Puado,Espanyol,-291.576 | -588.332 | -900.510 | -2.219.602 | -4.774.254 | -5.631.281,"-3,01% | -5,89% | -8,75% | -19,11% | -33,70% | -37,48%",,19ddías,9.393.258,9.684.834 | 9.981.590 | 10.293.768 | 11.612.860 | 14.167.512 | 15.024.539,Mediocampista
2026-08-03,Lozano,Espanyol,-58.344 | -116.633 | -171.152 | -415.516 | -939.245 | -2.252.436,"-2,07% | -4,06% | -5,85% | -13,10% | -25,42% | -44,98%",,28ddías,2.755.743,2.814.087 | 2.872.376 | 2.926.895 | 3.171.259 | 3.694.988 | 5.008.179,Mediocampista
2026-08-03,Jofre,Espanyol,-26.982 | -55.176 | -83.641 | -238.897 | -565.508 | -1.395.032,"-1,88% | -3,77% | -5,60% | -14,49% | -28,63% | -49,74%",,28ddías,1.409.547,1.436.529 | 1.464.723 | 1.493.188 | 1.648.444 | 1.975.055 | 2.804.579,Delantero
2026-08-03,Edu Expósito,Espanyol,-266.307 | -563.973 | -931.442 | -2.217.473 | -5.373.672 | -13.588.686,"-0,96% | -2,00% | -3,27% | -7,44% | -16,31% | 0%",,17ddías,27.577.707,27.844.014 | 28.141.680 | 28.509.149 | 29.795.180 | 32.951.379 | 0,Mediocampista
2026-08-03,El Hilali,Espanyol,+162.725 | +296.418 | +461.392 | +872.448 | +1.367.168 | +1.826.767,"+2,27% | +4,21% | +6,71% | +13,50% | +22,91% | +33,16%",,12ddías,7.335.764,7.173.039 | 7.039.346 | 6.874.372 | 6.463.316 | 5.968.596 | 5.508.997,Defensa
2026-08-03,Rubén Sánchez,Espanyol,-7.154 | -14.317 | -22.731 | -58.274 | -129.146 | -362.129,"-1,31% | -2,59% | -4,04% | -9,75% | -19,32% | -40,17%",,28ddías,539.342,546.496 | 553.659 | 562.073 | 597.616 | 668.488 | 901.471,Mediocampista
2026-08-03,Fortuño,Espanyol,-12.370 | -24.967 | -39.041 | -99.683 | -191.083 | -537.422,"-1,83% | -3,62% | -5,55% | -13,04% | -22,33% | -44,71%",,8ddías,664.541,676.911 | 689.508 | 703.582 | 764.224 | 855.624 | 1.201.963,Portero
2026-08-03,Boyomo,Osasuna,+484.532 | +941.599 | +1.511.037 | +3.252.935 | +5.716.661 | +7.628.770,"+2,19% | +4,34% | +7,15% | +16,77% | +33,75% | +50,78%",,24ddías,22.653.309,22.168.777 | 21.711.710 | 21.142.272 | 19.400.374 | 16.936.648 | 15.024.539,Defensa
2026-08-03,Raul Moro,Osasuna,+329.268 | +539.940 | +663.384 | +650.072 | -253.604 | -940.927,"+3,06% | +5,12% | +6,37% | +6,23% | -2,24% | -7,83%",,5ddías,11.078.704,10.749.436 | 10.538.764 | 10.415.320 | 10.428.632 | 11.332.308 | 12.019.631,Delantero
2026-08-03,Almeida,Valencia,-82.540 | -168.802 | -256.153 | -627.583 | -1.400.503 | -3.144.832,"-2,47% | -4,91% | -7,27% | -16,12% | -30,01% | -49,06%",,28ddías,3.265.637,3.348.177 | 3.434.439 | 3.521.790 | 3.893.220 | 4.666.140 | 6.410.469,Mediocampista
2026-08-03,Pere Milla,Espanyol,-92.039 | -147.008 | -233.826 | -289.341 | +374.441 | +2.473.877,"-0,87% | -1,38% | -2,18% | -2,68% | +3,70% | +30,87%",,6ddías,10.486.964,10.579.003 | 10.633.972 | 10.720.790 | 10.776.305 | 10.112.523 | 8.013.087,Delantero
2026-08-03,Javi Guerra,Valencia,-173.397 | -302.565 | -493.066 | -1.609.628 | -3.154.522 | +22.075.012,"-0,69% | -1,20% | -1,93% | -6,05% | -11,20% | 0%",,18ddías,25.002.363,25.175.760 | 25.304.928 | 25.495.429 | 26.611.991 | 28.156.885 | 0,Mediocampista
2026-08-03,Vinicius,Real Madrid,-1.412.466 | -2.560.462 | -3.349.344 | -9.290.912 | -52.197.439 | -52.197.439,"-1,36% | -2,44% | -3,17% | -8,33% | 0% | 0%",,11ddías,102.299.080,103.711.546 | 104.859.542 | 105.648.424 | 111.589.992 | 0 | 0,Delantero
2026-08-03,Güler,Real Madrid,-722.647 | -1.419.219 | -2.170.854 | -5.593.868 | -11.495.823 | -19.713.645,"-1,29% | -2,50% | -3,77% | -9,17% | -17,18% | -26,24%",,28ddías,55.409.055,56.131.702 | 56.828.274 | 57.579.909 | 61.002.923 | 66.904.878 | 75.122.700,Mediocampista
2026-08-03,Mendy,Real Madrid,-25.891 | -52.572 | -74.616 | -199.127 | -462.401 | -1.014.235,"-2,55% | -5,05% | -7,02% | -16,76% | -31,86% | -50,63%",,28ddías,989.036,1.014.927 | 1.041.608 | 1.063.652 | 1.188.163 | 1.451.437 | 2.003.271,Defensa
2026-08-03,Rüdiger,Real Madrid,-468.568 | -856.107 | -1.179.536 | -2.939.680 | -6.415.452 | -10.761.641,"-1,53% | -2,76% | -3,76% | -8,87% | -17,52% | -26,27%",,25ddías,30.205.270,30.673.838 | 31.061.377 | 31.384.806 | 33.144.950 | 36.620.722 | 40.966.911,Defensa
2026-08-03,Brahim,Real Madrid,-319.604 | -657.667 | -969.491 | -2.301.522 | -4.349.213 | -6.775.542,"-2,35% | -4,73% | -6,81% | -14,79% | -24,70% | -33,82%",,24ddías,13.257.177,13.576.781 | 13.914.844 | 14.226.668 | 15.558.699 | 17.606.390 | 20.032.719,Mediocampista
2026-08-03,Tchouaméni,Real Madrid,-898.524 | -1.776.282 | -2.696.648 | -6.410.268 | -10.163.395 | -6.266.740,"-1,76% | -3,43% | -5,11% | -11,36% | -16,89% | -11,13%",,13ddías,50.025.203,50.923.727 | 51.801.485 | 52.721.851 | 56.435.471 | 60.188.598 | 56.291.943,Mediocampista
2026-08-03,Valverde,Real Madrid,-479.735 | -1.095.665 | -1.803.651 | -5.328.356 | -12.590.479 | -29.503.997,"-0,63% | -1,43% | -2,33% | -6,58% | -14,27% | -28,05%",,28ddías,75.667.782,76.147.517 | 76.763.447 | 77.471.433 | 80.996.138 | 88.258.261 | 105.171.779,Mediocampista
2026-08-03,Camavinga,Real Madrid,-319.092 | -637.523 | -993.451 | -2.400.447 | -4.949.118 | -10.559.660,"-2,31% | -4,52% | -6,86% | -15,12% | -26,86% | -43,93%",,28ddías,13.479.603,13.798.695 | 14.117.126 | 14.473.054 | 15.880.050 | 18.428.721 | 24.039.263,Mediocampista
2026-08-03,Rodrygo,Real Madrid,-95.554 | -162.028 | -255.660 | -646.658 | -1.350.737 | -1.039.640,"-2,35% | -3,92% | -6,05% | -14,01% | -25,39% | -20,76%",,18ddías,3.968.539,4.064.093 | 4.130.567 | 4.224.199 | 4.615.197 | 5.319.276 | 5.008.179,Delantero
2026-08-03,Bellingham,Real Madrid,-822.104 | -1.582.222 | -2.492.203 | -7.143.648 | -35.965.994 | -35.965.994,"-0,84% | -1,61% | -2,52% | -6,89% | 0% | 0%",,11ddías,96.469.995,97.292.099 | 98.052.217 | 98.962.198 | 103.613.643 | 0 | 0,Mediocampista
2026-08-03,Odriozola,Real Sociedad,-16.087 | -32.556 | -50.663 | -129.188 | -294.430 | -748.718,"-2,09% | -4,14% | -6,30% | -14,63% | -28,09% | -49,83%",,28ddías,753.735,769.822 | 786.291 | 804.398 | 882.923 | 1.048.165 | 1.502.453,Defensa
2026-08-03,Militão,Real Madrid,-511.959 | -1.015.076 | -1.517.773 | -3.764.934 | -8.456.364 | -12.991.344,"-2,91% | -5,62% | -8,17% | -18,08% | -33,14% | -43,23%",,28ddías,17.057.735,17.569.694 | 18.072.811 | 18.575.508 | 20.822.669 | 25.514.099 | 30.049.079,Defensa
2026-08-03,Courtois,Real Madrid,-147.727 | -335.890 | -478.101 | -1.412.461 | -327.883 | +18.394.131,"-0,25% | -0,57% | -0,81% | -2,36% | -0,56% | +45,91%",,8ddías,58.459.570,58.607.297 | 58.795.460 | 58.937.671 | 59.872.031 | 58.787.453 | 40.065.439,Portero
2026-08-03,Camello,Rayo,-32.125 | -60.775 | -91.107 | -301.476 | -790.933 | -1.852.486,"-0,98% | -1,83% | -2,72% | -8,47% | -19,54% | -36,26%",,28ddías,3.255.857,3.287.982 | 3.316.632 | 3.346.964 | 3.557.333 | 4.046.790 | 5.108.343,Delantero
2026-08-03,Lejeune,Rayo,-647.825 | -1.241.781 | -1.775.573 | -5.151.414 | -13.252.992 | -34.235.076,"-1,53% | -2,89% | -4,08% | -10,98% | -24,10% | 0%",,14ddías,41.747.008,42.394.833 | 42.988.789 | 43.522.581 | 46.898.422 | 55.000.000 | 0,Defensa
2026-08-03,Valentín,Rayo,-40.601 | -98.241 | -162.023 | -477.509 | -1.113.143 | -2.524.718,"-1,15% | -2,74% | -4,44% | -12,05% | -24,21% | -42,01%",,28ddías,3.485.097,3.525.698 | 3.583.338 | 3.647.120 | 3.962.606 | 4.598.240 | 6.009.815,Mediocampista
2026-08-03,Balliu,Rayo,-13.765 | -31.417 | -49.961 | -131.142 | -285.636 | -676.410,"-1,64% | -3,66% | -5,70% | -13,70% | -25,69% | -45,02%",,28ddías,826.043,839.808 | 857.460 | 876.004 | 957.185 | 1.111.679 | 1.502.453,Defensa
2026-08-03,Canós,Valencia,-9.819 | -19.759 | -31.065 | -796.112 | -796.112 | -796.112,"-1,60% | -3,17% | -4,90% | 0% | 0% | 0%",,5ddías,603.304,613.123 | 623.063 | 634.369 | 0 | 0 | 0,Delantero
2026-08-03,Pathé Ciss,Rayo,+49.947 | +78.910 | +29.043 | -232.017 | -766.356 | +611.518,"+0,47% | +0,75% | +0,27% | -2,14% | -6,73% | +6,11%",,2ddías,10.627.877,10.577.930 | 10.548.967 | 10.598.834 | 10.859.894 | 11.394.233 | 10.016.359,Mediocampista
2026-08-03,Remiro,Real Sociedad,+1.286.872 | +2.485.677 | +3.745.332 | +7.661.423 | +13.489.918 | +22.154.437,"+3,15% | +6,26% | +9,74% | +22,19% | +47,01% | +110,59%",,26ddías,42.187.156,40.900.284 | 39.701.479 | 38.441.824 | 34.525.733 | 28.697.238 | 20.032.719,Portero
2026-08-03,Lunin,Real Madrid,-38.990 | -72.072 | -106.220 | -261.768 | -652.770 | -1.459.368,"-1,51% | -2,75% | -4,00% | -9,32% | -20,40% | -36,42%",,28ddías,2.547.175,2.586.165 | 2.619.247 | 2.653.395 | 2.808.943 | 3.199.945 | 4.006.543,Portero
2026-08-03,Aihen,Real Sociedad,-49.668 | -99.595 | -151.086 | -377.514 | -859.100 | -2.115.194,"-2,56% | -5,00% | -7,40% | -16,64% | -31,23% | -52,79%",,28ddías,1.891.349,1.941.017 | 1.990.944 | 2.042.435 | 2.268.863 | 2.750.449 | 4.006.543,Defensa
2026-08-03,Marrero,Real Sociedad,-30.707 | -62.230 | -95.593 | -251.963 | -614.553 | -1.522.988,"-2,03% | -4,03% | -6,06% | -14,53% | -29,31% | -50,68%",,28ddías,1.481.919,1.512.626 | 1.544.149 | 1.577.512 | 1.733.882 | 2.096.472 | 3.004.907,Portero
2026-08-03,Oyarzabal,Real Sociedad,-1.113.038 | -2.018.840 | -2.962.628 | -8.100.942 | -43.110.634 | -43.110.634,"-1,54% | -2,75% | -3,99% | -10,20% | 0% | 0%",,12ddías,71.300.540,72.413.578 | 73.319.380 | 74.263.168 | 79.401.482 | 0 | 0,Delantero
2026-08-03,Marcão,Sevilla,-12.984 | -30.410 | -50.952 | -141.188 | -317.881 | -783.145,"-1,56% | -3,58% | -5,85% | -14,70% | -27,95% | -48,87%",,28ddías,819.471,832.455 | 849.881 | 870.423 | 960.659 | 1.137.352 | 1.602.616,Defensa
2026-08-03,Kubo,Real Sociedad,-508.492 | -961.531 | -1.446.553 | -3.757.947 | -8.183.977 | -5.222.974,"-2,00% | -3,71% | -5,49% | -13,10% | -24,72% | -17,32%",,17ddías,24.926.269,25.434.761 | 25.887.800 | 26.372.822 | 28.684.216 | 33.110.246 | 30.149.243,Mediocampista
2026-08-03,Olasagasti,Levante,-3.811 | -18.241 | -34.660 | -214.948 | -827.676 | -2.343.344,"-0,10% | -0,50% | -0,94% | -5,54% | -18,42% | -38,99%",,28ddías,3.666.471,3.670.282 | 3.684.712 | 3.701.131 | 3.881.419 | 4.494.147 | 6.009.815,Mediocampista
2026-08-03,Sadiq,Valencia,-272.705 | -550.765 | -849.059 | -2.087.199 | -3.616.518 | -6.770.438,"-2,86% | -5,62% | -8,40% | -18,40% | -28,10% | -42,25%",,26ddías,9.255.737,9.528.442 | 9.806.502 | 10.104.796 | 11.342.936 | 12.872.255 | 16.026.175,Delantero
2026-08-03,Turrientes,Real Sociedad,-106.906 | -216.232 | -311.633 | -776.279 | -1.723.757 | -2.619.553,"-1,42% | -2,84% | -4,04% | -9,50% | -18,90% | -26,15%",,25ddías,7.396.806,7.503.712 | 7.613.038 | 7.708.439 | 8.173.085 | 9.120.563 | 10.016.359,Mediocampista
2026-08-03,Le Normand,Atlético,-117.374 | -213.911 | -308.508 | -934.466 | -1.885.293 | -3.591.326,"-1,07% | -1,94% | -2,77% | -7,94% | -14,82% | -24,90%",,23ddías,10.832.231,10.949.605 | 11.046.142 | 11.140.739 | 11.766.697 | 12.717.524 | 14.423.557,Defensa
2026-08-03,Urko,Espanyol,-36.507 | -67.461 | -107.141 | -372.844 | -815.070 | -1.977.168,"-0,72% | -1,32% | -2,08% | -6,90% | -13,93% | -28,20%",,25ddías,5.034.283,5.070.790 | 5.101.744 | 5.141.424 | 5.407.127 | 5.849.353 | 7.011.451,Mediocampista
2026-08-03,Barrenetxea,Real Sociedad,-591.367 | -1.243.119 | -1.946.095 | -2.842.882 | -35.487 | +6.383.379,"-1,52% | -3,13% | -4,82% | -6,89% | -0,09% | +19,92%",,6ddías,38.435.730,39.027.097 | 39.678.849 | 40.381.825 | 41.278.612 | 38.471.217 | 32.052.351,Mediocampista
2026-08-03,Dmitrovic,Espanyol,+971.358 | +2.008.952 | +3.023.354 | +6.342.257 | +9.892.717 | +15.267.921,"+3,31% | +7,10% | +11,09% | +26,48% | +48,49% | +101,62%",,27ddías,30.292.460,29.321.102 | 28.283.508 | 27.269.106 | 23.950.203 | 20.399.743 | 15.024.539,Portero
2026-08-03,Gattoni,Sevilla,-4.391 | -8.676 | -14.092 | -36.341 | -78.027 | -228.110,"-0,92% | -1,80% | -2,89% | -7,13% | -14,16% | -32,53%",,28ddías,473.034,477.425 | 481.710 | 487.126 | 509.375 | 551.061 | 701.144,Defensa
2026-08-03,Jordan,Sevilla,-11.498 | -23.186 | -36.313 | -92.756 | -209.516 | -558.373,"-1,76% | -3,48% | -5,34% | -12,60% | -24,56% | -46,46%",,28ddías,643.590,655.088 | 666.776 | 679.903 | 736.346 | 853.106 | 1.201.963,Mediocampista
2026-08-03,Mariano,Alavés,-34.215 | -67.335 | -103.233 | -262.322 | -587.234 | -1.464.955,"-2,69% | -5,15% | -7,69% | -17,47% | -32,15% | -54,17%",,28ddías,1.239.461,1.273.676 | 1.306.796 | 1.342.694 | 1.501.783 | 1.826.695 | 2.704.416,Delantero
2026-08-03,Sow,Sevilla,+33.831 | +25.148 | +23.451 | -211.129 | -943.486 | -1.501.301,"+0,40% | +0,30% | +0,28% | -2,42% | -9,97% | -14,99%",,1ddías,8.515.058,8.481.227 | 8.489.910 | 8.491.607 | 8.726.187 | 9.458.544 | 10.016.359,Mediocampista
2026-08-03,Zubeldia,Real Sociedad,-37.827 | -107.058 | -209.440 | -662.237 | -1.857.101 | -3.864.830,"-0,37% | -1,04% | -2,02% | -6,12% | -15,46% | -27,56%",,28ddías,10.158.073,10.195.900 | 10.265.131 | 10.367.513 | 10.820.310 | 12.015.174 | 14.022.903,Defensa
2026-08-03,Diakhaby,Valencia,-147.654 | -309.693 | -477.892 | -1.292.646 | -1.594.956 | -1.575.271,"-1,95% | -4,00% | -6,04% | -14,80% | -17,65% | -17,47%",,8ddías,7.439.452,7.587.106 | 7.749.145 | 7.917.344 | 8.732.098 | 9.034.408 | 9.014.723,Defensa
2026-08-03,Juanlu,Sevilla,-57.941 | -93.500 | -135.789 | -309.959 | -758.952 | -2.060.682,"-1,93% | -3,07% | -4,40% | -9,52% | -20,48% | -41,15%",,29ddías,2.947.497,3.005.438 | 3.040.997 | 3.083.286 | 3.257.456 | 3.706.449 | 5.008.179,Mediocampista
2026-08-03,Marín,Real Sociedad,-71.908 | -145.517 | -221.722 | -558.121 | -1.234.780 | -2.698.878,"-3,02% | -5,93% | -8,76% | -19,46% | -34,84% | -53,89%",,28ddías,2.309.301,2.381.209 | 2.454.818 | 2.531.023 | 2.867.422 | 3.544.081 | 5.008.179,Mediocampista
2026-08-03,Zakharyan,Real Sociedad,-36.417 | -74.910 | -114.435 | -285.523 | -656.130 | -1.596.577,"-2,52% | -5,05% | -7,51% | -16,86% | -31,78% | -53,13%",,28ddías,1.408.330,1.444.747 | 1.483.240 | 1.522.765 | 1.693.853 | 2.064.460 | 3.004.907,Mediocampista
2026-08-03,Julio Díaz,Sevilla,0 | 0 | +10.061 | +10.181 | -11.386 | -110.837,"0,00% | 0,00% | +2,19% | +2,22% | -2,37% | -19,10%",,2ddías,469.552,477.990 | 469.552 | 459.491 | 459.371 | 480.938 | 580.389,Defensa
2026-08-03,Pepe Bordalás,Getafe,0 | 0 | +5.357.246 | +48.356.860 | +53.546.390 | +53.551.337,"0,00% | 0,00% | +10,07% | +473,96% | 0% | +1.069,28%",,2ddías,58.559.516,69.694.091 | 58.559.516 | 53.202.270 | 10.202.656 | 0 | 5.008.179,
2026-08-03,Conde,Betis,0 | 0 | 0 | -260.813 | -600.035 | -1.465.772,"0,00% | 0,00% | 0,00% | -7,90% | -16,48% | -32,52%",,4ddías,3.041.589,3.041.589 | 3.041.589 | 2.955.521 | 3.302.402 | 3.641.624 | 4.507.361,Portero
2026-08-03,Sotelo,Levante,0 | 0 | 0 | -36.433 | -200.243 | -720.632,"0,00% | 0,00% | 0,00% | -2,57% | -12,65% | -34,26%",,5ddías,1.382.803,1.382.803 | 1.382.803 | 1.382.803 | 1.419.236 | 1.583.046 | 2.103.435,Mediocampista
2026-08-03,Manu Sánchez,Levante,0 | 0 | 0 | -284.399 | -484.326 | -471.630,"0,00% | 0,00% | 0,00% | -4,88% | -8,04% | -7,85%",,5ddías,5.538.185,5.538.185 | 5.538.185 | 5.538.185 | 5.822.584 | 6.022.511 | 6.009.815,Defensa
2026-08-03,Salinas,Málaga,0 | 0 | 0 | -43.666 | -257.602 | -833.037,"0,00% | 0,00% | 0,00% | -3,92% | -19,40% | -43,77%",,5ddías,1.070.070,1.070.070 | 1.070.070 | 1.070.070 | 1.113.736 | 1.327.672 | 1.903.107,Defensa
2026-08-03,Galán,Celta,0 | 0 | 0 | 0 | 0 | -548.710,"0,00% | 0,00% | 0,00% | 0,00% | 0,00% | -3,65%",,20ddías,14.475.829,14.475.829 | 14.475.829 | 14.475.829 | 14.475.829 | 14.475.829 | 15.024.539,Defensa
2026-08-03,Fran García,Betis,0 | 0 | 0 | 0 | 0 | -425.202,"0,00% | 0,00% | 0,00% | 0,00% | 0,00% | -4,25%",,26ddías,9.591.157,9.591.157 | 9.591.157 | 9.591.157 | 9.591.157 | 9.591.157 | 10.016.359,Defensa
2026-08-03,Koski,Alavés,0 | 0 | 0 | 0 | 0 | +1.781,"0,00% | 0,00% | 0,00% | 0,00% | 0,00% | +0,22%",,28ddías,803.089,803.089 | 803.089 | 803.089 | 803.089 | 803.089 | 801.308,Defensa
2026-08-03,Aitor Mañas,Alavés,0 | 0 | 0 | 0 | 0 | -18.556,"0,00% | 0,00% | 0,00% | 0,00% | 0,00% | -3,20%",,28ddías,562.164,562.164 | 562.164 | 562.164 | 562.164 | 562.164 | 580.720,Delantero
2026-08-03,Guridi,Sevilla,0 | 0 | 0 | 0 | 0 | +11.136,"0,00% | 0,00% | 0,00% | 0,00% | 0,00% | +0,22%",,28ddías,5.019.315,5.019.315 | 5.019.315 | 5.019.315 | 5.019.315 | 5.019.315 | 5.008.179,Mediocampista
2026-08-03,Carlos BenavidezProtesoni,Alavés,0 | 0 | 0 | 0 | 0 | +6.681,"0,00% | 0,00% | 0,00% | 0,00% | 0,00% | +0,22%",,28ddías,3.011.588,3.011.588 | 3.011.588 | 3.011.588 | 3.011.588 | 3.011.588 | 3.004.907,Mediocampista
2026-08-03,Pacheco,Real Sociedad,0 | 0 | 0 | 0 | 0 | +8.909,"0,00% | 0,00% | 0,00% | 0,00% | 0,00% | +0,22%",,28ddías,4.015.452,4.015.452 | 4.015.452 | 4.015.452 | 4.015.452 | 4.015.452 | 4.006.543,Defensa
2026-08-03,Swiderski,Alavés,0 | 0 | 0 | 0 | 0 | +1.335,"0,00% | 0,00% | 0,00% | 0,00% | 0,00% | +0,22%",,28ddías,602.316,602.316 | 602.316 | 602.316 | 602.316 | 602.316 | 600.981,Portero
2026-08-03,Pinillos,Alavés,0 | 0 | 0 | 0 | 0 | +1.112,"0,00% | 0,00% | 0,00% | 0,00% | 0,00% | +0,22%",,28ddías,501.929,501.929 | 501.929 | 501.929 | 501.929 | 501.929 | 500.817,Mediocampista
2026-08-03,Montero,Alavés,0 | 0 | 0 | 0 | 0 | +1.335,"0,00% | 0,00% | 0,00% | 0,00% | 0,00% | +0,22%",,28ddías,602.316,602.316 | 602.316 | 602.316 | 602.316 | 602.316 | 600.981,Portero
2026-08-03,Ballestero,Alavés,0 | 0 | 0 | 0 | 0 | +1.335,"0,00% | 0,00% | 0,00% | 0,00% | 0,00% | +0,22%",,28ddías,602.316,602.316 | 602.316 | 602.316 | 602.316 | 602.316 | 600.981,Defensa
2026-08-03,Álvaro,Alavés,0 | 0 | 0 | 0 | 0 | +1.112,"0,00% | 0,00% | 0,00% | 0,00% | 0,00% | +0,22%",,28ddías,501.929,501.929 | 501.929 | 501.929 | 501.929 | 501.929 | 500.817,Defensa
2026-08-03,Oláiz,Alavés,0 | 0 | 0 | 0 | 0 | +1.335,"0,00% | 0,00% | 0,00% | 0,00% | 0,00% | +0,22%",,28ddías,602.316,602.316 | 602.316 | 602.316 | 602.316 | 602.316 | 600.981,Defensa
2026-08-03,Izei,Alavés,0 | 0 | 0 | 0 | 0 | +1.290,"0,00% | 0,00% | 0,00% | 0,00% | 0,00% | +0,22%",,28ddías,582.010,582.010 | 582.010 | 582.010 | 582.010 | 582.010 | 580.720,Mediocampista
2026-08-03,Hierro,Athletic,0 | 0 | 0 | 0 | 0 | +593,"0,00% | 0,00% | 0,00% | 0,00% | 0,00% | +0,10%",,29ddías,601.574,602.257 | 602.257 | 602.257 | 602.257 | 602.257 | 600.981,Delantero
2026-08-03,Iker Muñoz,Sevilla,0 | 0 | 0 | 0 | 0 | +593,"0,00% | 0,00% | 0,00% | 0,00% | 0,00% | +0,10%",,29ddías,601.574,602.284 | 602.284 | 602.284 | 602.284 | 602.284 | 600.981,Defensa
2026-08-03,Marqués,Barcelona,0 | 0 | 0 | 0 | 0 | +593,"0,00% | 0,00% | 0,00% | 0,00% | 0,00% | +0,10%",,29ddías,601.574,602.319 | 602.319 | 602.319 | 602.319 | 602.319 | 600.981,Defensa
2026-08-03,Arcos,Celta,0 | 0 | 0 | 0 | 0 | +593,"0,00% | 0,00% | 0,00% | 0,00% | 0,00% | +0,10%",,29ddías,601.574,602.257 | 602.257 | 602.257 | 602.257 | 602.257 | 600.981,Mediocampista
2026-08-03,Cestero,Real Madrid,0 | 0 | 0 | 0 | 0 | +593,"0,00% | 0,00% | 0,00% | 0,00% | 0,00% | +0,10%",,29ddías,601.574,602.234 | 602.234 | 602.234 | 602.234 | 602.234 | 600.981,Mediocampista
2026-08-03,Montes,Getafe,0 | 0 | 0 | 0 | 0 | +593,"0,00% | 0,00% | 0,00% | 0,00% | 0,00% | +0,10%",,29ddías,601.574,602.319 | 602.319 | 602.319 | 602.319 | 602.319 | 600.981,Defensa
2026-08-03,Ferran,Espanyol,0 | 0 | 0 | 0 | 0 | +593,"0,00% | 0,00% | 0,00% | 0,00% | 0,00% | +0,10%",,29ddías,601.574,602.248 | 602.248 | 602.248 | 602.248 | 602.248 | 600.981,Mediocampista
2026-08-03,Palacios,Real Madrid,0 | 0 | 0 | 0 | 0 | +791,"0,00% | 0,00% | 0,00% | 0,00% | 0,00% | +0,10%",,29ddías,802.099,802.979 | 802.979 | 802.979 | 802.979 | 802.979 | 801.308,Mediocampista
2026-08-03,Tunde,Levante,0 | 0 | 0 | 0 | 0 | +8.411,"0,00% | 0,00% | 0,00% | 0,00% | 0,00% | +0,10%",,29ddías,8.522.316,8.531.892 | 8.531.892 | 8.531.892 | 8.531.892 | 8.531.892 | 8.513.905,Mediocampista
2026-08-03,Kita,R. Sociedad B,0 | 0 | 0 | 0 | 0 | +593,"0,00% | 0,00% | 0,00% | 0,00% | 0,00% | +0,10%",,29ddías,601.574,602.234 | 602.234 | 602.234 | 602.234 | 602.234 | 600.981,Defensa
2026-08-03,Astiazaran,R. Sociedad B,0 | 0 | 0 | 0 | 0 | +593,"0,00% | 0,00% | 0,00% | 0,00% | 0,00% | +0,10%",,29ddías,601.574,602.257 | 602.257 | 602.257 | 602.257 | 602.257 | 600.981,Mediocampista
2026-08-03,Aguirre,R. Sociedad B,0 | 0 | 0 | 0 | 0 | +593,"0,00% | 0,00% | 0,00% | 0,00% | 0,00% | +0,10%",,29ddías,601.574,602.257 | 602.257 | 602.257 | 602.257 | 602.257 | 600.981,Mediocampista
2026-08-03,Fontanet,Valencia,0 | 0 | 0 | 0 | 0 | +573,"0,00% | 0,00% | 0,00% | 0,00% | 0,00% | +0,10%",,29ddías,581.293,581.987 | 581.987 | 581.987 | 581.987 | 581.987 | 580.720,Defensa
2026-08-03,Gaitán,Villarreal,0 | 0 | 0 | 0 | 0 | +593,"0,00% | 0,00% | 0,00% | 0,00% | 0,00% | +0,10%",,29ddías,601.574,602.292 | 602.292 | 602.292 | 602.292 | 602.292 | 600.981,Mediocampista
2026-08-03,Manuel Ángel,Real Madrid,0 | 0 | 0 | 0 | 0 | +692,"0,00% | 0,00% | 0,00% | 0,00% | 0,00% | +0,10%",,29ddías,701.836,702.606 | 702.606 | 702.606 | 702.606 | 702.606 | 701.144,Mediocampista
2026-08-03,Unai Santos,Osasuna,0 | 0 | 0 | 0 | 0 | +593,"0,00% | 0,00% | 0,00% | 0,00% | 0,00% | +0,10%",,29ddías,601.574,602.319 | 602.319 | 602.319 | 602.319 | 602.319 | 600.981,Defensa
2026-08-03,Burcio,Celta,0 | 0 | 0 | 0 | 0 | +593,"0,00% | 0,00% | 0,00% | 0,00% | 0,00% | +0,10%",,29ddías,601.574,602.257 | 602.257 | 602.257 | 602.257 | 602.257 | 600.981,Mediocampista
2026-08-03,Joan Martínez,Real Madrid,0 | 0 | 0 | 0 | 0 | +692,"0,00% | 0,00% | 0,00% | 0,00% | 0,00% | +0,10%",,29ddías,701.836,702.622 | 702.622 | 702.622 | 702.622 | 702.622 | 701.144,Defensa
2026-08-03,Aleksandrov,Getafe,0 | 0 | 0 | 0 | 0 | +593,"0,00% | 0,00% | 0,00% | 0,00% | 0,00% | +0,10%",,29ddías,601.574,602.319 | 602.319 | 602.319 | 602.319 | 602.319 | 600.981,Delantero
2026-08-03,Carlos Macià,Villarreal,0 | 0 | 0 | 0 | 0 | +791,"0,00% | 0,00% | 0,00% | 0,00% | 0,00% | +0,10%",,29ddías,802.099,803.057 | 803.057 | 803.057 | 803.057 | 803.057 | 801.308,Mediocampista
2026-08-03,Selton,Athletic,0 | 0 | 0 | 0 | 0 | +593,"0,00% | 0,00% | 0,00% | 0,00% | 0,00% | +0,10%",,29ddías,601.574,602.257 | 602.257 | 602.257 | 602.257 | 602.257 | 600.981,Mediocampista
2026-08-03,Benito,Getafe,0 | 0 | 0 | 0 | 0 | +593,"0,00% | 0,00% | 0,00% | 0,00% | 0,00% | +0,10%",,29ddías,601.574,602.319 | 602.319 | 602.319 | 602.319 | 602.319 | 600.981,Portero
2026-08-03,A. Riquelme,Getafe,0 | 0 | 0 | 0 | 0 | +593,"0,00% | 0,00% | 0,00% | 0,00% | 0,00% | +0,10%",,29ddías,601.574,602.324 | 602.324 | 602.324 | 602.324 | 602.324 | 600.981,Mediocampista
2026-08-03,Javi Navarro,Real Madrid,0 | 0 | 0 | 0 | 0 | +692,"0,00% | 0,00% | 0,00% | 0,00% | 0,00% | +0,10%",,29ddías,701.836,702.622 | 702.622 | 702.622 | 702.622 | 702.622 | 701.144,Portero
2026-08-03,Beitia,Real Sociedad,0 | 0 | 0 | 0 | 0 | +494,"0,00% | 0,00% | 0,00% | 0,00% | 0,00% | +0,10%",,29ddías,501.311,501.861 | 501.861 | 501.861 | 501.861 | 501.861 | 500.817,Defensa
2026-08-03,Lebarbier,Real Sociedad,0 | 0 | 0 | 0 | 0 | +593,"0,00% | 0,00% | 0,00% | 0,00% | 0,00% | +0,10%",,29ddías,601.574,602.234 | 602.234 | 602.234 | 602.234 | 602.234 | 600.981,Defensa
2026-08-03,Barry,Villarreal,0 | 0 | 0 | 0 | 0 | +593,"0,00% | 0,00% | 0,00% | 0,00% | 0,00% | +0,10%",,29ddías,601.574,602.292 | 602.292 | 602.292 | 602.292 | 602.292 | 600.981,Mediocampista
2026-08-03,Delgado,Elche,0 | 0 | 0 | 0 | 0 | +593,"0,00% | 0,00% | 0,00% | 0,00% | 0,00% | +0,10%",,29ddías,601.574,602.324 | 602.324 | 602.324 | 602.324 | 602.324 | 600.981,Defensa
2026-08-03,Meixús,Celta,0 | 0 | 0 | 0 | 0 | +478,"0,00% | 0,00% | 0,00% | 0,00% | 0,00% | +0,10%",,29ddías,484.821,485.372 | 485.372 | 485.372 | 485.372 | 485.372 | 484.343,Defensa
2026-08-03,Carrera,Real Sociedad,0 | 0 | 0 | 0 | 0 | +692,"0,00% | 0,00% | 0,00% | 0,00% | 0,00% | +0,10%",,29ddías,701.836,702.633 | 702.633 | 702.633 | 702.633 | 702.633 | 701.144,Delantero
2026-08-03,Óscar Marcos,Celta,0 | 0 | 0 | 0 | 0 | +593,"0,00% | 0,00% | 0,00% | 0,00% | 0,00% | +0,10%",,29ddías,601.574,602.257 | 602.257 | 602.257 | 602.257 | 602.257 | 600.981,Delantero
2026-08-03,Al Lal,Elche,0 | 0 | 0 | 0 | 0 | +494,"0,00% | 0,00% | 0,00% | 0,00% | 0,00% | +0,10%",,29ddías,501.311,501.936 | 501.936 | 501.936 | 501.936 | 501.936 | 500.817,Delantero
2026-08-03,Yassin,Getafe,0 | 0 | 0 | 0 | 0 | +494,"0,00% | 0,00% | 0,00% | 0,00% | 0,00% | +0,10%",,29ddías,501.311,501.932 | 501.932 | 501.932 | 501.932 | 501.932 | 500.817,Defensa
2026-08-03,Marchal,Real Sociedad,0 | 0 | 0 | 0 | 0 | +593,"0,00% | 0,00% | 0,00% | 0,00% | 0,00% | +0,10%",,29ddías,601.574,602.234 | 602.234 | 602.234 | 602.234 | 602.234 | 600.981,Mediocampista
2026-08-03,Panach,Valencia,0 | 0 | 0 | 0 | 0 | +494,"0,00% | 0,00% | 0,00% | 0,00% | 0,00% | +0,10%",,29ddías,501.311,501.909 | 501.909 | 501.909 | 501.909 | 501.909 | 500.817,Defensa
2026-08-03,Jurado,Valencia,0 | 0 | 0 | 0 | 0 | +593,"0,00% | 0,00% | 0,00% | 0,00% | 0,00% | +0,10%",,29ddías,601.574,602.292 | 602.292 | 602.292 | 602.292 | 602.292 | 600.981,Defensa
2026-08-03,Nakoha,Levante,0 | 0 | 0 | 0 | 0 | +494,"0,00% | 0,00% | 0,00% | 0,00% | 0,00% | +0,10%",,29ddías,501.311,501.874 | 501.874 | 501.874 | 501.874 | 501.874 | 500.817,Defensa
2026-08-03,Rosón,Levante,0 | 0 | 0 | 0 | 0 | +593,"0,00% | 0,00% | 0,00% | 0,00% | 0,00% | +0,10%",,29ddías,601.574,602.249 | 602.249 | 602.249 | 602.249 | 602.249 | 600.981,Mediocampista
2026-08-03,Álex Sánchez,Elche,0 | 0 | 0 | 0 | 0 | +593,"0,00% | 0,00% | 0,00% | 0,00% | 0,00% | +0,10%",,29ddías,601.574,602.324 | 602.324 | 602.324 | 602.324 | 602.324 | 600.981,Mediocampista
2026-08-03,Laro Gómez,Racing,0 | 0 | 0 | 0 | 0 | +593,"0,00% | 0,00% | 0,00% | 0,00% | 0,00% | +0,10%",,29ddías,601.574,602.234 | 602.234 | 602.234 | 602.234 | 602.234 | 600.981,Portero
2026-08-03,Mesonero,Real Madrid,0 | 0 | 0 | 0 | 0 | +692,"0,00% | 0,00% | 0,00% | 0,00% | 0,00% | +0,10%",,29ddías,701.836,702.606 | 702.606 | 702.606 | 702.606 | 702.606 | 701.144,Mediocampista
2026-08-03,Carlos Sánchez,Racing,0 | 0 | 0 | 0 | 0 | +692,"0,00% | 0,00% | 0,00% | 0,00% | 0,00% | +0,10%",,29ddías,701.836,702.606 | 702.606 | 702.606 | 702.606 | 702.606 | 701.144,Defensa
2026-08-03,Moussa,Málaga,0 | 0 | 0 | 0 | 0 | +395,"0,00% | 0,00% | 0,00% | 0,00% | 0,00% | +0,10%",,29ddías,401.049,401.498 | 401.498 | 401.498 | 401.498 | 401.498 | 400.654,Defensa
2026-08-03,Rafa Rodríguez,Málaga,0 | 0 | 0 | 0 | 0 | -247.083,"0,00% | 0,00% | 0,00% | 0,00% | 0,00% | -3,80%",,29ddías,6.263.550,6.270.426 | 6.270.426 | 6.270.426 | 6.270.426 | 6.270.426 | 6.510.633,Mediocampista
2026-08-03,Ochoa,Málaga,0 | 0 | 0 | 0 | 0 | +3.463,"0,00% | 0,00% | 0,00% | 0,00% | 0,00% | +0,10%",,29ddías,3.509.188,3.513.040 | 3.513.040 | 3.513.040 | 3.513.040 | 3.513.040 | 3.505.725,Mediocampista
2026-08-03,Juanpe,Málaga,0 | 0 | 0 | 0 | 0 | +573,"0,00% | 0,00% | 0,00% | 0,00% | 0,00% | +0,10%",,29ddías,581.293,581.931 | 581.931 | 581.931 | 581.931 | 581.931 | 580.720,Mediocampista
2026-08-03,Jauregi,Málaga,0 | 0 | 0 | 0 | 0 | +1.533,"0,00% | 0,00% | 0,00% | 0,00% | 0,00% | +0,10%",,29ddías,1.554.068,1.555.774 | 1.555.774 | 1.555.774 | 1.555.774 | 1.555.774 | 1.552.535,Delantero
2026-08-03,Jiménez,Racing,0 | 0 | 0 | 0 | 0 | +593,"0,00% | 0,00% | 0,00% | 0,00% | 0,00% | +0,10%",,29ddías,601.574,602.234 | 602.234 | 602.234 | 602.234 | 602.234 | 600.981,Portero
2026-08-03,Salinas,Racing,0 | 0 | 0 | 0 | 0 | +5.937,"0,00% | 0,00% | 0,00% | 0,00% | 0,00% | +0,10%",,29ddías,6.015.752,6.022.356 | 6.022.356 | 6.022.356 | 6.022.356 | 6.022.356 | 6.009.815,Defensa
2026-08-03,Crespo,Racing,0 | 0 | 0 | 0 | 0 | +791,"0,00% | 0,00% | 0,00% | 0,00% | 0,00% | +0,10%",,29ddías,802.099,802.979 | 802.979 | 802.979 | 802.979 | 802.979 | 801.308,Defensa
2026-08-03,Pastor,Málaga,0 | 0 | 0 | 0 | 0 | +383,"0,00% | 0,00% | 0,00% | 0,00% | 0,00% | +0,10%",,29ddías,388.681,389.116 | 389.116 | 389.116 | 389.116 | 389.116 | 388.298,Defensa
2026-08-03,Sergio Martínez,Racing,0 | 0 | 0 | 0 | 0 | +692,"0,00% | 0,00% | 0,00% | 0,00% | 0,00% | +0,10%",,29ddías,701.836,702.606 | 702.606 | 702.606 | 702.606 | 702.606 | 701.144,Mediocampista
2026-08-03,Solórzano,Racing,0 | 0 | 0 | 0 | 0 | +593,"0,00% | 0,00% | 0,00% | 0,00% | 0,00% | +0,10%",,29ddías,601.574,602.234 | 602.234 | 602.234 | 602.234 | 602.234 | 600.981,Mediocampista
2026-08-03,Canales,Racing,0 | 0 | 0 | 0 | 0 | +9.895,"0,00% | 0,00% | 0,00% | 0,00% | 0,00% | +0,10%",,29ddías,10.026.254,10.037.262 | 10.037.262 | 10.037.262 | 10.037.262 | 10.037.262 | 10.016.359,Delantero
2026-08-03,Santi Franco,Racing,0 | 0 | 0 | 0 | 0 | +692,"0,00% | 0,00% | 0,00% | 0,00% | 0,00% | +0,10%",,29ddías,701.836,702.606 | 702.606 | 702.606 | 702.606 | 702.606 | 701.144,Delantero
2026-08-03,Diego Diaz,Racing,0 | 0 | 0 | 0 | 0 | +593,"0,00% | 0,00% | 0,00% | 0,00% | 0,00% | +0,10%",,29ddías,601.574,602.234 | 602.234 | 602.234 | 602.234 | 602.234 | 600.981,Delantero
2026-08-03,Santaella,Málaga,0 | 0 | 0 | 0 | 0 | +395,"0,00% | 0,00% | 0,00% | 0,00% | 0,00% | +0,10%",,29ddías,401.049,401.498 | 401.498 | 401.498 | 401.498 | 401.498 | 400.654,Defensa
2026-08-03,Vallecillo,Racing,0 | 0 | 0 | 0 | 0 | -23.947,"0,00% | 0,00% | 0,00% | 0,00% | 0,00% | -3,42%",,29ddías,677.197,677.940 | 677.940 | 677.940 | 677.940 | 677.940 | 701.144,Mediocampista
2026-08-03,Juan Hernández,Barcelona,0 | 0 | 0 | 0 | 0 | -19.941,"0,00% | 0,00% | 0,00% | 0,00% | 0,00% | -3,32%",,29ddías,581.040,581.760 | 581.760 | 581.760 | 581.760 | 581.760 | 600.981,Mediocampista
2026-08-03,Arriaza,Málaga,0 | 0 | 0 | 0 | 0 | +395,"0,00% | 0,00% | 0,00% | 0,00% | 0,00% | +0,10%",,29ddías,401.049,401.498 | 401.498 | 401.498 | 401.498 | 401.498 | 400.654,Defensa
2026-08-03,Recio,Málaga,0 | 0 | 0 | 0 | 0 | +742,"0,00% | 0,00% | 0,00% | 0,00% | 0,00% | +0,10%",,29ddías,751.968,752.810 | 752.810 | 752.810 | 752.810 | 752.810 | 751.226,Defensa
2026-08-03,Romero,Getafe,0 | 0 | 0 | 0 | 0 | +29.687,"0,00% | 0,00% | 0,00% | 0,00% | 0,00% | +0,10%",,29ddías,30.078.766,30.116.266 | 30.116.266 | 30.116.266 | 30.116.266 | 30.116.266 | 30.049.079,Defensa
2026-08-03,Germán Parreño,Deportivo,0 | 0 | 0 | 0 | 0 | +692,"0,00% | 0,00% | 0,00% | 0,00% | 0,00% | +0,10%",,29ddías,701.836,702.633 | 702.633 | 702.633 | 702.633 | 702.633 | 701.144,Portero
2026-08-03,Boselli,Getafe,0 | 0 | 0 | 0 | 0 | +2.852,"0,00% | 0,00% | 0,00% | 0,00% | 0,00% | +0,10%",,29ddías,2.890.396,2.893.999 | 2.893.999 | 2.893.999 | 2.893.999 | 2.893.999 | 2.887.544,Defensa
2026-08-03,Sangaré,Elche,0 | 0 | 0 | 0 | 0 | +3.958,"0,00% | 0,00% | 0,00% | 0,00% | 0,00% | +0,10%",,29ddías,4.010.501,4.015.501 | 4.015.501 | 4.015.501 | 4.015.501 | 4.015.501 | 4.006.543,Defensa
2026-08-03,Lamini Fati,Real Madrid,0 | 0 | 0 | 0 | 0 | -23.947,"0,00% | 0,00% | 0,00% | 0,00% | 0,00% | -3,42%",,29ddías,677.197,677.955 | 677.955 | 677.955 | 677.955 | 677.955 | 701.144,Defensa
2026-08-03,Antañón,Celta,0 | 0 | 0 | 0 | 0 | -19.941,"0,00% | 0,00% | 0,00% | 0,00% | 0,00% | -3,32%",,29ddías,581.040,581.700 | 581.700 | 581.700 | 581.700 | 581.700 | 600.981,Mediocampista
2026-08-03,Ochieng,Real Sociedad,0 | 0 | 0 | 0 | 0 | +692,"0,00% | 0,00% | 0,00% | 0,00% | 0,00% | +0,10%",,29ddías,701.836,702.633 | 702.633 | 702.633 | 702.633 | 702.633 | 701.144,Mediocampista
2026-08-03,Morcillo,Atlético,0 | 0 | 0 | 0 | 0 | +692,"0,00% | 0,00% | 0,00% | 0,00% | 0,00% | +0,10%",,29ddías,701.836,702.702 | 702.702 | 702.702 | 702.702 | 702.702 | 701.144,Mediocampista
2026-08-03,Cubo,Atlético,0 | 0 | 0 | 0 | 0 | +593,"0,00% | 0,00% | 0,00% | 0,00% | 0,00% | +0,10%",,29ddías,601.574,602.316 | 602.316 | 602.316 | 602.316 | 602.316 | 600.981,Delantero
2026-08-03,Hugo Ríos,Deportivo,0 | 0 | 0 | 0 | 0 | +890,"0,00% | 0,00% | 0,00% | 0,00% | 0,00% | +0,10%",,29ddías,902.361,903.386 | 903.386 | 903.386 | 903.386 | 903.386 | 901.471,Portero
2026-08-03,Teijo,Deportivo,0 | 0 | 0 | 0 | 0 | +593,"0,00% | 0,00% | 0,00% | 0,00% | 0,00% | +0,10%",,29ddías,601.574,602.257 | 602.257 | 602.257 | 602.257 | 602.257 | 600.981,Defensa
2026-08-03,Galilea,Málaga,0 | 0 | 0 | 0 | 0 | +4.205,"0,00% | 0,00% | 0,00% | 0,00% | 0,00% | +0,10%",,29ddías,4.261.157,4.265.932 | 4.265.932 | 4.265.932 | 4.265.932 | 4.265.932 | 4.256.952,Defensa
2026-08-03,Canedo,Deportivo,0 | 0 | 0 | 0 | 0 | +593,"0,00% | 0,00% | 0,00% | 0,00% | 0,00% | +0,10%",,29ddías,601.574,602.257 | 602.257 | 602.257 | 602.257 | 602.257 | 600.981,Defensa
2026-08-03,Samu Fernández,Deportivo,0 | 0 | 0 | 0 | 0 | +692,"0,00% | 0,00% | 0,00% | 0,00% | 0,00% | +0,10%",,29ddías,701.836,702.633 | 702.633 | 702.633 | 702.633 | 702.633 | 701.144,Defensa
2026-08-03,Noé Carrillo,Deportivo,0 | 0 | 0 | 0 | 0 | +692,"0,00% | 0,00% | 0,00% | 0,00% | 0,00% | +0,10%",,29ddías,701.836,702.633 | 702.633 | 702.633 | 702.633 | 702.633 | 701.144,Mediocampista
2026-08-03,Rubén López,Deportivo,0 | 0 | 0 | 0 | 0 | +494,"0,00% | 0,00% | 0,00% | 0,00% | 0,00% | +0,10%",,29ddías,501.311,501.880 | 501.880 | 501.880 | 501.880 | 501.880 | 500.817,Mediocampista
2026-08-03,Bil Nsongo,Deportivo,0 | 0 | 0 | 0 | 0 | +6.432,"0,00% | 0,00% | 0,00% | 0,00% | 0,00% | +0,10%",,29ddías,6.517.065,6.524.473 | 6.524.473 | 6.524.473 | 6.524.473 | 6.524.473 | 6.510.633,Delantero
2026-08-03,Osorio,Elche,0 | 0 | 0 | 0 | 0 | +1.385,"0,00% | 0,00% | 0,00% | 0,00% | 0,00% | +0,10%",,29ddías,1.403.675,1.405.425 | 1.405.425 | 1.405.425 | 1.405.425 | 1.405.425 | 1.402.290,Delantero
2026-08-03,Céspedes,Málaga,0 | 0 | 0 | 0 | 0 | +395,"0,00% | 0,00% | 0,00% | 0,00% | 0,00% | +0,10%",,29ddías,401.049,401.498 | 401.498 | 401.498 | 401.498 | 401.498 | 400.654,Portero
2026-08-03,Rafa GarridoRafita,Málaga,0 | 0 | 0 | 0 | 0 | +4.947,"0,00% | 0,00% | 0,00% | 0,00% | 0,00% | +0,10%",,29ddías,5.013.126,5.018.744 | 5.018.744 | 5.018.744 | 5.018.744 | 5.018.744 | 5.008.179,Defensa
2026-08-03,Espart,Barcelona,0 | 0 | 0 | 0 | 0 | +692,"0,00% | 0,00% | 0,00% | 0,00% | 0,00% | +0,10%",,29ddías,701.836,702.705 | 702.705 | 702.705 | 702.705 | 702.705 | 701.144,Defensa
2026-08-03,Folgado,Real Sociedad,0 | 0 | 0 | 0 | 0 | +692,"0,00% | 0,00% | 0,00% | 0,00% | 0,00% | +0,10%",,29ddías,701.836,702.606 | 702.606 | 702.606 | 702.606 | 702.606 | 701.144,Portero
2026-08-03,Adrián Pérez,Athletic,0 | 0 | 0 | 0 | 0 | +593,"0,00% | 0,00% | 0,00% | 0,00% | 0,00% | +0,10%",,29ddías,601.574,602.257 | 602.257 | 602.257 | 602.257 | 602.257 | 600.981,Delantero
2026-08-03,Alberto,Sevilla,0 | 0 | 0 | 0 | 0 | +692,"0,00% | 0,00% | 0,00% | 0,00% | 0,00% | +0,10%",,29ddías,701.836,702.633 | 702.633 | 702.633 | 702.633 | 702.633 | 701.144,Portero
2026-08-03,Mario Martín,Getafe,0 | 0 | 0 | 0 | 0 | +3.958,"0,00% | 0,00% | 0,00% | 0,00% | 0,00% | +0,10%",,29ddías,4.010.501,4.015.472 | 4.015.472 | 4.015.472 | 4.015.472 | 4.015.472 | 4.006.543,Mediocampista
2026-08-03,Martín,Barcelona,0 | 0 | 0 | 0 | 0 | +30.082,"0,00% | 0,00% | 0,00% | 0,00% | 0,00% | +0,10%",,29ddías,30.479.815,30.517.596 | 30.517.596 | 30.517.596 | 30.517.596 | 30.517.596 | 30.449.733,Defensa
2026-08-03,Javi Rodríguez,Celta,0 | 0 | 0 | 0 | 0 | +9.895,"0,00% | 0,00% | 0,00% | 0,00% | 0,00% | +0,10%",,29ddías,10.026.254,10.037.652 | 10.037.652 | 10.037.652 | 10.037.652 | 10.037.652 | 10.016.359,Defensa
2026-08-03,Jon Martín,Real Sociedad,0 | 0 | 0 | 0 | 0 | +29.687,"0,00% | 0,00% | 0,00% | 0,00% | 0,00% | +0,10%",,29ddías,30.078.766,30.111.790 | 30.111.790 | 30.111.790 | 30.111.790 | 30.111.790 | 30.049.079,Defensa
2026-08-03,Iturbe,Elche,0 | 0 | 0 | 0 | 0 | +791,"0,00% | 0,00% | 0,00% | 0,00% | 0,00% | +0,10%",,29ddías,802.099,802.099 | 802.099 | 802.099 | 802.099 | 802.099 | 801.308,Portero
2026-08-03,Otorbi,Valencia,0 | 0 | 0 | 0 | 0 | +593,"0,00% | 0,00% | 0,00% | 0,00% | 0,00% | +0,10%",,29ddías,601.574,602.292 | 602.292 | 602.292 | 602.292 | 602.292 | 600.981,Delantero
2026-08-03,Manu González,Betis,0 | 0 | 0 | 0 | 0 | -19.941,"0,00% | 0,00% | 0,00% | 0,00% | 0,00% | -3,32%",,29ddías,581.040,581.691 | 581.691 | 581.691 | 581.691 | 581.691 | 600.981,Portero
2026-08-03,Alfon,Sevilla,0 | 0 | 0 | 0 | 0 | +6.926,"0,00% | 0,00% | 0,00% | 0,00% | 0,00% | +0,10%",,29ddías,7.018.377,7.026.761 | 7.026.761 | 7.026.761 | 7.026.761 | 7.026.761 | 7.011.451,Delantero
2026-08-03,Risco,Getafe,0 | 0 | 0 | 0 | 0 | +692,"0,00% | 0,00% | 0,00% | 0,00% | 0,00% | +0,10%",,29ddías,701.836,702.705 | 702.705 | 702.705 | 702.705 | 702.705 | 701.144,Mediocampista
2026-08-03,De la Sías,Rayo,0 | 0 | 0 | 0 | 0 | +593,"0,00% | 0,00% | 0,00% | 0,00% | 0,00% | +0,10%",,29ddías,601.574,602.234 | 602.234 | 602.234 | 602.234 | 602.234 | 600.981,Defensa
2026-08-03,Cabanes,Villarreal,0 | 0 | 0 | 0 | 0 | +593,"0,00% | 0,00% | 0,00% | 0,00% | 0,00% | +0,10%",,29ddías,601.574,602.292 | 602.292 | 602.292 | 602.292 | 602.292 | 600.981,Delantero
2026-08-03,Padilla,Athletic,0 | 0 | 0 | 0 | 0 | +1.484,"0,00% | 0,00% | 0,00% | 0,00% | 0,00% | +0,10%",,29ddías,1.503.937,1.505.588 | 1.505.588 | 1.505.588 | 1.505.588 | 1.505.588 | 1.502.453,Portero
2026-08-03,Szczesny,Barcelona,0 | 0 | 0 | 0 | 0 | +3.166,"0,00% | 0,00% | 0,00% | 0,00% | 0,00% | +0,10%",,29ddías,3.208.400,3.208.400 | 3.208.400 | 3.208.400 | 3.208.400 | 3.208.400 | 3.205.234,Portero
2026-08-03,Spina,Atlético,0 | 0 | 0 | 0 | 0 | +692,"0,00% | 0,00% | 0,00% | 0,00% | 0,00% | +0,10%",,29ddías,701.836,702.702 | 702.702 | 702.702 | 702.702 | 702.702 | 701.144,Defensa
2026-08-03,Toni Fernández,Barcelona,0 | 0 | 0 | 0 | 0 | +593,"0,00% | 0,00% | 0,00% | 0,00% | 0,00% | +0,10%",,29ddías,601.574,602.319 | 602.319 | 602.319 | 602.319 | 602.319 | 600.981,Delantero
2026-08-03,Guille,Barcelona,0 | 0 | 0 | 0 | 0 | +692,"0,00% | 0,00% | 0,00% | 0,00% | 0,00% | +0,10%",,29ddías,701.836,702.705 | 702.705 | 702.705 | 702.705 | 702.705 | 701.144,Mediocampista
2026-08-03,El-Abdellaoui,Celta,0 | 0 | 0 | 0 | 0 | +1.286,"0,00% | 0,00% | 0,00% | 0,00% | 0,00% | +0,10%",,29ddías,1.303.412,1.304.893 | 1.304.893 | 1.304.893 | 1.304.893 | 1.304.893 | 1.302.126,Delantero
2026-08-03,Lago,Celta,0 | 0 | 0 | 0 | 0 | +692,"0,00% | 0,00% | 0,00% | 0,00% | 0,00% | +0,10%",,29ddías,701.836,702.633 | 702.633 | 702.633 | 702.633 | 702.633 | 701.144,Defensa
2026-08-03,Mestre,Real Madrid,0 | 0 | 0 | 0 | 0 | +668,"0,00% | 0,00% | 0,00% | 0,00% | 0,00% | +0,10%",,29ddías,677.102,677.860 | 677.860 | 677.860 | 677.860 | 677.860 | 676.434,Portero
2026-08-03,Jiménez,Real Madrid,0 | 0 | 0 | 0 | 0 | +593,"0,00% | 0,00% | 0,00% | 0,00% | 0,00% | +0,10%",,29ddías,601.574,602.248 | 602.248 | 602.248 | 602.248 | 602.248 | 600.981,Defensa
2026-08-03,Rubén Gómez,Villarreal,0 | 0 | 0 | 0 | 0 | +593,"0,00% | 0,00% | 0,00% | 0,00% | 0,00% | +0,10%",,29ddías,601.574,602.292 | 602.292 | 602.292 | 602.292 | 602.292 | 600.981,Portero
2026-08-03,Rayane,Atlético,0 | 0 | 0 | 0 | 0 | -23.947,"0,00% | 0,00% | 0,00% | 0,00% | 0,00% | -3,42%",,29ddías,677.197,678.006 | 678.006 | 678.006 | 678.006 | 678.006 | 701.144,Delantero
2026-08-03,Ferrer,Getafe,0 | 0 | 0 | 0 | 0 | +692,"0,00% | 0,00% | 0,00% | 0,00% | 0,00% | +0,10%",,29ddías,701.836,702.705 | 702.705 | 702.705 | 702.705 | 702.705 | 701.144,Portero
2026-08-03,Losada,Betis,0 | 0 | 0 | 0 | 0 | +2.473,"0,00% | 0,00% | 0,00% | 0,00% | 0,00% | +0,10%",,29ddías,2.506.562,2.509.378 | 2.509.378 | 2.509.378 | 2.509.378 | 2.509.378 | 2.504.089,Delantero
2026-08-03,Ortiz,Betis,0 | 0 | 0 | 0 | 0 | +1.682,"0,00% | 0,00% | 0,00% | 0,00% | 0,00% | +0,10%",,29ddías,1.704.462,1.706.372 | 1.706.372 | 1.706.372 | 1.706.372 | 1.706.372 | 1.702.780,Defensa
2026-08-03,Kike Barja,Osasuna,0 | 0 | 0 | 0 | 0 | +2.770,"0,00% | 0,00% | 0,00% | 0,00% | 0,00% | +0,10%",,29ddías,2.807.349,2.810.828 | 2.810.828 | 2.810.828 | 2.810.828 | 2.810.828 | 2.804.579,Delantero
2026-08-03,Agirrezabala,Athletic,0 | 0 | 0 | 0 | 0 | +2.869,"0,00% | 0,00% | 0,00% | 0,00% | 0,00% | +0,10%",,29ddías,2.907.612,2.911.085 | 2.911.085 | 2.911.085 | 2.911.085 | 2.911.085 | 2.904.743,Portero
2026-08-03,Villalibre,Racing,0 | 0 | 0 | 0 | 0 | +7.421,"0,00% | 0,00% | 0,00% | 0,00% | 0,00% | +0,10%",,29ddías,7.519.690,7.527.946 | 7.527.946 | 7.527.946 | 7.527.946 | 7.527.946 | 7.512.269,Delantero
2026-08-03,Koke,Atlético,0 | 0 | 0 | 0 | 0 | +17.515,"0,00% | 0,00% | 0,00% | 0,00% | 0,00% | +0,10%",,29ddías,17.746.471,17.767.671 | 17.767.671 | 17.767.671 | 17.767.671 | 17.767.671 | 17.728.956,Mediocampista
2026-08-03,A. Christensen,Barcelona,0 | 0 | 0 | 0 | 0 | +4.947,"0,00% | 0,00% | 0,00% | 0,00% | 0,00% | +0,10%",,29ddías,5.013.126,5.019.340 | 5.019.340 | 5.019.340 | 5.019.340 | 5.019.340 | 5.008.179,Defensa
2026-08-03,Chust,Elche,0 | 0 | 0 | 0 | 0 | +4.947,"0,00% | 0,00% | 0,00% | 0,00% | 0,00% | +0,10%",,29ddías,5.013.126,5.019.376 | 5.019.376 | 5.019.376 | 5.019.376 | 5.019.376 | 5.008.179,Defensa
2026-08-03,Dotor,Málaga,0 | 0 | 0 | 0 | 0 | +3.958,"0,00% | 0,00% | 0,00% | 0,00% | 0% | +0,10%",,29ddías,4.010.501,4.014.904 | 4.014.904 | 4.014.904 | 4.014.904 | 0 | 4.006.543,Mediocampista
2026-08-03,Djené,Getafe,0 | 0 | 0 | 0 | 0 | +8.312,"0,00% | 0,00% | 0,00% | 0,00% | 0,00% | +0,10%",,29ddías,8.422.053,8.432.492 | 8.432.492 | 8.432.492 | 8.432.492 | 8.432.492 | 8.413.741,Defensa
2026-08-03,Soria,Getafe,0 | 0 | 0 | 0 | 0 | -760.254,"0,00% | 0,00% | 0,00% | 0,00% | 0,00% | -3,80%",,29ddías,19.272.465,19.296.354 | 19.296.354 | 19.296.354 | 19.296.354 | 19.296.354 | 20.032.719,Portero
2026-08-03,Iglesias,Sevilla,0 | 0 | 0 | 0 | 0 | +12.369,"0,00% | 0,00% | 0,00% | 0,00% | 0,00% | +0,10%",,29ddías,12.532.818,12.548.352 | 12.548.352 | 12.548.352 | 12.548.352 | 12.548.352 | 12.520.449,Defensa
2026-08-03,Villar,Elche,0 | 0 | 0 | 0 | 0 | +6.926,"0,00% | 0,00% | 0,00% | 0,00% | 0,00% | +0,10%",,29ddías,7.018.377,7.027.127 | 7.027.127 | 7.027.127 | 7.027.127 | 7.027.127 | 7.011.451,Mediocampista
2026-08-03,Dimitrievski,Valencia,0 | 0 | 0 | 0 | 0 | +11.874,"0,00% | 0,00% | 0,00% | 0,00% | 0,00% | +0,10%",,29ddías,12.031.505,12.045.877 | 12.045.877 | 12.045.877 | 12.045.877 | 12.045.877 | 12.019.631,Portero
2026-08-03,Carlos Martín,Atlético,0 | 0 | 0 | 0 | 0 | +2.187,"0,00% | 0,00% | 0,00% | 0,00% | 0,00% | +0,10%",,29ddías,2.215.971,2.218.490 | 2.218.490 | 2.218.490 | 2.218.490 | 2.218.490 | 2.213.784,Mediocampista
2026-08-03,Fraga,Real Sociedad,0 | 0 | 0 | 0 | 0 | +593,"0,00% | 0,00% | 0,00% | 0,00% | 0,00% | +0,10%",,29ddías,601.574,602.234 | 602.234 | 602.234 | 602.234 | 602.234 | 600.981,Portero
2026-08-03,Pedrosa,Sevilla,0 | 0 | 0 | 0 | 0 | +3.265,"0,00% | 0,00% | 0,00% | 0,00% | 0,00% | +0,10%",,29ddías,3.308.663,3.312.788 | 3.312.788 | 3.312.788 | 3.312.788 | 3.312.788 | 3.305.398,Defensa
2026-08-03,Rafa Mir,Sevilla,0 | 0 | 0 | 0 | 0 | +6.926,"0,00% | 0,00% | 0,00% | 0,00% | 0,00% | +0,10%",,29ddías,7.018.377,7.027.127 | 7.027.127 | 7.027.127 | 7.027.127 | 7.027.127 | 7.011.451,Delantero
2026-08-03,Manu Bueno,Sevilla,0 | 0 | 0 | 0 | 0 | +791,"0,00% | 0,00% | 0,00% | 0,00% | 0,00% | +0,10%",,29ddías,802.099,802.099 | 802.099 | 802.099 | 802.099 | 802.099 | 801.308,Mediocampista
2026-08-03,Hugo González,Celta,0 | 0 | 0 | 0 | 0 | +1.484,"0,00% | 0,00% | 0,00% | 0,00% | 0,00% | +0,10%",,29ddías,1.503.937,1.505.646 | 1.505.646 | 1.505.646 | 1.505.646 | 1.505.646 | 1.502.453,Mediocampista
2026-08-03,Iranzo,Valencia,0 | 0 | 0 | 0 | 0 | +593,"0,00% | 0,00% | 0,00% | 0,00% | 0,00% | +0,10%",,29ddías,601.574,602.292 | 602.292 | 602.292 | 602.292 | 602.292 | 600.981,Defensa
2026-08-03,Terrats,Getafe,0 | 0 | 0 | 0 | 0 | +2.770,"0,00% | 0,00% | 0,00% | 0,00% | 0,00% | +0,10%",,29ddías,2.807.349,2.810.495 | 2.810.495 | 2.810.495 | 2.810.495 | 2.810.495 | 2.804.579,Mediocampista
2026-08-03,Monreal,Athletic,0 | 0 | 0 | 0 | 0 | +593,"0,00% | 0,00% | 0,00% | 0,00% | 0,00% | +0,10%",,29ddías,601.574,602.257 | 602.257 | 602.257 | 602.257 | 602.257 | 600.981,Defensa
2026-08-03,Joan Garcia,Barcelona,0 | 0 | 0 | 0 | 0 | +49.478,"0,00% | 0,00% | 0,00% | 0,00% | 0,00% | +0,10%",,29ddías,50.131.277,50.193.416 | 50.193.416 | 50.193.416 | 50.193.416 | 50.193.416 | 50.081.799,Portero
2026-08-03,Calero,Málaga,0 | 0 | 0 | 0 | 0 | +3.463,"0,00% | 0,00% | 0,00% | 0,00% | 0,00% | +0,10%",,29ddías,3.509.188,3.513.120 | 3.513.120 | 3.513.120 | 3.513.120 | 3.513.120 | 3.505.725,Defensa
2026-08-03,Mendy,Rayo,0 | 0 | 0 | 0 | 0 | +5.937,"0,00% | 0,00% | 0,00% | 0,00% | 0,00% | +0,10%",,29ddías,6.015.752,6.022.356 | 6.022.356 | 6.022.356 | 6.022.356 | 6.022.356 | 6.009.815,Defensa
2026-08-03,Valou,Getafe,0 | 0 | 0 | 0 | 0 | +593,"0,00% | 0,00% | 0,00% | 0,00% | 0,00% | +0,10%",,29ddías,601.574,602.292 | 602.292 | 602.292 | 602.292 | 602.292 | 600.981,Defensa
2026-08-03,Osambela,Osasuna,0 | 0 | 0 | 0 | 0 | +494,"0,00% | 0,00% | 0,00% | 0,00% | 0,00% | +0,10%",,29ddías,501.311,501.932 | 501.932 | 501.932 | 501.932 | 501.932 | 500.817,Mediocampista
2026-08-03,Hugo López,Villarreal,0 | 0 | 0 | 0 | 0 | +478,"0,00% | 0,00% | 0,00% | 0,00% | 0,00% | +0,10%",,29ddías,484.821,485.400 | 485.400 | 485.400 | 485.400 | 485.400 | 484.343,Mediocampista
2026-08-03,Echegoyen,Osasuna,0 | 0 | 0 | 0 | 0 | -19.130,"0,00% | 0,00% | 0,00% | 0,00% | 0,00% | -3,29%",,29ddías,561.590,562.286 | 562.286 | 562.286 | 562.286 | 562.286 | 580.720,Mediocampista
2026-08-03,Josan,Elche,0 | 0 | 0 | 0 | 0 | +1.187,"0,00% | 0,00% | 0,00% | 0,00% | 0,00% | +0,10%",,29ddías,1.203.150,1.204.650 | 1.204.650 | 1.204.650 | 1.204.650 | 1.204.650 | 1.201.963,Mediocampista
2026-08-03,Davinchi,Getafe,0 | 0 | 0 | 0 | 0 | +2.968,"0,00% | 0,00% | 0,00% | 0,00% | 0,00% | +0,10%",,29ddías,3.007.875,3.011.603 | 3.011.603 | 3.011.603 | 3.011.603 | 3.011.603 | 3.004.907,Defensa
2026-08-03,Mastantuono,Real Madrid,0 | 0 | 0 | 0 | 0 | +9.895,"0,00% | 0,00% | 0,00% | 0,00% | 0,00% | +0,10%",,29ddías,10.026.254,10.037.262 | 10.037.262 | 10.037.262 | 10.037.262 | 10.037.262 | 10.016.359,Delantero
2026-08-03,Aller,Barcelona,0 | 0 | 0 | 0 | 0 | +692,"0,00% | 0,00% | 0,00% | 0,00% | 0,00% | +0,10%",,29ddías,701.836,702.705 | 702.705 | 702.705 | 702.705 | 702.705 | 701.144,Portero
2026-08-03,Martínez Bastida,Elche,0 | 0 | 0 | 0 | 0 | +593,"0,00% | 0,00% | 0,00% | 0,00% | 0,00% | +0,10%",,29ddías,601.574,602.324 | 602.324 | 602.324 | 602.324 | 602.324 | 600.981,Mediocampista
2026-08-03,Taufik,Atlético,0 | 0 | 0 | 0 | 0 | +593,"0,00% | 0,00% | 0,00% | 0,00% | 0,00% | +0,10%",,29ddías,601.574,602.316 | 602.316 | 602.316 | 602.316 | 602.316 | 600.981,Mediocampista
2026-08-03,Adam Boayar,Elche,0 | 0 | 0 | 0 | 0 | +692,"0,00% | 0,00% | 0,00% | 0,00% | 0,00% | +0,10%",,29ddías,701.836,702.711 | 702.711 | 702.711 | 702.711 | 702.711 | 701.144,Mediocampista
2026-08-03,Santos,Athletic,0 | 0 | 0 | 0 | 0 | +692,"0,00% | 0,00% | 0,00% | 0,00% | 0,00% | +0,10%",,29ddías,701.836,702.606 | 702.606 | 702.606 | 702.606 | 702.606 | 701.144,Portero
2026-08-03,Krug,Levante,0 | 0 | 0 | 0 | 0 | +593,"0,00% | 0,00% | 0,00% | 0,00% | 0,00% | +0,10%",,29ddías,601.574,602.249 | 602.249 | 602.249 | 602.249 | 602.249 | 600.981,Defensa
2026-08-03,Navarro,Valencia,0 | 0 | 0 | 0 | 0 | +494,"0,00% | 0,00% | 0,00% | 0,00% | 0,00% | +0,10%",,29ddías,501.311,501.909 | 501.909 | 501.909 | 501.909 | 501.909 | 500.817,Defensa
2026-08-03,Becerra,Rayo,0 | 0 | 0 | 0 | 0 | -19.941,"0,00% | 0,00% | 0,00% | 0,00% | 0,00% | -3,32%",,29ddías,581.040,581.700 | 581.700 | 581.700 | 581.700 | 581.700 | 600.981,Mediocampista
2026-08-03,Oso,Sevilla,0 | 0 | 0 | 0 | 0 | +13.853,"0,00% | 0,00% | 0,00% | 0,00% | 0,00% | +0,10%",,29ddías,14.036.756,14.053.332 | 14.053.332 | 14.053.332 | 14.053.332 | 14.053.332 | 14.022.903,Defensa
2026-08-03,Álex Costa,Sevilla,0 | 0 | 0 | 0 | 0 | +593,"0,00% | 0,00% | 0,00% | 0,00% | 0,00% | +0,10%",,29ddías,601.574,602.284 | 602.284 | 602.284 | 602.284 | 602.284 | 600.981,Delantero
2026-08-03,Riedel,Espanyol,0 | 0 | 0 | 0 | 0 | +5.442,"0,00% | 0,00% | 0,00% | 0,00% | 0,00% | +0,10%",,29ddías,5.514.439,5.520.618 | 5.520.618 | 5.520.618 | 5.520.618 | 5.520.618 | 5.508.997,Defensa
2026-08-03,Vlachodimos,Sevilla,0 | 0 | 0 | 0 | 0 | +14.843,"0,00% | 0,00% | 0,00% | 0,00% | 0,00% | +0,10%",,29ddías,15.039.382,15.056.479 | 15.056.479 | 15.056.479 | 15.056.479 | 15.056.479 | 15.024.539,Portero
2026-08-03,Ryan,Levante,0 | 0 | 0 | 0 | 0 | +13.359,"0,00% | 0,00% | 0,00% | 0,00% | 0,00% | +0,10%",,29ddías,13.535.444,13.550.652 | 13.550.652 | 13.550.652 | 13.550.652 | 13.550.652 | 13.522.085,Portero
2026-08-03,Blázquez,Valencia,0 | 0 | 0 | 0 | 0 | +573,"0,00% | 0,00% | 0,00% | 0,00% | 0,00% | +0,10%",,29ddías,580.962,581.656 | 581.656 | 581.656 | 581.656 | 581.656 | 580.389,Delantero
2026-08-03,Sierra,Sevilla,0 | 0 | 0 | 0 | 0 | +593,"0,00% | 0,00% | 0,00% | 0,00% | 0,00% | +0,10%",,29ddías,601.574,602.284 | 602.284 | 602.284 | 602.284 | 602.284 | 600.981,Delantero
2026-08-03,Altozano,Sevilla,0 | 0 | 0 | 0 | 0 | +593,"0,00% | 0,00% | 0,00% | 0,00% | 0,00% | +0,10%",,29ddías,601.574,602.284 | 602.284 | 602.284 | 602.284 | 602.284 | 600.981,Mediocampista
2026-08-03,Nacho Pérez,Levante,0 | 0 | 0 | 0 | 0 | -19.941,"0,00% | 0,00% | 0,00% | 0,00% | 0,00% | -3,32%",,29ddías,581.040,581.692 | 581.692 | 581.692 | 581.692 | 581.692 | 600.981,Defensa
2026-08-03,Corralejo,Betis,0 | 0 | 0 | 0 | 0 | +593,"0,00% | 0,00% | 0,00% | 0,00% | 0,00% | +0,10%",,29ddías,601.574,602.248 | 602.248 | 602.248 | 602.248 | 602.248 | 600.981,Mediocampista
2026-08-03,Niculaesei,Elche,0 | 0 | 0 | 0 | 0 | +791,"0,00% | 0,00% | 0,00% | 0,00% | 0,00% | +0,10%",,29ddías,802.099,803.099 | 803.099 | 803.099 | 803.099 | 803.099 | 801.308,Defensa
2026-08-03,Vertrouwd,Rayo,0 | 0 | 0 | 0 | 0 | +989,"0,00% | 0,00% | 0,00% | 0,00% | 0,00% | +0,10%",,29ddías,1.002.625,1.003.725 | 1.003.725 | 1.003.725 | 1.003.725 | 1.003.725 | 1.001.636,Defensa
2026-08-03,Juanpe,Rayo,0 | 0 | 0 | 0 | 0 | +593,"0,00% | 0,00% | 0,00% | 0,00% | 0,00% | +0,10%",,29ddías,601.574,602.234 | 602.234 | 602.234 | 602.234 | 602.234 | 600.981,Portero
2026-08-03,Molina,Rayo,0 | 0 | 0 | 0 | 0 | +593,"0,00% | 0,00% | 0,00% | 0,00% | 0,00% | +0,10%",,29ddías,601.574,602.234 | 602.234 | 602.234 | 602.234 | 602.234 | 600.981,Portero
2026-08-03,Yáñez,Real Madrid,0 | 0 | 0 | 0 | 0 | +692,"0,00% | 0,00% | 0,00% | 0,00% | 0,00% | +0,10%",,29ddías,701.836,702.606 | 702.606 | 702.606 | 702.606 | 702.606 | 701.144,Delantero
2026-08-03,D. Aguado,Real Madrid,0 | 0 | 0 | 0 | 0 | +763,"0,00% | 0,00% | 0,00% | 0,00% | 0,00% | +0,10%",,29ddías,773.243,774.109 | 774.109 | 774.109 | 774.109 | 774.109 | 772.480,Defensa
2026-08-03,Fran González,Sevilla,0 | 0 | 0 | 0 | 0 | +692,"0,00% | 0,00% | 0,00% | 0,00% | 0,00% | +0,10%",,29ddías,701.836,702.622 | 702.622 | 702.622 | 702.622 | 702.622 | 701.144,Portero
2026-08-03,Mariezkurrena,Real Sociedad,0 | 0 | 0 | 0 | 0 | -23.947,"0,00% | 0,00% | 0,00% | 0,00% | 0,00% | -3,42%",,29ddías,677.197,677.966 | 677.966 | 677.966 | 677.966 | 677.966 | 701.144,Delantero
2026-08-03,Castrín,Sevilla,0 | 0 | 0 | 0 | 0 | +4.754,"0,00% | 0,00% | 0,00% | 0,00% | 0,00% | +0,10%",,29ddías,4.817.328,4.823.016 | 4.823.016 | 4.823.016 | 4.823.016 | 4.823.016 | 4.812.574,Defensa
2026-08-03,Rafa,Sevilla,0 | 0 | 0 | 0 | 0 | +593,"0,00% | 0,00% | 0,00% | 0,00% | 0,00% | +0,10%",,29ddías,601.574,602.257 | 602.257 | 602.257 | 602.257 | 602.257 | 600.981,Portero
2026-08-03,Diatta,Villarreal,0 | 0 | 0 | 0 | 0 | +573,"0,00% | 0,00% | 0,00% | 0,00% | 0,00% | +0,10%",,29ddías,580.962,581.656 | 581.656 | 581.656 | 581.656 | 581.656 | 580.389,Mediocampista
2026-08-03,Pablo García,Betis,0 | 0 | 0 | 0 | 0 | +2.473,"0,00% | 0,00% | 0,00% | 0,00% | 0,00% | +0,10%",,29ddías,2.506.562,2.509.371 | 2.509.371 | 2.509.371 | 2.509.371 | 2.509.371 | 2.504.089,Delantero
2026-08-03,Bekhoucha,Getafe,0 | 0 | 0 | 0 | 0 | +1.088,"0,00% | 0,00% | 0,00% | 0,00% | 0,00% | +0,10%",,29ddías,1.102.887,1.104.254 | 1.104.254 | 1.104.254 | 1.104.254 | 1.104.254 | 1.101.799,Defensa
2026-08-03,Arguibide,Osasuna,0 | 0 | 0 | 0 | 0 | +573,"0,00% | 0,00% | 0,00% | 0,00% | 0,00% | +0,10%",,29ddías,581.293,582.013 | 582.013 | 582.013 | 582.013 | 582.013 | 580.720,Defensa
2026-08-03,Fortuny,Real Madrid,0 | 0 | 0 | 0 | 0 | +593,"0,00% | 0,00% | 0,00% | 0,00% | 0,00% | +0,10%",,29ddías,601.574,602.234 | 602.234 | 602.234 | 602.234 | 602.234 | 600.981,Mediocampista
2026-08-03,Primo,Levante,0 | 0 | 0 | 0 | 0 | +1.088,"0,00% | 0,00% | 0,00% | 0,00% | 0,00% | +0,10%",,29ddías,1.102.887,1.104.126 | 1.104.126 | 1.104.126 | 1.104.126 | 1.104.126 | 1.101.799,Portero
2026-08-03,Vencedor,Athletic,0 | 0 | 0 | 0 | 0 | +2.177,"0,00% | 0,00% | 0,00% | 0,00% | 0,00% | +0,10%",,29ddías,2.205.775,2.208.253 | 2.208.253 | 2.208.253 | 2.208.253 | 2.208.253 | 2.203.598,Mediocampista
2026-08-03,Febas,Celta,0 | 0 | 0 | 0 | 0 | +24.739,"0,00% | 0,00% | 0,00% | 0,00% | 0,00% | +0,10%",,29ddías,25.065.638,25.096.888 | 25.096.888 | 25.096.888 | 25.096.888 | 25.096.888 | 25.040.899,Mediocampista
2026-08-03,De la Fuente,Levante,0 | 0 | 0 | 0 | 0 | +13.853,"0,00% | 0,00% | 0,00% | 0,00% | 0,00% | +0,10%",,29ddías,14.036.756,14.052.528 | 14.052.528 | 14.052.528 | 14.052.528 | 14.052.528 | 14.022.903,Defensa
2026-08-03,Luiz Felipe,Rayo,0 | 0 | 0 | 0 | 0 | +4.057,"0,00% | 0,00% | 0,00% | 0,00% | 0,00% | +0,10%",,29ddías,4.110.764,4.115.277 | 4.115.277 | 4.115.277 | 4.115.277 | 4.115.277 | 4.106.707,Defensa
2026-08-03,Fortea,Real Madrid,0 | 0 | 0 | 0 | 0 | +791,"0,00% | 0,00% | 0,00% | 0,00% | 0,00% | +0,10%",,29ddías,802.099,802.099 | 802.099 | 802.099 | 802.099 | 802.099 | 801.308,Defensa
2026-08-03,Rego,Athletic,0 | 0 | 0 | 0 | 0 | +4.947,"0,00% | 0,00% | 0,00% | 0,00% | 0,00% | +0,10%",,29ddías,5.013.126,5.018.825 | 5.018.825 | 5.018.825 | 5.018.825 | 5.018.825 | 5.008.179,Defensa
2026-08-03,Esquivel,Atlético,0 | 0 | 0 | 0 | 0 | +593,"0,00% | 0,00% | 0,00% | 0,00% | 0,00% | +0,10%",,29ddías,601.574,602.292 | 602.292 | 602.292 | 602.292 | 602.292 | 600.981,Portero
2026-08-03,Torrents,Barcelona,0 | 0 | 0 | 0 | 0 | +593,"0,00% | 0,00% | 0,00% | 0,00% | 0,00% | +0,10%",,29ddías,601.574,602.319 | 602.319 | 602.319 | 602.319 | 602.319 | 600.981,Defensa
2026-08-03,Joselu,Getafe,0 | 0 | 0 | 0 | 0 | +593,"0,00% | 0,00% | 0,00% | 0,00% | 0,00% | +0,10%",,29ddías,601.574,602.319 | 602.319 | 602.319 | 602.319 | 602.319 | 600.981,Delantero
2026-08-03,Cortés,Levante,0 | 0 | 0 | 0 | 0 | +791,"0,00% | 0,00% | 0,00% | 0,00% | 0,00% | +0,10%",,29ddías,802.099,803.000 | 803.000 | 803.000 | 803.000 | 803.000 | 801.308,Delantero
2026-08-03,Thiago,Real Madrid,0 | 0 | 0 | 0 | 0 | +6.926,"0,00% | 0,00% | 0,00% | 0,00% | 0,00% | +0,10%",,29ddías,7.018.377,7.026.082 | 7.026.082 | 7.026.082 | 7.026.082 | 7.026.082 | 7.011.451,Mediocampista
2026-08-03,Javi López,Real Sociedad,0 | 0 | 0 | 0 | 0 | 0,0% | 0% | 0% | 0% | 0% | 0%,,34ddías,1.656.670,0 | 0 | 0 | 0 | 0 | 0,Defensa
2026-08-03,Carlos Espí,Real Madrid,0 | 0 | 0 | 0 | 0 | 0,0% | 0% | 0% | 0% | 0% | 0%,,34ddías,3.531.129,0 | 0 | 0 | 0 | 0 | 0,Delantero
2026-08-03,Guido,Valencia,0 | 0 | 0 | 0 | 0 | 0,0% | 0% | 0% | 0% | 0% | 0%,,34ddías,1.925.541,0 | 0 | 0 | 0 | 0 | 0,Mediocampista
2026-08-03,Thiago,Villarreal,0 | 0 | 0 | 0 | 0 | 0,0% | 0% | 0% | 0% | 0% | 0%,,34ddías,1.660.575,0 | 0 | 0 | 0 | 0 | 0,Mediocampista
2026-08-03,Satriano,Getafe,0 | 0 | 0 | 0 | 0 | 0,0% | 0% | 0% | 0% | 0% | 0%,,34ddías,4.336.426,0 | 0 | 0 | 0 | 0 | 0,Delantero
2026-08-03,Forés,Villarreal,0 | 0 | 0 | 0 | 0 | 0,0% | 0% | 0% | 0% | 0% | 0%,,34ddías,1.653.899,0 | 0 | 0 | 0 | 0 | 0,Delantero
2026-08-03,Rincón,Athletic,0 | 0 | 0 | 0 | 0 | 0,0% | 0% | 0% | 0% | 0% | 0%,,34ddías,1.658.593,0 | 0 | 0 | 0 | 0 | 0,Defensa
2026-08-03,Vargas,Sevilla,0 | 0 | 0 | 0 | 0 | 0,0% | 0% | 0% | 0% | 0% | 0%,,34ddías,4.930.955,0 | 0 | 0 | 0 | 0 | 0,Delantero
2026-08-03,M. Alonso,Celta,0 | 0 | 0 | 0 | 0 | 0,0% | 0% | 0% | 0% | 0% | 0%,,34ddías,71.704.119,0 | 0 | 0 | 0 | 0 | 0,Defensa
2026-08-03,Ter Stegen,Barcelona,0 | 0 | 0 | 0 | 0 | 0,0% | 0% | 0% | 0% | 0% | 0%,,34ddías,1.683.226,0 | 0 | 0 | 0 | 0 | 0,Portero
2026-08-03,Lemar,Atlético,0 | 0 | 0 | 0 | 0 | 0,0% | 0% | 0% | 0% | 0% | 0%,,34ddías,1.680.630,0 | 0 | 0 | 0 | 0 | 0,Mediocampista
2026-08-03,Bambo,Elche,0 | 0 | 0 | 0 | 0 | 0,0% | 0% | 0% | 0% | 0% | 0%,,153ddías,652.470,0 | 0 | 0 | 0 | 0 | 0,Defensa
2026-08-03,Neyou,Getafe,0 | 0 | 0 | 0 | 0 | 0,0% | 0% | 0% | 0% | 0% | 0%,,183ddías,604.547,0 | 0 | 0 | 0 | 0 | 0,Mediocampista
2026-08-03,Maras,Alavés,0 | 0 | 0 | 0 | 0 | 0,0% | 0% | 0% | 0% | 0% | 0%,,186ddías,590.024,0 | 0 | 0 | 0 | 0 | 0,Defensa
2026-08-03,Diarra,Alavés,0 | 0 | 0 | 0 | 0 | 0,0% | 0% | 0% | 0% | 0% | 0%,,189ddías,591.470,0 | 0 | 0 | 0 | 0 | 0,Defensa
2026-08-03,Goti,Real Sociedad,0 | 0 | 0 | 0 | 0 | 0,0% | 0% | 0% | 0% | 0% | 0%,,189ddías,590.263,0 | 0 | 0 | 0 | 0 | 0,Mediocampista
2026-08-03,Ali Houary,Elche,0 | 0 | 0 | 0 | 0 | 0,0% | 0% | 0% | 0% | 0% | 0%,,193ddías,592.065,0 | 0 | 0 | 0 | 0 | 0,Delantero
2026-08-03,Javier Hernández,Espanyol,0 | 0 | 0 | 0 | 0 | 0,0% | 0% | 0% | 0% | 0% | 0%,,207ddías,575.023,0 | 0 | 0 | 0 | 0 | 0,Delantero
2026-08-03,Bauzà,Espanyol,0 | 0 | 0 | 0 | 0 | 0,0% | 0% | 0% | 0% | 0% | 0%,,335ddías,318.649,0 | 0 | 0 | 0 | 0 | 0,Mediocampista
2026-08-03,Uche,Getafe,0 | 0 | 0 | 0 | 0 | 0,0% | 0% | 0% | 0% | 0% | 0%,,336ddías,12.405.015,0 | 0 | 0 | 0 | 0 | 0,Mediocampista
2026-08-03,Pablo López,Valencia,0 | 0 | 0 | 0 | 0 | 0,0% | 0% | 0% | 0% | 0% | 0%,,336ddías,441.041,0 | 0 | 0 | 0 | 0 | 0,Delantero
2026-08-03,Novoa,Alavés,0 | 0 | 0 | 0 | 0 | 0,0% | 0% | 0% | 0% | 0% | 0%,,337ddías,661.162,0 | 0 | 0 | 0 | 0 | 0,Defensa
2026-08-03,Pelayo,Rayo,0 | 0 | 0 | 0 | 0 | 0,0% | 0% | 0% | 0% | 0% | 0%,,337ddías,1.722.279,0 | 0 | 0 | 0 | 0 | 0,Defensa
2026-08-03,Alberto Marí,Valencia,0 | 0 | 0 | 0 | 0 | 0,0% | 0% | 0% | 0% | 0% | 0%,,337ddías,787.986,0 | 0 | 0 | 0 | 0 | 0,Delantero
2026-08-03,Hinojo,Espanyol,0 | 0 | 0 | 0 | 0 | 0,0% | 0% | 0% | 0% | 0% | 0%,,341ddías,317.496,0 | 0 | 0 | 0 | 0 | 0,Defensa
2026-08-03,Djaló,Athletic,0 | 0 | 0 | 0 | 0 | 0,0% | 0% | 0% | 0% | 0% | 0%,,372ddías,8.434.683,0 | 0 | 0 | 0 | 0 | 0,Delantero
2026-08-03,Owono,Alavés,0 | 0 | 0 | 0 | 0 | 0,0% | 0% | 0% | 0% | 0% | 0%,,372ddías,828.372,0 | 0 | 0 | 0 | 0 | 0,Portero
2026-08-03,Berrocal,Getafe,0 | 0 | 0 | 0 | 0 | 0,0% | 0% | 0% | 0% | 0% | 0%,,372ddías,1.058.833,0 | 0 | 0 | 0 | 0 | 0,Defensa
2026-08-03,De Tomás,Rayo,0 | 0 | 0 | 0 | 0 | 0,0% | 0% | 0% | 0% | 0% | 0%,,376ddías,3.229.388,0 | 0 | 0 | 0 | 0 | 0,Delantero
2026-08-03,De Llanos,Real Madrid,0 | 0 | 0 | 0 | 0 | 0,0% | 0% | 0% | 0% | 0% | 0%,,396ddías,1.622.168,0 | 0 | 0 | 0 | 0 | 0,Mediocampista
2026-08-03,Raúl Jiménez,Valencia,0 | 0 | 0 | 0 | 0 | 0,0% | 0% | 0% | 0% | 0% | 0%,,396ddías,1.561.503,0 | 0 | 0 | 0 | 0 | 0,Portero
2026-08-03,Yaakobishvili,Barcelona,0 | 0 | 0 | 0 | 0 | 0,0% | 0% | 0% | 0% | 0% | 0%,,396ddías,1.639.280,0 | 0 | 0 | 0 | 0 | 0,Portero
2026-08-03,Canales,Athletic,0 | 0 | 0 | 0 | 0 | 0,0% | 0% | 0% | 0% | 0% | 0%,,396ddías,1.623.251,0 | 0 | 0 | 0 | 0 | 0,Delantero
2026-08-03,Solà,Atlético,0 | 0 | 0 | 0 | 0 | 0,0% | 0% | 0% | 0% | 0% | 0%,,396ddías,1.640.523,0 | 0 | 0 | 0 | 0 | 0,Defensa
2026-08-03,Eto'o,Rayo,0 | 0 | 0 | 0 | 0 | 0,0% | 0% | 0% | 0% | 0% | 0%,,396ddías,1.718.988,0 | 0 | 0 | 0 | 0 | 0,Delantero
2026-08-03,Córdoba,Valencia,0 | 0 | 0 | 0 | 0 | 0,0% | 0% | 0% | 0% | 0% | 0%,,396ddías,1.548.667,0 | 0 | 0 | 0 | 0 | 0,Defensa
2026-08-03,Eneko Ortiz,Villarreal,0 | 0 | 0 | 0 | 0 | 0,0% | 0% | 0% | 0% | 0% | 0%,,396ddías,1.718.986,0 | 0 | 0 | 0 | 0 | 0,Defensa
2026-08-03,Collado,Sevilla,0 | 0 | 0 | 0 | 0 | 0,0% | 0% | 0% | 0% | 0% | 0%,,396ddías,1.718.988,0 | 0 | 0 | 0 | 0 | 0,Mediocampista
2026-08-03,Medenica,Getafe,0 | 0 | 0 | 0 | 0 | 0,0% | 0% | 0% | 0% | 0% | 0%,,396ddías,1.560.264,0 | 0 | 0 | 0 | 0 | 0,Portero
2026-08-03,Serred,Espanyol,0 | 0 | 0 | 0 | 0 | 0,0% | 0% | 0% | 0% | 0% | 0%,,396ddías,1.731.552,0 | 0 | 0 | 0 | 0 | 0,Portero
2026-08-03,Gorka,Getafe,0 | 0 | 0 | 0 | 0 | 0,0% | 0% | 0% | 0% | 0% | 0%,,396ddías,1.718.986,0 | 0 | 0 | 0 | 0 | 0,Defensa
2026-08-03,Carrillo,Celta,0 | 0 | 0 | 0 | 0 | 0,0% | 0% | 0% | 0% | 0% | 0%,,396ddías,1.567.556,0 | 0 | 0 | 0 | 0 | 0,Portero
2026-08-03,Adrián,Alavés,0 | 0 | 0 | 0 | 0 | 0,0% | 0% | 0% | 0% | 0% | 0%,,396ddías,1.640.215,0 | 0 | 0 | 0 | 0 | 0,Portero
2026-08-03,Cortés,Barcelona,0 | 0 | 0 | 0 | 0 | 0,0% | 0% | 0% | 0% | 0% | 0%,,396ddías,1.718.327,0 | 0 | 0 | 0 | 0 | 0,Defensa
2026-08-03,Carlos,Atlético,0 | 0 | 0 | 0 | 0 | 0,0% | 0% | 0% | 0% | 0% | 0%,,396ddías,1.718.547,0 | 0 | 0 | 0 | 0 | 0,Defensa
2026-08-03,Rupérez,Real Sociedad,0 | 0 | 0 | 0 | 0 | 0,0% | 0% | 0% | 0% | 0% | 0%,,396ddías,1.626.247,0 | 0 | 0 | 0 | 0 | 0,Defensa
2026-08-03,Isra,Sevilla,0 | 0 | 0 | 0 | 0 | 0,0% | 0% | 0% | 0% | 0% | 0%,,396ddías,1.718.237,0 | 0 | 0 | 0 | 0 | 0,Delantero
2026-08-03,Balda,Real Sociedad,0 | 0 | 0 | 0 | 0 | 0,0% | 0% | 0% | 0% | 0% | 0%,,396ddías,1.718.912,0 | 0 | 0 | 0 | 0 | 0,Defensa
2026-08-03,Santana,Valencia,0 | 0 | 0 | 0 | 0 | 0,0% | 0% | 0% | 0% | 0% | 0%,,396ddías,1.723.821,0 | 0 | 0 | 0 | 0 | 0,Delantero
2026-08-03,Olabarrieta,Athletic,0 | 0 | 0 | 0 | 0 | 0,0% | 0% | 0% | 0% | 0% | 0%,,396ddías,1.717.797,0 | 0 | 0 | 0 | 0 | 0,Delantero
2026-08-03,Rivas,Real Madrid,0 | 0 | 0 | 0 | 0 | 0,0% | 0% | 0% | 0% | 0% | 0%,,396ddías,1.718.751,0 | 0 | 0 | 0 | 0 | 0,Defensa
2026-08-03,Busto,Betis,0 | 0 | 0 | 0 | 0 | 0,0% | 0% | 0% | 0% | 0% | 0%,,396ddías,1.621.161,0 | 0 | 0 | 0 | 0 | 0,Defensa
2026-08-03,Requena,Levante,0 | 0 | 0 | 0 | 0 | 0,0% | 0% | 0% | 0% | 0% | 0%,,396ddías,1.621.683,0 | 0 | 0 | 0 | 0 | 0,Mediocampista
2026-08-03,Abril,Valencia,0 | 0 | 0 | 0 | 0 | 0,0% | 0% | 0% | 0% | 0% | 0%,,396ddías,1.728.051,0 | 0 | 0 | 0 | 0 | 0,Portero
2026-08-03,Juan Cruz,Málaga,0 | 0 | 0 | 0 | 0 | 0,0% | 0% | 0% | 0% | 0% | 0%,,434ddías,19.968.443,0 | 0 | 0 | 0 | 0 | 0,Mediocampista
2026-08-03,Morro,Rayo,0 | 0 | 0 | 0 | 0 | 0,0% | 0% | 0% | 0% | 0% | 0%,,700ddías,723.425,0 | 0 | 0 | 0 | 0 | 0,Portero
2026-08-03,Mandi,Levante,0 | 0 | 0 | 0 | 0 | 0,0% | 0% | 0% | 0% | 0% | 0%,,717ddías,1.879.755,0 | 0 | 0 | 0 | 0 | 0,Defensa
2026-08-03,Miguel,Alavés,0 | 0 | 0 | 0 | 0 | 0,0% | 0% | 0% | 0% | 0% | 0%,,718ddías,679.761,0 | 0 | 0 | 0 | 0 | 0,Delantero
2026-08-03,Joseda,Alavés,0 | 0 | 0 | 0 | 0 | 0,0% | 0% | 0% | 0% | 0% | 0%,,762ddías,300.000,0 | 0 | 0 | 0 | 0 | 0,Defensa
2026-08-03,Diallo,Alavés,0 | 0 | 0 | 0 | 0 | 0,0% | 0% | 0% | 0% | 0% | 0%,,763ddías,1.000.000,0 | 0 | 0 | 0 | 0 | 0,Mediocampista
2026-08-03,Mario,Valencia,0 | 0 | 0 | 0 | 0 | 0,0% | 0% | 0% | 0% | 0% | 0%,,763ddías,500.000,0 | 0 | 0 | 0 | 0 | 0,Delantero
2026-08-03,Mendes,Alavés,0 | 0 | 0 | 0 | 0 | 0,0% | 0% | 0% | 0% | 0% | 0%,,763ddías,500.000,0 | 0 | 0 | 0 | 0 | 0,Mediocampista
2026-08-03,Ian Forns,Betis,0 | 0 | 0 | 0 | 0 | 0,0% | 0% | 0% | 0% | 0% | 0%,,763ddías,500.000,0 | 0 | 0 | 0 | 0 | 0,Defensa
2026-08-03,Mario,Valencia,0 | 0 | 0 | 0 | 0 | 0,0% | 0% | 0% | 0% | 0% | 0%,,1ddías,760.408,0 | 0 | 0 | 0 | 0 | 0,Mediocampista