Jugador,Equipo,DiferenciaDif.,% Dif,Acel.,Tend.,Valor,Valor ant.Ant.,Posición
Karrikaburu,Real Sociedad,-14.249 | -29.142 | -43.975 | -109.932 | -248.504 | -718.345,"-2,03% | -4,07% | -6,02% | -13,79% | -26,56% | -51,11%",,30ddías,687.063,701.312 | 716.205 | 731.038 | 796.995 | 935.567 | 1.405.408,Delantero
Vlachodimos,Sevilla,-1.013.903 | -1.013.903 | -1.013.903 | -1.013.903 | -1.013.903 | -996.806,"-6,73% | -6,73% | -6,73% | -6,73% | -6,73% | 0%",,1ddías,14.042.576,15.056.479 | 15.056.479 | 15.056.479 | 15.056.479 | 15.056.479 | 0,Portero
Diangana,Elche,-27.864 | -54.350 | -83.971 | -202.194 | -453.034 | -1.418.327,"-1,83% | -3,51% | -5,33% | -11,93% | -23,28% | -48,72%",,30ddías,1.492.874,1.520.738 | 1.547.224 | 1.576.845 | 1.695.068 | 1.945.908 | 2.911.201,Delantero
Krug,Levante,0 | 0 | 0 | 0 | 0 | +675,"0,00% | 0,00% | 0,00% | 0,00% | 0,00% | 0%",,27ddías,602.249,602.249 | 602.249 | 602.249 | 602.249 | 602.249 | 0,Defensa
Hugo López,Villarreal,0 | 0 | 0 | 0 | 0 | +579,"0,00% | 0,00% | 0,00% | 0,00% | 0,00% | 0%",,27ddías,485.400,485.400 | 485.400 | 485.400 | 485.400 | 485.400 | 0,Mediocampista
Mikautadze,Villarreal,+436.717 | +1.086.666 | +1.416.175 | +2.003.780 | +3.433.532 | +5.902.676,"+0,81% | +2,05% | +2,69% | +3,84% | +6,77% | +12,24%",,23ddías,54.135.447,53.698.730 | 53.048.781 | 52.719.272 | 52.131.667 | 50.701.915 | 48.232.771,Delantero
Navarro,Valencia,0 | 0 | 0 | 0 | 0 | +598,"0,00% | 0,00% | 0,00% | 0,00% | 0,00% | 0%",,27ddías,501.909,501.909 | 501.909 | 501.909 | 501.909 | 501.909 | 0,Defensa
Cardoso,Sevilla,-29.577 | -57.123 | -88.962 | -216.643 | -488.525 | -1.332.663,"-2,67% | -5,04% | -7,63% | -16,75% | -31,21% | -55,31%",,30ddías,1.076.606,1.106.183 | 1.133.729 | 1.165.568 | 1.293.249 | 1.565.131 | 2.409.269,Defensa
Oso,Sevilla,0 | 0 | 0 | 0 | 0 | +16.576,"0,00% | 0,00% | 0,00% | 0,00% | 0,00% | 0%",,27ddías,14.053.332,14.053.332 | 14.053.332 | 14.053.332 | 14.053.332 | 14.053.332 | 0,Defensa
Álex Costa,Sevilla,0 | 0 | 0 | 0 | 0 | +710,"0,00% | 0,00% | 0,00% | 0,00% | 0,00% | 0%",,27ddías,602.284,602.284 | 602.284 | 602.284 | 602.284 | 602.284 | 0,Delantero
Folgado,Real Sociedad,0 | 0 | 0 | 0 | 0 | +770,"0,00% | 0,00% | 0,00% | 0,00% | 0,00% | 0%",,27ddías,702.606,702.606 | 702.606 | 702.606 | 702.606 | 702.606 | 0,Portero
Carlos Soler,Real Sociedad,-275.166 | -566.230 | -740.259 | -1.753.285 | -4.033.108 | -8.640.651,"-0,87% | -1,77% | -2,30% | -5,27% | -11,35% | -21,52%",,30ddías,31.513.885,31.789.051 | 32.080.115 | 32.254.144 | 33.267.170 | 35.546.993 | 40.154.536,Mediocampista
Sancris,Getafe,-18.210 | -37.230 | -56.362 | -141.042 | -321.355 | -924.415,"-2,28% | -4,54% | -6,72% | -15,28% | -29,12% | -54,17%",,30ddías,782.151,800.361 | 819.381 | 838.513 | 923.193 | 1.103.506 | 1.706.566,Delantero
Riedel,Espanyol,0 | 0 | 0 | 0 | 0 | +6.179,"0,00% | 0,00% | 0,00% | 0,00% | 0,00% | 0%",,27ddías,5.520.618,5.520.618 | 5.520.618 | 5.520.618 | 5.520.618 | 5.520.618 | 0,Defensa
Montero,Alavés,0 | 0 | 0 | 0 | 0 | 0,"0,00% | 0,00% | 0,00% | 0,00% | 0,00% | 0,00%",,27ddías,602.316,602.316 | 602.316 | 602.316 | 602.316 | 602.316 | 602.316,Portero
Oluwaseyi,Villarreal,-81.179 | -158.234 | -240.939 | -578.506 | -1.301.995 | -3.127.012,"-2,33% | -4,45% | -6,62% | -14,55% | -27,70% | -47,92%",,30ddías,3.398.099,3.479.278 | 3.556.333 | 3.639.038 | 3.976.605 | 4.700.094 | 6.525.111,Delantero
Arriaga,Levante,-70.375 | -147.754 | -225.979 | -545.086 | -1.203.274 | -2.886.643,"-2,19% | -4,50% | -6,72% | -14,81% | -27,73% | -47,93%",,30ddías,3.136.536,3.206.911 | 3.284.290 | 3.362.515 | 3.681.622 | 4.339.810 | 6.023.179,Mediocampista
Laporte,Athletic,+1.241.837 | +2.650.350 | +3.811.693 | +10.647.877 | +24.773.617 | +52.593.458,"+2,18% | +4,78% | +7,02% | +22,44% | +74,33% | 0%",,21ddías,58.104.786,56.862.949 | 55.454.436 | 54.293.093 | 47.456.909 | 33.331.169 | 0,Defensa
Thiago,Real Madrid,0 | 0 | 0 | 0 | 0 | +7.705,"0,00% | 0,00% | 0,00% | 0,00% | 0,00% | 0%",,27ddías,7.026.082,7.026.082 | 7.026.082 | 7.026.082 | 7.026.082 | 7.026.082 | 0,Mediocampista
Niculaesei,Elche,0 | 0 | 0 | 0 | 0 | +1.000,"0,00% | 0,00% | 0,00% | 0,00% | 0,00% | 0%",,27ddías,803.099,803.099 | 803.099 | 803.099 | 803.099 | 803.099 | 0,Defensa
Mendoza,Atlético,-4.905 | -14.899 | -25.153 | -86.110 | -217.436 | -579.492,"-0,53% | -1,58% | -2,64% | -8,51% | -19,01% | -38,48%",,30ddías,926.301,931.206 | 941.200 | 951.454 | 1.012.411 | 1.143.737 | 1.505.793,Mediocampista
Echegoyen,Osasuna,0 | 0 | 0 | 0 | 0 | +696,"0,00% | 0,00% | 0,00% | 0,00% | 0,00% | 0%",,27ddías,562.286,562.286 | 562.286 | 562.286 | 562.286 | 562.286 | 0,Mediocampista
Josan,Elche,0 | 0 | 0 | 0 | 0 | +1.500,"0,00% | 0,00% | 0,00% | 0,00% | 0,00% | 0%",,27ddías,1.204.650,1.204.650 | 1.204.650 | 1.204.650 | 1.204.650 | 1.204.650 | 0,Mediocampista
Davinchi,Getafe,0 | 0 | 0 | 0 | 0 | +3.728,"0,00% | 0,00% | 0,00% | 0,00% | 0,00% | 0%",,27ddías,3.011.603,3.011.603 | 3.011.603 | 3.011.603 | 3.011.603 | 3.011.603 | 0,Defensa
Mastantuono,Real Madrid,0 | 0 | 0 | 0 | 0 | +11.008,"0,00% | 0,00% | 0,00% | 0,00% | 0,00% | 0%",,27ddías,10.037.262,10.037.262 | 10.037.262 | 10.037.262 | 10.037.262 | 10.037.262 | 0,Delantero
Veiga,Villarreal,+473.255 | +1.170.619 | +1.745.548 | +4.377.016 | +9.315.327 | +18.733.935,"+1,09% | +2,74% | +4,15% | +11,09% | +26,99% | +74,65%",,29ddías,43.830.520,43.357.265 | 42.659.901 | 42.084.972 | 39.453.504 | 34.515.193 | 25.096.585,Defensa
Ryan,Levante,0 | 0 | 0 | 0 | 0 | +15.208,"0,00% | 0,00% | 0,00% | 0,00% | 0,00% | 0%",,27ddías,13.550.652,13.550.652 | 13.550.652 | 13.550.652 | 13.550.652 | 13.550.652 | 0,Portero
Corralejo,Betis,0 | 0 | 0 | 0 | 0 | +674,"0,00% | 0,00% | 0,00% | 0,00% | 0,00% | 0%",,27ddías,602.248,602.248 | 602.248 | 602.248 | 602.248 | 602.248 | 0,Mediocampista
Nacho Pérez,Levante,0 | 0 | 0 | 0 | 0 | +652,"0,00% | 0,00% | 0,00% | 0,00% | 0,00% | 0%",,27ddías,581.692,581.692 | 581.692 | 581.692 | 581.692 | 581.692 | 0,Defensa
Altozano,Sevilla,0 | 0 | 0 | 0 | 0 | +710,"0,00% | 0,00% | 0,00% | 0,00% | 0,00% | 0%",,27ddías,602.284,602.284 | 602.284 | 602.284 | 602.284 | 602.284 | 0,Mediocampista
Sierra,Sevilla,0 | 0 | 0 | 0 | 0 | +710,"0,00% | 0,00% | 0,00% | 0,00% | 0,00% | 0%",,27ddías,602.284,602.284 | 602.284 | 602.284 | 602.284 | 602.284 | 0,Delantero
Blázquez,Valencia,0 | 0 | 0 | 0 | 0 | +694,"0,00% | 0,00% | 0,00% | 0,00% | 0,00% | 0%",,27ddías,581.656,581.656 | 581.656 | 581.656 | 581.656 | 581.656 | 0,Delantero
Suazo,Sevilla,-66.659 | -160.982 | -241.177 | -621.687 | -1.306.719 | -3.277.475,"-1,14% | -2,72% | -4,02% | -9,75% | -18,50% | -36,28%",,30ddías,5.757.295,5.823.954 | 5.918.277 | 5.998.472 | 6.378.982 | 7.064.014 | 9.034.770,Defensa
Alemão,Rayo,-77.747 | -150.076 | -229.724 | -528.531 | -1.110.356 | -2.803.458,"-1,81% | -3,43% | -5,16% | -11,12% | -20,82% | -39,90%",,30ddías,4.223.584,4.301.331 | 4.373.660 | 4.453.308 | 4.752.115 | 5.333.940 | 7.027.042,Delantero
Santos,Athletic,0 | 0 | 0 | 0 | 0 | +770,"0,00% | 0,00% | 0,00% | 0,00% | 0,00% | 0%",,27ddías,702.606,702.606 | 702.606 | 702.606 | 702.606 | 702.606 | 0,Portero
Radu,Celta,+775.201 | +1.712.060 | +2.465.097 | +5.594.963 | +9.991.278 | +17.416.626,"+2,11% | +4,78% | +7,04% | +17,54% | +36,33% | +86,75%",,29ddías,37.493.893,36.718.692 | 35.781.833 | 35.028.796 | 31.898.930 | 27.502.615 | 20.077.267,Portero
Álvaro,Alavés,0 | 0 | 0 | 0 | 0 | 0,"0,00% | 0,00% | 0,00% | 0,00% | 0,00% | 0,00%",,27ddías,501.929,501.929 | 501.929 | 501.929 | 501.929 | 501.929 | 501.929,Defensa
Joan Martínez,Real Madrid,0 | 0 | 0 | 0 | 0 | +786,"0,00% | 0,00% | 0,00% | 0,00% | 0,00% | 0%",,27ddías,702.622,702.622 | 702.622 | 702.622 | 702.622 | 702.622 | 0,Defensa
Unai Santos,Osasuna,0 | 0 | 0 | 0 | 0 | +745,"0,00% | 0,00% | 0,00% | 0,00% | 0,00% | 0%",,27ddías,602.319,602.319 | 602.319 | 602.319 | 602.319 | 602.319 | 0,Defensa
Carlos Macià,Villarreal,0 | 0 | 0 | 0 | 0 | +958,"0,00% | 0,00% | 0,00% | 0,00% | 0,00% | 0%",,27ddías,803.057,803.057 | 803.057 | 803.057 | 803.057 | 803.057 | 0,Mediocampista
Carrera,Real Sociedad,0 | 0 | 0 | 0 | 0 | +797,"0,00% | 0,00% | 0,00% | 0,00% | 0,00% | 0%",,27ddías,702.633,702.633 | 702.633 | 702.633 | 702.633 | 702.633 | 0,Delantero
Rosón,Levante,0 | 0 | 0 | 0 | 0 | +675,"0,00% | 0,00% | 0,00% | 0,00% | 0,00% | 0%",,27ddías,602.249,602.249 | 602.249 | 602.249 | 602.249 | 602.249 | 0,Mediocampista
Nakoha,Levante,0 | 0 | 0 | 0 | 0 | +563,"0,00% | 0,00% | 0,00% | 0,00% | 0,00% | 0%",,27ddías,501.874,501.874 | 501.874 | 501.874 | 501.874 | 501.874 | 0,Defensa
Jurado,Valencia,0 | 0 | 0 | 0 | 0 | +718,"0,00% | 0,00% | 0,00% | 0,00% | 0,00% | 0%",,27ddías,602.292,602.292 | 602.292 | 602.292 | 602.292 | 602.292 | 0,Defensa
Panach,Valencia,0 | 0 | 0 | 0 | 0 | +598,"0,00% | 0,00% | 0,00% | 0,00% | 0,00% | 0%",,27ddías,501.909,501.909 | 501.909 | 501.909 | 501.909 | 501.909 | 0,Defensa
Marchal,Real Sociedad,0 | 0 | 0 | 0 | 0 | +660,"0,00% | 0,00% | 0,00% | 0,00% | 0,00% | 0%",,27ddías,602.234,602.234 | 602.234 | 602.234 | 602.234 | 602.234 | 0,Mediocampista
Yassin,Getafe,0 | 0 | 0 | 0 | 0 | +621,"0,00% | 0,00% | 0,00% | 0,00% | 0,00% | 0%",,27ddías,501.932,501.932 | 501.932 | 501.932 | 501.932 | 501.932 | 0,Defensa
Al Lal,Elche,0 | 0 | 0 | 0 | 0 | +625,"0,00% | 0,00% | 0,00% | 0,00% | 0,00% | 0%",,27ddías,501.936,501.936 | 501.936 | 501.936 | 501.936 | 501.936 | 0,Delantero
Óscar Marcos,Celta,0 | 0 | 0 | 0 | 0 | +683,"0,00% | 0,00% | 0,00% | 0,00% | 0,00% | 0%",,27ddías,602.257,602.257 | 602.257 | 602.257 | 602.257 | 602.257 | 0,Delantero
Meixús,Celta,0 | 0 | 0 | 0 | 0 | +551,"0,00% | 0,00% | 0,00% | 0,00% | 0,00% | 0%",,27ddías,485.372,485.372 | 485.372 | 485.372 | 485.372 | 485.372 | 0,Defensa
Selton,Athletic,0 | 0 | 0 | 0 | 0 | +683,"0,00% | 0,00% | 0,00% | 0,00% | 0,00% | 0%",,27ddías,602.257,602.257 | 602.257 | 602.257 | 602.257 | 602.257 | 0,Mediocampista
Delgado,Elche,0 | 0 | 0 | 0 | 0 | +750,"0,00% | 0,00% | 0,00% | 0,00% | 0,00% | 0%",,27ddías,602.324,602.324 | 602.324 | 602.324 | 602.324 | 602.324 | 0,Defensa
Adam Boayar,Elche,0 | 0 | 0 | 0 | 0 | +875,"0,00% | 0,00% | 0,00% | 0,00% | 0,00% | 0%",,27ddías,702.711,702.711 | 702.711 | 702.711 | 702.711 | 702.711 | 0,Mediocampista
Adrián Pérez,Athletic,0 | 0 | 0 | 0 | 0 | +683,"0,00% | 0,00% | 0,00% | 0,00% | 0,00% | 0%",,27ddías,602.257,602.257 | 602.257 | 602.257 | 602.257 | 602.257 | 0,Delantero
Bardghji,Barcelona,-112.096 | -227.538 | -343.635 | -789.574 | -789.574 | -783.609,"-2,71% | -5,35% | -7,86% | -16,39% | -16,39% | 0%",,6ddías,4.028.991,4.141.087 | 4.256.529 | 4.372.626 | 4.818.565 | 4.818.565 | 0,Delantero
Taufik,Atlético,0 | 0 | 0 | 0 | 0 | +742,"0,00% | 0,00% | 0,00% | 0,00% | 0,00% | 0%",,27ddías,602.316,602.316 | 602.316 | 602.316 | 602.316 | 602.316 | 0,Mediocampista
Martínez Bastida,Elche,0 | 0 | 0 | 0 | 0 | +750,"0,00% | 0,00% | 0,00% | 0,00% | 0,00% | 0%",,27ddías,602.324,602.324 | 602.324 | 602.324 | 602.324 | 602.324 | 0,Mediocampista
Aller,Barcelona,0 | 0 | 0 | 0 | 0 | +869,"0,00% | 0,00% | 0,00% | 0,00% | 0,00% | 0%",,27ddías,702.705,702.705 | 702.705 | 702.705 | 702.705 | 702.705 | 0,Portero
Ballestero,Alavés,0 | 0 | 0 | 0 | 0 | 0,"0,00% | 0,00% | 0,00% | 0,00% | 0,00% | 0,00%",,27ddías,602.316,602.316 | 602.316 | 602.316 | 602.316 | 602.316 | 602.316,Defensa
Monreal,Athletic,0 | 0 | 0 | 0 | 0 | +683,"0,00% | 0,00% | 0,00% | 0,00% | 0,00% | 0%",,27ddías,602.257,602.257 | 602.257 | 602.257 | 602.257 | 602.257 | 0,Defensa
Juan Hernández,Barcelona,0 | 0 | 0 | 0 | 0 | +720,"0,00% | 0,00% | 0,00% | 0,00% | 0,00% | 0%",,27ddías,581.760,581.760 | 581.760 | 581.760 | 581.760 | 581.760 | 0,Mediocampista
Barry,Villarreal,0 | 0 | 0 | 0 | 0 | +718,"0,00% | 0,00% | 0,00% | 0,00% | 0,00% | 0%",,27ddías,602.292,602.292 | 602.292 | 602.292 | 602.292 | 602.292 | 0,Mediocampista
Espart,Barcelona,0 | 0 | 0 | 0 | 0 | +869,"0,00% | 0,00% | 0,00% | 0,00% | 0,00% | 0%",,27ddías,702.705,702.705 | 702.705 | 702.705 | 702.705 | 702.705 | 0,Defensa
Benito,Getafe,0 | 0 | 0 | 0 | 0 | +745,"0,00% | 0,00% | 0,00% | 0,00% | 0,00% | 0%",,27ddías,602.319,602.319 | 602.319 | 602.319 | 602.319 | 602.319 | 0,Portero
Aleksandrov,Getafe,0 | 0 | 0 | 0 | 0 | +745,"0,00% | 0,00% | 0,00% | 0,00% | 0,00% | 0%",,27ddías,602.319,602.319 | 602.319 | 602.319 | 602.319 | 602.319 | 0,Delantero
Javi Navarro,Real Madrid,0 | 0 | 0 | 0 | 0 | +786,"0,00% | 0,00% | 0,00% | 0,00% | 0,00% | 0%",,27ddías,702.622,702.622 | 702.622 | 702.622 | 702.622 | 702.622 | 0,Portero
Beitia,Real Sociedad,0 | 0 | 0 | 0 | 0 | +550,"0,00% | 0,00% | 0,00% | 0,00% | 0,00% | 0%",,27ddías,501.861,501.861 | 501.861 | 501.861 | 501.861 | 501.861 | 0,Defensa
Lebarbier,Real Sociedad,0 | 0 | 0 | 0 | 0 | +660,"0,00% | 0,00% | 0,00% | 0,00% | 0,00% | 0%",,27ddías,602.234,602.234 | 602.234 | 602.234 | 602.234 | 602.234 | 0,Defensa
Rueda,Celta,-6.621 | -10.781 | -45.185 | -177.279 | -520.809 | -1.361.724,"-0,18% | -0,29% | -1,22% | -4,62% | -12,46% | -27,13%",,28ddías,3.657.591,3.664.212 | 3.668.372 | 3.702.776 | 3.834.870 | 4.178.400 | 5.019.315,Defensa
Becerra,Rayo,0 | 0 | 0 | 0 | 0 | +660,"0,00% | 0,00% | 0,00% | 0,00% | 0,00% | 0%",,27ddías,581.700,581.700 | 581.700 | 581.700 | 581.700 | 581.700 | 0,Mediocampista
Oláiz,Alavés,0 | 0 | 0 | 0 | 0 | 0,"0,00% | 0,00% | 0,00% | 0,00% | 0,00% | 0,00%",,27ddías,602.316,602.316 | 602.316 | 602.316 | 602.316 | 602.316 | 602.316,Defensa
Bekhoucha,Getafe,0 | 0 | 0 | 0 | 0 | +1.367,"0,00% | 0,00% | 0,00% | 0,00% | 0,00% | 0%",,27ddías,1.104.254,1.104.254 | 1.104.254 | 1.104.254 | 1.104.254 | 1.104.254 | 0,Defensa
Iván Romero,Levante,-42.887 | -73.249 | -81.343 | -217.543 | -639.405 | -1.252.466,"-0,61% | -1,04% | -1,16% | -3,04% | -8,43% | -15,28%",,19ddías,6.946.528,6.989.415 | 7.019.777 | 7.027.871 | 7.164.071 | 7.585.933 | 8.198.994,Delantero
De la Fuente,Levante,0 | 0 | 0 | 0 | 0 | +15.772,"0,00% | 0,00% | 0,00% | 0,00% | 0,00% | 0%",,27ddías,14.052.528,14.052.528 | 14.052.528 | 14.052.528 | 14.052.528 | 14.052.528 | 0,Defensa
Aguado,Elche,-25.953 | -60.097 | -106.160 | -285.999 | -776.140 | -2.412.213,"-0,71% | -1,64% | -2,86% | -7,34% | -17,69% | -40,05%",,30ddías,3.610.966,3.636.919 | 3.671.063 | 3.717.126 | 3.896.965 | 4.387.106 | 6.023.179,Mediocampista
Sivera,Alavés,+753.688 | +1.500.461 | +2.199.940 | +4.824.853 | +8.011.185 | +11.979.728,"+2,93% | +6,01% | +9,07% | +22,30% | +43,43% | +82,74%",,28ddías,26.458.956,25.705.268 | 24.958.495 | 24.259.016 | 21.634.103 | 18.447.771 | 14.479.228,Portero
Á. Núñez,Celta,-81.766 | -170.416 | -252.114 | -637.124 | -1.377.754 | -2.460.302,"-1,87% | -3,82% | -5,55% | -12,93% | -24,30% | -36,44%",,27ddías,4.291.809,4.373.575 | 4.462.225 | 4.543.923 | 4.928.933 | 5.669.563 | 6.752.111,Defensa
Affengruber,Elche,+658.215 | +1.347.136 | +1.977.247 | +4.701.550 | +8.495.076 | +22.514.214,"+2,18% | +4,56% | +6,83% | +17,93% | +37,88% | 0%",,22ddías,30.919.468,30.261.253 | 29.572.332 | 28.942.221 | 26.217.918 | 22.424.392 | 0,Defensa
Febas,Celta,0 | 0 | 0 | 0 | 0 | +31.250,"0,00% | 0,00% | 0,00% | 0,00% | 0,00% | 0%",,27ddías,25.096.888,25.096.888 | 25.096.888 | 25.096.888 | 25.096.888 | 25.096.888 | 0,Mediocampista
John ChetauyaJohn C.,Elche,-21.116 | -43.163 | -65.448 | -164.449 | -371.770 | -1.055.447,"-2,42% | -4,82% | -7,13% | -16,18% | -30,38% | -55,34%",,30ddías,851.892,873.008 | 895.055 | 917.340 | 1.016.341 | 1.223.662 | 1.907.339,Defensa
Bambo,Elche,-33.062 | -76.719 | +704.134 | +704.134 | +704.134 | +704.134,"-2,38% | -5,35% | 0% | 0% | 0% | 0%",,2ddías,1.358.599,1.391.661 | 1.435.318 | 0 | 0 | 0 | 0,Defensa
Vencedor,Athletic,0 | 0 | 0 | 0 | 0 | +2.478,"0,00% | 0,00% | 0,00% | 0,00% | 0,00% | 0%",,27ddías,2.208.253,2.208.253 | 2.208.253 | 2.208.253 | 2.208.253 | 2.208.253 | 0,Mediocampista
Youssef,Alavés,-7.807 | -15.989 | -23.832 | -58.790 | -129.304 | -371.027,"-1,45% | -2,92% | -4,28% | -9,94% | -19,54% | -41,07%",,22ddías,532.448,540.255 | 548.437 | 556.280 | 591.238 | 661.752 | 903.475,Defensa
Fortuny,Real Madrid,0 | 0 | 0 | 0 | 0 | +660,"0,00% | 0,00% | 0,00% | 0,00% | 0,00% | 0%",,27ddías,602.234,602.234 | 602.234 | 602.234 | 602.234 | 602.234 | 0,Mediocampista
Molina,Rayo,0 | 0 | 0 | 0 | 0 | +660,"0,00% | 0,00% | 0,00% | 0,00% | 0,00% | 0%",,27ddías,602.234,602.234 | 602.234 | 602.234 | 602.234 | 602.234 | 0,Portero
Arguibide,Osasuna,0 | 0 | 0 | 0 | 0 | +720,"0,00% | 0,00% | 0,00% | 0,00% | 0,00% | 0%",,27ddías,582.013,582.013 | 582.013 | 582.013 | 582.013 | 582.013 | 0,Defensa
Pablo García,Betis,0 | 0 | 0 | 0 | 0 | +2.809,"0,00% | 0,00% | 0,00% | 0,00% | 0,00% | 0%",,27ddías,2.509.371,2.509.371 | 2.509.371 | 2.509.371 | 2.509.371 | 2.509.371 | 0,Delantero
Ruggeri,Atlético,-48.276 | -132.005 | -213.995 | -592.964 | -1.391.197 | -1.599.886,"-0,65% | -1,77% | -2,83% | -7,48% | -15,94% | -17,91%",,24ddías,7.334.498,7.382.774 | 7.466.503 | 7.548.493 | 7.927.462 | 8.725.695 | 8.934.384,Defensa
Juanpe,Rayo,0 | 0 | 0 | 0 | 0 | +660,"0,00% | 0,00% | 0,00% | 0,00% | 0,00% | 0%",,27ddías,602.234,602.234 | 602.234 | 602.234 | 602.234 | 602.234 | 0,Portero
Valou,Getafe,0 | 0 | 0 | 0 | 0 | +718,"0,00% | 0,00% | 0,00% | 0,00% | 0,00% | 0%",,27ddías,602.292,602.292 | 602.292 | 602.292 | 602.292 | 602.292 | 0,Defensa
Niño,Málaga,-20.182 | -42.040 | -55.172 | -156.397 | -434.100 | -1.189.024,"-0,71% | -1,47% | -1,91% | -5,24% | -13,31% | -29,61%",,30ddías,2.826.428,2.846.610 | 2.868.468 | 2.881.600 | 2.982.825 | 3.260.528 | 4.015.452,Delantero
Rayane,Atlético,0 | 0 | 0 | 0 | 0 | +809,"0,00% | 0,00% | 0,00% | 0,00% | 0,00% | 0%",,27ddías,678.006,678.006 | 678.006 | 678.006 | 678.006 | 678.006 | 0,Delantero
Mendy,Rayo,0 | 0 | 0 | 0 | 0 | +6.604,"0,00% | 0,00% | 0,00% | 0,00% | 0,00% | 0%",,27ddías,6.022.356,6.022.356 | 6.022.356 | 6.022.356 | 6.022.356 | 6.022.356 | 0,Defensa
Ortiz,Betis,0 | 0 | 0 | 0 | 0 | +1.910,"0,00% | 0,00% | 0,00% | 0,00% | 0,00% | 0%",,27ddías,1.706.372,1.706.372 | 1.706.372 | 1.706.372 | 1.706.372 | 1.706.372 | 0,Defensa
Osambela,Osasuna,0 | 0 | 0 | 0 | 0 | +621,"0,00% | 0,00% | 0,00% | 0,00% | 0,00% | 0%",,27ddías,501.932,501.932 | 501.932 | 501.932 | 501.932 | 501.932 | 0,Mediocampista
Yáñez,Real Madrid,0 | 0 | 0 | 0 | 0 | +770,"0,00% | 0,00% | 0,00% | 0,00% | 0,00% | 0%",,27ddías,702.606,702.606 | 702.606 | 702.606 | 702.606 | 702.606 | 0,Delantero
Swiderski,Alavés,0 | 0 | 0 | 0 | 0 | 0,"0,00% | 0,00% | 0,00% | 0,00% | 0,00% | 0,00%",,27ddías,602.316,602.316 | 602.316 | 602.316 | 602.316 | 602.316 | 602.316,Portero
D. Aguado,Real Madrid,0 | 0 | 0 | 0 | 0 | +866,"0,00% | 0,00% | 0,00% | 0,00% | 0,00% | 0%",,27ddías,774.109,774.109 | 774.109 | 774.109 | 774.109 | 774.109 | 0,Defensa
Fran González,Sevilla,0 | 0 | 0 | 0 | 0 | +786,"0,00% | 0,00% | 0,00% | 0,00% | 0,00% | 0%",,27ddías,702.622,702.622 | 702.622 | 702.622 | 702.622 | 702.622 | 0,Portero
Mariezkurrena,Real Sociedad,0 | 0 | 0 | 0 | 0 | +769,"0,00% | 0,00% | 0,00% | 0,00% | 0,00% | 0%",,27ddías,677.966,677.966 | 677.966 | 677.966 | 677.966 | 677.966 | 0,Delantero
Castrín,Sevilla,0 | 0 | 0 | 0 | 0 | +5.688,"0,00% | 0,00% | 0,00% | 0,00% | 0,00% | 0%",,27ddías,4.823.016,4.823.016 | 4.823.016 | 4.823.016 | 4.823.016 | 4.823.016 | 0,Defensa
Rafa,Sevilla,0 | 0 | 0 | 0 | 0 | +683,"0,00% | 0,00% | 0,00% | 0,00% | 0,00% | 0%",,27ddías,602.257,602.257 | 602.257 | 602.257 | 602.257 | 602.257 | 0,Portero
Diatta,Villarreal,0 | 0 | 0 | 0 | 0 | +694,"0,00% | 0,00% | 0,00% | 0,00% | 0,00% | 0%",,27ddías,581.656,581.656 | 581.656 | 581.656 | 581.656 | 581.656 | 0,Mediocampista
Salinas,Málaga,0 | 0 | 0 | 0 | -191.889 | -762.841,"0,00% | 0,00% | 0,00% | 0,00% | -15,21% | -41,62%",,5ddías,1.070.070,1.070.070 | 1.070.070 | 1.070.070 | 1.070.070 | 1.261.959 | 1.832.911,Defensa
Huijsen,Real Madrid,-689.947 | -1.322.675 | -1.865.252 | -2.716.855 | -5.021.735 | -15.390.690,"-2,02% | -3,80% | -5,27% | -7,50% | -13,04% | -31,48%",,30ddías,33.497.458,34.187.405 | 34.820.133 | 35.362.710 | 36.214.313 | 38.519.193 | 48.888.148,Defensa
Vertrouwd,Rayo,0 | 0 | 0 | 0 | 0 | +1.100,"0,00% | 0,00% | 0,00% | 0,00% | 0,00% | 0%",,27ddías,1.003.725,1.003.725 | 1.003.725 | 1.003.725 | 1.003.725 | 1.003.725 | 0,Defensa
Gorrotxategi,Real Sociedad,-158.466 | -266.831 | -348.966 | -732.328 | -1.652.298 | +303.906,"-1,87% | -3,10% | -4,02% | -8,08% | -16,54% | +3,78%",,23ddías,8.334.812,8.493.278 | 8.601.643 | 8.683.778 | 9.067.140 | 9.987.110 | 8.030.906,Mediocampista
Primo,Levante,0 | 0 | 0 | 0 | 0 | +1.239,"0,00% | 0,00% | 0,00% | 0,00% | 0,00% | 0%",,27ddías,1.104.126,1.104.126 | 1.104.126 | 1.104.126 | 1.104.126 | 1.104.126 | 0,Portero
Cortés,Levante,0 | 0 | 0 | 0 | 0 | +901,"0,00% | 0,00% | 0,00% | 0,00% | 0,00% | 0%",,27ddías,803.000,803.000 | 803.000 | 803.000 | 803.000 | 803.000 | 0,Delantero
Toljan,Levante,-39.758 | -89.273 | -132.530 | -416.342 | -1.077.509 | -2.811.118,"-0,84% | -1,86% | -2,73% | -8,11% | -18,59% | -37,34%",,28ddías,4.717.856,4.757.614 | 4.807.129 | 4.850.386 | 5.134.198 | 5.795.365 | 7.528.974,Defensa
Pablo CamposCuñat Campos,Levante,-18.007 | -28.512 | -32.440 | +59.067 | -3.891 | -540.684,"-1,40% | -2,20% | -2,50% | +4,89% | -0,31% | -29,92%",,3ddías,1.266.268,1.284.275 | 1.294.780 | 1.298.708 | 1.207.201 | 1.270.159 | 1.806.952,Portero
Víctor García,Levante,-67.151 | -134.866 | -205.909 | -518.024 | -1.172.469 | -3.032.128,"-2,63% | -5,14% | -7,64% | -17,23% | -32,02% | -54,92%",,30ddías,2.489.119,2.556.270 | 2.623.985 | 2.695.028 | 3.007.143 | 3.661.588 | 5.521.247,Defensa
Joselu,Getafe,0 | 0 | 0 | 0 | 0 | +745,"0,00% | 0,00% | 0,00% | 0,00% | 0,00% | 0%",,27ddías,602.319,602.319 | 602.319 | 602.319 | 602.319 | 602.319 | 0,Delantero
Manu Fernández,Celta,-3.606 | -7.411 | -10.695 | -25.438 | -51.566 | -170.705,"-0,83% | -1,69% | -2,42% | -5,57% | -10,67% | -28,34%",,30ddías,431.611,435.217 | 439.022 | 442.306 | 457.049 | 483.177 | 602.316,Defensa
Torrents,Barcelona,0 | 0 | 0 | 0 | 0 | +745,"0,00% | 0,00% | 0,00% | 0,00% | 0,00% | 0%",,27ddías,602.319,602.319 | 602.319 | 602.319 | 602.319 | 602.319 | 0,Defensa
Esquivel,Atlético,0 | 0 | 0 | 0 | 0 | +718,"0,00% | 0,00% | 0,00% | 0,00% | 0,00% | 0%",,27ddías,602.292,602.292 | 602.292 | 602.292 | 602.292 | 602.292 | 0,Portero
Rego,Athletic,0 | 0 | 0 | 0 | 0 | +5.699,"0,00% | 0,00% | 0,00% | 0,00% | 0,00% | 0%",,27ddías,5.018.825,5.018.825 | 5.018.825 | 5.018.825 | 5.018.825 | 5.018.825 | 0,Defensa
Pinillos,Alavés,0 | 0 | 0 | 0 | 0 | 0,"0,00% | 0,00% | 0,00% | 0,00% | 0,00% | 0,00%",,27ddías,501.929,501.929 | 501.929 | 501.929 | 501.929 | 501.929 | 501.929,Mediocampista
Redondo,Elche,-27.976 | -58.459 | -89.895 | -217.055 | -482.179 | -1.325.370,"-2,52% | -5,12% | -7,66% | -16,68% | -30,79% | -55,01%",,30ddías,1.083.899,1.111.875 | 1.142.358 | 1.173.794 | 1.300.954 | 1.566.078 | 2.409.269,Mediocampista
Bigas,Elche,-141.786 | -279.441 | -433.814 | -1.141.659 | -1.726.017 | -1.469.356,"-2,12% | -4,08% | -6,20% | -14,82% | -20,83% | -18,30%",,25ddías,6.561.550,6.703.336 | 6.840.991 | 6.995.364 | 7.703.209 | 8.287.567 | 8.030.906,Defensa
Ugrinic,Valencia,-112.462 | -228.268 | -353.454 | -841.411 | -1.779.410 | -3.581.594,"-2,47% | -4,88% | -7,36% | -15,90% | -28,57% | -44,60%",,28ddías,4.449.312,4.561.774 | 4.677.580 | 4.802.766 | 5.290.723 | 6.228.722 | 8.030.906,Mediocampista
Oriol Rey,Levante,-23.212 | -47.440 | -71.998 | -177.586 | -398.676 | -1.105.568,"-2,51% | -5,00% | -7,39% | -16,45% | -30,65% | -55,07%",,30ddías,902.157,925.369 | 949.597 | 974.155 | 1.079.743 | 1.300.833 | 2.007.725,Mediocampista
Alexander-Arnold,Real Madrid,-311.505 | -575.695 | -965.403 | -2.312.357 | -5.647.338 | -14.418.423,"-1,20% | -2,19% | -3,62% | -8,24% | -17,99% | -35,91%",,30ddías,25.736.113,26.047.618 | 26.311.808 | 26.701.516 | 28.048.470 | 31.383.451 | 40.154.536,Defensa
Martim Neto,Elche,-31.396 | -63.083 | -98.611 | -209.621 | -355.891 | -1.108.163,"-1,62% | -3,21% | -4,93% | -9,92% | -15,75% | -36,80%",,30ddías,1.903.425,1.934.821 | 1.966.508 | 2.002.036 | 2.113.046 | 2.259.316 | 3.011.588,Mediocampista
Jonny,Alavés,-48.970 | -94.005 | -151.005 | -511.915 | -1.328.184 | -3.188.784,"-0,83% | -1,58% | -2,52% | -8,05% | -18,51% | -35,29%",,26ddías,5.845.986,5.894.956 | 5.939.991 | 5.996.991 | 6.357.901 | 7.174.170 | 9.034.770,Defensa
Almada,Atlético,-166.821 | -323.646 | -487.905 | -1.108.927 | -2.252.647 | -3.204.705,"-2,52% | -4,78% | -7,04% | -14,69% | -25,91% | -33,22%",,24ddías,6.441.170,6.607.991 | 6.764.816 | 6.929.075 | 7.550.097 | 8.693.817 | 9.645.875,Mediocampista
Luiz Felipe,Rayo,0 | 0 | 0 | 0 | 0 | +4.513,"0,00% | 0,00% | 0,00% | 0,00% | 0,00% | 0%",,27ddías,4.115.277,4.115.277 | 4.115.277 | 4.115.277 | 4.115.277 | 4.115.277 | 0,Defensa
Hancko,Atlético,+331.684 | +509.462 | +454.593 | -165.296 | -2.512.641 | -9.073.436,"+1,08% | +1,67% | +1,48% | -0,53% | -7,48% | -22,60%",,2ddías,31.081.100,30.749.416 | 30.571.638 | 30.626.507 | 31.246.396 | 33.593.741 | 40.154.536,Defensa
Fortea,Real Madrid,0 | 0 | 0 | 0 | 0 | 0,"0,00% | 0,00% | 0,00% | 0,00% | 0,00% | 0%",,27ddías,802.099,802.099 | 802.099 | 802.099 | 802.099 | 802.099 | 0,Defensa
Jutglà,Celta,-40.606 | -58.441 | -80.483 | -478.277 | -1.466.145 | -1.725.211,"-0,43% | -0,62% | -0,86% | -4,88% | -13,60% | -15,62%",,26ddías,9.317.285,9.357.891 | 9.375.726 | 9.397.768 | 9.795.562 | 10.783.430 | 11.042.496,Delantero
Valentín Gómez,Betis,-44.264 | -85.991 | -128.355 | -311.248 | -707.917 | -1.901.838,"-2,05% | -3,91% | -5,73% | -12,84% | -25,09% | -47,36%",,30ddías,2.113.614,2.157.878 | 2.199.605 | 2.241.969 | 2.424.862 | 2.821.531 | 4.015.452,Defensa
C. Álvarez,Levante,+353.796 | +752.639 | +1.082.341 | +2.385.568 | +4.915.522 | +9.910.832,"+2,01% | +4,38% | +6,42% | +15,34% | +37,74% | +123,41%",,29ddías,17.941.738,17.587.942 | 17.189.099 | 16.859.397 | 15.556.170 | 13.026.216 | 8.030.906,Mediocampista
Deossa,Betis,-39.964 | -80.824 | -124.914 | -304.704 | -727.057 | -2.058.417,"-2,11% | -4,17% | -6,30% | -14,10% | -28,14% | -52,58%",,30ddías,1.856.648,1.896.612 | 1.937.472 | 1.981.562 | 2.161.352 | 2.583.705 | 3.915.065,Mediocampista
Junior,Betis,-100.734 | -200.018 | -307.064 | -739.781 | -1.610.348 | -3.779.105,"-2,31% | -4,49% | -6,74% | -14,82% | -27,47% | -47,06%",,30ddías,4.251.801,4.352.535 | 4.451.819 | 4.558.865 | 4.991.582 | 5.862.149 | 8.030.906,Defensa
Dituro,Elche,+21.269 | +7.317 | -29.902 | -320.711 | -548.667 | -1.435.984,"+0,32% | +0,11% | -0,45% | -4,64% | -7,68% | -17,88%",,1ddías,6.594.922,6.573.653 | 6.587.605 | 6.624.824 | 6.915.633 | 7.143.589 | 8.030.906,Portero
Dolan,Espanyol,-75.970 | -148.954 | -242.131 | -637.661 | -1.330.541 | -1.561.587,"-1,16% | -2,25% | -3,61% | -8,97% | -17,06% | -19,44%",,23ddías,6.469.319,6.545.289 | 6.618.273 | 6.711.450 | 7.106.980 | 7.799.860 | 8.030.906,Delantero
Roger BruguéBrugui,Levante,-80.657 | -166.609 | -256.763 | -629.446 | -1.402.848 | -3.744.812,"-2,61% | -5,25% | -7,87% | -17,31% | -31,81% | -55,46%",,31ddías,3.007.299,3.087.956 | 3.173.908 | 3.264.062 | 3.636.745 | 4.410.147 | 6.752.111,Delantero
Jorge Cabello,Levante,-30.516 | -62.355 | -94.840 | -238.839 | +500.617 | +500.617,"-2,75% | -5,47% | -8,09% | -18,14% | 0% | 0%",,7ddías,1.077.493,1.108.009 | 1.139.848 | 1.172.333 | 1.316.332 | 0 | 0,Defensa
Iker Muñoz,Sevilla,0 | 0 | 0 | 0 | 0 | +710,"0,00% | 0,00% | 0,00% | 0,00% | 0,00% | 0%",,27ddías,602.284,602.284 | 602.284 | 602.284 | 602.284 | 602.284 | 0,Defensa
Izei,Alavés,0 | 0 | 0 | 0 | 0 | 0,"0,00% | 0,00% | 0,00% | 0,00% | 0,00% | 0,00%",,27ddías,582.010,582.010 | 582.010 | 582.010 | 582.010 | 582.010 | 582.010,Mediocampista
Román,Celta,-63.422 | -122.320 | -184.779 | -492.722 | -1.213.790 | -3.398.279,"-1,22% | -2,33% | -3,47% | -8,76% | -19,12% | -39,83%",,30ddías,5.134.559,5.197.981 | 5.256.879 | 5.319.338 | 5.627.281 | 6.348.349 | 8.532.838,Mediocampista
Laro Gómez,Racing,0 | 0 | 0 | 0 | 0 | +660,"0,00% | 0,00% | 0,00% | 0,00% | 0,00% | 0%",,26ddías,602.234,602.234 | 602.234 | 602.234 | 602.234 | 602.234 | 0,Portero
Guliashvili,Racing,-92.126 | -185.415 | -281.936 | -688.081 | -1.520.638 | -3.678.685,"-3,14% | -6,12% | -9,01% | -19,47% | -34,82% | -56,38%",,30ddías,2.846.426,2.938.552 | 3.031.841 | 3.128.362 | 3.534.507 | 4.367.064 | 6.525.111,Delantero
Arana,Racing,-10.914 | -22.811 | -33.451 | -82.302 | -199.304 | -593.464,"-1,18% | -2,44% | -3,54% | -8,27% | -17,93% | -39,41%",,30ddías,912.329,923.243 | 935.140 | 945.780 | 994.631 | 1.111.633 | 1.505.793,Delantero
Iñigo Vicente,Racing,-75.750 | -139.295 | -229.428 | -1.354.927 | -2.811.201 | -6.269.942,"-0,39% | -0,72% | -1,17% | -6,55% | -12,70% | -24,49%",,26ddías,19.328.574,19.404.324 | 19.467.869 | 19.558.002 | 20.683.501 | 22.139.775 | 25.598.516,Delantero
Solórzano,Racing,0 | 0 | 0 | 0 | 0 | +660,"0,00% | 0,00% | 0,00% | 0,00% | 0,00% | 0%",,26ddías,602.234,602.234 | 602.234 | 602.234 | 602.234 | 602.234 | 0,Mediocampista
Puerta,Racing,+138.528 | +416.014 | +711.877 | +1.466.792 | +1.461.119 | +782.863,"+1,30% | +4,00% | +7,04% | +15,68% | +15,61% | +7,80%",,9ddías,10.821.495,10.682.967 | 10.405.481 | 10.109.618 | 9.354.703 | 9.360.376 | 10.038.632,Mediocampista
Sergio Martínez,Racing,0 | 0 | 0 | 0 | 0 | +770,"0,00% | 0,00% | 0,00% | 0,00% | 0,00% | 0%",,26ddías,702.606,702.606 | 702.606 | 702.606 | 702.606 | 702.606 | 0,Mediocampista
Gueye,Racing,-59.970 | -115.829 | -175.756 | -421.297 | -1.064.963 | -2.508.990,"-1,31% | -2,50% | -3,74% | -8,53% | -19,08% | -35,70%",,26ddías,4.518.052,4.578.022 | 4.633.881 | 4.693.808 | 4.939.349 | 5.583.015 | 7.027.042,Mediocampista
Crespo,Racing,0 | 0 | 0 | 0 | 0 | +880,"0,00% | 0,00% | 0,00% | 0,00% | 0,00% | 0%",,26ddías,802.979,802.979 | 802.979 | 802.979 | 802.979 | 802.979 | 0,Defensa
Facundo GonzálezFacu González,Racing,-14.468 | -31.352 | -41.009 | -325.890 | -325.890 | -322.038,"-0,45% | -0,97% | -1,27% | -9,28% | -9,28% | 0%",,6ddías,3.187.150,3.201.618 | 3.218.502 | 3.228.159 | 3.513.040 | 3.513.040 | 0,Defensa
Carlos Sánchez,Racing,0 | 0 | 0 | 0 | 0 | +770,"0,00% | 0,00% | 0,00% | 0,00% | 0,00% | 0%",,26ddías,702.606,702.606 | 702.606 | 702.606 | 702.606 | 702.606 | 0,Defensa
Salinas,Racing,0 | 0 | 0 | 0 | 0 | +6.604,"0,00% | 0,00% | 0,00% | 0,00% | 0,00% | 0%",,26ddías,6.022.356,6.022.356 | 6.022.356 | 6.022.356 | 6.022.356 | 6.022.356 | 0,Defensa
Hernando,Racing,-10.710 | -17.367 | -27.265 | -107.114 | -387.108 | -1.522.850,"-0,54% | -0,86% | -1,35% | -5,11% | -16,28% | -43,34%",,30ddías,1.990.670,2.001.380 | 2.008.037 | 2.017.935 | 2.097.784 | 2.377.778 | 3.513.520,Defensa
Sainz-Maza,Racing,-23.058 | -43.441 | -66.822 | -167.339 | -382.663 | -1.055.408,"-2,36% | -4,36% | -6,56% | -14,95% | -28,66% | -52,57%",,30ddías,952.317,975.375 | 995.758 | 1.019.139 | 1.119.656 | 1.334.980 | 2.007.725,Defensa
Mantilla,Racing,+45.256 | +83.706 | +111.793 | +174.745 | +158.783 | -702.852,"+2,00% | +3,76% | +5,09% | +8,19% | +7,39% | -23,34%",,7ddías,2.308.736,2.263.480 | 2.225.030 | 2.196.943 | 2.133.991 | 2.149.953 | 3.011.588,Defensa
Eriksson,Racing,+57.458 | +134.421 | +188.141 | +396.308 | +360.851 | -342.516,"+2,20% | +5,30% | +7,58% | +17,44% | +15,63% | -11,37%",,9ddías,2.669.072,2.611.614 | 2.534.651 | 2.480.931 | 2.272.764 | 2.308.221 | 3.011.588,Portero
Santi Franco,Racing,0 | 0 | 0 | 0 | 0 | +770,"0,00% | 0,00% | 0,00% | 0,00% | 0,00% | 0%",,26ddías,702.606,702.606 | 702.606 | 702.606 | 702.606 | 702.606 | 0,Delantero
Rafa Rodríguez,Málaga,0 | 0 | 0 | 0 | 0 | +6.876,"0,00% | 0,00% | 0,00% | 0,00% | 0,00% | 0%",,26ddías,6.270.426,6.270.426 | 6.270.426 | 6.270.426 | 6.270.426 | 6.270.426 | 0,Mediocampista
Recio,Málaga,0 | 0 | 0 | 0 | 0 | +842,"0,00% | 0,00% | 0,00% | 0,00% | 0,00% | 0%",,26ddías,752.810,752.810 | 752.810 | 752.810 | 752.810 | 752.810 | 0,Defensa
Pastor,Málaga,0 | 0 | 0 | 0 | 0 | +435,"0,00% | 0,00% | 0,00% | 0,00% | 0,00% | 0%",,26ddías,389.116,389.116 | 389.116 | 389.116 | 389.116 | 389.116 | 0,Defensa
Arriaza,Málaga,0 | 0 | 0 | 0 | 0 | +449,"0,00% | 0,00% | 0,00% | 0,00% | 0,00% | 0%",,26ddías,401.498,401.498 | 401.498 | 401.498 | 401.498 | 401.498 | 0,Defensa
Moussa,Málaga,0 | 0 | 0 | 0 | 0 | +449,"0,00% | 0,00% | 0,00% | 0,00% | 0,00% | 0%",,26ddías,401.498,401.498 | 401.498 | 401.498 | 401.498 | 401.498 | 0,Defensa
Merino,Málaga,-77.495 | -166.442 | -218.431 | -577.078 | -1.292.934 | -3.043.741,"-1,10% | -2,32% | -3,03% | -7,62% | -15,60% | -30,32%",,26ddías,6.994.891,7.072.386 | 7.161.333 | 7.213.322 | 7.571.969 | 8.287.825 | 10.038.632,Mediocampista
Lorenzo,Málaga,+159.479 | +253.020 | +359.608 | +339.307 | -12.580 | -2.289.914,"+1,86% | +2,98% | +4,28% | +4,03% | -0,14% | -20,74%",,5ddías,8.752.582,8.593.103 | 8.499.562 | 8.392.974 | 8.413.275 | 8.765.162 | 11.042.496,Mediocampista
Ochoa,Málaga,0 | 0 | 0 | 0 | 0 | +3.852,"0,00% | 0,00% | 0,00% | 0,00% | 0,00% | 0%",,26ddías,3.513.040,3.513.040 | 3.513.040 | 3.513.040 | 3.513.040 | 3.513.040 | 0,Mediocampista
Jiménez,Racing,0 | 0 | 0 | 0 | 0 | +660,"0,00% | 0,00% | 0,00% | 0,00% | 0,00% | 0%",,26ddías,602.234,602.234 | 602.234 | 602.234 | 602.234 | 602.234 | 0,Portero
Enríquez,Málaga,-22.567 | -46.546 | -70.613 | -172.251 | -352.163 | -1.019.810,"-2,23% | -4,50% | -6,67% | -14,85% | -26,28% | -50,79%",,30ddías,987.915,1.010.482 | 1.034.461 | 1.058.528 | 1.160.166 | 1.340.078 | 2.007.725,Mediocampista
Juanpe,Málaga,0 | 0 | 0 | 0 | 0 | +638,"0,00% | 0,00% | 0,00% | 0,00% | 0,00% | 0%",,26ddías,581.931,581.931 | 581.931 | 581.931 | 581.931 | 581.931 | 0,Mediocampista
Joaquín,Málaga,-162.235 | -314.050 | -467.799 | -1.066.483 | -2.341.070 | -5.946.035,"-1,96% | -3,73% | -5,45% | -11,62% | -22,40% | -42,31%",,30ddías,8.108.051,8.270.286 | 8.422.101 | 8.575.850 | 9.174.534 | 10.449.121 | 14.054.086,Delantero
Lobete,Málaga,-25.567 | -52.338 | -77.641 | -185.049 | -400.966 | -1.013.669,"-2,51% | -5,00% | -7,24% | -15,69% | -28,74% | -50,49%",,30ddías,994.056,1.019.623 | 1.046.394 | 1.071.697 | 1.179.105 | 1.395.022 | 2.007.725,Delantero
Jauregi,Málaga,0 | 0 | 0 | 0 | 0 | +1.706,"0,00% | 0,00% | 0,00% | 0,00% | 0,00% | 0%",,26ddías,1.555.774,1.555.774 | 1.555.774 | 1.555.774 | 1.555.774 | 1.555.774 | 0,Delantero
Haitam,Málaga,-4.890 | -10.033 | -14.710 | -35.633 | -75.329 | -240.265,"-1,05% | -2,12% | -3,08% | -7,15% | -14,01% | -34,19%",,30ddías,462.437,467.327 | 472.470 | 477.147 | 498.070 | 537.766 | 702.702,Delantero
Canales,Racing,0 | 0 | 0 | 0 | 0 | +11.008,"0,00% | 0,00% | 0,00% | 0,00% | 0,00% | 0%",,26ddías,10.037.262,10.037.262 | 10.037.262 | 10.037.262 | 10.037.262 | 10.037.262 | 0,Delantero
Diego Diaz,Racing,0 | 0 | 0 | 0 | 0 | +660,"0,00% | 0,00% | 0,00% | 0,00% | 0,00% | 0%",,26ddías,602.234,602.234 | 602.234 | 602.234 | 602.234 | 602.234 | 0,Delantero
Galilea,Málaga,0 | 0 | 0 | 0 | 0 | +4.775,"0,00% | 0,00% | 0,00% | 0,00% | 0,00% | 0%",,26ddías,4.265.932,4.265.932 | 4.265.932 | 4.265.932 | 4.265.932 | 4.265.932 | 0,Defensa
Manuel Pellegrini,Betis,-215.920 | -439.672 | -655.566 | -1.656.735 | -1.552.106 | -899.716,"-3,41% | -6,70% | -9,68% | -21,31% | -20,23% | 0%",,12ddías,6.118.661,6.334.581 | 6.558.333 | 6.774.227 | 7.775.396 | 7.670.767 | 0,
Carlos Corberán,Valencia,-22.190 | -45.355 | -68.804 | -172.970 | -108.591 | -24.713,"-2,47% | -4,91% | -7,27% | -16,46% | -11,01% | 0%",,12ddías,877.648,899.838 | 923.003 | 946.452 | 1.050.618 | 986.239 | 0,
Luis García,Sevilla,-33.303 | -68.043 | -103.550 | -261.186 | +267.696 | +342.254,"-2,83% | -5,61% | -8,30% | -18,58% | +30,54% | 0%",,9ddías,1.144.353,1.177.656 | 1.212.396 | 1.247.903 | 1.405.539 | 876.657 | 0,
Pellegrino Matarazzo,Real Sociedad,-218.782 | -440.051 | -673.869 | -1.695.484 | +261.372 | +727.365,"-3,67% | -7,12% | -10,51% | -22,80% | +4,77% | 0%",,10ddías,5.740.491,5.959.273 | 6.180.542 | 6.414.360 | 7.435.975 | 5.479.119 | 0,
José Mourinho,Real Madrid,-724.748 | -1.474.761 | -2.255.111 | -5.570.888 | +7.683.251 | 0,"-3,53% | -6,92% | -10,21% | -21,93% | +63,27% | 0%",,7ddías,19.827.191,20.551.939 | 21.301.952 | 22.082.302 | 25.398.079 | 12.143.940 | 0,
Beñat San José,Rayo,-82.643 | -168.779 | -257.824 | +42.686 | +1.235.553 | 0,"-3,43% | -6,76% | -9,97% | +1,87% | +113,05% | 0%",,5ddías,2.328.507,2.411.150 | 2.497.286 | 2.586.331 | 2.285.821 | 1.092.954 | 0,
José Alberto López,Racing,-39.963 | -81.641 | -124.375 | -314.057 | +427.542 | +502.100,"-2,97% | -5,89% | -8,71% | -19,41% | +48,77% | 0%",,8ddías,1.304.199,1.344.162 | 1.385.840 | 1.428.574 | 1.618.256 | 876.657 | 0,
Luis Miguel Ramis,Osasuna,-71.142 | -145.299 | -221.865 | -233.319 | +959.548 | 0,"-3,35% | -6,61% | -9,76% | -10,21% | +87,79% | 0%",,6ddías,2.052.502,2.123.644 | 2.197.801 | 2.274.367 | 2.285.821 | 1.092.954 | 0,
Juan Funes,Málaga,-61.053 | -124.699 | -190.317 | -481.475 | +714.524 | +807.722,"-3,26% | -6,44% | -9,51% | -21,01% | +65,20% | 0%",,7ddías,1.810.347,1.871.400 | 1.935.046 | 2.000.664 | 2.291.822 | 1.095.823 | 0,
Luis Castro,Levante,-60.064 | -122.680 | -187.225 | -473.623 | +142.877 | +282.674,"-3,25% | -6,43% | -9,49% | -20,95% | +8,69% | 0%",,10ddías,1.786.611,1.846.675 | 1.909.291 | 1.973.836 | 2.260.234 | 1.643.734 | 0,
Pepe Bordalás,Getafe,0 | 0 | -1.235 | +35.359.459 | +64.866.960 | +64.679.730,"0,00% | 0,00% | 0,00% | +102,99% | +1.344,14% | 0%",,2ddías,69.692.856,69.692.856 | 69.692.856 | 69.694.091 | 34.333.397 | 4.825.896 | 0,
Manolo González,Espanyol,-50.505 | -103.165 | -157.338 | -397.745 | -86.519 | +53.278,"-3,14% | -6,21% | -9,18% | -20,35% | -5,26% | 0%",,11ddías,1.557.215,1.607.720 | 1.660.380 | 1.714.553 | 1.954.960 | 1.643.734 | 0,
Martín Anselmi,Elche,-82.643 | -168.779 | -257.824 | +42.686 | +1.235.553 | 0,"-3,43% | -6,76% | -9,97% | +1,87% | +113,05% | 0%",,5ddías,2.328.507,2.411.150 | 2.497.286 | 2.586.331 | 2.285.821 | 1.092.954 | 0,
Antonio Hidalgo,Deportivo,-83.922 | -171.392 | -261.826 | -663.025 | +715.497 | +855.294,"-3,43% | -6,77% | -9,99% | -21,94% | +43,53% | 0%",,8ddías,2.359.231,2.443.153 | 2.530.623 | 2.621.057 | 3.022.256 | 1.643.734 | 0,
Claudio Giráldez,Celta,-112.946 | -226.529 | -353.100 | -902.667 | -2.157.199 | -1.691.206,"-3,29% | -6,38% | -9,61% | -21,37% | -39,37% | 0%",,14ddías,3.321.920,3.434.866 | 3.548.449 | 3.675.020 | 4.224.587 | 5.479.119 | 0,
Hansi Flick,Barcelona,-324.888 | -709.208 | -1.066.699 | -2.704.076 | -3.958.314 | -2.560.335,"-2,54% | -5,38% | -7,87% | -17,81% | -24,08% | 0%",,13ddías,12.479.047,12.803.935 | 13.188.255 | 13.545.746 | 15.183.123 | 16.437.361 | 0,
Santaella,Málaga,0 | 0 | 0 | 0 | 0 | +449,"0,00% | 0,00% | 0,00% | 0,00% | 0,00% | 0%",,22ddías,401.498,401.498 | 401.498 | 401.498 | 401.498 | 401.498 | 0,Defensa
Cucurella,Real Madrid,+3.001.362 | +6.045.252 | +9.049.910 | +20.957.317 | 0 | 0,"+4,50% | +9,49% | +14,90% | +42,93% | 0% | 0%",,8ddías,69.771.376,66.770.014 | 63.726.124 | 60.721.466 | 48.814.059 | 0 | 0,Defensa
Vallecillo,Racing,0 | 0 | 0 | 0 | 0 | +743,"0,00% | 0,00% | 0,00% | 0,00% | 0,00% | 0%",,22ddías,677.940,677.940 | 677.940 | 677.940 | 677.940 | 677.940 | 0,Mediocampista
Chupete,Málaga,+1.264.785 | +2.581.059 | +3.882.909 | +9.552.488 | +18.776.550 | 0,"+2,72% | +5,72% | +8,86% | +25,04% | +64,93% | 0%",,21ddías,47.695.379,46.430.594 | 45.114.320 | 43.812.470 | 38.142.891 | 28.918.829 | 0,Delantero
Larrubia,Málaga,+1.217.025 | +2.678.922 | +3.989.625 | +9.852.617 | +18.388.672 | 0,"+2,50% | +5,67% | +8,68% | +24,58% | +58,27% | 0%",,20ddías,49.944.004,48.726.979 | 47.265.082 | 45.954.379 | 40.091.387 | 31.555.332 | 0,Mediocampista
Yeremay,Deportivo,+895.174 | +2.236.141 | +3.197.218 | +9.394.516 | +22.829.047 | 0,"+1,57% | +4,01% | +5,84% | +19,34% | +64,95% | 0%",,18ddías,57.976.149,57.080.975 | 55.740.008 | 54.778.931 | 48.581.633 | 35.147.102 | 0,Delantero
Dumfries,Real Madrid,+1.116.775 | +2.384.502 | +3.527.038 | +9.593.045 | +18.707.959 | 0,"+1,75% | +3,82% | +5,75% | +17,36% | +40,55% | 0%",,17ddías,64.845.471,63.728.696 | 62.460.969 | 61.318.433 | 55.252.426 | 46.137.512 | 0,Defensa
Hartman,Espanyol,-177.229 | -383.921 | -597.569 | -1.579.506 | -3.694.657 | 0,"-1,66% | -3,52% | -5,38% | -13,06% | -26,00% | 0%",,14ddías,10.513.752,10.690.981 | 10.897.673 | 11.111.321 | 12.093.258 | 14.208.409 | 0,Defensa
Konaté,Real Madrid,+1.684.009 | +3.415.194 | +4.851.155 | +9.728.388 | 0 | 0,"+4,61% | +9,81% | +14,53% | +34,12% | 0% | 0%",,7ddías,38.240.507,36.556.498 | 34.825.313 | 33.389.352 | 28.512.119 | 0 | 0,Defensa
Diego Simeone,Atlético,-257.935 | -530.946 | -808.843 | -2.007.455 | -3.139.767 | -2.207.781,"-3,19% | -6,36% | -9,38% | -20,43% | -28,65% | 0%",,13ddías,7.818.473,8.076.408 | 8.349.419 | 8.627.316 | 9.825.928 | 10.958.240 | 0,
Aubameyang,Deportivo,+1.334.199 | +2.666.811 | +3.908.216 | +6.787.335 | 0 | 0,"+7,38% | +15,94% | +25,22% | +53,80% | 0% | 0%",,6ddías,19.402.187,18.067.988 | 16.735.376 | 15.493.971 | 12.614.852 | 0 | 0,Delantero
Calatrava,Espanyol,+50.394 | +99.471 | +116.007 | +142.874 | 0 | 0,"+1,53% | +3,06% | +3,59% | +4,45% | 0% | 0%",,5ddías,3.350.173,3.299.779 | 3.250.702 | 3.234.166 | 3.207.299 | 0 | 0,Delantero
Hjulmand,Atlético,-265.255 | -492.842 | -811.672 | 0 | 0 | 0,"-0,78% | -1,44% | -2,35% | 0% | 0% | 0%",,5ddías,33.758.739,34.023.994 | 34.251.581 | 34.570.411 | 0 | 0 | 0,Mediocampista
Bernardo Silva,Real Madrid,+300.861 | -1.022.965 | 0 | 0 | 0 | 0,"+0,78% | -2,56% | 0% | 0% | 0% | 0%",,1ddías,38.945.137,38.644.276 | 39.968.102 | 0 | 0 | 0 | 0,Mediocampista
Quique Sánchez,Alavés,-33.303 | -68.043 | -103.550 | -261.186 | +267.696 | +342.254,"-2,83% | -5,61% | -8,30% | -18,58% | +30,54% | 0%",,9ddías,1.144.353,1.177.656 | 1.212.396 | 1.247.903 | 1.405.539 | 876.657 | 0,
Edin Terzic,Athletic,-480.656 | -983.551 | -1.506.720 | -1.782.239 | +5.374.990 | 0,"-3,87% | -7,61% | -11,21% | -12,99% | +81,96% | 0%",,6ddías,11.932.717,12.413.373 | 12.916.268 | 13.439.437 | 13.714.956 | 6.557.727 | 0,
Dani Sánchez,Málaga,-22.585 | -41.813 | -64.740 | -154.305 | -350.902 | -1.012.992,"-2,40% | -4,36% | -6,59% | -14,40% | -27,66% | -52,47%",,30ddías,917.570,940.155 | 959.383 | 982.310 | 1.071.875 | 1.268.472 | 1.930.562,Defensa
Rafa GarridoRafita,Málaga,0 | 0 | 0 | 0 | 0 | +5.618,"0,00% | 0,00% | 0,00% | 0,00% | 0,00% | 0%",,26ddías,5.018.744,5.018.744 | 5.018.744 | 5.018.744 | 5.018.744 | 5.018.744 | 0,Defensa
Aitor Mañas,Alavés,0 | 0 | 0 | 0 | 0 | 0,"0,00% | 0,00% | 0,00% | 0,00% | 0,00% | 0,00%",,27ddías,562.164,562.164 | 562.164 | 562.164 | 562.164 | 562.164 | 562.164,Delantero
Julio Díaz,Sevilla,0 | 0 | 0 | +25.590 | +4.391 | -103.689,"0,00% | 0,00% | 0,00% | +5,66% | +0,93% | -17,83%",,3ddías,477.990,477.990 | 477.990 | 477.990 | 452.400 | 473.599 | 581.679,Defensa
Vargas,Atlético,-25.249 | -51.988 | -77.834 | -187.974 | -425.229 | -1.083.796,"-2,41% | -4,83% | -7,06% | -15,51% | -29,34% | -51,41%",,30ddías,1.024.316,1.049.565 | 1.076.304 | 1.102.150 | 1.212.290 | 1.449.545 | 2.108.112,Mediocampista
Lookman,Atlético,+1.709.921 | +3.919.942 | +5.737.522 | +12.638.106 | +21.966.473 | +37.960.335,"+2,46% | +5,84% | +8,78% | +21,62% | +44,72% | 0%",,17ddías,71.081.600,69.371.679 | 67.161.658 | 65.344.078 | 58.443.494 | 49.115.127 | 0,Delantero
Tete Morente,Elche,-63.242 | -129.050 | -198.317 | -482.422 | -1.108.309 | -3.043.006,"-2,49% | -4,95% | -7,41% | -16,29% | -30,90% | -55,11%",,30ddías,2.478.241,2.541.483 | 2.607.291 | 2.676.558 | 2.960.663 | 3.586.550 | 5.521.247,Delantero
Fidalgo,Betis,-60.809 | -110.624 | -169.514 | -384.036 | -811.323 | -1.898.602,"-1,91% | -3,42% | -5,15% | -10,96% | -20,63% | -37,83%",,27ddías,3.120.713,3.181.522 | 3.231.337 | 3.290.227 | 3.504.749 | 3.932.036 | 5.019.315,Mediocampista
Koski,Alavés,0 | 0 | 0 | 0 | 0 | 0,"0,00% | 0,00% | 0,00% | 0,00% | 0,00% | 0,00%",,27ddías,803.089,803.089 | 803.089 | 803.089 | 803.089 | 803.089 | 803.089,Defensa
Freeman,Villarreal,-55.213 | -108.703 | -164.471 | -377.455 | -811.747 | -2.127.743,"-1,87% | -3,62% | -5,38% | -11,55% | -21,92% | -42,39%",,30ddías,2.891.572,2.946.785 | 3.000.275 | 3.056.043 | 3.269.027 | 3.703.319 | 5.019.315,Defensa
Cepeda,Elche,-17.070 | -40.234 | -65.706 | -166.201 | -387.509 | -1.207.389,"-1,40% | -3,23% | -5,17% | -12,13% | -24,34% | -50,07%",,30ddías,1.204.248,1.221.318 | 1.244.482 | 1.269.954 | 1.370.449 | 1.591.757 | 2.411.637,Delantero
Ángel Pérez,Alavés,-142.031 | -267.119 | -403.043 | -1.056.086 | -2.556.267 | -7.296.295,"-1,80% | -3,33% | -4,94% | -11,98% | -24,78% | -48,45%",,30ddías,7.761.655,7.903.686 | 8.028.774 | 8.164.698 | 8.817.741 | 10.317.922 | 15.057.950,Delantero
Boselli,Getafe,0 | 0 | 0 | 0 | 0 | +3.603,"0,00% | 0,00% | 0,00% | 0,00% | 0,00% | 0%",,27ddías,2.893.999,2.893.999 | 2.893.999 | 2.893.999 | 2.893.999 | 2.893.999 | 0,Defensa
Romero,Getafe,0 | 0 | 0 | 0 | 0 | +37.500,"0,00% | 0,00% | 0,00% | 0,00% | 0,00% | 0%",,27ddías,30.116.266,30.116.266 | 30.116.266 | 30.116.266 | 30.116.266 | 30.116.266 | 0,Defensa
Mesonero,Real Madrid,0 | 0 | 0 | 0 | 0 | +770,"0,00% | 0,00% | 0,00% | 0,00% | 0,00% | 0%",,27ddías,702.606,702.606 | 702.606 | 702.606 | 702.606 | 702.606 | 0,Mediocampista
A. Riquelme,Getafe,0 | 0 | 0 | 0 | 0 | +750,"0,00% | 0,00% | 0,00% | 0,00% | 0,00% | 0%",,27ddías,602.324,602.324 | 602.324 | 602.324 | 602.324 | 602.324 | 0,Mediocampista
Álex Sánchez,Elche,0 | 0 | 0 | 0 | 0 | +750,"0,00% | 0,00% | 0,00% | 0,00% | 0,00% | 0%",,27ddías,602.324,602.324 | 602.324 | 602.324 | 602.324 | 602.324 | 0,Mediocampista
Burcio,Celta,0 | 0 | 0 | 0 | 0 | +683,"0,00% | 0,00% | 0,00% | 0,00% | 0,00% | 0%",,27ddías,602.257,602.257 | 602.257 | 602.257 | 602.257 | 602.257 | 0,Mediocampista
Manuel Ángel,Real Madrid,0 | 0 | 0 | 0 | 0 | +770,"0,00% | 0,00% | 0,00% | 0,00% | 0,00% | 0%",,27ddías,702.606,702.606 | 702.606 | 702.606 | 702.606 | 702.606 | 0,Mediocampista
Sangaré,Elche,0 | 0 | 0 | 0 | 0 | +5.000,"0,00% | 0,00% | 0,00% | 0,00% | 0,00% | 0%",,27ddías,4.015.501,4.015.501 | 4.015.501 | 4.015.501 | 4.015.501 | 4.015.501 | 0,Defensa
Cestero,Real Madrid,0 | 0 | 0 | 0 | 0 | +660,"0,00% | 0,00% | 0,00% | 0,00% | 0,00% | 0%",,27ddías,602.234,602.234 | 602.234 | 602.234 | 602.234 | 602.234 | 0,Mediocampista
Hierro,Athletic,0 | 0 | 0 | 0 | 0 | +683,"0,00% | 0,00% | 0,00% | 0,00% | 0,00% | 0%",,27ddías,602.257,602.257 | 602.257 | 602.257 | 602.257 | 602.257 | 0,Delantero
Dani Martínez,Atlético,-3.801 | -7.810 | -11.306 | -26.990 | -48.092 | -166.009,"-0,86% | -1,76% | -2,53% | -5,83% | -9,93% | -27,56%",,10ddías,436.307,440.108 | 444.117 | 447.613 | 463.297 | 484.399 | 602.316,Defensa
Boñar,Atlético,-5.455 | -11.187 | -16.477 | -40.119 | -81.880 | -226.701,"-1,13% | -2,30% | -3,35% | -7,77% | -14,68% | -32,26%",,24ddías,476.001,481.456 | 487.188 | 492.478 | 516.120 | 557.881 | 702.702,Defensa
Puric,Atlético,-4.886 | -10.025 | -14.698 | -35.600 | -75.254 | -240.366,"-1,05% | -2,12% | -3,08% | -7,15% | -14,00% | -34,21%",,30ddías,462.336,467.222 | 472.361 | 477.034 | 497.936 | 537.590 | 702.702,Defensa
Marqués,Barcelona,0 | 0 | 0 | 0 | 0 | +745,"0,00% | 0,00% | 0,00% | 0,00% | 0,00% | 0%",,27ddías,602.319,602.319 | 602.319 | 602.319 | 602.319 | 602.319 | 0,Defensa
Arcos,Celta,0 | 0 | 0 | 0 | 0 | +683,"0,00% | 0,00% | 0,00% | 0,00% | 0,00% | 0%",,27ddías,602.257,602.257 | 602.257 | 602.257 | 602.257 | 602.257 | 0,Mediocampista
Montes,Getafe,0 | 0 | 0 | 0 | 0 | +745,"0,00% | 0,00% | 0,00% | 0,00% | 0,00% | 0%",,27ddías,602.319,602.319 | 602.319 | 602.319 | 602.319 | 602.319 | 0,Defensa
Gaitán,Villarreal,0 | 0 | 0 | 0 | 0 | +718,"0,00% | 0,00% | 0,00% | 0,00% | 0,00% | 0%",,27ddías,602.292,602.292 | 602.292 | 602.292 | 602.292 | 602.292 | 0,Mediocampista
Ferran,Espanyol,0 | 0 | 0 | 0 | 0 | +674,"0,00% | 0,00% | 0,00% | 0,00% | 0,00% | 0%",,27ddías,602.248,602.248 | 602.248 | 602.248 | 602.248 | 602.248 | 0,Mediocampista
Tunde,Levante,0 | 0 | 0 | 0 | 0 | +9.576,"0,00% | 0,00% | 0,00% | 0,00% | 0,00% | 0%",,27ddías,8.531.892,8.531.892 | 8.531.892 | 8.531.892 | 8.531.892 | 8.531.892 | 0,Mediocampista
Kita,R. Sociedad B,0 | 0 | 0 | 0 | 0 | +660,"0,00% | 0,00% | 0,00% | 0,00% | 0,00% | 0%",,27ddías,602.234,602.234 | 602.234 | 602.234 | 602.234 | 602.234 | 0,Defensa
Astiazaran,R. Sociedad B,0 | 0 | 0 | 0 | 0 | +683,"0,00% | 0,00% | 0,00% | 0,00% | 0,00% | 0%",,27ddías,602.257,602.257 | 602.257 | 602.257 | 602.257 | 602.257 | 0,Mediocampista
Aguirre,R. Sociedad B,0 | 0 | 0 | 0 | 0 | +683,"0,00% | 0,00% | 0,00% | 0,00% | 0,00% | 0%",,27ddías,602.257,602.257 | 602.257 | 602.257 | 602.257 | 602.257 | 0,Mediocampista
Fontanet,Valencia,0 | 0 | 0 | 0 | 0 | +694,"0,00% | 0,00% | 0,00% | 0,00% | 0,00% | 0%",,27ddías,581.987,581.987 | 581.987 | 581.987 | 581.987 | 581.987 | 0,Defensa
Vecino,Celta,-75.762 | -154.954 | -233.944 | -576.716 | -1.286.538 | -3.385.853,"-2,79% | -5,55% | -8,15% | -17,94% | -32,79% | -56,21%",,30ddías,2.637.326,2.713.088 | 2.792.280 | 2.871.270 | 3.214.042 | 3.923.864 | 6.023.179,Mediocampista
Lamini Fati,Real Madrid,0 | 0 | 0 | 0 | 0 | +758,"0,00% | 0,00% | 0,00% | 0,00% | 0,00% | 0%",,27ddías,677.955,677.955 | 677.955 | 677.955 | 677.955 | 677.955 | 0,Defensa
Murillo,Málaga,-82.508 | -170.905 | -260.858 | -640.148 | -1.404.806 | -3.206.109,"-2,85% | -5,72% | -8,48% | -18,52% | -33,27% | -53,23%",,30ddías,2.817.070,2.899.578 | 2.987.975 | 3.077.928 | 3.457.218 | 4.221.876 | 6.023.179,Defensa
Luismi,Deportivo,-108.512 | -199.567 | -321.391 | -868.970 | -1.856.302 | -2.773.310,"-1,70% | -3,09% | -4,88% | -12,19% | -22,87% | -30,70%",,25ddías,6.261.460,6.369.972 | 6.461.027 | 6.582.851 | 7.130.430 | 8.117.762 | 9.034.770,Delantero
Rubén López,Deportivo,0 | 0 | 0 | 0 | 0 | +569,"0,00% | 0,00% | 0,00% | 0,00% | 0,00% | 0%",,27ddías,501.880,501.880 | 501.880 | 501.880 | 501.880 | 501.880 | 0,Mediocampista
Villares,Deportivo,-71.627 | -147.943 | -222.133 | -550.491 | -1.229.613 | -2.969.895,"-2,29% | -4,62% | -6,78% | -15,28% | -28,71% | -49,31%",,30ddías,3.053.284,3.124.911 | 3.201.227 | 3.275.417 | 3.603.775 | 4.282.897 | 6.023.179,Mediocampista
Jurado,Deportivo,-37.232 | -75.971 | -117.236 | -286.536 | -644.174 | -1.690.122,"-2,74% | -5,44% | -8,15% | -17,82% | -32,77% | -56,12%",,30ddías,1.321.466,1.358.698 | 1.397.437 | 1.438.702 | 1.608.002 | 1.965.640 | 3.011.588,Mediocampista
Mella,Deportivo,-39.876 | -65.382 | -99.427 | -275.275 | -701.077 | -685.033,"-1,18% | -1,93% | -2,90% | -7,63% | -17,39% | -17,06%",,20ddías,3.330.419,3.370.295 | 3.395.801 | 3.429.846 | 3.605.694 | 4.031.496 | 4.015.452,Mediocampista
Mario,Deportivo,+379.363 | +807.929 | +1.278.456 | +2.610.679 | +4.682.389 | +7.477.303,"+1,71% | +3,72% | +6,01% | +13,10% | +26,23% | +49,66%",,29ddías,22.535.253,22.155.890 | 21.727.324 | 21.256.797 | 19.924.574 | 17.852.864 | 15.057.950,Mediocampista
Patino,Deportivo,-10.345 | -21.171 | -31.768 | -78.939 | -176.267 | -510.884,"-1,71% | -3,45% | -5,08% | -11,74% | -22,90% | -46,27%",,30ddías,593.364,603.709 | 614.535 | 625.132 | 672.303 | 769.631 | 1.104.248,Mediocampista
Bil Nsongo,Deportivo,0 | 0 | 0 | 0 | 0 | +7.408,"0,00% | 0,00% | 0,00% | 0,00% | 0,00% | 0%",,27ddías,6.524.473,6.524.473 | 6.524.473 | 6.524.473 | 6.524.473 | 6.524.473 | 0,Delantero
Noé Carrillo,Deportivo,0 | 0 | 0 | 0 | 0 | +797,"0,00% | 0,00% | 0,00% | 0,00% | 0,00% | 0%",,27ddías,702.633,702.633 | 702.633 | 702.633 | 702.633 | 702.633 | 0,Mediocampista
Eddahchouri,Deportivo,-51.639 | -102.365 | -154.604 | -351.048 | -691.677 | -1.771.694,"-2,25% | -4,36% | -6,45% | -13,53% | -23,56% | -44,12%",,30ddías,2.243.758,2.295.397 | 2.346.123 | 2.398.362 | 2.594.806 | 2.935.435 | 4.015.452,Delantero
Osorio,Elche,0 | 0 | 0 | 0 | 0 | +1.750,"0,00% | 0,00% | 0,00% | 0,00% | 0,00% | 0%",,26ddías,1.405.425,1.405.425 | 1.405.425 | 1.405.425 | 1.405.425 | 1.405.425 | 0,Delantero
Herrero,Málaga,+30.261 | +35.585 | +78.097 | +476.567 | +1.072.992 | +1.198.668,"+0,42% | +0,50% | +1,09% | +7,07% | +17,45% | +19,90%",,3ddías,7.221.847,7.191.586 | 7.186.262 | 7.143.750 | 6.745.280 | 6.148.855 | 6.023.179,Portero
Carlos López,Málaga,-2.605 | -5.369 | -7.568 | -9.667 | -21.150 | -94.317,"-0,64% | -1,30% | -1,82% | -2,32% | -4,93% | -18,79%",,5ddías,407.612,410.217 | 412.981 | 415.180 | 417.279 | 428.762 | 501.929,Portero
Céspedes,Málaga,0 | 0 | 0 | 0 | 0 | +449,"0,00% | 0,00% | 0,00% | 0,00% | 0,00% | 0%",,26ddías,401.498,401.498 | 401.498 | 401.498 | 401.498 | 401.498 | 0,Portero
Puga,Málaga,-66.929 | -181.529 | -263.549 | -732.401 | -1.379.909 | -3.177.822,"-1,13% | -3,01% | -4,31% | -11,11% | -19,07% | -35,17%",,25ddías,5.856.948,5.923.877 | 6.038.477 | 6.120.497 | 6.589.349 | 7.236.857 | 9.034.770,Defensa
Riki,Deportivo,-32.986 | -64.747 | -98.574 | -221.358 | -221.358 | -219.649,"-2,50% | -4,80% | -7,13% | -14,70% | -14,70% | 0%",,6ddías,1.284.288,1.317.274 | 1.349.035 | 1.382.862 | 1.505.646 | 1.505.646 | 0,Mediocampista
Pablo García,Deportivo,-5.397 | -11.070 | -16.299 | -39.666 | -62.959 | -228.071,"-1,12% | -2,28% | -3,32% | -7,71% | -11,71% | -32,46%",,8ddías,474.631,480.028 | 485.701 | 490.930 | 514.297 | 537.590 | 702.702,Defensa
Antañón,Celta,0 | 0 | 0 | 0 | 0 | +660,"0,00% | 0,00% | 0,00% | 0,00% | 0,00% | 0%",,27ddías,581.700,581.700 | 581.700 | 581.700 | 581.700 | 581.700 | 0,Mediocampista
Quagliata,Deportivo,+55.414 | +114.091 | +163.171 | +258.983 | +136.999 | -741.044,"+1,81% | +3,80% | +5,52% | +9,06% | +4,60% | -19,21%",,7ddías,3.117.305,3.061.891 | 3.003.214 | 2.954.134 | 2.858.322 | 2.980.306 | 3.858.349,Defensa
Ochieng,Real Sociedad,0 | 0 | 0 | 0 | 0 | +797,"0,00% | 0,00% | 0,00% | 0,00% | 0,00% | 0%",,27ddías,702.633,702.633 | 702.633 | 702.633 | 702.633 | 702.633 | 0,Mediocampista
Morcillo,Atlético,0 | 0 | 0 | 0 | 0 | +866,"0,00% | 0,00% | 0,00% | 0,00% | 0,00% | 0%",,27ddías,702.702,702.702 | 702.702 | 702.702 | 702.702 | 702.702 | 0,Mediocampista
Cubo,Atlético,0 | 0 | 0 | 0 | 0 | +742,"0,00% | 0,00% | 0,00% | 0,00% | 0,00% | 0%",,27ddías,602.316,602.316 | 602.316 | 602.316 | 602.316 | 602.316 | 0,Delantero
Hugo Ríos,Deportivo,0 | 0 | 0 | 0 | 0 | +1.025,"0,00% | 0,00% | 0,00% | 0,00% | 0,00% | 0%",,27ddías,903.386,903.386 | 903.386 | 903.386 | 903.386 | 903.386 | 0,Portero
Puerto,Deportivo,-1.052 | -2.197 | -2.710 | -5.165 | -4.317 | -31.219,"-0,28% | -0,59% | -0,73% | -1,38% | -1,15% | -7,77%",,3ddías,370.325,371.377 | 372.522 | 373.035 | 375.490 | 374.642 | 401.544,Portero
Germán Parreño,Deportivo,0 | 0 | 0 | 0 | 0 | +797,"0,00% | 0,00% | 0,00% | 0,00% | 0,00% | 0%",,27ddías,702.633,702.633 | 702.633 | 702.633 | 702.633 | 702.633 | 0,Portero
Loureiro,Deportivo,-6.673 | -10.053 | -36.960 | -135.289 | -564.582 | -716.152,"-0,18% | -0,26% | -0,96% | -3,44% | -12,95% | 0%",,15ddías,3.795.662,3.802.335 | 3.805.715 | 3.832.622 | 3.930.951 | 4.360.244 | 0,Defensa
Ximo,Deportivo,-54.716 | -110.657 | -185.972 | -735.862 | -735.862 | -728.454,"-0,94% | -1,88% | -3,11% | -11,28% | -11,28% | 0%",,6ddías,5.788.611,5.843.327 | 5.899.268 | 5.974.583 | 6.524.473 | 6.524.473 | 0,Defensa
Teijo,Deportivo,0 | 0 | 0 | 0 | 0 | +683,"0,00% | 0,00% | 0,00% | 0,00% | 0,00% | 0%",,27ddías,602.257,602.257 | 602.257 | 602.257 | 602.257 | 602.257 | 0,Defensa
Canedo,Deportivo,0 | 0 | 0 | 0 | 0 | +683,"0,00% | 0,00% | 0,00% | 0,00% | 0,00% | 0%",,27ddías,602.257,602.257 | 602.257 | 602.257 | 602.257 | 602.257 | 0,Defensa
Samu Fernández,Deportivo,0 | 0 | 0 | 0 | 0 | +797,"0,00% | 0,00% | 0,00% | 0,00% | 0,00% | 0%",,27ddías,702.633,702.633 | 702.633 | 702.633 | 702.633 | 702.633 | 0,Defensa
Noubi,Deportivo,+246.826 | +482.563 | +711.470 | +1.674.680 | +2.095.698 | +2.504.058,"+2,52% | +5,05% | +7,63% | +20,04% | +26,40% | +33,26%",,12ddías,10.033.032,9.786.206 | 9.550.469 | 9.321.562 | 8.358.352 | 7.937.334 | 7.528.974,Defensa
Comas,Deportivo,-23.413 | -47.851 | -71.936 | -173.612 | -398.319 | -1.100.742,"-2,52% | -5,01% | -7,35% | -16,07% | -30,52% | -54,83%",,30ddías,906.983,930.396 | 954.834 | 978.919 | 1.080.595 | 1.305.302 | 2.007.725,Defensa
Barcia,Deportivo,-36.844 | -73.362 | -111.341 | -263.812 | -556.677 | -1.399.781,"-2,23% | -4,35% | -6,46% | -14,07% | -25,67% | -46,48%",,30ddías,1.611.807,1.648.651 | 1.685.169 | 1.723.148 | 1.875.619 | 2.168.484 | 3.011.588,Defensa
Rubén Gómez,Villarreal,0 | 0 | 0 | 0 | 0 | +718,"0,00% | 0,00% | 0,00% | 0,00% | 0,00% | 0%",,27ddías,602.292,602.292 | 602.292 | 602.292 | 602.292 | 602.292 | 0,Portero
Santiago,Elche,-12.728 | -26.035 | -39.216 | -97.848 | -220.341 | -654.485,"-1,92% | -3,85% | -5,69% | -13,07% | -25,30% | -50,15%",,30ddías,650.536,663.264 | 676.571 | 689.752 | 748.384 | 870.877 | 1.305.021,Mediocampista
Cucho,Betis,-918.763 | -1.736.150 | -2.690.020 | -4.731.384 | -1.580.598 | +11.270.891,"-1,76% | -3,27% | -4,97% | -8,43% | -2,98% | +28,07%",,6ddías,51.425.427,52.344.190 | 53.161.577 | 54.115.447 | 56.156.811 | 53.006.025 | 40.154.536,Delantero
Kike Barja,Osasuna,0 | 0 | 0 | 0 | 0 | +3.479,"0,00% | 0,00% | 0,00% | 0,00% | 0,00% | 0%",,27ddías,2.810.828,2.810.828 | 2.810.828 | 2.810.828 | 2.810.828 | 2.810.828 | 0,Delantero
Nteka,Rayo,-31.149 | -65.576 | -101.401 | -254.748 | -571.953 | -1.483.570,"-2,00% | -4,11% | -6,22% | -14,29% | -27,24% | -49,26%",,30ddías,1.528.018,1.559.167 | 1.593.594 | 1.629.419 | 1.782.766 | 2.099.971 | 3.011.588,Delantero
Isi,Rayo,-442.522 | -916.396 | -1.390.306 | -3.248.594 | -3.690.046 | +2.510.924,"-2,46% | -4,96% | -7,33% | -15,61% | -17,36% | +16,68%",,11ddías,17.568.874,18.011.396 | 18.485.270 | 18.959.180 | 20.817.468 | 21.258.920 | 15.057.950,Delantero
Pep Chavarría,Rayo,-93.792 | -83.157 | +191.149 | +1.587.328 | +4.341.999 | +7.495.652,"-0,48% | -0,42% | +0,99% | +8,84% | +28,57% | +62,22%",,1ddías,19.542.011,19.635.803 | 19.625.168 | 19.350.862 | 17.954.683 | 15.200.012 | 12.046.359,Defensa
Ratiu,Rayo,-334.528 | -573.165 | -1.053.073 | -3.638.497 | -9.676.095 | -21.815.474,"-0,88% | -1,50% | -2,73% | -8,83% | -20,48% | 0%",,16ddías,37.568.503,37.903.031 | 38.141.668 | 38.621.576 | 41.207.000 | 47.244.598 | 0,Defensa
Dimitrievski,Valencia,0 | 0 | 0 | 0 | 0 | +14.372,"0,00% | 0,00% | 0,00% | 0,00% | 0,00% | 0%",,27ddías,12.045.877,12.045.877 | 12.045.877 | 12.045.877 | 12.045.877 | 12.045.877 | 0,Portero
Iker Muñoz,Osasuna,-28.623 | -60.698 | -92.600 | -246.273 | -604.047 | -1.687.732,"-1,84% | -3,83% | -5,73% | -13,91% | -28,38% | -52,54%",,30ddías,1.524.629,1.553.252 | 1.585.327 | 1.617.229 | 1.770.902 | 2.128.676 | 3.212.361,Mediocampista
Herrando,Osasuna,-48.295 | -101.447 | -155.000 | -380.739 | -881.686 | -2.443.029,"-2,28% | -4,66% | -6,95% | -15,51% | -29,83% | -54,08%",,30ddías,2.074.355,2.122.650 | 2.175.802 | 2.229.355 | 2.455.094 | 2.956.041 | 4.517.384,Defensa
Catena,Osasuna,-454.213 | -885.519 | -1.574.268 | -2.882.954 | +1.124.289 | +7.907.547,"-1,18% | -2,28% | -3,98% | -7,05% | +3,05% | +26,26%",,6ddías,38.023.449,38.477.662 | 38.908.968 | 39.597.717 | 40.906.403 | 36.899.160 | 30.115.902,Defensa
Ibáñez,Alavés,-19.956 | -56.049 | -89.493 | -299.352 | -842.349 | -2.651.680,"-0,59% | -1,64% | -2,59% | -8,15% | -19,99% | -44,02%",,30ddías,3.371.499,3.391.455 | 3.427.548 | 3.460.992 | 3.670.851 | 4.213.848 | 6.023.179,Mediocampista
Budimir,Osasuna,-265.841 | -519.046 | -900.694 | -3.296.901 | -8.934.888 | +8.945.764,"-0,55% | -1,08% | -1,85% | -6,47% | -15,78% | 0%",,16ddías,47.670.562,47.936.403 | 48.189.608 | 48.571.256 | 50.967.463 | 56.605.450 | 0,Delantero
Moi Gómez,Osasuna,-58.930 | -116.178 | -176.688 | -423.546 | -907.024 | -2.410.051,"-2,38% | -4,59% | -6,82% | -14,93% | -27,32% | -49,97%",,30ddías,2.413.224,2.472.154 | 2.529.402 | 2.589.912 | 2.836.770 | 3.320.248 | 4.823.275,Mediocampista
Rubén GarcíaRubén G.,Osasuna,-131.411 | -267.530 | -400.736 | -965.297 | -1.983.014 | -3.956.790,"-0,97% | -1,96% | -2,90% | -6,72% | -12,88% | -22,78%",,27ddías,13.409.843,13.541.254 | 13.677.373 | 13.810.579 | 14.375.140 | 15.392.857 | 17.366.633,Mediocampista
Aitor,Osasuna,-8.635 | -18.012 | -27.127 | -67.727 | -150.628 | -442.904,"-1,52% | -3,11% | -4,61% | -10,77% | -21,17% | -44,12%",,30ddías,560.958,569.593 | 578.970 | 588.085 | 628.685 | 711.586 | 1.003.862,Portero
Areso,Athletic,+21.461 | +27.859 | +27.016 | -70.354 | -364.732 | -1.315.258,"+0,90% | +1,17% | +1,14% | -2,85% | -13,20% | -35,41%",,2ddías,2.399.035,2.377.574 | 2.371.176 | 2.372.019 | 2.469.389 | 2.763.767 | 3.714.293,Defensa
Oroz,Osasuna,-95.981 | -139.279 | -195.080 | -1.239.238 | -2.850.711 | -5.116.052,"-0,64% | -0,92% | -1,29% | -7,65% | -16,00% | -25,48%",,27ddías,14.961.215,15.057.196 | 15.100.494 | 15.156.295 | 16.200.453 | 17.811.926 | 20.077.267,Mediocampista
Unai López,Rayo,-31.893 | -93.878 | -121.913 | -212.632 | -166.682 | -1.139.010,"-0,54% | -1,57% | -2,03% | -3,49% | -2,75% | -16,21%",,6ddías,5.888.032,5.919.925 | 5.981.910 | 6.009.945 | 6.100.664 | 6.054.714 | 7.027.042,Mediocampista
Villar,Elche,0 | 0 | 0 | 0 | 0 | +8.750,"0,00% | 0,00% | 0,00% | 0,00% | 0,00% | 0%",,27ddías,7.027.127,7.027.127 | 7.027.127 | 7.027.127 | 7.027.127 | 7.027.127 | 0,Mediocampista
Mayoral,Getafe,-37.399 | -78.303 | -113.398 | -271.720 | -593.368 | -1.566.076,"-1,17% | -2,42% | -3,47% | -7,94% | -15,84% | -33,19%",,30ddías,3.152.080,3.189.479 | 3.230.383 | 3.265.478 | 3.423.800 | 3.745.448 | 4.718.156,Delantero
Iglesias,Sevilla,0 | 0 | 0 | 0 | 0 | +15.534,"0,00% | 0,00% | 0,00% | 0,00% | 0,00% | 0%",,27ddías,12.548.352,12.548.352 | 12.548.352 | 12.548.352 | 12.548.352 | 12.548.352 | 0,Defensa
Herrera,Real Sociedad,-62.788 | -130.063 | -191.757 | -468.033 | -1.070.847 | -2.618.315,"-1,81% | -3,68% | -5,33% | -12,08% | -23,93% | -43,47%",,27ddías,3.404.864,3.467.652 | 3.534.927 | 3.596.621 | 3.872.897 | 4.475.711 | 6.023.179,Mediocampista
Eric Garcia,Barcelona,-933.488 | -1.910.739 | -2.803.818 | -7.994.254 | -7.994.254 | -7.920.929,"-1,79% | -3,60% | -5,19% | -13,50% | -13,50% | 0%",,6ddías,51.233.978,52.167.466 | 53.144.717 | 54.037.796 | 59.228.232 | 59.228.232 | 0,Defensa
Boyé,Alavés,-119.825 | -218.287 | -263.441 | -867.679 | -2.428.835 | -5.509.226,"-0,82% | -1,48% | -1,78% | -5,62% | -14,29% | -27,44%",,26ddías,14.568.041,14.687.866 | 14.786.328 | 14.831.482 | 15.435.720 | 16.996.876 | 20.077.267,Delantero
Miguel Ángel RubioMiguel Rubio,Espanyol,-14.014 | -28.663 | -43.242 | -108.071 | -244.168 | -723.968,"-2,02% | -4,04% | -5,97% | -13,69% | -26,38% | -51,51%",,30ddías,681.440,695.454 | 710.103 | 724.682 | 789.511 | 925.608 | 1.405.408,Defensa
S. Cardona,Villarreal,-48.899 | -92.271 | -135.724 | -265.745 | -491.173 | -672.982,"-0,98% | -1,83% | -2,67% | -5,10% | -9,03% | -11,97%",,23ddías,4.948.651,4.997.550 | 5.040.922 | 5.084.375 | 5.214.396 | 5.439.824 | 5.621.633,Defensa
Moncayola,Osasuna,+97.492 | +206.099 | +315.439 | +455.714 | +325.163 | -58.908,"+1,66% | +3,58% | +5,58% | +8,27% | +5,77% | -0,98%",,5ddías,5.964.271,5.866.779 | 5.758.172 | 5.648.832 | 5.508.557 | 5.639.108 | 6.023.179,Mediocampista
Javi Muñoz,Getafe,-16.013 | -34.204 | -52.472 | -133.663 | -303.049 | -841.723,"-2,05% | -4,28% | -6,42% | -14,88% | -28,39% | -52,41%",,30ddías,764.456,780.469 | 798.660 | 816.928 | 898.119 | 1.067.505 | 1.606.179,Mediocampista
Moleiro,Villarreal,+29.193 | -66.494 | -252.710 | -2.227.110 | -7.904.729 | -39.199.800,"+0,05% | -0,12% | -0,44% | -3,77% | -12,21% | 0%",,1ddías,56.860.668,56.831.475 | 56.927.162 | 57.113.378 | 59.087.778 | 64.765.397 | 0,Mediocampista
Valles,Betis,+979.653 | +1.899.497 | +2.836.866 | +6.248.799 | +9.811.055 | +14.842.931,"+4,10% | +8,27% | +12,87% | +33,54% | +65,10% | +147,86%",,29ddías,24.881.563,23.901.910 | 22.982.066 | 22.044.697 | 18.632.764 | 15.070.508 | 10.038.632,Portero
Copete,Valencia,-88.713 | -180.747 | -274.372 | -679.357 | -1.503.148 | -3.348.233,"-3,21% | -6,33% | -9,30% | -20,25% | -35,98% | -55,59%",,30ddías,2.674.946,2.763.659 | 2.855.693 | 2.949.318 | 3.354.303 | 4.178.094 | 6.023.179,Defensa
Herrera,Osasuna,+859.567 | +1.854.046 | +2.729.827 | +6.538.059 | +11.544.236 | +19.133.259,"+2,50% | +5,56% | +8,41% | +22,81% | +48,81% | +119,12%",,28ddías,35.195.073,34.335.506 | 33.341.027 | 32.465.246 | 28.657.014 | 23.650.837 | 16.061.814,Portero
Torró,Osasuna,-28.955 | -61.917 | -101.445 | -252.938 | -565.174 | -1.515.708,"-1,06% | -2,24% | -3,62% | -8,56% | -17,31% | -35,95%",,26ddías,2.700.517,2.729.472 | 2.762.434 | 2.801.962 | 2.953.455 | 3.265.691 | 4.216.225,Mediocampista
Cárdenas,Rayo,-11.806 | -26.009 | -39.660 | -95.456 | -233.441 | -700.895,"-1,65% | -3,56% | -5,33% | -11,93% | -24,89% | -49,87%",,30ddías,704.513,716.319 | 730.522 | 744.173 | 799.969 | 937.954 | 1.405.408,Portero
Álvaro García,Rayo,+202.403 | +531.428 | +823.893 | +1.609.414 | +2.765.972 | +4.561.635,"+1,23% | +3,31% | +5,22% | +10,73% | +19,98% | +37,87%",,14ddías,16.607.994,16.405.591 | 16.076.566 | 15.784.101 | 14.998.580 | 13.842.022 | 12.046.359,Mediocampista
Carmona,Sevilla,-41.213 | -97.678 | -141.907 | -387.899 | -831.473 | -1.355.863,"-0,88% | -2,05% | -2,95% | -7,67% | -15,12% | -22,51%",,25ddías,4.667.316,4.708.529 | 4.764.994 | 4.809.223 | 5.055.215 | 5.498.789 | 6.023.179,Defensa
Rüdiger,Real Madrid,-375.410 | -751.073 | -1.234.976 | -2.882.822 | -6.046.300 | -11.619.151,"-1,26% | -2,49% | -4,03% | -8,92% | -17,04% | -28,30%",,27ddías,29.438.862,29.814.272 | 30.189.935 | 30.673.838 | 32.321.684 | 35.485.162 | 41.058.013,Defensa
Pacheco,Real Sociedad,0 | 0 | 0 | 0 | 0 | 0,"0,00% | 0,00% | 0,00% | 0,00% | 0,00% | 0,00%",,27ddías,4.015.452,4.015.452 | 4.015.452 | 4.015.452 | 4.015.452 | 4.015.452 | 4.015.452,Defensa
Sadiq,Valencia,-264.310 | -547.077 | -821.975 | -2.037.186 | -3.712.439 | -7.355.347,"-2,95% | -5,91% | -8,63% | -18,96% | -29,89% | -45,79%",,28ddías,8.706.467,8.970.777 | 9.253.544 | 9.528.442 | 10.743.653 | 12.418.906 | 16.061.814,Delantero
Olasagasti,Levante,+22.307 | +32.475 | +25.772 | -68.624 | -586.182 | -2.327.125,"+0,61% | +0,89% | +0,70% | -1,82% | -13,69% | -38,64%",,2ddías,3.696.054,3.673.747 | 3.663.579 | 3.670.282 | 3.764.678 | 4.282.236 | 6.023.179,Mediocampista
Kubo,Real Sociedad,-494.968 | -991.087 | -1.509.869 | -3.578.615 | -7.823.503 | -6.291.396,"-2,03% | -3,98% | -5,94% | -13,01% | -24,64% | -20,82%",,19ddías,23.924.892,24.419.860 | 24.915.979 | 25.434.761 | 27.503.507 | 31.748.395 | 30.216.288,Mediocampista
Zakharyan,Real Sociedad,-37.082 | -76.064 | -112.913 | -274.755 | -617.194 | -1.679.754,"-2,71% | -5,40% | -7,82% | -17,10% | -31,67% | -55,78%",,30ddías,1.331.834,1.368.916 | 1.407.898 | 1.444.747 | 1.606.589 | 1.949.028 | 3.011.588,Mediocampista
Oyarzabal,Real Sociedad,-980.876 | -1.931.626 | -3.080.727 | -7.306.005 | -18.103.518 | -45.078.323,"-1,39% | -2,71% | -4,25% | -9,53% | -20,70% | 0%",,14ddías,69.332.851,70.313.727 | 71.264.477 | 72.413.578 | 76.638.856 | 87.436.369 | 0,Delantero
Marín,Real Sociedad,-68.650 | -139.582 | -211.962 | -524.362 | -1.165.234 | -2.850.068,"-3,07% | -6,05% | -8,90% | -19,47% | -34,94% | -56,78%",,30ddías,2.169.247,2.237.897 | 2.308.829 | 2.381.209 | 2.693.609 | 3.334.481 | 5.019.315,Mediocampista
Barrenetxea,Real Sociedad,-665.687 | -1.289.318 | -1.900.546 | -4.249.446 | -2.151.636 | +5.002.922,"-1,76% | -3,36% | -4,87% | -10,27% | -5,48% | +15,57%",,8ddías,37.126.551,37.792.238 | 38.415.869 | 39.027.097 | 41.375.997 | 39.278.187 | 32.123.629,Mediocampista
Zubeldia,Real Sociedad,-71.288 | -102.737 | -148.046 | -522.149 | -1.528.861 | -4.006.232,"-0,70% | -1,01% | -1,45% | -4,94% | -13,21% | -28,51%",,30ddías,10.047.854,10.119.142 | 10.150.591 | 10.195.900 | 10.570.003 | 11.576.715 | 14.054.086,Defensa
Aihen,Real Sociedad,-48.247 | -97.545 | -147.779 | -359.950 | -804.194 | -2.222.214,"-2,62% | -5,16% | -7,61% | -16,72% | -30,96% | -55,34%",,30ddías,1.793.238,1.841.485 | 1.890.783 | 1.941.017 | 2.153.188 | 2.597.432 | 4.015.452,Defensa
Odriozola,Real Sociedad,-15.679 | -32.061 | -48.445 | -121.281 | -274.956 | -784.416,"-2,13% | -4,26% | -6,29% | -14,39% | -27,60% | -52,09%",,30ddías,721.377,737.056 | 753.438 | 769.822 | 842.658 | 996.333 | 1.505.793,Defensa
Remiro,Real Sociedad,+778.832 | +1.848.307 | +3.075.047 | +7.483.660 | +13.850.582 | +23.898.064,"+1,80% | +4,39% | +7,52% | +20,51% | +45,98% | +119,03%",,28ddías,43.975.331,43.196.499 | 42.127.024 | 40.900.284 | 36.491.671 | 30.124.749 | 20.077.267,Portero
Güler,Real Madrid,-609.032 | -1.190.100 | -1.943.535 | -4.756.545 | -10.748.908 | -21.101.591,"-1,11% | -2,15% | -3,46% | -8,07% | -16,55% | -28,03%",,30ddías,54.188.167,54.797.199 | 55.378.267 | 56.131.702 | 58.944.712 | 64.937.075 | 75.289.758,Mediocampista
Mendy,Real Madrid,-24.715 | -50.509 | -76.697 | -185.737 | -430.916 | -1.069.495,"-2,57% | -5,11% | -7,56% | -16,53% | -31,47% | -53,27%",,30ddías,938.230,962.945 | 988.739 | 1.014.927 | 1.123.967 | 1.369.146 | 2.007.725,Defensa
Brahim,Real Madrid,-303.653 | -613.372 | -937.495 | -2.263.244 | -4.328.031 | -7.437.981,"-2,35% | -4,63% | -6,91% | -15,19% | -25,51% | -37,05%",,26ddías,12.639.286,12.942.939 | 13.252.658 | 13.576.781 | 14.902.530 | 16.967.317 | 20.077.267,Mediocampista
De Frutos,Rayo,+789.024 | +1.647.474 | +2.457.437 | +6.185.685 | +12.742.909 | +22.590.539,"+1,68% | +3,58% | +5,43% | +14,90% | +36,47% | +90,01%",,29ddías,47.687.124,46.898.100 | 46.039.650 | 45.229.687 | 41.501.439 | 34.944.215 | 25.096.585,Delantero
Militão,Real Madrid,-483.591 | -973.027 | -1.488.845 | -3.597.217 | -7.959.944 | -14.035.053,"-2,92% | -5,71% | -8,47% | -18,28% | -33,11% | -46,60%",,30ddías,16.080.849,16.564.440 | 17.053.876 | 17.569.694 | 19.678.066 | 24.040.793 | 30.115.902,Defensa
Balliu,Rayo,-1.445 | -4.081 | -18.247 | -95.173 | -239.081 | -684.232,"-0,18% | -0,49% | -2,17% | -10,38% | -22,54% | -45,44%",,30ddías,821.561,823.006 | 825.642 | 839.808 | 916.734 | 1.060.642 | 1.505.793,Defensa
Pathé Ciss,Rayo,+19.713 | +101.794 | +142.175 | +18.037 | -396.404 | +1.074.230,"+0,18% | +0,96% | +1,34% | +0,17% | -3,57% | +11,14%",,4ddías,10.720.105,10.700.392 | 10.618.311 | 10.577.930 | 10.702.068 | 11.116.509 | 9.645.875,Mediocampista
Valentín,Rayo,-16.238 | -38.152 | -80.820 | -355.434 | -946.000 | -2.578.301,"-0,47% | -1,10% | -2,29% | -9,35% | -21,54% | -42,81%",,30ddías,3.444.878,3.461.116 | 3.483.030 | 3.525.698 | 3.800.312 | 4.390.878 | 6.023.179,Mediocampista
Buchanan,Villarreal,+17.541 | +96.343 | +160.591 | +506.334 | +2.385.685 | +4.776.167,"+0,09% | +0,49% | +0,82% | +2,62% | +13,67% | +31,72%",,26ddías,19.834.117,19.816.576 | 19.737.774 | 19.673.526 | 19.327.783 | 17.448.432 | 15.057.950,Mediocampista
Camello,Rayo,-24.741 | -40.422 | -74.557 | -230.424 | -662.729 | -1.906.277,"-0,76% | -1,24% | -2,27% | -6,69% | -17,10% | -37,23%",,30ddías,3.213.425,3.238.166 | 3.253.847 | 3.287.982 | 3.443.849 | 3.876.154 | 5.119.702,Delantero
Courtois,Real Madrid,-217.987 | -475.894 | -668.036 | -1.478.092 | -1.263.801 | +17.784.725,"-0,37% | -0,81% | -1,14% | -2,49% | -2,13% | +44,29%",,10ddías,57.939.261,58.157.248 | 58.415.155 | 58.607.297 | 59.417.353 | 59.203.062 | 40.154.536,Portero
Bellingham,Real Madrid,-885.910 | -1.728.421 | -2.612.593 | -6.696.735 | -37.756.483 | -37.756.483,"-0,93% | -1,79% | -2,69% | -6,61% | 0% | 0%",,13ddías,94.679.506,95.565.416 | 96.407.927 | 97.292.099 | 101.376.241 | 0 | 0,Mediocampista
Fran García,Betis,0 | 0 | 0 | 0 | 0 | -56.972,"0,00% | 0,00% | 0,00% | 0,00% | 0,00% | -0,59%",,28ddías,9.591.157,9.591.157 | 9.591.157 | 9.591.157 | 9.591.157 | 9.591.157 | 9.648.129,Defensa
Vinicius,Real Madrid,-1.115.699 | -2.310.673 | -3.778.462 | -7.957.102 | -54.563.435 | -54.563.435,"-1,10% | -2,26% | -3,64% | -7,38% | 0% | 0%",,13ddías,99.933.084,101.048.783 | 102.243.757 | 103.711.546 | 107.890.186 | 0 | 0,Delantero
Rodrygo,Real Madrid,-83.610 | -173.899 | -270.808 | -629.627 | -1.317.012 | -1.226.030,"-2,16% | -4,38% | -6,66% | -14,24% | -25,77% | -24,43%",,20ddías,3.793.285,3.876.895 | 3.967.184 | 4.064.093 | 4.422.912 | 5.110.297 | 5.019.315,Delantero
Camavinga,Real Madrid,-325.215 | -660.078 | -983.878 | -2.393.506 | -4.838.821 | -11.277.904,"-2,47% | -4,90% | -7,13% | -15,74% | -27,41% | -46,81%",,30ddías,12.814.817,13.140.032 | 13.474.895 | 13.798.695 | 15.208.323 | 17.653.638 | 24.092.721,Mediocampista
Lunin,Real Madrid,-38.244 | -68.024 | -108.317 | -251.172 | -590.809 | -1.537.604,"-1,52% | -2,67% | -4,19% | -9,20% | -19,25% | -38,29%",,30ddías,2.477.848,2.516.092 | 2.545.872 | 2.586.165 | 2.729.020 | 3.068.657 | 4.015.452,Portero
Valverde,Real Madrid,-574.941 | -1.054.915 | -1.586.538 | -4.562.756 | -10.829.388 | -30.844.682,"-0,77% | -1,40% | -2,08% | -5,77% | -12,68% | -29,26%",,30ddías,74.560.979,75.135.920 | 75.615.894 | 76.147.517 | 79.123.735 | 85.390.367 | 105.405.661,Mediocampista
Tchouaméni,Real Madrid,-913.169 | -1.768.699 | -2.690.242 | -6.305.546 | -11.929.633 | -8.183.640,"-1,86% | -3,54% | -5,28% | -11,56% | -19,83% | -14,51%",,15ddías,48.233.485,49.146.654 | 50.002.184 | 50.923.727 | 54.539.031 | 60.163.118 | 56.417.125,Mediocampista
Soria,Getafe,0 | 0 | 0 | 0 | 0 | +23.889,"0,00% | 0,00% | 0,00% | 0,00% | 0,00% | 0%",,27ddías,19.296.354,19.296.354 | 19.296.354 | 19.296.354 | 19.296.354 | 19.296.354 | 0,Portero
Aleñá,Alavés,-57.649 | -123.915 | -181.317 | -454.582 | -1.032.227 | -2.777.134,"-1,34% | -2,83% | -4,09% | -9,66% | -19,54% | -39,52%",,30ddías,4.249.908,4.307.557 | 4.373.823 | 4.431.225 | 4.704.490 | 5.282.135 | 7.027.042,Mediocampista
Le Normand,Atlético,-64.182 | -186.600 | -310.457 | -782.839 | -1.757.502 | -3.250.912,"-0,60% | -1,72% | -2,84% | -6,85% | -14,18% | -23,40%",,25ddías,10.639.148,10.703.330 | 10.825.748 | 10.949.605 | 11.421.987 | 12.396.650 | 13.890.060,Defensa
Sancet,Athletic,+916.625 | +1.979.481 | +2.870.615 | +6.988.407 | +14.428.199 | +23.621.549,"+1,86% | +4,11% | +6,07% | +16,19% | +40,39% | +89,05%",,28ddías,50.147.709,49.231.084 | 48.168.228 | 47.277.094 | 43.159.302 | 35.719.510 | 26.526.160,Mediocampista
Molina,Atlético,-57.413 | -112.798 | -175.925 | -403.405 | -847.560 | -1.151.382,"-1,24% | -2,41% | -3,71% | -8,11% | -15,64% | -20,12%",,25ddías,4.570.637,4.628.050 | 4.683.435 | 4.746.562 | 4.974.042 | 5.418.197 | 5.722.019,Defensa
M. Llorente,Atlético,-1.059.579 | -2.155.977 | -3.298.667 | -7.419.902 | -7.700.959 | +8.263.531,"-1,78% | -3,56% | -5,34% | -11,26% | -11,64% | +16,46%",,10ddías,58.456.702,59.516.281 | 60.612.679 | 61.755.369 | 65.876.604 | 66.157.661 | 50.193.171,Defensa
Oblak,Atlético,+490.265 | +1.217.061 | +1.772.952 | +3.916.247 | +7.889.828 | +19.452.009,"+0,91% | +2,28% | +3,36% | +7,73% | +16,90% | +55,36%",,29ddías,54.587.228,54.096.963 | 53.370.167 | 52.814.276 | 50.670.981 | 46.697.400 | 35.135.219,Portero
Koke,Atlético,0 | 0 | 0 | 0 | 0 | +21.200,"0,00% | 0,00% | 0,00% | 0,00% | 0,00% | 0%",,27ddías,17.767.671,17.767.671 | 17.767.671 | 17.767.671 | 17.767.671 | 17.767.671 | 0,Mediocampista
Giménez,Atlético,-142.970 | -284.224 | -423.901 | -1.027.972 | -2.162.123 | -2.933.110,"-2,41% | -4,67% | -6,81% | -15,05% | -27,15% | -33,58%",,25ddías,5.800.500,5.943.470 | 6.084.724 | 6.224.401 | 6.828.472 | 7.962.623 | 8.733.610,Defensa
Egiluz,Athletic,-4.575 | -9.390 | -13.726 | -33.133 | -69.504 | -223.455,"-1,00% | -2,02% | -2,93% | -6,79% | -13,25% | -32,94%",,30ddías,454.880,459.455 | 464.270 | 468.606 | 488.013 | 524.384 | 678.335,Defensa
Prados,Athletic,-31.366 | -72.954 | -114.850 | -294.733 | -663.211 | -1.806.636,"-1,75% | -3,97% | -6,12% | -14,32% | -27,33% | -50,61%",,30ddías,1.763.171,1.794.537 | 1.836.125 | 1.878.021 | 2.057.904 | 2.426.382 | 3.569.807,Mediocampista
Villalibre,Racing,0 | 0 | 0 | 0 | 0 | +8.256,"0,00% | 0,00% | 0,00% | 0,00% | 0,00% | 0%",,26ddías,7.527.946,7.527.946 | 7.527.946 | 7.527.946 | 7.527.946 | 7.527.946 | 0,Delantero
Yuri,Athletic,-206.515 | -424.304 | -652.576 | -1.551.299 | -3.533.073 | -4.241.668,"-1,47% | -2,98% | -4,51% | -10,10% | -20,38% | 0%",,15ddías,13.805.591,14.012.106 | 14.229.895 | 14.458.167 | 15.356.890 | 17.338.664 | 0,Defensa
R. de Galarreta,Athletic,+132.510 | +229.794 | +294.393 | +189.388 | -434.238 | +2.407.893,"+1,26% | +2,21% | +2,85% | +1,81% | -3,92% | +29,25%",,5ddías,10.639.571,10.507.061 | 10.409.777 | 10.345.178 | 10.450.183 | 11.073.809 | 8.231.678,Mediocampista
Agirrezabala,Athletic,0 | 0 | 0 | 0 | 0 | +3.473,"0,00% | 0,00% | 0,00% | 0,00% | 0,00% | 0%",,27ddías,2.911.085,2.911.085 | 2.911.085 | 2.911.085 | 2.911.085 | 2.911.085 | 0,Portero
Guruzeta,Athletic,+148.005 | +369.334 | +442.450 | +364.939 | -6.337 | -1.018.215,"+1,23% | +3,14% | +3,78% | +3,10% | -0,05% | -7,74%",,4ddías,12.132.395,11.984.390 | 11.763.061 | 11.689.945 | 11.767.456 | 12.138.732 | 13.150.610,Delantero
N. Williams,Athletic,+150.539 | +726.940 | +1.277.944 | +5.434.677 | +13.697.278 | +34.276.106,"+0,20% | +0,97% | +1,71% | +7,70% | +21,97% | 0%",,14ddías,76.029.821,75.879.282 | 75.302.881 | 74.751.877 | 70.595.144 | 62.332.543 | 0,Delantero
I. Williams,Athletic,+188.164 | +460.266 | +775.495 | +2.506.871 | +5.982.477 | +8.259.286,"+0,63% | +1,55% | +2,64% | +9,07% | +24,76% | +37,74%",,28ddías,30.143.508,29.955.344 | 29.683.242 | 29.368.013 | 27.636.637 | 24.161.031 | 21.884.222,Delantero
Berenguer,Athletic,-106.384 | -215.302 | -334.971 | -838.311 | -1.622.083 | +651.285,"-1,05% | -2,11% | -3,25% | -7,74% | -13,97% | +6,98%",,21ddías,9.987.213,10.093.597 | 10.202.515 | 10.322.184 | 10.825.524 | 11.609.296 | 9.335.928,Delantero
Barrios,Atlético,-1.297.766 | -2.622.437 | -3.860.641 | -3.433.648 | +2.515.225 | +9.735.293,"-2,54% | -4,99% | -7,18% | -6,44% | +5,31% | +24,24%",,4ddías,49.889.829,51.187.595 | 52.512.266 | 53.750.470 | 53.323.477 | 47.374.604 | 40.154.536,Mediocampista
Kike García,Espanyol,-122.789 | -237.499 | -362.024 | -866.933 | -1.851.484 | -4.020.156,"-2,39% | -4,52% | -6,73% | -14,74% | -26,97% | -44,50%",,28ddías,5.014.614,5.137.403 | 5.252.113 | 5.376.638 | 5.881.547 | 6.866.098 | 9.034.770,Delantero
Gorosabel,Athletic,-92.026 | -185.393 | -282.118 | -681.731 | -1.392.752 | -3.414.931,"-2,97% | -5,80% | -8,57% | -18,47% | -31,64% | -53,15%",,30ddías,3.009.793,3.101.819 | 3.195.186 | 3.291.911 | 3.691.524 | 4.402.545 | 6.424.724,Defensa
Abqar,Getafe,+173.428 | +331.648 | +465.141 | +753.933 | +538.307 | -440.572,"+3,21% | +6,32% | +9,09% | +15,61% | +10,67% | -7,31%",,9ddías,5.582.607,5.409.179 | 5.250.959 | 5.117.466 | 4.828.674 | 5.044.300 | 6.023.179,Defensa
Guevara,Alavés,-34.691 | -69.838 | -107.623 | -263.816 | -588.553 | -1.624.597,"-2,44% | -4,79% | -7,20% | -15,98% | -29,79% | -53,94%",,30ddías,1.386.991,1.421.682 | 1.456.829 | 1.494.614 | 1.650.807 | 1.975.544 | 3.011.588,Mediocampista
Blanco,Alavés,-188.328 | -377.754 | -566.964 | -1.349.480 | -3.185.559 | +14.008.386,"-1,17% | -2,33% | -3,46% | -7,85% | -16,74% | 0%",,22ddías,15.841.505,16.029.833 | 16.219.259 | 16.408.469 | 17.190.985 | 19.027.064 | 0,Mediocampista
Rioja,Valencia,-417.754 | -643.754 | -858.658 | -1.745.577 | -3.745.408 | -7.724.816,"-2,35% | -3,57% | -4,71% | -9,13% | -17,74% | -30,78%",,30ddías,17.371.769,17.789.523 | 18.015.523 | 18.230.427 | 19.117.346 | 21.117.177 | 25.096.585,Mediocampista
Tenaglia,Alavés,-68.948 | -92.107 | -185.827 | -596.759 | -1.598.681 | -3.404.743,"-0,47% | -0,62% | -1,25% | -3,91% | -9,83% | -18,84%",,30ddías,14.664.798,14.733.746 | 14.756.905 | 14.850.625 | 15.261.557 | 16.263.479 | 18.069.541,Defensa
Guridi,Sevilla,0 | 0 | 0 | 0 | 0 | 0,"0,00% | 0,00% | 0,00% | 0,00% | 0,00% | 0,00%",,27ddías,5.019.315,5.019.315 | 5.019.315 | 5.019.315 | 5.019.315 | 5.019.315 | 5.019.315,Mediocampista
Yeray,Athletic,+15.091 | +25.725 | +15.602 | -146.300 | -746.290 | -919.972,"+0,38% | +0,65% | +0,39% | -3,53% | -15,74% | 0%",,2ddías,3.993.703,3.978.612 | 3.967.978 | 3.978.101 | 4.140.003 | 4.739.993 | 0,Defensa
Rebbach,Alavés,-90.414 | -184.241 | -275.083 | -643.862 | -1.543.464 | -3.454.564,"-1,94% | -3,87% | -5,67% | -12,33% | -25,22% | -43,02%",,28ddías,4.576.342,4.666.756 | 4.760.583 | 4.851.425 | 5.220.204 | 6.119.806 | 8.030.906,Delantero
Carlos BenavidezProtesoni,Alavés,0 | 0 | 0 | 0 | 0 | 0,"0,00% | 0,00% | 0,00% | 0,00% | 0,00% | 0,00%",,27ddías,3.011.588,3.011.588 | 3.011.588 | 3.011.588 | 3.011.588 | 3.011.588 | 3.011.588,Mediocampista
Pubill,Atlético,-502.927 | -352.212 | +84.947 | +4.698.079 | +15.137.717 | +33.066.067,"-0,68% | -0,48% | +0,12% | +6,86% | +26,06% | +82,35%",,1ddías,73.220.603,73.723.530 | 73.572.815 | 73.135.656 | 68.522.524 | 58.082.886 | 40.154.536,Defensa
Unai Simón,Athletic,+1.189.742 | +2.381.170 | +3.823.714 | +10.183.354 | +22.242.305 | +38.099.264,"+2,09% | +4,27% | +7,03% | +21,22% | +61,90% | +189,76%",,28ddías,58.176.531,56.986.789 | 55.795.361 | 54.352.817 | 47.993.177 | 35.934.226 | 20.077.267,Portero
Vivian,Athletic,-435.025 | -851.934 | -1.287.836 | -3.025.537 | -6.543.626 | -5.573.210,"-2,91% | -5,55% | -8,16% | -17,26% | -31,09% | -27,76%",,19ddías,14.504.057,14.939.082 | 15.355.991 | 15.791.893 | 17.529.594 | 21.047.683 | 20.077.267,Defensa
Paredes,Athletic,+21.788 | +29.657 | +26.595 | -113.343 | -658.733 | -1.993.437,"+0,52% | +0,71% | +0,63% | -2,61% | -13,47% | -32,03%",,2ddías,4.230.514,4.208.726 | 4.200.857 | 4.203.919 | 4.343.857 | 4.889.247 | 6.223.951,Defensa
Galán,Celta,0 | 0 | 0 | 0 | 0 | -582.121,"0,00% | 0,00% | 0,00% | 0,00% | 0,00% | -3,87%",,20ddías,14.475.829,14.475.829 | 14.475.829 | 14.475.829 | 14.475.829 | 14.475.829 | 15.057.950,Defensa
Riquelme,Betis,-38.505 | -71.046 | -105.520 | -277.691 | -695.118 | -2.123.156,"-1,12% | -2,05% | -3,01% | -7,55% | -16,98% | -38,45%",,30ddías,3.398.091,3.436.596 | 3.469.137 | 3.503.611 | 3.675.782 | 4.093.209 | 5.521.247,Mediocampista
Djené,Getafe,0 | 0 | 0 | 0 | 0 | +10.439,"0,00% | 0,00% | 0,00% | 0,00% | 0,00% | 0%",,27ddías,8.432.492,8.432.492 | 8.432.492 | 8.432.492 | 8.432.492 | 8.432.492 | 0,Defensa
Bartra,Betis,+231.861 | +540.262 | +848.588 | +1.991.671 | +4.181.023 | +5.726.498,"+0,91% | +2,14% | +3,40% | +8,36% | +19,34% | +28,52%",,24ddías,25.803.765,25.571.904 | 25.263.503 | 24.955.177 | 23.812.094 | 21.622.742 | 20.077.267,Defensa
Sotelo,Levante,0 | 0 | 0 | 0 | -137.587 | -725.309,"0,00% | 0,00% | 0,00% | 0,00% | -9,05% | -34,41%",,5ddías,1.382.803,1.382.803 | 1.382.803 | 1.382.803 | 1.382.803 | 1.520.390 | 2.108.112,Mediocampista
Domínguez,Celta,-17.209 | -35.184 | -50.225 | -129.887 | -298.550 | -848.097,"-2,22% | -4,44% | -6,21% | -14,63% | -28,25% | -52,80%",,30ddías,758.082,775.291 | 793.266 | 808.307 | 887.969 | 1.056.632 | 1.606.179,Defensa
Swedberg,Celta,-119.377 | -243.256 | -336.845 | -717.969 | -1.883.385 | -3.789.241,"-1,34% | -2,70% | -3,70% | -7,58% | -17,70% | -30,20%",,27ddías,8.759.050,8.878.427 | 9.002.306 | 9.095.895 | 9.477.019 | 10.642.435 | 12.548.291,Mediocampista
Iván Villar,Celta,-26.911 | -52.514 | -79.630 | -187.593 | -454.833 | -1.315.213,"-2,20% | -4,21% | -6,25% | -13,57% | -27,58% | -52,41%",,30ddías,1.194.443,1.221.354 | 1.246.957 | 1.274.073 | 1.382.036 | 1.649.276 | 2.509.656,Portero
Aspas,Celta,-115.449 | -263.290 | -402.282 | -946.413 | -1.938.102 | -2.456.291,"-1,37% | -3,08% | -4,63% | -10,25% | -18,96% | -22,87%",,24ddías,8.285.046,8.400.495 | 8.548.336 | 8.687.328 | 9.231.459 | 10.223.148 | 10.741.337,Delantero
Carles Pérez,Celta,-47.881 | -98.410 | -149.329 | -370.989 | -20.557 | -20.557,"-2,90% | -5,78% | -8,52% | -18,79% | 0% | 0%",,7ddías,1.603.509,1.651.390 | 1.701.919 | 1.752.838 | 1.974.498 | 0 | 0,Delantero
Dotor,Málaga,0 | 0 | 0 | 0 | 0 | +4.403,"0,00% | 0,00% | 0,00% | 0,00% | 0,00% | 0%",,14ddías,4.014.904,4.014.904 | 4.014.904 | 4.014.904 | 4.014.904 | 4.014.904 | 0,Mediocampista
U. Núñez,Celta,-93.730 | -186.418 | -287.404 | -684.201 | -1.115.370 | -1.109.382,"-2,34% | -4,56% | -6,86% | -14,91% | -22,22% | 0%",,10ddías,3.903.744,3.997.474 | 4.090.162 | 4.191.148 | 4.587.945 | 5.019.114 | 0,Defensa
Starfelt,Celta,+336.220 | +632.713 | +924.537 | +1.491.836 | +1.231.528 | +1.632.371,"+2,97% | +5,73% | +8,60% | +14,66% | +11,80% | +16,26%",,7ddías,11.671.003,11.334.783 | 11.038.290 | 10.746.466 | 10.179.167 | 10.439.475 | 10.038.632,Defensa
Chust,Elche,0 | 0 | 0 | 0 | 0 | +6.250,"0,00% | 0,00% | 0,00% | 0,00% | 0,00% | 0%",,27ddías,5.019.376,5.019.376 | 5.019.376 | 5.019.376 | 5.019.376 | 5.019.376 | 0,Defensa
Navarro,Athletic,-12.769 | -23.660 | -48.960 | -161.518 | -388.267 | -1.185.683,"-0,60% | -1,10% | -2,25% | -7,06% | -15,44% | -35,79%",,30ddías,2.127.065,2.139.834 | 2.150.725 | 2.176.025 | 2.288.583 | 2.515.332 | 3.312.748,Mediocampista
Ruibal,Betis,-101.058 | -205.853 | -313.274 | -769.017 | -1.723.804 | -3.839.147,"-3,07% | -6,07% | -8,95% | -19,43% | -35,10% | -54,63%",,30ddías,3.187.895,3.288.953 | 3.393.748 | 3.501.169 | 3.956.912 | 4.911.699 | 7.027.042,Delantero
Isco,Betis,-1.173.855 | -2.240.239 | -3.381.310 | -10.945.234 | -26.270.156 | +50.273.702,"-1,88% | -3,53% | -5,24% | -15,18% | -30,04% | 0%",,14ddías,61.166.213,62.340.068 | 63.406.452 | 64.547.523 | 72.111.447 | 87.436.369 | 0,Mediocampista
Marc Roca,Betis,+86.260 | +114.724 | +141.969 | +146.728 | -126.230 | -1.429.472,"+1,85% | +2,48% | +3,08% | +3,19% | -2,59% | -23,15%",,4ddías,4.744.321,4.658.061 | 4.629.597 | 4.602.352 | 4.597.593 | 4.870.551 | 6.173.793,Mediocampista
Ayoze,Villarreal,-118.958 | -237.911 | -333.942 | -779.885 | -1.826.179 | -3.696.220,"-0,72% | -1,43% | -2,00% | -4,54% | -10,03% | -18,41%",,30ddías,16.381.047,16.500.005 | 16.618.958 | 16.714.989 | 17.160.932 | 18.207.226 | 20.077.267,Delantero
Balde,Barcelona,-545.946 | -867.006 | -1.075.250 | -2.902.873 | +585.962 | +6.534.942,"-2,07% | -3,25% | -4,00% | -10,11% | +2,32% | +33,91%",,8ddías,25.809.118,26.355.064 | 26.676.124 | 26.884.368 | 28.711.991 | 25.223.156 | 19.274.176,Defensa
F. de Jong,Barcelona,-1.229.761 | -2.362.366 | -3.444.364 | -7.559.059 | -7.559.059 | -7.503.755,"-3,21% | -5,98% | -8,49% | -16,92% | -16,92% | 0%",,6ddías,37.113.081,38.342.842 | 39.475.447 | 40.557.445 | 44.672.140 | 44.672.140 | 0,Mediocampista
Araújo,Barcelona,-131.533 | -269.415 | -413.514 | -1.036.287 | -2.311.672 | -4.743.192,"-2,42% | -4,84% | -7,24% | -16,37% | -30,39% | -47,25%",,28ddías,5.295.440,5.426.973 | 5.564.855 | 5.708.954 | 6.331.727 | 7.607.112 | 10.038.632,Defensa
Gavi,Barcelona,+250.091 | +696.758 | +1.182.624 | +3.431.581 | +8.298.754 | +13.706.438,"+0,65% | +1,83% | +3,14% | +9,70% | +27,21% | +54,61%",,26ddías,38.803.023,38.552.932 | 38.106.265 | 37.620.399 | 35.371.442 | 30.504.269 | 25.096.585,Mediocampista
Ferran,Barcelona,+817.788 | +2.230.132 | +3.766.366 | +10.883.183 | +20.038.032 | +12.439.240,"+1,14% | +3,17% | +5,47% | +17,61% | +38,07% | +20,65%",,14ddías,72.671.046,71.853.258 | 70.440.914 | 68.904.680 | 61.787.863 | 52.633.014 | 60.231.806,Delantero
Pedri,Barcelona,-921.148 | -1.857.580 | -2.758.018 | -7.298.931 | -84.318.543 | -84.318.543,"-0,97% | -1,93% | -2,84% | -7,19% | 0% | 0%",,13ddías,94.219.049,95.140.197 | 96.076.629 | 96.977.067 | 101.517.980 | 0 | 0,Mediocampista
Raphinha,Barcelona,-512.953 | -1.005.842 | -1.577.724 | -5.556.827 | -16.822.154 | -30.707.613,"-0,72% | -1,41% | -2,19% | -7,31% | -19,27% | -30,35%",,22ddías,70.481.822,70.994.775 | 71.487.664 | 72.059.546 | 76.038.649 | 87.303.976 | 101.189.435,Delantero
A. Christensen,Barcelona,0 | 0 | 0 | 0 | 0 | +6.214,"0,00% | 0,00% | 0,00% | 0,00% | 0,00% | 0%",,27ddías,5.019.340,5.019.340 | 5.019.340 | 5.019.340 | 5.019.340 | 5.019.340 | 0,Defensa
Koundé,Barcelona,-925.182 | -1.801.151 | -2.667.264 | -3.970.945 | +15.315 | +13.674.462,"-1,86% | -3,56% | -5,18% | -7,52% | +0,03% | +38,92%",,6ddías,48.809.681,49.734.863 | 50.610.832 | 51.476.945 | 52.780.626 | 48.794.366 | 35.135.219,Defensa
Iglesias,Celta,-547.419 | -968.305 | -1.151.589 | -611.424 | +4.097.823 | +12.922.905,"-1,72% | -3,00% | -3,55% | -1,91% | +15,05% | 0%",,3ddías,31.319.454,31.866.873 | 32.287.759 | 32.471.043 | 31.930.878 | 27.221.631 | 0,Delantero
Yamal,Barcelona,-289.603 | -475.517 | -947.985 | -5.901.077 | +58.279.296 | +58.279.296,"-0,22% | -0,37% | -0,73% | -4,39% | 0% | 0%",,12ddías,128.575.479,128.865.082 | 129.050.996 | 129.523.464 | 134.476.556 | 0 | 0,Delantero
Casadó,Barcelona,-24.007 | -51.337 | -79.117 | -150.634 | -332.347 | -999.801,"-1,19% | -2,51% | -3,82% | -7,03% | -14,31% | -33,43%",,30ddías,1.990.629,2.014.636 | 2.041.966 | 2.069.746 | 2.141.263 | 2.322.976 | 2.990.430,Mediocampista
Cubarsí,Barcelona,-1.769.994 | -3.542.082 | -5.289.104 | -8.402.228 | +2.398.180 | +30.488.153,"-1,91% | -3,76% | -5,51% | -8,48% | +2,72% | +50,62%",,6ddías,90.719.959,92.489.953 | 94.262.041 | 96.009.063 | 99.122.187 | 88.321.779 | 60.231.806,Defensa
Fermín,Barcelona,-641.341 | -1.257.176 | -1.995.316 | -4.583.847 | -15.336.152 | -33.484.150,"-1,03% | -1,99% | -3,12% | -6,90% | -19,86% | -35,11%",,30ddías,61.882.876,62.524.217 | 63.140.052 | 63.878.192 | 66.466.723 | 77.219.028 | 95.367.026,Mediocampista
Bellerín,Betis,+261.931 | +528.656 | +803.452 | +1.359.856 | +1.098.468 | +1.424.685,"+2,34% | +4,83% | +7,54% | +13,46% | +10,60% | +14,19%",,7ddías,11.463.317,11.201.386 | 10.934.661 | 10.659.865 | 10.103.461 | 10.364.849 | 10.038.632,Defensa
Abde,Betis,-1.603.854 | -3.209.445 | -4.912.129 | -12.341.323 | -29.261.943 | -73.707.691,"-2,68% | -5,23% | -7,79% | -17,50% | -33,47% | 0%",,14ddías,58.174.426,59.778.280 | 61.383.871 | 63.086.555 | 70.515.749 | 87.436.369 | 0,Delantero
Turrientes,Real Sociedad,-104.529 | -195.457 | -306.271 | -742.716 | -1.599.976 | -2.841.191,"-1,43% | -2,64% | -4,08% | -9,35% | -18,19% | -28,30%",,27ddías,7.197.441,7.301.970 | 7.392.898 | 7.503.712 | 7.940.157 | 8.797.417 | 10.038.632,Mediocampista
Lejeune,Rayo,-646.939 | -1.312.400 | -1.981.927 | -4.774.422 | -11.583.039 | -35.569.178,"-1,58% | -3,15% | -4,67% | -10,57% | -22,28% | 0%",,16ddías,40.412.906,41.059.845 | 41.725.306 | 42.394.833 | 45.187.328 | 51.995.945 | 0,Defensa
Marrero,Real Sociedad,-35.455 | -65.273 | -96.582 | -235.932 | -565.725 | -1.595.544,"-2,44% | -4,41% | -6,39% | -14,28% | -28,55% | -52,98%",,30ddías,1.416.044,1.451.499 | 1.481.317 | 1.512.626 | 1.651.976 | 1.981.769 | 3.011.588,Portero
Alvarez,Atlético,-788.926 | -1.585.400 | -2.278.904 | -4.538.060 | -6.281.062 | +22.968.486,"-1,10% | -2,18% | -3,11% | -6,00% | -8,12% | 0%",,11ddías,71.056.880,71.845.806 | 72.642.280 | 73.335.784 | 75.594.940 | 77.337.942 | 0,Delantero
Durán,Celta,-40.064 | -82.029 | -125.278 | -298.108 | -656.577 | -1.627.911,"-2,81% | -5,60% | -8,30% | -17,73% | -32,18% | -54,05%",,30ddías,1.383.677,1.423.741 | 1.465.706 | 1.508.955 | 1.681.785 | 2.040.254 | 3.011.588,Delantero
Natan,Betis,+564.172 | +1.437.763 | +2.097.569 | +5.244.107 | +9.707.271 | +16.953.531,"+1,36% | +3,54% | +5,25% | +14,25% | +30,01% | +67,55%",,28ddías,42.050.116,41.485.944 | 40.612.353 | 39.952.547 | 36.806.009 | 32.342.845 | 25.096.585,Defensa
Bernal,Barcelona,+272.269 | +526.878 | +724.142 | +549.518 | +549.518 | +553.992,"+7,00% | +14,49% | +21,05% | +15,21% | +15,21% | 0%",,4ddías,4.163.442,3.891.173 | 3.636.564 | 3.439.300 | 3.613.924 | 3.613.924 | 0,Mediocampista
Fraga,Real Sociedad,0 | 0 | 0 | 0 | 0 | +660,"0,00% | 0,00% | 0,00% | 0,00% | 0,00% | 0%",,27ddías,602.234,602.234 | 602.234 | 602.234 | 602.234 | 602.234 | 0,Portero
Toni Martinez,Alavés,-298.693 | -537.200 | -723.242 | -2.107.704 | -5.275.106 | +22.592.449,"-1,11% | -1,97% | -2,64% | -7,32% | -16,51% | 0%",,19ddías,26.676.442,26.975.135 | 27.213.642 | 27.399.684 | 28.784.146 | 31.951.548 | 0,Delantero
Musso,Atlético,-131.796 | -257.555 | -366.863 | -848.632 | -1.905.477 | -4.480.175,"-2,32% | -4,43% | -6,19% | -13,25% | -25,53% | -44,63%",,30ddías,5.558.457,5.690.253 | 5.816.012 | 5.925.320 | 6.407.089 | 7.463.934 | 10.038.632,Portero
Olmo,Barcelona,-1.300.639 | -2.503.277 | -3.826.889 | -9.154.390 | -20.872.207 | -32.341.500,"-1,77% | -3,35% | -5,04% | -11,26% | -22,44% | 0%",,14ddías,72.138.230,73.438.869 | 74.641.507 | 75.965.119 | 81.292.620 | 93.010.437 | 0,Mediocampista
Mario Martín,Getafe,0 | 0 | 0 | 0 | 0 | +4.971,"0,00% | 0,00% | 0,00% | 0,00% | 0,00% | 0%",,27ddías,4.015.472,4.015.472 | 4.015.472 | 4.015.472 | 4.015.472 | 4.015.472 | 0,Mediocampista
Benito,Osasuna,-12.627 | -25.831 | -38.904 | -97.058 | -218.500 | -656.874,"-1,91% | -3,83% | -5,66% | -13,02% | -25,21% | -50,33%",,30ddías,648.147,660.774 | 673.978 | 687.051 | 745.205 | 866.647 | 1.305.021,Delantero
Leo Román,Deportivo,+1.056.411 | +1.964.560 | +2.839.389 | +3.951.280 | +26.764.091 | +26.764.091,"+3,83% | +7,37% | +11,01% | +16,01% | 0% | 0%",,6ddías,28.632.513,27.576.102 | 26.667.953 | 25.793.124 | 24.681.233 | 0 | 0,Portero
Ferrer,Getafe,0 | 0 | 0 | 0 | 0 | +869,"0,00% | 0,00% | 0,00% | 0,00% | 0,00% | 0%",,27ddías,702.705,702.705 | 702.705 | 702.705 | 702.705 | 702.705 | 0,Portero
Boiro,Athletic,-9.319 | -19.075 | -28.558 | -70.788 | -157.267 | -435.141,"-1,61% | -3,25% | -4,78% | -11,07% | -21,66% | -43,35%",,14ddías,568.721,578.040 | 587.796 | 597.279 | 639.509 | 725.988 | 1.003.862,Defensa
Jauregizar,Athletic,+405.339 | +742.457 | +1.149.735 | +2.669.160 | +5.832.966 | +10.454.601,"+1,61% | +3,00% | +4,72% | +11,68% | +29,64% | +69,43%",,29ddías,25.512.551,25.107.212 | 24.770.094 | 24.362.816 | 22.843.391 | 19.679.585 | 15.057.950,Mediocampista
Padilla,Athletic,0 | 0 | 0 | 0 | 0 | +1.651,"0,00% | 0,00% | 0,00% | 0,00% | 0,00% | 0%",,27ddías,1.505.588,1.505.588 | 1.505.588 | 1.505.588 | 1.505.588 | 1.505.588 | 0,Portero
Letácek,Getafe,-19.038 | -38.330 | -59.654 | -148.170 | -353.943 | -1.031.207,"-2,13% | -4,19% | -6,37% | -14,47% | -28,77% | -54,07%",,30ddías,876.132,895.170 | 914.462 | 935.786 | 1.024.302 | 1.230.075 | 1.907.339,Portero
Hugo Álvarez,Celta,-63.796 | -139.453 | -215.551 | -547.901 | -1.225.852 | -3.048.884,"-1,80% | -3,86% | -5,84% | -13,62% | -26,07% | -46,73%",,30ddías,3.476.227,3.540.023 | 3.615.680 | 3.691.778 | 4.024.128 | 4.702.079 | 6.525.111,Mediocampista
Danjuma,Valencia,+30.720 | +40.539 | +36.002 | -93.244 | -525.207 | -1.627.580,"+0,70% | +0,93% | +0,83% | -2,08% | -10,67% | -27,02%",,2ddías,4.395.599,4.364.879 | 4.355.060 | 4.359.597 | 4.488.843 | 4.920.806 | 6.023.179,Delantero
Carreira,Celta,-7.365 | -35.216 | -52.163 | -328.813 | -1.128.418 | -1.099.676,"-0,11% | -0,51% | -0,75% | -4,53% | -14,00% | -13,69%",,24ddías,6.931.230,6.938.595 | 6.966.446 | 6.983.393 | 7.260.043 | 8.059.648 | 8.030.906,Defensa
Sergio Gómez,Real Sociedad,-152.128 | -314.247 | -467.061 | -1.048.521 | -2.870.030 | -6.377.833,"-0,81% | -1,65% | -2,43% | -5,30% | -13,29% | -25,41%",,30ddías,18.718.752,18.870.880 | 19.032.999 | 19.185.813 | 19.767.273 | 21.588.782 | 25.096.585,Defensa
Peque,Sevilla,-46.070 | -90.671 | -146.124 | -384.977 | -867.040 | -2.374.589,"-2,10% | -4,06% | -6,38% | -15,23% | -28,81% | -52,57%",,30ddías,2.142.795,2.188.865 | 2.233.466 | 2.288.919 | 2.527.772 | 3.009.835 | 4.517.384,Delantero
Ejuke,Sevilla,-45.074 | -88.565 | -138.626 | -340.886 | -733.098 | -1.939.468,"-1,44% | -2,80% | -4,31% | -9,97% | -19,23% | -38,64%",,30ddías,3.079.847,3.124.921 | 3.168.412 | 3.218.473 | 3.420.733 | 3.812.945 | 5.019.315,Delantero
Kambwala,Villarreal,-32.544 | -67.468 | -103.389 | -257.821 | -585.970 | -1.598.677,"-2,25% | -4,56% | -6,82% | -15,43% | -29,31% | -53,08%",,30ddías,1.412.911,1.445.455 | 1.480.379 | 1.516.300 | 1.670.732 | 1.998.881 | 3.011.588,Defensa
Andrés Martín,Racing,-307.323 | -646.809 | -973.832 | -2.189.360 | -4.282.905 | +19.576.346,"-1,42% | -2,94% | -4,37% | -9,31% | -16,72% | 0%",,21ddías,21.327.654,21.634.977 | 21.974.463 | 22.301.486 | 23.517.014 | 25.610.559 | 0,Delantero
Pépé,Villarreal,-741.508 | -1.535.454 | -2.397.916 | -6.295.617 | -15.336.305 | -39.635.901,"-1,40% | -2,85% | -4,38% | -10,74% | -22,66% | 0%",,15ddías,52.329.036,53.070.544 | 53.864.490 | 54.726.952 | 58.624.653 | 67.665.341 | 0,Delantero
Álvaro,Deportivo,-96.074 | -189.535 | -286.450 | -583.516 | -1.468.809 | -3.986.151,"-1,70% | -3,30% | -4,91% | -9,51% | -20,93% | -41,80%",,30ddías,5.550.549,5.646.623 | 5.740.084 | 5.836.999 | 6.134.065 | 7.019.358 | 9.536.700,Portero
Pape Gueye,Villarreal,+895.600 | +1.806.357 | +2.476.265 | +2.699.334 | -328.014 | -8.026.467,"+2,17% | +4,48% | +6,24% | +6,84% | -0,77% | -15,99%",,5ddías,42.166.704,41.271.104 | 40.360.347 | 39.690.439 | 39.467.370 | 42.494.718 | 50.193.171,Mediocampista
Losada,Betis,0 | 0 | 0 | 0 | 0 | +2.816,"0,00% | 0,00% | 0,00% | 0,00% | 0,00% | 0%",,27ddías,2.509.378,2.509.378 | 2.509.378 | 2.509.378 | 2.509.378 | 2.509.378 | 0,Delantero
D. Llorente,Betis,+247.526 | +504.623 | +830.867 | +1.674.576 | +2.692.538 | +3.511.626,"+2,23% | +4,66% | +7,90% | +17,32% | +31,13% | +44,85%",,14ddías,11.341.758,11.094.232 | 10.837.135 | 10.510.891 | 9.667.182 | 8.649.220 | 7.830.132,Defensa
Bretones,Osasuna,+120.254 | +220.957 | +312.261 | +602.795 | +680.558 | +253.991,"+4,92% | +9,43% | +13,87% | +30,75% | +36,16% | +11,00%",,12ddías,2.562.876,2.442.622 | 2.341.919 | 2.250.615 | 1.960.081 | 1.882.318 | 2.308.885,Defensa
Pedro Díaz,Rayo,-25.567 | -56.464 | -91.006 | -238.099 | -573.550 | -1.801.922,"-1,23% | -2,67% | -4,24% | -10,38% | -21,81% | -46,70%",,31ddías,2.056.427,2.081.994 | 2.112.891 | 2.147.433 | 2.294.526 | 2.629.977 | 3.858.349,Mediocampista
L. Sucic,Real Sociedad,-37.674 | -74.148 | -127.607 | -332.813 | -821.467 | -1.844.290,"-0,96% | -1,88% | -3,19% | -7,90% | -17,48% | -32,23%",,27ddías,3.877.729,3.915.403 | 3.951.877 | 4.005.336 | 4.210.542 | 4.699.196 | 5.722.019,Mediocampista
Javi Rodríguez,Celta,0 | 0 | 0 | 0 | 0 | +11.398,"0,00% | 0,00% | 0,00% | 0,00% | 0,00% | 0%",,27ddías,10.037.652,10.037.652 | 10.037.652 | 10.037.652 | 10.037.652 | 10.037.652 | 0,Defensa
Jon Martín,Real Sociedad,0 | 0 | 0 | 0 | 0 | +33.024,"0,00% | 0,00% | 0,00% | 0,00% | 0,00% | 0%",,27ddías,30.111.790,30.111.790 | 30.111.790 | 30.111.790 | 30.111.790 | 30.111.790 | 0,Defensa
Carlos Martín,Atlético,0 | 0 | 0 | 0 | 0 | +2.519,"0,00% | 0,00% | 0,00% | 0,00% | 0,00% | 0%",,27ddías,2.218.490,2.218.490 | 2.218.490 | 2.218.490 | 2.218.490 | 2.218.490 | 0,Mediocampista
Serrano,Atlético,-4.571 | -9.382 | -13.713 | -33.102 | -69.432 | -223.246,"-1,00% | -2,02% | -2,93% | -6,78% | -13,24% | -32,93%",,30ddías,454.787,459.358 | 464.169 | 468.500 | 487.889 | 524.219 | 678.033,Mediocampista
Valera,Elche,-139.463 | -285.310 | -529.728 | -1.594.289 | -3.372.563 | -38.756.390,"-0,57% | -1,16% | -2,13% | -6,14% | -12,16% | 0%",,21ddías,24.372.987,24.512.450 | 24.658.297 | 24.902.715 | 25.967.276 | 27.745.550 | 0,Mediocampista
Jiménez,Real Madrid,0 | 0 | 0 | 0 | 0 | +674,"0,00% | 0,00% | 0,00% | 0,00% | 0,00% | 0%",,27ddías,602.248,602.248 | 602.248 | 602.248 | 602.248 | 602.248 | 0,Defensa
Mestre,Real Madrid,0 | 0 | 0 | 0 | 0 | +758,"0,00% | 0,00% | 0,00% | 0,00% | 0,00% | 0%",,27ddías,677.860,677.860 | 677.860 | 677.860 | 677.860 | 677.860 | 0,Portero
Lago,Celta,0 | 0 | 0 | 0 | 0 | +797,"0,00% | 0,00% | 0,00% | 0,00% | 0,00% | 0%",,27ddías,702.633,702.633 | 702.633 | 702.633 | 702.633 | 702.633 | 0,Defensa
El-Abdellaoui,Celta,0 | 0 | 0 | 0 | 0 | +1.481,"0,00% | 0,00% | 0,00% | 0,00% | 0,00% | 0%",,27ddías,1.304.893,1.304.893 | 1.304.893 | 1.304.893 | 1.304.893 | 1.304.893 | 0,Delantero
Antony,Betis,-801.029 | -1.542.562 | -2.426.951 | -7.998.841 | -17.045.816 | -10.839.705,"-1,23% | -2,34% | -3,63% | -11,04% | -20,92% | -14,40%",,17ddías,64.450.053,65.251.082 | 65.992.615 | 66.877.004 | 72.448.894 | 81.495.869 | 75.289.758,Delantero
Sannadi,Athletic,-5.038 | -10.335 | -15.172 | -36.805 | -78.061 | -236.725,"-1,07% | -2,17% | -3,15% | -7,32% | -14,35% | -33,69%",,30ddías,465.977,471.015 | 476.312 | 481.149 | 502.782 | 544.038 | 702.702,Delantero
Pablo Ramón,Espanyol,-7.806 | -15.987 | -23.828 | -58.781 | -69.150 | -69.150,"-1,44% | -2,92% | -4,28% | -9,94% | 0% | 0%",,7ddías,532.424,540.230 | 548.411 | 556.252 | 591.205 | 0 | 0,Mediocampista
Guille,Barcelona,0 | 0 | 0 | 0 | 0 | +869,"0,00% | 0,00% | 0,00% | 0,00% | 0,00% | 0%",,27ddías,702.705,702.705 | 702.705 | 702.705 | 702.705 | 702.705 | 0,Mediocampista
Toni Fernández,Barcelona,0 | 0 | 0 | 0 | 0 | +745,"0,00% | 0,00% | 0,00% | 0,00% | 0,00% | 0%",,27ddías,602.319,602.319 | 602.319 | 602.319 | 602.319 | 602.319 | 0,Delantero
Vargas,Sevilla,-231.581 | -1.208.682 | +23.360.363 | +23.360.363 | +23.360.363 | +23.360.363,"-0,81% | -4,10% | 0% | 0% | 0% | 0%",,2ddías,28.291.318,28.522.899 | 29.500.000 | 0 | 0 | 0 | 0,Mediocampista
Garcés,Alavés,-17.195 | -35.158 | -53.188 | -133.324 | -303.027 | -748.003,"-2,22% | -4,43% | -6,56% | -14,96% | -28,57% | -49,68%",,30ddías,757.790,774.985 | 792.948 | 810.978 | 891.114 | 1.060.817 | 1.505.793,Defensa
Roberto,Espanyol,-3.614 | -14.558 | -26.169 | -200.940 | -608.500 | -1.466.810,"-0,06% | -0,26% | -0,47% | -3,49% | -9,86% | -20,87%",,25ddías,5.560.232,5.563.846 | 5.574.790 | 5.586.401 | 5.761.172 | 6.168.732 | 7.027.042,Delantero
Asencio,Real Madrid,-198.225 | -401.176 | -608.130 | -1.412.922 | -2.665.860 | -5.922.410,"-3,09% | -6,06% | -8,90% | -18,50% | -29,99% | -48,76%",,30ddías,6.224.336,6.422.561 | 6.625.512 | 6.832.466 | 7.637.258 | 8.890.196 | 12.146.746,Defensa
Spina,Atlético,0 | 0 | 0 | 0 | 0 | +866,"0,00% | 0,00% | 0,00% | 0,00% | 0,00% | 0%",,27ddías,702.702,702.702 | 702.702 | 702.702 | 702.702 | 702.702 | 0,Defensa
Aramburu,Real Sociedad,+416.161 | +748.935 | +1.304.379 | +2.869.561 | +5.022.109 | +7.991.976,"+2,85% | +5,25% | +9,51% | +23,62% | +50,24% | +113,73%",,29ddías,15.019.018,14.602.857 | 14.270.083 | 13.714.639 | 12.149.457 | 9.996.909 | 7.027.042,Defensa
Alfon,Sevilla,0 | 0 | 0 | 0 | 0 | +8.384,"0,00% | 0,00% | 0,00% | 0,00% | 0,00% | 0%",,27ddías,7.026.761,7.026.761 | 7.026.761 | 7.026.761 | 7.026.761 | 7.026.761 | 0,Delantero
Luiz Junior,Villarreal,+884.635 | +1.950.113 | +2.837.979 | +6.917.748 | +11.767.089 | +19.443.417,"+2,29% | +5,19% | +7,74% | +21,22% | +42,40% | +96,84%",,29ddías,39.520.684,38.636.049 | 37.570.571 | 36.682.705 | 32.602.936 | 27.753.595 | 20.077.267,Portero
Logan Costa,Villarreal,-31.431 | -68.919 | -103.565 | -251.276 | -574.296 | -1.497.295,"-2,03% | -4,35% | -6,40% | -14,23% | -27,50% | -49,72%",,30ddías,1.514.293,1.545.724 | 1.583.212 | 1.617.858 | 1.765.569 | 2.088.589 | 3.011.588,Defensa
Iturbe,Elche,0 | 0 | 0 | 0 | 0 | 0,"0,00% | 0,00% | 0,00% | 0,00% | 0,00% | 0%",,27ddías,802.099,802.099 | 802.099 | 802.099 | 802.099 | 802.099 | 0,Portero
Lo Celso,Betis,+713.680 | +1.522.665 | +2.233.228 | +5.421.761 | +11.306.981 | +19.794.487,"+1,82% | +3,97% | +5,93% | +15,74% | +39,58% | +98,59%",,29ddías,39.871.754,39.158.074 | 38.349.089 | 37.638.526 | 34.449.993 | 28.564.773 | 20.077.267,Mediocampista
Otorbi,Valencia,0 | 0 | 0 | 0 | 0 | +718,"0,00% | 0,00% | 0,00% | 0,00% | 0,00% | 0%",,27ddías,602.292,602.292 | 602.292 | 602.292 | 602.292 | 602.292 | 0,Delantero
Manu González,Betis,0 | 0 | 0 | 0 | 0 | +651,"0,00% | 0,00% | 0,00% | 0,00% | 0,00% | 0%",,27ddías,581.691,581.691 | 581.691 | 581.691 | 581.691 | 581.691 | 0,Portero
Risco,Getafe,0 | 0 | 0 | 0 | 0 | +869,"0,00% | 0,00% | 0,00% | 0,00% | 0,00% | 0%",,27ddías,702.705,702.705 | 702.705 | 702.705 | 702.705 | 702.705 | 0,Mediocampista
Szczesny,Barcelona,-64.684 | -167.466 | -272.759 | -272.759 | -272.759 | -272.759,"-2,16% | -5,40% | -8,50% | -8,50% | -8,50% | 0%",,3ddías,2.935.641,3.000.325 | 3.103.107 | 3.208.400 | 3.208.400 | 3.208.400 | 0,Portero
De la Sías,Rayo,0 | 0 | 0 | 0 | 0 | +660,"0,00% | 0,00% | 0,00% | 0,00% | 0,00% | 0%",,27ddías,602.234,602.234 | 602.234 | 602.234 | 602.234 | 602.234 | 0,Defensa
Óskarsson,Real Sociedad,-158.259 | -304.939 | -463.407 | -1.044.724 | -2.545.297 | -5.948.871,"-1,71% | -3,24% | -4,84% | -10,29% | -21,84% | -39,51%",,30ddías,9.109.079,9.267.338 | 9.414.018 | 9.572.486 | 10.153.803 | 11.654.376 | 15.057.950,Delantero
Alberto,Sevilla,0 | 0 | 0 | 0 | 0 | +797,"0,00% | 0,00% | 0,00% | 0,00% | 0,00% | 0%",,27ddías,702.633,702.633 | 702.633 | 702.633 | 702.633 | 702.633 | 0,Portero
Pau Navarro,Villarreal,-88.785 | -198.363 | -316.395 | -1.001.963 | -2.530.586 | -6.081.568,"-0,88% | -1,95% | -3,07% | -9,12% | -20,23% | -37,86%",,30ddías,9.980.246,10.069.031 | 10.178.609 | 10.296.641 | 10.982.209 | 12.510.832 | 16.061.814,Defensa
Cabanes,Villarreal,0 | 0 | 0 | 0 | 0 | +718,"0,00% | 0,00% | 0,00% | 0,00% | 0,00% | 0%",,27ddías,602.292,602.292 | 602.292 | 602.292 | 602.292 | 602.292 | 0,Delantero
Etta Eyong,Levante,+666.372 | +1.371.589 | +2.201.675 | +4.634.317 | +6.989.474 | +11.885.567,"+3,29% | +7,02% | +11,76% | +28,46% | +50,17% | +131,55%",,29ddías,20.920.337,20.253.965 | 19.548.748 | 18.718.662 | 16.286.020 | 13.930.863 | 9.034.770,Delantero
Endrick,Real Madrid,-61.838 | -89.335 | -134.960 | -720.393 | +7.050.390 | +7.050.390,"-0,81% | -1,16% | -1,74% | -8,64% | 0% | 0%",,7ddías,7.616.379,7.678.217 | 7.705.714 | 7.751.339 | 8.336.772 | 0 | 0,Delantero
Martín,Barcelona,-11.855 | -988.136 | -2.030.491 | -2.030.491 | -2.030.491 | -1.992.710,"-0,04% | -3,35% | -6,65% | -6,65% | -6,65% | 0%",,3ddías,28.487.105,28.498.960 | 29.475.241 | 30.517.596 | 30.517.596 | 30.517.596 | 0,Defensa
Mbappé,Real Madrid,-2.358 | -86.037 | -570.658 | -2.562.338 | -25.204.585 | -25.204.585,"0,00% | -0,07% | -0,44% | -1,93% | 0% | 0%",,12ddías,130.280.854,130.283.212 | 130.366.891 | 130.851.512 | 132.843.192 | 0 | 0,Delantero
Tárrega,Valencia,-48.058 | -85.431 | -113.355 | -420.056 | -1.283.905 | -3.409.300,"-0,52% | -0,93% | -1,23% | -4,39% | -12,32% | -27,17%",,30ddías,9.138.991,9.187.049 | 9.224.422 | 9.252.346 | 9.559.047 | 10.422.896 | 12.548.291,Defensa
Pepelu,Valencia,-113.874 | -203.210 | -285.955 | -721.989 | -1.570.231 | -2.068.522,"-1,41% | -2,49% | -3,46% | -8,31% | -16,46% | -20,61%",,25ddías,7.970.110,8.083.984 | 8.173.320 | 8.256.065 | 8.692.099 | 9.540.341 | 10.038.632,Mediocampista
Romero,Villarreal,+780.676 | +1.458.687 | +1.840.657 | +474.975 | -739.347 | -700.020,"+2,32% | +4,43% | +5,65% | +1,40% | -2,10% | 0%",,5ddías,34.391.873,33.611.197 | 32.933.186 | 32.551.216 | 33.916.898 | 35.131.220 | 0,Defensa
Foulquier,Valencia,-68.456 | -128.195 | -193.816 | -511.746 | -639.752 | -635.321,"-2,18% | -4,00% | -5,93% | -14,27% | -17,22% | 0%",,8ddías,3.074.392,3.142.848 | 3.202.587 | 3.268.208 | 3.586.138 | 3.714.144 | 0,Defensa
Jesús Vázquez,Valencia,-46.322 | -97.381 | -150.950 | -365.922 | -811.661 | -2.254.875,"-2,31% | -4,73% | -7,15% | -15,72% | -29,27% | -53,48%",,30ddías,1.961.350,2.007.672 | 2.058.731 | 2.112.300 | 2.327.272 | 2.773.011 | 4.216.225,Defensa
Fran Pérez,Rayo,-22.521 | -44.770 | -68.833 | -174.008 | -382.461 | -1.042.586,"-2,28% | -4,43% | -6,66% | -15,28% | -28,38% | -51,93%",,30ddías,965.139,987.660 | 1.009.909 | 1.033.972 | 1.139.147 | 1.347.600 | 2.007.725,Mediocampista
Hugo González,Celta,0 | 0 | 0 | 0 | 0 | +1.709,"0,00% | 0,00% | 0,00% | 0,00% | 0,00% | 0%",,27ddías,1.505.646,1.505.646 | 1.505.646 | 1.505.646 | 1.505.646 | 1.505.646 | 0,Mediocampista
Iranzo,Valencia,0 | 0 | 0 | 0 | 0 | +718,"0,00% | 0,00% | 0,00% | 0,00% | 0,00% | 0%",,27ddías,602.292,602.292 | 602.292 | 602.292 | 602.292 | 602.292 | 0,Defensa
Gayà,Valencia,-167.482 | -260.583 | -426.839 | -1.015.551 | -2.468.976 | -5.933.800,"-1,36% | -2,10% | -3,40% | -7,72% | -16,91% | -32,84%",,30ddías,12.135.741,12.303.223 | 12.396.324 | 12.562.580 | 13.151.292 | 14.604.717 | 18.069.541,Defensa
Comesaña,Villarreal,+447.622 | +623.982 | +651.455 | -1.158.920 | -4.181.298 | -8.817.158,"+1,65% | +2,31% | +2,42% | -4,03% | -13,15% | -24,20%",,3ddías,27.623.084,27.175.462 | 26.999.102 | 26.971.629 | 28.782.004 | 31.804.382 | 36.440.242,Mediocampista
Gerard,Villarreal,-138.800 | -310.319 | -633.288 | -2.003.890 | -4.765.609 | -10.558.851,"-0,47% | -1,04% | -2,09% | -6,34% | -13,87% | -26,30%",,30ddías,29.595.685,29.734.485 | 29.906.004 | 30.228.973 | 31.599.575 | 34.361.294 | 40.154.536,Delantero
Foyth,Villarreal,-255.520 | -517.525 | -763.283 | -1.670.794 | -1.670.794 | -1.655.823,"-2,30% | -4,54% | -6,56% | -13,32% | -13,32% | 0%",,6ddías,10.876.995,11.132.515 | 11.394.520 | 11.640.278 | 12.547.789 | 12.547.789 | 0,Defensa
Sörloth,Atlético,-306.194 | -646.508 | -978.887 | -2.463.799 | -5.473.155 | -12.953.418,"-1,11% | -2,32% | -3,47% | -8,31% | -16,75% | -32,26%",,30ddías,27.201.118,27.507.312 | 27.847.626 | 28.180.005 | 29.664.917 | 32.674.273 | 40.154.536,Delantero
Baena,Atlético,-1.418.519 | -2.871.637 | -4.315.189 | -6.073.676 | +3.984.741 | +21.382.518,"-2,14% | -4,24% | -6,24% | -8,57% | +6,55% | +49,25%",,6ddías,64.799.104,66.217.623 | 67.670.741 | 69.114.293 | 70.872.780 | 60.814.363 | 43.416.586,Mediocampista
Femenia,Getafe,-23.888 | -40.696 | -76.900 | -262.910 | -781.091 | -2.369.157,"-0,65% | -1,10% | -2,06% | -6,71% | -17,61% | -39,33%",,30ddías,3.654.022,3.677.910 | 3.694.718 | 3.730.922 | 3.916.932 | 4.435.113 | 6.023.179,Defensa
Diego López,Valencia,-92.065 | -185.302 | -280.619 | -688.160 | -1.527.916 | -3.103.955,"-3,06% | -5,97% | -8,77% | -19,08% | -34,36% | -51,53%",,30ddías,2.919.224,3.011.289 | 3.104.526 | 3.199.843 | 3.607.384 | 4.447.140 | 6.023.179,Delantero
Rivero,Valencia,-9.423 | -19.288 | -28.884 | -71.617 | -132.753 | -432.635,"-1,62% | -3,27% | -4,81% | -11,14% | -18,86% | -43,10%",,13ddías,571.227,580.650 | 590.515 | 600.111 | 642.844 | 703.980 | 1.003.862,Portero
Denis Suárez,Alavés,-64.938 | -128.636 | -198.734 | -507.930 | -1.163.082 | -3.076.529,"-2,16% | -4,18% | -6,32% | -14,70% | -28,30% | -51,08%",,30ddías,2.946.650,3.011.588 | 3.075.286 | 3.145.384 | 3.454.580 | 4.109.732 | 6.023.179,Mediocampista
Sow,Sevilla,-6.889 | -4.066 | +22.222 | -111.209 | -661.827 | -1.535.183,"-0,08% | -0,05% | +0,26% | -1,29% | -7,22% | -15,29%",,1ddías,8.503.449,8.510.338 | 8.507.515 | 8.481.227 | 8.614.658 | 9.165.276 | 10.038.632,Mediocampista
Urko,Espanyol,-49.572 | -80.731 | -120.601 | -320.901 | -788.379 | -2.076.853,"-0,99% | -1,60% | -2,38% | -6,09% | -13,74% | -29,56%",,27ddías,4.950.189,4.999.761 | 5.030.920 | 5.070.790 | 5.271.090 | 5.738.568 | 7.027.042,Mediocampista
Dmitrovic,Espanyol,+820.057 | +1.826.294 | +2.754.296 | +6.652.607 | +10.960.467 | +17.606.585,"+2,62% | +6,04% | +9,39% | +26,17% | +51,91% | +121,69%",,29ddías,32.075.398,31.255.341 | 30.249.104 | 29.321.102 | 25.422.791 | 21.114.931 | 14.468.813,Portero
Gattoni,Sevilla,-4.900 | -10.054 | -14.742 | -35.713 | -75.519 | -240.019,"-1,05% | -2,13% | -3,09% | -7,17% | -14,03% | -34,16%",,30ddías,462.683,467.583 | 472.737 | 477.425 | 498.396 | 538.202 | 702.702,Defensa
Pedrosa,Sevilla,0 | 0 | 0 | 0 | 0 | +4.125,"0,00% | 0,00% | 0,00% | 0,00% | 0,00% | 0%",,27ddías,3.312.788,3.312.788 | 3.312.788 | 3.312.788 | 3.312.788 | 3.312.788 | 0,Defensa
Jordan,Sevilla,-11.450 | -23.426 | -35.221 | -87.706 | -196.699 | -584.768,"-1,81% | -3,64% | -5,38% | -12,40% | -24,09% | -48,54%",,30ddías,619.867,631.317 | 643.293 | 655.088 | 707.573 | 816.566 | 1.204.635,Mediocampista
Mariano,Alavés,-30.814 | -63.980 | -98.536 | -243.658 | -548.337 | -1.535.289,"-2,56% | -5,16% | -7,74% | -17,17% | -31,82% | -56,64%",,30ddías,1.175.140,1.205.954 | 1.239.120 | 1.273.676 | 1.418.798 | 1.723.477 | 2.710.429,Delantero
Marcão,Sevilla,-18.199 | -37.206 | -50.601 | -132.446 | -300.009 | -824.325,"-2,27% | -4,54% | -6,08% | -14,49% | -27,73% | -51,32%",,30ddías,781.854,800.053 | 819.060 | 832.455 | 914.300 | 1.081.863 | 1.606.179,Defensa
Almeida,Valencia,-82.239 | -168.799 | -252.378 | -611.621 | -1.317.436 | -3.328.925,"-2,59% | -5,17% | -7,54% | -16,50% | -29,85% | -51,81%",,30ddías,3.095.799,3.178.038 | 3.264.598 | 3.348.177 | 3.707.420 | 4.413.235 | 6.424.724,Mediocampista
Juanlu,Sevilla,-71.344 | -147.129 | -206.329 | -373.660 | -747.140 | -2.023.827,"-2,49% | -4,99% | -6,87% | -11,78% | -21,07% | -41,96%",,31ddías,2.799.109,2.870.453 | 2.946.238 | 3.005.438 | 3.172.769 | 3.546.249 | 4.822.936,Mediocampista
Manu Bueno,Sevilla,0 | 0 | 0 | 0 | 0 | 0,"0,00% | 0,00% | 0,00% | 0,00% | 0,00% | 0%",,27ddías,802.099,802.099 | 802.099 | 802.099 | 802.099 | 802.099 | 0,Mediocampista
Diakhaby,Valencia,-172.981 | -320.394 | -471.199 | -1.113.940 | -1.918.501 | -1.907.722,"-2,37% | -4,31% | -6,21% | -13,54% | -21,24% | 0%",,10ddías,7.115.907,7.288.888 | 7.436.301 | 7.587.106 | 8.229.847 | 9.034.408 | 0,Defensa
Canós,Valencia,-9.903 | -20.268 | -30.384 | -75.427 | -816.677 | -816.677,"-1,67% | -3,36% | -4,96% | -11,46% | 0% | 0%",,7ddías,582.739,592.642 | 603.007 | 613.123 | 658.166 | 0 | 0,Delantero
Javi Guerra,Valencia,-159.306 | -331.837 | -522.090 | -1.483.706 | -2.969.853 | +21.726.319,"-0,64% | -1,33% | -2,07% | -5,68% | -10,75% | 0%",,20ddías,24.653.670,24.812.976 | 24.985.507 | 25.175.760 | 26.137.376 | 27.623.523 | 0,Mediocampista
Duro,Valencia,-123.792 | -246.852 | -328.276 | -643.261 | -1.492.016 | -2.922.235,"-1,34% | -2,63% | -3,47% | -6,59% | -14,05% | -24,26%",,25ddías,9.124.124,9.247.916 | 9.370.976 | 9.452.400 | 9.767.385 | 10.616.140 | 12.046.359,Delantero
Terrats,Getafe,0 | 0 | 0 | 0 | 0 | +3.146,"0,00% | 0,00% | 0,00% | 0,00% | 0,00% | 0%",,27ddías,2.810.495,2.810.495 | 2.810.495 | 2.810.495 | 2.810.495 | 2.810.495 | 0,Mediocampista
Íñigo Pérez,Villarreal,+9.981 | +73.750 | +49.386 | +2.216 | -222.986 | -309.953,"+0,46% | +3,47% | +2,30% | +0,10% | -9,22% | 0%",,2ddías,2.196.609,2.186.628 | 2.122.859 | 2.147.223 | 2.194.393 | 2.419.595 | 0,
Akhomach,Villarreal,-162.048 | -319.944 | -496.542 | -1.266.730 | -1.541.767 | -1.532.649,"-2,44% | -4,70% | -7,11% | -16,33% | -19,20% | 0%",,8ddías,6.488.354,6.650.402 | 6.808.298 | 6.984.896 | 7.755.084 | 8.030.121 | 0,Delantero
Rubén Sánchez,Espanyol,-7.447 | -15.253 | -22.704 | -55.927 | -122.631 | -379.683,"-1,40% | -2,83% | -4,15% | -9,65% | -18,97% | -42,02%",,30ddías,523.792,531.239 | 539.045 | 546.496 | 579.719 | 646.423 | 903.475,Mediocampista
Rosier,Osasuna,-238.562 | -477.311 | -727.469 | -1.795.848 | -2.993.886 | -3.322.899,"-3,00% | -5,82% | -8,61% | -18,87% | -27,95% | -30,09%",,25ddías,7.719.597,7.958.159 | 8.196.908 | 8.447.066 | 9.515.445 | 10.713.483 | 11.042.496,Defensa
Mouriño,Villarreal,+550.848 | +1.178.718 | +1.878.645 | +4.161.793 | +7.906.559 | +13.741.956,"+1,52% | +3,31% | +5,37% | +12,74% | +27,34% | +59,52%",,28ddías,36.830.814,36.279.966 | 35.652.096 | 34.952.169 | 32.669.021 | 28.924.255 | 23.088.858,Defensa
Serrano,Athletic,-34.468 | -70.220 | -107.137 | -262.925 | -578.075 | -1.524.840,"-2,85% | -5,63% | -8,35% | -18,27% | -32,96% | -56,46%",,31ddías,1.176.003,1.210.471 | 1.246.223 | 1.283.140 | 1.438.928 | 1.754.078 | 2.700.843,Delantero
Raba,Valencia,-52.490 | -106.633 | -160.773 | -395.787 | -842.079 | -2.304.463,"-2,51% | -4,98% | -7,32% | -16,27% | -29,25% | -53,09%",,30ddías,2.036.485,2.088.975 | 2.143.118 | 2.197.258 | 2.432.272 | 2.878.564 | 4.340.948,Delantero
Conde,Betis,0 | 0 | 0 | -82.597 | -487.368 | -1.475.795,"0,00% | 0,00% | 0,00% | -2,64% | -13,81% | -32,67%",,4ddías,3.041.589,3.041.589 | 3.041.589 | 3.041.589 | 3.124.186 | 3.528.957 | 4.517.384,Portero
Raul Moro,Osasuna,+225.475 | +469.702 | +783.618 | +1.148.809 | +549.419 | -513.305,"+1,99% | +4,25% | +7,29% | +11,06% | +5,00% | -4,26%",,7ddías,11.533.054,11.307.579 | 11.063.352 | 10.749.436 | 10.384.245 | 10.983.635 | 12.046.359,Delantero
Boyomo,Osasuna,+489.139 | +1.074.580 | +1.531.385 | +3.525.853 | +6.260.160 | +8.642.212,"+2,11% | +4,75% | +6,91% | +17,48% | +35,90% | +57,39%",,26ddías,23.700.162,23.211.023 | 22.625.582 | 22.168.777 | 20.174.309 | 17.440.002 | 15.057.950,Defensa
Fortuño,Espanyol,-1.884 | -14.698 | -27.366 | -83.720 | -169.342 | -555.090,"-0,29% | -2,21% | -4,04% | -11,42% | -20,68% | -46,08%",,10ddías,649.545,651.429 | 664.243 | 676.911 | 733.265 | 818.887 | 1.204.635,Portero
El Hilali,Espanyol,+199.147 | +314.292 | +467.925 | +1.003.209 | +1.671.082 | +2.119.717,"+2,68% | +4,29% | +6,52% | +15,11% | +27,99% | +38,39%",,14ddías,7.640.964,7.441.817 | 7.326.672 | 7.173.039 | 6.637.755 | 5.969.882 | 5.521.247,Defensa
Juanmi,Getafe,-14.981 | -30.635 | -46.261 | -115.735 | -262.030 | -743.399,"-2,08% | -4,17% | -6,16% | -14,11% | -27,11% | -51,34%",,30ddías,704.612,719.593 | 735.247 | 750.873 | 820.347 | 966.642 | 1.448.011,Delantero
Edu Expósito,Espanyol,-217.461 | -417.015 | -700.458 | -1.958.934 | -4.821.183 | -14.022.837,"-0,79% | -1,51% | -2,52% | -6,73% | -15,08% | 0%",,19ddías,27.143.556,27.361.017 | 27.560.571 | 27.844.014 | 29.102.490 | 31.964.739 | 0,Mediocampista
Jofre,Espanyol,-30.021 | -60.133 | -87.731 | -218.719 | -522.193 | -1.462.017,"-2,18% | -4,27% | -6,11% | -13,95% | -27,91% | -52,01%",,30ddías,1.348.798,1.378.819 | 1.408.931 | 1.436.529 | 1.567.517 | 1.870.991 | 2.810.815,Delantero
Pere Milla,Espanyol,-105.177 | -218.851 | -317.585 | -544.824 | +59.121 | +2.230.512,"-1,01% | -2,09% | -3,00% | -5,04% | +0,58% | +27,77%",,8ddías,10.261.418,10.366.595 | 10.480.269 | 10.579.003 | 10.806.242 | 10.202.297 | 8.030.906,Delantero
Lozano,Espanyol,-43.389 | -94.687 | -154.127 | -382.362 | -860.720 | -2.359.355,"-1,61% | -3,44% | -5,48% | -12,57% | -24,45% | -47,01%",,30ddías,2.659.960,2.703.349 | 2.754.647 | 2.814.087 | 3.042.322 | 3.520.680 | 5.019.315,Mediocampista
Puado,Espanyol,-277.029 | -569.084 | -862.597 | -2.107.930 | -4.545.140 | -6.235.713,"-3,04% | -6,06% | -8,91% | -19,29% | -34,00% | -41,41%",,21ddías,8.822.237,9.099.266 | 9.391.321 | 9.684.834 | 10.930.167 | 13.367.377 | 15.057.950,Mediocampista
Cabrera,Espanyol,+10.080 | -23.462 | -105.090 | -626.515 | -1.569.711 | +5.403.854,"+0,06% | -0,14% | -0,63% | -3,62% | -8,61% | 0%",,1ddías,16.662.617,16.652.537 | 16.686.079 | 16.767.707 | 17.289.132 | 18.232.328 | 0,Defensa
Calero,Málaga,0 | 0 | 0 | 0 | 0 | +3.932,"0,00% | 0,00% | 0,00% | 0,00% | 0,00% | 0%",,27ddías,3.513.120,3.513.120 | 3.513.120 | 3.513.120 | 3.513.120 | 3.513.120 | 0,Defensa
Altimira,Deportivo,-67.496 | -122.262 | -192.497 | -545.108 | -1.043.570 | -1.621.536,"-1,23% | -2,21% | -3,44% | -9,16% | -16,18% | -23,08%",,24ddías,5.405.506,5.473.002 | 5.527.768 | 5.598.003 | 5.950.614 | 6.449.076 | 7.027.042,Defensa
Fornals,Betis,-1.255.941 | -2.606.701 | -4.094.431 | -11.000.375 | -77.795.323 | -77.795.323,"-1,88% | -3,83% | -5,88% | -14,38% | 0% | 0%",,13ddías,65.493.977,66.749.918 | 68.100.678 | 69.588.408 | 76.494.352 | 0 | 0,Mediocampista
Joan Garcia,Barcelona,+1.539.757 | -65.806 | -1.785.109 | -1.785.109 | -1.785.109 | -1.722.970,"+3,29% | -0,14% | -3,56% | -3,56% | -3,56% | 0%",,1ddías,48.408.307,46.868.550 | 48.474.113 | 50.193.416 | 50.193.416 | 50.193.416 | 0,Portero
Fort,Barcelona,-101.113 | -200.692 | -295.201 | -762.396 | -762.396 | -756.146,"-2,32% | -4,50% | -6,48% | -15,19% | -15,19% | 0%",,6ddías,4.256.980,4.358.093 | 4.457.672 | 4.552.181 | 5.019.376 | 5.019.376 | 0,Defensa
Manu Sánchez,Levante,0 | 0 | 0 | 0 | -484.326 | -477.567,"0,00% | 0,00% | 0,00% | 0,00% | -8,04% | 0%",,5ddías,5.538.185,5.538.185 | 5.538.185 | 5.538.185 | 5.538.185 | 6.022.511 | 0,Defensa
Raúl García,Osasuna,-51.921 | -107.102 | -164.554 | -396.797 | -892.503 | -2.433.456,"-2,22% | -4,48% | -6,72% | -14,80% | -28,09% | -51,58%",,30ddías,2.284.700,2.336.621 | 2.391.802 | 2.449.254 | 2.681.497 | 3.177.203 | 4.718.156,Delantero
Kike Salas,Sevilla,-27.907 | -80.497 | -162.522 | -686.035 | -1.724.277 | -4.157.453,"-0,23% | -0,67% | -1,35% | -5,45% | -12,65% | -25,88%",,28ddías,11.904.361,11.932.268 | 11.984.858 | 12.066.883 | 12.590.396 | 13.628.638 | 16.061.814,Defensa
F. Carreras,Real Madrid,-369.872 | -750.496 | -1.160.834 | -2.889.540 | -6.173.610 | -13.990.631,"-2,28% | -4,53% | -6,83% | -15,44% | -28,06% | -46,93%",,30ddías,15.824.113,16.193.985 | 16.574.609 | 16.984.947 | 18.713.653 | 21.997.723 | 29.814.744,Defensa
Giuliano,Atlético,-1.018.518 | -2.054.072 | -2.994.147 | -3.878.885 | +1.882.814 | +17.162.024,"-1,96% | -3,88% | -5,55% | -7,07% | +3,84% | +50,80%",,6ddías,50.946.892,51.965.410 | 53.000.964 | 53.941.039 | 54.825.777 | 49.064.078 | 33.784.868,Delantero
Batalla,Rayo,+799.900 | +1.668.380 | +2.481.410 | +5.635.804 | +10.721.695 | +19.375.893,"+2,07% | +4,42% | +6,71% | +16,67% | +37,32% | +96,51%",,29ddías,39.453.160,38.653.260 | 37.784.780 | 36.971.750 | 33.817.356 | 28.731.465 | 20.077.267,Portero
Romero,Sevilla,-19.197 | -50.990 | -88.927 | -321.663 | -933.841 | -1.918.733,"-0,31% | -0,83% | -1,43% | -5,00% | -13,25% | -23,89%",,26ddías,6.112.173,6.131.370 | 6.163.163 | 6.201.100 | 6.433.836 | 7.046.014 | 8.030.906,Delantero
Cardoso,Atlético,-212.375 | -444.164 | -676.520 | -1.649.482 | -3.598.512 | -7.568.433,"-2,76% | -5,60% | -8,28% | -18,05% | -32,45% | -50,26%",,27ddías,7.489.517,7.701.892 | 7.933.681 | 8.166.037 | 9.138.999 | 11.088.029 | 15.057.950,Mediocampista
Moriba,Celta,+244.006 | +455.839 | +701.636 | +1.365.771 | +826.981 | -1.983.930,"+2,49% | +4,75% | +7,50% | +15,70% | +8,95% | -16,47%",,9ddías,10.062.429,9.818.423 | 9.606.590 | 9.360.793 | 8.696.658 | 9.235.448 | 12.046.359,Mediocampista
Agoume,Sevilla,-30.856 | -33.787 | -65.622 | -225.307 | -599.217 | -753.787,"-0,53% | -0,58% | -1,12% | -3,76% | -9,41% | -11,55%",,25ddías,5.771.324,5.802.180 | 5.805.111 | 5.836.946 | 5.996.631 | 6.370.541 | 6.525.111,Mediocampista
Guedes,Real Sociedad,-913.588 | -1.797.381 | -2.693.529 | -7.164.251 | -16.713.509 | -12.862.662,"-1,94% | -3,75% | -5,52% | -13,45% | -26,60% | 0%",,15ddías,46.118.593,47.032.181 | 47.915.974 | 48.812.122 | 53.282.844 | 62.832.102 | 0,Delantero
Thiago,Villarreal,0 | 0 | 0 | 0 | 0 | 0,0% | 0% | 0% | 0% | 0% | 0%,,36ddías,1.660.575,0 | 0 | 0 | 0 | 0 | 0,Mediocampista
Javi López,Real Sociedad,0 | 0 | 0 | 0 | 0 | 0,0% | 0% | 0% | 0% | 0% | 0%,,36ddías,1.656.670,0 | 0 | 0 | 0 | 0 | 0,Defensa
Lemar,Atlético,0 | 0 | 0 | 0 | 0 | 0,0% | 0% | 0% | 0% | 0% | 0%,,36ddías,1.680.630,0 | 0 | 0 | 0 | 0 | 0,Mediocampista
M. Alonso,Celta,0 | 0 | 0 | 0 | 0 | 0,0% | 0% | 0% | 0% | 0% | 0%,,36ddías,71.704.119,0 | 0 | 0 | 0 | 0 | 0,Defensa
Guido,Valencia,0 | 0 | 0 | 0 | 0 | 0,0% | 0% | 0% | 0% | 0% | 0%,,36ddías,1.925.541,0 | 0 | 0 | 0 | 0 | 0,Mediocampista
Rincón,Athletic,0 | 0 | 0 | 0 | 0 | 0,0% | 0% | 0% | 0% | 0% | 0%,,36ddías,1.658.593,0 | 0 | 0 | 0 | 0 | 0,Defensa
Forés,Villarreal,0 | 0 | 0 | 0 | 0 | 0,0% | 0% | 0% | 0% | 0% | 0%,,36ddías,1.653.899,0 | 0 | 0 | 0 | 0 | 0,Delantero
Carlos Espí,Real Madrid,0 | 0 | 0 | 0 | 0 | 0,0% | 0% | 0% | 0% | 0% | 0%,,36ddías,3.531.129,0 | 0 | 0 | 0 | 0 | 0,Delantero
Satriano,Getafe,0 | 0 | 0 | 0 | 0 | 0,0% | 0% | 0% | 0% | 0% | 0%,,36ddías,4.336.426,0 | 0 | 0 | 0 | 0 | 0,Delantero
Neyou,Getafe,0 | 0 | 0 | 0 | 0 | 0,0% | 0% | 0% | 0% | 0% | 0%,,185ddías,604.547,0 | 0 | 0 | 0 | 0 | 0,Mediocampista
Maras,Alavés,0 | 0 | 0 | 0 | 0 | 0,0% | 0% | 0% | 0% | 0% | 0%,,188ddías,590.024,0 | 0 | 0 | 0 | 0 | 0,Defensa
Goti,Real Sociedad,0 | 0 | 0 | 0 | 0 | 0,0% | 0% | 0% | 0% | 0% | 0%,,191ddías,590.263,0 | 0 | 0 | 0 | 0 | 0,Mediocampista
Diarra,Alavés,0 | 0 | 0 | 0 | 0 | 0,0% | 0% | 0% | 0% | 0% | 0%,,191ddías,591.470,0 | 0 | 0 | 0 | 0 | 0,Defensa
Ali Houary,Elche,0 | 0 | 0 | 0 | 0 | 0,0% | 0% | 0% | 0% | 0% | 0%,,195ddías,592.065,0 | 0 | 0 | 0 | 0 | 0,Delantero
Javier Hernández,Espanyol,0 | 0 | 0 | 0 | 0 | 0,0% | 0% | 0% | 0% | 0% | 0%,,209ddías,575.023,0 | 0 | 0 | 0 | 0 | 0,Delantero
Bauzà,Espanyol,0 | 0 | 0 | 0 | 0 | 0,0% | 0% | 0% | 0% | 0% | 0%,,337ddías,318.649,0 | 0 | 0 | 0 | 0 | 0,Mediocampista
Uche,Getafe,0 | 0 | 0 | 0 | 0 | 0,0% | 0% | 0% | 0% | 0% | 0%,,338ddías,12.405.015,0 | 0 | 0 | 0 | 0 | 0,Mediocampista
Pablo López,Valencia,0 | 0 | 0 | 0 | 0 | 0,0% | 0% | 0% | 0% | 0% | 0%,,338ddías,441.041,0 | 0 | 0 | 0 | 0 | 0,Delantero
Alberto Marí,Valencia,0 | 0 | 0 | 0 | 0 | 0,0% | 0% | 0% | 0% | 0% | 0%,,339ddías,787.986,0 | 0 | 0 | 0 | 0 | 0,Delantero
Novoa,Alavés,0 | 0 | 0 | 0 | 0 | 0,0% | 0% | 0% | 0% | 0% | 0%,,339ddías,661.162,0 | 0 | 0 | 0 | 0 | 0,Defensa
Pelayo,Rayo,0 | 0 | 0 | 0 | 0 | 0,0% | 0% | 0% | 0% | 0% | 0%,,339ddías,1.722.279,0 | 0 | 0 | 0 | 0 | 0,Defensa
Hinojo,Espanyol,0 | 0 | 0 | 0 | 0 | 0,0% | 0% | 0% | 0% | 0% | 0%,,343ddías,317.496,0 | 0 | 0 | 0 | 0 | 0,Defensa
Berrocal,Getafe,0 | 0 | 0 | 0 | 0 | 0,0% | 0% | 0% | 0% | 0% | 0%,,374ddías,1.058.833,0 | 0 | 0 | 0 | 0 | 0,Defensa
Owono,Alavés,0 | 0 | 0 | 0 | 0 | 0,0% | 0% | 0% | 0% | 0% | 0%,,374ddías,828.372,0 | 0 | 0 | 0 | 0 | 0,Portero
Djaló,Athletic,0 | 0 | 0 | 0 | 0 | 0,0% | 0% | 0% | 0% | 0% | 0%,,374ddías,8.434.683,0 | 0 | 0 | 0 | 0 | 0,Delantero
De Tomás,Rayo,0 | 0 | 0 | 0 | 0 | 0,0% | 0% | 0% | 0% | 0% | 0%,,378ddías,3.229.388,0 | 0 | 0 | 0 | 0 | 0,Delantero
Collado,Sevilla,0 | 0 | 0 | 0 | 0 | 0,0% | 0% | 0% | 0% | 0% | 0%,,398ddías,1.718.988,0 | 0 | 0 | 0 | 0 | 0,Mediocampista
Solà,Atlético,0 | 0 | 0 | 0 | 0 | 0,0% | 0% | 0% | 0% | 0% | 0%,,398ddías,1.640.523,0 | 0 | 0 | 0 | 0 | 0,Defensa
Córdoba,Valencia,0 | 0 | 0 | 0 | 0 | 0,0% | 0% | 0% | 0% | 0% | 0%,,398ddías,1.548.667,0 | 0 | 0 | 0 | 0 | 0,Defensa
Raúl Jiménez,Valencia,0 | 0 | 0 | 0 | 0 | 0,0% | 0% | 0% | 0% | 0% | 0%,,398ddías,1.561.503,0 | 0 | 0 | 0 | 0 | 0,Portero
Yaakobishvili,Barcelona,0 | 0 | 0 | 0 | 0 | 0,0% | 0% | 0% | 0% | 0% | 0%,,398ddías,1.639.280,0 | 0 | 0 | 0 | 0 | 0,Portero
Eneko Ortiz,Villarreal,0 | 0 | 0 | 0 | 0 | 0,0% | 0% | 0% | 0% | 0% | 0%,,398ddías,1.718.986,0 | 0 | 0 | 0 | 0 | 0,Defensa
Serred,Espanyol,0 | 0 | 0 | 0 | 0 | 0,0% | 0% | 0% | 0% | 0% | 0%,,398ddías,1.731.552,0 | 0 | 0 | 0 | 0 | 0,Portero
Carrillo,Celta,0 | 0 | 0 | 0 | 0 | 0,0% | 0% | 0% | 0% | 0% | 0%,,398ddías,1.567.556,0 | 0 | 0 | 0 | 0 | 0,Portero
Adrián,Alavés,0 | 0 | 0 | 0 | 0 | 0,0% | 0% | 0% | 0% | 0% | 0%,,398ddías,1.640.215,0 | 0 | 0 | 0 | 0 | 0,Portero
Cortés,Barcelona,0 | 0 | 0 | 0 | 0 | 0,0% | 0% | 0% | 0% | 0% | 0%,,398ddías,1.718.327,0 | 0 | 0 | 0 | 0 | 0,Defensa
Canales,Athletic,0 | 0 | 0 | 0 | 0 | 0,0% | 0% | 0% | 0% | 0% | 0%,,398ddías,1.623.251,0 | 0 | 0 | 0 | 0 | 0,Delantero
Eto'o,Rayo,0 | 0 | 0 | 0 | 0 | 0,0% | 0% | 0% | 0% | 0% | 0%,,398ddías,1.718.988,0 | 0 | 0 | 0 | 0 | 0,Delantero
Rivas,Real Madrid,0 | 0 | 0 | 0 | 0 | 0,0% | 0% | 0% | 0% | 0% | 0%,,398ddías,1.718.751,0 | 0 | 0 | 0 | 0 | 0,Defensa
Requena,Levante,0 | 0 | 0 | 0 | 0 | 0,0% | 0% | 0% | 0% | 0% | 0%,,398ddías,1.621.683,0 | 0 | 0 | 0 | 0 | 0,Mediocampista
Rupérez,Real Sociedad,0 | 0 | 0 | 0 | 0 | 0,0% | 0% | 0% | 0% | 0% | 0%,,398ddías,1.626.247,0 | 0 | 0 | 0 | 0 | 0,Defensa
Balda,Real Sociedad,0 | 0 | 0 | 0 | 0 | 0,0% | 0% | 0% | 0% | 0% | 0%,,398ddías,1.718.912,0 | 0 | 0 | 0 | 0 | 0,Defensa
Santana,Valencia,0 | 0 | 0 | 0 | 0 | 0,0% | 0% | 0% | 0% | 0% | 0%,,398ddías,1.723.821,0 | 0 | 0 | 0 | 0 | 0,Delantero
Olabarrieta,Athletic,0 | 0 | 0 | 0 | 0 | 0,0% | 0% | 0% | 0% | 0% | 0%,,398ddías,1.717.797,0 | 0 | 0 | 0 | 0 | 0,Delantero
Isra,Sevilla,0 | 0 | 0 | 0 | 0 | 0,0% | 0% | 0% | 0% | 0% | 0%,,398ddías,1.718.237,0 | 0 | 0 | 0 | 0 | 0,Delantero
Abril,Valencia,0 | 0 | 0 | 0 | 0 | 0,0% | 0% | 0% | 0% | 0% | 0%,,398ddías,1.728.051,0 | 0 | 0 | 0 | 0 | 0,Portero
De Llanos,Real Madrid,0 | 0 | 0 | 0 | 0 | 0,0% | 0% | 0% | 0% | 0% | 0%,,398ddías,1.622.168,0 | 0 | 0 | 0 | 0 | 0,Mediocampista
Busto,Betis,0 | 0 | 0 | 0 | 0 | 0,0% | 0% | 0% | 0% | 0% | 0%,,398ddías,1.621.161,0 | 0 | 0 | 0 | 0 | 0,Defensa
Carlos,Atlético,0 | 0 | 0 | 0 | 0 | 0,0% | 0% | 0% | 0% | 0% | 0%,,398ddías,1.718.547,0 | 0 | 0 | 0 | 0 | 0,Defensa
Medenica,Getafe,0 | 0 | 0 | 0 | 0 | 0,0% | 0% | 0% | 0% | 0% | 0%,,398ddías,1.560.264,0 | 0 | 0 | 0 | 0 | 0,Portero
Juan Cruz,Málaga,0 | 0 | 0 | 0 | 0 | 0,0% | 0% | 0% | 0% | 0% | 0%,,436ddías,19.968.443,0 | 0 | 0 | 0 | 0 | 0,Mediocampista
Morro,Rayo,0 | 0 | 0 | 0 | 0 | 0,0% | 0% | 0% | 0% | 0% | 0%,,702ddías,723.425,0 | 0 | 0 | 0 | 0 | 0,Portero
Mandi,Levante,0 | 0 | 0 | 0 | 0 | 0,0% | 0% | 0% | 0% | 0% | 0%,,719ddías,1.879.755,0 | 0 | 0 | 0 | 0 | 0,Defensa
Miguel,Alavés,0 | 0 | 0 | 0 | 0 | 0,0% | 0% | 0% | 0% | 0% | 0%,,720ddías,679.761,0 | 0 | 0 | 0 | 0 | 0,Delantero
Joseda,Alavés,0 | 0 | 0 | 0 | 0 | 0,0% | 0% | 0% | 0% | 0% | 0%,,764ddías,300.000,0 | 0 | 0 | 0 | 0 | 0,Defensa
Mendes,Alavés,0 | 0 | 0 | 0 | 0 | 0,0% | 0% | 0% | 0% | 0% | 0%,,765ddías,500.000,0 | 0 | 0 | 0 | 0 | 0,Mediocampista
Mario,Valencia,0 | 0 | 0 | 0 | 0 | 0,0% | 0% | 0% | 0% | 0% | 0%,,765ddías,500.000,0 | 0 | 0 | 0 | 0 | 0,Delantero
Diallo,Alavés,0 | 0 | 0 | 0 | 0 | 0,0% | 0% | 0% | 0% | 0% | 0%,,765ddías,1.000.000,0 | 0 | 0 | 0 | 0 | 0,Mediocampista
Ian Forns,Betis,0 | 0 | 0 | 0 | 0 | 0,0% | 0% | 0% | 0% | 0% | 0%,,765ddías,500.000,0 | 0 | 0 | 0 | 0 | 0,Defensa
Mario,Valencia,0 | 0 | 0 | 0 | 0 | 0,0% | 0% | 0% | 0% | 0% | 0%,,1ddías,760.408,0 | 0 | 0 | 0 | 0 | 0,Mediocampista