Jugador,Equipo,DiferenciaDif.,% Dif,Acel.,Tend.,Valor,Valor ant.Ant.,Posición
Karrikaburu,Real Sociedad,-10.901 | -21.882 | -32.185 | -83.284 | -193.217 | -576.587,"-1,77% | -3,50% | -5,06% | -12,12% | -24,24% | -48,85%",,37ddías,603.778,614.679 | 625.660 | 635.963 | 687.062 | 796.995 | 1.180.365,Delantero
Sancris,Getafe,-13.878 | -27.960 | -41.493 | -106.918 | -247.962 | -747.188,"-2,01% | -3,98% | -5,79% | -13,67% | -26,86% | -52,53%",,37ddías,675.231,689.109 | 703.191 | 716.724 | 782.149 | 923.193 | 1.422.419,Delantero
Bardghji,Barcelona,-110.314 | -212.037 | -297.523 | -716.700 | -1.506.285 | -1.506.285,"-3,22% | -6,02% | -8,24% | -17,79% | -31,26% | -31,26%",,13ddías,3.312.280,3.422.594 | 3.524.317 | 3.609.803 | 4.028.980 | 4.818.565 | 4.818.565,Delantero
Adam Boayar,Elche,0 | 0 | 0 | 0 | 0 | 0,"0,00% | 0,00% | 0,00% | 0,00% | 0,00% | 0,00%",,34ddías,702.711,702.711 | 702.711 | 702.711 | 702.711 | 702.711 | 702.711,Mediocampista
Santos,Athletic,0 | 0 | 0 | 0 | 0 | 0,"0,00% | 0,00% | 0,00% | 0,00% | 0,00% | 0,00%",,34ddías,702.606,702.606 | 702.606 | 702.606 | 702.606 | 702.606 | 702.606,Portero
Laporte,Athletic,-1.425.743 | -2.528.937 | -2.940.039 | -259.767 | +10.387.775 | +35.818.705,"-2,41% | -4,19% | -4,84% | -0,45% | +21,89% | +162,62%",,3ddías,57.844.684,59.270.427 | 60.373.621 | 60.784.723 | 58.104.451 | 47.456.909 | 22.025.979,Defensa
Alemão,Rayo,-48.820 | -104.513 | -169.543 | -444.997 | -973.537 | -2.599.543,"-1,28% | -2,69% | -4,29% | -10,54% | -20,49% | -40,76%",,37ddías,3.778.578,3.827.398 | 3.883.091 | 3.948.121 | 4.223.575 | 4.752.115 | 6.378.121,Delantero
Diangana,Elche,-30.852 | -55.523 | -81.126 | -184.039 | -386.236 | -1.163.877,"-2,30% | -4,07% | -5,84% | -12,33% | -22,79% | -47,07%",,37ddías,1.308.832,1.339.684 | 1.364.355 | 1.389.958 | 1.492.871 | 1.695.068 | 2.472.709,Delantero
Krug,Levante,0 | 0 | 0 | 0 | 0 | 0,"0,00% | 0,00% | 0,00% | 0,00% | 0,00% | 0,00%",,34ddías,602.249,602.249 | 602.249 | 602.249 | 602.249 | 602.249 | 602.249,Defensa
Mikautadze,Villarreal,+1.085.296 | +2.388.370 | +3.344.906 | +6.218.228 | +8.224.128 | +13.562.438,"+1,83% | +4,12% | +5,87% | +11,49% | +15,78% | +28,98%",,30ddías,60.355.795,59.270.499 | 57.967.425 | 57.010.889 | 54.137.567 | 52.131.667 | 46.793.357,Delantero
Navarro,Valencia,0 | 0 | 0 | 0 | 0 | 0,"0,00% | 0,00% | 0,00% | 0,00% | 0,00% | 0,00%",,34ddías,501.909,501.909 | 501.909 | 501.909 | 501.909 | 501.909 | 501.909,Defensa
Cardoso,Sevilla,-23.328 | -47.254 | -71.041 | -174.590 | -391.234 | -1.120.923,"-2,52% | -4,98% | -7,30% | -16,22% | -30,25% | -55,41%",,37ddías,902.015,925.343 | 949.269 | 973.056 | 1.076.605 | 1.293.249 | 2.022.938,Defensa
Oso,Sevilla,0 | 0 | 0 | 0 | 0 | 0,"0,00% | 0,00% | 0,00% | 0,00% | 0,00% | 0,00%",,34ddías,14.053.332,14.053.332 | 14.053.332 | 14.053.332 | 14.053.332 | 14.053.332 | 14.053.332,Defensa
Álex Costa,Sevilla,0 | 0 | 0 | 0 | 0 | 0,"0,00% | 0,00% | 0,00% | 0,00% | 0,00% | 0,00%",,34ddías,602.284,602.284 | 602.284 | 602.284 | 602.284 | 602.284 | 602.284,Delantero
Folgado,Real Sociedad,0 | 0 | 0 | 0 | 0 | 0,"0,00% | 0,00% | 0,00% | 0,00% | 0,00% | 0,00%",,34ddías,702.606,702.606 | 702.606 | 702.606 | 702.606 | 702.606 | 702.606,Portero
Carlos Soler,Real Sociedad,+138.253 | +109.594 | +47.954 | -654.989 | -2.408.369 | -7.360.321,"+0,45% | +0,36% | +0,16% | -2,08% | -7,24% | -19,26%",,1ddías,30.858.801,30.720.548 | 30.749.207 | 30.810.847 | 31.513.790 | 33.267.170 | 38.219.122,Mediocampista
Riedel,Espanyol,-81.195 | -162.875 | -227.829 | -701.622 | -701.622 | -701.622,"-1,66% | -3,27% | -4,51% | -12,71% | -12,71% | -12,71%",,7ddías,4.818.996,4.900.191 | 4.981.871 | 5.046.825 | 5.520.618 | 5.520.618 | 5.520.618,Defensa
Martínez Bastida,Elche,0 | 0 | 0 | 0 | 0 | 0,"0,00% | 0,00% | 0,00% | 0,00% | 0,00% | 0,00%",,34ddías,602.324,602.324 | 602.324 | 602.324 | 602.324 | 602.324 | 602.324,Mediocampista
Altozano,Sevilla,0 | 0 | 0 | 0 | 0 | 0,"0,00% | 0,00% | 0,00% | 0,00% | 0,00% | 0,00%",,34ddías,602.284,602.284 | 602.284 | 602.284 | 602.284 | 602.284 | 602.284,Mediocampista
Josan,Elche,0 | 0 | 0 | 0 | 0 | 0,"0,00% | 0,00% | 0,00% | 0,00% | 0,00% | 0,00%",,34ddías,1.204.650,1.204.650 | 1.204.650 | 1.204.650 | 1.204.650 | 1.204.650 | 1.204.650,Mediocampista
Davinchi,Getafe,0 | 0 | 0 | 0 | 0 | 0,"0,00% | 0,00% | 0,00% | 0,00% | 0,00% | 0,00%",,34ddías,3.011.603,3.011.603 | 3.011.603 | 3.011.603 | 3.011.603 | 3.011.603 | 3.011.603,Defensa
Thiago,Real Madrid,0 | 0 | 0 | 0 | 0 | 0,"0,00% | 0,00% | 0,00% | 0,00% | 0,00% | 0,00%",,34ddías,7.026.082,7.026.082 | 7.026.082 | 7.026.082 | 7.026.082 | 7.026.082 | 7.026.082,Mediocampista
Veiga,Villarreal,-827.489 | -1.513.755 | -2.199.320 | -2.445.985 | +1.930.820 | +14.308.821,"-1,96% | -3,53% | -5,05% | -5,58% | +4,89% | +52,85%",,5ddías,41.384.324,42.211.813 | 42.898.079 | 43.583.644 | 43.830.309 | 39.453.504 | 27.075.503,Defensa
Corralejo,Betis,0 | 0 | 0 | 0 | 0 | 0,"0,00% | 0,00% | 0,00% | 0,00% | 0,00% | 0,00%",,34ddías,602.248,602.248 | 602.248 | 602.248 | 602.248 | 602.248 | 602.248,Mediocampista
Nacho Pérez,Levante,0 | 0 | 0 | 0 | 0 | 0,"0,00% | 0,00% | 0,00% | 0,00% | 0,00% | 0,00%",,34ddías,581.692,581.692 | 581.692 | 581.692 | 581.692 | 581.692 | 581.692,Defensa
Sierra,Sevilla,0 | 0 | 0 | 0 | 0 | 0,"0,00% | 0,00% | 0,00% | 0,00% | 0,00% | 0,00%",,34ddías,602.284,602.284 | 602.284 | 602.284 | 602.284 | 602.284 | 602.284,Delantero
Montero,Alavés,0 | 0 | 0 | 0 | 0 | 0,"0,00% | 0,00% | 0,00% | 0,00% | 0,00% | 0,00%",,34ddías,602.316,602.316 | 602.316 | 602.316 | 602.316 | 602.316 | 602.316,Portero
Blázquez,Valencia,0 | 0 | 0 | 0 | 0 | 0,"0,00% | 0,00% | 0,00% | 0,00% | 0,00% | 0,00%",,34ddías,581.656,581.656 | 581.656 | 581.656 | 581.656 | 581.656 | 581.656,Delantero
Suazo,Sevilla,-9.560 | -44.316 | -74.879 | -359.186 | -980.889 | -2.922.154,"-0,18% | -0,81% | -1,37% | -6,24% | -15,38% | -35,12%",,37ddías,5.398.093,5.407.653 | 5.442.409 | 5.472.972 | 5.757.279 | 6.378.982 | 8.320.247,Defensa
Ryan,Levante,0 | 0 | 0 | 0 | 0 | 0,"0,00% | 0,00% | 0,00% | 0,00% | 0,00% | 0,00%",,34ddías,13.550.652,13.550.652 | 13.550.652 | 13.550.652 | 13.550.652 | 13.550.652 | 13.550.652,Portero
Arriaga,Levante,-48.354 | -101.903 | -157.688 | -414.774 | -959.865 | -2.686.028,"-1,75% | -3,61% | -5,48% | -13,22% | -26,07% | -49,67%",,37ddías,2.721.757,2.770.111 | 2.823.660 | 2.879.445 | 3.136.531 | 3.681.622 | 5.407.785,Mediocampista
Vlachodimos,Sevilla,+543.174 | +1.027.531 | +1.479.584 | +2.797.630 | +1.783.968 | +1.783.968,"+3,33% | +6,50% | +9,63% | +19,92% | +11,85% | +11,85%",,7ddías,16.840.447,16.297.273 | 15.812.916 | 15.360.863 | 14.042.817 | 15.056.479 | 15.056.479,Portero
Oluwaseyi,Villarreal,-61.103 | -116.904 | -176.423 | -459.126 | -1.037.650 | -2.909.922,"-2,04% | -3,83% | -5,66% | -13,51% | -26,09% | -49,75%",,37ddías,2.938.955,3.000.058 | 3.055.859 | 3.115.378 | 3.398.081 | 3.976.605 | 5.848.877,Delantero
Taufik,Atlético,0 | 0 | 0 | 0 | 0 | 0,"0,00% | 0,00% | 0,00% | 0,00% | 0,00% | 0,00%",,34ddías,602.316,602.316 | 602.316 | 602.316 | 602.316 | 602.316 | 602.316,Mediocampista
Aller,Barcelona,0 | 0 | 0 | 0 | 0 | 0,"0,00% | 0,00% | 0,00% | 0,00% | 0,00% | 0,00%",,34ddías,702.705,702.705 | 702.705 | 702.705 | 702.705 | 702.705 | 702.705,Portero
Mendoza,Atlético,-6.173 | -11.908 | -18.433 | -61.925 | -148.056 | -506.451,"-0,71% | -1,36% | -2,09% | -6,69% | -14,62% | -36,95%",,37ddías,864.355,870.528 | 876.263 | 882.788 | 926.280 | 1.012.411 | 1.370.806,Mediocampista
Yassin,Getafe,0 | 0 | 0 | 0 | 0 | 0,"0,00% | 0,00% | 0,00% | 0,00% | 0,00% | 0,00%",,34ddías,501.932,501.932 | 501.932 | 501.932 | 501.932 | 501.932 | 501.932,Defensa
Hierro,Athletic,0 | 0 | 0 | 0 | 0 | 0,"0,00% | 0,00% | 0,00% | 0,00% | 0,00% | 0,00%",,34ddías,602.257,602.257 | 602.257 | 602.257 | 602.257 | 602.257 | 602.257,Delantero
Aitor Mañas,Alavés,0 | 0 | 0 | 0 | 0 | 0,"0,00% | 0,00% | 0,00% | 0,00% | 0,00% | 0,00%",,34ddías,562.164,562.164 | 562.164 | 562.164 | 562.164 | 562.164 | 562.164,Delantero
Izei,Alavés,0 | 0 | 0 | 0 | 0 | 0,"0,00% | 0,00% | 0,00% | 0,00% | 0,00% | 0,00%",,34ddías,582.010,582.010 | 582.010 | 582.010 | 582.010 | 582.010 | 582.010,Mediocampista
Oláiz,Alavés,0 | 0 | 0 | 0 | 0 | 0,"0,00% | 0,00% | 0,00% | 0,00% | 0,00% | 0,00%",,34ddías,602.316,602.316 | 602.316 | 602.316 | 602.316 | 602.316 | 602.316,Defensa
Iker Muñoz,Sevilla,0 | 0 | 0 | 0 | 0 | 0,"0,00% | 0,00% | 0,00% | 0,00% | 0,00% | 0,00%",,34ddías,602.284,602.284 | 602.284 | 602.284 | 602.284 | 602.284 | 602.284,Defensa
Joan Martínez,Real Madrid,0 | 0 | 0 | 0 | 0 | 0,"0,00% | 0,00% | 0,00% | 0,00% | 0,00% | 0,00%",,34ddías,702.622,702.622 | 702.622 | 702.622 | 702.622 | 702.622 | 702.622,Defensa
Unai Santos,Osasuna,0 | 0 | 0 | 0 | 0 | 0,"0,00% | 0,00% | 0,00% | 0,00% | 0,00% | 0,00%",,34ddías,602.319,602.319 | 602.319 | 602.319 | 602.319 | 602.319 | 602.319,Defensa
Carlos Macià,Villarreal,0 | 0 | 0 | 0 | 0 | 0,"0,00% | 0,00% | 0,00% | 0,00% | 0,00% | 0,00%",,34ddías,803.057,803.057 | 803.057 | 803.057 | 803.057 | 803.057 | 803.057,Mediocampista
Carrera,Real Sociedad,0 | 0 | 0 | 0 | 0 | 0,"0,00% | 0,00% | 0,00% | 0,00% | 0,00% | 0,00%",,34ddías,702.633,702.633 | 702.633 | 702.633 | 702.633 | 702.633 | 702.633,Delantero
Rosón,Levante,0 | 0 | 0 | 0 | 0 | 0,"0,00% | 0,00% | 0,00% | 0,00% | 0,00% | 0,00%",,34ddías,602.249,602.249 | 602.249 | 602.249 | 602.249 | 602.249 | 602.249,Mediocampista
Nakoha,Levante,0 | 0 | 0 | 0 | 0 | 0,"0,00% | 0,00% | 0,00% | 0,00% | 0,00% | 0,00%",,34ddías,501.874,501.874 | 501.874 | 501.874 | 501.874 | 501.874 | 501.874,Defensa
Jurado,Valencia,0 | 0 | 0 | 0 | 0 | 0,"0,00% | 0,00% | 0,00% | 0,00% | 0,00% | 0,00%",,34ddías,602.292,602.292 | 602.292 | 602.292 | 602.292 | 602.292 | 602.292,Defensa
Panach,Valencia,0 | 0 | 0 | 0 | 0 | 0,"0,00% | 0,00% | 0,00% | 0,00% | 0,00% | 0,00%",,34ddías,501.909,501.909 | 501.909 | 501.909 | 501.909 | 501.909 | 501.909,Defensa
Marchal,Real Sociedad,0 | 0 | 0 | 0 | 0 | 0,"0,00% | 0,00% | 0,00% | 0,00% | 0,00% | 0,00%",,34ddías,602.234,602.234 | 602.234 | 602.234 | 602.234 | 602.234 | 602.234,Mediocampista
Al Lal,Elche,0 | 0 | 0 | 0 | 0 | 0,"0,00% | 0,00% | 0,00% | 0,00% | 0,00% | 0,00%",,34ddías,501.936,501.936 | 501.936 | 501.936 | 501.936 | 501.936 | 501.936,Delantero
Ballestero,Alavés,0 | 0 | 0 | 0 | 0 | 0,"0,00% | 0,00% | 0,00% | 0,00% | 0,00% | 0,00%",,34ddías,602.316,602.316 | 602.316 | 602.316 | 602.316 | 602.316 | 602.316,Defensa
Javi Navarro,Real Madrid,0 | 0 | 0 | 0 | 0 | 0,"0,00% | 0,00% | 0,00% | 0,00% | 0,00% | 0,00%",,34ddías,702.622,702.622 | 702.622 | 702.622 | 702.622 | 702.622 | 702.622,Portero
Monreal,Athletic,0 | 0 | 0 | 0 | 0 | 0,"0,00% | 0,00% | 0,00% | 0,00% | 0,00% | 0,00%",,34ddías,602.257,602.257 | 602.257 | 602.257 | 602.257 | 602.257 | 602.257,Defensa
Adrián Pérez,Athletic,0 | 0 | 0 | 0 | 0 | 0,"0,00% | 0,00% | 0,00% | 0,00% | 0,00% | 0,00%",,34ddías,602.257,602.257 | 602.257 | 602.257 | 602.257 | 602.257 | 602.257,Delantero
Juan Hernández,Barcelona,0 | 0 | 0 | 0 | 0 | 0,"0,00% | 0,00% | 0,00% | 0,00% | 0,00% | 0,00%",,34ddías,581.760,581.760 | 581.760 | 581.760 | 581.760 | 581.760 | 581.760,Mediocampista
Espart,Barcelona,0 | 0 | 0 | 0 | 0 | 0,"0,00% | 0,00% | 0,00% | 0,00% | 0,00% | 0,00%",,34ddías,702.705,702.705 | 702.705 | 702.705 | 702.705 | 702.705 | 702.705,Defensa
Benito,Getafe,0 | 0 | 0 | 0 | 0 | 0,"0,00% | 0,00% | 0,00% | 0,00% | 0,00% | 0,00%",,34ddías,602.319,602.319 | 602.319 | 602.319 | 602.319 | 602.319 | 602.319,Portero
Aleksandrov,Getafe,0 | 0 | 0 | 0 | 0 | 0,"0,00% | 0,00% | 0,00% | 0,00% | 0,00% | 0,00%",,34ddías,602.319,602.319 | 602.319 | 602.319 | 602.319 | 602.319 | 602.319,Delantero
Beitia,Real Sociedad,0 | 0 | 0 | 0 | 0 | 0,"0,00% | 0,00% | 0,00% | 0,00% | 0,00% | 0,00%",,34ddías,501.861,501.861 | 501.861 | 501.861 | 501.861 | 501.861 | 501.861,Defensa
Óscar Marcos,Celta,0 | 0 | 0 | 0 | 0 | 0,"0,00% | 0,00% | 0,00% | 0,00% | 0,00% | 0,00%",,34ddías,602.257,602.257 | 602.257 | 602.257 | 602.257 | 602.257 | 602.257,Delantero
Lebarbier,Real Sociedad,0 | 0 | 0 | 0 | 0 | 0,"0,00% | 0,00% | 0,00% | 0,00% | 0,00% | 0,00%",,34ddías,602.234,602.234 | 602.234 | 602.234 | 602.234 | 602.234 | 602.234,Defensa
Barry,Villarreal,0 | 0 | 0 | 0 | 0 | 0,"0,00% | 0,00% | 0,00% | 0,00% | 0,00% | 0,00%",,34ddías,602.292,602.292 | 602.292 | 602.292 | 602.292 | 602.292 | 602.292,Mediocampista
Delgado,Elche,0 | 0 | 0 | 0 | 0 | 0,"0,00% | 0,00% | 0,00% | 0,00% | 0,00% | 0,00%",,34ddías,602.324,602.324 | 602.324 | 602.324 | 602.324 | 602.324 | 602.324,Defensa
Álvaro,Alavés,0 | 0 | 0 | 0 | 0 | 0,"0,00% | 0,00% | 0,00% | 0,00% | 0,00% | 0,00%",,34ddías,501.929,501.929 | 501.929 | 501.929 | 501.929 | 501.929 | 501.929,Defensa
Selton,Athletic,0 | 0 | 0 | 0 | 0 | 0,"0,00% | 0,00% | 0,00% | 0,00% | 0,00% | 0,00%",,34ddías,602.257,602.257 | 602.257 | 602.257 | 602.257 | 602.257 | 602.257,Mediocampista
Meixús,Celta,0 | 0 | 0 | 0 | 0 | 0,"0,00% | 0,00% | 0,00% | 0,00% | 0,00% | 0,00%",,34ddías,485.372,485.372 | 485.372 | 485.372 | 485.372 | 485.372 | 485.372,Defensa
Echegoyen,Osasuna,0 | 0 | 0 | 0 | 0 | 0,"0,00% | 0,00% | 0,00% | 0,00% | 0,00% | 0,00%",,34ddías,562.286,562.286 | 562.286 | 562.286 | 562.286 | 562.286 | 562.286,Mediocampista
Niculaesei,Elche,0 | 0 | 0 | 0 | 0 | 0,"0,00% | 0,00% | 0,00% | 0,00% | 0,00% | 0,00%",,34ddías,803.099,803.099 | 803.099 | 803.099 | 803.099 | 803.099 | 803.099,Defensa
Boñar,Atlético,-4.293 | -8.390 | -11.522 | -30.824 | -70.945 | -194.493,"-0,96% | -1,85% | -2,52% | -6,48% | -13,75% | -30,41%",,31ddías,445.175,449.468 | 453.565 | 456.697 | 475.999 | 516.120 | 639.668,Defensa
Fortuny,Real Madrid,0 | 0 | 0 | 0 | 0 | 0,"0,00% | 0,00% | 0,00% | 0,00% | 0,00% | 0,00%",,34ddías,602.234,602.234 | 602.234 | 602.234 | 602.234 | 602.234 | 602.234,Mediocampista
Huijsen,Real Madrid,+80.166 | -182.259 | -687.024 | -3.053.700 | -5.770.620 | -14.230.150,"+0,26% | -0,60% | -2,21% | -9,12% | -15,93% | -31,85%",,1ddías,30.443.693,30.363.527 | 30.625.952 | 31.130.717 | 33.497.393 | 36.214.313 | 44.673.843,Defensa
Ruggeri,Atlético,-144.050 | -288.643 | -437.383 | -876.492 | -1.468.797 | -3.418.695,"-2,18% | -4,28% | -6,34% | -11,95% | -18,53% | -34,61%",,31ddías,6.458.665,6.602.715 | 6.747.308 | 6.896.048 | 7.335.157 | 7.927.462 | 9.877.360,Defensa
Salinas,Málaga,0 | 0 | 0 | 0 | 0 | -503.180,"0,00% | 0,00% | 0,00% | 0,00% | 0,00% | -31,98%",,12ddías,1.070.070,1.070.070 | 1.070.070 | 1.070.070 | 1.070.070 | 1.070.070 | 1.573.250,Defensa
Iván Romero,Levante,+99.408 | +132.143 | +130.870 | +16.597 | -201.075 | -1.187.837,"+1,45% | +1,93% | +1,92% | +0,24% | -2,81% | -14,57%",,2ddías,6.962.996,6.863.588 | 6.830.853 | 6.832.126 | 6.946.399 | 7.164.071 | 8.150.833,Delantero
De la Fuente,Levante,0 | 0 | 0 | 0 | 0 | 0,"0,00% | 0,00% | 0,00% | 0,00% | 0,00% | 0,00%",,34ddías,14.052.528,14.052.528 | 14.052.528 | 14.052.528 | 14.052.528 | 14.052.528 | 14.052.528,Defensa
Aguado,Elche,-9.832 | -22.040 | -36.558 | -123.724 | -409.734 | -1.863.420,"-0,28% | -0,63% | -1,04% | -3,43% | -10,51% | -34,83%",,37ddías,3.487.231,3.497.063 | 3.509.271 | 3.523.789 | 3.610.955 | 3.896.965 | 5.350.651,Mediocampista
Sivera,Alavés,+460.606 | +933.013 | +1.556.580 | +4.458.706 | +9.283.443 | +15.433.843,"+1,51% | +3,11% | +5,30% | +16,85% | +42,91% | +99,68%",,35ddías,30.917.546,30.456.940 | 29.984.533 | 29.360.966 | 26.458.840 | 21.634.103 | 15.483.703,Portero
Á. Núñez,Celta,-55.835 | -113.958 | -178.000 | -470.927 | -1.108.060 | -2.795.935,"-1,44% | -2,90% | -4,45% | -10,97% | -22,48% | -42,26%",,34ddías,3.820.873,3.876.708 | 3.934.831 | 3.998.873 | 4.291.800 | 4.928.933 | 6.616.808,Defensa
Affengruber,Elche,+180.906 | +432.457 | +668.587 | +2.512.517 | +7.213.296 | +13.431.214,"+0,54% | +1,31% | +2,04% | +8,13% | +27,51% | +67,16%",,29ddías,33.431.214,33.250.308 | 32.998.757 | 32.762.627 | 30.918.697 | 26.217.918 | 20.000.000,Defensa
Febas,Celta,+206.600 | +293.765 | +288.482 | -1.701.303 | -1.701.303 | -1.701.303,"+0,89% | +1,27% | +1,25% | -6,78% | -6,78% | -6,78%",,2ddías,23.395.585,23.188.985 | 23.101.820 | 23.107.103 | 25.096.888 | 25.096.888 | 25.096.888,Mediocampista
John ChetauyaJohn C.,Elche,-16.323 | -32.952 | -49.137 | -118.000 | -282.451 | -856.795,"-2,18% | -4,30% | -6,28% | -13,85% | -27,79% | -53,86%",,37ddías,733.890,750.213 | 766.842 | 783.027 | 851.890 | 1.016.341 | 1.590.685,Defensa
Bambo,Elche,-27.316 | -53.860 | -82.393 | -212.586 | +491.544 | +491.544,"-2,33% | -4,49% | -6,71% | -15,65% | 0% | 0%",,9ddías,1.146.009,1.173.325 | 1.199.869 | 1.228.402 | 1.358.595 | 0 | 0,Defensa
Vencedor,Athletic,0 | 0 | 0 | 0 | 0 | 0,"0,00% | 0,00% | 0,00% | 0,00% | 0,00% | 0,00%",,34ddías,2.208.253,2.208.253 | 2.208.253 | 2.208.253 | 2.208.253 | 2.208.253 | 2.208.253,Mediocampista
Youssef,Alavés,-1.909 | -5.138 | -10.188 | -37.995 | -96.787 | -275.369,"-0,38% | -1,03% | -2,02% | -7,14% | -16,37% | -35,77%",,29ddías,494.451,496.360 | 499.589 | 504.639 | 532.446 | 591.238 | 769.820,Defensa
Molina,Rayo,0 | 0 | 0 | 0 | 0 | 0,"0,00% | 0,00% | 0,00% | 0,00% | 0,00% | 0,00%",,34ddías,602.234,602.234 | 602.234 | 602.234 | 602.234 | 602.234 | 602.234,Portero
Jonny,Alavés,-16.175 | -59.462 | -108.202 | -351.022 | -863.129 | -3.183.021,"-0,29% | -1,07% | -1,93% | -6,00% | -13,58% | -36,68%",,33ddías,5.494.772,5.510.947 | 5.554.234 | 5.602.974 | 5.845.794 | 6.357.901 | 8.677.793,Defensa
Fran González,Sevilla,-970 | -14.481 | -28.205 | -28.205 | -28.205 | -28.205,"-0,14% | -2,10% | -4,01% | -4,01% | -4,01% | -4,01%",,3ddías,674.417,675.387 | 688.898 | 702.622 | 702.622 | 702.622 | 702.622,Portero
Mendy,Rayo,0 | 0 | 0 | 0 | 0 | 0,"0,00% | 0,00% | 0,00% | 0,00% | 0,00% | 0,00%",,34ddías,6.022.356,6.022.356 | 6.022.356 | 6.022.356 | 6.022.356 | 6.022.356 | 6.022.356,Defensa
Ortiz,Betis,0 | 0 | 0 | 0 | 0 | 0,"0,00% | 0,00% | 0,00% | 0,00% | 0,00% | 0,00%",,34ddías,1.706.372,1.706.372 | 1.706.372 | 1.706.372 | 1.706.372 | 1.706.372 | 1.706.372,Defensa
Osambela,Osasuna,0 | 0 | 0 | 0 | 0 | 0,"0,00% | 0,00% | 0,00% | 0,00% | 0,00% | 0,00%",,34ddías,501.932,501.932 | 501.932 | 501.932 | 501.932 | 501.932 | 501.932,Mediocampista
Juanpe,Rayo,0 | 0 | 0 | 0 | 0 | 0,"0,00% | 0,00% | 0,00% | 0,00% | 0,00% | 0,00%",,34ddías,602.234,602.234 | 602.234 | 602.234 | 602.234 | 602.234 | 602.234,Portero
Yáñez,Real Madrid,0 | 0 | 0 | 0 | 0 | 0,"0,00% | 0,00% | 0,00% | 0,00% | 0,00% | 0,00%",,34ddías,702.606,702.606 | 702.606 | 702.606 | 702.606 | 702.606 | 702.606,Delantero
D. Aguado,Real Madrid,0 | 0 | 0 | 0 | 0 | 0,"0,00% | 0,00% | 0,00% | 0,00% | 0,00% | 0,00%",,34ddías,774.109,774.109 | 774.109 | 774.109 | 774.109 | 774.109 | 774.109,Defensa
Mariezkurrena,Real Sociedad,0 | 0 | 0 | 0 | 0 | 0,"0,00% | 0,00% | 0,00% | 0,00% | 0,00% | 0,00%",,34ddías,677.966,677.966 | 677.966 | 677.966 | 677.966 | 677.966 | 677.966,Delantero
Arguibide,Osasuna,0 | 0 | 0 | 0 | 0 | 0,"0,00% | 0,00% | 0,00% | 0,00% | 0,00% | 0,00%",,34ddías,582.013,582.013 | 582.013 | 582.013 | 582.013 | 582.013 | 582.013,Defensa
Castrín,Sevilla,0 | 0 | 0 | 0 | 0 | 0,"0,00% | 0,00% | 0,00% | 0,00% | 0,00% | 0,00%",,34ddías,4.823.016,4.823.016 | 4.823.016 | 4.823.016 | 4.823.016 | 4.823.016 | 4.823.016,Defensa
Rafa,Sevilla,0 | 0 | 0 | 0 | 0 | 0,"0,00% | 0,00% | 0,00% | 0,00% | 0,00% | 0,00%",,34ddías,602.257,602.257 | 602.257 | 602.257 | 602.257 | 602.257 | 602.257,Portero
Diatta,Villarreal,0 | 0 | 0 | 0 | 0 | 0,"0,00% | 0,00% | 0,00% | 0,00% | 0,00% | 0,00%",,34ddías,581.656,581.656 | 581.656 | 581.656 | 581.656 | 581.656 | 581.656,Mediocampista
Swiderski,Alavés,0 | 0 | 0 | 0 | 0 | 0,"0,00% | 0,00% | 0,00% | 0,00% | 0,00% | 0,00%",,34ddías,602.316,602.316 | 602.316 | 602.316 | 602.316 | 602.316 | 602.316,Portero
Pablo García,Betis,0 | 0 | 0 | 0 | 0 | 0,"0,00% | 0,00% | 0,00% | 0,00% | 0,00% | 0,00%",,34ddías,2.509.371,2.509.371 | 2.509.371 | 2.509.371 | 2.509.371 | 2.509.371 | 2.509.371,Delantero
Bekhoucha,Getafe,0 | 0 | 0 | 0 | 0 | 0,"0,00% | 0,00% | 0,00% | 0,00% | 0,00% | 0,00%",,34ddías,1.104.254,1.104.254 | 1.104.254 | 1.104.254 | 1.104.254 | 1.104.254 | 1.104.254,Defensa
Alexander-Arnold,Real Madrid,-265.835 | -511.240 | -809.823 | -1.860.724 | -4.173.151 | -12.860.857,"-1,10% | -2,10% | -3,28% | -7,23% | -14,88% | -35,01%",,37ddías,23.875.319,24.141.154 | 24.386.559 | 24.685.142 | 25.736.043 | 28.048.470 | 36.736.176,Defensa
Luiz Felipe,Rayo,0 | 0 | 0 | 0 | 0 | 0,"0,00% | 0,00% | 0,00% | 0,00% | 0,00% | 0,00%",,34ddías,4.115.277,4.115.277 | 4.115.277 | 4.115.277 | 4.115.277 | 4.115.277 | 4.115.277,Defensa
Rueda,Celta,+99.860 | +161.291 | +206.691 | +261.961 | +84.847 | -878.216,"+2,61% | +4,29% | +5,57% | +7,16% | +2,21% | -18,30%",,6ddías,3.919.717,3.819.857 | 3.758.426 | 3.713.026 | 3.657.756 | 3.834.870 | 4.797.933,Defensa
Pinillos,Alavés,0 | 0 | 0 | 0 | 0 | 0,"0,00% | 0,00% | 0,00% | 0,00% | 0,00% | 0,00%",,34ddías,501.929,501.929 | 501.929 | 501.929 | 501.929 | 501.929 | 501.929,Mediocampista
Radu,Celta,+99.988 | +372.688 | +635.092 | +2.823.026 | +8.417.775 | +18.531.090,"+0,25% | +0,93% | +1,60% | +7,53% | +26,39% | +85,06%",,36ddías,40.316.705,40.216.717 | 39.944.017 | 39.681.613 | 37.493.679 | 31.898.930 | 21.785.615,Portero
Becerra,Rayo,0 | 0 | 0 | 0 | 0 | 0,"0,00% | 0,00% | 0,00% | 0,00% | 0,00% | 0,00%",,34ddías,581.700,581.700 | 581.700 | 581.700 | 581.700 | 581.700 | 581.700,Mediocampista
Vertrouwd,Rayo,0 | 0 | 0 | 0 | 0 | 0,"0,00% | 0,00% | 0,00% | 0,00% | 0,00% | 0,00%",,34ddías,1.003.725,1.003.725 | 1.003.725 | 1.003.725 | 1.003.725 | 1.003.725 | 1.003.725,Defensa
Primo,Levante,0 | 0 | 0 | 0 | 0 | 0,"0,00% | 0,00% | 0,00% | 0,00% | 0,00% | 0,00%",,34ddías,1.104.126,1.104.126 | 1.104.126 | 1.104.126 | 1.104.126 | 1.104.126 | 1.104.126,Portero
Cortés,Levante,0 | 0 | 0 | 0 | 0 | 0,"0,00% | 0,00% | 0,00% | 0,00% | 0,00% | 0,00%",,34ddías,803.000,803.000 | 803.000 | 803.000 | 803.000 | 803.000 | 803.000,Delantero
Carlos Espí,Real Madrid,+138.954 | -135.918 | +4.668.167 | +4.668.167 | +4.668.167 | +4.668.167,"+1,72% | -1,63% | 0% | 0% | 0% | 0%",,1ddías,8.199.296,8.060.342 | 8.335.214 | 0 | 0 | 0 | 0,Delantero
Toljan,Levante,-75.359 | -142.950 | -197.698 | -320.370 | -736.726 | -2.555.369,"-1,68% | -3,15% | -4,30% | -6,79% | -14,35% | -36,75%",,35ddías,4.397.472,4.472.831 | 4.540.422 | 4.595.170 | 4.717.842 | 5.134.198 | 6.952.841,Defensa
Pablo CamposCuñat Campos,Levante,-19.743 | -39.915 | -62.912 | -143.710 | -84.646 | -449.893,"-1,73% | -3,43% | -5,31% | -11,35% | -7,01% | -28,61%",,10ddías,1.122.555,1.142.298 | 1.162.470 | 1.185.467 | 1.266.265 | 1.207.201 | 1.572.448,Portero
Víctor García,Levante,-41.081 | -92.371 | -144.459 | -385.967 | -903.995 | -2.624.138,"-1,92% | -4,21% | -6,43% | -15,51% | -30,06% | -55,51%",,37ddías,2.103.148,2.144.229 | 2.195.519 | 2.247.607 | 2.489.115 | 3.007.143 | 4.727.286,Defensa
Joselu,Getafe,0 | 0 | 0 | 0 | 0 | 0,"0,00% | 0,00% | 0,00% | 0,00% | 0,00% | 0,00%",,34ddías,602.319,602.319 | 602.319 | 602.319 | 602.319 | 602.319 | 602.319,Delantero
Manu Fernández,Celta,-2.903 | -5.553 | -7.177 | -19.791 | -45.230 | -119.978,"-0,70% | -1,33% | -1,71% | -4,59% | -9,90% | -22,56%",,37ddías,411.819,414.722 | 417.372 | 418.996 | 431.610 | 457.049 | 531.797,Defensa
Torrents,Barcelona,0 | 0 | 0 | 0 | 0 | 0,"0,00% | 0,00% | 0,00% | 0,00% | 0,00% | 0,00%",,34ddías,602.319,602.319 | 602.319 | 602.319 | 602.319 | 602.319 | 602.319,Defensa
Esquivel,Atlético,0 | 0 | 0 | 0 | 0 | 0,"0,00% | 0,00% | 0,00% | 0,00% | 0,00% | 0,00%",,34ddías,602.292,602.292 | 602.292 | 602.292 | 602.292 | 602.292 | 602.292,Portero
Rego,Athletic,0 | 0 | 0 | 0 | 0 | 0,"0,00% | 0,00% | 0,00% | 0,00% | 0,00% | 0,00%",,34ddías,5.018.825,5.018.825 | 5.018.825 | 5.018.825 | 5.018.825 | 5.018.825 | 5.018.825,Defensa
Redondo,Elche,-16.187 | -35.624 | -55.827 | -160.145 | -377.201 | -1.106.854,"-1,72% | -3,71% | -5,70% | -14,77% | -28,99% | -54,51%",,37ddías,923.753,939.940 | 959.377 | 979.580 | 1.083.898 | 1.300.954 | 2.030.607,Mediocampista
Hancko,Atlético,+877.457 | +1.682.150 | +2.413.958 | +5.044.724 | +4.878.819 | -1.777.212,"+2,49% | +4,88% | +7,16% | +16,23% | +15,61% | -4,69%",,9ddías,36.125.215,35.247.758 | 34.443.065 | 33.711.257 | 31.080.491 | 31.246.396 | 37.902.427,Defensa
Dituro,Elche,+166.163 | +303.552 | +434.320 | +430.413 | +110.812 | -741.951,"+2,42% | +4,52% | +6,59% | +6,53% | +1,60% | -9,55%",,6ddías,7.026.445,6.860.282 | 6.722.893 | 6.592.125 | 6.596.032 | 6.915.633 | 7.768.396,Portero
Fortea,Real Madrid,0 | 0 | 0 | 0 | 0 | 0,"0,00% | 0,00% | 0,00% | 0,00% | 0,00% | 0,00%",,34ddías,802.099,802.099 | 802.099 | 802.099 | 802.099 | 802.099 | 802.099,Defensa
Jutglà,Celta,+131.845 | +156.182 | +142.070 | -69.437 | -547.979 | -3.485.533,"+1,45% | +1,72% | +1,56% | -0,75% | -5,59% | -27,37%",,2ddías,9.247.583,9.115.738 | 9.091.401 | 9.105.513 | 9.317.020 | 9.795.562 | 12.733.116,Delantero
Martim Neto,Elche,-23.129 | -47.534 | -73.839 | -182.837 | -392.463 | -969.604,"-1,33% | -2,69% | -4,11% | -9,61% | -18,57% | -36,04%",,37ddías,1.720.583,1.743.712 | 1.768.117 | 1.794.422 | 1.903.420 | 2.113.046 | 2.690.187,Mediocampista
Valentín Gómez,Betis,-31.367 | -64.345 | -99.442 | -257.016 | -568.286 | -1.661.998,"-1,66% | -3,35% | -5,08% | -12,16% | -23,44% | -47,23%",,37ddías,1.856.576,1.887.943 | 1.920.921 | 1.956.018 | 2.113.592 | 2.424.862 | 3.518.574,Defensa
Deossa,Betis,+40.679 | +78.500 | +109.876 | +129.993 | -174.722 | -1.336.806,"+2,09% | +4,11% | +5,85% | +7,00% | -8,08% | -40,22%",,6ddías,1.986.630,1.945.951 | 1.908.130 | 1.876.754 | 1.856.637 | 2.161.352 | 3.323.436,Mediocampista
Junior,Betis,-75.690 | -138.516 | -212.552 | -580.273 | -1.320.079 | -3.590.103,"-2,02% | -3,64% | -5,47% | -13,65% | -26,45% | -49,44%",,37ddías,3.671.503,3.747.193 | 3.810.019 | 3.884.055 | 4.251.776 | 4.991.582 | 7.261.606,Defensa
Dolan,Espanyol,-34.220 | -83.683 | -137.309 | -421.697 | -1.059.450 | -2.888.694,"-0,56% | -1,36% | -2,22% | -6,52% | -14,91% | -32,33%",,30ddías,6.047.530,6.081.750 | 6.131.213 | 6.184.839 | 6.469.227 | 7.106.980 | 8.936.224,Delantero
Bigas,Elche,-145.613 | -291.686 | -434.137 | -997.269 | -2.138.940 | -4.037.517,"-2,55% | -4,98% | -7,24% | -15,20% | -27,77% | -42,05%",,32ddías,5.564.269,5.709.882 | 5.855.955 | 5.998.406 | 6.561.538 | 7.703.209 | 9.601.786,Defensa
Roger BruguéBrugui,Levante,-79.155 | -152.609 | -219.688 | -523.146 | -1.152.611 | -3.275.925,"-3,09% | -5,79% | -8,13% | -17,40% | -31,69% | -56,87%",,38ddías,2.484.134,2.563.289 | 2.636.743 | 2.703.822 | 3.007.280 | 3.636.745 | 5.760.059,Delantero
Jorge Cabello,Levante,-23.126 | -46.841 | -70.408 | -180.327 | -419.168 | +320.288,"-2,51% | -4,96% | -7,28% | -16,74% | -31,84% | 0%",,14ddías,897.164,920.290 | 944.005 | 967.572 | 1.077.491 | 1.316.332 | 0,Defensa
C. Álvarez,Levante,+137.082 | +390.937 | +679.722 | +1.597.130 | +3.981.658 | +8.915.684,"+0,71% | +2,04% | +3,60% | +8,90% | +25,60% | +83,93%",,36ddías,19.537.828,19.400.746 | 19.146.891 | 18.858.106 | 17.940.698 | 15.556.170 | 10.622.144,Mediocampista
Oriol Rey,Levante,-17.771 | -34.907 | -52.684 | -132.025 | -309.612 | -907.898,"-2,26% | -4,34% | -6,40% | -14,63% | -28,67% | -54,11%",,37ddías,770.131,787.902 | 805.038 | 822.815 | 902.156 | 1.079.743 | 1.678.029,Mediocampista
Gorrotxategi,Real Sociedad,-190.349 | -379.247 | -580.575 | -1.422.613 | -2.154.959 | -3.820.875,"-2,68% | -5,20% | -7,75% | -17,07% | -23,77% | -35,60%",,30ddías,6.912.181,7.102.530 | 7.291.428 | 7.492.756 | 8.334.794 | 9.067.140 | 10.733.056,Mediocampista
Ugrinic,Valencia,-25.372 | -90.615 | -151.228 | -545.122 | -1.386.540 | -3.842.722,"-0,65% | -2,27% | -3,73% | -12,25% | -26,21% | -49,60%",,35ddías,3.904.183,3.929.555 | 3.994.798 | 4.055.411 | 4.449.305 | 5.290.723 | 7.746.905,Mediocampista
Dani Martínez,Atlético,-3.050 | -5.853 | -7.637 | -20.959 | -47.951 | -118.217,"-0,73% | -1,39% | -1,81% | -4,80% | -10,35% | -22,16%",,17ddías,415.346,418.396 | 421.199 | 422.983 | 436.305 | 463.297 | 533.563,Defensa
Puric,Atlético,-3.865 | -7.517 | -10.185 | -27.428 | -63.029 | -175.463,"-0,88% | -1,70% | -2,29% | -5,93% | -12,66% | -28,75%",,37ddías,434.907,438.772 | 442.424 | 445.092 | 462.335 | 497.936 | 610.370,Defensa
Niño,Málaga,-14.834 | -29.275 | -44.547 | -112.911 | -269.317 | -985.787,"-0,54% | -1,07% | -1,62% | -3,99% | -9,03% | -26,65%",,37ddías,2.713.508,2.728.342 | 2.742.783 | 2.758.055 | 2.826.419 | 2.982.825 | 3.699.295,Delantero
Carlos Sánchez,Racing,0 | 0 | 0 | 0 | 0 | 0,"0,00% | 0,00% | 0,00% | 0,00% | 0,00% | 0,00%",,33ddías,702.606,702.606 | 702.606 | 702.606 | 702.606 | 702.606 | 702.606,Defensa
Vallecillo,Racing,0 | 0 | 0 | 0 | 0 | +743,"0,00% | 0,00% | 0,00% | 0,00% | 0,00% | 0%",,29ddías,677.940,677.940 | 677.940 | 677.940 | 677.940 | 677.940 | 0,Mediocampista
Santaella,Málaga,0 | 0 | 0 | 0 | 0 | +449,"0,00% | 0,00% | 0,00% | 0,00% | 0,00% | 0%",,29ddías,401.498,401.498 | 401.498 | 401.498 | 401.498 | 401.498 | 0,Defensa
Diego Diaz,Racing,0 | 0 | 0 | 0 | 0 | 0,"0,00% | 0,00% | 0,00% | 0,00% | 0,00% | 0,00%",,33ddías,602.234,602.234 | 602.234 | 602.234 | 602.234 | 602.234 | 602.234,Delantero
Santi Franco,Racing,0 | 0 | 0 | 0 | 0 | 0,"0,00% | 0,00% | 0,00% | 0,00% | 0,00% | 0,00%",,33ddías,702.606,702.606 | 702.606 | 702.606 | 702.606 | 702.606 | 702.606,Delantero
Canales,Racing,+880.122 | +1.666.812 | +2.296.786 | +11.030.199 | +11.030.199 | +11.030.199,"+4,36% | +8,59% | +12,24% | +109,89% | +109,89% | +109,89%",,4ddías,21.067.461,20.187.339 | 19.400.649 | 18.770.675 | 10.037.262 | 10.037.262 | 10.037.262,Mediocampista
Guliashvili,Racing,-74.076 | -150.611 | -226.485 | -559.260 | -1.247.345 | -3.383.861,"-3,14% | -6,18% | -9,01% | -19,65% | -35,29% | -59,67%",,37ddías,2.287.162,2.361.238 | 2.437.773 | 2.513.647 | 2.846.422 | 3.534.507 | 5.671.023,Delantero
Arana,Racing,-12.151 | -23.484 | -37.706 | -93.888 | -176.193 | -529.438,"-1,46% | -2,79% | -4,40% | -10,29% | -17,71% | -39,28%",,37ddías,818.438,830.589 | 841.922 | 856.144 | 912.326 | 994.631 | 1.347.876,Delantero
Iñigo Vicente,Racing,+94.060 | +100.198 | +86.404 | -474.919 | -1.829.913 | -6.008.680,"+0,50% | +0,53% | +0,46% | -2,46% | -8,85% | -24,17%",,2ddías,18.853.588,18.759.528 | 18.753.390 | 18.767.184 | 19.328.507 | 20.683.501 | 24.862.268,Delantero
Solórzano,Racing,0 | 0 | 0 | 0 | 0 | 0,"0,00% | 0,00% | 0,00% | 0,00% | 0,00% | 0,00%",,33ddías,602.234,602.234 | 602.234 | 602.234 | 602.234 | 602.234 | 602.234,Mediocampista
Puerta,Racing,+352.375 | +588.685 | +765.756 | +1.364.700 | +2.831.438 | +1.453.060,"+2,98% | +5,08% | +6,71% | +12,61% | +30,27% | +13,54%",,16ddías,12.186.141,11.833.766 | 11.597.456 | 11.420.385 | 10.821.441 | 9.354.703 | 10.733.081,Mediocampista
Sergio Martínez,Racing,0 | 0 | 0 | 0 | 0 | 0,"0,00% | 0,00% | 0,00% | 0,00% | 0,00% | 0,00%",,33ddías,702.606,702.606 | 702.606 | 702.606 | 702.606 | 702.606 | 702.606,Mediocampista
Gueye,Racing,-28.481 | -42.991 | -84.905 | -303.608 | -724.917 | -2.605.732,"-0,67% | -1,01% | -1,97% | -6,72% | -14,68% | -38,21%",,33ddías,4.214.432,4.242.913 | 4.257.423 | 4.299.337 | 4.518.040 | 4.939.349 | 6.820.164,Mediocampista
Crespo,Racing,0 | 0 | 0 | 0 | 0 | 0,"0,00% | 0,00% | 0,00% | 0,00% | 0,00% | 0,00%",,33ddías,802.979,802.979 | 802.979 | 802.979 | 802.979 | 802.979 | 802.979,Defensa
Facundo GonzálezFacu González,Racing,-16.086 | -30.113 | -42.570 | -116.073 | -441.993 | -441.993,"-0,52% | -0,97% | -1,37% | -3,64% | -12,58% | -12,58%",,13ddías,3.071.047,3.087.133 | 3.101.160 | 3.113.617 | 3.187.120 | 3.513.040 | 3.513.040,Defensa
Salinas,Racing,0 | 0 | 0 | 0 | 0 | 0,"0,00% | 0,00% | 0,00% | 0,00% | 0,00% | 0,00%",,33ddías,6.022.356,6.022.356 | 6.022.356 | 6.022.356 | 6.022.356 | 6.022.356 | 6.022.356,Defensa
Larrubia,Málaga,+389.695 | +931.861 | +1.772.832 | +6.386.894 | +16.238.270 | 0,"+0,70% | +1,68% | +3,25% | +12,79% | +40,50% | 0%",,27ddías,56.329.657,55.939.962 | 55.397.796 | 54.556.825 | 49.942.763 | 40.091.387 | 0,Mediocampista
Lobete,Málaga,-20.801 | -36.011 | -56.802 | -152.689 | -337.740 | -904.992,"-2,41% | -4,10% | -6,32% | -15,36% | -28,64% | -51,82%",,37ddías,841.365,862.166 | 877.376 | 898.167 | 994.054 | 1.179.105 | 1.746.357,Delantero
Lorenzo,Málaga,+83.993 | +156.567 | +226.906 | +757.464 | +1.098.269 | -674.759,"+0,89% | +1,67% | +2,44% | +8,65% | +13,05% | -6,62%",,12ddías,9.511.544,9.427.551 | 9.354.977 | 9.284.638 | 8.754.080 | 8.413.275 | 10.186.303,Mediocampista
Rafa Rodríguez,Málaga,0 | 0 | 0 | 0 | 0 | 0,"0,00% | 0,00% | 0,00% | 0,00% | 0,00% | 0,00%",,33ddías,6.270.426,6.270.426 | 6.270.426 | 6.270.426 | 6.270.426 | 6.270.426 | 6.270.426,Mediocampista
Ochoa,Málaga,0 | 0 | 0 | 0 | 0 | 0,"0,00% | 0,00% | 0,00% | 0,00% | 0,00% | 0,00%",,33ddías,3.513.040,3.513.040 | 3.513.040 | 3.513.040 | 3.513.040 | 3.513.040 | 3.513.040,Mediocampista
Enríquez,Málaga,-8.419 | -25.847 | -44.654 | -132.183 | -304.439 | -842.562,"-0,97% | -2,93% | -4,96% | -13,38% | -26,24% | -49,61%",,37ddías,855.727,864.146 | 881.574 | 900.381 | 987.910 | 1.160.166 | 1.698.289,Mediocampista
Juanpe,Málaga,0 | 0 | 0 | 0 | 0 | 0,"0,00% | 0,00% | 0,00% | 0,00% | 0,00% | 0,00%",,33ddías,581.931,581.931 | 581.931 | 581.931 | 581.931 | 581.931 | 581.931,Mediocampista
Joaquín,Málaga,-134.434 | -264.274 | -407.527 | -1.018.998 | -2.085.497 | -5.587.756,"-1,86% | -3,59% | -5,44% | -12,57% | -22,73% | -44,08%",,37ddías,7.089.037,7.223.471 | 7.353.311 | 7.496.564 | 8.108.035 | 9.174.534 | 12.676.793,Delantero
Jauregi,Málaga,-35.696 | -81.932 | -130.665 | -130.665 | -130.665 | -130.665,"-2,44% | -5,44% | -8,40% | -8,40% | -8,40% | -8,40%",,3ddías,1.425.109,1.460.805 | 1.507.041 | 1.555.774 | 1.555.774 | 1.555.774 | 1.555.774,Delantero
Hernando,Racing,-31.140 | -63.101 | -88.528 | -140.883 | -248.022 | -1.157.907,"-1,66% | -3,30% | -4,57% | -7,08% | -11,82% | -38,50%",,37ddías,1.849.762,1.880.902 | 1.912.863 | 1.938.290 | 1.990.645 | 2.097.784 | 3.007.669,Defensa
Haitam,Málaga,-3.868 | -7.523 | -10.194 | -27.452 | -63.086 | -175.638,"-0,88% | -1,70% | -2,29% | -5,94% | -12,67% | -28,76%",,37ddías,434.984,438.852 | 442.507 | 445.178 | 462.436 | 498.070 | 610.622,Delantero
Jiménez,Racing,0 | 0 | 0 | 0 | 0 | 0,"0,00% | 0,00% | 0,00% | 0,00% | 0,00% | 0,00%",,33ddías,602.234,602.234 | 602.234 | 602.234 | 602.234 | 602.234 | 602.234,Portero
Eriksson,Racing,+10.486 | +42.500 | +81.200 | +291.843 | +688.136 | +182.324,"+0,36% | +1,46% | +2,82% | +10,93% | +30,28% | +6,56%",,16ddías,2.960.900,2.950.414 | 2.918.400 | 2.879.700 | 2.669.057 | 2.272.764 | 2.778.576,Portero
Laro Gómez,Racing,0 | 0 | 0 | 0 | 0 | 0,"0,00% | 0,00% | 0,00% | 0,00% | 0,00% | 0,00%",,33ddías,602.234,602.234 | 602.234 | 602.234 | 602.234 | 602.234 | 602.234,Portero
Mantilla,Racing,+51.444 | +104.256 | +154.451 | +319.703 | +494.534 | +14.399,"+2,00% | +4,13% | +6,24% | +13,85% | +23,17% | +0,55%",,14ddías,2.628.525,2.577.081 | 2.524.269 | 2.474.074 | 2.308.822 | 2.133.991 | 2.614.126,Defensa
Sainz-Maza,Racing,-17.456 | -37.274 | -54.852 | -143.017 | -310.361 | -903.003,"-2,11% | -4,40% | -6,35% | -15,02% | -27,72% | -52,74%",,37ddías,809.295,826.751 | 846.569 | 864.147 | 952.312 | 1.119.656 | 1.712.298,Defensa
Chupete,Málaga,+123.492 | +619.363 | +1.363.816 | +6.131.524 | +15.683.715 | 0,"+0,23% | +1,16% | +2,60% | +12,86% | +41,12% | 0%",,28ddías,53.826.606,53.703.114 | 53.207.243 | 52.462.790 | 47.695.082 | 38.142.891 | 0,Delantero
Yeremay,Deportivo,-1.264.161 | -2.495.175 | -3.375.731 | -2.556.861 | +6.839.804 | 0,"-2,23% | -4,31% | -5,74% | -4,41% | +14,08% | 0%",,4ddías,55.421.437,56.685.598 | 57.916.612 | 58.797.168 | 57.978.298 | 48.581.633 | 0,Delantero
Moussa,Málaga,0 | 0 | 0 | 0 | 0 | 0,"0,00% | 0,00% | 0,00% | 0,00% | 0,00% | 0,00%",,33ddías,401.498,401.498 | 401.498 | 401.498 | 401.498 | 401.498 | 401.498,Defensa
Manuel Pellegrini,Betis,-161.989 | -318.294 | -490.427 | -1.180.535 | -2.837.273 | -2.080.254,"-3,18% | -6,06% | -9,03% | -19,29% | -36,49% | 0%",,19ddías,4.938.123,5.100.112 | 5.256.417 | 5.428.550 | 6.118.658 | 7.775.396 | 0,
Carlos Corberán,Valencia,-16.876 | -34.081 | -50.867 | -130.466 | -303.437 | -155.180,"-2,21% | -4,36% | -6,37% | -14,87% | -28,88% | 0%",,19ddías,747.181,764.057 | 781.262 | 798.048 | 877.647 | 1.050.618 | 0,
Luis García,Sevilla,-25.219 | -51.115 | -76.954 | -196.946 | -458.134 | +145.306,"-2,59% | -5,12% | -7,51% | -17,21% | -32,59% | 0%",,16ddías,947.405,972.624 | 998.520 | 1.024.359 | 1.144.351 | 1.405.539 | 0,
Pellegrino Matarazzo,Real Sociedad,-159.148 | -326.347 | -502.007 | -1.279.876 | -2.975.362 | -552.513,"-3,44% | -6,82% | -10,12% | -22,30% | -40,01% | 0%",,17ddías,4.460.613,4.619.761 | 4.786.960 | 4.962.620 | 5.740.489 | 7.435.975 | 0,
José Mourinho,Real Madrid,-510.613 | -1.038.798 | -1.588.041 | -4.185.061 | -9.755.959 | 0,"-3,16% | -6,23% | -9,22% | -21,11% | -38,41% | 0%",,14ddías,15.642.120,16.152.733 | 16.680.918 | 17.230.161 | 19.827.181 | 25.398.079 | 0,
Beñat San José,Rayo,-62.295 | -126.812 | -192.881 | -491.269 | -448.584 | 0,"-3,28% | -6,46% | -9,50% | -21,10% | -19,62% | 0%",,12ddías,1.837.237,1.899.532 | 1.964.049 | 2.030.118 | 2.328.506 | 2.285.821 | 0,
José Alberto López,Racing,-30.224 | -61.333 | -92.602 | -236.675 | -550.734 | +265.423,"-2,75% | -5,43% | -7,98% | -18,15% | -34,03% | 0%",,15ddías,1.067.522,1.097.746 | 1.128.855 | 1.160.124 | 1.304.197 | 1.618.256 | 0,
Luis Miguel Ramis,Osasuna,-53.653 | -109.168 | -165.860 | -422.668 | -655.988 | 0,"-3,19% | -6,28% | -9,24% | -20,59% | -28,70% | 0%",,13ddías,1.629.833,1.683.486 | 1.739.001 | 1.795.693 | 2.052.501 | 2.285.821 | 0,
Juan Funes,Málaga,-46.072 | -93.689 | -142.154 | -362.480 | -843.956 | +445.241,"-3,08% | -6,08% | -8,94% | -20,02% | -36,82% | 0%",,14ddías,1.447.866,1.493.938 | 1.541.555 | 1.590.020 | 1.810.346 | 2.291.822 | 0,
Luis Castro,Levante,-45.328 | -92.171 | -139.830 | -356.580 | -830.204 | -73.907,"-3,07% | -6,06% | -8,91% | -19,96% | -36,73% | 0%",,17ddías,1.430.030,1.475.358 | 1.522.201 | 1.569.860 | 1.786.610 | 2.260.234 | 0,
Pepe Bordalás,Getafe,-2.064.567 | -4.214.783 | -6.453.456 | -19.801.099 | +15.558.360 | +44.878.631,"-3,97% | -7,79% | -11,45% | -28,41% | +45,32% | 0%",,7ddías,49.891.757,51.956.324 | 54.106.540 | 56.345.213 | 69.692.856 | 34.333.397 | 0,
Manolo González,Espanyol,-38.180 | -77.577 | -117.479 | -298.741 | -696.487 | -245.464,"-2,94% | -5,81% | -8,54% | -19,18% | -35,63% | 0%",,18ddías,1.258.473,1.296.653 | 1.336.050 | 1.375.952 | 1.557.214 | 1.954.960 | 0,
Martín Anselmi,Elche,-62.295 | -126.812 | -192.881 | -491.269 | -448.584 | 0,"-3,28% | -6,46% | -9,50% | -21,10% | -19,62% | 0%",,12ddías,1.837.237,1.899.532 | 1.964.049 | 2.030.118 | 2.328.506 | 2.285.821 | 0,
Antonio Hidalgo,Deportivo,-63.257 | -128.776 | -195.889 | -498.906 | -1.161.932 | +356.387,"-3,29% | -6,47% | -9,53% | -21,15% | -38,45% | 0%",,15ddías,1.860.324,1.923.581 | 1.989.100 | 2.056.213 | 2.359.230 | 3.022.256 | 0,
Claudio Giráldez,Celta,-93.385 | -192.590 | -293.148 | -608.573 | -1.511.323 | -2.299.862,"-3,33% | -6,63% | -9,75% | -18,32% | -35,77% | 0%",,5ddías,2.713.264,2.806.649 | 2.905.854 | 3.006.412 | 3.321.837 | 4.224.587 | 0,
Hansi Flick,Barcelona,-285.947 | -581.820 | -844.423 | -1.609.927 | -4.314.021 | -4.170.280,"-2,56% | -5,08% | -7,21% | -12,90% | -28,41% | 0%",,5ddías,10.869.102,11.155.049 | 11.450.922 | 11.713.525 | 12.479.029 | 15.183.123 | 0,
Dumfries,Real Madrid,-1.439.803 | -2.870.115 | -3.910.154 | -2.801.549 | +6.790.090 | 0,"-2,27% | -4,42% | -5,93% | -4,32% | +12,29% | 0%",,4ddías,62.042.516,63.482.319 | 64.912.631 | 65.952.670 | 64.844.065 | 55.252.426 | 0,Defensa
Bernardo Silva,Real Madrid,+1.634.331 | +3.499.848 | +5.203.834 | +10.658.602 | 0 | 0,"+3,41% | +7,59% | +11,72% | +27,37% | 0% | 0%",,8ddías,49.605.693,47.971.362 | 46.105.845 | 44.401.859 | 38.947.091 | 0 | 0,Mediocampista
Hartman,Espanyol,-191.689 | -373.605 | -521.463 | -1.113.081 | -2.692.611 | 0,"-2,00% | -3,82% | -5,26% | -10,59% | -22,27% | 0%",,21ddías,9.400.647,9.592.336 | 9.774.252 | 9.922.110 | 10.513.728 | 12.093.258 | 0,Defensa
Cucurella,Real Madrid,+826.169 | +1.994.748 | +3.955.759 | +14.378.096 | +35.334.872 | 0,"+0,99% | +2,43% | +4,93% | +20,61% | +72,39% | 0%",,15ddías,84.148.931,83.322.762 | 82.154.183 | 80.193.172 | 69.770.835 | 48.814.059 | 0,Defensa
Konaté,Real Madrid,+1.016.948 | +2.303.226 | +3.630.622 | +9.668.926 | +19.397.013 | 0,"+2,17% | +5,05% | +8,20% | +25,28% | +68,03% | 0%",,14ddías,47.909.132,46.892.184 | 45.605.906 | 44.278.510 | 38.240.206 | 28.512.119 | 0,Defensa
Aubameyang,Deportivo,+1.320.400 | +2.672.476 | +3.787.995 | +9.094.813 | +15.882.540 | 0,"+4,86% | +10,35% | +15,33% | +46,87% | +125,90% | 0%",,13ddías,28.497.392,27.176.992 | 25.824.916 | 24.709.397 | 19.402.579 | 12.614.852 | 0,Delantero
Calatrava,Espanyol,+57.053 | +142.513 | +193.838 | +422.612 | +565.469 | 0,"+1,54% | +3,93% | +5,42% | +12,61% | +17,63% | 0%",,12ddías,3.772.768,3.715.715 | 3.630.255 | 3.578.930 | 3.350.156 | 3.207.299 | 0,Delantero
Hjulmand,Atlético,+653.417 | +1.152.862 | +1.354.062 | +827.486 | 0 | 0,"+1,93% | +3,45% | +4,07% | +2,45% | 0% | 0%",,4ddías,34.585.935,33.932.518 | 33.433.073 | 33.231.873 | 33.758.449 | 0 | 0,Mediocampista
Amatucci,Deportivo,+124.829 | +183.391 | +158.473 | 0 | 0 | 0,"+1,04% | +1,53% | +1,32% | 0% | 0% | 0%",,2ddías,12.168.948,12.044.119 | 11.985.557 | 12.010.475 | 0 | 0 | 0,Mediocampista
Diego Simeone,Atlético,-198.066 | -414.261 | -609.656 | -1.319.696 | -3.327.157 | -3.527.483,"-2,96% | -5,99% | -8,58% | -16,88% | -33,86% | 0%",,20ddías,6.498.771,6.696.837 | 6.913.032 | 7.108.427 | 7.818.467 | 9.825.928 | 0,
De Haas,Valencia,+110.837 | +238.024 | +312.475 | 0 | 0 | 0,"+1,28% | +2,79% | +3,69% | 0% | 0% | 0%",,4ddías,8.769.577,8.658.740 | 8.531.553 | 8.457.102 | 0 | 0 | 0,Defensa
Dieng,Valencia,-96.964 | -208.970 | -306.978 | 0 | 0 | 0,"-1,90% | -4,01% | -5,78% | 0% | 0% | 0%",,6ddías,5.007.616,5.104.580 | 5.216.586 | 5.314.594 | 0 | 0 | 0,Mediocampista
Moscardo,Espanyol,-239.459 | -483.466 | -728.808 | 0 | 0 | 0,"-2,31% | -4,56% | -6,71% | 0% | 0% | 0%",,5ddías,10.126.280,10.365.739 | 10.609.746 | 10.855.088 | 0 | 0 | 0,Mediocampista
Gulacsi,Villarreal,-142.302 | 0 | 0 | 0 | 0 | 0,"-3,32% | 0% | 0% | 0% | 0% | 0%",,1ddías,4.149.477,4.291.779 | 0 | 0 | 0 | 0 | 0,Portero
Quique Sánchez,Alavés,-25.219 | -51.115 | -76.954 | -196.946 | -458.134 | +145.306,"-2,59% | -5,12% | -7,51% | -17,21% | -32,59% | 0%",,16ddías,947.405,972.624 | 998.520 | 1.024.359 | 1.144.351 | 1.405.539 | 0,
Edin Terzic,Athletic,-360.185 | -733.266 | -1.122.826 | -2.867.802 | -4.650.042 | 0,"-3,82% | -7,48% | -11,02% | -24,03% | -33,90% | 0%",,13ddías,9.064.914,9.425.099 | 9.798.180 | 10.187.740 | 11.932.716 | 13.714.956 | 0,
Merino,Málaga,-59.408 | -111.068 | -160.452 | -436.596 | -1.013.693 | -3.223.557,"-0,90% | -1,67% | -2,39% | -6,24% | -13,39% | -32,95%",,33ddías,6.558.276,6.617.684 | 6.669.344 | 6.718.728 | 6.994.872 | 7.571.969 | 9.781.833,Mediocampista
Arriaza,Málaga,0 | 0 | 0 | 0 | 0 | 0,"0,00% | 0,00% | 0,00% | 0,00% | 0,00% | 0,00%",,33ddías,401.498,401.498 | 401.498 | 401.498 | 401.498 | 401.498 | 401.498,Defensa
Marqués,Barcelona,0 | 0 | 0 | 0 | 0 | 0,"0,00% | 0,00% | 0,00% | 0,00% | 0,00% | 0,00%",,34ddías,602.319,602.319 | 602.319 | 602.319 | 602.319 | 602.319 | 602.319,Defensa
Romero,Getafe,0 | 0 | 0 | 0 | 0 | 0,"0,00% | 0,00% | 0,00% | 0,00% | 0,00% | 0,00%",,34ddías,30.116.266,30.116.266 | 30.116.266 | 30.116.266 | 30.116.266 | 30.116.266 | 30.116.266,Defensa
Ochieng,Real Sociedad,0 | 0 | 0 | 0 | 0 | 0,"0,00% | 0,00% | 0,00% | 0,00% | 0,00% | 0,00%",,34ddías,702.633,702.633 | 702.633 | 702.633 | 702.633 | 702.633 | 702.633,Mediocampista
Antañón,Celta,0 | 0 | 0 | 0 | 0 | 0,"0,00% | 0,00% | 0,00% | 0,00% | 0,00% | 0,00%",,34ddías,581.700,581.700 | 581.700 | 581.700 | 581.700 | 581.700 | 581.700,Mediocampista
Lamini Fati,Real Madrid,0 | 0 | 0 | 0 | 0 | 0,"0,00% | 0,00% | 0,00% | 0,00% | 0,00% | 0,00%",,34ddías,677.955,677.955 | 677.955 | 677.955 | 677.955 | 677.955 | 677.955,Defensa
Sangaré,Elche,0 | 0 | 0 | 0 | 0 | 0,"0,00% | 0,00% | 0,00% | 0,00% | 0,00% | 0,00%",,34ddías,4.015.501,4.015.501 | 4.015.501 | 4.015.501 | 4.015.501 | 4.015.501 | 4.015.501,Defensa
Vecino,Celta,-58.788 | -115.582 | -176.814 | -450.495 | -1.027.214 | -2.911.458,"-2,62% | -5,02% | -7,48% | -17,08% | -31,96% | -57,11%",,37ddías,2.186.828,2.245.616 | 2.302.410 | 2.363.642 | 2.637.323 | 3.214.042 | 5.098.286,Mediocampista
Vargas,Atlético,-18.962 | -38.284 | -59.955 | -138.196 | -326.175 | -933.667,"-2,10% | -4,14% | -6,34% | -13,49% | -26,91% | -51,31%",,37ddías,886.115,905.077 | 924.399 | 946.070 | 1.024.311 | 1.212.290 | 1.819.782,Mediocampista
Lookman,Atlético,+112.487 | +1.074.857 | +2.101.983 | +8.113.575 | +20.748.679 | +46.070.908,"+0,14% | +1,38% | +2,73% | +11,41% | +35,50% | 0%",,24ddías,79.192.173,79.079.686 | 78.117.316 | 77.090.190 | 71.078.598 | 58.443.494 | 0,Delantero
Tete Morente,Elche,-52.815 | -106.891 | -160.979 | -394.754 | -877.180 | -2.566.288,"-2,47% | -4,88% | -7,17% | -15,93% | -29,63% | -55,19%",,37ddías,2.083.483,2.136.298 | 2.190.374 | 2.244.462 | 2.478.237 | 2.960.663 | 4.649.771,Delantero
Fidalgo,Betis,-42.283 | -83.627 | -131.035 | -339.231 | -723.273 | -1.877.397,"-1,50% | -2,92% | -4,50% | -10,87% | -20,64% | -40,30%",,34ddías,2.781.476,2.823.759 | 2.865.103 | 2.912.511 | 3.120.707 | 3.504.749 | 4.658.873,Mediocampista
Koski,Alavés,0 | 0 | 0 | 0 | 0 | 0,"0,00% | 0,00% | 0,00% | 0,00% | 0,00% | 0,00%",,34ddías,803.089,803.089 | 803.089 | 803.089 | 803.089 | 803.089 | 803.089,Defensa
Freeman,Villarreal,-52.214 | -99.236 | -145.939 | -317.950 | -695.426 | -1.944.403,"-1,99% | -3,71% | -5,37% | -11,00% | -21,27% | -43,04%",,37ddías,2.573.601,2.625.815 | 2.672.837 | 2.719.540 | 2.891.551 | 3.269.027 | 4.518.004,Defensa
Cepeda,Elche,-9.003 | -22.069 | -35.073 | -108.002 | -274.206 | -934.440,"-0,81% | -1,97% | -3,10% | -8,97% | -20,01% | -46,02%",,37ddías,1.096.243,1.105.246 | 1.118.312 | 1.131.316 | 1.204.245 | 1.370.449 | 2.030.683,Delantero
Ángel Pérez,Alavés,-86.141 | -193.110 | -311.164 | -852.847 | -1.909.165 | -6.060.663,"-1,23% | -2,72% | -4,31% | -10,99% | -21,65% | -46,73%",,37ddías,6.908.576,6.994.717 | 7.101.686 | 7.219.740 | 7.761.423 | 8.817.741 | 12.969.239,Delantero
Boselli,Getafe,0 | 0 | 0 | 0 | 0 | 0,"0,00% | 0,00% | 0,00% | 0,00% | 0,00% | 0,00%",,34ddías,2.893.999,2.893.999 | 2.893.999 | 2.893.999 | 2.893.999 | 2.893.999 | 2.893.999,Defensa
Mesonero,Real Madrid,0 | 0 | 0 | 0 | 0 | 0,"0,00% | 0,00% | 0,00% | 0,00% | 0,00% | 0,00%",,34ddías,702.606,702.606 | 702.606 | 702.606 | 702.606 | 702.606 | 702.606,Mediocampista
Cubo,Atlético,0 | 0 | 0 | 0 | 0 | 0,"0,00% | 0,00% | 0,00% | 0,00% | 0,00% | 0,00%",,34ddías,602.316,602.316 | 602.316 | 602.316 | 602.316 | 602.316 | 602.316,Delantero
Astiazaran,R. Sociedad B,0 | 0 | 0 | 0 | 0 | 0,"0,00% | 0,00% | 0,00% | 0,00% | 0,00% | 0,00%",,34ddías,602.257,602.257 | 602.257 | 602.257 | 602.257 | 602.257 | 602.257,Mediocampista
Arcos,Celta,0 | 0 | 0 | 0 | 0 | 0,"0,00% | 0,00% | 0,00% | 0,00% | 0,00% | 0,00%",,34ddías,602.257,602.257 | 602.257 | 602.257 | 602.257 | 602.257 | 602.257,Mediocampista
Cestero,Real Madrid,0 | 0 | 0 | 0 | 0 | 0,"0,00% | 0,00% | 0,00% | 0,00% | 0,00% | 0,00%",,34ddías,602.234,602.234 | 602.234 | 602.234 | 602.234 | 602.234 | 602.234,Mediocampista
Montes,Getafe,0 | 0 | 0 | 0 | 0 | 0,"0,00% | 0,00% | 0,00% | 0,00% | 0,00% | 0,00%",,34ddías,602.319,602.319 | 602.319 | 602.319 | 602.319 | 602.319 | 602.319,Defensa
Ferran,Espanyol,0 | 0 | 0 | 0 | 0 | 0,"0,00% | 0,00% | 0,00% | 0,00% | 0,00% | 0,00%",,34ddías,602.248,602.248 | 602.248 | 602.248 | 602.248 | 602.248 | 602.248,Mediocampista
Tunde,Levante,0 | 0 | 0 | 0 | 0 | 0,"0,00% | 0,00% | 0,00% | 0,00% | 0,00% | 0,00%",,34ddías,8.531.892,8.531.892 | 8.531.892 | 8.531.892 | 8.531.892 | 8.531.892 | 8.531.892,Mediocampista
Kita,R. Sociedad B,0 | 0 | 0 | 0 | 0 | 0,"0,00% | 0,00% | 0,00% | 0,00% | 0,00% | 0,00%",,34ddías,602.234,602.234 | 602.234 | 602.234 | 602.234 | 602.234 | 602.234,Defensa
Aguirre,R. Sociedad B,0 | 0 | 0 | 0 | 0 | 0,"0,00% | 0,00% | 0,00% | 0,00% | 0,00% | 0,00%",,34ddías,602.257,602.257 | 602.257 | 602.257 | 602.257 | 602.257 | 602.257,Mediocampista
A. Riquelme,Getafe,0 | 0 | 0 | 0 | 0 | 0,"0,00% | 0,00% | 0,00% | 0,00% | 0,00% | 0,00%",,34ddías,602.324,602.324 | 602.324 | 602.324 | 602.324 | 602.324 | 602.324,Mediocampista
Fontanet,Valencia,0 | 0 | 0 | 0 | 0 | 0,"0,00% | 0,00% | 0,00% | 0,00% | 0,00% | 0,00%",,34ddías,581.987,581.987 | 581.987 | 581.987 | 581.987 | 581.987 | 581.987,Defensa
Gaitán,Villarreal,0 | 0 | 0 | 0 | 0 | 0,"0,00% | 0,00% | 0,00% | 0,00% | 0,00% | 0,00%",,34ddías,602.292,602.292 | 602.292 | 602.292 | 602.292 | 602.292 | 602.292,Mediocampista
Manuel Ángel,Real Madrid,0 | 0 | 0 | 0 | 0 | 0,"0,00% | 0,00% | 0,00% | 0,00% | 0,00% | 0,00%",,34ddías,702.606,702.606 | 702.606 | 702.606 | 702.606 | 702.606 | 702.606,Mediocampista
Julio Díaz,Sevilla,0 | 0 | 0 | 0 | +25.590 | -37.653,"0,00% | 0,00% | 0,00% | 0,00% | +5,66% | -7,30%",,10ddías,477.990,477.990 | 477.990 | 477.990 | 477.990 | 452.400 | 515.643,Defensa
Burcio,Celta,0 | 0 | 0 | 0 | 0 | 0,"0,00% | 0,00% | 0,00% | 0,00% | 0,00% | 0,00%",,34ddías,602.257,602.257 | 602.257 | 602.257 | 602.257 | 602.257 | 602.257,Mediocampista
Álex Sánchez,Elche,0 | 0 | 0 | 0 | 0 | 0,"0,00% | 0,00% | 0,00% | 0,00% | 0,00% | 0,00%",,34ddías,602.324,602.324 | 602.324 | 602.324 | 602.324 | 602.324 | 602.324,Mediocampista
Morcillo,Elche,0 | 0 | 0 | 0 | 0 | 0,"0,00% | 0,00% | 0,00% | 0,00% | 0,00% | 0,00%",,34ddías,702.702,702.702 | 702.702 | 702.702 | 702.702 | 702.702 | 702.702,Mediocampista
Hugo Ríos,Deportivo,0 | 0 | 0 | 0 | 0 | 0,"0,00% | 0,00% | 0,00% | 0,00% | 0,00% | 0,00%",,34ddías,903.386,903.386 | 903.386 | 903.386 | 903.386 | 903.386 | 903.386,Portero
Pastor,Málaga,-1.785 | -3.271 | -4.118 | -4.118 | -4.118 | -4.118,"-0,46% | -0,84% | -1,06% | -1,06% | -1,06% | -1,06%",,3ddías,384.998,386.783 | 388.269 | 389.116 | 389.116 | 389.116 | 389.116,Defensa
Carlos López,Málaga,-2.151 | -4.018 | -4.827 | -13.826 | -23.494 | -59.437,"-0,54% | -1,01% | -1,21% | -3,39% | -5,63% | -13,11%",,12ddías,393.785,395.936 | 397.803 | 398.612 | 407.611 | 417.279 | 453.222,Portero
Patino,Deportivo,-8.074 | -16.110 | -23.345 | -57.442 | -136.383 | -407.937,"-1,48% | -2,92% | -4,17% | -9,68% | -20,29% | -43,22%",,37ddías,535.920,543.994 | 552.030 | 559.265 | 593.362 | 672.303 | 943.857,Mediocampista
Luismi,Deportivo,+2.430 | -6.449 | -39.398 | -349.443 | -1.218.426 | -3.603.785,"+0,04% | -0,11% | -0,66% | -5,58% | -17,09% | -37,87%",,1ddías,5.912.004,5.909.574 | 5.918.453 | 5.951.402 | 6.261.447 | 7.130.430 | 9.515.789,Delantero
Bil Nsongo,Deportivo,0 | 0 | 0 | 0 | 0 | 0,"0,00% | 0,00% | 0,00% | 0,00% | 0,00% | 0,00%",,34ddías,6.524.473,6.524.473 | 6.524.473 | 6.524.473 | 6.524.473 | 6.524.473 | 6.524.473,Delantero
Eddahchouri,Deportivo,-28.772 | -59.464 | -100.497 | -272.413 | -623.472 | -1.590.183,"-1,44% | -2,93% | -4,85% | -12,14% | -24,03% | -44,65%",,37ddías,1.971.334,2.000.106 | 2.030.798 | 2.071.831 | 2.243.747 | 2.594.806 | 3.561.517,Delantero
Osorio,Elche,0 | 0 | 0 | 0 | 0 | 0,"0,00% | 0,00% | 0,00% | 0,00% | 0,00% | 0,00%",,33ddías,1.405.425,1.405.425 | 1.405.425 | 1.405.425 | 1.405.425 | 1.405.425 | 1.405.425,Delantero
Herrero,Málaga,+187.061 | +349.354 | +508.320 | +608.245 | +1.084.525 | +1.236.554,"+2,45% | +4,67% | +6,94% | +8,42% | +16,08% | +18,75%",,5ddías,7.829.805,7.642.744 | 7.480.451 | 7.321.485 | 7.221.560 | 6.745.280 | 6.593.251,Portero
Céspedes,Málaga,0 | 0 | 0 | 0 | 0 | 0,"0,00% | 0,00% | 0,00% | 0,00% | 0,00% | 0,00%",,33ddías,401.498,401.498 | 401.498 | 401.498 | 401.498 | 401.498 | 401.498,Portero
Mella,Deportivo,+30.695 | +43.294 | +33.559 | -117.074 | -392.386 | -1.136.363,"+0,96% | +1,37% | +1,06% | -3,52% | -10,88% | -26,13%",,2ddías,3.213.308,3.182.613 | 3.170.014 | 3.179.749 | 3.330.382 | 3.605.694 | 4.349.671,Mediocampista
Puga,Málaga,-48.302 | -125.428 | -196.863 | -455.298 | -1.187.716 | -3.090.889,"-0,89% | -2,27% | -3,52% | -7,77% | -18,02% | -36,40%",,32ddías,5.401.633,5.449.935 | 5.527.061 | 5.598.496 | 5.856.931 | 6.589.349 | 8.492.522,Defensa
Murillo,Málaga,-72.884 | -147.646 | -222.619 | -541.834 | -1.181.985 | -3.133.560,"-3,10% | -6,09% | -8,91% | -19,23% | -34,19% | -57,93%",,37ddías,2.275.233,2.348.117 | 2.422.879 | 2.497.852 | 2.817.067 | 3.457.218 | 5.408.793,Defensa
Rafa GarridoRafita,Málaga,0 | 0 | 0 | 0 | 0 | 0,"0,00% | 0,00% | 0,00% | 0,00% | 0,00% | 0,00%",,33ddías,5.018.744,5.018.744 | 5.018.744 | 5.018.744 | 5.018.744 | 5.018.744 | 5.018.744,Defensa
Galilea,Málaga,-19.769 | -155.726 | -298.921 | -298.921 | -298.921 | -298.921,"-0,50% | -3,78% | -7,01% | -7,01% | -7,01% | -7,01%",,3ddías,3.967.011,3.986.780 | 4.122.737 | 4.265.932 | 4.265.932 | 4.265.932 | 4.265.932,Defensa
Dani Sánchez,Málaga,-18.353 | -33.024 | -51.243 | -134.956 | -289.262 | -840.851,"-2,29% | -4,05% | -6,15% | -14,71% | -26,99% | -51,79%",,37ddías,782.613,800.966 | 815.637 | 833.856 | 917.569 | 1.071.875 | 1.623.464,Defensa
Recio,Málaga,0 | 0 | 0 | 0 | 0 | 0,"0,00% | 0,00% | 0,00% | 0,00% | 0,00% | 0,00%",,33ddías,752.810,752.810 | 752.810 | 752.810 | 752.810 | 752.810 | 752.810,Defensa
Mario,Deportivo,+443.261 | +789.576 | +1.171.136 | +2.465.513 | +5.076.072 | +9.072.228,"+1,81% | +3,26% | +4,91% | +10,94% | +25,48% | +56,96%",,36ddías,25.000.646,24.557.385 | 24.211.070 | 23.829.510 | 22.535.133 | 19.924.574 | 15.928.418,Mediocampista
Jurado,Deportivo,-27.338 | -55.301 | -86.400 | -219.478 | -506.016 | -1.456.830,"-2,42% | -4,78% | -7,27% | -16,61% | -31,47% | -56,93%",,37ddías,1.101.986,1.129.324 | 1.157.287 | 1.188.386 | 1.321.464 | 1.608.002 | 2.558.816,Mediocampista
Puerto,Deportivo,-1.059 | -1.788 | -1.411 | -2.766 | -7.932 | -7.517,"-0,29% | -0,48% | -0,38% | -0,75% | -2,11% | -2,00%",,2ddías,367.558,368.617 | 369.346 | 368.969 | 370.324 | 375.490 | 375.075,Portero
Noubi,Deportivo,+180.889 | +338.061 | +595.346 | +1.519.015 | +3.193.634 | +3.081.751,"+1,59% | +3,01% | +5,43% | +15,14% | +38,21% | +36,38%",,19ddías,11.551.986,11.371.097 | 11.213.925 | 10.956.640 | 10.032.971 | 8.358.352 | 8.470.235,Defensa
Germán Parreño,Deportivo,-10.670 | -22.401 | -33.728 | -74.796 | -74.796 | -74.796,"-1,67% | -3,45% | -5,10% | -10,65% | -10,65% | -10,65%",,6ddías,627.837,638.507 | 650.238 | 661.565 | 702.633 | 702.633 | 702.633,Portero
Quagliata,Deportivo,+9.619 | +17.419 | +35.941 | +181.238 | +440.091 | -193.683,"+0,29% | +0,53% | +1,10% | +5,81% | +15,40% | -5,55%",,14ddías,3.298.413,3.288.794 | 3.280.994 | 3.262.472 | 3.117.175 | 2.858.322 | 3.492.096,Defensa
Loureiro,Deportivo,+16.463 | +26.659 | +36.808 | +28.828 | -106.389 | -692.381,"+0,43% | +0,70% | +0,97% | +0,76% | -2,71% | -15,33%",,3ddías,3.824.562,3.808.099 | 3.797.903 | 3.787.754 | 3.795.734 | 3.930.951 | 4.516.943,Defensa
Teijo,Deportivo,0 | 0 | 0 | 0 | 0 | 0,"0,00% | 0,00% | 0,00% | 0,00% | 0,00% | 0,00%",,34ddías,602.257,602.257 | 602.257 | 602.257 | 602.257 | 602.257 | 602.257,Defensa
Canedo,Deportivo,0 | 0 | 0 | 0 | 0 | 0,"0,00% | 0,00% | 0,00% | 0,00% | 0,00% | 0,00%",,34ddías,602.257,602.257 | 602.257 | 602.257 | 602.257 | 602.257 | 602.257,Defensa
Samu Fernández,Deportivo,0 | 0 | 0 | 0 | 0 | 0,"0,00% | 0,00% | 0,00% | 0,00% | 0,00% | 0,00%",,34ddías,702.633,702.633 | 702.633 | 702.633 | 702.633 | 702.633 | 702.633,Defensa
Comas,Deportivo,-17.867 | -36.104 | -53.965 | -136.023 | -309.636 | -921.858,"-2,27% | -4,47% | -6,54% | -15,00% | -28,65% | -54,46%",,37ddías,770.959,788.826 | 807.063 | 824.924 | 906.982 | 1.080.595 | 1.692.817,Defensa
Villares,Deportivo,-54.735 | -111.291 | -166.382 | -431.645 | -982.141 | -2.752.721,"-2,05% | -4,07% | -5,97% | -14,14% | -27,25% | -51,22%",,37ddías,2.621.634,2.676.369 | 2.732.925 | 2.788.016 | 3.053.279 | 3.603.775 | 5.374.355,Mediocampista
Barcia,Deportivo,-28.993 | -58.549 | -87.851 | -217.027 | -480.848 | -1.271.588,"-2,04% | -4,03% | -5,93% | -13,46% | -25,64% | -47,69%",,37ddías,1.394.771,1.423.764 | 1.453.320 | 1.482.622 | 1.611.798 | 1.875.619 | 2.666.359,Defensa
Ximo,Deportivo,-13.015 | -66.353 | -128.763 | -359.632 | -1.095.511 | -1.095.511,"-0,24% | -1,21% | -2,32% | -6,21% | -16,79% | -16,79%",,13ddías,5.428.962,5.441.977 | 5.495.315 | 5.557.725 | 5.788.594 | 6.524.473 | 6.524.473,Defensa
Pablo García,Deportivo,0 | 0 | 0 | -5.666 | -45.333 | -141.406,"0,00% | 0,00% | 0,00% | -1,19% | -8,81% | -23,17%",,4ddías,468.964,468.964 | 468.964 | 468.964 | 474.630 | 514.297 | 610.370,Defensa
Noé Carrillo,Deportivo,0 | 0 | 0 | 0 | 0 | 0,"0,00% | 0,00% | 0,00% | 0,00% | 0,00% | 0,00%",,34ddías,702.633,702.633 | 702.633 | 702.633 | 702.633 | 702.633 | 702.633,Mediocampista
Riki,Deportivo,-24.363 | -49.091 | -76.659 | -195.517 | -416.879 | -416.879,"-2,19% | -4,31% | -6,58% | -15,22% | -27,69% | -27,69%",,13ddías,1.088.767,1.113.130 | 1.137.858 | 1.165.426 | 1.284.284 | 1.505.646 | 1.505.646,Mediocampista
Rubén López,Deportivo,0 | 0 | 0 | 0 | 0 | 0,"0,00% | 0,00% | 0,00% | 0,00% | 0,00% | 0,00%",,34ddías,501.880,501.880 | 501.880 | 501.880 | 501.880 | 501.880 | 501.880,Mediocampista
Rayane,Atlético,0 | 0 | 0 | 0 | 0 | 0,"0,00% | 0,00% | 0,00% | 0,00% | 0,00% | 0,00%",,34ddías,678.006,678.006 | 678.006 | 678.006 | 678.006 | 678.006 | 678.006,Delantero
Santiago,Elche,-9.758 | -19.548 | -28.610 | -74.206 | -172.055 | -515.297,"-1,66% | -3,28% | -4,73% | -11,41% | -22,99% | -47,20%",,37ddías,576.329,586.087 | 595.877 | 604.939 | 650.535 | 748.384 | 1.091.626,Mediocampista
Valou,Getafe,0 | 0 | 0 | 0 | 0 | 0,"0,00% | 0,00% | 0,00% | 0,00% | 0,00% | 0,00%",,34ddías,602.292,602.292 | 602.292 | 602.292 | 602.292 | 602.292 | 602.292,Defensa
Kike Barja,Osasuna,0 | 0 | 0 | 0 | 0 | 0,"0,00% | 0,00% | 0,00% | 0,00% | 0,00% | 0,00%",,34ddías,2.810.828,2.810.828 | 2.810.828 | 2.810.828 | 2.810.828 | 2.810.828 | 2.810.828,Delantero
Nteka,Rayo,-23.398 | -47.819 | -75.530 | -202.206 | -456.957 | -1.293.185,"-1,73% | -3,48% | -5,39% | -13,23% | -25,63% | -49,38%",,37ddías,1.325.809,1.349.207 | 1.373.628 | 1.401.339 | 1.528.015 | 1.782.766 | 2.618.994,Delantero
Isi,Rayo,+518.007 | +957.237 | +929.278 | -707.307 | -3.956.005 | -427.438,"+3,17% | +6,02% | +5,83% | -4,03% | -19,00% | -2,47%",,2ddías,16.861.463,16.343.456 | 15.904.226 | 15.932.185 | 17.568.770 | 20.817.468 | 17.288.901,Delantero
Pep Chavarría,Rayo,-331.687 | -661.802 | -1.003.842 | -2.347.225 | -759.963 | +4.073.063,"-1,89% | -3,71% | -5,52% | -12,01% | -4,23% | +31,04%",,8ddías,17.194.720,17.526.407 | 17.856.522 | 18.198.562 | 19.541.945 | 17.954.683 | 13.121.657,Defensa
Ratiu,Rayo,-165.973 | -346.692 | -585.203 | -1.917.874 | -5.556.483 | -23.733.460,"-0,46% | -0,96% | -1,61% | -5,11% | -13,48% | 0%",,23ddías,35.650.517,35.816.490 | 35.997.209 | 36.235.720 | 37.568.391 | 41.207.000 | 0,Defensa
Dimitrievski,Valencia,+465.013 | +855.941 | +1.147.819 | +861.039 | +861.039 | +861.039,"+3,74% | +7,10% | +9,76% | +7,15% | +7,15% | +7,15%",,4ddías,12.906.916,12.441.903 | 12.050.975 | 11.759.097 | 12.045.877 | 12.045.877 | 12.045.877,Portero
Iker Muñoz,Osasuna,-8.449 | -22.497 | -40.363 | -139.123 | -385.399 | -1.341.470,"-0,61% | -1,60% | -2,83% | -9,13% | -21,76% | -49,19%",,37ddías,1.385.503,1.393.952 | 1.408.000 | 1.425.866 | 1.524.626 | 1.770.902 | 2.726.973,Mediocampista
Herrando,Osasuna,-38.053 | -70.412 | -110.235 | -292.018 | -672.760 | -2.039.659,"-2,09% | -3,80% | -5,82% | -14,08% | -27,40% | -53,37%",,37ddías,1.782.334,1.820.387 | 1.852.746 | 1.892.569 | 2.074.352 | 2.455.094 | 3.821.993,Defensa
Catena,Osasuna,-347.587 | -712.485 | -1.107.567 | -2.970.367 | -5.853.700 | +3.834.243,"-0,98% | -1,99% | -3,06% | -7,81% | -14,31% | +12,28%",,13ddías,35.052.703,35.400.290 | 35.765.188 | 36.160.270 | 38.023.070 | 40.906.403 | 31.218.460,Defensa
Ibáñez,Alavés,+1.729 | -14.782 | -34.113 | -135.582 | -434.945 | -2.008.612,"+0,05% | -0,45% | -1,04% | -4,02% | -11,85% | -38,30%",,1ddías,3.235.906,3.234.177 | 3.250.688 | 3.270.019 | 3.371.488 | 3.670.851 | 5.244.518,Mediocampista
Budimir,Osasuna,+773.380 | +1.352.034 | +1.400.693 | +627.179 | -2.669.879 | +9.572.786,"+1,63% | +2,88% | +2,99% | +1,32% | -5,24% | 0%",,3ddías,48.297.584,47.524.204 | 46.945.550 | 46.896.891 | 47.670.405 | 50.967.463 | 0,Delantero
Moi Gómez,Osasuna,-33.238 | -70.838 | -110.890 | -300.085 | -723.643 | -2.067.496,"-1,55% | -3,24% | -4,99% | -12,44% | -25,51% | -49,45%",,37ddías,2.113.127,2.146.365 | 2.183.965 | 2.224.017 | 2.413.212 | 2.836.770 | 4.180.623,Mediocampista
Rubén GarcíaRubén G.,Osasuna,+179.781 | +250.288 | +249.946 | -145.271 | -1.110.607 | -3.738.484,"+1,37% | +1,92% | +1,92% | -1,08% | -7,73% | -21,99%",,2ddías,13.264.533,13.084.752 | 13.014.245 | 13.014.587 | 13.409.804 | 14.375.140 | 17.003.017,Mediocampista
Aitor,Osasuna,-5.884 | -13.206 | -8.420 | -39.973 | -107.705 | -340.632,"-1,12% | -2,47% | -1,59% | -7,13% | -17,13% | -39,53%",,2ddías,520.980,526.864 | 534.186 | 529.400 | 560.953 | 628.685 | 861.612,Portero
Areso,Athletic,+40.801 | +96.243 | +138.737 | +327.832 | +257.467 | -595.072,"+1,52% | +3,66% | +5,36% | +13,67% | +10,43% | -17,91%",,9ddías,2.726.856,2.686.055 | 2.630.613 | 2.588.119 | 2.399.024 | 2.469.389 | 3.321.928,Defensa
Oroz,Osasuna,+160.011 | +369.979 | +497.943 | +568.265 | -671.021 | -3.869.036,"+1,04% | +2,44% | +3,31% | +3,80% | -4,14% | -19,95%",,5ddías,15.529.432,15.369.421 | 15.159.453 | 15.031.489 | 14.961.167 | 16.200.453 | 19.398.468,Mediocampista
Unai López,Rayo,+13.391 | -3.736 | -39.799 | -118.178 | -330.282 | -906.964,"+0,23% | -0,06% | -0,68% | -2,01% | -5,41% | -13,58%",,1ddías,5.770.382,5.756.991 | 5.774.118 | 5.810.181 | 5.888.560 | 6.100.664 | 6.677.346,Mediocampista
Villar,Elche,0 | 0 | 0 | 0 | 0 | 0,"0,00% | 0,00% | 0,00% | 0,00% | 0,00% | 0,00%",,34ddías,7.027.127,7.027.127 | 7.027.127 | 7.027.127 | 7.027.127 | 7.027.127 | 7.027.127,Mediocampista
Mayoral,Getafe,-9.406 | -21.809 | -34.492 | -147.116 | -418.893 | -1.292.209,"-0,31% | -0,72% | -1,13% | -4,67% | -12,23% | -30,07%",,37ddías,3.004.907,3.014.313 | 3.026.716 | 3.039.399 | 3.152.023 | 3.423.800 | 4.297.116,Delantero
Iglesias,Sevilla,0 | 0 | 0 | 0 | 0 | 0,"0,00% | 0,00% | 0,00% | 0,00% | 0,00% | 0,00%",,34ddías,12.548.352,12.548.352 | 12.548.352 | 12.548.352 | 12.548.352 | 12.548.352 | 12.548.352,Defensa
Herrera,Real Sociedad,-14.405 | -36.310 | -74.564 | -280.806 | -748.868 | -2.357.670,"-0,46% | -1,15% | -2,33% | -8,25% | -19,34% | -43,01%",,34ddías,3.124.029,3.138.434 | 3.160.339 | 3.198.593 | 3.404.835 | 3.872.897 | 5.481.699,Mediocampista
Eric Garcia,Barcelona,-609.695 | -1.203.388 | -1.805.170 | -5.142.222 | -13.136.756 | -13.136.756,"-1,31% | -2,54% | -3,77% | -10,04% | -22,18% | -22,18%",,13ddías,46.091.476,46.701.171 | 47.294.864 | 47.896.646 | 51.233.698 | 59.228.232 | 59.228.232,Defensa
Boyé,Alavés,-343.335 | -681.489 | -980.086 | -1.423.447 | -2.291.171 | -6.372.073,"-2,55% | -4,93% | -6,94% | -9,77% | -14,84% | -32,65%",,33ddías,13.144.549,13.487.884 | 13.826.038 | 14.124.635 | 14.567.996 | 15.435.720 | 19.516.622,Delantero
Miguel Ángel RubioMiguel Rubio,Espanyol,-10.725 | -21.523 | -31.635 | -81.888 | -189.961 | -571.106,"-1,76% | -3,47% | -5,01% | -12,02% | -24,06% | -48,79%",,37ddías,599.550,610.275 | 621.073 | 631.185 | 681.438 | 789.511 | 1.170.656,Defensa
S. Cardona,Villarreal,-31.351 | -52.134 | -82.449 | -214.501 | -480.261 | -1.113.764,"-0,66% | -1,09% | -1,71% | -4,33% | -9,21% | -19,05%",,30ddías,4.734.135,4.765.486 | 4.786.269 | 4.816.584 | 4.948.636 | 5.214.396 | 5.847.899,Defensa
Moncayola,Osasuna,+81.126 | +182.593 | +271.784 | +560.177 | +1.015.860 | +434.540,"+1,26% | +2,88% | +4,35% | +9,39% | +18,44% | +7,14%",,12ddías,6.524.417,6.443.291 | 6.341.824 | 6.252.633 | 5.964.240 | 5.508.557 | 6.089.877,Mediocampista
Javi Muñoz,Getafe,-11.139 | -24.691 | -37.671 | -99.221 | -232.885 | -702.799,"-1,65% | -3,58% | -5,36% | -12,98% | -25,93% | -51,37%",,37ddías,665.234,676.373 | 689.925 | 702.905 | 764.455 | 898.119 | 1.368.033,Mediocampista
Moleiro,Villarreal,+1.221.819 | +2.761.355 | +4.256.787 | +8.204.432 | +5.976.494 | -30.996.196,"+1,91% | +4,43% | +7,00% | +14,43% | +10,11% | 0%",,8ddías,65.064.272,63.842.453 | 62.302.917 | 60.807.485 | 56.859.840 | 59.087.778 | 0,Mediocampista
Valles,Betis,+869.542 | +1.781.197 | +2.654.572 | +6.397.067 | +12.645.681 | +19.722.729,"+2,86% | +6,04% | +9,27% | +25,71% | +67,87% | +170,68%",,36ddías,31.278.445,30.408.903 | 29.497.248 | 28.623.873 | 24.881.378 | 18.632.764 | 11.555.716,Portero
Copete,Valencia,-70.467 | -142.216 | -215.742 | -540.934 | -1.220.294 | -3.312.962,"-3,20% | -6,25% | -9,18% | -20,22% | -36,38% | -60,82%",,37ddías,2.134.009,2.204.476 | 2.276.225 | 2.349.751 | 2.674.943 | 3.354.303 | 5.446.971,Defensa
Herrera,Osasuna,+458.445 | +1.065.804 | +1.671.816 | +4.911.795 | +11.447.649 | +21.711.231,"+1,16% | +2,73% | +4,35% | +13,96% | +39,95% | +118,04%",,35ddías,40.104.663,39.646.218 | 39.038.859 | 38.432.847 | 35.192.868 | 28.657.014 | 18.393.432,Portero
Torró,Osasuna,-18.967 | -37.297 | -59.469 | -164.647 | -417.592 | -1.408.280,"-0,74% | -1,45% | -2,29% | -6,10% | -14,14% | -35,71%",,33ddías,2.535.863,2.554.830 | 2.573.160 | 2.595.332 | 2.700.510 | 2.953.455 | 3.944.143,Mediocampista
Cárdenas,Rayo,-10.795 | -22.435 | -33.424 | -84.812 | -180.269 | -568.782,"-1,71% | -3,49% | -5,12% | -12,04% | -22,53% | -47,86%",,37ddías,619.700,630.495 | 642.135 | 653.124 | 704.512 | 799.969 | 1.188.482,Portero
Álvaro García,Rayo,+111.894 | +303.848 | +456.660 | +1.083.988 | +2.693.320 | +4.875.800,"+0,64% | +1,75% | +2,65% | +6,53% | +17,96% | +38,04%",,21ddías,17.691.900,17.580.006 | 17.388.052 | 17.235.240 | 16.607.912 | 14.998.580 | 12.816.100,Mediocampista
Carmona,Sevilla,-31.719 | -59.729 | -93.207 | -254.790 | -642.806 | -1.932.608,"-0,71% | -1,34% | -2,07% | -5,46% | -12,72% | -30,46%",,32ddías,4.412.409,4.444.128 | 4.472.138 | 4.505.616 | 4.667.199 | 5.055.215 | 6.345.017,Defensa
Rüdiger,Real Madrid,-99.379 | -267.199 | -430.156 | -1.615.855 | -4.499.189 | -12.011.505,"-0,36% | -0,95% | -1,52% | -5,49% | -13,92% | -30,15%",,34ddías,27.822.495,27.921.874 | 28.089.694 | 28.252.651 | 29.438.350 | 32.321.684 | 39.834.000,Defensa
Pacheco,Real Sociedad,0 | 0 | 0 | 0 | 0 | 0,"0,00% | 0,00% | 0,00% | 0,00% | 0,00% | 0,00%",,34ddías,4.015.452,4.015.452 | 4.015.452 | 4.015.452 | 4.015.452 | 4.015.452 | 4.015.452,Defensa
Sadiq,Valencia,-172.151 | -405.299 | -631.683 | -1.604.531 | -3.641.726 | -7.500.674,"-2,37% | -5,40% | -8,17% | -18,43% | -33,90% | -51,37%",,35ddías,7.101.927,7.274.078 | 7.507.226 | 7.733.610 | 8.706.458 | 10.743.653 | 14.602.601,Delantero
Olasagasti,Levante,+87.792 | +172.096 | +241.776 | +386.005 | +317.574 | -1.257.951,"+2,20% | +4,40% | +6,30% | +10,44% | +8,44% | -23,56%",,9ddías,4.082.252,3.994.460 | 3.910.156 | 3.840.476 | 3.696.247 | 3.764.678 | 5.340.203,Mediocampista
Kubo,Real Sociedad,+322.453 | +463.070 | +380.093 | -1.380.874 | -4.959.535 | -9.461.205,"+1,45% | +2,10% | +1,71% | -5,77% | -18,03% | -29,56%",,2ddías,22.543.972,22.221.519 | 22.080.902 | 22.163.879 | 23.924.846 | 27.503.507 | 32.005.177,Mediocampista
Zakharyan,Real Sociedad,-27.945 | -56.076 | -85.849 | -221.029 | -495.791 | -1.418.409,"-2,45% | -4,81% | -7,17% | -16,60% | -30,86% | -56,08%",,37ddías,1.110.798,1.138.743 | 1.166.874 | 1.196.647 | 1.331.827 | 1.606.589 | 2.529.207,Mediocampista
Oyarzabal,Real Sociedad,-539.704 | -995.178 | -1.534.702 | -4.436.423 | -11.742.602 | -49.514.920,"-0,82% | -1,51% | -2,31% | -6,40% | -15,32% | 0%",,21ddías,64.896.254,65.435.958 | 65.891.432 | 66.430.956 | 69.332.677 | 76.638.856 | 0,Delantero
Marín,Real Sociedad,-48.415 | -106.664 | -163.070 | -418.642 | -943.006 | -2.606.658,"-2,69% | -5,74% | -8,52% | -19,30% | -35,01% | -59,82%",,37ddías,1.750.603,1.799.018 | 1.857.267 | 1.913.673 | 2.169.245 | 2.693.609 | 4.357.261,Mediocampista
Barrenetxea,Real Sociedad,-356.903 | -832.508 | -1.314.559 | -3.448.851 | -7.698.569 | +171.131,"-1,05% | -2,41% | -3,76% | -9,29% | -18,61% | +0,51%",,15ddías,33.677.428,34.034.331 | 34.509.936 | 34.991.987 | 37.126.279 | 41.375.997 | 33.506.297,Mediocampista
Zubeldia,Real Sociedad,+12.710 | -19.355 | -39.163 | -316.988 | -839.169 | -3.456.925,"+0,13% | -0,20% | -0,40% | -3,15% | -7,94% | -26,21%",,1ddías,9.730.834,9.718.124 | 9.750.189 | 9.769.997 | 10.047.822 | 10.570.003 | 13.187.759,Defensa
Aihen,Real Sociedad,-37.085 | -73.333 | -111.015 | -285.944 | -645.900 | -1.871.291,"-2,40% | -4,64% | -6,86% | -15,95% | -30,00% | -55,39%",,37ddías,1.507.288,1.544.373 | 1.580.621 | 1.618.303 | 1.793.232 | 2.153.188 | 3.378.579,Defensa
Odriozola,Real Sociedad,-11.976 | -24.076 | -35.545 | -91.813 | -213.096 | -638.028,"-1,87% | -3,68% | -5,34% | -12,73% | -25,29% | -50,33%",,37ddías,629.562,641.538 | 653.638 | 665.107 | 721.375 | 842.658 | 1.267.590,Defensa
Remiro,Real Sociedad,-362.801 | -793.376 | -904.604 | +662.537 | +8.147.113 | +21.738.274,"-0,81% | -1,75% | -1,99% | +1,51% | +22,33% | +94,92%",,3ddías,44.638.784,45.001.585 | 45.432.160 | 45.543.388 | 43.976.247 | 36.491.671 | 22.900.510,Portero
Güler,Real Madrid,-58.085 | -282.807 | -719.002 | -3.546.049 | -8.303.141 | -22.259.865,"-0,11% | -0,56% | -1,40% | -6,54% | -14,09% | -30,53%",,37ddías,50.641.571,50.699.656 | 50.924.378 | 51.360.573 | 54.187.620 | 58.944.712 | 72.901.436,Mediocampista
Mendy,Real Madrid,-18.765 | -37.938 | -56.774 | -145.712 | -331.450 | -963.449,"-2,31% | -4,57% | -6,68% | -15,53% | -29,49% | -54,87%",,37ddías,792.517,811.282 | 830.455 | 849.291 | 938.229 | 1.123.967 | 1.755.966,Defensa
Brahim,Real Madrid,-220.479 | -457.975 | -701.730 | -1.820.882 | -4.084.146 | -8.696.424,"-2,00% | -4,06% | -6,09% | -14,41% | -27,41% | -44,56%",,33ddías,10.818.384,11.038.863 | 11.276.359 | 11.520.114 | 12.639.266 | 14.902.530 | 19.514.808,Mediocampista
De Frutos,Rayo,-691.254 | -937.718 | -910.555 | +899.143 | +7.084.573 | +21.452.095,"-1,40% | -1,89% | -1,84% | +1,89% | +17,07% | +79,06%",,2ddías,48.586.012,49.277.266 | 49.523.730 | 49.496.567 | 47.686.869 | 41.501.439 | 27.133.917,Delantero
Militão,Real Madrid,-387.333 | -786.920 | -1.178.799 | -2.918.982 | -6.516.216 | -15.897.081,"-2,86% | -5,64% | -8,22% | -18,15% | -33,11% | -54,71%",,37ddías,13.161.850,13.549.183 | 13.948.770 | 14.340.649 | 16.080.832 | 19.678.066 | 29.058.931,Defensa
Balliu,Rayo,+20.021 | +38.437 | +45.346 | +47.871 | -47.323 | -435.802,"+2,36% | +4,63% | +5,50% | +5,83% | -5,16% | -33,39%",,5ddías,869.411,849.390 | 830.974 | 824.065 | 821.540 | 916.734 | 1.305.213,Defensa
Pathé Ciss,Rayo,+129.559 | +223.701 | +348.612 | +882.725 | +900.221 | +47.889,"+1,13% | +1,97% | +3,10% | +8,23% | +8,41% | +0,41%",,11ddías,11.602.289,11.472.730 | 11.378.588 | 11.253.677 | 10.719.564 | 10.702.068 | 11.554.400,Mediocampista
Valentín,Rayo,+46.959 | +77.959 | +80.353 | +75.639 | -279.806 | -1.860.550,"+1,35% | +2,26% | +2,34% | +2,20% | -7,36% | -34,58%",,5ddías,3.520.506,3.473.547 | 3.442.547 | 3.440.153 | 3.444.867 | 3.800.312 | 5.381.056,Mediocampista
Lejeune,Rayo,-78.950 | -314.846 | -493.827 | -2.101.018 | -6.875.534 | -37.670.290,"-0,21% | -0,82% | -1,27% | -5,20% | -15,22% | 0%",,23ddías,38.311.794,38.390.744 | 38.626.640 | 38.805.621 | 40.412.812 | 45.187.328 | 0,Defensa
Camello,Rayo,-12.819 | -21.358 | -32.659 | -110.629 | -341.092 | -1.512.165,"-0,41% | -0,68% | -1,04% | -3,44% | -9,90% | -32,77%",,37ddías,3.102.757,3.115.576 | 3.124.115 | 3.135.416 | 3.213.386 | 3.443.849 | 4.614.922,Delantero
Courtois,Real Madrid,+792.676 | +1.323.646 | +1.120.116 | -138.777 | -1.614.442 | +8.346.675,"+1,39% | +2,34% | +1,98% | -0,24% | -2,72% | +16,88%",,2ddías,57.802.911,57.010.235 | 56.479.265 | 56.682.795 | 57.941.688 | 59.417.353 | 49.456.236,Portero
Rubén Gómez,Villarreal,0 | 0 | 0 | 0 | 0 | 0,"0,00% | 0,00% | 0,00% | 0,00% | 0,00% | 0,00%",,34ddías,602.292,602.292 | 602.292 | 602.292 | 602.292 | 602.292 | 602.292,Portero
Fran García,Betis,0 | 0 | 0 | 0 | 0 | 0,"0,00% | 0,00% | 0,00% | 0,00% | 0,00% | 0,00%",,35ddías,9.591.157,9.591.157 | 9.591.157 | 9.591.157 | 9.591.157 | 9.591.157 | 9.591.157,Defensa
Vinicius,Real Madrid,+1.842.694 | +3.789.592 | +5.664.257 | +5.606.642 | -2.351.414 | -48.957.747,"+1,78% | +3,72% | +5,67% | +5,61% | -2,18% | 0%",,5ddías,105.538.772,103.696.078 | 101.749.180 | 99.874.515 | 99.932.130 | 107.890.186 | 0,Delantero
Rodrygo,Real Madrid,-76.360 | -156.891 | -236.081 | -545.870 | -1.175.520 | -2.139.974,"-2,30% | -4,61% | -6,78% | -14,39% | -26,58% | -39,72%",,27ddías,3.247.392,3.323.752 | 3.404.283 | 3.483.473 | 3.793.262 | 4.422.912 | 5.387.366,Delantero
Camavinga,Real Madrid,-240.032 | -471.019 | -707.696 | -1.917.459 | -4.311.051 | -10.431.994,"-2,16% | -4,14% | -6,10% | -14,96% | -28,35% | -48,91%",,37ddías,10.897.272,11.137.304 | 11.368.291 | 11.604.968 | 12.814.731 | 15.208.323 | 21.329.266,Mediocampista
Lunin,Real Madrid,-36.905 | -72.691 | -104.214 | -247.019 | -498.028 | -1.429.023,"-1,63% | -3,16% | -4,46% | -9,97% | -18,25% | -39,04%",,37ddías,2.230.992,2.267.897 | 2.303.683 | 2.335.206 | 2.478.011 | 2.729.020 | 3.660.015,Portero
Valverde,Real Madrid,-413.584 | -1.215.702 | -1.887.655 | -4.527.940 | -9.091.561 | -28.923.122,"-0,59% | -1,71% | -2,62% | -6,07% | -11,49% | -29,23%",,37ddías,70.032.174,70.445.758 | 71.247.876 | 71.919.829 | 74.560.114 | 79.123.735 | 98.955.296,Mediocampista
Tchouaméni,Real Madrid,-621.707 | -1.220.709 | -1.742.722 | -4.473.604 | -10.779.491 | -12.284.478,"-1,40% | -2,71% | -3,83% | -9,27% | -19,76% | -21,92%",,22ddías,43.759.540,44.381.247 | 44.980.249 | 45.502.262 | 48.233.144 | 54.539.031 | 56.044.018,Mediocampista
Soria,Getafe,-617.433 | -1.279.088 | -1.279.088 | -1.279.088 | -1.279.088 | -1.279.088,"-3,31% | -6,63% | -6,63% | -6,63% | -6,63% | -6,63%",,2ddías,18.017.266,18.634.699 | 19.296.354 | 19.296.354 | 19.296.354 | 19.296.354 | 19.296.354,Portero
Aleñá,Alavés,-18.510 | -52.047 | -88.220 | -312.477 | -767.115 | -2.287.503,"-0,47% | -1,30% | -2,19% | -7,35% | -16,31% | -36,75%",,37ddías,3.937.375,3.955.885 | 3.989.422 | 4.025.595 | 4.249.852 | 4.704.490 | 6.224.878,Mediocampista
Le Normand,Atlético,-96.972 | -202.593 | -289.928 | -702.807 | -1.485.680 | -3.490.917,"-0,97% | -2,00% | -2,84% | -6,61% | -13,01% | -26,00%",,32ddías,9.936.307,10.033.279 | 10.138.900 | 10.226.235 | 10.639.114 | 11.421.987 | 13.427.224,Defensa
Sancet,Athletic,-993.461 | -1.622.570 | -1.678.364 | +317.695 | +7.303.302 | +22.185.760,"-1,93% | -3,12% | -3,22% | +0,63% | +16,92% | +78,46%",,3ddías,50.462.604,51.456.065 | 52.085.174 | 52.140.968 | 50.144.909 | 43.159.302 | 28.276.844,Mediocampista
Molina,Atlético,-75.054 | -158.640 | -234.963 | -573.611 | -977.028 | -1.846.206,"-1,84% | -3,82% | -5,55% | -12,55% | -19,64% | -31,60%",,32ddías,3.997.014,4.072.068 | 4.155.654 | 4.231.977 | 4.570.625 | 4.974.042 | 5.843.220,Defensa
M. Llorente,Atlético,-675.146 | -1.483.731 | -2.278.989 | -5.784.093 | -13.201.826 | -1.958.586,"-1,27% | -2,74% | -4,15% | -9,89% | -20,04% | -3,58%",,17ddías,52.674.778,53.349.924 | 54.158.509 | 54.953.767 | 58.458.871 | 65.876.604 | 54.633.364,Defensa
Oblak,Atlético,-365.295 | -995.398 | -1.399.123 | -599.025 | +3.316.192 | +14.153.265,"-0,67% | -1,81% | -2,53% | -1,10% | +6,54% | +35,53%",,4ddías,53.987.173,54.352.468 | 54.982.571 | 55.386.296 | 54.586.198 | 50.670.981 | 39.833.908,Portero
Koke,Atlético,0 | 0 | 0 | 0 | 0 | 0,"0,00% | 0,00% | 0,00% | 0,00% | 0,00% | 0,00%",,34ddías,17.767.671,17.767.671 | 17.767.671 | 17.767.671 | 17.767.671 | 17.767.671 | 17.767.671,Mediocampista
Giménez,Atlético,-113.524 | -226.395 | -340.334 | -841.050 | -1.869.059 | -4.686.660,"-2,24% | -4,37% | -6,42% | -14,50% | -27,37% | -48,59%",,32ddías,4.959.413,5.072.937 | 5.185.808 | 5.299.747 | 5.800.463 | 6.828.472 | 9.646.073,Defensa
Egiluz,Athletic,-3.631 | -7.040 | -9.455 | -25.575 | -58.710 | -161.996,"-0,84% | -1,61% | -2,15% | -5,62% | -12,03% | -27,40%",,37ddías,429.303,432.934 | 436.343 | 438.758 | 454.878 | 488.013 | 591.299,Defensa
Prados,Athletic,-31.945 | -58.816 | -90.207 | -237.375 | -532.131 | -1.532.595,"-2,05% | -3,71% | -5,58% | -13,46% | -25,86% | -50,11%",,37ddías,1.525.773,1.557.718 | 1.584.589 | 1.615.980 | 1.763.148 | 2.057.904 | 3.058.368,Mediocampista
Villalibre,Racing,-241.100 | -497.539 | -497.539 | -497.539 | -497.539 | -497.539,"-3,32% | -6,61% | -6,61% | -6,61% | -6,61% | -6,61%",,2ddías,7.030.407,7.271.507 | 7.527.946 | 7.527.946 | 7.527.946 | 7.527.946 | 7.527.946,Delantero
Yuri,Athletic,-32.615 | -189.391 | -334.952 | -1.115.087 | -2.666.552 | -5.377.437,"-0,26% | -1,47% | -2,57% | -8,08% | -17,36% | -29,76%",,22ddías,12.690.338,12.722.953 | 12.879.729 | 13.025.290 | 13.805.425 | 15.356.890 | 18.067.775,Defensa
R. de Galarreta,Athletic,+173.996 | +375.460 | +632.130 | +1.252.866 | +1.442.201 | +99.237,"+1,48% | +3,26% | +5,61% | +11,78% | +13,80% | +0,84%",,12ddías,11.892.384,11.718.388 | 11.516.924 | 11.260.254 | 10.639.518 | 10.450.183 | 11.793.147,Mediocampista
Agirrezabala,Racing,0 | 0 | 0 | 0 | 0 | 0,"0,00% | 0,00% | 0,00% | 0,00% | 0,00% | 0,00%",,34ddías,2.911.085,2.911.085 | 2.911.085 | 2.911.085 | 2.911.085 | 2.911.085 | 2.911.085,Portero
Guruzeta,Athletic,+237.473 | +455.510 | +568.627 | +1.104.871 | +1.469.750 | -198.791,"+1,83% | +3,56% | +4,49% | +9,11% | +12,49% | -1,48%",,11ddías,13.237.206,12.999.733 | 12.781.696 | 12.668.579 | 12.132.335 | 11.767.456 | 13.435.997,Delantero
N. Williams,Athletic,-1.380.648 | -2.701.131 | -4.146.675 | -8.513.811 | -3.079.438 | +25.761.991,"-2,00% | -3,85% | -5,79% | -11,20% | -4,36% | 0%",,7ddías,67.515.706,68.896.354 | 70.216.837 | 71.662.381 | 76.029.517 | 70.595.144 | 0,Delantero
I. Williams,Athletic,-318.081 | -724.097 | -1.127.957 | -1.927.860 | +577.830 | +6.076.291,"-1,11% | -2,50% | -3,84% | -6,40% | +2,09% | +27,45%",,6ddías,28.214.467,28.532.548 | 28.938.564 | 29.342.424 | 30.142.327 | 27.636.637 | 22.138.176,Delantero
Berenguer,Athletic,-91.639 | -218.854 | -288.081 | -773.856 | -1.612.195 | -2.931.240,"-0,98% | -2,32% | -3,03% | -7,75% | -14,89% | -24,14%",,28ddías,9.213.329,9.304.968 | 9.432.183 | 9.501.410 | 9.987.185 | 10.825.524 | 12.144.569,Delantero
Barrios,Atlético,-654.295 | -1.686.484 | -2.764.500 | -7.592.062 | -11.025.917 | +1.658.218,"-1,52% | -3,83% | -6,13% | -15,22% | -20,68% | +4,08%",,11ddías,42.297.560,42.951.855 | 43.984.044 | 45.062.060 | 49.889.622 | 53.323.477 | 40.639.342,Mediocampista
Kike García,Espanyol,-132.019 | -267.714 | -406.082 | -1.014.132 | -1.881.073 | -4.444.595,"-3,19% | -6,27% | -9,22% | -20,22% | -31,98% | -52,63%",,35ddías,4.000.474,4.132.493 | 4.268.188 | 4.406.556 | 5.014.606 | 5.881.547 | 8.445.069,Delantero
Gorosabel,Athletic,-65.823 | -139.035 | -215.685 | -557.416 | -1.239.154 | -3.040.967,"-2,61% | -5,37% | -8,08% | -18,52% | -33,57% | -55,36%",,37ddías,2.452.370,2.518.193 | 2.591.405 | 2.668.055 | 3.009.786 | 3.691.524 | 5.493.337,Defensa
Abqar,Getafe,+183.403 | +330.665 | +477.853 | +1.047.699 | +1.801.432 | +694.286,"+2,84% | +5,25% | +7,77% | +18,77% | +37,31% | +11,70%",,16ddías,6.630.106,6.446.703 | 6.299.441 | 6.152.253 | 5.582.407 | 4.828.674 | 5.935.820,Defensa
Guevara,Alavés,-22.697 | -45.764 | -71.793 | -193.350 | -457.168 | -1.356.544,"-1,87% | -3,69% | -5,67% | -13,94% | -27,69% | -53,19%",,37ddías,1.193.639,1.216.336 | 1.239.403 | 1.265.432 | 1.386.989 | 1.650.807 | 2.550.183,Mediocampista
Blanco,Alavés,-29.742 | -122.250 | -219.372 | -793.638 | -2.143.161 | +13.214.705,"-0,20% | -0,81% | -1,44% | -5,01% | -12,47% | 0%",,29ddías,15.047.824,15.077.566 | 15.170.074 | 15.267.196 | 15.841.462 | 17.190.985 | 0,Mediocampista
Rioja,Valencia,-453.670 | -922.768 | -1.391.480 | -3.478.126 | -5.223.731 | -9.637.903,"-3,16% | -6,23% | -9,10% | -20,02% | -27,32% | -40,96%",,37ddías,13.893.615,14.347.285 | 14.816.383 | 15.285.095 | 17.371.741 | 19.117.346 | 23.531.518,Mediocampista
Tenaglia,Alavés,-24.767 | -36.169 | -105.307 | -298.850 | -895.659 | -2.959.841,"-0,17% | -0,25% | -0,73% | -2,04% | -5,87% | -17,08%",,37ddías,14.365.898,14.390.665 | 14.402.067 | 14.471.205 | 14.664.748 | 15.261.557 | 17.325.739,Defensa
Guridi,Sevilla,0 | 0 | 0 | 0 | 0 | 0,"0,00% | 0,00% | 0,00% | 0,00% | 0,00% | 0,00%",,34ddías,5.019.315,5.019.315 | 5.019.315 | 5.019.315 | 5.019.315 | 5.019.315 | 5.019.315,Mediocampista
Yeray,Athletic,+79.503 | +154.897 | +221.066 | +439.867 | +293.454 | -485.804,"+1,83% | +3,62% | +5,25% | +11,01% | +7,09% | -9,88%",,9ddías,4.433.457,4.353.954 | 4.278.560 | 4.212.391 | 3.993.590 | 4.140.003 | 4.919.261,Defensa
Rebbach,Alavés,-92.945 | -176.884 | -260.001 | -597.424 | -1.241.348 | -3.665.020,"-2,28% | -4,26% | -6,13% | -13,05% | -23,78% | -47,95%",,35ddías,3.978.856,4.071.801 | 4.155.740 | 4.238.857 | 4.576.280 | 5.220.204 | 7.643.876,Delantero
Carlos BenavidezProtesoni,Alavés,0 | 0 | 0 | 0 | 0 | 0,"0,00% | 0,00% | 0,00% | 0,00% | 0,00% | 0,00%",,34ddías,3.011.588,3.011.588 | 3.011.588 | 3.011.588 | 3.011.588 | 3.011.588 | 3.011.588,Mediocampista
Pubill,Atlético,-1.332.650 | -2.743.478 | -4.033.012 | -10.147.869 | -5.450.700 | +17.134.831,"-2,07% | -4,17% | -6,01% | -13,86% | -7,95% | +37,30%",,8ddías,63.071.824,64.404.474 | 65.815.302 | 67.104.836 | 73.219.693 | 68.522.524 | 45.936.993,Defensa
Unai Simón,Athletic,-853.973 | -1.814.706 | -2.491.216 | -1.414.556 | +8.767.427 | +32.746.735,"-1,48% | -3,10% | -4,20% | -2,43% | +18,27% | +136,37%",,4ddías,56.760.604,57.614.577 | 58.575.310 | 59.251.820 | 58.175.160 | 47.993.177 | 24.013.869,Portero
Vivian,Athletic,-360.398 | -725.900 | -1.090.548 | -2.654.784 | -5.680.337 | -9.172.333,"-2,95% | -5,77% | -8,43% | -18,30% | -32,40% | -43,63%",,26ddías,11.849.257,12.209.655 | 12.575.157 | 12.939.805 | 14.504.041 | 17.529.594 | 21.021.590,Defensa
Paredes,Athletic,+93.650 | +210.654 | +265.401 | +479.518 | +366.157 | -1.143.276,"+2,03% | +4,68% | +5,97% | +11,33% | +8,43% | -19,53%",,9ddías,4.710.014,4.616.364 | 4.499.360 | 4.444.613 | 4.230.496 | 4.343.857 | 5.853.290,Defensa
Galán,Celta,-470.598 | -753.337 | -753.337 | -753.337 | -753.337 | -884.040,"-3,32% | -5,20% | -5,20% | -5,20% | -5,20% | -6,05%",,2ddías,13.722.492,14.193.090 | 14.475.829 | 14.475.829 | 14.475.829 | 14.475.829 | 14.606.532,Defensa
Riquelme,Betis,+130.511 | +191.201 | +231.793 | +250.111 | -27.590 | -1.282.593,"+3,71% | +5,53% | +6,78% | +7,36% | -0,75% | -26,01%",,5ddías,3.648.192,3.517.681 | 3.456.991 | 3.416.399 | 3.398.081 | 3.675.782 | 4.930.785,Mediocampista
Djené,Getafe,0 | 0 | 0 | 0 | 0 | 0,"0,00% | 0,00% | 0,00% | 0,00% | 0,00% | 0,00%",,34ddías,8.432.492,8.432.492 | 8.432.492 | 8.432.492 | 8.432.492 | 8.432.492 | 8.432.492,Defensa
Ayoze,Villarreal,+235.679 | +357.266 | +264.135 | -176.701 | -956.638 | -3.150.803,"+1,48% | +2,25% | +1,66% | -1,08% | -5,57% | -16,28%",,2ddías,16.204.294,15.968.615 | 15.847.028 | 15.940.159 | 16.380.995 | 17.160.932 | 19.355.097,Delantero
Sotelo,Levante,0 | 0 | 0 | 0 | 0 | -429.462,"0,00% | 0,00% | 0,00% | 0,00% | 0,00% | -23,70%",,12ddías,1.382.803,1.382.803 | 1.382.803 | 1.382.803 | 1.382.803 | 1.382.803 | 1.812.265,Mediocampista
Swedberg,Celta,-86.308 | -152.121 | -240.292 | -584.299 | -1.302.291 | -4.242.099,"-1,04% | -1,83% | -2,86% | -6,67% | -13,74% | -34,16%",,34ddías,8.174.728,8.261.036 | 8.326.849 | 8.415.020 | 8.759.027 | 9.477.019 | 12.416.827,Mediocampista
Iván Villar,Celta,-18.750 | -39.568 | -62.880 | -162.087 | -349.682 | -1.108.673,"-1,78% | -3,69% | -5,74% | -13,57% | -25,30% | -51,78%",,37ddías,1.032.354,1.051.104 | 1.071.922 | 1.095.234 | 1.194.441 | 1.382.036 | 2.141.027,Portero
Aspas,Celta,-112.818 | -240.717 | -352.332 | -826.887 | -1.773.425 | -4.388.023,"-1,49% | -3,13% | -4,51% | -9,98% | -19,21% | -37,04%",,31ddías,7.458.034,7.570.852 | 7.698.751 | 7.810.366 | 8.284.921 | 9.231.459 | 11.846.057,Delantero
Carles Pérez,Celta,-37.477 | -76.533 | -117.126 | -295.861 | -666.853 | -316.421,"-2,79% | -5,53% | -8,22% | -18,45% | -33,77% | 0%",,14ddías,1.307.645,1.345.122 | 1.384.178 | 1.424.771 | 1.603.506 | 1.974.498 | 0,Delantero
Dotor,Málaga,0 | 0 | 0 | 0 | 0 | +4.403,"0,00% | 0,00% | 0,00% | 0,00% | 0,00% | 0%",,21ddías,4.014.904,4.014.904 | 4.014.904 | 4.014.904 | 4.014.904 | 4.014.904 | 0,Mediocampista
U. Núñez,Espanyol,-23.210 | -47.332 | -85.649 | -312.633 | -996.852 | -1.428.021,"-0,64% | -1,30% | -2,33% | -8,01% | -21,73% | -28,45%",,17ddías,3.591.093,3.614.303 | 3.638.425 | 3.676.742 | 3.903.726 | 4.587.945 | 5.019.114,Defensa
Starfelt,Celta,+284.026 | +574.802 | +788.891 | +1.843.473 | +3.335.233 | +2.454.358,"+2,15% | +4,44% | +6,20% | +15,80% | +32,77% | +22,19%",,14ddías,13.514.400,13.230.374 | 12.939.598 | 12.725.509 | 11.670.927 | 10.179.167 | 11.060.042,Defensa
Chust,Elche,0 | 0 | 0 | 0 | 0 | 0,"0,00% | 0,00% | 0,00% | 0,00% | 0,00% | 0,00%",,34ddías,5.019.376,5.019.376 | 5.019.376 | 5.019.376 | 5.019.376 | 5.019.376 | 5.019.376,Defensa
Navarro,Athletic,+8.516 | +9.898 | -1.357 | -51.658 | -213.204 | -888.612,"+0,41% | +0,48% | -0,07% | -2,43% | -9,32% | -29,98%",,2ddías,2.075.379,2.066.863 | 2.065.481 | 2.076.736 | 2.127.037 | 2.288.583 | 2.963.991,Mediocampista
Ruibal,Betis,-79.997 | -162.631 | -245.674 | -617.244 | -1.386.264 | -3.766.313,"-3,02% | -5,95% | -8,72% | -19,36% | -35,03% | -59,43%",,37ddías,2.570.648,2.650.645 | 2.733.279 | 2.816.322 | 3.187.892 | 3.956.912 | 6.336.961,Delantero
Isco,Betis,-394.646 | -866.969 | -1.385.880 | -4.496.984 | -15.439.910 | +45.779.026,"-0,69% | -1,51% | -2,39% | -7,35% | -21,41% | 0%",,21ddías,56.671.537,57.066.183 | 57.538.506 | 58.057.417 | 61.168.521 | 72.111.447 | 0,Mediocampista
Marc Roca,Betis,+69.076 | +145.675 | +222.489 | +487.662 | +634.364 | -315.296,"+1,34% | +2,86% | +4,44% | +10,28% | +13,80% | -5,68%",,11ddías,5.231.957,5.162.881 | 5.086.282 | 5.009.468 | 4.744.295 | 4.597.593 | 5.547.253,Mediocampista
Bartra,Betis,+224.462 | +519.684 | +777.873 | +1.921.904 | +3.914.271 | +8.197.134,"+0,82% | +1,91% | +2,89% | +7,45% | +16,44% | +41,97%",,31ddías,27.726.365,27.501.903 | 27.206.681 | 26.948.492 | 25.804.461 | 23.812.094 | 19.529.231,Defensa
Iglesias,Celta,-290.242 | -702.997 | -1.175.320 | -3.319.582 | -3.931.075 | +9.603.254,"-1,03% | -2,45% | -4,03% | -10,60% | -12,31% | 0%",,10ddías,27.999.803,28.290.045 | 28.702.800 | 29.175.123 | 31.319.385 | 31.930.878 | 0,Delantero
Balde,Barcelona,-98.270 | -296.555 | -657.900 | -2.801.987 | -5.704.908 | +2.599.201,"-0,43% | -1,27% | -2,78% | -10,86% | -19,87% | +12,74%",,15ddías,23.007.083,23.105.353 | 23.303.638 | 23.664.983 | 25.809.070 | 28.711.991 | 20.407.882,Defensa
F. de Jong,Barcelona,-981.601 | -1.984.561 | -3.008.061 | -7.547.078 | -15.106.175 | -15.106.175,"-3,21% | -6,29% | -9,23% | -20,34% | -33,82% | -33,82%",,13ddías,29.565.965,30.547.566 | 31.550.526 | 32.574.026 | 37.113.043 | 44.672.140 | 44.672.140,Mediocampista
Gavi,Barcelona,-822.686 | -1.648.112 | -2.419.562 | -3.791.576 | -361.660 | +9.290.108,"-2,30% | -4,50% | -6,46% | -9,77% | -1,02% | +36,12%",,6ddías,35.009.782,35.832.468 | 36.657.894 | 37.429.344 | 38.801.358 | 35.371.442 | 25.719.674,Mediocampista
Ferran,Barcelona,-1.915.830 | -3.905.023 | -5.910.730 | -10.174.064 | +708.767 | +4.022.220,"-2,97% | -5,88% | -8,64% | -14,00% | +1,15% | +6,88%",,6ddías,62.496.630,64.412.460 | 66.401.653 | 68.407.360 | 72.670.694 | 61.787.863 | 58.474.410,Delantero
Pedri,Barcelona,-653.064 | -1.360.827 | -1.875.383 | -5.392.366 | -12.692.250 | -89.711.862,"-0,73% | -1,51% | -2,07% | -5,72% | -12,50% | 0%",,20ddías,88.825.730,89.478.794 | 90.186.557 | 90.701.113 | 94.218.096 | 101.517.980 | 0,Mediocampista
Raphinha,Barcelona,+2.485.548 | +4.920.537 | +6.646.643 | +6.305.526 | +748.477 | -23.766.344,"+3,35% | +6,85% | +9,48% | +8,95% | +0,98% | -23,64%",,5ddías,76.787.126,74.301.578 | 71.866.589 | 70.140.483 | 70.481.600 | 76.038.649 | 100.553.470,Delantero
A. Christensen,Barcelona,0 | 0 | 0 | 0 | 0 | 0,"0,00% | 0,00% | 0,00% | 0,00% | 0,00% | 0,00%",,34ddías,5.019.340,5.019.340 | 5.019.340 | 5.019.340 | 5.019.340 | 5.019.340 | 5.019.340,Defensa
M. Alonso,Celta,-234.457 | -529.288 | -926.926 | -41.862.831 | -41.862.831 | -41.862.831,"-0,78% | -1,74% | -3,01% | 0% | 0% | 0%",,5ddías,29.841.288,30.075.745 | 30.370.576 | 30.768.214 | 0 | 0 | 0,Defensa
Koundé,Barcelona,-646.061 | -1.393.436 | -2.107.350 | -5.459.710 | -9.430.757 | +3.422.981,"-1,47% | -3,11% | -4,64% | -11,19% | -17,87% | +8,57%",,13ddías,43.349.869,43.995.930 | 44.743.305 | 45.457.219 | 48.809.579 | 52.780.626 | 39.926.888,Defensa
Abde,Betis,-1.287.132 | -2.586.217 | -3.842.405 | -9.469.620 | -21.811.018 | -83.177.386,"-2,57% | -5,04% | -7,31% | -16,28% | -30,93% | 0%",,21ddías,48.704.731,49.991.863 | 51.290.948 | 52.547.136 | 58.174.351 | 70.515.749 | 0,Delantero
Yamal,Barcelona,-225.736 | -91.010 | +372.069 | +138.135 | -5.764.581 | +58.415.792,"-0,18% | -0,07% | +0,29% | +0,11% | -4,29% | 0%",,1ddías,128.711.975,128.937.711 | 128.802.985 | 128.339.906 | 128.573.840 | 134.476.556 | 0,Delantero
Casadó,Barcelona,-24.613 | -58.819 | -91.907 | -187.983 | -338.623 | -883.236,"-1,35% | -3,16% | -4,85% | -9,44% | -15,81% | -32,88%",,37ddías,1.802.640,1.827.253 | 1.861.459 | 1.894.547 | 1.990.623 | 2.141.263 | 2.685.876,Mediocampista
Cubarsí,Barcelona,-1.170.993 | -2.613.349 | -3.862.929 | -9.516.146 | -17.918.989 | +12.967.057,"-1,42% | -3,12% | -4,54% | -10,49% | -18,08% | +19,00%",,13ddías,81.203.198,82.374.191 | 83.816.547 | 85.066.127 | 90.719.344 | 99.122.187 | 68.236.141,Defensa
Fermín,Barcelona,+1.006.145 | +1.148.211 | +1.003.002 | -1.763.760 | -6.347.784 | -31.130.571,"+1,70% | +1,95% | +1,70% | -2,85% | -9,55% | -34,12%",,2ddías,60.118.939,59.112.794 | 58.970.728 | 59.115.937 | 61.882.699 | 66.466.723 | 91.249.510,Mediocampista
Bellerín,Betis,+345.713 | +532.636 | +833.118 | +1.833.809 | +3.192.728 | +2.392.505,"+2,67% | +4,17% | +6,68% | +16,00% | +31,60% | +21,94%",,14ddías,13.296.189,12.950.476 | 12.763.553 | 12.463.071 | 11.462.380 | 10.103.461 | 10.903.684,Defensa
Guido,Valencia,-232.061 | -502.198 | -802.697 | +24.378.171 | +24.378.171 | +24.378.171,"-0,87% | -1,87% | -2,96% | 0% | 0% | 0%",,5ddías,26.303.712,26.535.773 | 26.805.910 | 27.106.409 | 0 | 0 | 0,Mediocampista
Turrientes,Real Sociedad,+66.741 | +85.067 | +41.821 | -337.785 | -1.080.519 | -3.487.519,"+0,98% | +1,26% | +0,61% | -4,69% | -13,61% | -33,71%",,2ddías,6.859.638,6.792.897 | 6.774.571 | 6.817.817 | 7.197.423 | 7.940.157 | 10.347.157,Mediocampista
Bellingham,Real Madrid,-777.438 | -1.363.979 | -1.959.423 | -4.859.857 | -11.556.872 | -42.616.620,"-0,86% | -1,50% | -2,13% | -5,13% | -11,40% | 0%",,20ddías,89.819.369,90.596.807 | 91.183.348 | 91.778.792 | 94.679.226 | 101.376.241 | 0,Mediocampista
Marrero,Real Sociedad,-25.123 | -54.846 | -83.529 | -204.229 | -440.163 | -1.357.856,"-2,03% | -4,33% | -6,45% | -14,42% | -26,64% | -52,84%",,37ddías,1.211.813,1.236.936 | 1.266.659 | 1.295.342 | 1.416.042 | 1.651.976 | 2.569.669,Portero
Padilla,Athletic,0 | 0 | 0 | 0 | 0 | 0,"0,00% | 0,00% | 0,00% | 0,00% | 0,00% | 0,00%",,34ddías,1.505.588,1.505.588 | 1.505.588 | 1.505.588 | 1.505.588 | 1.505.588 | 1.505.588,Portero
Javi Rodríguez,Celta,0 | 0 | 0 | 0 | 0 | 0,"0,00% | 0,00% | 0,00% | 0,00% | 0,00% | 0,00%",,34ddías,10.037.652,10.037.652 | 10.037.652 | 10.037.652 | 10.037.652 | 10.037.652 | 10.037.652,Defensa
Durán,Celta,-32.147 | -66.120 | -100.214 | -249.338 | -547.448 | -1.469.765,"-2,76% | -5,51% | -8,12% | -18,02% | -32,55% | -56,44%",,37ddías,1.134.337,1.166.484 | 1.200.457 | 1.234.551 | 1.383.675 | 1.681.785 | 2.604.102,Delantero
Natan,Betis,-638.038 | -1.096.074 | -1.136.342 | +404.553 | +5.647.819 | +15.922.485,"-1,48% | -2,52% | -2,61% | +0,96% | +15,34% | +60,01%",,3ddías,42.453.828,43.091.866 | 43.549.902 | 43.590.170 | 42.049.275 | 36.806.009 | 26.531.343,Defensa
Bernal,Barcelona,+255.793 | +512.100 | +784.066 | +1.934.078 | +2.483.463 | +2.483.463,"+4,38% | +9,17% | +14,76% | +46,46% | +68,72% | +68,72%",,11ddías,6.097.387,5.841.594 | 5.585.287 | 5.313.321 | 4.163.309 | 3.613.924 | 3.613.924,Mediocampista
Martín,Barcelona,+919.448 | +1.781.759 | +2.617.500 | +4.669.876 | +2.639.129 | +2.639.129,"+2,85% | +5,68% | +8,57% | +16,39% | +8,65% | +8,65%",,7ddías,33.156.725,32.237.277 | 31.374.966 | 30.539.225 | 28.486.849 | 30.517.596 | 30.517.596,Defensa
Toni Martinez,Alavés,-120.109 | -231.846 | -396.389 | -1.432.301 | -3.540.328 | +21.159.825,"-0,47% | -0,91% | -1,55% | -5,37% | -12,30% | 0%",,26ddías,25.243.818,25.363.927 | 25.475.664 | 25.640.207 | 26.676.119 | 28.784.146 | 0,Delantero
Musso,Atlético,-107.583 | -212.073 | -324.233 | -781.862 | -1.630.503 | -4.297.800,"-2,20% | -4,25% | -6,36% | -14,07% | -25,45% | -47,36%",,37ddías,4.776.586,4.884.169 | 4.988.659 | 5.100.819 | 5.558.448 | 6.407.089 | 9.074.386,Portero
Fraga,Real Sociedad,0 | 0 | 0 | 0 | 0 | 0,"0,00% | 0,00% | 0,00% | 0,00% | 0,00% | 0,00%",,34ddías,602.234,602.234 | 602.234 | 602.234 | 602.234 | 602.234 | 602.234,Portero
Mario Martín,Getafe,0 | 0 | 0 | 0 | 0 | 0,"0,00% | 0,00% | 0,00% | 0,00% | 0,00% | 0,00%",,34ddías,4.015.472,4.015.472 | 4.015.472 | 4.015.472 | 4.015.472 | 4.015.472 | 4.015.472,Mediocampista
Benito,Osasuna,-9.683 | -19.395 | -28.376 | -73.612 | -170.671 | -510.982,"-1,66% | -3,27% | -4,71% | -11,36% | -22,90% | -47,07%",,37ddías,574.534,584.217 | 593.929 | 602.910 | 648.146 | 745.205 | 1.085.516,Delantero
Leo Román,Deportivo,+649.383 | +1.335.196 | +2.229.954 | +6.104.733 | +10.055.760 | +32.868.571,"+1,91% | +4,00% | +6,86% | +21,32% | +40,74% | 0%",,13ddías,34.736.993,34.087.610 | 33.401.797 | 32.507.039 | 28.632.260 | 24.681.233 | 0,Portero
Ferrer,Getafe,0 | 0 | 0 | 0 | 0 | 0,"0,00% | 0,00% | 0,00% | 0,00% | 0,00% | 0,00%",,34ddías,702.705,702.705 | 702.705 | 702.705 | 702.705 | 702.705 | 702.705,Portero
Boiro,Athletic,-7.231 | -14.389 | -20.710 | -53.018 | -123.807 | -342.979,"-1,38% | -2,71% | -3,86% | -9,32% | -19,36% | -39,94%",,21ddías,515.702,522.933 | 530.091 | 536.412 | 568.720 | 639.509 | 858.681,Defensa
Jauregizar,Athletic,+283.048 | +657.590 | +982.022 | +2.257.035 | +4.925.477 | +11.470.795,"+1,03% | +2,43% | +3,67% | +8,85% | +21,56% | +70,38%",,36ddías,27.768.868,27.485.820 | 27.111.278 | 26.786.846 | 25.511.833 | 22.843.391 | 16.298.073,Mediocampista
Alvarez,Atlético,+168.253 | +163.766 | +95.139 | -1.441.280 | -5.980.516 | +21.526.030,"+0,24% | +0,24% | +0,14% | -2,03% | -7,91% | 0%",,1ddías,69.614.424,69.446.171 | 69.450.658 | 69.519.285 | 71.055.704 | 75.594.940 | 0,Delantero
Jon Martín,Real Sociedad,0 | 0 | 0 | 0 | 0 | 0,"0,00% | 0,00% | 0,00% | 0,00% | 0,00% | 0,00%",,34ddías,30.111.790,30.111.790 | 30.111.790 | 30.111.790 | 30.111.790 | 30.111.790 | 30.111.790,Defensa
Pape Gueye,Villarreal,+704.538 | +1.439.211 | +2.269.532 | +5.525.792 | +8.224.883 | -17.590,"+1,50% | +3,11% | +5,00% | +13,10% | +20,84% | -0,04%",,12ddías,47.692.253,46.987.715 | 46.253.042 | 45.422.721 | 42.166.461 | 39.467.370 | 47.709.843,Mediocampista
Peque,Sevilla,-30.121 | -63.995 | -102.047 | -255.000 | -639.981 | -1.963.168,"-1,57% | -3,28% | -5,13% | -11,90% | -25,32% | -50,98%",,37ddías,1.887.791,1.917.912 | 1.951.786 | 1.989.838 | 2.142.791 | 2.527.772 | 3.850.959,Delantero
Ejuke,Sevilla,-36.044 | -66.375 | -100.493 | -266.337 | -607.250 | -1.735.113,"-1,26% | -2,30% | -3,45% | -8,65% | -17,75% | -38,15%",,37ddías,2.813.483,2.849.527 | 2.879.858 | 2.913.976 | 3.079.820 | 3.420.733 | 4.548.596,Delantero
Kambwala,Villarreal,-24.971 | -48.715 | -74.517 | -191.628 | -449.456 | -1.333.769,"-2,00% | -3,84% | -5,75% | -13,56% | -26,90% | -52,20%",,37ddías,1.221.276,1.246.247 | 1.269.991 | 1.295.793 | 1.412.904 | 1.670.732 | 2.555.045,Defensa
Andrés Martín,Racing,-155.965 | -342.356 | -601.264 | -1.814.978 | -4.004.392 | +17.761.314,"-0,79% | -1,72% | -2,99% | -8,51% | -17,03% | 0%",,28ddías,19.512.622,19.668.587 | 19.854.978 | 20.113.886 | 21.327.600 | 23.517.014 | 0,Delantero
Danjuma,Valencia,+82.137 | +161.872 | +266.050 | +644.324 | +551.086 | -572.270,"+1,66% | +3,32% | +5,57% | +14,66% | +12,28% | -10,20%",,9ddías,5.039.929,4.957.792 | 4.878.057 | 4.773.879 | 4.395.605 | 4.488.843 | 5.612.199,Delantero
Pépé,Villarreal,-27.957 | -301.883 | -778.613 | -3.175.591 | -9.471.660 | -42.811.944,"-0,06% | -0,61% | -1,56% | -6,07% | -16,16% | 0%",,22ddías,49.152.993,49.180.950 | 49.454.876 | 49.931.606 | 52.328.584 | 58.624.653 | 0,Delantero
Losada,Betis,0 | 0 | 0 | 0 | 0 | 0,"0,00% | 0,00% | 0,00% | 0,00% | 0,00% | 0,00%",,34ddías,2.509.378,2.509.378 | 2.509.378 | 2.509.378 | 2.509.378 | 2.509.378 | 2.509.378,Delantero
Uche,Getafe,-792.302 | -1.592.340 | -2.416.041 | +10.635.522 | +10.635.522 | +10.635.522,"-3,28% | -6,39% | -9,38% | 0% | 0% | 0%",,5ddías,23.330.271,24.122.573 | 24.922.611 | 25.746.312 | 0 | 0 | 0,Delantero
D. Llorente,Betis,+147.154 | +366.728 | +609.930 | +1.496.948 | +3.171.458 | +3.555.143,"+1,16% | +2,94% | +4,99% | +13,20% | +32,81% | +38,30%",,21ddías,12.838.640,12.691.486 | 12.471.912 | 12.228.710 | 11.341.692 | 9.667.182 | 9.283.497,Defensa
Bretones,Osasuna,+138.300 | +268.729 | +378.975 | +858.222 | +1.460.996 | +1.284.691,"+4,21% | +8,52% | +12,46% | +33,49% | +74,54% | +60,13%",,19ddías,3.421.077,3.282.777 | 3.152.348 | 3.042.102 | 2.562.855 | 1.960.081 | 2.136.386,Defensa
Pedro Díaz,Rayo,-29.904 | -61.507 | -91.314 | -191.729 | -429.833 | -1.433.682,"-1,58% | -3,19% | -4,67% | -9,32% | -18,73% | -43,47%",,38ddías,1.864.693,1.894.597 | 1.926.200 | 1.956.007 | 2.056.422 | 2.294.526 | 3.298.375,Mediocampista
L. Sucic,Real Sociedad,-25.581 | -60.350 | -100.937 | -238.727 | -571.224 | -1.831.323,"-0,70% | -1,63% | -2,70% | -6,16% | -13,57% | -33,48%",,34ddías,3.639.318,3.664.899 | 3.699.668 | 3.740.255 | 3.878.045 | 4.210.542 | 5.470.641,Mediocampista
Álvaro,Deportivo,-79.624 | -163.301 | -252.502 | -583.086 | -1.166.228 | -3.459.838,"-1,58% | -3,18% | -4,84% | -10,50% | -19,01% | -41,05%",,37ddías,4.967.837,5.047.461 | 5.131.138 | 5.220.339 | 5.550.923 | 6.134.065 | 8.427.675,Portero
Letácek,Getafe,-15.409 | -32.473 | -49.433 | -123.179 | -271.354 | -848.394,"-2,01% | -4,13% | -6,16% | -14,06% | -26,49% | -52,98%",,37ddías,752.948,768.357 | 785.421 | 802.381 | 876.127 | 1.024.302 | 1.601.342,Portero
Hugo Álvarez,Celta,-43.285 | -80.492 | -124.143 | -357.305 | -905.213 | -2.722.036,"-1,37% | -2,52% | -3,83% | -10,28% | -22,49% | -46,60%",,37ddías,3.118.915,3.162.200 | 3.199.407 | 3.243.058 | 3.476.220 | 4.024.128 | 5.840.951,Mediocampista
Aramburu,Real Sociedad,+159.653 | +454.146 | +690.505 | +1.697.044 | +4.566.510 | +8.349.015,"+0,96% | +2,79% | +4,31% | +11,30% | +37,59% | +99,79%",,36ddías,16.715.967,16.556.314 | 16.261.821 | 16.025.462 | 15.018.923 | 12.149.457 | 8.366.952,Defensa
Carreira,Celta,-17 | -37.783 | -57.288 | -213.222 | -542.234 | -2.376.369,"0,00% | -0,56% | -0,85% | -3,08% | -7,47% | -26,13%",,31ddías,6.717.809,6.717.826 | 6.755.592 | 6.775.097 | 6.931.031 | 7.260.043 | 9.094.178,Defensa
Garcés,Alavés,-13.161 | -26.496 | -39.251 | -99.783 | -233.109 | -672.043,"-1,96% | -3,87% | -5,63% | -13,17% | -26,16% | -50,53%",,37ddías,658.005,671.166 | 684.501 | 697.256 | 757.788 | 891.114 | 1.330.048,Defensa
Román,Celta,+61.056 | +124.463 | +163.549 | +133.026 | -359.710 | -2.320.824,"+1,17% | +2,42% | +3,20% | +2,59% | -6,39% | -30,58%",,5ddías,5.267.571,5.206.515 | 5.143.108 | 5.104.022 | 5.134.545 | 5.627.281 | 7.588.395,Mediocampista
Cucho,Betis,-588.704 | -1.285.400 | -1.962.276 | -5.339.032 | -10.068.191 | +2.195.991,"-1,26% | -2,71% | -4,08% | -10,38% | -17,93% | +5,00%",,13ddías,46.088.620,46.677.324 | 47.374.020 | 48.050.896 | 51.427.652 | 56.156.811 | 43.892.629,Delantero
Buchanan,Villarreal,-218.824 | -440.472 | -621.192 | -918.291 | -412.034 | +3.462.816,"-1,14% | -2,28% | -3,18% | -4,63% | -2,13% | +22,41%",,6ddías,18.915.749,19.134.573 | 19.356.221 | 19.536.941 | 19.834.040 | 19.327.783 | 15.452.933,Mediocampista
Valera,Elche,-122.115 | -172.663 | -269.465 | -937.568 | -2.531.426 | -39.693.527,"-0,52% | -0,73% | -1,14% | -3,85% | -9,75% | 0%",,28ddías,23.435.850,23.557.965 | 23.608.513 | 23.705.315 | 24.373.418 | 25.967.276 | 0,Mediocampista
Jiménez,Real Madrid,0 | 0 | 0 | 0 | 0 | 0,"0,00% | 0,00% | 0,00% | 0,00% | 0,00% | 0,00%",,34ddías,602.248,602.248 | 602.248 | 602.248 | 602.248 | 602.248 | 602.248,Defensa
Mestre,Real Madrid,0 | 0 | 0 | 0 | 0 | 0,"0,00% | 0,00% | 0,00% | 0,00% | 0,00% | 0,00%",,34ddías,677.860,677.860 | 677.860 | 677.860 | 677.860 | 677.860 | 677.860,Portero
Lago,Celta,0 | 0 | 0 | 0 | 0 | 0,"0,00% | 0,00% | 0,00% | 0,00% | 0,00% | 0,00%",,34ddías,702.633,702.633 | 702.633 | 702.633 | 702.633 | 702.633 | 702.633,Defensa
El-Abdellaoui,Celta,0 | 0 | 0 | 0 | 0 | 0,"0,00% | 0,00% | 0,00% | 0,00% | 0,00% | 0,00%",,34ddías,1.304.893,1.304.893 | 1.304.893 | 1.304.893 | 1.304.893 | 1.304.893 | 1.304.893,Delantero
Antony,Betis,-492.060 | -1.238.321 | -1.907.265 | -5.122.715 | -13.121.729 | -18.794.917,"-0,82% | -2,04% | -3,11% | -7,95% | -18,11% | -24,06%",,24ddías,59.327.165,59.819.225 | 60.565.486 | 61.234.430 | 64.449.880 | 72.448.894 | 78.122.082,Delantero
Sannadi,Athletic,-3.979 | -7.750 | -10.542 | -28.334 | -65.140 | -173.893,"-0,90% | -1,74% | -2,35% | -6,08% | -12,96% | -28,44%",,37ddías,437.642,441.621 | 445.392 | 448.184 | 465.976 | 502.782 | 611.535,Delantero
Pablo Ramón,Racing,-7.620 | -15.184 | -15.184 | -7.391 | -66.172 | -76.541,"-1,43% | -2,81% | -2,81% | -1,39% | -11,19% | 0%",,2ddías,525.033,532.653 | 540.217 | 540.217 | 532.424 | 591.205 | 0,Defensa
Guille,Barcelona,0 | 0 | 0 | 0 | 0 | 0,"0,00% | 0,00% | 0,00% | 0,00% | 0,00% | 0,00%",,34ddías,702.705,702.705 | 702.705 | 702.705 | 702.705 | 702.705 | 702.705,Mediocampista
Toni Fernández,Barcelona,0 | 0 | 0 | 0 | 0 | 0,"0,00% | 0,00% | 0,00% | 0,00% | 0,00% | 0,00%",,34ddías,602.319,602.319 | 602.319 | 602.319 | 602.319 | 602.319 | 602.319,Delantero
Vargas,Sevilla,-316.119 | -579.999 | -791.022 | -1.157.961 | +22.202.203 | +22.202.203,"-1,15% | -2,09% | -2,83% | -4,09% | 0% | 0%",,9ddías,27.133.158,27.449.277 | 27.713.157 | 27.924.180 | 28.291.119 | 0 | 0,Delantero
Roberto,Espanyol,+178.837 | +388.768 | +558.000 | +929.147 | +728.186 | -399.644,"+2,83% | +6,37% | +9,41% | +16,71% | +12,64% | -5,80%",,7ddías,6.489.358,6.310.521 | 6.100.590 | 5.931.358 | 5.560.211 | 5.761.172 | 6.889.002,Delantero
Luiz Junior,Villarreal,-640.723 | -1.119.850 | -1.256.557 | +228.181 | +7.147.446 | +17.062.054,"-1,59% | -2,74% | -3,06% | +0,58% | +21,92% | +75,20%",,3ddías,39.750.382,40.391.105 | 40.870.232 | 41.006.939 | 39.522.201 | 32.602.936 | 22.688.328,Portero
Risco,Getafe,0 | 0 | 0 | 0 | 0 | 0,"0,00% | 0,00% | 0,00% | 0,00% | 0,00% | 0,00%",,34ddías,702.705,702.705 | 702.705 | 702.705 | 702.705 | 702.705 | 702.705,Mediocampista
Logan Costa,Villarreal,-23.146 | -45.585 | -73.175 | -180.705 | -431.990 | -1.278.769,"-1,71% | -3,31% | -5,20% | -11,93% | -24,47% | -48,95%",,37ddías,1.333.579,1.356.725 | 1.379.164 | 1.406.754 | 1.514.284 | 1.765.569 | 2.612.348,Defensa
Iturbe,Elche,0 | 0 | 0 | 0 | 0 | 0,"0,00% | 0,00% | 0,00% | 0,00% | 0,00% | 0,00%",,34ddías,802.099,802.099 | 802.099 | 802.099 | 802.099 | 802.099 | 802.099,Portero
Lo Celso,Betis,-705.651 | -1.011.659 | -971.852 | +825.333 | +6.246.185 | +18.316.488,"-1,70% | -2,43% | -2,33% | +2,07% | +18,13% | +81,84%",,2ddías,40.696.178,41.401.829 | 41.707.837 | 41.668.030 | 39.870.845 | 34.449.993 | 22.379.690,Mediocampista
Otorbi,Valencia,0 | 0 | 0 | 0 | 0 | 0,"0,00% | 0,00% | 0,00% | 0,00% | 0,00% | 0,00%",,34ddías,602.292,602.292 | 602.292 | 602.292 | 602.292 | 602.292 | 602.292,Delantero
Manu González,Betis,0 | 0 | 0 | 0 | 0 | 0,"0,00% | 0,00% | 0,00% | 0,00% | 0,00% | 0,00%",,34ddías,581.691,581.691 | 581.691 | 581.691 | 581.691 | 581.691 | 581.691,Portero
Alfon,Sevilla,0 | 0 | 0 | 0 | 0 | 0,"0,00% | 0,00% | 0,00% | 0,00% | 0,00% | 0,00%",,34ddías,7.026.761,7.026.761 | 7.026.761 | 7.026.761 | 7.026.761 | 7.026.761 | 7.026.761,Delantero
De la Sías,Rayo,0 | 0 | 0 | 0 | 0 | 0,"0,00% | 0,00% | 0,00% | 0,00% | 0,00% | 0,00%",,34ddías,602.234,602.234 | 602.234 | 602.234 | 602.234 | 602.234 | 602.234,Defensa
Asencio,Real Madrid,-154.161 | -314.810 | -478.514 | -1.210.467 | -2.623.408 | -5.827.254,"-2,98% | -5,91% | -8,71% | -19,45% | -34,35% | -53,75%",,37ddías,5.013.850,5.168.011 | 5.328.660 | 5.492.364 | 6.224.317 | 7.637.258 | 10.841.104,Defensa
Óskarsson,Real Sociedad,-138.151 | -270.101 | -402.266 | -981.145 | -2.025.889 | -5.773.806,"-1,67% | -3,22% | -4,72% | -10,77% | -19,95% | -41,53%",,37ddías,8.127.914,8.266.065 | 8.398.015 | 8.530.180 | 9.109.059 | 10.153.803 | 13.901.720,Delantero
Pau Navarro,Villarreal,-105.851 | -193.831 | -290.843 | -655.525 | -1.657.518 | -5.235.684,"-1,12% | -2,04% | -3,02% | -6,57% | -15,09% | -35,96%",,37ddías,9.324.691,9.430.542 | 9.518.522 | 9.615.534 | 9.980.216 | 10.982.209 | 14.560.375,Defensa
Etta Eyong,Levante,+421.250 | +994.369 | +1.571.812 | +4.011.112 | +8.644.107 | +12.759.323,"+1,72% | +4,15% | +6,73% | +19,17% | +53,08% | +104,84%",,36ddías,24.930.127,24.508.877 | 23.935.758 | 23.358.315 | 20.919.015 | 16.286.020 | 12.170.804,Delantero
Szczesny,Barcelona,-61.232 | -119.405 | -180.559 | -436.224 | -708.995 | -708.995,"-2,39% | -4,56% | -6,74% | -14,86% | -22,10% | -22,10%",,10ddías,2.499.405,2.560.637 | 2.618.810 | 2.679.964 | 2.935.629 | 3.208.400 | 3.208.400,Portero
Spina,Atlético,0 | 0 | 0 | 0 | 0 | 0,"0,00% | 0,00% | 0,00% | 0,00% | 0,00% | 0,00%",,34ddías,702.702,702.702 | 702.702 | 702.702 | 702.702 | 702.702 | 702.702,Defensa
Serrano,Atlético,-3.629 | -7.035 | -9.446 | -25.551 | -58.655 | -161.828,"-0,84% | -1,61% | -2,15% | -5,62% | -12,02% | -27,38%",,37ddías,429.234,432.863 | 436.269 | 438.680 | 454.785 | 487.889 | 591.062,Mediocampista
Sergio Gómez,Real Sociedad,-59.837 | -103.671 | -174.946 | -656.726 | -1.705.304 | -5.838.853,"-0,33% | -0,57% | -0,96% | -3,51% | -8,63% | -24,43%",,37ddías,18.061.969,18.121.806 | 18.165.640 | 18.236.915 | 18.718.695 | 19.767.273 | 23.900.822,Defensa
Olmo,Barcelona,-851.312 | -1.579.870 | -2.395.896 | -6.881.815 | -16.036.361 | -39.223.471,"-1,29% | -2,36% | -3,54% | -9,54% | -19,73% | 0%",,21ddías,65.256.259,66.107.571 | 66.836.129 | 67.652.155 | 72.138.074 | 81.292.620 | 0,Mediocampista
Endrick,Real Madrid,-88.135 | -211.572 | -318.399 | -694.784 | -1.415.314 | +6.355.469,"-1,26% | -2,97% | -4,40% | -9,12% | -16,98% | 0%",,14ddías,6.921.458,7.009.593 | 7.133.030 | 7.239.857 | 7.616.242 | 8.336.772 | 0,Delantero
Gerard,Villarreal,-232.891 | -500.278 | -639.657 | -1.181.222 | -3.185.212 | -10.052.462,"-0,81% | -1,73% | -2,20% | -3,99% | -10,08% | -26,13%",,37ddías,28.414.363,28.647.254 | 28.914.641 | 29.054.020 | 29.595.585 | 31.599.575 | 38.466.825,Delantero
Fran Pérez,Rayo,-17.006 | -35.225 | -53.599 | -133.649 | -307.666 | -858.796,"-2,00% | -4,06% | -6,06% | -13,85% | -27,01% | -50,81%",,37ddías,831.481,848.487 | 866.706 | 885.080 | 965.130 | 1.139.147 | 1.690.277,Mediocampista
Carlos Martín,Atlético,0 | 0 | 0 | 0 | 0 | 0,"0,00% | 0,00% | 0,00% | 0,00% | 0,00% | 0,00%",,34ddías,2.218.490,2.218.490 | 2.218.490 | 2.218.490 | 2.218.490 | 2.218.490 | 2.218.490,Mediocampista
Hugo González,Celta,0 | 0 | 0 | 0 | 0 | 0,"0,00% | 0,00% | 0,00% | 0,00% | 0,00% | 0,00%",,34ddías,1.505.646,1.505.646 | 1.505.646 | 1.505.646 | 1.505.646 | 1.505.646 | 1.505.646,Mediocampista
Tárrega,Valencia,-16.361 | -38.292 | -70.660 | -265.963 | -686.050 | -3.048.328,"-0,18% | -0,43% | -0,79% | -2,91% | -7,18% | -25,57%",,37ddías,8.872.997,8.889.358 | 8.911.289 | 8.943.657 | 9.138.960 | 9.559.047 | 11.921.325,Defensa
Iranzo,Valencia,0 | 0 | 0 | 0 | 0 | 0,"0,00% | 0,00% | 0,00% | 0,00% | 0,00% | 0,00%",,34ddías,602.292,602.292 | 602.292 | 602.292 | 602.292 | 602.292 | 602.292,Defensa
Comesaña,Villarreal,+743.631 | +1.617.605 | +2.345.868 | +4.685.039 | +3.525.973 | -2.608.287,"+2,36% | +5,27% | +7,83% | +16,96% | +12,25% | -7,47%",,10ddías,32.307.977,31.564.346 | 30.690.372 | 29.962.109 | 27.622.938 | 28.782.004 | 34.916.264,Mediocampista
Foyth,Villarreal,+239.946 | +437.822 | +547.134 | +346.204 | -1.324.703 | -1.324.703,"+2,18% | +4,06% | +5,12% | +3,18% | -10,56% | -10,56%",,5ddías,11.223.086,10.983.140 | 10.785.264 | 10.675.952 | 10.876.882 | 12.547.789 | 12.547.789,Defensa
Foulquier,Valencia,-73.712 | -149.616 | -225.787 | -548.785 | -1.060.537 | -1.188.543,"-2,84% | -5,59% | -8,21% | -17,85% | -29,57% | -32,00%",,15ddías,2.525.601,2.599.313 | 2.675.217 | 2.751.388 | 3.074.386 | 3.586.138 | 3.714.144,Defensa
Sörloth,Atlético,-104.729 | -378.677 | -637.674 | -1.753.090 | -4.216.965 | -12.163.774,"-0,41% | -1,47% | -2,44% | -6,44% | -14,22% | -32,34%",,37ddías,25.447.952,25.552.681 | 25.826.629 | 26.085.626 | 27.201.042 | 29.664.917 | 37.611.726,Delantero
Baena,Atlético,-996.181 | -2.014.272 | -3.167.792 | -8.411.105 | -14.485.148 | +9.094.298,"-1,74% | -3,45% | -5,32% | -12,98% | -20,44% | +19,23%",,13ddías,56.387.632,57.383.813 | 58.401.904 | 59.555.424 | 64.798.737 | 70.872.780 | 47.293.334,Mediocampista
Femenia,Getafe,+59.710 | +101.595 | +110.530 | +28.177 | -234.745 | -1.729.408,"+1,65% | +2,84% | +3,09% | +0,77% | -5,99% | -31,96%",,3ddías,3.682.187,3.622.477 | 3.580.592 | 3.571.657 | 3.654.010 | 3.916.932 | 5.411.595,Defensa
Terrats,Getafe,0 | 0 | 0 | 0 | 0 | 0,"0,00% | 0,00% | 0,00% | 0,00% | 0,00% | 0,00%",,34ddías,2.810.495,2.810.495 | 2.810.495 | 2.810.495 | 2.810.495 | 2.810.495 | 2.810.495,Mediocampista
Denis Suárez,Alavés,-32.757 | -72.497 | -117.035 | -328.453 | -836.388 | -2.626.125,"-1,24% | -2,69% | -4,28% | -11,15% | -24,21% | -50,08%",,37ddías,2.618.192,2.650.949 | 2.690.689 | 2.735.227 | 2.946.645 | 3.454.580 | 5.244.317,Mediocampista
Akhomach,Villarreal,-111.512 | -240.557 | -364.555 | -952.028 | -2.218.784 | -2.493.821,"-1,97% | -4,16% | -6,18% | -14,67% | -28,61% | -31,06%",,15ddías,5.536.300,5.647.812 | 5.776.857 | 5.900.855 | 6.488.328 | 7.755.084 | 8.030.121,Delantero
Jesús Vázquez,Valencia,-20.050 | -39.665 | -68.118 | -248.588 | -614.520 | -1.861.176,"-1,16% | -2,26% | -3,82% | -12,67% | -26,41% | -52,08%",,37ddías,1.712.752,1.732.802 | 1.752.417 | 1.780.870 | 1.961.340 | 2.327.272 | 3.573.928,Defensa
Pepelu,Valencia,-20.976 | -77.361 | -134.389 | -514.555 | -1.236.564 | -3.381.190,"-0,28% | -1,03% | -1,77% | -6,46% | -14,23% | -31,20%",,32ddías,7.455.535,7.476.511 | 7.532.896 | 7.589.924 | 7.970.090 | 8.692.099 | 10.836.725,Mediocampista
Manu Sánchez,Levante,0 | 0 | 0 | 0 | 0 | -484.326,"0,00% | 0,00% | 0,00% | 0,00% | 0,00% | -8,04%",,12ddías,5.538.185,5.538.185 | 5.538.185 | 5.538.185 | 5.538.185 | 5.538.185 | 6.022.511,Defensa
Manu Bueno,Sevilla,0 | 0 | 0 | 0 | 0 | 0,"0,00% | 0,00% | 0,00% | 0,00% | 0,00% | 0,00%",,34ddías,802.099,802.099 | 802.099 | 802.099 | 802.099 | 802.099 | 802.099,Mediocampista
Urko,Espanyol,-8.773 | -24.663 | -51.438 | -197.553 | -518.550 | -1.899.120,"-0,18% | -0,52% | -1,07% | -3,99% | -9,84% | -28,55%",,34ddías,4.752.540,4.761.313 | 4.777.203 | 4.803.978 | 4.950.093 | 5.271.090 | 6.651.660,Mediocampista
Dmitrovic,Espanyol,+494.185 | +1.110.552 | +1.716.522 | +4.760.975 | +11.412.757 | +20.287.484,"+1,36% | +3,11% | +4,89% | +14,84% | +44,89% | +122,60%",,36ddías,36.835.548,36.341.363 | 35.724.996 | 35.119.026 | 32.074.573 | 25.422.791 | 16.548.064,Portero
Gattoni,Sevilla,-3.876 | -7.539 | -10.219 | -27.515 | -63.230 | -176.085,"-0,88% | -1,70% | -2,29% | -5,95% | -12,69% | -28,81%",,37ddías,435.166,439.042 | 442.705 | 445.385 | 462.681 | 498.396 | 611.251,Defensa
Pedrosa,Sevilla,0 | 0 | 0 | 0 | 0 | 0,"0,00% | 0,00% | 0,00% | 0,00% | 0,00% | 0,00%",,34ddías,3.312.788,3.312.788 | 3.312.788 | 3.312.788 | 3.312.788 | 3.312.788 | 3.312.788,Defensa
Mariano,Alavés,-22.227 | -45.637 | -69.291 | -172.553 | -416.212 | -1.254.256,"-2,17% | -4,35% | -6,46% | -14,68% | -29,34% | -55,58%",,37ddías,1.002.586,1.024.813 | 1.048.223 | 1.071.877 | 1.175.139 | 1.418.798 | 2.256.842,Delantero
Marcão,Sevilla,-13.869 | -27.942 | -41.465 | -106.845 | -239.292 | -690.729,"-2,01% | -3,97% | -5,79% | -13,67% | -26,17% | -50,58%",,37ddías,675.008,688.877 | 702.950 | 716.473 | 781.853 | 914.300 | 1.365.737,Defensa
Diakhaby,Valencia,-111.528 | -246.675 | -381.641 | -961.596 | -2.075.547 | -2.880.108,"-1,78% | -3,85% | -5,84% | -13,51% | -25,22% | -31,88%",,17ddías,6.154.300,6.265.828 | 6.400.975 | 6.535.941 | 7.115.896 | 8.229.847 | 9.034.408,Defensa
Diego López,Valencia,-74.606 | -151.127 | -229.130 | -568.053 | -1.256.215 | -3.285.345,"-3,08% | -6,04% | -8,88% | -19,46% | -34,82% | -58,29%",,37ddías,2.351.169,2.425.775 | 2.502.296 | 2.580.299 | 2.919.222 | 3.607.384 | 5.636.514,Delantero
Canós,Valencia,-7.635 | -15.214 | -21.972 | -57.356 | -132.784 | -874.034,"-1,43% | -2,81% | -4,01% | -9,84% | -20,17% | 0%",,14ddías,525.382,533.017 | 540.596 | 547.354 | 582.738 | 658.166 | 0,Delantero
Javi Guerra,Valencia,-25.524 | -106.103 | -211.083 | -745.465 | -2.229.251 | +20.980.774,"-0,11% | -0,44% | -0,88% | -3,02% | -8,53% | 0%",,27ddías,23.908.125,23.933.649 | 24.014.228 | 24.119.208 | 24.653.590 | 26.137.376 | 0,Mediocampista
Duro,Valencia,-50.922 | -132.626 | -194.024 | -588.850 | -1.232.135 | -3.565.759,"-0,59% | -1,53% | -2,22% | -6,45% | -12,61% | -29,47%",,32ddías,8.535.250,8.586.172 | 8.667.876 | 8.729.274 | 9.124.100 | 9.767.385 | 12.101.009,Delantero
Almeida,Valencia,-60.924 | -123.173 | -184.207 | -469.982 | -1.081.626 | -2.927.846,"-2,27% | -4,48% | -6,56% | -15,18% | -29,17% | -52,72%",,37ddías,2.625.794,2.686.718 | 2.748.967 | 2.810.001 | 3.095.776 | 3.707.420 | 5.553.640,Mediocampista
Rivero,Valencia,-7.274 | -14.477 | -20.844 | -54.492 | -126.110 | -333.897,"-1,39% | -2,73% | -3,88% | -9,54% | -19,62% | -39,25%",,20ddías,516.734,524.008 | 531.211 | 537.578 | 571.226 | 642.844 | 850.631,Portero
Gayà,Valencia,-66.797 | -157.794 | -278.742 | -873.898 | -1.888.066 | -5.291.378,"-0,59% | -1,38% | -2,42% | -7,20% | -14,36% | -31,96%",,37ddías,11.263.226,11.330.023 | 11.421.020 | 11.541.968 | 12.137.124 | 13.151.292 | 16.554.604,Defensa
Altimira,Deportivo,-97.506 | -184.918 | -265.129 | -528.677 | -1.073.800 | -2.448.061,"-1,96% | -3,65% | -5,16% | -9,78% | -18,05% | -33,42%",,31ddías,4.876.814,4.974.320 | 5.061.732 | 5.141.943 | 5.405.491 | 5.950.614 | 7.324.875,Defensa
Íñigo Pérez,Villarreal,-58.255 | -128.168 | -190.253 | +375.674 | +377.881 | +65.712,"-2,21% | -4,75% | -6,89% | +17,10% | +17,22% | 0%",,5ddías,2.572.274,2.630.529 | 2.700.442 | 2.762.527 | 2.196.600 | 2.194.393 | 0,
Raúl García,Osasuna,-39.932 | -78.949 | -123.436 | -310.291 | -707.101 | -2.053.513,"-1,98% | -3,84% | -5,88% | -13,58% | -26,37% | -50,98%",,37ddías,1.974.396,2.014.328 | 2.053.345 | 2.097.832 | 2.284.687 | 2.681.497 | 4.027.909,Delantero
Raul Moro,Osasuna,+125.092 | +302.067 | +501.969 | +1.445.400 | +2.596.027 | +625.404,"+0,97% | +2,38% | +4,02% | +12,53% | +25,00% | +5,06%",,14ddías,12.980.272,12.855.180 | 12.678.205 | 12.478.303 | 11.534.872 | 10.384.245 | 12.354.868,Delantero
Mbappé,Real Madrid,+11.687 | +159.453 | +456.455 | +919.622 | -1.644.504 | -24.286.751,"+0,01% | +0,12% | +0,35% | +0,71% | -1,24% | 0%",,6ddías,131.198.688,131.187.001 | 131.039.235 | 130.742.233 | 130.279.066 | 132.843.192 | 0,Delantero
Romero,Villarreal,+1.026.310 | +2.154.617 | +3.285.864 | +7.209.369 | +7.684.141 | +6.469.819,"+2,53% | +5,46% | +8,58% | +20,96% | +22,66% | +18,42%",,12ddías,41.601.039,40.574.729 | 39.446.422 | 38.315.175 | 34.391.670 | 33.916.898 | 35.131.220,Defensa
Djaló,Athletic,-30.896 | -62.521 | -94.880 | -7.036.191 | -7.036.191 | -7.036.191,"-2,63% | -5,18% | -7,65% | 0% | 0% | 0%",,5ddías,1.145.519,1.176.415 | 1.208.040 | 1.240.399 | 0 | 0 | 0,Delantero
Rosier,Osasuna,-191.510 | -388.700 | -589.258 | -1.449.091 | -3.244.947 | -5.342.631,"-2,96% | -5,84% | -8,59% | -18,77% | -34,10% | -46,01%",,32ddías,6.270.498,6.462.008 | 6.659.198 | 6.859.756 | 7.719.589 | 9.515.445 | 11.613.129,Defensa
Mouriño,Villarreal,+421.562 | +919.454 | +1.407.526 | +3.358.410 | +7.519.433 | +16.328.359,"+1,06% | +2,34% | +3,63% | +9,12% | +23,02% | +68,43%",,35ddías,40.188.454,39.766.892 | 39.269.000 | 38.780.928 | 36.830.044 | 32.669.021 | 23.860.095,Defensa
Serrano,Athletic,-26.240 | -53.199 | -80.145 | -204.094 | -467.021 | -1.297.223,"-2,63% | -5,19% | -7,62% | -17,35% | -32,46% | -57,17%",,38ddías,971.907,998.147 | 1.025.106 | 1.052.052 | 1.176.001 | 1.438.928 | 2.269.130,Delantero
Raba,Valencia,-39.568 | -82.430 | -122.957 | -311.523 | -707.318 | -1.946.669,"-2,24% | -4,56% | -6,65% | -15,30% | -29,08% | -53,02%",,37ddías,1.724.954,1.764.522 | 1.807.384 | 1.847.911 | 2.036.477 | 2.432.272 | 3.671.623,Delantero
Conde,Betis,0 | 0 | 0 | 0 | -82.597 | -1.224.387,"0,00% | 0,00% | 0,00% | 0,00% | -2,64% | -28,70%",,11ddías,3.041.589,3.041.589 | 3.041.589 | 3.041.589 | 3.041.589 | 3.124.186 | 4.265.976,Portero
Boyomo,Osasuna,+446.837 | +910.618 | +1.391.585 | +3.434.009 | +6.958.733 | +12.052.570,"+1,67% | +3,47% | +5,41% | +14,49% | +34,49% | +79,92%",,33ddías,27.133.042,26.686.205 | 26.222.424 | 25.741.457 | 23.699.033 | 20.174.309 | 15.080.472,Defensa
Cabrera,Espanyol,+65.155 | +69.670 | +18.869 | -123.646 | -750.226 | -3.461.094,"+0,40% | +0,42% | +0,11% | -0,74% | -4,34% | -17,31%",,2ddías,16.538.906,16.473.751 | 16.469.236 | 16.520.037 | 16.662.552 | 17.289.132 | 20.000.000,Defensa
Fortuño,Espanyol,-9.726 | -19.484 | -28.512 | -73.959 | -157.681 | -440.968,"-1,66% | -3,27% | -4,72% | -11,39% | -21,50% | -43,38%",,17ddías,575.584,585.310 | 595.068 | 604.096 | 649.543 | 733.265 | 1.016.552,Portero
Rubén Sánchez,Espanyol,-5.789 | -11.445 | -16.201 | -42.704 | -98.632 | -286.432,"-1,19% | -2,32% | -3,26% | -8,15% | -17,01% | -37,32%",,37ddías,481.087,486.876 | 492.532 | 497.288 | 523.791 | 579.719 | 767.519,Mediocampista
El Hilali,Espanyol,+86.308 | +244.826 | +390.676 | +916.596 | +1.919.758 | +2.646.641,"+1,02% | +2,95% | +4,78% | +12,00% | +28,92% | +44,78%",,21ddías,8.557.513,8.471.205 | 8.312.687 | 8.166.837 | 7.640.917 | 6.637.755 | 5.910.872,Defensa
Edu Expósito,Espanyol,+478.338 | +867.820 | +1.052.354 | +718.329 | -1.240.689 | -13.304.592,"+1,75% | +3,21% | +3,93% | +2,65% | -4,26% | 0%",,4ddías,27.861.801,27.383.463 | 26.993.981 | 26.809.447 | 27.143.472 | 29.102.490 | 0,Mediocampista
Jofre,Espanyol,-21.070 | -44.678 | -68.105 | -176.566 | -395.293 | -1.208.017,"-1,77% | -3,67% | -5,49% | -13,09% | -25,22% | -50,75%",,37ddías,1.172.224,1.193.294 | 1.216.902 | 1.240.329 | 1.348.790 | 1.567.517 | 2.380.241,Delantero
Pere Milla,Espanyol,-16.784 | -65.031 | -115.749 | -502.048 | -1.047.147 | -165.739,"-0,17% | -0,66% | -1,17% | -4,89% | -9,69% | -1,67%",,15ddías,9.759.095,9.775.879 | 9.824.126 | 9.874.844 | 10.261.143 | 10.806.242 | 9.924.834,Delantero
Lozano,Espanyol,-28.419 | -71.203 | -109.142 | -275.413 | -657.799 | -1.994.228,"-1,18% | -2,90% | -4,38% | -10,35% | -21,62% | -45,54%",,37ddías,2.384.523,2.412.942 | 2.455.726 | 2.493.665 | 2.659.936 | 3.042.322 | 4.378.751,Mediocampista
Kike Salas,Sevilla,+56.916 | +79.483 | +47.363 | -206.110 | -892.188 | -3.670.966,"+0,49% | +0,68% | +0,41% | -1,73% | -7,09% | -23,89%",,2ddías,11.698.208,11.641.292 | 11.618.725 | 11.650.845 | 11.904.318 | 12.590.396 | 15.369.174,Defensa
Calero,Málaga,-58.489 | -170.451 | -288.446 | -288.446 | -288.446 | -288.446,"-1,78% | -5,02% | -8,21% | -8,21% | -8,21% | -8,21%",,3ddías,3.224.674,3.283.163 | 3.395.125 | 3.513.120 | 3.513.120 | 3.513.120 | 3.513.120,Defensa
Puado,Espanyol,-226.526 | -459.448 | -700.614 | -1.721.790 | -3.829.728 | -8.553.291,"-3,09% | -6,08% | -8,98% | -19,52% | -35,04% | -54,64%",,28ddías,7.100.439,7.326.965 | 7.559.887 | 7.801.053 | 8.822.229 | 10.930.167 | 15.653.730,Mediocampista
Juanmi,Getafe,-11.451 | -23.005 | -33.904 | -87.647 | -203.383 | -585.191,"-1,82% | -3,59% | -5,21% | -12,44% | -24,79% | -48,68%",,37ddías,616.964,628.415 | 639.969 | 650.868 | 704.611 | 820.347 | 1.202.155,Delantero
Joan Garcia,Barcelona,+1.942.377 | +4.462.793 | +6.890.376 | +16.231.759 | +14.446.325 | +14.446.325,"+3,10% | +7,42% | +11,93% | +33,53% | +28,78% | +28,78%",,8ddías,64.639.741,62.697.364 | 60.176.948 | 57.749.365 | 48.407.982 | 50.193.416 | 50.193.416,Portero
Cardoso,Atlético,-140.941 | -323.949 | -506.650 | -1.323.854 | -2.973.373 | -7.904.835,"-2,23% | -4,99% | -7,59% | -17,68% | -32,53% | -56,18%",,34ddías,6.165.626,6.306.567 | 6.489.575 | 6.672.276 | 7.489.480 | 9.138.999 | 14.070.461,Mediocampista
Moriba,Celta,-78.565 | -72.515 | -38.082 | +400.373 | +1.765.399 | -765.799,"-0,75% | -0,69% | -0,36% | +3,98% | +20,30% | -6,82%",,1ddías,10.462.057,10.540.622 | 10.534.572 | 10.500.139 | 10.061.684 | 8.696.658 | 11.227.856,Mediocampista
Agoume,Sevilla,+25.683 | +53.914 | +49.468 | -17.577 | -242.903 | -1.415.950,"+0,45% | +0,95% | +0,87% | -0,30% | -4,05% | -19,75%",,2ddías,5.753.728,5.728.045 | 5.699.814 | 5.704.260 | 5.771.305 | 5.996.631 | 7.169.678,Mediocampista
Guedes,Real Sociedad,-1.171.373 | -2.359.783 | -3.586.609 | -8.618.342 | -15.782.685 | -21.481.096,"-3,03% | -5,92% | -8,73% | -18,69% | -29,62% | 0%",,22ddías,37.500.159,38.671.532 | 39.859.942 | 41.086.768 | 46.118.501 | 53.282.844 | 0,Delantero
Fort,Barcelona,-80.230 | -160.170 | -241.746 | -616.673 | -1.379.085 | -1.379.085,"-2,16% | -4,21% | -6,23% | -14,49% | -27,48% | -27,48%",,13ddías,3.640.291,3.720.521 | 3.800.461 | 3.882.037 | 4.256.964 | 5.019.376 | 5.019.376,Defensa
Fornals,Betis,-637.681 | -1.322.996 | -2.116.093 | -5.994.392 | -16.995.192 | -83.790.140,"-1,06% | -2,18% | -3,43% | -9,15% | -22,22% | 0%",,20ddías,59.499.160,60.136.841 | 60.822.156 | 61.615.253 | 65.493.552 | 76.494.352 | 0,Mediocampista
Giuliano,Atlético,-609.249 | -1.378.701 | -2.095.955 | -5.640.500 | -9.519.958 | +7.452.378,"-1,33% | -2,95% | -4,42% | -11,07% | -17,36% | +19,69%",,13ddías,45.305.819,45.915.068 | 46.684.520 | 47.401.774 | 50.946.319 | 54.825.777 | 37.853.441,Delantero
Romero,Sevilla,+60.231 | +124.722 | +167.178 | +167.298 | -154.474 | -2.029.795,"+0,97% | +2,03% | +2,74% | +2,74% | -2,40% | -24,43%",,5ddías,6.279.362,6.219.131 | 6.154.640 | 6.112.184 | 6.112.064 | 6.433.836 | 8.309.157,Delantero
Batalla,Rayo,-368.765 | -457.994 | -316.554 | +2.091.119 | +7.726.699 | +18.719.816,"-0,88% | -1,09% | -0,76% | +5,30% | +22,85% | +82,02%",,2ddías,41.544.055,41.912.820 | 42.002.049 | 41.860.609 | 39.452.936 | 33.817.356 | 22.824.239,Portero
F. Carreras,Real Madrid,-316.297 | -659.948 | -984.471 | -2.484.003 | -5.373.641 | -13.284.740,"-2,32% | -4,71% | -6,87% | -15,70% | -28,72% | -49,90%",,37ddías,13.340.012,13.656.309 | 13.999.960 | 14.324.483 | 15.824.015 | 18.713.653 | 26.624.752,Defensa
Lemar,Atlético,0 | 0 | 0 | 0 | 0 | 0,0% | 0% | 0% | 0% | 0% | 0%,,43ddías,1.680.630,0 | 0 | 0 | 0 | 0 | 0,Mediocampista
Rincón,Athletic,0 | 0 | 0 | 0 | 0 | 0,0% | 0% | 0% | 0% | 0% | 0%,,43ddías,1.658.593,0 | 0 | 0 | 0 | 0 | 0,Defensa
Satriano,Getafe,0 | 0 | 0 | 0 | 0 | 0,0% | 0% | 0% | 0% | 0% | 0%,,43ddías,4.336.426,0 | 0 | 0 | 0 | 0 | 0,Delantero
Thiago,Levante,0 | 0 | 0 | 0 | 0 | 0,0% | 0% | 0% | 0% | 0% | 0%,,43ddías,1.660.575,0 | 0 | 0 | 0 | 0 | 0,Mediocampista
Javi López,Real Sociedad,0 | 0 | 0 | 0 | 0 | 0,0% | 0% | 0% | 0% | 0% | 0%,,43ddías,1.656.670,0 | 0 | 0 | 0 | 0 | 0,Defensa
Kumbulla,Rayo,0 | 0 | 0 | 0 | 0 | 0,0% | 0% | 0% | 0% | 0% | 0%,,79ddías,897.151,0 | 0 | 0 | 0 | 0 | 0,Defensa
Neyou,Getafe,0 | 0 | 0 | 0 | 0 | 0,0% | 0% | 0% | 0% | 0% | 0%,,192ddías,604.547,0 | 0 | 0 | 0 | 0 | 0,Mediocampista
Maras,Alavés,0 | 0 | 0 | 0 | 0 | 0,0% | 0% | 0% | 0% | 0% | 0%,,195ddías,590.024,0 | 0 | 0 | 0 | 0 | 0,Defensa
Goti,Real Sociedad,0 | 0 | 0 | 0 | 0 | 0,0% | 0% | 0% | 0% | 0% | 0%,,198ddías,590.263,0 | 0 | 0 | 0 | 0 | 0,Mediocampista
Diarra,Alavés,0 | 0 | 0 | 0 | 0 | 0,0% | 0% | 0% | 0% | 0% | 0%,,198ddías,591.470,0 | 0 | 0 | 0 | 0 | 0,Defensa
Ali Houary,Elche,0 | 0 | 0 | 0 | 0 | 0,0% | 0% | 0% | 0% | 0% | 0%,,202ddías,592.065,0 | 0 | 0 | 0 | 0 | 0,Delantero
Javier Hernández,Espanyol,0 | 0 | 0 | 0 | 0 | 0,0% | 0% | 0% | 0% | 0% | 0%,,216ddías,575.023,0 | 0 | 0 | 0 | 0 | 0,Delantero
Bauzà,Espanyol,0 | 0 | 0 | 0 | 0 | 0,0% | 0% | 0% | 0% | 0% | 0%,,344ddías,318.649,0 | 0 | 0 | 0 | 0 | 0,Mediocampista
Pablo López,Valencia,0 | 0 | 0 | 0 | 0 | 0,0% | 0% | 0% | 0% | 0% | 0%,,345ddías,441.041,0 | 0 | 0 | 0 | 0 | 0,Delantero
Alberto Marí,Valencia,0 | 0 | 0 | 0 | 0 | 0,0% | 0% | 0% | 0% | 0% | 0%,,346ddías,787.986,0 | 0 | 0 | 0 | 0 | 0,Delantero
Novoa,Alavés,0 | 0 | 0 | 0 | 0 | 0,0% | 0% | 0% | 0% | 0% | 0%,,346ddías,661.162,0 | 0 | 0 | 0 | 0 | 0,Defensa
Pelayo,Rayo,0 | 0 | 0 | 0 | 0 | 0,0% | 0% | 0% | 0% | 0% | 0%,,346ddías,1.722.279,0 | 0 | 0 | 0 | 0 | 0,Defensa
Hinojo,Espanyol,0 | 0 | 0 | 0 | 0 | 0,0% | 0% | 0% | 0% | 0% | 0%,,350ddías,317.496,0 | 0 | 0 | 0 | 0 | 0,Defensa
Owono,Alavés,0 | 0 | 0 | 0 | 0 | 0,0% | 0% | 0% | 0% | 0% | 0%,,381ddías,828.372,0 | 0 | 0 | 0 | 0 | 0,Portero
Berrocal,Getafe,0 | 0 | 0 | 0 | 0 | 0,0% | 0% | 0% | 0% | 0% | 0%,,381ddías,1.058.833,0 | 0 | 0 | 0 | 0 | 0,Defensa
De Tomás,Rayo,0 | 0 | 0 | 0 | 0 | 0,0% | 0% | 0% | 0% | 0% | 0%,,385ddías,3.229.388,0 | 0 | 0 | 0 | 0 | 0,Delantero
Collado,Sevilla,0 | 0 | 0 | 0 | 0 | 0,0% | 0% | 0% | 0% | 0% | 0%,,405ddías,1.718.988,0 | 0 | 0 | 0 | 0 | 0,Mediocampista
Eto'o,Rayo,0 | 0 | 0 | 0 | 0 | 0,0% | 0% | 0% | 0% | 0% | 0%,,405ddías,1.718.988,0 | 0 | 0 | 0 | 0 | 0,Delantero
Córdoba,Valencia,0 | 0 | 0 | 0 | 0 | 0,0% | 0% | 0% | 0% | 0% | 0%,,405ddías,1.548.667,0 | 0 | 0 | 0 | 0 | 0,Defensa
Raúl Jiménez,Valencia,0 | 0 | 0 | 0 | 0 | 0,0% | 0% | 0% | 0% | 0% | 0%,,405ddías,1.561.503,0 | 0 | 0 | 0 | 0 | 0,Portero
Cortés,Barcelona,0 | 0 | 0 | 0 | 0 | 0,0% | 0% | 0% | 0% | 0% | 0%,,405ddías,1.718.327,0 | 0 | 0 | 0 | 0 | 0,Defensa
Eneko Ortiz,Villarreal,0 | 0 | 0 | 0 | 0 | 0,0% | 0% | 0% | 0% | 0% | 0%,,405ddías,1.718.986,0 | 0 | 0 | 0 | 0 | 0,Defensa
Serred,Espanyol,0 | 0 | 0 | 0 | 0 | 0,0% | 0% | 0% | 0% | 0% | 0%,,405ddías,1.731.552,0 | 0 | 0 | 0 | 0 | 0,Portero
Carrillo,Celta,0 | 0 | 0 | 0 | 0 | 0,0% | 0% | 0% | 0% | 0% | 0%,,405ddías,1.567.556,0 | 0 | 0 | 0 | 0 | 0,Portero
Adrián,Alavés,0 | 0 | 0 | 0 | 0 | 0,0% | 0% | 0% | 0% | 0% | 0%,,405ddías,1.640.215,0 | 0 | 0 | 0 | 0 | 0,Portero
Yaakobishvili,Barcelona,0 | 0 | 0 | 0 | 0 | 0,0% | 0% | 0% | 0% | 0% | 0%,,405ddías,1.639.280,0 | 0 | 0 | 0 | 0 | 0,Portero
Canales,Athletic,0 | 0 | 0 | 0 | 0 | 0,0% | 0% | 0% | 0% | 0% | 0%,,405ddías,1.623.251,0 | 0 | 0 | 0 | 0 | 0,Delantero
Solà,Atlético,0 | 0 | 0 | 0 | 0 | 0,0% | 0% | 0% | 0% | 0% | 0%,,405ddías,1.640.523,0 | 0 | 0 | 0 | 0 | 0,Defensa
Medenica,Getafe,0 | 0 | 0 | 0 | 0 | 0,0% | 0% | 0% | 0% | 0% | 0%,,405ddías,1.560.264,0 | 0 | 0 | 0 | 0 | 0,Portero
Olabarrieta,Athletic,0 | 0 | 0 | 0 | 0 | 0,0% | 0% | 0% | 0% | 0% | 0%,,405ddías,1.717.797,0 | 0 | 0 | 0 | 0 | 0,Delantero
Carlos,Atlético,0 | 0 | 0 | 0 | 0 | 0,0% | 0% | 0% | 0% | 0% | 0%,,405ddías,1.718.547,0 | 0 | 0 | 0 | 0 | 0,Defensa
Isra,Sevilla,0 | 0 | 0 | 0 | 0 | 0,0% | 0% | 0% | 0% | 0% | 0%,,405ddías,1.718.237,0 | 0 | 0 | 0 | 0 | 0,Delantero
Busto,Betis,0 | 0 | 0 | 0 | 0 | 0,0% | 0% | 0% | 0% | 0% | 0%,,405ddías,1.621.161,0 | 0 | 0 | 0 | 0 | 0,Defensa
De Llanos,Real Madrid,0 | 0 | 0 | 0 | 0 | 0,0% | 0% | 0% | 0% | 0% | 0%,,405ddías,1.622.168,0 | 0 | 0 | 0 | 0 | 0,Mediocampista
Rupérez,Real Sociedad,0 | 0 | 0 | 0 | 0 | 0,0% | 0% | 0% | 0% | 0% | 0%,,405ddías,1.626.247,0 | 0 | 0 | 0 | 0 | 0,Defensa
Balda,Real Sociedad,0 | 0 | 0 | 0 | 0 | 0,0% | 0% | 0% | 0% | 0% | 0%,,405ddías,1.718.912,0 | 0 | 0 | 0 | 0 | 0,Defensa
Santana,Valencia,0 | 0 | 0 | 0 | 0 | 0,0% | 0% | 0% | 0% | 0% | 0%,,405ddías,1.723.821,0 | 0 | 0 | 0 | 0 | 0,Delantero
Rivas,Real Madrid,0 | 0 | 0 | 0 | 0 | 0,0% | 0% | 0% | 0% | 0% | 0%,,405ddías,1.718.751,0 | 0 | 0 | 0 | 0 | 0,Defensa
Abril,Valencia,0 | 0 | 0 | 0 | 0 | 0,0% | 0% | 0% | 0% | 0% | 0%,,405ddías,1.728.051,0 | 0 | 0 | 0 | 0 | 0,Portero
Requena,Levante,0 | 0 | 0 | 0 | 0 | 0,0% | 0% | 0% | 0% | 0% | 0%,,405ddías,1.621.683,0 | 0 | 0 | 0 | 0 | 0,Mediocampista
Juan Cruz,Málaga,0 | 0 | 0 | 0 | 0 | 0,0% | 0% | 0% | 0% | 0% | 0%,,443ddías,19.968.443,0 | 0 | 0 | 0 | 0 | 0,Mediocampista
Mandi,Levante,0 | 0 | 0 | 0 | 0 | 0,0% | 0% | 0% | 0% | 0% | 0%,,726ddías,1.879.755,0 | 0 | 0 | 0 | 0 | 0,Defensa
Miguel,Alavés,0 | 0 | 0 | 0 | 0 | 0,0% | 0% | 0% | 0% | 0% | 0%,,727ddías,679.761,0 | 0 | 0 | 0 | 0 | 0,Delantero
Joseda,Alavés,0 | 0 | 0 | 0 | 0 | 0,0% | 0% | 0% | 0% | 0% | 0%,,771ddías,300.000,0 | 0 | 0 | 0 | 0 | 0,Defensa
Ian Forns,Betis,0 | 0 | 0 | 0 | 0 | 0,0% | 0% | 0% | 0% | 0% | 0%,,772ddías,500.000,0 | 0 | 0 | 0 | 0 | 0,Defensa
Diallo,Alavés,0 | 0 | 0 | 0 | 0 | 0,0% | 0% | 0% | 0% | 0% | 0%,,772ddías,1.000.000,0 | 0 | 0 | 0 | 0 | 0,Mediocampista
Mendes,Alavés,0 | 0 | 0 | 0 | 0 | 0,0% | 0% | 0% | 0% | 0% | 0%,,772ddías,500.000,0 | 0 | 0 | 0 | 0 | 0,Mediocampista
Mario,Valencia,0 | 0 | 0 | 0 | 0 | 0,0% | 0% | 0% | 0% | 0% | 0%,,1ddías,760.408,0 | 0 | 0 | 0 | 0 | 0,Mediocampista