Jugador,Equipo,DiferenciaDif.,% Dif,Acel.,Tend.,Valor,Valor ant.Ant.,Posición
Karrikaburu,Real Sociedad,-10.961 | -23.437 | -36.936 | -95.075 | -215.701 | -648.068,"-1,69% | -3,55% | -5,49% | -13,01% | -25,33% | -50,47%",,34ddías,635.963,646.924 | 659.400 | 672.899 | 731.038 | 851.664 | 1.284.031,Delantero
Sancris,Getafe,-14.326 | -30.308 | -47.458 | -121.789 | -277.578 | -835.628,"-1,96% | -4,06% | -6,21% | -14,52% | -27,92% | -53,83%",,34ddías,716.724,731.050 | 747.032 | 764.182 | 838.513 | 994.302 | 1.552.352,Delantero
Adam Boayar,Elche,0 | 0 | 0 | 0 | 0 | 0,"0,00% | 0,00% | 0,00% | 0,00% | 0,00% | 0,00%",,31ddías,702.711,702.711 | 702.711 | 702.711 | 702.711 | 702.711 | 702.711,Mediocampista
Santos,Athletic,0 | 0 | 0 | 0 | 0 | 0,"0,00% | 0,00% | 0,00% | 0,00% | 0,00% | 0,00%",,31ddías,702.606,702.606 | 702.606 | 702.606 | 702.606 | 702.606 | 702.606,Portero
Laporte,Athletic,+263.405 | +980.432 | +1.861.631 | +6.491.630 | +18.964.011 | +38.758.744,"+0,44% | +1,64% | +3,16% | +11,96% | +45,35% | +175,97%",,25ddías,60.784.723,60.521.318 | 59.804.291 | 58.923.092 | 54.293.093 | 41.820.712 | 22.025.979,Defensa
Alemão,Rayo,-60.707 | -127.501 | -198.257 | -505.187 | -1.034.202 | -2.799.492,"-1,51% | -3,13% | -4,78% | -11,34% | -20,76% | -41,49%",,34ddías,3.948.121,4.008.828 | 4.075.622 | 4.146.378 | 4.453.308 | 4.982.323 | 6.747.613,Delantero
Diangana,Elche,-26.672 | -50.377 | -76.256 | -186.887 | -393.279 | -1.289.965,"-1,88% | -3,50% | -5,20% | -11,85% | -22,05% | -48,13%",,34ddías,1.389.958,1.416.630 | 1.440.335 | 1.466.214 | 1.576.845 | 1.783.237 | 2.679.923,Delantero
Krug,Levante,0 | 0 | 0 | 0 | 0 | 0,"0,00% | 0,00% | 0,00% | 0,00% | 0,00% | 0,00%",,31ddías,602.249,602.249 | 602.249 | 602.249 | 602.249 | 602.249 | 602.249,Defensa
Hugo López,Villarreal,0 | 0 | 0 | 0 | 0 | 0,"0,00% | 0,00% | 0,00% | 0,00% | 0,00% | 0,00%",,31ddías,485.400,485.400 | 485.400 | 485.400 | 485.400 | 485.400 | 485.400,Mediocampista
Mikautadze,Villarreal,+855.313 | +1.692.518 | +2.377.960 | +4.291.617 | +5.484.809 | +9.971.925,"+1,52% | +3,06% | +4,35% | +8,14% | +10,64% | +21,20%",,27ddías,57.010.889,56.155.576 | 55.318.371 | 54.632.929 | 52.719.272 | 51.526.080 | 47.038.964,Delantero
Navarro,Valencia,0 | 0 | 0 | 0 | 0 | 0,"0,00% | 0,00% | 0,00% | 0,00% | 0,00% | 0,00%",,31ddías,501.909,501.909 | 501.909 | 501.909 | 501.909 | 501.909 | 501.909,Defensa
Cardoso,Sevilla,-24.727 | -49.684 | -75.286 | -192.512 | -429.042 | -1.228.644,"-2,48% | -4,86% | -7,18% | -16,52% | -30,60% | -55,80%",,34ddías,973.056,997.783 | 1.022.740 | 1.048.342 | 1.165.568 | 1.402.098 | 2.201.700,Defensa
Oso,Sevilla,0 | 0 | 0 | 0 | 0 | 0,"0,00% | 0,00% | 0,00% | 0,00% | 0,00% | 0,00%",,31ddías,14.053.332,14.053.332 | 14.053.332 | 14.053.332 | 14.053.332 | 14.053.332 | 14.053.332,Defensa
Álex Costa,Sevilla,0 | 0 | 0 | 0 | 0 | 0,"0,00% | 0,00% | 0,00% | 0,00% | 0,00% | 0,00%",,31ddías,602.284,602.284 | 602.284 | 602.284 | 602.284 | 602.284 | 602.284,Delantero
Folgado,Real Sociedad,0 | 0 | 0 | 0 | 0 | 0,"0,00% | 0,00% | 0,00% | 0,00% | 0,00% | 0,00%",,31ddías,702.606,702.606 | 702.606 | 702.606 | 702.606 | 702.606 | 702.606,Portero
Carlos Soler,Real Sociedad,-96.461 | -194.743 | -449.510 | -1.443.297 | -3.468.415 | -7.779.989,"-0,31% | -0,63% | -1,44% | -4,47% | -10,12% | -20,16%",,34ddías,30.810.847,30.907.308 | 31.005.590 | 31.260.357 | 32.254.144 | 34.279.262 | 38.590.836,Mediocampista
Riedel,Espanyol,-46.403 | -104.079 | -281.465 | -473.793 | -473.793 | -473.793,"-0,91% | -2,02% | -5,28% | -8,58% | -8,58% | -8,58%",,4ddías,5.046.825,5.093.228 | 5.150.904 | 5.328.290 | 5.520.618 | 5.520.618 | 5.520.618,Defensa
Taufik,Atlético,0 | 0 | 0 | 0 | 0 | 0,"0,00% | 0,00% | 0,00% | 0,00% | 0,00% | 0,00%",,31ddías,602.316,602.316 | 602.316 | 602.316 | 602.316 | 602.316 | 602.316,Mediocampista
Altozano,Sevilla,0 | 0 | 0 | 0 | 0 | 0,"0,00% | 0,00% | 0,00% | 0,00% | 0,00% | 0,00%",,31ddías,602.284,602.284 | 602.284 | 602.284 | 602.284 | 602.284 | 602.284,Mediocampista
Josan,Elche,0 | 0 | 0 | 0 | 0 | 0,"0,00% | 0,00% | 0,00% | 0,00% | 0,00% | 0,00%",,31ddías,1.204.650,1.204.650 | 1.204.650 | 1.204.650 | 1.204.650 | 1.204.650 | 1.204.650,Mediocampista
Davinchi,Getafe,0 | 0 | 0 | 0 | 0 | 0,"0,00% | 0,00% | 0,00% | 0,00% | 0,00% | 0,00%",,31ddías,3.011.603,3.011.603 | 3.011.603 | 3.011.603 | 3.011.603 | 3.011.603 | 3.011.603,Defensa
Thiago,Real Madrid,0 | 0 | 0 | 0 | 0 | 0,"0,00% | 0,00% | 0,00% | 0,00% | 0,00% | 0,00%",,31ddías,7.026.082,7.026.082 | 7.026.082 | 7.026.082 | 7.026.082 | 7.026.082 | 7.026.082,Mediocampista
Veiga,Villarreal,-401.486 | -554.310 | -423.332 | +1.498.672 | +5.962.878 | +17.984.689,"-0,91% | -1,26% | -0,96% | +3,56% | +15,85% | +70,26%",,2ddías,43.583.644,43.985.130 | 44.137.954 | 44.006.976 | 42.084.972 | 37.620.766 | 25.598.955,Defensa
Corralejo,Betis,0 | 0 | 0 | 0 | 0 | 0,"0,00% | 0,00% | 0,00% | 0,00% | 0,00% | 0,00%",,31ddías,602.248,602.248 | 602.248 | 602.248 | 602.248 | 602.248 | 602.248,Mediocampista
Nacho Pérez,Levante,0 | 0 | 0 | 0 | 0 | 0,"0,00% | 0,00% | 0,00% | 0,00% | 0,00% | 0,00%",,31ddías,581.692,581.692 | 581.692 | 581.692 | 581.692 | 581.692 | 581.692,Defensa
Sierra,Sevilla,0 | 0 | 0 | 0 | 0 | 0,"0,00% | 0,00% | 0,00% | 0,00% | 0,00% | 0,00%",,31ddías,602.284,602.284 | 602.284 | 602.284 | 602.284 | 602.284 | 602.284,Delantero
Montero,Alavés,0 | 0 | 0 | 0 | 0 | 0,"0,00% | 0,00% | 0,00% | 0,00% | 0,00% | 0,00%",,31ddías,602.316,602.316 | 602.316 | 602.316 | 602.316 | 602.316 | 602.316,Portero
Blázquez,Valencia,0 | 0 | 0 | 0 | 0 | 0,"0,00% | 0,00% | 0,00% | 0,00% | 0,00% | 0,00%",,31ddías,581.656,581.656 | 581.656 | 581.656 | 581.656 | 581.656 | 581.656,Delantero
Suazo,Sevilla,-68.623 | -132.782 | -206.539 | -525.500 | -1.145.037 | -3.330.878,"-1,24% | -2,37% | -3,64% | -8,76% | -17,30% | -37,83%",,34ddías,5.472.972,5.541.595 | 5.605.754 | 5.679.511 | 5.998.472 | 6.618.009 | 8.803.850,Defensa
Ryan,Levante,0 | 0 | 0 | 0 | 0 | 0,"0,00% | 0,00% | 0,00% | 0,00% | 0,00% | 0,00%",,31ddías,13.550.652,13.550.652 | 13.550.652 | 13.550.652 | 13.550.652 | 13.550.652 | 13.550.652,Portero
Arriaga,Levante,-61.727 | -121.647 | -184.734 | -483.070 | -1.059.842 | -2.896.885,"-2,10% | -4,05% | -6,03% | -14,37% | -26,90% | -50,15%",,34ddías,2.879.445,2.941.172 | 3.001.092 | 3.064.179 | 3.362.515 | 3.939.287 | 5.776.330,Mediocampista
Vlachodimos,Sevilla,+400.608 | +824.359 | +1.150.701 | +304.384 | +304.384 | +304.384,"+2,68% | +5,67% | +8,10% | +2,02% | +2,02% | +2,02%",,4ddías,15.360.863,14.960.255 | 14.536.504 | 14.210.162 | 15.056.479 | 15.056.479 | 15.056.479,Portero
Oluwaseyi,Villarreal,-67.332 | -133.704 | -205.822 | -523.660 | -1.133.921 | -3.161.652,"-2,12% | -4,12% | -6,20% | -14,39% | -26,68% | -50,37%",,34ddías,3.115.378,3.182.710 | 3.249.082 | 3.321.200 | 3.639.038 | 4.249.299 | 6.277.030,Delantero
Bardghji,Barcelona,-96.553 | -200.317 | -306.497 | -762.823 | -1.208.762 | -1.208.762,"-2,61% | -5,26% | -7,83% | -17,45% | -25,09% | -25,09%",,10ddías,3.609.803,3.706.356 | 3.810.120 | 3.916.300 | 4.372.626 | 4.818.565 | 4.818.565,Delantero
Martínez Bastida,Elche,0 | 0 | 0 | 0 | 0 | 0,"0,00% | 0,00% | 0,00% | 0,00% | 0,00% | 0,00%",,31ddías,602.324,602.324 | 602.324 | 602.324 | 602.324 | 602.324 | 602.324,Mediocampista
Mendoza,Atlético,-9.118 | -20.481 | -32.856 | -68.666 | -186.493 | -558.978,"-1,02% | -2,27% | -3,59% | -7,22% | -17,44% | -38,77%",,34ddías,882.788,891.906 | 903.269 | 915.644 | 951.454 | 1.069.281 | 1.441.766,Mediocampista
Al Lal,Elche,0 | 0 | 0 | 0 | 0 | 0,"0,00% | 0,00% | 0,00% | 0,00% | 0,00% | 0,00%",,31ddías,501.936,501.936 | 501.936 | 501.936 | 501.936 | 501.936 | 501.936,Delantero
Aitor Mañas,Alavés,0 | 0 | 0 | 0 | 0 | 0,"0,00% | 0,00% | 0,00% | 0,00% | 0,00% | 0,00%",,31ddías,562.164,562.164 | 562.164 | 562.164 | 562.164 | 562.164 | 562.164,Delantero
Izei,Alavés,0 | 0 | 0 | 0 | 0 | 0,"0,00% | 0,00% | 0,00% | 0,00% | 0,00% | 0,00%",,31ddías,582.010,582.010 | 582.010 | 582.010 | 582.010 | 582.010 | 582.010,Mediocampista
Oláiz,Alavés,0 | 0 | 0 | 0 | 0 | 0,"0,00% | 0,00% | 0,00% | 0,00% | 0,00% | 0,00%",,31ddías,602.316,602.316 | 602.316 | 602.316 | 602.316 | 602.316 | 602.316,Defensa
Iker Muñoz,Sevilla,0 | 0 | 0 | 0 | 0 | 0,"0,00% | 0,00% | 0,00% | 0,00% | 0,00% | 0,00%",,31ddías,602.284,602.284 | 602.284 | 602.284 | 602.284 | 602.284 | 602.284,Defensa
Joan Martínez,Real Madrid,0 | 0 | 0 | 0 | 0 | 0,"0,00% | 0,00% | 0,00% | 0,00% | 0,00% | 0,00%",,31ddías,702.622,702.622 | 702.622 | 702.622 | 702.622 | 702.622 | 702.622,Defensa
Unai Santos,Osasuna,0 | 0 | 0 | 0 | 0 | 0,"0,00% | 0,00% | 0,00% | 0,00% | 0,00% | 0,00%",,31ddías,602.319,602.319 | 602.319 | 602.319 | 602.319 | 602.319 | 602.319,Defensa
Carlos Macià,Villarreal,0 | 0 | 0 | 0 | 0 | 0,"0,00% | 0,00% | 0,00% | 0,00% | 0,00% | 0,00%",,31ddías,803.057,803.057 | 803.057 | 803.057 | 803.057 | 803.057 | 803.057,Mediocampista
Carrera,Real Sociedad,0 | 0 | 0 | 0 | 0 | 0,"0,00% | 0,00% | 0,00% | 0,00% | 0,00% | 0,00%",,31ddías,702.633,702.633 | 702.633 | 702.633 | 702.633 | 702.633 | 702.633,Delantero
Rosón,Levante,0 | 0 | 0 | 0 | 0 | 0,"0,00% | 0,00% | 0,00% | 0,00% | 0,00% | 0,00%",,31ddías,602.249,602.249 | 602.249 | 602.249 | 602.249 | 602.249 | 602.249,Mediocampista
Nakoha,Levante,0 | 0 | 0 | 0 | 0 | 0,"0,00% | 0,00% | 0,00% | 0,00% | 0,00% | 0,00%",,31ddías,501.874,501.874 | 501.874 | 501.874 | 501.874 | 501.874 | 501.874,Defensa
Jurado,Valencia,0 | 0 | 0 | 0 | 0 | 0,"0,00% | 0,00% | 0,00% | 0,00% | 0,00% | 0,00%",,31ddías,602.292,602.292 | 602.292 | 602.292 | 602.292 | 602.292 | 602.292,Defensa
Panach,Valencia,0 | 0 | 0 | 0 | 0 | 0,"0,00% | 0,00% | 0,00% | 0,00% | 0,00% | 0,00%",,31ddías,501.909,501.909 | 501.909 | 501.909 | 501.909 | 501.909 | 501.909,Defensa
Marchal,Real Sociedad,0 | 0 | 0 | 0 | 0 | 0,"0,00% | 0,00% | 0,00% | 0,00% | 0,00% | 0,00%",,31ddías,602.234,602.234 | 602.234 | 602.234 | 602.234 | 602.234 | 602.234,Mediocampista
Yassin,Getafe,0 | 0 | 0 | 0 | 0 | 0,"0,00% | 0,00% | 0,00% | 0,00% | 0,00% | 0,00%",,31ddías,501.932,501.932 | 501.932 | 501.932 | 501.932 | 501.932 | 501.932,Defensa
Óscar Marcos,Celta,0 | 0 | 0 | 0 | 0 | 0,"0,00% | 0,00% | 0,00% | 0,00% | 0,00% | 0,00%",,31ddías,602.257,602.257 | 602.257 | 602.257 | 602.257 | 602.257 | 602.257,Delantero
Aller,Barcelona,0 | 0 | 0 | 0 | 0 | 0,"0,00% | 0,00% | 0,00% | 0,00% | 0,00% | 0,00%",,31ddías,702.705,702.705 | 702.705 | 702.705 | 702.705 | 702.705 | 702.705,Portero
Aleksandrov,Getafe,0 | 0 | 0 | 0 | 0 | 0,"0,00% | 0,00% | 0,00% | 0,00% | 0,00% | 0,00%",,31ddías,602.319,602.319 | 602.319 | 602.319 | 602.319 | 602.319 | 602.319,Delantero
Ballestero,Alavés,0 | 0 | 0 | 0 | 0 | 0,"0,00% | 0,00% | 0,00% | 0,00% | 0,00% | 0,00%",,31ddías,602.316,602.316 | 602.316 | 602.316 | 602.316 | 602.316 | 602.316,Defensa
Monreal,Athletic,0 | 0 | 0 | 0 | 0 | 0,"0,00% | 0,00% | 0,00% | 0,00% | 0,00% | 0,00%",,31ddías,602.257,602.257 | 602.257 | 602.257 | 602.257 | 602.257 | 602.257,Defensa
Adrián Pérez,Athletic,0 | 0 | 0 | 0 | 0 | 0,"0,00% | 0,00% | 0,00% | 0,00% | 0,00% | 0,00%",,31ddías,602.257,602.257 | 602.257 | 602.257 | 602.257 | 602.257 | 602.257,Delantero
Juan Hernández,Barcelona,0 | 0 | 0 | 0 | 0 | 0,"0,00% | 0,00% | 0,00% | 0,00% | 0,00% | 0,00%",,31ddías,581.760,581.760 | 581.760 | 581.760 | 581.760 | 581.760 | 581.760,Mediocampista
Espart,Barcelona,0 | 0 | 0 | 0 | 0 | 0,"0,00% | 0,00% | 0,00% | 0,00% | 0,00% | 0,00%",,31ddías,702.705,702.705 | 702.705 | 702.705 | 702.705 | 702.705 | 702.705,Defensa
Benito,Getafe,0 | 0 | 0 | 0 | 0 | 0,"0,00% | 0,00% | 0,00% | 0,00% | 0,00% | 0,00%",,31ddías,602.319,602.319 | 602.319 | 602.319 | 602.319 | 602.319 | 602.319,Portero
Javi Navarro,Real Madrid,0 | 0 | 0 | 0 | 0 | 0,"0,00% | 0,00% | 0,00% | 0,00% | 0,00% | 0,00%",,31ddías,702.622,702.622 | 702.622 | 702.622 | 702.622 | 702.622 | 702.622,Portero
Meixús,Celta,0 | 0 | 0 | 0 | 0 | 0,"0,00% | 0,00% | 0,00% | 0,00% | 0,00% | 0,00%",,31ddías,485.372,485.372 | 485.372 | 485.372 | 485.372 | 485.372 | 485.372,Defensa
Beitia,Real Sociedad,0 | 0 | 0 | 0 | 0 | 0,"0,00% | 0,00% | 0,00% | 0,00% | 0,00% | 0,00%",,31ddías,501.861,501.861 | 501.861 | 501.861 | 501.861 | 501.861 | 501.861,Defensa
Lebarbier,Real Sociedad,0 | 0 | 0 | 0 | 0 | 0,"0,00% | 0,00% | 0,00% | 0,00% | 0,00% | 0,00%",,31ddías,602.234,602.234 | 602.234 | 602.234 | 602.234 | 602.234 | 602.234,Defensa
Barry,Villarreal,0 | 0 | 0 | 0 | 0 | 0,"0,00% | 0,00% | 0,00% | 0,00% | 0,00% | 0,00%",,31ddías,602.292,602.292 | 602.292 | 602.292 | 602.292 | 602.292 | 602.292,Mediocampista
Delgado,Elche,0 | 0 | 0 | 0 | 0 | 0,"0,00% | 0,00% | 0,00% | 0,00% | 0,00% | 0,00%",,31ddías,602.324,602.324 | 602.324 | 602.324 | 602.324 | 602.324 | 602.324,Defensa
Álvaro,Alavés,0 | 0 | 0 | 0 | 0 | 0,"0,00% | 0,00% | 0,00% | 0,00% | 0,00% | 0,00%",,31ddías,501.929,501.929 | 501.929 | 501.929 | 501.929 | 501.929 | 501.929,Defensa
Selton,Athletic,0 | 0 | 0 | 0 | 0 | 0,"0,00% | 0,00% | 0,00% | 0,00% | 0,00% | 0,00%",,31ddías,602.257,602.257 | 602.257 | 602.257 | 602.257 | 602.257 | 602.257,Mediocampista
Echegoyen,Osasuna,0 | 0 | 0 | 0 | 0 | 0,"0,00% | 0,00% | 0,00% | 0,00% | 0,00% | 0,00%",,31ddías,562.286,562.286 | 562.286 | 562.286 | 562.286 | 562.286 | 562.286,Mediocampista
Niculaesei,Elche,0 | 0 | 0 | 0 | 0 | 0,"0,00% | 0,00% | 0,00% | 0,00% | 0,00% | 0,00%",,31ddías,803.099,803.099 | 803.099 | 803.099 | 803.099 | 803.099 | 803.099,Defensa
Dani Martínez,Atlético,-2.086 | -5.319 | -9.189 | -24.630 | -51.508 | -140.899,"-0,49% | -1,24% | -2,13% | -5,50% | -10,86% | -24,99%",,14ddías,422.983,425.069 | 428.302 | 432.172 | 447.613 | 474.491 | 563.882,Defensa
Arguibide,Osasuna,0 | 0 | 0 | 0 | 0 | 0,"0,00% | 0,00% | 0,00% | 0,00% | 0,00% | 0,00%",,31ddías,582.013,582.013 | 582.013 | 582.013 | 582.013 | 582.013 | 582.013,Defensa
Salinas,Málaga,0 | 0 | 0 | 0 | -70.184 | -625.100,"0,00% | 0,00% | 0,00% | 0,00% | -6,16% | -36,88%",,9ddías,1.070.070,1.070.070 | 1.070.070 | 1.070.070 | 1.070.070 | 1.140.254 | 1.695.170,Defensa
Iván Romero,Levante,-16.650 | -46.403 | -78.116 | -195.745 | -535.428 | -1.378.960,"-0,24% | -0,67% | -1,13% | -2,79% | -7,27% | -16,79%",,23ddías,6.832.126,6.848.776 | 6.878.529 | 6.910.242 | 7.027.871 | 7.367.554 | 8.211.086,Delantero
De la Fuente,Levante,0 | 0 | 0 | 0 | 0 | 0,"0,00% | 0,00% | 0,00% | 0,00% | 0,00% | 0,00%",,31ddías,14.052.528,14.052.528 | 14.052.528 | 14.052.528 | 14.052.528 | 14.052.528 | 14.052.528,Defensa
Aguado,Elche,-17.273 | -36.863 | -55.969 | -193.337 | -560.221 | -2.223.449,"-0,49% | -1,04% | -1,56% | -5,20% | -13,72% | -38,69%",,34ddías,3.523.789,3.541.062 | 3.560.652 | 3.579.758 | 3.717.126 | 4.084.010 | 5.747.238,Mediocampista
Santiago,Elche,-9.668 | -20.798 | -32.894 | -84.813 | -191.780 | -587.887,"-1,57% | -3,32% | -5,16% | -12,30% | -24,07% | -49,29%",,34ddías,604.939,614.607 | 625.737 | 637.833 | 689.752 | 796.719 | 1.192.826,Mediocampista
Á. Núñez,Celta,-66.690 | -142.769 | -216.126 | -545.050 | -1.236.475 | -2.872.807,"-1,64% | -3,45% | -5,13% | -12,00% | -23,62% | -41,81%",,31ddías,3.998.873,4.065.563 | 4.141.642 | 4.214.999 | 4.543.923 | 5.235.348 | 6.871.680,Defensa
Sivera,Alavés,+660.883 | +1.460.281 | +2.240.242 | +5.101.950 | +9.128.950 | +14.694.717,"+2,30% | +5,23% | +8,26% | +21,03% | +45,12% | +100,19%",,32ddías,29.360.966,28.700.083 | 27.900.685 | 27.120.724 | 24.259.016 | 20.232.016 | 14.666.249,Portero
Febas,Celta,-67.513 | -312.801 | -1.119.329 | -1.989.785 | -1.989.785 | -1.989.785,"-0,29% | -1,34% | -4,62% | -7,93% | -7,93% | -7,93%",,4ddías,23.107.103,23.174.616 | 23.419.904 | 24.226.432 | 25.096.888 | 25.096.888 | 25.096.888,Mediocampista
John ChetauyaJohn C.,Elche,-13.619 | -32.334 | -48.106 | -134.313 | -314.573 | -959.332,"-1,71% | -3,97% | -5,79% | -14,64% | -28,66% | -55,06%",,34ddías,783.027,796.646 | 815.361 | 831.133 | 917.340 | 1.097.600 | 1.742.359,Defensa
Bambo,Elche,-30.385 | -61.952 | -95.255 | +573.937 | +573.937 | +573.937,"-2,41% | -4,80% | -7,20% | 0% | 0% | 0%",,6ddías,1.228.402,1.258.787 | 1.290.354 | 1.323.657 | 0 | 0 | 0,Defensa
Vencedor,Athletic,0 | 0 | 0 | 0 | 0 | 0,"0,00% | 0,00% | 0,00% | 0,00% | 0,00% | 0,00%",,31ddías,2.208.253,2.208.253 | 2.208.253 | 2.208.253 | 2.208.253 | 2.208.253 | 2.208.253,Mediocampista
Youssef,Alavés,-5.489 | -12.266 | -19.828 | -51.641 | -114.460 | -326.281,"-1,08% | -2,37% | -3,78% | -9,28% | -18,49% | -39,27%",,26ddías,504.639,510.128 | 516.905 | 524.467 | 556.280 | 619.099 | 830.920,Defensa
Fortuny,Real Madrid,0 | 0 | 0 | 0 | 0 | 0,"0,00% | 0,00% | 0,00% | 0,00% | 0,00% | 0,00%",,31ddías,602.234,602.234 | 602.234 | 602.234 | 602.234 | 602.234 | 602.234,Mediocampista
Molina,Rayo,0 | 0 | 0 | 0 | 0 | 0,"0,00% | 0,00% | 0,00% | 0,00% | 0,00% | 0,00%",,31ddías,602.234,602.234 | 602.234 | 602.234 | 602.234 | 602.234 | 602.234,Portero
Bekhoucha,Getafe,0 | 0 | 0 | 0 | 0 | 0,"0,00% | 0,00% | 0,00% | 0,00% | 0,00% | 0,00%",,31ddías,1.104.254,1.104.254 | 1.104.254 | 1.104.254 | 1.104.254 | 1.104.254 | 1.104.254,Defensa
Huijsen,Real Madrid,-553.611 | -1.102.830 | -1.673.173 | -4.231.993 | -6.192.436 | -15.709.465,"-1,75% | -3,42% | -5,10% | -11,97% | -16,59% | -33,54%",,34ddías,31.130.717,31.684.328 | 32.233.547 | 32.803.890 | 35.362.710 | 37.323.153 | 46.840.182,Defensa
Yáñez,Real Madrid,0 | 0 | 0 | 0 | 0 | 0,"0,00% | 0,00% | 0,00% | 0,00% | 0,00% | 0,00%",,31ddías,702.606,702.606 | 702.606 | 702.606 | 702.606 | 702.606 | 702.606,Delantero
Niño,Málaga,-15.483 | -29.488 | -45.733 | -123.545 | -344.619 | -1.093.162,"-0,56% | -1,06% | -1,63% | -4,29% | -11,11% | -28,38%",,34ddías,2.758.055,2.773.538 | 2.787.543 | 2.803.788 | 2.881.600 | 3.102.674 | 3.851.217,Delantero
Rayane,Atlético,0 | 0 | 0 | 0 | 0 | 0,"0,00% | 0,00% | 0,00% | 0,00% | 0,00% | 0,00%",,31ddías,678.006,678.006 | 678.006 | 678.006 | 678.006 | 678.006 | 678.006,Delantero
Mendy,Rayo,0 | 0 | 0 | 0 | 0 | 0,"0,00% | 0,00% | 0,00% | 0,00% | 0,00% | 0,00%",,31ddías,6.022.356,6.022.356 | 6.022.356 | 6.022.356 | 6.022.356 | 6.022.356 | 6.022.356,Defensa
Ortiz,Betis,0 | 0 | 0 | 0 | 0 | 0,"0,00% | 0,00% | 0,00% | 0,00% | 0,00% | 0,00%",,31ddías,1.706.372,1.706.372 | 1.706.372 | 1.706.372 | 1.706.372 | 1.706.372 | 1.706.372,Defensa
Osambela,Osasuna,0 | 0 | 0 | 0 | 0 | 0,"0,00% | 0,00% | 0,00% | 0,00% | 0,00% | 0,00%",,31ddías,501.932,501.932 | 501.932 | 501.932 | 501.932 | 501.932 | 501.932,Mediocampista
Juanpe,Rayo,0 | 0 | 0 | 0 | 0 | 0,"0,00% | 0,00% | 0,00% | 0,00% | 0,00% | 0,00%",,31ddías,602.234,602.234 | 602.234 | 602.234 | 602.234 | 602.234 | 602.234,Portero
D. Aguado,Real Madrid,0 | 0 | 0 | 0 | 0 | 0,"0,00% | 0,00% | 0,00% | 0,00% | 0,00% | 0,00%",,31ddías,774.109,774.109 | 774.109 | 774.109 | 774.109 | 774.109 | 774.109,Defensa
Pablo García,Betis,0 | 0 | 0 | 0 | 0 | 0,"0,00% | 0,00% | 0,00% | 0,00% | 0,00% | 0,00%",,31ddías,2.509.371,2.509.371 | 2.509.371 | 2.509.371 | 2.509.371 | 2.509.371 | 2.509.371,Delantero
Fran González,Sevilla,0 | 0 | 0 | 0 | 0 | 0,"0,00% | 0,00% | 0,00% | 0,00% | 0,00% | 0,00%",,31ddías,702.622,702.622 | 702.622 | 702.622 | 702.622 | 702.622 | 702.622,Portero
Mariezkurrena,Real Sociedad,0 | 0 | 0 | 0 | 0 | 0,"0,00% | 0,00% | 0,00% | 0,00% | 0,00% | 0,00%",,31ddías,677.966,677.966 | 677.966 | 677.966 | 677.966 | 677.966 | 677.966,Delantero
Castrín,Sevilla,0 | 0 | 0 | 0 | 0 | 0,"0,00% | 0,00% | 0,00% | 0,00% | 0,00% | 0,00%",,31ddías,4.823.016,4.823.016 | 4.823.016 | 4.823.016 | 4.823.016 | 4.823.016 | 4.823.016,Defensa
Rafa,Sevilla,0 | 0 | 0 | 0 | 0 | 0,"0,00% | 0,00% | 0,00% | 0,00% | 0,00% | 0,00%",,31ddías,602.257,602.257 | 602.257 | 602.257 | 602.257 | 602.257 | 602.257,Portero
Diatta,Villarreal,0 | 0 | 0 | 0 | 0 | 0,"0,00% | 0,00% | 0,00% | 0,00% | 0,00% | 0,00%",,31ddías,581.656,581.656 | 581.656 | 581.656 | 581.656 | 581.656 | 581.656,Mediocampista
Swiderski,Alavés,0 | 0 | 0 | 0 | 0 | 0,"0,00% | 0,00% | 0,00% | 0,00% | 0,00% | 0,00%",,31ddías,602.316,602.316 | 602.316 | 602.316 | 602.316 | 602.316 | 602.316,Portero
Ruggeri,Atlético,-117.185 | -245.731 | -385.077 | -652.445 | -1.377.446 | -2.919.137,"-1,67% | -3,44% | -5,29% | -8,64% | -16,65% | -29,74%",,28ddías,6.896.048,7.013.233 | 7.141.779 | 7.281.125 | 7.548.493 | 8.273.494 | 9.815.185,Defensa
Alexander-Arnold,Real Madrid,-239.067 | -513.684 | -772.268 | -2.016.374 | -4.692.596 | -13.992.300,"-0,96% | -2,04% | -3,03% | -7,55% | -15,97% | -36,18%",,34ddías,24.685.142,24.924.209 | 25.198.826 | 25.457.410 | 26.701.516 | 29.377.738 | 38.677.442,Defensa
Rueda,Celta,+36.727 | +60.811 | +63.424 | +10.250 | -250.029 | -1.276.846,"+1,00% | +1,67% | +1,74% | +0,28% | -6,31% | -25,59%",,3ddías,3.713.026,3.676.299 | 3.652.215 | 3.649.602 | 3.702.776 | 3.963.055 | 4.989.872,Defensa
Víctor García,Levante,-55.725 | -114.258 | -173.845 | -447.421 | -1.016.632 | -2.924.132,"-2,42% | -4,84% | -7,18% | -16,60% | -31,14% | -56,54%",,34ddías,2.247.607,2.303.332 | 2.361.865 | 2.421.452 | 2.695.028 | 3.264.239 | 5.171.739,Defensa
Pinillos,Alavés,0 | 0 | 0 | 0 | 0 | 0,"0,00% | 0,00% | 0,00% | 0,00% | 0,00% | 0,00%",,31ddías,501.929,501.929 | 501.929 | 501.929 | 501.929 | 501.929 | 501.929,Mediocampista
Rego,Athletic,0 | 0 | 0 | 0 | 0 | 0,"0,00% | 0,00% | 0,00% | 0,00% | 0,00% | 0,00%",,31ddías,5.018.825,5.018.825 | 5.018.825 | 5.018.825 | 5.018.825 | 5.018.825 | 5.018.825,Defensa
Esquivel,Atlético,0 | 0 | 0 | 0 | 0 | 0,"0,00% | 0,00% | 0,00% | 0,00% | 0,00% | 0,00%",,31ddías,602.292,602.292 | 602.292 | 602.292 | 602.292 | 602.292 | 602.292,Portero
Torrents,Barcelona,0 | 0 | 0 | 0 | 0 | 0,"0,00% | 0,00% | 0,00% | 0,00% | 0,00% | 0,00%",,31ddías,602.319,602.319 | 602.319 | 602.319 | 602.319 | 602.319 | 602.319,Defensa
Manu Fernández,Celta,-1.920 | -4.979 | -8.669 | -23.310 | -48.432 | -142.891,"-0,46% | -1,17% | -2,03% | -5,27% | -10,36% | -25,43%",,34ddías,418.996,420.916 | 423.975 | 427.665 | 442.306 | 467.428 | 561.887,Defensa
Joselu,Getafe,0 | 0 | 0 | 0 | 0 | 0,"0,00% | 0,00% | 0,00% | 0,00% | 0,00% | 0,00%",,31ddías,602.319,602.319 | 602.319 | 602.319 | 602.319 | 602.319 | 602.319,Delantero
Pablo CamposCuñat Campos,Levante,-22.513 | -44.647 | -60.603 | -113.241 | -19.677 | -507.391,"-1,86% | -3,63% | -4,86% | -8,72% | -1,63% | -29,97%",,7ddías,1.185.467,1.207.980 | 1.230.114 | 1.246.070 | 1.298.708 | 1.205.144 | 1.692.858,Portero
Bigas,Elche,-134.008 | -271.620 | -411.527 | -996.958 | -2.006.414 | -3.721.931,"-2,19% | -4,33% | -6,42% | -14,25% | -25,07% | -38,29%",,29ddías,5.998.406,6.132.414 | 6.270.026 | 6.409.933 | 6.995.364 | 8.004.820 | 9.720.337,Defensa
Toljan,Levante,-18.040 | -57.876 | -86.610 | -255.216 | -790.377 | -2.787.416,"-0,39% | -1,24% | -1,85% | -5,26% | -14,68% | -37,76%",,32ddías,4.595.170,4.613.210 | 4.653.046 | 4.681.780 | 4.850.386 | 5.385.547 | 7.382.586,Defensa
Cortés,Levante,0 | 0 | 0 | 0 | 0 | 0,"0,00% | 0,00% | 0,00% | 0,00% | 0,00% | 0,00%",,31ddías,803.000,803.000 | 803.000 | 803.000 | 803.000 | 803.000 | 803.000,Delantero
Primo,Levante,0 | 0 | 0 | 0 | 0 | 0,"0,00% | 0,00% | 0,00% | 0,00% | 0,00% | 0,00%",,31ddías,1.104.126,1.104.126 | 1.104.126 | 1.104.126 | 1.104.126 | 1.104.126 | 1.104.126,Portero
Vertrouwd,Rayo,0 | 0 | 0 | 0 | 0 | 0,"0,00% | 0,00% | 0,00% | 0,00% | 0,00% | 0,00%",,31ddías,1.003.725,1.003.725 | 1.003.725 | 1.003.725 | 1.003.725 | 1.003.725 | 1.003.725,Defensa
Becerra,Rayo,0 | 0 | 0 | 0 | 0 | 0,"0,00% | 0,00% | 0,00% | 0,00% | 0,00% | 0,00%",,31ddías,581.700,581.700 | 581.700 | 581.700 | 581.700 | 581.700 | 581.700,Mediocampista
Radu,Celta,+450.302 | +992.456 | +1.545.409 | +4.652.817 | +9.854.640 | +19.401.490,"+1,15% | +2,57% | +4,05% | +13,28% | +33,04% | +95,67%",,33ddías,39.681.613,39.231.311 | 38.689.157 | 38.136.204 | 35.028.796 | 29.826.973 | 20.280.123,Portero
Redondo,Elche,-23.880 | -48.956 | -75.466 | -194.214 | -425.993 | -1.236.873,"-2,38% | -4,76% | -7,15% | -16,55% | -30,31% | -55,80%",,34ddías,979.580,1.003.460 | 1.028.536 | 1.055.046 | 1.173.794 | 1.405.573 | 2.216.453,Mediocampista
Ugrinic,Valencia,-87.706 | -178.965 | -285.069 | -747.355 | -1.616.604 | -4.219.058,"-2,12% | -4,23% | -6,57% | -15,56% | -28,50% | -50,99%",,32ddías,4.055.411,4.143.117 | 4.234.376 | 4.340.480 | 4.802.766 | 5.672.015 | 8.274.469,Mediocampista
Jonny,Alavés,-62.658 | -121.447 | -170.302 | -394.017 | -1.061.034 | -3.576.081,"-1,11% | -2,12% | -2,95% | -6,57% | -15,92% | -38,96%",,30ddías,5.602.974,5.665.632 | 5.724.421 | 5.773.276 | 5.996.991 | 6.664.008 | 9.179.055,Defensa
Deossa,Betis,+21.954 | +49.911 | +57.648 | -104.808 | -458.392 | -1.736.932,"+1,18% | +2,73% | +3,17% | -5,29% | -19,63% | -48,07%",,3ddías,1.876.754,1.854.800 | 1.826.843 | 1.819.106 | 1.981.562 | 2.335.146 | 3.613.686,Mediocampista
Luiz Felipe,Rayo,0 | 0 | 0 | 0 | 0 | 0,"0,00% | 0,00% | 0,00% | 0,00% | 0,00% | 0,00%",,31ddías,4.115.277,4.115.277 | 4.115.277 | 4.115.277 | 4.115.277 | 4.115.277 | 4.115.277,Defensa
Hancko,Atlético,+843.714 | +1.629.210 | +2.216.701 | +3.084.750 | +1.641.563 | -5.374.900,"+2,57% | +5,08% | +7,04% | +10,07% | +5,12% | -13,75%",,6ddías,33.711.257,32.867.543 | 32.082.047 | 31.494.556 | 30.626.507 | 32.069.694 | 39.086.157,Defensa
Fortea,Real Madrid,0 | 0 | 0 | 0 | 0 | 0,"0,00% | 0,00% | 0,00% | 0,00% | 0,00% | 0,00%",,31ddías,802.099,802.099 | 802.099 | 802.099 | 802.099 | 802.099 | 802.099,Defensa
Jutglà,Celta,-31.359 | -61.946 | -132.732 | -292.255 | -1.093.038 | -4.085.935,"-0,34% | -0,68% | -1,44% | -3,11% | -10,72% | -30,97%",,30ddías,9.105.513,9.136.872 | 9.167.459 | 9.238.245 | 9.397.768 | 10.198.551 | 13.191.448,Delantero
Martim Neto,Elche,-22.505 | -47.396 | -80.068 | -207.614 | -373.281 | -1.092.088,"-1,24% | -2,57% | -4,27% | -10,37% | -17,22% | -37,83%",,34ddías,1.794.422,1.816.927 | 1.841.818 | 1.874.490 | 2.002.036 | 2.167.703 | 2.886.510,Mediocampista
Valentín Gómez,Betis,-34.420 | -75.840 | -115.127 | -285.951 | -630.743 | -1.838.946,"-1,73% | -3,73% | -5,56% | -12,75% | -24,38% | -48,46%",,34ddías,1.956.018,1.990.438 | 2.031.858 | 2.071.145 | 2.241.969 | 2.586.761 | 3.794.964,Defensa
Junior,Betis,-80.278 | -169.473 | -266.681 | -674.810 | -1.458.783 | -3.853.312,"-2,03% | -4,18% | -6,42% | -14,80% | -27,30% | -49,80%",,34ddías,3.884.055,3.964.333 | 4.053.528 | 4.150.736 | 4.558.865 | 5.342.838 | 7.737.367,Defensa
Gorrotxategi,Real Sociedad,-191.718 | -401.803 | -613.682 | -1.191.022 | -1.936.766 | -2.621.155,"-2,49% | -5,09% | -7,57% | -13,72% | -20,54% | -25,92%",,27ddías,7.492.756,7.684.474 | 7.894.559 | 8.106.438 | 8.683.778 | 9.429.522 | 10.113.911,Mediocampista
Dituro,Elche,+15.608 | +22.440 | +35.896 | -32.699 | -373.675 | -1.269.284,"+0,24% | +0,34% | +0,55% | -0,49% | -5,36% | -16,15%",,3ddías,6.592.125,6.576.517 | 6.569.685 | 6.556.229 | 6.624.824 | 6.965.800 | 7.861.409,Portero
Dolan,Espanyol,-64.835 | -138.553 | -214.480 | -526.611 | -1.218.338 | -2.727.607,"-1,04% | -2,19% | -3,35% | -7,85% | -16,46% | -30,60%",,27ddías,6.184.839,6.249.674 | 6.323.392 | 6.399.319 | 6.711.450 | 7.403.177 | 8.912.446,Delantero
Roger BruguéBrugui,Levante,-72.444 | -146.033 | -223.598 | -560.240 | -1.239.036 | -3.564.389,"-2,61% | -5,12% | -7,64% | -17,16% | -31,42% | -56,86%",,35ddías,2.703.822,2.776.266 | 2.849.855 | 2.927.420 | 3.264.062 | 3.942.858 | 6.268.211,Delantero
Jorge Cabello,Levante,-24.778 | -51.647 | -80.138 | -204.761 | +390.696 | +390.696,"-2,50% | -5,07% | -7,65% | -17,47% | 0% | 0%",,11ddías,967.572,992.350 | 1.019.219 | 1.047.710 | 1.172.333 | 0 | 0,Defensa
C. Álvarez,Levante,+182.270 | +456.996 | +690.192 | +1.998.709 | +4.283.445 | +9.325.160,"+0,98% | +2,48% | +3,80% | +11,86% | +29,39% | +97,82%",,33ddías,18.858.106,18.675.836 | 18.401.110 | 18.167.914 | 16.859.397 | 14.574.661 | 9.532.946,Mediocampista
Oriol Rey,Levante,-15.714 | -34.903 | -56.665 | -151.340 | -346.355 | -1.011.997,"-1,87% | -4,07% | -6,44% | -15,54% | -29,62% | -55,16%",,34ddías,822.815,838.529 | 857.718 | 879.480 | 974.155 | 1.169.170 | 1.834.812,Mediocampista
Hierro,Athletic,0 | 0 | 0 | 0 | 0 | 0,"0,00% | 0,00% | 0,00% | 0,00% | 0,00% | 0,00%",,31ddías,602.257,602.257 | 602.257 | 602.257 | 602.257 | 602.257 | 602.257,Delantero
Boñar,Atlético,-3.491 | -8.187 | -13.581 | -35.781 | -74.180 | -194.221,"-0,76% | -1,76% | -2,89% | -7,27% | -13,97% | -29,84%",,28ddías,456.697,460.188 | 464.884 | 470.278 | 492.478 | 530.877 | 650.918,Defensa
Rubén Gómez,Villarreal,0 | 0 | 0 | 0 | 0 | 0,"0,00% | 0,00% | 0,00% | 0,00% | 0,00% | 0,00%",,31ddías,602.292,602.292 | 602.292 | 602.292 | 602.292 | 602.292 | 602.292,Portero
Salinas,Racing,0 | 0 | 0 | 0 | 0 | 0,"0,00% | 0,00% | 0,00% | 0,00% | 0,00% | 0,00%",,30ddías,6.022.356,6.022.356 | 6.022.356 | 6.022.356 | 6.022.356 | 6.022.356 | 6.022.356,Defensa
Santaella,Málaga,0 | 0 | 0 | 0 | 0 | +449,"0,00% | 0,00% | 0,00% | 0,00% | 0,00% | 0%",,26ddías,401.498,401.498 | 401.498 | 401.498 | 401.498 | 401.498 | 0,Defensa
Diego Diaz,Racing,0 | 0 | 0 | 0 | 0 | 0,"0,00% | 0,00% | 0,00% | 0,00% | 0,00% | 0,00%",,30ddías,602.234,602.234 | 602.234 | 602.234 | 602.234 | 602.234 | 602.234,Delantero
Santi Franco,Racing,0 | 0 | 0 | 0 | 0 | 0,"0,00% | 0,00% | 0,00% | 0,00% | 0,00% | 0,00%",,30ddías,702.606,702.606 | 702.606 | 702.606 | 702.606 | 702.606 | 702.606,Delantero
Canales,Racing,0 | 0 | 0 | 0 | 0 | 0,"0,00% | 0,00% | 0,00% | 0,00% | 0,00% | 0,00%",,30ddías,10.037.262,10.037.262 | 10.037.262 | 10.037.262 | 10.037.262 | 10.037.262 | 10.037.262,Delantero
Guliashvili,Racing,-78.249 | -157.076 | -244.128 | -614.715 | -1.359.871 | -3.598.690,"-3,02% | -5,88% | -8,85% | -19,65% | -35,11% | -58,88%",,34ddías,2.513.647,2.591.896 | 2.670.723 | 2.757.775 | 3.128.362 | 3.873.518 | 6.112.337,Delantero
Arana,Racing,-11.754 | -27.610 | -43.316 | -89.636 | -183.786 | -571.660,"-1,35% | -3,12% | -4,82% | -9,48% | -17,67% | -40,04%",,34ddías,856.144,867.898 | 883.754 | 899.460 | 945.780 | 1.039.930 | 1.427.804,Delantero
Iñigo Vicente,Racing,-83.076 | -207.276 | -381.392 | -790.818 | -2.572.116 | -6.829.259,"-0,44% | -1,09% | -1,99% | -4,04% | -12,05% | -26,68%",,30ddías,18.767.184,18.850.260 | 18.974.460 | 19.148.576 | 19.558.002 | 21.339.300 | 25.596.443,Delantero
Solórzano,Racing,0 | 0 | 0 | 0 | 0 | 0,"0,00% | 0,00% | 0,00% | 0,00% | 0,00% | 0,00%",,30ddías,602.234,602.234 | 602.234 | 602.234 | 602.234 | 602.234 | 602.234,Mediocampista
Puerta,Racing,+169.498 | +297.627 | +495.380 | +1.310.767 | +2.172.697 | +350.595,"+1,51% | +2,68% | +4,53% | +12,97% | +23,49% | +3,17%",,13ddías,11.420.385,11.250.887 | 11.122.758 | 10.925.005 | 10.109.618 | 9.247.688 | 11.069.790,Mediocampista
Sergio Martínez,Racing,0 | 0 | 0 | 0 | 0 | 0,"0,00% | 0,00% | 0,00% | 0,00% | 0,00% | 0,00%",,30ddías,702.606,702.606 | 702.606 | 702.606 | 702.606 | 702.606 | 702.606,Mediocampista
Gueye,Racing,-46.110 | -93.555 | -151.950 | -394.471 | -896.422 | -2.905.562,"-1,06% | -2,13% | -3,41% | -8,40% | -17,25% | -40,33%",,30ddías,4.299.337,4.345.447 | 4.392.892 | 4.451.287 | 4.693.808 | 5.195.759 | 7.204.899,Mediocampista
Crespo,Racing,0 | 0 | 0 | 0 | 0 | 0,"0,00% | 0,00% | 0,00% | 0,00% | 0,00% | 0,00%",,30ddías,802.979,802.979 | 802.979 | 802.979 | 802.979 | 802.979 | 802.979,Defensa
Facundo GonzálezFacu González,Racing,-11.027 | -29.783 | -53.501 | -114.542 | -399.423 | -399.423,"-0,35% | -0,95% | -1,69% | -3,55% | -11,37% | -11,37%",,10ddías,3.113.617,3.124.644 | 3.143.400 | 3.167.118 | 3.228.159 | 3.513.040 | 3.513.040,Defensa
Carlos Sánchez,Racing,0 | 0 | 0 | 0 | 0 | 0,"0,00% | 0,00% | 0,00% | 0,00% | 0,00% | 0,00%",,30ddías,702.606,702.606 | 702.606 | 702.606 | 702.606 | 702.606 | 702.606,Defensa
Hernando,Racing,-12.482 | -23.546 | -38.488 | -79.645 | -255.723 | -1.296.810,"-0,64% | -1,20% | -1,95% | -3,95% | -11,66% | -40,09%",,34ddías,1.938.290,1.950.772 | 1.961.836 | 1.976.778 | 2.017.935 | 2.194.013 | 3.235.100,Defensa
Chupete,Málaga,+1.123.045 | +2.371.821 | +3.649.204 | +8.650.320 | +18.018.429 | 0,"+2,19% | +4,74% | +7,48% | +19,74% | +52,31% | 0%",,25ddías,52.462.790,51.339.745 | 50.090.969 | 48.813.586 | 43.812.470 | 34.444.361 | 0,Delantero
Joaquín,Málaga,-135.214 | -278.362 | -430.677 | -1.079.286 | -2.220.168 | -5.982.475,"-1,77% | -3,58% | -5,43% | -12,59% | -22,85% | -44,38%",,34ddías,7.496.564,7.631.778 | 7.774.926 | 7.927.241 | 8.575.850 | 9.716.732 | 13.479.039,Delantero
Merino,Málaga,-46.875 | -125.247 | -191.478 | -494.594 | -1.153.689 | -3.446.152,"-0,69% | -1,83% | -2,77% | -6,86% | -14,65% | -33,90%",,30ddías,6.718.728,6.765.603 | 6.843.975 | 6.910.206 | 7.213.322 | 7.872.417 | 10.164.880,Mediocampista
Lorenzo,Málaga,+128.092 | +265.434 | +370.220 | +891.664 | +769.558 | -1.431.463,"+1,40% | +2,94% | +4,15% | +10,62% | +9,04% | -13,36%",,9ddías,9.284.638,9.156.546 | 9.019.204 | 8.914.418 | 8.392.974 | 8.515.080 | 10.716.101,Mediocampista
Rafa Rodríguez,Málaga,0 | 0 | 0 | 0 | 0 | 0,"0,00% | 0,00% | 0,00% | 0,00% | 0,00% | 0,00%",,30ddías,6.270.426,6.270.426 | 6.270.426 | 6.270.426 | 6.270.426 | 6.270.426 | 6.270.426,Mediocampista
Ochoa,Málaga,0 | 0 | 0 | 0 | 0 | 0,"0,00% | 0,00% | 0,00% | 0,00% | 0,00% | 0,00%",,30ddías,3.513.040,3.513.040 | 3.513.040 | 3.513.040 | 3.513.040 | 3.513.040 | 3.513.040,Mediocampista
Enríquez,Málaga,-19.186 | -40.695 | -63.189 | -158.147 | -332.540 | -947.056,"-2,09% | -4,32% | -6,56% | -14,94% | -26,97% | -51,26%",,34ddías,900.381,919.567 | 941.076 | 963.570 | 1.058.528 | 1.232.921 | 1.847.437,Mediocampista
Juanpe,Málaga,0 | 0 | 0 | 0 | 0 | 0,"0,00% | 0,00% | 0,00% | 0,00% | 0,00% | 0,00%",,30ddías,581.931,581.931 | 581.931 | 581.931 | 581.931 | 581.931 | 581.931,Mediocampista
Lobete,Málaga,-21.785 | -45.638 | -69.611 | -173.530 | -369.756 | -988.274,"-2,37% | -4,84% | -7,19% | -16,19% | -29,16% | -52,39%",,34ddías,898.167,919.952 | 943.805 | 967.778 | 1.071.697 | 1.267.923 | 1.886.441,Delantero
Sainz-Maza,Racing,-20.192 | -41.851 | -63.712 | -154.992 | -342.072 | -997.799,"-2,28% | -4,62% | -6,87% | -15,21% | -28,36% | -53,59%",,34ddías,864.147,884.339 | 905.998 | 927.859 | 1.019.139 | 1.206.219 | 1.861.946,Defensa
Jauregi,Málaga,0 | 0 | 0 | 0 | 0 | 0,"0,00% | 0,00% | 0,00% | 0,00% | 0,00% | 0,00%",,30ddías,1.555.774,1.555.774 | 1.555.774 | 1.555.774 | 1.555.774 | 1.555.774 | 1.555.774,Delantero
Haitam,Málaga,-3.011 | -7.207 | -12.080 | -31.969 | -68.615 | -205.803,"-0,67% | -1,59% | -2,64% | -6,70% | -13,35% | -31,61%",,34ddías,445.178,448.189 | 452.385 | 457.258 | 477.147 | 513.793 | 650.981,Delantero
Jiménez,Racing,0 | 0 | 0 | 0 | 0 | 0,"0,00% | 0,00% | 0,00% | 0,00% | 0,00% | 0,00%",,30ddías,602.234,602.234 | 602.234 | 602.234 | 602.234 | 602.234 | 602.234,Portero
Eriksson,Racing,+44.330 | +101.043 | +147.970 | +398.769 | +625.080 | -74.362,"+1,56% | +3,64% | +5,42% | +16,07% | +27,72% | -2,52%",,13ddías,2.879.700,2.835.370 | 2.778.657 | 2.731.730 | 2.480.931 | 2.254.620 | 2.954.062,Portero
Laro Gómez,Racing,0 | 0 | 0 | 0 | 0 | 0,"0,00% | 0,00% | 0,00% | 0,00% | 0,00% | 0,00%",,30ddías,602.234,602.234 | 602.234 | 602.234 | 602.234 | 602.234 | 602.234,Portero
Mantilla,Racing,+42.551 | +85.140 | +121.843 | +277.131 | +325.268 | -337.097,"+1,75% | +3,56% | +5,18% | +12,61% | +15,14% | -11,99%",,11ddías,2.474.074,2.431.523 | 2.388.934 | 2.352.231 | 2.196.943 | 2.148.806 | 2.811.171,Defensa
Vallecillo,Racing,0 | 0 | 0 | 0 | 0 | +743,"0,00% | 0,00% | 0,00% | 0,00% | 0,00% | 0%",,26ddías,677.940,677.940 | 677.940 | 677.940 | 677.940 | 677.940 | 0,Mediocampista
Larrubia,Málaga,+865.593 | +2.173.927 | +3.347.003 | +8.602.446 | +18.479.858 | 0,"+1,61% | +4,15% | +6,54% | +18,72% | +51,22% | 0%",,24ddías,54.556.825,53.691.232 | 52.382.898 | 51.209.822 | 45.954.379 | 36.076.967 | 0,Mediocampista
Arriaza,Málaga,0 | 0 | 0 | 0 | 0 | 0,"0,00% | 0,00% | 0,00% | 0,00% | 0,00% | 0,00%",,30ddías,401.498,401.498 | 401.498 | 401.498 | 401.498 | 401.498 | 401.498,Defensa
Manuel Pellegrini,Betis,-178.759 | -363.593 | -483.114 | -1.345.677 | -3.215.480 | -1.589.827,"-3,19% | -6,28% | -8,17% | -19,86% | -37,20% | 0%",,16ddías,5.428.550,5.607.309 | 5.792.143 | 5.911.664 | 6.774.227 | 8.644.030 | 0,
Carlos Corberán,Valencia,-17.714 | -37.225 | -57.812 | -148.404 | -340.280 | -104.313,"-2,17% | -4,46% | -6,75% | -15,68% | -29,89% | 0%",,16ddías,798.048,815.762 | 835.273 | 855.860 | 946.452 | 1.138.328 | 0,
Luis García,Sevilla,-27.144 | -56.478 | -87.537 | -223.544 | -311.922 | +222.260,"-2,58% | -5,23% | -7,87% | -17,91% | -23,34% | 0%",,13ddías,1.024.359,1.051.503 | 1.080.837 | 1.111.896 | 1.247.903 | 1.336.281 | 0,
Pellegrino Matarazzo,Real Sociedad,-180.795 | -370.327 | -563.671 | -1.451.740 | -3.389.174 | -50.506,"-3,52% | -6,94% | -10,20% | -22,63% | -40,58% | 0%",,14ddías,4.962.620,5.143.415 | 5.332.947 | 5.526.291 | 6.414.360 | 8.351.794 | 0,
José Mourinho,Real Madrid,-589.109 | -1.215.137 | -1.895.949 | -4.852.141 | -1.280.790 | 0,"-3,31% | -6,59% | -9,91% | -21,97% | -6,92% | 0%",,11ddías,17.230.161,17.819.270 | 18.445.298 | 19.126.110 | 22.082.302 | 18.510.951 | 0,
Beñat San José,Rayo,-69.050 | -142.037 | -218.567 | -556.213 | +364.136 | 0,"-3,29% | -6,54% | -9,72% | -21,51% | +21,86% | 0%",,9ddías,2.030.118,2.099.168 | 2.172.155 | 2.248.685 | 2.586.331 | 1.665.982 | 0,
José Alberto López,Racing,-32.801 | -68.027 | -105.224 | -268.450 | -176.157 | +358.025,"-2,75% | -5,54% | -8,32% | -18,79% | -13,18% | 0%",,12ddías,1.160.124,1.192.925 | 1.228.151 | 1.265.348 | 1.428.574 | 1.336.281 | 0,
Luis Miguel Ramis,Osasuna,-59.283 | -122.095 | -188.027 | -478.674 | +129.711 | 0,"-3,20% | -6,37% | -9,48% | -21,05% | +7,79% | 0%",,10ddías,1.795.693,1.854.976 | 1.917.788 | 1.983.720 | 2.274.367 | 1.665.982 | 0,
Juan Funes,Málaga,-50.713 | -104.598 | -161.231 | -410.644 | -80.336 | +587.395,"-3,09% | -6,17% | -9,21% | -20,53% | -4,81% | 0%",,11ddías,1.590.020,1.640.733 | 1.694.618 | 1.751.251 | 2.000.664 | 1.670.356 | 0,
Luis Castro,Levante,-49.873 | -102.883 | -158.605 | -403.976 | -935.673 | +65.923,"-3,08% | -6,15% | -9,18% | -20,47% | -37,34% | 0%",,14ddías,1.569.860,1.619.733 | 1.672.743 | 1.728.465 | 1.973.836 | 2.505.533 | 0,
Pepe Bordalás,Getafe,-2.332.179 | -4.762.592 | -7.281.755 | -13.348.878 | +47.217.730 | +51.332.087,"-3,97% | -7,79% | -11,44% | -19,15% | +517,31% | 0%",,4ddías,56.345.213,58.677.392 | 61.107.805 | 63.626.968 | 69.694.091 | 9.127.483 | 0,
Manolo González,Espanyol,-41.793 | -86.387 | -132.292 | -338.601 | -784.536 | -127.985,"-2,95% | -5,91% | -8,77% | -19,75% | -36,31% | 0%",,15ddías,1.375.952,1.417.745 | 1.462.339 | 1.508.244 | 1.714.553 | 2.160.488 | 0,
Martín Anselmi,Elche,-69.050 | -142.037 | -218.567 | -556.213 | +364.136 | 0,"-3,29% | -6,54% | -9,72% | -21,51% | +21,86% | 0%",,9ddías,2.030.118,2.099.168 | 2.172.155 | 2.248.685 | 2.586.331 | 1.665.982 | 0,
Antonio Hidalgo,Deportivo,-70.138 | -144.257 | -221.967 | -564.844 | -449.320 | +552.276,"-3,30% | -6,56% | -9,74% | -21,55% | -17,93% | 0%",,12ddías,2.056.213,2.126.351 | 2.200.470 | 2.278.180 | 2.621.057 | 2.505.533 | 0,
Claudio Giráldez,Celta,-103.842 | -216.082 | -205.267 | -668.608 | -1.712.030 | -2.006.714,"-3,34% | -6,71% | -6,39% | -18,19% | -36,28% | 0%",,2ddías,3.006.412,3.110.254 | 3.222.494 | 3.211.679 | 3.675.020 | 4.718.442 | 0,
Hansi Flick,Barcelona,-280.814 | -612.782 | -440.906 | -1.832.221 | -4.799.342 | -3.325.857,"-2,34% | -4,97% | -3,63% | -13,53% | -29,06% | 0%",,2ddías,11.713.525,11.994.339 | 12.326.307 | 12.154.431 | 13.545.746 | 16.512.867 | 0,
Yeremay,Deportivo,-290.212 | -51.871 | +303.634 | +4.018.237 | +16.003.426 | 0,"-0,49% | -0,09% | +0,52% | +7,34% | +37,40% | 0%",,1ddías,58.797.168,59.087.380 | 58.849.039 | 58.493.534 | 54.778.931 | 42.793.742 | 0,Delantero
Hjulmand,Atlético,+38.441 | +2.502 | -229.504 | -1.338.538 | 0 | 0,"+0,12% | +0,01% | -0,69% | -3,87% | 0% | 0%",,1ddías,33.231.873,33.193.432 | 33.229.371 | 33.461.377 | 34.570.411 | 0 | 0,Mediocampista
Dumfries,Real Madrid,-443.890 | -121.065 | +411.522 | +4.634.237 | +14.583.782 | 0,"-0,67% | -0,18% | +0,63% | +7,56% | +28,39% | 0%",,1ddías,65.952.670,66.396.560 | 66.073.735 | 65.541.148 | 61.318.433 | 51.368.888 | 0,Defensa
Hartman,Espanyol,-93.642 | -241.258 | -398.807 | -1.189.211 | -2.958.430 | 0,"-0,93% | -2,37% | -3,86% | -10,70% | -22,97% | 0%",,18ddías,9.922.110,10.015.752 | 10.163.368 | 10.320.917 | 11.111.321 | 12.880.540 | 0,Defensa
Cucurella,Real Madrid,+2.291.923 | +5.048.110 | +7.822.144 | +19.471.706 | 0 | 0,"+2,94% | +6,72% | +10,81% | +32,07% | 0% | 0%",,12ddías,80.193.172,77.901.249 | 75.145.062 | 72.371.028 | 60.721.466 | 0 | 0,Defensa
Konaté,Real Madrid,+1.376.360 | +3.126.187 | +4.701.085 | +10.889.158 | 0 | 0,"+3,21% | +7,60% | +11,88% | +32,61% | 0% | 0%",,11ddías,44.278.510,42.902.150 | 41.152.323 | 39.577.425 | 33.389.352 | 0 | 0,Defensa
Aubameyang,Deportivo,+1.276.226 | +2.742.096 | +4.160.676 | +9.215.426 | 0 | 0,"+5,45% | +12,48% | +20,25% | +59,48% | 0% | 0%",,10ddías,24.709.397,23.433.171 | 21.967.301 | 20.548.721 | 15.493.971 | 0 | 0,Delantero
Calatrava,Espanyol,+59.316 | +132.952 | +174.800 | +344.764 | 0 | 0,"+1,69% | +3,86% | +5,13% | +10,66% | 0% | 0%",,9ddías,3.578.930,3.519.614 | 3.445.978 | 3.404.130 | 3.234.166 | 0 | 0,Delantero
Bernardo Silva,Real Madrid,+1.705.906 | +3.380.702 | +4.593.169 | 0 | 0 | 0,"+4,00% | +8,24% | +11,54% | 0% | 0% | 0%",,5ddías,44.401.859,42.695.953 | 41.021.157 | 39.808.690 | 0 | 0 | 0,Mediocampista
Diego Simeone,Atlético,-223.076 | -446.153 | -471.195 | -1.518.889 | -3.726.063 | -2.917.827,"-3,04% | -5,91% | -6,22% | -17,61% | -34,39% | 0%",,17ddías,7.108.427,7.331.503 | 7.554.580 | 7.579.622 | 8.627.316 | 10.834.490 | 0,
Amatucci,Deportivo,-40.783 | -142.962 | -561.265 | 0 | 0 | 0,"-0,34% | -1,18% | -4,46% | 0% | 0% | 0%",,3ddías,12.010.475,12.051.258 | 12.153.437 | 12.571.740 | 0 | 0 | 0,Mediocampista
De Haas,Valencia,+33.794 | +2.695 | -288.456 | 0 | 0 | 0,"+0,40% | +0,03% | -3,30% | 0% | 0% | 0%",,1ddías,8.457.102,8.423.308 | 8.454.407 | 8.745.558 | 0 | 0 | 0,Defensa
Dieng,Valencia,-85.640 | -180.771 | -370.019 | 0 | 0 | 0,"-1,59% | -3,29% | -6,51% | 0% | 0% | 0%",,3ddías,5.314.594,5.400.234 | 5.495.365 | 5.684.613 | 0 | 0 | 0,Mediocampista
Moscardo,Espanyol,-264.837 | -644.912 | 0 | 0 | 0 | 0,"-2,38% | -5,61% | 0% | 0% | 0% | 0%",,2ddías,10.855.088,11.119.925 | 11.500.000 | 0 | 0 | 0 | 0,Mediocampista
Quique Sánchez,Alavés,-27.144 | -56.478 | -87.537 | -223.544 | -311.922 | +222.260,"-2,58% | -5,23% | -7,87% | -17,91% | -23,34% | 0%",,13ddías,1.024.359,1.051.503 | 1.080.837 | 1.111.896 | 1.247.903 | 1.336.281 | 0,
Edin Terzic,Athletic,-408.618 | -835.654 | -1.280.986 | -3.251.697 | +191.830 | 0,"-3,86% | -7,58% | -11,17% | -24,20% | +1,92% | 0%",,10ddías,10.187.740,10.596.358 | 11.023.394 | 11.468.726 | 13.439.437 | 9.995.910 | 0,
Moussa,Málaga,0 | 0 | 0 | 0 | 0 | 0,"0,00% | 0,00% | 0,00% | 0,00% | 0,00% | 0,00%",,30ddías,401.498,401.498 | 401.498 | 401.498 | 401.498 | 401.498 | 401.498,Defensa
Pastor,Málaga,0 | 0 | 0 | 0 | 0 | 0,"0,00% | 0,00% | 0,00% | 0,00% | 0,00% | 0,00%",,30ddías,389.116,389.116 | 389.116 | 389.116 | 389.116 | 389.116 | 389.116,Defensa
Puric,Atlético,-3.008 | -7.200 | -12.069 | -31.942 | -68.551 | -205.604,"-0,67% | -1,59% | -2,64% | -6,70% | -13,35% | -31,60%",,34ddías,445.092,448.100 | 452.292 | 457.161 | 477.034 | 513.643 | 650.696,Defensa
Mesonero,Real Madrid,0 | 0 | 0 | 0 | 0 | 0,"0,00% | 0,00% | 0,00% | 0,00% | 0,00% | 0,00%",,31ddías,702.606,702.606 | 702.606 | 702.606 | 702.606 | 702.606 | 702.606,Mediocampista
Antañón,Celta,0 | 0 | 0 | 0 | 0 | 0,"0,00% | 0,00% | 0,00% | 0,00% | 0,00% | 0,00%",,31ddías,581.700,581.700 | 581.700 | 581.700 | 581.700 | 581.700 | 581.700,Mediocampista
Lamini Fati,Real Madrid,0 | 0 | 0 | 0 | 0 | 0,"0,00% | 0,00% | 0,00% | 0,00% | 0,00% | 0,00%",,31ddías,677.955,677.955 | 677.955 | 677.955 | 677.955 | 677.955 | 677.955,Defensa
Sangaré,Elche,0 | 0 | 0 | 0 | 0 | 0,"0,00% | 0,00% | 0,00% | 0,00% | 0,00% | 0,00%",,31ddías,4.015.501,4.015.501 | 4.015.501 | 4.015.501 | 4.015.501 | 4.015.501 | 4.015.501,Defensa
Vecino,Celta,-65.330 | -131.329 | -201.247 | -507.628 | -1.137.527 | -3.208.438,"-2,69% | -5,26% | -7,85% | -17,68% | -32,49% | -57,58%",,34ddías,2.363.642,2.428.972 | 2.494.971 | 2.564.889 | 2.871.270 | 3.501.169 | 5.572.080,Mediocampista
Vargas,Atlético,-20.308 | -28.032 | -53.071 | -156.080 | -361.533 | -1.024.989,"-2,10% | -2,88% | -5,31% | -14,16% | -27,65% | -52,00%",,34ddías,946.070,966.378 | 974.102 | 999.141 | 1.102.150 | 1.307.603 | 1.971.059,Mediocampista
Lookman,Atlético,+1.166.847 | +2.840.036 | +4.324.044 | +11.746.112 | +23.043.193 | +43.968.925,"+1,54% | +3,82% | +5,94% | +17,98% | +42,64% | 0%",,21ddías,77.090.190,75.923.343 | 74.250.154 | 72.766.146 | 65.344.078 | 54.046.997 | 0,Delantero
Tete Morente,Elche,-53.831 | -109.142 | -170.545 | -432.096 | -966.379 | -2.843.406,"-2,34% | -4,64% | -7,06% | -16,14% | -30,10% | -55,89%",,34ddías,2.244.462,2.298.293 | 2.353.604 | 2.415.007 | 2.676.558 | 3.210.841 | 5.087.868,Delantero
Fidalgo,Betis,-44.762 | -93.409 | -152.056 | -377.716 | -766.400 | -1.994.836,"-1,51% | -3,11% | -4,96% | -11,48% | -20,83% | -40,65%",,31ddías,2.912.511,2.957.273 | 3.005.920 | 3.064.567 | 3.290.227 | 3.678.911 | 4.907.347,Mediocampista
Koski,Alavés,0 | 0 | 0 | 0 | 0 | 0,"0,00% | 0,00% | 0,00% | 0,00% | 0,00% | 0,00%",,31ddías,803.089,803.089 | 803.089 | 803.089 | 803.089 | 803.089 | 803.089,Defensa
Freeman,Villarreal,-42.086 | -84.859 | -126.658 | -336.503 | -717.332 | -2.112.260,"-1,52% | -3,03% | -4,45% | -11,01% | -20,87% | -43,72%",,34ddías,2.719.540,2.761.626 | 2.804.399 | 2.846.198 | 3.056.043 | 3.436.872 | 4.831.800,Defensa
Cepeda,Elche,-17.010 | -35.139 | -54.791 | -138.638 | -316.232 | -1.080.673,"-1,48% | -3,01% | -4,62% | -10,92% | -21,85% | -48,86%",,34ddías,1.131.316,1.148.326 | 1.166.455 | 1.186.107 | 1.269.954 | 1.447.548 | 2.211.989,Delantero
Ángel Pérez,Alavés,-109.831 | -242.129 | -384.780 | -944.958 | -2.204.727 | -6.902.977,"-1,50% | -3,24% | -5,06% | -11,57% | -23,39% | -48,88%",,34ddías,7.219.740,7.329.571 | 7.461.869 | 7.604.520 | 8.164.698 | 9.424.467 | 14.122.717,Delantero
Boselli,Getafe,0 | 0 | 0 | 0 | 0 | 0,"0,00% | 0,00% | 0,00% | 0,00% | 0,00% | 0,00%",,31ddías,2.893.999,2.893.999 | 2.893.999 | 2.893.999 | 2.893.999 | 2.893.999 | 2.893.999,Defensa
Romero,Getafe,0 | 0 | 0 | 0 | 0 | 0,"0,00% | 0,00% | 0,00% | 0,00% | 0,00% | 0,00%",,31ddías,30.116.266,30.116.266 | 30.116.266 | 30.116.266 | 30.116.266 | 30.116.266 | 30.116.266,Defensa
A. Riquelme,Getafe,0 | 0 | 0 | 0 | 0 | 0,"0,00% | 0,00% | 0,00% | 0,00% | 0,00% | 0,00%",,31ddías,602.324,602.324 | 602.324 | 602.324 | 602.324 | 602.324 | 602.324,Mediocampista
Morcillo,Elche,0 | 0 | 0 | 0 | 0 | 0,"0,00% | 0,00% | 0,00% | 0,00% | 0,00% | 0,00%",,31ddías,702.702,702.702 | 702.702 | 702.702 | 702.702 | 702.702 | 702.702,Mediocampista
Kita,R. Sociedad B,0 | 0 | 0 | 0 | 0 | 0,"0,00% | 0,00% | 0,00% | 0,00% | 0,00% | 0,00%",,31ddías,602.234,602.234 | 602.234 | 602.234 | 602.234 | 602.234 | 602.234,Defensa
Marqués,Barcelona,0 | 0 | 0 | 0 | 0 | 0,"0,00% | 0,00% | 0,00% | 0,00% | 0,00% | 0,00%",,31ddías,602.319,602.319 | 602.319 | 602.319 | 602.319 | 602.319 | 602.319,Defensa
Arcos,Celta,0 | 0 | 0 | 0 | 0 | 0,"0,00% | 0,00% | 0,00% | 0,00% | 0,00% | 0,00%",,31ddías,602.257,602.257 | 602.257 | 602.257 | 602.257 | 602.257 | 602.257,Mediocampista
Cestero,Real Madrid,0 | 0 | 0 | 0 | 0 | 0,"0,00% | 0,00% | 0,00% | 0,00% | 0,00% | 0,00%",,31ddías,602.234,602.234 | 602.234 | 602.234 | 602.234 | 602.234 | 602.234,Mediocampista
Montes,Getafe,0 | 0 | 0 | 0 | 0 | 0,"0,00% | 0,00% | 0,00% | 0,00% | 0,00% | 0,00%",,31ddías,602.319,602.319 | 602.319 | 602.319 | 602.319 | 602.319 | 602.319,Defensa
Ferran,Espanyol,0 | 0 | 0 | 0 | 0 | 0,"0,00% | 0,00% | 0,00% | 0,00% | 0,00% | 0,00%",,31ddías,602.248,602.248 | 602.248 | 602.248 | 602.248 | 602.248 | 602.248,Mediocampista
Tunde,Levante,0 | 0 | 0 | 0 | 0 | 0,"0,00% | 0,00% | 0,00% | 0,00% | 0,00% | 0,00%",,31ddías,8.531.892,8.531.892 | 8.531.892 | 8.531.892 | 8.531.892 | 8.531.892 | 8.531.892,Mediocampista
Astiazaran,R. Sociedad B,0 | 0 | 0 | 0 | 0 | 0,"0,00% | 0,00% | 0,00% | 0,00% | 0,00% | 0,00%",,31ddías,602.257,602.257 | 602.257 | 602.257 | 602.257 | 602.257 | 602.257,Mediocampista
Álex Sánchez,Elche,0 | 0 | 0 | 0 | 0 | 0,"0,00% | 0,00% | 0,00% | 0,00% | 0,00% | 0,00%",,31ddías,602.324,602.324 | 602.324 | 602.324 | 602.324 | 602.324 | 602.324,Mediocampista
Aguirre,R. Sociedad B,0 | 0 | 0 | 0 | 0 | 0,"0,00% | 0,00% | 0,00% | 0,00% | 0,00% | 0,00%",,31ddías,602.257,602.257 | 602.257 | 602.257 | 602.257 | 602.257 | 602.257,Mediocampista
Fontanet,Valencia,0 | 0 | 0 | 0 | 0 | 0,"0,00% | 0,00% | 0,00% | 0,00% | 0,00% | 0,00%",,31ddías,581.987,581.987 | 581.987 | 581.987 | 581.987 | 581.987 | 581.987,Defensa
Gaitán,Villarreal,0 | 0 | 0 | 0 | 0 | 0,"0,00% | 0,00% | 0,00% | 0,00% | 0,00% | 0,00%",,31ddías,602.292,602.292 | 602.292 | 602.292 | 602.292 | 602.292 | 602.292,Mediocampista
Manuel Ángel,Real Madrid,0 | 0 | 0 | 0 | 0 | 0,"0,00% | 0,00% | 0,00% | 0,00% | 0,00% | 0,00%",,31ddías,702.606,702.606 | 702.606 | 702.606 | 702.606 | 702.606 | 702.606,Mediocampista
Julio Díaz,Sevilla,0 | 0 | 0 | 0 | +15.915 | -65.638,"0,00% | 0,00% | 0,00% | 0,00% | +3,44% | -12,07%",,7ddías,477.990,477.990 | 477.990 | 477.990 | 477.990 | 462.075 | 543.628,Defensa
Burcio,Celta,0 | 0 | 0 | 0 | 0 | 0,"0,00% | 0,00% | 0,00% | 0,00% | 0,00% | 0,00%",,31ddías,602.257,602.257 | 602.257 | 602.257 | 602.257 | 602.257 | 602.257,Mediocampista
Ochieng,Real Sociedad,0 | 0 | 0 | 0 | 0 | 0,"0,00% | 0,00% | 0,00% | 0,00% | 0,00% | 0,00%",,31ddías,702.633,702.633 | 702.633 | 702.633 | 702.633 | 702.633 | 702.633,Mediocampista
Cubo,Atlético,0 | 0 | 0 | 0 | 0 | 0,"0,00% | 0,00% | 0,00% | 0,00% | 0,00% | 0,00%",,31ddías,602.316,602.316 | 602.316 | 602.316 | 602.316 | 602.316 | 602.316,Delantero
Recio,Málaga,0 | 0 | 0 | 0 | 0 | 0,"0,00% | 0,00% | 0,00% | 0,00% | 0,00% | 0,00%",,30ddías,752.810,752.810 | 752.810 | 752.810 | 752.810 | 752.810 | 752.810,Defensa
Herrero,Málaga,+111.817 | +143.460 | +115.630 | +177.735 | +884.880 | +904.877,"+1,55% | +2,00% | +1,60% | +2,49% | +13,75% | +14,10%",,2ddías,7.321.485,7.209.668 | 7.178.025 | 7.205.855 | 7.143.750 | 6.436.605 | 6.416.608,Portero
Mario,Deportivo,+355.697 | +709.185 | +1.021.932 | +2.572.713 | +4.908.163 | +8.274.355,"+1,52% | +3,07% | +4,48% | +12,10% | +25,94% | +53,19%",,33ddías,23.829.510,23.473.813 | 23.120.325 | 22.807.578 | 21.256.797 | 18.921.347 | 15.555.155,Mediocampista
Patino,Deportivo,-4.759 | -13.781 | -23.682 | -65.867 | -151.461 | -463.676,"-0,84% | -2,40% | -4,06% | -10,54% | -21,31% | -45,33%",,34ddías,559.265,564.024 | 573.046 | 582.947 | 625.132 | 710.726 | 1.022.941,Mediocampista
Luismi,Deportivo,-39.925 | -106.694 | -200.804 | -631.449 | -1.598.282 | -3.653.650,"-0,67% | -1,76% | -3,26% | -9,59% | -21,17% | -38,04%",,29ddías,5.951.402,5.991.327 | 6.058.096 | 6.152.206 | 6.582.851 | 7.549.684 | 9.605.052,Delantero
Bil Nsongo,Deportivo,0 | 0 | 0 | 0 | 0 | 0,"0,00% | 0,00% | 0,00% | 0,00% | 0,00% | 0,00%",,31ddías,6.524.473,6.524.473 | 6.524.473 | 6.524.473 | 6.524.473 | 6.524.473 | 6.524.473,Delantero
Eddahchouri,Deportivo,-42.466 | -80.315 | -124.789 | -326.531 | -665.275 | -1.709.834,"-2,01% | -3,73% | -5,68% | -13,61% | -24,31% | -45,21%",,34ddías,2.071.831,2.114.297 | 2.152.146 | 2.196.620 | 2.398.362 | 2.737.106 | 3.781.665,Delantero
Osorio,Elche,0 | 0 | 0 | 0 | 0 | 0,"0,00% | 0,00% | 0,00% | 0,00% | 0,00% | 0,00%",,30ddías,1.405.425,1.405.425 | 1.405.425 | 1.405.425 | 1.405.425 | 1.405.425 | 1.405.425,Delantero
Carlos López,Málaga,-1.071 | -3.246 | -6.014 | -16.568 | -22.598 | -74.463,"-0,27% | -0,81% | -1,49% | -3,99% | -5,37% | -15,74%",,9ddías,398.612,399.683 | 401.858 | 404.626 | 415.180 | 421.210 | 473.075,Portero
Jurado,Deportivo,-29.714 | -61.197 | -95.421 | -250.316 | -558.246 | -1.608.878,"-2,44% | -4,90% | -7,43% | -17,40% | -31,96% | -57,52%",,34ddías,1.188.386,1.218.100 | 1.249.583 | 1.283.807 | 1.438.702 | 1.746.632 | 2.797.264,Mediocampista
Céspedes,Málaga,0 | 0 | 0 | 0 | 0 | 0,"0,00% | 0,00% | 0,00% | 0,00% | 0,00% | 0,00%",,30ddías,401.498,401.498 | 401.498 | 401.498 | 401.498 | 401.498 | 401.498,Portero
Puga,Málaga,-59.738 | -111.495 | -178.528 | -522.001 | -1.310.957 | -3.186.982,"-1,06% | -1,95% | -3,09% | -8,53% | -18,97% | -36,28%",,29ddías,5.598.496,5.658.234 | 5.709.991 | 5.777.024 | 6.120.497 | 6.909.453 | 8.785.478,Defensa
Murillo,Málaga,-75.582 | -152.981 | -233.875 | -580.076 | -1.270.687 | -3.299.209,"-2,94% | -5,77% | -8,56% | -18,85% | -33,72% | -56,91%",,34ddías,2.497.852,2.573.434 | 2.650.833 | 2.731.727 | 3.077.928 | 3.768.539 | 5.797.061,Defensa
Rafa GarridoRafita,Málaga,0 | 0 | 0 | 0 | 0 | 0,"0,00% | 0,00% | 0,00% | 0,00% | 0,00% | 0,00%",,30ddías,5.018.744,5.018.744 | 5.018.744 | 5.018.744 | 5.018.744 | 5.018.744 | 5.018.744,Defensa
Galilea,Málaga,0 | 0 | 0 | 0 | 0 | 0,"0,00% | 0,00% | 0,00% | 0,00% | 0,00% | 0,00%",,30ddías,4.265.932,4.265.932 | 4.265.932 | 4.265.932 | 4.265.932 | 4.265.932 | 4.265.932,Defensa
Dani Sánchez,Málaga,-19.206 | -37.979 | -60.329 | -148.454 | -316.632 | -939.467,"-2,25% | -4,36% | -6,75% | -15,11% | -27,52% | -52,98%",,34ddías,833.856,853.062 | 871.835 | 894.185 | 982.310 | 1.150.488 | 1.773.323,Defensa
Mella,Deportivo,-38.551 | -73.486 | -109.432 | -250.097 | -612.183 | -983.195,"-1,20% | -2,26% | -3,33% | -7,29% | -16,14% | -23,62%",,24ddías,3.179.749,3.218.300 | 3.253.235 | 3.289.181 | 3.429.846 | 3.791.932 | 4.162.944,Mediocampista
Villares,Deportivo,-62.239 | -127.515 | -195.338 | -487.401 | -1.088.637 | -2.955.565,"-2,18% | -4,37% | -6,55% | -14,88% | -28,08% | -51,46%",,34ddías,2.788.016,2.850.255 | 2.915.531 | 2.983.354 | 3.275.417 | 3.876.653 | 5.743.581,Mediocampista
Hugo Ríos,Deportivo,0 | 0 | 0 | 0 | 0 | 0,"0,00% | 0,00% | 0,00% | 0,00% | 0,00% | 0,00%",,31ddías,903.386,903.386 | 903.386 | 903.386 | 903.386 | 903.386 | 903.386,Portero
Samu Fernández,Deportivo,0 | 0 | 0 | 0 | 0 | 0,"0,00% | 0,00% | 0,00% | 0,00% | 0,00% | 0,00%",,31ddías,702.633,702.633 | 702.633 | 702.633 | 702.633 | 702.633 | 702.633,Defensa
Puerto,Deportivo,+2.275 | +1.475 | +139 | -4.066 | -6.275 | -15.777,"+0,62% | +0,40% | +0,04% | -1,09% | -1,67% | -4,10%",,1ddías,368.969,366.694 | 367.494 | 368.830 | 373.035 | 375.244 | 384.746,Portero
Germán Parreño,Deportivo,-12.027 | -25.615 | -41.068 | -41.068 | -41.068 | -41.068,"-1,79% | -3,73% | -5,84% | -5,84% | -5,84% | -5,84%",,3ddías,661.565,673.592 | 687.180 | 702.633 | 702.633 | 702.633 | 702.633,Portero
Quagliata,Deportivo,+21.230 | +48.072 | +93.194 | +308.338 | +385.276 | -425.316,"+0,65% | +1,50% | +2,94% | +10,44% | +13,39% | -11,53%",,11ddías,3.262.472,3.241.242 | 3.214.400 | 3.169.278 | 2.954.134 | 2.877.196 | 3.687.788,Defensa
Loureiro,Deportivo,-5.704 | +7.732 | +1.993 | -44.868 | -254.193 | -729.189,"-0,15% | +0,20% | +0,05% | -1,17% | -6,29% | -16,14%",,1ddías,3.787.754,3.793.458 | 3.780.022 | 3.785.761 | 3.832.622 | 4.041.947 | 4.516.943,Defensa
Teijo,Deportivo,0 | 0 | 0 | 0 | 0 | 0,"0,00% | 0,00% | 0,00% | 0,00% | 0,00% | 0,00%",,31ddías,602.257,602.257 | 602.257 | 602.257 | 602.257 | 602.257 | 602.257,Defensa
Canedo,Deportivo,0 | 0 | 0 | 0 | 0 | 0,"0,00% | 0,00% | 0,00% | 0,00% | 0,00% | 0,00%",,31ddías,602.257,602.257 | 602.257 | 602.257 | 602.257 | 602.257 | 602.257,Defensa
Noubi,Deportivo,+166.572 | +432.536 | +706.709 | +1.635.078 | +2.992.361 | +2.723.557,"+1,54% | +4,11% | +6,89% | +17,54% | +37,57% | +33,08%",,16ddías,10.956.640,10.790.068 | 10.524.104 | 10.249.931 | 9.321.562 | 7.964.279 | 8.233.083,Defensa
Rubén López,Deportivo,0 | 0 | 0 | 0 | 0 | 0,"0,00% | 0,00% | 0,00% | 0,00% | 0,00% | 0,00%",,31ddías,501.880,501.880 | 501.880 | 501.880 | 501.880 | 501.880 | 501.880,Mediocampista
Comas,Deportivo,-18.834 | -39.512 | -59.098 | -153.995 | -344.450 | -1.021.949,"-2,23% | -4,57% | -6,69% | -15,73% | -29,46% | -55,33%",,34ddías,824.924,843.758 | 864.436 | 884.022 | 978.919 | 1.169.374 | 1.846.873,Defensa
Barcia,Deportivo,-30.723 | -61.606 | -92.373 | -240.526 | -510.283 | -1.352.111,"-2,03% | -3,99% | -5,86% | -13,96% | -25,60% | -47,70%",,34ddías,1.482.622,1.513.345 | 1.544.228 | 1.574.995 | 1.723.148 | 1.992.905 | 2.834.733,Defensa
Ximo,Deportivo,-56.164 | -110.413 | -168.177 | -416.858 | -966.748 | -966.748,"-1,00% | -1,95% | -2,94% | -6,98% | -14,82% | -14,82%",,10ddías,5.557.725,5.613.889 | 5.668.138 | 5.725.902 | 5.974.583 | 6.524.473 | 6.524.473,Defensa
Pablo García,Deportivo,0 | +5.341 | 0 | -21.966 | -44.679 | -181.732,"0,00% | +1,15% | 0,00% | -4,47% | -8,70% | -27,93%",,1ddías,468.964,468.964 | 463.623 | 468.964 | 490.930 | 513.643 | 650.696,Defensa
Noé Carrillo,Deportivo,0 | 0 | 0 | 0 | 0 | 0,"0,00% | 0,00% | 0,00% | 0,00% | 0,00% | 0,00%",,31ddías,702.633,702.633 | 702.633 | 702.633 | 702.633 | 702.633 | 702.633,Mediocampista
Riki,Deportivo,-25.377 | -54.315 | -86.322 | -217.436 | -340.220 | -340.220,"-2,13% | -4,45% | -6,90% | -15,72% | -22,60% | -22,60%",,10ddías,1.165.426,1.190.803 | 1.219.741 | 1.251.748 | 1.382.862 | 1.505.646 | 1.505.646,Mediocampista
Valou,Getafe,0 | 0 | 0 | 0 | 0 | 0,"0,00% | 0,00% | 0,00% | 0,00% | 0,00% | 0,00%",,31ddías,602.292,602.292 | 602.292 | 602.292 | 602.292 | 602.292 | 602.292,Defensa
Affengruber,Elche,+435.668 | +864.245 | +1.403.964 | +3.820.406 | +8.185.870 | +24.357.373,"+1,35% | +2,71% | +4,48% | +13,20% | +33,31% | 0%",,26ddías,32.762.627,32.326.959 | 31.898.382 | 31.358.663 | 28.942.221 | 24.576.757 | 0,Defensa
Román,Celta,+13.288 | +26.094 | +13.481 | -215.316 | -859.343 | -3.024.531,"+0,26% | +0,51% | +0,26% | -4,05% | -14,41% | -37,21%",,2ddías,5.104.022,5.090.734 | 5.077.928 | 5.090.541 | 5.319.338 | 5.963.365 | 8.128.553,Mediocampista
Oroz,Osasuna,+90.410 | +128.492 | +114.946 | -124.806 | -2.209.642 | -5.001.867,"+0,61% | +0,86% | +0,77% | -0,82% | -12,82% | -24,97%",,2ddías,15.031.489,14.941.079 | 14.902.997 | 14.916.543 | 15.156.295 | 17.241.131 | 20.033.356,Mediocampista
Isi,Rayo,-331.414 | -733.525 | -1.199.243 | -3.026.995 | -6.298.263 | -472.308,"-2,04% | -4,40% | -7,00% | -15,97% | -28,33% | -2,88%",,15ddías,15.932.185,16.263.599 | 16.665.710 | 17.131.428 | 18.959.180 | 22.230.448 | 16.404.493,Delantero
Pep Chavarría,Rayo,-340.918 | -694.099 | -1.056.860 | -1.152.300 | +1.214.085 | +5.499.347,"-1,84% | -3,67% | -5,49% | -5,95% | +7,15% | +43,30%",,5ddías,18.198.562,18.539.480 | 18.892.661 | 19.255.422 | 19.350.862 | 16.984.477 | 12.699.215,Defensa
Ratiu,Rayo,-284.970 | -592.213 | -947.049 | -2.385.856 | -7.551.749 | -23.148.257,"-0,78% | -1,61% | -2,55% | -6,18% | -17,25% | 0%",,20ddías,36.235.720,36.520.690 | 36.827.933 | 37.182.769 | 38.621.576 | 43.787.469 | 0,Defensa
Dimitrievski,Valencia,+124.933 | -286.780 | -286.780 | -286.780 | -286.780 | -286.780,"+1,07% | -2,38% | -2,38% | -2,38% | -2,38% | -2,38%",,1ddías,11.759.097,11.634.164 | 12.045.877 | 12.045.877 | 12.045.877 | 12.045.877 | 12.045.877,Portero
Iker Muñoz,Osasuna,-20.974 | -43.498 | -67.748 | -191.363 | -486.655 | -1.539.698,"-1,45% | -2,96% | -4,54% | -11,83% | -25,45% | -51,92%",,34ddías,1.425.866,1.446.840 | 1.469.364 | 1.493.614 | 1.617.229 | 1.912.521 | 2.965.564,Mediocampista
Herrando,Osasuna,-42.199 | -86.960 | -130.810 | -336.786 | -756.715 | -2.294.362,"-2,18% | -4,39% | -6,46% | -15,11% | -28,56% | -54,80%",,34ddías,1.892.569,1.934.768 | 1.979.529 | 2.023.379 | 2.229.355 | 2.649.284 | 4.186.931,Defensa
Catena,Osasuna,-500.654 | -929.473 | -1.392.697 | -3.437.447 | -3.403.158 | +6.070.437,"-1,37% | -2,51% | -3,71% | -8,68% | -8,60% | +20,17%",,10ddías,36.160.270,36.660.924 | 37.089.743 | 37.552.967 | 39.597.717 | 39.563.428 | 30.089.833,Defensa
Ibáñez,Alavés,-18.518 | -47.692 | -68.460 | -190.973 | -599.560 | -2.408.138,"-0,56% | -1,44% | -2,05% | -5,52% | -15,49% | -42,41%",,34ddías,3.270.019,3.288.537 | 3.317.711 | 3.338.479 | 3.460.992 | 3.869.579 | 5.678.157,Mediocampista
Budimir,Osasuna,-89.341 | -159.138 | -517.310 | -1.674.365 | -6.372.322 | +8.172.093,"-0,19% | -0,34% | -1,09% | -3,45% | -11,96% | 0%",,20ddías,46.896.891,46.986.232 | 47.056.029 | 47.414.201 | 48.571.256 | 53.269.213 | 0,Delantero
Moi Gómez,Osasuna,-40.982 | -88.843 | -136.984 | -365.895 | -805.261 | -2.315.571,"-1,81% | -3,84% | -5,80% | -14,13% | -26,58% | -51,01%",,34ddías,2.224.017,2.264.999 | 2.312.860 | 2.361.001 | 2.589.912 | 3.029.278 | 4.539.588,Mediocampista
Rubén GarcíaRubén G.,Osasuna,-42.675 | -134.225 | -273.313 | -795.992 | -1.890.013 | -4.424.036,"-0,33% | -1,02% | -2,06% | -5,76% | -12,68% | -25,37%",,31ddías,13.014.587,13.057.262 | 13.148.812 | 13.287.900 | 13.810.579 | 14.904.600 | 17.438.623,Mediocampista
Aitor,Osasuna,-6.520 | -14.371 | -22.434 | -58.685 | -132.026 | -405.270,"-1,22% | -2,64% | -4,07% | -9,98% | -19,96% | -43,36%",,34ddías,529.400,535.920 | 543.771 | 551.834 | 588.085 | 661.426 | 934.670,Portero
Areso,Athletic,+59.780 | +110.910 | +158.106 | +216.100 | +438 | -944.010,"+2,36% | +4,48% | +6,51% | +9,11% | +0,02% | -26,73%",,6ddías,2.588.119,2.528.339 | 2.477.209 | 2.430.013 | 2.372.019 | 2.587.681 | 3.532.129,Defensa
Kike Barja,Osasuna,0 | 0 | 0 | 0 | 0 | 0,"0,00% | 0,00% | 0,00% | 0,00% | 0,00% | 0,00%",,31ddías,2.810.828,2.810.828 | 2.810.828 | 2.810.828 | 2.810.828 | 2.810.828 | 2.810.828,Delantero
Moncayola,Osasuna,+82.666 | +151.453 | +197.072 | +603.801 | +699.825 | +109.421,"+1,34% | +2,48% | +3,25% | +10,69% | +12,60% | +1,78%",,9ddías,6.252.633,6.169.967 | 6.101.180 | 6.055.561 | 5.648.832 | 5.552.808 | 6.143.212,Mediocampista
Cárdenas,Rayo,-11.676 | -23.095 | -37.295 | -91.049 | -200.566 | -640.080,"-1,76% | -3,42% | -5,40% | -12,23% | -23,49% | -49,50%",,34ddías,653.124,664.800 | 676.219 | 690.419 | 744.173 | 853.690 | 1.293.204,Portero
Miguel Ángel RubioMiguel Rubio,Espanyol,-10.762 | -23.031 | -36.314 | -93.497 | -212.019 | -652.341,"-1,68% | -3,52% | -5,44% | -12,90% | -25,14% | -50,82%",,34ddías,631.185,641.947 | 654.216 | 667.499 | 724.682 | 843.204 | 1.283.526,Defensa
Soria,Getafe,0 | 0 | 0 | 0 | 0 | 0,"0,00% | 0,00% | 0,00% | 0,00% | 0,00% | 0,00%",,31ddías,19.296.354,19.296.354 | 19.296.354 | 19.296.354 | 19.296.354 | 19.296.354 | 19.296.354,Portero
Mayoral,Getafe,-15.590 | -38.273 | -73.467 | -226.079 | -526.157 | -1.457.725,"-0,51% | -1,24% | -2,36% | -6,92% | -14,76% | -32,41%",,34ddías,3.039.399,3.054.989 | 3.077.672 | 3.112.866 | 3.265.478 | 3.565.556 | 4.497.124,Delantero
Iglesias,Sevilla,0 | 0 | 0 | 0 | 0 | 0,"0,00% | 0,00% | 0,00% | 0,00% | 0,00% | 0,00%",,31ddías,12.548.352,12.548.352 | 12.548.352 | 12.548.352 | 12.548.352 | 12.548.352 | 12.548.352,Defensa
Herrera,Real Sociedad,-41.408 | -89.256 | -143.427 | -398.028 | -914.951 | -2.682.906,"-1,28% | -2,71% | -4,29% | -11,07% | -22,24% | -45,62%",,31ddías,3.198.593,3.240.001 | 3.287.849 | 3.342.020 | 3.596.621 | 4.113.544 | 5.881.499,Mediocampista
Eric Garcia,Barcelona,-619.837 | -1.417.915 | -2.355.249 | -6.141.150 | -11.331.586 | -11.331.586,"-1,28% | -2,88% | -4,69% | -11,36% | -19,13% | -19,13%",,10ddías,47.896.646,48.516.483 | 49.314.561 | 50.251.895 | 54.037.796 | 59.228.232 | 59.228.232,Defensa
Boyé,Alavés,-109.880 | -190.990 | -331.318 | -706.847 | -1.960.564 | -5.906.286,"-0,77% | -1,33% | -2,29% | -4,77% | -12,19% | -29,49%",,30ddías,14.124.635,14.234.515 | 14.315.625 | 14.455.953 | 14.831.482 | 16.085.199 | 20.030.921,Delantero
Villar,Elche,0 | 0 | 0 | 0 | 0 | 0,"0,00% | 0,00% | 0,00% | 0,00% | 0,00% | 0,00%",,31ddías,7.027.127,7.027.127 | 7.027.127 | 7.027.127 | 7.027.127 | 7.027.127 | 7.027.127,Mediocampista
Torró,Osasuna,-24.605 | -49.821 | -76.052 | -206.630 | -482.349 | -1.599.757,"-0,94% | -1,88% | -2,85% | -7,37% | -15,67% | -38,13%",,30ddías,2.595.332,2.619.937 | 2.645.153 | 2.671.384 | 2.801.962 | 3.077.681 | 4.195.089,Mediocampista
S. Cardona,Villarreal,-22.554 | -54.929 | -90.615 | -267.791 | -504.681 | -965.120,"-0,47% | -1,13% | -1,85% | -5,27% | -9,48% | -16,69%",,27ddías,4.816.584,4.839.138 | 4.871.513 | 4.907.199 | 5.084.375 | 5.321.265 | 5.781.704,Defensa
Javi Muñoz,Getafe,-13.750 | -29.132 | -44.291 | -114.023 | -263.056 | -789.683,"-1,92% | -3,98% | -5,93% | -13,96% | -27,23% | -52,91%",,34ddías,702.905,716.655 | 732.037 | 747.196 | 816.928 | 965.961 | 1.492.588,Mediocampista
Moleiro,Villarreal,+1.412.317 | +2.712.645 | +3.611.428 | +3.694.107 | -782.654 | -35.252.983,"+2,38% | +4,67% | +6,31% | +6,47% | -1,27% | 0%",,5ddías,60.807.485,59.395.168 | 58.094.840 | 57.196.057 | 57.113.378 | 61.590.139 | 0,Mediocampista
Valles,Betis,+874.918 | +1.996.306 | +2.921.354 | +6.579.176 | +11.674.330 | +17.992.759,"+3,15% | +7,50% | +11,37% | +29,84% | +68,88% | +169,25%",,33ddías,28.623.873,27.748.955 | 26.627.567 | 25.702.519 | 22.044.697 | 16.949.543 | 10.631.114,Portero
Copete,Valencia,-75.550 | -155.617 | -239.863 | -599.567 | -1.334.284 | -3.486.132,"-3,12% | -6,21% | -9,26% | -20,33% | -36,22% | -59,74%",,34ddías,2.349.751,2.425.301 | 2.505.368 | 2.589.614 | 2.949.318 | 3.684.035 | 5.835.883,Defensa
Herrera,Osasuna,+758.810 | +1.551.707 | +2.450.684 | +5.967.601 | +12.106.711 | +21.638.072,"+2,01% | +4,21% | +6,81% | +18,38% | +45,99% | +128,84%",,32ddías,38.432.847,37.674.037 | 36.881.140 | 35.982.163 | 32.465.246 | 26.326.136 | 16.794.775,Portero
Nteka,Rayo,-29.356 | -61.997 | -91.798 | -228.080 | -505.843 | -1.409.218,"-2,05% | -4,24% | -6,15% | -14,00% | -26,52% | -50,14%",,34ddías,1.401.339,1.430.695 | 1.463.336 | 1.493.137 | 1.629.419 | 1.907.182 | 2.810.557,Delantero
Unai López,Rayo,-21.281 | -40.313 | -45.856 | -199.764 | -323.237 | -1.122.664,"-0,36% | -0,69% | -0,78% | -3,32% | -5,27% | -16,19%",,10ddías,5.810.181,5.831.462 | 5.850.494 | 5.856.037 | 6.009.945 | 6.133.418 | 6.932.845,Mediocampista
Aleñá,Alavés,-46.744 | -97.606 | -156.278 | -405.630 | -908.869 | -2.519.900,"-1,15% | -2,37% | -3,74% | -9,15% | -18,42% | -38,50%",,34ddías,4.025.595,4.072.339 | 4.123.201 | 4.181.873 | 4.431.225 | 4.934.464 | 6.545.495,Mediocampista
Brahim,Real Madrid,-255.272 | -527.408 | -841.448 | -2.056.667 | -4.333.545 | -8.425.030,"-2,17% | -4,38% | -6,81% | -15,15% | -27,33% | -42,24%",,30ddías,11.520.114,11.775.386 | 12.047.522 | 12.361.562 | 13.576.781 | 15.853.659 | 19.945.144,Mediocampista
Sadiq,Valencia,-227.703 | -466.610 | -713.122 | -1.794.832 | -3.842.507 | -7.774.534,"-2,86% | -5,69% | -8,44% | -18,84% | -33,19% | -50,13%",,32ddías,7.733.610,7.961.313 | 8.200.220 | 8.446.732 | 9.528.442 | 11.576.117 | 15.508.144,Delantero
Olasagasti,Levante,+46.487 | +80.752 | +127.947 | +170.194 | -115.897 | -1.897.241,"+1,23% | +2,15% | +3,45% | +4,64% | -2,93% | -33,07%",,6ddías,3.840.476,3.793.989 | 3.759.724 | 3.712.529 | 3.670.282 | 3.956.373 | 5.737.717,Mediocampista
Kubo,Real Sociedad,-347.583 | -767.008 | -1.247.728 | -3.270.882 | -7.080.545 | -8.296.122,"-1,54% | -3,34% | -5,33% | -12,86% | -24,21% | -27,24%",,23ddías,22.163.879,22.511.462 | 22.930.887 | 23.411.607 | 25.434.761 | 29.244.424 | 30.460.001,Mediocampista
Zakharyan,Real Sociedad,-29.725 | -63.131 | -99.333 | -248.100 | -544.910 | -1.560.033,"-2,42% | -5,01% | -7,66% | -17,17% | -31,29% | -56,59%",,34ddías,1.196.647,1.226.372 | 1.259.778 | 1.295.980 | 1.444.747 | 1.741.557 | 2.756.680,Mediocampista
Oyarzabal,Real Sociedad,-450.800 | -948.028 | -1.774.522 | -5.982.622 | -14.308.993 | -47.980.218,"-0,67% | -1,41% | -2,60% | -8,26% | -17,72% | 0%",,18ddías,66.430.956,66.881.756 | 67.378.984 | 68.205.478 | 72.413.578 | 80.739.949 | 0,Delantero
Marín,Real Sociedad,-60.343 | -122.579 | -187.735 | -467.536 | -1.043.126 | -2.783.414,"-3,06% | -6,02% | -8,93% | -19,63% | -35,28% | -59,26%",,34ddías,1.913.673,1.974.016 | 2.036.252 | 2.101.408 | 2.381.209 | 2.956.799 | 4.697.087,Mediocampista
Barrenetxea,Real Sociedad,-432.750 | -913.216 | -1.497.334 | -4.035.110 | -6.024.803 | +2.601.338,"-1,22% | -2,54% | -4,10% | -10,34% | -14,69% | +8,03%",,12ddías,34.991.987,35.424.737 | 35.905.203 | 36.489.321 | 39.027.097 | 41.016.790 | 32.390.649,Mediocampista
Zubeldia,Real Sociedad,-44.163 | -79.109 | -169.617 | -425.903 | -1.208.059 | -3.991.483,"-0,45% | -0,80% | -1,71% | -4,18% | -11,00% | -29,00%",,34ddías,9.769.997,9.814.160 | 9.849.106 | 9.939.614 | 10.195.900 | 10.978.056 | 13.761.480,Defensa
Aihen,Real Sociedad,-40.325 | -83.313 | -126.830 | -322.714 | -711.445 | -2.083.833,"-2,43% | -4,90% | -7,27% | -16,63% | -30,54% | -56,29%",,34ddías,1.618.303,1.658.628 | 1.701.616 | 1.745.133 | 1.941.017 | 2.329.748 | 3.702.136,Defensa
Odriozola,Real Sociedad,-12.175 | -25.916 | -40.732 | -104.715 | -238.168 | -719.395,"-1,80% | -3,75% | -5,77% | -13,60% | -26,37% | -51,96%",,34ddías,665.107,677.282 | 691.023 | 705.839 | 769.822 | 903.275 | 1.384.502,Defensa
Remiro,Real Sociedad,+217.240 | +562.698 | +1.036.267 | +4.643.104 | +11.954.067 | +24.651.448,"+0,48% | +1,25% | +2,33% | +11,35% | +35,59% | +118,00%",,32ddías,45.543.388,45.326.148 | 44.980.690 | 44.507.121 | 40.900.284 | 33.589.321 | 20.891.940,Portero
Güler,Real Madrid,-646.833 | -1.435.191 | -2.128.736 | -4.771.129 | -10.467.451 | -22.552.230,"-1,24% | -2,72% | -3,98% | -8,50% | -16,93% | -30,51%",,34ddías,51.360.573,52.007.406 | 52.795.764 | 53.489.309 | 56.131.702 | 61.828.024 | 73.912.803,Mediocampista
Mendy,Real Madrid,-19.849 | -41.584 | -64.728 | -165.636 | -371.942 | -1.037.290,"-2,28% | -4,67% | -7,08% | -16,32% | -30,46% | -54,98%",,34ddías,849.291,869.140 | 890.875 | 914.019 | 1.014.927 | 1.221.233 | 1.886.581,Defensa
Rüdiger,Real Madrid,-223.787 | -509.409 | -790.551 | -2.421.187 | -5.350.929 | -12.495.633,"-0,79% | -1,77% | -2,72% | -7,89% | -15,92% | -30,67%",,31ddías,28.252.651,28.476.438 | 28.762.060 | 29.043.202 | 30.673.838 | 33.603.580 | 40.748.284,Defensa
Fran García,Betis,0 | 0 | 0 | 0 | 0 | 0,"0,00% | 0,00% | 0,00% | 0,00% | 0,00% | 0,00%",,32ddías,9.591.157,9.591.157 | 9.591.157 | 9.591.157 | 9.591.157 | 9.591.157 | 9.591.157,Defensa
Álvaro García,Rayo,+115.932 | +363.486 | +486.829 | +1.451.139 | +2.660.647 | +4.723.443,"+0,68% | +2,15% | +2,91% | +9,19% | +18,26% | +37,75%",,18ddías,17.235.240,17.119.308 | 16.871.754 | 16.748.411 | 15.784.101 | 14.574.593 | 12.511.797,Mediocampista
Cucho,Betis,-714.841 | -1.503.243 | -2.423.247 | -6.064.551 | -7.288.367 | +6.769.951,"-1,47% | -3,03% | -4,80% | -11,21% | -13,17% | +16,40%",,10ddías,48.050.896,48.765.737 | 49.554.139 | 50.474.143 | 54.115.447 | 55.339.263 | 41.280.945,Delantero
De Frutos,Rayo,+255.312 | +749.264 | +1.207.088 | +4.266.880 | +10.594.935 | +23.791.442,"+0,52% | +1,54% | +2,50% | +9,43% | +27,24% | +92,56%",,33ddías,49.496.567,49.241.255 | 48.747.303 | 48.289.479 | 45.229.687 | 38.901.632 | 25.705.125,Delantero
Balliu,Rayo,+5.706 | +6.808 | +5.381 | -15.743 | -150.561 | -574.519,"+0,70% | +0,83% | +0,66% | -1,87% | -15,45% | -41,08%",,2ddías,824.065,818.359 | 817.257 | 818.684 | 839.808 | 974.626 | 1.398.584,Defensa
Pathé Ciss,Rayo,+212.107 | +395.651 | +488.867 | +675.747 | +351.190 | +188.040,"+1,92% | +3,64% | +4,54% | +6,39% | +3,22% | +1,70%",,8ddías,11.253.677,11.041.570 | 10.858.026 | 10.764.810 | 10.577.930 | 10.902.487 | 11.065.637,Mediocampista
Valentín,Rayo,+14.002 | +25.530 | +18.989 | -85.545 | -601.903 | -2.349.455,"+0,41% | +0,75% | +0,56% | -2,43% | -14,89% | -40,58%",,2ddías,3.440.153,3.426.151 | 3.414.623 | 3.421.164 | 3.525.698 | 4.042.056 | 5.789.608,Mediocampista
Lejeune,Rayo,-266.191 | -589.723 | -1.030.355 | -3.589.212 | -8.994.400 | -37.176.463,"-0,68% | -1,50% | -2,59% | -8,47% | -18,82% | 0%",,20ddías,38.805.621,39.071.812 | 39.395.344 | 39.835.976 | 42.394.833 | 47.800.021 | 0,Defensa
Camello,Rayo,-16.304 | -29.096 | -50.055 | -152.566 | -488.264 | -1.767.722,"-0,52% | -0,92% | -1,57% | -4,64% | -13,47% | -36,05%",,34ddías,3.135.416,3.151.720 | 3.164.512 | 3.185.471 | 3.287.982 | 3.623.680 | 4.903.138,Delantero
Militão,Real Madrid,-400.833 | -820.488 | -1.267.935 | -3.229.045 | -7.096.957 | -15.127.035,"-2,72% | -5,41% | -8,12% | -18,38% | -33,11% | -51,33%",,34ddías,14.340.649,14.741.482 | 15.161.137 | 15.608.584 | 17.569.694 | 21.437.606 | 29.467.684,Defensa
Tchouaméni,Real Madrid,-487.957 | -1.092.322 | -1.866.080 | -5.421.465 | -11.951.717 | -10.197.202,"-1,06% | -2,34% | -3,94% | -10,65% | -20,80% | -18,31%",,19ddías,45.502.262,45.990.219 | 46.594.584 | 47.368.342 | 50.923.727 | 57.453.979 | 55.699.464,Mediocampista
Bellingham,Real Madrid,-452.491 | -1.213.430 | -2.022.985 | -5.513.307 | -12.817.250 | -40.657.197,"-0,49% | -1,30% | -2,16% | -5,67% | -12,25% | 0%",,17ddías,91.778.792,92.231.283 | 92.992.222 | 93.801.777 | 97.292.099 | 104.596.042 | 0,Mediocampista
Vinicius,Real Madrid,+1.292.732 | +1.873.700 | +1.043.899 | -3.837.031 | -13.260.866 | -54.622.004,"+1,31% | +1,91% | +1,06% | -3,70% | -11,72% | 0%",,2ddías,99.874.515,98.581.783 | 98.000.815 | 98.830.616 | 103.711.546 | 113.135.381 | 0,Delantero
Rodrygo,Real Madrid,-75.784 | -144.593 | -229.097 | -580.620 | -1.229.689 | -1.689.954,"-2,13% | -3,99% | -6,17% | -14,29% | -26,09% | -32,67%",,24ddías,3.483.473,3.559.257 | 3.628.066 | 3.712.570 | 4.064.093 | 4.713.162 | 5.173.427,Delantero
Camavinga,Real Madrid,-249.648 | -554.994 | -869.459 | -2.193.727 | -4.641.223 | -11.102.704,"-2,11% | -4,56% | -6,97% | -15,90% | -28,57% | -48,89%",,34ddías,11.604.968,11.854.616 | 12.159.962 | 12.474.427 | 13.798.695 | 16.246.191 | 22.707.672,Mediocampista
Lunin,Real Madrid,-31.501 | -65.846 | -99.696 | -250.959 | -527.499 | -1.499.778,"-1,33% | -2,74% | -4,09% | -9,70% | -18,43% | -39,11%",,34ddías,2.335.206,2.366.707 | 2.401.052 | 2.434.902 | 2.586.165 | 2.862.705 | 3.834.984,Portero
Valverde,Real Madrid,-606.281 | -1.306.843 | -1.937.476 | -4.227.688 | -10.036.915 | -30.753.614,"-0,84% | -1,78% | -2,62% | -5,55% | -12,25% | -29,95%",,34ddías,71.919.829,72.526.110 | 73.226.672 | 73.857.305 | 76.147.517 | 81.956.744 | 102.673.443,Mediocampista
Carmona,Sevilla,-31.618 | -67.676 | -110.992 | -303.607 | -730.024 | -1.874.828,"-0,70% | -1,48% | -2,40% | -6,31% | -13,94% | -29,38%",,29ddías,4.505.616,4.537.234 | 4.573.292 | 4.616.608 | 4.809.223 | 5.235.640 | 6.380.444,Defensa
Djené,Getafe,0 | 0 | 0 | 0 | 0 | 0,"0,00% | 0,00% | 0,00% | 0,00% | 0,00% | 0,00%",,31ddías,8.432.492,8.432.492 | 8.432.492 | 8.432.492 | 8.432.492 | 8.432.492 | 8.432.492,Defensa
Turrientes,Real Sociedad,-90.887 | -200.927 | -284.005 | -685.895 | -1.492.787 | -3.854.397,"-1,32% | -2,86% | -4,00% | -9,14% | -17,96% | -36,12%",,31ddías,6.817.817,6.908.704 | 7.018.744 | 7.101.822 | 7.503.712 | 8.310.604 | 10.672.214,Mediocampista
Sancet,Athletic,+224.186 | +737.621 | +1.270.890 | +4.863.874 | +12.271.489 | +25.544.670,"+0,43% | +1,43% | +2,50% | +10,29% | +30,78% | +96,05%",,32ddías,52.140.968,51.916.782 | 51.403.347 | 50.870.078 | 47.277.094 | 39.869.479 | 26.596.298,Mediocampista
Molina,Atlético,-83.047 | -171.009 | -262.257 | -514.585 | -939.693 | -1.602.890,"-1,92% | -3,88% | -5,84% | -10,84% | -18,17% | -27,47%",,29ddías,4.231.977,4.315.024 | 4.402.986 | 4.494.234 | 4.746.562 | 5.171.670 | 5.834.867,Defensa
M. Llorente,Atlético,-751.874 | -1.583.030 | -2.453.472 | -6.801.602 | -12.507.639 | +3.574.284,"-1,35% | -2,80% | -4,27% | -11,01% | -18,54% | +6,96%",,14ddías,54.953.767,55.705.641 | 56.536.797 | 57.407.239 | 61.755.369 | 67.461.406 | 51.379.483,Defensa
Oblak,Atlético,-7.720 | +98.473 | +457.484 | +2.572.020 | +6.381.864 | +18.545.420,"-0,01% | +0,18% | +0,83% | +4,87% | +13,02% | +50,34%",,1ddías,55.386.296,55.394.016 | 55.287.823 | 54.928.812 | 52.814.276 | 49.004.432 | 36.840.876,Portero
Koke,Atlético,0 | 0 | 0 | 0 | 0 | 0,"0,00% | 0,00% | 0,00% | 0,00% | 0,00% | 0,00%",,31ddías,17.767.671,17.767.671 | 17.767.671 | 17.767.671 | 17.767.671 | 17.767.671 | 17.767.671,Mediocampista
Giménez,Atlético,-122.849 | -248.920 | -370.164 | -924.654 | -1.998.693 | -4.272.798,"-2,27% | -4,49% | -6,53% | -14,86% | -27,39% | -44,64%",,29ddías,5.299.747,5.422.596 | 5.548.667 | 5.669.911 | 6.224.401 | 7.298.440 | 9.572.545,Defensa
Egiluz,Athletic,-2.744 | -6.661 | -11.244 | -29.848 | -63.668 | -190.382,"-0,62% | -1,50% | -2,50% | -6,37% | -12,67% | -30,26%",,34ddías,438.758,441.502 | 445.419 | 450.002 | 468.606 | 502.426 | 629.140,Defensa
Prados,Athletic,-34.473 | -69.681 | -108.036 | -262.041 | -590.921 | -1.708.867,"-2,09% | -4,13% | -6,27% | -13,95% | -26,78% | -51,40%",,34ddías,1.615.980,1.650.453 | 1.685.661 | 1.724.016 | 1.878.021 | 2.206.901 | 3.324.847,Mediocampista
Villalibre,Racing,0 | 0 | 0 | 0 | 0 | 0,"0,00% | 0,00% | 0,00% | 0,00% | 0,00% | 0,00%",,30ddías,7.527.946,7.527.946 | 7.527.946 | 7.527.946 | 7.527.946 | 7.527.946 | 7.527.946,Delantero
Yuri,Athletic,-184.962 | -353.359 | -565.138 | -1.432.877 | -2.989.302 | -5.042.485,"-1,40% | -2,64% | -4,16% | -9,91% | -18,67% | -27,91%",,19ddías,13.025.290,13.210.252 | 13.378.649 | 13.590.428 | 14.458.167 | 16.014.592 | 18.067.775,Defensa
R. de Galarreta,Athletic,+169.755 | +403.059 | +503.021 | +915.076 | +516.737 | +517.137,"+1,53% | +3,71% | +4,68% | +8,85% | +4,81% | +4,81%",,9ddías,11.260.254,11.090.499 | 10.857.195 | 10.757.233 | 10.345.178 | 10.743.517 | 10.743.117,Mediocampista
Agirrezabala,Athletic,0 | 0 | 0 | 0 | 0 | 0,"0,00% | 0,00% | 0,00% | 0,00% | 0,00% | 0,00%",,31ddías,2.911.085,2.911.085 | 2.911.085 | 2.911.085 | 2.911.085 | 2.911.085 | 2.911.085,Portero
Guruzeta,Athletic,+162.045 | +272.470 | +411.306 | +978.634 | +735.181 | -880.720,"+1,30% | +2,20% | +3,36% | +8,37% | +6,16% | -6,50%",,8ddías,12.668.579,12.506.534 | 12.396.109 | 12.257.273 | 11.689.945 | 11.933.398 | 13.549.299,Delantero
N. Williams,Athletic,-1.445.135 | -2.852.781 | -3.986.114 | -3.089.496 | +5.050.830 | +29.908.666,"-1,98% | -3,83% | -5,27% | -4,13% | +7,58% | 0%",,4ddías,71.662.381,73.107.516 | 74.515.162 | 75.648.495 | 74.751.877 | 66.611.551 | 0,Delantero
I. Williams,Athletic,-367.012 | -686.328 | -848.801 | -25.589 | +3.120.808 | +7.574.188,"-1,24% | -2,29% | -2,81% | -0,09% | +11,90% | +34,79%",,3ddías,29.342.424,29.709.436 | 30.028.752 | 30.191.225 | 29.368.013 | 26.221.616 | 21.768.236,Delantero
Berenguer,Athletic,-75.756 | -191.353 | -344.029 | -820.774 | -1.752.760 | -2.107.645,"-0,79% | -1,97% | -3,49% | -7,95% | -15,57% | -18,16%",,25ddías,9.501.410,9.577.166 | 9.692.763 | 9.845.439 | 10.322.184 | 11.254.170 | 11.609.055,Delantero
Barrios,Atlético,-1.157.750 | -2.346.477 | -3.496.846 | -8.688.410 | -6.124.651 | +5.258.411,"-2,50% | -4,95% | -7,20% | -16,16% | -11,97% | +13,21%",,8ddías,45.062.060,46.219.810 | 47.408.537 | 48.558.906 | 53.750.470 | 51.186.711 | 39.803.649,Mediocampista
Kike García,Espanyol,-144.661 | -294.995 | -453.521 | -970.082 | -1.897.021 | -4.625.617,"-3,18% | -6,27% | -9,33% | -18,04% | -30,09% | -51,21%",,32ddías,4.406.556,4.551.217 | 4.701.551 | 4.860.077 | 5.376.638 | 6.303.577 | 9.032.173,Delantero
Gorosabel,Athletic,-77.703 | -162.942 | -250.605 | -623.856 | -1.332.012 | -3.290.428,"-2,83% | -5,76% | -8,59% | -18,95% | -33,30% | -55,22%",,34ddías,2.668.055,2.745.758 | 2.830.997 | 2.918.660 | 3.291.911 | 4.000.067 | 5.958.483,Defensa
Abqar,Getafe,+164.249 | +315.521 | +430.951 | +1.034.787 | +1.325.348 | -11.029,"+2,74% | +5,41% | +7,53% | +20,22% | +27,46% | -0,18%",,13ddías,6.152.253,5.988.004 | 5.836.732 | 5.721.302 | 5.117.466 | 4.826.905 | 6.163.282,Defensa
Guevara,Alavés,-27.563 | -55.489 | -87.093 | -229.182 | -511.423 | -1.516.763,"-2,13% | -4,20% | -6,44% | -15,33% | -28,78% | -54,52%",,34ddías,1.265.432,1.292.995 | 1.320.921 | 1.352.525 | 1.494.614 | 1.776.855 | 2.782.195,Mediocampista
Blanco,Alavés,-123.064 | -259.004 | -426.453 | -1.141.273 | -2.694.309 | +13.434.077,"-0,80% | -1,67% | -2,72% | -6,96% | -15,00% | 0%",,26ddías,15.267.196,15.390.260 | 15.526.200 | 15.693.649 | 16.408.469 | 17.961.505 | 0,Mediocampista
Rioja,Valencia,-485.053 | -997.289 | -1.531.753 | -2.945.332 | -4.704.608 | -9.005.266,"-3,08% | -6,12% | -9,11% | -16,16% | -23,54% | -37,07%",,34ddías,15.285.095,15.770.148 | 16.282.384 | 16.816.848 | 18.230.427 | 19.989.703 | 24.290.361,Mediocampista
Tenaglia,Alavés,-59.362 | -78.891 | -143.504 | -379.420 | -1.267.157 | -3.171.427,"-0,41% | -0,54% | -0,98% | -2,55% | -8,05% | -17,98%",,34ddías,14.471.205,14.530.567 | 14.550.096 | 14.614.709 | 14.850.625 | 15.738.362 | 17.642.632,Defensa
Guridi,Sevilla,0 | 0 | 0 | 0 | 0 | 0,"0,00% | 0,00% | 0,00% | 0,00% | 0,00% | 0,00%",,31ddías,5.019.315,5.019.315 | 5.019.315 | 5.019.315 | 5.019.315 | 5.019.315 | 5.019.315,Mediocampista
Yeray,Athletic,+62.823 | +120.426 | +187.974 | +234.290 | -140.737 | -706.870,"+1,51% | +2,94% | +4,67% | +5,89% | -3,23% | -14,37%",,6ddías,4.212.391,4.149.568 | 4.091.965 | 4.024.417 | 3.978.101 | 4.353.128 | 4.919.261,Defensa
Rebbach,Alavés,-79.846 | -164.578 | -246.389 | -612.568 | -1.306.555 | -3.907.948,"-1,85% | -3,74% | -5,49% | -12,63% | -23,56% | -47,97%",,32ddías,4.238.857,4.318.703 | 4.403.435 | 4.485.246 | 4.851.425 | 5.545.412 | 8.146.805,Delantero
Carlos BenavidezProtesoni,Alavés,0 | 0 | 0 | 0 | 0 | 0,"0,00% | 0,00% | 0,00% | 0,00% | 0,00% | 0,00%",,31ddías,3.011.588,3.011.588 | 3.011.588 | 3.011.588 | 3.011.588 | 3.011.588 | 3.011.588,Mediocampista
Pubill,Atlético,-1.569.235 | -3.119.090 | -4.825.988 | -6.030.820 | +2.788.585 | +24.886.630,"-2,29% | -4,44% | -6,71% | -8,25% | +4,34% | +58,95%",,5ddías,67.104.836,68.674.071 | 70.223.926 | 71.930.824 | 73.135.656 | 64.316.251 | 42.218.206,Defensa
Unai Simón,Athletic,-250.902 | -61.838 | +373.441 | +4.899.003 | +16.087.130 | +38.314.389,"-0,42% | -0,10% | +0,63% | +9,01% | +37,27% | +182,99%",,1ddías,59.251.820,59.502.722 | 59.313.658 | 58.878.379 | 54.352.817 | 43.164.690 | 20.937.431,Portero
Vivian,Athletic,-369.108 | -749.852 | -1.151.432 | -2.852.088 | -5.994.826 | -7.159.010,"-2,77% | -5,48% | -8,17% | -18,06% | -31,66% | -35,62%",,23ddías,12.939.805,13.308.913 | 13.689.657 | 14.091.237 | 15.791.893 | 18.934.631 | 20.098.815,Defensa
Paredes,Athletic,+73.446 | +130.127 | +188.385 | +240.694 | -126.900 | -1.726.094,"+1,68% | +3,02% | +4,43% | +5,73% | -2,78% | -27,97%",,6ddías,4.444.613,4.371.167 | 4.314.486 | 4.256.228 | 4.203.919 | 4.571.513 | 6.170.707,Defensa
Galán,Celta,0 | 0 | 0 | 0 | 0 | -535.862,"0,00% | 0,00% | 0,00% | 0,00% | 0,00% | -3,57%",,24ddías,14.475.829,14.475.829 | 14.475.829 | 14.475.829 | 14.475.829 | 14.475.829 | 15.011.691,Defensa
Riquelme,Betis,+31.973 | +55.539 | +55.289 | -87.212 | -428.363 | -1.853.656,"+0,94% | +1,65% | +1,64% | -2,49% | -11,14% | -35,17%",,2ddías,3.416.399,3.384.426 | 3.360.860 | 3.361.110 | 3.503.611 | 3.844.762 | 5.270.055,Mediocampista
Sotelo,Levante,0 | 0 | 0 | 0 | -53.692 | -567.878,"0,00% | 0,00% | 0,00% | 0,00% | -3,74% | -29,11%",,9ddías,1.382.803,1.382.803 | 1.382.803 | 1.382.803 | 1.382.803 | 1.436.495 | 1.950.681,Mediocampista
Starfelt,Celta,+256.290 | +496.646 | +796.131 | +1.979.043 | +2.352.342 | +1.697.739,"+2,06% | +4,06% | +6,67% | +18,42% | +22,68% | +15,40%",,11ddías,12.725.509,12.469.219 | 12.228.863 | 11.929.378 | 10.746.466 | 10.373.167 | 11.027.770,Defensa
Bartra,Betis,+313.316 | +627.678 | +929.638 | +1.993.315 | +4.002.052 | +7.226.164,"+1,18% | +2,38% | +3,57% | +7,99% | +17,44% | +36,64%",,28ddías,26.948.492,26.635.176 | 26.320.814 | 26.018.854 | 24.955.177 | 22.946.440 | 19.722.328,Defensa
Marc Roca,Betis,+81.810 | +155.192 | +210.597 | +407.116 | +331.232 | -855.794,"+1,66% | +3,20% | +4,39% | +8,85% | +7,08% | -14,59%",,8ddías,5.009.468,4.927.658 | 4.854.276 | 4.798.871 | 4.602.352 | 4.678.236 | 5.865.262,Mediocampista
Isco,Betis,-560.689 | -1.234.536 | -2.131.926 | -6.490.106 | -20.480.851 | +47.164.906,"-0,96% | -2,08% | -3,54% | -10,05% | -26,08% | 0%",,18ddías,58.057.417,58.618.106 | 59.291.953 | 60.189.343 | 64.547.523 | 78.538.268 | 0,Mediocampista
Ruibal,Betis,-87.206 | -177.579 | -271.833 | -684.847 | -1.519.663 | -3.940.102,"-3,00% | -5,93% | -8,80% | -19,56% | -35,05% | -58,32%",,34ddías,2.816.322,2.903.528 | 2.993.901 | 3.088.155 | 3.501.169 | 4.335.985 | 6.756.424,Delantero
Navarro,Athletic,-10.255 | -14.456 | -31.605 | -99.289 | -303.382 | -1.049.878,"-0,49% | -0,69% | -1,50% | -4,56% | -12,75% | -33,58%",,34ddías,2.076.736,2.086.991 | 2.091.192 | 2.108.341 | 2.176.025 | 2.380.118 | 3.126.614,Mediocampista
Chust,Elche,0 | 0 | 0 | 0 | 0 | 0,"0,00% | 0,00% | 0,00% | 0,00% | 0,00% | 0,00%",,31ddías,5.019.376,5.019.376 | 5.019.376 | 5.019.376 | 5.019.376 | 5.019.376 | 5.019.376,Defensa
U. Núñez,Espanyol,-33.448 | -64.165 | -132.767 | -514.406 | -1.342.372 | -1.342.372,"-0,90% | -1,72% | -3,49% | -12,27% | -26,75% | -26,75%",,14ddías,3.676.742,3.710.190 | 3.740.907 | 3.809.509 | 4.191.148 | 5.019.114 | 5.019.114,Defensa
Iglesias,Celta,-444.590 | -1.007.390 | -1.572.009 | -3.295.920 | -1.162.196 | +10.778.574,"-1,50% | -3,34% | -5,11% | -10,15% | -3,83% | 0%",,7ddías,29.175.123,29.619.713 | 30.182.513 | 30.747.132 | 32.471.043 | 30.337.319 | 0,Delantero
Dotor,Málaga,0 | 0 | 0 | 0 | 0 | +4.403,"0,00% | 0,00% | 0,00% | 0,00% | 0,00% | 0%",,18ddías,4.014.904,4.014.904 | 4.014.904 | 4.014.904 | 4.014.904 | 4.014.904 | 0,Mediocampista
Carles Pérez,Celta,-41.517 | -85.392 | -130.935 | -328.067 | -199.295 | -199.295,"-2,83% | -5,65% | -8,42% | -18,72% | 0% | 0%",,11ddías,1.424.771,1.466.288 | 1.510.163 | 1.555.706 | 1.752.838 | 0 | 0,Delantero
Aspas,Celta,-111.308 | -224.241 | -346.469 | -876.962 | -1.836.301 | -3.726.392,"-1,41% | -2,79% | -4,25% | -10,09% | -19,04% | -32,30%",,28ddías,7.810.366,7.921.674 | 8.034.607 | 8.156.835 | 8.687.328 | 9.646.667 | 11.536.758,Delantero
Iván Villar,Celta,-24.606 | -47.912 | -72.910 | -178.839 | -389.735 | -1.228.859,"-2,20% | -4,19% | -6,24% | -14,04% | -26,25% | -52,87%",,34ddías,1.095.234,1.119.840 | 1.143.146 | 1.168.144 | 1.274.073 | 1.484.969 | 2.324.093,Portero
Swedberg,Celta,-86.310 | -134.496 | -239.359 | -680.875 | -1.553.710 | -4.498.437,"-1,02% | -1,57% | -2,77% | -7,49% | -15,59% | -34,84%",,31ddías,8.415.020,8.501.330 | 8.549.516 | 8.654.379 | 9.095.895 | 9.968.730 | 12.913.457,Mediocampista
Domínguez,Celta,-13.474 | -28.568 | -44.794 | -112.024 | -258.206 | -778.273,"-1,90% | -3,94% | -6,04% | -13,86% | -27,05% | -52,78%",,34ddías,696.283,709.757 | 724.851 | 741.077 | 808.307 | 954.489 | 1.474.556,Defensa
Ayoze,Villarreal,-99.623 | -200.560 | -293.397 | -774.830 | -1.770.620 | -3.919.169,"-0,62% | -1,24% | -1,81% | -4,64% | -10,00% | -19,73%",,34ddías,15.940.159,16.039.782 | 16.140.719 | 16.233.556 | 16.714.989 | 17.710.779 | 19.859.328,Delantero
Abde,Betis,-1.266.922 | -2.583.787 | -4.081.256 | -10.539.419 | -24.646.993 | -79.334.981,"-2,35% | -4,69% | -7,21% | -16,71% | -31,93% | 0%",,18ddías,52.547.136,53.814.058 | 55.130.923 | 56.628.392 | 63.086.555 | 77.194.129 | 0,Delantero
Balde,Barcelona,-496.996 | -995.110 | -1.562.467 | -3.219.385 | -4.374.725 | +4.187.957,"-2,06% | -4,04% | -6,19% | -11,97% | -15,60% | +21,50%",,12ddías,23.664.983,24.161.979 | 24.660.093 | 25.227.450 | 26.884.368 | 28.039.708 | 19.477.026,Defensa
M. Alonso,Celta,-496.074 | -1.564.676 | -40.935.905 | -40.935.905 | -40.935.905 | -40.935.905,"-1,59% | -4,84% | 0% | 0% | 0% | 0%",,2ddías,30.768.214,31.264.288 | 32.332.890 | 0 | 0 | 0 | 0,Defensa
Araújo,Barcelona,-137.326 | -260.635 | -385.787 | -933.604 | -2.063.538 | -5.273.985,"-2,80% | -5,18% | -7,47% | -16,35% | -30,17% | -52,48%",,32ddías,4.775.350,4.912.676 | 5.035.985 | 5.161.137 | 5.708.954 | 6.838.888 | 10.049.335,Defensa
Gavi,Barcelona,-744.721 | -1.289.436 | -1.410.194 | -191.055 | +4.123.838 | +12.165.275,"-1,95% | -3,33% | -3,63% | -0,51% | +12,38% | +48,15%",,3ddías,37.429.344,38.174.065 | 38.718.780 | 38.839.538 | 37.620.399 | 33.305.506 | 25.264.069,Mediocampista
Ferran,Barcelona,-1.881.231 | -3.596.516 | -4.420.633 | -497.320 | +11.413.984 | +8.611.313,"-2,68% | -4,99% | -6,07% | -0,72% | +20,03% | +14,40%",,3ddías,68.407.360,70.288.591 | 72.003.876 | 72.827.993 | 68.904.680 | 56.993.376 | 59.796.047,Delantero
Pedri,Barcelona,-622.505 | -1.414.489 | -2.347.051 | -6.275.954 | -13.966.595 | -87.836.479,"-0,68% | -1,54% | -2,52% | -6,47% | -13,34% | 0%",,17ddías,90.701.113,91.323.618 | 92.115.602 | 93.048.164 | 96.977.067 | 104.667.708 | 0,Mediocampista
Raphinha,Barcelona,+489.929 | +499.118 | +148.629 | -1.919.063 | -10.321.841 | -29.865.987,"+0,70% | +0,72% | +0,21% | -2,66% | -12,83% | -29,86%",,2ddías,70.140.483,69.650.554 | 69.641.365 | 69.991.854 | 72.059.546 | 80.462.324 | 100.006.470,Delantero
A. Christensen,Barcelona,0 | 0 | 0 | 0 | 0 | 0,"0,00% | 0,00% | 0,00% | 0,00% | 0,00% | 0,00%",,31ddías,5.019.340,5.019.340 | 5.019.340 | 5.019.340 | 5.019.340 | 5.019.340 | 5.019.340,Defensa
F. de Jong,Barcelona,-1.069.728 | -2.176.593 | -3.334.266 | -7.983.419 | -12.098.114 | -12.098.114,"-3,18% | -6,26% | -9,29% | -19,68% | -27,08% | -27,08%",,10ddías,32.574.026,33.643.754 | 34.750.619 | 35.908.292 | 40.557.445 | 44.672.140 | 44.672.140,Mediocampista
Guido,Valencia,-451.666 | -1.393.591 | +25.180.868 | +25.180.868 | +25.180.868 | +25.180.868,"-1,64% | -4,89% | 0% | 0% | 0% | 0%",,2ddías,27.106.409,27.558.075 | 28.500.000 | 0 | 0 | 0 | 0,Mediocampista
Koundé,Barcelona,-784.901 | -1.588.858 | -2.402.599 | -6.019.726 | -6.206.133 | +9.296.928,"-1,70% | -3,38% | -5,02% | -11,69% | -12,01% | +25,71%",,10ddías,45.457.219,46.242.120 | 47.046.077 | 47.859.818 | 51.476.945 | 51.663.352 | 36.160.291,Defensa
Yamal,Barcelona,+448.495 | +579.108 | +279.707 | -1.183.558 | -12.187.722 | +58.043.723,"+0,35% | +0,45% | +0,22% | -0,91% | -8,67% | 0%",,2ddías,128.339.906,127.891.411 | 127.760.798 | 128.060.199 | 129.523.464 | 140.527.628 | 0,Delantero
Casadó,Barcelona,-22.572 | -45.668 | -71.511 | -175.199 | -328.302 | -933.593,"-1,18% | -2,35% | -3,64% | -8,46% | -14,77% | -33,01%",,34ddías,1.894.547,1.917.119 | 1.940.215 | 1.966.058 | 2.069.746 | 2.222.849 | 2.828.140,Mediocampista
Cubarsí,Barcelona,-1.192.795 | -2.530.958 | -4.072.578 | -10.942.936 | -11.567.768 | +22.827.557,"-1,38% | -2,89% | -4,57% | -11,40% | -11,97% | +36,68%",,10ddías,85.066.127,86.258.922 | 87.597.085 | 89.138.705 | 96.009.063 | 96.633.895 | 62.238.570,Defensa
Fermín,Barcelona,-589.460 | -1.290.477 | -1.957.677 | -4.762.255 | -11.590.599 | -34.416.571,"-0,99% | -2,14% | -3,21% | -7,46% | -16,39% | -36,80%",,34ddías,59.115.937,59.705.397 | 60.406.414 | 61.073.614 | 63.878.192 | 70.706.536 | 93.532.508,Mediocampista
Bellerín,Betis,+281.046 | +545.512 | +807.178 | +1.803.206 | +2.286.578 | +1.791.517,"+2,31% | +4,58% | +6,93% | +16,92% | +22,47% | +16,79%",,11ddías,12.463.071,12.182.025 | 11.917.559 | 11.655.893 | 10.659.865 | 10.176.493 | 10.671.554,Defensa
Pacheco,Real Sociedad,0 | 0 | 0 | 0 | 0 | 0,"0,00% | 0,00% | 0,00% | 0,00% | 0,00% | 0,00%",,31ddías,4.015.452,4.015.452 | 4.015.452 | 4.015.452 | 4.015.452 | 4.015.452 | 4.015.452,Defensa
Courtois,Real Madrid,-254.711 | -434.042 | -742.396 | -1.924.502 | -3.393.552 | +12.831.699,"-0,45% | -0,76% | -1,29% | -3,28% | -5,65% | +29,26%",,14ddías,56.682.795,56.937.506 | 57.116.837 | 57.425.191 | 58.607.297 | 60.076.347 | 43.851.096,Portero
Le Normand,Atlético,-63.615 | -169.252 | -301.313 | -723.370 | -1.723.839 | -3.413.475,"-0,62% | -1,63% | -2,86% | -6,61% | -14,43% | -25,03%",,29ddías,10.226.235,10.289.850 | 10.395.487 | 10.527.548 | 10.949.605 | 11.950.074 | 13.639.710,Defensa
Uche,Getafe,-850.023 | -1.758.688 | +13.051.563 | +13.051.563 | +13.051.563 | +13.051.563,"-3,20% | -6,39% | 0% | 0% | 0% | 0%",,2ddías,25.746.312,26.596.335 | 27.505.000 | 0 | 0 | 0 | 0,Delantero
Natan,Betis,+210.777 | +638.788 | +1.025.302 | +3.637.623 | +8.677.144 | +18.491.757,"+0,49% | +1,49% | +2,41% | +9,10% | +24,85% | +73,68%",,32ddías,43.590.170,43.379.393 | 42.951.382 | 42.564.868 | 39.952.547 | 34.913.026 | 25.098.413,Defensa
Bernal,Barcelona,+260.179 | +555.481 | +871.546 | +1.874.021 | +1.699.397 | +1.699.397,"+5,15% | +11,68% | +19,62% | +54,49% | +47,02% | +47,02%",,8ddías,5.313.321,5.053.142 | 4.757.840 | 4.441.775 | 3.439.300 | 3.613.924 | 3.613.924,Mediocampista
Martín,Barcelona,+823.839 | +1.501.983 | +1.930.949 | +21.629 | +21.629 | +21.629,"+2,77% | +5,17% | +6,75% | +0,07% | +0,07% | +0,07%",,4ddías,30.539.225,29.715.386 | 29.037.242 | 28.608.276 | 30.517.596 | 30.517.596 | 30.517.596,Defensa
Toni Martinez,Alavés,-236.738 | -489.985 | -780.437 | -1.759.477 | -4.383.698 | +21.556.214,"-0,91% | -1,88% | -2,95% | -6,42% | -14,60% | 0%",,23ddías,25.640.207,25.876.945 | 26.130.192 | 26.420.644 | 27.399.684 | 30.023.905 | 0,Delantero
Musso,Atlético,-103.051 | -213.105 | -336.323 | -824.501 | -1.732.577 | -4.538.620,"-1,98% | -4,01% | -6,19% | -13,91% | -25,35% | -47,08%",,34ddías,5.100.819,5.203.870 | 5.313.924 | 5.437.142 | 5.925.320 | 6.833.396 | 9.639.439,Portero
Olmo,Barcelona,-799.006 | -1.746.130 | -3.104.711 | -8.312.964 | -18.148.016 | -36.827.575,"-1,17% | -2,52% | -4,39% | -10,94% | -21,15% | 0%",,18ddías,67.652.155,68.451.161 | 69.398.285 | 70.756.866 | 75.965.119 | 85.800.171 | 0,Mediocampista
Marrero,Real Sociedad,-28.863 | -57.798 | -89.389 | -217.284 | -482.466 | -1.507.267,"-2,18% | -4,27% | -6,46% | -14,36% | -27,14% | -53,78%",,34ddías,1.295.342,1.324.205 | 1.353.140 | 1.384.731 | 1.512.626 | 1.777.808 | 2.802.609,Portero
Benito,Osasuna,-9.583 | -20.625 | -32.629 | -84.141 | -190.216 | -584.768,"-1,56% | -3,31% | -5,13% | -12,25% | -23,98% | -49,24%",,34ddías,602.910,612.493 | 623.535 | 635.539 | 687.051 | 793.126 | 1.187.678,Delantero
Leo Román,Deportivo,+950.216 | +1.990.892 | +3.054.173 | +6.713.915 | +30.638.617 | +30.638.617,"+3,01% | +6,52% | +10,37% | +26,03% | 0% | 0%",,10ddías,32.507.039,31.556.823 | 30.516.147 | 29.452.866 | 25.793.124 | 0 | 0,Portero
Ferrer,Getafe,0 | 0 | 0 | 0 | 0 | 0,"0,00% | 0,00% | 0,00% | 0,00% | 0,00% | 0,00%",,31ddías,702.705,702.705 | 702.705 | 702.705 | 702.705 | 702.705 | 702.705,Portero
Boiro,Athletic,-6.813 | -14.969 | -22.878 | -60.867 | -137.247 | -394.945,"-1,25% | -2,71% | -4,09% | -10,19% | -20,37% | -42,41%",,18ddías,536.412,543.225 | 551.381 | 559.290 | 597.279 | 673.659 | 931.357,Defensa
Jauregizar,Athletic,+311.333 | +660.651 | +953.414 | +2.424.030 | +5.166.672 | +11.243.189,"+1,18% | +2,53% | +3,69% | +9,95% | +23,90% | +72,33%",,33ddías,26.786.846,26.475.513 | 26.126.195 | 25.833.432 | 24.362.816 | 21.620.174 | 15.543.657,Mediocampista
Padilla,Athletic,0 | 0 | 0 | 0 | 0 | 0,"0,00% | 0,00% | 0,00% | 0,00% | 0,00% | 0,00%",,31ddías,1.505.588,1.505.588 | 1.505.588 | 1.505.588 | 1.505.588 | 1.505.588 | 1.505.588,Portero
Alvarez,Atlético,-254.569 | -521.752 | -853.131 | -3.816.499 | -7.054.548 | +21.430.891,"-0,36% | -0,74% | -1,21% | -5,20% | -9,21% | 0%",,15ddías,69.519.285,69.773.854 | 70.041.037 | 70.372.416 | 73.335.784 | 76.573.833 | 0,Delantero
Letácek,Getafe,-17.056 | -35.477 | -53.819 | -133.405 | -299.948 | -949.179,"-2,08% | -4,23% | -6,29% | -14,26% | -27,21% | -54,19%",,34ddías,802.381,819.437 | 837.858 | 856.200 | 935.786 | 1.102.329 | 1.751.560,Portero
Javi Rodríguez,Celta,0 | 0 | 0 | 0 | 0 | 0,"0,00% | 0,00% | 0,00% | 0,00% | 0,00% | 0,00%",,31ddías,10.037.652,10.037.652 | 10.037.652 | 10.037.652 | 10.037.652 | 10.037.652 | 10.037.652,Defensa
Danjuma,Valencia,+125.333 | +240.257 | +317.608 | +414.282 | +114.579 | -1.097.544,"+2,70% | +5,30% | +7,13% | +9,50% | +2,46% | -18,69%",,6ddías,4.773.879,4.648.546 | 4.533.622 | 4.456.271 | 4.359.597 | 4.659.300 | 5.871.423,Delantero
Carreira,Celta,-44.203 | -81.594 | -115.013 | -208.296 | -805.607 | -2.281.154,"-0,65% | -1,19% | -1,67% | -2,98% | -10,63% | -25,19%",,28ddías,6.775.097,6.819.300 | 6.856.691 | 6.890.110 | 6.983.393 | 7.580.704 | 9.056.251,Defensa
Sergio Gómez,Real Sociedad,-131.710 | -235.150 | -347.450 | -948.898 | -2.340.492 | -6.306.546,"-0,72% | -1,27% | -1,87% | -4,95% | -11,37% | -25,70%",,34ddías,18.236.915,18.368.625 | 18.472.065 | 18.584.365 | 19.185.813 | 20.577.407 | 24.543.461,Defensa
Peque,Sevilla,-33.309 | -71.678 | -109.016 | -299.081 | -734.277 | -2.190.949,"-1,65% | -3,48% | -5,19% | -13,07% | -26,95% | -52,41%",,34ddías,1.989.838,2.023.147 | 2.061.516 | 2.098.854 | 2.288.919 | 2.724.115 | 4.180.787,Delantero
Ejuke,Sevilla,-33.480 | -75.502 | -119.896 | -304.497 | -674.580 | -1.920.293,"-1,14% | -2,53% | -3,95% | -9,46% | -18,80% | -39,72%",,34ddías,2.913.976,2.947.456 | 2.989.478 | 3.033.872 | 3.218.473 | 3.588.556 | 4.834.269,Delantero
Kambwala,Villarreal,-23.710 | -51.664 | -84.121 | -220.507 | -499.658 | -1.478.713,"-1,80% | -3,83% | -6,10% | -14,54% | -27,83% | -53,30%",,34ddías,1.295.793,1.319.503 | 1.347.457 | 1.379.914 | 1.516.300 | 1.795.451 | 2.774.506,Defensa
Andrés Martín,Racing,-268.793 | -572.165 | -887.366 | -2.187.600 | -4.240.794 | +18.362.578,"-1,32% | -2,77% | -4,23% | -9,81% | -17,41% | 0%",,25ddías,20.113.886,20.382.679 | 20.686.051 | 21.001.252 | 22.301.486 | 24.354.680 | 0,Delantero
Pépé,Villarreal,-531.577 | -1.017.512 | -1.620.139 | -4.795.346 | -12.345.399 | -42.033.331,"-1,05% | -2,00% | -3,14% | -8,76% | -19,82% | 0%",,19ddías,49.931.606,50.463.183 | 50.949.118 | 51.551.745 | 54.726.952 | 62.277.005 | 0,Delantero
Álvaro,Deportivo,-77.728 | -152.511 | -243.340 | -616.660 | -1.237.150 | -3.699.879,"-1,47% | -2,84% | -4,45% | -10,56% | -19,16% | -41,48%",,34ddías,5.220.339,5.298.067 | 5.372.850 | 5.463.679 | 5.836.999 | 6.457.489 | 8.920.218,Portero
Pape Gueye,Villarreal,+849.251 | +1.763.779 | +2.510.257 | +5.732.282 | +4.712.374 | -3.517.734,"+1,91% | +4,04% | +5,85% | +14,44% | +11,58% | -7,19%",,9ddías,45.422.721,44.573.470 | 43.658.942 | 42.912.464 | 39.690.439 | 40.710.347 | 48.940.455,Mediocampista
Losada,Betis,0 | 0 | 0 | 0 | 0 | 0,"0,00% | 0,00% | 0,00% | 0,00% | 0,00% | 0,00%",,31ddías,2.509.378,2.509.378 | 2.509.378 | 2.509.378 | 2.509.378 | 2.509.378 | 2.509.378,Delantero
D. Llorente,Betis,+212.503 | +429.657 | +637.426 | +1.717.819 | +3.091.082 | +3.154.999,"+1,77% | +3,64% | +5,50% | +16,34% | +33,83% | +34,77%",,18ddías,12.228.710,12.016.207 | 11.799.053 | 11.591.284 | 10.510.891 | 9.137.628 | 9.073.711,Defensa
Bretones,Osasuna,+112.587 | +250.696 | +376.079 | +791.487 | +1.170.911 | +804.352,"+3,84% | +8,98% | +14,11% | +35,17% | +62,58% | +35,94%",,16ddías,3.042.102,2.929.515 | 2.791.406 | 2.666.023 | 2.250.615 | 1.871.191 | 2.237.750,Defensa
Pedro Díaz,Rayo,-23.515 | -45.373 | -71.407 | -191.426 | -456.507 | -1.632.951,"-1,19% | -2,27% | -3,52% | -8,91% | -18,92% | -45,50%",,35ddías,1.956.007,1.979.522 | 2.001.380 | 2.027.414 | 2.147.433 | 2.412.514 | 3.588.958,Mediocampista
L. Sucic,Real Sociedad,-27.126 | -54.881 | -90.217 | -265.081 | -661.589 | -1.969.890,"-0,72% | -1,45% | -2,36% | -6,62% | -15,03% | -34,50%",,31ddías,3.740.255,3.767.381 | 3.795.136 | 3.830.472 | 4.005.336 | 4.401.844 | 5.710.145,Mediocampista
Durán,Celta,-34.495 | -70.926 | -109.247 | -274.404 | -591.994 | -1.554.732,"-2,72% | -5,43% | -8,13% | -18,19% | -32,41% | -55,74%",,34ddías,1.234.551,1.269.046 | 1.305.477 | 1.343.798 | 1.508.955 | 1.826.545 | 2.789.283,Delantero
Hugo Álvarez,Celta,-55.329 | -104.154 | -161.339 | -448.720 | -1.058.144 | -3.017.708,"-1,68% | -3,11% | -4,74% | -12,15% | -24,60% | -48,20%",,34ddías,3.243.058,3.298.387 | 3.347.212 | 3.404.397 | 3.691.778 | 4.301.202 | 6.260.766,Mediocampista
Carlos Martín,Atlético,0 | 0 | 0 | 0 | 0 | 0,"0,00% | 0,00% | 0,00% | 0,00% | 0,00% | 0,00%",,31ddías,2.218.490,2.218.490 | 2.218.490 | 2.218.490 | 2.218.490 | 2.218.490 | 2.218.490,Mediocampista
Sannadi,Athletic,-3.137 | -7.463 | -12.472 | -32.965 | -70.936 | -203.828,"-0,70% | -1,64% | -2,71% | -6,85% | -13,66% | -31,26%",,34ddías,448.184,451.321 | 455.647 | 460.656 | 481.149 | 519.120 | 652.012,Delantero
Roberto,Espanyol,+129.551 | +256.032 | +336.268 | +344.957 | -21.858 | -1.111.678,"+2,23% | +4,51% | +6,01% | +6,17% | -0,37% | -15,78%",,4ddías,5.931.358,5.801.807 | 5.675.326 | 5.595.090 | 5.586.401 | 5.953.216 | 7.043.036,Delantero
Garcés,Alavés,-13.515 | -28.652 | -43.539 | -113.722 | -260.788 | -711.905,"-1,90% | -3,95% | -5,88% | -14,02% | -27,22% | -50,52%",,34ddías,697.256,710.771 | 725.908 | 740.795 | 810.978 | 958.044 | 1.409.161,Defensa
Vargas,Sevilla,-87.633 | -102.432 | -214.827 | +22.993.225 | +22.993.225 | +22.993.225,"-0,31% | -0,37% | -0,76% | 0% | 0% | 0%",,6ddías,27.924.180,28.011.813 | 28.026.612 | 28.139.007 | 0 | 0 | 0,Delantero
Toni Fernández,Barcelona,0 | 0 | 0 | 0 | 0 | 0,"0,00% | 0,00% | 0,00% | 0,00% | 0,00% | 0,00%",,31ddías,602.319,602.319 | 602.319 | 602.319 | 602.319 | 602.319 | 602.319,Delantero
Guille,Barcelona,0 | 0 | 0 | 0 | 0 | 0,"0,00% | 0,00% | 0,00% | 0,00% | 0,00% | 0,00%",,31ddías,702.705,702.705 | 702.705 | 702.705 | 702.705 | 702.705 | 702.705,Mediocampista
Pablo Ramón,Racing,0 | 0 | 0 | -16.035 | -61.357 | -61.357,"0,00% | 0,00% | 0,00% | -2,88% | 0% | 0%",,3ddías,540.217,540.217 | 540.217 | 540.217 | 556.252 | 0 | 0,Defensa
Antony,Betis,-664.965 | -1.383.286 | -2.254.126 | -5.642.574 | -14.914.391 | -13.372.577,"-1,07% | -2,21% | -3,55% | -8,44% | -19,59% | -17,92%",,21ddías,61.234.430,61.899.395 | 62.617.716 | 63.488.556 | 66.877.004 | 76.148.821 | 74.607.007,Delantero
Serrano,Atlético,-2.740 | -6.654 | -11.233 | -29.820 | -63.606 | -190.193,"-0,62% | -1,49% | -2,50% | -6,36% | -12,66% | -30,24%",,34ddías,438.680,441.420 | 445.334 | 449.913 | 468.500 | 502.286 | 628.873,Mediocampista
El-Abdellaoui,Celta,0 | 0 | 0 | 0 | 0 | 0,"0,00% | 0,00% | 0,00% | 0,00% | 0,00% | 0,00%",,31ddías,1.304.893,1.304.893 | 1.304.893 | 1.304.893 | 1.304.893 | 1.304.893 | 1.304.893,Delantero
Lago,Celta,0 | 0 | 0 | 0 | 0 | 0,"0,00% | 0,00% | 0,00% | 0,00% | 0,00% | 0,00%",,31ddías,702.633,702.633 | 702.633 | 702.633 | 702.633 | 702.633 | 702.633,Defensa
Mestre,Real Madrid,0 | 0 | 0 | 0 | 0 | 0,"0,00% | 0,00% | 0,00% | 0,00% | 0,00% | 0,00%",,31ddías,677.860,677.860 | 677.860 | 677.860 | 677.860 | 677.860 | 677.860,Portero
Jiménez,Real Madrid,0 | 0 | 0 | 0 | 0 | 0,"0,00% | 0,00% | 0,00% | 0,00% | 0,00% | 0,00%",,31ddías,602.248,602.248 | 602.248 | 602.248 | 602.248 | 602.248 | 602.248,Defensa
Valera,Elche,-125.571 | -262.161 | -488.602 | -1.197.400 | -3.115.644 | -39.424.062,"-0,53% | -1,09% | -2,02% | -4,81% | -11,62% | 0%",,25ddías,23.705.315,23.830.886 | 23.967.476 | 24.193.917 | 24.902.715 | 26.820.959 | 0,Mediocampista
Buchanan,Villarreal,-201.280 | -278.000 | -322.208 | -136.585 | +797.172 | +4.395.984,"-1,02% | -1,40% | -1,62% | -0,69% | +4,25% | +29,03%",,3ddías,19.536.941,19.738.221 | 19.814.941 | 19.859.149 | 19.673.526 | 18.739.769 | 15.140.957,Mediocampista
Asencio,Real Madrid,-168.147 | -348.286 | -538.688 | -1.340.102 | -2.675.008 | -6.090.481,"-2,97% | -5,96% | -8,93% | -19,61% | -32,75% | -52,58%",,34ddías,5.492.364,5.660.511 | 5.840.650 | 6.031.052 | 6.832.466 | 8.167.372 | 11.582.845,Defensa
Spina,Atlético,0 | 0 | 0 | 0 | 0 | 0,"0,00% | 0,00% | 0,00% | 0,00% | 0,00% | 0,00%",,31ddías,702.702,702.702 | 702.702 | 702.702 | 702.702 | 702.702 | 702.702,Defensa
Jon Martín,Real Sociedad,0 | 0 | 0 | 0 | 0 | 0,"0,00% | 0,00% | 0,00% | 0,00% | 0,00% | 0,00%",,31ddías,30.111.790,30.111.790 | 30.111.790 | 30.111.790 | 30.111.790 | 30.111.790 | 30.111.790,Defensa
Manu González,Betis,0 | 0 | 0 | 0 | 0 | 0,"0,00% | 0,00% | 0,00% | 0,00% | 0,00% | 0,00%",,31ddías,581.691,581.691 | 581.691 | 581.691 | 581.691 | 581.691 | 581.691,Portero
Aramburu,Real Sociedad,+191.988 | +461.436 | +734.605 | +2.310.823 | +4.832.611 | +8.093.087,"+1,21% | +2,96% | +4,80% | +16,85% | +43,18% | +102,03%",,33ddías,16.025.462,15.833.474 | 15.564.026 | 15.290.857 | 13.714.639 | 11.192.851 | 7.932.375,Defensa
Luiz Junior,Villarreal,+62.428 | +418.205 | +832.959 | +4.324.234 | +10.618.081 | +19.893.192,"+0,15% | +1,03% | +2,07% | +11,79% | +34,94% | +94,22%",,33ddías,41.006.939,40.944.511 | 40.588.734 | 40.173.980 | 36.682.705 | 30.388.858 | 21.113.747,Portero
Logan Costa,Villarreal,-26.359 | -51.167 | -78.829 | -211.104 | -487.341 | -1.397.829,"-1,84% | -3,51% | -5,31% | -13,05% | -25,73% | -49,84%",,34ddías,1.406.754,1.433.113 | 1.457.921 | 1.485.583 | 1.617.858 | 1.894.095 | 2.804.583,Defensa
Iturbe,Elche,0 | 0 | 0 | 0 | 0 | 0,"0,00% | 0,00% | 0,00% | 0,00% | 0,00% | 0,00%",,31ddías,802.099,802.099 | 802.099 | 802.099 | 802.099 | 802.099 | 802.099,Portero
Lo Celso,Betis,+283.127 | +731.742 | +1.243.973 | +4.029.504 | +9.588.752 | +20.739.094,"+0,68% | +1,79% | +3,08% | +10,71% | +29,89% | +99,09%",,33ddías,41.668.030,41.384.903 | 40.936.288 | 40.424.057 | 37.638.526 | 32.079.278 | 20.928.936,Mediocampista
Otorbi,Valencia,0 | 0 | 0 | 0 | 0 | 0,"0,00% | 0,00% | 0,00% | 0,00% | 0,00% | 0,00%",,31ddías,602.292,602.292 | 602.292 | 602.292 | 602.292 | 602.292 | 602.292,Delantero
Alfon,Sevilla,0 | 0 | 0 | 0 | 0 | 0,"0,00% | 0,00% | 0,00% | 0,00% | 0,00% | 0,00%",,31ddías,7.026.761,7.026.761 | 7.026.761 | 7.026.761 | 7.026.761 | 7.026.761 | 7.026.761,Delantero
Szczesny,Barcelona,-60.897 | -121.670 | -188.627 | -528.436 | -528.436 | -528.436,"-2,22% | -4,34% | -6,58% | -16,47% | -16,47% | -16,47%",,7ddías,2.679.964,2.740.861 | 2.801.634 | 2.868.591 | 3.208.400 | 3.208.400 | 3.208.400,Portero
Risco,Getafe,0 | 0 | 0 | 0 | 0 | 0,"0,00% | 0,00% | 0,00% | 0,00% | 0,00% | 0,00%",,31ddías,702.705,702.705 | 702.705 | 702.705 | 702.705 | 702.705 | 702.705,Mediocampista
De la Sías,Rayo,0 | 0 | 0 | 0 | 0 | 0,"0,00% | 0,00% | 0,00% | 0,00% | 0,00% | 0,00%",,31ddías,602.234,602.234 | 602.234 | 602.234 | 602.234 | 602.234 | 602.234,Defensa
Óskarsson,Real Sociedad,-105.940 | -262.918 | -411.658 | -1.042.306 | -2.253.912 | -6.177.787,"-1,23% | -2,99% | -4,60% | -10,89% | -20,90% | -42,00%",,34ddías,8.530.180,8.636.120 | 8.793.098 | 8.941.838 | 9.572.486 | 10.784.092 | 14.707.967,Delantero
Alberto,Sevilla,0 | 0 | 0 | 0 | 0 | 0,"0,00% | 0,00% | 0,00% | 0,00% | 0,00% | 0,00%",,31ddías,702.633,702.633 | 702.633 | 702.633 | 702.633 | 702.633 | 702.633,Portero
Pau Navarro,Villarreal,-33.221 | -124.372 | -254.352 | -681.107 | -1.970.955 | -5.644.347,"-0,34% | -1,28% | -2,58% | -6,61% | -17,01% | -36,99%",,34ddías,9.615.534,9.648.755 | 9.739.906 | 9.869.886 | 10.296.641 | 11.586.489 | 15.259.881,Defensa
Etta Eyong,Levante,+678.150 | +1.300.745 | +1.928.532 | +4.639.653 | +8.129.558 | +12.407.360,"+2,99% | +5,90% | +9,00% | +24,79% | +53,38% | +113,30%",,33ddías,23.358.315,22.680.165 | 22.057.570 | 21.429.783 | 18.718.662 | 15.228.757 | 10.950.955,Delantero
Endrick,Real Madrid,-100.314 | -186.028 | -285.928 | -511.482 | +6.673.868 | +6.673.868,"-1,37% | -2,51% | -3,80% | -6,60% | 0% | 0%",,11ddías,7.239.857,7.340.171 | 7.425.885 | 7.525.785 | 7.751.339 | 0 | 0,Delantero
Mario Martín,Getafe,0 | 0 | 0 | 0 | 0 | 0,"0,00% | 0,00% | 0,00% | 0,00% | 0,00% | 0,00%",,31ddías,4.015.472,4.015.472 | 4.015.472 | 4.015.472 | 4.015.472 | 4.015.472 | 4.015.472,Mediocampista
Mbappé,Real Madrid,+194.333 | +525.536 | +562.004 | -109.279 | -5.473.988 | -24.743.206,"+0,15% | +0,40% | +0,43% | -0,08% | -4,02% | 0%",,3ddías,130.742.233,130.547.900 | 130.216.697 | 130.180.229 | 130.851.512 | 136.216.221 | 0,Delantero
Iranzo,Valencia,0 | 0 | 0 | 0 | 0 | 0,"0,00% | 0,00% | 0,00% | 0,00% | 0,00% | 0,00%",,31ddías,602.292,602.292 | 602.292 | 602.292 | 602.292 | 602.292 | 602.292,Defensa
Foulquier,Valencia,-74.821 | -152.620 | -236.051 | -516.820 | -962.756 | -962.756,"-2,65% | -5,26% | -7,90% | -15,81% | -25,92% | -25,92%",,12ddías,2.751.388,2.826.209 | 2.904.008 | 2.987.439 | 3.268.208 | 3.714.144 | 3.714.144,Defensa
Romero,Villarreal,+1.199.466 | +2.436.248 | +3.256.020 | +5.763.959 | +3.183.955 | +3.183.955,"+3,23% | +6,79% | +9,29% | +17,71% | +9,06% | +9,06%",,9ddías,38.315.175,37.115.709 | 35.878.927 | 35.059.155 | 32.551.216 | 35.131.220 | 35.131.220,Defensa
Jesús Vázquez,Valencia,-39.746 | -85.842 | -131.641 | -331.430 | -722.689 | -2.116.508,"-2,18% | -4,60% | -6,88% | -15,69% | -28,87% | -54,31%",,34ddías,1.780.870,1.820.616 | 1.866.712 | 1.912.511 | 2.112.300 | 2.503.559 | 3.897.378,Defensa
Fran Pérez,Rayo,-19.267 | -39.871 | -61.455 | -148.892 | -337.354 | -938.277,"-2,13% | -4,31% | -6,49% | -14,40% | -27,60% | -51,46%",,34ddías,885.080,904.347 | 924.951 | 946.535 | 1.033.972 | 1.222.434 | 1.823.357,Mediocampista
Hugo González,Celta,0 | 0 | 0 | 0 | 0 | 0,"0,00% | 0,00% | 0,00% | 0,00% | 0,00% | 0,00%",,31ddías,1.505.646,1.505.646 | 1.505.646 | 1.505.646 | 1.505.646 | 1.505.646 | 1.505.646,Mediocampista
Tárrega,Valencia,-42.895 | -63.912 | -130.167 | -308.689 | -887.640 | -3.487.240,"-0,48% | -0,71% | -1,43% | -3,34% | -9,03% | -28,05%",,34ddías,8.943.657,8.986.552 | 9.007.569 | 9.073.824 | 9.252.346 | 9.831.297 | 12.430.897,Defensa
Comesaña,Villarreal,+705.259 | +1.358.000 | +1.901.284 | +2.990.480 | -644.498 | -5.649.846,"+2,41% | +4,75% | +6,78% | +11,09% | -2,11% | -15,87%",,7ddías,29.962.109,29.256.850 | 28.604.109 | 28.060.825 | 26.971.629 | 30.606.607 | 35.611.955,Mediocampista
Diego López,Valencia,-80.065 | -161.089 | -246.878 | -619.544 | -1.362.485 | -3.346.199,"-3,01% | -5,88% | -8,73% | -19,36% | -34,56% | -56,46%",,34ddías,2.580.299,2.660.364 | 2.741.388 | 2.827.177 | 3.199.843 | 3.942.784 | 5.926.498,Delantero
Gerard,Villarreal,-60.939 | -155.646 | -330.037 | -1.174.953 | -3.634.987 | -10.415.964,"-0,21% | -0,53% | -1,12% | -3,89% | -11,12% | -26,39%",,34ddías,29.054.020,29.114.959 | 29.209.666 | 29.384.057 | 30.228.973 | 32.689.007 | 39.469.984,Delantero
Foyth,Villarreal,+39.883 | +39.941 | -2.997 | -964.326 | -1.871.837 | -1.871.837,"+0,37% | +0,38% | -0,03% | -8,28% | -14,92% | -14,92%",,2ddías,10.675.952,10.636.069 | 10.636.011 | 10.678.949 | 11.640.278 | 12.547.789 | 12.547.789,Defensa
Sörloth,Atlético,-242.880 | -472.783 | -825.293 | -2.094.379 | -4.805.138 | -12.563.043,"-0,92% | -1,78% | -3,07% | -7,43% | -15,56% | -32,51%",,34ddías,26.085.626,26.328.506 | 26.558.409 | 26.910.919 | 28.180.005 | 30.890.764 | 38.648.669,Delantero
Baena,Atlético,-1.173.698 | -2.544.270 | -3.858.606 | -9.558.869 | -7.869.744 | +15.463.979,"-1,93% | -4,10% | -6,08% | -13,83% | -11,67% | +35,07%",,10ddías,59.555.424,60.729.122 | 62.099.694 | 63.414.030 | 69.114.293 | 67.425.168 | 44.091.445,Mediocampista
Femenia,Getafe,-25.837 | -42.794 | -55.062 | -159.265 | -533.487 | -2.210.752,"-0,72% | -1,18% | -1,52% | -4,27% | -13,00% | -38,23%",,34ddías,3.571.657,3.597.494 | 3.614.451 | 3.626.719 | 3.730.922 | 4.105.144 | 5.782.409,Defensa
Terrats,Getafe,0 | 0 | 0 | 0 | 0 | 0,"0,00% | 0,00% | 0,00% | 0,00% | 0,00% | 0,00%",,31ddías,2.810.495,2.810.495 | 2.810.495 | 2.810.495 | 2.810.495 | 2.810.495 | 2.810.495,Mediocampista
Pepelu,Valencia,-90.848 | -168.639 | -261.392 | -666.141 | -1.533.179 | -3.247.460,"-1,18% | -2,17% | -3,33% | -8,07% | -16,81% | -29,97%",,29ddías,7.589.924,7.680.772 | 7.758.563 | 7.851.316 | 8.256.065 | 9.123.103 | 10.837.384,Mediocampista
Gayà,Valencia,-103.399 | -241.408 | -413.727 | -1.020.612 | -2.281.758 | -5.621.355,"-0,89% | -2,05% | -3,46% | -8,12% | -16,51% | -32,75%",,34ddías,11.541.968,11.645.367 | 11.783.376 | 11.955.695 | 12.562.580 | 13.823.726 | 17.163.323,Defensa
Akhomach,Villarreal,-130.524 | -272.907 | -428.188 | -1.084.041 | -2.129.266 | -2.129.266,"-2,16% | -4,42% | -6,77% | -15,52% | -26,52% | -26,52%",,12ddías,5.900.855,6.031.379 | 6.173.762 | 6.329.043 | 6.984.896 | 8.030.121 | 8.030.121,Delantero
Mariano,Alavés,-24.384 | -50.324 | -75.243 | -201.799 | -472.288 | -1.408.891,"-2,22% | -4,48% | -6,56% | -15,84% | -30,59% | -56,79%",,34ddías,1.071.877,1.096.261 | 1.122.201 | 1.147.120 | 1.273.676 | 1.544.165 | 2.480.768,Delantero
Fraga,Real Sociedad,0 | 0 | 0 | 0 | 0 | 0,"0,00% | 0,00% | 0,00% | 0,00% | 0,00% | 0,00%",,31ddías,602.234,602.234 | 602.234 | 602.234 | 602.234 | 602.234 | 602.234,Portero
Urko,Espanyol,-21.788 | -56.430 | -97.232 | -266.812 | -676.680 | -2.179.130,"-0,45% | -1,16% | -1,98% | -5,26% | -12,35% | -31,21%",,31ddías,4.803.978,4.825.766 | 4.860.408 | 4.901.210 | 5.070.790 | 5.480.658 | 6.983.108,Mediocampista
Dmitrovic,Espanyol,+760.129 | +1.554.114 | +2.321.795 | +5.797.924 | +11.759.656 | +20.009.722,"+2,21% | +4,63% | +7,08% | +19,77% | +50,34% | +132,43%",,33ddías,35.119.026,34.358.897 | 33.564.912 | 32.797.231 | 29.321.102 | 23.359.370 | 15.109.304,Portero
Gattoni,Sevilla,-3.020 | -7.225 | -12.108 | -32.040 | -68.777 | -206.306,"-0,67% | -1,60% | -2,65% | -6,71% | -13,38% | -31,66%",,34ddías,445.385,448.405 | 452.610 | 457.493 | 477.425 | 514.162 | 651.691,Defensa
Pedrosa,Sevilla,0 | 0 | 0 | 0 | 0 | 0,"0,00% | 0,00% | 0,00% | 0,00% | 0,00% | 0,00%",,31ddías,3.312.788,3.312.788 | 3.312.788 | 3.312.788 | 3.312.788 | 3.312.788 | 3.312.788,Defensa
Jordan,Sevilla,-8.583 | -18.582 | -29.501 | -76.199 | -171.702 | -527.120,"-1,46% | -3,11% | -4,85% | -11,63% | -22,88% | -47,66%",,34ddías,578.889,587.472 | 597.471 | 608.390 | 655.088 | 750.591 | 1.106.009,Mediocampista
Marcão,Sevilla,-14.315 | -30.286 | -47.425 | -115.982 | -267.777 | -759.529,"-1,96% | -4,06% | -6,21% | -13,93% | -27,21% | -51,46%",,34ddías,716.473,730.788 | 746.759 | 763.898 | 832.455 | 984.250 | 1.476.002,Defensa
Rivero,Valencia,-6.861 | -15.067 | -24.118 | -62.533 | -139.851 | -384.681,"-1,26% | -2,73% | -4,29% | -10,42% | -20,64% | -41,71%",,17ddías,537.578,544.439 | 552.645 | 561.696 | 600.111 | 677.429 | 922.259,Portero
Manu Bueno,Sevilla,0 | 0 | 0 | 0 | 0 | 0,"0,00% | 0,00% | 0,00% | 0,00% | 0,00% | 0,00%",,31ddías,802.099,802.099 | 802.099 | 802.099 | 802.099 | 802.099 | 802.099,Mediocampista
Diakhaby,Valencia,-128.967 | -266.362 | -419.420 | -1.051.165 | -2.498.467 | -2.498.467,"-1,94% | -3,92% | -6,03% | -13,85% | -27,66% | -27,66%",,14ddías,6.535.941,6.664.908 | 6.802.303 | 6.955.361 | 7.587.106 | 9.034.408 | 9.034.408,Defensa
Canós,Valencia,-7.269 | -15.900 | -25.393 | -65.769 | -852.062 | -852.062,"-1,31% | -2,82% | -4,43% | -10,73% | 0% | 0%",,11ddías,547.354,554.623 | 563.254 | 572.747 | 613.123 | 0 | 0,Delantero
Javi Guerra,Valencia,-96.430 | -196.322 | -308.630 | -1.056.552 | -2.622.207 | +21.191.857,"-0,40% | -0,81% | -1,26% | -4,20% | -9,81% | 0%",,24ddías,24.119.208,24.215.638 | 24.315.530 | 24.427.838 | 25.175.760 | 26.741.415 | 0,Mediocampista
Duro,Valencia,-86.974 | -193.347 | -274.191 | -723.126 | -1.453.105 | -3.479.108,"-0,99% | -2,17% | -3,05% | -7,65% | -14,27% | -28,50%",,29ddías,8.729.274,8.816.248 | 8.922.621 | 9.003.465 | 9.452.400 | 10.182.379 | 12.208.382,Delantero
Almeida,Valencia,-63.484 | -132.106 | -209.583 | -538.176 | -1.180.337 | -3.234.377,"-2,21% | -4,49% | -6,94% | -16,07% | -29,58% | -53,51%",,34ddías,2.810.001,2.873.485 | 2.942.107 | 3.019.584 | 3.348.177 | 3.990.338 | 6.044.378,Mediocampista
Denis Suárez,Alavés,-42.032 | -93.608 | -148.276 | -410.157 | -986.448 | -2.966.637,"-1,51% | -3,31% | -5,14% | -13,04% | -26,51% | -52,03%",,34ddías,2.735.227,2.777.259 | 2.828.835 | 2.883.503 | 3.145.384 | 3.721.675 | 5.701.864,Mediocampista
Íñigo Pérez,Villarreal,-59.110 | -127.047 | +572.458 | +615.304 | +520.975 | +255.965,"-2,09% | -4,40% | +26,14% | +28,66% | +23,24% | 0%",,2ddías,2.762.527,2.821.637 | 2.889.574 | 2.190.069 | 2.147.223 | 2.241.552 | 0,
Altimira,Deportivo,-75.001 | -133.056 | -204.137 | -456.060 | -1.086.828 | -2.049.241,"-1,44% | -2,52% | -3,82% | -8,15% | -17,45% | -28,50%",,28ddías,5.141.943,5.216.944 | 5.274.999 | 5.346.080 | 5.598.003 | 6.228.771 | 7.191.184,Defensa
Fortuño,Espanyol,-9.633 | -20.726 | -32.784 | -72.815 | -175.534 | -505.699,"-1,57% | -3,32% | -5,15% | -10,76% | -22,52% | -45,57%",,14ddías,604.096,613.729 | 624.822 | 636.880 | 676.911 | 779.630 | 1.109.795,Portero
Djaló,Athletic,-33.990 | -72.611 | -6.941.311 | -6.941.311 | -6.941.311 | -6.941.311,"-2,67% | -5,53% | 0% | 0% | 0% | 0%",,2ddías,1.240.399,1.274.389 | 1.313.010 | 0 | 0 | 0 | 0,Delantero
Rosier,Osasuna,-203.307 | -409.757 | -631.704 | -1.587.310 | -3.386.273 | -4.833.629,"-2,88% | -5,64% | -8,43% | -18,79% | -33,05% | -41,34%",,29ddías,6.859.756,7.063.063 | 7.269.513 | 7.491.460 | 8.447.066 | 10.246.029 | 11.693.385,Defensa
Mouriño,Villarreal,+422.184 | +982.563 | +1.470.875 | +3.828.759 | +7.650.399 | +15.819.798,"+1,10% | +2,60% | +3,94% | +10,95% | +24,58% | +68,90%",,32ddías,38.780.928,38.358.744 | 37.798.365 | 37.310.053 | 34.952.169 | 31.130.529 | 22.961.130,Defensa
Serrano,Athletic,-28.298 | -58.834 | -91.145 | -231.088 | -513.141 | -1.424.704,"-2,62% | -5,30% | -7,97% | -18,01% | -32,78% | -57,52%",,35ddías,1.052.052,1.080.350 | 1.110.886 | 1.143.197 | 1.283.140 | 1.565.193 | 2.476.756,Delantero
Raba,Valencia,-43.922 | -88.888 | -138.338 | -349.347 | -766.234 | -2.146.260,"-2,32% | -4,59% | -6,96% | -15,90% | -29,31% | -53,73%",,34ddías,1.847.911,1.891.833 | 1.936.799 | 1.986.249 | 2.197.258 | 2.614.145 | 3.994.171,Delantero
Conde,Betis,0 | 0 | 0 | 0 | -324.417 | -1.514.609,"0,00% | 0,00% | 0,00% | 0,00% | -9,64% | -33,24%",,8ddías,3.041.589,3.041.589 | 3.041.589 | 3.041.589 | 3.041.589 | 3.366.006 | 4.556.198,Portero
Raul Moro,Osasuna,+224.580 | +512.048 | +713.987 | +1.728.867 | +1.953.327 | -67.192,"+1,83% | +4,28% | +6,07% | +16,08% | +18,56% | -0,54%",,11ddías,12.478.303,12.253.723 | 11.966.255 | 11.764.316 | 10.749.436 | 10.524.976 | 12.545.495,Delantero
Boyomo,Osasuna,+562.157 | +1.061.400 | +1.543.141 | +3.572.680 | +6.733.777 | +10.886.159,"+2,23% | +4,30% | +6,38% | +16,12% | +35,43% | +73,28%",,30ddías,25.741.457,25.179.300 | 24.680.057 | 24.198.316 | 22.168.777 | 19.007.680 | 14.855.298,Defensa
Rubén Sánchez,Espanyol,-5.183 | -11.641 | -18.870 | -49.208 | -108.792 | -331.031,"-1,03% | -2,29% | -3,66% | -9,00% | -17,95% | -39,96%",,34ddías,497.288,502.471 | 508.929 | 516.158 | 546.496 | 606.080 | 828.319,Mediocampista
Joan Garcia,Barcelona,+2.505.022 | +5.111.513 | +7.408.894 | +7.555.949 | +7.555.949 | +7.555.949,"+4,53% | +9,71% | +14,72% | +15,05% | +15,05% | +15,05%",,5ddías,57.749.365,55.244.343 | 52.637.852 | 50.340.471 | 50.193.416 | 50.193.416 | 50.193.416,Portero
El Hilali,Espanyol,+155.949 | +294.155 | +387.347 | +993.798 | +1.787.122 | +2.330.935,"+1,95% | +3,74% | +4,98% | +13,85% | +28,01% | +39,94%",,18ddías,8.166.837,8.010.888 | 7.872.682 | 7.779.490 | 7.173.039 | 6.379.715 | 5.835.902,Defensa
Edu Expósito,Espanyol,+26.239 | -19.838 | -156.065 | -1.034.567 | -3.423.565 | -14.356.946,"+0,10% | -0,07% | -0,58% | -3,72% | -11,32% | 0%",,1ddías,26.809.447,26.783.208 | 26.829.285 | 26.965.512 | 27.844.014 | 30.233.012 | 0,Mediocampista
Jofre,Espanyol,-25.509 | -53.058 | -78.468 | -196.200 | -450.209 | -1.354.777,"-2,02% | -4,10% | -5,95% | -13,66% | -26,63% | -52,21%",,34ddías,1.240.329,1.265.838 | 1.293.387 | 1.318.797 | 1.436.529 | 1.690.538 | 2.595.106,Delantero
Pere Milla,Espanyol,-86.596 | -142.146 | -237.489 | -704.159 | -870.329 | +247.922,"-0,87% | -1,42% | -2,35% | -6,66% | -8,10% | +2,58%",,12ddías,9.874.844,9.961.440 | 10.016.990 | 10.112.333 | 10.579.003 | 10.745.173 | 9.626.922,Delantero
Lozano,Espanyol,-37.152 | -74.663 | -121.861 | -320.422 | -742.682 | -2.210.891,"-1,47% | -2,91% | -4,66% | -11,39% | -22,95% | -46,99%",,34ddías,2.493.665,2.530.817 | 2.568.328 | 2.615.526 | 2.814.087 | 3.236.347 | 4.704.556,Mediocampista
Puado,Espanyol,-243.371 | -493.362 | -748.330 | -1.883.781 | -4.153.801 | -7.478.568,"-3,03% | -5,95% | -8,75% | -19,45% | -34,75% | -48,94%",,25ddías,7.801.053,8.044.424 | 8.294.415 | 8.549.383 | 9.684.834 | 11.954.854 | 15.279.621,Mediocampista
Cabrera,Espanyol,-30.953 | -92.144 | -112.985 | -247.670 | -1.181.517 | +5.261.274,"-0,19% | -0,55% | -0,68% | -1,48% | -6,67% | 0%",,4ddías,16.520.037,16.550.990 | 16.612.181 | 16.633.022 | 16.767.707 | 17.701.554 | 0,Defensa
Manu Sánchez,Levante,0 | 0 | 0 | 0 | -484.326 | -484.326,"0,00% | 0,00% | 0,00% | 0,00% | -8,04% | -8,04%",,9ddías,5.538.185,5.538.185 | 5.538.185 | 5.538.185 | 5.538.185 | 6.022.511 | 6.022.511,Defensa
Juanmi,Getafe,-11.582 | -24.705 | -38.878 | -100.005 | -227.189 | -664.441,"-1,75% | -3,66% | -5,64% | -13,32% | -25,87% | -50,52%",,34ddías,650.868,662.450 | 675.573 | 689.746 | 750.873 | 878.057 | 1.315.309,Delantero
Calero,Málaga,0 | 0 | 0 | 0 | 0 | 0,"0,00% | 0,00% | 0,00% | 0,00% | 0,00% | 0,00%",,31ddías,3.513.120,3.513.120 | 3.513.120 | 3.513.120 | 3.513.120 | 3.513.120 | 3.513.120,Defensa
Fort,Barcelona,-88.171 | -180.686 | -277.775 | -670.144 | -1.137.339 | -1.137.339,"-2,22% | -4,45% | -6,68% | -14,72% | -22,66% | -22,66%",,10ddías,3.882.037,3.970.208 | 4.062.723 | 4.159.812 | 4.552.181 | 5.019.376 | 5.019.376,Defensa
F. Carreras,Real Madrid,-337.469 | -723.774 | -1.102.475 | -2.660.464 | -5.808.164 | -13.941.385,"-2,30% | -4,81% | -7,15% | -15,66% | -28,85% | -49,32%",,34ddías,14.324.483,14.661.952 | 15.048.257 | 15.426.958 | 16.984.947 | 20.132.647 | 28.265.868,Defensa
Batalla,Rayo,+351.153 | +883.184 | +1.579.212 | +4.888.859 | +10.370.931 | +20.859.407,"+0,85% | +2,16% | +3,92% | +13,22% | +32,93% | +99,32%",,33ddías,41.860.609,41.509.456 | 40.977.425 | 40.281.397 | 36.971.750 | 31.489.678 | 21.001.202,Portero
Romero,Sevilla,+28.549 | +39.705 | +32.253 | -88.916 | -586.679 | -2.441.287,"+0,47% | +0,65% | +0,53% | -1,43% | -8,76% | -28,54%",,2ddías,6.112.184,6.083.635 | 6.072.479 | 6.079.931 | 6.201.100 | 6.698.863 | 8.553.471,Delantero
Cardoso,Atlético,-190.371 | -392.508 | -603.764 | -1.493.761 | -3.257.004 | -8.232.651,"-2,77% | -5,56% | -8,30% | -18,29% | -32,80% | -55,23%",,31ddías,6.672.276,6.862.647 | 7.064.784 | 7.276.040 | 8.166.037 | 9.929.280 | 14.904.927,Mediocampista
Moriba,Celta,+77.334 | +179.708 | +281.181 | +1.139.346 | +1.885.137 | -1.262.076,"+0,74% | +1,74% | +2,75% | +12,17% | +21,88% | -10,73%",,13ddías,10.500.139,10.422.805 | 10.320.431 | 10.218.958 | 9.360.793 | 8.615.002 | 11.762.215,Mediocampista
Agoume,Sevilla,-433 | -7.692 | -23.158 | -132.686 | -460.945 | -1.475.816,"-0,01% | -0,13% | -0,40% | -2,27% | -7,48% | -20,55%",,29ddías,5.704.260,5.704.693 | 5.711.952 | 5.727.418 | 5.836.946 | 6.165.205 | 7.180.076,Mediocampista
Guedes,Real Sociedad,-1.249.064 | -2.547.548 | -3.917.373 | -7.725.354 | -16.271.873 | -17.894.487,"-2,95% | -5,84% | -8,70% | -15,83% | -28,37% | 0%",,19ddías,41.086.768,42.335.832 | 43.634.316 | 45.004.141 | 48.812.122 | 57.358.641 | 0,Delantero
Fornals,Betis,-789.713 | -1.633.960 | -2.656.638 | -7.973.155 | -21.040.541 | -81.674.047,"-1,27% | -2,58% | -4,13% | -11,46% | -25,46% | 0%",,17ddías,61.615.253,62.404.966 | 63.249.213 | 64.271.891 | 69.588.408 | 82.655.794 | 0,Mediocampista
Giuliano,Atlético,-772.674 | -1.467.505 | -2.457.403 | -6.539.265 | -5.435.830 | +12.483.559,"-1,60% | -3,00% | -4,93% | -12,12% | -10,29% | +35,75%",,10ddías,47.401.774,48.174.448 | 48.869.279 | 49.859.177 | 53.941.039 | 52.837.604 | 34.918.215,Delantero
Raúl García,Osasuna,-42.002 | -87.946 | -136.211 | -351.422 | -787.283 | -2.260.620,"-1,96% | -4,02% | -6,10% | -14,35% | -27,29% | -51,87%",,34ddías,2.097.832,2.139.834 | 2.185.778 | 2.234.043 | 2.449.254 | 2.885.115 | 4.358.452,Delantero
Kike Salas,Sevilla,-40.864 | -67.313 | -146.041 | -416.038 | -1.465.234 | -4.257.139,"-0,35% | -0,57% | -1,24% | -3,45% | -11,17% | -26,76%",,32ddías,11.650.845,11.691.709 | 11.718.158 | 11.796.886 | 12.066.883 | 13.116.079 | 15.907.984,Defensa
Lemar,Atlético,0 | 0 | 0 | 0 | 0 | 0,0% | 0% | 0% | 0% | 0% | 0%,,40ddías,1.680.630,0 | 0 | 0 | 0 | 0 | 0,Mediocampista
Rincón,Athletic,0 | 0 | 0 | 0 | 0 | 0,0% | 0% | 0% | 0% | 0% | 0%,,40ddías,1.658.593,0 | 0 | 0 | 0 | 0 | 0,Defensa
Carlos Espí,Real Madrid,0 | 0 | 0 | 0 | 0 | 0,0% | 0% | 0% | 0% | 0% | 0%,,40ddías,3.531.129,0 | 0 | 0 | 0 | 0 | 0,Delantero
Satriano,Getafe,0 | 0 | 0 | 0 | 0 | 0,0% | 0% | 0% | 0% | 0% | 0%,,40ddías,4.336.426,0 | 0 | 0 | 0 | 0 | 0,Delantero
Thiago,Villarreal,0 | 0 | 0 | 0 | 0 | 0,0% | 0% | 0% | 0% | 0% | 0%,,40ddías,1.660.575,0 | 0 | 0 | 0 | 0 | 0,Mediocampista
Javi López,Real Sociedad,0 | 0 | 0 | 0 | 0 | 0,0% | 0% | 0% | 0% | 0% | 0%,,40ddías,1.656.670,0 | 0 | 0 | 0 | 0 | 0,Defensa
Kumbulla,Rayo,0 | 0 | 0 | 0 | 0 | 0,0% | 0% | 0% | 0% | 0% | 0%,,76ddías,897.151,0 | 0 | 0 | 0 | 0 | 0,Defensa
Neyou,Getafe,0 | 0 | 0 | 0 | 0 | 0,0% | 0% | 0% | 0% | 0% | 0%,,189ddías,604.547,0 | 0 | 0 | 0 | 0 | 0,Mediocampista
Maras,Alavés,0 | 0 | 0 | 0 | 0 | 0,0% | 0% | 0% | 0% | 0% | 0%,,192ddías,590.024,0 | 0 | 0 | 0 | 0 | 0,Defensa
Diarra,Alavés,0 | 0 | 0 | 0 | 0 | 0,0% | 0% | 0% | 0% | 0% | 0%,,195ddías,591.470,0 | 0 | 0 | 0 | 0 | 0,Defensa
Goti,Real Sociedad,0 | 0 | 0 | 0 | 0 | 0,0% | 0% | 0% | 0% | 0% | 0%,,195ddías,590.263,0 | 0 | 0 | 0 | 0 | 0,Mediocampista
Ali Houary,Elche,0 | 0 | 0 | 0 | 0 | 0,0% | 0% | 0% | 0% | 0% | 0%,,199ddías,592.065,0 | 0 | 0 | 0 | 0 | 0,Delantero
Javier Hernández,Espanyol,0 | 0 | 0 | 0 | 0 | 0,0% | 0% | 0% | 0% | 0% | 0%,,213ddías,575.023,0 | 0 | 0 | 0 | 0 | 0,Delantero
Bauzà,Espanyol,0 | 0 | 0 | 0 | 0 | 0,0% | 0% | 0% | 0% | 0% | 0%,,341ddías,318.649,0 | 0 | 0 | 0 | 0 | 0,Mediocampista
Pablo López,Valencia,0 | 0 | 0 | 0 | 0 | 0,0% | 0% | 0% | 0% | 0% | 0%,,342ddías,441.041,0 | 0 | 0 | 0 | 0 | 0,Delantero
Alberto Marí,Valencia,0 | 0 | 0 | 0 | 0 | 0,0% | 0% | 0% | 0% | 0% | 0%,,343ddías,787.986,0 | 0 | 0 | 0 | 0 | 0,Delantero
Novoa,Alavés,0 | 0 | 0 | 0 | 0 | 0,0% | 0% | 0% | 0% | 0% | 0%,,343ddías,661.162,0 | 0 | 0 | 0 | 0 | 0,Defensa
Pelayo,Rayo,0 | 0 | 0 | 0 | 0 | 0,0% | 0% | 0% | 0% | 0% | 0%,,343ddías,1.722.279,0 | 0 | 0 | 0 | 0 | 0,Defensa
Hinojo,Espanyol,0 | 0 | 0 | 0 | 0 | 0,0% | 0% | 0% | 0% | 0% | 0%,,347ddías,317.496,0 | 0 | 0 | 0 | 0 | 0,Defensa
Owono,Alavés,0 | 0 | 0 | 0 | 0 | 0,0% | 0% | 0% | 0% | 0% | 0%,,378ddías,828.372,0 | 0 | 0 | 0 | 0 | 0,Portero
Berrocal,Getafe,0 | 0 | 0 | 0 | 0 | 0,0% | 0% | 0% | 0% | 0% | 0%,,378ddías,1.058.833,0 | 0 | 0 | 0 | 0 | 0,Defensa
De Tomás,Rayo,0 | 0 | 0 | 0 | 0 | 0,0% | 0% | 0% | 0% | 0% | 0%,,382ddías,3.229.388,0 | 0 | 0 | 0 | 0 | 0,Delantero
Collado,Sevilla,0 | 0 | 0 | 0 | 0 | 0,0% | 0% | 0% | 0% | 0% | 0%,,402ddías,1.718.988,0 | 0 | 0 | 0 | 0 | 0,Mediocampista
Eto'o,Rayo,0 | 0 | 0 | 0 | 0 | 0,0% | 0% | 0% | 0% | 0% | 0%,,402ddías,1.718.988,0 | 0 | 0 | 0 | 0 | 0,Delantero
Córdoba,Valencia,0 | 0 | 0 | 0 | 0 | 0,0% | 0% | 0% | 0% | 0% | 0%,,402ddías,1.548.667,0 | 0 | 0 | 0 | 0 | 0,Defensa
Raúl Jiménez,Valencia,0 | 0 | 0 | 0 | 0 | 0,0% | 0% | 0% | 0% | 0% | 0%,,402ddías,1.561.503,0 | 0 | 0 | 0 | 0 | 0,Portero
Cortés,Barcelona,0 | 0 | 0 | 0 | 0 | 0,0% | 0% | 0% | 0% | 0% | 0%,,402ddías,1.718.327,0 | 0 | 0 | 0 | 0 | 0,Defensa
Eneko Ortiz,Villarreal,0 | 0 | 0 | 0 | 0 | 0,0% | 0% | 0% | 0% | 0% | 0%,,402ddías,1.718.986,0 | 0 | 0 | 0 | 0 | 0,Defensa
Serred,Espanyol,0 | 0 | 0 | 0 | 0 | 0,0% | 0% | 0% | 0% | 0% | 0%,,402ddías,1.731.552,0 | 0 | 0 | 0 | 0 | 0,Portero
Carrillo,Celta,0 | 0 | 0 | 0 | 0 | 0,0% | 0% | 0% | 0% | 0% | 0%,,402ddías,1.567.556,0 | 0 | 0 | 0 | 0 | 0,Portero
Adrián,Alavés,0 | 0 | 0 | 0 | 0 | 0,0% | 0% | 0% | 0% | 0% | 0%,,402ddías,1.640.215,0 | 0 | 0 | 0 | 0 | 0,Portero
Yaakobishvili,Barcelona,0 | 0 | 0 | 0 | 0 | 0,0% | 0% | 0% | 0% | 0% | 0%,,402ddías,1.639.280,0 | 0 | 0 | 0 | 0 | 0,Portero
Canales,Athletic,0 | 0 | 0 | 0 | 0 | 0,0% | 0% | 0% | 0% | 0% | 0%,,402ddías,1.623.251,0 | 0 | 0 | 0 | 0 | 0,Delantero
Solà,Atlético,0 | 0 | 0 | 0 | 0 | 0,0% | 0% | 0% | 0% | 0% | 0%,,402ddías,1.640.523,0 | 0 | 0 | 0 | 0 | 0,Defensa
Medenica,Getafe,0 | 0 | 0 | 0 | 0 | 0,0% | 0% | 0% | 0% | 0% | 0%,,402ddías,1.560.264,0 | 0 | 0 | 0 | 0 | 0,Portero
Olabarrieta,Athletic,0 | 0 | 0 | 0 | 0 | 0,0% | 0% | 0% | 0% | 0% | 0%,,402ddías,1.717.797,0 | 0 | 0 | 0 | 0 | 0,Delantero
Carlos,Atlético,0 | 0 | 0 | 0 | 0 | 0,0% | 0% | 0% | 0% | 0% | 0%,,402ddías,1.718.547,0 | 0 | 0 | 0 | 0 | 0,Defensa
Isra,Sevilla,0 | 0 | 0 | 0 | 0 | 0,0% | 0% | 0% | 0% | 0% | 0%,,402ddías,1.718.237,0 | 0 | 0 | 0 | 0 | 0,Delantero
Busto,Betis,0 | 0 | 0 | 0 | 0 | 0,0% | 0% | 0% | 0% | 0% | 0%,,402ddías,1.621.161,0 | 0 | 0 | 0 | 0 | 0,Defensa
De Llanos,Real Madrid,0 | 0 | 0 | 0 | 0 | 0,0% | 0% | 0% | 0% | 0% | 0%,,402ddías,1.622.168,0 | 0 | 0 | 0 | 0 | 0,Mediocampista
Rupérez,Real Sociedad,0 | 0 | 0 | 0 | 0 | 0,0% | 0% | 0% | 0% | 0% | 0%,,402ddías,1.626.247,0 | 0 | 0 | 0 | 0 | 0,Defensa
Balda,Real Sociedad,0 | 0 | 0 | 0 | 0 | 0,0% | 0% | 0% | 0% | 0% | 0%,,402ddías,1.718.912,0 | 0 | 0 | 0 | 0 | 0,Defensa
Santana,Valencia,0 | 0 | 0 | 0 | 0 | 0,0% | 0% | 0% | 0% | 0% | 0%,,402ddías,1.723.821,0 | 0 | 0 | 0 | 0 | 0,Delantero
Rivas,Real Madrid,0 | 0 | 0 | 0 | 0 | 0,0% | 0% | 0% | 0% | 0% | 0%,,402ddías,1.718.751,0 | 0 | 0 | 0 | 0 | 0,Defensa
Abril,Valencia,0 | 0 | 0 | 0 | 0 | 0,0% | 0% | 0% | 0% | 0% | 0%,,402ddías,1.728.051,0 | 0 | 0 | 0 | 0 | 0,Portero
Requena,Levante,0 | 0 | 0 | 0 | 0 | 0,0% | 0% | 0% | 0% | 0% | 0%,,402ddías,1.621.683,0 | 0 | 0 | 0 | 0 | 0,Mediocampista
Juan Cruz,Málaga,0 | 0 | 0 | 0 | 0 | 0,0% | 0% | 0% | 0% | 0% | 0%,,440ddías,19.968.443,0 | 0 | 0 | 0 | 0 | 0,Mediocampista
Mandi,Levante,0 | 0 | 0 | 0 | 0 | 0,0% | 0% | 0% | 0% | 0% | 0%,,723ddías,1.879.755,0 | 0 | 0 | 0 | 0 | 0,Defensa
Miguel,Alavés,0 | 0 | 0 | 0 | 0 | 0,0% | 0% | 0% | 0% | 0% | 0%,,724ddías,679.761,0 | 0 | 0 | 0 | 0 | 0,Delantero
Joseda,Alavés,0 | 0 | 0 | 0 | 0 | 0,0% | 0% | 0% | 0% | 0% | 0%,,768ddías,300.000,0 | 0 | 0 | 0 | 0 | 0,Defensa
Ian Forns,Betis,0 | 0 | 0 | 0 | 0 | 0,0% | 0% | 0% | 0% | 0% | 0%,,769ddías,500.000,0 | 0 | 0 | 0 | 0 | 0,Defensa
Diallo,Alavés,0 | 0 | 0 | 0 | 0 | 0,0% | 0% | 0% | 0% | 0% | 0%,,769ddías,1.000.000,0 | 0 | 0 | 0 | 0 | 0,Mediocampista
Mendes,Alavés,0 | 0 | 0 | 0 | 0 | 0,0% | 0% | 0% | 0% | 0% | 0%,,769ddías,500.000,0 | 0 | 0 | 0 | 0 | 0,Mediocampista
Mario,Valencia,0 | 0 | 0 | 0 | 0 | 0,0% | 0% | 0% | 0% | 0% | 0%,,1ddías,760.408,0 | 0 | 0 | 0 | 0 | 0,Mediocampista