Jugador,Equipo,DiferenciaDif.,% Dif,Acel.,Tend.,Valor,Valor ant.Ant.,Posición
Karrikaburu,Real Sociedad,-13.211 | -27.375 | -41.624 | -102.626 | -230.681 | -703.096,"-1,96% | -3,98% | -5,94% | -13,46% | -25,91% | -51,59%",,32ddías,659.688,672.899 | 687.063 | 701.312 | 762.314 | 890.369 | 1.362.784,Delantero
Riedel,Espanyol,-176.619 | -368.947 | -368.947 | -368.947 | -368.947 | +3.488.696,"-3,31% | -6,68% | -6,68% | -6,68% | -6,68% | 0%",,2ddías,5.151.671,5.328.290 | 5.520.618 | 5.520.618 | 5.520.618 | 5.520.618 | 0,Defensa
Santos,Athletic,0 | 0 | 0 | 0 | 0 | -974.770,"0,00% | 0,00% | 0,00% | 0,00% | 0,00% | 0%",,29ddías,702.606,702.606 | 702.606 | 702.606 | 702.606 | 702.606 | 0,Portero
Laporte,Athletic,+950.654 | +1.768.960 | +3.010.797 | +8.883.434 | +22.337.485 | +54.362.418,"+1,61% | +3,04% | +5,29% | +17,42% | +59,51% | 0%",,23ddías,59.873.746,58.923.092 | 58.104.786 | 56.862.949 | 50.990.312 | 37.536.261 | 0,Defensa
Alemão,Rayo,-68.716 | -145.922 | -223.669 | -530.420 | -1.087.280 | -2.886.048,"-1,66% | -3,45% | -5,20% | -11,51% | -21,05% | -41,44%",,32ddías,4.077.662,4.146.378 | 4.223.584 | 4.301.331 | 4.608.082 | 5.164.942 | 6.963.710,Delantero
Diangana,Elche,-25.176 | -51.836 | -79.700 | -196.347 | -420.442 | -1.395.814,"-1,72% | -3,47% | -5,24% | -11,99% | -22,59% | -49,20%",,32ddías,1.441.038,1.466.214 | 1.492.874 | 1.520.738 | 1.637.385 | 1.861.480 | 2.836.852,Delantero
Krug,Levante,0 | 0 | 0 | 0 | 0 | -1.051.650,"0,00% | 0,00% | 0,00% | 0,00% | 0,00% | 0%",,29ddías,602.249,602.249 | 602.249 | 602.249 | 602.249 | 602.249 | 0,Defensa
Hugo López,Villarreal,0 | 0 | 0 | 0 | 0 | -1.168.499,"0,00% | 0,00% | 0,00% | 0,00% | 0,00% | 0%",,29ddías,485.400,485.400 | 485.400 | 485.400 | 485.400 | 485.400 | 0,Mediocampista
Mikautadze,Villarreal,+747.017 | +1.244.499 | +1.681.216 | +3.091.128 | +4.354.160 | +7.627.212,"+1,37% | +2,30% | +3,13% | +5,91% | +8,53% | +15,97%",,25ddías,55.379.946,54.632.929 | 54.135.447 | 53.698.730 | 52.288.818 | 51.025.786 | 47.752.734,Delantero
Navarro,Valencia,0 | 0 | 0 | 0 | 0 | -1.151.990,"0,00% | 0,00% | 0,00% | 0,00% | 0,00% | 0%",,29ddías,501.909,501.909 | 501.909 | 501.909 | 501.909 | 501.909 | 0,Defensa
Cardoso,Sevilla,-25.249 | -53.513 | -83.090 | -202.489 | -456.965 | -1.312.522,"-2,41% | -4,97% | -7,51% | -16,52% | -30,87% | -56,20%",,32ddías,1.023.093,1.048.342 | 1.076.606 | 1.106.183 | 1.225.582 | 1.480.058 | 2.335.615,Defensa
Oso,Sevilla,0 | 0 | 0 | 0 | 0 | +12.375.353,"0,00% | 0,00% | 0,00% | 0,00% | 0,00% | 0%",,29ddías,14.053.332,14.053.332 | 14.053.332 | 14.053.332 | 14.053.332 | 14.053.332 | 0,Defensa
Álex Costa,Sevilla,0 | 0 | 0 | 0 | 0 | -1.051.615,"0,00% | 0,00% | 0,00% | 0,00% | 0,00% | 0%",,29ddías,602.284,602.284 | 602.284 | 602.284 | 602.284 | 602.284 | 0,Delantero
Folgado,Real Sociedad,0 | 0 | 0 | 0 | 0 | -974.609,"0,00% | 0,00% | 0,00% | 0,00% | 0,00% | 0%",,29ddías,702.606,702.606 | 702.606 | 702.606 | 702.606 | 702.606 | 0,Portero
Carlos Soler,Real Sociedad,-233.111 | -486.639 | -761.805 | -1.711.706 | -3.805.334 | -8.002.885,"-0,75% | -1,54% | -2,40% | -5,23% | -10,92% | -20,50%",,32ddías,31.027.246,31.260.357 | 31.513.885 | 31.789.051 | 32.738.952 | 34.832.580 | 39.030.131,Mediocampista
Sancris,Getafe,-16.862 | -34.831 | -53.041 | -131.298 | -297.821 | -905.511,"-2,21% | -4,45% | -6,63% | -14,94% | -28,50% | -54,79%",,32ddías,747.320,764.182 | 782.151 | 800.361 | 878.618 | 1.045.141 | 1.652.831,Delantero
Montero,Alavés,0 | 0 | 0 | 0 | 0 | -1.070.603,"0,00% | 0,00% | 0,00% | 0,00% | 0,00% | 0%",,29ddías,602.316,602.316 | 602.316 | 602.316 | 602.316 | 602.316 | 0,Portero
Bardghji,Barcelona,-105.091 | -217.782 | -329.878 | -842.248 | -1.007.356 | +1.360.796,"-2,68% | -5,41% | -7,97% | -18,10% | -20,91% | 0%",,8ddías,3.811.209,3.916.300 | 4.028.991 | 4.141.087 | 4.653.457 | 4.818.565 | 0,Delantero
Nacho Pérez,Levante,0 | 0 | 0 | 0 | 0 | -1.072.651,"0,00% | 0,00% | 0,00% | 0,00% | 0,00% | 0%",,29ddías,581.692,581.692 | 581.692 | 581.692 | 581.692 | 581.692 | 0,Defensa
Josan,Elche,0 | 0 | 0 | 0 | 0 | -451.852,"0,00% | 0,00% | 0,00% | 0,00% | 0,00% | 0%",,29ddías,1.204.650,1.204.650 | 1.204.650 | 1.204.650 | 1.204.650 | 1.204.650 | 0,Mediocampista
Davinchi,Getafe,0 | 0 | 0 | 0 | 0 | +1.347.341,"0,00% | 0,00% | 0,00% | 0,00% | 0,00% | 0%",,29ddías,3.011.603,3.011.603 | 3.011.603 | 3.011.603 | 3.011.603 | 3.011.603 | 0,Defensa
Mastantuono,Real Madrid,0 | 0 | 0 | 0 | 0 | +8.242.754,"0,00% | 0,00% | 0,00% | 0,00% | 0,00% | 0%",,29ddías,10.037.262,10.037.262 | 10.037.262 | 10.037.262 | 10.037.262 | 10.037.262 | 0,Delantero
Thiago,Real Madrid,0 | 0 | 0 | 0 | 0 | +4.848.243,"0,00% | 0,00% | 0,00% | 0,00% | 0,00% | 0%",,29ddías,7.026.082,7.026.082 | 7.026.082 | 7.026.082 | 7.026.082 | 7.026.082 | 0,Mediocampista
Veiga,Villarreal,+171.544 | +348.000 | +821.255 | +3.384.996 | +8.086.004 | +19.079.827,"+0,39% | +0,79% | +1,89% | +8,30% | +22,40% | +76,02%",,31ddías,44.178.520,44.006.976 | 43.830.520 | 43.357.265 | 40.793.524 | 36.092.516 | 25.098.693,Defensa
Corralejo,Betis,0 | 0 | 0 | 0 | 0 | -1.051.651,"0,00% | 0,00% | 0,00% | 0,00% | 0,00% | 0%",,29ddías,602.248,602.248 | 602.248 | 602.248 | 602.248 | 602.248 | 0,Mediocampista
Altozano,Sevilla,0 | 0 | 0 | 0 | 0 | -1.051.654,"0,00% | 0,00% | 0,00% | 0,00% | 0,00% | 0%",,29ddías,602.284,602.284 | 602.284 | 602.284 | 602.284 | 602.284 | 0,Mediocampista
Oluwaseyi,Villarreal,-70.816 | -147.715 | -228.894 | -548.311 | -1.209.121 | -3.244.894,"-2,13% | -4,35% | -6,58% | -14,43% | -27,11% | -49,96%",,32ddías,3.250.384,3.321.200 | 3.398.099 | 3.479.278 | 3.798.695 | 4.459.505 | 6.495.278,Delantero
Sierra,Sevilla,0 | 0 | 0 | 0 | 0 | -1.051.615,"0,00% | 0,00% | 0,00% | 0,00% | 0,00% | 0%",,29ddías,602.284,602.284 | 602.284 | 602.284 | 602.284 | 602.284 | 0,Delantero
Blázquez,Valencia,0 | 0 | 0 | 0 | 0 | -1.072.243,"0,00% | 0,00% | 0,00% | 0,00% | 0,00% | 0%",,29ddías,581.656,581.656 | 581.656 | 581.656 | 581.656 | 581.656 | 0,Delantero
Suazo,Sevilla,-70.467 | -148.251 | -214.910 | -576.049 | -1.187.318 | -3.318.363,"-1,24% | -2,58% | -3,69% | -9,31% | -17,47% | -37,17%",,32ddías,5.609.044,5.679.511 | 5.757.295 | 5.823.954 | 6.185.093 | 6.796.362 | 8.927.407,Defensa
Ryan,Levante,0 | 0 | 0 | 0 | 0 | +11.791.282,"0,00% | 0,00% | 0,00% | 0,00% | 0,00% | 0%",,29ddías,13.550.652,13.550.652 | 13.550.652 | 13.550.652 | 13.550.652 | 13.550.652 | 0,Portero
Arriaga,Levante,-61.811 | -134.168 | -204.543 | -511.662 | -1.126.771 | -2.920.262,"-2,02% | -4,28% | -6,38% | -14,56% | -27,29% | -49,31%",,32ddías,3.002.368,3.064.179 | 3.136.536 | 3.206.911 | 3.514.030 | 4.129.139 | 5.922.630,Mediocampista
Vlachodimos,Sevilla,+345.533 | +513.119 | -500.784 | -500.784 | -500.784 | +12.783.662,"+2,43% | +3,65% | -3,33% | -3,33% | -3,33% | 0%",,2ddías,14.555.695,14.210.162 | 14.042.576 | 15.056.479 | 15.056.479 | 15.056.479 | 0,Portero
Adam Boayar,Elche,0 | 0 | 0 | 0 | 0 | -952.296,"0,00% | 0,00% | 0,00% | 0,00% | 0,00% | 0%",,29ddías,702.711,702.711 | 702.711 | 702.711 | 702.711 | 702.711 | 0,Mediocampista
Taufik,Atlético,0 | 0 | 0 | 0 | 0 | -1.052.157,"0,00% | 0,00% | 0,00% | 0,00% | 0,00% | 0%",,29ddías,602.316,602.316 | 602.316 | 602.316 | 602.316 | 602.316 | 0,Mediocampista
Mendoza,Atlético,-11.854 | -22.511 | -27.416 | -76.653 | -199.116 | -575.243,"-1,29% | -2,43% | -2,94% | -7,82% | -18,05% | -38,89%",,32ddías,903.790,915.644 | 926.301 | 931.206 | 980.443 | 1.102.906 | 1.479.033,Mediocampista
Óscar Marcos,Celta,0 | 0 | 0 | 0 | 0 | -1.051.642,"0,00% | 0,00% | 0,00% | 0,00% | 0,00% | 0%",,29ddías,602.257,602.257 | 602.257 | 602.257 | 602.257 | 602.257 | 0,Delantero
Izei,Alavés,0 | 0 | 0 | 0 | 0 | -1.071.809,"0,00% | 0,00% | 0,00% | 0,00% | 0,00% | 0%",,29ddías,582.010,582.010 | 582.010 | 582.010 | 582.010 | 582.010 | 0,Mediocampista
Oláiz,Alavés,0 | 0 | 0 | 0 | 0 | -1.059.678,"0,00% | 0,00% | 0,00% | 0,00% | 0,00% | 0%",,29ddías,602.316,602.316 | 602.316 | 602.316 | 602.316 | 602.316 | 0,Defensa
Iker Muñoz,Sevilla,0 | 0 | 0 | 0 | 0 | -1.051.550,"0,00% | 0,00% | 0,00% | 0,00% | 0,00% | 0%",,29ddías,602.284,602.284 | 602.284 | 602.284 | 602.284 | 602.284 | 0,Defensa
Joan Martínez,Real Madrid,0 | 0 | 0 | 0 | 0 | -951.347,"0,00% | 0,00% | 0,00% | 0,00% | 0,00% | 0%",,29ddías,702.622,702.622 | 702.622 | 702.622 | 702.622 | 702.622 | 0,Defensa
Unai Santos,Osasuna,0 | 0 | 0 | 0 | 0 | -1.051.515,"0,00% | 0,00% | 0,00% | 0,00% | 0,00% | 0%",,29ddías,602.319,602.319 | 602.319 | 602.319 | 602.319 | 602.319 | 0,Defensa
Carlos Macià,Villarreal,0 | 0 | 0 | 0 | 0 | -850.933,"0,00% | 0,00% | 0,00% | 0,00% | 0,00% | 0%",,29ddías,803.057,803.057 | 803.057 | 803.057 | 803.057 | 803.057 | 0,Mediocampista
Carrera,Real Sociedad,0 | 0 | 0 | 0 | 0 | -951.295,"0,00% | 0,00% | 0,00% | 0,00% | 0,00% | 0%",,29ddías,702.633,702.633 | 702.633 | 702.633 | 702.633 | 702.633 | 0,Delantero
Rosón,Levante,0 | 0 | 0 | 0 | 0 | -1.055.081,"0,00% | 0,00% | 0,00% | 0,00% | 0,00% | 0%",,29ddías,602.249,602.249 | 602.249 | 602.249 | 602.249 | 602.249 | 0,Mediocampista
Nakoha,Levante,0 | 0 | 0 | 0 | 0 | -1.152.013,"0,00% | 0,00% | 0,00% | 0,00% | 0,00% | 0%",,29ddías,501.874,501.874 | 501.874 | 501.874 | 501.874 | 501.874 | 0,Defensa
Jurado,Valencia,0 | 0 | 0 | 0 | 0 | -1.051.599,"0,00% | 0,00% | 0,00% | 0,00% | 0,00% | 0%",,29ddías,602.292,602.292 | 602.292 | 602.292 | 602.292 | 602.292 | 0,Defensa
Panach,Valencia,0 | 0 | 0 | 0 | 0 | -1.151.970,"0,00% | 0,00% | 0,00% | 0,00% | 0,00% | 0%",,29ddías,501.909,501.909 | 501.909 | 501.909 | 501.909 | 501.909 | 0,Defensa
Marchal,Real Sociedad,0 | 0 | 0 | 0 | 0 | -1.051.657,"0,00% | 0,00% | 0,00% | 0,00% | 0,00% | 0%",,29ddías,602.234,602.234 | 602.234 | 602.234 | 602.234 | 602.234 | 0,Mediocampista
Yassin,Getafe,0 | 0 | 0 | 0 | 0 | -1.154.179,"0,00% | 0,00% | 0,00% | 0,00% | 0,00% | 0%",,29ddías,501.932,501.932 | 501.932 | 501.932 | 501.932 | 501.932 | 0,Defensa
Al Lal,Elche,0 | 0 | 0 | 0 | 0 | -1.151.951,"0,00% | 0,00% | 0,00% | 0,00% | 0,00% | 0%",,29ddías,501.936,501.936 | 501.936 | 501.936 | 501.936 | 501.936 | 0,Delantero
Meixús,Celta,0 | 0 | 0 | 0 | 0 | -1.169.174,"0,00% | 0,00% | 0,00% | 0,00% | 0,00% | 0%",,29ddías,485.372,485.372 | 485.372 | 485.372 | 485.372 | 485.372 | 0,Defensa
Martínez Bastida,Elche,0 | 0 | 0 | 0 | 0 | -1.051.575,"0,00% | 0,00% | 0,00% | 0,00% | 0,00% | 0%",,29ddías,602.324,602.324 | 602.324 | 602.324 | 602.324 | 602.324 | 0,Mediocampista
Benito,Getafe,0 | 0 | 0 | 0 | 0 | -1.074.804,"0,00% | 0,00% | 0,00% | 0,00% | 0,00% | 0%",,29ddías,602.319,602.319 | 602.319 | 602.319 | 602.319 | 602.319 | 0,Portero
Aller,Barcelona,0 | 0 | 0 | 0 | 0 | -973.164,"0,00% | 0,00% | 0,00% | 0,00% | 0,00% | 0%",,29ddías,702.705,702.705 | 702.705 | 702.705 | 702.705 | 702.705 | 0,Portero
Ballestero,Alavés,0 | 0 | 0 | 0 | 0 | -1.051.596,"0,00% | 0,00% | 0,00% | 0,00% | 0,00% | 0%",,29ddías,602.316,602.316 | 602.316 | 602.316 | 602.316 | 602.316 | 0,Defensa
Monreal,Athletic,0 | 0 | 0 | 0 | 0 | -1.066.644,"0,00% | 0,00% | 0,00% | 0,00% | 0,00% | 0%",,29ddías,602.257,602.257 | 602.257 | 602.257 | 602.257 | 602.257 | 0,Defensa
Adrián Pérez,Athletic,0 | 0 | 0 | 0 | 0 | -1.052.595,"0,00% | 0,00% | 0,00% | 0,00% | 0,00% | 0%",,29ddías,602.257,602.257 | 602.257 | 602.257 | 602.257 | 602.257 | 0,Delantero
Juan Hernández,Barcelona,0 | 0 | 0 | 0 | 0 | -1.072.140,"0,00% | 0,00% | 0,00% | 0,00% | 0,00% | 0%",,29ddías,581.760,581.760 | 581.760 | 581.760 | 581.760 | 581.760 | 0,Mediocampista
Espart,Barcelona,0 | 0 | 0 | 0 | 0 | -952.925,"0,00% | 0,00% | 0,00% | 0,00% | 0,00% | 0%",,29ddías,702.705,702.705 | 702.705 | 702.705 | 702.705 | 702.705 | 0,Defensa
Aleksandrov,Getafe,0 | 0 | 0 | 0 | 0 | -1.051.581,"0,00% | 0,00% | 0,00% | 0,00% | 0,00% | 0%",,29ddías,602.319,602.319 | 602.319 | 602.319 | 602.319 | 602.319 | 0,Delantero
Selton,Athletic,0 | 0 | 0 | 0 | 0 | -1.051.639,"0,00% | 0,00% | 0,00% | 0,00% | 0,00% | 0%",,29ddías,602.257,602.257 | 602.257 | 602.257 | 602.257 | 602.257 | 0,Mediocampista
Javi Navarro,Real Madrid,0 | 0 | 0 | 0 | 0 | -982.729,"0,00% | 0,00% | 0,00% | 0,00% | 0,00% | 0%",,29ddías,702.622,702.622 | 702.622 | 702.622 | 702.622 | 702.622 | 0,Portero
Beitia,Real Sociedad,0 | 0 | 0 | 0 | 0 | -1.152.035,"0,00% | 0,00% | 0,00% | 0,00% | 0,00% | 0%",,29ddías,501.861,501.861 | 501.861 | 501.861 | 501.861 | 501.861 | 0,Defensa
Lebarbier,Real Sociedad,0 | 0 | 0 | 0 | 0 | -1.056.050,"0,00% | 0,00% | 0,00% | 0,00% | 0,00% | 0%",,29ddías,602.234,602.234 | 602.234 | 602.234 | 602.234 | 602.234 | 0,Defensa
Barry,Villarreal,0 | 0 | 0 | 0 | 0 | -1.058.758,"0,00% | 0,00% | 0,00% | 0,00% | 0,00% | 0%",,29ddías,602.292,602.292 | 602.292 | 602.292 | 602.292 | 602.292 | 0,Mediocampista
Delgado,Elche,0 | 0 | 0 | 0 | 0 | -1.051.575,"0,00% | 0,00% | 0,00% | 0,00% | 0,00% | 0%",,29ddías,602.324,602.324 | 602.324 | 602.324 | 602.324 | 602.324 | 0,Defensa
Álvaro,Alavés,0 | 0 | 0 | 0 | 0 | -1.154.040,"0,00% | 0,00% | 0,00% | 0,00% | 0,00% | 0%",,29ddías,501.929,501.929 | 501.929 | 501.929 | 501.929 | 501.929 | 0,Defensa
Echegoyen,Osasuna,0 | 0 | 0 | 0 | 0 | -1.091.613,"0,00% | 0,00% | 0,00% | 0,00% | 0,00% | 0%",,29ddías,562.286,562.286 | 562.286 | 562.286 | 562.286 | 562.286 | 0,Mediocampista
Niculaesei,Elche,0 | 0 | 0 | 0 | 0 | -850.801,"0,00% | 0,00% | 0,00% | 0,00% | 0,00% | 0%",,29ddías,803.099,803.099 | 803.099 | 803.099 | 803.099 | 803.099 | 0,Defensa
Hierro,Athletic,0 | 0 | 0 | 0 | 0 | -1.051.609,"0,00% | 0,00% | 0,00% | 0,00% | 0,00% | 0%",,29ddías,602.257,602.257 | 602.257 | 602.257 | 602.257 | 602.257 | 0,Delantero
Fortuny,Real Madrid,0 | 0 | 0 | 0 | 0 | -1.086.151,"0,00% | 0,00% | 0,00% | 0,00% | 0,00% | 0%",,29ddías,602.234,602.234 | 602.234 | 602.234 | 602.234 | 602.234 | 0,Mediocampista
Huijsen,Real Madrid,-554.432 | -1.248.000 | -1.937.947 | -3.573.556 | -5.507.289 | -15.760.894,"-1,69% | -3,73% | -5,67% | -9,98% | -14,59% | -32,83%",,32ddías,32.249.458,32.803.890 | 33.497.458 | 34.187.405 | 35.823.014 | 37.756.747 | 48.010.352,Defensa
Ruggeri,Atlético,-136.088 | -189.461 | -237.737 | -547.788 | -1.352.015 | -2.158.757,"-1,87% | -2,58% | -3,22% | -7,12% | -15,91% | -23,20%",,26ddías,7.145.037,7.281.125 | 7.334.498 | 7.382.774 | 7.692.825 | 8.497.052 | 9.303.794,Defensa
Salinas,Málaga,0 | 0 | 0 | 0 | -129.249 | -721.762,"0,00% | 0,00% | 0,00% | 0,00% | -10,78% | -40,28%",,7ddías,1.070.070,1.070.070 | 1.070.070 | 1.070.070 | 1.070.070 | 1.199.319 | 1.791.832,Defensa
Sivera,Alavés,+819.959 | +1.481.727 | +2.235.415 | +5.131.585 | +8.536.792 | +13.508.489,"+3,02% | +5,60% | +8,70% | +22,50% | +44,00% | +93,60%",,30ddías,27.940.683,27.120.724 | 26.458.956 | 25.705.268 | 22.809.098 | 19.403.891 | 14.432.194,Portero
De la Fuente,Levante,0 | 0 | 0 | 0 | 0 | +12.236.692,"0,00% | 0,00% | 0,00% | 0,00% | 0,00% | 0%",,29ddías,14.052.528,14.052.528 | 14.052.528 | 14.052.528 | 14.052.528 | 14.052.528 | 0,Defensa
Aguado,Elche,-16.445 | -47.653 | -73.606 | -221.785 | -656.406 | -2.345.615,"-0,46% | -1,32% | -2,02% | -5,86% | -15,56% | -39,70%",,32ddías,3.563.313,3.579.758 | 3.610.966 | 3.636.919 | 3.785.098 | 4.219.719 | 5.908.928,Mediocampista
Santiago,Elche,-11.808 | -24.511 | -37.239 | -91.490 | -204.725 | -647.540,"-1,85% | -3,77% | -5,61% | -12,75% | -24,64% | -50,84%",,32ddías,626.025,637.833 | 650.536 | 663.264 | 717.515 | 830.750 | 1.273.565,Mediocampista
Á. Núñez,Celta,-71.314 | -148.124 | -229.890 | -569.859 | -1.303.170 | -2.653.091,"-1,69% | -3,45% | -5,26% | -12,09% | -23,93% | -39,03%",,29ddías,4.143.685,4.214.999 | 4.291.809 | 4.373.575 | 4.713.544 | 5.446.855 | 6.796.776,Defensa
Affengruber,Elche,+578.843 | +1.018.038 | +1.676.253 | +4.480.251 | +8.482.282 | +23.532.252,"+1,85% | +3,29% | +5,54% | +16,32% | +36,16% | 0%",,24ddías,31.937.506,31.358.663 | 30.919.468 | 30.261.253 | 27.457.255 | 23.455.224 | 0,Defensa
Febas,Celta,-803.042 | -1.673.498 | -1.673.498 | -1.673.498 | -1.673.498 | +11.948.599,"-3,31% | -6,67% | -6,67% | -6,67% | -6,67% | 0%",,2ddías,23.423.390,24.226.432 | 25.096.888 | 25.096.888 | 25.096.888 | 25.096.888 | 0,Mediocampista
John ChetauyaJohn C.,Elche,-15.393 | -36.152 | -57.268 | -148.724 | -340.137 | -1.036.494,"-1,85% | -4,24% | -6,56% | -15,42% | -29,43% | -55,96%",,32ddías,815.740,831.133 | 851.892 | 873.008 | 964.464 | 1.155.877 | 1.852.234,Defensa
Bambo,Elche,-32.874 | -67.816 | -100.878 | +636.318 | +636.318 | +636.318,"-2,48% | -4,99% | -7,25% | 0% | 0% | 0%",,4ddías,1.290.783,1.323.657 | 1.358.599 | 1.391.661 | 0 | 0 | 0,Defensa
Vencedor,Athletic,0 | 0 | 0 | 0 | 0 | +554.351,"0,00% | 0,00% | 0,00% | 0,00% | 0,00% | 0%",,29ddías,2.208.253,2.208.253 | 2.208.253 | 2.208.253 | 2.208.253 | 2.208.253 | 0,Mediocampista
Youssef,Alavés,-7.274 | -15.255 | -23.062 | -55.496 | -120.827 | -360.950,"-1,39% | -2,87% | -4,27% | -9,69% | -18,94% | -41,10%",,24ddías,517.193,524.467 | 532.448 | 540.255 | 572.689 | 638.020 | 878.143,Defensa
Molina,Rayo,0 | 0 | 0 | 0 | 0 | -1.068.801,"0,00% | 0,00% | 0,00% | 0,00% | 0,00% | 0%",,29ddías,602.234,602.234 | 602.234 | 602.234 | 602.234 | 602.234 | 0,Portero
Jonny,Alavés,-44.949 | -117.659 | -166.629 | -409.749 | -1.197.033 | -3.432.450,"-0,78% | -2,01% | -2,83% | -6,68% | -17,28% | -37,47%",,28ddías,5.728.327,5.773.276 | 5.845.986 | 5.894.956 | 6.138.076 | 6.925.360 | 9.160.777,Defensa
Fran González,Sevilla,0 | 0 | 0 | 0 | 0 | -971.237,"0,00% | 0,00% | 0,00% | 0,00% | 0,00% | 0%",,29ddías,702.622,702.622 | 702.622 | 702.622 | 702.622 | 702.622 | 0,Portero
Mendy,Rayo,0 | 0 | 0 | 0 | 0 | +4.260.641,"0,00% | 0,00% | 0,00% | 0,00% | 0,00% | 0%",,29ddías,6.022.356,6.022.356 | 6.022.356 | 6.022.356 | 6.022.356 | 6.022.356 | 0,Defensa
Ortiz,Betis,0 | 0 | 0 | 0 | 0 | +40.366,"0,00% | 0,00% | 0,00% | 0,00% | 0,00% | 0%",,29ddías,1.706.372,1.706.372 | 1.706.372 | 1.706.372 | 1.706.372 | 1.706.372 | 0,Defensa
Osambela,Osasuna,0 | 0 | 0 | 0 | 0 | -1.151.967,"0,00% | 0,00% | 0,00% | 0,00% | 0,00% | 0%",,29ddías,501.932,501.932 | 501.932 | 501.932 | 501.932 | 501.932 | 0,Mediocampista
Juanpe,Rayo,0 | 0 | 0 | 0 | 0 | -1.097.579,"0,00% | 0,00% | 0,00% | 0,00% | 0,00% | 0%",,29ddías,602.234,602.234 | 602.234 | 602.234 | 602.234 | 602.234 | 0,Portero
Yáñez,Real Madrid,0 | 0 | 0 | 0 | 0 | -951.137,"0,00% | 0,00% | 0,00% | 0,00% | 0,00% | 0%",,29ddías,702.606,702.606 | 702.606 | 702.606 | 702.606 | 702.606 | 0,Delantero
D. Aguado,Real Madrid,0 | 0 | 0 | 0 | 0 | -879.790,"0,00% | 0,00% | 0,00% | 0,00% | 0,00% | 0%",,29ddías,774.109,774.109 | 774.109 | 774.109 | 774.109 | 774.109 | 0,Defensa
Mariezkurrena,Real Sociedad,0 | 0 | 0 | 0 | 0 | -975.968,"0,00% | 0,00% | 0,00% | 0,00% | 0,00% | 0%",,29ddías,677.966,677.966 | 677.966 | 677.966 | 677.966 | 677.966 | 0,Delantero
Arguibide,Osasuna,0 | 0 | 0 | 0 | 0 | -1.072.000,"0,00% | 0,00% | 0,00% | 0,00% | 0,00% | 0%",,29ddías,582.013,582.013 | 582.013 | 582.013 | 582.013 | 582.013 | 0,Defensa
Castrín,Sevilla,0 | 0 | 0 | 0 | 0 | +3.162.071,"0,00% | 0,00% | 0,00% | 0,00% | 0,00% | 0%",,29ddías,4.823.016,4.823.016 | 4.823.016 | 4.823.016 | 4.823.016 | 4.823.016 | 0,Defensa
Rafa,Sevilla,0 | 0 | 0 | 0 | 0 | -1.095.860,"0,00% | 0,00% | 0,00% | 0,00% | 0,00% | 0%",,29ddías,602.257,602.257 | 602.257 | 602.257 | 602.257 | 602.257 | 0,Portero
Diatta,Villarreal,0 | 0 | 0 | 0 | 0 | -1.072.673,"0,00% | 0,00% | 0,00% | 0,00% | 0,00% | 0%",,29ddías,581.656,581.656 | 581.656 | 581.656 | 581.656 | 581.656 | 0,Mediocampista
Swiderski,Alavés,0 | 0 | 0 | 0 | 0 | -1.094.910,"0,00% | 0,00% | 0,00% | 0,00% | 0,00% | 0%",,29ddías,602.316,602.316 | 602.316 | 602.316 | 602.316 | 602.316 | 0,Portero
Pablo García,Betis,0 | 0 | 0 | 0 | 0 | +855.442,"0,00% | 0,00% | 0,00% | 0,00% | 0,00% | 0%",,29ddías,2.509.371,2.509.371 | 2.509.371 | 2.509.371 | 2.509.371 | 2.509.371 | 0,Delantero
Bekhoucha,Getafe,0 | 0 | 0 | 0 | 0 | -549.648,"0,00% | 0,00% | 0,00% | 0,00% | 0,00% | 0%",,29ddías,1.104.254,1.104.254 | 1.104.254 | 1.104.254 | 1.104.254 | 1.104.254 | 0,Defensa
Alexander-Arnold,Real Madrid,-242.062 | -520.765 | -832.270 | -2.097.033 | -5.116.147 | -14.460.321,"-0,95% | -2,02% | -3,20% | -7,68% | -16,87% | -36,45%",,32ddías,25.215.348,25.457.410 | 25.736.113 | 26.047.618 | 27.312.381 | 30.331.495 | 39.675.669,Defensa
Almada,Atlético,-164.160 | -320.860 | -487.681 | -1.089.432 | -2.221.060 | -4.022.105,"-2,61% | -4,98% | -7,38% | -15,11% | -26,63% | -39,66%",,26ddías,6.120.310,6.284.470 | 6.441.170 | 6.607.991 | 7.209.742 | 8.341.370 | 10.142.415,Mediocampista
Rueda,Celta,+5.849 | -2.140 | -8.761 | -107.859 | -405.603 | -1.389.722,"+0,16% | -0,06% | -0,24% | -2,87% | -9,99% | -27,55%",,1ddías,3.655.451,3.649.602 | 3.657.591 | 3.664.212 | 3.763.310 | 4.061.054 | 5.045.173,Defensa
Redondo,Elche,-26.174 | -55.027 | -83.003 | -203.949 | -456.854 | -1.317.460,"-2,48% | -5,08% | -7,47% | -16,54% | -30,75% | -56,15%",,32ddías,1.028.872,1.055.046 | 1.083.899 | 1.111.875 | 1.232.821 | 1.485.726 | 2.346.332,Mediocampista
Radu,Celta,+597.533 | +1.239.844 | +2.015.045 | +5.375.114 | +10.123.718 | +18.643.195,"+1,57% | +3,31% | +5,49% | +16,11% | +35,39% | +92,80%",,31ddías,38.733.737,38.136.204 | 37.493.893 | 36.718.692 | 33.358.623 | 28.610.019 | 20.090.542,Portero
Becerra,Rayo,0 | 0 | 0 | 0 | 0 | -1.072.199,"0,00% | 0,00% | 0,00% | 0,00% | 0,00% | 0%",,29ddías,581.700,581.700 | 581.700 | 581.700 | 581.700 | 581.700 | 0,Mediocampista
Vertrouwd,Rayo,0 | 0 | 0 | 0 | 0 | -652.295,"0,00% | 0,00% | 0,00% | 0,00% | 0,00% | 0%",,29ddías,1.003.725,1.003.725 | 1.003.725 | 1.003.725 | 1.003.725 | 1.003.725 | 0,Defensa
Primo,Levante,0 | 0 | 0 | 0 | 0 | -580.673,"0,00% | 0,00% | 0,00% | 0,00% | 0,00% | 0%",,29ddías,1.104.126,1.104.126 | 1.104.126 | 1.104.126 | 1.104.126 | 1.104.126 | 0,Portero
Cortés,Levante,0 | 0 | 0 | 0 | 0 | -850.900,"0,00% | 0,00% | 0,00% | 0,00% | 0,00% | 0%",,29ddías,803.000,803.000 | 803.000 | 803.000 | 803.000 | 803.000 | 0,Delantero
Toljan,Levante,-25.334 | -61.410 | -101.168 | -321.344 | -920.745 | -2.912.913,"-0,54% | -1,30% | -2,13% | -6,46% | -16,51% | -38,48%",,30ddías,4.656.446,4.681.780 | 4.717.856 | 4.757.614 | 4.977.790 | 5.577.191 | 7.569.359,Defensa
Pablo CamposCuñat Campos,Levante,-15.218 | -35.416 | -53.423 | -23.190 | +316 | -542.363,"-1,22% | -2,80% | -4,16% | -1,85% | +0,03% | -30,59%",,5ddías,1.230.852,1.246.070 | 1.266.268 | 1.284.275 | 1.254.042 | 1.230.536 | 1.773.215,Portero
Víctor García,Levante,-58.772 | -126.439 | -193.590 | -483.996 | -1.087.871 | -3.025.018,"-2,43% | -5,08% | -7,57% | -17,00% | -31,53% | -56,15%",,32ddías,2.362.680,2.421.452 | 2.489.119 | 2.556.270 | 2.846.676 | 3.450.551 | 5.387.698,Defensa
Joselu,Getafe,0 | 0 | 0 | 0 | 0 | -1.051.580,"0,00% | 0,00% | 0,00% | 0,00% | 0,00% | 0%",,29ddías,602.319,602.319 | 602.319 | 602.319 | 602.319 | 602.319 | 0,Delantero
Manu Fernández,Celta,-3.402 | -7.348 | -10.954 | -24.757 | -49.183 | -164.782,"-0,80% | -1,70% | -2,52% | -5,51% | -10,39% | -27,97%",,32ddías,424.263,427.665 | 431.611 | 435.217 | 449.020 | 473.446 | 589.045,Defensa
Torrents,Barcelona,0 | 0 | 0 | 0 | 0 | -1.055.288,"0,00% | 0,00% | 0,00% | 0,00% | 0,00% | 0%",,29ddías,602.319,602.319 | 602.319 | 602.319 | 602.319 | 602.319 | 0,Defensa
Esquivel,Atlético,0 | 0 | 0 | 0 | 0 | -1.092.478,"0,00% | 0,00% | 0,00% | 0,00% | 0,00% | 0%",,29ddías,602.292,602.292 | 602.292 | 602.292 | 602.292 | 602.292 | 0,Portero
Rego,Athletic,0 | 0 | 0 | 0 | 0 | +3.363.904,"0,00% | 0,00% | 0,00% | 0,00% | 0,00% | 0%",,29ddías,5.018.825,5.018.825 | 5.018.825 | 5.018.825 | 5.018.825 | 5.018.825 | 0,Defensa
Pinillos,Alavés,0 | 0 | 0 | 0 | 0 | -1.151.970,"0,00% | 0,00% | 0,00% | 0,00% | 0,00% | 0%",,29ddías,501.929,501.929 | 501.929 | 501.929 | 501.929 | 501.929 | 0,Mediocampista
Bigas,Elche,-137.408 | -289.025 | -430.811 | -1.066.296 | -1.844.649 | -3.184.529,"-2,14% | -4,40% | -6,43% | -14,53% | -22,73% | -33,67%",,27ddías,6.272.525,6.409.933 | 6.561.550 | 6.703.336 | 7.338.821 | 8.117.174 | 9.457.054,Defensa
Luiz Felipe,Rayo,0 | 0 | 0 | 0 | 0 | +2.461.343,"0,00% | 0,00% | 0,00% | 0,00% | 0,00% | 0%",,29ddías,4.115.277,4.115.277 | 4.115.277 | 4.115.277 | 4.115.277 | 4.115.277 | 0,Defensa
Junior,Betis,-95.681 | -196.746 | -297.480 | -707.901 | -1.553.458 | -3.859.022,"-2,31% | -4,63% | -6,83% | -14,86% | -27,70% | -48,76%",,32ddías,4.055.055,4.150.736 | 4.251.801 | 4.352.535 | 4.762.956 | 5.608.513 | 7.914.077,Defensa
Hancko,Atlético,+626.254 | +1.039.710 | +1.371.394 | +1.353.285 | -586.202 | -8.073.227,"+1,99% | +3,35% | +4,46% | +4,40% | -1,79% | -20,09%",,4ddías,32.120.810,31.494.556 | 31.081.100 | 30.749.416 | 30.767.525 | 32.707.012 | 40.194.037,Defensa
Fortea,Real Madrid,0 | 0 | 0 | 0 | 0 | -851.800,"0,00% | 0,00% | 0,00% | 0,00% | 0,00% | 0%",,29ddías,802.099,802.099 | 802.099 | 802.099 | 802.099 | 802.099 | 0,Defensa
Jutglà,Celta,-64.378 | -143.418 | -184.024 | -361.761 | -1.284.875 | -3.889.063,"-0,70% | -1,54% | -1,97% | -3,79% | -12,29% | -29,77%",,28ddías,9.173.867,9.238.245 | 9.317.285 | 9.357.891 | 9.535.628 | 10.458.742 | 13.062.930,Delantero
Martim Neto,Elche,-31.753 | -60.688 | -92.084 | -231.609 | -369.112 | -1.145.248,"-1,69% | -3,19% | -4,76% | -11,17% | -16,69% | -38,33%",,32ddías,1.842.737,1.874.490 | 1.903.425 | 1.934.821 | 2.074.346 | 2.211.849 | 2.987.985,Mediocampista
Valentín Gómez,Betis,-38.336 | -80.805 | -125.069 | -299.075 | -663.158 | -1.909.535,"-1,85% | -3,82% | -5,80% | -12,83% | -24,60% | -48,44%",,32ddías,2.032.809,2.071.145 | 2.113.614 | 2.157.878 | 2.331.884 | 2.695.967 | 3.942.344,Defensa
Deossa,Betis,+9.463 | -28.079 | -68.043 | -233.360 | -626.229 | -2.007.995,"+0,52% | -1,51% | -3,59% | -11,32% | -25,51% | -52,34%",,1ddías,1.828.569,1.819.106 | 1.856.648 | 1.896.612 | 2.061.929 | 2.454.798 | 3.836.564,Mediocampista
Dituro,Elche,+19.369 | -19.324 | +1.945 | -158.576 | -452.328 | -1.405.917,"+0,30% | -0,29% | +0,03% | -2,35% | -6,44% | -17,61%",,1ddías,6.575.598,6.556.229 | 6.594.922 | 6.573.653 | 6.734.174 | 7.027.926 | 7.981.515,Portero
Ugrinic,Valencia,-104.633 | -213.465 | -325.927 | -796.670 | -1.702.053 | -4.363.919,"-2,41% | -4,80% | -7,14% | -15,83% | -28,66% | -50,74%",,30ddías,4.235.847,4.340.480 | 4.449.312 | 4.561.774 | 5.032.517 | 5.937.900 | 8.599.766,Mediocampista
Dolan,Espanyol,-71.989 | -141.989 | -217.959 | -584.578 | -1.262.657 | -2.320.875,"-1,12% | -2,19% | -3,33% | -8,46% | -16,64% | -26,84%",,25ddías,6.327.330,6.399.319 | 6.469.319 | 6.545.289 | 6.911.908 | 7.589.987 | 8.648.205,Delantero
Roger BruguéBrugui,Levante,-76.717 | -156.596 | -237.253 | -589.216 | -1.309.095 | -3.764.338,"-2,62% | -5,21% | -7,68% | -17,13% | -31,47% | -56,91%",,33ddías,2.850.703,2.927.420 | 3.007.299 | 3.087.956 | 3.439.919 | 4.159.798 | 6.615.041,Delantero
Jorge Cabello,Levante,-28.204 | -57.987 | -88.503 | -221.430 | +442.630 | +442.630,"-2,69% | -5,38% | -7,99% | -17,84% | 0% | 0%",,9ddías,1.019.506,1.047.710 | 1.077.493 | 1.108.009 | 1.240.936 | 0 | 0,Defensa
C. Álvarez,Levante,+253.785 | +479.961 | +833.757 | +2.230.664 | +4.791.700 | +10.245.883,"+1,40% | +2,68% | +4,74% | +13,78% | +35,16% | +125,32%",,31ddías,18.421.699,18.167.914 | 17.941.738 | 17.587.942 | 16.191.035 | 13.629.999 | 8.175.816,Mediocampista
Oriol Rey,Levante,-21.474 | -44.151 | -67.363 | -166.307 | -372.082 | -1.091.874,"-2,44% | -4,89% | -7,28% | -16,24% | -30,25% | -56,00%",,32ddías,858.006,879.480 | 902.157 | 925.369 | 1.024.313 | 1.230.088 | 1.949.880,Mediocampista
Gorrotxategi,Real Sociedad,-209.469 | -437.843 | -596.309 | -994.418 | -1.741.610 | -993.837,"-2,58% | -5,25% | -7,02% | -11,18% | -18,07% | -11,18%",,25ddías,7.896.969,8.106.438 | 8.334.812 | 8.493.278 | 8.891.387 | 9.638.579 | 8.890.806,Mediocampista
Aitor Mañas,Alavés,0 | 0 | 0 | 0 | 0 | -1.091.655,"0,00% | 0,00% | 0,00% | 0,00% | 0,00% | 0%",,29ddías,562.164,562.164 | 562.164 | 562.164 | 562.164 | 562.164 | 0,Delantero
Dani Martínez,Atlético,-3.582 | -7.717 | -11.518 | -26.188 | -45.982 | -160.455,"-0,83% | -1,77% | -2,62% | -5,76% | -9,69% | -27,24%",,12ddías,428.590,432.172 | 436.307 | 440.108 | 454.778 | 474.572 | 589.045,Defensa
Niño,Málaga,-14.188 | -36.828 | -57.010 | -129.863 | -379.739 | -1.152.522,"-0,51% | -1,30% | -2,00% | -4,45% | -11,98% | -29,24%",,32ddías,2.789.600,2.803.788 | 2.826.428 | 2.846.610 | 2.919.463 | 3.169.339 | 3.942.122,Delantero
Hernando,Racing,-13.548 | -27.440 | -38.150 | -86.215 | -312.030 | -1.457.805,"-0,69% | -1,38% | -1,91% | -4,21% | -13,71% | -42,61%",,32ddías,1.963.230,1.976.778 | 1.990.670 | 2.001.380 | 2.049.445 | 2.275.260 | 3.421.035,Defensa
Diego Diaz,Racing,0 | 0 | 0 | 0 | 0 | +660,"0,00% | 0,00% | 0,00% | 0,00% | 0,00% | 0%",,28ddías,602.234,602.234 | 602.234 | 602.234 | 602.234 | 602.234 | 0,Delantero
Santi Franco,Racing,0 | 0 | 0 | 0 | 0 | +770,"0,00% | 0,00% | 0,00% | 0,00% | 0,00% | 0%",,28ddías,702.606,702.606 | 702.606 | 702.606 | 702.606 | 702.606 | 0,Delantero
Canales,Racing,0 | 0 | 0 | 0 | 0 | +11.008,"0,00% | 0,00% | 0,00% | 0,00% | 0,00% | 0%",,28ddías,10.037.262,10.037.262 | 10.037.262 | 10.037.262 | 10.037.262 | 10.037.262 | 0,Delantero
Guliashvili,Racing,-86.551 | -175.202 | -267.328 | -655.299 | -1.441.930 | -3.709.731,"-3,14% | -6,16% | -9,10% | -19,70% | -35,06% | -58,14%",,32ddías,2.671.224,2.757.775 | 2.846.426 | 2.938.552 | 3.326.523 | 4.113.154 | 6.380.955,Delantero
Arana,Racing,-15.272 | -28.141 | -39.055 | -85.391 | -185.726 | -580.174,"-1,70% | -3,08% | -4,23% | -8,81% | -17,36% | -39,62%",,32ddías,884.188,899.460 | 912.329 | 923.243 | 969.579 | 1.069.914 | 1.464.362,Delantero
Iñigo Vicente,Racing,-161.422 | -341.420 | -417.170 | -922.401 | -2.651.223 | -6.656.337,"-0,84% | -1,77% | -2,15% | -4,63% | -12,25% | -25,96%",,28ddías,18.987.154,19.148.576 | 19.328.574 | 19.404.324 | 19.909.555 | 21.638.377 | 25.643.491,Delantero
Solórzano,Racing,0 | 0 | 0 | 0 | 0 | +660,"0,00% | 0,00% | 0,00% | 0,00% | 0,00% | 0%",,28ddías,602.234,602.234 | 602.234 | 602.234 | 602.234 | 602.234 | 0,Mediocampista
Puerta,Racing,+211.368 | +314.878 | +453.406 | +1.446.918 | +1.839.104 | +442.841,"+1,93% | +2,91% | +4,24% | +14,93% | +19,78% | +4,14%",,11ddías,11.136.373,10.925.005 | 10.821.495 | 10.682.967 | 9.689.455 | 9.297.269 | 10.693.532,Mediocampista
Sergio Martínez,Racing,0 | 0 | 0 | 0 | 0 | +770,"0,00% | 0,00% | 0,00% | 0,00% | 0,00% | 0%",,28ddías,702.606,702.606 | 702.606 | 702.606 | 702.606 | 702.606 | 0,Mediocampista
Gueye,Racing,-55.828 | -122.593 | -182.563 | -425.441 | -973.319 | -2.639.048,"-1,25% | -2,71% | -3,99% | -8,82% | -18,13% | -37,52%",,28ddías,4.395.459,4.451.287 | 4.518.052 | 4.578.022 | 4.820.900 | 5.368.778 | 7.034.507,Mediocampista
Crespo,Racing,0 | 0 | 0 | 0 | 0 | +880,"0,00% | 0,00% | 0,00% | 0,00% | 0,00% | 0%",,28ddías,802.979,802.979 | 802.979 | 802.979 | 802.979 | 802.979 | 0,Defensa
Facundo GonzálezFacu González,Racing,-21.465 | -41.497 | -55.965 | -247.670 | -367.387 | -363.535,"-0,68% | -1,30% | -1,75% | -7,30% | -10,46% | 0%",,8ddías,3.145.653,3.167.118 | 3.187.150 | 3.201.618 | 3.393.323 | 3.513.040 | 0,Defensa
Carlos Sánchez,Racing,0 | 0 | 0 | 0 | 0 | +770,"0,00% | 0,00% | 0,00% | 0,00% | 0,00% | 0%",,28ddías,702.606,702.606 | 702.606 | 702.606 | 702.606 | 702.606 | 0,Defensa
Salinas,Racing,0 | 0 | 0 | 0 | 0 | +6.604,"0,00% | 0,00% | 0,00% | 0,00% | 0,00% | 0%",,28ddías,6.022.356,6.022.356 | 6.022.356 | 6.022.356 | 6.022.356 | 6.022.356 | 0,Defensa
Sainz-Maza,Racing,-21.534 | -45.992 | -69.050 | -161.423 | -354.896 | -1.039.278,"-2,32% | -4,83% | -7,08% | -15,12% | -28,14% | -53,42%",,32ddías,906.325,927.859 | 952.317 | 975.375 | 1.067.748 | 1.261.221 | 1.945.603,Defensa
Vallecillo,Racing,0 | 0 | 0 | 0 | 0 | +743,"0,00% | 0,00% | 0,00% | 0,00% | 0,00% | 0%",,24ddías,677.940,677.940 | 677.940 | 677.940 | 677.940 | 677.940 | 0,Mediocampista
Juanpe,Málaga,0 | 0 | 0 | 0 | 0 | +638,"0,00% | 0,00% | 0,00% | 0,00% | 0,00% | 0%",,28ddías,581.931,581.931 | 581.931 | 581.931 | 581.931 | 581.931 | 0,Mediocampista
Moussa,Málaga,0 | 0 | 0 | 0 | 0 | +449,"0,00% | 0,00% | 0,00% | 0,00% | 0,00% | 0%",,28ddías,401.498,401.498 | 401.498 | 401.498 | 401.498 | 401.498 | 0,Defensa
Merino,Málaga,-61.722 | -146.407 | -223.902 | -545.493 | -1.213.154 | -3.188.551,"-0,89% | -2,09% | -3,17% | -7,38% | -15,05% | -31,77%",,28ddías,6.848.484,6.910.206 | 6.994.891 | 7.072.386 | 7.393.977 | 8.061.638 | 10.037.035,Mediocampista
Lorenzo,Málaga,+115.223 | +277.059 | +436.538 | +695.410 | +494.896 | -1.857.600,"+1,29% | +3,17% | +5,08% | +8,34% | +5,80% | -17,06%",,7ddías,9.029.641,8.914.418 | 8.752.582 | 8.593.103 | 8.334.231 | 8.534.745 | 10.887.241,Mediocampista
Rafa Rodríguez,Málaga,0 | 0 | 0 | 0 | 0 | +6.876,"0,00% | 0,00% | 0,00% | 0,00% | 0,00% | 0%",,28ddías,6.270.426,6.270.426 | 6.270.426 | 6.270.426 | 6.270.426 | 6.270.426 | 0,Mediocampista
Ochoa,Málaga,0 | 0 | 0 | 0 | 0 | +3.852,"0,00% | 0,00% | 0,00% | 0,00% | 0,00% | 0%",,28ddías,3.513.040,3.513.040 | 3.513.040 | 3.513.040 | 3.513.040 | 3.513.040 | 0,Mediocampista
Enríquez,Málaga,-22.150 | -46.495 | -69.062 | -164.178 | -338.067 | -1.007.950,"-2,30% | -4,71% | -6,83% | -14,85% | -26,42% | -51,71%",,32ddías,941.420,963.570 | 987.915 | 1.010.482 | 1.105.598 | 1.279.487 | 1.949.370,Mediocampista
Joaquín,Málaga,-148.780 | -329.590 | -491.825 | -1.089.506 | -2.285.481 | -6.164.141,"-1,88% | -4,06% | -5,95% | -12,29% | -22,71% | -44,21%",,32ddías,7.778.461,7.927.241 | 8.108.051 | 8.270.286 | 8.867.967 | 10.063.942 | 13.942.602,Delantero
Mantilla,Racing,+39.508 | +83.003 | +128.259 | +240.366 | +236.964 | -548.842,"+1,68% | +3,60% | +5,67% | +11,17% | +11,00% | -18,66%",,9ddías,2.391.739,2.352.231 | 2.308.736 | 2.263.480 | 2.151.373 | 2.154.775 | 2.940.581,Defensa
Lobete,Málaga,-23.657 | -49.935 | -75.502 | -182.369 | -385.480 | -1.028.677,"-2,44% | -5,02% | -7,40% | -16,19% | -28,99% | -52,14%",,32ddías,944.121,967.778 | 994.056 | 1.019.623 | 1.126.490 | 1.329.601 | 1.972.798,Delantero
Jauregi,Málaga,0 | 0 | 0 | 0 | 0 | +1.706,"0,00% | 0,00% | 0,00% | 0,00% | 0,00% | 0%",,28ddías,1.555.774,1.555.774 | 1.555.774 | 1.555.774 | 1.555.774 | 1.555.774 | 0,Delantero
Haitam,Málaga,-4.585 | -9.764 | -14.654 | -34.152 | -71.083 | -232.737,"-1,00% | -2,11% | -3,14% | -7,02% | -13,57% | -33,96%",,32ddías,452.673,457.258 | 462.437 | 467.327 | 486.825 | 523.756 | 685.410,Delantero
Jiménez,Racing,0 | 0 | 0 | 0 | 0 | +660,"0,00% | 0,00% | 0,00% | 0,00% | 0,00% | 0%",,28ddías,602.234,602.234 | 602.234 | 602.234 | 602.234 | 602.234 | 0,Portero
Eriksson,Racing,+50.277 | +112.935 | +170.393 | +404.797 | +505.895 | -191.365,"+1,84% | +4,23% | +6,52% | +17,03% | +22,23% | -6,44%",,11ddías,2.782.007,2.731.730 | 2.669.072 | 2.611.614 | 2.377.210 | 2.276.112 | 2.973.372,Portero
Laro Gómez,Racing,0 | 0 | 0 | 0 | 0 | +660,"0,00% | 0,00% | 0,00% | 0,00% | 0,00% | 0%",,28ddías,602.234,602.234 | 602.234 | 602.234 | 602.234 | 602.234 | 0,Portero
Santaella,Málaga,0 | 0 | 0 | 0 | 0 | +449,"0,00% | 0,00% | 0,00% | 0,00% | 0,00% | 0%",,24ddías,401.498,401.498 | 401.498 | 401.498 | 401.498 | 401.498 | 0,Defensa
Chupete,Málaga,+1.346.662 | +2.464.869 | +3.729.654 | +9.188.695 | +18.741.828 | 0,"+2,76% | +5,17% | +8,03% | +22,43% | +59,65% | 0%",,23ddías,50.160.248,48.813.586 | 47.695.379 | 46.430.594 | 40.971.553 | 31.418.420 | 0,Delantero
Pastor,Málaga,0 | 0 | 0 | 0 | 0 | +435,"0,00% | 0,00% | 0,00% | 0,00% | 0,00% | 0%",,28ddías,389.116,389.116 | 389.116 | 389.116 | 389.116 | 389.116 | 0,Defensa
Manuel Pellegrini,Betis,-116.242 | -323.239 | -539.159 | -1.458.862 | -3.548.982 | -1.222.955,"-1,97% | -5,28% | -8,51% | -20,11% | -37,98% | 0%",,14ddías,5.795.422,5.911.664 | 6.118.661 | 6.334.581 | 7.254.284 | 9.344.404 | 0,
Carlos Corberán,Valencia,-20.294 | -42.082 | -64.272 | -160.487 | -365.854 | -66.795,"-2,37% | -4,79% | -7,14% | -16,11% | -30,45% | 0%",,14ddías,835.566,855.860 | 877.648 | 899.838 | 996.053 | 1.201.420 | 0,
Luis García,Sevilla,-30.771 | -63.228 | -96.531 | -242.024 | +13.197 | +279.026,"-2,77% | -5,53% | -8,20% | -18,29% | +1,24% | 0%",,11ddías,1.081.125,1.111.896 | 1.144.353 | 1.177.656 | 1.323.149 | 1.067.928 | 0,
Pellegrino Matarazzo,Real Sociedad,-192.749 | -406.949 | -625.731 | -1.575.574 | -1.341.032 | +320.416,"-3,49% | -7,09% | -10,50% | -22,80% | -20,09% | 0%",,12ddías,5.333.542,5.526.291 | 5.740.491 | 5.959.273 | 6.909.116 | 6.674.574 | 0,
José Mourinho,Real Madrid,-679.006 | -1.380.087 | -2.104.835 | -5.371.178 | +3.653.552 | 0,"-3,55% | -6,96% | -10,24% | -22,55% | +24,70% | 0%",,9ddías,18.447.104,19.126.110 | 19.827.191 | 20.551.939 | 23.818.282 | 14.793.552 | 0,
Beñat San José,Rayo,-76.243 | -156.065 | -238.708 | -602.994 | +841.024 | 0,"-3,39% | -6,70% | -9,90% | -21,73% | +63,17% | 0%",,7ddías,2.172.442,2.248.685 | 2.328.507 | 2.411.150 | 2.775.436 | 1.331.418 | 0,
José Alberto López,Racing,-36.909 | -75.760 | -115.723 | -290.750 | +160.511 | +426.340,"-2,92% | -5,81% | -8,61% | -19,14% | +15,03% | 0%",,10ddías,1.228.439,1.265.348 | 1.304.199 | 1.344.162 | 1.519.189 | 1.067.928 | 0,
Luis Miguel Ramis,Osasuna,-65.644 | -134.426 | -205.568 | -518.857 | +586.658 | 0,"-3,31% | -6,55% | -9,68% | -21,29% | +44,06% | 0%",,8ddías,1.918.076,1.983.720 | 2.052.502 | 2.123.644 | 2.436.933 | 1.331.418 | 0,
Juan Funes,Málaga,-56.345 | -115.441 | -176.494 | -445.041 | +359.993 | +692.281,"-3,22% | -6,38% | -9,43% | -20,80% | +26,97% | 0%",,9ddías,1.694.906,1.751.251 | 1.810.347 | 1.871.400 | 2.139.947 | 1.334.913 | 0,
Luis Castro,Levante,-55.434 | -113.580 | -173.644 | -437.805 | -329.338 | +169.094,"-3,21% | -6,36% | -9,40% | -20,74% | -16,45% | 0%",,12ddías,1.673.031,1.728.465 | 1.786.611 | 1.846.675 | 2.110.836 | 2.002.369 | 0,
Pepe Bordalás,Getafe,-2.518.607 | -8.584.495 | -8.584.495 | +7.906.091 | +56.606.600 | +56.095.235,"-3,96% | -12,32% | -12,32% | +14,86% | +1.257,43% | 0%",,2ddías,61.108.361,63.626.968 | 69.692.856 | 69.692.856 | 53.202.270 | 4.501.761 | 0,
Manolo González,Espanyol,-45.596 | -94.567 | -145.072 | -366.848 | -539.721 | -41.289,"-3,02% | -6,07% | -9,02% | -20,05% | -26,95% | 0%",,13ddías,1.462.648,1.508.244 | 1.557.215 | 1.607.720 | 1.829.496 | 2.002.369 | 0,
Martín Anselmi,Elche,-76.243 | -156.065 | -238.708 | -602.994 | +841.024 | 0,"-3,39% | -6,70% | -9,90% | -21,73% | +63,17% | 0%",,7ddías,2.172.442,2.248.685 | 2.328.507 | 2.411.150 | 2.775.436 | 1.331.418 | 0,
Antonio Hidalgo,Deportivo,-77.422 | -158.473 | -242.395 | -612.357 | +198.389 | +696.821,"-3,40% | -6,72% | -9,92% | -21,77% | +9,91% | 0%",,10ddías,2.200.758,2.278.180 | 2.359.231 | 2.443.153 | 2.813.115 | 2.002.369 | 0,
Claudio Giráldez,Celta,+13.802 | -96.439 | -209.385 | -712.666 | -1.852.225 | -1.787.645,"+0,43% | -2,90% | -6,10% | -18,10% | -36,48% | 0%",,1ddías,3.225.481,3.211.679 | 3.321.920 | 3.434.866 | 3.938.147 | 5.077.706 | 0,
Hansi Flick,Barcelona,+185.991 | -138.625 | -463.513 | -1.992.143 | -5.246.987 | -2.698.960,"+1,53% | -1,11% | -3,62% | -13,90% | -29,83% | 0%",,1ddías,12.340.422,12.154.431 | 12.479.047 | 12.803.935 | 14.332.565 | 17.587.409 | 0,
Larrubia,Málaga,+1.242.174 | +2.507.992 | +3.725.017 | +9.497.100 | +18.786.784 | 0,"+2,43% | +5,02% | +7,64% | +22,11% | +55,80% | 0%",,22ddías,52.451.996,51.209.822 | 49.944.004 | 48.726.979 | 42.954.896 | 33.665.212 | 0,Mediocampista
Calatrava,Espanyol,+45.666 | +99.623 | +150.017 | +247.979 | 0 | 0,"+1,34% | +2,97% | +4,55% | +7,74% | 0% | 0%",,7ddías,3.449.796,3.404.130 | 3.350.173 | 3.299.779 | 3.201.817 | 0 | 0,Delantero
Yeremay,Deportivo,+414.947 | +932.332 | +1.827.506 | +6.790.677 | +20.380.263 | 0,"+0,71% | +1,61% | +3,20% | +13,03% | +52,90% | 0%",,20ddías,58.908.481,58.493.534 | 57.976.149 | 57.080.975 | 52.117.804 | 38.528.218 | 0,Delantero
Dumfries,Real Madrid,+601.223 | +1.296.900 | +2.413.675 | +7.741.939 | +17.690.879 | 0,"+0,92% | +2,00% | +3,79% | +13,26% | +36,51% | 0%",,19ddías,66.142.371,65.541.148 | 64.845.471 | 63.728.696 | 58.400.432 | 48.451.492 | 0,Defensa
Hartman,Espanyol,-152.073 | -344.908 | -522.137 | -1.383.984 | -3.193.079 | 0,"-1,47% | -3,28% | -4,88% | -11,98% | -23,90% | 0%",,16ddías,10.168.844,10.320.917 | 10.513.752 | 10.690.981 | 11.552.828 | 13.361.923 | 0,Defensa
Cucurella,Real Madrid,+2.894.312 | +5.493.964 | +8.495.326 | +20.870.524 | 0 | 0,"+4,00% | +7,87% | +12,72% | +38,37% | 0% | 0%",,10ddías,75.265.340,72.371.028 | 69.771.376 | 66.770.014 | 54.394.816 | 0 | 0,Defensa
Konaté,Real Madrid,+1.643.564 | +2.980.482 | +4.664.491 | +10.926.490 | 0 | 0,"+4,15% | +7,79% | +12,76% | +36,07% | 0% | 0%",,9ddías,41.220.989,39.577.425 | 38.240.507 | 36.556.498 | 30.294.499 | 0 | 0,Defensa
Aubameyang,Deportivo,+1.466.637 | +2.613.171 | +3.947.370 | +8.932.248 | 0 | 0,"+7,14% | +13,47% | +21,85% | +68,27% | 0% | 0%",,8ddías,22.015.358,20.548.721 | 19.402.187 | 18.067.988 | 13.083.110 | 0 | 0,Delantero
Hjulmand,Atlético,-208.035 | -505.397 | -770.652 | -3.035.142 | 0 | 0,"-0,62% | -1,50% | -2,27% | -8,36% | 0% | 0%",,7ddías,33.253.342,33.461.377 | 33.758.739 | 34.023.994 | 36.288.484 | 0 | 0,Mediocampista
Diego Simeone,Atlético,-19.076 | -257.927 | -515.862 | -1.635.154 | -4.114.426 | -2.465.708,"-0,25% | -3,30% | -6,39% | -17,78% | -35,24% | 0%",,15ddías,7.560.546,7.579.622 | 7.818.473 | 8.076.408 | 9.195.700 | 11.674.972 | 0,
Bernardo Silva,Real Madrid,+1.271.380 | +2.134.933 | +2.435.794 | 0 | 0 | 0,"+3,19% | +5,48% | +6,30% | 0% | 0% | 0%",,3ddías,41.080.070,39.808.690 | 38.945.137 | 38.644.276 | 0 | 0 | 0,Mediocampista
Amatucci,Deportivo,-416.489 | 0 | 0 | 0 | 0 | 0,"-3,31% | 0% | 0% | 0% | 0% | 0%",,1ddías,12.155.251,12.571.740 | 0 | 0 | 0 | 0 | 0,Mediocampista
De Haas,Valencia,-289.892 | 0 | 0 | 0 | 0 | 0,"-3,31% | 0% | 0% | 0% | 0% | 0%",,1ddías,8.455.666,8.745.558 | 0 | 0 | 0 | 0 | 0,Defensa
Dieng,Valencia,-188.430 | 0 | 0 | 0 | 0 | 0,"-3,31% | 0% | 0% | 0% | 0% | 0%",,1ddías,5.496.183,5.684.613 | 0 | 0 | 0 | 0 | 0,Mediocampista
Quique Sánchez,Alavés,-30.771 | -63.228 | -96.531 | -242.024 | +13.197 | +279.026,"-2,77% | -5,53% | -8,20% | -18,29% | +1,24% | 0%",,11ddías,1.081.125,1.111.896 | 1.144.353 | 1.177.656 | 1.323.149 | 1.067.928 | 0,
Edin Terzic,Athletic,-445.044 | -909.035 | -1.389.691 | -3.528.127 | +3.035.166 | 0,"-3,88% | -7,62% | -11,20% | -24,25% | +37,99% | 0%",,8ddías,11.023.682,11.468.726 | 11.932.717 | 12.413.373 | 14.551.809 | 7.988.516 | 0,
Arriaza,Málaga,0 | 0 | 0 | 0 | 0 | +449,"0,00% | 0,00% | 0,00% | 0,00% | 0,00% | 0%",,28ddías,401.498,401.498 | 401.498 | 401.498 | 401.498 | 401.498 | 0,Defensa
Recio,Málaga,0 | 0 | 0 | 0 | 0 | +842,"0,00% | 0,00% | 0,00% | 0,00% | 0,00% | 0%",,28ddías,752.810,752.810 | 752.810 | 752.810 | 752.810 | 752.810 | 0,Defensa
Boñar,Atlético,-5.106 | -10.829 | -16.284 | -38.288 | -77.121 | -220.238,"-1,09% | -2,27% | -3,38% | -7,60% | -14,22% | -32,13%",,26ddías,465.172,470.278 | 476.001 | 481.456 | 503.460 | 542.293 | 685.410,Defensa
A. Riquelme,Getafe,0 | 0 | 0 | 0 | 0 | -1.051.299,"0,00% | 0,00% | 0,00% | 0,00% | 0,00% | 0%",,29ddías,602.324,602.324 | 602.324 | 602.324 | 602.324 | 602.324 | 0,Mediocampista
Lamini Fati,Real Madrid,0 | 0 | 0 | 0 | 0 | -980.812,"0,00% | 0,00% | 0,00% | 0,00% | 0,00% | 0%",,29ddías,677.955,677.955 | 677.955 | 677.955 | 677.955 | 677.955 | 0,Defensa
Sangaré,Elche,0 | 0 | 0 | 0 | 0 | +2.358.751,"0,00% | 0,00% | 0,00% | 0,00% | 0,00% | 0%",,29ddías,4.015.501,4.015.501 | 4.015.501 | 4.015.501 | 4.015.501 | 4.015.501 | 0,Defensa
Vecino,Celta,-69.218 | -141.655 | -217.417 | -537.939 | -1.204.730 | -3.437.685,"-2,70% | -5,37% | -8,01% | -17,73% | -32,56% | -57,94%",,32ddías,2.495.671,2.564.889 | 2.637.326 | 2.713.088 | 3.033.610 | 3.700.401 | 5.933.356,Mediocampista
Vargas,Atlético,-24.716 | -49.891 | -75.140 | -177.788 | -402.756 | -1.082.430,"-2,47% | -4,87% | -7,16% | -15,43% | -29,24% | -52,63%",,32ddías,974.425,999.141 | 1.024.316 | 1.049.565 | 1.152.213 | 1.377.181 | 2.056.855,Mediocampista
Lookman,Atlético,+1.578.270 | +3.262.816 | +4.972.737 | +12.779.215 | +23.347.261 | +41.223.151,"+2,17% | +4,59% | +7,17% | +20,76% | +45,78% | 0%",,19ddías,74.344.416,72.766.146 | 71.081.600 | 69.371.679 | 61.565.201 | 50.997.155 | 0,Delantero
Tete Morente,Elche,-60.641 | -123.875 | -187.117 | -463.620 | -1.031.992 | -3.046.233,"-2,51% | -5,00% | -7,36% | -16,45% | -30,47% | -56,41%",,32ddías,2.354.366,2.415.007 | 2.478.241 | 2.541.483 | 2.817.986 | 3.386.358 | 5.400.599,Delantero
Fidalgo,Betis,-57.276 | -113.422 | -174.231 | -385.879 | -790.082 | -1.934.422,"-1,87% | -3,63% | -5,48% | -11,37% | -20,81% | -39,14%",,29ddías,3.007.291,3.064.567 | 3.120.713 | 3.181.522 | 3.393.170 | 3.797.373 | 4.941.713,Mediocampista
Koski,Alavés,0 | 0 | 0 | 0 | 0 | -868.667,"0,00% | 0,00% | 0,00% | 0,00% | 0,00% | 0%",,29ddías,803.089,803.089 | 803.089 | 803.089 | 803.089 | 803.089 | 0,Defensa
Freeman,Villarreal,-40.233 | -85.607 | -140.820 | -357.297 | -759.435 | -2.195.101,"-1,41% | -2,96% | -4,78% | -11,30% | -21,30% | -43,89%",,32ddías,2.805.965,2.846.198 | 2.891.572 | 2.946.785 | 3.163.262 | 3.565.400 | 5.001.066,Defensa
Cepeda,Elche,-19.048 | -37.189 | -54.259 | -148.014 | -350.738 | -1.182.237,"-1,61% | -3,09% | -4,44% | -11,26% | -23,11% | -50,32%",,32ddías,1.167.059,1.186.107 | 1.204.248 | 1.221.318 | 1.315.073 | 1.517.797 | 2.349.296,Delantero
Ángel Pérez,Alavés,-139.187 | -296.322 | -438.353 | -1.000.000 | -2.377.001 | -7.350.698,"-1,83% | -3,82% | -5,55% | -11,81% | -24,15% | -49,61%",,32ddías,7.465.333,7.604.520 | 7.761.655 | 7.903.686 | 8.465.333 | 9.842.334 | 14.816.031,Delantero
Boselli,Getafe,0 | 0 | 0 | 0 | 0 | +1.239.224,"0,00% | 0,00% | 0,00% | 0,00% | 0,00% | 0%",,29ddías,2.893.999,2.893.999 | 2.893.999 | 2.893.999 | 2.893.999 | 2.893.999 | 0,Defensa
Romero,Getafe,0 | 0 | 0 | 0 | 0 | +28.134.755,"0,00% | 0,00% | 0,00% | 0,00% | 0,00% | 0%",,29ddías,30.116.266,30.116.266 | 30.116.266 | 30.116.266 | 30.116.266 | 30.116.266 | 0,Defensa
Mesonero,Real Madrid,0 | 0 | 0 | 0 | 0 | -958.796,"0,00% | 0,00% | 0,00% | 0,00% | 0,00% | 0%",,29ddías,702.606,702.606 | 702.606 | 702.606 | 702.606 | 702.606 | 0,Mediocampista
Álex Sánchez,Elche,0 | 0 | 0 | 0 | 0 | -1.051.306,"0,00% | 0,00% | 0,00% | 0,00% | 0,00% | 0%",,29ddías,602.324,602.324 | 602.324 | 602.324 | 602.324 | 602.324 | 0,Mediocampista
Ochieng,Real Sociedad,0 | 0 | 0 | 0 | 0 | -953.146,"0,00% | 0,00% | 0,00% | 0,00% | 0,00% | 0%",,29ddías,702.633,702.633 | 702.633 | 702.633 | 702.633 | 702.633 | 0,Mediocampista
Tunde,Levante,0 | 0 | 0 | 0 | 0 | +6.877.885,"0,00% | 0,00% | 0,00% | 0,00% | 0,00% | 0%",,29ddías,8.531.892,8.531.892 | 8.531.892 | 8.531.892 | 8.531.892 | 8.531.892 | 0,Mediocampista
Puric,Atlético,-4.582 | -9.757 | -14.643 | -34.123 | -71.014 | -232.831,"-1,00% | -2,11% | -3,13% | -7,01% | -13,56% | -33,97%",,32ddías,452.579,457.161 | 462.336 | 467.222 | 486.702 | 523.593 | 685.410,Defensa
Marqués,Barcelona,0 | 0 | 0 | 0 | 0 | -1.051.557,"0,00% | 0,00% | 0,00% | 0,00% | 0,00% | 0%",,29ddías,602.319,602.319 | 602.319 | 602.319 | 602.319 | 602.319 | 0,Defensa
Arcos,Celta,0 | 0 | 0 | 0 | 0 | -1.051.562,"0,00% | 0,00% | 0,00% | 0,00% | 0,00% | 0%",,29ddías,602.257,602.257 | 602.257 | 602.257 | 602.257 | 602.257 | 0,Mediocampista
Cestero,Real Madrid,0 | 0 | 0 | 0 | 0 | -1.055.795,"0,00% | 0,00% | 0,00% | 0,00% | 0,00% | 0%",,29ddías,602.234,602.234 | 602.234 | 602.234 | 602.234 | 602.234 | 0,Mediocampista
Montes,Getafe,0 | 0 | 0 | 0 | 0 | -1.051.810,"0,00% | 0,00% | 0,00% | 0,00% | 0,00% | 0%",,29ddías,602.319,602.319 | 602.319 | 602.319 | 602.319 | 602.319 | 0,Defensa
Ferran,Espanyol,0 | 0 | 0 | 0 | 0 | -1.051.560,"0,00% | 0,00% | 0,00% | 0,00% | 0,00% | 0%",,29ddías,602.248,602.248 | 602.248 | 602.248 | 602.248 | 602.248 | 0,Mediocampista
Kita,R. Sociedad B,0 | 0 | 0 | 0 | 0 | -1.058.499,"0,00% | 0,00% | 0,00% | 0,00% | 0,00% | 0%",,29ddías,602.234,602.234 | 602.234 | 602.234 | 602.234 | 602.234 | 0,Defensa
Burcio,Celta,0 | 0 | 0 | 0 | 0 | -1.051.514,"0,00% | 0,00% | 0,00% | 0,00% | 0,00% | 0%",,29ddías,602.257,602.257 | 602.257 | 602.257 | 602.257 | 602.257 | 0,Mediocampista
Astiazaran,R. Sociedad B,0 | 0 | 0 | 0 | 0 | -1.051.500,"0,00% | 0,00% | 0,00% | 0,00% | 0,00% | 0%",,29ddías,602.257,602.257 | 602.257 | 602.257 | 602.257 | 602.257 | 0,Mediocampista
Aguirre,R. Sociedad B,0 | 0 | 0 | 0 | 0 | -1.051.500,"0,00% | 0,00% | 0,00% | 0,00% | 0,00% | 0%",,29ddías,602.257,602.257 | 602.257 | 602.257 | 602.257 | 602.257 | 0,Mediocampista
Fontanet,Valencia,0 | 0 | 0 | 0 | 0 | -1.071.770,"0,00% | 0,00% | 0,00% | 0,00% | 0,00% | 0%",,29ddías,581.987,581.987 | 581.987 | 581.987 | 581.987 | 581.987 | 0,Defensa
Gaitán,Villarreal,0 | 0 | 0 | 0 | 0 | -1.051.465,"0,00% | 0,00% | 0,00% | 0,00% | 0,00% | 0%",,29ddías,602.292,602.292 | 602.292 | 602.292 | 602.292 | 602.292 | 0,Mediocampista
Manuel Ángel,Real Madrid,0 | 0 | 0 | 0 | 0 | -951.424,"0,00% | 0,00% | 0,00% | 0,00% | 0,00% | 0%",,29ddías,702.606,702.606 | 702.606 | 702.606 | 702.606 | 702.606 | 0,Mediocampista
Julio Díaz,Sevilla,0 | 0 | 0 | +18.499 | +11.248 | -91.244,"0,00% | 0,00% | 0,00% | +4,03% | +2,41% | -16,03%",,5ddías,477.990,477.990 | 477.990 | 477.990 | 459.491 | 466.742 | 569.234,Defensa
Antañón,Celta,0 | 0 | 0 | 0 | 0 | -1.069.337,"0,00% | 0,00% | 0,00% | 0,00% | 0,00% | 0%",,29ddías,581.700,581.700 | 581.700 | 581.700 | 581.700 | 581.700 | 0,Mediocampista
Morcillo,Elche,0 | 0 | 0 | 0 | 0 | -947.217,"0,00% | 0,00% | 0,00% | 0,00% | 0,00% | 0%",,29ddías,702.702,702.702 | 702.702 | 702.702 | 702.702 | 702.702 | 0,Mediocampista
Dani Sánchez,Málaga,-22.063 | -45.448 | -68.033 | -154.008 | -335.594 | -1.005.950,"-2,47% | -4,95% | -7,24% | -15,01% | -27,79% | -53,56%",,32ddías,872.122,894.185 | 917.570 | 940.155 | 1.026.130 | 1.207.716 | 1.878.072,Defensa
Osorio,Elche,0 | 0 | 0 | 0 | 0 | +1.750,"0,00% | 0,00% | 0,00% | 0,00% | 0,00% | 0%",,28ddías,1.405.425,1.405.425 | 1.405.425 | 1.405.425 | 1.405.425 | 1.405.425 | 0,Delantero
Mella,Deportivo,-33.895 | -75.133 | -115.009 | -236.820 | -629.169 | -727.039,"-1,03% | -2,26% | -3,41% | -6,78% | -16,20% | -18,26%",,22ddías,3.255.286,3.289.181 | 3.330.419 | 3.370.295 | 3.492.106 | 3.884.455 | 3.982.325,Mediocampista
Mario,Deportivo,+339.618 | +611.943 | +991.306 | +2.581.304 | +4.972.236 | +7.936.535,"+1,49% | +2,72% | +4,47% | +12,55% | +27,36% | +52,18%",,31ddías,23.147.196,22.807.578 | 22.535.253 | 22.155.890 | 20.565.892 | 18.174.960 | 15.210.661,Mediocampista
Patino,Deportivo,-9.613 | -20.030 | -30.375 | -74.065 | -164.108 | -503.518,"-1,65% | -3,38% | -5,03% | -11,44% | -22,25% | -46,76%",,32ddías,573.334,582.947 | 593.364 | 603.709 | 647.399 | 737.442 | 1.076.852,Mediocampista
Luismi,Deportivo,-90.735 | -199.989 | -308.501 | -767.207 | -1.762.820 | -3.372.168,"-1,47% | -3,19% | -4,84% | -11,24% | -22,53% | -35,75%",,27ddías,6.061.471,6.152.206 | 6.261.460 | 6.369.972 | 6.828.678 | 7.824.291 | 9.433.639,Delantero
Bil Nsongo,Deportivo,0 | 0 | 0 | 0 | 0 | +7.408,"0,00% | 0,00% | 0,00% | 0,00% | 0,00% | 0%",,29ddías,6.524.473,6.524.473 | 6.524.473 | 6.524.473 | 6.524.473 | 6.524.473 | 0,Delantero
Eddahchouri,Deportivo,-43.543 | -90.681 | -142.320 | -345.629 | -679.853 | -1.787.357,"-1,98% | -4,04% | -6,20% | -13,83% | -24,00% | -45,36%",,32ddías,2.153.077,2.196.620 | 2.243.758 | 2.295.397 | 2.498.706 | 2.832.930 | 3.940.434,Delantero
Herrero,Málaga,-22.245 | -38.237 | -7.976 | +57.642 | +983.570 | +1.196.231,"-0,31% | -0,53% | -0,11% | +0,81% | +15,86% | +19,98%",,2ddías,7.183.610,7.205.855 | 7.221.847 | 7.191.586 | 7.125.968 | 6.200.040 | 5.987.379,Portero
Villares,Deportivo,-66.718 | -136.648 | -208.275 | -518.257 | -1.160.912 | -3.051.876,"-2,24% | -4,48% | -6,66% | -15,09% | -28,47% | -51,13%",,32ddías,2.916.636,2.983.354 | 3.053.284 | 3.124.911 | 3.434.893 | 4.077.548 | 5.968.512,Mediocampista
Carlos López,Málaga,-2.480 | -5.466 | -8.071 | -17.193 | -21.151 | -90.533,"-0,61% | -1,34% | -1,97% | -4,10% | -5,00% | -18,38%",,7ddías,402.146,404.626 | 407.612 | 410.217 | 419.339 | 423.297 | 492.679,Portero
Céspedes,Málaga,0 | 0 | 0 | 0 | 0 | +449,"0,00% | 0,00% | 0,00% | 0,00% | 0,00% | 0%",,28ddías,401.498,401.498 | 401.498 | 401.498 | 401.498 | 401.498 | 0,Portero
Puga,Málaga,-63.514 | -143.438 | -210.367 | -597.323 | -1.387.690 | -3.163.686,"-1,10% | -2,45% | -3,55% | -9,47% | -19,54% | -35,64%",,27ddías,5.713.510,5.777.024 | 5.856.948 | 5.923.877 | 6.310.833 | 7.101.200 | 8.877.196,Defensa
Murillo,Málaga,-80.285 | -165.628 | -248.136 | -610.693 | -1.336.024 | -3.363.437,"-2,94% | -5,88% | -8,56% | -18,72% | -33,51% | -55,92%",,32ddías,2.651.442,2.731.727 | 2.817.070 | 2.899.578 | 3.262.135 | 3.987.466 | 6.014.879,Defensa
Rafa GarridoRafita,Málaga,0 | 0 | 0 | 0 | 0 | +5.618,"0,00% | 0,00% | 0,00% | 0,00% | 0,00% | 0%",,28ddías,5.018.744,5.018.744 | 5.018.744 | 5.018.744 | 5.018.744 | 5.018.744 | 0,Defensa
Galilea,Málaga,0 | 0 | 0 | 0 | 0 | +4.775,"0,00% | 0,00% | 0,00% | 0,00% | 0,00% | 0%",,28ddías,4.265.932,4.265.932 | 4.265.932 | 4.265.932 | 4.265.932 | 4.265.932 | 0,Defensa
Jurado,Deportivo,-33.857 | -71.516 | -108.748 | -271.719 | -599.038 | -1.706.619,"-2,64% | -5,41% | -8,00% | -17,86% | -32,40% | -57,72%",,32ddías,1.249.950,1.283.807 | 1.321.466 | 1.358.698 | 1.521.669 | 1.848.988 | 2.956.569,Mediocampista
Rubén López,Deportivo,0 | 0 | 0 | 0 | 0 | +569,"0,00% | 0,00% | 0,00% | 0,00% | 0,00% | 0%",,29ddías,501.880,501.880 | 501.880 | 501.880 | 501.880 | 501.880 | 0,Mediocampista
Cubo,Atlético,0 | 0 | 0 | 0 | 0 | -1.018.214,"0,00% | 0,00% | 0,00% | 0,00% | 0,00% | 0%",,29ddías,602.316,602.316 | 602.316 | 602.316 | 602.316 | 602.316 | 0,Delantero
Canedo,Deportivo,0 | 0 | 0 | 0 | 0 | +683,"0,00% | 0,00% | 0,00% | 0,00% | 0,00% | 0%",,29ddías,602.257,602.257 | 602.257 | 602.257 | 602.257 | 602.257 | 0,Defensa
Hugo Ríos,Deportivo,0 | 0 | 0 | 0 | 0 | +1.025,"0,00% | 0,00% | 0,00% | 0,00% | 0,00% | 0%",,29ddías,903.386,903.386 | 903.386 | 903.386 | 903.386 | 903.386 | 0,Portero
Puerto,Deportivo,-1.048 | -2.543 | -3.595 | -6.074 | -5.638 | -28.532,"-0,28% | -0,69% | -0,97% | -1,62% | -1,51% | -7,20%",,5ddías,367.782,368.830 | 370.325 | 371.377 | 373.856 | 373.420 | 396.314,Portero
Germán Parreño,Deportivo,0 | 0 | 0 | 0 | 0 | +797,"0,00% | 0,00% | 0,00% | 0,00% | 0,00% | 0%",,29ddías,702.633,702.633 | 702.633 | 702.633 | 702.633 | 702.633 | 0,Portero
Quagliata,Deportivo,+48.809 | +100.782 | +156.196 | +343.577 | +296.937 | -586.228,"+1,54% | +3,23% | +5,10% | +11,95% | +10,17% | -15,41%",,9ddías,3.218.087,3.169.278 | 3.117.305 | 3.061.891 | 2.874.510 | 2.921.150 | 3.804.315,Defensa
Loureiro,Deportivo,-2.614 | -12.515 | -19.188 | -84.094 | -332.313 | -728.667,"-0,07% | -0,33% | -0,50% | -2,17% | -8,07% | 0%",,17ddías,3.783.147,3.785.761 | 3.795.662 | 3.802.335 | 3.867.241 | 4.115.460 | 0,Defensa
Teijo,Deportivo,0 | 0 | 0 | 0 | 0 | +683,"0,00% | 0,00% | 0,00% | 0,00% | 0,00% | 0%",,29ddías,602.257,602.257 | 602.257 | 602.257 | 602.257 | 602.257 | 0,Defensa
Samu Fernández,Deportivo,0 | 0 | 0 | 0 | 0 | +797,"0,00% | 0,00% | 0,00% | 0,00% | 0,00% | 0%",,29ddías,702.633,702.633 | 702.633 | 702.633 | 702.633 | 702.633 | 0,Defensa
Riki,Deportivo,-31.620 | -64.160 | -97.146 | -237.616 | -285.518 | -283.809,"-2,53% | -5,00% | -7,37% | -16,30% | -18,96% | 0%",,8ddías,1.220.128,1.251.748 | 1.284.288 | 1.317.274 | 1.457.744 | 1.505.646 | 0,Mediocampista
Noubi,Deportivo,+288.848 | +505.747 | +752.573 | +1.768.783 | +2.701.198 | +2.734.521,"+2,82% | +5,04% | +7,69% | +20,17% | +34,46% | +35,04%",,14ddías,10.538.779,10.249.931 | 10.033.032 | 9.786.206 | 8.769.996 | 7.837.581 | 7.804.258,Defensa
Comas,Deportivo,-19.247 | -42.208 | -65.621 | -164.827 | -369.992 | -1.088.938,"-2,18% | -4,65% | -7,05% | -16,01% | -29,96% | -55,74%",,32ddías,864.775,884.022 | 906.983 | 930.396 | 1.029.602 | 1.234.767 | 1.953.713,Defensa
Barcia,Deportivo,-30.076 | -66.888 | -103.732 | -249.268 | -530.301 | -1.412.807,"-1,91% | -4,15% | -6,29% | -13,89% | -25,55% | -47,77%",,32ddías,1.544.919,1.574.995 | 1.611.807 | 1.648.651 | 1.794.187 | 2.075.220 | 2.957.726,Defensa
Ximo,Deportivo,-54.047 | -116.756 | -171.472 | -629.538 | -852.618 | -845.210,"-0,94% | -2,02% | -2,93% | -9,99% | -13,07% | 0%",,8ddías,5.671.855,5.725.902 | 5.788.611 | 5.843.327 | 6.301.393 | 6.524.473 | 0,Defensa
Pablo García,Deportivo,-5.054 | -10.721 | -16.118 | -37.870 | -59.683 | -221.500,"-1,08% | -2,26% | -3,36% | -7,55% | -11,40% | -32,32%",,10ddías,463.910,468.964 | 474.631 | 480.028 | 501.780 | 523.593 | 685.410,Defensa
Noé Carrillo,Deportivo,0 | 0 | 0 | 0 | 0 | +797,"0,00% | 0,00% | 0,00% | 0,00% | 0,00% | 0%",,29ddías,702.633,702.633 | 702.633 | 702.633 | 702.633 | 702.633 | 0,Mediocampista
Rayane,Atlético,0 | 0 | 0 | 0 | 0 | -976.678,"0,00% | 0,00% | 0,00% | 0,00% | 0,00% | 0%",,29ddías,678.006,678.006 | 678.006 | 678.006 | 678.006 | 678.006 | 0,Delantero
Iván Romero,Levante,-26.464 | -62.750 | -105.637 | -228.281 | -559.969 | -1.100.165,"-0,38% | -0,90% | -1,51% | -3,21% | -7,52% | -13,78%",,21ddías,6.883.778,6.910.242 | 6.946.528 | 6.989.415 | 7.112.059 | 7.443.747 | 7.983.943,Delantero
Valou,Getafe,0 | 0 | 0 | 0 | 0 | -1.063.409,"0,00% | 0,00% | 0,00% | 0,00% | 0,00% | 0%",,29ddías,602.292,602.292 | 602.292 | 602.292 | 602.292 | 602.292 | 0,Defensa
Kike Barja,Osasuna,0 | 0 | 0 | 0 | 0 | +1.153.504,"0,00% | 0,00% | 0,00% | 0,00% | 0,00% | 0%",,29ddías,2.810.828,2.810.828 | 2.810.828 | 2.810.828 | 2.810.828 | 2.810.828 | 0,Delantero
Nteka,Rayo,-29.152 | -64.033 | -95.182 | -239.592 | -533.893 | -1.491.774,"-1,95% | -4,19% | -6,10% | -14,06% | -26,72% | -50,47%",,32ddías,1.463.985,1.493.137 | 1.528.018 | 1.559.167 | 1.703.577 | 1.997.878 | 2.955.759,Delantero
Isi,Rayo,-462.243 | -899.689 | -1.342.211 | -3.182.804 | -5.445.054 | +1.362.028,"-2,70% | -5,12% | -7,45% | -16,03% | -24,62% | +8,90%",,13ddías,16.669.185,17.131.428 | 17.568.874 | 18.011.396 | 19.851.989 | 22.114.239 | 15.307.157,Delantero
Pep Chavarría,Rayo,-353.903 | -640.492 | -734.284 | +366.034 | +2.863.206 | +6.748.743,"-1,84% | -3,28% | -3,74% | +1,97% | +17,85% | +55,53%",,3ddías,18.901.519,19.255.422 | 19.542.011 | 19.635.803 | 18.535.485 | 16.038.313 | 12.152.776,Defensa
Ratiu,Rayo,-330.240 | -715.974 | -1.050.502 | -2.836.358 | -8.587.096 | -22.531.448,"-0,89% | -1,91% | -2,77% | -7,15% | -18,90% | 0%",,18ddías,36.852.529,37.182.769 | 37.568.503 | 37.903.031 | 39.688.887 | 45.439.625 | 0,Defensa
Dimitrievski,Valencia,0 | 0 | 0 | 0 | 0 | +10.332.258,"0,00% | 0,00% | 0,00% | 0,00% | 0,00% | 0%",,29ddías,12.045.877,12.045.877 | 12.045.877 | 12.045.877 | 12.045.877 | 12.045.877 | 0,Portero
Iker Muñoz,Osasuna,-23.479 | -54.494 | -83.117 | -218.057 | -540.444 | -1.670.162,"-1,57% | -3,57% | -5,35% | -12,92% | -26,88% | -53,18%",,32ddías,1.470.135,1.493.614 | 1.524.629 | 1.553.252 | 1.688.192 | 2.010.579 | 3.140.297,Mediocampista
Herrando,Osasuna,-43.055 | -94.031 | -142.326 | -354.889 | -814.219 | -2.426.080,"-2,13% | -4,53% | -6,71% | -15,20% | -29,14% | -55,06%",,32ddías,1.980.324,2.023.379 | 2.074.355 | 2.122.650 | 2.335.213 | 2.794.543 | 4.406.404,Defensa
Catena,Osasuna,-440.941 | -911.423 | -1.365.636 | -3.486.054 | -891.222 | +7.364.191,"-1,17% | -2,40% | -3,55% | -8,59% | -2,35% | +24,76%",,8ddías,37.112.026,37.552.967 | 38.023.449 | 38.477.662 | 40.598.080 | 38.003.248 | 29.747.835,Defensa
Ibáñez,Alavés,-18.505 | -51.525 | -71.481 | -229.545 | -704.434 | -2.666.362,"-0,55% | -1,53% | -2,11% | -6,47% | -17,50% | -44,54%",,32ddías,3.319.974,3.338.479 | 3.371.499 | 3.391.455 | 3.549.519 | 4.024.408 | 5.986.336,Mediocampista
Budimir,Osasuna,-325.174 | -581.535 | -847.376 | -2.412.953 | -7.565.500 | +8.364.229,"-0,69% | -1,22% | -1,77% | -4,87% | -13,84% | 0%",,18ddías,47.089.027,47.414.201 | 47.670.562 | 47.936.403 | 49.501.980 | 54.654.527 | 0,Delantero
Moi Gómez,Osasuna,-47.147 | -99.370 | -158.300 | -394.497 | -861.896 | -2.471.754,"-2,00% | -4,12% | -6,40% | -14,57% | -27,14% | -51,65%",,32ddías,2.313.854,2.361.001 | 2.413.224 | 2.472.154 | 2.708.351 | 3.175.750 | 4.785.608,Mediocampista
Rubén GarcíaRubén G.,Osasuna,-130.671 | -252.614 | -384.025 | -922.830 | -1.940.005 | -4.376.582,"-0,98% | -1,88% | -2,84% | -6,55% | -12,85% | -24,96%",,29ddías,13.157.229,13.287.900 | 13.409.843 | 13.541.254 | 14.080.059 | 15.097.234 | 17.533.811,Mediocampista
Aitor,Osasuna,-7.759 | -16.883 | -25.518 | -63.125 | -139.873 | -446.785,"-1,41% | -3,01% | -4,48% | -10,40% | -20,45% | -45,09%",,32ddías,544.075,551.834 | 560.958 | 569.593 | 607.200 | 683.948 | 990.860,Portero
Areso,Athletic,+50.341 | +81.319 | +102.780 | +77.703 | -189.439 | -1.143.637,"+2,07% | +3,39% | +4,32% | +3,23% | -7,10% | -31,56%",,4ddías,2.480.354,2.430.013 | 2.399.035 | 2.377.574 | 2.402.651 | 2.669.793 | 3.623.991,Defensa
Oroz,Osasuna,-1.039 | -45.711 | -141.692 | -613.677 | -2.558.536 | -5.100.492,"-0,01% | -0,31% | -0,94% | -3,95% | -14,64% | -25,48%",,29ddías,14.915.504,14.916.543 | 14.961.215 | 15.057.196 | 15.529.181 | 17.474.040 | 20.015.996,Mediocampista
Unai López,Rayo,-638 | -32.633 | -64.526 | -223.590 | -247.947 | -1.119.440,"-0,01% | -0,55% | -1,09% | -3,68% | -4,06% | -16,05%",,8ddías,5.855.399,5.856.037 | 5.888.032 | 5.919.925 | 6.078.989 | 6.103.346 | 6.974.839,Mediocampista
Villar,Elche,0 | 0 | 0 | 0 | 0 | +5.355.354,"0,00% | 0,00% | 0,00% | 0,00% | 0,00% | 0%",,29ddías,7.027.127,7.027.127 | 7.027.127 | 7.027.127 | 7.027.127 | 7.027.127 | 0,Mediocampista
Mayoral,Getafe,-33.253 | -72.467 | -109.866 | -255.637 | -569.625 | -1.580.938,"-1,07% | -2,30% | -3,44% | -7,66% | -15,61% | -33,92%",,32ddías,3.079.613,3.112.866 | 3.152.080 | 3.189.479 | 3.335.250 | 3.649.238 | 4.660.551,Delantero
Iglesias,Sevilla,0 | 0 | 0 | 0 | 0 | +10.761.632,"0,00% | 0,00% | 0,00% | 0,00% | 0,00% | 0%",,29ddías,12.548.352,12.548.352 | 12.548.352 | 12.548.352 | 12.548.352 | 12.548.352 | 0,Defensa
Herrera,Real Sociedad,-52.439 | -115.283 | -178.071 | -437.750 | -995.132 | -2.717.496,"-1,57% | -3,39% | -5,14% | -11,74% | -23,23% | -45,24%",,29ddías,3.289.581,3.342.020 | 3.404.864 | 3.467.652 | 3.727.331 | 4.284.713 | 6.007.077,Mediocampista
Eric Garcia,Barcelona,-914.131 | -1.896.214 | -2.829.702 | -7.851.850 | -9.890.468 | -53.117.427,"-1,82% | -3,70% | -5,42% | -13,73% | -16,70% | 0%",,8ddías,49.337.764,50.251.895 | 51.233.978 | 52.167.466 | 57.189.614 | 59.228.232 | 0,Defensa
Boyé,Alavés,-130.935 | -243.023 | -362.848 | -775.605 | -2.134.910 | -5.572.324,"-0,91% | -1,67% | -2,47% | -5,14% | -12,97% | -28,01%",,28ddías,14.325.018,14.455.953 | 14.568.041 | 14.687.866 | 15.100.623 | 16.459.928 | 19.897.342,Delantero
Miguel Ángel RubioMiguel Rubio,Espanyol,-12.995 | -26.936 | -40.950 | -100.914 | -226.686 | -708.951,"-1,95% | -3,95% | -5,89% | -13,36% | -25,72% | -52,00%",,32ddías,654.504,667.499 | 681.440 | 695.454 | 755.418 | 881.190 | 1.363.455,Defensa
S. Cardona,Villarreal,-32.241 | -73.693 | -122.592 | -268.557 | -470.095 | -733.279,"-0,66% | -1,49% | -2,45% | -5,22% | -8,79% | -13,08%",,25ddías,4.874.958,4.907.199 | 4.948.651 | 4.997.550 | 5.143.515 | 5.345.053 | 5.608.237,Defensa
Moncayola,Osasuna,+51.793 | +143.083 | +240.575 | +593.085 | +501.754 | +25.681,"+0,86% | +2,40% | +4,10% | +10,76% | +8,95% | +0,42%",,7ddías,6.107.354,6.055.561 | 5.964.271 | 5.866.779 | 5.514.269 | 5.605.600 | 6.081.673,Mediocampista
Javi Muñoz,Getafe,-14.843 | -32.103 | -48.116 | -123.157 | -282.037 | -847.995,"-1,99% | -4,20% | -6,17% | -14,40% | -27,80% | -53,66%",,32ddías,732.353,747.196 | 764.456 | 780.469 | 855.510 | 1.014.390 | 1.580.348,Mediocampista
Moleiro,Villarreal,+967.134 | +1.302.523 | +1.331.716 | +388.190 | -4.917.211 | -37.897.277,"+1,69% | +2,29% | +2,34% | +0,67% | -7,80% | 0%",,3ddías,58.163.191,57.196.057 | 56.860.668 | 56.831.475 | 57.775.001 | 63.080.402 | 0,Mediocampista
Valles,Betis,+966.942 | +1.787.898 | +2.767.551 | +6.496.633 | +10.761.233 | +16.512.929,"+3,76% | +7,19% | +11,58% | +32,20% | +67,65% | +162,58%",,31ddías,26.669.461,25.702.519 | 24.881.563 | 23.901.910 | 20.172.828 | 15.908.228 | 10.156.532,Portero
Copete,Valencia,-83.830 | -169.162 | -257.875 | -640.799 | -1.414.658 | -3.498.491,"-3,24% | -6,32% | -9,33% | -20,36% | -36,08% | -58,27%",,32ddías,2.505.784,2.589.614 | 2.674.946 | 2.763.659 | 3.146.583 | 3.920.442 | 6.004.275,Defensa
Herrera,Osasuna,+947.204 | +1.734.294 | +2.593.861 | +6.443.453 | +12.038.787 | +20.928.638,"+2,63% | +4,93% | +7,55% | +21,14% | +48,37% | +130,80%",,30ddías,36.929.367,35.982.163 | 35.195.073 | 34.335.506 | 30.485.914 | 24.890.580 | 16.000.729,Portero
Torró,Osasuna,-24.475 | -53.608 | -82.563 | -224.462 | -509.594 | -1.524.877,"-0,92% | -1,99% | -3,02% | -7,82% | -16,14% | -36,55%",,28ddías,2.646.909,2.671.384 | 2.700.517 | 2.729.472 | 2.871.371 | 3.156.503 | 4.171.786,Mediocampista
Cárdenas,Rayo,-13.912 | -28.006 | -39.812 | -93.426 | -216.061 | -685.563,"-2,02% | -3,98% | -5,56% | -12,13% | -24,21% | -50,33%",,32ddías,676.507,690.419 | 704.513 | 716.319 | 769.933 | 892.568 | 1.362.070,Portero
Álvaro García,Rayo,+140.358 | +280.775 | +483.178 | +1.573.127 | +2.848.873 | +4.732.397,"+0,84% | +1,69% | +2,95% | +10,27% | +20,29% | +38,93%",,16ddías,16.888.769,16.748.411 | 16.607.994 | 16.405.591 | 15.315.642 | 14.039.896 | 12.156.372,Mediocampista
Carmona,Sevilla,-40.233 | -90.941 | -132.154 | -352.677 | -787.361 | -1.622.610,"-0,87% | -1,95% | -2,81% | -7,16% | -14,68% | -26,18%",,27ddías,4.576.375,4.616.608 | 4.667.316 | 4.708.529 | 4.929.052 | 5.363.736 | 6.198.985,Defensa
Rüdiger,Real Madrid,-263.115 | -658.775 | -1.034.185 | -2.604.719 | -5.615.541 | -12.122.509,"-0,91% | -2,24% | -3,47% | -8,30% | -16,33% | -29,64%",,29ddías,28.780.087,29.043.202 | 29.438.862 | 29.814.272 | 31.384.806 | 34.395.628 | 40.902.596,Defensa
Pacheco,Real Sociedad,0 | 0 | 0 | 0 | 0 | +2.361.473,"0,00% | 0,00% | 0,00% | 0,00% | 0,00% | 0%",,29ddías,4.015.452,4.015.452 | 4.015.452 | 4.015.452 | 4.015.452 | 4.015.452 | 0,Defensa
Sadiq,Valencia,-244.552 | -504.287 | -768.597 | -1.902.616 | -3.786.723 | -7.901.341,"-2,90% | -5,79% | -8,57% | -18,83% | -31,59% | -49,07%",,30ddías,8.202.180,8.446.732 | 8.706.467 | 8.970.777 | 10.104.796 | 11.988.903 | 16.103.521,Delantero
Olasagasti,Levante,+51.393 | +67.868 | +90.175 | +62.791 | -330.053 | -2.198.336,"+1,38% | +1,84% | +2,45% | +1,70% | -8,06% | -36,87%",,4ddías,3.763.922,3.712.529 | 3.696.054 | 3.673.747 | 3.701.131 | 4.093.975 | 5.962.258,Mediocampista
Kubo,Real Sociedad,-470.945 | -984.230 | -1.479.198 | -3.432.160 | -7.477.270 | -7.298.438,"-2,01% | -4,11% | -6,06% | -13,01% | -24,58% | -24,14%",,21ddías,22.940.662,23.411.607 | 23.924.892 | 24.419.860 | 26.372.822 | 30.417.932 | 30.239.100,Mediocampista
Zakharyan,Real Sociedad,-35.861 | -71.715 | -108.797 | -262.646 | -581.314 | -1.663.537,"-2,77% | -5,38% | -7,95% | -17,25% | -31,57% | -56,90%",,32ddías,1.260.119,1.295.980 | 1.331.834 | 1.368.916 | 1.522.765 | 1.841.433 | 2.923.656,Mediocampista
Oyarzabal,Real Sociedad,-785.205 | -1.912.578 | -2.893.454 | -6.842.895 | -15.674.685 | -46.990.901,"-1,15% | -2,76% | -4,12% | -9,21% | -18,86% | 0%",,16ddías,67.420.273,68.205.478 | 69.332.851 | 70.313.727 | 74.263.168 | 83.094.958 | 0,Delantero
Marín,Real Sociedad,-64.747 | -132.586 | -201.236 | -494.362 | -1.100.127 | -2.935.549,"-3,08% | -6,11% | -8,99% | -19,53% | -35,07% | -59,04%",,32ddías,2.036.661,2.101.408 | 2.169.247 | 2.237.897 | 2.531.023 | 3.136.788 | 4.972.210,Mediocampista
Barrenetxea,Real Sociedad,-565.340 | -1.202.570 | -1.868.257 | -4.457.844 | -4.333.100 | +3.596.263,"-1,55% | -3,24% | -4,94% | -11,04% | -10,76% | +11,12%",,10ddías,35.923.981,36.489.321 | 37.126.551 | 37.792.238 | 40.381.825 | 40.257.081 | 32.327.718,Mediocampista
Zubeldia,Real Sociedad,-83.921 | -192.161 | -263.449 | -511.820 | -1.445.492 | -3.976.144,"-0,84% | -1,91% | -2,60% | -4,94% | -12,79% | -28,75%",,32ddías,9.855.693,9.939.614 | 10.047.854 | 10.119.142 | 10.367.513 | 11.301.185 | 13.831.837,Defensa
Aihen,Real Sociedad,-43.030 | -91.135 | -139.382 | -340.332 | -758.388 | -2.222.456,"-2,47% | -5,08% | -7,57% | -16,66% | -30,82% | -56,63%",,32ddías,1.702.103,1.745.133 | 1.793.238 | 1.841.485 | 2.042.435 | 2.460.491 | 3.924.559,Defensa
Odriozola,Real Sociedad,-14.529 | -30.067 | -45.746 | -113.088 | -255.061 | -769.150,"-2,06% | -4,17% | -6,21% | -14,06% | -26,95% | -52,66%",,32ddías,691.310,705.839 | 721.377 | 737.056 | 804.398 | 946.371 | 1.460.460,Defensa
Remiro,Real Sociedad,+521.912 | +1.053.702 | +1.832.534 | +6.587.209 | +13.440.040 | +25.099.858,"+1,17% | +2,40% | +4,24% | +17,14% | +42,55% | +125,95%",,30ddías,45.029.033,44.507.121 | 43.975.331 | 43.196.499 | 38.441.824 | 31.588.993 | 19.929.175,Portero
Güler,Real Madrid,-662.529 | -1.361.387 | -1.970.419 | -4.753.129 | -10.368.232 | -22.350.976,"-1,24% | -2,51% | -3,60% | -8,25% | -16,41% | -29,73%",,32ddías,52.826.780,53.489.309 | 54.188.167 | 54.797.199 | 57.579.909 | 63.195.012 | 75.177.756,Mediocampista
Mendy,Real Madrid,-22.856 | -47.067 | -71.782 | -172.489 | -400.215 | -1.078.436,"-2,50% | -5,02% | -7,45% | -16,22% | -30,99% | -54,75%",,32ddías,891.163,914.019 | 938.230 | 962.945 | 1.063.652 | 1.291.378 | 1.969.599,Defensa
Brahim,Real Madrid,-310.170 | -587.894 | -891.547 | -2.175.276 | -4.363.040 | -7.755.548,"-2,51% | -4,65% | -6,89% | -15,29% | -26,58% | -39,16%",,28ddías,12.051.392,12.361.562 | 12.639.286 | 12.942.939 | 14.226.668 | 16.414.432 | 19.806.940,Mediocampista
De Frutos,Rayo,+509.075 | +1.111.430 | +1.900.454 | +5.532.726 | +12.095.177 | +23.337.226,"+1,05% | +2,33% | +4,05% | +12,79% | +32,95% | +91,66%",,31ddías,48.798.554,48.289.479 | 47.687.124 | 46.898.100 | 43.265.828 | 36.703.377 | 25.461.328,Delantero
Militão,Real Madrid,-443.622 | -915.887 | -1.399.478 | -3.410.546 | -7.516.547 | -14.747.352,"-2,84% | -5,70% | -8,45% | -18,36% | -33,14% | -49,30%",,32ddías,15.164.962,15.608.584 | 16.080.849 | 16.564.440 | 18.575.508 | 22.681.509 | 29.912.314,Defensa
Balliu,Rayo,-755 | -3.632 | -5.077 | -58.075 | -198.810 | -645.430,"-0,09% | -0,44% | -0,62% | -6,63% | -19,55% | -44,11%",,32ddías,817.929,818.684 | 821.561 | 823.006 | 876.004 | 1.016.739 | 1.463.359,Defensa
Pathé Ciss,Rayo,+104.451 | +149.156 | +168.869 | +270.427 | -75.655 | +443.871,"+0,97% | +1,39% | +1,58% | +2,55% | -0,69% | +4,26%",,6ddías,10.869.261,10.764.810 | 10.720.105 | 10.700.392 | 10.598.834 | 10.944.916 | 10.425.390,Mediocampista
Valentín,Rayo,-3.746 | -27.460 | -43.698 | -229.702 | -787.024 | -2.594.811,"-0,11% | -0,80% | -1,26% | -6,30% | -18,72% | -43,16%",,32ddías,3.417.418,3.421.164 | 3.444.878 | 3.461.116 | 3.647.120 | 4.204.442 | 6.012.229,Mediocampista
Lejeune,Rayo,-415.579 | -992.509 | -1.639.448 | -4.102.184 | -10.426.835 | -36.561.687,"-1,04% | -2,46% | -3,99% | -9,43% | -20,92% | 0%",,18ddías,39.420.397,39.835.976 | 40.412.906 | 41.059.845 | 43.522.581 | 49.847.232 | 0,Defensa
Rubén Gómez,Villarreal,0 | 0 | 0 | 0 | 0 | -1.072.379,"0,00% | 0,00% | 0,00% | 0,00% | 0,00% | 0%",,29ddías,602.292,602.292 | 602.292 | 602.292 | 602.292 | 602.292 | 0,Portero
Courtois,Real Madrid,-265.125 | -779.195 | -997.182 | -1.777.605 | -2.641.655 | +15.848.987,"-0,46% | -1,34% | -1,71% | -3,02% | -4,42% | +38,36%",,12ddías,57.160.066,57.425.191 | 57.939.261 | 58.157.248 | 58.937.671 | 59.801.721 | 41.311.079,Portero
Bellingham,Real Madrid,-746.440 | -1.624.169 | -2.510.079 | -5.906.861 | -13.309.004 | -39.380.652,"-0,80% | -1,72% | -2,63% | -5,97% | -12,51% | 0%",,15ddías,93.055.337,93.801.777 | 94.679.506 | 95.565.416 | 98.962.198 | 106.364.341 | 0,Mediocampista
Fran García,Betis,0 | 0 | 0 | 0 | 0 | 0,"0,00% | 0,00% | 0,00% | 0,00% | 0,00% | 0,00%",,30ddías,9.591.157,9.591.157 | 9.591.157 | 9.591.157 | 9.591.157 | 9.591.157 | 9.591.157,Defensa
Vinicius,Real Madrid,-771.332 | -1.873.800 | -2.989.499 | -7.589.140 | -17.974.542 | -56.437.235,"-0,78% | -1,88% | -2,96% | -7,18% | -15,49% | 0%",,15ddías,98.059.284,98.830.616 | 99.933.084 | 101.048.783 | 105.648.424 | 116.033.826 | 0,Delantero
Rodrygo,Real Madrid,-83.131 | -163.846 | -247.456 | -594.760 | -1.266.885 | -1.369.235,"-2,24% | -4,32% | -6,38% | -14,08% | -25,87% | -27,39%",,22ddías,3.629.439,3.712.570 | 3.793.285 | 3.876.895 | 4.224.199 | 4.896.324 | 4.998.674,Delantero
Camavinga,Real Madrid,-310.442 | -650.832 | -976.047 | -2.309.069 | -4.790.091 | -11.473.140,"-2,49% | -5,08% | -7,43% | -15,95% | -28,25% | -48,54%",,32ddías,12.163.985,12.474.427 | 12.814.817 | 13.140.032 | 14.473.054 | 16.954.076 | 23.637.125,Mediocampista
Lunin,Real Madrid,-32.436 | -75.382 | -113.626 | -250.929 | -560.099 | -1.595.711,"-1,33% | -3,04% | -4,52% | -9,46% | -18,91% | -39,91%",,32ddías,2.402.466,2.434.902 | 2.477.848 | 2.516.092 | 2.653.395 | 2.962.565 | 3.998.177,Portero
Valverde,Real Madrid,-580.792 | -1.284.466 | -1.859.407 | -4.194.920 | -9.595.190 | -30.983.123,"-0,79% | -1,72% | -2,47% | -5,41% | -11,58% | -29,72%",,32ddías,73.276.513,73.857.305 | 74.560.979 | 75.135.920 | 77.471.433 | 82.871.703 | 104.259.636,Mediocampista
Tchouaméni,Real Madrid,-749.423 | -1.614.566 | -2.527.735 | -6.102.932 | -12.544.140 | -9.266.851,"-1,58% | -3,35% | -5,14% | -11,58% | -21,20% | -16,58%",,17ddías,46.618.919,47.368.342 | 48.233.485 | 49.146.654 | 52.721.851 | 59.163.059 | 55.885.770,Mediocampista
Soria,Getafe,0 | 0 | 0 | 0 | 0 | +15.118.047,"0,00% | 0,00% | 0,00% | 0,00% | 0,00% | 0%",,29ddías,19.296.354,19.296.354 | 19.296.354 | 19.296.354 | 19.296.354 | 19.296.354 | 0,Portero
Aleñá,Alavés,-56.296 | -124.331 | -181.980 | -417.043 | -989.897 | -2.760.853,"-1,35% | -2,93% | -4,22% | -9,18% | -19,35% | -40,09%",,32ddías,4.125.577,4.181.873 | 4.249.908 | 4.307.557 | 4.542.620 | 5.115.474 | 6.886.430,Mediocampista
Le Normand,Atlético,-125.861 | -237.461 | -301.643 | -739.052 | -1.817.683 | -3.271.312,"-1,20% | -2,23% | -2,82% | -6,63% | -14,88% | -23,93%",,27ddías,10.401.687,10.527.548 | 10.639.148 | 10.703.330 | 11.140.739 | 12.219.370 | 13.672.999,Defensa
Sancet,Athletic,+589.183 | +1.311.552 | +2.228.177 | +6.182.781 | +13.928.714 | +25.172.796,"+1,16% | +2,62% | +4,53% | +13,66% | +37,11% | +95,76%",,30ddías,51.459.261,50.870.078 | 50.147.709 | 49.231.084 | 45.276.480 | 37.530.547 | 26.286.465,Mediocampista
Molina,Atlético,-89.349 | -165.752 | -223.165 | -432.803 | -877.455 | -1.344.165,"-1,99% | -3,63% | -4,82% | -8,95% | -16,61% | -23,38%",,27ddías,4.404.885,4.494.234 | 4.570.637 | 4.628.050 | 4.837.688 | 5.282.340 | 5.749.050,Defensa
M. Llorente,Atlético,-839.476 | -1.888.939 | -2.948.518 | -7.288.766 | -10.471.224 | +5.981.364,"-1,46% | -3,23% | -4,95% | -11,41% | -15,62% | +11,82%",,12ddías,56.567.763,57.407.239 | 58.456.702 | 59.516.281 | 63.856.529 | 67.038.987 | 50.586.399,Defensa
Oblak,Atlético,+413.839 | +755.423 | +1.245.688 | +3.559.975 | +7.709.430 | +20.125.840,"+0,75% | +1,38% | +2,30% | +6,87% | +16,18% | +57,15%",,31ddías,55.342.651,54.928.812 | 54.587.228 | 54.096.963 | 51.782.676 | 47.633.221 | 35.216.811,Portero
Koke,Atlético,0 | 0 | 0 | 0 | 0 | +7.822.116,"0,00% | 0,00% | 0,00% | 0,00% | 0,00% | 0%",,29ddías,17.767.671,17.767.671 | 17.767.671 | 17.767.671 | 17.767.671 | 17.767.671 | 0,Mediocampista
Giménez,Atlético,-118.945 | -249.534 | -392.504 | -968.323 | -2.088.518 | -3.416.184,"-2,10% | -4,30% | -6,60% | -14,85% | -27,34% | -38,10%",,27ddías,5.550.966,5.669.911 | 5.800.500 | 5.943.470 | 6.519.289 | 7.639.484 | 8.967.150,Defensa
Egiluz,Athletic,-4.295 | -9.173 | -13.748 | -31.850 | -65.715 | -216.312,"-0,95% | -2,02% | -2,99% | -6,67% | -12,85% | -32,67%",,32ddías,445.707,450.002 | 454.880 | 459.455 | 477.557 | 511.422 | 662.019,Defensa
Prados,Athletic,-37.699 | -76.854 | -108.220 | -279.218 | -628.996 | -1.780.721,"-2,19% | -4,36% | -6,03% | -14,21% | -27,17% | -51,36%",,32ddías,1.686.317,1.724.016 | 1.763.171 | 1.794.537 | 1.965.535 | 2.315.313 | 3.467.038,Mediocampista
Villalibre,Racing,0 | 0 | 0 | 0 | 0 | +8.256,"0,00% | 0,00% | 0,00% | 0,00% | 0,00% | 0%",,28ddías,7.527.946,7.527.946 | 7.527.946 | 7.527.946 | 7.527.946 | 7.527.946 | 0,Delantero
Yuri,Athletic,-204.661 | -419.824 | -626.339 | -1.483.047 | -2.976.552 | +3.046.032,"-1,51% | -3,04% | -4,47% | -9,97% | -18,19% | 0%",,17ddías,13.385.767,13.590.428 | 13.805.591 | 14.012.106 | 14.868.814 | 16.362.319 | 0,Defensa
R. de Galarreta,Athletic,+111.335 | +228.997 | +361.507 | +560.411 | -93.515 | +1.750.895,"+1,03% | +2,15% | +3,44% | +5,44% | -0,85% | +19,20%",,7ddías,10.868.568,10.757.233 | 10.639.571 | 10.507.061 | 10.308.157 | 10.962.083 | 9.117.673,Mediocampista
Agirrezabala,Athletic,0 | 0 | 0 | 0 | 0 | +1.213.405,"0,00% | 0,00% | 0,00% | 0,00% | 0,00% | 0%",,29ddías,2.911.085,2.911.085 | 2.911.085 | 2.911.085 | 2.911.085 | 2.911.085 | 0,Portero
Guruzeta,Athletic,+152.330 | +277.208 | +425.213 | +721.829 | +378.690 | -1.006.504,"+1,24% | +2,28% | +3,55% | +6,18% | +3,15% | -7,50%",,6ddías,12.409.603,12.257.273 | 12.132.395 | 11.984.390 | 11.687.774 | 12.030.913 | 13.416.107,Delantero
N. Williams,Athletic,-1.092.237 | -1.473.563 | -1.323.024 | +1.400.978 | +10.992.046 | +32.802.543,"-1,44% | -1,94% | -1,74% | +1,92% | +17,29% | 0%",,2ddías,74.556.258,75.648.495 | 76.029.821 | 75.879.282 | 73.155.280 | 63.564.212 | 0,Delantero
I. Williams,Athletic,-139.658 | -91.941 | +96.223 | +1.422.053 | +4.893.813 | +8.512.336,"-0,46% | -0,31% | +0,32% | +4,97% | +19,45% | +39,52%",,1ddías,30.051.567,30.191.225 | 30.143.508 | 29.955.344 | 28.629.514 | 25.157.754 | 21.539.231,Delantero
Berenguer,Athletic,-147.503 | -289.277 | -395.661 | -872.047 | -1.721.858 | -409.951,"-1,50% | -2,90% | -3,92% | -8,25% | -15,08% | -4,06%",,23ddías,9.697.936,9.845.439 | 9.987.213 | 10.093.597 | 10.569.983 | 11.419.794 | 10.107.887,Delantero
Barrios,Atlético,-1.133.382 | -2.464.305 | -3.762.071 | -7.006.915 | -1.549.784 | +7.176.715,"-2,33% | -4,94% | -7,35% | -12,87% | -3,16% | +17,83%",,6ddías,47.425.524,48.558.906 | 49.889.829 | 51.187.595 | 54.432.439 | 48.975.308 | 40.248.809,Mediocampista
Kike García,Espanyol,-157.755 | -312.292 | -435.081 | -907.028 | -1.868.764 | -4.453.769,"-3,25% | -6,23% | -8,47% | -16,17% | -28,44% | -48,64%",,30ddías,4.702.322,4.860.077 | 5.014.614 | 5.137.403 | 5.609.350 | 6.571.086 | 9.156.091,Delantero
Gorosabel,Athletic,-87.040 | -178.173 | -270.199 | -658.869 | -1.374.887 | -3.425.855,"-2,98% | -5,92% | -8,71% | -18,88% | -32,68% | -54,75%",,32ddías,2.831.620,2.918.660 | 3.009.793 | 3.101.819 | 3.490.489 | 4.206.507 | 6.257.475,Defensa
Abqar,Getafe,+122.973 | +261.668 | +435.096 | +927.290 | +958.722 | -207.640,"+2,15% | +4,69% | +8,04% | +18,86% | +19,62% | -3,43%",,11ddías,5.844.275,5.721.302 | 5.582.607 | 5.409.179 | 4.916.985 | 4.885.553 | 6.051.915,Defensa
Guevara,Alavés,-31.122 | -65.588 | -100.279 | -244.565 | -550.707 | -1.621.362,"-2,30% | -4,73% | -7,05% | -15,62% | -29,42% | -55,10%",,32ddías,1.321.403,1.352.525 | 1.386.991 | 1.421.682 | 1.565.968 | 1.872.110 | 2.942.765,Mediocampista
Blanco,Alavés,-157.576 | -305.432 | -493.760 | -1.203.613 | -2.850.119 | +13.702.954,"-1,00% | -1,93% | -3,08% | -7,19% | -15,50% | 0%",,24ddías,15.536.073,15.693.649 | 15.841.505 | 16.029.833 | 16.739.686 | 18.386.192 | 0,Mediocampista
Rioja,Valencia,-531.487 | -1.086.408 | -1.504.162 | -2.350.870 | -4.230.351 | -8.564.983,"-3,16% | -6,25% | -8,46% | -12,61% | -20,62% | -34,47%",,32ddías,16.285.361,16.816.848 | 17.371.769 | 17.789.523 | 18.636.231 | 20.515.712 | 24.850.344,Mediocampista
Tenaglia,Alavés,-53.171 | -103.260 | -172.208 | -517.011 | -1.397.716 | -3.287.967,"-0,36% | -0,70% | -1,17% | -3,43% | -8,76% | -18,42%",,32ddías,14.561.538,14.614.709 | 14.664.798 | 14.733.746 | 15.078.549 | 15.959.254 | 17.849.505,Defensa
Guridi,Sevilla,0 | 0 | 0 | 0 | 0 | +3.343.139,"0,00% | 0,00% | 0,00% | 0,00% | 0,00% | 0%",,29ddías,5.019.315,5.019.315 | 5.019.315 | 5.019.315 | 5.019.315 | 5.019.315 | 0,Mediocampista
Yeray,Athletic,+72.528 | +103.242 | +118.333 | +87.074 | -367.906 | +2.262.443,"+1,80% | +2,59% | +2,97% | +2,17% | -8,24% | 0%",,4ddías,4.096.945,4.024.417 | 3.993.703 | 3.978.612 | 4.009.871 | 4.464.851 | 0,Defensa
Rebbach,Alavés,-79.717 | -170.813 | -261.227 | -632.433 | -1.414.304 | -4.098.498,"-1,78% | -3,73% | -5,60% | -12,55% | -24,30% | -48,19%",,30ddías,4.405.529,4.485.246 | 4.576.342 | 4.666.756 | 5.037.962 | 5.819.833 | 8.504.027,Delantero
Carlos BenavidezProtesoni,Alavés,0 | 0 | 0 | 0 | 0 | +1.357.684,"0,00% | 0,00% | 0,00% | 0,00% | 0,00% | 0%",,29ddías,3.011.588,3.011.588 | 3.011.588 | 3.011.588 | 3.011.588 | 3.011.588 | 0,Mediocampista
Pubill,Atlético,-1.681.795 | -2.971.574 | -3.474.501 | -1.069.373 | +9.186.621 | +29.495.602,"-2,34% | -4,06% | -4,71% | -1,50% | +15,04% | +72,38%",,3ddías,70.249.029,71.930.824 | 73.220.603 | 73.723.530 | 71.318.402 | 61.062.408 | 40.753.427,Defensa
Unai Simón,Athletic,+495.131 | +1.196.979 | +2.386.721 | +8.112.727 | +20.095.180 | +39.332.824,"+0,84% | +2,06% | +4,19% | +15,83% | +51,16% | +196,26%",,30ddías,59.373.510,58.878.379 | 58.176.531 | 56.986.789 | 51.260.783 | 39.278.330 | 20.040.686,Portero
Vivian,Athletic,-398.071 | -810.891 | -1.245.916 | -2.966.153 | -6.235.960 | -6.252.646,"-2,82% | -5,59% | -8,34% | -17,80% | -31,29% | -31,35%",,21ddías,13.693.166,14.091.237 | 14.504.057 | 14.939.082 | 16.659.319 | 19.929.126 | 19.945.812,Defensa
Paredes,Athletic,+63.243 | +88.957 | +110.745 | +102.927 | -413.382 | -1.898.849,"+1,49% | +2,10% | +2,63% | +2,44% | -8,73% | -30,54%",,4ddías,4.319.471,4.256.228 | 4.230.514 | 4.208.726 | 4.216.544 | 4.732.853 | 6.218.320,Defensa
Galán,Celta,0 | 0 | 0 | 0 | 0 | -671.256,"0,00% | 0,00% | 0,00% | 0,00% | 0,00% | -4,43%",,22ddías,14.475.829,14.475.829 | 14.475.829 | 14.475.829 | 14.475.829 | 14.475.829 | 15.147.085,Defensa
Riquelme,Betis,+2.629 | -34.352 | -72.857 | -208.776 | -593.467 | -2.092.001,"+0,08% | -1,01% | -2,12% | -5,84% | -15,00% | -38,34%",,1ddías,3.363.739,3.361.110 | 3.398.091 | 3.436.596 | 3.572.515 | 3.957.206 | 5.455.740,Mediocampista
Djené,Getafe,0 | 0 | 0 | 0 | 0 | +6.285.480,"0,00% | 0,00% | 0,00% | 0,00% | 0,00% | 0%",,29ddías,8.432.492,8.432.492 | 8.432.492 | 8.432.492 | 8.432.492 | 8.432.492 | 0,Defensa
Bartra,Betis,+330.760 | +545.849 | +777.710 | +2.087.763 | +4.148.122 | +6.384.524,"+1,27% | +2,12% | +3,04% | +8,61% | +18,68% | +31,98%",,26ddías,26.349.614,26.018.854 | 25.803.765 | 25.571.904 | 24.261.851 | 22.201.492 | 19.965.090,Defensa
Sotelo,Levante,0 | 0 | 0 | 0 | -95.112 | -668.204,"0,00% | 0,00% | 0,00% | 0,00% | -6,44% | -32,58%",,7ddías,1.382.803,1.382.803 | 1.382.803 | 1.382.803 | 1.382.803 | 1.477.915 | 2.051.007,Mediocampista
Domínguez,Celta,-15.938 | -32.943 | -50.152 | -121.017 | -276.803 | -836.144,"-2,15% | -4,35% | -6,47% | -14,30% | -27,63% | -53,55%",,32ddías,725.139,741.077 | 758.082 | 775.291 | 846.156 | 1.001.942 | 1.561.283,Defensa
Swedberg,Celta,-99.687 | -204.358 | -323.735 | -711.740 | -1.698.593 | -4.235.312,"-1,15% | -2,33% | -3,65% | -7,68% | -16,57% | -33,11%",,29ddías,8.554.692,8.654.379 | 8.759.050 | 8.878.427 | 9.266.432 | 10.253.285 | 12.790.004,Mediocampista
Iván Villar,Celta,-24.526 | -50.825 | -77.736 | -182.865 | -415.488 | -1.295.836,"-2,10% | -4,26% | -6,36% | -13,79% | -26,65% | -53,12%",,32ddías,1.143.618,1.168.144 | 1.194.443 | 1.221.354 | 1.326.483 | 1.559.106 | 2.439.454,Portero
Aspas,Celta,-117.753 | -245.964 | -361.413 | -907.578 | -1.849.408 | -2.699.483,"-1,44% | -2,97% | -4,30% | -10,14% | -18,70% | -25,14%",,26ddías,8.039.082,8.156.835 | 8.285.046 | 8.400.495 | 8.946.660 | 9.888.490 | 10.738.565,Delantero
Carles Pérez,Celta,-45.185 | -92.988 | -140.869 | -344.045 | -113.545 | -113.545,"-2,90% | -5,80% | -8,53% | -18,55% | 0% | 0%",,9ddías,1.510.521,1.555.706 | 1.603.509 | 1.651.390 | 1.854.566 | 0 | 0,Delantero
Dotor,Málaga,0 | 0 | 0 | 0 | 0 | +4.403,"0,00% | 0,00% | 0,00% | 0,00% | 0,00% | 0%",,16ddías,4.014.904,4.014.904 | 4.014.904 | 4.014.904 | 4.014.904 | 4.014.904 | 0,Mediocampista
U. Núñez,Espanyol,-66.786 | -161.021 | -254.751 | -643.854 | -1.276.391 | +2.074.624,"-1,75% | -4,12% | -6,37% | -14,68% | -25,43% | 0%",,12ddías,3.742.723,3.809.509 | 3.903.744 | 3.997.474 | 4.386.577 | 5.019.114 | 0,Defensa
Starfelt,Celta,+316.144 | +574.519 | +910.739 | +1.925.474 | +1.850.654 | +1.463.635,"+2,65% | +4,92% | +8,03% | +18,66% | +17,80% | +13,57%",,9ddías,12.245.522,11.929.378 | 11.671.003 | 11.334.783 | 10.320.048 | 10.394.868 | 10.781.887,Defensa
Chust,Elche,0 | 0 | 0 | 0 | 0 | +3.344.848,"0,00% | 0,00% | 0,00% | 0,00% | 0,00% | 0%",,29ddías,5.019.376,5.019.376 | 5.019.376 | 5.019.376 | 5.019.376 | 5.019.376 | 0,Defensa
Navarro,Athletic,-15.688 | -34.412 | -47.181 | -133.613 | -345.832 | -1.150.624,"-0,74% | -1,62% | -2,20% | -6,00% | -14,18% | -35,48%",,32ddías,2.092.653,2.108.341 | 2.127.065 | 2.139.834 | 2.226.266 | 2.438.485 | 3.243.277,Mediocampista
Ruibal,Betis,-93.626 | -193.366 | -294.424 | -725.116 | -1.617.038 | -3.967.849,"-3,03% | -6,07% | -8,95% | -19,49% | -35,06% | -56,99%",,32ddías,2.994.529,3.088.155 | 3.187.895 | 3.288.953 | 3.719.645 | 4.611.567 | 6.962.378,Delantero
Isco,Betis,-864.998 | -1.841.868 | -3.015.723 | -8.668.062 | -23.405.359 | +48.431.834,"-1,44% | -3,01% | -4,84% | -12,75% | -28,29% | 0%",,16ddías,59.324.345,60.189.343 | 61.166.213 | 62.340.068 | 67.992.407 | 82.729.704 | 0,Mediocampista
Marc Roca,Betis,+60.711 | +115.261 | +201.521 | +251.148 | +98.061 | -1.239.663,"+1,27% | +2,43% | +4,33% | +5,45% | +2,06% | -20,32%",,6ddías,4.859.582,4.798.871 | 4.744.321 | 4.658.061 | 4.608.434 | 4.761.521 | 6.099.245,Mediocampista
Ayoze,Villarreal,-80.901 | -228.392 | -347.350 | -767.027 | -1.839.554 | -3.826.404,"-0,50% | -1,39% | -2,11% | -4,53% | -10,22% | -19,15%",,32ddías,16.152.655,16.233.556 | 16.381.047 | 16.500.005 | 16.919.682 | 17.992.209 | 19.979.059,Delantero
Balde,Barcelona,-557.783 | -1.139.451 | -1.685.397 | -3.158.001 | -1.779.926 | +5.597.254,"-2,21% | -4,41% | -6,39% | -11,35% | -6,73% | +29,35%",,10ddías,24.669.667,25.227.450 | 25.809.118 | 26.355.064 | 27.827.668 | 26.449.593 | 19.072.413,Defensa
F. de Jong,Barcelona,-1.151.696 | -2.356.485 | -3.586.246 | -8.375.248 | -9.915.544 | -6.927.169,"-3,21% | -6,35% | -9,35% | -19,42% | -22,20% | 0%",,8ddías,34.756.596,35.908.292 | 37.113.081 | 38.342.842 | 43.131.844 | 44.672.140 | 0,Mediocampista
Araújo,Barcelona,-123.363 | -257.666 | -389.199 | -968.699 | -2.169.275 | -5.165.227,"-2,39% | -4,87% | -7,17% | -16,13% | -30,10% | -50,62%",,30ddías,5.037.774,5.161.137 | 5.295.440 | 5.426.973 | 6.006.473 | 7.207.049 | 10.203.001,Defensa
Gavi,Barcelona,-89.588 | -53.073 | +197.018 | +2.065.484 | +6.973.986 | +13.446.669,"-0,23% | -0,14% | +0,51% | +5,63% | +21,95% | +53,14%",,1ddías,38.749.950,38.839.538 | 38.803.023 | 38.552.932 | 36.684.466 | 31.775.964 | 25.303.281,Mediocampista
Ferran,Barcelona,-779.310 | -622.363 | +195.425 | +6.888.505 | +17.963.194 | +11.937.076,"-1,07% | -0,86% | +0,27% | +10,57% | +33,21% | +19,86%",,1ddías,72.048.683,72.827.993 | 72.671.046 | 71.853.258 | 65.160.178 | 54.085.489 | 60.111.607,Delantero
Pedri,Barcelona,-872.520 | -2.043.405 | -2.964.553 | -6.705.953 | -14.188.697 | -86.361.948,"-0,94% | -2,17% | -3,12% | -6,78% | -13,34% | 0%",,15ddías,92.175.644,93.048.164 | 94.219.049 | 95.140.197 | 98.881.597 | 106.364.341 | 0,Mediocampista
Raphinha,Barcelona,-297.956 | -787.924 | -1.300.877 | -3.664.239 | -13.979.363 | -30.715.020,"-0,43% | -1,12% | -1,83% | -5,00% | -16,71% | -30,59%",,24ddías,69.693.898,69.991.854 | 70.481.822 | 70.994.775 | 73.358.137 | 83.673.261 | 100.408.918,Delantero
A. Christensen,Barcelona,0 | 0 | 0 | 0 | 0 | +3.360.947,"0,00% | 0,00% | 0,00% | 0,00% | 0,00% | 0%",,29ddías,5.019.340,5.019.340 | 5.019.340 | 5.019.340 | 5.019.340 | 5.019.340 | 0,Defensa
Koundé,Barcelona,-790.133 | -1.739.996 | -2.665.178 | -5.676.115 | -3.138.886 | +11.878.081,"-1,65% | -3,56% | -5,36% | -10,76% | -6,25% | +33,75%",,8ddías,47.069.685,47.859.818 | 48.809.681 | 49.734.863 | 52.745.800 | 50.208.571 | 35.191.604,Defensa
Iglesias,Celta,-550.350 | -1.122.672 | -1.670.091 | -2.165.272 | +1.427.755 | +11.800.233,"-1,79% | -3,58% | -5,24% | -6,69% | +4,96% | 0%",,5ddías,30.196.782,30.747.132 | 31.319.454 | 31.866.873 | 32.362.054 | 28.769.027 | 0,Delantero
Yamal,Barcelona,-195.952 | -711.232 | -1.000.835 | -3.207.658 | -20.496.858 | +57.568.064,"-0,15% | -0,55% | -0,78% | -2,45% | -13,82% | 0%",,14ddías,127.864.247,128.060.199 | 128.575.479 | 128.865.082 | 131.071.905 | 148.361.105 | 0,Delantero
Casadó,Barcelona,-24.710 | -49.281 | -73.288 | -157.829 | -320.286 | -958.683,"-1,26% | -2,48% | -3,64% | -7,52% | -14,16% | -33,06%",,32ddías,1.941.348,1.966.058 | 1.990.629 | 2.014.636 | 2.099.177 | 2.261.634 | 2.900.031,Mediocampista
Cubarsí,Barcelona,-1.497.693 | -3.078.947 | -4.848.941 | -10.935.966 | -4.963.700 | +28.132.544,"-1,68% | -3,39% | -5,24% | -11,09% | -5,36% | +47,27%",,8ddías,87.641.012,89.138.705 | 90.719.959 | 92.489.953 | 98.576.978 | 92.604.712 | 59.508.468,Defensa
Fermín,Barcelona,-629.112 | -1.438.374 | -2.079.715 | -4.553.689 | -13.357.262 | -34.757.114,"-1,03% | -2,32% | -3,33% | -7,01% | -18,10% | -36,51%",,32ddías,60.444.502,61.073.614 | 61.882.876 | 62.524.217 | 64.998.191 | 73.801.764 | 95.201.616,Mediocampista
Bellerín,Betis,+277.279 | +469.855 | +731.786 | +1.683.558 | +1.688.644 | +1.402.778,"+2,38% | +4,10% | +6,53% | +16,43% | +16,48% | +13,32%",,9ddías,11.933.172,11.655.893 | 11.463.317 | 11.201.386 | 10.249.614 | 10.244.528 | 10.530.394,Defensa
Abde,Betis,-1.480.871 | -3.026.905 | -4.630.759 | -11.407.549 | -26.816.854 | -76.734.596,"-2,62% | -5,20% | -7,75% | -17,14% | -32,72% | 0%",,16ddías,55.147.521,56.628.392 | 58.174.426 | 59.778.280 | 66.555.070 | 81.964.375 | 0,Delantero
Turrientes,Real Sociedad,-78.767 | -174.386 | -278.915 | -685.384 | -1.536.104 | -3.563.000,"-1,11% | -2,42% | -3,82% | -8,89% | -17,95% | -33,66%",,29ddías,7.023.055,7.101.822 | 7.197.441 | 7.301.970 | 7.708.439 | 8.559.159 | 10.586.055,Mediocampista
Camello,Rayo,-18.676 | -46.630 | -71.371 | -180.169 | -569.612 | -1.862.256,"-0,59% | -1,45% | -2,20% | -5,38% | -15,24% | -37,03%",,32ddías,3.166.795,3.185.471 | 3.213.425 | 3.238.166 | 3.346.964 | 3.736.407 | 5.029.051,Delantero
Marrero,Real Sociedad,-31.080 | -62.393 | -97.848 | -223.861 | -520.132 | -1.628.384,"-2,24% | -4,41% | -6,74% | -14,19% | -27,76% | -54,61%",,32ddías,1.353.651,1.384.731 | 1.416.044 | 1.451.499 | 1.577.512 | 1.873.783 | 2.982.035,Portero
Jauregizar,Athletic,+322.911 | +643.792 | +1.049.131 | +2.608.370 | +5.539.110 | +11.089.707,"+1,25% | +2,52% | +4,18% | +11,08% | +26,87% | +73,60%",,31ddías,26.156.343,25.833.432 | 25.512.551 | 25.107.212 | 23.547.973 | 20.617.233 | 15.066.636,Mediocampista
Hugo Álvarez,Celta,-55.463 | -127.293 | -191.089 | -504.074 | -1.147.963 | -3.105.670,"-1,63% | -3,66% | -5,40% | -13,08% | -25,53% | -48,12%",,32ddías,3.348.934,3.404.397 | 3.476.227 | 3.540.023 | 3.853.008 | 4.496.897 | 6.454.604,Mediocampista
Javi Rodríguez,Celta,0 | 0 | 0 | 0 | 0 | +8.332.739,"0,00% | 0,00% | 0,00% | 0,00% | 0,00% | 0%",,29ddías,10.037.652,10.037.652 | 10.037.652 | 10.037.652 | 10.037.652 | 10.037.652 | 0,Defensa
Durán,Celta,-37.990 | -77.869 | -117.933 | -289.828 | -624.212 | -1.626.279,"-2,83% | -5,63% | -8,28% | -18,16% | -32,34% | -55,46%",,32ddías,1.305.808,1.343.798 | 1.383.677 | 1.423.741 | 1.595.636 | 1.930.020 | 2.932.087,Delantero
Natan,Betis,+432.615 | +947.367 | +1.511.539 | +4.566.056 | +9.596.343 | +18.027.771,"+1,02% | +2,25% | +3,64% | +11,88% | +28,73% | +72,20%",,30ddías,42.997.483,42.564.868 | 42.050.116 | 41.485.944 | 38.431.427 | 33.401.140 | 24.969.712,Defensa
Fraga,Real Sociedad,0 | 0 | 0 | 0 | 0 | -1.073.967,"0,00% | 0,00% | 0,00% | 0,00% | 0,00% | 0%",,29ddías,602.234,602.234 | 602.234 | 602.234 | 602.234 | 602.234 | 0,Portero
Martín,Barcelona,+463.020 | +584.191 | +572.336 | -1.446.300 | -1.446.300 | -22.042.863,"+1,62% | +2,05% | +2,01% | -4,74% | -4,74% | 0%",,2ddías,29.071.296,28.608.276 | 28.487.105 | 28.498.960 | 30.517.596 | 30.517.596 | 0,Defensa
Toni Martinez,Alavés,-274.014 | -529.812 | -828.505 | -1.881.301 | -4.755.079 | +22.062.637,"-1,04% | -1,99% | -3,07% | -6,71% | -15,39% | 0%",,21ddías,26.146.630,26.420.644 | 26.676.442 | 26.975.135 | 28.027.931 | 30.901.709 | 0,Delantero
Musso,Atlético,-121.196 | -242.511 | -374.307 | -849.970 | -1.843.206 | -4.657.961,"-2,23% | -4,36% | -6,58% | -13,78% | -25,75% | -46,70%",,32ddías,5.315.946,5.437.142 | 5.558.457 | 5.690.253 | 6.165.916 | 7.159.152 | 9.973.907,Portero
Olmo,Barcelona,-1.327.014 | -2.708.378 | -4.009.017 | -9.008.158 | -18.857.030 | -35.049.878,"-1,88% | -3,75% | -5,46% | -11,48% | -21,36% | 0%",,16ddías,69.429.852,70.756.866 | 72.138.230 | 73.438.869 | 78.438.010 | 88.286.882 | 0,Mediocampista
Mario Martín,Getafe,0 | 0 | 0 | 0 | 0 | +2.347.111,"0,00% | 0,00% | 0,00% | 0,00% | 0,00% | 0%",,29ddías,4.015.472,4.015.472 | 4.015.472 | 4.015.472 | 4.015.472 | 4.015.472 | 0,Mediocampista
Benito,Osasuna,-11.717 | -24.325 | -36.952 | -90.763 | -203.030 | -644.251,"-1,84% | -3,75% | -5,59% | -12,70% | -24,55% | -50,81%",,32ddías,623.822,635.539 | 648.147 | 660.774 | 714.585 | 826.852 | 1.268.073,Delantero
Leo Román,Deportivo,+1.111.358 | +1.931.711 | +2.988.122 | +6.414.594 | +28.695.802 | +28.695.802,"+3,77% | +6,75% | +10,84% | +26,56% | 0% | 0%",,8ddías,30.564.224,29.452.866 | 28.632.513 | 27.576.102 | 24.149.630 | 0 | 0,Portero
Ferrer,Getafe,0 | 0 | 0 | 0 | 0 | -987.428,"0,00% | 0,00% | 0,00% | 0,00% | 0,00% | 0%",,29ddías,702.705,702.705 | 702.705 | 702.705 | 702.705 | 702.705 | 0,Portero
Boiro,Athletic,-7.599 | -17.030 | -26.349 | -65.485 | -145.530 | -424.734,"-1,36% | -2,99% | -4,56% | -10,61% | -20,87% | -43,50%",,16ddías,551.691,559.290 | 568.721 | 578.040 | 617.176 | 697.221 | 976.425,Defensa
Padilla,Athletic,0 | 0 | 0 | 0 | 0 | -163.092,"0,00% | 0,00% | 0,00% | 0,00% | 0,00% | 0%",,29ddías,1.505.588,1.505.588 | 1.505.588 | 1.505.588 | 1.505.588 | 1.505.588 | 0,Portero
Aramburu,Real Sociedad,+293.114 | +564.953 | +981.114 | +2.737.634 | +4.934.535 | +8.154.134,"+1,92% | +3,76% | +6,72% | +21,31% | +46,34% | +109,75%",,31ddías,15.583.971,15.290.857 | 15.019.018 | 14.602.857 | 12.846.337 | 10.649.436 | 7.429.837,Defensa
Pape Gueye,Villarreal,+797.290 | +1.543.050 | +2.438.650 | +4.474.537 | +2.291.388 | -6.040.178,"+1,86% | +3,66% | +5,91% | +11,40% | +5,53% | -12,14%",,7ddías,43.709.754,42.912.464 | 42.166.704 | 41.271.104 | 39.235.217 | 41.418.366 | 49.749.932,Mediocampista
Peque,Sevilla,-36.338 | -80.279 | -126.349 | -341.040 | -800.453 | -2.335.513,"-1,73% | -3,75% | -5,77% | -14,19% | -27,96% | -53,10%",,32ddías,2.062.516,2.098.854 | 2.142.795 | 2.188.865 | 2.403.556 | 2.862.969 | 4.398.029,Delantero
Ejuke,Sevilla,-42.700 | -88.675 | -133.749 | -321.629 | -699.956 | -1.963.778,"-1,41% | -2,88% | -4,28% | -9,71% | -18,96% | -39,63%",,32ddías,2.991.172,3.033.872 | 3.079.847 | 3.124.921 | 3.312.801 | 3.691.128 | 4.954.950,Delantero
Kambwala,Villarreal,-31.959 | -64.956 | -97.500 | -242.877 | -544.771 | -1.581.644,"-2,32% | -4,60% | -6,75% | -15,27% | -28,78% | -53,99%",,32ddías,1.347.955,1.379.914 | 1.412.911 | 1.445.455 | 1.590.832 | 1.892.726 | 2.929.599,Defensa
Andrés Martín,Racing,-303.944 | -630.346 | -937.669 | -2.200.958 | -4.242.926 | +18.946.000,"-1,45% | -2,96% | -4,33% | -9,61% | -17,01% | 0%",,23ddías,20.697.308,21.001.252 | 21.327.654 | 21.634.977 | 22.898.266 | 24.940.234 | 0,Delantero
Danjuma,Valencia,+82.833 | +143.505 | +174.225 | +133.335 | -247.126 | -1.435.188,"+1,86% | +3,26% | +3,99% | +3,03% | -5,16% | -24,02%",,4ddías,4.539.104,4.456.271 | 4.395.599 | 4.364.879 | 4.405.769 | 4.786.230 | 5.974.292,Delantero
Pépé,Villarreal,-570.927 | -1.348.218 | -2.089.726 | -5.556.131 | -13.802.125 | -40.984.119,"-1,11% | -2,58% | -3,94% | -9,83% | -21,31% | 0%",,17ddías,50.980.818,51.551.745 | 52.329.036 | 53.070.544 | 56.536.949 | 64.782.943 | 0,Delantero
Losada,Betis,0 | 0 | 0 | 0 | 0 | +851.636,"0,00% | 0,00% | 0,00% | 0,00% | 0,00% | 0%",,29ddías,2.509.378,2.509.378 | 2.509.378 | 2.509.378 | 2.509.378 | 2.509.378 | 0,Delantero
Alvarez,Atlético,-281.336 | -965.800 | -1.754.726 | -4.464.338 | -6.475.080 | +22.002.686,"-0,40% | -1,36% | -2,44% | -5,99% | -8,46% | 0%",,13ddías,70.091.080,70.372.416 | 71.056.880 | 71.845.806 | 74.555.418 | 76.566.160 | 0,Delantero
D. Llorente,Betis,+222.171 | +471.697 | +719.223 | +1.834.928 | +3.092.629 | +2.789.099,"+1,92% | +4,16% | +6,48% | +18,39% | +35,46% | +30,91%",,16ddías,11.813.455,11.591.284 | 11.341.758 | 11.094.232 | 9.978.527 | 8.720.826 | 9.024.356,Defensa
Bretones,Osasuna,+130.302 | +233.449 | +353.703 | +701.733 | +945.388 | +526.342,"+4,89% | +9,11% | +14,48% | +33,50% | +51,08% | +23,19%",,14ddías,2.796.325,2.666.023 | 2.562.876 | 2.442.622 | 2.094.592 | 1.850.937 | 2.269.983,Defensa
Pedro Díaz,Rayo,-24.853 | -53.866 | -79.433 | -214.769 | -510.573 | -1.796.126,"-1,23% | -2,62% | -3,82% | -9,69% | -20,32% | -47,28%",,33ddías,2.002.561,2.027.414 | 2.056.427 | 2.081.994 | 2.217.330 | 2.513.134 | 3.798.687,Mediocampista
L. Sucic,Real Sociedad,-32.762 | -80.019 | -117.693 | -298.641 | -750.113 | -1.910.055,"-0,86% | -2,06% | -3,01% | -7,29% | -16,49% | -33,46%",,29ddías,3.797.710,3.830.472 | 3.877.729 | 3.915.403 | 4.096.351 | 4.547.823 | 5.707.765,Mediocampista
Álvaro,Deportivo,-88.089 | -174.959 | -271.033 | -609.441 | -1.360.107 | -3.920.932,"-1,61% | -3,15% | -4,80% | -10,18% | -20,19% | -42,18%",,32ddías,5.375.590,5.463.679 | 5.550.549 | 5.646.623 | 5.985.031 | 6.735.697 | 9.296.522,Portero
Letácek,Getafe,-17.997 | -37.929 | -56.967 | -139.218 | -324.156 | -1.019.040,"-2,10% | -4,33% | -6,36% | -14,24% | -27,89% | -54,87%",,32ddías,838.203,856.200 | 876.132 | 895.170 | 977.421 | 1.162.359 | 1.857.243,Portero
Jon Martín,Real Sociedad,0 | 0 | 0 | 0 | 0 | +28.412.163,"0,00% | 0,00% | 0,00% | 0,00% | 0,00% | 0%",,29ddías,30.111.790,30.111.790 | 30.111.790 | 30.111.790 | 30.111.790 | 30.111.790 | 0,Defensa
Luiz Junior,Villarreal,+458.119 | +1.111.415 | +1.996.050 | +6.158.307 | +11.811.192 | +20.174.823,"+1,14% | +2,81% | +5,17% | +17,86% | +40,98% | +98,62%",,31ddías,40.632.099,40.173.980 | 39.520.684 | 38.636.049 | 34.473.792 | 28.820.907 | 20.457.276,Portero
Carreira,Celta,-28.224 | -69.344 | -76.709 | -218.393 | -967.264 | -1.711.669,"-0,41% | -1,00% | -1,11% | -3,08% | -12,35% | -19,96%",,26ddías,6.861.886,6.890.110 | 6.931.230 | 6.938.595 | 7.080.279 | 7.829.150 | 8.573.555,Defensa
Garcés,Alavés,-14.560 | -31.555 | -48.750 | -122.820 | -279.564 | -744.866,"-1,97% | -4,16% | -6,29% | -14,47% | -27,80% | -50,63%",,32ddías,726.235,740.795 | 757.790 | 774.985 | 849.055 | 1.005.799 | 1.471.101,Defensa
Román,Celta,-8.516 | -52.534 | -115.956 | -356.684 | -1.065.944 | -3.449.028,"-0,17% | -1,02% | -2,23% | -6,56% | -17,34% | -40,43%",,32ddías,5.082.025,5.090.541 | 5.134.559 | 5.197.981 | 5.438.709 | 6.147.969 | 8.531.053,Mediocampista
Cucho,Betis,-896.432 | -1.847.716 | -2.766.479 | -6.087.478 | -4.450.814 | +9.381.599,"-1,78% | -3,59% | -5,29% | -10,94% | -8,24% | +23,34%",,8ddías,49.577.711,50.474.143 | 51.425.427 | 52.344.190 | 55.665.189 | 54.028.525 | 40.196.112,Delantero
Buchanan,Villarreal,-28.117 | -3.085 | +14.456 | +315.409 | +1.688.186 | +4.744.731,"-0,14% | -0,02% | +0,07% | +1,62% | +9,30% | +31,45%",,1ddías,19.831.032,19.859.149 | 19.834.117 | 19.816.576 | 19.515.623 | 18.142.846 | 15.086.301,Mediocampista
Valera,Elche,-210.540 | -389.610 | -529.073 | -1.414.625 | -3.273.314 | -39.146.000,"-0,87% | -1,60% | -2,16% | -5,57% | -12,01% | 0%",,23ddías,23.983.377,24.193.917 | 24.372.987 | 24.512.450 | 25.398.002 | 27.256.691 | 0,Mediocampista
Jiménez,Real Madrid,0 | 0 | 0 | 0 | 0 | -1.051.652,"0,00% | 0,00% | 0,00% | 0,00% | 0,00% | 0%",,29ddías,602.248,602.248 | 602.248 | 602.248 | 602.248 | 602.248 | 0,Defensa
Mestre,Real Madrid,0 | 0 | 0 | 0 | 0 | -1.039.129,"0,00% | 0,00% | 0,00% | 0,00% | 0,00% | 0%",,29ddías,677.860,677.860 | 677.860 | 677.860 | 677.860 | 677.860 | 0,Portero
Lago,Celta,0 | 0 | 0 | 0 | 0 | -981.618,"0,00% | 0,00% | 0,00% | 0,00% | 0,00% | 0%",,29ddías,702.633,702.633 | 702.633 | 702.633 | 702.633 | 702.633 | 0,Defensa
El-Abdellaoui,Celta,0 | 0 | 0 | 0 | 0 | -350.267,"0,00% | 0,00% | 0,00% | 0,00% | 0,00% | 0%",,29ddías,1.304.893,1.304.893 | 1.304.893 | 1.304.893 | 1.304.893 | 1.304.893 | 0,Delantero
Antony,Betis,-834.156 | -1.795.653 | -2.596.682 | -7.177.054 | -15.911.967 | -12.225.862,"-1,31% | -2,79% | -3,98% | -10,28% | -20,25% | -16,33%",,19ddías,62.654.400,63.488.556 | 64.450.053 | 65.251.082 | 69.831.454 | 78.566.367 | 74.880.262,Delantero
Sannadi,Athletic,-4.721 | -10.042 | -15.080 | -35.233 | -73.601 | -229.475,"-1,02% | -2,16% | -3,20% | -7,17% | -13,90% | -33,48%",,32ddías,455.935,460.656 | 465.977 | 471.015 | 491.168 | 529.536 | 685.410,Delantero
Pablo Ramón,Racing,0 | +7.793 | -13 | -32.442 | -61.357 | -61.357,"0,00% | +1,46% | 0,00% | -5,67% | 0% | 0%",,1ddías,540.217,540.217 | 532.424 | 540.230 | 572.659 | 0 | 0,Defensa
Guille,Barcelona,0 | 0 | 0 | 0 | 0 | -953.007,"0,00% | 0,00% | 0,00% | 0,00% | 0,00% | 0%",,29ddías,702.705,702.705 | 702.705 | 702.705 | 702.705 | 702.705 | 0,Mediocampista
Toni Fernández,Barcelona,0 | 0 | 0 | 0 | 0 | -1.051.580,"0,00% | 0,00% | 0,00% | 0,00% | 0,00% | 0%",,29ddías,602.319,602.319 | 602.319 | 602.319 | 602.319 | 602.319 | 0,Delantero
Vargas,Sevilla,-90.297 | -242.608 | -474.189 | +23.117.755 | +23.117.755 | +23.117.755,"-0,32% | -0,86% | -1,66% | 0% | 0% | 0%",,4ddías,28.048.710,28.139.007 | 28.291.318 | 28.522.899 | 0 | 0 | 0,Mediocampista
Roberto,Espanyol,+86.899 | +121.757 | +118.143 | +19.859 | -382.597 | -1.363.366,"+1,55% | +2,19% | +2,12% | +0,35% | -6,31% | -19,35%",,2ddías,5.681.989,5.595.090 | 5.560.232 | 5.563.846 | 5.662.130 | 6.064.586 | 7.045.355,Delantero
Logan Costa,Villarreal,-26.981 | -55.691 | -87.122 | -228.978 | -530.306 | -1.506.667,"-1,82% | -3,68% | -5,64% | -13,57% | -26,66% | -50,81%",,32ddías,1.458.602,1.485.583 | 1.514.293 | 1.545.724 | 1.687.580 | 1.988.908 | 2.965.269,Defensa
De la Sías,Rayo,0 | 0 | 0 | 0 | 0 | -1.051.665,"0,00% | 0,00% | 0,00% | 0,00% | 0,00% | 0%",,29ddías,602.234,602.234 | 602.234 | 602.234 | 602.234 | 602.234 | 0,Defensa
Iturbe,Elche,0 | 0 | 0 | 0 | 0 | -897.886,"0,00% | 0,00% | 0,00% | 0,00% | 0,00% | 0%",,29ddías,802.099,802.099 | 802.099 | 802.099 | 802.099 | 802.099 | 0,Portero
Lo Celso,Betis,+557.900 | +1.110.203 | +1.823.883 | +4.872.155 | +10.970.681 | +20.886.359,"+1,38% | +2,78% | +4,66% | +13,49% | +36,56% | +103,93%",,31ddías,40.981.957,40.424.057 | 39.871.754 | 39.158.074 | 36.109.802 | 30.011.276 | 20.095.598,Mediocampista
Otorbi,Valencia,0 | 0 | 0 | 0 | 0 | -1.051.607,"0,00% | 0,00% | 0,00% | 0,00% | 0,00% | 0%",,29ddías,602.292,602.292 | 602.292 | 602.292 | 602.292 | 602.292 | 0,Delantero
Manu González,Betis,0 | 0 | 0 | 0 | 0 | -1.088.069,"0,00% | 0,00% | 0,00% | 0,00% | 0,00% | 0%",,29ddías,581.691,581.691 | 581.691 | 581.691 | 581.691 | 581.691 | 0,Portero
Alfon,Sevilla,0 | 0 | 0 | 0 | 0 | +5.371.948,"0,00% | 0,00% | 0,00% | 0,00% | 0,00% | 0%",,29ddías,7.026.761,7.026.761 | 7.026.761 | 7.026.761 | 7.026.761 | 7.026.761 | 0,Delantero
Risco,Getafe,0 | 0 | 0 | 0 | 0 | -956.132,"0,00% | 0,00% | 0,00% | 0,00% | 0,00% | 0%",,29ddías,702.705,702.705 | 702.705 | 702.705 | 702.705 | 702.705 | 0,Mediocampista
Óskarsson,Real Sociedad,-144.028 | -311.269 | -469.528 | -1.046.215 | -2.445.035 | -6.220.548,"-1,61% | -3,42% | -5,07% | -10,63% | -21,75% | -41,42%",,32ddías,8.797.810,8.941.838 | 9.109.079 | 9.267.338 | 9.844.025 | 11.242.845 | 15.018.358,Delantero
Asencio,Real Madrid,-189.312 | -382.596 | -580.821 | -1.432.017 | -2.635.287 | -6.248.008,"-3,14% | -6,15% | -9,04% | -19,69% | -31,09% | -51,68%",,32ddías,5.841.740,6.031.052 | 6.224.336 | 6.422.561 | 7.273.757 | 8.477.027 | 12.089.748,Defensa
Alberto,Sevilla,0 | 0 | 0 | 0 | 0 | -982.564,"0,00% | 0,00% | 0,00% | 0,00% | 0,00% | 0%",,29ddías,702.633,702.633 | 702.633 | 702.633 | 702.633 | 702.633 | 0,Portero
Pau Navarro,Villarreal,-124.300 | -234.660 | -323.445 | -858.461 | -2.271.720 | -5.977.858,"-1,26% | -2,35% | -3,21% | -8,10% | -18,90% | -38,02%",,32ddías,9.745.586,9.869.886 | 9.980.246 | 10.069.031 | 10.604.047 | 12.017.306 | 15.723.444,Defensa
Etta Eyong,Levante,+657.091 | +1.166.537 | +1.832.909 | +4.811.229 | +7.618.194 | +12.181.671,"+3,07% | +5,58% | +9,05% | +27,85% | +52,65% | +122,98%",,31ddías,22.086.874,21.429.783 | 20.920.337 | 20.253.965 | 17.275.645 | 14.468.680 | 9.905.203,Delantero
Szczesny,Barcelona,-65.918 | -132.968 | -197.652 | -405.727 | -405.727 | +1.004.156,"-2,30% | -4,53% | -6,59% | -12,65% | -12,65% | 0%",,5ddías,2.802.673,2.868.591 | 2.935.641 | 3.000.325 | 3.208.400 | 3.208.400 | 0,Portero
Spina,Atlético,0 | 0 | 0 | 0 | 0 | -947.812,"0,00% | 0,00% | 0,00% | 0,00% | 0,00% | 0%",,29ddías,702.702,702.702 | 702.702 | 702.702 | 702.702 | 702.702 | 0,Defensa
Serrano,Atlético,-4.292 | -9.166 | -13.737 | -31.822 | -65.649 | -216.109,"-0,95% | -2,02% | -2,99% | -6,67% | -12,84% | -32,66%",,32ddías,445.621,449.913 | 454.787 | 459.358 | 477.443 | 511.270 | 661.730,Mediocampista
Sergio Gómez,Real Sociedad,-98.764 | -233.151 | -385.279 | -976.872 | -2.499.445 | -6.527.011,"-0,53% | -1,25% | -2,04% | -5,02% | -11,91% | -26,09%",,32ddías,18.485.601,18.584.365 | 18.718.752 | 18.870.880 | 19.462.473 | 20.985.046 | 25.012.612,Defensa
Bernal,Barcelona,+326.655 | +604.988 | +877.257 | +1.278.585 | +1.154.506 | +176.445,"+7,35% | +14,53% | +22,54% | +36,64% | +31,95% | 0%",,6ddías,4.768.430,4.441.775 | 4.163.442 | 3.891.173 | 3.489.845 | 3.613.924 | 0,Mediocampista
Endrick,Real Madrid,-95.532 | -186.126 | -247.964 | -478.877 | +6.864.264 | +6.864.264,"-1,27% | -2,44% | -3,23% | -6,05% | 0% | 0%",,9ddías,7.430.253,7.525.785 | 7.616.379 | 7.678.217 | 7.909.130 | 0 | 0,Delantero
Comesaña,Villarreal,+579.013 | +1.016.754 | +1.464.376 | +1.119.024 | -2.474.962 | -7.233.335,"+2,06% | +3,68% | +5,39% | +4,07% | -7,95% | -20,16%",,5ddías,28.639.838,28.060.825 | 27.623.084 | 27.175.462 | 27.520.814 | 31.114.800 | 35.873.173,Mediocampista
Jesús Vázquez,Valencia,-45.140 | -93.979 | -140.301 | -348.532 | -764.050 | -2.236.308,"-2,36% | -4,79% | -6,99% | -15,73% | -29,04% | -54,50%",,32ddías,1.867.371,1.912.511 | 1.961.350 | 2.007.672 | 2.215.903 | 2.631.421 | 4.103.679,Defensa
Carlos Martín,Atlético,0 | 0 | 0 | 0 | 0 | +561.949,"0,00% | 0,00% | 0,00% | 0,00% | 0,00% | 0%",,29ddías,2.218.490,2.218.490 | 2.218.490 | 2.218.490 | 2.218.490 | 2.218.490 | 0,Mediocampista
Fran Pérez,Rayo,-21.235 | -39.839 | -62.360 | -158.289 | -355.817 | -1.012.910,"-2,24% | -4,13% | -6,31% | -14,61% | -27,77% | -52,26%",,32ddías,925.300,946.535 | 965.139 | 987.660 | 1.083.589 | 1.281.117 | 1.938.210,Mediocampista
Hugo González,Celta,0 | 0 | 0 | 0 | 0 | -148.241,"0,00% | 0,00% | 0,00% | 0,00% | 0,00% | 0%",,29ddías,1.505.646,1.505.646 | 1.505.646 | 1.505.646 | 1.505.646 | 1.505.646 | 0,Mediocampista
Tárrega,Valencia,-59.891 | -125.058 | -173.116 | -351.001 | -1.119.665 | -3.510.404,"-0,66% | -1,37% | -1,88% | -3,75% | -11,05% | -28,03%",,32ddías,9.013.933,9.073.824 | 9.138.991 | 9.187.049 | 9.364.934 | 10.133.598 | 12.524.337,Defensa
Iranzo,Valencia,0 | 0 | 0 | 0 | 0 | -1.052.147,"0,00% | 0,00% | 0,00% | 0,00% | 0,00% | 0%",,29ddías,602.292,602.292 | 602.292 | 602.292 | 602.292 | 602.292 | 0,Defensa
Gerard,Villarreal,-152.577 | -364.205 | -503.005 | -1.661.683 | -4.215.864 | -10.518.675,"-0,52% | -1,23% | -1,69% | -5,38% | -12,60% | -26,46%",,32ddías,29.231.480,29.384.057 | 29.595.685 | 29.734.485 | 30.893.163 | 33.447.344 | 39.750.155,Delantero
Pepelu,Valencia,-88.006 | -206.800 | -320.674 | -662.881 | -1.487.486 | -2.761.691,"-1,12% | -2,59% | -3,97% | -7,87% | -16,08% | -26,24%",,27ddías,7.763.310,7.851.316 | 7.970.110 | 8.083.984 | 8.426.191 | 9.250.796 | 10.525.001,Mediocampista
Foyth,Villarreal,-34.697 | -232.743 | -488.263 | -1.465.303 | -1.903.537 | +8.960.434,"-0,32% | -2,14% | -4,39% | -12,10% | -15,17% | 0%",,8ddías,10.644.252,10.678.949 | 10.876.995 | 11.132.515 | 12.109.555 | 12.547.789 | 0,Defensa
Sörloth,Atlético,-336.740 | -626.939 | -933.133 | -2.197.586 | -4.986.454 | -12.683.232,"-1,25% | -2,30% | -3,39% | -7,64% | -15,80% | -32,31%",,32ddías,26.574.179,26.910.919 | 27.201.118 | 27.507.312 | 28.771.765 | 31.560.633 | 39.257.411,Delantero
Baena,Atlético,-1.287.831 | -2.672.905 | -4.091.424 | -9.129.335 | -1.824.911 | +18.648.046,"-2,03% | -4,12% | -6,18% | -12,81% | -2,85% | +42,89%",,8ddías,62.126.199,63.414.030 | 64.799.104 | 66.217.623 | 71.255.534 | 63.951.110 | 43.478.153,Mediocampista
Femenia,Getafe,-9.420 | -36.723 | -60.611 | -189.514 | -630.169 | -2.323.121,"-0,26% | -1,01% | -1,65% | -4,98% | -14,84% | -39,11%",,32ddías,3.617.299,3.626.719 | 3.654.022 | 3.677.910 | 3.806.813 | 4.247.468 | 5.940.420,Defensa
Terrats,Getafe,0 | 0 | 0 | 0 | 0 | +1.153.132,"0,00% | 0,00% | 0,00% | 0,00% | 0,00% | 0%",,29ddías,2.810.495,2.810.495 | 2.810.495 | 2.810.495 | 2.810.495 | 2.810.495 | 0,Mediocampista
Denis Suárez,Alavés,-53.367 | -116.514 | -181.452 | -462.371 | -1.073.958 | -3.124.720,"-1,85% | -3,95% | -6,03% | -14,04% | -27,51% | -52,47%",,32ddías,2.830.136,2.883.503 | 2.946.650 | 3.011.588 | 3.292.507 | 3.904.094 | 5.954.856,Mediocampista
Foulquier,Valencia,-82.653 | -169.606 | -238.062 | -484.262 | -809.358 | +1.246.538,"-2,77% | -5,52% | -7,57% | -14,29% | -21,79% | 0%",,10ddías,2.904.786,2.987.439 | 3.074.392 | 3.142.848 | 3.389.048 | 3.714.144 | 0,Defensa
Diego López,Valencia,-85.203 | -177.250 | -269.315 | -656.728 | -1.434.392 | -3.280.397,"-3,01% | -6,07% | -8,94% | -19,32% | -34,35% | -54,47%",,32ddías,2.741.974,2.827.177 | 2.919.224 | 3.011.289 | 3.398.702 | 4.176.366 | 6.022.371,Delantero
Altimira,Deportivo,-67.960 | -127.386 | -194.882 | -459.123 | -998.851 | -1.777.919,"-1,27% | -2,36% | -3,56% | -8,00% | -15,91% | -25,20%",,26ddías,5.278.120,5.346.080 | 5.405.506 | 5.473.002 | 5.737.243 | 6.276.971 | 7.056.039,Defensa
Marcão,Sevilla,-16.851 | -34.807 | -53.006 | -123.376 | -285.228 | -818.680,"-2,21% | -4,45% | -6,63% | -14,17% | -27,63% | -52,29%",,32ddías,747.047,763.898 | 781.854 | 800.053 | 870.423 | 1.032.275 | 1.565.727,Defensa
Urko,Espanyol,-37.385 | -86.364 | -135.936 | -277.599 | -754.119 | -2.146.666,"-0,76% | -1,74% | -2,72% | -5,40% | -13,42% | -30,62%",,29ddías,4.863.825,4.901.210 | 4.950.189 | 4.999.761 | 5.141.424 | 5.617.944 | 7.010.491,Mediocampista
Dmitrovic,Espanyol,+812.967 | +1.534.800 | +2.354.857 | +6.341.092 | +11.445.241 | +19.007.103,"+2,48% | +4,78% | +7,53% | +23,25% | +51,64% | +130,16%",,31ddías,33.610.198,32.797.231 | 32.075.398 | 31.255.341 | 27.269.106 | 22.164.957 | 14.603.095,Portero
Gattoni,Sevilla,-4.595 | -9.785 | -14.685 | -34.228 | -71.259 | -232.512,"-1,00% | -2,11% | -3,14% | -7,03% | -13,59% | -33,92%",,32ddías,452.898,457.493 | 462.683 | 467.583 | 487.126 | 524.157 | 685.410,Defensa
Pedrosa,Sevilla,0 | 0 | 0 | 0 | 0 | +1.657.838,"0,00% | 0,00% | 0,00% | 0,00% | 0,00% | 0%",,29ddías,3.312.788,3.312.788 | 3.312.788 | 3.312.788 | 3.312.788 | 3.312.788 | 0,Defensa
Jordan,Sevilla,-10.631 | -22.108 | -33.558 | -82.144 | -182.939 | -571.839,"-1,75% | -3,57% | -5,32% | -12,08% | -23,43% | -48,89%",,32ddías,597.759,608.390 | 619.867 | 631.317 | 679.903 | 780.698 | 1.169.598,Mediocampista
Mariano,Alavés,-24.469 | -52.489 | -83.303 | -220.043 | -508.349 | -1.511.960,"-2,13% | -4,47% | -6,91% | -16,39% | -31,17% | -57,39%",,32ddías,1.122.651,1.147.120 | 1.175.140 | 1.205.954 | 1.342.694 | 1.631.000 | 2.634.611,Delantero
Manu Bueno,Sevilla,0 | 0 | 0 | 0 | 0 | -851.801,"0,00% | 0,00% | 0,00% | 0,00% | 0,00% | 0%",,29ddías,802.099,802.099 | 802.099 | 802.099 | 802.099 | 802.099 | 0,Mediocampista
Gayà,Valencia,-165.758 | -345.804 | -513.286 | -1.044.019 | -2.447.448 | -5.918.101,"-1,39% | -2,85% | -4,17% | -8,13% | -17,19% | -33,42%",,32ddías,11.789.937,11.955.695 | 12.135.741 | 12.303.223 | 12.833.956 | 14.237.385 | 17.708.038,Defensa
Diakhaby,Valencia,-150.336 | -310.882 | -483.863 | -1.112.319 | -2.229.383 | +5.150.908,"-2,16% | -4,37% | -6,64% | -14,05% | -24,68% | 0%",,12ddías,6.805.025,6.955.361 | 7.115.907 | 7.288.888 | 7.917.344 | 9.034.408 | 0,Defensa
Canós,Valencia,-9.205 | -19.197 | -29.100 | -70.827 | -835.874 | -835.874,"-1,61% | -3,29% | -4,91% | -11,16% | 0% | 0%",,9ddías,563.542,572.747 | 582.739 | 592.642 | 634.369 | 0 | 0,Delantero
Javi Guerra,Valencia,-93.758 | -319.590 | -478.896 | -1.161.349 | -2.656.292 | +21.406.729,"-0,38% | -1,30% | -1,93% | -4,56% | -9,84% | 0%",,22ddías,24.334.080,24.427.838 | 24.653.670 | 24.812.976 | 25.495.429 | 26.990.372 | 0,Mediocampista
Duro,Valencia,-74.853 | -195.512 | -319.304 | -671.565 | -1.487.259 | -3.054.800,"-0,83% | -2,14% | -3,45% | -7,00% | -14,28% | -25,49%",,27ddías,8.928.612,9.003.465 | 9.124.124 | 9.247.916 | 9.600.177 | 10.415.871 | 11.983.412,Delantero
Almeida,Valencia,-76.548 | -152.763 | -235.002 | -578.754 | -1.254.137 | -3.424.828,"-2,54% | -4,93% | -7,39% | -16,43% | -29,88% | -53,78%",,32ddías,2.943.036,3.019.584 | 3.095.799 | 3.178.038 | 3.521.790 | 4.197.173 | 6.367.864,Mediocampista
Rivero,Valencia,-8.763 | -18.294 | -27.717 | -67.316 | -148.379 | -421.577,"-1,56% | -3,20% | -4,77% | -10,85% | -21,16% | -43,26%",,15ddías,552.933,561.696 | 571.227 | 580.650 | 620.249 | 701.312 | 974.510,Portero
Akhomach,Villarreal,-153.163 | -312.474 | -474.522 | -1.132.271 | -1.854.241 | +4.521.069,"-2,42% | -4,82% | -7,14% | -15,49% | -23,09% | 0%",,10ddías,6.175.880,6.329.043 | 6.488.354 | 6.650.402 | 7.308.151 | 8.030.121 | 0,Delantero
Íñigo Pérez,Villarreal,+716.388 | +709.848 | +719.829 | +729.601 | +634.584 | +399.895,"+32,71% | +32,32% | +32,92% | +33,52% | +27,93% | 0%",,1ddías,2.906.457,2.190.069 | 2.196.609 | 2.186.628 | 2.176.856 | 2.271.873 | 0,
Manu Sánchez,Levante,0 | 0 | 0 | 0 | -484.326 | +3.868.999,"0,00% | 0,00% | 0,00% | 0,00% | -8,04% | 0%",,7ddías,5.538.185,5.538.185 | 5.538.185 | 5.538.185 | 5.538.185 | 6.022.511 | 0,Defensa
Boyomo,Osasuna,+512.049 | +1.010.203 | +1.499.342 | +3.568.093 | +6.658.725 | +9.703.409,"+2,12% | +4,26% | +6,46% | +16,88% | +36,89% | +64,66%",,28ddías,24.710.365,24.198.316 | 23.700.162 | 23.211.023 | 21.142.272 | 18.051.640 | 15.006.956,Defensa
Mbappé,Real Madrid,+151.887 | +51.262 | +48.904 | -1.050.795 | -12.534.133 | -25.153.323,"+0,12% | +0,04% | +0,04% | -0,80% | -8,77% | 0%",,1ddías,130.332.116,130.180.229 | 130.280.854 | 130.283.212 | 131.382.911 | 142.866.249 | 0,Delantero
Romero,Villarreal,+866.133 | +1.533.415 | +2.314.091 | +3.648.278 | +794.068 | +8.150.176,"+2,47% | +4,46% | +6,88% | +11,30% | +2,26% | 0%",,7ddías,35.925.288,35.059.155 | 34.391.873 | 33.611.197 | 32.277.010 | 35.131.220 | 0,Defensa
Rosier,Osasuna,-220.246 | -448.383 | -686.945 | -1.690.996 | -3.201.683 | -3.951.138,"-2,94% | -5,81% | -8,63% | -18,87% | -30,57% | -35,21%",,27ddías,7.271.214,7.491.460 | 7.719.597 | 7.958.159 | 8.962.210 | 10.472.897 | 11.222.352,Defensa
Mouriño,Villarreal,+530.797 | +1.010.036 | +1.560.884 | +4.101.180 | +7.951.888 | +14.951.962,"+1,42% | +2,74% | +4,30% | +12,16% | +26,60% | +65,32%",,30ddías,37.840.850,37.310.053 | 36.830.814 | 36.279.966 | 33.739.670 | 29.888.962 | 22.888.888,Defensa
Serrano,Athletic,-32.023 | -64.829 | -99.297 | -249.351 | -543.026 | -1.510.616,"-2,80% | -5,51% | -8,20% | -18,33% | -32,83% | -57,62%",,33ddías,1.111.174,1.143.197 | 1.176.003 | 1.210.471 | 1.360.525 | 1.654.200 | 2.621.790,Delantero
Raba,Valencia,-48.806 | -99.042 | -151.532 | -373.352 | -801.163 | -2.306.976,"-2,46% | -4,86% | -7,25% | -16,16% | -29,25% | -54,35%",,32ddías,1.937.443,1.986.249 | 2.036.485 | 2.088.975 | 2.310.795 | 2.738.606 | 4.244.419,Delantero
Conde,Betis,0 | 0 | 0 | +86.068 | -422.765 | -1.648.542,"0,00% | 0,00% | 0,00% | +2,91% | -12,20% | -35,15%",,6ddías,3.041.589,3.041.589 | 3.041.589 | 3.041.589 | 2.955.521 | 3.464.354 | 4.690.131,Portero
Raul Moro,Osasuna,+216.364 | +447.626 | +673.101 | +1.565.360 | +1.280.077 | -219.604,"+1,84% | +3,88% | +5,95% | +15,03% | +11,96% | -1,80%",,9ddías,11.980.680,11.764.316 | 11.533.054 | 11.307.579 | 10.415.320 | 10.700.603 | 12.200.284,Delantero
Fortuño,Espanyol,-11.770 | -24.435 | -26.319 | -78.472 | -157.726 | -548.472,"-1,85% | -3,76% | -4,04% | -11,15% | -20,15% | -46,73%",,12ddías,625.110,636.880 | 649.545 | 651.429 | 703.582 | 782.836 | 1.173.582,Portero
Calero,Málaga,0 | 0 | 0 | 0 | 0 | +1.835.701,"0,00% | 0,00% | 0,00% | 0,00% | 0,00% | 0%",,29ddías,3.513.120,3.513.120 | 3.513.120 | 3.513.120 | 3.513.120 | 3.513.120 | 0,Defensa
Rubén Sánchez,Espanyol,-6.941 | -14.575 | -22.022 | -52.856 | -114.676 | -368.926,"-1,34% | -2,78% | -4,15% | -9,40% | -18,38% | -42,01%",,32ddías,509.217,516.158 | 523.792 | 531.239 | 562.073 | 623.893 | 878.143,Mediocampista
El Hilali,Espanyol,+101.865 | +240.391 | +439.538 | +1.006.983 | +1.762.159 | +2.245.448,"+1,31% | +3,15% | +5,91% | +14,65% | +28,80% | +39,84%",,16ddías,7.881.355,7.779.490 | 7.640.964 | 7.441.817 | 6.874.372 | 6.119.196 | 5.635.907,Defensa
Edu Expósito,Espanyol,-116.014 | -294.058 | -511.519 | -1.659.651 | -4.208.686 | -14.316.895,"-0,43% | -1,08% | -1,87% | -5,82% | -13,55% | 0%",,21ddías,26.849.498,26.965.512 | 27.143.556 | 27.361.017 | 28.509.149 | 31.058.184 | 0,Mediocampista
Jofre,Espanyol,-24.817 | -54.818 | -84.839 | -199.208 | -479.799 | -1.435.612,"-1,88% | -4,06% | -6,15% | -13,34% | -27,05% | -52,59%",,32ddías,1.293.980,1.318.797 | 1.348.798 | 1.378.819 | 1.493.188 | 1.773.779 | 2.729.592,Delantero
Pere Milla,Espanyol,-88.712 | -237.797 | -342.974 | -697.169 | -491.729 | +893.867,"-0,88% | -2,32% | -3,31% | -6,50% | -4,68% | +9,79%",,10ddías,10.023.621,10.112.333 | 10.261.418 | 10.366.595 | 10.720.790 | 10.515.350 | 9.129.754,Delantero
Lozano,Espanyol,-45.966 | -90.400 | -133.789 | -357.335 | -800.513 | -2.387.022,"-1,76% | -3,40% | -4,95% | -12,21% | -23,75% | -48,16%",,32ddías,2.569.560,2.615.526 | 2.659.960 | 2.703.349 | 2.926.895 | 3.370.073 | 4.956.582,Mediocampista
Puado,Espanyol,-253.102 | -525.956 | -802.985 | -1.997.487 | -4.351.930 | -6.633.803,"-2,96% | -5,96% | -8,82% | -19,40% | -34,41% | -44,43%",,23ddías,8.296.281,8.549.383 | 8.822.237 | 9.099.266 | 10.293.768 | 12.648.211 | 14.930.084,Mediocampista
Raúl García,Osasuna,-47.383 | -98.040 | -149.961 | -368.553 | -835.949 | -2.413.289,"-2,12% | -4,29% | -6,42% | -14,42% | -27,66% | -52,46%",,32ddías,2.186.660,2.234.043 | 2.284.700 | 2.336.621 | 2.555.213 | 3.022.609 | 4.599.949,Delantero
Joan Garcia,Barcelona,+2.389.247 | +4.321.411 | +5.861.168 | +2.536.302 | +2.536.302 | +2.112.659,"+4,75% | +8,93% | +12,51% | +5,05% | +5,05% | 0%",,3ddías,52.729.718,50.340.471 | 48.408.307 | 46.868.550 | 50.193.416 | 50.193.416 | 0,Portero
Cabrera,Espanyol,-7.017 | -36.612 | -26.532 | -362.363 | -1.363.263 | +5.367.242,"-0,04% | -0,22% | -0,16% | -2,13% | -7,58% | 0%",,2ddías,16.626.005,16.633.022 | 16.662.617 | 16.652.537 | 16.988.368 | 17.989.268 | 0,Defensa
Juanmi,Getafe,-13.885 | -28.751 | -43.732 | -107.975 | -243.147 | -725.010,"-2,01% | -4,08% | -6,08% | -13,78% | -26,46% | -51,75%",,32ddías,675.861,689.746 | 704.612 | 719.593 | 783.836 | 919.008 | 1.400.871,Delantero
Fornals,Betis,-989.470 | -2.211.556 | -3.467.497 | -9.522.973 | -23.356.169 | -80.006.879,"-1,54% | -3,38% | -5,19% | -13,08% | -26,96% | 0%",,15ddías,63.282.421,64.271.891 | 65.493.977 | 66.749.918 | 72.805.394 | 86.638.590 | 0,Mediocampista
Kike Salas,Sevilla,-69.992 | -177.467 | -205.374 | -551.622 | -1.637.884 | -4.442.765,"-0,59% | -1,49% | -1,72% | -4,49% | -12,26% | -27,48%",,30ddías,11.726.894,11.796.886 | 11.904.361 | 11.932.268 | 12.278.516 | 13.364.778 | 16.169.659,Defensa
F. Carreras,Real Madrid,-373.588 | -770.743 | -1.140.615 | -2.732.568 | -6.003.919 | -14.255.903,"-2,42% | -4,87% | -7,04% | -15,36% | -28,51% | -48,64%",,32ddías,15.053.370,15.426.958 | 15.824.113 | 16.193.985 | 17.785.938 | 21.057.289 | 29.309.273,Defensa
Giuliano,Atlético,-968.353 | -2.056.068 | -3.074.586 | -6.188.890 | -1.899.260 | +15.140.989,"-1,94% | -4,04% | -5,92% | -11,24% | -3,74% | +44,86%",,8ddías,48.890.824,49.859.177 | 50.946.892 | 51.965.410 | 55.079.714 | 50.790.084 | 33.749.835,Delantero
Batalla,Rayo,+746.260 | +1.574.497 | +2.374.397 | +5.817.691 | +11.215.760 | +20.919.610,"+1,85% | +3,99% | +6,14% | +16,52% | +37,62% | +104,04%",,31ddías,41.027.657,40.281.397 | 39.453.160 | 38.653.260 | 35.209.966 | 29.811.897 | 20.108.047,Portero
Romero,Sevilla,-2.298 | -34.540 | -53.737 | -231.054 | -767.118 | -2.378.664,"-0,04% | -0,57% | -0,88% | -3,66% | -11,21% | -28,13%",,28ddías,6.077.633,6.079.931 | 6.112.173 | 6.131.370 | 6.308.687 | 6.844.751 | 8.456.297,Delantero
Cardoso,Atlético,-209.544 | -423.021 | -635.396 | -1.570.858 | -3.419.523 | -7.845.495,"-2,88% | -5,65% | -8,25% | -18,19% | -32,61% | -52,61%",,29ddías,7.066.496,7.276.040 | 7.489.517 | 7.701.892 | 8.637.354 | 10.486.019 | 14.911.991,Mediocampista
Moriba,Celta,+112.417 | +268.946 | +512.952 | +1.352.637 | +1.574.348 | -1.593.092,"+1,10% | +2,67% | +5,22% | +15,06% | +17,98% | -13,36%",,11ddías,10.331.375,10.218.958 | 10.062.429 | 9.818.423 | 8.978.738 | 8.757.027 | 11.924.467,Mediocampista
Agoume,Sevilla,-10.883 | -54.789 | -85.645 | -181.652 | -550.041 | -1.050.444,"-0,19% | -0,95% | -1,48% | -3,08% | -8,78% | -15,52%",,27ddías,5.716.535,5.727.418 | 5.771.324 | 5.802.180 | 5.898.187 | 6.266.576 | 6.766.979,Mediocampista
Guedes,Real Sociedad,-1.360.595 | -2.475.047 | -3.388.635 | -7.224.126 | -16.538.935 | -15.337.709,"-3,02% | -5,37% | -7,20% | -14,20% | -27,48% | 0%",,17ddías,43.643.546,45.004.141 | 46.118.593 | 47.032.181 | 50.867.672 | 60.182.481 | 0,Delantero
Fort,Barcelona,-95.591 | -192.759 | -293.872 | -762.345 | -955.155 | +2.380.875,"-2,30% | -4,53% | -6,74% | -15,79% | -19,03% | 0%",,8ddías,4.064.221,4.159.812 | 4.256.980 | 4.358.093 | 4.826.566 | 5.019.376 | 0,Defensa
Thiago,Villarreal,0 | 0 | 0 | 0 | 0 | 0,0% | 0% | 0% | 0% | 0% | 0%,,38ddías,1.660.575,0 | 0 | 0 | 0 | 0 | 0,Mediocampista
Javi López,Real Sociedad,0 | 0 | 0 | 0 | 0 | 0,0% | 0% | 0% | 0% | 0% | 0%,,38ddías,1.656.670,0 | 0 | 0 | 0 | 0 | 0,Defensa
Lemar,Atlético,0 | 0 | 0 | 0 | 0 | 0,0% | 0% | 0% | 0% | 0% | 0%,,38ddías,1.680.630,0 | 0 | 0 | 0 | 0 | 0,Mediocampista
M. Alonso,Celta,0 | 0 | 0 | 0 | 0 | 0,0% | 0% | 0% | 0% | 0% | 0%,,38ddías,71.704.119,0 | 0 | 0 | 0 | 0 | 0,Defensa
Guido,Valencia,0 | 0 | 0 | 0 | 0 | 0,0% | 0% | 0% | 0% | 0% | 0%,,38ddías,1.925.541,0 | 0 | 0 | 0 | 0 | 0,Mediocampista
Rincón,Athletic,0 | 0 | 0 | 0 | 0 | 0,0% | 0% | 0% | 0% | 0% | 0%,,38ddías,1.658.593,0 | 0 | 0 | 0 | 0 | 0,Defensa
Forés,Villarreal,0 | 0 | 0 | 0 | 0 | 0,0% | 0% | 0% | 0% | 0% | 0%,,38ddías,1.653.899,0 | 0 | 0 | 0 | 0 | 0,Delantero
Carlos Espí,Real Madrid,0 | 0 | 0 | 0 | 0 | 0,0% | 0% | 0% | 0% | 0% | 0%,,38ddías,3.531.129,0 | 0 | 0 | 0 | 0 | 0,Delantero
Satriano,Getafe,0 | 0 | 0 | 0 | 0 | 0,0% | 0% | 0% | 0% | 0% | 0%,,38ddías,4.336.426,0 | 0 | 0 | 0 | 0 | 0,Delantero
Neyou,Getafe,0 | 0 | 0 | 0 | 0 | 0,0% | 0% | 0% | 0% | 0% | 0%,,187ddías,604.547,0 | 0 | 0 | 0 | 0 | 0,Mediocampista
Maras,Alavés,0 | 0 | 0 | 0 | 0 | 0,0% | 0% | 0% | 0% | 0% | 0%,,190ddías,590.024,0 | 0 | 0 | 0 | 0 | 0,Defensa
Goti,Real Sociedad,0 | 0 | 0 | 0 | 0 | 0,0% | 0% | 0% | 0% | 0% | 0%,,193ddías,590.263,0 | 0 | 0 | 0 | 0 | 0,Mediocampista
Diarra,Alavés,0 | 0 | 0 | 0 | 0 | 0,0% | 0% | 0% | 0% | 0% | 0%,,193ddías,591.470,0 | 0 | 0 | 0 | 0 | 0,Defensa
Ali Houary,Elche,0 | 0 | 0 | 0 | 0 | 0,0% | 0% | 0% | 0% | 0% | 0%,,197ddías,592.065,0 | 0 | 0 | 0 | 0 | 0,Delantero
Javier Hernández,Espanyol,0 | 0 | 0 | 0 | 0 | 0,0% | 0% | 0% | 0% | 0% | 0%,,211ddías,575.023,0 | 0 | 0 | 0 | 0 | 0,Delantero
Bauzà,Espanyol,0 | 0 | 0 | 0 | 0 | 0,0% | 0% | 0% | 0% | 0% | 0%,,339ddías,318.649,0 | 0 | 0 | 0 | 0 | 0,Mediocampista
Uche,Getafe,0 | 0 | 0 | 0 | 0 | 0,0% | 0% | 0% | 0% | 0% | 0%,,340ddías,12.405.015,0 | 0 | 0 | 0 | 0 | 0,Mediocampista
Pablo López,Valencia,0 | 0 | 0 | 0 | 0 | 0,0% | 0% | 0% | 0% | 0% | 0%,,340ddías,441.041,0 | 0 | 0 | 0 | 0 | 0,Delantero
Alberto Marí,Valencia,0 | 0 | 0 | 0 | 0 | 0,0% | 0% | 0% | 0% | 0% | 0%,,341ddías,787.986,0 | 0 | 0 | 0 | 0 | 0,Delantero
Novoa,Alavés,0 | 0 | 0 | 0 | 0 | 0,0% | 0% | 0% | 0% | 0% | 0%,,341ddías,661.162,0 | 0 | 0 | 0 | 0 | 0,Defensa
Pelayo,Rayo,0 | 0 | 0 | 0 | 0 | 0,0% | 0% | 0% | 0% | 0% | 0%,,341ddías,1.722.279,0 | 0 | 0 | 0 | 0 | 0,Defensa
Hinojo,Espanyol,0 | 0 | 0 | 0 | 0 | 0,0% | 0% | 0% | 0% | 0% | 0%,,345ddías,317.496,0 | 0 | 0 | 0 | 0 | 0,Defensa
Djaló,Athletic,0 | 0 | 0 | 0 | 0 | 0,0% | 0% | 0% | 0% | 0% | 0%,,376ddías,8.434.683,0 | 0 | 0 | 0 | 0 | 0,Delantero
Owono,Alavés,0 | 0 | 0 | 0 | 0 | 0,0% | 0% | 0% | 0% | 0% | 0%,,376ddías,828.372,0 | 0 | 0 | 0 | 0 | 0,Portero
Berrocal,Getafe,0 | 0 | 0 | 0 | 0 | 0,0% | 0% | 0% | 0% | 0% | 0%,,376ddías,1.058.833,0 | 0 | 0 | 0 | 0 | 0,Defensa
De Tomás,Rayo,0 | 0 | 0 | 0 | 0 | 0,0% | 0% | 0% | 0% | 0% | 0%,,380ddías,3.229.388,0 | 0 | 0 | 0 | 0 | 0,Delantero
Eneko Ortiz,Villarreal,0 | 0 | 0 | 0 | 0 | 0,0% | 0% | 0% | 0% | 0% | 0%,,400ddías,1.718.986,0 | 0 | 0 | 0 | 0 | 0,Defensa
Eto'o,Rayo,0 | 0 | 0 | 0 | 0 | 0,0% | 0% | 0% | 0% | 0% | 0%,,400ddías,1.718.988,0 | 0 | 0 | 0 | 0 | 0,Delantero
Raúl Jiménez,Valencia,0 | 0 | 0 | 0 | 0 | 0,0% | 0% | 0% | 0% | 0% | 0%,,400ddías,1.561.503,0 | 0 | 0 | 0 | 0 | 0,Portero
Collado,Sevilla,0 | 0 | 0 | 0 | 0 | 0,0% | 0% | 0% | 0% | 0% | 0%,,400ddías,1.718.988,0 | 0 | 0 | 0 | 0 | 0,Mediocampista
Canales,Athletic,0 | 0 | 0 | 0 | 0 | 0,0% | 0% | 0% | 0% | 0% | 0%,,400ddías,1.623.251,0 | 0 | 0 | 0 | 0 | 0,Delantero
Serred,Espanyol,0 | 0 | 0 | 0 | 0 | 0,0% | 0% | 0% | 0% | 0% | 0%,,400ddías,1.731.552,0 | 0 | 0 | 0 | 0 | 0,Portero
Carrillo,Celta,0 | 0 | 0 | 0 | 0 | 0,0% | 0% | 0% | 0% | 0% | 0%,,400ddías,1.567.556,0 | 0 | 0 | 0 | 0 | 0,Portero
Adrián,Alavés,0 | 0 | 0 | 0 | 0 | 0,0% | 0% | 0% | 0% | 0% | 0%,,400ddías,1.640.215,0 | 0 | 0 | 0 | 0 | 0,Portero
Yaakobishvili,Barcelona,0 | 0 | 0 | 0 | 0 | 0,0% | 0% | 0% | 0% | 0% | 0%,,400ddías,1.639.280,0 | 0 | 0 | 0 | 0 | 0,Portero
Solà,Atlético,0 | 0 | 0 | 0 | 0 | 0,0% | 0% | 0% | 0% | 0% | 0%,,400ddías,1.640.523,0 | 0 | 0 | 0 | 0 | 0,Defensa
Córdoba,Valencia,0 | 0 | 0 | 0 | 0 | 0,0% | 0% | 0% | 0% | 0% | 0%,,400ddías,1.548.667,0 | 0 | 0 | 0 | 0 | 0,Defensa
Olabarrieta,Athletic,0 | 0 | 0 | 0 | 0 | 0,0% | 0% | 0% | 0% | 0% | 0%,,400ddías,1.717.797,0 | 0 | 0 | 0 | 0 | 0,Delantero
Abril,Valencia,0 | 0 | 0 | 0 | 0 | 0,0% | 0% | 0% | 0% | 0% | 0%,,400ddías,1.728.051,0 | 0 | 0 | 0 | 0 | 0,Portero
De Llanos,Real Madrid,0 | 0 | 0 | 0 | 0 | 0,0% | 0% | 0% | 0% | 0% | 0%,,400ddías,1.622.168,0 | 0 | 0 | 0 | 0 | 0,Mediocampista
Rupérez,Real Sociedad,0 | 0 | 0 | 0 | 0 | 0,0% | 0% | 0% | 0% | 0% | 0%,,400ddías,1.626.247,0 | 0 | 0 | 0 | 0 | 0,Defensa
Balda,Real Sociedad,0 | 0 | 0 | 0 | 0 | 0,0% | 0% | 0% | 0% | 0% | 0%,,400ddías,1.718.912,0 | 0 | 0 | 0 | 0 | 0,Defensa
Santana,Valencia,0 | 0 | 0 | 0 | 0 | 0,0% | 0% | 0% | 0% | 0% | 0%,,400ddías,1.723.821,0 | 0 | 0 | 0 | 0 | 0,Delantero
Carlos,Atlético,0 | 0 | 0 | 0 | 0 | 0,0% | 0% | 0% | 0% | 0% | 0%,,400ddías,1.718.547,0 | 0 | 0 | 0 | 0 | 0,Defensa
Rivas,Real Madrid,0 | 0 | 0 | 0 | 0 | 0,0% | 0% | 0% | 0% | 0% | 0%,,400ddías,1.718.751,0 | 0 | 0 | 0 | 0 | 0,Defensa
Requena,Levante,0 | 0 | 0 | 0 | 0 | 0,0% | 0% | 0% | 0% | 0% | 0%,,400ddías,1.621.683,0 | 0 | 0 | 0 | 0 | 0,Mediocampista
Isra,Sevilla,0 | 0 | 0 | 0 | 0 | 0,0% | 0% | 0% | 0% | 0% | 0%,,400ddías,1.718.237,0 | 0 | 0 | 0 | 0 | 0,Delantero
Medenica,Getafe,0 | 0 | 0 | 0 | 0 | 0,0% | 0% | 0% | 0% | 0% | 0%,,400ddías,1.560.264,0 | 0 | 0 | 0 | 0 | 0,Portero
Cortés,Barcelona,0 | 0 | 0 | 0 | 0 | 0,0% | 0% | 0% | 0% | 0% | 0%,,400ddías,1.718.327,0 | 0 | 0 | 0 | 0 | 0,Defensa
Busto,Betis,0 | 0 | 0 | 0 | 0 | 0,0% | 0% | 0% | 0% | 0% | 0%,,400ddías,1.621.161,0 | 0 | 0 | 0 | 0 | 0,Defensa
Juan Cruz,Málaga,0 | 0 | 0 | 0 | 0 | 0,0% | 0% | 0% | 0% | 0% | 0%,,438ddías,19.968.443,0 | 0 | 0 | 0 | 0 | 0,Mediocampista
Mandi,Levante,0 | 0 | 0 | 0 | 0 | 0,0% | 0% | 0% | 0% | 0% | 0%,,721ddías,1.879.755,0 | 0 | 0 | 0 | 0 | 0,Defensa
Miguel,Alavés,0 | 0 | 0 | 0 | 0 | 0,0% | 0% | 0% | 0% | 0% | 0%,,722ddías,679.761,0 | 0 | 0 | 0 | 0 | 0,Delantero
Joseda,Alavés,0 | 0 | 0 | 0 | 0 | 0,0% | 0% | 0% | 0% | 0% | 0%,,766ddías,300.000,0 | 0 | 0 | 0 | 0 | 0,Defensa
Mendes,Alavés,0 | 0 | 0 | 0 | 0 | 0,0% | 0% | 0% | 0% | 0% | 0%,,767ddías,500.000,0 | 0 | 0 | 0 | 0 | 0,Mediocampista
Mario,Valencia,0 | 0 | 0 | 0 | 0 | 0,0% | 0% | 0% | 0% | 0% | 0%,,767ddías,500.000,0 | 0 | 0 | 0 | 0 | 0,Delantero
Diallo,Alavés,0 | 0 | 0 | 0 | 0 | 0,0% | 0% | 0% | 0% | 0% | 0%,,767ddías,1.000.000,0 | 0 | 0 | 0 | 0 | 0,Mediocampista
Ian Forns,Betis,0 | 0 | 0 | 0 | 0 | 0,0% | 0% | 0% | 0% | 0% | 0%,,767ddías,500.000,0 | 0 | 0 | 0 | 0 | 0,Defensa
Mario,Valencia,0 | 0 | 0 | 0 | 0 | 0,0% | 0% | 0% | 0% | 0% | 0%,,1ddías,760.408,0 | 0 | 0 | 0 | 0 | 0,Mediocampista