Jugador,Equipo,DiferenciaDif.,% Dif,Acel.,Tend.,Valor,Valor ant.Ant.,Posición
Karrikaburu,Real Sociedad,-7.228 | -14.480 | -22.362 | -67.016 | -153.637 | -454.916,"-1,30% | -2,58% | -3,92% | -10,90% | -21,91% | -45,37%",,43ddías,547.663,554.891 | 562.143 | 570.025 | 614.679 | 701.300 | 1.002.579,Delantero
Javi Navarro,Real Madrid,0 | 0 | 0 | 0 | 0 | 0,"0,00% | 0,00% | 0,00% | 0,00% | 0,00% | 0,00%",,40ddías,702.622,702.622 | 702.622 | 702.622 | 702.622 | 702.622 | 702.622,Portero
Monreal,Athletic,0 | 0 | 0 | 0 | 0 | 0,"0,00% | 0,00% | 0,00% | 0,00% | 0,00% | 0,00%",,40ddías,602.257,602.257 | 602.257 | 602.257 | 602.257 | 602.257 | 602.257,Defensa
Adrián Pérez,Athletic,0 | 0 | 0 | 0 | 0 | 0,"0,00% | 0,00% | 0,00% | 0,00% | 0,00% | 0,00%",,40ddías,602.257,602.257 | 602.257 | 602.257 | 602.257 | 602.257 | 602.257,Delantero
Juan Hernández,Barcelona,0 | 0 | 0 | 0 | 0 | 0,"0,00% | 0,00% | 0,00% | 0,00% | 0,00% | 0,00%",,40ddías,581.760,581.760 | 581.760 | 581.760 | 581.760 | 581.760 | 581.760,Mediocampista
Espart,Barcelona,0 | 0 | 0 | 0 | 0 | 0,"0,00% | 0,00% | 0,00% | 0,00% | 0,00% | 0,00%",,40ddías,702.705,702.705 | 702.705 | 702.705 | 702.705 | 702.705 | 702.705,Defensa
Benito,Getafe,0 | 0 | 0 | 0 | 0 | 0,"0,00% | 0,00% | 0,00% | 0,00% | 0,00% | 0,00%",,40ddías,602.319,602.319 | 602.319 | 602.319 | 602.319 | 602.319 | 602.319,Portero
Aleksandrov,Getafe,0 | 0 | 0 | 0 | 0 | 0,"0,00% | 0,00% | 0,00% | 0,00% | 0,00% | 0,00%",,40ddías,602.319,602.319 | 602.319 | 602.319 | 602.319 | 602.319 | 602.319,Delantero
Beitia,Real Sociedad,0 | 0 | 0 | 0 | 0 | 0,"0,00% | 0,00% | 0,00% | 0,00% | 0,00% | 0,00%",,40ddías,501.861,501.861 | 501.861 | 501.861 | 501.861 | 501.861 | 501.861,Defensa
Aller,Barcelona,0 | 0 | 0 | 0 | 0 | 0,"0,00% | 0,00% | 0,00% | 0,00% | 0,00% | 0,00%",,40ddías,702.705,702.705 | 702.705 | 702.705 | 702.705 | 702.705 | 702.705,Portero
Lebarbier,Real Sociedad,0 | 0 | 0 | 0 | 0 | 0,"0,00% | 0,00% | 0,00% | 0,00% | 0,00% | 0,00%",,40ddías,602.234,602.234 | 602.234 | 602.234 | 602.234 | 602.234 | 602.234,Defensa
Barry,Villarreal,0 | 0 | 0 | 0 | 0 | 0,"0,00% | 0,00% | 0,00% | 0,00% | 0,00% | 0,00%",,40ddías,602.292,602.292 | 602.292 | 602.292 | 602.292 | 602.292 | 602.292,Mediocampista
Delgado,Elche,0 | 0 | 0 | 0 | 0 | 0,"0,00% | 0,00% | 0,00% | 0,00% | 0,00% | 0,00%",,40ddías,602.324,602.324 | 602.324 | 602.324 | 602.324 | 602.324 | 602.324,Defensa
Álvaro,Villarreal,0 | 0 | 0 | 0 | 0 | 0,"0,00% | 0,00% | 0,00% | 0,00% | 0,00% | 0,00%",,40ddías,501.929,501.929 | 501.929 | 501.929 | 501.929 | 501.929 | 501.929,Defensa
Selton,Athletic,0 | 0 | 0 | 0 | 0 | 0,"0,00% | 0,00% | 0,00% | 0,00% | 0,00% | 0,00%",,40ddías,602.257,602.257 | 602.257 | 602.257 | 602.257 | 602.257 | 602.257,Mediocampista
Meixús,Celta,0 | 0 | 0 | 0 | 0 | 0,"0,00% | 0,00% | 0,00% | 0,00% | 0,00% | 0,00%",,40ddías,485.372,485.372 | 485.372 | 485.372 | 485.372 | 485.372 | 485.372,Defensa
Ballestero,Alavés,0 | 0 | 0 | 0 | 0 | 0,"0,00% | 0,00% | 0,00% | 0,00% | 0,00% | 0,00%",,40ddías,602.316,602.316 | 602.316 | 602.316 | 602.316 | 602.316 | 602.316,Defensa
Martínez Bastida,Elche,0 | 0 | 0 | 0 | 0 | 0,"0,00% | 0,00% | 0,00% | 0,00% | 0,00% | 0,00%",,40ddías,602.324,602.324 | 602.324 | 602.324 | 602.324 | 602.324 | 602.324,Mediocampista
Al Lal,Elche,0 | 0 | 0 | 0 | 0 | 0,"0,00% | 0,00% | 0,00% | 0,00% | 0,00% | 0,00%",,40ddías,501.936,501.936 | 501.936 | 501.936 | 501.936 | 501.936 | 501.936,Delantero
Mikautadze,Villarreal,+593.182 | +764.940 | +1.115.782 | +4.283.988 | +9.858.306 | +14.106.631,"+0,94% | +1,22% | +1,79% | +7,23% | +18,36% | +28,53%",,36ddías,63.554.487,62.961.305 | 62.789.547 | 62.438.705 | 59.270.499 | 53.696.181 | 49.447.856,Delantero
Carlos Soler,Real Sociedad,+329.252 | +576.471 | +811.756 | +1.811.504 | +743.914 | -4.228.936,"+1,02% | +1,80% | +2,56% | +5,90% | +2,34% | -11,50%",,7ddías,32.532.052,32.202.800 | 31.955.581 | 31.720.296 | 30.720.548 | 31.788.138 | 36.760.988,Mediocampista
Folgado,Real Sociedad,0 | 0 | 0 | 0 | 0 | 0,"0,00% | 0,00% | 0,00% | 0,00% | 0,00% | 0,00%",,40ddías,702.606,702.606 | 702.606 | 702.606 | 702.606 | 702.606 | 702.606,Portero
Álex Costa,Sevilla,0 | 0 | 0 | 0 | 0 | 0,"0,00% | 0,00% | 0,00% | 0,00% | 0,00% | 0,00%",,40ddías,602.284,602.284 | 602.284 | 602.284 | 602.284 | 602.284 | 602.284,Delantero
Oso,Sevilla,-200.311 | -356.055 | -270.536 | -1.202.637 | -1.202.637 | -1.202.637,"-1,53% | -2,70% | -2,06% | -8,56% | -8,56% | -8,56%",,2ddías,12.850.695,13.051.006 | 13.206.750 | 13.121.231 | 14.053.332 | 14.053.332 | 14.053.332,Defensa
Cardoso,Sevilla,-17.318 | -35.081 | -52.093 | -135.522 | -316.342 | -916.415,"-2,15% | -4,25% | -6,19% | -14,65% | -28,60% | -53,71%",,43ddías,789.821,807.139 | 824.902 | 841.914 | 925.343 | 1.106.163 | 1.706.236,Defensa
Navarro,Valencia,0 | 0 | 0 | 0 | 0 | 0,"0,00% | 0,00% | 0,00% | 0,00% | 0,00% | 0,00%",,40ddías,501.909,501.909 | 501.909 | 501.909 | 501.909 | 501.909 | 501.909,Defensa
Krug,Levante,0 | 0 | 0 | 0 | 0 | 0,"0,00% | 0,00% | 0,00% | 0,00% | 0,00% | 0,00%",,40ddías,602.249,602.249 | 602.249 | 602.249 | 602.249 | 602.249 | 602.249,Defensa
Taufik,Atlético,0 | 0 | 0 | 0 | 0 | 0,"0,00% | 0,00% | 0,00% | 0,00% | 0,00% | 0,00%",,40ddías,602.316,602.316 | 602.316 | 602.316 | 602.316 | 602.316 | 602.316,Mediocampista
Diangana,Elche,-30.329 | -61.645 | -94.594 | -237.595 | -418.617 | -1.003.209,"-2,68% | -5,30% | -7,90% | -17,74% | -27,53% | -47,65%",,43ddías,1.102.089,1.132.418 | 1.163.734 | 1.196.683 | 1.339.684 | 1.520.706 | 2.105.298,Delantero
Alemão,Rayo,-80.922 | -157.984 | -182.659 | -326.048 | -799.887 | -2.158.547,"-2,26% | -4,32% | -4,96% | -8,52% | -18,60% | -38,14%",,43ddías,3.501.350,3.582.272 | 3.659.334 | 3.684.009 | 3.827.398 | 4.301.237 | 5.659.897,Delantero
Laporte,Athletic,-795.718 | -1.613.395 | -2.532.062 | -7.708.186 | -5.296.131 | +22.935.615,"-1,52% | -3,03% | -4,68% | -13,01% | -9,31% | +80,12%",,9ddías,51.562.241,52.357.959 | 53.175.636 | 54.094.303 | 59.270.427 | 56.858.372 | 28.626.626,Defensa
Santos,Athletic,0 | 0 | 0 | 0 | 0 | 0,"0,00% | 0,00% | 0,00% | 0,00% | 0,00% | 0,00%",,40ddías,702.606,702.606 | 702.606 | 702.606 | 702.606 | 702.606 | 702.606,Portero
Javier Hernández,Espanyol,-343.602 | +9.647.491 | +9.647.491 | +9.647.491 | +9.647.491 | +9.647.491,"-3,25% | 0% | 0% | 0% | 0% | 0%",,1ddías,10.223.602,10.567.204 | 0 | 0 | 0 | 0 | 0,Mediocampista
Adam Boayar,Elche,0 | 0 | 0 | 0 | 0 | 0,"0,00% | 0,00% | 0,00% | 0,00% | 0,00% | 0,00%",,40ddías,702.711,702.711 | 702.711 | 702.711 | 702.711 | 702.711 | 702.711,Mediocampista
Bardghji,Barcelona,-86.230 | -176.565 | -268.883 | -692.326 | -1.410.763 | -2.088.297,"-3,06% | -6,07% | -8,97% | -20,23% | -34,07% | -43,34%",,19ddías,2.730.268,2.816.498 | 2.906.833 | 2.999.151 | 3.422.594 | 4.141.031 | 4.818.565,Delantero
Óscar Marcos,Celta,0 | 0 | 0 | 0 | 0 | 0,"0,00% | 0,00% | 0,00% | 0,00% | 0,00% | 0,00%",,40ddías,602.257,602.257 | 602.257 | 602.257 | 602.257 | 602.257 | 602.257,Mediocampista
Yassin,Getafe,0 | 0 | 0 | 0 | 0 | 0,"0,00% | 0,00% | 0,00% | 0,00% | 0,00% | 0,00%",,40ddías,501.932,501.932 | 501.932 | 501.932 | 501.932 | 501.932 | 501.932,Defensa
Riedel,Espanyol,+123.212 | +50.122 | -16.854 | -317.419 | -937.846 | -937.846,"+2,76% | +1,11% | -0,37% | -6,48% | -16,99% | -16,99%",,1ddías,4.582.772,4.459.560 | 4.532.650 | 4.599.626 | 4.900.191 | 5.520.618 | 5.520.618,Defensa
Fontanet,Valencia,0 | 0 | 0 | 0 | 0 | 0,"0,00% | 0,00% | 0,00% | 0,00% | 0,00% | 0,00%",,40ddías,581.987,581.987 | 581.987 | 581.987 | 581.987 | 581.987 | 581.987,Defensa
Montes,Getafe,0 | 0 | 0 | 0 | 0 | 0,"0,00% | 0,00% | 0,00% | 0,00% | 0,00% | 0,00%",,40ddías,602.319,602.319 | 602.319 | 602.319 | 602.319 | 602.319 | 602.319,Defensa
Ferran,Espanyol,0 | 0 | 0 | 0 | 0 | 0,"0,00% | 0,00% | 0,00% | 0,00% | 0,00% | 0,00%",,40ddías,602.248,602.248 | 602.248 | 602.248 | 602.248 | 602.248 | 602.248,Mediocampista
Tunde,Levante,-268.119 | -554.220 | -554.220 | -554.220 | -554.220 | -554.220,"-3,25% | -6,50% | -6,50% | -6,50% | -6,50% | -6,50%",,2ddías,7.977.672,8.245.791 | 8.531.892 | 8.531.892 | 8.531.892 | 8.531.892 | 8.531.892,Mediocampista
Kita,R. Sociedad B,0 | 0 | 0 | 0 | 0 | 0,"0,00% | 0,00% | 0,00% | 0,00% | 0,00% | 0,00%",,40ddías,602.234,602.234 | 602.234 | 602.234 | 602.234 | 602.234 | 602.234,Defensa
Astiazaran,R. Sociedad B,0 | 0 | 0 | 0 | 0 | 0,"0,00% | 0,00% | 0,00% | 0,00% | 0,00% | 0,00%",,40ddías,602.257,602.257 | 602.257 | 602.257 | 602.257 | 602.257 | 602.257,Mediocampista
Aguirre,R. Sociedad B,0 | 0 | 0 | 0 | 0 | 0,"0,00% | 0,00% | 0,00% | 0,00% | 0,00% | 0,00%",,40ddías,602.257,602.257 | 602.257 | 602.257 | 602.257 | 602.257 | 602.257,Mediocampista
Gaitán,Villarreal,0 | 0 | 0 | 0 | 0 | 0,"0,00% | 0,00% | 0,00% | 0,00% | 0,00% | 0,00%",,40ddías,602.292,602.292 | 602.292 | 602.292 | 602.292 | 602.292 | 602.292,Mediocampista
Arcos,Celta,0 | 0 | 0 | 0 | 0 | 0,"0,00% | 0,00% | 0,00% | 0,00% | 0,00% | 0,00%",,40ddías,602.257,602.257 | 602.257 | 602.257 | 602.257 | 602.257 | 602.257,Mediocampista
Manuel Ángel,Real Madrid,0 | 0 | 0 | 0 | 0 | 0,"0,00% | 0,00% | 0,00% | 0,00% | 0,00% | 0,00%",,40ddías,702.606,702.606 | 702.606 | 702.606 | 702.606 | 702.606 | 702.606,Mediocampista
Julio Díaz,Sevilla,-3.366 | -6.596 | -10.289 | -23.000 | -23.000 | -27.275,"-0,73% | -1,43% | -2,21% | -4,81% | -4,81% | -5,66%",,5ddías,454.990,458.356 | 461.586 | 465.279 | 477.990 | 477.990 | 482.265,Defensa
Burcio,Celta,0 | 0 | 0 | 0 | 0 | 0,"0,00% | 0,00% | 0,00% | 0,00% | 0,00% | 0,00%",,40ddías,602.257,602.257 | 602.257 | 602.257 | 602.257 | 602.257 | 602.257,Mediocampista
Álex Sánchez,Elche,0 | 0 | 0 | 0 | 0 | 0,"0,00% | 0,00% | 0,00% | 0,00% | 0,00% | 0,00%",,40ddías,602.324,602.324 | 602.324 | 602.324 | 602.324 | 602.324 | 602.324,Mediocampista
Satriano,Getafe,-597.916 | -1.211.493 | -1.390.797 | +25.523.344 | +25.523.344 | +25.523.344,"-1,96% | -3,90% | -4,45% | 0% | 0% | 0%",,5ddías,29.859.770,30.457.686 | 31.071.263 | 31.250.567 | 0 | 0 | 0,Delantero
A. Riquelme,Getafe,0 | 0 | 0 | 0 | 0 | 0,"0,00% | 0,00% | 0,00% | 0,00% | 0,00% | 0,00%",,40ddías,602.324,602.324 | 602.324 | 602.324 | 602.324 | 602.324 | 602.324,Mediocampista
Mesonero,Real Madrid,0 | 0 | 0 | 0 | 0 | 0,"0,00% | 0,00% | 0,00% | 0,00% | 0,00% | 0,00%",,40ddías,702.606,702.606 | 702.606 | 702.606 | 702.606 | 702.606 | 702.606,Mediocampista
Cestero,Real Madrid,0 | 0 | 0 | 0 | 0 | 0,"0,00% | 0,00% | 0,00% | 0,00% | 0,00% | 0,00%",,40ddías,602.234,602.234 | 602.234 | 602.234 | 602.234 | 602.234 | 602.234,Mediocampista
Marqués,Barcelona,0 | 0 | 0 | 0 | 0 | 0,"0,00% | 0,00% | 0,00% | 0,00% | 0,00% | 0,00%",,40ddías,602.319,602.319 | 602.319 | 602.319 | 602.319 | 602.319 | 602.319,Defensa
Marchal,Real Sociedad,0 | 0 | 0 | 0 | 0 | 0,"0,00% | 0,00% | 0,00% | 0,00% | 0,00% | 0,00%",,40ddías,602.234,602.234 | 602.234 | 602.234 | 602.234 | 602.234 | 602.234,Mediocampista
Unai Santos,Osasuna,0 | 0 | 0 | 0 | 0 | 0,"0,00% | 0,00% | 0,00% | 0,00% | 0,00% | 0,00%",,40ddías,602.319,602.319 | 602.319 | 602.319 | 602.319 | 602.319 | 602.319,Defensa
Panach,Valencia,0 | 0 | 0 | 0 | 0 | 0,"0,00% | 0,00% | 0,00% | 0,00% | 0,00% | 0,00%",,40ddías,501.909,501.909 | 501.909 | 501.909 | 501.909 | 501.909 | 501.909,Defensa
Jurado,Valencia,0 | 0 | 0 | 0 | 0 | 0,"0,00% | 0,00% | 0,00% | 0,00% | 0,00% | 0,00%",,40ddías,602.292,602.292 | 602.292 | 602.292 | 602.292 | 602.292 | 602.292,Defensa
Nakoha,Levante,0 | 0 | 0 | 0 | 0 | 0,"0,00% | 0,00% | 0,00% | 0,00% | 0,00% | 0,00%",,40ddías,501.874,501.874 | 501.874 | 501.874 | 501.874 | 501.874 | 501.874,Defensa
Rosón,Levante,0 | 0 | 0 | 0 | 0 | 0,"0,00% | 0,00% | 0,00% | 0,00% | 0,00% | 0,00%",,40ddías,602.249,602.249 | 602.249 | 602.249 | 602.249 | 602.249 | 602.249,Mediocampista
Carrera,Real Sociedad,0 | 0 | 0 | 0 | 0 | 0,"0,00% | 0,00% | 0,00% | 0,00% | 0,00% | 0,00%",,40ddías,702.633,702.633 | 702.633 | 702.633 | 702.633 | 702.633 | 702.633,Delantero
Carlos Macià,Villarreal,-16.442 | -34.251 | -34.251 | -34.251 | -34.251 | -34.251,"-2,09% | -4,27% | -4,27% | -4,27% | -4,27% | -4,27%",,2ddías,768.806,785.248 | 803.057 | 803.057 | 803.057 | 803.057 | 803.057,Mediocampista
Joan Martínez,Real Madrid,0 | 0 | 0 | 0 | 0 | 0,"0,00% | 0,00% | 0,00% | 0,00% | 0,00% | 0,00%",,40ddías,702.622,702.622 | 702.622 | 702.622 | 702.622 | 702.622 | 702.622,Defensa
Puric,Atlético,0 | 0 | 0 | -3.900 | -32.337 | -121.539,"0,00% | 0,00% | 0,00% | -0,89% | -6,92% | -21,84%",,6ddías,434.872,434.872 | 434.872 | 434.872 | 438.772 | 467.209 | 556.411,Defensa
Iker Muñoz,Sevilla,-8.742 | -18.282 | -18.282 | -18.282 | -18.282 | -18.282,"-1,47% | -3,04% | -3,04% | -3,04% | -3,04% | -3,04%",,2ddías,584.002,592.744 | 602.284 | 602.284 | 602.284 | 602.284 | 602.284,Defensa
Oláiz,Alavés,-8.770 | -17.629 | -17.629 | -17.629 | -17.629 | -17.629,"-1,48% | -2,93% | -2,93% | -2,93% | -2,93% | -2,93%",,2ddías,584.687,593.457 | 602.316 | 602.316 | 602.316 | 602.316 | 602.316,Defensa
Izei,Alavés,0 | 0 | 0 | 0 | 0 | 0,"0,00% | 0,00% | 0,00% | 0,00% | 0,00% | 0,00%",,40ddías,582.010,582.010 | 582.010 | 582.010 | 582.010 | 582.010 | 582.010,Mediocampista
Aitor Mañas,Alavés,-6.209 | -12.401 | -19.179 | -38.938 | -38.938 | -38.938,"-1,17% | -2,32% | -3,54% | -6,93% | -6,93% | -6,93%",,5ddías,523.226,529.435 | 535.627 | 542.405 | 562.164 | 562.164 | 562.164,Delantero
Hierro,Athletic,0 | 0 | 0 | 0 | 0 | 0,"0,00% | 0,00% | 0,00% | 0,00% | 0,00% | 0,00%",,40ddías,602.257,602.257 | 602.257 | 602.257 | 602.257 | 602.257 | 602.257,Delantero
Dani Martínez,Atlético,0 | 0 | 0 | -3.085 | -24.784 | -80.979,"0,00% | 0,00% | 0,00% | -0,74% | -5,63% | -16,32%",,6ddías,415.311,415.311 | 415.311 | 415.311 | 418.396 | 440.095 | 496.290,Defensa
Boñar,Atlético,0 | 0 | 0 | -4.328 | -36.303 | -134.205,"0,00% | 0,00% | 0,00% | -0,96% | -7,54% | -23,16%",,6ddías,445.140,445.140 | 445.140 | 445.140 | 449.468 | 481.443 | 579.345,Defensa
Sancris,Getafe,-9.558 | -19.238 | -29.649 | -85.516 | -196.756 | -592.461,"-1,56% | -3,09% | -4,68% | -12,41% | -24,58% | -49,53%",,43ddías,603.593,613.151 | 622.831 | 633.242 | 689.109 | 800.349 | 1.196.054,Delantero
Montero,Alavés,0 | 0 | 0 | 0 | 0 | 0,"0,00% | 0,00% | 0,00% | 0,00% | 0,00% | 0,00%",,40ddías,602.316,602.316 | 602.316 | 602.316 | 602.316 | 602.316 | 602.316,Portero
Boselli,Getafe,-72.931 | -143.670 | -173.983 | -387.737 | -387.737 | -387.737,"-2,83% | -5,42% | -6,49% | -13,40% | -13,40% | -13,40%",,6ddías,2.506.262,2.579.193 | 2.649.932 | 2.680.245 | 2.893.999 | 2.893.999 | 2.893.999,Defensa
Jutglà,Celta,+33.306 | +55.400 | +104.091 | +446.213 | +204.664 | -1.847.449,"+0,35% | +0,58% | +1,10% | +4,89% | +2,19% | -16,19%",,8ddías,9.561.951,9.528.645 | 9.506.551 | 9.457.860 | 9.115.738 | 9.357.287 | 11.409.400,Delantero
Huijsen,Real Madrid,+948.309 | +1.590.130 | +2.124.646 | +3.687.062 | -136.117 | -6.721.371,"+2,86% | +4,90% | +6,65% | +12,14% | -0,40% | -16,49%",,7ddías,34.050.589,33.102.280 | 32.460.459 | 31.925.943 | 30.363.527 | 34.186.706 | 40.771.960,Defensa
Alexander-Arnold,Real Madrid,-135.639 | -296.279 | -469.821 | -1.656.196 | -3.561.692 | -10.721.276,"-0,60% | -1,30% | -2,05% | -6,86% | -13,67% | -32,29%",,43ddías,22.484.958,22.620.597 | 22.781.237 | 22.954.779 | 24.141.154 | 26.046.650 | 33.206.234,Defensa
Jonny,Alavés,+143.914 | +202.563 | +166.497 | +91.355 | -292.267 | -2.019.240,"+2,64% | +3,75% | +3,06% | +1,66% | -4,96% | -26,49%",,2ddías,5.602.302,5.458.388 | 5.399.739 | 5.435.805 | 5.510.947 | 5.894.569 | 7.621.542,Defensa
Luiz Felipe,Rayo,-87.621 | -167.682 | -269.742 | -548.085 | -548.085 | -548.085,"-2,40% | -4,49% | -7,03% | -13,32% | -13,32% | -13,32%",,5ddías,3.567.192,3.654.813 | 3.734.874 | 3.836.934 | 4.115.277 | 4.115.277 | 4.115.277,Defensa
Hancko,Atlético,+376.530 | +793.221 | +1.211.344 | +4.042.737 | +8.542.367 | +4.134.279,"+0,97% | +2,06% | +3,18% | +11,47% | +27,78% | +11,76%",,15ddías,39.290.495,38.913.965 | 38.497.274 | 38.079.151 | 35.247.758 | 30.748.128 | 35.156.216,Defensa
Fortea,Real Madrid,0 | 0 | 0 | 0 | 0 | 0,"0,00% | 0,00% | 0,00% | 0,00% | 0,00% | 0,00%",,40ddías,802.099,802.099 | 802.099 | 802.099 | 802.099 | 802.099 | 802.099,Defensa
Martim Neto,Elche,-23.501 | -55.066 | -71.951 | -155.777 | -346.842 | -805.382,"-1,46% | -3,35% | -4,33% | -8,93% | -17,93% | -33,65%",,43ddías,1.587.935,1.611.436 | 1.643.001 | 1.659.886 | 1.743.712 | 1.934.777 | 2.393.317,Mediocampista
Salinas,Málaga,-6.805 | -14.782 | -9.790 | -52.722 | -52.722 | -340.985,"-0,66% | -1,43% | -0,95% | -4,93% | -4,93% | -25,10%",,2ddías,1.017.348,1.024.153 | 1.032.130 | 1.027.138 | 1.070.070 | 1.070.070 | 1.358.333,Defensa
Valentín Gómez,Betis,-29.941 | -61.569 | -83.153 | -197.213 | -467.093 | -1.347.556,"-1,74% | -3,51% | -4,69% | -10,45% | -21,65% | -44,35%",,43ddías,1.690.730,1.720.671 | 1.752.299 | 1.773.883 | 1.887.943 | 2.157.823 | 3.038.286,Defensa
Deossa,Betis,+18 | +6.009 | +28.768 | +170.477 | +219.859 | -686.447,"+0,00% | +0,28% | +1,38% | +8,76% | +11,59% | -24,49%",,12ddías,2.116.428,2.116.410 | 2.110.419 | 2.087.660 | 1.945.951 | 1.896.569 | 2.802.875,Mediocampista
Junior,Betis,-63.729 | -128.825 | -176.240 | -431.408 | -1.036.677 | -2.982.944,"-1,89% | -3,74% | -5,05% | -11,51% | -23,82% | -47,36%",,43ddías,3.315.785,3.379.514 | 3.444.610 | 3.492.025 | 3.747.193 | 4.352.462 | 6.298.729,Defensa
Dituro,Elche,+120.118 | +178.865 | +267.431 | +890.898 | +1.177.756 | +322.565,"+1,57% | +2,36% | +3,57% | +12,99% | +17,92% | +4,34%",,12ddías,7.751.180,7.631.062 | 7.572.315 | 7.483.749 | 6.860.282 | 6.573.424 | 7.428.615,Portero
Dolan,Espanyol,+324.641 | +311.448 | +301.864 | +234.971 | -228.392 | -1.854.776,"+5,42% | +5,19% | +5,02% | +3,86% | -3,49% | -22,70%",,1ddías,6.316.721,5.992.080 | 6.005.273 | 6.014.857 | 6.081.750 | 6.545.113 | 8.171.497,Delantero
Roger BruguéBrugui,Levante,-62.258 | -127.832 | -193.389 | -500.641 | -1.025.271 | -2.765.970,"-2,93% | -5,84% | -8,57% | -19,53% | -33,20% | -57,28%",,44ddías,2.062.648,2.124.906 | 2.190.480 | 2.256.037 | 2.563.289 | 3.087.919 | 4.828.618,Delantero
Ruggeri,Atlético,-106.065 | -216.379 | -325.308 | -862.724 | -1.642.586 | -3.390.451,"-1,81% | -3,63% | -5,36% | -13,07% | -22,25% | -37,13%",,37ddías,5.739.991,5.846.056 | 5.956.370 | 6.065.299 | 6.602.715 | 7.382.577 | 9.130.442,Defensa
Iván Romero,Levante,-59.805 | -21.329 | +75.523 | +479.149 | +353.552 | -448.109,"-0,81% | -0,29% | +1,04% | +6,98% | +5,06% | -5,75%",,1ddías,7.342.737,7.402.542 | 7.364.066 | 7.267.214 | 6.863.588 | 6.989.185 | 7.790.846,Delantero
C. Álvarez,Levante,-298.313 | -304.482 | -237.091 | +37.481 | +1.851.285 | +7.212.092,"-1,51% | -1,54% | -1,21% | +0,19% | +10,53% | +58,99%",,2ddías,19.438.227,19.736.540 | 19.742.709 | 19.675.318 | 19.400.746 | 17.586.942 | 12.226.135,Mediocampista
Youssef,Alavés,-3.717 | -8.440 | -8.459 | -4.774 | -48.656 | -205.162,"-0,75% | -1,69% | -1,69% | -0,96% | -9,01% | -29,45%",,3ddías,491.586,495.303 | 500.026 | 500.045 | 496.360 | 540.242 | 696.748,Defensa
Swiderski,Alavés,-8.770 | -17.629 | -17.629 | -17.629 | -17.629 | -17.629,"-1,48% | -2,93% | -2,93% | -2,93% | -2,93% | -2,93%",,2ddías,584.687,593.457 | 602.316 | 602.316 | 602.316 | 602.316 | 602.316,Portero
Pablo García,Betis,0 | 0 | 0 | 0 | 0 | 0,"0,00% | 0,00% | 0,00% | 0,00% | 0,00% | 0,00%",,40ddías,2.509.371,2.509.371 | 2.509.371 | 2.509.371 | 2.509.371 | 2.509.371 | 2.509.371,Delantero
Bekhoucha,Getafe,0 | 0 | 0 | 0 | 0 | 0,"0,00% | 0,00% | 0,00% | 0,00% | 0,00% | 0,00%",,40ddías,1.104.254,1.104.254 | 1.104.254 | 1.104.254 | 1.104.254 | 1.104.254 | 1.104.254,Defensa
Arguibide,Osasuna,0 | 0 | 0 | 0 | 0 | 0,"0,00% | 0,00% | 0,00% | 0,00% | 0,00% | 0,00%",,40ddías,582.013,582.013 | 582.013 | 582.013 | 582.013 | 582.013 | 582.013,Defensa
Molina,Rayo,0 | 0 | 0 | 0 | 0 | 0,"0,00% | 0,00% | 0,00% | 0,00% | 0,00% | 0,00%",,40ddías,602.234,602.234 | 602.234 | 602.234 | 602.234 | 602.234 | 602.234,Portero
Fortuny,Real Madrid,0 | 0 | 0 | 0 | 0 | 0,"0,00% | 0,00% | 0,00% | 0,00% | 0,00% | 0,00%",,40ddías,602.234,602.234 | 602.234 | 602.234 | 602.234 | 602.234 | 602.234,Mediocampista
Vencedor,Athletic,0 | 0 | 0 | 0 | 0 | 0,"0,00% | 0,00% | 0,00% | 0,00% | 0,00% | 0,00%",,40ddías,2.208.253,2.208.253 | 2.208.253 | 2.208.253 | 2.208.253 | 2.208.253 | 2.208.253,Mediocampista
De la Fuente,Levante,-441.614 | -912.646 | -912.646 | -912.646 | -912.646 | -912.646,"-3,25% | -6,49% | -6,49% | -6,49% | -6,49% | -6,49%",,2ddías,13.139.882,13.581.496 | 14.052.528 | 14.052.528 | 14.052.528 | 14.052.528 | 14.052.528,Defensa
Bambo,Elche,-24.222 | -48.503 | -67.170 | -154.525 | -372.848 | +364.335,"-2,32% | -4,54% | -6,19% | -13,17% | -26,79% | 0%",,15ddías,1.018.800,1.043.022 | 1.067.303 | 1.085.970 | 1.173.325 | 1.391.648 | 0,Defensa
John ChetauyaJohn C.,Elche,-11.660 | -23.529 | -36.220 | -96.182 | -218.965 | -677.834,"-1,75% | -3,47% | -5,25% | -12,82% | -25,08% | -50,89%",,43ddías,654.031,665.691 | 677.560 | 690.251 | 750.213 | 872.996 | 1.331.865,Defensa
Febas,Celta,+138.309 | +225.943 | +360.022 | +1.415.411 | -492.492 | -492.492,"+0,57% | +0,93% | +1,48% | +6,10% | -1,96% | -1,96%",,8ddías,24.604.396,24.466.087 | 24.378.453 | 24.244.374 | 23.188.985 | 25.096.888 | 25.096.888,Mediocampista
Affengruber,Elche,-521.173 | -1.027.007 | -1.376.944 | -1.524.438 | +1.467.011 | +10.502.035,"-1,62% | -3,14% | -4,16% | -4,58% | +4,85% | +49,48%",,6ddías,31.725.870,32.247.043 | 32.752.877 | 33.102.814 | 33.250.308 | 30.258.859 | 21.223.835,Defensa
Á. Núñez,Celta,-54.100 | -117.692 | -158.900 | -364.319 | -861.074 | -2.495.579,"-1,52% | -3,24% | -4,33% | -9,40% | -19,69% | -41,54%",,40ddías,3.512.389,3.566.489 | 3.630.081 | 3.671.289 | 3.876.708 | 4.373.463 | 6.007.968,Defensa
Santiago,Elche,-6.332 | -12.652 | -19.563 | -59.909 | -137.073 | -406.941,"-1,19% | -2,35% | -3,58% | -10,22% | -20,67% | -43,61%",,43ddías,526.178,532.510 | 538.830 | 545.741 | 586.087 | 663.251 | 933.119,Mediocampista
Sivera,Alavés,+601.885 | +1.019.988 | +1.138.233 | +2.156.019 | +6.909.296 | +15.044.343,"+1,88% | +3,23% | +3,62% | +7,08% | +26,88% | +85,63%",,41ddías,32.612.959,32.011.074 | 31.592.971 | 31.474.726 | 30.456.940 | 25.703.663 | 17.568.616,Portero
Jorge Cabello,Levante,-17.094 | -34.624 | -52.847 | -135.841 | -323.548 | +207.573,"-2,13% | -4,23% | -6,31% | -14,76% | -29,20% | 0%",,20ddías,784.449,801.543 | 819.073 | 837.296 | 920.290 | 1.107.997 | 0,Defensa
Oriol Rey,Levante,+13.364 | +885 | -7.429 | -61.135 | -198.589 | -686.788,"+1,87% | +0,12% | -1,01% | -7,76% | -21,46% | -48,59%",,1ddías,726.767,713.403 | 725.882 | 734.196 | 787.902 | 925.356 | 1.413.555,Mediocampista
Oluwaseyi,Villarreal,-72.730 | -128.405 | -170.583 | -386.689 | -865.831 | -2.446.144,"-2,71% | -4,68% | -6,13% | -12,89% | -24,89% | -48,35%",,43ddías,2.613.369,2.686.099 | 2.741.774 | 2.783.952 | 3.000.058 | 3.479.200 | 5.059.513,Delantero
Veiga,Villarreal,-762.275 | -1.277.449 | -1.623.024 | -4.295.655 | -5.438.896 | +5.708.905,"-1,97% | -3,26% | -4,10% | -10,18% | -12,55% | +17,73%",,11ddías,37.916.158,38.678.433 | 39.193.607 | 39.539.182 | 42.211.813 | 43.355.054 | 32.207.253,Defensa
Niculaesei,Elche,0 | 0 | 0 | 0 | 0 | 0,"0,00% | 0,00% | 0,00% | 0,00% | 0,00% | 0,00%",,40ddías,803.099,803.099 | 803.099 | 803.099 | 803.099 | 803.099 | 803.099,Defensa
Mendoza,Atlético,-10.885 | -18.210 | -18.588 | -39.516 | -100.160 | -383.555,"-1,29% | -2,14% | -2,19% | -4,54% | -10,76% | -31,58%",,43ddías,831.012,841.897 | 849.222 | 849.600 | 870.528 | 931.172 | 1.214.567,Mediocampista
Echegoyen,Osasuna,0 | 0 | 0 | 0 | 0 | 0,"0,00% | 0,00% | 0,00% | 0,00% | 0,00% | 0,00%",,40ddías,562.286,562.286 | 562.286 | 562.286 | 562.286 | 562.286 | 562.286,Mediocampista
Josan,Elche,-27.825 | -56.533 | -76.073 | -162.645 | -162.645 | -162.645,"-2,60% | -5,15% | -6,80% | -13,50% | -13,50% | -13,50%",,6ddías,1.042.005,1.069.830 | 1.098.538 | 1.118.078 | 1.204.650 | 1.204.650 | 1.204.650,Mediocampista
Davinchi,Getafe,-30.715 | -46.059 | +17.780 | +17.413 | +17.413 | +17.413,"-1,00% | -1,50% | +0,59% | +0,58% | +0,58% | +0,58%",,2ddías,3.029.016,3.059.731 | 3.075.075 | 3.011.236 | 3.011.603 | 3.011.603 | 3.011.603,Defensa
Thiago,Real Madrid,0 | 0 | 0 | 0 | 0 | 0,"0,00% | 0,00% | 0,00% | 0,00% | 0,00% | 0,00%",,40ddías,7.026.082,7.026.082 | 7.026.082 | 7.026.082 | 7.026.082 | 7.026.082 | 7.026.082,Mediocampista
Corralejo,Betis,0 | 0 | 0 | 0 | 0 | 0,"0,00% | 0,00% | 0,00% | 0,00% | 0,00% | 0,00%",,40ddías,602.248,602.248 | 602.248 | 602.248 | 602.248 | 602.248 | 602.248,Mediocampista
Radu,Celta,-452.175 | -928.445 | -1.241.689 | -2.210.291 | +1.289.912 | +12.043.679,"-1,18% | -2,38% | -3,16% | -5,50% | +3,51% | +46,39%",,6ddías,38.006.426,38.458.601 | 38.934.871 | 39.248.115 | 40.216.717 | 36.716.514 | 25.962.747,Portero
Nacho Pérez,Levante,-7.953 | -16.613 | -16.613 | -16.613 | -16.613 | -16.613,"-1,39% | -2,86% | -2,86% | -2,86% | -2,86% | -2,86%",,2ddías,565.079,573.032 | 581.692 | 581.692 | 581.692 | 581.692 | 581.692,Defensa
Altozano,Sevilla,-8.742 | -18.282 | -18.282 | -18.282 | -18.282 | -18.282,"-1,47% | -3,04% | -3,04% | -3,04% | -3,04% | -3,04%",,2ddías,584.002,592.744 | 602.284 | 602.284 | 602.284 | 602.284 | 602.284,Mediocampista
Sierra,Sevilla,-8.742 | -18.282 | -18.282 | -18.282 | -18.282 | -18.282,"-1,47% | -3,04% | -3,04% | -3,04% | -3,04% | -3,04%",,2ddías,584.002,592.744 | 602.284 | 602.284 | 602.284 | 602.284 | 602.284,Delantero
Blázquez,Valencia,0 | 0 | 0 | 0 | 0 | 0,"0,00% | 0,00% | 0,00% | 0,00% | 0,00% | 0,00%",,40ddías,581.656,581.656 | 581.656 | 581.656 | 581.656 | 581.656 | 581.656,Delantero
Suazo,Sevilla,-57.035 | -125.234 | -95.586 | -100.155 | -516.325 | -2.209.722,"-1,06% | -2,31% | -1,77% | -1,85% | -8,87% | -29,40%",,2ddías,5.307.498,5.364.533 | 5.432.732 | 5.403.084 | 5.407.653 | 5.823.823 | 7.517.220,Defensa
Ryan,Levante,-425.843 | -880.016 | -880.016 | -880.016 | -880.016 | -880.016,"-3,25% | -6,49% | -6,49% | -6,49% | -6,49% | -6,49%",,2ddías,12.670.636,13.096.479 | 13.550.652 | 13.550.652 | 13.550.652 | 13.550.652 | 13.550.652,Portero
Vlachodimos,Sevilla,+443.276 | +768.606 | +1.087.346 | +2.814.934 | +4.589.029 | +4.055.728,"+2,37% | +4,19% | +6,03% | +17,27% | +31,60% | +26,94%",,13ddías,19.112.207,18.668.931 | 18.343.601 | 18.024.861 | 16.297.273 | 14.523.178 | 15.056.479,Portero
Rueda,Celta,+37.629 | +70.654 | +148.235 | +546.371 | +702.198 | +1.380,"+0,87% | +1,64% | +3,51% | +14,30% | +19,16% | +0,03%",,12ddías,4.366.228,4.328.599 | 4.295.574 | 4.217.993 | 3.819.857 | 3.664.030 | 4.364.848,Defensa
Becerra,Rayo,0 | 0 | 0 | 0 | 0 | 0,"0,00% | 0,00% | 0,00% | 0,00% | 0,00% | 0,00%",,40ddías,581.700,581.700 | 581.700 | 581.700 | 581.700 | 581.700 | 581.700,Mediocampista
Gorrotxategi,Real Sociedad,-174.324 | -339.678 | -497.444 | -1.220.594 | -2.611.125 | -4.479.767,"-2,88% | -5,46% | -7,80% | -17,19% | -30,74% | -43,23%",,36ddías,5.881.936,6.056.260 | 6.221.614 | 6.379.380 | 7.102.530 | 8.493.061 | 10.361.703,Mediocampista
Manu Fernández,Celta,-967 | -1.698 | -2.787 | -17.318 | -37.800 | -97.505,"-0,24% | -0,43% | -0,70% | -4,18% | -8,69% | -19,70%",,43ddías,397.404,398.371 | 399.102 | 400.191 | 414.722 | 435.204 | 494.909,Defensa
Ugrinic,Valencia,-53.704 | -97.219 | -99.213 | -192.548 | -824.701 | -2.970.296,"-1,42% | -2,54% | -2,59% | -4,90% | -18,08% | -44,28%",,3ddías,3.737.007,3.790.711 | 3.834.226 | 3.836.220 | 3.929.555 | 4.561.708 | 6.707.303,Mediocampista
Bigas,Elche,-125.414 | -263.186 | -385.503 | -921.425 | -1.914.754 | -3.945.010,"-2,55% | -5,21% | -7,45% | -16,14% | -28,56% | -45,17%",,38ddías,4.788.457,4.913.871 | 5.051.643 | 5.173.960 | 5.709.882 | 6.703.211 | 8.733.467,Defensa
Redondo,Elche,-14.648 | -30.538 | -44.519 | -101.910 | -273.831 | -866.728,"-1,72% | -3,52% | -5,04% | -10,84% | -24,63% | -50,84%",,43ddías,838.030,852.678 | 868.568 | 882.549 | 939.940 | 1.111.861 | 1.704.758,Mediocampista
Pinillos,Alavés,0 | 0 | 0 | 0 | 0 | 0,"0,00% | 0,00% | 0,00% | 0,00% | 0,00% | 0,00%",,40ddías,501.929,501.929 | 501.929 | 501.929 | 501.929 | 501.929 | 501.929,Mediocampista
Rego,Athletic,0 | 0 | 0 | 0 | 0 | 0,"0,00% | 0,00% | 0,00% | 0,00% | 0,00% | 0,00%",,40ddías,5.018.825,5.018.825 | 5.018.825 | 5.018.825 | 5.018.825 | 5.018.825 | 5.018.825,Defensa
Esquivel,Atlético,0 | 0 | 0 | 0 | 0 | 0,"0,00% | 0,00% | 0,00% | 0,00% | 0,00% | 0,00%",,40ddías,602.292,602.292 | 602.292 | 602.292 | 602.292 | 602.292 | 602.292,Portero
Hinojo,Espanyol,-256.797 | +7.324.672 | +7.324.672 | +7.324.672 | +7.324.672 | +7.324.672,"-3,25% | 0% | 0% | 0% | 0% | 0%",,1ddías,7.640.798,7.897.595 | 0 | 0 | 0 | 0 | 0,Defensa
Vertrouwd,Rayo,-24.142 | -50.114 | -50.114 | -50.114 | -50.114 | -50.114,"-2,47% | -4,99% | -4,99% | -4,99% | -4,99% | -4,99%",,2ddías,953.611,977.753 | 1.003.725 | 1.003.725 | 1.003.725 | 1.003.725 | 1.003.725,Defensa
Joselu,Getafe,0 | 0 | 0 | 0 | 0 | 0,"0,00% | 0,00% | 0,00% | 0,00% | 0,00% | 0,00%",,40ddías,602.319,602.319 | 602.319 | 602.319 | 602.319 | 602.319 | 602.319,Delantero
Víctor García,Levante,-41.056 | -82.013 | -104.468 | -239.220 | -651.219 | -2.073.101,"-2,11% | -4,13% | -5,20% | -11,16% | -25,48% | -52,11%",,43ddías,1.905.009,1.946.065 | 1.987.022 | 2.009.477 | 2.144.229 | 2.556.228 | 3.978.110,Defensa
Pablo CamposCuñat Campos,Levante,-14.665 | -37.116 | -53.251 | -123.347 | -265.286 | -333.743,"-1,42% | -3,51% | -4,97% | -10,80% | -20,66% | -24,67%",,16ddías,1.018.951,1.033.616 | 1.056.067 | 1.072.202 | 1.142.298 | 1.284.237 | 1.352.694,Portero
Toljan,Levante,-103.383 | -185.804 | -238.804 | -457.949 | -742.601 | -2.125.412,"-2,51% | -4,42% | -5,61% | -10,24% | -15,61% | -34,61%",,41ddías,4.014.882,4.118.265 | 4.200.686 | 4.253.686 | 4.472.831 | 4.757.483 | 6.140.294,Defensa
Carlos Espí,Real Madrid,+282.263 | +436.046 | +563.434 | +1.245.275 | +5.774.488 | +5.774.488,"+3,13% | +4,92% | +6,45% | +15,45% | 0% | 0%",,7ddías,9.305.617,9.023.354 | 8.869.571 | 8.742.183 | 8.060.342 | 0 | 0,Delantero
Cortés,Levante,-16.442 | -34.194 | -34.194 | -34.194 | -34.194 | -34.194,"-2,09% | -4,26% | -4,26% | -4,26% | -4,26% | -4,26%",,2ddías,768.806,785.248 | 803.000 | 803.000 | 803.000 | 803.000 | 803.000,Delantero
Primo,Levante,0 | 0 | 0 | 0 | 0 | 0,"0,00% | 0,00% | 0,00% | 0,00% | 0,00% | 0,00%",,40ddías,1.104.126,1.104.126 | 1.104.126 | 1.104.126 | 1.104.126 | 1.104.126 | 1.104.126,Portero
Romero,Getafe,-164.605 | -301.340 | -261.577 | -2.355.771 | -2.355.771 | -2.355.771,"-0,59% | -1,07% | -0,93% | -7,82% | -7,82% | -7,82%",,2ddías,27.760.495,27.925.100 | 28.061.835 | 28.022.072 | 30.116.266 | 30.116.266 | 30.116.266,Defensa
Ángel Pérez,Alavés,-58.859 | -129.951 | -192.869 | -526.449 | -1.435.135 | -4.647.938,"-0,90% | -1,97% | -2,90% | -7,53% | -18,16% | -41,81%",,43ddías,6.468.268,6.527.127 | 6.598.219 | 6.661.137 | 6.994.717 | 7.903.403 | 11.116.206,Delantero
Rafa,Sevilla,0 | 0 | 0 | 0 | 0 | 0,"0,00% | 0,00% | 0,00% | 0,00% | 0,00% | 0,00%",,40ddías,602.257,602.257 | 602.257 | 602.257 | 602.257 | 602.257 | 602.257,Portero
Sazonov,Getafe,-32.681 | -66.447 | -87.913 | 0 | 0 | 0,"-2,74% | -5,42% | -7,05% | 0% | 0% | 0%",,5ddías,1.158.542,1.191.223 | 1.224.989 | 1.246.455 | 0 | 0 | 0,Defensa
Dieng,Valencia,-122.746 | -242.948 | -345.506 | -751.487 | 0 | 0,"-2,74% | -5,29% | -7,35% | -14,72% | 0% | 0%",,12ddías,4.353.093,4.475.839 | 4.596.041 | 4.698.599 | 5.104.580 | 0 | 0,Mediocampista
Moscardo,Espanyol,-268.283 | -516.312 | -717.407 | -1.632.376 | 0 | 0,"-2,98% | -5,58% | -7,59% | -15,75% | 0% | 0%",,11ddías,8.733.363,9.001.646 | 9.249.675 | 9.450.770 | 10.365.739 | 0 | 0,Mediocampista
Gulacsi,Villarreal,-55.374 | -64.858 | -22.186 | -104.468 | 0 | 0,"-1,31% | -1,53% | -0,53% | -2,43% | 0% | 0%",,2ddías,4.187.311,4.242.685 | 4.252.169 | 4.209.497 | 4.291.779 | 0 | 0,Portero
Mikel Rodriguez,Alavés,+38.689 | +57.992 | +44.556 | 0 | 0 | 0,"+4,60% | +7,06% | +5,34% | 0% | 0% | 0%",,2ddías,878.951,840.262 | 820.959 | 834.395 | 0 | 0 | 0,Mediocampista
Angeliño,Deportivo,+45.424 | +126.720 | +224.751 | 0 | 0 | 0,"+0,29% | +0,82% | +1,47% | 0% | 0% | 0%",,4ddías,15.537.090,15.491.666 | 15.410.370 | 15.312.339 | 0 | 0 | 0,Defensa
Marcos,Espanyol,-34.901 | -70.748 | -100.805 | 0 | 0 | 0,"-2,56% | -5,05% | -7,05% | 0% | 0% | 0%",,6ddías,1.329.619,1.364.520 | 1.400.367 | 1.430.424 | 0 | 0 | 0,Delantero
Mangala,Getafe,-55.796 | -171.774 | -256.804 | 0 | 0 | 0,"-0,52% | -1,59% | -2,35% | 0% | 0% | 0%",,5ddías,10.662.580,10.718.376 | 10.834.354 | 10.919.384 | 0 | 0 | 0,Mediocampista
Amatucci,Deportivo,+100.513 | +162.371 | +355.198 | +1.146.633 | 0 | 0,"+0,77% | +1,25% | +2,77% | +9,52% | 0% | 0%",,8ddías,13.190.752,13.090.239 | 13.028.381 | 12.835.554 | 12.044.119 | 0 | 0,Mediocampista
Andrés García,Getafe,-153.960 | -294.050 | -275.492 | 0 | 0 | 0,"-1,75% | -3,28% | -3,08% | 0% | 0% | 0%",,2ddías,8.667.010,8.820.970 | 8.961.060 | 8.942.502 | 0 | 0 | 0,Mediocampista
Pedro Felipe,Racing,-71.992 | -124.090 | -149.493 | 0 | 0 | 0,"-2,85% | -4,81% | -5,73% | 0% | 0% | 0%",,5ddías,2.458.218,2.530.210 | 2.582.308 | 2.607.711 | 0 | 0 | 0,Defensa
Y. Diomande,Real Madrid,-827.335 | -1.754.485 | -2.821.875 | 0 | 0 | 0,"-0,96% | -2,02% | -3,21% | 0% | 0% | 0%",,5ddías,85.068.748,85.896.083 | 86.823.233 | 87.890.623 | 0 | 0 | 0,Delantero
Sangante,Sevilla,+80.024 | +57.749 | +4.005 | 0 | 0 | 0,"+0,92% | +0,66% | +0,05% | 0% | 0% | 0%",,1ddías,8.795.992,8.715.968 | 8.738.243 | 8.791.987 | 0 | 0 | 0,Defensa
Valentini,Alavés,-32.479 | -66.035 | -101.317 | 0 | 0 | 0,"-2,74% | -5,41% | -8,07% | 0% | 0% | 0%",,4ddías,1.153.698,1.186.177 | 1.219.733 | 1.255.015 | 0 | 0 | 0,Defensa
Grimaldo,Atlético,-62.461 | -291.549 | -983.784 | 0 | 0 | 0,"-0,13% | -0,62% | -2,07% | 0% | 0% | 0%",,4ddías,46.428.597,46.491.058 | 46.720.146 | 47.412.381 | 0 | 0 | 0,Defensa
De Haas,Valencia,-41.631 | -57.681 | +16.602 | +470.779 | 0 | 0,"-0,45% | -0,63% | +0,18% | +5,44% | 0% | 0%",,2ddías,9.129.519,9.171.150 | 9.187.200 | 9.112.917 | 8.658.740 | 0 | 0,Defensa
Bernardo Silva,Real Madrid,+1.248.689 | +2.290.331 | +3.246.935 | +8.945.410 | +18.272.749 | 0,"+2,24% | +4,19% | +6,05% | +18,65% | +47,28% | 0%",,14ddías,56.916.772,55.668.083 | 54.626.441 | 53.669.837 | 47.971.362 | 38.644.023 | 0,Mediocampista
Asp Jensen,Deportivo,-93.885 | -233.911 | -346.480 | 0 | 0 | 0,"-1,51% | -3,68% | -5,36% | 0% | 0% | 0%",,4ddías,6.114.108,6.207.993 | 6.348.019 | 6.460.588 | 0 | 0 | 0,Mediocampista
Chupete,Málaga,-969.393 | -1.873.216 | -2.751.479 | -4.906.664 | +2.368.726 | +22.485.102,"-1,95% | -3,70% | -5,34% | -9,14% | +5,10% | +85,46%",,6ddías,48.796.450,49.765.843 | 50.669.666 | 51.547.929 | 53.703.114 | 46.427.724 | 26.311.348,Delantero
Guliashvili,Racing,-58.402 | -119.963 | -182.163 | -462.075 | -1.039.360 | -2.880.661,"-2,98% | -5,94% | -8,75% | -19,57% | -35,37% | -60,27%",,43ddías,1.899.163,1.957.565 | 2.019.126 | 2.081.326 | 2.361.238 | 2.938.523 | 4.779.824,Delantero
Canales,Racing,+331.565 | +823.082 | +1.254.080 | +4.225.188 | +14.375.265 | +14.375.265,"+1,38% | +3,49% | +5,42% | +20,93% | +143,22% | +143,22%",,10ddías,24.412.527,24.080.962 | 23.589.445 | 23.158.447 | 20.187.339 | 10.037.262 | 10.037.262,Mediocampista
Santi Franco,Racing,0 | 0 | 0 | 0 | 0 | 0,"0,00% | 0,00% | 0,00% | 0,00% | 0,00% | 0,00%",,39ddías,702.606,702.606 | 702.606 | 702.606 | 702.606 | 702.606 | 702.606,Delantero
Diego Diaz,Racing,-8.742 | -18.232 | -18.232 | -18.232 | -18.232 | -18.232,"-1,47% | -3,03% | -3,03% | -3,03% | -3,03% | -3,03%",,2ddías,584.002,592.744 | 602.234 | 602.234 | 602.234 | 602.234 | 602.234,Delantero
Santaella,Málaga,0 | 0 | 0 | 0 | 0 | 0,"0,00% | 0,00% | 0,00% | 0,00% | 0,00% | 0,00%",,35ddías,401.498,401.498 | 401.498 | 401.498 | 401.498 | 401.498 | 401.498,Defensa
Vallecillo,Racing,-11.646 | -24.244 | -24.244 | -24.244 | -24.244 | -24.244,"-1,75% | -3,58% | -3,58% | -3,58% | -3,58% | -3,58%",,2ddías,653.696,665.342 | 677.940 | 677.940 | 677.940 | 677.940 | 677.940,Mediocampista
Larrubia,Málaga,-894.553 | -1.791.616 | -2.638.811 | -4.178.759 | +3.038.480 | +22.971.513,"-1,70% | -3,35% | -4,85% | -7,47% | +6,24% | +79,79%",,6ddías,51.761.203,52.655.756 | 53.552.819 | 54.400.014 | 55.939.962 | 48.722.723 | 28.789.690,Mediocampista
Hjulmand,Atlético,+83.764 | +298.515 | +625.985 | +2.941.209 | +2.850.987 | 0,"+0,23% | +0,82% | +1,73% | +8,67% | +8,38% | 0%",,10ddías,36.873.727,36.789.963 | 36.575.212 | 36.247.742 | 33.932.518 | 34.022.740 | 0,Mediocampista
Yeremay,Deportivo,-489.722 | -1.069.156 | -2.025.994 | -7.138.386 | -7.529.241 | +18.651.276,"-0,98% | -2,11% | -3,93% | -12,59% | -13,19% | +60,37%",,10ddías,49.547.212,50.036.934 | 50.616.368 | 51.573.206 | 56.685.598 | 57.076.453 | 30.895.936,Delantero
Dumfries,Real Madrid,-963.177 | -1.914.453 | -2.863.082 | -8.362.052 | -8.603.740 | +11.062.316,"-1,72% | -3,36% | -4,94% | -13,17% | -13,50% | +25,11%",,10ddías,55.120.267,56.083.444 | 57.034.720 | 57.983.349 | 63.482.319 | 63.724.007 | 44.057.951,Defensa
Hartman,Espanyol,-256.034 | -463.832 | -598.483 | -1.303.035 | -2.401.469 | 0,"-3,00% | -5,30% | -6,73% | -13,58% | -22,46% | 0%",,27ddías,8.289.301,8.545.335 | 8.753.133 | 8.887.784 | 9.592.336 | 10.690.770 | 0,Defensa
Cucurella,Real Madrid,-941.708 | -1.656.843 | -2.447.600 | -3.378.146 | +13.179.746 | 0,"-1,16% | -2,03% | -2,97% | -4,05% | +19,74% | 0%",,6ddías,79.944.616,80.886.324 | 81.601.459 | 82.392.216 | 83.322.762 | 66.764.870 | 0,Defensa
Konaté,Real Madrid,-299.815 | -549.997 | -762.086 | +1.293.035 | +11.631.594 | 0,"-0,62% | -1,13% | -1,56% | +2,76% | +31,82% | 0%",,3ddías,48.185.219,48.485.034 | 48.735.216 | 48.947.305 | 46.892.184 | 36.553.625 | 0,Defensa
Aubameyang,Deportivo,+1.098.404 | +2.130.231 | +3.082.307 | +7.562.739 | +16.674.345 | 0,"+3,27% | +6,53% | +9,74% | +27,83% | +92,30% | 0%",,19ddías,34.739.731,33.641.327 | 32.609.500 | 31.657.424 | 27.176.992 | 18.065.386 | 0,Delantero
Calatrava,Espanyol,+39.129 | +48.291 | +90.636 | +311.683 | +727.784 | 0,"+0,98% | +1,21% | +2,30% | +8,39% | +22,06% | 0%",,18ddías,4.027.398,3.988.269 | 3.979.107 | 3.936.762 | 3.715.715 | 3.299.614 | 0,Delantero
Ede,Deportivo,-421 | -34.578 | -47.171 | 0 | 0 | 0,"-0,02% | -1,23% | -1,68% | 0% | 0% | 0%",,4ddías,2.766.311,2.766.732 | 2.800.889 | 2.813.482 | 0 | 0 | 0,Defensa
Buonanotte,Elche,-127.700 | -250.810 | -386.782 | 0 | 0 | 0,"-1,87% | -3,61% | -5,46% | 0% | 0% | 0%",,4ddías,6.699.023,6.826.723 | 6.949.833 | 7.085.805 | 0 | 0 | 0,Mediocampista
Iñigo Vicente,Racing,+317.044 | +364.053 | +468.690 | +874.209 | +230.071 | -3.445.750,"+1,64% | +1,89% | +2,45% | +4,66% | +1,19% | -14,93%",,8ddías,19.633.737,19.316.693 | 19.269.684 | 19.165.047 | 18.759.528 | 19.403.666 | 23.079.487,Delantero
Luis Castro,Levante,-34.176 | -69.499 | -106.622 | -280.940 | -652.244 | -309.519,"-2,78% | -5,50% | -8,20% | -19,04% | -35,32% | 0%",,23ddías,1.194.418,1.228.594 | 1.263.917 | 1.301.040 | 1.475.358 | 1.846.662 | 0,
Manuel Pellegrini,Betis,-138.469 | -282.055 | -428.982 | -1.061.022 | -2.295.456 | -2.979.287,"-3,31% | -6,53% | -9,60% | -20,80% | -36,24% | 0%",,25ddías,4.039.090,4.177.559 | 4.321.145 | 4.468.072 | 5.100.112 | 6.334.546 | 0,
Claudio Giráldez,Celta,-76.406 | -155.719 | -238.665 | -598.706 | -1.226.897 | -2.805.183,"-3,34% | -6,59% | -9,75% | -21,33% | -35,72% | 0%",,11ddías,2.207.943,2.284.349 | 2.363.662 | 2.446.608 | 2.806.649 | 3.434.840 | 0,
Antonio Hidalgo,Deportivo,-48.210 | -98.152 | -150.503 | -392.349 | -911.909 | +27.295,"-3,05% | -6,02% | -8,95% | -20,40% | -37,33% | 0%",,21ddías,1.531.232,1.579.442 | 1.629.384 | 1.681.735 | 1.923.581 | 2.443.141 | 0,
Martín Anselmi,Elche,-47.457 | -96.615 | -148.149 | -386.370 | -897.975 | 0,"-3,04% | -6,00% | -8,92% | -20,34% | -37,24% | 0%",,18ddías,1.513.162,1.560.619 | 1.609.777 | 1.661.311 | 1.899.532 | 2.411.137 | 0,
Manolo González,Espanyol,-28.580 | -58.075 | -89.127 | -236.524 | -547.579 | -443.808,"-2,63% | -5,19% | -7,76% | -18,24% | -34,06% | 0%",,24ddías,1.060.129,1.088.709 | 1.118.204 | 1.149.256 | 1.296.653 | 1.607.708 | 0,
Pepe Bordalás,Getafe,-1.614.751 | -3.296.506 | -5.048.662 | -12.828.112 | -30.564.644 | +34.115.086,"-3,96% | -7,77% | -11,43% | -24,69% | -43,86% | 0%",,13ddías,39.128.212,40.742.963 | 42.424.718 | 44.176.874 | 51.956.324 | 69.692.856 | 0,
Juan Funes,Málaga,-34.758 | -70.687 | -108.441 | -285.560 | -663.009 | +205.753,"-2,80% | -5,53% | -8,24% | -19,11% | -35,43% | 0%",,20ddías,1.208.378,1.243.136 | 1.279.065 | 1.316.819 | 1.493.938 | 1.871.387 | 0,
Diego Simeone,Atlético,-165.453 | -337.862 | -519.937 | -1.309.596 | -2.689.111 | -4.639.013,"-2,98% | -5,90% | -8,80% | -19,56% | -33,30% | 0%",,26ddías,5.387.241,5.552.694 | 5.725.103 | 5.907.178 | 6.696.837 | 8.076.352 | 0,
Luis Miguel Ramis,Osasuna,-40.692 | -82.803 | -126.997 | -332.671 | -772.817 | 0,"-2,92% | -5,78% | -8,59% | -19,76% | -36,39% | 0%",,19ddías,1.350.815,1.391.507 | 1.433.618 | 1.477.812 | 1.683.486 | 2.123.632 | 0,
José Alberto López,Racing,-22.353 | -45.361 | -69.655 | -187.086 | -433.489 | +108.561,"-2,40% | -4,74% | -7,11% | -17,04% | -32,25% | 0%",,21ddías,910.660,933.013 | 956.021 | 980.315 | 1.097.746 | 1.344.149 | 0,
Beñat San José,Rayo,-47.457 | -96.615 | -148.149 | -386.370 | -897.975 | 0,"-3,04% | -6,00% | -8,92% | -20,34% | -37,24% | 0%",,18ddías,1.513.162,1.560.619 | 1.609.777 | 1.661.311 | 1.899.532 | 2.411.137 | 0,
José Mourinho,Real Madrid,-408.760 | -823.819 | -1.278.314 | -3.306.379 | -7.705.491 | 0,"-3,08% | -6,03% | -9,05% | -20,47% | -37,49% | 0%",,20ddías,12.846.354,13.255.114 | 13.670.173 | 14.124.668 | 16.152.733 | 20.551.845 | 0,
Pellegrino Matarazzo,Real Sociedad,-133.826 | -270.991 | -411.222 | -1.033.745 | -2.373.233 | -1.427.110,"-3,60% | -7,03% | -10,29% | -22,38% | -39,82% | 0%",,23ddías,3.586.016,3.719.842 | 3.857.007 | 3.997.238 | 4.619.761 | 5.959.249 | 0,
Luis García,Sevilla,-18.435 | -37.362 | -57.405 | -155.986 | -361.005 | +14.539,"-2,21% | -4,37% | -6,57% | -16,04% | -30,65% | 0%",,22ddías,816.638,835.073 | 854.000 | 874.043 | 972.624 | 1.177.643 | 0,
Carlos Corberán,Valencia,-11.905 | -24.029 | -36.986 | -104.145 | -239.914 | -242.449,"-1,77% | -3,51% | -5,31% | -13,63% | -26,66% | 0%",,25ddías,659.912,671.817 | 683.941 | 696.898 | 764.057 | 899.826 | 0,
Hansi Flick,Barcelona,-257.706 | -514.256 | -788.900 | -1.978.502 | -3.627.256 | -5.862.835,"-2,73% | -5,31% | -7,92% | -17,74% | -28,33% | 0%",,11ddías,9.176.547,9.434.253 | 9.690.803 | 9.965.447 | 11.155.049 | 12.803.803 | 0,
Edin Terzic,Athletic,-283.548 | -578.634 | -883.177 | -2.245.746 | -5.234.007 | 0,"-3,80% | -7,46% | -10,95% | -23,83% | -42,16% | 0%",,19ddías,7.179.353,7.462.901 | 7.757.987 | 8.062.530 | 9.425.099 | 12.413.360 | 0,
Fernando NiñoFer Niño,Elche,-229.017 | -508.144 | -706.758 | 0 | 0 | 0,"-1,57% | -3,41% | -4,68% | 0% | 0% | 0%",,4ddías,14.402.682,14.631.699 | 14.910.826 | 15.109.440 | 0 | 0 | 0,Delantero
Usedo,Levante,-16.178 | 0 | 0 | 0 | 0 | 0,"-2,08% | 0% | 0% | 0% | 0% | 0%",,1ddías,762.458,778.636 | 0 | 0 | 0 | 0 | 0,Mediocampista
Zabiri,Racing,-145.533 | -275.111 | -416.379 | 0 | 0 | 0,"-2,67% | -4,92% | -7,27% | 0% | 0% | 0%",,4ddías,5.314.787,5.460.320 | 5.589.898 | 5.731.166 | 0 | 0 | 0,Delantero
Ure,Sevilla,+51.776 | +24.858 | -66.807 | 0 | 0 | 0,"+0,44% | +0,21% | -0,56% | 0% | 0% | 0%",,1ddías,11.916.541,11.864.765 | 11.891.683 | 11.983.348 | 0 | 0 | 0,Delantero
Drkusic,Espanyol,-126.590 | 0 | 0 | 0 | 0 | 0,"-3,25% | 0% | 0% | 0% | 0% | 0%",,1ddías,3.766.590,3.893.180 | 0 | 0 | 0 | 0 | 0,Defensa
Timera,Espanyol,-11.728 | 0 | 0 | 0 | 0 | 0,"-1,76% | 0% | 0% | 0% | 0% | 0%",,1ddías,655.674,667.402 | 0 | 0 | 0 | 0 | 0,Defensa
José Ángel,Espanyol,-11.728 | 0 | 0 | 0 | 0 | 0,"-1,76% | 0% | 0% | 0% | 0% | 0%",,1ddías,655.674,667.402 | 0 | 0 | 0 | 0 | 0,Defensa
Enzo BardelliBardeli,Levante,-133.824 | 0 | 0 | 0 | 0 | 0,"-3,25% | 0% | 0% | 0% | 0% | 0%",,1ddías,3.981.824,4.115.648 | 0 | 0 | 0 | 0 | 0,Mediocampista
Calatrava,Levante,-25.076 | 0 | 0 | 0 | 0 | 0,"-2,50% | 0% | 0% | 0% | 0% | 0%",,1ddías,976.027,1.001.103 | 0 | 0 | 0 | 0 | 0,Mediocampista
Quique Sánchez,Alavés,-18.435 | -37.362 | -57.405 | -155.986 | -361.005 | +14.539,"-2,21% | -4,37% | -6,57% | -16,04% | -30,65% | 0%",,22ddías,816.638,835.073 | 854.000 | 874.043 | 972.624 | 1.177.643 | 0,
Marc Santos,Levante,-20.627 | 0 | 0 | 0 | 0 | 0,"-2,32% | 0% | 0% | 0% | 0% | 0%",,1ddías,869.242,889.869 | 0 | 0 | 0 | 0 | 0,Defensa
Galdin,Levante,-11.728 | 0 | 0 | 0 | 0 | 0,"-1,76% | 0% | 0% | 0% | 0% | 0%",,1ddías,655.674,667.402 | 0 | 0 | 0 | 0 | 0,Portero
Iván Alonso,Rayo,-7.279 | 0 | 0 | 0 | 0 | 0,"-1,31% | 0% | 0% | 0% | 0% | 0%",,1ddías,548.889,556.168 | 0 | 0 | 0 | 0 | 0,Delantero
Román,Rayo,-16.178 | 0 | 0 | 0 | 0 | 0,"-2,08% | 0% | 0% | 0% | 0% | 0%",,1ddías,762.458,778.636 | 0 | 0 | 0 | 0 | 0,Mediocampista
Ibra,Sevilla,-16.178 | 0 | 0 | 0 | 0 | 0,"-2,08% | 0% | 0% | 0% | 0% | 0%",,1ddías,762.458,778.636 | 0 | 0 | 0 | 0 | 0,Delantero
Guillén,Sevilla,-162.759 | 0 | 0 | 0 | 0 | 0,"-3,25% | 0% | 0% | 0% | 0% | 0%",,1ddías,4.842.758,5.005.517 | 0 | 0 | 0 | 0 | 0,Mediocampista
Thiam,Villarreal,-25.076 | 0 | 0 | 0 | 0 | 0,"-2,50% | 0% | 0% | 0% | 0% | 0%",,1ddías,976.027,1.001.103 | 0 | 0 | 0 | 0 | 0,Mediocampista
Arana,Racing,-15.809 | -28.910 | -37.901 | -76.963 | -169.639 | -428.794,"-2,05% | -3,69% | -4,79% | -9,27% | -18,37% | -36,26%",,43ddías,753.626,769.435 | 782.536 | 791.527 | 830.589 | 923.265 | 1.182.420,Delantero
Solórzano,Racing,0 | 0 | 0 | 0 | 0 | 0,"0,00% | 0,00% | 0,00% | 0,00% | 0,00% | 0,00%",,39ddías,602.234,602.234 | 602.234 | 602.234 | 602.234 | 602.234 | 602.234,Mediocampista
Cepeda,Elche,-11.731 | -32.237 | -35.251 | -54.132 | -170.242 | -668.977,"-1,10% | -2,98% | -3,24% | -4,90% | -13,94% | -38,89%",,3ddías,1.051.114,1.062.845 | 1.083.351 | 1.086.365 | 1.105.246 | 1.221.356 | 1.720.091,Delantero
Pablo García,Deportivo,0 | 0 | 0 | 0 | -11.052 | -87.447,"0,00% | 0,00% | 0,00% | 0,00% | -2,30% | -15,72%",,10ddías,468.964,468.964 | 468.964 | 468.964 | 468.964 | 480.016 | 556.411,Defensa
Canedo,Deportivo,0 | 0 | 0 | 0 | 0 | 0,"0,00% | 0,00% | 0,00% | 0,00% | 0,00% | 0,00%",,40ddías,602.257,602.257 | 602.257 | 602.257 | 602.257 | 602.257 | 602.257,Defensa
Samu Fernández,Deportivo,0 | 0 | 0 | 0 | 0 | 0,"0,00% | 0,00% | 0,00% | 0,00% | 0,00% | 0,00%",,40ddías,702.633,702.633 | 702.633 | 702.633 | 702.633 | 702.633 | 702.633,Defensa
Noubi,Deportivo,+335.671 | +558.719 | +792.048 | +1.714.772 | +3.300.231 | +5.014.119,"+2,63% | +4,46% | +6,44% | +15,08% | +33,73% | +62,12%",,25ddías,13.085.869,12.750.198 | 12.527.150 | 12.293.821 | 11.371.097 | 9.785.638 | 8.071.750,Defensa
Comas,Deportivo,-12.818 | -25.893 | -39.841 | -107.004 | -248.561 | -738.161,"-1,85% | -3,66% | -5,52% | -13,56% | -26,72% | -51,98%",,43ddías,681.822,694.640 | 707.715 | 721.663 | 788.826 | 930.383 | 1.419.983,Defensa
Barcia,Deportivo,-26.466 | -53.094 | -72.303 | -173.546 | -398.405 | -1.069.947,"-2,07% | -4,07% | -5,47% | -12,19% | -24,17% | -46,12%",,43ddías,1.250.218,1.276.684 | 1.303.312 | 1.322.521 | 1.423.764 | 1.648.623 | 2.320.165,Defensa
Ximo,Deportivo,+4.138 | +1.878 | +44.120 | +116.497 | -284.720 | -965.999,"+0,07% | +0,03% | +0,80% | +2,14% | -4,87% | -14,81%",,1ddías,5.558.474,5.554.336 | 5.556.596 | 5.514.354 | 5.441.977 | 5.843.194 | 6.524.473,Defensa
Noé Carrillo,Deportivo,0 | 0 | 0 | 0 | 0 | 0,"0,00% | 0,00% | 0,00% | 0,00% | 0,00% | 0,00%",,40ddías,702.633,702.633 | 702.633 | 702.633 | 702.633 | 702.633 | 702.633,Mediocampista
Loureiro,Deportivo,-71.442 | -143.416 | -182.868 | -236.416 | -230.515 | -945.260,"-1,96% | -3,86% | -4,87% | -6,21% | -6,06% | -20,93%",,6ddías,3.571.683,3.643.125 | 3.715.099 | 3.754.551 | 3.808.099 | 3.802.198 | 4.516.943,Defensa
Riki,Deportivo,-24.147 | -49.024 | -68.752 | -159.394 | -363.514 | -551.910,"-2,47% | -4,89% | -6,72% | -14,32% | -27,60% | -36,66%",,19ddías,953.736,977.883 | 1.002.760 | 1.022.488 | 1.113.130 | 1.317.250 | 1.505.646,Mediocampista
Rubén López,Deportivo,0 | 0 | 0 | 0 | 0 | 0,"0,00% | 0,00% | 0,00% | 0,00% | 0,00% | 0,00%",,40ddías,501.880,501.880 | 501.880 | 501.880 | 501.880 | 501.880 | 501.880,Mediocampista
Villares,Deportivo,-47.395 | -97.342 | -123.681 | -283.008 | -731.488 | -2.221.640,"-1,94% | -3,91% | -4,91% | -10,57% | -23,41% | -48,14%",,43ddías,2.393.361,2.440.756 | 2.490.703 | 2.517.042 | 2.676.369 | 3.124.849 | 4.615.001,Mediocampista
Jurado,Deportivo,-24.169 | -49.069 | -71.141 | -175.073 | -404.432 | -1.188.618,"-2,47% | -4,89% | -6,94% | -15,50% | -29,77% | -55,47%",,43ddías,954.251,978.420 | 1.003.320 | 1.025.392 | 1.129.324 | 1.358.683 | 2.142.869,Mediocampista
Mella,Deportivo,+31.168 | +64.613 | +116.874 | +269.499 | +81.918 | -800.355,"+0,91% | +1,91% | +3,50% | +8,47% | +2,43% | -18,82%",,8ddías,3.452.112,3.420.944 | 3.387.499 | 3.335.238 | 3.182.613 | 3.370.194 | 4.252.467,Mediocampista
Mario,Deportivo,+420.738 | +746.046 | +1.107.009 | +2.665.043 | +5.067.732 | +9.907.895,"+1,57% | +2,82% | +4,24% | +10,85% | +22,87% | +57,22%",,42ddías,27.222.428,26.801.690 | 26.476.382 | 26.115.419 | 24.557.385 | 22.154.696 | 17.314.533,Mediocampista
Patino,Deportivo,-5.129 | -10.196 | -15.802 | -46.690 | -106.392 | -321.378,"-1,02% | -2,01% | -3,08% | -8,58% | -17,62% | -39,26%",,43ddías,497.304,502.433 | 507.500 | 513.106 | 543.994 | 603.696 | 818.682,Mediocampista
Teijo,Deportivo,0 | 0 | 0 | 0 | 0 | 0,"0,00% | 0,00% | 0,00% | 0,00% | 0,00% | 0,00%",,40ddías,602.257,602.257 | 602.257 | 602.257 | 602.257 | 602.257 | 602.257,Defensa
Quagliata,Deportivo,-46.113 | -104.422 | -129.603 | -148.360 | +78.708 | +10.546,"-1,45% | -3,22% | -3,96% | -4,51% | +2,57% | +0,34%",,6ddías,3.140.434,3.186.547 | 3.244.856 | 3.270.037 | 3.288.794 | 3.061.726 | 3.129.888,Defensa
Bil Nsongo,Deportivo,0 | 0 | 0 | 0 | 0 | 0,"0,00% | 0,00% | 0,00% | 0,00% | 0,00% | 0,00%",,40ddías,6.524.473,6.524.473 | 6.524.473 | 6.524.473 | 6.524.473 | 6.524.473 | 6.524.473,Delantero
Vecino,Celta,-51.050 | -104.395 | -151.910 | -363.174 | -830.611 | -2.403.785,"-2,64% | -5,25% | -7,47% | -16,17% | -30,62% | -56,08%",,43ddías,1.882.442,1.933.492 | 1.986.837 | 2.034.352 | 2.245.616 | 2.713.053 | 4.286.227,Mediocampista
Freeman,Villarreal,-55.268 | -103.004 | -137.837 | -317.482 | -638.390 | -1.635.598,"-2,34% | -4,27% | -5,63% | -12,09% | -21,66% | -41,47%",,43ddías,2.308.333,2.363.601 | 2.411.337 | 2.446.170 | 2.625.815 | 2.946.723 | 3.943.931,Defensa
Koski,Alavés,+76.384 | +123.013 | +138.647 | +116.260 | +116.260 | +116.260,"+9,06% | +15,45% | +17,76% | +14,48% | +14,48% | +14,48%",,4ddías,919.349,842.965 | 796.336 | 780.702 | 803.089 | 803.089 | 803.089,Defensa
Fidalgo,Betis,-31.393 | -75.212 | -105.653 | -249.564 | -607.254 | -1.572.613,"-1,20% | -2,84% | -3,94% | -8,84% | -19,09% | -37,92%",,40ddías,2.574.195,2.605.588 | 2.649.407 | 2.679.848 | 2.823.759 | 3.181.449 | 4.146.808,Mediocampista
Tete Morente,Elche,-45.381 | -95.273 | -134.745 | -327.119 | -732.269 | -2.096.496,"-2,45% | -5,00% | -6,93% | -15,31% | -28,81% | -53,68%",,43ddías,1.809.179,1.854.560 | 1.904.452 | 1.943.924 | 2.136.298 | 2.541.448 | 3.905.675,Delantero
Lookman,Atlético,-1.071.914 | -2.178.154 | -2.955.407 | -5.072.839 | +4.639.671 | +26.247.915,"-1,43% | -2,86% | -3,84% | -6,41% | +6,69% | +54,96%",,6ddías,74.006.847,75.078.761 | 76.185.001 | 76.962.254 | 79.079.686 | 69.367.176 | 47.758.932,Delantero
Vargas,Atlético,-16.394 | -24.436 | -36.506 | -106.810 | -251.283 | -764.675,"-2,01% | -2,97% | -4,37% | -11,80% | -23,94% | -48,93%",,43ddías,798.267,814.661 | 822.703 | 834.773 | 905.077 | 1.049.550 | 1.562.942,Mediocampista
Sangaré,Elche,-27.296 | -68.385 | -56.262 | -300.820 | -300.820 | -300.820,"-0,73% | -1,81% | -1,49% | -7,49% | -7,49% | -7,49%",,2ddías,3.714.681,3.741.977 | 3.783.066 | 3.770.943 | 4.015.501 | 4.015.501 | 4.015.501,Defensa
Germán Parreño,Deportivo,-8.437 | -16.949 | -25.671 | -61.821 | -125.947 | -125.947,"-1,44% | -2,86% | -4,26% | -9,68% | -17,93% | -17,93%",,12ddías,576.686,585.123 | 593.635 | 602.357 | 638.507 | 702.633 | 702.633,Portero
Lamini Fati,Real Madrid,0 | 0 | 0 | 0 | 0 | 0,"0,00% | 0,00% | 0,00% | 0,00% | 0,00% | 0,00%",,40ddías,677.955,677.955 | 677.955 | 677.955 | 677.955 | 677.955 | 677.955,Defensa
Antañón,Celta,0 | 0 | 0 | 0 | 0 | 0,"0,00% | 0,00% | 0,00% | 0,00% | 0,00% | 0,00%",,40ddías,581.700,581.700 | 581.700 | 581.700 | 581.700 | 581.700 | 581.700,Mediocampista
Ochieng,Real Sociedad,0 | 0 | 0 | 0 | 0 | 0,"0,00% | 0,00% | 0,00% | 0,00% | 0,00% | 0,00%",,40ddías,702.633,702.633 | 702.633 | 702.633 | 702.633 | 702.633 | 702.633,Mediocampista
Morcillo,Elche,0 | 0 | 0 | 0 | 0 | 0,"0,00% | 0,00% | 0,00% | 0,00% | 0,00% | 0,00%",,40ddías,702.702,702.702 | 702.702 | 702.702 | 702.702 | 702.702 | 702.702,Mediocampista
Cubo,Atlético,0 | 0 | 0 | 0 | 0 | 0,"0,00% | 0,00% | 0,00% | 0,00% | 0,00% | 0,00%",,40ddías,602.316,602.316 | 602.316 | 602.316 | 602.316 | 602.316 | 602.316,Delantero
Hugo Ríos,Deportivo,0 | 0 | 0 | 0 | 0 | 0,"0,00% | 0,00% | 0,00% | 0,00% | 0,00% | 0,00%",,40ddías,903.386,903.386 | 903.386 | 903.386 | 903.386 | 903.386 | 903.386,Portero
Puerto,Deportivo,0 | 0 | 0 | -1.094 | -3.841 | -4.711,"0,00% | 0,00% | 0,00% | -0,30% | -1,03% | -1,27%",,6ddías,367.523,367.523 | 367.523 | 367.523 | 368.617 | 371.364 | 372.234,Portero
Luismi,Deportivo,-44.402 | -64.163 | -30.167 | +30.606 | -429.638 | -2.617.132,"-0,74% | -1,07% | -0,51% | +0,52% | -6,74% | -30,58%",,2ddías,5.940.180,5.984.582 | 6.004.343 | 5.970.347 | 5.909.574 | 6.369.818 | 8.557.312,Delantero
Eddahchouri,Deportivo,-35.623 | -69.906 | -94.954 | -214.112 | -509.363 | -1.322.739,"-1,96% | -3,77% | -5,05% | -10,71% | -22,19% | -42,55%",,43ddías,1.785.994,1.821.617 | 1.855.900 | 1.880.948 | 2.000.106 | 2.295.357 | 3.108.733,Delantero
Puerta,Racing,+353.684 | +483.002 | +651.815 | +1.457.891 | +2.609.328 | +3.567.411,"+2,73% | +3,77% | +5,16% | +12,32% | +24,43% | +36,69%",,22ddías,13.291.657,12.937.973 | 12.808.655 | 12.639.842 | 11.833.766 | 10.682.329 | 9.724.246,Mediocampista
Mantilla,Racing,-42.515 | -44.352 | -18.115 | +171.615 | +485.333 | +489.935,"-1,52% | -1,59% | -0,65% | +6,66% | +21,44% | +21,69%",,2ddías,2.748.696,2.791.211 | 2.793.048 | 2.766.811 | 2.577.081 | 2.263.363 | 2.258.761,Defensa
Lobete,Málaga,-15.385 | -31.134 | -47.867 | -118.732 | -276.175 | -761.072,"-2,03% | -4,02% | -6,05% | -13,77% | -27,09% | -50,59%",,43ddías,743.434,758.819 | 774.568 | 791.301 | 862.166 | 1.019.609 | 1.504.506,Delantero
Jauregi,Málaga,-31.697 | -65.235 | -91.937 | -219.447 | -314.416 | -314.416,"-2,49% | -4,99% | -6,90% | -15,02% | -20,21% | -20,21%",,9ddías,1.241.358,1.273.055 | 1.306.593 | 1.333.295 | 1.460.805 | 1.555.774 | 1.555.774,Delantero
Haitam,Málaga,-1.722 | -3.240 | -5.149 | -23.315 | -51.777 | -141.073,"-0,41% | -0,77% | -1,22% | -5,31% | -11,08% | -25,35%",,43ddías,415.537,417.259 | 418.777 | 420.686 | 438.852 | 467.314 | 556.610,Delantero
Jiménez,Racing,0 | 0 | 0 | 0 | 0 | 0,"0,00% | 0,00% | 0,00% | 0,00% | 0,00% | 0,00%",,39ddías,602.234,602.234 | 602.234 | 602.234 | 602.234 | 602.234 | 602.234,Portero
Eriksson,Racing,-78.507 | -129.506 | -144.455 | -171.816 | +167.148 | +327.539,"-2,75% | -4,45% | -4,94% | -5,82% | +6,40% | +13,36%",,6ddías,2.778.598,2.857.105 | 2.908.104 | 2.923.053 | 2.950.414 | 2.611.450 | 2.451.059,Portero
Laro Gómez,Racing,0 | 0 | 0 | 0 | 0 | 0,"0,00% | 0,00% | 0,00% | 0,00% | 0,00% | 0,00%",,39ddías,602.234,602.234 | 602.234 | 602.234 | 602.234 | 602.234 | 602.234,Portero
Sainz-Maza,Racing,-14.441 | -29.208 | -42.714 | -105.963 | -254.619 | -729.920,"-1,96% | -3,89% | -5,59% | -12,82% | -26,10% | -50,31%",,43ddías,720.788,735.229 | 749.996 | 763.502 | 826.751 | 975.407 | 1.450.708,Defensa
Juanpe,Málaga,0 | 0 | 0 | 0 | 0 | 0,"0,00% | 0,00% | 0,00% | 0,00% | 0,00% | 0,00%",,39ddías,581.931,581.931 | 581.931 | 581.931 | 581.931 | 581.931 | 581.931,Mediocampista
Hernando,Racing,+30.889 | +4.746 | -22.020 | -132.732 | -253.242 | -811.014,"+1,80% | +0,27% | -1,24% | -7,06% | -12,65% | -31,69%",,1ddías,1.748.170,1.717.281 | 1.743.424 | 1.770.190 | 1.880.902 | 2.001.412 | 2.559.184,Defensa
Salinas,Racing,+74.462 | +95.171 | +53.862 | -352.688 | -352.688 | -352.688,"+1,33% | +1,71% | +0,96% | -5,86% | -5,86% | -5,86%",,2ddías,5.669.668,5.595.206 | 5.574.497 | 5.615.806 | 6.022.356 | 6.022.356 | 6.022.356,Defensa
Carlos Sánchez,Racing,-12.592 | -26.202 | -26.202 | -26.202 | -26.202 | -26.202,"-1,83% | -3,73% | -3,73% | -3,73% | -3,73% | -3,73%",,2ddías,676.404,688.996 | 702.606 | 702.606 | 702.606 | 702.606 | 702.606,Defensa
Facundo GonzálezFacu González,Racing,-76.848 | -134.333 | -144.473 | -161.684 | -276.066 | -587.591,"-2,56% | -4,39% | -4,71% | -5,24% | -8,62% | -16,73%",,3ddías,2.925.449,3.002.297 | 3.059.782 | 3.069.922 | 3.087.133 | 3.201.515 | 3.513.040,Defensa
Crespo,Racing,0 | 0 | 0 | 0 | 0 | 0,"0,00% | 0,00% | 0,00% | 0,00% | 0,00% | 0,00%",,39ddías,802.979,802.979 | 802.979 | 802.979 | 802.979 | 802.979 | 802.979,Defensa
Maguette,Racing,-97.636 | -178.004 | -207.186 | -332.694 | -667.620 | -2.047.817,"-2,44% | -4,35% | -5,03% | -7,84% | -14,58% | -34,37%",,39ddías,3.910.219,4.007.855 | 4.088.223 | 4.117.405 | 4.242.913 | 4.577.839 | 5.958.036,Mediocampista
Sergio Martínez,Racing,-12.592 | -26.202 | -26.202 | -26.202 | -26.202 | -26.202,"-1,83% | -3,73% | -3,73% | -3,73% | -3,73% | -3,73%",,2ddías,676.404,688.996 | 702.606 | 702.606 | 702.606 | 702.606 | 702.606,Mediocampista
Joaquín,Málaga,-101.803 | -227.865 | -316.360 | -746.781 | -1.793.426 | -4.665.286,"-1,55% | -3,40% | -4,66% | -10,34% | -21,69% | -41,87%",,43ddías,6.476.690,6.578.493 | 6.704.555 | 6.793.050 | 7.223.471 | 8.270.116 | 11.141.976,Delantero
Enríquez,Málaga,-16.218 | -33.794 | -46.319 | -77.704 | -224.020 | -665.750,"-2,02% | -4,12% | -5,56% | -8,99% | -22,17% | -45,84%",,43ddías,786.442,802.660 | 820.236 | 832.761 | 864.146 | 1.010.462 | 1.452.192,Mediocampista
Osorio,Elche,0 | 0 | 0 | 0 | 0 | 0,"0,00% | 0,00% | 0,00% | 0,00% | 0,00% | 0,00%",,39ddías,1.405.425,1.405.425 | 1.405.425 | 1.405.425 | 1.405.425 | 1.405.425 | 1.405.425,Delantero
Galilea,Málaga,-46.791 | -109.463 | -132.660 | -194.919 | -474.071 | -474.071,"-1,22% | -2,81% | -3,38% | -4,89% | -11,11% | -11,11%",,9ddías,3.791.861,3.838.652 | 3.901.324 | 3.924.521 | 3.986.780 | 4.265.932 | 4.265.932,Defensa
Herrero,Málaga,+97.341 | +144.181 | +268.272 | +824.719 | +1.276.146 | +2.164.648,"+1,16% | +1,73% | +3,27% | +10,79% | +17,75% | +34,34%",,11ddías,8.467.463,8.370.122 | 8.323.282 | 8.199.191 | 7.642.744 | 7.191.317 | 6.302.815,Portero
Carlos López,Málaga,+2.222 | +2.104 | +1.653 | -10.047 | -24.316 | -47.515,"+0,58% | +0,55% | +0,43% | -2,54% | -5,93% | -10,96%",,1ddías,385.889,383.667 | 383.785 | 384.236 | 395.936 | 410.205 | 433.404,Portero
Céspedes,Málaga,0 | 0 | 0 | 0 | 0 | 0,"0,00% | 0,00% | 0,00% | 0,00% | 0,00% | 0,00%",,39ddías,401.498,401.498 | 401.498 | 401.498 | 401.498 | 401.498 | 401.498,Portero
Puga,Málaga,-64.926 | -141.015 | -179.525 | -347.805 | -821.631 | -2.517.855,"-1,26% | -2,69% | -3,40% | -6,38% | -13,87% | -33,04%",,38ddías,5.102.130,5.167.056 | 5.243.145 | 5.281.655 | 5.449.935 | 5.923.761 | 7.619.985,Defensa
Murillo,Málaga,-50.760 | -109.967 | -170.968 | -440.089 | -991.522 | -2.687.993,"-2,59% | -5,45% | -8,22% | -18,74% | -34,20% | -58,49%",,43ddías,1.908.028,1.958.788 | 2.017.995 | 2.078.996 | 2.348.117 | 2.899.550 | 4.596.021,Defensa
Rafa GarridoRafita,Málaga,0 | 0 | 0 | 0 | 0 | 0,"0,00% | 0,00% | 0,00% | 0,00% | 0,00% | 0,00%",,39ddías,5.018.744,5.018.744 | 5.018.744 | 5.018.744 | 5.018.744 | 5.018.744 | 5.018.744,Defensa
Dani Sánchez,Málaga,-13.218 | -26.710 | -41.092 | -109.534 | -248.706 | -678.876,"-1,88% | -3,72% | -5,61% | -13,68% | -26,45% | -49,54%",,43ddías,691.432,704.650 | 718.142 | 732.524 | 800.966 | 940.138 | 1.370.308,Defensa
Ochoa,Málaga,0 | 0 | 0 | 0 | 0 | 0,"0,00% | 0,00% | 0,00% | 0,00% | 0,00% | 0,00%",,39ddías,3.513.040,3.513.040 | 3.513.040 | 3.513.040 | 3.513.040 | 3.513.040 | 3.513.040,Mediocampista
Recio,Málaga,0 | 0 | 0 | 0 | 0 | 0,"0,00% | 0,00% | 0,00% | 0,00% | 0,00% | 0,00%",,39ddías,752.810,752.810 | 752.810 | 752.810 | 752.810 | 752.810 | 752.810,Defensa
Pastor,Málaga,-121 | +784 | +644 | -9.677 | -12.010 | -12.010,"-0,03% | +0,21% | +0,17% | -2,50% | -3,09% | -3,09%",,1ddías,377.106,377.227 | 376.322 | 376.462 | 386.783 | 389.116 | 389.116,Defensa
Arriaza,Málaga,0 | 0 | 0 | 0 | 0 | 0,"0,00% | 0,00% | 0,00% | 0,00% | 0,00% | 0,00%",,39ddías,401.498,401.498 | 401.498 | 401.498 | 401.498 | 401.498 | 401.498,Defensa
Moussa,Málaga,0 | 0 | 0 | 0 | 0 | 0,"0,00% | 0,00% | 0,00% | 0,00% | 0,00% | 0,00%",,39ddías,401.498,401.498 | 401.498 | 401.498 | 401.498 | 401.498 | 401.498,Defensa
Merino,Málaga,-75.077 | -179.397 | -242.995 | -465.502 | -920.022 | -2.577.077,"-1,21% | -2,83% | -3,80% | -7,03% | -13,01% | -29,52%",,39ddías,6.152.182,6.227.259 | 6.331.579 | 6.395.177 | 6.617.684 | 7.072.204 | 8.729.259,Mediocampista
Lorenzo,Málaga,-67.739 | -111.889 | -86.560 | +177.026 | +1.011.872 | +442.854,"-0,70% | -1,15% | -0,89% | +1,88% | +11,78% | +4,83%",,2ddías,9.604.577,9.672.316 | 9.716.466 | 9.691.137 | 9.427.551 | 8.592.705 | 9.161.723,Mediocampista
Rafa Rodríguez,Málaga,0 | 0 | 0 | 0 | 0 | 0,"0,00% | 0,00% | 0,00% | 0,00% | 0,00% | 0,00%",,39ddías,6.270.426,6.270.426 | 6.270.426 | 6.270.426 | 6.270.426 | 6.270.426 | 6.270.426,Mediocampista
Diatta,Villarreal,-6.848 | -13.705 | -21.176 | -43.103 | -43.103 | -43.103,"-1,26% | -2,48% | -3,78% | -7,41% | -7,41% | -7,41%",,5ddías,538.553,545.401 | 552.258 | 559.729 | 581.656 | 581.656 | 581.656,Mediocampista
Aguado,Elche,-14.474 | -44.563 | -25.182 | -16.244 | -155.951 | -1.187.743,"-0,41% | -1,26% | -0,72% | -0,46% | -4,29% | -25,44%",,2ddías,3.480.819,3.495.293 | 3.525.382 | 3.506.001 | 3.497.063 | 3.636.770 | 4.668.562,Mediocampista
Castrín,Sevilla,-82.552 | -183.050 | -254.737 | -636.740 | -636.740 | -636.740,"-1,93% | -4,19% | -5,74% | -13,20% | -13,20% | -13,20%",,6ddías,4.186.276,4.268.828 | 4.369.326 | 4.441.013 | 4.823.016 | 4.823.016 | 4.823.016,Defensa
Dimitrievski,Valencia,+290.859 | +548.225 | +839.422 | +2.504.250 | +2.900.276 | +2.900.276,"+1,98% | +3,81% | +5,95% | +20,13% | +24,08% | +24,08%",,10ddías,14.946.153,14.655.294 | 14.397.928 | 14.106.731 | 12.441.903 | 12.045.877 | 12.045.877,Portero
Budimir,Osasuna,+309.443 | +760.877 | +1.323.732 | +4.215.134 | +3.804.475 | +13.014.540,"+0,60% | +1,49% | +2,63% | +8,87% | +7,94% | 0%",,9ddías,51.739.338,51.429.895 | 50.978.461 | 50.415.606 | 47.524.204 | 47.934.863 | 0,Delantero
Ibáñez,Alavés,+49.568 | +72.285 | +91.894 | +126.914 | -30.271 | -1.175.163,"+1,50% | +2,20% | +2,81% | +3,92% | -0,89% | -25,91%",,5ddías,3.361.091,3.311.523 | 3.288.806 | 3.269.197 | 3.234.177 | 3.391.362 | 4.536.254,Mediocampista
Mojica,Getafe,-180.804 | -368.712 | -630.000 | +9.005.374 | +9.005.374 | +9.005.374,"-1,57% | -3,15% | -5,26% | 0% | 0% | 0%",,4ddías,11.353.348,11.534.152 | 11.722.060 | 11.983.348 | 0 | 0 | 0,Defensa
Catena,Osasuna,-232.719 | -543.141 | -726.701 | -1.994.271 | -5.070.272 | -1.821.143,"-0,69% | -1,60% | -2,13% | -5,63% | -13,18% | -5,17%",,19ddías,33.406.019,33.638.738 | 33.949.160 | 34.132.720 | 35.400.290 | 38.476.291 | 35.227.162,Defensa
Herrando,Osasuna,-35.700 | -72.089 | -95.244 | -220.765 | -522.982 | -1.611.249,"-2,18% | -4,31% | -5,62% | -12,13% | -24,64% | -50,18%",,43ddías,1.599.622,1.635.322 | 1.671.711 | 1.694.866 | 1.820.387 | 2.122.604 | 3.210.871,Defensa
Iker Muñoz,Osasuna,-20.736 | -43.639 | -52.932 | -75.714 | -234.985 | -992.428,"-1,55% | -3,20% | -3,86% | -5,43% | -15,13% | -42,95%",,3ddías,1.318.238,1.338.974 | 1.361.877 | 1.371.170 | 1.393.952 | 1.553.223 | 2.310.666,Mediocampista
Ratiu,Rayo,+106.409 | +150.437 | +301.175 | -68.355 | -2.153.328 | -23.635.842,"+0,30% | +0,42% | +0,85% | -0,19% | -5,68% | 0%",,4ddías,35.748.135,35.641.726 | 35.597.698 | 35.446.960 | 35.816.490 | 37.901.463 | 0,Defensa
Rubén GarcíaRubén G.,Osasuna,+86.652 | +167.712 | +271.657 | +941.154 | +485.380 | -1.955.805,"+0,62% | +1,21% | +1,98% | +7,19% | +3,58% | -12,24%",,8ddías,14.025.906,13.939.254 | 13.858.194 | 13.754.249 | 13.084.752 | 13.540.526 | 15.981.711,Mediocampista
Isi,Rayo,+519.242 | +880.636 | +1.379.591 | +3.854.346 | +2.186.730 | +317.964,"+2,64% | +4,56% | +7,33% | +23,58% | +12,14% | +1,60%",,8ddías,20.197.802,19.678.560 | 19.317.166 | 18.818.211 | 16.343.456 | 18.011.072 | 19.879.838,Delantero
Nteka,Rayo,-8.311 | -13.258 | -25.892 | -106.127 | -316.060 | -1.020.521,"-0,66% | -1,06% | -2,04% | -7,87% | -20,27% | -45,08%",,43ddías,1.243.080,1.251.391 | 1.256.338 | 1.268.972 | 1.349.207 | 1.559.140 | 2.263.601,Delantero
Cárdenas,Rayo,+1.797 | -6.448 | -14.229 | -49.983 | -135.789 | -428.421,"+0,31% | -1,10% | -2,39% | -7,93% | -18,96% | -42,46%",,1ddías,580.512,578.715 | 586.960 | 594.741 | 630.495 | 716.301 | 1.008.933,Portero
Unai López,Rayo,+51.341 | +63.888 | +97.968 | +217.501 | +53.942 | -250.182,"+0,87% | +1,08% | +1,67% | +3,78% | +0,91% | -4,02%",,5ddías,5.974.492,5.923.151 | 5.910.604 | 5.876.524 | 5.756.991 | 5.920.550 | 6.224.674,Mediocampista
Álvaro García,Rayo,+566.424 | +1.033.176 | +1.215.758 | +1.664.523 | +2.839.832 | +5.624.456,"+3,03% | +5,67% | +6,74% | +9,47% | +17,31% | +41,30%",,27ddías,19.244.529,18.678.105 | 18.211.353 | 18.028.771 | 17.580.006 | 16.404.697 | 13.620.073,Mediocampista
De Frutos,Rayo,-937.477 | -1.797.380 | -2.301.570 | -5.195.258 | -2.811.857 | +11.394.922,"-2,08% | -3,92% | -4,96% | -10,54% | -6,00% | +34,86%",,8ddías,44.082.008,45.019.485 | 45.879.388 | 46.383.578 | 49.277.266 | 46.893.865 | 32.687.086,Delantero
Moi Gómez,Osasuna,-33.690 | -73.953 | -99.756 | -223.771 | -549.520 | -1.657.598,"-1,72% | -3,70% | -4,93% | -10,43% | -22,23% | -46,30%",,43ddías,1.922.594,1.956.284 | 1.996.547 | 2.022.350 | 2.146.365 | 2.472.114 | 3.580.192,Mediocampista
Aitor,Osasuna,-4.783 | -9.488 | -14.717 | -37.886 | -80.594 | -264.096,"-0,97% | -1,90% | -2,92% | -7,19% | -14,15% | -35,07%",,8ddías,488.978,493.761 | 498.466 | 503.695 | 526.864 | 569.572 | 753.074,Portero
Pathé Ciss,Rayo,+536.146 | +766.327 | +844.902 | +1.327.257 | +2.100.061 | +1.357.442,"+4,37% | +6,37% | +7,07% | +11,57% | +19,63% | +11,86%",,17ddías,12.799.987,12.263.841 | 12.033.660 | 11.955.085 | 11.472.730 | 10.699.926 | 11.442.545,Mediocampista
Javi Muñoz,Getafe,-9.341 | -18.795 | -28.970 | -77.991 | -182.074 | -556.981,"-1,54% | -3,05% | -4,62% | -11,53% | -23,33% | -48,21%",,43ddías,598.382,607.723 | 617.177 | 627.352 | 676.373 | 780.456 | 1.155.363,Mediocampista
Herrera,Real Sociedad,-19.397 | -52.557 | -68.332 | -134.508 | -463.658 | -1.790.081,"-0,64% | -1,72% | -2,22% | -4,29% | -13,37% | -37,34%",,40ddías,3.003.926,3.023.323 | 3.056.483 | 3.072.258 | 3.138.434 | 3.467.584 | 4.794.007,Mediocampista
Eric Garcia,Barcelona,+123.761 | +104.764 | -108.026 | -2.061.655 | -7.526.720 | -14.588.716,"+0,28% | +0,24% | -0,24% | -4,41% | -14,43% | -24,63%",,1ddías,44.639.516,44.515.755 | 44.534.752 | 44.747.542 | 46.701.171 | 52.166.236 | 59.228.232,Defensa
Boyé,Alavés,-309.103 | -643.119 | -870.261 | -2.136.882 | -3.336.023 | -6.526.939,"-2,65% | -5,36% | -7,12% | -15,84% | -22,71% | -36,51%",,39ddías,11.351.002,11.660.105 | 11.994.121 | 12.221.263 | 13.487.884 | 14.687.025 | 17.877.941,Delantero
Miguel Ángel RubioMiguel Rubio,Espanyol,-7.090 | -14.199 | -21.932 | -65.923 | -151.090 | -450.628,"-1,29% | -2,54% | -3,87% | -10,80% | -21,73% | -45,29%",,43ddías,544.352,551.442 | 558.551 | 566.284 | 610.275 | 695.442 | 994.980,Defensa
Villar,Elche,0 | 0 | 0 | 0 | 0 | 0,"0,00% | 0,00% | 0,00% | 0,00% | 0,00% | 0,00%",,40ddías,7.027.127,7.027.127 | 7.027.127 | 7.027.127 | 7.027.127 | 7.027.127 | 7.027.127,Mediocampista
S. Cardona,Villarreal,-82.889 | -114.471 | -120.658 | -195.322 | -427.171 | -1.061.124,"-1,78% | -2,44% | -2,57% | -4,10% | -8,55% | -18,84%",,3ddías,4.570.164,4.653.053 | 4.684.635 | 4.690.822 | 4.765.486 | 4.997.335 | 5.631.288,Defensa
Moleiro,Villarreal,-298.819 | -244.910 | +41.368 | +3.313.157 | +10.326.141 | -28.904.858,"-0,44% | -0,36% | +0,06% | +5,19% | +18,17% | 0%",,1ddías,67.155.610,67.454.429 | 67.400.520 | 67.114.242 | 63.842.453 | 56.829.469 | 0,Mediocampista
Areso,Athletic,+26.539 | +38.133 | +75.892 | +232.909 | +541.516 | -3.348,"+0,92% | +1,32% | +2,67% | +8,67% | +22,78% | -0,11%",,15ddías,2.918.964,2.892.425 | 2.880.831 | 2.843.072 | 2.686.055 | 2.377.448 | 2.922.312,Defensa
Valles,Betis,+216.288 | +479.677 | +857.458 | +3.184.282 | +9.692.966 | +19.698.203,"+0,65% | +1,45% | +2,62% | +10,47% | +40,56% | +141,76%",,42ddías,33.593.185,33.376.897 | 33.113.508 | 32.735.727 | 30.408.903 | 23.900.219 | 13.894.982,Portero
Copete,Valencia,-56.974 | -115.864 | -172.293 | -442.683 | -1.001.846 | -2.829.208,"-3,13% | -6,17% | -8,91% | -20,08% | -36,25% | -61,63%",,43ddías,1.761.793,1.818.767 | 1.877.657 | 1.934.086 | 2.204.476 | 2.763.639 | 4.591.001,Defensa
Herrera,Osasuna,-276.954 | -575.366 | -839.582 | -619.075 | +4.691.953 | +16.854.610,"-0,70% | -1,45% | -2,11% | -1,56% | +13,67% | +76,02%",,5ddías,39.027.143,39.304.097 | 39.602.509 | 39.866.725 | 39.646.218 | 34.335.190 | 22.172.533,Portero
Torró,Osasuna,-29.854 | -66.648 | -83.174 | -154.492 | -329.036 | -1.056.867,"-1,23% | -2,70% | -3,35% | -6,05% | -12,06% | -30,57%",,39ddías,2.400.338,2.430.192 | 2.466.986 | 2.483.512 | 2.554.830 | 2.729.374 | 3.457.205,Mediocampista
Moncayola,Osasuna,+43.085 | +76.870 | +142.439 | +489.847 | +1.066.671 | +1.155.129,"+0,63% | +1,12% | +2,10% | +7,60% | +18,18% | +19,99%",,18ddías,6.933.138,6.890.053 | 6.856.268 | 6.790.699 | 6.443.291 | 5.866.467 | 5.778.009,Mediocampista
Oroz,Osasuna,+36.101 | +90.421 | +297.858 | +727.929 | +1.040.670 | -2.237.008,"+0,22% | +0,56% | +1,89% | +4,74% | +6,91% | -12,20%",,11ddías,16.097.350,16.061.249 | 16.006.929 | 15.799.492 | 15.369.421 | 15.056.680 | 18.334.358,Mediocampista
Kike Barja,Osasuna,-67.787 | -131.810 | -188.021 | -429.278 | -429.278 | -429.278,"-2,77% | -5,24% | -7,32% | -15,27% | -15,27% | -15,27%",,6ddías,2.381.550,2.449.337 | 2.513.360 | 2.569.571 | 2.810.828 | 2.810.828 | 2.810.828,Delantero
Balliu,Rayo,+599 | +828 | +26.542 | +120.224 | +146.645 | -166.945,"+0,06% | +0,09% | +2,81% | +14,15% | +17,82% | -14,69%",,11ddías,969.614,969.015 | 968.786 | 943.072 | 849.390 | 822.969 | 1.136.559,Defensa
Valentín,Rayo,+84.631 | +137.845 | +166.212 | +319.274 | +331.860 | -904.824,"+2,28% | +3,77% | +4,58% | +9,19% | +9,59% | -19,26%",,11ddías,3.792.821,3.708.190 | 3.654.976 | 3.626.609 | 3.473.547 | 3.460.961 | 4.697.645,Mediocampista
Mayoral,Getafe,-53.101 | -107.788 | -113.425 | -156.733 | -331.767 | -1.051.684,"-1,82% | -3,63% | -3,82% | -5,20% | -10,40% | -26,90%",,43ddías,2.857.580,2.910.681 | 2.965.368 | 2.971.005 | 3.014.313 | 3.189.347 | 3.909.264,Delantero
Sadiq,Valencia,-99.593 | -192.197 | -260.133 | -659.049 | -2.355.668 | -6.519.022,"-1,48% | -2,82% | -3,78% | -9,06% | -26,26% | -49,63%",,41ddías,6.615.029,6.714.622 | 6.807.226 | 6.875.162 | 7.274.078 | 8.970.697 | 13.134.051,Delantero
Barrenetxea,Real Sociedad,-191.649 | -428.070 | -498.327 | -1.599.780 | -5.356.597 | -5.350.811,"-0,59% | -1,30% | -1,51% | -4,70% | -14,17% | -14,16%",,21ddías,32.434.551,32.626.200 | 32.862.621 | 32.932.878 | 34.034.331 | 37.791.148 | 37.785.362,Mediocampista
Marín,Real Sociedad,-45.245 | -92.099 | -136.636 | -338.932 | -777.789 | -2.195.670,"-3,01% | -5,93% | -8,56% | -18,84% | -34,76% | -60,06%",,43ddías,1.460.086,1.505.331 | 1.552.185 | 1.596.722 | 1.799.018 | 2.237.875 | 3.655.756,Mediocampista
Oyarzabal,Real Sociedad,+313.712 | +269.299 | -24.324 | -2.261.341 | -7.139.620 | -51.236.557,"+0,50% | +0,43% | -0,04% | -3,46% | -10,15% | 0%",,1ddías,63.174.617,62.860.905 | 62.905.318 | 63.198.941 | 65.435.958 | 70.314.237 | 0,Delantero
Zakharyan,Real Sociedad,-24.784 | -50.324 | -70.110 | -169.741 | -399.898 | -1.151.909,"-2,49% | -4,94% | -6,75% | -14,91% | -29,21% | -54,31%",,43ddías,969.002,993.786 | 1.019.326 | 1.039.112 | 1.138.743 | 1.368.900 | 2.120.911,Mediocampista
Kubo,Real Sociedad,+399.715 | +884.801 | +1.274.884 | +2.698.900 | +501.019 | -8.778.461,"+1,63% | +3,68% | +5,39% | +12,15% | +2,05% | -26,05%",,8ddías,24.920.419,24.520.704 | 24.035.618 | 23.645.535 | 22.221.519 | 24.419.400 | 33.698.880,Mediocampista
Olasagasti,Levante,-60.520 | -66.179 | -9.912 | +322.127 | +642.984 | -290.059,"-1,38% | -1,51% | -0,23% | +8,06% | +17,50% | -6,30%",,2ddías,4.316.587,4.377.107 | 4.382.766 | 4.326.499 | 3.994.460 | 3.673.603 | 4.606.646,Mediocampista
Pacheco,Real Sociedad,0 | 0 | 0 | 0 | 0 | 0,"0,00% | 0,00% | 0,00% | 0,00% | 0,00% | 0,00%",,40ddías,4.015.452,4.015.452 | 4.015.452 | 4.015.452 | 4.015.452 | 4.015.452 | 4.015.452,Defensa
Aihen,Real Sociedad,-32.321 | -67.129 | -93.396 | -224.224 | -521.312 | -1.511.620,"-2,39% | -4,84% | -6,61% | -14,52% | -28,31% | -53,38%",,43ddías,1.320.149,1.352.470 | 1.387.278 | 1.413.545 | 1.544.373 | 1.841.461 | 2.831.769,Defensa
Turrientes,Real Sociedad,-70.594 | -62.912 | +9.342 | +280.234 | -228.651 | -2.249.710,"-0,99% | -0,88% | +0,13% | +4,13% | -3,13% | -24,13%",,1ddías,7.073.131,7.143.725 | 7.136.043 | 7.063.789 | 6.792.897 | 7.301.782 | 9.322.841,Mediocampista
Le Normand,Atlético,+171.795 | +278.832 | +439.288 | +389.714 | -280.051 | -2.407.206,"+1,68% | +2,75% | +4,40% | +3,88% | -2,62% | -18,76%",,4ddías,10.422.993,10.251.198 | 10.144.161 | 9.983.705 | 10.033.279 | 10.703.044 | 12.830.199,Defensa
Marrero,Real Sociedad,-26.825 | -54.394 | -74.878 | -166.473 | -381.009 | -1.087.578,"-2,44% | -4,84% | -6,54% | -13,46% | -26,25% | -50,40%",,43ddías,1.070.463,1.097.288 | 1.124.857 | 1.145.341 | 1.236.936 | 1.451.472 | 2.158.041,Portero
Fraga,Real Sociedad,0 | 0 | 0 | 0 | 0 | 0,"0,00% | 0,00% | 0,00% | 0,00% | 0,00% | 0,00%",,40ddías,602.234,602.234 | 602.234 | 602.234 | 602.234 | 602.234 | 602.234,Portero
Urko,Espanyol,+69.902 | +37.587 | +49.719 | +26.951 | -211.340 | -1.142.004,"+1,48% | +0,79% | +1,05% | +0,57% | -4,23% | -19,26%",,1ddías,4.788.264,4.718.362 | 4.750.677 | 4.738.545 | 4.761.313 | 4.999.604 | 5.930.268,Mediocampista
Dmitrovic,Espanyol,+521.022 | +527.567 | +654.678 | +1.746.339 | +6.835.184 | +18.291.042,"+1,39% | +1,40% | +1,75% | +4,81% | +21,87% | +92,39%",,42ddías,38.087.702,37.566.680 | 37.560.135 | 37.433.024 | 36.341.363 | 31.252.518 | 19.796.660,Portero
Pedrosa,Sevilla,0 | 0 | 0 | 0 | 0 | 0,"0,00% | 0,00% | 0,00% | 0,00% | 0,00% | 0,00%",,40ddías,3.312.788,3.312.788 | 3.312.788 | 3.312.788 | 3.312.788 | 3.312.788 | 3.312.788,Defensa
Mariezkurrena,Real Sociedad,0 | 0 | 0 | 0 | 0 | 0,"0,00% | 0,00% | 0,00% | 0,00% | 0,00% | 0,00%",,40ddías,677.966,677.966 | 677.966 | 677.966 | 677.966 | 677.966 | 677.966,Delantero
Odriozola,Real Sociedad,-8.306 | -16.682 | -25.734 | -67.997 | -163.502 | -501.378,"-1,43% | -2,83% | -4,29% | -10,60% | -22,18% | -46,64%",,43ddías,573.541,581.847 | 590.223 | 599.275 | 641.538 | 737.043 | 1.074.919,Defensa
Lejeune,Rayo,-514.006 | -795.686 | -692.016 | -870.616 | -3.538.795 | -38.461.956,"-1,35% | -2,08% | -1,81% | -2,27% | -8,62% | 0%",,2ddías,37.520.128,38.034.134 | 38.315.814 | 38.212.144 | 38.390.744 | 41.058.923 | 0,Defensa
Camavinga,Real Madrid,-166.019 | -332.343 | -458.715 | -1.269.809 | -3.272.350 | -8.997.885,"-1,65% | -3,26% | -4,44% | -11,40% | -24,90% | -47,70%",,43ddías,9.867.495,10.033.514 | 10.199.838 | 10.326.210 | 11.137.304 | 13.139.845 | 18.865.380,Mediocampista
Camello,Rayo,-30.974 | -57.900 | -48.626 | -63.484 | -185.969 | -1.060.019,"-1,00% | -1,86% | -1,57% | -2,04% | -5,74% | -25,78%",,2ddías,3.052.092,3.083.066 | 3.109.992 | 3.100.718 | 3.115.576 | 3.238.061 | 4.112.111,Delantero
Courtois,Real Madrid,+669.101 | +1.541.990 | +2.137.544 | +5.357.023 | +4.211.922 | +4.134.213,"+1,08% | +2,54% | +3,55% | +9,40% | +7,24% | +7,10%",,8ddías,62.367.258,61.698.157 | 60.825.268 | 60.229.714 | 57.010.235 | 58.155.336 | 58.233.045,Portero
Militão,Real Madrid,-315.389 | -626.428 | -939.736 | -2.447.128 | -5.462.208 | -15.120.090,"-2,76% | -5,34% | -7,80% | -18,06% | -32,98% | -57,66%",,43ddías,11.102.055,11.417.444 | 11.728.483 | 12.041.791 | 13.549.183 | 16.564.263 | 26.222.145,Defensa
Bellingham,Real Madrid,+1.117.770 | +1.793.321 | +2.096.934 | +100.807 | -4.865.031 | -41.738.375,"+1,25% | +2,02% | +2,37% | +0,11% | -5,09% | 0%",,4ddías,90.697.614,89.579.844 | 88.904.293 | 88.600.680 | 90.596.807 | 95.562.645 | 0,Mediocampista
Vinicius,Real Madrid,+160.150 | +305.943 | +354.940 | +4.193.180 | +6.843.137 | -46.607.261,"+0,15% | +0,28% | +0,33% | +4,04% | +6,77% | 0%",,11ddías,107.889.258,107.729.108 | 107.583.315 | 107.534.318 | 103.696.078 | 101.046.121 | 0,Delantero
Rodrygo,Real Madrid,-59.947 | -119.940 | -175.732 | -470.891 | -1.023.937 | -2.560.819,"-2,06% | -4,03% | -5,80% | -14,17% | -26,41% | -47,30%",,33ddías,2.852.861,2.912.808 | 2.972.801 | 3.028.593 | 3.323.752 | 3.876.798 | 5.413.680,Delantero
Lunin,Real Madrid,-29.412 | -62.467 | -76.266 | -186.202 | -434.331 | -1.175.864,"-1,39% | -2,91% | -3,53% | -8,21% | -17,26% | -36,10%",,43ddías,2.081.695,2.111.107 | 2.144.162 | 2.157.961 | 2.267.897 | 2.516.026 | 3.257.559,Portero
Remiro,Real Sociedad,-371.445 | -802.197 | -1.026.060 | -2.763.496 | -954.915 | +14.572.925,"-0,87% | -1,86% | -2,37% | -6,14% | -2,21% | +52,68%",,9ddías,42.238.089,42.609.534 | 43.040.286 | 43.264.149 | 45.001.585 | 43.193.004 | 27.665.164,Portero
Valverde,Real Madrid,+845.865 | +1.358.052 | +1.539.077 | -56.047 | -4.742.933 | -19.303.870,"+1,22% | +1,97% | +2,24% | -0,08% | -6,31% | -21,52%",,3ddías,70.389.711,69.543.846 | 69.031.659 | 68.850.634 | 70.445.758 | 75.132.644 | 89.693.581,Mediocampista
Tchouaméni,Real Madrid,-481.593 | -954.972 | -1.358.726 | -3.791.496 | -8.558.373 | -19.232.261,"-1,17% | -2,30% | -3,24% | -8,54% | -17,41% | -32,15%",,28ddías,40.589.751,41.071.344 | 41.544.723 | 41.948.477 | 44.381.247 | 49.148.124 | 59.822.012,Mediocampista
Fran García,Betis,0 | 0 | 0 | 0 | 0 | 0,"0,00% | 0,00% | 0,00% | 0,00% | 0,00% | 0,00%",,41ddías,9.591.157,9.591.157 | 9.591.157 | 9.591.157 | 9.591.157 | 9.591.157 | 9.591.157,Defensa
Brahim,Real Madrid,+141.814 | +193.677 | +276.434 | -175.717 | -2.079.590 | -6.987.204,"+1,32% | +1,82% | +2,61% | -1,59% | -16,07% | -39,14%",,4ddías,10.863.146,10.721.332 | 10.669.469 | 10.586.712 | 11.038.863 | 12.942.736 | 17.850.350,Mediocampista
Rüdiger,Real Madrid,+415.100 | +702.298 | +936.930 | +753.405 | -1.138.228 | -8.451.420,"+1,47% | +2,51% | +3,38% | +2,70% | -3,82% | -22,76%",,4ddías,28.675.279,28.260.179 | 27.972.981 | 27.738.349 | 27.921.874 | 29.813.507 | 37.126.699,Defensa
Mendy,Real Madrid,-13.736 | -27.768 | -42.712 | -107.424 | -259.074 | -790.972,"-1,91% | -3,80% | -5,72% | -13,24% | -26,90% | -52,91%",,43ddías,703.858,717.594 | 731.626 | 746.570 | 811.282 | 962.932 | 1.494.830,Defensa
Güler,Real Madrid,+987.473 | +1.895.888 | +2.568.179 | +3.848.227 | -247.814 | -13.112.934,"+1,84% | +3,60% | +4,94% | +7,59% | -0,45% | -19,38%",,6ddías,54.547.883,53.560.410 | 52.651.995 | 51.979.704 | 50.699.656 | 54.795.697 | 67.660.817,Mediocampista
Iglesias,Sevilla,+108.508 | +129.935 | +226.830 | -610.455 | -610.455 | -610.455,"+0,92% | +1,10% | +1,94% | -4,86% | -4,86% | -4,86%",,4ddías,11.937.897,11.829.389 | 11.807.962 | 11.711.067 | 12.548.352 | 12.548.352 | 12.548.352,Defensa
Diego Rico,Osasuna,0 | 0 | 0 | 0 | 0 | 0,"0,00% | 0,00% | 0,00% | 0,00% | 0,00% | 0,00%",,40ddías,4.918.952,4.918.952 | 4.918.952 | 4.918.952 | 4.918.952 | 4.918.952 | 4.918.952,Defensa
Marcão,Sevilla,-9.797 | -19.726 | -30.109 | -79.548 | -190.711 | -555.467,"-1,58% | -3,14% | -4,71% | -11,55% | -23,84% | -47,69%",,43ddías,609.329,619.126 | 629.055 | 639.438 | 688.877 | 800.040 | 1.164.796,Defensa
Villalibre,Racing,-44.041 | -14.934 | +64.754 | -36.465 | -292.904 | -292.904,"-0,61% | -0,21% | +0,90% | -0,50% | -3,89% | -3,89%",,1ddías,7.235.042,7.279.083 | 7.249.976 | 7.170.288 | 7.271.507 | 7.527.946 | 7.527.946,Delantero
I. Williams,Athletic,-130.499 | -269.163 | -377.105 | -1.441.051 | -2.862.505 | +3.518.580,"-0,48% | -0,98% | -1,37% | -5,05% | -9,56% | +14,93%",,12ddías,27.091.497,27.221.996 | 27.360.660 | 27.468.602 | 28.532.548 | 29.954.002 | 23.572.917,Delantero
N. Williams,Athletic,-511.183 | -1.165.368 | -1.864.982 | -6.466.304 | -13.444.804 | +20.676.335,"-0,81% | -1,83% | -2,90% | -9,39% | -17,72% | 0%",,13ddías,62.430.050,62.941.233 | 63.595.418 | 64.295.032 | 68.896.354 | 75.874.854 | 0,Delantero
Guruzeta,Athletic,+445.584 | +642.721 | +820.762 | +1.430.771 | +2.446.750 | +1.882.326,"+3,19% | +4,66% | +6,03% | +11,01% | +20,42% | +15,00%",,17ddías,14.430.504,13.984.920 | 13.787.783 | 13.609.742 | 12.999.733 | 11.983.754 | 12.548.178,Delantero
Agirrezabala,Racing,+232.967 | +373.857 | +463.118 | +265.497 | +265.497 | +265.497,"+7,91% | +13,34% | +17,07% | +9,12% | +9,12% | +9,12%",,3ddías,3.176.582,2.943.615 | 2.802.725 | 2.713.464 | 2.911.085 | 2.911.085 | 2.911.085,Portero
R. de Galarreta,Athletic,+198.892 | +226.008 | +414.596 | +932.563 | +2.144.362 | +1.240.613,"+1,60% | +1,82% | +3,39% | +7,96% | +20,41% | +10,87%",,18ddías,12.650.951,12.452.059 | 12.424.943 | 12.236.355 | 11.718.388 | 10.506.589 | 11.410.338,Mediocampista
Yuri,Athletic,-46.120 | -83.682 | -101.680 | -312.055 | -1.600.600 | -5.656.877,"-0,37% | -0,67% | -0,81% | -2,45% | -11,42% | -31,31%",,28ddías,12.410.898,12.457.018 | 12.494.580 | 12.512.578 | 12.722.953 | 14.011.498 | 18.067.775,Defensa
Prados,Athletic,-31.511 | -59.486 | -79.262 | -191.581 | -428.364 | -1.242.387,"-2,25% | -4,17% | -5,48% | -12,30% | -23,87% | -47,63%",,43ddías,1.366.137,1.397.648 | 1.425.623 | 1.445.399 | 1.557.718 | 1.794.501 | 2.608.524,Mediocampista
Berenguer,Athletic,-64.152 | -162.918 | -204.575 | -537.293 | -1.325.647 | -3.169.962,"-0,73% | -1,82% | -2,28% | -5,77% | -13,13% | -26,55%",,34ddías,8.767.675,8.831.827 | 8.930.593 | 8.972.250 | 9.304.968 | 10.093.322 | 11.937.637,Delantero
Egiluz,Athletic,-1.537 | -2.862 | -4.570 | -21.844 | -48.352 | -130.394,"-0,37% | -0,69% | -1,10% | -5,05% | -10,52% | -24,08%",,43ddías,411.090,412.627 | 413.952 | 415.660 | 432.934 | 459.442 | 541.484,Defensa
Giménez,Atlético,-75.821 | -161.917 | -242.292 | -640.949 | -1.511.388 | -4.122.692,"-1,68% | -3,52% | -5,18% | -12,63% | -25,43% | -48,19%",,38ddías,4.431.988,4.507.809 | 4.593.905 | 4.674.280 | 5.072.937 | 5.943.376 | 8.554.680,Defensa
Koke,Atlético,-228.987 | -471.131 | -635.205 | -2.007.583 | -2.007.583 | -2.007.583,"-1,43% | -2,90% | -3,87% | -11,30% | -11,30% | -11,30%",,6ddías,15.760.088,15.989.075 | 16.231.219 | 16.395.293 | 17.767.671 | 17.767.671 | 17.767.671,Mediocampista
Oblak,Atlético,-418.307 | -867.476 | -1.133.580 | -2.889.672 | -2.630.526 | +6.399.983,"-0,81% | -1,66% | -2,16% | -5,32% | -4,86% | +14,20%",,10ddías,51.462.796,51.881.103 | 52.330.272 | 52.596.376 | 54.352.468 | 54.093.322 | 45.062.813,Portero
M. Llorente,Atlético,-471.876 | -841.790 | -1.262.725 | -3.779.032 | -9.944.167 | -14.308.098,"-0,94% | -1,67% | -2,48% | -7,08% | -16,71% | -22,40%",,23ddías,49.570.892,50.042.768 | 50.412.682 | 50.833.617 | 53.349.924 | 59.515.059 | 63.878.990,Defensa
Galán,Celta,-297.199 | -602.414 | -907.721 | -2.421.360 | -2.704.099 | -2.704.099,"-2,46% | -4,87% | -7,16% | -17,06% | -18,68% | -18,68%",,8ddías,11.771.730,12.068.929 | 12.374.144 | 12.679.451 | 14.193.090 | 14.475.829 | 14.475.829,Defensa
Barrios,Atlético,+100.312 | +168.986 | +290.483 | -1.035.263 | -9.269.821 | -3.215.773,"+0,24% | +0,40% | +0,70% | -2,41% | -18,11% | -7,13%",,4ddías,41.916.592,41.816.280 | 41.747.606 | 41.626.109 | 42.951.855 | 51.186.413 | 45.132.365,Mediocampista
Sancet,Athletic,-748.680 | -1.563.065 | -2.243.655 | -6.013.792 | -3.784.034 | +12.038.061,"-1,62% | -3,33% | -4,71% | -11,69% | -7,69% | +36,04%",,9ddías,45.442.273,46.190.953 | 47.005.338 | 47.685.928 | 51.456.065 | 49.226.307 | 33.404.212,Mediocampista
Yeray,Athletic,+19.343 | +43.151 | +104.078 | +401.077 | +776.575 | -164.230,"+0,41% | +0,92% | +2,24% | +9,21% | +19,52% | -3,34%",,15ddías,4.755.031,4.735.688 | 4.711.880 | 4.650.953 | 4.353.954 | 3.978.456 | 4.919.261,Defensa
Balde,Barcelona,+124.484 | +349.980 | +555.647 | +528.617 | -2.721.828 | -42.465,"+0,53% | +1,50% | +2,41% | +2,29% | -10,33% | -0,18%",,4ddías,23.633.970,23.509.486 | 23.283.990 | 23.078.323 | 23.105.353 | 26.355.798 | 23.676.435,Defensa
Kike García,Espanyol,-107.835 | -216.375 | -327.778 | -839.817 | -1.844.639 | -4.074.001,"-3,17% | -6,17% | -9,05% | -20,32% | -35,91% | -55,30%",,41ddías,3.292.676,3.400.511 | 3.509.051 | 3.620.454 | 4.132.493 | 5.137.315 | 7.366.677,Delantero
Gorosabel,Athletic,-45.317 | -90.817 | -126.758 | -332.377 | -915.967 | -2.532.635,"-2,03% | -3,99% | -5,48% | -13,20% | -29,53% | -53,68%",,43ddías,2.185.816,2.231.133 | 2.276.633 | 2.312.574 | 2.518.193 | 3.101.783 | 4.718.451,Defensa
Abqar,Getafe,+28.691 | +66.037 | +195.911 | +796.577 | +1.834.610 | +1.921.680,"+0,40% | +0,92% | +2,78% | +12,36% | +33,92% | +36,11%",,22ddías,7.243.280,7.214.589 | 7.177.243 | 7.047.369 | 6.446.703 | 5.408.670 | 5.321.600,Defensa
Guevara,Alavés,-27.927 | -56.607 | -75.721 | -161.532 | -366.857 | -1.091.358,"-2,58% | -5,09% | -6,70% | -13,28% | -25,80% | -50,85%",,43ddías,1.054.804,1.082.731 | 1.111.411 | 1.130.525 | 1.216.336 | 1.421.661 | 2.146.162,Mediocampista
Blanco,Alavés,-85.682 | -167.207 | -144.227 | -274.117 | -1.225.962 | -5.138.625,"-0,58% | -1,12% | -0,96% | -1,82% | -7,65% | -25,77%",,2ddías,14.803.449,14.889.131 | 14.970.656 | 14.947.676 | 15.077.566 | 16.029.411 | 19.942.074,Mediocampista
Rioja,Valencia,-365.839 | -734.903 | -1.113.112 | -2.853.135 | -6.294.919 | -10.442.190,"-3,08% | -6,01% | -8,83% | -19,89% | -35,39% | -47,60%",,43ddías,11.494.150,11.859.989 | 12.229.053 | 12.607.262 | 14.347.285 | 17.789.069 | 21.936.340,Mediocampista
Tenaglia,Alavés,+629.530 | +1.149.632 | +1.226.401 | +1.231.060 | +888.500 | -1.058.383,"+4,20% | +7,94% | +8,52% | +8,55% | +6,03% | -6,35%",,5ddías,15.621.725,14.992.195 | 14.472.093 | 14.395.324 | 14.390.665 | 14.733.225 | 16.680.108,Defensa
Guridi,Sevilla,+207.013 | +366.161 | +427.310 | +195.381 | +195.381 | +195.381,"+4,13% | +7,55% | +8,93% | +3,89% | +3,89% | +3,89%",,4ddías,5.214.696,5.007.683 | 4.848.535 | 4.787.386 | 5.019.315 | 5.019.315 | 5.019.315,Mediocampista
Paredes,Athletic,+78.127 | +150.531 | +226.010 | +675.770 | +1.083.569 | +83.595,"+1,50% | +2,93% | +4,46% | +14,64% | +25,75% | +1,60%",,15ddías,5.292.134,5.214.007 | 5.141.603 | 5.066.124 | 4.616.364 | 4.208.565 | 5.208.539,Defensa
Rebbach,Alavés,-17.493 | -58.832 | -123.569 | -441.569 | -1.036.435 | -2.942.089,"-0,48% | -1,59% | -3,29% | -10,84% | -22,21% | -44,76%",,41ddías,3.630.232,3.647.725 | 3.689.064 | 3.753.801 | 4.071.801 | 4.666.667 | 6.572.321,Delantero
Carlos BenavidezProtesoni,Alavés,-77.532 | -156.376 | -214.171 | -468.963 | -468.963 | -468.963,"-2,96% | -5,79% | -7,77% | -15,57% | -15,57% | -15,57%",,6ddías,2.542.625,2.620.157 | 2.699.001 | 2.756.796 | 3.011.588 | 3.011.588 | 3.011.588,Mediocampista
Owono,Alavés,-20.988 | -41.757 | -56.266 | +67.850 | +67.850 | +67.850,"-2,33% | -4,54% | -6,02% | 0% | 0% | 0%",,5ddías,877.918,898.906 | 919.675 | 934.184 | 0 | 0 | 0,Portero
Adrián,Alavés,-24.848 | -50.455 | -77.457 | -669.663 | -669.663 | -669.663,"-2,50% | -4,94% | -7,39% | 0% | 0% | 0%",,4ddías,970.552,995.400 | 1.021.007 | 1.048.009 | 0 | 0 | 0,Portero
Pubill,Atlético,-686.201 | -1.331.357 | -2.178.484 | -6.952.870 | -16.269.081 | +2.963.467,"-1,18% | -2,26% | -3,65% | -10,80% | -22,07% | +5,44%",,14ddías,57.451.604,58.137.805 | 58.782.961 | 59.630.088 | 64.404.474 | 73.720.685 | 54.488.137,Defensa
Unai Simón,Athletic,-765.968 | -1.424.052 | -1.861.850 | -5.006.344 | -4.375.408 | +20.724.863,"-1,44% | -2,64% | -3,42% | -8,69% | -7,68% | +65,00%",,10ddías,52.608.233,53.374.201 | 54.032.285 | 54.470.083 | 57.614.577 | 56.983.641 | 31.883.370,Portero
Vivian,Athletic,-298.040 | -597.292 | -904.684 | -2.294.406 | -5.023.558 | -12.836.721,"-2,92% | -5,68% | -8,36% | -18,79% | -33,63% | -56,42%",,32ddías,9.915.249,10.213.289 | 10.512.541 | 10.819.933 | 12.209.655 | 14.938.807 | 22.751.970,Defensa
Riquelme,Betis,+87.405 | +152.705 | +245.064 | +724.895 | +806.077 | -105.656,"+2,10% | +3,73% | +6,13% | +20,61% | +23,46% | -2,43%",,11ddías,4.242.576,4.155.171 | 4.089.871 | 3.997.512 | 3.517.681 | 3.436.499 | 4.348.232,Mediocampista
Gavi,Barcelona,-571.108 | -1.170.565 | -1.752.450 | -4.891.707 | -7.610.359 | +2.196.561,"-1,81% | -3,65% | -5,36% | -13,65% | -19,74% | +7,64%",,12ddías,30.940.761,31.511.869 | 32.111.326 | 32.693.211 | 35.832.468 | 38.551.120 | 28.744.200,Mediocampista
Soria,Getafe,+486.627 | +935.714 | +1.430.997 | +2.277.735 | +1.616.080 | +1.616.080,"+2,38% | +4,68% | +7,35% | +12,22% | +8,38% | +8,38%",,6ddías,20.912.434,20.425.807 | 19.976.720 | 19.481.437 | 18.634.699 | 19.296.354 | 19.296.354,Portero
Aspas,Celta,-71.306 | -143.197 | -183.911 | -555.948 | -1.385.314 | -3.765.501,"-1,01% | -2,00% | -2,55% | -7,34% | -16,49% | -34,93%",,37ddías,7.014.904,7.086.210 | 7.158.101 | 7.198.815 | 7.570.852 | 8.400.218 | 10.780.405,Delantero
Navarro,Athletic,-5.068 | -10.409 | +8.657 | +53.596 | -19.306 | -535.936,"-0,24% | -0,49% | +0,41% | +2,59% | -0,90% | -20,18%",,2ddías,2.120.459,2.125.527 | 2.130.868 | 2.111.802 | 2.066.863 | 2.139.765 | 2.656.395,Mediocampista
Chust,Elche,-16.447 | -64.194 | -80.568 | -420.567 | -420.567 | -420.567,"-0,36% | -1,38% | -1,72% | -8,38% | -8,38% | -8,38%",,5ddías,4.598.809,4.615.256 | 4.663.003 | 4.679.377 | 5.019.376 | 5.019.376 | 5.019.376,Defensa
Starfelt,Celta,+33.000 | +104.235 | +239.695 | +857.096 | +2.753.365 | +3.366.589,"+0,23% | +0,75% | +1,73% | +6,48% | +24,29% | +31,40%",,20ddías,14.087.470,14.054.470 | 13.983.235 | 13.847.775 | 13.230.374 | 11.334.105 | 10.720.881,Defensa
U. Núñez,Espanyol,+203.269 | +231.443 | +269.758 | +291.417 | -91.689 | -1.113.394,"+5,49% | +6,30% | +7,42% | +8,06% | -2,29% | -22,18%",,5ddías,3.905.720,3.702.451 | 3.674.277 | 3.635.962 | 3.614.303 | 3.997.409 | 5.019.114,Defensa
Dotor,Málaga,-98.362 | -201.838 | -300.293 | -667.957 | -667.957 | -663.554,"-2,85% | -5,69% | -8,23% | -16,64% | -16,64% | 0%",,6ddías,3.346.947,3.445.309 | 3.548.785 | 3.647.240 | 4.014.904 | 4.014.904 | 0,Mediocampista
Carles Pérez,Celta,-30.728 | -62.460 | -91.902 | -233.461 | -539.771 | -512.405,"-2,69% | -5,32% | -7,64% | -17,36% | -32,69% | 0%",,20ddías,1.111.661,1.142.389 | 1.174.121 | 1.203.563 | 1.345.122 | 1.651.432 | 0,Delantero
Iván Villar,Celta,-22.659 | -45.986 | -60.435 | -133.093 | -303.320 | -877.077,"-2,41% | -4,77% | -6,18% | -12,66% | -24,84% | -48,86%",,43ddías,918.011,940.670 | 963.997 | 978.446 | 1.051.104 | 1.221.331 | 1.795.088,Portero
Isco,Betis,-517.880 | -862.240 | -1.132.568 | -3.029.221 | -8.301.755 | +43.144.451,"-0,95% | -1,57% | -2,05% | -5,31% | -13,32% | 0%",,27ddías,54.036.962,54.554.842 | 54.899.202 | 55.169.530 | 57.066.183 | 62.338.717 | 0,Mediocampista
Swedberg,Celta,-85.471 | -175.839 | -207.577 | -404.371 | -1.021.545 | -3.377.949,"-1,08% | -2,19% | -2,57% | -4,89% | -11,51% | -30,07%",,3ddías,7.856.665,7.942.136 | 8.032.504 | 8.064.242 | 8.261.036 | 8.878.210 | 11.234.614,Mediocampista
Miguel,Alavés,-89.802 | -180.284 | -265.334 | +2.285.198 | +2.285.198 | +2.285.198,"-2,94% | -5,73% | -8,21% | 0% | 0% | 0%",,4ddías,2.964.959,3.054.761 | 3.145.243 | 3.230.293 | 0 | 0 | 0,Delantero
Sotelo,Levante,0 | 0 | 0 | 0 | 0 | -224.678,"0,00% | 0,00% | 0,00% | 0,00% | 0,00% | -13,98%",,18ddías,1.382.803,1.382.803 | 1.382.803 | 1.382.803 | 1.382.803 | 1.382.803 | 1.607.481,Mediocampista
Djené,Getafe,+188.494 | +302.136 | +489.917 | +523.191 | +523.191 | +523.191,"+2,15% | +3,49% | +5,79% | +6,20% | +6,20% | +6,20%",,5ddías,8.955.683,8.767.189 | 8.653.547 | 8.465.766 | 8.432.492 | 8.432.492 | 8.432.492,Defensa
Enes Ünal,Getafe,-27.630 | -79.077 | -241.385 | +10.724.017 | +10.724.017 | +10.724.017,"-0,22% | -0,64% | -1,91% | 0% | 0% | 0%",,4ddías,12.367.182,12.394.812 | 12.446.259 | 12.608.567 | 0 | 0 | 0,Delantero
Aleñá,Alavés,-73.904 | -151.222 | -162.144 | -226.291 | -577.863 | -1.851.321,"-1,94% | -3,90% | -4,17% | -5,72% | -13,42% | -33,17%",,43ddías,3.729.594,3.803.498 | 3.880.816 | 3.891.738 | 3.955.885 | 4.307.457 | 5.580.915,Mediocampista
Carmona,Sevilla,-93.822 | -169.049 | -188.753 | -275.862 | -540.139 | -1.607.888,"-2,20% | -3,90% | -4,33% | -6,21% | -11,47% | -27,84%",,38ddías,4.168.266,4.262.088 | 4.337.315 | 4.357.019 | 4.444.128 | 4.708.405 | 5.776.154,Defensa
Ruibal,Betis,-65.011 | -131.540 | -198.632 | -503.733 | -1.142.013 | -3.233.293,"-2,94% | -5,77% | -8,47% | -19,00% | -34,72% | -60,10%",,43ddías,2.146.912,2.211.923 | 2.278.452 | 2.345.544 | 2.650.645 | 3.288.925 | 5.380.205,Delantero
Marc Roca,Betis,-21.718 | -21.556 | +32.111 | +219.298 | +724.314 | +305.079,"-0,40% | -0,40% | +0,60% | +4,25% | +15,55% | +6,01%",,1ddías,5.382.179,5.403.897 | 5.403.735 | 5.350.068 | 5.162.881 | 4.657.865 | 5.077.100,Mediocampista
Pedri,Barcelona,+1.014.072 | +1.672.221 | +1.962.926 | +761.043 | -4.897.687 | -88.297.755,"+1,14% | +1,89% | +2,22% | +0,85% | -5,15% | 0%",,4ddías,90.239.837,89.225.765 | 88.567.616 | 88.276.911 | 89.478.794 | 95.137.524 | 0,Mediocampista
Casadó,Barcelona,-22.748 | -44.724 | -60.044 | -156.339 | -343.656 | -757.215,"-1,34% | -2,61% | -3,47% | -8,56% | -17,06% | -31,19%",,43ddías,1.670.914,1.693.662 | 1.715.638 | 1.730.958 | 1.827.253 | 2.014.570 | 2.428.129,Mediocampista
Raphinha,Barcelona,+1.755.888 | +3.497.934 | +4.875.762 | +14.084.720 | +17.393.699 | -5.023.866,"+2,03% | +4,12% | +5,84% | +18,96% | +24,50% | -5,38%",,11ddías,88.386.298,86.630.410 | 84.888.364 | 83.510.536 | 74.301.578 | 70.992.599 | 93.410.164,Delantero
A. Christensen,Barcelona,0 | 0 | 0 | 0 | 0 | 0,"0,00% | 0,00% | 0,00% | 0,00% | 0,00% | 0,00%",,40ddías,5.019.340,5.019.340 | 5.019.340 | 5.019.340 | 5.019.340 | 5.019.340 | 5.019.340,Defensa
M. Alonso,Celta,-315.042 | -605.466 | -737.935 | -1.486.237 | -43.114.611 | -43.114.611,"-1,09% | -2,07% | -2,52% | -4,94% | 0% | 0%",,11ddías,28.589.508,28.904.550 | 29.194.974 | 29.327.443 | 30.075.745 | 0 | 0,Defensa
F. de Jong,Barcelona,-756.659 | -1.530.018 | -2.347.129 | -6.124.370 | -13.919.235 | -20.248.944,"-3,01% | -5,90% | -8,77% | -20,05% | -36,30% | -45,33%",,19ddías,24.423.196,25.179.855 | 25.953.214 | 26.770.325 | 30.547.566 | 38.342.431 | 44.672.140,Mediocampista
Koundé,Barcelona,-343.002 | -766.320 | -1.199.494 | -3.806.886 | -9.544.450 | -6.221.062,"-0,85% | -1,87% | -2,90% | -8,65% | -19,19% | -13,40%",,19ddías,40.189.044,40.532.046 | 40.955.364 | 41.388.538 | 43.995.930 | 49.733.494 | 46.410.106,Defensa
Yamal,Barcelona,-92.239 | -311.024 | -995.008 | -3.126.414 | -3.049.209 | +55.515.114,"-0,07% | -0,25% | -0,78% | -2,42% | -2,37% | 0%",,7ddías,125.811.297,125.903.536 | 126.122.321 | 126.806.305 | 128.937.711 | 128.860.506 | 0,Delantero
Cubarsí,Barcelona,-191.940 | -375.600 | -779.017 | -5.228.647 | -15.342.055 | -5.677.946,"-0,25% | -0,48% | -1,00% | -6,35% | -16,59% | -6,86%",,19ddías,77.145.544,77.337.484 | 77.521.144 | 77.924.561 | 82.374.191 | 92.487.599 | 82.823.490,Defensa
Juan Cruz,Málaga,-114.967 | -242.988 | -325.616 | -4.641.799 | -4.641.799 | -4.641.799,"-0,74% | -1,56% | -2,08% | 0% | 0% | 0%",,5ddías,15.326.644,15.441.611 | 15.569.632 | 15.652.260 | 0 | 0 | 0,Mediocampista
Fermín,Barcelona,+1.365.808 | +2.824.279 | +3.921.436 | +8.986.279 | +5.577.186 | -14.384.920,"+2,05% | +4,33% | +6,11% | +15,20% | +8,92% | -17,44%",,8ddías,68.099.073,66.733.265 | 65.274.794 | 64.177.637 | 59.112.794 | 62.521.887 | 82.483.993,Mediocampista
Bellerín,Betis,+100.311 | +210.664 | +441.437 | +1.551.648 | +3.296.874 | +3.809.861,"+0,70% | +1,47% | +3,14% | +11,98% | +29,42% | +35,63%",,20ddías,14.502.124,14.401.813 | 14.291.460 | 14.060.687 | 12.950.476 | 11.205.250 | 10.692.263,Defensa
Guido,Valencia,-329.440 | -666.891 | -840.985 | -1.640.642 | +22.969.590 | +22.969.590,"-1,31% | -2,61% | -3,27% | -6,18% | 0% | 0%",,11ddías,24.895.131,25.224.571 | 25.562.022 | 25.736.116 | 26.535.773 | 0 | 0,Mediocampista
Abde,Betis,-684.480 | -1.467.953 | -2.354.154 | -7.064.189 | -16.849.825 | -88.954.443,"-1,57% | -3,31% | -5,20% | -14,13% | -28,19% | 0%",,27ddías,42.927.674,43.612.154 | 44.395.627 | 45.281.828 | 49.991.863 | 59.777.499 | 0,Delantero
Iglesias,Celta,-254.835 | -504.981 | -694.571 | -1.947.582 | -5.523.610 | +683.790,"-0,96% | -1,88% | -2,57% | -6,88% | -17,33% | +2,66%",,16ddías,26.342.463,26.597.298 | 26.847.444 | 27.037.034 | 28.290.045 | 31.866.073 | 25.658.673,Delantero
Ayoze,Villarreal,+22.399 | +352.830 | +660.499 | +1.736.239 | +1.205.351 | -921.140,"+0,13% | +2,03% | +3,88% | +10,87% | +7,31% | -4,95%",,8ddías,17.704.854,17.682.455 | 17.352.024 | 17.044.355 | 15.968.615 | 16.499.503 | 18.625.994,Delantero
Bartra,Betis,-157.181 | -292.285 | -330.460 | +92.131 | +2.023.343 | +6.891.553,"-0,57% | -1,05% | -1,18% | +0,33% | +7,91% | +33,29%",,3ddías,27.594.034,27.751.215 | 27.886.319 | 27.924.494 | 27.501.903 | 25.570.691 | 20.702.481,Defensa
Mariano,Alavés,+170.829 | +318.723 | +312.327 | +232.597 | +51.471 | -621.941,"+15,72% | +33,95% | +33,05% | +22,70% | +4,27% | -33,09%",,2ddías,1.257.410,1.086.581 | 938.687 | 945.083 | 1.024.813 | 1.205.939 | 1.879.351,Delantero
Zubeldia,Real Sociedad,+157.683 | +271.464 | +381.404 | +600.588 | +199.915 | -1.853.432,"+1,55% | +2,70% | +3,84% | +6,18% | +1,98% | -15,23%",,7ddías,10.318.712,10.161.029 | 10.047.248 | 9.937.308 | 9.718.124 | 10.118.797 | 12.172.144,Defensa
Manu Bueno,Sevilla,-16.442 | -33.293 | -33.293 | -33.293 | -33.293 | -33.293,"-2,09% | -4,15% | -4,15% | -4,15% | -4,15% | -4,15%",,2ddías,768.806,785.248 | 802.099 | 802.099 | 802.099 | 802.099 | 802.099,Mediocampista
Berrocal,Getafe,-46.521 | -94.278 | -130.627 | +485.313 | +485.313 | +485.313,"-2,98% | -5,85% | -7,93% | 0% | 0% | 0%",,5ddías,1.516.623,1.563.144 | 1.610.901 | 1.647.250 | 0 | 0 | 0,Defensa
Bernal,Barcelona,+183.929 | +436.585 | +680.877 | +1.742.154 | +3.693.033 | +3.969.824,"+2,49% | +6,11% | +9,86% | +29,82% | +94,92% | +109,85%",,17ddías,7.583.748,7.399.819 | 7.147.163 | 6.902.871 | 5.841.594 | 3.890.715 | 3.613.924,Mediocampista
Natan,Betis,-614.590 | -1.227.007 | -1.802.333 | -4.489.007 | -2.882.009 | +7.961.778,"-1,57% | -3,08% | -4,46% | -10,42% | -6,95% | +25,98%",,9ddías,38.602.859,39.217.449 | 39.829.866 | 40.405.192 | 43.091.866 | 41.484.868 | 30.641.081,Defensa
Durán,Celta,-24.893 | -48.166 | -74.861 | -194.855 | -452.097 | -1.244.816,"-2,50% | -4,72% | -7,15% | -16,70% | -31,75% | -56,16%",,43ddías,971.629,996.522 | 1.019.795 | 1.046.490 | 1.166.484 | 1.423.726 | 2.216.445,Delantero
Javi Rodríguez,Celta,+13.306 | -67.208 | -283.270 | -962.127 | -962.127 | -962.127,"+0,15% | -0,74% | -3,03% | -9,59% | -9,59% | -9,59%",,1ddías,9.075.525,9.062.219 | 9.142.733 | 9.358.795 | 10.037.652 | 10.037.652 | 10.037.652,Defensa
Hugo Álvarez,Celta,-52.714 | -105.194 | -130.251 | -288.598 | -666.335 | -2.175.891,"-1,80% | -3,53% | -4,34% | -9,13% | -18,82% | -43,09%",,43ddías,2.873.602,2.926.316 | 2.978.796 | 3.003.853 | 3.162.200 | 3.539.937 | 5.049.493,Mediocampista
Kumbulla,Rayo,-151.208 | -308.173 | -455.625 | +4.378.390 | +4.378.390 | +4.378.390,"-2,79% | -5,52% | -7,95% | 0% | 0% | 0%",,4ddías,5.275.541,5.426.749 | 5.583.714 | 5.731.166 | 0 | 0 | 0,Defensa
Jon Martín,Real Sociedad,0 | 0 | 0 | 0 | 0 | 0,"0,00% | 0,00% | 0,00% | 0,00% | 0,00% | 0,00%",,40ddías,30.111.790,30.111.790 | 30.111.790 | 30.111.790 | 30.111.790 | 30.111.790 | 30.111.790,Defensa
Toni Martinez,Alavés,+323.991 | +502.756 | +529.146 | +188.957 | -1.421.469 | -7.789.648,"+1,28% | +2,01% | +2,11% | +0,74% | -5,27% | -23,36%",,4ddías,25.552.884,25.228.893 | 25.050.128 | 25.023.738 | 25.363.927 | 26.974.353 | 33.342.532,Delantero
Aramburu,Real Sociedad,+257.856 | +451.041 | +611.398 | +1.357.695 | +3.311.983 | +8.487.711,"+1,46% | +2,58% | +3,53% | +8,20% | +22,68% | +90,04%",,42ddías,17.914.009,17.656.153 | 17.462.968 | 17.302.611 | 16.556.314 | 14.602.026 | 9.426.298,Defensa
Luiz Junior,Villarreal,-460.380 | -883.728 | -1.111.050 | -3.241.559 | -1.484.141 | +10.973.601,"-1,22% | -2,32% | -2,90% | -8,03% | -3,84% | +41,92%",,9ddías,37.149.546,37.609.926 | 38.033.274 | 38.260.596 | 40.391.105 | 38.633.687 | 26.175.945,Portero
Logan Costa,Villarreal,-30.333 | -55.987 | -71.557 | -160.169 | -349.139 | -1.056.830,"-2,47% | -4,47% | -5,64% | -11,81% | -22,59% | -46,90%",,43ddías,1.196.556,1.226.889 | 1.252.543 | 1.268.113 | 1.356.725 | 1.545.695 | 2.253.386,Defensa
Iturbe,Elche,0 | 0 | 0 | 0 | 0 | 0,"0,00% | 0,00% | 0,00% | 0,00% | 0,00% | 0,00%",,40ddías,802.099,802.099 | 802.099 | 802.099 | 802.099 | 802.099 | 802.099,Portero
Lo Celso,Betis,-962.659 | -1.915.426 | -2.913.360 | -6.568.364 | -4.322.454 | +8.464.104,"-2,69% | -5,21% | -7,72% | -15,86% | -11,04% | +32,10%",,8ddías,34.833.465,35.796.124 | 36.748.891 | 37.746.825 | 41.401.829 | 39.155.919 | 26.369.361,Mediocampista
Otorbi,Valencia,0 | 0 | 0 | 0 | 0 | 0,"0,00% | 0,00% | 0,00% | 0,00% | 0,00% | 0,00%",,40ddías,602.292,602.292 | 602.292 | 602.292 | 602.292 | 602.292 | 602.292,Delantero
Martín,Barcelona,+653.313 | +1.164.532 | +1.634.544 | +4.699.928 | +8.438.432 | +6.419.609,"+1,80% | +3,26% | +4,63% | +14,58% | +29,61% | +21,04%",,13ddías,36.937.205,36.283.892 | 35.772.673 | 35.302.661 | 32.237.277 | 28.498.773 | 30.517.596,Defensa
Musso,Atlético,-89.530 | -178.232 | -250.147 | -639.605 | -1.445.591 | -3.731.770,"-2,07% | -4,03% | -5,57% | -13,10% | -25,41% | -46,79%",,43ddías,4.244.564,4.334.094 | 4.422.796 | 4.494.711 | 4.884.169 | 5.690.155 | 7.976.334,Portero
Alfon,Sevilla,-180.264 | -366.392 | -551.746 | -1.417.088 | -1.417.088 | -1.417.088,"-3,11% | -6,13% | -8,95% | -20,17% | -20,17% | -20,17%",,7ddías,5.609.673,5.789.937 | 5.976.065 | 6.161.419 | 7.026.761 | 7.026.761 | 7.026.761,Delantero
Letácek,Getafe,-12.374 | -24.987 | -37.482 | -97.189 | -223.986 | -667.945,"-1,81% | -3,59% | -5,29% | -12,65% | -25,02% | -49,88%",,43ddías,671.168,683.542 | 696.155 | 708.650 | 768.357 | 895.154 | 1.339.113,Portero
Bretones,Osasuna,+57.301 | +119.645 | +212.202 | +701.402 | +1.541.616 | +2.029.444,"+1,46% | +3,10% | +5,63% | +21,37% | +63,11% | +103,82%",,25ddías,3.984.179,3.926.878 | 3.864.534 | 3.771.977 | 3.282.777 | 2.442.563 | 1.954.735,Defensa
Pedro Díaz,Rayo,+162 | -23.795 | -45.786 | -157.142 | -344.489 | -1.087.503,"+0,01% | -1,35% | -2,57% | -8,29% | -16,55% | -38,50%",,1ddías,1.737.455,1.737.293 | 1.761.250 | 1.783.241 | 1.894.597 | 2.081.944 | 2.824.958,Mediocampista
L. Sucic,Real Sociedad,-33.716 | -81.732 | -108.718 | -208.321 | -458.713 | -1.485.651,"-0,97% | -2,31% | -3,05% | -5,68% | -11,72% | -30,06%",,40ddías,3.456.578,3.490.294 | 3.538.310 | 3.565.296 | 3.664.899 | 3.915.291 | 4.942.229,Mediocampista
Álvaro,Deportivo,-92.695 | -163.547 | -241.894 | -560.549 | -1.159.585 | -3.006.564,"-2,02% | -3,52% | -5,12% | -11,11% | -20,54% | -40,12%",,43ddías,4.486.912,4.579.607 | 4.650.459 | 4.728.806 | 5.047.461 | 5.646.497 | 7.493.476,Portero
Diarra,Alavés,-28.664 | -58.246 | -89.388 | +470.624 | +470.624 | +470.624,"-2,63% | -5,20% | -7,76% | 0% | 0% | 0%",,4ddías,1.062.124,1.090.788 | 1.120.370 | 1.151.512 | 0 | 0 | 0,Defensa
Novoa,Alavés,-21.032 | -42.664 | -65.526 | +229.479 | +229.479 | +229.479,"-2,34% | -4,63% | -6,94% | 0% | 0% | 0%",,4ddías,878.978,900.010 | 921.642 | 944.504 | 0 | 0 | 0,Defensa
Uche,Getafe,-627.660 | -1.278.101 | -1.949.811 | -4.994.839 | +6.432.985 | +6.432.985,"-3,18% | -6,26% | -9,25% | -20,71% | 0% | 0%",,11ddías,19.127.734,19.755.394 | 20.405.835 | 21.077.545 | 24.122.573 | 0 | 0,Delantero
Olmo,Barcelona,-522.491 | -921.469 | -1.439.751 | -4.652.426 | -11.982.085 | -43.024.585,"-0,84% | -1,48% | -2,29% | -7,04% | -16,32% | 0%",,27ddías,61.455.145,61.977.636 | 62.376.614 | 62.894.896 | 66.107.571 | 73.437.230 | 0,Mediocampista
Alvarez,Atlético,+623.274 | +891.004 | +1.007.793 | +1.991.761 | -405.935 | +23.349.538,"+0,88% | +1,26% | +1,43% | +2,87% | -0,57% | 0%",,7ddías,71.437.932,70.814.658 | 70.546.928 | 70.430.139 | 69.446.171 | 71.843.867 | 0,Delantero
Padilla,Athletic,0 | 0 | 0 | 0 | 0 | 0,"0,00% | 0,00% | 0,00% | 0,00% | 0,00% | 0,00%",,40ddías,1.505.588,1.505.588 | 1.505.588 | 1.505.588 | 1.505.588 | 1.505.588 | 1.505.588,Portero
Jauregizar,Athletic,-64.274 | -32.164 | +44.926 | +802.552 | +3.182.381 | +9.774.695,"-0,23% | -0,11% | +0,16% | +2,92% | +12,68% | +52,80%",,1ddías,28.288.372,28.352.646 | 28.320.536 | 28.243.446 | 27.485.820 | 25.105.991 | 18.513.677,Mediocampista
Boiro,Athletic,-4.454 | -8.817 | -13.689 | -41.849 | -96.943 | -269.695,"-0,92% | -1,80% | -2,77% | -8,00% | -16,77% | -35,92%",,27ddías,481.084,485.538 | 489.901 | 494.773 | 522.933 | 578.027 | 750.779,Defensa
Ferrer,Getafe,-12.592 | -26.301 | -26.301 | -26.301 | -26.301 | -26.301,"-1,83% | -3,74% | -3,74% | -3,74% | -3,74% | -3,74%",,2ddías,676.404,688.996 | 702.705 | 702.705 | 702.705 | 702.705 | 702.705,Portero
Leo Román,Deportivo,+380.026 | +707.915 | +1.064.937 | +3.449.986 | +9.962.258 | +35.669.174,"+1,02% | +1,92% | +2,92% | +10,12% | +36,13% | 0%",,19ddías,37.537.596,37.157.570 | 36.829.681 | 36.472.659 | 34.087.610 | 27.575.338 | 0,Portero
Diakhaby,Valencia,-115.980 | -222.010 | -303.904 | -726.944 | -1.749.866 | -3.495.524,"-2,05% | -3,85% | -5,20% | -11,60% | -24,01% | -38,69%",,23ddías,5.538.884,5.654.864 | 5.760.894 | 5.842.788 | 6.265.828 | 7.288.750 | 9.034.408,Defensa
Manu González,Betis,0 | 0 | 0 | 0 | 0 | 0,"0,00% | 0,00% | 0,00% | 0,00% | 0,00% | 0,00%",,40ddías,581.691,581.691 | 581.691 | 581.691 | 581.691 | 581.691 | 581.691,Portero
Risco,Getafe,-12.592 | -26.301 | -26.301 | -26.301 | -26.301 | -26.301,"-1,83% | -3,74% | -3,74% | -3,74% | -3,74% | -3,74%",,2ddías,676.404,688.996 | 702.705 | 702.705 | 702.705 | 702.705 | 702.705,Mediocampista
Losada,Betis,0 | 0 | 0 | 0 | 0 | 0,"0,00% | 0,00% | 0,00% | 0,00% | 0,00% | 0,00%",,40ddías,2.509.378,2.509.378 | 2.509.378 | 2.509.378 | 2.509.378 | 2.509.378 | 2.509.378,Delantero
Valou,Getafe,-8.742 | -18.290 | -18.290 | -18.290 | -18.290 | -18.290,"-1,47% | -3,04% | -3,04% | -3,04% | -3,04% | -3,04%",,2ddías,584.002,592.744 | 602.292 | 602.292 | 602.292 | 602.292 | 602.292,Defensa
Jiménez,Real Madrid,0 | 0 | 0 | 0 | 0 | 0,"0,00% | 0,00% | 0,00% | 0,00% | 0,00% | 0,00%",,40ddías,602.248,602.248 | 602.248 | 602.248 | 602.248 | 602.248 | 602.248,Defensa
Valera,Elche,-282.598 | -429.614 | -398.449 | -685.202 | -1.638.914 | -5.394.236,"-1,22% | -1,84% | -1,71% | -2,91% | -6,69% | -19,08%",,2ddías,22.872.763,23.155.361 | 23.302.377 | 23.271.212 | 23.557.965 | 24.511.677 | 28.266.999,Mediocampista
Buchanan,Villarreal,-320.008 | -547.060 | -648.129 | -1.409.933 | -2.091.137 | +844.319,"-1,77% | -2,99% | -3,53% | -7,37% | -10,55% | +5,00%",,12ddías,17.724.640,18.044.648 | 18.271.700 | 18.372.769 | 19.134.573 | 19.815.777 | 16.880.321,Mediocampista
Cucho,Betis,-391.164 | -724.216 | -973.064 | -2.985.250 | -8.650.546 | -7.254.784,"-0,89% | -1,63% | -2,18% | -6,40% | -16,53% | -14,24%",,19ddías,43.692.074,44.083.238 | 44.416.290 | 44.665.138 | 46.677.324 | 52.342.620 | 50.946.858,Delantero
Román,Celta,-42.684 | -66.170 | -44.536 | +172.829 | +181.502 | -1.368.268,"-0,79% | -1,22% | -0,82% | +3,32% | +3,49% | -20,28%",,2ddías,5.379.344,5.422.028 | 5.445.514 | 5.423.880 | 5.206.515 | 5.197.842 | 6.747.612,Mediocampista
Rubén Gómez,Villarreal,-4.710 | -12.080 | -20.085 | -49.290 | -49.290 | -49.290,"-0,84% | -2,14% | -3,50% | -8,18% | -8,18% | -8,18%",,6ddías,553.002,557.712 | 565.082 | 573.087 | 602.292 | 602.292 | 602.292,Portero
Niño,Málaga,-66.849 | -136.285 | -204.495 | -379.572 | -497.754 | -1.049.610,"-2,77% | -5,48% | -8,01% | -13,91% | -17,49% | -30,89%",,43ddías,2.348.770,2.415.619 | 2.485.055 | 2.553.265 | 2.728.342 | 2.846.524 | 3.398.380,Delantero
Lago,Celta,0 | 0 | 0 | 0 | 0 | 0,"0,00% | 0,00% | 0,00% | 0,00% | 0,00% | 0,00%",,40ddías,702.633,702.633 | 702.633 | 702.633 | 702.633 | 702.633 | 702.633,Defensa
Rayane,Atlético,0 | 0 | 0 | 0 | 0 | 0,"0,00% | 0,00% | 0,00% | 0,00% | 0,00% | 0,00%",,40ddías,678.006,678.006 | 678.006 | 678.006 | 678.006 | 678.006 | 678.006,Delantero
Ortiz,Betis,0 | 0 | 0 | 0 | 0 | 0,"0,00% | 0,00% | 0,00% | 0,00% | 0,00% | 0,00%",,40ddías,1.706.372,1.706.372 | 1.706.372 | 1.706.372 | 1.706.372 | 1.706.372 | 1.706.372,Defensa
Osambela,Osasuna,0 | 0 | 0 | 0 | 0 | 0,"0,00% | 0,00% | 0,00% | 0,00% | 0,00% | 0,00%",,40ddías,501.932,501.932 | 501.932 | 501.932 | 501.932 | 501.932 | 501.932,Mediocampista
Juanpe,Rayo,0 | 0 | 0 | 0 | 0 | 0,"0,00% | 0,00% | 0,00% | 0,00% | 0,00% | 0,00%",,40ddías,602.234,602.234 | 602.234 | 602.234 | 602.234 | 602.234 | 602.234,Portero
Yáñez,Real Madrid,0 | 0 | 0 | 0 | 0 | 0,"0,00% | 0,00% | 0,00% | 0,00% | 0,00% | 0,00%",,40ddías,702.606,702.606 | 702.606 | 702.606 | 702.606 | 702.606 | 702.606,Delantero
D. Aguado,Real Madrid,0 | 0 | 0 | 0 | 0 | 0,"0,00% | 0,00% | 0,00% | 0,00% | 0,00% | 0,00%",,40ddías,774.109,774.109 | 774.109 | 774.109 | 774.109 | 774.109 | 774.109,Defensa
Fran González,Sevilla,-10.677 | -22.140 | -24.940 | -30.120 | -57.355 | -57.355,"-1,63% | -3,32% | -3,72% | -4,46% | -8,16% | -8,16%",,9ddías,645.267,655.944 | 667.407 | 670.207 | 675.387 | 702.622 | 702.622,Portero
Mestre,Real Madrid,0 | 0 | 0 | 0 | 0 | 0,"0,00% | 0,00% | 0,00% | 0,00% | 0,00% | 0,00%",,40ddías,677.860,677.860 | 677.860 | 677.860 | 677.860 | 677.860 | 677.860,Portero
El-Abdellaoui,Celta,0 | 0 | 0 | 0 | 0 | 0,"0,00% | 0,00% | 0,00% | 0,00% | 0,00% | 0,00%",,40ddías,1.304.893,1.304.893 | 1.304.893 | 1.304.893 | 1.304.893 | 1.304.893 | 1.304.893,Delantero
Pelayo,Rayo,-22.838 | -47.879 | -74.881 | -695.043 | -695.043 | -695.043,"-2,29% | -4,69% | -7,15% | 0% | 0% | 0%",,4ddías,973.128,995.966 | 1.021.007 | 1.048.009 | 0 | 0 | 0,Defensa
Serrano,Atlético,0 | 0 | 0 | -3.664 | -30.146 | -112.099,"0,00% | 0,00% | 0,00% | -0,85% | -6,56% | -20,71%",,6ddías,429.199,429.199 | 429.199 | 429.199 | 432.863 | 459.345 | 541.298,Mediocampista
De la Sías,Rayo,-8.742 | -18.232 | -18.232 | -18.232 | -18.232 | -18.232,"-1,47% | -3,03% | -3,03% | -3,03% | -3,03% | -3,03%",,2ddías,584.002,592.744 | 602.234 | 602.234 | 602.234 | 602.234 | 602.234,Defensa
Óskarsson,Real Sociedad,-106.470 | -209.951 | -275.990 | -764.091 | -1.764.752 | -4.870.570,"-1,40% | -2,72% | -3,55% | -9,24% | -19,04% | -39,37%",,43ddías,7.501.974,7.608.444 | 7.711.925 | 7.777.964 | 8.266.065 | 9.266.726 | 12.372.544,Delantero
Pau Navarro,Villarreal,-238.524 | -380.718 | -436.958 | -815.266 | -1.453.482 | -4.563.664,"-2,69% | -4,23% | -4,83% | -8,64% | -14,44% | -34,63%",,43ddías,8.615.276,8.853.800 | 8.995.994 | 9.052.234 | 9.430.542 | 10.068.758 | 13.178.940,Defensa
Etta Eyong,Levante,-261.535 | -193.415 | +3.759 | +996.927 | +5.253.207 | +12.170.442,"-1,01% | -0,75% | +0,01% | +4,07% | +25,94% | +91,26%",,1ddías,25.505.804,25.767.339 | 25.699.219 | 25.502.045 | 24.508.877 | 20.252.597 | 13.335.362,Delantero
Szczesny,Barcelona,-51.549 | -102.547 | -145.904 | -354.491 | -794.160 | -1.002.254,"-2,28% | -4,44% | -6,20% | -13,84% | -26,47% | -31,24%",,16ddías,2.206.146,2.257.695 | 2.308.693 | 2.352.050 | 2.560.637 | 3.000.306 | 3.208.400,Portero
Spina,Atlético,0 | 0 | 0 | 0 | 0 | 0,"0,00% | 0,00% | 0,00% | 0,00% | 0,00% | 0,00%",,40ddías,702.702,702.702 | 702.702 | 702.702 | 702.702 | 702.702 | 702.702,Defensa
Asencio,Real Madrid,-114.411 | -238.047 | -364.802 | -961.496 | -2.215.989 | -5.309.638,"-2,65% | -5,36% | -7,98% | -18,60% | -34,50% | -55,80%",,43ddías,4.206.515,4.320.926 | 4.444.562 | 4.571.317 | 5.168.011 | 6.422.504 | 9.516.153,Defensa
Antony,Betis,+669.055 | +990.696 | +1.113.330 | -80.083 | -5.509.628 | -24.067.439,"+1,13% | +1,69% | +1,90% | -0,13% | -8,44% | -28,72%",,3ddías,59.739.142,59.070.087 | 58.748.446 | 58.625.812 | 59.819.225 | 65.248.770 | 83.806.581,Delantero
Roberto,Espanyol,+522.130 | +696.566 | +830.934 | +1.514.851 | +2.261.721 | +1.416.209,"+7,15% | +9,77% | +11,88% | +24,01% | +40,65% | +22,10%",,13ddías,7.825.372,7.303.242 | 7.128.806 | 6.994.438 | 6.310.521 | 5.563.651 | 6.409.163,Delantero
Garcés,Alavés,-8.996 | -18.091 | -27.892 | -81.057 | -184.864 | -557.695,"-1,50% | -2,97% | -4,51% | -12,08% | -23,85% | -48,59%",,43ddías,590.109,599.105 | 608.200 | 618.001 | 671.166 | 774.973 | 1.147.804,Defensa
Vargas,Sevilla,-577.883 | -1.074.817 | -1.343.140 | -2.643.418 | -3.716.853 | +19.874.904,"-2,28% | -4,15% | -5,14% | -9,63% | -13,03% | 0%",,15ddías,24.805.859,25.383.742 | 25.880.676 | 26.148.999 | 27.449.277 | 28.522.712 | 0,Delantero
Toni Fernández,Barcelona,0 | 0 | 0 | 0 | 0 | 0,"0,00% | 0,00% | 0,00% | 0,00% | 0,00% | 0,00%",,40ddías,602.319,602.319 | 602.319 | 602.319 | 602.319 | 602.319 | 602.319,Delantero
Guille,Barcelona,0 | 0 | 0 | 0 | 0 | 0,"0,00% | 0,00% | 0,00% | 0,00% | 0,00% | 0,00%",,40ddías,702.705,702.705 | 702.705 | 702.705 | 702.705 | 702.705 | 702.705,Mediocampista
Pablo Ramón,Racing,+18.799 | +14.283 | +9.941 | -7.819 | -15.383 | -76.740,"+3,71% | +2,80% | +1,93% | -1,47% | -2,85% | 0%",,1ddías,524.834,506.035 | 510.551 | 514.893 | 532.653 | 540.217 | 0,Defensa
Sannadi,Athletic,+798 | -810 | -2.813 | -21.397 | -50.778 | -143.474,"+0,19% | -0,19% | -0,66% | -4,85% | -10,78% | -25,45%",,1ddías,420.224,419.426 | 421.034 | 423.037 | 441.621 | 471.002 | 563.698,Delantero
D. Llorente,Betis,-49.227 | -47.336 | +67.281 | +512.485 | +2.110.374 | +4.359.878,"-0,37% | -0,36% | +0,51% | +4,04% | +19,02% | +49,30%",,1ddías,13.203.971,13.253.198 | 13.251.307 | 13.136.690 | 12.691.486 | 11.093.597 | 8.844.093,Defensa
Mario Martín,Getafe,+70.047 | +101.354 | +175.888 | -8.152 | -8.152 | -8.152,"+1,78% | +2,59% | +4,59% | -0,20% | -0,20% | -0,20%",,4ddías,4.007.320,3.937.273 | 3.905.966 | 3.831.432 | 4.015.472 | 4.015.472 | 4.015.472,Mediocampista
Pape Gueye,Villarreal,+775.212 | +1.021.521 | +1.177.460 | +3.158.028 | +8.877.827 | +5.663.121,"+1,57% | +2,08% | +2,40% | +6,72% | +21,51% | +12,73%",,18ddías,50.145.743,49.370.531 | 49.124.222 | 48.968.283 | 46.987.715 | 41.267.916 | 44.482.622,Mediocampista
Altimira,Deportivo,-29.423 | -90.858 | -176.108 | -587.721 | -1.086.170 | -2.385.431,"-0,67% | -2,03% | -3,86% | -11,82% | -19,85% | -35,22%",,37ddías,4.386.599,4.416.022 | 4.477.457 | 4.562.707 | 4.974.320 | 5.472.769 | 6.772.030,Defensa
Pépé,Villarreal,+1.628.470 | +2.404.068 | +2.998.880 | +3.909.936 | +21.593 | -38.874.051,"+3,16% | +4,74% | +5,99% | +7,95% | +0,04% | 0%",,5ddías,53.090.886,51.462.416 | 50.686.818 | 50.092.006 | 49.180.950 | 53.069.293 | 0,Delantero
Femenia,Getafe,-114.424 | -214.372 | -150.195 | +128.521 | +73.208 | -1.015.938,"-2,96% | -5,41% | -3,85% | +3,55% | +1,99% | -21,31%",,2ddías,3.750.998,3.865.422 | 3.965.370 | 3.901.193 | 3.622.477 | 3.677.790 | 4.766.936,Defensa
Terrats,Getafe,+71.078 | +120.553 | +218.897 | +312.660 | +312.660 | +312.660,"+2,33% | +4,01% | +7,54% | +11,12% | +11,12% | +11,12%",,5ddías,3.123.155,3.052.077 | 3.002.602 | 2.904.258 | 2.810.495 | 2.810.495 | 2.810.495,Mediocampista
Denis Suárez,Alavés,-33.474 | -69.586 | -90.127 | -227.730 | -588.315 | -2.028.396,"-1,36% | -2,79% | -3,59% | -8,59% | -19,54% | -45,57%",,43ddías,2.423.219,2.456.693 | 2.492.805 | 2.513.346 | 2.650.949 | 3.011.534 | 4.451.615,Mediocampista
Mandi,Levante,-307.433 | +7.267.679 | +7.267.679 | +7.267.679 | +7.267.679 | +7.267.679,"-3,25% | 0% | 0% | 0% | 0% | 0%",,1ddías,9.147.434,9.454.867 | 0 | 0 | 0 | 0 | 0,Defensa
Akhomach,Villarreal,-97.019 | -194.440 | -275.584 | -720.087 | -1.722.836 | -3.102.396,"-1,93% | -3,80% | -5,30% | -12,75% | -25,91% | -38,63%",,21ddías,4.927.725,5.024.744 | 5.122.165 | 5.203.309 | 5.647.812 | 6.650.561 | 8.030.121,Delantero
Manu Sánchez,Levante,-177.582 | -254.384 | -254.384 | -254.384 | -254.384 | -738.710,"-3,25% | -4,59% | -4,59% | -4,59% | -4,59% | -12,27%",,2ddías,5.283.801,5.461.383 | 5.538.185 | 5.538.185 | 5.538.185 | 5.538.185 | 6.022.511,Defensa
Sörloth,Atlético,-615.719 | -1.259.845 | -1.945.575 | -4.152.807 | -6.106.726 | -12.988.596,"-2,80% | -5,56% | -8,33% | -16,25% | -22,20% | -37,77%",,43ddías,21.399.874,22.015.593 | 22.659.719 | 23.345.449 | 25.552.681 | 27.506.600 | 34.388.470,Delantero
Raúl García,Osasuna,-39.948 | -78.765 | -108.317 | -247.419 | -569.674 | -1.665.104,"-2,21% | -4,27% | -5,78% | -12,28% | -24,38% | -48,52%",,43ddías,1.766.909,1.806.857 | 1.845.674 | 1.875.226 | 2.014.328 | 2.336.583 | 3.432.013,Delantero
Kike Salas,Sevilla,-361.934 | -612.646 | -418.804 | +1.511 | -289.072 | -2.596.096,"-3,01% | -5,00% | -3,47% | +0,01% | -2,42% | -18,23%",,2ddías,11.642.803,12.004.737 | 12.255.449 | 12.061.607 | 11.641.292 | 11.931.875 | 14.238.899,Defensa
F. Carreras,Real Madrid,-176.394 | -406.281 | -629.887 | -1.820.739 | -4.358.155 | -11.700.753,"-1,47% | -3,32% | -5,05% | -13,33% | -26,91% | -49,71%",,43ddías,11.835.570,12.011.964 | 12.241.851 | 12.465.457 | 13.656.309 | 16.193.725 | 23.536.323,Defensa
Giuliano,Atlético,-267.214 | -664.496 | -944.557 | -3.008.055 | -9.059.978 | -3.210.874,"-0,62% | -1,53% | -2,15% | -6,55% | -17,43% | -6,96%",,19ddías,42.907.013,43.174.227 | 43.571.509 | 43.851.570 | 45.915.068 | 51.966.991 | 46.117.887,Delantero
Batalla,Rayo,-385.702 | -870.589 | -1.149.384 | -2.715.656 | +546.092 | +12.165.583,"-0,97% | -2,17% | -2,85% | -6,48% | +1,41% | +45,01%",,8ddías,39.197.164,39.582.866 | 40.067.753 | 40.346.548 | 41.912.820 | 38.651.072 | 27.031.581,Portero
Romero,Sevilla,-134.926 | -205.409 | -137.847 | +84.485 | +172.444 | -1.146.378,"-2,10% | -3,16% | -2,14% | +1,36% | +2,81% | -15,39%",,2ddías,6.303.616,6.438.542 | 6.509.025 | 6.441.463 | 6.219.131 | 6.131.172 | 7.449.994,Delantero
Cardoso,Atlético,-90.424 | -189.191 | -271.902 | -767.279 | -2.162.526 | -6.543.366,"-1,61% | -3,30% | -4,68% | -12,17% | -28,08% | -54,16%",,40ddías,5.539.288,5.629.712 | 5.728.479 | 5.811.190 | 6.306.567 | 7.701.814 | 12.082.654,Mediocampista
Baena,Atlético,-740.114 | -1.422.014 | -2.112.494 | -5.707.238 | -14.539.895 | -5.132.352,"-1,41% | -2,68% | -3,93% | -9,95% | -21,96% | -9,03%",,19ddías,51.676.575,52.416.689 | 53.098.589 | 53.789.069 | 57.383.813 | 66.216.470 | 56.808.927,Mediocampista
Foyth,Villarreal,+351.756 | +661.792 | +907.314 | +1.915.104 | +1.765.907 | +350.455,"+2,80% | +5,41% | +7,57% | +17,44% | +15,86% | +2,79%",,11ddías,12.898.244,12.546.488 | 12.236.452 | 11.990.930 | 10.983.140 | 11.132.337 | 12.547.789,Defensa
Agoume,Sevilla,-42.289 | -79.838 | -59.170 | +31.998 | -41.926 | -865.143,"-0,73% | -1,37% | -1,02% | +0,56% | -0,72% | -13,06%",,2ddías,5.760.043,5.802.332 | 5.839.881 | 5.819.213 | 5.728.045 | 5.801.969 | 6.625.186,Mediocampista
Diego López,Valencia,-60.622 | -123.174 | -185.499 | -473.876 | -1.059.362 | -2.901.456,"-3,01% | -5,94% | -8,68% | -19,54% | -35,18% | -59,78%",,43ddías,1.951.899,2.012.521 | 2.075.073 | 2.137.398 | 2.425.775 | 3.011.261 | 4.853.355,Delantero
Canós,Valencia,-4.671 | -9.260 | -14.368 | -46.720 | -106.332 | -913.119,"-0,95% | -1,87% | -2,87% | -8,77% | -17,94% | 0%",,20ddías,486.297,490.968 | 495.557 | 500.665 | 533.017 | 592.629 | 0,Delantero
Javi Guerra,Valencia,+187.788 | +317.675 | +485.835 | +567.460 | -311.107 | -3.801.681,"+0,77% | +1,31% | +2,02% | +2,37% | -1,25% | -13,43%",,5ddías,24.501.109,24.313.321 | 24.183.434 | 24.015.274 | 23.933.649 | 24.812.216 | 28.302.790,Mediocampista
Duro,Valencia,+52.801 | +53.952 | +92.914 | -52.104 | -713.616 | -2.596.271,"+0,62% | +0,64% | +1,10% | -0,61% | -7,72% | -23,33%",,4ddías,8.534.068,8.481.267 | 8.480.116 | 8.441.154 | 8.586.172 | 9.247.684 | 11.130.339,Delantero
Almeida,Valencia,-47.821 | -100.279 | -137.696 | -335.805 | -827.084 | -2.430.762,"-1,99% | -4,09% | -5,53% | -12,50% | -26,03% | -50,83%",,43ddías,2.350.913,2.398.734 | 2.451.192 | 2.488.609 | 2.686.718 | 3.177.997 | 4.781.675,Mediocampista
Rivero,Valencia,-4.461 | -8.832 | -13.712 | -42.746 | -99.375 | -263.216,"-0,92% | -1,80% | -2,77% | -8,16% | -17,11% | -35,36%",,26ddías,481.262,485.723 | 490.094 | 494.974 | 524.008 | 580.637 | 744.478,Portero
Gayà,Valencia,-81.334 | -212.604 | -271.799 | -623.482 | -1.597.735 | -4.643.593,"-0,75% | -1,95% | -2,48% | -5,50% | -12,99% | -30,25%",,43ddías,10.706.541,10.787.875 | 10.919.145 | 10.978.340 | 11.330.023 | 12.304.276 | 15.350.134,Defensa
Pepelu,Valencia,+40.053 | +97.650 | +206.977 | +199.514 | -407.740 | -2.219.704,"+0,52% | +1,29% | +2,77% | +2,67% | -5,04% | -22,43%",,4ddías,7.676.025,7.635.972 | 7.578.375 | 7.469.048 | 7.476.511 | 8.083.765 | 9.895.729,Mediocampista
Gerard,Villarreal,-81.444 | -232.768 | -203.553 | -936.993 | -2.023.282 | -8.224.178,"-0,29% | -0,83% | -0,73% | -3,27% | -6,80% | -22,89%",,2ddías,27.710.261,27.791.705 | 27.943.029 | 27.913.814 | 28.647.254 | 29.733.543 | 35.934.439,Delantero
Foulquier,Valencia,-62.315 | -125.719 | -186.485 | -462.018 | -1.005.490 | -1.576.849,"-2,83% | -5,56% | -8,03% | -17,77% | -31,99% | -42,46%",,21ddías,2.137.295,2.199.610 | 2.263.014 | 2.323.780 | 2.599.313 | 3.142.785 | 3.714.144,Defensa
Jesús Vázquez,Valencia,-5.139 | -16.482 | -6.318 | -34.295 | -309.137 | -1.309.274,"-0,30% | -0,96% | -0,37% | -1,98% | -15,40% | -43,53%",,2ddías,1.698.507,1.703.646 | 1.714.989 | 1.704.825 | 1.732.802 | 2.007.644 | 3.007.781,Defensa
Fran Pérez,Rayo,-15.460 | -31.287 | -43.177 | -103.261 | -242.417 | -707.988,"-2,03% | -4,03% | -5,48% | -12,17% | -24,55% | -48,72%",,43ddías,745.226,760.686 | 776.513 | 788.403 | 848.487 | 987.643 | 1.453.214,Mediocampista
Hugo González,Celta,-6.265 | -19.863 | -51.994 | -147.297 | -147.297 | -147.297,"-0,46% | -1,44% | -3,69% | -9,78% | -9,78% | -9,78%",,5ddías,1.358.349,1.364.614 | 1.378.212 | 1.410.343 | 1.505.646 | 1.505.646 | 1.505.646,Mediocampista
Tárrega,Valencia,+88.858 | +88.022 | +143.514 | +255.192 | -42.194 | -1.773.132,"+0,98% | +0,97% | +1,59% | +2,87% | -0,46% | -16,24%",,1ddías,9.144.550,9.055.692 | 9.056.528 | 9.001.036 | 8.889.358 | 9.186.744 | 10.917.682,Defensa
Iranzo,Valencia,0 | 0 | 0 | 0 | 0 | 0,"0,00% | 0,00% | 0,00% | 0,00% | 0,00% | 0,00%",,40ddías,602.292,602.292 | 602.292 | 602.292 | 602.292 | 602.292 | 602.292,Defensa
Comesaña,Villarreal,-755.276 | -694.277 | -251.199 | +2.391.919 | +6.781.959 | +1.073.109,"-2,18% | -2,00% | -0,73% | +7,58% | +24,96% | +3,26%",,1ddías,33.956.265,34.711.541 | 34.650.542 | 34.207.464 | 31.564.346 | 27.174.306 | 32.883.156,Mediocampista
Moriba,Celta,-115.575 | -259.083 | -341.686 | -713.251 | +10.820 | -241.603,"-1,16% | -2,57% | -3,36% | -6,77% | +0,11% | -2,40%",,7ddías,9.827.371,9.942.946 | 10.086.454 | 10.169.057 | 10.540.622 | 9.816.551 | 10.068.974,Mediocampista
Íñigo Pérez,Villarreal,-67.052 | -132.110 | -195.778 | -459.927 | -15.889 | -335.960,"-3,00% | -5,74% | -8,27% | -17,48% | -0,73% | 0%",,11ddías,2.170.602,2.237.654 | 2.302.712 | 2.366.380 | 2.630.529 | 2.186.491 | 0,
Guedes,Real Sociedad,-935.418 | -1.876.110 | -2.868.191 | -7.412.055 | -15.771.754 | -27.721.778,"-2,91% | -5,66% | -8,40% | -19,17% | -33,53% | 0%",,28ddías,31.259.477,32.194.895 | 33.135.587 | 34.127.668 | 38.671.532 | 47.031.231 | 0,Delantero
Mbappé,Real Madrid,+362.750 | -67.413 | -884.366 | -2.490.505 | -1.580.560 | -26.788.943,"+0,28% | -0,05% | -0,68% | -1,90% | -1,21% | 0%",,1ddías,128.696.496,128.333.746 | 128.763.909 | 129.580.862 | 131.187.001 | 130.277.056 | 0,Delantero
Ejuke,Sevilla,-56.241 | -101.749 | -123.674 | -245.174 | -520.653 | -1.457.169,"-2,11% | -3,76% | -4,53% | -8,60% | -16,66% | -35,88%",,43ddías,2.604.353,2.660.594 | 2.706.102 | 2.728.027 | 2.849.527 | 3.125.006 | 4.061.522,Delantero
Peque,Sevilla,+91.002 | +129.621 | +116.558 | +8.127 | -262.784 | -1.326.000,"+4,96% | +7,22% | +6,44% | +0,42% | -12,01% | -40,77%",,2ddías,1.926.039,1.835.037 | 1.796.418 | 1.809.481 | 1.917.912 | 2.188.823 | 3.252.039,Delantero
Sergio Gómez,Real Sociedad,-41.828 | -74.071 | -85.552 | -299.062 | -1.047.585 | -4.709.902,"-0,23% | -0,41% | -0,48% | -1,65% | -5,55% | -20,90%",,3ddías,17.822.744,17.864.572 | 17.896.815 | 17.908.296 | 18.121.806 | 18.870.329 | 22.532.646,Defensa
Carreira,Celta,-49.050 | -91.717 | -82.984 | -66.634 | -287.173 | -1.753.672,"-0,73% | -1,36% | -1,23% | -0,99% | -4,14% | -20,86%",,2ddías,6.651.192,6.700.242 | 6.742.909 | 6.734.176 | 6.717.826 | 6.938.365 | 8.404.864,Defensa
Endrick,Real Madrid,-87.341 | -136.440 | -160.180 | -449.794 | -1.118.652 | +5.993.810,"-1,31% | -2,04% | -2,38% | -6,42% | -14,57% | 0%",,20ddías,6.559.799,6.647.140 | 6.696.239 | 6.719.979 | 7.009.593 | 7.678.451 | 0,Delantero
Carlos Martín,Atlético,0 | 0 | 0 | 0 | 0 | 0,"0,00% | 0,00% | 0,00% | 0,00% | 0,00% | 0,00%",,40ddías,2.218.490,2.218.490 | 2.218.490 | 2.218.490 | 2.218.490 | 2.218.490 | 2.218.490,Mediocampista
Romero,Villarreal,-211.928 | +44.571 | +349.584 | +3.464.888 | +10.429.098 | +8.908.397,"-0,48% | +0,10% | +0,80% | +8,54% | +31,03% | +25,36%",,1ddías,44.039.617,44.251.545 | 43.995.046 | 43.690.033 | 40.574.729 | 33.610.519 | 35.131.220,Defensa
Andrés Martín,Racing,+508.880 | +448.512 | +336.108 | -214.225 | -2.180.119 | -7.371.960,"+2,69% | +2,36% | +1,76% | -1,09% | -10,08% | -27,48%",,1ddías,19.454.362,18.945.482 | 19.005.850 | 19.118.254 | 19.668.587 | 21.634.481 | 26.826.322,Delantero
Djaló,Athletic,-25.657 | -52.106 | -75.757 | -186.454 | -7.191.749 | -7.191.749,"-2,53% | -5,00% | -7,11% | -15,85% | 0% | 0%",,11ddías,989.961,1.015.618 | 1.042.067 | 1.065.718 | 1.176.415 | 0 | 0,Delantero
Rosier,Osasuna,-159.947 | -320.111 | -485.846 | -1.231.332 | -2.727.401 | -5.811.972,"-2,97% | -5,77% | -8,50% | -19,05% | -34,27% | -52,63%",,38ddías,5.230.676,5.390.623 | 5.550.787 | 5.716.522 | 6.462.008 | 7.958.077 | 11.042.648,Defensa
Mouriño,Villarreal,-1.147.920 | -1.840.648 | -2.101.023 | -1.388.292 | +2.101.247 | +10.741.431,"-2,90% | -4,58% | -5,19% | -3,49% | +5,79% | +38,87%",,4ddías,38.378.600,39.526.520 | 40.219.248 | 40.479.623 | 39.766.892 | 36.277.353 | 27.637.169,Defensa
Serrano,Athletic,-19.466 | -39.467 | -60.629 | -156.769 | -369.080 | -1.070.459,"-2,26% | -4,48% | -6,72% | -15,71% | -30,49% | -55,99%",,44ddías,841.378,860.844 | 880.845 | 902.007 | 998.147 | 1.210.458 | 1.911.837,Delantero
Raba,Valencia,-37.548 | -70.995 | -103.370 | -251.471 | -575.895 | -1.606.016,"-2,42% | -4,48% | -6,39% | -14,25% | -27,57% | -51,49%",,43ddías,1.513.051,1.550.599 | 1.584.046 | 1.616.421 | 1.764.522 | 2.088.946 | 3.119.067,Delantero
Conde,Betis,0 | 0 | 0 | 0 | 0 | -676.897,"0,00% | 0,00% | 0,00% | 0,00% | 0,00% | -18,20%",,17ddías,3.041.589,3.041.589 | 3.041.589 | 3.041.589 | 3.041.589 | 3.041.589 | 3.718.486,Portero
Raul Moro,Osasuna,+172.069 | +390.187 | +614.967 | +1.075.665 | +2.623.898 | +2.458.118,"+1,25% | +2,88% | +4,62% | +8,37% | +23,21% | +21,43%",,20ddías,13.930.845,13.758.776 | 13.540.658 | 13.315.878 | 12.855.180 | 11.306.947 | 11.472.727,Delantero
Kambwala,Villarreal,-29.615 | -53.875 | -71.588 | -161.289 | -360.475 | -1.080.224,"-2,66% | -4,73% | -6,19% | -12,94% | -24,94% | -49,89%",,43ddías,1.084.958,1.114.573 | 1.138.833 | 1.156.546 | 1.246.247 | 1.445.433 | 2.165.182,Defensa
Danjuma,Valencia,-1.006 | +9.546 | +44.574 | +252.208 | +845.291 | +66.378,"-0,02% | +0,18% | +0,86% | +5,09% | +19,37% | +1,29%",,1ddías,5.210.000,5.211.006 | 5.200.454 | 5.165.426 | 4.957.792 | 4.364.709 | 5.143.622,Delantero
Boyomo,Osasuna,+121.370 | +192.733 | +354.100 | +1.673.757 | +5.150.310 | +11.763.605,"+0,43% | +0,68% | +1,26% | +6,27% | +22,19% | +70,88%",,39ddías,28.359.962,28.238.592 | 28.167.229 | 28.005.862 | 26.686.205 | 23.209.652 | 16.596.357,Defensa
Lozano,Espanyol,-45.263 | -88.432 | -109.640 | -227.152 | -517.505 | -1.590.861,"-2,03% | -3,89% | -4,78% | -9,41% | -19,14% | -42,12%",,43ddías,2.185.790,2.231.053 | 2.274.222 | 2.295.430 | 2.412.942 | 2.703.295 | 3.776.651,Mediocampista
Fornals,Betis,-330.824 | -593.001 | -894.544 | -3.104.002 | -9.715.816 | -86.256.461,"-0,58% | -1,03% | -1,54% | -5,16% | -14,56% | 0%",,26ddías,57.032.839,57.363.663 | 57.625.840 | 57.927.383 | 60.136.841 | 66.748.655 | 0,Mediocampista
Juanmi,Getafe,-7.658 | -15.358 | -23.707 | -70.431 | -161.596 | -463.166,"-1,35% | -2,68% | -4,08% | -11,21% | -22,46% | -45,36%",,43ddías,557.984,565.642 | 573.342 | 581.691 | 628.415 | 719.580 | 1.021.150,Delantero
Joan Garcia,Barcelona,+792.048 | +1.451.158 | +2.082.555 | +7.443.463 | +23.272.584 | +19.947.411,"+1,14% | +2,11% | +3,06% | +11,87% | +49,66% | +39,74%",,14ddías,70.140.827,69.348.779 | 68.689.669 | 68.058.272 | 62.697.364 | 46.868.243 | 50.193.416,Portero
Calero,Málaga,-83.450 | -168.267 | -252.791 | -592.591 | -822.548 | -822.548,"-3,01% | -5,89% | -8,59% | -18,05% | -23,41% | -23,41%",,9ddías,2.690.572,2.774.022 | 2.858.839 | 2.943.363 | 3.283.163 | 3.513.120 | 3.513.120,Defensa
Cabrera,Espanyol,-464.896 | -473.558 | -375.935 | +58.857 | -119.063 | -2.254.506,"-2,74% | -2,78% | -2,22% | +0,36% | -0,72% | -12,00%",,2ddías,16.532.608,16.997.504 | 17.006.166 | 16.908.543 | 16.473.751 | 16.651.671 | 18.787.114,Defensa
Puado,Espanyol,-177.419 | -361.484 | -546.571 | -1.409.445 | -3.181.669 | -8.665.299,"-2,91% | -5,76% | -8,46% | -19,24% | -34,97% | -59,42%",,34ddías,5.917.520,6.094.939 | 6.279.004 | 6.464.091 | 7.326.965 | 9.099.189 | 14.582.819,Mediocampista
Pere Milla,Espanyol,-210.324 | -312.619 | -330.408 | -522.175 | -1.112.610 | -836.377,"-2,22% | -3,27% | -3,45% | -5,34% | -10,73% | -8,29%",,3ddías,9.253.704,9.464.028 | 9.566.323 | 9.584.112 | 9.775.879 | 10.366.314 | 10.090.081,Delantero
Neyou,Getafe,-86.265 | -173.601 | -233.079 | +2.254.153 | +2.254.153 | +2.254.153,"-2,93% | -5,72% | -7,53% | 0% | 0% | 0%",,5ddías,2.860.655,2.946.920 | 3.034.256 | 3.093.734 | 0 | 0 | 0,Mediocampista
Jofre,Espanyol,-21.638 | -44.785 | -57.908 | -128.855 | -314.356 | -963.676,"-1,99% | -4,04% | -5,16% | -10,80% | -22,80% | -47,52%",,43ddías,1.064.439,1.086.077 | 1.109.224 | 1.122.347 | 1.193.294 | 1.378.795 | 2.028.115,Delantero
Edu Expósito,Espanyol,+439.590 | +732.191 | +1.077.323 | +2.771.261 | +2.794.537 | -3.224.740,"+1,48% | +2,49% | +3,71% | +10,12% | +10,21% | -9,66%",,10ddías,30.154.724,29.715.134 | 29.422.533 | 29.077.401 | 27.383.463 | 27.360.187 | 33.379.464,Mediocampista
El Hilali,Espanyol,+365.113 | +455.756 | +587.652 | +955.005 | +1.984.768 | +3.476.611,"+4,03% | +5,08% | +6,65% | +11,27% | +26,67% | +58,43%",,27ddías,9.426.210,9.061.097 | 8.970.454 | 8.838.558 | 8.471.205 | 7.441.442 | 5.949.599,Defensa
Rubén Sánchez,Espanyol,-3.226 | -6.310 | -9.850 | -35.250 | -79.600 | -227.796,"-0,71% | -1,38% | -2,13% | -7,24% | -14,98% | -33,53%",,43ddías,451.626,454.852 | 457.936 | 461.476 | 486.876 | 531.226 | 679.422,Mediocampista
Bauzà,Espanyol,-20.627 | +549.574 | +549.574 | +549.574 | +549.574 | +549.574,"-2,32% | 0% | 0% | 0% | 0% | 0%",,1ddías,869.242,889.869 | 0 | 0 | 0 | 0 | 0,Mediocampista
Serred,Espanyol,-7.279 | -1.182.663 | -1.182.663 | -1.182.663 | -1.182.663 | -1.182.663,"-1,31% | 0% | 0% | 0% | 0% | 0%",,1ddías,548.889,556.168 | 0 | 0 | 0 | 0 | 0,Portero
Fortuño,Espanyol,-6.334 | -12.656 | -19.569 | -59.092 | -125.198 | -348.137,"-1,19% | -2,35% | -3,59% | -10,10% | -19,22% | -39,82%",,23ddías,526.218,532.552 | 538.874 | 545.787 | 585.310 | 651.416 | 874.355,Portero
Fort,Barcelona,-67.781 | -140.804 | -204.085 | -520.614 | -1.158.114 | -1.819.469,"-2,07% | -4,21% | -6,00% | -13,99% | -26,57% | -36,25%",,19ddías,3.199.907,3.267.688 | 3.340.711 | 3.403.992 | 3.720.521 | 4.358.021 | 5.019.376,Defensa
Lemar,Atlético,0 | 0 | 0 | 0 | 0 | 0,0% | 0% | 0% | 0% | 0% | 0%,,49ddías,1.680.630,0 | 0 | 0 | 0 | 0 | 0,Mediocampista
Rincón,Athletic,0 | 0 | 0 | 0 | 0 | 0,0% | 0% | 0% | 0% | 0% | 0%,,49ddías,1.658.593,0 | 0 | 0 | 0 | 0 | 0,Defensa
Thiago,Levante,0 | 0 | 0 | 0 | 0 | 0,0% | 0% | 0% | 0% | 0% | 0%,,49ddías,1.660.575,0 | 0 | 0 | 0 | 0 | 0,Mediocampista
Goti,Real Sociedad,0 | 0 | 0 | 0 | 0 | 0,0% | 0% | 0% | 0% | 0% | 0%,,204ddías,590.263,0 | 0 | 0 | 0 | 0 | 0,Mediocampista
Ali Houary,Elche,0 | 0 | 0 | 0 | 0 | 0,0% | 0% | 0% | 0% | 0% | 0%,,208ddías,592.065,0 | 0 | 0 | 0 | 0 | 0,Delantero
Pablo López,Valencia,0 | 0 | 0 | 0 | 0 | 0,0% | 0% | 0% | 0% | 0% | 0%,,351ddías,441.041,0 | 0 | 0 | 0 | 0 | 0,Delantero
Alberto Marí,Valencia,0 | 0 | 0 | 0 | 0 | 0,0% | 0% | 0% | 0% | 0% | 0%,,352ddías,787.986,0 | 0 | 0 | 0 | 0 | 0,Delantero
De Tomás,Rayo,0 | 0 | 0 | 0 | 0 | 0,0% | 0% | 0% | 0% | 0% | 0%,,391ddías,3.229.388,0 | 0 | 0 | 0 | 0 | 0,Delantero
Busto,Betis,0 | 0 | 0 | 0 | 0 | 0,0% | 0% | 0% | 0% | 0% | 0%,,411ddías,1.621.161,0 | 0 | 0 | 0 | 0 | 0,Defensa
Canales,Athletic,0 | 0 | 0 | 0 | 0 | 0,0% | 0% | 0% | 0% | 0% | 0%,,411ddías,1.623.251,0 | 0 | 0 | 0 | 0 | 0,Delantero
Carrillo,Celta,0 | 0 | 0 | 0 | 0 | 0,0% | 0% | 0% | 0% | 0% | 0%,,411ddías,1.567.556,0 | 0 | 0 | 0 | 0 | 0,Portero
Eneko Ortiz,Villarreal,0 | 0 | 0 | 0 | 0 | 0,0% | 0% | 0% | 0% | 0% | 0%,,411ddías,1.718.986,0 | 0 | 0 | 0 | 0 | 0,Defensa
Collado,Sevilla,0 | 0 | 0 | 0 | 0 | 0,0% | 0% | 0% | 0% | 0% | 0%,,411ddías,1.718.988,0 | 0 | 0 | 0 | 0 | 0,Mediocampista
Raúl Jiménez,Valencia,0 | 0 | 0 | 0 | 0 | 0,0% | 0% | 0% | 0% | 0% | 0%,,411ddías,1.561.503,0 | 0 | 0 | 0 | 0 | 0,Portero
Córdoba,Valencia,0 | 0 | 0 | 0 | 0 | 0,0% | 0% | 0% | 0% | 0% | 0%,,411ddías,1.548.667,0 | 0 | 0 | 0 | 0 | 0,Defensa
Eto'o,Rayo,0 | 0 | 0 | 0 | 0 | 0,0% | 0% | 0% | 0% | 0% | 0%,,411ddías,1.718.988,0 | 0 | 0 | 0 | 0 | 0,Delantero
Solà,Atlético,0 | 0 | 0 | 0 | 0 | 0,0% | 0% | 0% | 0% | 0% | 0%,,411ddías,1.640.523,0 | 0 | 0 | 0 | 0 | 0,Defensa
Yaakobishvili,Barcelona,0 | 0 | 0 | 0 | 0 | 0,0% | 0% | 0% | 0% | 0% | 0%,,411ddías,1.639.280,0 | 0 | 0 | 0 | 0 | 0,Portero
De Llanos,Real Madrid,0 | 0 | 0 | 0 | 0 | 0,0% | 0% | 0% | 0% | 0% | 0%,,411ddías,1.622.168,0 | 0 | 0 | 0 | 0 | 0,Mediocampista
Requena,Levante,0 | 0 | 0 | 0 | 0 | 0,0% | 0% | 0% | 0% | 0% | 0%,,411ddías,1.621.683,0 | 0 | 0 | 0 | 0 | 0,Mediocampista
Rupérez,Real Sociedad,0 | 0 | 0 | 0 | 0 | 0,0% | 0% | 0% | 0% | 0% | 0%,,411ddías,1.626.247,0 | 0 | 0 | 0 | 0 | 0,Defensa
Balda,Real Sociedad,0 | 0 | 0 | 0 | 0 | 0,0% | 0% | 0% | 0% | 0% | 0%,,411ddías,1.718.912,0 | 0 | 0 | 0 | 0 | 0,Defensa
Santana,Valencia,0 | 0 | 0 | 0 | 0 | 0,0% | 0% | 0% | 0% | 0% | 0%,,411ddías,1.723.821,0 | 0 | 0 | 0 | 0 | 0,Delantero
Olabarrieta,Athletic,0 | 0 | 0 | 0 | 0 | 0,0% | 0% | 0% | 0% | 0% | 0%,,411ddías,1.717.797,0 | 0 | 0 | 0 | 0 | 0,Delantero
Rivas,Real Madrid,0 | 0 | 0 | 0 | 0 | 0,0% | 0% | 0% | 0% | 0% | 0%,,411ddías,1.718.751,0 | 0 | 0 | 0 | 0 | 0,Defensa
Abril,Valencia,0 | 0 | 0 | 0 | 0 | 0,0% | 0% | 0% | 0% | 0% | 0%,,411ddías,1.728.051,0 | 0 | 0 | 0 | 0 | 0,Portero
Carlos,Atlético,0 | 0 | 0 | 0 | 0 | 0,0% | 0% | 0% | 0% | 0% | 0%,,411ddías,1.718.547,0 | 0 | 0 | 0 | 0 | 0,Defensa
Cortés,Barcelona,0 | 0 | 0 | 0 | 0 | 0,0% | 0% | 0% | 0% | 0% | 0%,,411ddías,1.718.327,0 | 0 | 0 | 0 | 0 | 0,Defensa
Isra,Sevilla,0 | 0 | 0 | 0 | 0 | 0,0% | 0% | 0% | 0% | 0% | 0%,,411ddías,1.718.237,0 | 0 | 0 | 0 | 0 | 0,Delantero
Medenica,Getafe,0 | 0 | 0 | 0 | 0 | 0,0% | 0% | 0% | 0% | 0% | 0%,,411ddías,1.560.264,0 | 0 | 0 | 0 | 0 | 0,Portero
Joseda,Alavés,0 | 0 | 0 | 0 | 0 | 0,0% | 0% | 0% | 0% | 0% | 0%,,777ddías,300.000,0 | 0 | 0 | 0 | 0 | 0,Defensa
Diallo,Alavés,0 | 0 | 0 | 0 | 0 | 0,0% | 0% | 0% | 0% | 0% | 0%,,778ddías,1.000.000,0 | 0 | 0 | 0 | 0 | 0,Mediocampista
Mendes,Alavés,0 | 0 | 0 | 0 | 0 | 0,0% | 0% | 0% | 0% | 0% | 0%,,778ddías,500.000,0 | 0 | 0 | 0 | 0 | 0,Mediocampista
Ian Forns,Betis,0 | 0 | 0 | 0 | 0 | 0,0% | 0% | 0% | 0% | 0% | 0%,,778ddías,500.000,0 | 0 | 0 | 0 | 0 | 0,Defensa
Mario,Valencia,0 | 0 | 0 | 0 | 0 | 0,0% | 0% | 0% | 0% | 0% | 0%,,1ddías,760.408,0 | 0 | 0 | 0 | 0 | 0,Mediocampista