Jugador,Equipo,DiferenciaDif.,% Dif,Acel.,Tend.,Valor,Valor ant.Ant.,Posición
Karrikaburu,Real Sociedad,-14.536 | -29.389 | -45.812 | -116.874 | -262.217 | -685.788,"-1,99% | -3,94% | -6,01% | -14,02% | -26,79% | -48,90%",,28ddías,716.502,731.038 | 745.891 | 762.314 | 833.376 | 978.719 | 1.402.290,Delantero
Santiago,Elche,-12.884 | -26.016 | -40.647 | -103.761 | -235.169 | -625.258,"-1,87% | -3,70% | -5,66% | -13,29% | -25,79% | -48,02%",,28ddías,676.868,689.752 | 702.884 | 717.515 | 780.629 | 912.037 | 1.302.126,Mediocampista
Hancko,Atlético,-30.719 | -59.142 | -171.737 | -1.095.702 | -4.142.246 | -9.469.651,"-0,10% | -0,19% | -0,56% | -3,46% | -11,92% | -23,64%",,26ddías,30.595.788,30.626.507 | 30.654.930 | 30.767.525 | 31.691.490 | 34.738.034 | 40.065.439,Defensa
Almada,Atlético,-161.929 | -297.254 | -442.596 | -1.133.985 | -2.319.892 | -3.249.213,"-2,34% | -4,21% | -6,14% | -14,35% | -25,53% | -32,44%",,22ddías,6.767.146,6.929.075 | 7.064.400 | 7.209.742 | 7.901.131 | 9.087.038 | 10.016.359,Mediocampista
Jonny,Alavés,-53.226 | -127.257 | -194.311 | -604.285 | -1.529.733 | -3.070.958,"-0,89% | -2,10% | -3,17% | -9,23% | -20,47% | -34,07%",,24ddías,5.943.765,5.996.991 | 6.071.022 | 6.138.076 | 6.548.050 | 7.473.498 | 9.014.723,Defensa
Alexander-Arnold,Real Madrid,-375.709 | -686.376 | -986.574 | -2.633.957 | -6.323.702 | -13.739.632,"-1,41% | -2,54% | -3,61% | -9,10% | -19,37% | -34,29%",,28ddías,26.325.807,26.701.516 | 27.012.183 | 27.312.381 | 28.959.764 | 32.649.509 | 40.065.439,Defensa
Huijsen,Real Madrid,-524.583 | -765.090 | -984.887 | -2.207.067 | -5.245.338 | -13.941.545,"-1,48% | -2,15% | -2,75% | -5,96% | -13,09% | -28,58%",,28ddías,34.838.127,35.362.710 | 35.603.217 | 35.823.014 | 37.045.194 | 40.083.465 | 48.779.672,Defensa
Ruggeri,Atlético,-77.307 | -155.875 | -221.639 | -681.846 | -1.542.658 | -1.443.374,"-1,02% | -2,04% | -2,88% | -8,36% | -17,11% | -16,19%",,22ddías,7.471.186,7.548.493 | 7.627.061 | 7.692.825 | 8.153.032 | 9.013.844 | 8.914.560,Defensa
Iván Romero,Levante,-2.459 | -48.228 | -86.647 | -275.186 | -716.010 | -1.488.493,"-0,03% | -0,68% | -1,22% | -3,77% | -9,25% | -17,48%",,17ddías,7.025.412,7.027.871 | 7.073.640 | 7.112.059 | 7.300.598 | 7.741.422 | 8.513.905,Delantero
Aguado,Elche,-43.945 | -78.811 | -111.917 | -338.703 | -908.256 | -2.336.634,"-1,18% | -2,10% | -2,96% | -8,44% | -19,82% | -38,88%",,28ddías,3.673.181,3.717.126 | 3.751.992 | 3.785.098 | 4.011.884 | 4.581.437 | 6.009.815,Mediocampista
Á. Núñez,Celta,-79.633 | -160.534 | -249.254 | -666.260 | -1.423.957 | -2.547.161,"-1,75% | -3,47% | -5,29% | -12,99% | -24,18% | -36,33%",,25ddías,4.464.290,4.543.923 | 4.624.824 | 4.713.544 | 5.130.550 | 5.888.247 | 7.011.451,Defensa
Martim Neto,Elche,-34.608 | -68.724 | -106.918 | -178.110 | -378.609 | -1.037.479,"-1,73% | -3,38% | -5,15% | -8,30% | -16,14% | -34,53%",,28ddías,1.967.428,2.002.036 | 2.036.152 | 2.074.346 | 2.145.538 | 2.346.037 | 3.004.907,Mediocampista
Affengruber,Elche,+667.006 | +1.446.873 | +2.151.972 | +4.601.682 | +7.964.551 | +21.203.973,"+2,30% | +5,14% | +7,84% | +18,40% | +36,80% | 0%",,20ddías,29.609.227,28.942.221 | 28.162.354 | 27.457.255 | 25.007.545 | 21.644.676 | 0,Defensa
John ChetauyaJohn C.,Elche,-21.988 | -44.603 | -69.112 | -174.288 | -399.481 | -1.007.755,"-2,40% | -4,75% | -7,17% | -16,29% | -30,85% | -52,95%",,28ddías,895.352,917.340 | 939.955 | 964.464 | 1.069.640 | 1.294.833 | 1.903.107,Defensa
Youssef,Alavés,-7.545 | -15.116 | -23.954 | -61.379 | -136.386 | -352.736,"-1,36% | -2,68% | -4,18% | -10,06% | -19,91% | -39,13%",,20ddías,548.735,556.280 | 563.851 | 572.689 | 610.114 | 685.121 | 901.471,Defensa
Niño,Málaga,-11.024 | -26.583 | -48.887 | -191.454 | -492.213 | -1.135.967,"-0,38% | -0,92% | -1,67% | -6,25% | -14,64% | -28,35%",,28ddías,2.870.576,2.881.600 | 2.897.159 | 2.919.463 | 3.062.030 | 3.362.789 | 4.006.543,Delantero
Gonzalo,Real Madrid,-102.653 | -210.806 | -331.324 | -600.599 | -1.038.357 | -1.976.326,"-2,61% | -5,21% | -7,96% | -13,55% | -21,31% | -34,02%",,28ddías,3.833.161,3.935.814 | 4.043.967 | 4.164.485 | 4.433.760 | 4.871.518 | 5.809.487,Delantero
Román,Celta,-59.357 | -107.618 | -178.728 | -577.287 | -1.356.190 | -3.253.924,"-1,12% | -2,00% | -3,29% | -9,89% | -20,50% | -38,22%",,28ddías,5.259.981,5.319.338 | 5.367.599 | 5.438.709 | 5.837.268 | 6.616.171 | 8.513.905,Mediocampista
Cucho,Betis,-928.883 | -1.779.191 | -2.478.625 | -2.523.997 | +1.483.219 | +13.121.125,"-1,72% | -3,24% | -4,45% | -4,53% | +2,87% | +32,75%",,4ddías,53.186.564,54.115.447 | 54.965.755 | 55.665.189 | 55.710.561 | 51.703.345 | 40.065.439,Delantero
Buchanan,Villarreal,+81.814 | +128.974 | +239.717 | +783.835 | +2.684.054 | +4.730.801,"+0,42% | +0,66% | +1,23% | +4,13% | +15,72% | +31,49%",,24ddías,19.755.340,19.673.526 | 19.626.366 | 19.515.623 | 18.971.505 | 17.071.286 | 15.024.539,Mediocampista
Jutglà,Celta,-14.739 | -74.494 | -152.599 | -669.759 | -1.819.841 | -1.634.966,"-0,16% | -0,79% | -1,60% | -6,66% | -16,24% | -14,84%",,24ddías,9.383.029,9.397.768 | 9.457.523 | 9.535.628 | 10.052.788 | 11.202.870 | 11.017.995,Delantero
Valentín Gómez,Betis,-41.388 | -82.373 | -131.303 | -331.659 | -762.759 | -1.805.962,"-1,85% | -3,61% | -5,63% | -13,10% | -25,74% | -45,08%",,28ddías,2.200.581,2.241.969 | 2.282.954 | 2.331.884 | 2.532.240 | 2.963.340 | 4.006.543,Defensa
Antony,Betis,-847.433 | -2.142.148 | -3.801.883 | -9.014.623 | -17.581.004 | -9.093.129,"-1,27% | -3,14% | -5,44% | -12,01% | -21,03% | -12,10%",,15ddías,66.029.571,66.877.004 | 68.171.719 | 69.831.454 | 75.044.194 | 83.610.575 | 75.122.700,Delantero
Ugrinic,Valencia,-123.805 | -246.684 | -353.556 | -868.843 | -1.895.153 | -3.334.126,"-2,58% | -5,01% | -7,03% | -15,66% | -28,83% | -41,61%",,26ddías,4.678.961,4.802.766 | 4.925.645 | 5.032.517 | 5.547.804 | 6.574.114 | 8.013.087,Mediocampista
Rueda,Celta,-32.057 | -57.463 | -92.591 | -243.929 | -630.780 | -1.337.460,"-0,87% | -1,54% | -2,46% | -6,23% | -14,66% | -26,71%",,26ddías,3.670.719,3.702.776 | 3.728.182 | 3.763.310 | 3.914.648 | 4.301.499 | 5.008.179,Defensa
Radu,Celta,+797.494 | +1.633.770 | +2.467.667 | +5.437.454 | +9.322.343 | +15.793.571,"+2,28% | +4,78% | +7,40% | +17,89% | +35,17% | +78,84%",,27ddías,35.826.290,35.028.796 | 34.192.520 | 33.358.623 | 30.388.836 | 26.503.947 | 20.032.719,Portero
Toljan,Levante,-40.145 | -101.761 | -167.549 | -492.354 | -1.228.328 | -2.702.028,"-0,83% | -2,07% | -3,37% | -9,29% | -20,34% | -35,97%",,26ddías,4.810.241,4.850.386 | 4.912.002 | 4.977.790 | 5.302.595 | 6.038.569 | 7.512.269,Defensa
Pablo CamposCuñat Campos,Levante,-2.937 | +5.052 | +41.729 | +100.500 | -29.395 | -507.172,"-0,23% | +0,39% | +3,33% | +8,41% | -2,22% | -28,13%",,1ddías,1.295.771,1.298.708 | 1.290.719 | 1.254.042 | 1.195.271 | 1.325.166 | 1.802.943,Portero
Víctor García,Levante,-70.284 | -143.803 | -221.932 | -552.568 | -1.250.318 | -2.884.253,"-2,61% | -5,19% | -7,80% | -17,39% | -32,27% | -52,36%",,28ddías,2.624.744,2.695.028 | 2.768.547 | 2.846.676 | 3.177.312 | 3.875.062 | 5.508.997,Defensa
Manu Fernández,Celta,-2.986 | -5.808 | -9.700 | -25.190 | -52.035 | -161.661,"-0,68% | -1,30% | -2,16% | -5,42% | -10,59% | -26,90%",,28ddías,439.320,442.306 | 445.128 | 449.020 | 464.510 | 491.355 | 600.981,Defensa
Redondo,Elche,-31.116 | -60.753 | -90.143 | -225.330 | -514.238 | -1.261.247,"-2,65% | -5,05% | -7,31% | -16,47% | -31,04% | -52,47%",,28ddías,1.142.678,1.173.794 | 1.203.431 | 1.232.821 | 1.368.008 | 1.656.916 | 2.403.925,Mediocampista
Bigas,Elche,-151.785 | -316.773 | -495.242 | -1.040.995 | -1.769.454 | -1.169.508,"-2,17% | -4,42% | -6,75% | -13,20% | -20,54% | -14,59%",,23ddías,6.843.579,6.995.364 | 7.160.352 | 7.338.821 | 7.884.574 | 8.613.033 | 8.013.087,Defensa
Gorrotxategi,Real Sociedad,-76.661 | -179.709 | -284.270 | -714.912 | -1.652.317 | +594.030,"-0,88% | -2,05% | -3,20% | -7,67% | -16,11% | +7,41%",,21ddías,8.607.117,8.683.778 | 8.786.826 | 8.891.387 | 9.322.029 | 10.259.434 | 8.013.087,Mediocampista
Deossa,Betis,-43.364 | -84.947 | -123.731 | -339.361 | -794.307 | -1.968.181,"-2,19% | -4,20% | -6,00% | -14,90% | -29,07% | -50,38%",,28ddías,1.938.198,1.981.562 | 2.023.145 | 2.061.929 | 2.277.559 | 2.732.505 | 3.906.379,Mediocampista
Elgezabal,Levante,-37.643 | -77.003 | -116.165 | -300.423 | -656.843 | -1.544.110,"-2,51% | -5,01% | -7,37% | -17,06% | -31,02% | -51,39%",,28ddías,1.460.797,1.498.440 | 1.537.800 | 1.576.962 | 1.761.220 | 2.117.640 | 3.004.907,Defensa
Oriol Rey,Levante,-24.260 | -48.976 | -74.418 | -188.287 | -426.326 | -1.053.376,"-2,49% | -4,90% | -7,27% | -16,54% | -30,98% | -52,58%",,28ddías,949.895,974.155 | 998.871 | 1.024.313 | 1.138.182 | 1.376.221 | 2.003.271,Mediocampista
C. Álvarez,Levante,+350.424 | +713.901 | +1.018.786 | +2.269.921 | +4.642.151 | +9.196.734,"+2,08% | +4,33% | +6,29% | +15,19% | +36,94% | +114,77%",,27ddías,17.209.821,16.859.397 | 16.495.920 | 16.191.035 | 14.939.900 | 12.567.670 | 8.013.087,Mediocampista
Jorge Cabello,Levante,-32.187 | -65.427 | -100.790 | +563.270 | +563.270 | +563.270,"-2,75% | -5,43% | -8,12% | 0% | 0% | 0%",,5ddías,1.140.146,1.172.333 | 1.205.573 | 1.240.936 | 0 | 0 | 0,Defensa
Roger BruguéBrugui,Levante,-89.313 | -172.587 | -265.170 | -661.094 | -1.510.197 | -3.836.702,"-2,74% | -5,16% | -7,71% | -17,23% | -32,24% | -54,72%",,29ddías,3.174.749,3.264.062 | 3.347.336 | 3.439.919 | 3.835.843 | 4.684.946 | 7.011.451,Delantero
Dolan,Espanyol,-89.560 | -185.672 | -290.018 | -672.357 | -1.436.444 | -1.391.197,"-1,33% | -2,73% | -4,20% | -9,22% | -17,83% | -17,36%",,21ddías,6.621.890,6.711.450 | 6.807.562 | 6.911.908 | 7.294.247 | 8.058.334 | 8.013.087,Delantero
Dituro,Elche,-32.519 | -92.946 | -141.869 | -330.649 | -767.741 | -1.420.782,"-0,49% | -1,39% | -2,11% | -4,78% | -10,43% | -17,73%",,28ddías,6.592.305,6.624.824 | 6.685.251 | 6.734.174 | 6.922.954 | 7.360.046 | 8.013.087,Portero
Junior,Betis,-105.492 | -199.589 | -309.583 | -767.865 | -1.710.845 | -3.559.714,"-2,31% | -4,29% | -6,50% | -14,71% | -27,75% | -44,42%",,28ddías,4.453.373,4.558.865 | 4.652.962 | 4.762.956 | 5.221.238 | 6.164.218 | 8.013.087,Defensa
Valera,Elche,-228.905 | -461.467 | -724.192 | -1.856.530 | -3.477.526 | -38.455.567,"-0,92% | -1,84% | -2,85% | -7,00% | -12,35% | 0%",,19ddías,24.673.810,24.902.715 | 25.135.277 | 25.398.002 | 26.530.340 | 28.151.336 | 0,Mediocampista
Sannadi,Athletic,-4.540 | -8.981 | -14.559 | -37.525 | -80.784 | -224.535,"-0,94% | -1,85% | -2,96% | -7,30% | -14,49% | -32,02%",,28ddías,476.609,481.149 | 485.590 | 491.168 | 514.134 | 557.393 | 701.144,Delantero
Veiga,Villarreal,+621.535 | +1.389.805 | +1.912.983 | +4.471.388 | +9.532.071 | +17.665.608,"+1,48% | +3,36% | +4,69% | +11,69% | +28,73% | +70,55%",,27ddías,42.706.507,42.084.972 | 41.316.702 | 40.793.524 | 38.235.119 | 33.174.436 | 25.040.899,Defensa
Danjuma,Valencia,-1.032 | -31.867 | -47.204 | -252.889 | -736.108 | -1.651.250,"-0,02% | -0,73% | -1,07% | -5,48% | -14,45% | -27,48%",,28ddías,4.358.565,4.359.597 | 4.390.432 | 4.405.769 | 4.611.454 | 5.094.673 | 6.009.815,Delantero
Letácek,Getafe,-20.987 | -41.082 | -62.622 | -159.216 | -386.992 | -988.308,"-2,24% | -4,30% | -6,41% | -14,82% | -29,73% | -51,93%",,28ddías,914.799,935.786 | 955.881 | 977.421 | 1.074.015 | 1.301.791 | 1.903.107,Portero
Álvaro,Deportivo,-94.096 | -162.198 | -242.128 | -570.190 | -1.597.882 | -3.772.638,"-1,61% | -2,75% | -4,05% | -9,03% | -21,77% | -39,65%",,28ddías,5.742.903,5.836.999 | 5.905.101 | 5.985.031 | 6.313.093 | 7.340.785 | 9.515.541,Portero
L. Sucic,Real Sociedad,-51.256 | -87.749 | -142.271 | -385.354 | -914.604 | -1.755.244,"-1,28% | -2,17% | -3,47% | -8,88% | -18,79% | -30,74%",,25ddías,3.954.080,4.005.336 | 4.041.829 | 4.096.351 | 4.339.434 | 4.868.684 | 5.709.324,Mediocampista
Pedro Díaz,Rayo,-33.600 | -69.908 | -103.497 | -256.454 | -637.178 | -1.892.710,"-1,56% | -3,20% | -4,67% | -10,82% | -23,16% | -47,24%",,29ddías,2.113.833,2.147.433 | 2.183.741 | 2.217.330 | 2.370.287 | 2.751.011 | 4.006.543,Mediocampista
Bretones,Osasuna,+95.046 | +177.618 | +251.069 | +453.146 | +414.783 | +41.899,"+4,22% | +8,19% | +11,99% | +23,94% | +21,48% | +1,82%",,10ddías,2.345.661,2.250.615 | 2.168.043 | 2.094.592 | 1.892.515 | 1.930.878 | 2.303.762,Defensa
D. Llorente,Betis,+341.654 | +631.651 | +874.018 | +1.569.839 | +2.036.845 | +3.039.786,"+3,25% | +6,18% | +8,76% | +16,91% | +23,10% | +38,91%",,12ddías,10.852.545,10.510.891 | 10.220.894 | 9.978.527 | 9.282.706 | 8.815.700 | 7.812.759,Defensa
Pape Gueye,Villarreal,+716.497 | +1.082.435 | +1.171.719 | +130.311 | -3.471.335 | -9.674.863,"+1,81% | +2,75% | +2,99% | +0,32% | -7,91% | -19,32%",,3ddías,40.406.936,39.690.439 | 39.324.501 | 39.235.217 | 40.276.625 | 43.878.271 | 50.081.799,Mediocampista
Pépé,Villarreal,-835.084 | -1.734.091 | -2.645.081 | -7.141.631 | -38.073.069 | -38.073.069,"-1,53% | -3,12% | -4,68% | -11,70% | 0% | 0%",,13ddías,53.891.868,54.726.952 | 55.625.959 | 56.536.949 | 61.033.499 | 0 | 0,Delantero
Andrés Martín,Racing,-315.362 | -589.638 | -912.142 | -2.146.497 | -4.517.959 | +20.234.816,"-1,41% | -2,61% | -3,98% | -8,89% | -17,05% | 0%",,19ddías,21.986.124,22.301.486 | 22.575.762 | 22.898.266 | 24.132.621 | 26.504.083 | 0,Delantero
Jauregizar,Athletic,+435.795 | +785.045 | +1.250.638 | +2.698.845 | +5.832.361 | +9.774.072,"+1,79% | +3,27% | +5,31% | +12,21% | +30,75% | +65,05%",,27ddías,24.798.611,24.362.816 | 24.013.566 | 23.547.973 | 22.099.766 | 18.966.250 | 15.024.539,Mediocampista
Kambwala,Villarreal,-35.411 | -71.918 | -109.943 | -272.569 | -630.719 | -1.524.018,"-2,34% | -4,63% | -6,91% | -15,54% | -29,87% | -50,72%",,28ddías,1.480.889,1.516.300 | 1.552.807 | 1.590.832 | 1.753.458 | 2.111.608 | 3.004.907,Defensa
Ejuke,Sevilla,-48.438 | -94.080 | -142.766 | -357.709 | -806.988 | -1.838.144,"-1,50% | -2,88% | -4,31% | -10,14% | -20,29% | -36,70%",,28ddías,3.170.035,3.218.473 | 3.264.115 | 3.312.801 | 3.527.744 | 3.977.023 | 5.008.179,Delantero
Peque,Sevilla,-54.708 | -108.134 | -169.345 | -417.387 | -931.768 | -2.273.150,"-2,39% | -4,62% | -7,05% | -15,74% | -29,43% | -50,43%",,28ddías,2.234.211,2.288.919 | 2.342.345 | 2.403.556 | 2.651.598 | 3.165.979 | 4.507.361,Delantero
Sergio Gómez,Real Sociedad,-140.130 | -262.584 | -416.790 | -1.293.782 | -3.199.484 | -5.995.216,"-0,73% | -1,36% | -2,14% | -6,36% | -14,38% | -23,94%",,28ddías,19.045.683,19.185.813 | 19.308.267 | 19.462.473 | 20.339.465 | 22.245.167 | 25.040.899,Defensa
Carreira,Celta,-11.532 | -50.271 | -108.418 | -493.309 | -1.332.990 | -1.041.226,"-0,17% | -0,72% | -1,53% | -6,61% | -16,05% | -12,99%",,22ddías,6.971.861,6.983.393 | 7.022.132 | 7.080.279 | 7.465.170 | 8.304.851 | 8.013.087,Defensa
Endrick,Real Madrid,-40.167 | -114.950 | -197.958 | +7.145.183 | +7.145.183 | +7.145.183,"-0,52% | -1,47% | -2,50% | 0% | 0% | 0%",,5ddías,7.711.172,7.751.339 | 7.826.122 | 7.909.130 | 0 | 0 | 0,Delantero
Mbappé,Real Madrid,-386.605 | -588.855 | -918.004 | -4.612.909 | -25.020.532 | -25.020.532,"-0,30% | -0,45% | -0,70% | -3,42% | 0% | 0%",,10ddías,130.464.907,130.851.512 | 131.053.762 | 131.382.911 | 135.077.816 | 0 | 0,Delantero
Romero,Villarreal,+416.724 | +686.646 | +690.930 | -2.163.280 | -2.163.280 | -2.089.319,"+1,28% | +2,13% | +2,14% | -6,16% | -6,16% | -5,96%",,3ddías,32.967.940,32.551.216 | 32.281.294 | 32.277.010 | 35.131.220 | 35.131.220 | 35.057.259,Defensa
Alvarez,Atlético,-647.278 | -1.233.639 | -1.866.912 | -3.629.883 | +24.600.112 | +24.600.112,"-0,88% | -1,67% | -2,50% | -4,76% | 0% | 0%",,9ddías,72.688.506,73.335.784 | 73.922.145 | 74.555.418 | 76.318.389 | 0 | 0,Delantero
Boiro,Athletic,-9.185 | -18.464 | -29.082 | -74.398 | -148.897 | -413.542,"-1,54% | -3,04% | -4,71% | -11,23% | -20,20% | -41,29%",,12ddías,588.094,597.279 | 606.558 | 617.176 | 662.492 | 736.991 | 1.001.636,Defensa
Pablo Ramón,Espanyol,-7.544 | -15.114 | -23.951 | -52.866 | -52.866 | -52.273,"-1,36% | -2,68% | -4,18% | 0% | 0% | -8,70%",,5ddías,548.708,556.252 | 563.822 | 572.659 | 0 | 0 | 600.981,Mediocampista
Logan Costa,Villarreal,-34.025 | -69.866 | -103.747 | -264.591 | -614.988 | -1.421.074,"-2,10% | -4,22% | -6,15% | -14,31% | -27,97% | -47,29%",,28ddías,1.583.833,1.617.858 | 1.653.699 | 1.687.580 | 1.848.424 | 2.198.821 | 3.004.907,Defensa
Garcés,Alavés,-17.733 | -35.917 | -55.810 | -142.256 | -324.890 | -709.208,"-2,19% | -4,33% | -6,57% | -15,21% | -29,06% | -47,20%",,28ddías,793.245,810.978 | 829.162 | 849.055 | 935.501 | 1.118.135 | 1.502.453,Defensa
Roberto,Espanyol,-7.239 | -36.572 | -82.968 | -309.275 | -767.753 | -1.432.289,"-0,13% | -0,65% | -1,47% | -5,25% | -12,10% | -20,43%",,23ddías,5.579.162,5.586.401 | 5.615.734 | 5.662.130 | 5.888.437 | 6.346.915 | 7.011.451,Delantero
Asencio,Real Madrid,-205.585 | -420.226 | -646.876 | -1.366.261 | -2.666.145 | -5.492.914,"-3,01% | -5,96% | -8,89% | -17,09% | -28,69% | -45,32%",,28ddías,6.626.881,6.832.466 | 7.047.107 | 7.273.757 | 7.993.142 | 9.293.026 | 12.119.795,Defensa
Serrano,Atlético,-4.034 | -7.948 | -12.977 | -33.508 | -71.423 | -236.678,"-0,86% | -1,68% | -2,72% | -6,73% | -13,33% | -33,76%",,28ddías,464.466,468.500 | 472.414 | 477.443 | 497.974 | 535.889 | 701.144,Mediocampista
Etta Eyong,Levante,+862.669 | +1.608.451 | +2.305.686 | +3.993.254 | +6.030.380 | +10.566.608,"+4,61% | +8,95% | +13,35% | +25,62% | +44,50% | +117,22%",,27ddías,19.581.331,18.718.662 | 17.972.880 | 17.275.645 | 15.588.077 | 13.550.951 | 9.014.723,Delantero
Pau Navarro,Villarreal,-111.968 | -272.473 | -419.374 | -1.217.222 | -2.804.631 | -5.841.502,"-1,09% | -2,61% | -3,95% | -10,68% | -21,59% | -36,45%",,28ddías,10.184.673,10.296.641 | 10.457.146 | 10.604.047 | 11.401.895 | 12.989.304 | 16.026.175,Defensa
Óskarsson,Real Sociedad,-153.711 | -292.844 | -425.250 | -1.141.302 | -2.737.333 | -5.605.764,"-1,61% | -3,02% | -4,32% | -10,81% | -22,52% | -37,31%",,28ddías,9.418.775,9.572.486 | 9.711.619 | 9.844.025 | 10.560.077 | 12.156.108 | 15.024.539,Delantero
Lo Celso,Betis,+756.298 | +1.494.991 | +2.285.022 | +5.441.441 | +11.165.311 | +18.362.105,"+2,01% | +4,05% | +6,33% | +16,51% | +41,00% | +91,66%",,27ddías,38.394.824,37.638.526 | 36.899.833 | 36.109.802 | 32.953.383 | 27.229.513 | 20.032.719,Mediocampista
Luiz Junior,Villarreal,+936.471 | +2.021.293 | +3.145.384 | +6.613.670 | +10.766.866 | +17.586.457,"+2,55% | +5,68% | +9,12% | +21,33% | +40,10% | +87,79%",,27ddías,37.619.176,36.682.705 | 35.597.883 | 34.473.792 | 31.005.506 | 26.852.310 | 20.032.719,Portero
Leo Román,Deportivo,+914.176 | +1.791.650 | +2.557.670 | +24.838.878 | +24.838.878 | +24.838.878,"+3,54% | +7,19% | +10,59% | 0% | 0% | 0%",,4ddías,26.707.300,25.793.124 | 24.915.650 | 24.149.630 | 0 | 0 | 0,Portero
Aramburu,Real Sociedad,+578.229 | +1.014.575 | +1.446.531 | +2.840.025 | +4.637.856 | +7.281.417,"+4,22% | +7,64% | +11,26% | +24,80% | +48,04% | +103,85%",,27ddías,14.292.868,13.714.639 | 13.278.293 | 12.846.337 | 11.452.843 | 9.655.012 | 7.011.451,Defensa
Hugo Álvarez,Celta,-74.621 | -152.535 | -235.851 | -597.390 | -1.315.349 | -2.893.476,"-2,02% | -4,05% | -6,12% | -14,17% | -26,67% | -44,44%",,28ddías,3.617.157,3.691.778 | 3.769.692 | 3.853.008 | 4.214.547 | 4.932.506 | 6.510.633,Mediocampista
Durán,Celta,-42.895 | -85.590 | -129.576 | -312.087 | -689.010 | -1.538.847,"-2,84% | -5,52% | -8,12% | -17,55% | -31,97% | -51,21%",,28ddías,1.466.060,1.508.955 | 1.551.650 | 1.595.636 | 1.778.147 | 2.155.070 | 3.004.907,Delantero
Natan,Betis,+706.403 | +1.514.185 | +2.227.523 | +5.062.090 | +9.308.723 | +15.618.051,"+1,77% | +3,87% | +5,80% | +14,22% | +29,69% | +62,37%",,26ddías,40.658.950,39.952.547 | 39.144.765 | 38.431.427 | 35.596.860 | 31.350.227 | 25.040.899,Defensa
Bernal,Barcelona,+204.174 | +268.673 | +153.629 | +29.550 | +29.550 | +37.586,"+5,94% | +7,96% | +4,40% | +0,82% | +0,82% | +1,04%",,2ddías,3.643.474,3.439.300 | 3.374.801 | 3.489.845 | 3.613.924 | 3.613.924 | 3.605.888,Mediocampista
Toni Martinez,Alavés,-167.263 | -485.219 | -795.510 | -2.354.989 | -5.696.404 | +23.148.428,"-0,61% | -1,75% | -2,84% | -7,96% | -17,30% | 0%",,17ddías,27.232.421,27.399.684 | 27.717.640 | 28.027.931 | 29.587.410 | 32.928.825 | 0,Delantero
Musso,Atlético,-106.672 | -222.135 | -347.268 | -859.788 | -1.994.458 | -4.197.711,"-1,80% | -3,68% | -5,63% | -12,87% | -25,53% | -41,91%",,28ddías,5.818.648,5.925.320 | 6.040.783 | 6.165.916 | 6.678.436 | 7.813.106 | 10.016.359,Portero
Olmo,Barcelona,-1.288.219 | -2.392.994 | -3.761.110 | -9.659.547 | -29.802.830 | -29.802.830,"-1,70% | -3,10% | -4,80% | -11,45% | 0% | 0%",,12ddías,74.676.900,75.965.119 | 77.069.894 | 78.438.010 | 84.336.447 | 0 | 0,Mediocampista
Benito,Osasuna,-12.776 | -25.796 | -40.310 | -102.905 | -233.171 | -627.851,"-1,86% | -3,68% | -5,64% | -13,24% | -25,70% | -48,22%",,28ddías,674.275,687.051 | 700.071 | 714.585 | 777.180 | 907.446 | 1.302.126,Delantero
Mendoza,Atlético,-9.680 | -23.330 | -38.669 | -111.070 | -252.002 | -560.679,"-1,02% | -2,42% | -3,94% | -10,55% | -21,11% | -37,32%",,28ddías,941.774,951.454 | 965.104 | 980.443 | 1.052.844 | 1.193.776 | 1.502.453,Mediocampista
Suazo,Sevilla,-76.898 | -155.167 | -263.519 | -596.859 | -1.463.686 | -3.093.149,"-1,28% | -2,55% | -4,26% | -9,16% | -19,82% | -34,31%",,28ddías,5.921.574,5.998.472 | 6.076.741 | 6.185.093 | 6.518.433 | 7.385.260 | 9.014.723,Defensa
Mouriño,Villarreal,+743.225 | +1.292.754 | +1.955.724 | +3.948.525 | +7.546.920 | +12.657.767,"+2,13% | +3,76% | +5,80% | +12,44% | +26,81% | +54,94%",,26ddías,35.695.394,34.952.169 | 34.402.640 | 33.739.670 | 31.746.869 | 28.148.474 | 23.037.627,Defensa
Puerta,Racing,+310.314 | +534.202 | +730.477 | +1.200.319 | +803.875 | +403.573,"+3,07% | +5,40% | +7,54% | +13,02% | +8,36% | +4,03%",,7ddías,10.419.932,10.109.618 | 9.885.730 | 9.689.455 | 9.219.613 | 9.616.057 | 10.016.359,Mediocampista
Hartman,Espanyol,-208.885 | -417.299 | -650.392 | -1.718.167 | 0 | 0,"-1,88% | -3,69% | -5,63% | -13,61% | 0% | 0%",,12ddías,10.902.436,11.111.321 | 11.319.735 | 11.552.828 | 12.620.603 | 0 | 0,Defensa
Dumfries,Real Madrid,+1.216.734 | +2.622.184 | +4.134.735 | +9.935.830 | +18.086.650 | 0,"+1,98% | +4,38% | +7,08% | +18,89% | +40,69% | 0%",,15ddías,62.535.167,61.318.433 | 59.912.983 | 58.400.432 | 52.599.337 | 44.448.517 | 0,Defensa
Yeremay,Deportivo,+1.026.131 | +2.234.493 | +3.687.258 | +11.229.774 | +23.637.820 | 0,"+1,87% | +4,17% | +7,07% | +25,19% | +73,48% | 0%",,16ddías,55.805.062,54.778.931 | 53.570.569 | 52.117.804 | 44.575.288 | 32.167.242 | 0,Delantero
Larrubia,Málaga,+1.375.688 | +2.754.494 | +4.375.171 | +9.826.640 | +17.568.098 | 0,"+2,99% | +6,18% | +10,19% | +26,20% | +59,03% | 0%",,18ddías,47.330.067,45.954.379 | 44.575.573 | 42.954.896 | 37.503.427 | 29.761.969 | 0,Mediocampista
Chupete,Málaga,+1.364.884 | +2.886.767 | +4.205.801 | +9.422.882 | +17.935.797 | 0,"+3,12% | +6,83% | +10,27% | +26,35% | +65,84% | 0%",,19ddías,45.177.354,43.812.470 | 42.290.587 | 40.971.553 | 35.754.472 | 27.241.557 | 0,Delantero
Guliashvili,Racing,-95.930 | -191.928 | -294.091 | -725.565 | -1.610.699 | -3.478.201,"-3,07% | -5,95% | -8,84% | -19,31% | -34,69% | -53,42%",,28ddías,3.032.432,3.128.362 | 3.224.360 | 3.326.523 | 3.757.997 | 4.643.131 | 6.510.633,Delantero
Arana,Racing,-10.079 | -21.788 | -33.878 | -87.483 | -226.185 | -566.752,"-1,07% | -2,28% | -3,49% | -8,55% | -19,47% | -37,72%",,28ddías,935.701,945.780 | 957.489 | 969.579 | 1.023.184 | 1.161.886 | 1.502.453,Delantero
Iñigo Vicente,Racing,-75.848 | -140.924 | -427.401 | -1.681.568 | -3.304.351 | -6.059.563,"-0,39% | -0,72% | -2,15% | -7,95% | -14,50% | -23,72%",,24ddías,19.482.154,19.558.002 | 19.623.078 | 19.909.555 | 21.163.722 | 22.786.505 | 25.541.717,Delantero
Gueye,Racing,-57.289 | -107.347 | -184.381 | -470.184 | -1.208.077 | -2.374.932,"-1,22% | -2,26% | -3,82% | -9,21% | -20,67% | -33,87%",,24ddías,4.636.519,4.693.808 | 4.743.866 | 4.820.900 | 5.106.703 | 5.844.596 | 7.011.451,Mediocampista
Konaté,Real Madrid,+1.493.158 | +3.011.434 | +4.588.011 | +5.260.939 | 0 | 0,"+4,47% | +9,45% | +15,14% | +17,76% | 0% | 0%",,5ddías,34.882.510,33.389.352 | 31.871.076 | 30.294.499 | 29.621.571 | 0 | 0,Defensa
Facundo GonzálezFacu González,Racing,-7.191 | -60.493 | -172.355 | -292.072 | -292.072 | -284.757,"-0,22% | -1,84% | -5,08% | -8,31% | -8,31% | -8,12%",,4ddías,3.220.968,3.228.159 | 3.281.461 | 3.393.323 | 3.513.040 | 3.513.040 | 3.505.725,Defensa
Camara,Racing,-19.454 | -37.613 | -52.364 | -127.304 | -273.625 | -747.489,"-2,00% | -3,79% | -5,20% | -11,76% | -22,27% | -43,90%",,28ddías,955.291,974.745 | 992.904 | 1.007.655 | 1.082.595 | 1.228.916 | 1.702.780,Defensa
Hernando,Racing,-8.437 | -24.826 | -39.947 | -151.057 | -491.719 | -1.496.227,"-0,42% | -1,22% | -1,95% | -6,99% | -19,66% | -42,68%",,28ddías,2.009.498,2.017.935 | 2.034.324 | 2.049.445 | 2.160.555 | 2.501.217 | 3.505.725,Defensa
Sainz-Maza,Racing,-23.023 | -46.784 | -71.632 | -180.304 | -414.779 | -1.007.155,"-2,26% | -4,49% | -6,71% | -15,33% | -29,40% | -50,28%",,28ddías,996.116,1.019.139 | 1.042.900 | 1.067.748 | 1.176.420 | 1.410.895 | 2.003.271,Defensa
Mantilla,Racing,+30.481 | +57.445 | +76.051 | +86.226 | +9.379 | -777.483,"+1,39% | +2,65% | +3,53% | +4,03% | +0,42% | -25,87%",,5ddías,2.227.424,2.196.943 | 2.169.979 | 2.151.373 | 2.141.198 | 2.218.045 | 3.004.907,Defensa
Eriksson,Racing,+56.876 | +121.276 | +160.597 | +293.182 | +131.932 | -467.100,"+2,29% | +5,02% | +6,76% | +13,06% | +5,48% | -15,54%",,7ddías,2.537.807,2.480.931 | 2.416.531 | 2.377.210 | 2.244.625 | 2.405.875 | 3.004.907,Portero
Haitam,Málaga,-4.380 | -8.654 | -14.058 | -36.253 | -77.821 | -228.377,"-0,92% | -1,80% | -2,89% | -7,12% | -14,13% | -32,57%",,28ddías,472.767,477.147 | 481.421 | 486.825 | 509.020 | 550.588 | 701.144,Delantero
Lobete,Málaga,-24.941 | -51.721 | -79.734 | -190.398 | -423.325 | -956.515,"-2,33% | -4,71% | -7,08% | -15,39% | -28,80% | -47,75%",,28ddías,1.046.756,1.071.697 | 1.098.477 | 1.126.490 | 1.237.154 | 1.470.081 | 2.003.271,Delantero
Cucurella,Real Madrid,+3.116.792 | +6.333.340 | +9.443.442 | +13.537.477 | 0 | 0,"+5,13% | +11,01% | +17,36% | +26,91% | 0% | 0%",,6ddías,63.838.258,60.721.466 | 57.504.918 | 54.394.816 | 50.300.781 | 0 | 0,Defensa
Aubameyang,Deportivo,+1.280.429 | +2.499.310 | +3.691.290 | 0 | 0 | 0,"+8,26% | +17,51% | +28,21% | 0% | 0% | 0%",,4ddías,16.774.400,15.493.971 | 14.275.090 | 13.083.110 | 0 | 0 | 0,Delantero
Sivera,Alavés,+733.940 | +1.488.272 | +2.183.858 | +4.334.354 | +7.054.820 | +10.545.855,"+3,03% | +6,33% | +9,57% | +20,98% | +39,33% | +73,00%",,26ddías,24.992.956,24.259.016 | 23.504.684 | 22.809.098 | 20.658.602 | 17.938.136 | 14.447.101,Portero
Luis Castro,Levante,-64.247 | -130.883 | -201.247 | -511.502 | +405.652 | +407.136,"-3,25% | -6,41% | -9,53% | -21,13% | 0% | +27,10%",,8ddías,1.909.589,1.973.836 | 2.040.472 | 2.110.836 | 2.421.091 | 0 | 1.502.453,
Carlos Corberán,Valencia,-23.152 | -46.980 | -72.753 | -185.274 | +20.939 | +21.829,"-2,45% | -4,84% | -7,30% | -16,71% | 0% | +2,42%",,10ddías,923.300,946.452 | 970.280 | 996.053 | 1.108.574 | 0 | 901.471,
Luis García,Sevilla,-35.210 | -71.599 | -110.456 | -280.995 | +410.594 | +411.385,"-2,82% | -5,57% | -8,35% | -18,81% | 0% | +51,34%",,7ddías,1.212.693,1.247.903 | 1.284.292 | 1.323.149 | 1.493.688 | 0 | 801.308,
Pellegrino Matarazzo,Real Sociedad,-233.348 | -472.847 | -728.104 | -1.852.489 | +1.167.886 | +1.172.833,"-3,64% | -7,11% | -10,54% | -23,06% | 0% | +23,42%",,8ddías,6.181.012,6.414.360 | 6.653.859 | 6.909.116 | 8.033.501 | 0 | 5.008.179,
José Mourinho,Real Madrid,-778.225 | -1.616.492 | -2.514.205 | +612.626 | 0 | 0,"-3,52% | -7,05% | -10,56% | +2,96% | 0% | 0%",,5ddías,21.304.077,22.082.302 | 22.920.569 | 23.818.282 | 20.691.451 | 0 | 0,
Beñat San José,Rayo,-88.747 | -180.904 | -277.852 | +635.358 | 0 | 0,"-3,43% | -6,75% | -10,01% | +34,12% | 0% | 0%",,3ddías,2.497.584,2.586.331 | 2.678.488 | 2.775.436 | 1.862.226 | 0 | 0,
José Alberto López,Racing,-42.437 | -86.354 | -133.052 | -107.551 | +584.038 | +584.829,"-2,97% | -5,86% | -8,76% | -7,20% | 0% | +72,98%",,6ddías,1.386.137,1.428.574 | 1.472.491 | 1.519.189 | 1.493.688 | 0 | 801.308,
Luis Miguel Ramis,Osasuna,-76.269 | -155.427 | -238.835 | +335.872 | 0 | 0,"-3,35% | -6,60% | -9,80% | +18,04% | 0% | 0%",,4ddías,2.198.098,2.274.367 | 2.353.525 | 2.436.933 | 1.862.226 | 0 | 0,
Juan Funes,Málaga,-65.321 | -133.075 | -204.604 | +68.228 | +932.718 | +933.707,"-3,26% | -6,43% | -9,56% | +3,65% | 0% | +93,22%",,5ddías,1.935.343,2.000.664 | 2.068.418 | 2.139.947 | 1.867.115 | 0 | 1.001.636,
Manolo González,Espanyol,-53.876 | -109.708 | -168.819 | -429.171 | +156.740 | +158.224,"-3,14% | -6,20% | -9,23% | -20,54% | 0% | +10,53%",,9ddías,1.660.677,1.714.553 | 1.770.385 | 1.829.496 | 2.089.848 | 0 | 1.502.453,
Calatrava,Espanyol,+19.547 | +30.658 | +51.896 | -99.672 | 0 | 0,"+0,60% | +0,95% | +1,62% | -2,97% | 0% | 0%",,3ddías,3.253.713,3.234.166 | 3.223.055 | 3.201.817 | 3.353.385 | 0 | 0,Delantero
Martín Anselmi,Elche,-88.747 | -180.904 | -277.852 | +635.358 | 0 | 0,"-3,43% | -6,75% | -10,01% | +34,12% | 0% | 0%",,3ddías,2.497.584,2.586.331 | 2.678.488 | 2.775.436 | 1.862.226 | 0 | 0,
Antonio Hidalgo,Deportivo,-90.136 | -183.739 | -282.194 | -269.751 | +1.026.984 | +1.028.468,"-3,44% | -6,77% | -10,03% | -9,63% | 0% | +68,45%",,6ddías,2.530.921,2.621.057 | 2.714.660 | 2.813.115 | 2.800.672 | 0 | 1.502.453,
Claudio Giráldez,Celta,-126.150 | -254.971 | -389.277 | -1.002.979 | -1.464.256 | -1.459.309,"-3,43% | -6,70% | -9,88% | -22,03% | 0% | -29,14%",,12ddías,3.548.870,3.675.020 | 3.803.841 | 3.938.147 | 4.551.849 | 0 | 5.008.179,
Manuel Pellegrini,Betis,-214.757 | -442.799 | -694.814 | -1.772.026 | -458.907 | -451.981,"-3,17% | -6,32% | -9,58% | -21,27% | 0% | -6,45%",,10ddías,6.559.470,6.774.227 | 7.002.269 | 7.254.284 | 8.331.496 | 0 | 7.011.451,
Hansi Flick,Barcelona,-353.687 | -744.134 | -1.140.506 | -2.897.728 | -1.847.323 | -1.832.480,"-2,61% | -5,34% | -7,96% | -18,01% | 0% | -12,20%",,11ddías,13.192.059,13.545.746 | 13.936.193 | 14.332.565 | 16.089.787 | 0 | 15.024.539,
Diego Simeone,Atlético,-276.511 | -544.784 | -844.895 | -2.137.096 | -1.675.449 | -1.665.554,"-3,21% | -6,12% | -9,19% | -20,38% | 0% | -16,63%",,11ddías,8.350.805,8.627.316 | 8.895.589 | 9.195.700 | 10.487.901 | 0 | 10.016.359,
Edin Terzic,Athletic,-522.871 | -1.067.240 | -1.635.243 | +1.743.187 | 0 | 0,"-3,89% | -7,63% | -11,24% | +15,60% | 0% | 0%",,4ddías,12.916.566,13.439.437 | 13.983.806 | 14.551.809 | 11.173.379 | 0 | 0,
Quique Sánchez,Alavés,-35.210 | -71.599 | -110.456 | -280.995 | +410.594 | +411.385,"-2,82% | -5,57% | -8,35% | -18,81% | 0% | +51,34%",,7ddías,1.212.693,1.247.903 | 1.284.292 | 1.323.149 | 1.493.688 | 0 | 801.308,
Hjulmand,Atlético,-296.872 | -819.860 | -2.014.945 | 0 | 0 | 0,"-0,86% | -2,34% | -5,55% | 0% | 0% | 0%",,3ddías,34.273.539,34.570.411 | 35.093.399 | 36.288.484 | 0 | 0 | 0,Mediocampista
Joaquín,Málaga,-149.842 | -293.969 | -441.959 | -1.108.274 | -2.497.465 | -5.596.895,"-1,75% | -3,37% | -4,98% | -11,62% | -22,86% | -39,91%",,28ddías,8.426.008,8.575.850 | 8.719.977 | 8.867.967 | 9.534.282 | 10.923.473 | 14.022.903,Delantero
Lorenzo,Málaga,+115.716 | +157.789 | +174.459 | +22.705 | -535.070 | -2.509.305,"+1,38% | +1,89% | +2,09% | +0,27% | -5,92% | -22,77%",,3ddías,8.508.690,8.392.974 | 8.350.901 | 8.334.231 | 8.485.985 | 9.043.760 | 11.017.995,Mediocampista
Arriaga,Levante,-77.063 | -152.245 | -228.578 | -566.215 | -1.282.198 | -2.724.363,"-2,29% | -4,43% | -6,50% | -14,70% | -28,07% | -45,33%",,28ddías,3.285.452,3.362.515 | 3.437.697 | 3.514.030 | 3.851.667 | 4.567.650 | 6.009.815,Mediocampista
Dani Martínez,Atlético,-3.199 | -6.242 | -10.364 | -26.876 | -48.267 | -156.567,"-0,71% | -1,39% | -2,28% | -5,70% | -9,80% | -26,05%",,8ddías,444.414,447.613 | 450.656 | 454.778 | 471.290 | 492.681 | 600.981,Defensa
Lookman,Atlético,+1.909.032 | +3.644.394 | +5.687.909 | +11.795.746 | +19.181.707 | +34.131.845,"+2,92% | +5,73% | +9,24% | +21,27% | +39,90% | 0%",,15ddías,67.253.110,65.344.078 | 63.608.716 | 61.565.201 | 55.457.364 | 48.071.403 | 0,Delantero
Tete Morente,Elche,-68.487 | -139.430 | -209.915 | -518.833 | -1.185.231 | -2.900.926,"-2,56% | -5,07% | -7,45% | -16,59% | -31,25% | -52,66%",,28ddías,2.608.071,2.676.558 | 2.747.501 | 2.817.986 | 3.126.904 | 3.793.302 | 5.508.997,Delantero
Fidalgo,Betis,-57.390 | -112.793 | -160.333 | -385.196 | -849.446 | -1.775.342,"-1,74% | -3,37% | -4,73% | -10,65% | -20,81% | -35,45%",,25ddías,3.232.837,3.290.227 | 3.345.630 | 3.393.170 | 3.618.033 | 4.082.283 | 5.008.179,Mediocampista
Freeman,Villarreal,-54.378 | -112.209 | -161.597 | -377.833 | -870.383 | -2.006.514,"-1,78% | -3,60% | -5,11% | -11,18% | -22,48% | -40,06%",,28ddías,3.001.665,3.056.043 | 3.113.874 | 3.163.262 | 3.379.498 | 3.872.048 | 5.008.179,Defensa
Cepeda,Elche,-24.949 | -44.152 | -70.068 | -169.746 | -432.796 | -1.161.282,"-1,96% | -3,42% | -5,33% | -12,00% | -25,80% | -48,26%",,28ddías,1.245.005,1.269.954 | 1.289.157 | 1.315.073 | 1.414.751 | 1.677.801 | 2.406.287,Delantero
Ángel Pérez,Alavés,-131.989 | -286.202 | -432.624 | -1.167.804 | -2.800.586 | -6.991.830,"-1,62% | -3,44% | -5,11% | -12,69% | -25,85% | -46,54%",,28ddías,8.032.709,8.164.698 | 8.318.911 | 8.465.333 | 9.200.513 | 10.833.295 | 15.024.539,Delantero
Puric,Atlético,-4.375 | -8.644 | -14.043 | -36.217 | -77.738 | -228.485,"-0,92% | -1,80% | -2,89% | -7,12% | -14,12% | -32,59%",,28ddías,472.659,477.034 | 481.303 | 486.702 | 508.876 | 550.397 | 701.144,Defensa
Boñar,Atlético,-4.993 | -9.906 | -15.975 | -37.936 | -84.929 | -213.659,"-1,01% | -1,99% | -3,17% | -7,22% | -14,84% | -30,47%",,22ddías,487.485,492.478 | 497.391 | 503.460 | 525.421 | 572.414 | 701.144,Defensa
Bardghji,Barcelona,-114.883 | -242.311 | -395.714 | -560.822 | -560.822 | -550.108,"-2,63% | -5,38% | -8,50% | -11,64% | -11,64% | -11,44%",,4ddías,4.257.743,4.372.626 | 4.500.054 | 4.653.457 | 4.818.565 | 4.818.565 | 4.807.851,Delantero
Vecino,Celta,-78.242 | -156.016 | -240.582 | -613.015 | -1.366.904 | -3.216.787,"-2,72% | -5,29% | -7,93% | -18,00% | -32,86% | -53,53%",,28ddías,2.793.028,2.871.270 | 2.949.044 | 3.033.610 | 3.406.043 | 4.159.932 | 6.009.815,Mediocampista
Laporte,Athletic,+1.230.129 | +2.791.353 | +4.532.910 | +11.583.715 | +25.378.502 | +50.011.894,"+2,27% | +5,29% | +8,89% | +26,36% | +84,19% | 0%",,19ddías,55.523.222,54.293.093 | 52.731.869 | 50.990.312 | 43.939.507 | 30.144.720 | 0,Defensa
Alemão,Rayo,-77.615 | -153.913 | -232.389 | -515.102 | -1.180.965 | -2.635.758,"-1,74% | -3,40% | -5,04% | -10,53% | -21,25% | -37,59%",,28ddías,4.375.693,4.453.308 | 4.529.606 | 4.608.082 | 4.890.795 | 5.556.658 | 7.011.451,Delantero
Diangana,Elche,-28.930 | -56.568 | -89.470 | -203.443 | -503.429 | -1.356.828,"-1,83% | -3,53% | -5,46% | -11,62% | -24,54% | -46,71%",,28ddías,1.547.915,1.576.845 | 1.604.483 | 1.637.385 | 1.751.358 | 2.051.344 | 2.904.743,Delantero
Mikautadze,Villarreal,+379.829 | +600.380 | +810.283 | +1.490.780 | +3.041.758 | +4.973.352,"+0,72% | +1,14% | +1,55% | +2,89% | +6,08% | +10,33%",,21ddías,53.099.101,52.719.272 | 52.498.721 | 52.288.818 | 51.608.321 | 50.057.343 | 48.125.749,Delantero
Cardoso,Sevilla,-31.534 | -61.075 | -91.548 | -230.454 | -525.400 | -1.269.891,"-2,71% | -5,11% | -7,47% | -16,89% | -31,66% | -52,83%",,28ddías,1.134.034,1.165.568 | 1.195.109 | 1.225.582 | 1.364.488 | 1.659.434 | 2.403.925,Defensa
Carlos Soler,Real Sociedad,-150.994 | -369.903 | -635.802 | -1.808.927 | -4.338.619 | -7.962.289,"-0,47% | -1,14% | -1,94% | -5,33% | -11,91% | -19,87%",,28ddías,32.103.150,32.254.144 | 32.473.053 | 32.738.952 | 33.912.077 | 36.441.769 | 40.065.439,Mediocampista
Sancris,Getafe,-18.835 | -38.166 | -58.940 | -150.631 | -344.777 | -883.102,"-2,25% | -4,45% | -6,71% | -15,52% | -29,61% | -51,86%",,28ddías,819.678,838.513 | 857.844 | 878.618 | 970.309 | 1.164.455 | 1.702.780,Delantero
Oluwaseyi,Villarreal,-81.408 | -158.883 | -241.065 | -603.021 | -1.382.792 | -2.953.003,"-2,24% | -4,28% | -6,35% | -14,49% | -27,99% | -45,36%",,28ddías,3.557.630,3.639.038 | 3.716.513 | 3.798.695 | 4.160.651 | 4.940.422 | 6.510.633,Delantero
Vargas,Atlético,-25.469 | -50.543 | -75.532 | -197.385 | -449.206 | -1.026.754,"-2,31% | -4,48% | -6,56% | -15,49% | -29,44% | -48,81%",,28ddías,1.076.681,1.102.150 | 1.127.224 | 1.152.213 | 1.274.066 | 1.525.887 | 2.103.435,Mediocampista
Puerto,Deportivo,-215 | -151 | -1.036 | -3.193 | -767 | -27.834,"-0,06% | -0,04% | -0,28% | -0,85% | -0,21% | -6,95%",,1ddías,372.820,373.035 | 372.971 | 373.856 | 376.013 | 373.587 | 400.654,Portero
Merino,Málaga,-47.108 | -143.780 | -227.763 | -592.640 | -1.441.448 | -2.850.145,"-0,65% | -1,97% | -3,08% | -7,64% | -16,75% | -28,45%",,24ddías,7.166.214,7.213.322 | 7.309.994 | 7.393.977 | 7.758.854 | 8.607.662 | 10.016.359,Mediocampista
Mario,Deportivo,+497.785 | +896.020 | +1.188.690 | +2.517.323 | +4.228.964 | +6.730.043,"+2,34% | +4,30% | +5,78% | +13,09% | +24,13% | +44,79%",,27ddías,21.754.582,21.256.797 | 20.858.562 | 20.565.892 | 19.237.259 | 17.525.618 | 15.024.539,Mediocampista
Dani Sánchez,Málaga,-22.589 | -44.389 | -66.409 | -165.280 | -375.254 | -966.558,"-2,30% | -4,42% | -6,47% | -14,69% | -28,11% | -50,18%",,28ddías,959.721,982.310 | 1.004.110 | 1.026.130 | 1.125.001 | 1.334.975 | 1.926.279,Defensa
Murillo,Málaga,-89.269 | -179.990 | -273.476 | -679.706 | -1.482.173 | -3.021.156,"-2,90% | -5,68% | -8,38% | -18,53% | -33,15% | -50,27%",,28ddías,2.988.659,3.077.928 | 3.168.649 | 3.262.135 | 3.668.365 | 4.470.832 | 6.009.815,Defensa
Puga,Málaga,-78.660 | -172.321 | -268.996 | -758.198 | -1.432.854 | -2.972.886,"-1,29% | -2,77% | -4,26% | -11,15% | -19,17% | -32,98%",,23ddías,6.041.837,6.120.497 | 6.214.158 | 6.310.833 | 6.800.035 | 7.474.691 | 9.014.723,Defensa
Carlos López,Málaga,-1.901 | -3.593 | -6.060 | -6.862 | -19.032 | -87.538,"-0,46% | -0,86% | -1,45% | -1,63% | -4,40% | -17,48%",,3ddías,413.279,415.180 | 416.872 | 419.339 | 420.141 | 432.311 | 500.817,Portero
Herrero,Málaga,+49.617 | +41.729 | +67.399 | +642.910 | +926.065 | +1.183.552,"+0,69% | +0,58% | +0,95% | +9,81% | +14,78% | +19,69%",,1ddías,7.193.367,7.143.750 | 7.151.638 | 7.125.968 | 6.550.457 | 6.267.302 | 6.009.815,Portero
Eddahchouri,Deportivo,-51.337 | -100.328 | -151.681 | -344.379 | -706.320 | -1.659.518,"-2,14% | -4,10% | -6,07% | -12,80% | -23,13% | -41,42%",,28ddías,2.347.025,2.398.362 | 2.447.353 | 2.498.706 | 2.691.404 | 3.053.345 | 4.006.543,Delantero
Luismi,Deportivo,-118.904 | -237.945 | -364.731 | -931.139 | -1.943.417 | -2.550.776,"-1,81% | -3,55% | -5,34% | -12,59% | -23,12% | -28,30%",,23ddías,6.463.947,6.582.851 | 6.701.892 | 6.828.678 | 7.395.086 | 8.407.364 | 9.014.723,Delantero
Patino,Deportivo,-10.299 | -20.739 | -32.566 | -83.243 | -187.345 | -486.966,"-1,65% | -3,26% | -5,03% | -11,92% | -23,35% | -44,20%",,28ddías,614.833,625.132 | 635.572 | 647.399 | 698.076 | 802.178 | 1.101.799,Mediocampista
Mella,Deportivo,-31.916 | -55.419 | -94.176 | -329.279 | -787.718 | -608.613,"-0,93% | -1,60% | -2,70% | -8,83% | -18,82% | -15,19%",,18ddías,3.397.930,3.429.846 | 3.453.349 | 3.492.106 | 3.727.209 | 4.185.648 | 4.006.543,Mediocampista
Quagliata,Deportivo,+52.532 | +101.540 | +132.156 | +149.619 | -74.623 | -999.877,"+1,78% | +3,50% | +4,60% | +5,24% | -2,42% | -24,96%",,5ddías,3.006.666,2.954.134 | 2.905.126 | 2.874.510 | 2.857.047 | 3.081.289 | 4.006.543,Defensa
Jurado,Deportivo,-40.927 | -82.297 | -123.894 | -302.034 | -683.933 | -1.607.132,"-2,84% | -5,56% | -8,14% | -17,77% | -32,85% | -53,48%",,28ddías,1.397.775,1.438.702 | 1.480.072 | 1.521.669 | 1.699.809 | 2.081.708 | 3.004.907,Mediocampista
Villares,Deportivo,-73.017 | -150.235 | -232.493 | -583.234 | -1.302.973 | -2.807.415,"-2,23% | -4,48% | -6,77% | -15,41% | -28,92% | -46,71%",,28ddías,3.202.400,3.275.417 | 3.352.635 | 3.434.893 | 3.785.634 | 4.505.373 | 6.009.815,Mediocampista
Riki,Deportivo,-33.383 | -64.024 | -108.265 | -156.167 | -156.167 | -152.974,"-2,41% | -4,53% | -7,43% | -10,37% | -10,37% | -10,18%",,4ddías,1.349.479,1.382.862 | 1.413.503 | 1.457.744 | 1.505.646 | 1.505.646 | 1.502.453,Mediocampista
Pablo García,Deportivo,-4.931 | -9.779 | -15.781 | -22.877 | -64.398 | -215.145,"-1,00% | -1,97% | -3,15% | -4,50% | -11,70% | -30,68%",,6ddías,485.999,490.930 | 495.778 | 501.780 | 508.876 | 550.397 | 701.144,Defensa
Ximo,Deportivo,-71.937 | -191.020 | -398.747 | -621.827 | -621.827 | -607.987,"-1,20% | -3,13% | -6,33% | -9,53% | -9,53% | -9,34%",,4ddías,5.902.646,5.974.583 | 6.093.666 | 6.301.393 | 6.524.473 | 6.524.473 | 6.510.633,Defensa
Barcia,Deportivo,-37.333 | -72.771 | -108.372 | -269.385 | -585.022 | -1.319.092,"-2,17% | -4,14% | -6,04% | -13,78% | -25,76% | -43,90%",,28ddías,1.685.815,1.723.148 | 1.758.586 | 1.794.187 | 1.955.200 | 2.270.837 | 3.004.907,Defensa
Comas,Deportivo,-23.771 | -48.296 | -74.454 | -183.949 | -424.478 | -1.048.123,"-2,43% | -4,81% | -7,23% | -16,15% | -30,77% | -52,32%",,28ddías,955.148,978.919 | 1.003.444 | 1.029.602 | 1.139.097 | 1.379.626 | 2.003.271,Defensa
Noubi,Deportivo,+241.326 | +498.390 | +792.892 | +1.482.962 | +1.508.048 | +2.050.619,"+2,59% | +5,50% | +9,04% | +18,35% | +18,72% | +27,30%",,10ddías,9.562.888,9.321.562 | 9.064.498 | 8.769.996 | 8.079.926 | 8.054.840 | 7.512.269,Defensa
Loureiro,Deportivo,-24.299 | -29.469 | -58.918 | -207.960 | -708.620 | -699.038,"-0,63% | -0,77% | -1,52% | -5,18% | -15,69% | -15,51%",,13ddías,3.808.323,3.832.622 | 3.837.792 | 3.867.241 | 4.016.283 | 4.516.943 | 4.507.361,Defensa
Rosier,Osasuna,-248.348 | -498.128 | -763.492 | -1.815.394 | -2.738.374 | -2.819.277,"-2,94% | -5,73% | -8,52% | -18,13% | -25,04% | -25,59%",,23ddías,8.198.718,8.447.066 | 8.696.846 | 8.962.210 | 10.014.112 | 10.937.092 | 11.017.995,Defensa
Enríquez,Málaga,-23.686 | -46.451 | -70.756 | -174.633 | -379.426 | -968.429,"-2,24% | -4,30% | -6,40% | -14,44% | -26,83% | -48,34%",,28ddías,1.034.842,1.058.528 | 1.081.293 | 1.105.598 | 1.209.475 | 1.414.268 | 2.003.271,Mediocampista
Serrano,Athletic,-36.620 | -74.477 | -114.005 | -274.703 | -614.178 | -1.558.059,"-2,85% | -5,64% | -8,38% | -18,06% | -33,01% | -55,55%",,29ddías,1.246.520,1.283.140 | 1.320.997 | 1.360.525 | 1.521.223 | 1.860.698 | 2.804.579,Delantero
Iván Villar,Celta,-26.624 | -52.852 | -79.034 | -198.698 | -497.530 | -1.256.640,"-2,09% | -4,06% | -5,96% | -13,74% | -28,51% | -50,18%",,28ddías,1.247.449,1.274.073 | 1.300.301 | 1.326.483 | 1.446.147 | 1.744.979 | 2.504.089,Portero
Boyé,Alavés,-33.843 | -159.418 | -302.984 | -1.051.699 | -2.827.329 | -5.235.080,"-0,23% | -1,07% | -2,01% | -6,64% | -16,04% | -26,13%",,24ddías,14.797.639,14.831.482 | 14.957.057 | 15.100.623 | 15.849.338 | 17.624.968 | 20.032.719,Delantero
Eric Garcia,Barcelona,-866.724 | -2.135.143 | -4.018.542 | -6.057.160 | -6.057.160 | -5.925.451,"-1,60% | -3,86% | -7,03% | -10,23% | -10,23% | -10,03%",,4ddías,53.171.072,54.037.796 | 55.306.215 | 57.189.614 | 59.228.232 | 59.228.232 | 59.096.523,Defensa
Herrera,Real Sociedad,-59.998 | -131.655 | -190.708 | -496.071 | -1.156.682 | -2.473.192,"-1,67% | -3,59% | -5,12% | -12,30% | -24,65% | -41,15%",,25ddías,3.536.623,3.596.621 | 3.668.278 | 3.727.331 | 4.032.694 | 4.693.305 | 6.009.815,Mediocampista
Mayoral,Getafe,-33.123 | -67.020 | -102.895 | -281.378 | -636.230 | -1.475.333,"-1,01% | -2,03% | -3,09% | -8,01% | -16,45% | -31,34%",,28ddías,3.232.355,3.265.478 | 3.299.375 | 3.335.250 | 3.513.733 | 3.868.585 | 4.707.688,Delantero
Carmona,Sevilla,-41.111 | -92.872 | -160.940 | -402.258 | -914.646 | -1.241.703,"-0,85% | -1,91% | -3,27% | -7,78% | -16,10% | -20,66%",,23ddías,4.768.112,4.809.223 | 4.860.984 | 4.929.052 | 5.170.370 | 5.682.758 | 6.009.815,Defensa
Aleñá,Alavés,-54.871 | -109.024 | -166.266 | -474.523 | -1.108.579 | -2.635.097,"-1,24% | -2,43% | -3,66% | -9,78% | -20,21% | -37,58%",,28ddías,4.376.354,4.431.225 | 4.485.378 | 4.542.620 | 4.850.877 | 5.484.933 | 7.011.451,Mediocampista
Domínguez,Celta,-14.680 | -32.752 | -52.529 | -138.461 | -319.966 | -808.989,"-1,82% | -3,96% | -6,21% | -14,85% | -28,73% | -50,48%",,28ddías,793.627,808.307 | 826.379 | 846.156 | 932.088 | 1.113.593 | 1.602.616,Defensa
Swedberg,Celta,-88.011 | -134.492 | -258.548 | -777.362 | -2.056.422 | -3.512.565,"-0,97% | -1,47% | -2,79% | -7,94% | -18,59% | -28,05%",,25ddías,9.007.884,9.095.895 | 9.142.376 | 9.266.432 | 9.785.246 | 11.064.306 | 12.520.449,Mediocampista
Aspas,Celta,-134.689 | -254.597 | -394.021 | -918.574 | -2.036.429 | -2.164.865,"-1,55% | -2,89% | -4,40% | -9,70% | -19,23% | -20,20%",,22ddías,8.552.639,8.687.328 | 8.807.236 | 8.946.660 | 9.471.213 | 10.589.068 | 10.717.504,Delantero
S. Cardona,Villarreal,-40.005 | -76.572 | -99.145 | -262.641 | -545.259 | -564.790,"-0,79% | -1,50% | -1,93% | -4,95% | -9,75% | -10,07%",,21ddías,5.044.370,5.084.375 | 5.120.942 | 5.143.515 | 5.307.011 | 5.589.629 | 5.609.160,Defensa
Carles Pérez,Celta,-50.523 | -100.694 | -152.251 | +78.249 | +78.249 | +78.249,"-2,88% | -5,58% | -8,21% | 0% | 0% | 0%",,5ddías,1.702.315,1.752.838 | 1.803.009 | 1.854.566 | 0 | 0 | 0,Delantero
U. Núñez,Celta,-99.611 | -195.586 | -295.040 | -759.517 | -927.577 | -916.642,"-2,38% | -4,56% | -6,73% | -15,66% | -18,48% | -18,30%",,8ddías,4.091.537,4.191.148 | 4.287.123 | 4.386.577 | 4.851.054 | 5.019.114 | 5.008.179,Defensa
Starfelt,Celta,+306.718 | +489.083 | +733.136 | +766.242 | +397.788 | +1.036.825,"+2,85% | +4,63% | +7,10% | +7,45% | +3,73% | +10,35%",,5ddías,11.053.184,10.746.466 | 10.564.101 | 10.320.048 | 10.286.942 | 10.655.396 | 10.016.359,Defensa
Navarro,Athletic,-24.026 | -50.694 | -74.267 | -193.043 | -458.561 | -1.153.399,"-1,10% | -2,30% | -3,34% | -8,23% | -17,57% | -34,89%",,28ddías,2.151.999,2.176.025 | 2.202.693 | 2.226.266 | 2.345.042 | 2.610.560 | 3.305.398,Mediocampista
Ruibal,Betis,-106.747 | -213.108 | -325.223 | -811.966 | -1.830.415 | -3.617.029,"-3,05% | -5,91% | -8,74% | -19,30% | -35,03% | -51,59%",,28ddías,3.394.422,3.501.169 | 3.607.530 | 3.719.645 | 4.206.388 | 5.224.837 | 7.011.451,Delantero
Isco,Betis,-1.111.336 | -2.689.514 | -4.556.220 | -12.962.583 | +52.543.676 | +52.543.676,"-1,72% | -4,07% | -6,70% | -16,97% | 0% | 0%",,12ddías,63.436.187,64.547.523 | 66.125.701 | 67.992.407 | 76.398.770 | 0 | 0,Mediocampista
Marc Roca,Betis,+31.725 | +39.121 | +25.643 | -22.095 | -387.499 | -1.526.018,"+0,69% | +0,85% | +0,56% | -0,47% | -7,72% | -24,77%",,2ddías,4.634.077,4.602.352 | 4.594.956 | 4.608.434 | 4.656.172 | 5.021.576 | 6.160.095,Mediocampista
Bartra,Betis,+335.289 | +695.543 | +1.028.615 | +2.061.884 | +4.258.644 | +5.257.747,"+1,34% | +2,83% | +4,24% | +8,88% | +20,25% | +26,25%",,22ddías,25.290.466,24.955.177 | 24.594.923 | 24.261.851 | 23.228.582 | 21.031.822 | 20.032.719,Defensa
Miguel Ángel RubioMiguel Rubio,Espanyol,-14.281 | -28.869 | -45.017 | -114.854 | -261.023 | -691.889,"-1,97% | -3,91% | -5,96% | -13,92% | -26,87% | -49,34%",,28ddías,710.401,724.682 | 739.270 | 755.418 | 825.255 | 971.424 | 1.402.290,Defensa
Javi Muñoz,Getafe,-17.971 | -36.402 | -56.553 | -144.145 | -326.434 | -803.659,"-2,20% | -4,36% | -6,61% | -15,28% | -29,01% | -50,15%",,28ddías,798.957,816.928 | 835.359 | 855.510 | 943.102 | 1.125.391 | 1.602.616,Mediocampista
Iglesias,Celta,-160.262 | -152.326 | -51.273 | +1.368.991 | +6.199.493 | +13.914.232,"-0,49% | -0,47% | -0,16% | +4,42% | +23,74% | 0%",,1ddías,32.310.781,32.471.043 | 32.463.107 | 32.362.054 | 30.941.790 | 26.111.288 | 0,Delantero
Budimir,Osasuna,-349.429 | -757.047 | -1.280.153 | -4.307.006 | -11.778.173 | +9.497.029,"-0,72% | -1,55% | -2,59% | -8,20% | -19,63% | 0%",,14ddías,48.221.827,48.571.256 | 48.978.874 | 49.501.980 | 52.528.833 | 60.000.000 | 0,Delantero
Nteka,Rayo,-35.219 | -71.678 | -109.377 | -272.919 | -615.952 | -1.410.707,"-2,16% | -4,30% | -6,42% | -14,62% | -27,87% | -46,95%",,28ddías,1.594.200,1.629.419 | 1.665.878 | 1.703.577 | 1.867.119 | 2.210.152 | 3.004.907,Delantero
Isi,Rayo,-467.953 | -889.476 | -1.360.762 | -3.294.175 | -1.887.353 | +3.466.688,"-2,47% | -4,59% | -6,85% | -15,12% | -9,26% | +23,07%",,9ddías,18.491.227,18.959.180 | 19.380.703 | 19.851.989 | 21.785.402 | 20.378.580 | 15.024.539,Delantero
Pep Chavarría,Rayo,+295.941 | +690.522 | +1.111.318 | +2.275.909 | +4.855.792 | +7.627.172,"+1,53% | +3,64% | +6,00% | +13,10% | +32,83% | +63,46%",,27ddías,19.646.803,19.350.862 | 18.956.281 | 18.535.485 | 17.370.894 | 14.791.011 | 12.019.631,Defensa
Ratiu,Rayo,-457.930 | -875.017 | -1.525.241 | -4.782.432 | -11.836.354 | -21.220.331,"-1,19% | -2,24% | -3,84% | -11,14% | -23,67% | 0%",,14ddías,38.163.646,38.621.576 | 39.038.663 | 39.688.887 | 42.946.078 | 50.000.000 | 0,Defensa
Iker Muñoz,Osasuna,-31.225 | -66.884 | -102.188 | -277.025 | -664.407 | -1.619.230,"-1,93% | -4,05% | -6,05% | -14,87% | -29,52% | -50,52%",,28ddías,1.586.004,1.617.229 | 1.652.888 | 1.688.192 | 1.863.029 | 2.250.411 | 3.205.234,Mediocampista
Herrando,Osasuna,-52.818 | -107.105 | -158.676 | -406.802 | -947.023 | -2.330.824,"-2,37% | -4,69% | -6,79% | -15,75% | -30,32% | -51,71%",,28ddías,2.176.537,2.229.355 | 2.283.642 | 2.335.213 | 2.583.339 | 3.123.560 | 4.507.361,Defensa
Catena,Osasuna,-670.275 | -1.233.521 | -1.670.638 | -1.387.204 | +3.099.418 | +8.878.363,"-1,69% | -3,07% | -4,12% | -3,44% | +8,65% | +29,55%",,4ddías,38.927.442,39.597.717 | 40.160.963 | 40.598.080 | 40.314.646 | 35.828.024 | 30.049.079,Defensa
Ibáñez,Alavés,-31.277 | -69.127 | -119.804 | -366.094 | -987.629 | -2.580.100,"-0,90% | -1,98% | -3,38% | -9,64% | -22,36% | -42,93%",,28ddías,3.429.715,3.460.992 | 3.498.842 | 3.549.519 | 3.795.809 | 4.417.344 | 6.009.815,Mediocampista
Moi Gómez,Osasuna,-59.610 | -117.172 | -178.049 | -428.538 | -962.048 | -2.282.272,"-2,30% | -4,43% | -6,57% | -14,48% | -27,55% | -47,42%",,28ddías,2.530.302,2.589.912 | 2.647.474 | 2.708.351 | 2.958.840 | 3.492.350 | 4.812.574,Mediocampista
Moleiro,Villarreal,-142.321 | -450.692 | -803.944 | -3.775.726 | -39.089.411 | -39.089.411,"-0,25% | -0,78% | -1,39% | -6,22% | 0% | 0%",,13ddías,56.971.057,57.113.378 | 57.421.749 | 57.775.001 | 60.746.783 | 0 | 0,Mediocampista
Rubén GarcíaRubén G.,Osasuna,-124.554 | -234.934 | -394.034 | -1.051.913 | -2.134.215 | -4.343.422,"-0,90% | -1,69% | -2,80% | -7,14% | -13,49% | -24,09%",,25ddías,13.686.025,13.810.579 | 13.920.959 | 14.080.059 | 14.737.938 | 15.820.240 | 18.029.447,Mediocampista
Aitor,Osasuna,-8.817 | -17.713 | -27.932 | -71.480 | -159.926 | -422.368,"-1,50% | -2,97% | -4,60% | -10,98% | -21,64% | -42,17%",,28ddías,579.268,588.085 | 596.981 | 607.200 | 650.748 | 739.194 | 1.001.636,Portero
Areso,Athletic,+1.098 | -9.450 | -29.534 | -174.059 | -502.572 | -1.332.935,"+0,05% | -0,40% | -1,23% | -6,83% | -17,48% | -35,97%",,1ddías,2.373.117,2.372.019 | 2.382.567 | 2.402.651 | 2.547.176 | 2.875.689 | 3.706.052,Defensa
Oroz,Osasuna,-44.441 | -130.881 | -417.327 | -1.875.568 | -3.089.548 | -4.920.865,"-0,29% | -0,86% | -2,69% | -11,04% | -16,97% | -24,56%",,25ddías,15.111.854,15.156.295 | 15.242.735 | 15.529.181 | 16.987.422 | 18.201.402 | 20.032.719,Mediocampista
Moncayola,Osasuna,+116.260 | +194.229 | +250.823 | +230.151 | +35.704 | -244.723,"+2,06% | +3,49% | +4,55% | +4,16% | +0,62% | -4,07%",,3ddías,5.765.092,5.648.832 | 5.570.863 | 5.514.269 | 5.534.941 | 5.729.388 | 6.009.815,Mediocampista
Torró,Osasuna,-38.006 | -69.507 | -107.415 | -271.548 | -624.820 | -1.442.914,"-1,36% | -2,45% | -3,74% | -8,95% | -18,44% | -34,30%",,24ddías,2.763.956,2.801.962 | 2.833.463 | 2.871.371 | 3.035.504 | 3.388.776 | 4.206.870,Mediocampista
Herrera,Osasuna,+920.655 | +1.899.928 | +2.899.987 | +6.329.056 | +10.665.352 | +17.359.726,"+2,84% | +6,03% | +9,51% | +23,39% | +46,94% | +108,32%",,26ddías,33.385.901,32.465.246 | 31.485.973 | 30.485.914 | 27.056.845 | 22.720.549 | 16.026.175,Portero
Copete,Valencia,-93.122 | -189.793 | -290.387 | -720.179 | -1.595.246 | -3.153.619,"-3,16% | -6,23% | -9,23% | -20,14% | -35,84% | -52,47%",,28ddías,2.856.196,2.949.318 | 3.045.989 | 3.146.583 | 3.576.375 | 4.451.442 | 6.009.815,Defensa
Valles,Betis,+974.912 | +1.859.432 | +2.846.781 | +5.571.452 | +8.702.968 | +13.003.250,"+4,42% | +8,79% | +14,11% | +31,93% | +60,79% | +129,82%",,27ddías,23.019.609,22.044.697 | 21.160.177 | 20.172.828 | 17.448.157 | 14.316.641 | 10.016.359,Portero
Ayoze,Villarreal,-84.215 | -162.301 | -288.908 | -920.722 | -1.883.535 | -3.401.945,"-0,50% | -0,97% | -1,71% | -5,25% | -10,17% | -16,98%",,28ddías,16.630.774,16.714.989 | 16.793.075 | 16.919.682 | 17.551.496 | 18.514.309 | 20.032.719,Delantero
Abde,Betis,-1.685.745 | -3.355.057 | -5.154.260 | -13.488.212 | -70.481.307 | -70.481.307,"-2,67% | -5,18% | -7,74% | -18,01% | 0% | 0%",,12ddías,61.400.810,63.086.555 | 64.755.867 | 66.555.070 | 74.889.022 | 0 | 0,Delantero
Unai López,Rayo,-23.653 | -52.420 | -92.697 | -143.948 | -171.697 | -1.025.159,"-0,39% | -0,87% | -1,52% | -2,35% | -2,79% | -14,62%",,4ddías,5.986.292,6.009.945 | 6.038.712 | 6.078.989 | 6.130.240 | 6.157.989 | 7.011.451,Mediocampista
Unai Simón,Athletic,+1.513.917 | +3.223.510 | +4.605.951 | +11.116.777 | +22.578.114 | +35.834.015,"+2,79% | +6,12% | +8,99% | +24,84% | +67,83% | +178,88%",,26ddías,55.866.734,54.352.817 | 52.643.224 | 51.260.783 | 44.749.957 | 33.288.620 | 20.032.719,Portero
Guruzeta,Athletic,+84.275 | +94.428 | +86.446 | -106.080 | -678.658 | -1.347.211,"+0,72% | +0,81% | +0,74% | -0,89% | -5,45% | -10,27%",,2ddías,11.774.220,11.689.945 | 11.679.792 | 11.687.774 | 11.880.300 | 12.452.878 | 13.121.431,Delantero
N. Williams,Athletic,+624.083 | +1.380.026 | +2.220.680 | +7.398.461 | +10.375.960 | +33.622.245,"+0,83% | +1,87% | +3,04% | +10,88% | +15,96% | 0%",,12ddías,75.375.960,74.751.877 | 73.995.934 | 73.155.280 | 67.977.499 | 65.000.000 | 0,Delantero
I. Williams,Athletic,+345.978 | +666.331 | +1.084.477 | +3.062.605 | +5.845.189 | +7.878.327,"+1,18% | +2,29% | +3,79% | +11,49% | +24,49% | +36,08%",,26ddías,29.713.991,29.368.013 | 29.047.660 | 28.629.514 | 26.651.386 | 23.868.802 | 21.835.664,Delantero
Sancet,Athletic,+948.552 | +1.917.161 | +2.949.166 | +7.310.300 | +13.928.597 | +20.680.657,"+2,01% | +4,14% | +6,51% | +17,87% | +40,61% | +75,08%",,26ddías,48.225.646,47.277.094 | 46.308.485 | 45.276.480 | 40.915.346 | 34.297.049 | 27.544.989,Mediocampista
Berenguer,Athletic,-113.617 | -240.962 | -361.416 | -891.167 | -1.614.852 | +893.353,"-1,10% | -2,31% | -3,42% | -8,03% | -13,66% | +9,59%",,19ddías,10.208.567,10.322.184 | 10.449.529 | 10.569.983 | 11.099.734 | 11.823.419 | 9.315.214,Delantero
Yeray,Athletic,-7.003 | -23.473 | -38.773 | -316.371 | -948.163 | -937.728,"-0,18% | -0,59% | -0,97% | -7,38% | -19,27% | -19,10%",,13ddías,3.971.098,3.978.101 | 3.994.571 | 4.009.871 | 4.287.469 | 4.919.261 | 4.908.826,Defensa
Paredes,Athletic,+345 | -6.863 | -12.280 | -279.683 | -909.655 | -2.005.878,"+0,01% | -0,16% | -0,29% | -6,24% | -17,79% | -32,30%",,1ddías,4.204.264,4.203.919 | 4.211.127 | 4.216.544 | 4.483.947 | 5.113.919 | 6.210.142,Defensa
Vivian,Athletic,-431.862 | -862.593 | -1.299.288 | -3.104.524 | -6.849.749 | -4.672.688,"-2,73% | -5,32% | -7,80% | -16,81% | -30,84% | -23,33%",,17ddías,15.360.031,15.791.893 | 16.222.624 | 16.659.319 | 18.464.555 | 22.209.780 | 20.032.719,Defensa
Pubill,Atlético,+506.554 | +1.336.919 | +2.323.808 | +7.650.117 | +17.913.236 | +33.576.771,"+0,69% | +1,85% | +3,26% | +11,59% | +32,14% | +83,80%",,27ddías,73.642.210,73.135.656 | 72.305.291 | 71.318.402 | 65.992.093 | 55.728.974 | 40.065.439,Defensa
R. de Galarreta,Athletic,+72.371 | +90.525 | +109.392 | -206.576 | -929.625 | +2.204.135,"+0,70% | +0,88% | +1,06% | -1,94% | -8,19% | +26,84%",,3ddías,10.417.549,10.345.178 | 10.327.024 | 10.308.157 | 10.624.125 | 11.347.174 | 8.213.414,Mediocampista
Rebbach,Alavés,-88.712 | -180.047 | -275.249 | -655.497 | -1.655.287 | -3.250.374,"-1,83% | -3,64% | -5,46% | -12,10% | -25,79% | -40,56%",,26ddías,4.762.713,4.851.425 | 4.942.760 | 5.037.962 | 5.418.210 | 6.418.000 | 8.013.087,Delantero
Kike García,Espanyol,-122.657 | -236.190 | -355.369 | -909.175 | -1.946.209 | -3.760.742,"-2,28% | -4,30% | -6,34% | -14,75% | -27,03% | -41,72%",,26ddías,5.253.981,5.376.638 | 5.490.171 | 5.609.350 | 6.163.156 | 7.200.190 | 9.014.723,Delantero
Tenaglia,Alavés,-83.135 | -187.017 | -311.059 | -794.472 | -1.871.605 | -3.261.957,"-0,56% | -1,25% | -2,06% | -5,11% | -11,25% | -18,09%",,28ddías,14.767.490,14.850.625 | 14.954.507 | 15.078.549 | 15.561.962 | 16.639.095 | 18.029.447,Defensa
Rioja,Valencia,-204.290 | -387.712 | -610.094 | -1.655.244 | -3.737.797 | -7.014.762,"-1,12% | -2,11% | -3,27% | -8,41% | -17,17% | -28,01%",,28ddías,18.026.137,18.230.427 | 18.413.849 | 18.636.231 | 19.681.381 | 21.763.934 | 25.040.899,Mediocampista
Blanco,Alavés,-179.570 | -350.353 | -510.787 | -1.473.274 | -3.433.855 | +14.395.780,"-1,09% | -2,11% | -3,05% | -8,32% | -17,46% | 0%",,20ddías,16.228.899,16.408.469 | 16.579.252 | 16.739.686 | 17.702.173 | 19.662.754 | 0,Mediocampista
Guevara,Alavés,-37.331 | -73.700 | -108.685 | -277.587 | -632.199 | -1.547.624,"-2,50% | -4,81% | -6,94% | -16,00% | -30,26% | -51,50%",,28ddías,1.457.283,1.494.614 | 1.530.983 | 1.565.968 | 1.734.870 | 2.089.482 | 3.004.907,Mediocampista
Abqar,Getafe,+140.472 | +262.260 | +340.953 | +449.368 | +29.086 | -751.877,"+2,74% | +5,25% | +6,93% | +9,35% | +0,56% | -12,51%",,7ddías,5.257.938,5.117.466 | 4.995.678 | 4.916.985 | 4.808.570 | 5.228.852 | 6.009.815,Defensa
Gorosabel,Athletic,-95.999 | -194.110 | -294.577 | -704.062 | -1.427.828 | -3.214.557,"-2,92% | -5,73% | -8,44% | -18,05% | -30,88% | -50,15%",,28ddías,3.195.912,3.291.911 | 3.390.022 | 3.490.489 | 3.899.974 | 4.623.740 | 6.410.469,Defensa
Raba,Valencia,-53.444 | -110.182 | -166.981 | -410.575 | -892.015 | -2.187.503,"-2,43% | -4,89% | -7,23% | -16,07% | -29,38% | -50,50%",,28ddías,2.143.814,2.197.258 | 2.253.996 | 2.310.795 | 2.554.389 | 3.035.829 | 4.331.317,Delantero
Yuri,Athletic,-221.048 | -423.284 | -631.695 | -1.564.897 | -3.830.656 | -3.792.328,"-1,53% | -2,89% | -4,25% | -9,90% | -21,20% | -21,03%",,13ddías,14.237.119,14.458.167 | 14.660.403 | 14.868.814 | 15.802.016 | 18.067.775 | 18.029.447,Defensa
Bellerín,Betis,+289.267 | +525.025 | +699.518 | +811.368 | +332.965 | +932.773,"+2,71% | +5,04% | +6,82% | +8,00% | +3,14% | +9,31%",,5ddías,10.949.132,10.659.865 | 10.424.107 | 10.249.614 | 10.137.764 | 10.616.167 | 10.016.359,Defensa
Ferran,Barcelona,+1.624.819 | +3.338.437 | +5.369.321 | +11.938.891 | +17.786.042 | +10.431.340,"+2,36% | +4,97% | +8,24% | +20,38% | +33,72% | +17,36%",,12ddías,70.529.499,68.904.680 | 67.191.062 | 65.160.178 | 58.590.608 | 52.743.457 | 60.098.159,Delantero
Fermín,Barcelona,-700.131 | -1.222.931 | -1.820.130 | -6.065.122 | -17.564.504 | -31.977.358,"-1,10% | -1,90% | -2,80% | -8,76% | -21,75% | -33,61%",,28ddías,63.178.061,63.878.192 | 64.400.992 | 64.998.191 | 69.243.183 | 80.742.565 | 95.155.419,Mediocampista
Cubarsí,Barcelona,-1.703.821 | -3.042.724 | -4.271.736 | -3.496.508 | +9.825.443 | +34.207.083,"-1,77% | -3,13% | -4,33% | -3,58% | +11,63% | +56,92%",,4ddías,94.305.242,96.009.063 | 97.347.966 | 98.576.978 | 97.801.750 | 84.479.799 | 60.098.159,Defensa
Casadó,Barcelona,-26.644 | -39.820 | -56.075 | -156.075 | -351.779 | -940.694,"-1,29% | -1,91% | -2,67% | -7,10% | -14,69% | -31,53%",,28ddías,2.043.102,2.069.746 | 2.082.922 | 2.099.177 | 2.199.177 | 2.394.881 | 2.983.796,Mediocampista
Yamal,Barcelona,-374.056 | -839.718 | -1.922.497 | -8.944.025 | +58.853.225 | +58.853.225,"-0,29% | -0,65% | -1,47% | -6,48% | 0% | 0%",,10ddías,129.149.408,129.523.464 | 129.989.126 | 131.071.905 | 138.093.433 | 0 | 0,Delantero
Koundé,Barcelona,-841.493 | -1.608.865 | -2.110.348 | -1.543.374 | +3.244.532 | +15.578.193,"-1,63% | -3,08% | -4,00% | -2,96% | +6,85% | +44,44%",,4ddías,50.635.452,51.476.945 | 52.244.317 | 52.745.800 | 52.178.826 | 47.390.920 | 35.057.259,Defensa
F. de Jong,Barcelona,-1.070.848 | -2.223.396 | -3.645.247 | -5.185.543 | -5.185.543 | -5.086.204,"-2,64% | -5,33% | -8,45% | -11,61% | -11,61% | -11,41%",,4ddías,39.486.597,40.557.445 | 41.709.993 | 43.131.844 | 44.672.140 | 44.672.140 | 44.572.801,Mediocampista
Raphinha,Barcelona,-524.200 | -1.098.200 | -1.822.791 | -7.387.694 | -19.830.728 | -29.429.562,"-0,73% | -1,51% | -2,48% | -9,36% | -21,70% | -29,15%",,20ddías,71.535.346,72.059.546 | 72.633.546 | 73.358.137 | 78.923.040 | 91.366.074 | 100.964.908,Delantero
Pedri,Barcelona,-838.967 | -1.780.778 | -2.743.497 | -7.569.856 | -82.399.492 | -82.399.492,"-0,87% | -1,82% | -2,77% | -7,30% | 0% | 0%",,11ddías,96.138.100,96.977.067 | 97.918.878 | 98.881.597 | 103.707.956 | 0 | 0,Mediocampista
Gavi,Barcelona,+526.949 | +982.498 | +1.462.882 | +4.211.523 | +8.866.621 | +13.106.449,"+1,40% | +2,64% | +3,99% | +12,41% | +30,28% | +52,34%",,24ddías,38.147.348,37.620.399 | 37.164.850 | 36.684.466 | 33.935.825 | 29.280.727 | 25.040.899,Mediocampista
Prados,Athletic,-41.211 | -83.282 | -128.725 | -320.905 | -710.446 | -1.869.242,"-2,19% | -4,34% | -6,55% | -14,87% | -27,89% | -50,44%",,28ddías,1.836.810,1.878.021 | 1.920.092 | 1.965.535 | 2.157.715 | 2.547.256 | 3.706.052,Mediocampista
Araújo,Barcelona,-142.336 | -290.763 | -439.855 | -1.106.249 | -2.472.343 | -4.449.741,"-2,49% | -4,96% | -7,32% | -16,58% | -30,75% | -44,42%",,26ddías,5.566.618,5.708.954 | 5.857.381 | 6.006.473 | 6.672.867 | 8.038.961 | 10.016.359,Defensa
Balde,Barcelona,-190.349 | -631.644 | -1.133.649 | -1.873.893 | +2.505.993 | +7.462.609,"-0,71% | -2,31% | -4,07% | -6,56% | +10,36% | +38,80%",,6ddías,26.694.019,26.884.368 | 27.325.663 | 27.827.668 | 28.567.912 | 24.188.026 | 19.231.410,Defensa
Riquelme,Betis,-32.293 | -69.820 | -101.197 | -318.781 | -784.526 | -2.037.679,"-0,92% | -1,97% | -2,83% | -8,41% | -18,43% | -36,99%",,28ddías,3.471.318,3.503.611 | 3.541.138 | 3.572.515 | 3.790.099 | 4.255.844 | 5.508.997,Mediocampista
Barrios,Atlético,-1.219.387 | -1.908.061 | -1.901.356 | +450.348 | +6.513.999 | +12.465.644,"-2,27% | -3,50% | -3,49% | +0,86% | +14,16% | +31,11%",,2ddías,52.531.083,53.750.470 | 54.439.144 | 54.432.439 | 52.080.735 | 46.017.084 | 40.065.439,Mediocampista
Molina,Atlético,-60.512 | -107.309 | -151.638 | -420.960 | -870.176 | -1.023.274,"-1,27% | -2,24% | -3,13% | -8,24% | -15,66% | -17,92%",,23ddías,4.686.050,4.746.562 | 4.793.359 | 4.837.688 | 5.107.010 | 5.556.226 | 5.709.324,Defensa
M. Llorente,Atlético,-1.114.949 | -2.148.888 | -3.216.109 | -6.601.473 | -4.248.138 | +10.558.621,"-1,81% | -3,42% | -5,04% | -9,82% | -6,55% | +21,08%",,8ddías,60.640.420,61.755.369 | 62.789.308 | 63.856.529 | 67.241.893 | 64.888.558 | 50.081.799,Defensa
Oblak,Atlético,+610.961 | +1.090.311 | +1.642.561 | +3.936.296 | +7.563.974 | +18.367.978,"+1,16% | +2,08% | +3,17% | +7,95% | +16,49% | +52,39%",,27ddías,53.425.237,52.814.276 | 52.334.926 | 51.782.676 | 49.488.941 | 45.861.263 | 35.057.259,Portero
Giménez,Atlético,-137.421 | -287.781 | -432.309 | -1.056.949 | -2.258.780 | -2.627.252,"-2,21% | -4,51% | -6,63% | -14,80% | -27,07% | -30,15%",,23ddías,6.086.980,6.224.401 | 6.374.761 | 6.519.289 | 7.143.929 | 8.345.760 | 8.714.232,Defensa
Egiluz,Athletic,-4.038 | -7.956 | -12.989 | -33.540 | -71.499 | -212.263,"-0,86% | -1,68% | -2,72% | -6,73% | -13,34% | -31,36%",,28ddías,464.568,468.606 | 472.524 | 477.557 | 498.108 | 536.067 | 676.831,Defensa
Cárdenas,Rayo,-13.318 | -25.311 | -39.078 | -104.466 | -253.964 | -671.435,"-1,79% | -3,35% | -5,08% | -12,51% | -25,79% | -47,88%",,28ddías,730.855,744.173 | 756.166 | 769.933 | 835.321 | 984.819 | 1.402.290,Portero
Íñigo Pérez,Villarreal,-23.094 | -34.502 | -52.727 | -108.097 | -382.433 | -379.960,"-1,08% | -1,60% | -2,42% | -4,84% | 0% | -15,17%",,4ddías,2.124.129,2.147.223 | 2.158.631 | 2.176.856 | 2.232.226 | 0 | 2.504.089,
Álvaro García,Rayo,+311.531 | +579.639 | +779.990 | +1.404.548 | +2.322.689 | +4.076.001,"+1,97% | +3,74% | +5,09% | +9,56% | +16,86% | +33,91%",,12ddías,16.095.632,15.784.101 | 15.515.993 | 15.315.642 | 14.691.084 | 13.772.943 | 12.019.631,Mediocampista
Gerard,Villarreal,-304.680 | -600.671 | -968.870 | -2.368.230 | -5.557.892 | -10.141.146,"-1,01% | -1,97% | -3,14% | -7,33% | -15,66% | -25,31%",,28ddías,29.924.293,30.228.973 | 30.524.964 | 30.893.163 | 32.292.523 | 35.482.185 | 40.065.439,Delantero
Raúl García,Osasuna,-56.616 | -106.264 | -162.575 | -425.276 | -955.623 | -2.315.050,"-2,31% | -4,25% | -6,36% | -15,09% | -28,54% | -49,18%",,28ddías,2.392.638,2.449.254 | 2.498.902 | 2.555.213 | 2.817.914 | 3.348.261 | 4.707.688,Delantero
Altimira,Deportivo,-67.527 | -137.584 | -206.767 | -636.234 | -1.132.514 | -1.480.975,"-1,21% | -2,43% | -3,60% | -10,32% | -17,00% | -21,12%",,22ddías,5.530.476,5.598.003 | 5.668.060 | 5.737.243 | 6.166.710 | 6.662.990 | 7.011.451,Defensa
Akhomach,Villarreal,-174.463 | -329.848 | -497.718 | -1.219.688 | -1.219.688 | -1.202.654,"-2,50% | -4,62% | -6,81% | -15,19% | -15,19% | -15,01%",,6ddías,6.810.433,6.984.896 | 7.140.281 | 7.308.151 | 8.030.121 | 8.030.121 | 8.013.087,Delantero
Denis Suárez,Alavés,-68.949 | -143.072 | -216.072 | -551.495 | -1.260.734 | -2.933.380,"-2,19% | -4,44% | -6,56% | -15,20% | -29,07% | -48,81%",,28ddías,3.076.435,3.145.384 | 3.219.507 | 3.292.507 | 3.627.930 | 4.337.169 | 6.009.815,Mediocampista
Femenia,Getafe,-33.833 | -71.572 | -109.724 | -345.046 | -963.800 | -2.312.726,"-0,91% | -1,90% | -2,88% | -8,54% | -20,68% | -38,48%",,28ddías,3.697.089,3.730.922 | 3.768.661 | 3.806.813 | 4.042.135 | 4.660.889 | 6.009.815,Defensa
Baena,Atlético,-1.416.289 | -2.665.654 | -3.557.530 | -1.176.877 | +9.366.185 | +22.624.385,"-2,05% | -3,79% | -4,99% | -1,71% | +16,06% | +50,19%",,4ddías,67.698.004,69.114.293 | 70.363.658 | 71.255.534 | 68.874.881 | 58.331.819 | 45.073.619,Mediocampista
Sörloth,Atlético,-315.703 | -573.225 | -907.463 | -2.667.545 | -5.973.867 | -12.201.137,"-1,12% | -2,02% | -3,15% | -8,74% | -17,65% | -30,45%",,28ddías,27.864.302,28.180.005 | 28.437.527 | 28.771.765 | 30.531.847 | 33.838.169 | 40.065.439,Delantero
Foyth,Villarreal,-241.221 | -312.100 | -710.498 | -1.148.732 | -1.148.732 | -1.121.392,"-2,07% | -2,66% | -5,87% | -9,15% | -9,15% | -8,96%",,4ddías,11.399.057,11.640.278 | 11.711.157 | 12.109.555 | 12.547.789 | 12.547.789 | 12.520.449,Defensa
Comesaña,Villarreal,+50.305 | -48.456 | -498.880 | -3.196.382 | -5.582.942 | -9.337.452,"+0,19% | -0,18% | -1,81% | -10,58% | -17,12% | -25,68%",,1ddías,27.021.934,26.971.629 | 27.070.390 | 27.520.814 | 30.218.316 | 32.604.876 | 36.359.386,Mediocampista
F. Carreras,Real Madrid,-404.785 | -808.500 | -1.205.776 | -3.095.534 | -6.478.050 | -13.168.427,"-2,38% | -4,65% | -6,78% | -15,73% | -28,09% | -44,27%",,28ddías,16.580.162,16.984.947 | 17.388.662 | 17.785.938 | 19.675.696 | 23.058.212 | 29.748.589,Defensa
Tárrega,Valencia,-20.862 | -79.736 | -133.450 | -503.332 | -1.538.533 | -3.288.965,"-0,23% | -0,86% | -1,42% | -5,17% | -14,29% | -26,27%",,28ddías,9.231.484,9.252.346 | 9.311.220 | 9.364.934 | 9.734.816 | 10.770.017 | 12.520.449,Defensa
Fran Pérez,Rayo,-23.707 | -47.367 | -73.324 | -183.213 | -409.016 | -993.006,"-2,29% | -4,48% | -6,77% | -15,35% | -28,82% | -49,57%",,28ddías,1.010.265,1.033.972 | 1.057.632 | 1.083.589 | 1.193.478 | 1.419.281 | 2.003.271,Mediocampista
Jesús Vázquez,Valencia,-52.931 | -105.466 | -156.534 | -384.630 | -872.468 | -2.147.501,"-2,51% | -4,87% | -7,06% | -15,74% | -29,76% | -51,05%",,28ddías,2.059.369,2.112.300 | 2.164.835 | 2.215.903 | 2.443.999 | 2.931.837 | 4.206.870,Defensa
Foulquier,Valencia,-64.277 | -122.431 | -185.117 | -510.213 | -510.213 | -502.121,"-1,97% | -3,68% | -5,46% | -13,74% | -13,74% | -13,55%",,6ddías,3.203.931,3.268.208 | 3.326.362 | 3.389.048 | 3.714.144 | 3.714.144 | 3.706.052,Defensa
Pepelu,Valencia,-77.411 | -153.114 | -247.537 | -781.373 | -1.606.876 | -1.837.705,"-0,94% | -1,84% | -2,94% | -8,72% | -16,42% | -18,35%",,23ddías,8.178.654,8.256.065 | 8.331.768 | 8.426.191 | 8.960.027 | 9.785.530 | 10.016.359,Mediocampista
Diego López,Valencia,-94.642 | -194.811 | -293.501 | -722.923 | -1.607.513 | -2.904.614,"-2,96% | -5,90% | -8,64% | -18,88% | -34,11% | -48,33%",,28ddías,3.105.201,3.199.843 | 3.300.012 | 3.398.702 | 3.828.124 | 4.712.714 | 6.009.815,Delantero
Gayà,Valencia,-159.317 | -276.257 | -430.693 | -1.178.031 | -2.752.741 | -5.626.184,"-1,27% | -2,18% | -3,36% | -8,67% | -18,16% | -31,21%",,28ddías,12.403.263,12.562.580 | 12.679.520 | 12.833.956 | 13.581.294 | 15.156.004 | 18.029.447,Defensa
Rivero,Valencia,-9.298 | -18.695 | -29.436 | -75.298 | -140.129 | -410.823,"-1,55% | -3,07% | -4,75% | -11,30% | -19,17% | -41,02%",,11ddías,590.813,600.111 | 609.508 | 620.249 | 666.111 | 730.942 | 1.001.636,Portero
Kike Salas,Sevilla,-73.757 | -161.168 | -285.390 | -935.698 | -2.058.590 | -4.033.049,"-0,61% | -1,33% | -2,32% | -7,24% | -14,65% | -25,17%",,26ddías,11.993.126,12.066.883 | 12.154.294 | 12.278.516 | 12.928.824 | 14.051.716 | 16.026.175,Defensa
Giuliano,Atlético,-914.631 | -1.660.353 | -2.053.306 | -603.729 | +5.450.030 | +19.316.504,"-1,70% | -3,04% | -3,73% | -1,13% | +11,46% | +57,30%",,4ddías,53.026.408,53.941.039 | 54.686.761 | 55.079.714 | 53.630.137 | 47.576.378 | 33.709.904,Delantero
Duro,Valencia,-75.301 | -163.279 | -223.078 | -691.692 | -1.577.736 | -2.642.532,"-0,80% | -1,71% | -2,32% | -6,87% | -14,40% | -21,99%",,23ddías,9.377.099,9.452.400 | 9.540.378 | 9.600.177 | 10.068.791 | 10.954.835 | 12.019.631,Delantero
Juanmi,Getafe,-15.329 | -31.008 | -48.292 | -123.170 | -261.003 | -709.255,"-2,04% | -4,05% | -6,16% | -14,34% | -26,19% | -49,09%",,28ddías,735.544,750.873 | 766.552 | 783.836 | 858.714 | 996.547 | 1.444.799,Delantero
De Frutos,Rayo,+864.016 | +1.904.696 | +2.827.875 | +6.361.725 | +12.662.532 | +21.052.804,"+1,91% | +4,31% | +6,54% | +16,01% | +37,88% | +84,07%",,27ddías,46.093.703,45.229.687 | 44.189.007 | 43.265.828 | 39.731.978 | 33.431.171 | 25.040.899,Delantero
Romero,Sevilla,-33.600 | -75.666 | -141.187 | -452.439 | -1.145.927 | -1.845.587,"-0,54% | -1,21% | -2,24% | -6,83% | -15,67% | -23,03%",,24ddías,6.167.500,6.201.100 | 6.243.166 | 6.308.687 | 6.619.939 | 7.313.427 | 8.013.087,Delantero
Cardoso,Atlético,-230.383 | -451.658 | -701.700 | -1.731.147 | -3.818.789 | -7.088.885,"-2,82% | -5,39% | -8,12% | -17,91% | -32,49% | -47,18%",,25ddías,7.935.654,8.166.037 | 8.387.312 | 8.637.354 | 9.666.801 | 11.754.443 | 15.024.539,Mediocampista
Moriba,Celta,+258.597 | +469.120 | +640.652 | +1.008.259 | -166.888 | -2.400.241,"+2,76% | +5,13% | +7,14% | +11,71% | -1,71% | -19,97%",,7ddías,9.619.390,9.360.793 | 9.150.270 | 8.978.738 | 8.611.131 | 9.786.278 | 12.019.631,Mediocampista
Agoume,Sevilla,-27.674 | -72.547 | -88.915 | -292.491 | -748.540 | -701.361,"-0,47% | -1,23% | -1,51% | -4,79% | -11,41% | -10,77%",,23ddías,5.809.272,5.836.946 | 5.881.819 | 5.898.187 | 6.101.763 | 6.557.812 | 6.510.633,Mediocampista
Guedes,Real Sociedad,-874.348 | -1.863.167 | -2.929.898 | -8.014.703 | -11.043.481 | -11.043.481,"-1,79% | -3,74% | -5,76% | -14,32% | 0% | 0%",,13ddías,47.937.774,48.812.122 | 49.800.941 | 50.867.672 | 55.952.477 | 0 | 0,Delantero
Fort,Barcelona,-92.702 | -207.978 | -367.087 | -559.897 | -559.897 | -548.700,"-2,04% | -4,46% | -7,61% | -11,15% | -11,15% | -10,96%",,4ddías,4.459.479,4.552.181 | 4.667.457 | 4.826.566 | 5.019.376 | 5.019.376 | 5.008.179,Defensa
Fornals,Betis,-1.460.712 | -3.030.299 | -4.677.698 | -12.466.857 | -75.161.604 | -75.161.604,"-2,10% | -4,26% | -6,42% | -15,47% | 0% | 0%",,11ddías,68.127.696,69.588.408 | 71.157.995 | 72.805.394 | 80.594.553 | 0 | 0,Mediocampista
Cabrera,Espanyol,-69.470 | -146.561 | -290.131 | -855.526 | -1.955.445 | +5.439.474,"-0,41% | -0,87% | -1,71% | -4,87% | -10,48% | 0%",,21ddías,16.698.237,16.767.707 | 16.844.798 | 16.988.368 | 17.553.763 | 18.653.682 | 0,Defensa
Batalla,Rayo,+860.329 | +1.756.989 | +2.622.113 | +5.591.115 | +10.174.578 | +17.799.360,"+2,33% | +4,87% | +7,45% | +17,34% | +36,79% | +88,85%",,27ddías,37.832.079,36.971.750 | 36.075.090 | 35.209.966 | 32.240.964 | 27.657.501 | 20.032.719,Portero
Puado,Espanyol,-291.576 | -588.332 | -900.510 | -2.219.602 | -4.774.254 | -5.631.281,"-3,01% | -5,89% | -8,75% | -19,11% | -33,70% | -37,48%",,19ddías,9.393.258,9.684.834 | 9.981.590 | 10.293.768 | 11.612.860 | 14.167.512 | 15.024.539,Mediocampista
Lozano,Espanyol,-58.344 | -116.633 | -171.152 | -415.516 | -939.245 | -2.252.436,"-2,07% | -4,06% | -5,85% | -13,10% | -25,42% | -44,98%",,28ddías,2.755.743,2.814.087 | 2.872.376 | 2.926.895 | 3.171.259 | 3.694.988 | 5.008.179,Mediocampista
Jofre,Espanyol,-26.982 | -55.176 | -83.641 | -238.897 | -565.508 | -1.395.032,"-1,88% | -3,77% | -5,60% | -14,49% | -28,63% | -49,74%",,28ddías,1.409.547,1.436.529 | 1.464.723 | 1.493.188 | 1.648.444 | 1.975.055 | 2.804.579,Delantero
Edu Expósito,Espanyol,-266.307 | -563.973 | -931.442 | -2.217.473 | -5.373.672 | -13.588.686,"-0,96% | -2,00% | -3,27% | -7,44% | -16,31% | 0%",,17ddías,27.577.707,27.844.014 | 28.141.680 | 28.509.149 | 29.795.180 | 32.951.379 | 0,Mediocampista
El Hilali,Espanyol,+162.725 | +296.418 | +461.392 | +872.448 | +1.367.168 | +1.826.767,"+2,27% | +4,21% | +6,71% | +13,50% | +22,91% | +33,16%",,12ddías,7.335.764,7.173.039 | 7.039.346 | 6.874.372 | 6.463.316 | 5.968.596 | 5.508.997,Defensa
Rubén Sánchez,Espanyol,-7.154 | -14.317 | -22.731 | -58.274 | -129.146 | -362.129,"-1,31% | -2,59% | -4,04% | -9,75% | -19,32% | -40,17%",,28ddías,539.342,546.496 | 553.659 | 562.073 | 597.616 | 668.488 | 901.471,Mediocampista
Fortuño,Espanyol,-12.370 | -24.967 | -39.041 | -99.683 | -191.083 | -537.422,"-1,83% | -3,62% | -5,55% | -13,04% | -22,33% | -44,71%",,8ddías,664.541,676.911 | 689.508 | 703.582 | 764.224 | 855.624 | 1.201.963,Portero
Boyomo,Osasuna,+484.532 | +941.599 | +1.511.037 | +3.252.935 | +5.716.661 | +7.628.770,"+2,19% | +4,34% | +7,15% | +16,77% | +33,75% | +50,78%",,24ddías,22.653.309,22.168.777 | 21.711.710 | 21.142.272 | 19.400.374 | 16.936.648 | 15.024.539,Defensa
Raul Moro,Osasuna,+329.268 | +539.940 | +663.384 | +650.072 | -253.604 | -940.927,"+3,06% | +5,12% | +6,37% | +6,23% | -2,24% | -7,83%",,5ddías,11.078.704,10.749.436 | 10.538.764 | 10.415.320 | 10.428.632 | 11.332.308 | 12.019.631,Delantero
Almeida,Valencia,-82.540 | -168.802 | -256.153 | -627.583 | -1.400.503 | -3.144.832,"-2,47% | -4,91% | -7,27% | -16,12% | -30,01% | -49,06%",,28ddías,3.265.637,3.348.177 | 3.434.439 | 3.521.790 | 3.893.220 | 4.666.140 | 6.410.469,Mediocampista
Pere Milla,Espanyol,-92.039 | -147.008 | -233.826 | -289.341 | +374.441 | +2.473.877,"-0,87% | -1,38% | -2,18% | -2,68% | +3,70% | +30,87%",,6ddías,10.486.964,10.579.003 | 10.633.972 | 10.720.790 | 10.776.305 | 10.112.523 | 8.013.087,Delantero
Javi Guerra,Valencia,-173.397 | -302.565 | -493.066 | -1.609.628 | -3.154.522 | +22.075.012,"-0,69% | -1,20% | -1,93% | -6,05% | -11,20% | 0%",,18ddías,25.002.363,25.175.760 | 25.304.928 | 25.495.429 | 26.611.991 | 28.156.885 | 0,Mediocampista
Vinicius,Real Madrid,-1.412.466 | -2.560.462 | -3.349.344 | -9.290.912 | -52.197.439 | -52.197.439,"-1,36% | -2,44% | -3,17% | -8,33% | 0% | 0%",,11ddías,102.299.080,103.711.546 | 104.859.542 | 105.648.424 | 111.589.992 | 0 | 0,Delantero
Güler,Real Madrid,-722.647 | -1.419.219 | -2.170.854 | -5.593.868 | -11.495.823 | -19.713.645,"-1,29% | -2,50% | -3,77% | -9,17% | -17,18% | -26,24%",,28ddías,55.409.055,56.131.702 | 56.828.274 | 57.579.909 | 61.002.923 | 66.904.878 | 75.122.700,Mediocampista
Mendy,Real Madrid,-25.891 | -52.572 | -74.616 | -199.127 | -462.401 | -1.014.235,"-2,55% | -5,05% | -7,02% | -16,76% | -31,86% | -50,63%",,28ddías,989.036,1.014.927 | 1.041.608 | 1.063.652 | 1.188.163 | 1.451.437 | 2.003.271,Defensa
Rüdiger,Real Madrid,-468.568 | -856.107 | -1.179.536 | -2.939.680 | -6.415.452 | -10.761.641,"-1,53% | -2,76% | -3,76% | -8,87% | -17,52% | -26,27%",,25ddías,30.205.270,30.673.838 | 31.061.377 | 31.384.806 | 33.144.950 | 36.620.722 | 40.966.911,Defensa
Brahim,Real Madrid,-319.604 | -657.667 | -969.491 | -2.301.522 | -4.349.213 | -6.775.542,"-2,35% | -4,73% | -6,81% | -14,79% | -24,70% | -33,82%",,24ddías,13.257.177,13.576.781 | 13.914.844 | 14.226.668 | 15.558.699 | 17.606.390 | 20.032.719,Mediocampista
Tchouaméni,Real Madrid,-898.524 | -1.776.282 | -2.696.648 | -6.410.268 | -10.163.395 | -6.266.740,"-1,76% | -3,43% | -5,11% | -11,36% | -16,89% | -11,13%",,13ddías,50.025.203,50.923.727 | 51.801.485 | 52.721.851 | 56.435.471 | 60.188.598 | 56.291.943,Mediocampista
Valverde,Real Madrid,-479.735 | -1.095.665 | -1.803.651 | -5.328.356 | -12.590.479 | -29.503.997,"-0,63% | -1,43% | -2,33% | -6,58% | -14,27% | -28,05%",,28ddías,75.667.782,76.147.517 | 76.763.447 | 77.471.433 | 80.996.138 | 88.258.261 | 105.171.779,Mediocampista
Camavinga,Real Madrid,-319.092 | -637.523 | -993.451 | -2.400.447 | -4.949.118 | -10.559.660,"-2,31% | -4,52% | -6,86% | -15,12% | -26,86% | -43,93%",,28ddías,13.479.603,13.798.695 | 14.117.126 | 14.473.054 | 15.880.050 | 18.428.721 | 24.039.263,Mediocampista
Rodrygo,Real Madrid,-95.554 | -162.028 | -255.660 | -646.658 | -1.350.737 | -1.039.640,"-2,35% | -3,92% | -6,05% | -14,01% | -25,39% | -20,76%",,18ddías,3.968.539,4.064.093 | 4.130.567 | 4.224.199 | 4.615.197 | 5.319.276 | 5.008.179,Delantero
Bellingham,Real Madrid,-822.104 | -1.582.222 | -2.492.203 | -7.143.648 | -35.965.994 | -35.965.994,"-0,84% | -1,61% | -2,52% | -6,89% | 0% | 0%",,11ddías,96.469.995,97.292.099 | 98.052.217 | 98.962.198 | 103.613.643 | 0 | 0,Mediocampista
Odriozola,Real Sociedad,-16.087 | -32.556 | -50.663 | -129.188 | -294.430 | -748.718,"-2,09% | -4,14% | -6,30% | -14,63% | -28,09% | -49,83%",,28ddías,753.735,769.822 | 786.291 | 804.398 | 882.923 | 1.048.165 | 1.502.453,Defensa
Militão,Real Madrid,-511.959 | -1.015.076 | -1.517.773 | -3.764.934 | -8.456.364 | -12.991.344,"-2,91% | -5,62% | -8,17% | -18,08% | -33,14% | -43,23%",,28ddías,17.057.735,17.569.694 | 18.072.811 | 18.575.508 | 20.822.669 | 25.514.099 | 30.049.079,Defensa
Courtois,Real Madrid,-147.727 | -335.890 | -478.101 | -1.412.461 | -327.883 | +18.394.131,"-0,25% | -0,57% | -0,81% | -2,36% | -0,56% | +45,91%",,8ddías,58.459.570,58.607.297 | 58.795.460 | 58.937.671 | 59.872.031 | 58.787.453 | 40.065.439,Portero
Camello,Rayo,-32.125 | -60.775 | -91.107 | -301.476 | -790.933 | -1.852.486,"-0,98% | -1,83% | -2,72% | -8,47% | -19,54% | -36,26%",,28ddías,3.255.857,3.287.982 | 3.316.632 | 3.346.964 | 3.557.333 | 4.046.790 | 5.108.343,Delantero
Lejeune,Rayo,-647.825 | -1.241.781 | -1.775.573 | -5.151.414 | -13.252.992 | -34.235.076,"-1,53% | -2,89% | -4,08% | -10,98% | -24,10% | 0%",,14ddías,41.747.008,42.394.833 | 42.988.789 | 43.522.581 | 46.898.422 | 55.000.000 | 0,Defensa
Valentín,Rayo,-40.601 | -98.241 | -162.023 | -477.509 | -1.113.143 | -2.524.718,"-1,15% | -2,74% | -4,44% | -12,05% | -24,21% | -42,01%",,28ddías,3.485.097,3.525.698 | 3.583.338 | 3.647.120 | 3.962.606 | 4.598.240 | 6.009.815,Mediocampista
Balliu,Rayo,-13.765 | -31.417 | -49.961 | -131.142 | -285.636 | -676.410,"-1,64% | -3,66% | -5,70% | -13,70% | -25,69% | -45,02%",,28ddías,826.043,839.808 | 857.460 | 876.004 | 957.185 | 1.111.679 | 1.502.453,Defensa
Canós,Valencia,-9.819 | -19.759 | -31.065 | -796.112 | -796.112 | -796.112,"-1,60% | -3,17% | -4,90% | 0% | 0% | 0%",,5ddías,603.304,613.123 | 623.063 | 634.369 | 0 | 0 | 0,Delantero
Pathé Ciss,Rayo,+49.947 | +78.910 | +29.043 | -232.017 | -766.356 | +611.518,"+0,47% | +0,75% | +0,27% | -2,14% | -6,73% | +6,11%",,2ddías,10.627.877,10.577.930 | 10.548.967 | 10.598.834 | 10.859.894 | 11.394.233 | 10.016.359,Mediocampista
Remiro,Real Sociedad,+1.286.872 | +2.485.677 | +3.745.332 | +7.661.423 | +13.489.918 | +22.154.437,"+3,15% | +6,26% | +9,74% | +22,19% | +47,01% | +110,59%",,26ddías,42.187.156,40.900.284 | 39.701.479 | 38.441.824 | 34.525.733 | 28.697.238 | 20.032.719,Portero
Lunin,Real Madrid,-38.990 | -72.072 | -106.220 | -261.768 | -652.770 | -1.459.368,"-1,51% | -2,75% | -4,00% | -9,32% | -20,40% | -36,42%",,28ddías,2.547.175,2.586.165 | 2.619.247 | 2.653.395 | 2.808.943 | 3.199.945 | 4.006.543,Portero
Aihen,Real Sociedad,-49.668 | -99.595 | -151.086 | -377.514 | -859.100 | -2.115.194,"-2,56% | -5,00% | -7,40% | -16,64% | -31,23% | -52,79%",,28ddías,1.891.349,1.941.017 | 1.990.944 | 2.042.435 | 2.268.863 | 2.750.449 | 4.006.543,Defensa
Marrero,Real Sociedad,-30.707 | -62.230 | -95.593 | -251.963 | -614.553 | -1.522.988,"-2,03% | -4,03% | -6,06% | -14,53% | -29,31% | -50,68%",,28ddías,1.481.919,1.512.626 | 1.544.149 | 1.577.512 | 1.733.882 | 2.096.472 | 3.004.907,Portero
Oyarzabal,Real Sociedad,-1.113.038 | -2.018.840 | -2.962.628 | -8.100.942 | -43.110.634 | -43.110.634,"-1,54% | -2,75% | -3,99% | -10,20% | 0% | 0%",,12ddías,71.300.540,72.413.578 | 73.319.380 | 74.263.168 | 79.401.482 | 0 | 0,Delantero
Marcão,Sevilla,-12.984 | -30.410 | -50.952 | -141.188 | -317.881 | -783.145,"-1,56% | -3,58% | -5,85% | -14,70% | -27,95% | -48,87%",,28ddías,819.471,832.455 | 849.881 | 870.423 | 960.659 | 1.137.352 | 1.602.616,Defensa
Kubo,Real Sociedad,-508.492 | -961.531 | -1.446.553 | -3.757.947 | -8.183.977 | -5.222.974,"-2,00% | -3,71% | -5,49% | -13,10% | -24,72% | -17,32%",,17ddías,24.926.269,25.434.761 | 25.887.800 | 26.372.822 | 28.684.216 | 33.110.246 | 30.149.243,Mediocampista
Olasagasti,Levante,-3.811 | -18.241 | -34.660 | -214.948 | -827.676 | -2.343.344,"-0,10% | -0,50% | -0,94% | -5,54% | -18,42% | -38,99%",,28ddías,3.666.471,3.670.282 | 3.684.712 | 3.701.131 | 3.881.419 | 4.494.147 | 6.009.815,Mediocampista
Sadiq,Valencia,-272.705 | -550.765 | -849.059 | -2.087.199 | -3.616.518 | -6.770.438,"-2,86% | -5,62% | -8,40% | -18,40% | -28,10% | -42,25%",,26ddías,9.255.737,9.528.442 | 9.806.502 | 10.104.796 | 11.342.936 | 12.872.255 | 16.026.175,Delantero
Turrientes,Real Sociedad,-106.906 | -216.232 | -311.633 | -776.279 | -1.723.757 | -2.619.553,"-1,42% | -2,84% | -4,04% | -9,50% | -18,90% | -26,15%",,25ddías,7.396.806,7.503.712 | 7.613.038 | 7.708.439 | 8.173.085 | 9.120.563 | 10.016.359,Mediocampista
Le Normand,Atlético,-117.374 | -213.911 | -308.508 | -934.466 | -1.885.293 | -3.591.326,"-1,07% | -1,94% | -2,77% | -7,94% | -14,82% | -24,90%",,23ddías,10.832.231,10.949.605 | 11.046.142 | 11.140.739 | 11.766.697 | 12.717.524 | 14.423.557,Defensa
Urko,Espanyol,-36.507 | -67.461 | -107.141 | -372.844 | -815.070 | -1.977.168,"-0,72% | -1,32% | -2,08% | -6,90% | -13,93% | -28,20%",,25ddías,5.034.283,5.070.790 | 5.101.744 | 5.141.424 | 5.407.127 | 5.849.353 | 7.011.451,Mediocampista
Barrenetxea,Real Sociedad,-591.367 | -1.243.119 | -1.946.095 | -2.842.882 | -35.487 | +6.383.379,"-1,52% | -3,13% | -4,82% | -6,89% | -0,09% | +19,92%",,6ddías,38.435.730,39.027.097 | 39.678.849 | 40.381.825 | 41.278.612 | 38.471.217 | 32.052.351,Mediocampista
Dmitrovic,Espanyol,+971.358 | +2.008.952 | +3.023.354 | +6.342.257 | +9.892.717 | +15.267.921,"+3,31% | +7,10% | +11,09% | +26,48% | +48,49% | +101,62%",,27ddías,30.292.460,29.321.102 | 28.283.508 | 27.269.106 | 23.950.203 | 20.399.743 | 15.024.539,Portero
Gattoni,Sevilla,-4.391 | -8.676 | -14.092 | -36.341 | -78.027 | -228.110,"-0,92% | -1,80% | -2,89% | -7,13% | -14,16% | -32,53%",,28ddías,473.034,477.425 | 481.710 | 487.126 | 509.375 | 551.061 | 701.144,Defensa
Jordan,Sevilla,-11.498 | -23.186 | -36.313 | -92.756 | -209.516 | -558.373,"-1,76% | -3,48% | -5,34% | -12,60% | -24,56% | -46,46%",,28ddías,643.590,655.088 | 666.776 | 679.903 | 736.346 | 853.106 | 1.201.963,Mediocampista
Mariano,Alavés,-34.215 | -67.335 | -103.233 | -262.322 | -587.234 | -1.464.955,"-2,69% | -5,15% | -7,69% | -17,47% | -32,15% | -54,17%",,28ddías,1.239.461,1.273.676 | 1.306.796 | 1.342.694 | 1.501.783 | 1.826.695 | 2.704.416,Delantero
Sow,Sevilla,+33.831 | +25.148 | +23.451 | -211.129 | -943.486 | -1.501.301,"+0,40% | +0,30% | +0,28% | -2,42% | -9,97% | -14,99%",,1ddías,8.515.058,8.481.227 | 8.489.910 | 8.491.607 | 8.726.187 | 9.458.544 | 10.016.359,Mediocampista
Zubeldia,Real Sociedad,-37.827 | -107.058 | -209.440 | -662.237 | -1.857.101 | -3.864.830,"-0,37% | -1,04% | -2,02% | -6,12% | -15,46% | -27,56%",,28ddías,10.158.073,10.195.900 | 10.265.131 | 10.367.513 | 10.820.310 | 12.015.174 | 14.022.903,Defensa
Diakhaby,Valencia,-147.654 | -309.693 | -477.892 | -1.292.646 | -1.594.956 | -1.575.271,"-1,95% | -4,00% | -6,04% | -14,80% | -17,65% | -17,47%",,8ddías,7.439.452,7.587.106 | 7.749.145 | 7.917.344 | 8.732.098 | 9.034.408 | 9.014.723,Defensa
Juanlu,Sevilla,-57.941 | -93.500 | -135.789 | -309.959 | -758.952 | -2.060.682,"-1,93% | -3,07% | -4,40% | -9,52% | -20,48% | -41,15%",,29ddías,2.947.497,3.005.438 | 3.040.997 | 3.083.286 | 3.257.456 | 3.706.449 | 5.008.179,Mediocampista
Marín,Real Sociedad,-71.908 | -145.517 | -221.722 | -558.121 | -1.234.780 | -2.698.878,"-3,02% | -5,93% | -8,76% | -19,46% | -34,84% | -53,89%",,28ddías,2.309.301,2.381.209 | 2.454.818 | 2.531.023 | 2.867.422 | 3.544.081 | 5.008.179,Mediocampista
Zakharyan,Real Sociedad,-36.417 | -74.910 | -114.435 | -285.523 | -656.130 | -1.596.577,"-2,52% | -5,05% | -7,51% | -16,86% | -31,78% | -53,13%",,28ddías,1.408.330,1.444.747 | 1.483.240 | 1.522.765 | 1.693.853 | 2.064.460 | 3.004.907,Mediocampista
Julio Díaz,Sevilla,0 | 0 | +10.061 | +10.181 | -11.386 | -110.837,"0,00% | 0,00% | +2,19% | +2,22% | -2,37% | -19,10%",,2ddías,469.552,477.990 | 469.552 | 459.491 | 459.371 | 480.938 | 580.389,Defensa
Pepe Bordalás,Getafe,0 | 0 | +5.357.246 | +48.356.860 | +53.546.390 | +53.551.337,"0,00% | 0,00% | +10,07% | +473,96% | 0% | +1.069,28%",,2ddías,58.559.516,69.694.091 | 58.559.516 | 53.202.270 | 10.202.656 | 0 | 5.008.179,
Conde,Betis,0 | 0 | 0 | -260.813 | -600.035 | -1.465.772,"0,00% | 0,00% | 0,00% | -7,90% | -16,48% | -32,52%",,4ddías,3.041.589,3.041.589 | 3.041.589 | 2.955.521 | 3.302.402 | 3.641.624 | 4.507.361,Portero
Sotelo,Levante,0 | 0 | 0 | -36.433 | -200.243 | -720.632,"0,00% | 0,00% | 0,00% | -2,57% | -12,65% | -34,26%",,5ddías,1.382.803,1.382.803 | 1.382.803 | 1.382.803 | 1.419.236 | 1.583.046 | 2.103.435,Mediocampista
Manu Sánchez,Levante,0 | 0 | 0 | -284.399 | -484.326 | -471.630,"0,00% | 0,00% | 0,00% | -4,88% | -8,04% | -7,85%",,5ddías,5.538.185,5.538.185 | 5.538.185 | 5.538.185 | 5.822.584 | 6.022.511 | 6.009.815,Defensa
Salinas,Málaga,0 | 0 | 0 | -43.666 | -257.602 | -833.037,"0,00% | 0,00% | 0,00% | -3,92% | -19,40% | -43,77%",,5ddías,1.070.070,1.070.070 | 1.070.070 | 1.070.070 | 1.113.736 | 1.327.672 | 1.903.107,Defensa
Galán,Celta,0 | 0 | 0 | 0 | 0 | -548.710,"0,00% | 0,00% | 0,00% | 0,00% | 0,00% | -3,65%",,20ddías,14.475.829,14.475.829 | 14.475.829 | 14.475.829 | 14.475.829 | 14.475.829 | 15.024.539,Defensa
Fran García,Betis,0 | 0 | 0 | 0 | 0 | -425.202,"0,00% | 0,00% | 0,00% | 0,00% | 0,00% | -4,25%",,26ddías,9.591.157,9.591.157 | 9.591.157 | 9.591.157 | 9.591.157 | 9.591.157 | 10.016.359,Defensa
Koski,Alavés,0 | 0 | 0 | 0 | 0 | +1.781,"0,00% | 0,00% | 0,00% | 0,00% | 0,00% | +0,22%",,28ddías,803.089,803.089 | 803.089 | 803.089 | 803.089 | 803.089 | 801.308,Defensa
Aitor Mañas,Alavés,0 | 0 | 0 | 0 | 0 | -18.556,"0,00% | 0,00% | 0,00% | 0,00% | 0,00% | -3,20%",,28ddías,562.164,562.164 | 562.164 | 562.164 | 562.164 | 562.164 | 580.720,Delantero
Guridi,Sevilla,0 | 0 | 0 | 0 | 0 | +11.136,"0,00% | 0,00% | 0,00% | 0,00% | 0,00% | +0,22%",,28ddías,5.019.315,5.019.315 | 5.019.315 | 5.019.315 | 5.019.315 | 5.019.315 | 5.008.179,Mediocampista
Carlos BenavidezProtesoni,Alavés,0 | 0 | 0 | 0 | 0 | +6.681,"0,00% | 0,00% | 0,00% | 0,00% | 0,00% | +0,22%",,28ddías,3.011.588,3.011.588 | 3.011.588 | 3.011.588 | 3.011.588 | 3.011.588 | 3.004.907,Mediocampista
Pacheco,Real Sociedad,0 | 0 | 0 | 0 | 0 | +8.909,"0,00% | 0,00% | 0,00% | 0,00% | 0,00% | +0,22%",,28ddías,4.015.452,4.015.452 | 4.015.452 | 4.015.452 | 4.015.452 | 4.015.452 | 4.006.543,Defensa
Swiderski,Alavés,0 | 0 | 0 | 0 | 0 | +1.335,"0,00% | 0,00% | 0,00% | 0,00% | 0,00% | +0,22%",,28ddías,602.316,602.316 | 602.316 | 602.316 | 602.316 | 602.316 | 600.981,Portero
Pinillos,Alavés,0 | 0 | 0 | 0 | 0 | +1.112,"0,00% | 0,00% | 0,00% | 0,00% | 0,00% | +0,22%",,28ddías,501.929,501.929 | 501.929 | 501.929 | 501.929 | 501.929 | 500.817,Mediocampista
Montero,Alavés,0 | 0 | 0 | 0 | 0 | +1.335,"0,00% | 0,00% | 0,00% | 0,00% | 0,00% | +0,22%",,28ddías,602.316,602.316 | 602.316 | 602.316 | 602.316 | 602.316 | 600.981,Portero
Ballestero,Alavés,0 | 0 | 0 | 0 | 0 | +1.335,"0,00% | 0,00% | 0,00% | 0,00% | 0,00% | +0,22%",,28ddías,602.316,602.316 | 602.316 | 602.316 | 602.316 | 602.316 | 600.981,Defensa
Álvaro,Alavés,0 | 0 | 0 | 0 | 0 | +1.112,"0,00% | 0,00% | 0,00% | 0,00% | 0,00% | +0,22%",,28ddías,501.929,501.929 | 501.929 | 501.929 | 501.929 | 501.929 | 500.817,Defensa
Oláiz,Alavés,0 | 0 | 0 | 0 | 0 | +1.335,"0,00% | 0,00% | 0,00% | 0,00% | 0,00% | +0,22%",,28ddías,602.316,602.316 | 602.316 | 602.316 | 602.316 | 602.316 | 600.981,Defensa
Izei,Alavés,0 | 0 | 0 | 0 | 0 | +1.290,"0,00% | 0,00% | 0,00% | 0,00% | 0,00% | +0,22%",,28ddías,582.010,582.010 | 582.010 | 582.010 | 582.010 | 582.010 | 580.720,Mediocampista
Hierro,Athletic,0 | 0 | 0 | 0 | 0 | +593,"0,00% | 0,00% | 0,00% | 0,00% | 0,00% | +0,10%",,29ddías,601.574,602.257 | 602.257 | 602.257 | 602.257 | 602.257 | 600.981,Delantero
Iker Muñoz,Sevilla,0 | 0 | 0 | 0 | 0 | +593,"0,00% | 0,00% | 0,00% | 0,00% | 0,00% | +0,10%",,29ddías,601.574,602.284 | 602.284 | 602.284 | 602.284 | 602.284 | 600.981,Defensa
Marqués,Barcelona,0 | 0 | 0 | 0 | 0 | +593,"0,00% | 0,00% | 0,00% | 0,00% | 0,00% | +0,10%",,29ddías,601.574,602.319 | 602.319 | 602.319 | 602.319 | 602.319 | 600.981,Defensa
Arcos,Celta,0 | 0 | 0 | 0 | 0 | +593,"0,00% | 0,00% | 0,00% | 0,00% | 0,00% | +0,10%",,29ddías,601.574,602.257 | 602.257 | 602.257 | 602.257 | 602.257 | 600.981,Mediocampista
Cestero,Real Madrid,0 | 0 | 0 | 0 | 0 | +593,"0,00% | 0,00% | 0,00% | 0,00% | 0,00% | +0,10%",,29ddías,601.574,602.234 | 602.234 | 602.234 | 602.234 | 602.234 | 600.981,Mediocampista
Montes,Getafe,0 | 0 | 0 | 0 | 0 | +593,"0,00% | 0,00% | 0,00% | 0,00% | 0,00% | +0,10%",,29ddías,601.574,602.319 | 602.319 | 602.319 | 602.319 | 602.319 | 600.981,Defensa
Ferran,Espanyol,0 | 0 | 0 | 0 | 0 | +593,"0,00% | 0,00% | 0,00% | 0,00% | 0,00% | +0,10%",,29ddías,601.574,602.248 | 602.248 | 602.248 | 602.248 | 602.248 | 600.981,Mediocampista
Palacios,Real Madrid,0 | 0 | 0 | 0 | 0 | +791,"0,00% | 0,00% | 0,00% | 0,00% | 0,00% | +0,10%",,29ddías,802.099,802.979 | 802.979 | 802.979 | 802.979 | 802.979 | 801.308,Mediocampista
Tunde,Levante,0 | 0 | 0 | 0 | 0 | +8.411,"0,00% | 0,00% | 0,00% | 0,00% | 0,00% | +0,10%",,29ddías,8.522.316,8.531.892 | 8.531.892 | 8.531.892 | 8.531.892 | 8.531.892 | 8.513.905,Mediocampista
Kita,R. Sociedad B,0 | 0 | 0 | 0 | 0 | +593,"0,00% | 0,00% | 0,00% | 0,00% | 0,00% | +0,10%",,29ddías,601.574,602.234 | 602.234 | 602.234 | 602.234 | 602.234 | 600.981,Defensa
Astiazaran,R. Sociedad B,0 | 0 | 0 | 0 | 0 | +593,"0,00% | 0,00% | 0,00% | 0,00% | 0,00% | +0,10%",,29ddías,601.574,602.257 | 602.257 | 602.257 | 602.257 | 602.257 | 600.981,Mediocampista
Aguirre,R. Sociedad B,0 | 0 | 0 | 0 | 0 | +593,"0,00% | 0,00% | 0,00% | 0,00% | 0,00% | +0,10%",,29ddías,601.574,602.257 | 602.257 | 602.257 | 602.257 | 602.257 | 600.981,Mediocampista
Fontanet,Valencia,0 | 0 | 0 | 0 | 0 | +573,"0,00% | 0,00% | 0,00% | 0,00% | 0,00% | +0,10%",,29ddías,581.293,581.987 | 581.987 | 581.987 | 581.987 | 581.987 | 580.720,Defensa
Gaitán,Villarreal,0 | 0 | 0 | 0 | 0 | +593,"0,00% | 0,00% | 0,00% | 0,00% | 0,00% | +0,10%",,29ddías,601.574,602.292 | 602.292 | 602.292 | 602.292 | 602.292 | 600.981,Mediocampista
Manuel Ángel,Real Madrid,0 | 0 | 0 | 0 | 0 | +692,"0,00% | 0,00% | 0,00% | 0,00% | 0,00% | +0,10%",,29ddías,701.836,702.606 | 702.606 | 702.606 | 702.606 | 702.606 | 701.144,Mediocampista
Unai Santos,Osasuna,0 | 0 | 0 | 0 | 0 | +593,"0,00% | 0,00% | 0,00% | 0,00% | 0,00% | +0,10%",,29ddías,601.574,602.319 | 602.319 | 602.319 | 602.319 | 602.319 | 600.981,Defensa
Burcio,Celta,0 | 0 | 0 | 0 | 0 | +593,"0,00% | 0,00% | 0,00% | 0,00% | 0,00% | +0,10%",,29ddías,601.574,602.257 | 602.257 | 602.257 | 602.257 | 602.257 | 600.981,Mediocampista
Joan Martínez,Real Madrid,0 | 0 | 0 | 0 | 0 | +692,"0,00% | 0,00% | 0,00% | 0,00% | 0,00% | +0,10%",,29ddías,701.836,702.622 | 702.622 | 702.622 | 702.622 | 702.622 | 701.144,Defensa
Aleksandrov,Getafe,0 | 0 | 0 | 0 | 0 | +593,"0,00% | 0,00% | 0,00% | 0,00% | 0,00% | +0,10%",,29ddías,601.574,602.319 | 602.319 | 602.319 | 602.319 | 602.319 | 600.981,Delantero
Carlos Macià,Villarreal,0 | 0 | 0 | 0 | 0 | +791,"0,00% | 0,00% | 0,00% | 0,00% | 0,00% | +0,10%",,29ddías,802.099,803.057 | 803.057 | 803.057 | 803.057 | 803.057 | 801.308,Mediocampista
Selton,Athletic,0 | 0 | 0 | 0 | 0 | +593,"0,00% | 0,00% | 0,00% | 0,00% | 0,00% | +0,10%",,29ddías,601.574,602.257 | 602.257 | 602.257 | 602.257 | 602.257 | 600.981,Mediocampista
Benito,Getafe,0 | 0 | 0 | 0 | 0 | +593,"0,00% | 0,00% | 0,00% | 0,00% | 0,00% | +0,10%",,29ddías,601.574,602.319 | 602.319 | 602.319 | 602.319 | 602.319 | 600.981,Portero
A. Riquelme,Getafe,0 | 0 | 0 | 0 | 0 | +593,"0,00% | 0,00% | 0,00% | 0,00% | 0,00% | +0,10%",,29ddías,601.574,602.324 | 602.324 | 602.324 | 602.324 | 602.324 | 600.981,Mediocampista
Javi Navarro,Real Madrid,0 | 0 | 0 | 0 | 0 | +692,"0,00% | 0,00% | 0,00% | 0,00% | 0,00% | +0,10%",,29ddías,701.836,702.622 | 702.622 | 702.622 | 702.622 | 702.622 | 701.144,Portero
Beitia,Real Sociedad,0 | 0 | 0 | 0 | 0 | +494,"0,00% | 0,00% | 0,00% | 0,00% | 0,00% | +0,10%",,29ddías,501.311,501.861 | 501.861 | 501.861 | 501.861 | 501.861 | 500.817,Defensa
Lebarbier,Real Sociedad,0 | 0 | 0 | 0 | 0 | +593,"0,00% | 0,00% | 0,00% | 0,00% | 0,00% | +0,10%",,29ddías,601.574,602.234 | 602.234 | 602.234 | 602.234 | 602.234 | 600.981,Defensa
Barry,Villarreal,0 | 0 | 0 | 0 | 0 | +593,"0,00% | 0,00% | 0,00% | 0,00% | 0,00% | +0,10%",,29ddías,601.574,602.292 | 602.292 | 602.292 | 602.292 | 602.292 | 600.981,Mediocampista
Delgado,Elche,0 | 0 | 0 | 0 | 0 | +593,"0,00% | 0,00% | 0,00% | 0,00% | 0,00% | +0,10%",,29ddías,601.574,602.324 | 602.324 | 602.324 | 602.324 | 602.324 | 600.981,Defensa
Meixús,Celta,0 | 0 | 0 | 0 | 0 | +478,"0,00% | 0,00% | 0,00% | 0,00% | 0,00% | +0,10%",,29ddías,484.821,485.372 | 485.372 | 485.372 | 485.372 | 485.372 | 484.343,Defensa
Carrera,Real Sociedad,0 | 0 | 0 | 0 | 0 | +692,"0,00% | 0,00% | 0,00% | 0,00% | 0,00% | +0,10%",,29ddías,701.836,702.633 | 702.633 | 702.633 | 702.633 | 702.633 | 701.144,Delantero
Óscar Marcos,Celta,0 | 0 | 0 | 0 | 0 | +593,"0,00% | 0,00% | 0,00% | 0,00% | 0,00% | +0,10%",,29ddías,601.574,602.257 | 602.257 | 602.257 | 602.257 | 602.257 | 600.981,Delantero
Al Lal,Elche,0 | 0 | 0 | 0 | 0 | +494,"0,00% | 0,00% | 0,00% | 0,00% | 0,00% | +0,10%",,29ddías,501.311,501.936 | 501.936 | 501.936 | 501.936 | 501.936 | 500.817,Delantero
Yassin,Getafe,0 | 0 | 0 | 0 | 0 | +494,"0,00% | 0,00% | 0,00% | 0,00% | 0,00% | +0,10%",,29ddías,501.311,501.932 | 501.932 | 501.932 | 501.932 | 501.932 | 500.817,Defensa
Marchal,Real Sociedad,0 | 0 | 0 | 0 | 0 | +593,"0,00% | 0,00% | 0,00% | 0,00% | 0,00% | +0,10%",,29ddías,601.574,602.234 | 602.234 | 602.234 | 602.234 | 602.234 | 600.981,Mediocampista
Panach,Valencia,0 | 0 | 0 | 0 | 0 | +494,"0,00% | 0,00% | 0,00% | 0,00% | 0,00% | +0,10%",,29ddías,501.311,501.909 | 501.909 | 501.909 | 501.909 | 501.909 | 500.817,Defensa
Jurado,Valencia,0 | 0 | 0 | 0 | 0 | +593,"0,00% | 0,00% | 0,00% | 0,00% | 0,00% | +0,10%",,29ddías,601.574,602.292 | 602.292 | 602.292 | 602.292 | 602.292 | 600.981,Defensa
Nakoha,Levante,0 | 0 | 0 | 0 | 0 | +494,"0,00% | 0,00% | 0,00% | 0,00% | 0,00% | +0,10%",,29ddías,501.311,501.874 | 501.874 | 501.874 | 501.874 | 501.874 | 500.817,Defensa
Rosón,Levante,0 | 0 | 0 | 0 | 0 | +593,"0,00% | 0,00% | 0,00% | 0,00% | 0,00% | +0,10%",,29ddías,601.574,602.249 | 602.249 | 602.249 | 602.249 | 602.249 | 600.981,Mediocampista
Álex Sánchez,Elche,0 | 0 | 0 | 0 | 0 | +593,"0,00% | 0,00% | 0,00% | 0,00% | 0,00% | +0,10%",,29ddías,601.574,602.324 | 602.324 | 602.324 | 602.324 | 602.324 | 600.981,Mediocampista
Laro Gómez,Racing,0 | 0 | 0 | 0 | 0 | +593,"0,00% | 0,00% | 0,00% | 0,00% | 0,00% | +0,10%",,29ddías,601.574,602.234 | 602.234 | 602.234 | 602.234 | 602.234 | 600.981,Portero
Mesonero,Real Madrid,0 | 0 | 0 | 0 | 0 | +692,"0,00% | 0,00% | 0,00% | 0,00% | 0,00% | +0,10%",,29ddías,701.836,702.606 | 702.606 | 702.606 | 702.606 | 702.606 | 701.144,Mediocampista
Carlos Sánchez,Racing,0 | 0 | 0 | 0 | 0 | +692,"0,00% | 0,00% | 0,00% | 0,00% | 0,00% | +0,10%",,29ddías,701.836,702.606 | 702.606 | 702.606 | 702.606 | 702.606 | 701.144,Defensa
Moussa,Málaga,0 | 0 | 0 | 0 | 0 | +395,"0,00% | 0,00% | 0,00% | 0,00% | 0,00% | +0,10%",,29ddías,401.049,401.498 | 401.498 | 401.498 | 401.498 | 401.498 | 400.654,Defensa
Rafa Rodríguez,Málaga,0 | 0 | 0 | 0 | 0 | -247.083,"0,00% | 0,00% | 0,00% | 0,00% | 0,00% | -3,80%",,29ddías,6.263.550,6.270.426 | 6.270.426 | 6.270.426 | 6.270.426 | 6.270.426 | 6.510.633,Mediocampista
Ochoa,Málaga,0 | 0 | 0 | 0 | 0 | +3.463,"0,00% | 0,00% | 0,00% | 0,00% | 0,00% | +0,10%",,29ddías,3.509.188,3.513.040 | 3.513.040 | 3.513.040 | 3.513.040 | 3.513.040 | 3.505.725,Mediocampista
Juanpe,Málaga,0 | 0 | 0 | 0 | 0 | +573,"0,00% | 0,00% | 0,00% | 0,00% | 0,00% | +0,10%",,29ddías,581.293,581.931 | 581.931 | 581.931 | 581.931 | 581.931 | 580.720,Mediocampista
Jauregi,Málaga,0 | 0 | 0 | 0 | 0 | +1.533,"0,00% | 0,00% | 0,00% | 0,00% | 0,00% | +0,10%",,29ddías,1.554.068,1.555.774 | 1.555.774 | 1.555.774 | 1.555.774 | 1.555.774 | 1.552.535,Delantero
Jiménez,Racing,0 | 0 | 0 | 0 | 0 | +593,"0,00% | 0,00% | 0,00% | 0,00% | 0,00% | +0,10%",,29ddías,601.574,602.234 | 602.234 | 602.234 | 602.234 | 602.234 | 600.981,Portero
Salinas,Racing,0 | 0 | 0 | 0 | 0 | +5.937,"0,00% | 0,00% | 0,00% | 0,00% | 0,00% | +0,10%",,29ddías,6.015.752,6.022.356 | 6.022.356 | 6.022.356 | 6.022.356 | 6.022.356 | 6.009.815,Defensa
Crespo,Racing,0 | 0 | 0 | 0 | 0 | +791,"0,00% | 0,00% | 0,00% | 0,00% | 0,00% | +0,10%",,29ddías,802.099,802.979 | 802.979 | 802.979 | 802.979 | 802.979 | 801.308,Defensa
Pastor,Málaga,0 | 0 | 0 | 0 | 0 | +383,"0,00% | 0,00% | 0,00% | 0,00% | 0,00% | +0,10%",,29ddías,388.681,389.116 | 389.116 | 389.116 | 389.116 | 389.116 | 388.298,Defensa
Sergio Martínez,Racing,0 | 0 | 0 | 0 | 0 | +692,"0,00% | 0,00% | 0,00% | 0,00% | 0,00% | +0,10%",,29ddías,701.836,702.606 | 702.606 | 702.606 | 702.606 | 702.606 | 701.144,Mediocampista
Solórzano,Racing,0 | 0 | 0 | 0 | 0 | +593,"0,00% | 0,00% | 0,00% | 0,00% | 0,00% | +0,10%",,29ddías,601.574,602.234 | 602.234 | 602.234 | 602.234 | 602.234 | 600.981,Mediocampista
Canales,Racing,0 | 0 | 0 | 0 | 0 | +9.895,"0,00% | 0,00% | 0,00% | 0,00% | 0,00% | +0,10%",,29ddías,10.026.254,10.037.262 | 10.037.262 | 10.037.262 | 10.037.262 | 10.037.262 | 10.016.359,Delantero
Santi Franco,Racing,0 | 0 | 0 | 0 | 0 | +692,"0,00% | 0,00% | 0,00% | 0,00% | 0,00% | +0,10%",,29ddías,701.836,702.606 | 702.606 | 702.606 | 702.606 | 702.606 | 701.144,Delantero
Diego Diaz,Racing,0 | 0 | 0 | 0 | 0 | +593,"0,00% | 0,00% | 0,00% | 0,00% | 0,00% | +0,10%",,29ddías,601.574,602.234 | 602.234 | 602.234 | 602.234 | 602.234 | 600.981,Delantero
Santaella,Málaga,0 | 0 | 0 | 0 | 0 | +395,"0,00% | 0,00% | 0,00% | 0,00% | 0,00% | +0,10%",,29ddías,401.049,401.498 | 401.498 | 401.498 | 401.498 | 401.498 | 400.654,Defensa
Vallecillo,Racing,0 | 0 | 0 | 0 | 0 | -23.947,"0,00% | 0,00% | 0,00% | 0,00% | 0,00% | -3,42%",,29ddías,677.197,677.940 | 677.940 | 677.940 | 677.940 | 677.940 | 701.144,Mediocampista
Juan Hernández,Barcelona,0 | 0 | 0 | 0 | 0 | -19.941,"0,00% | 0,00% | 0,00% | 0,00% | 0,00% | -3,32%",,29ddías,581.040,581.760 | 581.760 | 581.760 | 581.760 | 581.760 | 600.981,Mediocampista
Arriaza,Málaga,0 | 0 | 0 | 0 | 0 | +395,"0,00% | 0,00% | 0,00% | 0,00% | 0,00% | +0,10%",,29ddías,401.049,401.498 | 401.498 | 401.498 | 401.498 | 401.498 | 400.654,Defensa
Recio,Málaga,0 | 0 | 0 | 0 | 0 | +742,"0,00% | 0,00% | 0,00% | 0,00% | 0,00% | +0,10%",,29ddías,751.968,752.810 | 752.810 | 752.810 | 752.810 | 752.810 | 751.226,Defensa
Romero,Getafe,0 | 0 | 0 | 0 | 0 | +29.687,"0,00% | 0,00% | 0,00% | 0,00% | 0,00% | +0,10%",,29ddías,30.078.766,30.116.266 | 30.116.266 | 30.116.266 | 30.116.266 | 30.116.266 | 30.049.079,Defensa
Germán Parreño,Deportivo,0 | 0 | 0 | 0 | 0 | +692,"0,00% | 0,00% | 0,00% | 0,00% | 0,00% | +0,10%",,29ddías,701.836,702.633 | 702.633 | 702.633 | 702.633 | 702.633 | 701.144,Portero
Boselli,Getafe,0 | 0 | 0 | 0 | 0 | +2.852,"0,00% | 0,00% | 0,00% | 0,00% | 0,00% | +0,10%",,29ddías,2.890.396,2.893.999 | 2.893.999 | 2.893.999 | 2.893.999 | 2.893.999 | 2.887.544,Defensa
Sangaré,Elche,0 | 0 | 0 | 0 | 0 | +3.958,"0,00% | 0,00% | 0,00% | 0,00% | 0,00% | +0,10%",,29ddías,4.010.501,4.015.501 | 4.015.501 | 4.015.501 | 4.015.501 | 4.015.501 | 4.006.543,Defensa
Lamini Fati,Real Madrid,0 | 0 | 0 | 0 | 0 | -23.947,"0,00% | 0,00% | 0,00% | 0,00% | 0,00% | -3,42%",,29ddías,677.197,677.955 | 677.955 | 677.955 | 677.955 | 677.955 | 701.144,Defensa
Antañón,Celta,0 | 0 | 0 | 0 | 0 | -19.941,"0,00% | 0,00% | 0,00% | 0,00% | 0,00% | -3,32%",,29ddías,581.040,581.700 | 581.700 | 581.700 | 581.700 | 581.700 | 600.981,Mediocampista
Ochieng,Real Sociedad,0 | 0 | 0 | 0 | 0 | +692,"0,00% | 0,00% | 0,00% | 0,00% | 0,00% | +0,10%",,29ddías,701.836,702.633 | 702.633 | 702.633 | 702.633 | 702.633 | 701.144,Mediocampista
Morcillo,Atlético,0 | 0 | 0 | 0 | 0 | +692,"0,00% | 0,00% | 0,00% | 0,00% | 0,00% | +0,10%",,29ddías,701.836,702.702 | 702.702 | 702.702 | 702.702 | 702.702 | 701.144,Mediocampista
Cubo,Atlético,0 | 0 | 0 | 0 | 0 | +593,"0,00% | 0,00% | 0,00% | 0,00% | 0,00% | +0,10%",,29ddías,601.574,602.316 | 602.316 | 602.316 | 602.316 | 602.316 | 600.981,Delantero
Hugo Ríos,Deportivo,0 | 0 | 0 | 0 | 0 | +890,"0,00% | 0,00% | 0,00% | 0,00% | 0,00% | +0,10%",,29ddías,902.361,903.386 | 903.386 | 903.386 | 903.386 | 903.386 | 901.471,Portero
Teijo,Deportivo,0 | 0 | 0 | 0 | 0 | +593,"0,00% | 0,00% | 0,00% | 0,00% | 0,00% | +0,10%",,29ddías,601.574,602.257 | 602.257 | 602.257 | 602.257 | 602.257 | 600.981,Defensa
Galilea,Málaga,0 | 0 | 0 | 0 | 0 | +4.205,"0,00% | 0,00% | 0,00% | 0,00% | 0,00% | +0,10%",,29ddías,4.261.157,4.265.932 | 4.265.932 | 4.265.932 | 4.265.932 | 4.265.932 | 4.256.952,Defensa
Canedo,Deportivo,0 | 0 | 0 | 0 | 0 | +593,"0,00% | 0,00% | 0,00% | 0,00% | 0,00% | +0,10%",,29ddías,601.574,602.257 | 602.257 | 602.257 | 602.257 | 602.257 | 600.981,Defensa
Samu Fernández,Deportivo,0 | 0 | 0 | 0 | 0 | +692,"0,00% | 0,00% | 0,00% | 0,00% | 0,00% | +0,10%",,29ddías,701.836,702.633 | 702.633 | 702.633 | 702.633 | 702.633 | 701.144,Defensa
Noé Carrillo,Deportivo,0 | 0 | 0 | 0 | 0 | +692,"0,00% | 0,00% | 0,00% | 0,00% | 0,00% | +0,10%",,29ddías,701.836,702.633 | 702.633 | 702.633 | 702.633 | 702.633 | 701.144,Mediocampista
Rubén López,Deportivo,0 | 0 | 0 | 0 | 0 | +494,"0,00% | 0,00% | 0,00% | 0,00% | 0,00% | +0,10%",,29ddías,501.311,501.880 | 501.880 | 501.880 | 501.880 | 501.880 | 500.817,Mediocampista
Bil Nsongo,Deportivo,0 | 0 | 0 | 0 | 0 | +6.432,"0,00% | 0,00% | 0,00% | 0,00% | 0,00% | +0,10%",,29ddías,6.517.065,6.524.473 | 6.524.473 | 6.524.473 | 6.524.473 | 6.524.473 | 6.510.633,Delantero
Osorio,Elche,0 | 0 | 0 | 0 | 0 | +1.385,"0,00% | 0,00% | 0,00% | 0,00% | 0,00% | +0,10%",,29ddías,1.403.675,1.405.425 | 1.405.425 | 1.405.425 | 1.405.425 | 1.405.425 | 1.402.290,Delantero
Céspedes,Málaga,0 | 0 | 0 | 0 | 0 | +395,"0,00% | 0,00% | 0,00% | 0,00% | 0,00% | +0,10%",,29ddías,401.049,401.498 | 401.498 | 401.498 | 401.498 | 401.498 | 400.654,Portero
Rafa GarridoRafita,Málaga,0 | 0 | 0 | 0 | 0 | +4.947,"0,00% | 0,00% | 0,00% | 0,00% | 0,00% | +0,10%",,29ddías,5.013.126,5.018.744 | 5.018.744 | 5.018.744 | 5.018.744 | 5.018.744 | 5.008.179,Defensa
Espart,Barcelona,0 | 0 | 0 | 0 | 0 | +692,"0,00% | 0,00% | 0,00% | 0,00% | 0,00% | +0,10%",,29ddías,701.836,702.705 | 702.705 | 702.705 | 702.705 | 702.705 | 701.144,Defensa
Folgado,Real Sociedad,0 | 0 | 0 | 0 | 0 | +692,"0,00% | 0,00% | 0,00% | 0,00% | 0,00% | +0,10%",,29ddías,701.836,702.606 | 702.606 | 702.606 | 702.606 | 702.606 | 701.144,Portero
Adrián Pérez,Athletic,0 | 0 | 0 | 0 | 0 | +593,"0,00% | 0,00% | 0,00% | 0,00% | 0,00% | +0,10%",,29ddías,601.574,602.257 | 602.257 | 602.257 | 602.257 | 602.257 | 600.981,Delantero
Alberto,Sevilla,0 | 0 | 0 | 0 | 0 | +692,"0,00% | 0,00% | 0,00% | 0,00% | 0,00% | +0,10%",,29ddías,701.836,702.633 | 702.633 | 702.633 | 702.633 | 702.633 | 701.144,Portero
Mario Martín,Getafe,0 | 0 | 0 | 0 | 0 | +3.958,"0,00% | 0,00% | 0,00% | 0,00% | 0,00% | +0,10%",,29ddías,4.010.501,4.015.472 | 4.015.472 | 4.015.472 | 4.015.472 | 4.015.472 | 4.006.543,Mediocampista
Martín,Barcelona,0 | 0 | 0 | 0 | 0 | +30.082,"0,00% | 0,00% | 0,00% | 0,00% | 0,00% | +0,10%",,29ddías,30.479.815,30.517.596 | 30.517.596 | 30.517.596 | 30.517.596 | 30.517.596 | 30.449.733,Defensa
Javi Rodríguez,Celta,0 | 0 | 0 | 0 | 0 | +9.895,"0,00% | 0,00% | 0,00% | 0,00% | 0,00% | +0,10%",,29ddías,10.026.254,10.037.652 | 10.037.652 | 10.037.652 | 10.037.652 | 10.037.652 | 10.016.359,Defensa
Jon Martín,Real Sociedad,0 | 0 | 0 | 0 | 0 | +29.687,"0,00% | 0,00% | 0,00% | 0,00% | 0,00% | +0,10%",,29ddías,30.078.766,30.111.790 | 30.111.790 | 30.111.790 | 30.111.790 | 30.111.790 | 30.049.079,Defensa
Iturbe,Elche,0 | 0 | 0 | 0 | 0 | +791,"0,00% | 0,00% | 0,00% | 0,00% | 0,00% | +0,10%",,29ddías,802.099,802.099 | 802.099 | 802.099 | 802.099 | 802.099 | 801.308,Portero
Otorbi,Valencia,0 | 0 | 0 | 0 | 0 | +593,"0,00% | 0,00% | 0,00% | 0,00% | 0,00% | +0,10%",,29ddías,601.574,602.292 | 602.292 | 602.292 | 602.292 | 602.292 | 600.981,Delantero
Manu González,Betis,0 | 0 | 0 | 0 | 0 | -19.941,"0,00% | 0,00% | 0,00% | 0,00% | 0,00% | -3,32%",,29ddías,581.040,581.691 | 581.691 | 581.691 | 581.691 | 581.691 | 600.981,Portero
Alfon,Sevilla,0 | 0 | 0 | 0 | 0 | +6.926,"0,00% | 0,00% | 0,00% | 0,00% | 0,00% | +0,10%",,29ddías,7.018.377,7.026.761 | 7.026.761 | 7.026.761 | 7.026.761 | 7.026.761 | 7.011.451,Delantero
Risco,Getafe,0 | 0 | 0 | 0 | 0 | +692,"0,00% | 0,00% | 0,00% | 0,00% | 0,00% | +0,10%",,29ddías,701.836,702.705 | 702.705 | 702.705 | 702.705 | 702.705 | 701.144,Mediocampista
De la Sías,Rayo,0 | 0 | 0 | 0 | 0 | +593,"0,00% | 0,00% | 0,00% | 0,00% | 0,00% | +0,10%",,29ddías,601.574,602.234 | 602.234 | 602.234 | 602.234 | 602.234 | 600.981,Defensa
Cabanes,Villarreal,0 | 0 | 0 | 0 | 0 | +593,"0,00% | 0,00% | 0,00% | 0,00% | 0,00% | +0,10%",,29ddías,601.574,602.292 | 602.292 | 602.292 | 602.292 | 602.292 | 600.981,Delantero
Padilla,Athletic,0 | 0 | 0 | 0 | 0 | +1.484,"0,00% | 0,00% | 0,00% | 0,00% | 0,00% | +0,10%",,29ddías,1.503.937,1.505.588 | 1.505.588 | 1.505.588 | 1.505.588 | 1.505.588 | 1.502.453,Portero
Szczesny,Barcelona,0 | 0 | 0 | 0 | 0 | +3.166,"0,00% | 0,00% | 0,00% | 0,00% | 0,00% | +0,10%",,29ddías,3.208.400,3.208.400 | 3.208.400 | 3.208.400 | 3.208.400 | 3.208.400 | 3.205.234,Portero
Spina,Atlético,0 | 0 | 0 | 0 | 0 | +692,"0,00% | 0,00% | 0,00% | 0,00% | 0,00% | +0,10%",,29ddías,701.836,702.702 | 702.702 | 702.702 | 702.702 | 702.702 | 701.144,Defensa
Toni Fernández,Barcelona,0 | 0 | 0 | 0 | 0 | +593,"0,00% | 0,00% | 0,00% | 0,00% | 0,00% | +0,10%",,29ddías,601.574,602.319 | 602.319 | 602.319 | 602.319 | 602.319 | 600.981,Delantero
Guille,Barcelona,0 | 0 | 0 | 0 | 0 | +692,"0,00% | 0,00% | 0,00% | 0,00% | 0,00% | +0,10%",,29ddías,701.836,702.705 | 702.705 | 702.705 | 702.705 | 702.705 | 701.144,Mediocampista
El-Abdellaoui,Celta,0 | 0 | 0 | 0 | 0 | +1.286,"0,00% | 0,00% | 0,00% | 0,00% | 0,00% | +0,10%",,29ddías,1.303.412,1.304.893 | 1.304.893 | 1.304.893 | 1.304.893 | 1.304.893 | 1.302.126,Delantero
Lago,Celta,0 | 0 | 0 | 0 | 0 | +692,"0,00% | 0,00% | 0,00% | 0,00% | 0,00% | +0,10%",,29ddías,701.836,702.633 | 702.633 | 702.633 | 702.633 | 702.633 | 701.144,Defensa
Mestre,Real Madrid,0 | 0 | 0 | 0 | 0 | +668,"0,00% | 0,00% | 0,00% | 0,00% | 0,00% | +0,10%",,29ddías,677.102,677.860 | 677.860 | 677.860 | 677.860 | 677.860 | 676.434,Portero
Jiménez,Real Madrid,0 | 0 | 0 | 0 | 0 | +593,"0,00% | 0,00% | 0,00% | 0,00% | 0,00% | +0,10%",,29ddías,601.574,602.248 | 602.248 | 602.248 | 602.248 | 602.248 | 600.981,Defensa
Rubén Gómez,Villarreal,0 | 0 | 0 | 0 | 0 | +593,"0,00% | 0,00% | 0,00% | 0,00% | 0,00% | +0,10%",,29ddías,601.574,602.292 | 602.292 | 602.292 | 602.292 | 602.292 | 600.981,Portero
Rayane,Atlético,0 | 0 | 0 | 0 | 0 | -23.947,"0,00% | 0,00% | 0,00% | 0,00% | 0,00% | -3,42%",,29ddías,677.197,678.006 | 678.006 | 678.006 | 678.006 | 678.006 | 701.144,Delantero
Ferrer,Getafe,0 | 0 | 0 | 0 | 0 | +692,"0,00% | 0,00% | 0,00% | 0,00% | 0,00% | +0,10%",,29ddías,701.836,702.705 | 702.705 | 702.705 | 702.705 | 702.705 | 701.144,Portero
Losada,Betis,0 | 0 | 0 | 0 | 0 | +2.473,"0,00% | 0,00% | 0,00% | 0,00% | 0,00% | +0,10%",,29ddías,2.506.562,2.509.378 | 2.509.378 | 2.509.378 | 2.509.378 | 2.509.378 | 2.504.089,Delantero
Ortiz,Betis,0 | 0 | 0 | 0 | 0 | +1.682,"0,00% | 0,00% | 0,00% | 0,00% | 0,00% | +0,10%",,29ddías,1.704.462,1.706.372 | 1.706.372 | 1.706.372 | 1.706.372 | 1.706.372 | 1.702.780,Defensa
Kike Barja,Osasuna,0 | 0 | 0 | 0 | 0 | +2.770,"0,00% | 0,00% | 0,00% | 0,00% | 0,00% | +0,10%",,29ddías,2.807.349,2.810.828 | 2.810.828 | 2.810.828 | 2.810.828 | 2.810.828 | 2.804.579,Delantero
Agirrezabala,Athletic,0 | 0 | 0 | 0 | 0 | +2.869,"0,00% | 0,00% | 0,00% | 0,00% | 0,00% | +0,10%",,29ddías,2.907.612,2.911.085 | 2.911.085 | 2.911.085 | 2.911.085 | 2.911.085 | 2.904.743,Portero
Villalibre,Racing,0 | 0 | 0 | 0 | 0 | +7.421,"0,00% | 0,00% | 0,00% | 0,00% | 0,00% | +0,10%",,29ddías,7.519.690,7.527.946 | 7.527.946 | 7.527.946 | 7.527.946 | 7.527.946 | 7.512.269,Delantero
Koke,Atlético,0 | 0 | 0 | 0 | 0 | +17.515,"0,00% | 0,00% | 0,00% | 0,00% | 0,00% | +0,10%",,29ddías,17.746.471,17.767.671 | 17.767.671 | 17.767.671 | 17.767.671 | 17.767.671 | 17.728.956,Mediocampista
A. Christensen,Barcelona,0 | 0 | 0 | 0 | 0 | +4.947,"0,00% | 0,00% | 0,00% | 0,00% | 0,00% | +0,10%",,29ddías,5.013.126,5.019.340 | 5.019.340 | 5.019.340 | 5.019.340 | 5.019.340 | 5.008.179,Defensa
Chust,Elche,0 | 0 | 0 | 0 | 0 | +4.947,"0,00% | 0,00% | 0,00% | 0,00% | 0,00% | +0,10%",,29ddías,5.013.126,5.019.376 | 5.019.376 | 5.019.376 | 5.019.376 | 5.019.376 | 5.008.179,Defensa
Dotor,Málaga,0 | 0 | 0 | 0 | 0 | +3.958,"0,00% | 0,00% | 0,00% | 0,00% | 0% | +0,10%",,29ddías,4.010.501,4.014.904 | 4.014.904 | 4.014.904 | 4.014.904 | 0 | 4.006.543,Mediocampista
Djené,Getafe,0 | 0 | 0 | 0 | 0 | +8.312,"0,00% | 0,00% | 0,00% | 0,00% | 0,00% | +0,10%",,29ddías,8.422.053,8.432.492 | 8.432.492 | 8.432.492 | 8.432.492 | 8.432.492 | 8.413.741,Defensa
Soria,Getafe,0 | 0 | 0 | 0 | 0 | -760.254,"0,00% | 0,00% | 0,00% | 0,00% | 0,00% | -3,80%",,29ddías,19.272.465,19.296.354 | 19.296.354 | 19.296.354 | 19.296.354 | 19.296.354 | 20.032.719,Portero
Iglesias,Sevilla,0 | 0 | 0 | 0 | 0 | +12.369,"0,00% | 0,00% | 0,00% | 0,00% | 0,00% | +0,10%",,29ddías,12.532.818,12.548.352 | 12.548.352 | 12.548.352 | 12.548.352 | 12.548.352 | 12.520.449,Defensa
Villar,Elche,0 | 0 | 0 | 0 | 0 | +6.926,"0,00% | 0,00% | 0,00% | 0,00% | 0,00% | +0,10%",,29ddías,7.018.377,7.027.127 | 7.027.127 | 7.027.127 | 7.027.127 | 7.027.127 | 7.011.451,Mediocampista
Dimitrievski,Valencia,0 | 0 | 0 | 0 | 0 | +11.874,"0,00% | 0,00% | 0,00% | 0,00% | 0,00% | +0,10%",,29ddías,12.031.505,12.045.877 | 12.045.877 | 12.045.877 | 12.045.877 | 12.045.877 | 12.019.631,Portero
Carlos Martín,Atlético,0 | 0 | 0 | 0 | 0 | +2.187,"0,00% | 0,00% | 0,00% | 0,00% | 0,00% | +0,10%",,29ddías,2.215.971,2.218.490 | 2.218.490 | 2.218.490 | 2.218.490 | 2.218.490 | 2.213.784,Mediocampista
Fraga,Real Sociedad,0 | 0 | 0 | 0 | 0 | +593,"0,00% | 0,00% | 0,00% | 0,00% | 0,00% | +0,10%",,29ddías,601.574,602.234 | 602.234 | 602.234 | 602.234 | 602.234 | 600.981,Portero
Pedrosa,Sevilla,0 | 0 | 0 | 0 | 0 | +3.265,"0,00% | 0,00% | 0,00% | 0,00% | 0,00% | +0,10%",,29ddías,3.308.663,3.312.788 | 3.312.788 | 3.312.788 | 3.312.788 | 3.312.788 | 3.305.398,Defensa
Rafa Mir,Sevilla,0 | 0 | 0 | 0 | 0 | +6.926,"0,00% | 0,00% | 0,00% | 0,00% | 0,00% | +0,10%",,29ddías,7.018.377,7.027.127 | 7.027.127 | 7.027.127 | 7.027.127 | 7.027.127 | 7.011.451,Delantero
Manu Bueno,Sevilla,0 | 0 | 0 | 0 | 0 | +791,"0,00% | 0,00% | 0,00% | 0,00% | 0,00% | +0,10%",,29ddías,802.099,802.099 | 802.099 | 802.099 | 802.099 | 802.099 | 801.308,Mediocampista
Hugo González,Celta,0 | 0 | 0 | 0 | 0 | +1.484,"0,00% | 0,00% | 0,00% | 0,00% | 0,00% | +0,10%",,29ddías,1.503.937,1.505.646 | 1.505.646 | 1.505.646 | 1.505.646 | 1.505.646 | 1.502.453,Mediocampista
Iranzo,Valencia,0 | 0 | 0 | 0 | 0 | +593,"0,00% | 0,00% | 0,00% | 0,00% | 0,00% | +0,10%",,29ddías,601.574,602.292 | 602.292 | 602.292 | 602.292 | 602.292 | 600.981,Defensa
Terrats,Getafe,0 | 0 | 0 | 0 | 0 | +2.770,"0,00% | 0,00% | 0,00% | 0,00% | 0,00% | +0,10%",,29ddías,2.807.349,2.810.495 | 2.810.495 | 2.810.495 | 2.810.495 | 2.810.495 | 2.804.579,Mediocampista
Monreal,Athletic,0 | 0 | 0 | 0 | 0 | +593,"0,00% | 0,00% | 0,00% | 0,00% | 0,00% | +0,10%",,29ddías,601.574,602.257 | 602.257 | 602.257 | 602.257 | 602.257 | 600.981,Defensa
Joan Garcia,Barcelona,0 | 0 | 0 | 0 | 0 | +49.478,"0,00% | 0,00% | 0,00% | 0,00% | 0,00% | +0,10%",,29ddías,50.131.277,50.193.416 | 50.193.416 | 50.193.416 | 50.193.416 | 50.193.416 | 50.081.799,Portero
Calero,Málaga,0 | 0 | 0 | 0 | 0 | +3.463,"0,00% | 0,00% | 0,00% | 0,00% | 0,00% | +0,10%",,29ddías,3.509.188,3.513.120 | 3.513.120 | 3.513.120 | 3.513.120 | 3.513.120 | 3.505.725,Defensa
Mendy,Rayo,0 | 0 | 0 | 0 | 0 | +5.937,"0,00% | 0,00% | 0,00% | 0,00% | 0,00% | +0,10%",,29ddías,6.015.752,6.022.356 | 6.022.356 | 6.022.356 | 6.022.356 | 6.022.356 | 6.009.815,Defensa
Valou,Getafe,0 | 0 | 0 | 0 | 0 | +593,"0,00% | 0,00% | 0,00% | 0,00% | 0,00% | +0,10%",,29ddías,601.574,602.292 | 602.292 | 602.292 | 602.292 | 602.292 | 600.981,Defensa
Osambela,Osasuna,0 | 0 | 0 | 0 | 0 | +494,"0,00% | 0,00% | 0,00% | 0,00% | 0,00% | +0,10%",,29ddías,501.311,501.932 | 501.932 | 501.932 | 501.932 | 501.932 | 500.817,Mediocampista
Hugo López,Villarreal,0 | 0 | 0 | 0 | 0 | +478,"0,00% | 0,00% | 0,00% | 0,00% | 0,00% | +0,10%",,29ddías,484.821,485.400 | 485.400 | 485.400 | 485.400 | 485.400 | 484.343,Mediocampista
Echegoyen,Osasuna,0 | 0 | 0 | 0 | 0 | -19.130,"0,00% | 0,00% | 0,00% | 0,00% | 0,00% | -3,29%",,29ddías,561.590,562.286 | 562.286 | 562.286 | 562.286 | 562.286 | 580.720,Mediocampista
Josan,Elche,0 | 0 | 0 | 0 | 0 | +1.187,"0,00% | 0,00% | 0,00% | 0,00% | 0,00% | +0,10%",,29ddías,1.203.150,1.204.650 | 1.204.650 | 1.204.650 | 1.204.650 | 1.204.650 | 1.201.963,Mediocampista
Davinchi,Getafe,0 | 0 | 0 | 0 | 0 | +2.968,"0,00% | 0,00% | 0,00% | 0,00% | 0,00% | +0,10%",,29ddías,3.007.875,3.011.603 | 3.011.603 | 3.011.603 | 3.011.603 | 3.011.603 | 3.004.907,Defensa
Mastantuono,Real Madrid,0 | 0 | 0 | 0 | 0 | +9.895,"0,00% | 0,00% | 0,00% | 0,00% | 0,00% | +0,10%",,29ddías,10.026.254,10.037.262 | 10.037.262 | 10.037.262 | 10.037.262 | 10.037.262 | 10.016.359,Delantero
Aller,Barcelona,0 | 0 | 0 | 0 | 0 | +692,"0,00% | 0,00% | 0,00% | 0,00% | 0,00% | +0,10%",,29ddías,701.836,702.705 | 702.705 | 702.705 | 702.705 | 702.705 | 701.144,Portero
Martínez Bastida,Elche,0 | 0 | 0 | 0 | 0 | +593,"0,00% | 0,00% | 0,00% | 0,00% | 0,00% | +0,10%",,29ddías,601.574,602.324 | 602.324 | 602.324 | 602.324 | 602.324 | 600.981,Mediocampista
Taufik,Atlético,0 | 0 | 0 | 0 | 0 | +593,"0,00% | 0,00% | 0,00% | 0,00% | 0,00% | +0,10%",,29ddías,601.574,602.316 | 602.316 | 602.316 | 602.316 | 602.316 | 600.981,Mediocampista
Adam Boayar,Elche,0 | 0 | 0 | 0 | 0 | +692,"0,00% | 0,00% | 0,00% | 0,00% | 0,00% | +0,10%",,29ddías,701.836,702.711 | 702.711 | 702.711 | 702.711 | 702.711 | 701.144,Mediocampista
Santos,Athletic,0 | 0 | 0 | 0 | 0 | +692,"0,00% | 0,00% | 0,00% | 0,00% | 0,00% | +0,10%",,29ddías,701.836,702.606 | 702.606 | 702.606 | 702.606 | 702.606 | 701.144,Portero
Krug,Levante,0 | 0 | 0 | 0 | 0 | +593,"0,00% | 0,00% | 0,00% | 0,00% | 0,00% | +0,10%",,29ddías,601.574,602.249 | 602.249 | 602.249 | 602.249 | 602.249 | 600.981,Defensa
Navarro,Valencia,0 | 0 | 0 | 0 | 0 | +494,"0,00% | 0,00% | 0,00% | 0,00% | 0,00% | +0,10%",,29ddías,501.311,501.909 | 501.909 | 501.909 | 501.909 | 501.909 | 500.817,Defensa
Becerra,Rayo,0 | 0 | 0 | 0 | 0 | -19.941,"0,00% | 0,00% | 0,00% | 0,00% | 0,00% | -3,32%",,29ddías,581.040,581.700 | 581.700 | 581.700 | 581.700 | 581.700 | 600.981,Mediocampista
Oso,Sevilla,0 | 0 | 0 | 0 | 0 | +13.853,"0,00% | 0,00% | 0,00% | 0,00% | 0,00% | +0,10%",,29ddías,14.036.756,14.053.332 | 14.053.332 | 14.053.332 | 14.053.332 | 14.053.332 | 14.022.903,Defensa
Álex Costa,Sevilla,0 | 0 | 0 | 0 | 0 | +593,"0,00% | 0,00% | 0,00% | 0,00% | 0,00% | +0,10%",,29ddías,601.574,602.284 | 602.284 | 602.284 | 602.284 | 602.284 | 600.981,Delantero
Riedel,Espanyol,0 | 0 | 0 | 0 | 0 | +5.442,"0,00% | 0,00% | 0,00% | 0,00% | 0,00% | +0,10%",,29ddías,5.514.439,5.520.618 | 5.520.618 | 5.520.618 | 5.520.618 | 5.520.618 | 5.508.997,Defensa
Vlachodimos,Sevilla,0 | 0 | 0 | 0 | 0 | +14.843,"0,00% | 0,00% | 0,00% | 0,00% | 0,00% | +0,10%",,29ddías,15.039.382,15.056.479 | 15.056.479 | 15.056.479 | 15.056.479 | 15.056.479 | 15.024.539,Portero
Ryan,Levante,0 | 0 | 0 | 0 | 0 | +13.359,"0,00% | 0,00% | 0,00% | 0,00% | 0,00% | +0,10%",,29ddías,13.535.444,13.550.652 | 13.550.652 | 13.550.652 | 13.550.652 | 13.550.652 | 13.522.085,Portero
Blázquez,Valencia,0 | 0 | 0 | 0 | 0 | +573,"0,00% | 0,00% | 0,00% | 0,00% | 0,00% | +0,10%",,29ddías,580.962,581.656 | 581.656 | 581.656 | 581.656 | 581.656 | 580.389,Delantero
Sierra,Sevilla,0 | 0 | 0 | 0 | 0 | +593,"0,00% | 0,00% | 0,00% | 0,00% | 0,00% | +0,10%",,29ddías,601.574,602.284 | 602.284 | 602.284 | 602.284 | 602.284 | 600.981,Delantero
Altozano,Sevilla,0 | 0 | 0 | 0 | 0 | +593,"0,00% | 0,00% | 0,00% | 0,00% | 0,00% | +0,10%",,29ddías,601.574,602.284 | 602.284 | 602.284 | 602.284 | 602.284 | 600.981,Mediocampista
Nacho Pérez,Levante,0 | 0 | 0 | 0 | 0 | -19.941,"0,00% | 0,00% | 0,00% | 0,00% | 0,00% | -3,32%",,29ddías,581.040,581.692 | 581.692 | 581.692 | 581.692 | 581.692 | 600.981,Defensa
Corralejo,Betis,0 | 0 | 0 | 0 | 0 | +593,"0,00% | 0,00% | 0,00% | 0,00% | 0,00% | +0,10%",,29ddías,601.574,602.248 | 602.248 | 602.248 | 602.248 | 602.248 | 600.981,Mediocampista
Niculaesei,Elche,0 | 0 | 0 | 0 | 0 | +791,"0,00% | 0,00% | 0,00% | 0,00% | 0,00% | +0,10%",,29ddías,802.099,803.099 | 803.099 | 803.099 | 803.099 | 803.099 | 801.308,Defensa
Vertrouwd,Rayo,0 | 0 | 0 | 0 | 0 | +989,"0,00% | 0,00% | 0,00% | 0,00% | 0,00% | +0,10%",,29ddías,1.002.625,1.003.725 | 1.003.725 | 1.003.725 | 1.003.725 | 1.003.725 | 1.001.636,Defensa
Juanpe,Rayo,0 | 0 | 0 | 0 | 0 | +593,"0,00% | 0,00% | 0,00% | 0,00% | 0,00% | +0,10%",,29ddías,601.574,602.234 | 602.234 | 602.234 | 602.234 | 602.234 | 600.981,Portero
Molina,Rayo,0 | 0 | 0 | 0 | 0 | +593,"0,00% | 0,00% | 0,00% | 0,00% | 0,00% | +0,10%",,29ddías,601.574,602.234 | 602.234 | 602.234 | 602.234 | 602.234 | 600.981,Portero
Yáñez,Real Madrid,0 | 0 | 0 | 0 | 0 | +692,"0,00% | 0,00% | 0,00% | 0,00% | 0,00% | +0,10%",,29ddías,701.836,702.606 | 702.606 | 702.606 | 702.606 | 702.606 | 701.144,Delantero
D. Aguado,Real Madrid,0 | 0 | 0 | 0 | 0 | +763,"0,00% | 0,00% | 0,00% | 0,00% | 0,00% | +0,10%",,29ddías,773.243,774.109 | 774.109 | 774.109 | 774.109 | 774.109 | 772.480,Defensa
Fran González,Sevilla,0 | 0 | 0 | 0 | 0 | +692,"0,00% | 0,00% | 0,00% | 0,00% | 0,00% | +0,10%",,29ddías,701.836,702.622 | 702.622 | 702.622 | 702.622 | 702.622 | 701.144,Portero
Mariezkurrena,Real Sociedad,0 | 0 | 0 | 0 | 0 | -23.947,"0,00% | 0,00% | 0,00% | 0,00% | 0,00% | -3,42%",,29ddías,677.197,677.966 | 677.966 | 677.966 | 677.966 | 677.966 | 701.144,Delantero
Castrín,Sevilla,0 | 0 | 0 | 0 | 0 | +4.754,"0,00% | 0,00% | 0,00% | 0,00% | 0,00% | +0,10%",,29ddías,4.817.328,4.823.016 | 4.823.016 | 4.823.016 | 4.823.016 | 4.823.016 | 4.812.574,Defensa
Rafa,Sevilla,0 | 0 | 0 | 0 | 0 | +593,"0,00% | 0,00% | 0,00% | 0,00% | 0,00% | +0,10%",,29ddías,601.574,602.257 | 602.257 | 602.257 | 602.257 | 602.257 | 600.981,Portero
Diatta,Villarreal,0 | 0 | 0 | 0 | 0 | +573,"0,00% | 0,00% | 0,00% | 0,00% | 0,00% | +0,10%",,29ddías,580.962,581.656 | 581.656 | 581.656 | 581.656 | 581.656 | 580.389,Mediocampista
Pablo García,Betis,0 | 0 | 0 | 0 | 0 | +2.473,"0,00% | 0,00% | 0,00% | 0,00% | 0,00% | +0,10%",,29ddías,2.506.562,2.509.371 | 2.509.371 | 2.509.371 | 2.509.371 | 2.509.371 | 2.504.089,Delantero
Bekhoucha,Getafe,0 | 0 | 0 | 0 | 0 | +1.088,"0,00% | 0,00% | 0,00% | 0,00% | 0,00% | +0,10%",,29ddías,1.102.887,1.104.254 | 1.104.254 | 1.104.254 | 1.104.254 | 1.104.254 | 1.101.799,Defensa
Arguibide,Osasuna,0 | 0 | 0 | 0 | 0 | +573,"0,00% | 0,00% | 0,00% | 0,00% | 0,00% | +0,10%",,29ddías,581.293,582.013 | 582.013 | 582.013 | 582.013 | 582.013 | 580.720,Defensa
Fortuny,Real Madrid,0 | 0 | 0 | 0 | 0 | +593,"0,00% | 0,00% | 0,00% | 0,00% | 0,00% | +0,10%",,29ddías,601.574,602.234 | 602.234 | 602.234 | 602.234 | 602.234 | 600.981,Mediocampista
Primo,Levante,0 | 0 | 0 | 0 | 0 | +1.088,"0,00% | 0,00% | 0,00% | 0,00% | 0,00% | +0,10%",,29ddías,1.102.887,1.104.126 | 1.104.126 | 1.104.126 | 1.104.126 | 1.104.126 | 1.101.799,Portero
Vencedor,Athletic,0 | 0 | 0 | 0 | 0 | +2.177,"0,00% | 0,00% | 0,00% | 0,00% | 0,00% | +0,10%",,29ddías,2.205.775,2.208.253 | 2.208.253 | 2.208.253 | 2.208.253 | 2.208.253 | 2.203.598,Mediocampista
Febas,Celta,0 | 0 | 0 | 0 | 0 | +24.739,"0,00% | 0,00% | 0,00% | 0,00% | 0,00% | +0,10%",,29ddías,25.065.638,25.096.888 | 25.096.888 | 25.096.888 | 25.096.888 | 25.096.888 | 25.040.899,Mediocampista
De la Fuente,Levante,0 | 0 | 0 | 0 | 0 | +13.853,"0,00% | 0,00% | 0,00% | 0,00% | 0,00% | +0,10%",,29ddías,14.036.756,14.052.528 | 14.052.528 | 14.052.528 | 14.052.528 | 14.052.528 | 14.022.903,Defensa
Luiz Felipe,Rayo,0 | 0 | 0 | 0 | 0 | +4.057,"0,00% | 0,00% | 0,00% | 0,00% | 0,00% | +0,10%",,29ddías,4.110.764,4.115.277 | 4.115.277 | 4.115.277 | 4.115.277 | 4.115.277 | 4.106.707,Defensa
Fortea,Real Madrid,0 | 0 | 0 | 0 | 0 | +791,"0,00% | 0,00% | 0,00% | 0,00% | 0,00% | +0,10%",,29ddías,802.099,802.099 | 802.099 | 802.099 | 802.099 | 802.099 | 801.308,Defensa
Rego,Athletic,0 | 0 | 0 | 0 | 0 | +4.947,"0,00% | 0,00% | 0,00% | 0,00% | 0,00% | +0,10%",,29ddías,5.013.126,5.018.825 | 5.018.825 | 5.018.825 | 5.018.825 | 5.018.825 | 5.008.179,Defensa
Esquivel,Atlético,0 | 0 | 0 | 0 | 0 | +593,"0,00% | 0,00% | 0,00% | 0,00% | 0,00% | +0,10%",,29ddías,601.574,602.292 | 602.292 | 602.292 | 602.292 | 602.292 | 600.981,Portero
Torrents,Barcelona,0 | 0 | 0 | 0 | 0 | +593,"0,00% | 0,00% | 0,00% | 0,00% | 0,00% | +0,10%",,29ddías,601.574,602.319 | 602.319 | 602.319 | 602.319 | 602.319 | 600.981,Defensa
Joselu,Getafe,0 | 0 | 0 | 0 | 0 | +593,"0,00% | 0,00% | 0,00% | 0,00% | 0,00% | +0,10%",,29ddías,601.574,602.319 | 602.319 | 602.319 | 602.319 | 602.319 | 600.981,Delantero
Cortés,Levante,0 | 0 | 0 | 0 | 0 | +791,"0,00% | 0,00% | 0,00% | 0,00% | 0,00% | +0,10%",,29ddías,802.099,803.000 | 803.000 | 803.000 | 803.000 | 803.000 | 801.308,Delantero
Thiago,Real Madrid,0 | 0 | 0 | 0 | 0 | +6.926,"0,00% | 0,00% | 0,00% | 0,00% | 0,00% | +0,10%",,29ddías,7.018.377,7.026.082 | 7.026.082 | 7.026.082 | 7.026.082 | 7.026.082 | 7.011.451,Mediocampista
Javi López,Real Sociedad,0 | 0 | 0 | 0 | 0 | 0,0% | 0% | 0% | 0% | 0% | 0%,,34ddías,1.656.670,0 | 0 | 0 | 0 | 0 | 0,Defensa
Carlos Espí,Real Madrid,0 | 0 | 0 | 0 | 0 | 0,0% | 0% | 0% | 0% | 0% | 0%,,34ddías,3.531.129,0 | 0 | 0 | 0 | 0 | 0,Delantero
Guido,Valencia,0 | 0 | 0 | 0 | 0 | 0,0% | 0% | 0% | 0% | 0% | 0%,,34ddías,1.925.541,0 | 0 | 0 | 0 | 0 | 0,Mediocampista
Thiago,Villarreal,0 | 0 | 0 | 0 | 0 | 0,0% | 0% | 0% | 0% | 0% | 0%,,34ddías,1.660.575,0 | 0 | 0 | 0 | 0 | 0,Mediocampista
Satriano,Getafe,0 | 0 | 0 | 0 | 0 | 0,0% | 0% | 0% | 0% | 0% | 0%,,34ddías,4.336.426,0 | 0 | 0 | 0 | 0 | 0,Delantero
Forés,Villarreal,0 | 0 | 0 | 0 | 0 | 0,0% | 0% | 0% | 0% | 0% | 0%,,34ddías,1.653.899,0 | 0 | 0 | 0 | 0 | 0,Delantero
Rincón,Athletic,0 | 0 | 0 | 0 | 0 | 0,0% | 0% | 0% | 0% | 0% | 0%,,34ddías,1.658.593,0 | 0 | 0 | 0 | 0 | 0,Defensa
Vargas,Sevilla,0 | 0 | 0 | 0 | 0 | 0,0% | 0% | 0% | 0% | 0% | 0%,,34ddías,4.930.955,0 | 0 | 0 | 0 | 0 | 0,Delantero
M. Alonso,Celta,0 | 0 | 0 | 0 | 0 | 0,0% | 0% | 0% | 0% | 0% | 0%,,34ddías,71.704.119,0 | 0 | 0 | 0 | 0 | 0,Defensa
Ter Stegen,Barcelona,0 | 0 | 0 | 0 | 0 | 0,0% | 0% | 0% | 0% | 0% | 0%,,34ddías,1.683.226,0 | 0 | 0 | 0 | 0 | 0,Portero
Lemar,Atlético,0 | 0 | 0 | 0 | 0 | 0,0% | 0% | 0% | 0% | 0% | 0%,,34ddías,1.680.630,0 | 0 | 0 | 0 | 0 | 0,Mediocampista
Bambo,Elche,0 | 0 | 0 | 0 | 0 | 0,0% | 0% | 0% | 0% | 0% | 0%,,153ddías,652.470,0 | 0 | 0 | 0 | 0 | 0,Defensa
Neyou,Getafe,0 | 0 | 0 | 0 | 0 | 0,0% | 0% | 0% | 0% | 0% | 0%,,183ddías,604.547,0 | 0 | 0 | 0 | 0 | 0,Mediocampista
Maras,Alavés,0 | 0 | 0 | 0 | 0 | 0,0% | 0% | 0% | 0% | 0% | 0%,,186ddías,590.024,0 | 0 | 0 | 0 | 0 | 0,Defensa
Diarra,Alavés,0 | 0 | 0 | 0 | 0 | 0,0% | 0% | 0% | 0% | 0% | 0%,,189ddías,591.470,0 | 0 | 0 | 0 | 0 | 0,Defensa
Goti,Real Sociedad,0 | 0 | 0 | 0 | 0 | 0,0% | 0% | 0% | 0% | 0% | 0%,,189ddías,590.263,0 | 0 | 0 | 0 | 0 | 0,Mediocampista
Ali Houary,Elche,0 | 0 | 0 | 0 | 0 | 0,0% | 0% | 0% | 0% | 0% | 0%,,193ddías,592.065,0 | 0 | 0 | 0 | 0 | 0,Delantero
Javier Hernández,Espanyol,0 | 0 | 0 | 0 | 0 | 0,0% | 0% | 0% | 0% | 0% | 0%,,207ddías,575.023,0 | 0 | 0 | 0 | 0 | 0,Delantero
Bauzà,Espanyol,0 | 0 | 0 | 0 | 0 | 0,0% | 0% | 0% | 0% | 0% | 0%,,335ddías,318.649,0 | 0 | 0 | 0 | 0 | 0,Mediocampista
Uche,Getafe,0 | 0 | 0 | 0 | 0 | 0,0% | 0% | 0% | 0% | 0% | 0%,,336ddías,12.405.015,0 | 0 | 0 | 0 | 0 | 0,Mediocampista
Pablo López,Valencia,0 | 0 | 0 | 0 | 0 | 0,0% | 0% | 0% | 0% | 0% | 0%,,336ddías,441.041,0 | 0 | 0 | 0 | 0 | 0,Delantero
Novoa,Alavés,0 | 0 | 0 | 0 | 0 | 0,0% | 0% | 0% | 0% | 0% | 0%,,337ddías,661.162,0 | 0 | 0 | 0 | 0 | 0,Defensa
Pelayo,Rayo,0 | 0 | 0 | 0 | 0 | 0,0% | 0% | 0% | 0% | 0% | 0%,,337ddías,1.722.279,0 | 0 | 0 | 0 | 0 | 0,Defensa
Alberto Marí,Valencia,0 | 0 | 0 | 0 | 0 | 0,0% | 0% | 0% | 0% | 0% | 0%,,337ddías,787.986,0 | 0 | 0 | 0 | 0 | 0,Delantero
Hinojo,Espanyol,0 | 0 | 0 | 0 | 0 | 0,0% | 0% | 0% | 0% | 0% | 0%,,341ddías,317.496,0 | 0 | 0 | 0 | 0 | 0,Defensa
Djaló,Athletic,0 | 0 | 0 | 0 | 0 | 0,0% | 0% | 0% | 0% | 0% | 0%,,372ddías,8.434.683,0 | 0 | 0 | 0 | 0 | 0,Delantero
Owono,Alavés,0 | 0 | 0 | 0 | 0 | 0,0% | 0% | 0% | 0% | 0% | 0%,,372ddías,828.372,0 | 0 | 0 | 0 | 0 | 0,Portero
Berrocal,Getafe,0 | 0 | 0 | 0 | 0 | 0,0% | 0% | 0% | 0% | 0% | 0%,,372ddías,1.058.833,0 | 0 | 0 | 0 | 0 | 0,Defensa
De Tomás,Rayo,0 | 0 | 0 | 0 | 0 | 0,0% | 0% | 0% | 0% | 0% | 0%,,376ddías,3.229.388,0 | 0 | 0 | 0 | 0 | 0,Delantero
De Llanos,Real Madrid,0 | 0 | 0 | 0 | 0 | 0,0% | 0% | 0% | 0% | 0% | 0%,,396ddías,1.622.168,0 | 0 | 0 | 0 | 0 | 0,Mediocampista
Raúl Jiménez,Valencia,0 | 0 | 0 | 0 | 0 | 0,0% | 0% | 0% | 0% | 0% | 0%,,396ddías,1.561.503,0 | 0 | 0 | 0 | 0 | 0,Portero
Yaakobishvili,Barcelona,0 | 0 | 0 | 0 | 0 | 0,0% | 0% | 0% | 0% | 0% | 0%,,396ddías,1.639.280,0 | 0 | 0 | 0 | 0 | 0,Portero
Canales,Athletic,0 | 0 | 0 | 0 | 0 | 0,0% | 0% | 0% | 0% | 0% | 0%,,396ddías,1.623.251,0 | 0 | 0 | 0 | 0 | 0,Delantero
Solà,Atlético,0 | 0 | 0 | 0 | 0 | 0,0% | 0% | 0% | 0% | 0% | 0%,,396ddías,1.640.523,0 | 0 | 0 | 0 | 0 | 0,Defensa
Eto'o,Rayo,0 | 0 | 0 | 0 | 0 | 0,0% | 0% | 0% | 0% | 0% | 0%,,396ddías,1.718.988,0 | 0 | 0 | 0 | 0 | 0,Delantero
Córdoba,Valencia,0 | 0 | 0 | 0 | 0 | 0,0% | 0% | 0% | 0% | 0% | 0%,,396ddías,1.548.667,0 | 0 | 0 | 0 | 0 | 0,Defensa
Eneko Ortiz,Villarreal,0 | 0 | 0 | 0 | 0 | 0,0% | 0% | 0% | 0% | 0% | 0%,,396ddías,1.718.986,0 | 0 | 0 | 0 | 0 | 0,Defensa
Collado,Sevilla,0 | 0 | 0 | 0 | 0 | 0,0% | 0% | 0% | 0% | 0% | 0%,,396ddías,1.718.988,0 | 0 | 0 | 0 | 0 | 0,Mediocampista
Medenica,Getafe,0 | 0 | 0 | 0 | 0 | 0,0% | 0% | 0% | 0% | 0% | 0%,,396ddías,1.560.264,0 | 0 | 0 | 0 | 0 | 0,Portero
Serred,Espanyol,0 | 0 | 0 | 0 | 0 | 0,0% | 0% | 0% | 0% | 0% | 0%,,396ddías,1.731.552,0 | 0 | 0 | 0 | 0 | 0,Portero
Gorka,Getafe,0 | 0 | 0 | 0 | 0 | 0,0% | 0% | 0% | 0% | 0% | 0%,,396ddías,1.718.986,0 | 0 | 0 | 0 | 0 | 0,Defensa
Carrillo,Celta,0 | 0 | 0 | 0 | 0 | 0,0% | 0% | 0% | 0% | 0% | 0%,,396ddías,1.567.556,0 | 0 | 0 | 0 | 0 | 0,Portero
Adrián,Alavés,0 | 0 | 0 | 0 | 0 | 0,0% | 0% | 0% | 0% | 0% | 0%,,396ddías,1.640.215,0 | 0 | 0 | 0 | 0 | 0,Portero
Cortés,Barcelona,0 | 0 | 0 | 0 | 0 | 0,0% | 0% | 0% | 0% | 0% | 0%,,396ddías,1.718.327,0 | 0 | 0 | 0 | 0 | 0,Defensa
Carlos,Atlético,0 | 0 | 0 | 0 | 0 | 0,0% | 0% | 0% | 0% | 0% | 0%,,396ddías,1.718.547,0 | 0 | 0 | 0 | 0 | 0,Defensa
Rupérez,Real Sociedad,0 | 0 | 0 | 0 | 0 | 0,0% | 0% | 0% | 0% | 0% | 0%,,396ddías,1.626.247,0 | 0 | 0 | 0 | 0 | 0,Defensa
Isra,Sevilla,0 | 0 | 0 | 0 | 0 | 0,0% | 0% | 0% | 0% | 0% | 0%,,396ddías,1.718.237,0 | 0 | 0 | 0 | 0 | 0,Delantero
Balda,Real Sociedad,0 | 0 | 0 | 0 | 0 | 0,0% | 0% | 0% | 0% | 0% | 0%,,396ddías,1.718.912,0 | 0 | 0 | 0 | 0 | 0,Defensa
Santana,Valencia,0 | 0 | 0 | 0 | 0 | 0,0% | 0% | 0% | 0% | 0% | 0%,,396ddías,1.723.821,0 | 0 | 0 | 0 | 0 | 0,Delantero
Olabarrieta,Athletic,0 | 0 | 0 | 0 | 0 | 0,0% | 0% | 0% | 0% | 0% | 0%,,396ddías,1.717.797,0 | 0 | 0 | 0 | 0 | 0,Delantero
Rivas,Real Madrid,0 | 0 | 0 | 0 | 0 | 0,0% | 0% | 0% | 0% | 0% | 0%,,396ddías,1.718.751,0 | 0 | 0 | 0 | 0 | 0,Defensa
Busto,Betis,0 | 0 | 0 | 0 | 0 | 0,0% | 0% | 0% | 0% | 0% | 0%,,396ddías,1.621.161,0 | 0 | 0 | 0 | 0 | 0,Defensa
Requena,Levante,0 | 0 | 0 | 0 | 0 | 0,0% | 0% | 0% | 0% | 0% | 0%,,396ddías,1.621.683,0 | 0 | 0 | 0 | 0 | 0,Mediocampista
Abril,Valencia,0 | 0 | 0 | 0 | 0 | 0,0% | 0% | 0% | 0% | 0% | 0%,,396ddías,1.728.051,0 | 0 | 0 | 0 | 0 | 0,Portero
Juan Cruz,Málaga,0 | 0 | 0 | 0 | 0 | 0,0% | 0% | 0% | 0% | 0% | 0%,,434ddías,19.968.443,0 | 0 | 0 | 0 | 0 | 0,Mediocampista
Morro,Rayo,0 | 0 | 0 | 0 | 0 | 0,0% | 0% | 0% | 0% | 0% | 0%,,700ddías,723.425,0 | 0 | 0 | 0 | 0 | 0,Portero
Mandi,Levante,0 | 0 | 0 | 0 | 0 | 0,0% | 0% | 0% | 0% | 0% | 0%,,717ddías,1.879.755,0 | 0 | 0 | 0 | 0 | 0,Defensa
Miguel,Alavés,0 | 0 | 0 | 0 | 0 | 0,0% | 0% | 0% | 0% | 0% | 0%,,718ddías,679.761,0 | 0 | 0 | 0 | 0 | 0,Delantero
Joseda,Alavés,0 | 0 | 0 | 0 | 0 | 0,0% | 0% | 0% | 0% | 0% | 0%,,762ddías,300.000,0 | 0 | 0 | 0 | 0 | 0,Defensa
Diallo,Alavés,0 | 0 | 0 | 0 | 0 | 0,0% | 0% | 0% | 0% | 0% | 0%,,763ddías,1.000.000,0 | 0 | 0 | 0 | 0 | 0,Mediocampista
Mario,Valencia,0 | 0 | 0 | 0 | 0 | 0,0% | 0% | 0% | 0% | 0% | 0%,,763ddías,500.000,0 | 0 | 0 | 0 | 0 | 0,Delantero
Mendes,Alavés,0 | 0 | 0 | 0 | 0 | 0,0% | 0% | 0% | 0% | 0% | 0%,,763ddías,500.000,0 | 0 | 0 | 0 | 0 | 0,Mediocampista
Ian Forns,Betis,0 | 0 | 0 | 0 | 0 | 0,0% | 0% | 0% | 0% | 0% | 0%,,763ddías,500.000,0 | 0 | 0 | 0 | 0 | 0,Defensa
Mario,Valencia,0 | 0 | 0 | 0 | 0 | 0,0% | 0% | 0% | 0% | 0% | 0%,,1ddías,760.408,0 | 0 | 0 | 0 | 0 | 0,Mediocampista