Jugador,Equipo,DiferenciaDif.,% Dif,Acel.,Tend.,Valor,Valor ant.Ant.,Posición
Karrikaburu,Real Sociedad,-4.586 | -10.619 | -16.278 | -47.977 | -124.876 | -390.944,"-0,87% | -1,99% | -3,02% | -8,42% | -19,30% | -42,82%",,47ddías,522.048,526.634 | 532.667 | 538.326 | 570.025 | 646.924 | 912.992,Delantero
Jurado,Valencia,0 | 0 | 0 | 0 | 0 | 0,"0,00% | 0,00% | 0,00% | 0,00% | 0,00% | 0,00%",,44ddías,602.292,602.292 | 602.292 | 602.292 | 602.292 | 602.292 | 602.292,Defensa
Meixús,Celta,0 | 0 | 0 | 0 | 0 | 0,"0,00% | 0,00% | 0,00% | 0,00% | 0,00% | 0,00%",,44ddías,485.372,485.372 | 485.372 | 485.372 | 485.372 | 485.372 | 485.372,Defensa
Óscar Marcos,Celta,0 | 0 | 0 | 0 | 0 | 0,"0,00% | 0,00% | 0,00% | 0,00% | 0,00% | 0,00%",,44ddías,602.257,602.257 | 602.257 | 602.257 | 602.257 | 602.257 | 602.257,Mediocampista
Al Lal,Elche,-2.765 | -6.902 | -10.585 | -23.575 | -23.575 | -23.575,"-0,57% | -1,42% | -2,16% | -4,70% | -4,70% | -4,70%",,5ddías,478.361,481.126 | 485.263 | 488.946 | 501.936 | 501.936 | 501.936,Delantero
Yassin,Getafe,0 | 0 | 0 | 0 | 0 | 0,"0,00% | 0,00% | 0,00% | 0,00% | 0,00% | 0,00%",,44ddías,501.932,501.932 | 501.932 | 501.932 | 501.932 | 501.932 | 501.932,Defensa
Marchal,Real Sociedad,0 | 0 | 0 | 0 | 0 | 0,"0,00% | 0,00% | 0,00% | 0,00% | 0,00% | 0,00%",,44ddías,602.234,602.234 | 602.234 | 602.234 | 602.234 | 602.234 | 602.234,Mediocampista
Panach,Valencia,0 | 0 | 0 | 0 | 0 | 0,"0,00% | 0,00% | 0,00% | 0,00% | 0,00% | 0,00%",,44ddías,501.909,501.909 | 501.909 | 501.909 | 501.909 | 501.909 | 501.909,Defensa
Nakoha,Levante,0 | 0 | 0 | 0 | 0 | 0,"0,00% | 0,00% | 0,00% | 0,00% | 0,00% | 0,00%",,44ddías,501.874,501.874 | 501.874 | 501.874 | 501.874 | 501.874 | 501.874,Defensa
Álvaro,Villarreal,0 | 0 | 0 | 0 | 0 | 0,"0,00% | 0,00% | 0,00% | 0,00% | 0,00% | 0,00%",,44ddías,501.929,501.929 | 501.929 | 501.929 | 501.929 | 501.929 | 501.929,Defensa
Rosón,Levante,0 | 0 | 0 | 0 | 0 | 0,"0,00% | 0,00% | 0,00% | 0,00% | 0,00% | 0,00%",,44ddías,602.249,602.249 | 602.249 | 602.249 | 602.249 | 602.249 | 602.249,Mediocampista
Carrera,Real Sociedad,0 | 0 | 0 | 0 | 0 | 0,"0,00% | 0,00% | 0,00% | 0,00% | 0,00% | 0,00%",,44ddías,702.633,702.633 | 702.633 | 702.633 | 702.633 | 702.633 | 702.633,Delantero
Carlos Macià,Villarreal,+9.317 | +21.802 | +31.059 | +3.780 | +3.780 | +3.780,"+1,17% | +2,78% | +4,00% | +0,47% | +0,47% | +0,47%",,4ddías,806.837,797.520 | 785.035 | 775.778 | 803.057 | 803.057 | 803.057,Mediocampista
Unai Santos,Osasuna,0 | 0 | 0 | 0 | 0 | 0,"0,00% | 0,00% | 0,00% | 0,00% | 0,00% | 0,00%",,44ddías,602.319,602.319 | 602.319 | 602.319 | 602.319 | 602.319 | 602.319,Defensa
Joan Martínez,Real Madrid,0 | 0 | 0 | 0 | 0 | 0,"0,00% | 0,00% | 0,00% | 0,00% | 0,00% | 0,00%",,44ddías,702.622,702.622 | 702.622 | 702.622 | 702.622 | 702.622 | 702.622,Defensa
Iker Muñoz,Sevilla,-5.872 | -13.244 | -20.298 | -49.372 | -49.372 | -49.372,"-1,05% | -2,34% | -3,54% | -8,20% | -8,20% | -8,20%",,6ddías,552.912,558.784 | 566.156 | 573.210 | 602.284 | 602.284 | 602.284,Defensa
Oláiz,Alavés,-5.896 | -13.294 | -20.374 | -48.822 | -48.822 | -48.822,"-1,05% | -2,35% | -3,55% | -8,11% | -8,11% | -8,11%",,6ddías,553.494,559.390 | 566.788 | 573.868 | 602.316 | 602.316 | 602.316,Defensa
Selton,Athletic,0 | 0 | 0 | 0 | 0 | 0,"0,00% | 0,00% | 0,00% | 0,00% | 0,00% | 0,00%",,44ddías,602.257,602.257 | 602.257 | 602.257 | 602.257 | 602.257 | 602.257,Mediocampista
Delgado,Elche,0 | 0 | 0 | 0 | 0 | 0,"0,00% | 0,00% | 0,00% | 0,00% | 0,00% | 0,00%",,44ddías,602.324,602.324 | 602.324 | 602.324 | 602.324 | 602.324 | 602.324,Defensa
Aitor Mañas,Alavés,-3.770 | -7.676 | -12.396 | -39.935 | -59.694 | -59.694,"-0,74% | -1,50% | -2,41% | -7,36% | -10,62% | -10,62%",,9ddías,502.470,506.240 | 510.146 | 514.866 | 542.405 | 562.164 | 562.164,Delantero
Monreal,Athletic,0 | 0 | 0 | 0 | 0 | 0,"0,00% | 0,00% | 0,00% | 0,00% | 0,00% | 0,00%",,44ddías,602.257,602.257 | 602.257 | 602.257 | 602.257 | 602.257 | 602.257,Defensa
Javier Hernández,Espanyol,-185.742 | -336.101 | -496.693 | +8.958.164 | +8.958.164 | +8.958.164,"-1,91% | -3,41% | -4,95% | 0% | 0% | 0%",,5ddías,9.534.275,9.720.017 | 9.870.376 | 10.030.968 | 0 | 0 | 0,Mediocampista
Adam Boayar,Elche,0 | 0 | 0 | 0 | 0 | 0,"0,00% | 0,00% | 0,00% | 0,00% | 0,00% | 0,00%",,44ddías,702.711,702.711 | 702.711 | 702.711 | 702.711 | 702.711 | 702.711,Mediocampista
Bardghji,Barcelona,-76.210 | -153.410 | -234.255 | -591.739 | -1.298.944 | -2.411.153,"-3,07% | -5,99% | -8,87% | -19,73% | -35,05% | -50,04%",,23ddías,2.407.412,2.483.622 | 2.560.822 | 2.641.667 | 2.999.151 | 3.706.356 | 4.818.565,Delantero
Taufik,Atlético,0 | 0 | 0 | 0 | 0 | 0,"0,00% | 0,00% | 0,00% | 0,00% | 0,00% | 0,00%",,44ddías,602.316,602.316 | 602.316 | 602.316 | 602.316 | 602.316 | 602.316,Mediocampista
Martínez Bastida,Elche,0 | 0 | 0 | 0 | 0 | 0,"0,00% | 0,00% | 0,00% | 0,00% | 0,00% | 0,00%",,44ddías,602.324,602.324 | 602.324 | 602.324 | 602.324 | 602.324 | 602.324,Mediocampista
Aller,Barcelona,0 | 0 | 0 | 0 | 0 | 0,"0,00% | 0,00% | 0,00% | 0,00% | 0,00% | 0,00%",,44ddías,702.705,702.705 | 702.705 | 702.705 | 702.705 | 702.705 | 702.705,Portero
Ballestero,Alavés,0 | 0 | 0 | 0 | 0 | 0,"0,00% | 0,00% | 0,00% | 0,00% | 0,00% | 0,00%",,44ddías,602.316,602.316 | 602.316 | 602.316 | 602.316 | 602.316 | 602.316,Defensa
Adrián Pérez,Athletic,0 | 0 | 0 | 0 | 0 | 0,"0,00% | 0,00% | 0,00% | 0,00% | 0,00% | 0,00%",,44ddías,602.257,602.257 | 602.257 | 602.257 | 602.257 | 602.257 | 602.257,Delantero
Barry,Villarreal,0 | 0 | 0 | 0 | 0 | 0,"0,00% | 0,00% | 0,00% | 0,00% | 0,00% | 0,00%",,44ddías,602.292,602.292 | 602.292 | 602.292 | 602.292 | 602.292 | 602.292,Mediocampista
Juan Hernández,Barcelona,0 | 0 | 0 | 0 | 0 | 0,"0,00% | 0,00% | 0,00% | 0,00% | 0,00% | 0,00%",,44ddías,581.760,581.760 | 581.760 | 581.760 | 581.760 | 581.760 | 581.760,Mediocampista
Espart,Barcelona,0 | 0 | 0 | 0 | 0 | 0,"0,00% | 0,00% | 0,00% | 0,00% | 0,00% | 0,00%",,44ddías,702.705,702.705 | 702.705 | 702.705 | 702.705 | 702.705 | 702.705,Defensa
Benito,Getafe,0 | 0 | 0 | 0 | 0 | 0,"0,00% | 0,00% | 0,00% | 0,00% | 0,00% | 0,00%",,44ddías,602.319,602.319 | 602.319 | 602.319 | 602.319 | 602.319 | 602.319,Portero
Aleksandrov,Getafe,0 | 0 | 0 | 0 | 0 | 0,"0,00% | 0,00% | 0,00% | 0,00% | 0,00% | 0,00%",,44ddías,602.319,602.319 | 602.319 | 602.319 | 602.319 | 602.319 | 602.319,Delantero
Javi Navarro,Real Madrid,0 | 0 | 0 | 0 | 0 | 0,"0,00% | 0,00% | 0,00% | 0,00% | 0,00% | 0,00%",,44ddías,702.622,702.622 | 702.622 | 702.622 | 702.622 | 702.622 | 702.622,Portero
Beitia,Real Sociedad,0 | 0 | 0 | 0 | 0 | 0,"0,00% | 0,00% | 0,00% | 0,00% | 0,00% | 0,00%",,44ddías,501.861,501.861 | 501.861 | 501.861 | 501.861 | 501.861 | 501.861,Defensa
Lebarbier,Real Sociedad,0 | 0 | 0 | 0 | 0 | 0,"0,00% | 0,00% | 0,00% | 0,00% | 0,00% | 0,00%",,44ddías,602.234,602.234 | 602.234 | 602.234 | 602.234 | 602.234 | 602.234,Defensa
Izei,Alavés,0 | 0 | 0 | 0 | 0 | 0,"0,00% | 0,00% | 0,00% | 0,00% | 0,00% | 0,00%",,44ddías,582.010,582.010 | 582.010 | 582.010 | 582.010 | 582.010 | 582.010,Mediocampista
Hierro,Athletic,0 | 0 | 0 | 0 | 0 | 0,"0,00% | 0,00% | 0,00% | 0,00% | 0,00% | 0,00%",,44ddías,602.257,602.257 | 602.257 | 602.257 | 602.257 | 602.257 | 602.257,Delantero
Laporte,Athletic,-771.214 | -1.687.580 | -2.493.747 | -6.079.409 | -12.506.424 | +12.249.595,"-1,58% | -3,40% | -4,94% | -11,24% | -20,66% | +34,25%",,13ddías,48.014.894,48.786.108 | 49.702.474 | 50.508.641 | 54.094.303 | 60.521.318 | 35.765.299,Defensa
Lookman,Atlético,-1.222.497 | -2.387.065 | -3.291.203 | -7.519.086 | -6.480.175 | +19.340.698,"-1,73% | -3,32% | -4,52% | -9,77% | -8,54% | +38,60%",,10ddías,69.443.168,70.665.665 | 71.830.233 | 72.734.371 | 76.962.254 | 75.923.343 | 50.102.470,Delantero
Ángel Pérez,Alavés,+185.877 | +192.640 | +169.476 | -73.074 | -741.508 | -3.497.987,"+2,90% | +3,01% | +2,64% | -1,10% | -10,12% | -34,68%",,2ddías,6.588.063,6.402.186 | 6.395.423 | 6.418.587 | 6.661.137 | 7.329.571 | 10.086.050,Delantero
Cepeda,Elche,-17.303 | -23.577 | -37.968 | -89.406 | -151.367 | -557.541,"-1,71% | -2,31% | -3,67% | -8,23% | -13,18% | -35,87%",,7ddías,996.959,1.014.262 | 1.020.536 | 1.034.927 | 1.086.365 | 1.148.326 | 1.554.500,Delantero
Freeman,Villarreal,-48.096 | -91.261 | -134.546 | -331.124 | -646.580 | -1.521.898,"-2,22% | -4,14% | -5,98% | -13,54% | -23,41% | -41,85%",,47ddías,2.115.046,2.163.142 | 2.206.307 | 2.249.592 | 2.446.170 | 2.761.626 | 3.636.944,Defensa
Koski,Alavés,+156.206 | +274.064 | +389.397 | +646.340 | +623.953 | +623.953,"+12,29% | +23,77% | +37,53% | +82,79% | +77,69% | +77,69%",,8ddías,1.427.042,1.270.836 | 1.152.978 | 1.037.645 | 780.702 | 803.089 | 803.089,Defensa
Fidalgo,Betis,-43.134 | -76.089 | -114.917 | -278.167 | -555.592 | -1.469.887,"-1,76% | -3,07% | -4,57% | -10,38% | -18,79% | -37,97%",,44ddías,2.401.681,2.444.815 | 2.477.770 | 2.516.598 | 2.679.848 | 2.957.273 | 3.871.568,Mediocampista
Tete Morente,Elche,-33.865 | -64.801 | -95.812 | -270.595 | -624.964 | -1.813.687,"-1,98% | -3,73% | -5,42% | -13,92% | -27,19% | -52,01%",,47ddías,1.673.329,1.707.194 | 1.738.130 | 1.769.141 | 1.943.924 | 2.298.293 | 3.487.016,Delantero
Vargas,Atlético,-13.503 | -28.637 | -42.857 | -98.717 | -230.322 | -676.041,"-1,80% | -3,74% | -5,50% | -11,83% | -23,83% | -47,87%",,47ddías,736.056,749.559 | 764.693 | 778.913 | 834.773 | 966.378 | 1.412.097,Mediocampista
Romero,Getafe,-296.959 | -426.203 | -555.041 | -1.023.008 | -3.117.202 | -3.117.202,"-1,09% | -1,55% | -2,01% | -3,65% | -10,35% | -10,35%",,6ddías,26.999.064,27.296.023 | 27.425.267 | 27.554.105 | 28.022.072 | 30.116.266 | 30.116.266,Defensa
Sangaré,Elche,+52.812 | +109.078 | +145.084 | +105.672 | -138.886 | -138.886,"+1,38% | +2,90% | +3,89% | +2,80% | -3,46% | -3,46%",,4ddías,3.876.615,3.823.803 | 3.767.537 | 3.731.531 | 3.770.943 | 4.015.501 | 4.015.501,Defensa
Lamini Fati,Real Madrid,0 | 0 | 0 | 0 | 0 | 0,"0,00% | 0,00% | 0,00% | 0,00% | 0,00% | 0,00%",,44ddías,677.955,677.955 | 677.955 | 677.955 | 677.955 | 677.955 | 677.955,Defensa
Antañón,Celta,0 | 0 | 0 | 0 | 0 | 0,"0,00% | 0,00% | 0,00% | 0,00% | 0,00% | 0,00%",,44ddías,581.700,581.700 | 581.700 | 581.700 | 581.700 | 581.700 | 581.700,Mediocampista
Ochieng,Real Sociedad,-11.082 | -24.678 | -24.678 | -24.678 | -24.678 | -24.678,"-1,61% | -3,51% | -3,51% | -3,51% | -3,51% | -3,51%",,2ddías,677.955,689.037 | 702.633 | 702.633 | 702.633 | 702.633 | 702.633,Mediocampista
Morcillo,Elche,0 | 0 | 0 | 0 | 0 | 0,"0,00% | 0,00% | 0,00% | 0,00% | 0,00% | 0,00%",,44ddías,702.702,702.702 | 702.702 | 702.702 | 702.702 | 702.702 | 702.702,Mediocampista
Cubo,Atlético,-6.917 | -15.378 | -24.309 | -24.309 | -24.309 | -24.309,"-1,18% | -2,59% | -4,04% | -4,04% | -4,04% | -4,04%",,3ddías,578.007,584.924 | 593.385 | 602.316 | 602.316 | 602.316 | 602.316,Delantero
Hugo Ríos,Deportivo,0 | 0 | 0 | 0 | 0 | 0,"0,00% | 0,00% | 0,00% | 0,00% | 0,00% | 0,00%",,44ddías,903.386,903.386 | 903.386 | 903.386 | 903.386 | 903.386 | 903.386,Portero
Boselli,Getafe,-64.852 | -122.887 | -186.753 | -436.156 | -649.910 | -649.910,"-2,81% | -5,19% | -7,68% | -16,27% | -22,46% | -22,46%",,10ddías,2.244.089,2.308.941 | 2.366.976 | 2.430.842 | 2.680.245 | 2.893.999 | 2.893.999,Defensa
Mesonero,Real Madrid,0 | 0 | 0 | 0 | 0 | 0,"0,00% | 0,00% | 0,00% | 0,00% | 0,00% | 0,00%",,44ddías,702.606,702.606 | 702.606 | 702.606 | 702.606 | 702.606 | 702.606,Mediocampista
Dani Martínez,Atlético,+20.825 | +19.516 | +18.778 | +18.778 | +9.020 | -45.781,"+5,04% | +4,71% | +4,52% | +4,52% | +2,12% | -9,54%",,1ddías,434.089,413.264 | 414.573 | 415.311 | 415.311 | 425.069 | 479.870,Defensa
Astiazaran,R. Sociedad B,0 | 0 | 0 | 0 | 0 | 0,"0,00% | 0,00% | 0,00% | 0,00% | 0,00% | 0,00%",,44ddías,602.257,602.257 | 602.257 | 602.257 | 602.257 | 602.257 | 602.257,Mediocampista
Boñar,Atlético,0 | 0 | 0 | 0 | -15.048 | -105.273,"0,00% | 0,00% | 0,00% | 0,00% | -3,27% | -19,13%",,10ddías,445.140,445.140 | 445.140 | 445.140 | 445.140 | 460.188 | 550.413,Defensa
Puric,Atlético,0 | 0 | 0 | 0 | -13.228 | -96.062,"0,00% | 0,00% | 0,00% | 0,00% | -2,95% | -18,09%",,10ddías,434.872,434.872 | 434.872 | 434.872 | 434.872 | 448.100 | 530.934,Defensa
Arcos,Celta,0 | 0 | 0 | 0 | 0 | 0,"0,00% | 0,00% | 0,00% | 0,00% | 0,00% | 0,00%",,44ddías,602.257,602.257 | 602.257 | 602.257 | 602.257 | 602.257 | 602.257,Mediocampista
Cestero,Real Madrid,0 | 0 | 0 | 0 | 0 | 0,"0,00% | 0,00% | 0,00% | 0,00% | 0,00% | 0,00%",,44ddías,602.234,602.234 | 602.234 | 602.234 | 602.234 | 602.234 | 602.234,Mediocampista
Montes,Getafe,0 | 0 | 0 | 0 | 0 | 0,"0,00% | 0,00% | 0,00% | 0,00% | 0,00% | 0,00%",,44ddías,602.319,602.319 | 602.319 | 602.319 | 602.319 | 602.319 | 602.319,Defensa
Ferran,Espanyol,0 | 0 | 0 | 0 | 0 | 0,"0,00% | 0,00% | 0,00% | 0,00% | 0,00% | 0,00%",,44ddías,602.248,602.248 | 602.248 | 602.248 | 602.248 | 602.248 | 602.248,Mediocampista
Tunde,Levante,-215.122 | -425.498 | -647.164 | -1.448.438 | -1.448.438 | -1.448.438,"-2,95% | -5,67% | -8,37% | -16,98% | -16,98% | -16,98%",,6ddías,7.083.454,7.298.576 | 7.508.952 | 7.730.618 | 8.531.892 | 8.531.892 | 8.531.892,Mediocampista
Aguirre,R. Sociedad B,0 | 0 | 0 | 0 | 0 | 0,"0,00% | 0,00% | 0,00% | 0,00% | 0,00% | 0,00%",,44ddías,602.257,602.257 | 602.257 | 602.257 | 602.257 | 602.257 | 602.257,Mediocampista
A. Riquelme,Getafe,0 | 0 | 0 | 0 | 0 | 0,"0,00% | 0,00% | 0,00% | 0,00% | 0,00% | 0,00%",,44ddías,602.324,602.324 | 602.324 | 602.324 | 602.324 | 602.324 | 602.324,Mediocampista
Fontanet,Valencia,0 | 0 | 0 | 0 | 0 | 0,"0,00% | 0,00% | 0,00% | 0,00% | 0,00% | 0,00%",,44ddías,581.987,581.987 | 581.987 | 581.987 | 581.987 | 581.987 | 581.987,Defensa
Gaitán,Villarreal,0 | 0 | 0 | 0 | 0 | 0,"0,00% | 0,00% | 0,00% | 0,00% | 0,00% | 0,00%",,44ddías,602.292,602.292 | 602.292 | 602.292 | 602.292 | 602.292 | 602.292,Mediocampista
Manuel Ángel,Real Madrid,0 | 0 | 0 | 0 | 0 | 0,"0,00% | 0,00% | 0,00% | 0,00% | 0,00% | 0,00%",,44ddías,702.606,702.606 | 702.606 | 702.606 | 702.606 | 702.606 | 702.606,Mediocampista
Julio Díaz,Sevilla,-1.306 | -3.922 | -6.022 | -21.942 | -34.653 | -28.377,"-0,29% | -0,88% | -1,34% | -4,72% | -7,25% | -6,02%",,9ddías,443.337,444.643 | 447.259 | 449.359 | 465.279 | 477.990 | 471.714,Defensa
Burcio,Celta,0 | 0 | 0 | 0 | 0 | 0,"0,00% | 0,00% | 0,00% | 0,00% | 0,00% | 0,00%",,44ddías,602.257,602.257 | 602.257 | 602.257 | 602.257 | 602.257 | 602.257,Mediocampista
Álex Sánchez,Elche,0 | 0 | 0 | 0 | 0 | 0,"0,00% | 0,00% | 0,00% | 0,00% | 0,00% | 0,00%",,44ddías,602.324,602.324 | 602.324 | 602.324 | 602.324 | 602.324 | 602.324,Mediocampista
Satriano,Getafe,-528.147 | -972.618 | -1.414.758 | -3.499.870 | +23.414.271 | +23.414.271,"-1,87% | -3,39% | -4,85% | -11,20% | 0% | 0%",,9ddías,27.750.697,28.278.844 | 28.723.315 | 29.165.455 | 31.250.567 | 0 | 0,Delantero
Santos,Athletic,0 | 0 | 0 | 0 | 0 | 0,"0,00% | 0,00% | 0,00% | 0,00% | 0,00% | 0,00%",,44ddías,702.606,702.606 | 702.606 | 702.606 | 702.606 | 702.606 | 702.606,Portero
Alemão,Rayo,-81.711 | -138.389 | -207.401 | -477.922 | -802.741 | -2.068.619,"-2,49% | -4,14% | -6,08% | -12,97% | -20,02% | -39,22%",,47ddías,3.206.087,3.287.798 | 3.344.476 | 3.413.488 | 3.684.009 | 4.008.828 | 5.274.706,Delantero
Germán Parreño,Deportivo,-5.613 | -12.716 | -19.489 | -55.659 | -126.894 | -155.935,"-1,02% | -2,27% | -3,44% | -9,24% | -18,84% | -22,19%",,16ddías,546.698,552.311 | 559.414 | 566.187 | 602.357 | 673.592 | 702.633,Portero
C. Álvarez,Levante,-358.395 | -636.659 | -963.982 | -1.635.684 | -636.202 | +4.749.716,"-1,95% | -3,41% | -5,07% | -8,31% | -3,41% | +35,74%",,6ddías,18.039.634,18.398.029 | 18.676.293 | 19.003.616 | 19.675.318 | 18.675.836 | 13.289.918,Mediocampista
Junior,Betis,-64.146 | -112.873 | -167.993 | -413.119 | -885.427 | -2.667.998,"-2,04% | -3,54% | -5,17% | -11,83% | -22,33% | -46,42%",,47ddías,3.078.906,3.143.052 | 3.191.779 | 3.246.899 | 3.492.025 | 3.964.333 | 5.746.904,Defensa
Dituro,Elche,+198.375 | +366.955 | +522.810 | +916.892 | +1.824.124 | +1.312.263,"+2,42% | +4,57% | +6,64% | +12,25% | +27,74% | +18,51%",,16ddías,8.400.641,8.202.266 | 8.033.686 | 7.877.831 | 7.483.749 | 6.576.517 | 7.088.378,Portero
Dolan,Espanyol,+477.496 | +891.984 | +1.247.932 | +1.931.198 | +1.696.381 | +279.954,"+6,39% | +12,64% | +18,63% | +32,11% | +27,14% | +3,65%",,5ddías,7.946.055,7.468.559 | 7.054.071 | 6.698.123 | 6.014.857 | 6.249.674 | 7.666.101,Delantero
Roger BruguéBrugui,Levante,-47.243 | -91.024 | -138.040 | -394.660 | -914.889 | -2.417.971,"-2,48% | -4,66% | -6,90% | -17,49% | -32,95% | -56,50%",,48ddías,1.861.377,1.908.620 | 1.952.401 | 1.999.417 | 2.256.037 | 2.776.266 | 4.279.348,Delantero
Pablo Martínez,Málaga,-269.959 | +6.383.854 | +6.383.854 | +6.383.854 | +6.383.854 | +6.383.854,"-3,18% | 0% | 0% | 0% | 0% | 0%",,1ddías,8.230.041,8.500.000 | 0 | 0 | 0 | 0 | 0,Mediocampista
Jorge Cabello,Levante,-12.965 | -27.727 | -42.478 | -114.134 | -269.188 | +146.286,"-1,76% | -3,69% | -5,55% | -13,63% | -27,13% | 0%",,24ddías,723.162,736.127 | 750.889 | 765.640 | 837.296 | 992.350 | 0,Defensa
Oriol Rey,Levante,+15.356 | +37.353 | +57.053 | +59.898 | -44.435 | -471.240,"+1,97% | +4,94% | +7,74% | +8,16% | -5,30% | -37,24%",,5ddías,794.094,778.738 | 756.741 | 737.041 | 734.196 | 838.529 | 1.265.334,Mediocampista
Valentín Gómez,Betis,-28.607 | -57.739 | -86.720 | -208.408 | -424.963 | -1.191.165,"-1,79% | -3,56% | -5,25% | -11,75% | -21,35% | -43,21%",,47ddías,1.565.475,1.594.082 | 1.623.214 | 1.652.195 | 1.773.883 | 1.990.438 | 2.756.640,Defensa
Gorrotxategi,Real Sociedad,-164.876 | -309.329 | -397.307 | -1.045.368 | -2.350.462 | -4.473.115,"-3,00% | -5,48% | -6,93% | -16,39% | -30,59% | -45,61%",,40ddías,5.334.012,5.498.888 | 5.643.341 | 5.731.319 | 6.379.380 | 7.684.474 | 9.807.127,Mediocampista
Ugrinic,Valencia,-54.835 | -97.893 | -129.114 | -288.826 | -595.723 | -2.520.978,"-1,52% | -2,69% | -3,51% | -7,53% | -14,38% | -41,54%",,7ddías,3.547.394,3.602.229 | 3.645.287 | 3.676.508 | 3.836.220 | 4.143.117 | 6.068.372,Mediocampista
Bigas,Elche,-123.926 | -241.047 | -363.990 | -896.270 | -1.854.724 | -3.933.594,"-2,82% | -5,33% | -7,84% | -17,32% | -30,24% | -47,90%",,42ddías,4.277.690,4.401.616 | 4.518.737 | 4.641.680 | 5.173.960 | 6.132.414 | 8.211.284,Defensa
Redondo,Elche,+44.492 | +89.531 | +134.475 | +117.148 | -3.763 | -525.864,"+4,66% | +9,84% | +15,54% | +13,27% | -0,38% | -34,47%",,4ddías,999.697,955.205 | 910.166 | 865.222 | 882.549 | 1.003.460 | 1.525.561,Mediocampista
Pinillos,Alavés,0 | 0 | 0 | 0 | 0 | 0,"0,00% | 0,00% | 0,00% | 0,00% | 0,00% | 0,00%",,44ddías,501.929,501.929 | 501.929 | 501.929 | 501.929 | 501.929 | 501.929,Mediocampista
Rego,Athletic,-122.045 | -232.626 | -346.818 | -679.246 | -679.246 | -679.246,"-2,74% | -5,09% | -7,40% | -13,53% | -13,53% | -13,53%",,5ddías,4.339.579,4.461.624 | 4.572.205 | 4.686.397 | 5.018.825 | 5.018.825 | 5.018.825,Defensa
Esquivel,Atlético,0 | 0 | 0 | 0 | 0 | 0,"0,00% | 0,00% | 0,00% | 0,00% | 0,00% | 0,00%",,44ddías,602.292,602.292 | 602.292 | 602.292 | 602.292 | 602.292 | 602.292,Portero
Deossa,Betis,-28.270 | -43.608 | -62.102 | -48.990 | +183.870 | -478.590,"-1,37% | -2,09% | -2,96% | -2,35% | +9,91% | -19,01%",,5ddías,2.038.670,2.066.940 | 2.082.278 | 2.100.772 | 2.087.660 | 1.854.800 | 2.517.260,Mediocampista
Martim Neto,Elche,+20.282 | +38.222 | +54.043 | -17.173 | -174.214 | -596.634,"+1,25% | +2,38% | +3,40% | -1,03% | -9,59% | -26,64%",,4ddías,1.642.713,1.622.431 | 1.604.491 | 1.588.670 | 1.659.886 | 1.816.927 | 2.239.347,Mediocampista
Hinojo,Espanyol,-151.331 | -273.047 | -409.671 | +6.748.091 | +6.748.091 | +6.748.091,"-2,10% | -3,72% | -5,48% | 0% | 0% | 0%",,5ddías,7.064.217,7.215.548 | 7.337.264 | 7.473.888 | 0 | 0 | 0,Defensa
Iván Romero,Levante,-126.107 | -221.487 | -306.480 | -345.824 | +72.614 | -628.001,"-1,79% | -3,10% | -4,24% | -4,76% | +1,06% | -8,32%",,5ddías,6.921.390,7.047.497 | 7.142.877 | 7.227.870 | 7.267.214 | 6.848.776 | 7.549.391,Delantero
John ChetauyaJohn C.,Elche,-8.350 | -18.304 | -28.047 | -77.859 | -184.254 | -577.171,"-1,35% | -2,90% | -4,38% | -11,28% | -23,13% | -48,52%",,47ddías,612.392,620.742 | 630.696 | 640.439 | 690.251 | 796.646 | 1.189.563,Defensa
Febas,Celta,-285.687 | -410.805 | -505.266 | -229.865 | +839.893 | -1.082.379,"-1,18% | -1,68% | -2,06% | -0,95% | +3,62% | -4,31%",,4ddías,24.014.509,24.300.196 | 24.425.314 | 24.519.775 | 24.244.374 | 23.174.616 | 25.096.888,Mediocampista
Affengruber,Elche,-302.265 | -611.223 | -919.826 | -2.734.776 | -1.958.921 | +7.398.744,"-0,99% | -1,97% | -2,94% | -8,26% | -6,06% | +32,21%",,10ddías,30.368.038,30.670.303 | 30.979.261 | 31.287.864 | 33.102.814 | 32.326.959 | 22.969.294,Defensa
Á. Núñez,Celta,-69.971 | -126.838 | -183.497 | -416.283 | -810.557 | -2.302.938,"-2,10% | -3,75% | -5,34% | -11,34% | -19,94% | -41,44%",,44ddías,3.255.006,3.324.977 | 3.381.844 | 3.438.503 | 3.671.289 | 4.065.563 | 5.557.944,Defensa
Santiago,Elche,-3.825 | -9.066 | -13.900 | -41.942 | -110.808 | -347.090,"-0,75% | -1,77% | -2,68% | -7,69% | -18,03% | -40,79%",,47ddías,503.799,507.624 | 512.865 | 517.699 | 545.741 | 614.607 | 850.889,Mediocampista
Aguado,Elche,+256.975 | +453.550 | +658.093 | +822.612 | +787.551 | +27.277,"+6,31% | +11,70% | +17,93% | +23,46% | +22,24% | +0,63%",,4ddías,4.328.613,4.071.638 | 3.875.063 | 3.670.520 | 3.506.001 | 3.541.062 | 4.301.336,Mediocampista
De la Fuente,Levante,-280.938 | -491.014 | -735.828 | -1.961.095 | -1.961.095 | -1.961.095,"-2,27% | -3,90% | -5,74% | -13,96% | -13,96% | -13,96%",,6ddías,12.091.433,12.372.371 | 12.582.447 | 12.827.261 | 14.052.528 | 14.052.528 | 14.052.528,Defensa
Salinas,Málaga,-20.250 | -32.553 | -35.948 | -60.125 | -103.057 | -265.049,"-2,05% | -3,26% | -3,58% | -5,85% | -9,63% | -21,51%",,6ddías,967.013,987.263 | 999.566 | 1.002.961 | 1.027.138 | 1.070.070 | 1.232.062,Defensa
Jutglà,Celta,-76.247 | -76.331 | -62.050 | +36.919 | +357.907 | -1.107.858,"-0,80% | -0,80% | -0,65% | +0,39% | +3,92% | -10,45%",,2ddías,9.494.779,9.571.026 | 9.571.110 | 9.556.829 | 9.457.860 | 9.136.872 | 10.602.637,Delantero
Huijsen,Real Madrid,+932.249 | +1.667.197 | +2.576.051 | +5.639.676 | +5.881.291 | -590.475,"+2,54% | +4,64% | +7,36% | +17,66% | +18,56% | -1,55%",,11ddías,37.565.619,36.633.370 | 35.898.422 | 34.989.568 | 31.925.943 | 31.684.328 | 38.156.094,Defensa
Alexander-Arnold,Real Madrid,-154.955 | -275.045 | -354.764 | -964.771 | -2.934.201 | -8.932.493,"-0,70% | -1,24% | -1,59% | -4,20% | -11,77% | -28,89%",,47ddías,21.990.008,22.144.963 | 22.265.053 | 22.344.772 | 22.954.779 | 24.924.209 | 30.922.501,Defensa
Jonny,Alavés,+151.467 | +339.712 | +562.577 | +902.361 | +672.534 | -717.862,"+2,45% | +5,66% | +9,74% | +16,60% | +11,87% | -10,17%",,6ddías,6.338.166,6.186.699 | 5.998.454 | 5.775.589 | 5.435.805 | 5.665.632 | 7.056.028,Defensa
Sivera,Alavés,+860.960 | +1.449.001 | +2.112.213 | +3.799.210 | +6.573.853 | +16.241.007,"+2,50% | +4,28% | +6,37% | +12,07% | +22,91% | +85,33%",,45ddías,35.273.936,34.412.976 | 33.824.935 | 33.161.723 | 31.474.726 | 28.700.083 | 19.032.929,Portero
Luiz Felipe,Rayo,-101.969 | -207.454 | -297.746 | -655.929 | -934.272 | -934.272,"-3,11% | -6,12% | -8,56% | -17,10% | -22,70% | -22,70%",,9ddías,3.181.005,3.282.974 | 3.388.459 | 3.478.751 | 3.836.934 | 4.115.277 | 4.115.277,Defensa
Hancko,Atlético,+1.131.517 | +2.020.219 | +2.136.679 | +3.525.737 | +8.737.345 | +8.372.035,"+2,80% | +5,10% | +5,41% | +9,26% | +26,58% | +25,19%",,19ddías,41.604.888,40.473.371 | 39.584.669 | 39.468.209 | 38.079.151 | 32.867.543 | 33.232.853,Defensa
Fortea,Real Madrid,0 | 0 | 0 | 0 | 0 | 0,"0,00% | 0,00% | 0,00% | 0,00% | 0,00% | 0,00%",,44ddías,802.099,802.099 | 802.099 | 802.099 | 802.099 | 802.099 | 802.099,Defensa
Ali Houary,Elche,-55.021 | -99.717 | -152.673 | +1.496.454 | +1.496.454 | +1.496.454,"-2,57% | -4,56% | -6,82% | 0% | 0% | 0%",,4ddías,2.087.343,2.142.364 | 2.187.060 | 2.240.016 | 0 | 0 | 0,Delantero
Joselu,Getafe,0 | 0 | 0 | 0 | 0 | 0,"0,00% | 0,00% | 0,00% | 0,00% | 0,00% | 0,00%",,44ddías,602.319,602.319 | 602.319 | 602.319 | 602.319 | 602.319 | 602.319,Delantero
Diangana,Elche,-24.206 | -50.677 | -77.626 | -203.735 | -423.682 | -909.961,"-2,38% | -4,86% | -7,25% | -17,02% | -29,91% | -47,82%",,47ddías,992.948,1.017.154 | 1.043.625 | 1.070.574 | 1.196.683 | 1.416.630 | 1.902.909,Delantero
Sancris,Getafe,-6.565 | -14.660 | -22.466 | -63.690 | -161.498 | -504.661,"-1,14% | -2,51% | -3,79% | -10,06% | -22,09% | -46,98%",,47ddías,569.552,576.117 | 584.212 | 592.018 | 633.242 | 731.050 | 1.074.213,Delantero
Blázquez,Valencia,0 | 0 | 0 | 0 | 0 | 0,"0,00% | 0,00% | 0,00% | 0,00% | 0,00% | 0,00%",,44ddías,581.656,581.656 | 581.656 | 581.656 | 581.656 | 581.656 | 581.656,Delantero
Suazo,Sevilla,-96.297 | -147.471 | -211.280 | -402.221 | -540.732 | -1.921.356,"-1,89% | -2,86% | -4,05% | -7,44% | -9,76% | -27,76%",,6ddías,5.000.863,5.097.160 | 5.148.334 | 5.212.143 | 5.403.084 | 5.541.595 | 6.922.219,Defensa
Ryan,Levante,+178.107 | +318.810 | +408.031 | -389.840 | -389.840 | -389.840,"+1,37% | +2,48% | +3,20% | -2,88% | -2,88% | -2,88%",,4ddías,13.160.812,12.982.705 | 12.842.002 | 12.752.781 | 13.550.652 | 13.550.652 | 13.550.652,Portero
Vlachodimos,Sevilla,+510.721 | +945.911 | +1.380.341 | +2.965.828 | +6.030.434 | +5.934.210,"+2,49% | +4,72% | +7,04% | +16,45% | +40,31% | +39,41%",,17ddías,20.990.689,20.479.968 | 20.044.778 | 19.610.348 | 18.024.861 | 14.960.255 | 15.056.479,Portero
Oluwaseyi,Villarreal,-62.147 | -122.778 | -184.976 | -429.680 | -828.438 | -2.222.325,"-2,57% | -4,96% | -7,28% | -15,43% | -26,03% | -48,56%",,47ddías,2.354.272,2.416.419 | 2.477.050 | 2.539.248 | 2.783.952 | 3.182.710 | 4.576.597,Delantero
Montero,Alavés,0 | 0 | 0 | 0 | 0 | 0,"0,00% | 0,00% | 0,00% | 0,00% | 0,00% | 0,00%",,44ddías,602.316,602.316 | 602.316 | 602.316 | 602.316 | 602.316 | 602.316,Portero
Riedel,Espanyol,+200.629 | +331.447 | +482.881 | +662.415 | +168.813 | -258.577,"+3,96% | +6,72% | +10,10% | +14,40% | +3,31% | -4,68%",,5ddías,5.262.041,5.061.412 | 4.930.594 | 4.779.160 | 4.599.626 | 5.093.228 | 5.520.618,Defensa
Carlos Soler,Real Sociedad,+281.562 | +597.562 | +879.556 | +1.908.693 | +2.721.681 | -1.519.570,"+0,84% | +1,81% | +2,69% | +6,02% | +8,81% | -4,32%",,11ddías,33.628.989,33.347.427 | 33.031.427 | 32.749.433 | 31.720.296 | 30.907.308 | 35.148.559,Mediocampista
Altozano,Sevilla,-5.872 | -13.244 | -20.298 | -49.372 | -49.372 | -49.372,"-1,05% | -2,34% | -3,54% | -8,20% | -8,20% | -8,20%",,6ddías,552.912,558.784 | 566.156 | 573.210 | 602.284 | 602.284 | 602.284,Mediocampista
Folgado,Real Sociedad,0 | 0 | 0 | 0 | 0 | 0,"0,00% | 0,00% | 0,00% | 0,00% | 0,00% | 0,00%",,44ddías,702.606,702.606 | 702.606 | 702.606 | 702.606 | 702.606 | 702.606,Portero
Álex Costa,Sevilla,0 | 0 | 0 | 0 | 0 | 0,"0,00% | 0,00% | 0,00% | 0,00% | 0,00% | 0,00%",,44ddías,602.284,602.284 | 602.284 | 602.284 | 602.284 | 602.284 | 602.284,Delantero
Oso,Sevilla,-238.130 | -396.547 | -590.612 | -1.125.444 | -2.057.545 | -2.057.545,"-1,95% | -3,20% | -4,69% | -8,58% | -14,64% | -14,64%",,6ddías,11.995.787,12.233.917 | 12.392.334 | 12.586.399 | 13.121.231 | 14.053.332 | 14.053.332,Defensa
Cardoso,Sevilla,-13.495 | -19.978 | -34.935 | -106.051 | -261.920 | -786.108,"-1,80% | -2,64% | -4,53% | -12,60% | -26,25% | -51,65%",,47ddías,735.863,749.358 | 755.841 | 770.798 | 841.914 | 997.783 | 1.521.971,Defensa
Navarro,Valencia,0 | 0 | 0 | 0 | 0 | 0,"0,00% | 0,00% | 0,00% | 0,00% | 0,00% | 0,00%",,44ddías,501.909,501.909 | 501.909 | 501.909 | 501.909 | 501.909 | 501.909,Defensa
Mikautadze,Villarreal,+811.557 | +1.431.373 | +2.124.526 | +3.688.904 | +9.972.033 | +15.196.372,"+1,24% | +2,21% | +3,32% | +5,91% | +17,76% | +29,84%",,40ddías,66.127.609,65.316.052 | 64.696.236 | 64.003.083 | 62.438.705 | 56.155.576 | 50.931.237,Delantero
Krug,Levante,0 | 0 | 0 | 0 | 0 | 0,"0,00% | 0,00% | 0,00% | 0,00% | 0,00% | 0,00%",,44ddías,602.249,602.249 | 602.249 | 602.249 | 602.249 | 602.249 | 602.249,Defensa
Sierra,Sevilla,+79.128 | +161.762 | +230.650 | +285.382 | +285.382 | +285.382,"+9,79% | +22,28% | +35,11% | +47,38% | +47,38% | +47,38%",,4ddías,887.666,808.538 | 725.904 | 657.016 | 602.284 | 602.284 | 602.284,Delantero
Nacho Pérez,Levante,+4.599 | +17.409 | +27.218 | +17.585 | +17.585 | +17.585,"+0,77% | +2,99% | +4,76% | +3,02% | +3,02% | +3,02%",,4ddías,599.277,594.678 | 581.868 | 572.059 | 581.692 | 581.692 | 581.692,Defensa
Víctor García,Levante,-43.254 | -78.605 | -114.741 | -267.820 | -561.675 | -1.811.294,"-2,42% | -4,32% | -6,18% | -13,33% | -24,39% | -50,98%",,47ddías,1.741.657,1.784.911 | 1.820.262 | 1.856.398 | 2.009.477 | 2.303.332 | 3.552.951,Defensa
Radu,Celta,-365.497 | -716.052 | -1.034.385 | -2.870.104 | -2.853.300 | +8.130.158,"-0,99% | -1,93% | -2,76% | -7,31% | -7,27% | +28,78%",,10ddías,36.378.011,36.743.508 | 37.094.063 | 37.412.396 | 39.248.115 | 39.231.311 | 28.247.853,Portero
Pablo CamposCuñat Campos,Levante,-21.501 | -43.302 | -62.781 | -144.182 | -279.960 | -321.692,"-2,26% | -4,46% | -6,34% | -13,45% | -23,18% | -25,74%",,20ddías,928.020,949.521 | 971.322 | 990.801 | 1.072.202 | 1.207.980 | 1.249.712,Portero
Toljan,Levante,-90.953 | -160.641 | -244.066 | -588.424 | -947.948 | -2.012.657,"-2,42% | -4,20% | -6,24% | -13,83% | -20,55% | -35,45%",,45ddías,3.665.262,3.756.215 | 3.825.903 | 3.909.328 | 4.253.686 | 4.613.210 | 5.677.919,Defensa
Carlos Espí,Real Madrid,+209.607 | +409.307 | +635.003 | +1.440.806 | +6.651.860 | +6.651.860,"+2,10% | +4,19% | +6,65% | +16,48% | 0% | 0%",,11ddías,10.182.989,9.973.382 | 9.773.682 | 9.547.986 | 8.742.183 | 0 | 0,Delantero
Cortés,Levante,-12.891 | -21.488 | -31.841 | -81.621 | -81.621 | -81.621,"-1,76% | -2,89% | -4,23% | -10,16% | -10,16% | -10,16%",,6ddías,721.379,734.270 | 742.867 | 753.220 | 803.000 | 803.000 | 803.000,Delantero
Primo,Levante,0 | 0 | 0 | 0 | 0 | 0,"0,00% | 0,00% | 0,00% | 0,00% | 0,00% | 0,00%",,44ddías,1.104.126,1.104.126 | 1.104.126 | 1.104.126 | 1.104.126 | 1.104.126 | 1.104.126,Portero
Vertrouwd,Rayo,-2.435 | -18.423 | -39.670 | -115.360 | -115.360 | -115.360,"-0,27% | -2,03% | -4,27% | -11,49% | -11,49% | -11,49%",,6ddías,888.365,890.800 | 906.788 | 928.035 | 1.003.725 | 1.003.725 | 1.003.725,Defensa
Becerra,Rayo,0 | 0 | 0 | 0 | 0 | 0,"0,00% | 0,00% | 0,00% | 0,00% | 0,00% | 0,00%",,44ddías,581.700,581.700 | 581.700 | 581.700 | 581.700 | 581.700 | 581.700,Mediocampista
Rueda,Celta,-14.265 | -5.393 | +26.482 | +189.638 | +731.332 | +286.242,"-0,32% | -0,12% | +0,60% | +4,50% | +19,89% | +6,95%",,1ddías,4.407.631,4.421.896 | 4.413.024 | 4.381.149 | 4.217.993 | 3.676.299 | 4.121.389,Defensa
Corralejo,Betis,0 | 0 | 0 | 0 | 0 | 0,"0,00% | 0,00% | 0,00% | 0,00% | 0,00% | 0,00%",,44ddías,602.248,602.248 | 602.248 | 602.248 | 602.248 | 602.248 | 602.248,Mediocampista
Niculaesei,Elche,0 | 0 | 0 | 0 | 0 | 0,"0,00% | 0,00% | 0,00% | 0,00% | 0,00% | 0,00%",,44ddías,803.099,803.099 | 803.099 | 803.099 | 803.099 | 803.099 | 803.099,Defensa
Mendoza,Atlético,+29.682 | +58.818 | +58.938 | +28.755 | -13.551 | -245.334,"+3,50% | +7,18% | +7,19% | +3,38% | -1,52% | -21,83%",,3ddías,878.355,848.673 | 819.537 | 819.417 | 849.600 | 891.906 | 1.123.689,Mediocampista
Echegoyen,Osasuna,0 | 0 | 0 | 0 | 0 | 0,"0,00% | 0,00% | 0,00% | 0,00% | 0,00% | 0,00%",,44ddías,562.286,562.286 | 562.286 | 562.286 | 562.286 | 562.286 | 562.286,Mediocampista
Josan,Elche,-22.241 | -42.477 | -67.118 | -172.303 | -258.875 | -258.875,"-2,30% | -4,30% | -6,63% | -15,41% | -21,49% | -21,49%",,10ddías,945.775,968.016 | 988.252 | 1.012.893 | 1.118.078 | 1.204.650 | 1.204.650,Mediocampista
Davinchi,Getafe,-49.737 | -78.717 | -102.940 | -121.955 | -122.322 | -122.322,"-1,69% | -2,65% | -3,44% | -4,05% | -4,06% | -4,06%",,6ddías,2.889.281,2.939.018 | 2.967.998 | 2.992.221 | 3.011.236 | 3.011.603 | 3.011.603,Defensa
Thiago,Real Madrid,0 | 0 | 0 | 0 | 0 | 0,"0,00% | 0,00% | 0,00% | 0,00% | 0,00% | 0,00%",,44ddías,7.026.082,7.026.082 | 7.026.082 | 7.026.082 | 7.026.082 | 7.026.082 | 7.026.082,Mediocampista
Veiga,Villarreal,-681.294 | -1.355.071 | -2.058.976 | -4.559.259 | -9.005.207 | -703.720,"-1,91% | -3,73% | -5,56% | -11,53% | -20,47% | -1,97%",,15ddías,34.979.923,35.661.217 | 36.334.994 | 37.038.899 | 39.539.182 | 43.985.130 | 35.683.643,Defensa
Puerto,Deportivo,0 | 0 | 0 | 0 | +829 | -6.981,"0,00% | 0,00% | 0,00% | 0,00% | +0,23% | -1,86%",,10ddías,367.523,367.523 | 367.523 | 367.523 | 367.523 | 366.694 | 374.504,Portero
Quagliata,Deportivo,-24.422 | -19.494 | -16.027 | -174.902 | -146.107 | +141.968,"-0,78% | -0,63% | -0,52% | -5,35% | -4,51% | +4,81%",,1ddías,3.095.135,3.119.557 | 3.114.629 | 3.111.162 | 3.270.037 | 3.241.242 | 2.953.167,Defensa
Vencedor,Athletic,0 | 0 | 0 | 0 | 0 | 0,"0,00% | 0,00% | 0,00% | 0,00% | 0,00% | 0,00%",,44ddías,2.208.253,2.208.253 | 2.208.253 | 2.208.253 | 2.208.253 | 2.208.253 | 2.208.253,Mediocampista
Iván Alonso,Rayo,-4.629 | -10.707 | -16.413 | 0 | 0 | 0,"-0,88% | -2,01% | -3,04% | 0% | 0% | 0%",,5ddías,523.089,527.718 | 533.796 | 539.502 | 0 | 0 | 0,Delantero
José Ángel,Espanyol,-8.408 | -18.422 | -28.228 | 0 | 0 | 0,"-1,35% | -2,91% | -4,40% | 0% | 0% | 0%",,5ddías,613.788,622.196 | 632.210 | 642.016 | 0 | 0 | 0,Defensa
Enzo BardelliBardeli,Levante,-104.763 | -201.662 | -305.606 | 0 | 0 | 0,"-2,86% | -5,37% | -7,91% | 0% | 0% | 0%",,5ddías,3.556.283,3.661.046 | 3.757.945 | 3.861.889 | 0 | 0 | 0,Mediocampista
Usedo,Levante,-12.187 | -26.138 | -40.045 | 0 | 0 | 0,"-1,70% | -3,58% | -5,38% | 0% | 0% | 0%",,5ddías,704.484,716.671 | 730.622 | 744.529 | 0 | 0 | 0,Mediocampista
Calatrava,Levante,-19.745 | -41.569 | -63.677 | 0 | 0 | 0,"-2,18% | -4,48% | -6,71% | 0% | 0% | 0%",,5ddías,885.877,905.622 | 927.446 | 949.554 | 0 | 0 | 0,Mediocampista
Marc Santos,Levante,-15.966 | -33.853 | -51.860 | 0 | 0 | 0,"-1,97% | -4,08% | -6,12% | 0% | 0% | 0%",,5ddías,795.181,811.147 | 829.034 | 847.041 | 0 | 0 | 0,Defensa
Galdin,Levante,-8.408 | -18.422 | -28.228 | 0 | 0 | 0,"-1,35% | -2,91% | -4,40% | 0% | 0% | 0%",,5ddías,613.788,622.196 | 632.210 | 642.016 | 0 | 0 | 0,Portero
Román,Rayo,-12.187 | -26.138 | -40.045 | 0 | 0 | 0,"-1,70% | -3,58% | -5,38% | 0% | 0% | 0%",,5ddías,704.484,716.671 | 730.622 | 744.529 | 0 | 0 | 0,Mediocampista
Drkusic,Espanyol,-93.331 | -181.715 | -277.237 | 0 | 0 | 0,"-2,69% | -5,11% | -7,59% | 0% | 0% | 0%",,5ddías,3.375.704,3.469.035 | 3.557.419 | 3.652.941 | 0 | 0 | 0,Defensa
Ibra,Sevilla,-12.187 | -26.138 | -40.045 | 0 | 0 | 0,"-1,70% | -3,58% | -5,38% | 0% | 0% | 0%",,5ddías,704.484,716.671 | 730.622 | 744.529 | 0 | 0 | 0,Delantero
Guillén,Sevilla,-126.400 | -242.294 | -364.521 | 0 | 0 | 0,"-2,84% | -5,30% | -7,76% | 0% | 0% | 0%",,5ddías,4.331.998,4.458.398 | 4.574.292 | 4.696.519 | 0 | 0 | 0,Mediocampista
Thiam,Villarreal,-19.745 | -41.569 | -63.677 | 0 | 0 | 0,"-2,18% | -4,48% | -6,71% | 0% | 0% | 0%",,5ddías,885.877,905.622 | 927.446 | 949.554 | 0 | 0 | 0,Mediocampista
Gerenabarrena,Athletic,-28.476 | -55.351 | -85.918 | 0 | 0 | 0,"-2,32% | -4,41% | -6,69% | 0% | 0% | 0%",,4ddías,1.198.536,1.227.012 | 1.253.887 | 1.284.454 | 0 | 0 | 0,Mediocampista
Kang-In Lee,Atlético,+1.890.746 | +2.953.964 | +2.690.894 | 0 | 0 | 0,"+4,63% | +7,43% | +6,73% | 0% | 0% | 0%",,2ddías,42.692.360,40.801.614 | 39.738.396 | 40.001.466 | 0 | 0 | 0,Mediocampista
Ortiz,Atlético,+25.658 | +57.105 | +71.721 | 0 | 0 | 0,"+2,10% | +4,79% | +6,09% | 0% | 0% | 0%",,3ddías,1.250.234,1.224.576 | 1.193.129 | 1.178.513 | 0 | 0 | 0,Delantero
Bayindir,Celta,-49.692 | -91.534 | -138.193 | 0 | 0 | 0,"-2,31% | -4,17% | -6,17% | 0% | 0% | 0%",,4ddías,2.101.823,2.151.515 | 2.193.357 | 2.240.016 | 0 | 0 | 0,Portero
Timera,Espanyol,-8.408 | -18.422 | -28.228 | 0 | 0 | 0,"-1,35% | -2,91% | -4,40% | 0% | 0% | 0%",,5ddías,613.788,622.196 | 632.210 | 642.016 | 0 | 0 | 0,Defensa
Ure,Sevilla,+106.705 | +217.869 | +283.745 | +269.718 | 0 | 0,"+0,88% | +1,81% | +2,37% | +2,25% | 0% | 0%",,5ddías,12.253.066,12.146.361 | 12.035.197 | 11.969.321 | 11.983.348 | 0 | 0,Delantero
Gijselhart,Deportivo,-71.394 | -136.072 | -205.480 | 0 | 0 | 0,"-2,82% | -5,24% | -7,71% | 0% | 0% | 0%",,4ddías,2.461.205,2.532.599 | 2.597.277 | 2.666.685 | 0 | 0 | 0,Mediocampista
Pedro Felipe,Racing,-66.335 | -133.737 | -205.977 | -435.254 | 0 | 0,"-2,96% | -5,80% | -8,66% | -16,69% | 0% | 0%",,9ddías,2.172.457,2.238.792 | 2.306.194 | 2.378.434 | 2.607.711 | 0 | 0,Defensa
Gulacsi,Villarreal,-55.748 | -114.337 | -167.967 | -271.990 | 0 | 0,"-1,40% | -2,82% | -4,09% | -6,46% | 0% | 0%",,6ddías,3.937.507,3.993.255 | 4.051.844 | 4.105.474 | 4.209.497 | 0 | 0,Portero
Mikel Rodriguez,Alavés,+126.776 | +191.705 | +246.019 | +344.486 | 0 | 0,"+12,05% | +19,42% | +26,37% | +41,29% | 0% | 0%",,6ddías,1.178.881,1.052.105 | 987.176 | 932.862 | 834.395 | 0 | 0,Mediocampista
Angeliño,Deportivo,-269.794 | -481.068 | -692.826 | -691.390 | 0 | 0,"-1,81% | -3,19% | -4,52% | -4,52% | 0% | 0%",,4ddías,14.620.949,14.890.743 | 15.102.017 | 15.313.775 | 15.312.339 | 0 | 0,Defensa
Marcos,Espanyol,-31.557 | -58.825 | -89.982 | -228.232 | 0 | 0,"-2,56% | -4,66% | -6,96% | -15,96% | 0% | 0%",,10ddías,1.202.192,1.233.749 | 1.261.017 | 1.292.174 | 1.430.424 | 0 | 0,Delantero
Sazonov,Getafe,-26.218 | -54.426 | -83.542 | -205.228 | 0 | 0,"-2,46% | -4,97% | -7,43% | -16,46% | 0% | 0%",,9ddías,1.041.227,1.067.445 | 1.095.653 | 1.124.769 | 1.246.455 | 0 | 0,Defensa
Mangala,Getafe,-16.601 | +985 | +9.707 | -280.121 | 0 | 0,"-0,16% | +0,01% | +0,09% | -2,57% | 0% | 0%",,1ddías,10.639.263,10.655.864 | 10.638.278 | 10.629.556 | 10.919.384 | 0 | 0,Mediocampista
Andrés García,Getafe,-155.336 | -263.281 | -384.252 | -838.533 | 0 | 0,"-1,88% | -3,15% | -4,53% | -9,38% | 0% | 0%",,6ddías,8.103.969,8.259.305 | 8.367.250 | 8.488.221 | 8.942.502 | 0 | 0,Mediocampista
Y. Diomande,Real Madrid,-618.986 | -1.590.794 | -2.604.800 | -6.400.974 | 0 | 0,"-0,75% | -1,91% | -3,10% | -7,28% | 0% | 0%",,9ddías,81.489.649,82.108.635 | 83.080.443 | 84.094.449 | 87.890.623 | 0 | 0,Delantero
Zabiri,Racing,-127.204 | -248.842 | -379.638 | -953.189 | 0 | 0,"-2,59% | -4,95% | -7,36% | -16,63% | 0% | 0%",,8ddías,4.777.977,4.905.181 | 5.026.819 | 5.157.615 | 5.731.166 | 0 | 0,Delantero
Sangante,Sevilla,+109.097 | +197.940 | +313.439 | +399.028 | 0 | 0,"+1,20% | +2,20% | +3,53% | +4,54% | 0% | 0%",,5ddías,9.191.015,9.081.918 | 8.993.075 | 8.877.576 | 8.791.987 | 0 | 0,Defensa
Valentini,Alavés,-26.086 | -53.269 | -82.052 | -216.948 | 0 | 0,"-2,45% | -4,88% | -7,33% | -17,29% | 0% | 0%",,8ddías,1.038.067,1.064.153 | 1.091.336 | 1.120.119 | 1.255.015 | 0 | 0,Defensa
Grimaldo,Atlético,-600.048 | -1.035.406 | -1.071.884 | -2.193.820 | 0 | 0,"-1,31% | -2,24% | -2,32% | -4,63% | 0% | 0%",,8ddías,45.218.561,45.818.609 | 46.253.967 | 46.290.445 | 47.412.381 | 0 | 0,Defensa
Ede,Deportivo,+112.812 | +231.918 | +344.587 | +402.276 | 0 | 0,"+3,64% | +7,77% | +12,00% | +14,30% | 0% | 0%",,4ddías,3.215.758,3.102.946 | 2.983.840 | 2.871.171 | 2.813.482 | 0 | 0,Defensa
Asp Jensen,Deportivo,+46.578 | +100.697 | +134.755 | -216.713 | 0 | 0,"+0,75% | +1,64% | +2,21% | -3,35% | 0% | 0%",,4ddías,6.243.875,6.197.297 | 6.143.178 | 6.109.120 | 6.460.588 | 0 | 0,Mediocampista
Buonanotte,Elche,-154.332 | -295.445 | -448.982 | -1.019.056 | 0 | 0,"-2,48% | -4,64% | -6,89% | -14,38% | 0% | 0%",,8ddías,6.066.749,6.221.081 | 6.362.194 | 6.515.731 | 7.085.805 | 0 | 0,Mediocampista
Fernando NiñoFer Niño,Elche,-264.169 | -517.078 | -787.341 | -1.829.932 | 0 | 0,"-1,95% | -3,75% | -5,60% | -12,11% | 0% | 0%",,8ddías,13.279.508,13.543.677 | 13.796.586 | 14.066.849 | 15.109.440 | 0 | 0,Delantero
Faye,Celta,-111.711 | -205.467 | -310.979 | 0 | 0 | 0,"-2,68% | -4,81% | -7,11% | 0% | 0% | 0%",,4ddías,4.062.385,4.174.096 | 4.267.852 | 4.373.364 | 0 | 0 | 0,Defensa
Kevin Sánchez,Deportivo,-16.469 | -34.880 | -53.433 | 0 | 0 | 0,"-2,00% | -4,14% | -6,21% | 0% | 0% | 0%",,4ddías,807.255,823.724 | 842.135 | 860.688 | 0 | 0 | 0,Delantero
Dieng,Valencia,-114.086 | -218.470 | -327.918 | -801.622 | -1.503.257 | 0,"-2,84% | -5,31% | -7,76% | -17,06% | -27,84% | 0%",,16ddías,3.896.977,4.011.063 | 4.115.447 | 4.224.895 | 4.698.599 | 5.400.234 | 0,Mediocampista
Luis Castro,Levante,-27.474 | -57.349 | -87.843 | -229.673 | -548.366 | -750.673,"-2,50% | -5,08% | -7,58% | -17,65% | -33,86% | -41,20%",,27ddías,1.071.367,1.098.841 | 1.128.716 | 1.159.210 | 1.301.040 | 1.619.733 | 1.822.040,
Manuel Pellegrini,Betis,-122.761 | -249.471 | -377.884 | -950.435 | -2.089.672 | -4.985.229,"-3,37% | -6,62% | -9,70% | -21,27% | -37,27% | -58,63%",,29ddías,3.517.637,3.640.398 | 3.767.108 | 3.895.521 | 4.468.072 | 5.607.309 | 8.502.866,
Claudio Giráldez,Celta,-63.342 | -130.579 | -199.992 | -514.406 | -1.178.052 | -3.342.599,"-3,17% | -6,33% | -9,38% | -21,03% | -37,88% | -63,37%",,15ddías,1.932.202,1.995.544 | 2.062.781 | 2.132.194 | 2.446.608 | 3.110.254 | 5.274.801,
Antonio Hidalgo,Deportivo,-39.394 | -81.685 | -125.113 | -324.296 | -768.912 | -464.601,"-2,82% | -5,68% | -8,44% | -19,28% | -36,16% | -25,50%",,25ddías,1.357.439,1.396.833 | 1.439.124 | 1.482.552 | 1.681.735 | 2.126.351 | 1.822.040,
Martín Anselmi,Elche,-38.754 | -80.379 | -123.113 | -319.220 | -757.077 | +130.577,"-2,81% | -5,65% | -8,40% | -19,21% | -36,07% | +10,78%",,22ddías,1.342.091,1.380.845 | 1.422.470 | 1.465.204 | 1.661.311 | 2.099.168 | 1.211.514,
Manolo González,Espanyol,-22.721 | -47.645 | -72.982 | -191.946 | -460.435 | -864.730,"-2,32% | -4,74% | -7,08% | -16,70% | -32,48% | -47,46%",,28ddías,957.310,980.031 | 1.004.955 | 1.030.292 | 1.149.256 | 1.417.745 | 1.822.040,
Pepe Bordalás,Getafe,-1.369.930 | -2.798.196 | -4.285.348 | -10.886.569 | -25.387.087 | +28.641.983,"-3,95% | -7,75% | -11,40% | -24,64% | -43,27% | +616,18%",,17ddías,33.290.305,34.660.235 | 36.088.501 | 37.575.653 | 44.176.874 | 58.677.392 | 4.648.322,
Juan Funes,Málaga,-27.968 | -58.357 | -89.387 | -233.594 | -557.508 | -131.469,"-2,52% | -5,11% | -7,62% | -17,74% | -33,98% | -10,82%",,24ddías,1.083.225,1.111.193 | 1.141.582 | 1.172.612 | 1.316.819 | 1.640.733 | 1.214.694,
Diego Simeone,Atlético,-149.367 | -302.135 | -458.119 | -1.157.126 | -2.581.451 | -7.396.902,"-3,05% | -5,98% | -8,80% | -19,59% | -35,21% | -60,90%",,30ddías,4.750.052,4.899.419 | 5.052.187 | 5.208.171 | 5.907.178 | 7.331.503 | 12.146.954,
Luis Miguel Ramis,Osasuna,-33.009 | -68.649 | -105.149 | -273.610 | -650.774 | -7.312,"-2,67% | -5,39% | -8,03% | -18,51% | -35,08% | -0,60%",,23ddías,1.204.202,1.237.211 | 1.272.851 | 1.309.351 | 1.477.812 | 1.854.976 | 1.211.514,
José Alberto López,Racing,-17.432 | -36.846 | -56.444 | -149.956 | -362.566 | -141.394,"-2,06% | -4,25% | -6,36% | -15,30% | -30,39% | -14,55%",,25ddías,830.359,847.791 | 867.205 | 886.803 | 980.315 | 1.192.925 | 971.753,
Beñat San José,Rayo,-38.754 | -80.379 | -123.113 | -319.220 | -757.077 | +130.577,"-2,81% | -5,65% | -8,40% | -19,21% | -36,07% | +10,78%",,22ddías,1.342.091,1.380.845 | 1.422.470 | 1.465.204 | 1.661.311 | 2.099.168 | 1.211.514,
José Mourinho,Real Madrid,-378.463 | -758.504 | -1.158.158 | -2.857.550 | -6.552.152 | -2.194.157,"-3,25% | -6,31% | -9,32% | -20,23% | -36,77% | -16,30%",,24ddías,11.267.118,11.645.581 | 12.025.622 | 12.425.276 | 14.124.668 | 17.819.270 | 13.461.275,
Pellegrino Matarazzo,Real Sociedad,-112.111 | -230.150 | -352.481 | -894.574 | -2.040.751 | -2.970.812,"-3,49% | -6,91% | -10,20% | -22,38% | -39,68% | -48,91%",,27ddías,3.102.664,3.214.775 | 3.332.814 | 3.455.145 | 3.997.238 | 5.143.415 | 6.073.476,
Luis García,Sevilla,-14.104 | -30.052 | -46.039 | -123.541 | -301.001 | -221.251,"-1,84% | -3,85% | -5,78% | -14,13% | -28,63% | -22,77%",,26ddías,750.502,764.606 | 780.554 | 796.541 | 874.043 | 1.051.503 | 971.753,
Carlos Corberán,Valencia,-8.558 | -18.729 | -28.698 | -79.511 | -198.375 | -475.836,"-1,37% | -2,94% | -4,44% | -11,41% | -24,32% | -43,53%",,29ddías,617.387,625.945 | 636.116 | 646.085 | 696.898 | 815.762 | 1.093.223,
Hansi Flick,Barcelona,-231.386 | -452.521 | -689.682 | -1.751.040 | -3.779.932 | -10.006.025,"-2,74% | -5,22% | -7,75% | -17,57% | -31,51% | -54,92%",,15ddías,8.214.407,8.445.793 | 8.666.928 | 8.904.089 | 9.965.447 | 11.994.339 | 18.220.432,
Edin Terzic,Athletic,-239.277 | -489.780 | -750.095 | -1.907.878 | -4.441.706 | -1.114.435,"-3,74% | -7,37% | -10,86% | -23,66% | -41,92% | -15,33%",,23ddías,6.154.652,6.393.929 | 6.644.432 | 6.904.747 | 8.062.530 | 10.596.358 | 7.269.087,
Barzic,Elche,-12.564 | -26.907 | -41.222 | 0 | 0 | 0,"-1,73% | -3,63% | -5,46% | 0% | 0% | 0%",,4ddías,713.524,726.088 | 740.431 | 754.746 | 0 | 0 | 0,Defensa
Romero,Atlético,-755.909 | -1.793.422 | -3.368.363 | 0 | 0 | 0,"-1,63% | -3,77% | -6,86% | 0% | 0% | 0%",,3ddías,45.752.522,46.508.431 | 47.545.944 | 49.120.885 | 0 | 0 | 0,Defensa
Ponce,Elche,-44.430 | -90.843 | -140.171 | 0 | 0 | 0,"-2,59% | -5,15% | -7,73% | 0% | 0% | 0%",,4ddías,1.673.990,1.718.420 | 1.764.833 | 1.814.161 | 0 | 0 | 0,Delantero
Padilla,Elche,-26.316 | -54.985 | -81.959 | 0 | 0 | 0,"-2,46% | -5,01% | -7,28% | 0% | 0% | 0%",,4ddías,1.043.583,1.069.899 | 1.098.568 | 1.125.542 | 0 | 0 | 0,Delantero
Umaru,Elche,-12.564 | -26.907 | -41.222 | 0 | 0 | 0,"-1,73% | -3,63% | -5,46% | 0% | 0% | 0%",,4ddías,713.524,726.088 | 740.431 | 754.746 | 0 | 0 | 0,Delantero
Danfakha,Getafe,-8.408 | -18.422 | -28.228 | 0 | 0 | 0,"-1,35% | -2,91% | -4,40% | 0% | 0% | 0%",,5ddías,613.788,622.196 | 632.210 | 642.016 | 0 | 0 | 0,Delantero
Dubasin,Osasuna,-333.298 | -641.729 | -948.499 | 0 | 0 | 0,"-2,42% | -4,55% | -6,59% | 0% | 0% | 0%",,4ddías,13.451.605,13.784.903 | 14.093.334 | 14.400.104 | 0 | 0 | 0,Delantero
Castellanos,Racing,-8.408 | -18.422 | -28.228 | 0 | 0 | 0,"-1,35% | -2,91% | -4,40% | 0% | 0% | 0%",,5ddías,613.788,622.196 | 632.210 | 642.016 | 0 | 0 | 0,Mediocampista
Lozano,Rayo,-8.408 | -18.422 | -28.228 | 0 | 0 | 0,"-1,35% | -2,91% | -4,40% | 0% | 0% | 0%",,5ddías,613.788,622.196 | 632.210 | 642.016 | 0 | 0 | 0,Defensa
Bernal,Betis,-97.173 | -178.243 | -545.730 | 0 | 0 | 0,"-0,88% | -1,61% | -4,76% | 0% | 0% | 0%",,3ddías,10.915.809,11.012.982 | 11.094.052 | 11.461.539 | 0 | 0 | 0,Mediocampista
Quique Sánchez,Alavés,-14.104 | -30.052 | -46.039 | -123.541 | -301.001 | -221.251,"-1,84% | -3,85% | -5,78% | -14,13% | -28,63% | -22,77%",,26ddías,750.502,764.606 | 780.554 | 796.541 | 874.043 | 1.051.503 | 971.753,
Francho,Getafe,-52.515 | -107.596 | -202.093 | 0 | 0 | 0,"-1,88% | -3,77% | -6,86% | 0% | 0% | 0%",,3ddías,2.745.160,2.797.675 | 2.852.756 | 2.947.253 | 0 | 0 | 0,Mediocampista
Tsitaishvili,Rayo,-72.729 | -133.970 | -224.967 | 0 | 0 | 0,"-2,71% | -4,88% | -7,93% | 0% | 0% | 0%",,3ddías,2.613.128,2.685.857 | 2.747.098 | 2.838.095 | 0 | 0 | 0,Delantero
Otu,Málaga,-27.091 | -56.567 | 0 | 0 | 0 | 0,"-2,49% | -5,06% | 0% | 0% | 0% | 0%",,2ddías,1.062.182,1.089.273 | 1.118.749 | 0 | 0 | 0 | 0,Mediocampista
Castillo,Atlético,0 | 0 | 0 | 0 | 0 | 0,"0,00% | 0% | 0% | 0% | 0% | 0%",,1ddías,1.000.000,1.000.000 | 0 | 0 | 0 | 0 | 0,Mediocampista
Juani,Málaga,0 | 0 | 0 | 0 | 0 | 0,"0,00% | 0% | 0% | 0% | 0% | 0%",,1ddías,1.000.000,1.000.000 | 0 | 0 | 0 | 0 | 0,Delantero
Rodri,Barcelona,-2.538.190 | 0 | 0 | 0 | 0 | 0,"-3,17% | 0% | 0% | 0% | 0% | 0%",,1ddías,77.461.810,80.000.000 | 0 | 0 | 0 | 0 | 0,Mediocampista
Adeyemi,Barcelona,-1.333.915 | 0 | 0 | 0 | 0 | 0,"-3,18% | 0% | 0% | 0% | 0% | 0%",,1ddías,40.666.085,42.000.000 | 0 | 0 | 0 | 0 | 0,Delantero
Moscardo,Espanyol,-240.084 | -470.133 | -715.447 | -1.713.381 | -3.382.536 | 0,"-3,01% | -5,73% | -8,46% | -18,13% | -30,42% | 0%",,15ddías,7.737.389,7.977.473 | 8.207.522 | 8.452.836 | 9.450.770 | 11.119.925 | 0,Mediocampista
De Haas,Valencia,-140.942 | -235.468 | -285.895 | -383.236 | +306.373 | 0,"-1,59% | -2,63% | -3,17% | -4,21% | +3,64% | 0%",,6ddías,8.729.681,8.870.623 | 8.965.149 | 9.015.576 | 9.112.917 | 8.423.308 | 0,Defensa
Loureiro,Deportivo,-90.764 | -179.185 | -268.746 | -554.062 | -592.969 | -1.017.715,"-2,76% | -5,30% | -7,75% | -14,76% | -15,63% | -24,13%",,10ddías,3.200.489,3.291.253 | 3.379.674 | 3.469.235 | 3.754.551 | 3.793.458 | 4.218.204,Defensa
Galilea,Málaga,+19.334 | +48.651 | +17.550 | -183.786 | -525.197 | -525.197,"+0,52% | +1,32% | +0,47% | -4,68% | -12,31% | -12,31%",,2ddías,3.740.735,3.721.401 | 3.692.084 | 3.723.185 | 3.924.521 | 4.265.932 | 4.265.932,Defensa
Herrero,Málaga,+139.835 | +299.338 | +348.360 | +634.743 | +1.624.266 | +2.648.324,"+1,61% | +3,51% | +4,11% | +7,74% | +22,53% | +42,81%",,15ddías,8.833.934,8.694.099 | 8.534.596 | 8.485.574 | 8.199.191 | 7.209.668 | 6.185.610,Portero
Carlos López,Málaga,+1.143 | +1.077 | +1.634 | +332 | -15.115 | -41.891,"+0,30% | +0,28% | +0,43% | +0,09% | -3,78% | -9,82%",,1ddías,384.568,383.425 | 383.491 | 382.934 | 384.236 | 399.683 | 426.459,Portero
Céspedes,Málaga,0 | 0 | 0 | 0 | 0 | 0,"0,00% | 0,00% | 0,00% | 0,00% | 0,00% | 0,00%",,43ddías,401.498,401.498 | 401.498 | 401.498 | 401.498 | 401.498 | 401.498,Portero
Puga,Málaga,+193 | +19.826 | -27.229 | -299.494 | -676.073 | -2.223.338,"+0,00% | +0,40% | -0,54% | -5,67% | -11,95% | -30,86%",,2ddías,4.982.161,4.981.968 | 4.962.335 | 5.009.390 | 5.281.655 | 5.658.234 | 7.205.499,Defensa
Murillo,Málaga,-51.331 | -102.496 | -154.774 | -386.610 | -881.048 | -2.415.737,"-2,94% | -5,71% | -8,38% | -18,60% | -34,24% | -58,80%",,47ddías,1.692.386,1.743.717 | 1.794.882 | 1.847.160 | 2.078.996 | 2.573.434 | 4.108.123,Defensa
Rafa GarridoRafita,Málaga,-52.741 | -209.756 | -376.806 | -376.806 | -376.806 | -376.806,"-1,12% | -4,32% | -7,51% | -7,51% | -7,51% | -7,51%",,3ddías,4.641.938,4.694.679 | 4.851.694 | 5.018.744 | 5.018.744 | 5.018.744 | 5.018.744,Defensa
Dani Sánchez,Málaga,-9.673 | -21.006 | -32.185 | -88.366 | -208.904 | -592.920,"-1,48% | -3,16% | -4,76% | -12,06% | -24,49% | -47,93%",,47ddías,644.158,653.831 | 665.164 | 676.343 | 732.524 | 853.062 | 1.237.078,Defensa
Eddahchouri,Deportivo,-40.767 | -77.165 | -117.049 | -259.445 | -492.794 | -1.262.080,"-2,45% | -4,54% | -6,73% | -13,79% | -23,31% | -43,77%",,47ddías,1.621.503,1.662.270 | 1.698.668 | 1.738.552 | 1.880.948 | 2.114.297 | 2.883.583,Delantero
Recio,Málaga,+14.745 | +38.980 | +31.636 | -1.223 | -1.223 | -1.223,"+2,00% | +5,47% | +4,39% | -0,16% | -0,16% | -0,16%",,2ddías,751.587,736.842 | 712.607 | 719.951 | 752.810 | 752.810 | 752.810,Defensa
Pastor,Málaga,+1.450 | +1.705 | +2.596 | +724 | -11.930 | -11.930,"+0,39% | +0,45% | +0,69% | +0,19% | -3,07% | -3,07%",,3ddías,377.186,375.736 | 375.481 | 374.590 | 376.462 | 389.116 | 389.116,Defensa
Arriaza,Málaga,0 | 0 | 0 | 0 | 0 | 0,"0,00% | 0,00% | 0,00% | 0,00% | 0,00% | 0,00%",,43ddías,401.498,401.498 | 401.498 | 401.498 | 401.498 | 401.498 | 401.498,Defensa
Moussa,Málaga,0 | 0 | 0 | 0 | 0 | 0,"0,00% | 0,00% | 0,00% | 0,00% | 0,00% | 0,00%",,43ddías,401.498,401.498 | 401.498 | 401.498 | 401.498 | 401.498 | 401.498,Defensa
Merino,Málaga,-124.303 | -198.517 | -284.239 | -666.849 | -1.037.275 | -2.449.853,"-2,12% | -3,35% | -4,73% | -10,43% | -15,33% | -29,96%",,43ddías,5.728.328,5.852.631 | 5.926.845 | 6.012.567 | 6.395.177 | 6.765.603 | 8.178.181,Mediocampista
Lorenzo,Málaga,+45.307 | +134.693 | +100.974 | -149.533 | +385.058 | +923.942,"+0,48% | +1,43% | +1,07% | -1,54% | +4,21% | +10,72%",,2ddías,9.541.604,9.496.297 | 9.406.911 | 9.440.630 | 9.691.137 | 9.156.546 | 8.617.662,Mediocampista
Rafa Rodríguez,Málaga,-159.541 | -305.493 | -425.687 | -840.612 | -840.612 | -840.612,"-2,85% | -5,33% | -7,27% | -13,41% | -13,41% | -13,41%",,5ddías,5.429.814,5.589.355 | 5.735.307 | 5.855.501 | 6.270.426 | 6.270.426 | 6.270.426,Mediocampista
Osorio,Elche,-33.452 | -69.028 | -105.715 | -190.575 | -190.575 | -190.575,"-2,68% | -5,38% | -8,01% | -13,56% | -13,56% | -13,56%",,5ddías,1.214.850,1.248.302 | 1.283.878 | 1.320.565 | 1.405.425 | 1.405.425 | 1.405.425,Delantero
Bil Nsongo,Deportivo,+114.525 | +237.470 | +310.391 | -122.619 | -122.619 | -122.619,"+1,82% | +3,85% | +5,10% | -1,88% | -1,88% | -1,88%",,3ddías,6.401.854,6.287.329 | 6.164.384 | 6.091.463 | 6.524.473 | 6.524.473 | 6.524.473,Delantero
Enríquez,Málaga,-13.034 | -27.867 | -42.693 | -107.954 | -194.760 | -580.972,"-1,77% | -3,70% | -5,56% | -12,96% | -21,18% | -44,49%",,47ddías,724.807,737.841 | 752.674 | 767.500 | 832.761 | 919.567 | 1.305.779,Mediocampista
Pablo García,Deportivo,0 | 0 | 0 | 0 | 0 | -61.970,"0,00% | 0,00% | 0,00% | 0,00% | 0,00% | -11,67%",,14ddías,468.964,468.964 | 468.964 | 468.964 | 468.964 | 468.964 | 530.934,Defensa
Teijo,Deportivo,0 | 0 | 0 | 0 | 0 | 0,"0,00% | 0,00% | 0,00% | 0,00% | 0,00% | 0,00%",,44ddías,602.257,602.257 | 602.257 | 602.257 | 602.257 | 602.257 | 602.257,Defensa
Canedo,Deportivo,0 | 0 | 0 | 0 | 0 | 0,"0,00% | 0,00% | 0,00% | 0,00% | 0,00% | 0,00%",,44ddías,602.257,602.257 | 602.257 | 602.257 | 602.257 | 602.257 | 602.257,Defensa
Samu Fernández,Deportivo,0 | 0 | 0 | 0 | 0 | 0,"0,00% | 0,00% | 0,00% | 0,00% | 0,00% | 0,00%",,44ddías,702.633,702.633 | 702.633 | 702.633 | 702.633 | 702.633 | 702.633,Defensa
Noubi,Deportivo,+35.686 | +98.323 | +296.270 | +1.122.489 | +2.626.242 | +5.536.579,"+0,27% | +0,74% | +2,26% | +9,13% | +24,34% | +70,26%",,29ddías,13.416.310,13.380.624 | 13.317.987 | 13.120.040 | 12.293.821 | 10.790.068 | 7.879.731,Defensa
Comas,Deportivo,-9.333 | -20.311 | -31.121 | -85.665 | -207.760 | -633.283,"-1,45% | -3,09% | -4,66% | -11,87% | -24,62% | -49,89%",,47ddías,635.998,645.331 | 656.309 | 667.119 | 721.663 | 843.758 | 1.269.281,Defensa
Barcia,Deportivo,-29.796 | -57.242 | -87.704 | -195.431 | -386.255 | -998.278,"-2,58% | -4,83% | -7,22% | -14,78% | -25,52% | -46,97%",,47ddías,1.127.090,1.156.886 | 1.184.332 | 1.214.794 | 1.322.521 | 1.513.345 | 2.125.368,Defensa
Ximo,Deportivo,-71.226 | -81.664 | -82.857 | -96.460 | -195.995 | -1.106.579,"-1,30% | -1,48% | -1,51% | -1,75% | -3,49% | -16,96%",,6ddías,5.417.894,5.489.120 | 5.499.558 | 5.500.751 | 5.514.354 | 5.613.889 | 6.524.473,Defensa
Noé Carrillo,Deportivo,0 | 0 | 0 | 0 | 0 | 0,"0,00% | 0,00% | 0,00% | 0,00% | 0,00% | 0,00%",,44ddías,702.633,702.633 | 702.633 | 702.633 | 702.633 | 702.633 | 702.633,Mediocampista
Luismi,Deportivo,-134.635 | -263.165 | -404.495 | -594.804 | -615.784 | -2.622.196,"-2,44% | -4,67% | -7,00% | -9,96% | -10,28% | -32,79%",,6ddías,5.375.543,5.510.178 | 5.638.708 | 5.780.038 | 5.970.347 | 5.991.327 | 7.997.739,Delantero
Riki,Deportivo,-18.956 | -39.958 | -61.210 | -155.543 | -323.858 | -638.701,"-2,14% | -4,41% | -6,59% | -15,21% | -27,20% | -42,42%",,23ddías,866.945,885.901 | 906.903 | 928.155 | 1.022.488 | 1.190.803 | 1.505.646,Mediocampista
Rubén López,Deportivo,0 | 0 | 0 | 0 | 0 | 0,"0,00% | 0,00% | 0,00% | 0,00% | 0,00% | 0,00%",,44ddías,501.880,501.880 | 501.880 | 501.880 | 501.880 | 501.880 | 501.880,Mediocampista
Villares,Deportivo,-52.367 | -94.039 | -144.557 | -332.572 | -665.785 | -1.989.713,"-2,34% | -4,13% | -6,21% | -13,21% | -23,36% | -47,67%",,47ddías,2.184.470,2.236.837 | 2.278.509 | 2.329.027 | 2.517.042 | 2.850.255 | 4.174.183,Mediocampista
Jurado,Deportivo,-18.974 | -39.995 | -61.267 | -158.009 | -350.717 | -1.038.733,"-2,14% | -4,41% | -6,60% | -15,41% | -28,79% | -54,49%",,47ddías,867.383,886.357 | 907.378 | 928.650 | 1.025.392 | 1.218.100 | 1.906.116,Mediocampista
Mella,Deportivo,-50.588 | -80.974 | -123.607 | -36.235 | +80.703 | -659.932,"-1,51% | -2,40% | -3,61% | -1,09% | +2,51% | -16,67%",,4ddías,3.299.003,3.349.591 | 3.379.977 | 3.422.610 | 3.335.238 | 3.218.300 | 3.958.935,Mediocampista
Mario,Deportivo,+313.739 | +605.339 | +1.064.440 | +2.462.437 | +5.104.043 | +10.528.937,"+1,11% | +2,16% | +3,87% | +9,43% | +21,74% | +58,34%",,46ddías,28.577.856,28.264.117 | 27.972.517 | 27.513.416 | 26.115.419 | 23.473.813 | 18.048.919,Mediocampista
Patino,Deportivo,-2.803 | -6.979 | -10.704 | -33.830 | -84.748 | -274.417,"-0,58% | -1,44% | -2,18% | -6,59% | -15,03% | -36,41%",,47ddías,479.276,482.079 | 486.255 | 489.980 | 513.106 | 564.024 | 753.693,Mediocampista
Ochoa,Málaga,0 | 0 | 0 | 0 | 0 | 0,"0,00% | 0,00% | 0,00% | 0,00% | 0,00% | 0,00%",,43ddías,3.513.040,3.513.040 | 3.513.040 | 3.513.040 | 3.513.040 | 3.513.040 | 3.513.040,Mediocampista
Juanpe,Málaga,0 | 0 | 0 | 0 | 0 | 0,"0,00% | 0,00% | 0,00% | 0,00% | 0,00% | 0,00%",,43ddías,581.931,581.931 | 581.931 | 581.931 | 581.931 | 581.931 | 581.931,Mediocampista
Amatucci,Deportivo,+215.111 | +461.361 | +717.117 | +1.187.075 | +1.971.371 | 0,"+1,56% | +3,40% | +5,39% | +9,25% | +16,36% | 0%",,12ddías,14.022.629,13.807.518 | 13.561.268 | 13.305.512 | 12.835.554 | 12.051.258 | 0,Mediocampista
Yeremay,Deportivo,-1.121.257 | -2.317.049 | -3.416.124 | -6.565.386 | -14.079.560 | +8.189.292,"-2,43% | -4,90% | -7,05% | -12,73% | -23,83% | +22,24%",,14ddías,45.007.820,46.129.077 | 47.324.869 | 48.423.944 | 51.573.206 | 59.087.380 | 36.818.528,Delantero
Canales,Racing,+478.438 | +988.098 | +1.446.566 | +3.281.412 | +7.924.075 | +16.402.597,"+1,84% | +3,88% | +5,79% | +14,17% | +42,80% | +163,42%",,14ddías,26.439.859,25.961.421 | 25.451.761 | 24.993.293 | 23.158.447 | 18.515.784 | 10.037.262,Mediocampista
Santi Franco,Racing,0 | 0 | 0 | 0 | 0 | 0,"0,00% | 0,00% | 0,00% | 0,00% | 0,00% | 0,00%",,43ddías,702.606,702.606 | 702.606 | 702.606 | 702.606 | 702.606 | 702.606,Delantero
Diego Diaz,Racing,-5.872 | -13.244 | -20.298 | -49.322 | -49.322 | -49.322,"-1,05% | -2,34% | -3,54% | -8,19% | -8,19% | -8,19%",,6ddías,552.912,558.784 | 566.156 | 573.210 | 602.234 | 602.234 | 602.234,Delantero
Santaella,Málaga,0 | 0 | 0 | 0 | 0 | 0,"0,00% | 0,00% | 0,00% | 0,00% | 0,00% | 0,00%",,39ddías,401.498,401.498 | 401.498 | 401.498 | 401.498 | 401.498 | 401.498,Defensa
Vallecillo,Racing,-8.338 | -18.280 | -28.010 | -65.832 | -65.832 | -65.832,"-1,34% | -2,90% | -4,38% | -9,71% | -9,71% | -9,71%",,6ddías,612.108,620.446 | 630.388 | 640.118 | 677.940 | 677.940 | 677.940,Mediocampista
Chupete,Málaga,-1.078.677 | -2.070.830 | -2.747.082 | -6.470.508 | -6.262.324 | +14.702.460,"-2,34% | -4,39% | -5,74% | -12,55% | -12,20% | +48,40%",,10ddías,45.077.421,46.156.098 | 47.148.251 | 47.824.503 | 51.547.929 | 51.339.745 | 30.374.961,Delantero
Larrubia,Málaga,-1.152.806 | -2.146.700 | -2.981.768 | -6.702.670 | -5.993.888 | +15.028.534,"-2,36% | -4,31% | -5,88% | -12,32% | -11,16% | +46,00%",,10ddías,47.697.344,48.850.150 | 49.844.044 | 50.679.112 | 54.400.014 | 53.691.232 | 32.668.810,Mediocampista
Dumfries,Real Madrid,-869.105 | -1.634.474 | -2.490.977 | -6.381.929 | -14.795.140 | +4.308.455,"-1,66% | -3,07% | -4,61% | -11,01% | -22,28% | +9,11%",,14ddías,51.601.420,52.470.525 | 53.235.894 | 54.092.397 | 57.983.349 | 66.396.560 | 47.292.965,Defensa
Arana,Racing,-11.874 | -25.499 | -39.067 | -94.544 | -170.915 | -392.310,"-1,68% | -3,53% | -5,31% | -11,94% | -19,69% | -36,02%",,47ddías,696.983,708.857 | 722.482 | 736.050 | 791.527 | 867.898 | 1.089.293,Delantero
Hartman,Espanyol,-219.206 | -425.724 | -645.537 | -1.486.693 | -2.614.661 | -6.344.462,"-2,88% | -5,44% | -8,02% | -16,73% | -26,11% | -46,16%",,31ddías,7.401.091,7.620.297 | 7.826.815 | 8.046.628 | 8.887.784 | 10.015.752 | 13.745.553,Defensa
Cucurella,Real Madrid,-521.661 | -950.976 | -1.520.405 | -4.866.599 | -375.632 | 0,"-0,67% | -1,21% | -1,92% | -5,91% | -0,48% | 0%",,10ddías,77.525.617,78.047.278 | 78.476.593 | 79.046.022 | 82.392.216 | 77.901.249 | 0,Defensa
Konaté,Real Madrid,-307.223 | -730.312 | -1.148.997 | -2.453.889 | +3.591.266 | 0,"-0,66% | -1,55% | -2,41% | -5,01% | +8,37% | 0%",,7ddías,46.493.416,46.800.639 | 47.223.728 | 47.642.413 | 48.947.305 | 42.902.150 | 0,Defensa
Aubameyang,Deportivo,+1.958.097 | +3.167.501 | +4.792.328 | +10.012.165 | +18.236.418 | 0,"+4,93% | +8,23% | +13,00% | +31,63% | +77,82% | 0%",,23ddías,41.669.589,39.711.492 | 38.502.088 | 36.877.261 | 31.657.424 | 23.433.171 | 0,Delantero
Calatrava,Espanyol,+35.500 | +54.883 | +90.351 | +200.560 | +617.708 | 0,"+0,87% | +1,34% | +2,23% | +5,09% | +17,55% | 0%",,22ddías,4.137.322,4.101.822 | 4.082.439 | 4.046.971 | 3.936.762 | 3.519.614 | 0,Delantero
Hjulmand,Atlético,-784.789 | -1.484.348 | -1.874.479 | -1.467.179 | +1.587.131 | 0,"-2,21% | -4,09% | -5,11% | -4,05% | +4,78% | 0%",,4ddías,34.780.563,35.565.352 | 36.264.911 | 36.655.042 | 36.247.742 | 33.193.432 | 0,Mediocampista
Bernardo Silva,Real Madrid,+1.281.445 | +2.242.634 | +3.325.754 | +7.685.708 | +18.659.592 | 0,"+2,13% | +3,79% | +5,73% | +14,32% | +43,70% | 0%",,18ddías,61.355.545,60.074.100 | 59.112.911 | 58.029.791 | 53.669.837 | 42.695.953 | 0,Mediocampista
Guliashvili,Racing,-50.145 | -101.741 | -156.574 | -400.808 | -911.378 | -2.557.989,"-2,90% | -5,71% | -8,52% | -19,26% | -35,16% | -60,35%",,47ddías,1.680.518,1.730.663 | 1.782.259 | 1.837.092 | 2.081.326 | 2.591.896 | 4.238.507,Delantero
Iñigo Vicente,Racing,+209.830 | +378.333 | +625.015 | +1.280.842 | +1.595.629 | -1.422.486,"+1,04% | +1,89% | +3,15% | +6,68% | +8,46% | -6,50%",,12ddías,20.445.889,20.236.059 | 20.067.556 | 19.820.874 | 19.165.047 | 18.850.260 | 21.868.375,Delantero
Joaquín,Málaga,-54.261 | -71.363 | -158.570 | -618.062 | -1.456.790 | -4.091.622,"-0,87% | -1,14% | -2,50% | -9,10% | -19,09% | -39,85%",,47ddías,6.174.988,6.229.249 | 6.246.351 | 6.333.558 | 6.793.050 | 7.631.778 | 10.266.610,Delantero
Sainz-Maza,Racing,-10.712 | -23.127 | -35.434 | -94.411 | -215.248 | -628.313,"-1,58% | -3,34% | -5,03% | -12,37% | -24,34% | -48,43%",,47ddías,669.091,679.803 | 692.218 | 704.525 | 763.502 | 884.339 | 1.297.404,Defensa
Lobete,Málaga,-11.514 | -24.764 | -37.940 | -102.976 | -231.627 | -674.140,"-1,65% | -3,47% | -5,22% | -13,01% | -25,18% | -49,48%",,47ddías,688.325,699.839 | 713.089 | 726.265 | 791.301 | 919.952 | 1.362.465,Delantero
Jauregi,Málaga,-29.410 | -57.647 | -88.091 | -215.460 | -437.939 | -437.939,"-2,56% | -4,90% | -7,30% | -16,16% | -28,15% | -28,15%",,13ddías,1.117.835,1.147.245 | 1.175.482 | 1.205.926 | 1.333.295 | 1.555.774 | 1.555.774,Delantero
Haitam,Málaga,+90 | -1.072 | -1.657 | -10.859 | -38.362 | -121.276,"+0,02% | -0,26% | -0,40% | -2,58% | -8,56% | -22,83%",,1ddías,409.827,409.737 | 410.899 | 411.484 | 420.686 | 448.189 | 531.103,Delantero
Jiménez,Racing,0 | 0 | 0 | 0 | 0 | 0,"0,00% | 0,00% | 0,00% | 0,00% | 0,00% | 0,00%",,43ddías,602.234,602.234 | 602.234 | 602.234 | 602.234 | 602.234 | 602.234,Portero
Eriksson,Racing,-68.159 | -130.247 | -194.457 | -419.001 | -331.318 | +213.927,"-2,65% | -4,94% | -7,21% | -14,33% | -11,69% | +9,34%",,10ddías,2.504.052,2.572.211 | 2.634.299 | 2.698.509 | 2.923.053 | 2.835.370 | 2.290.125,Portero
Laro Gómez,Racing,0 | 0 | 0 | 0 | 0 | 0,"0,00% | 0,00% | 0,00% | 0,00% | 0,00% | 0,00%",,43ddías,602.234,602.234 | 602.234 | 602.234 | 602.234 | 602.234 | 602.234,Portero
Mantilla,Racing,-49.094 | -84.929 | -114.024 | -183.083 | +152.205 | +419.493,"-1,86% | -3,18% | -4,23% | -6,62% | +6,26% | +19,38%",,6ddías,2.583.728,2.632.822 | 2.668.657 | 2.697.752 | 2.766.811 | 2.431.523 | 2.164.235,Defensa
Hernando,Racing,+50.914 | +106.524 | +163.939 | +185.992 | +5.410 | -368.610,"+2,67% | +5,76% | +9,15% | +10,51% | +0,28% | -15,86%",,5ddías,1.956.182,1.905.268 | 1.849.658 | 1.792.243 | 1.770.190 | 1.950.772 | 2.324.792,Defensa
Solórzano,Racing,0 | 0 | 0 | 0 | 0 | 0,"0,00% | 0,00% | 0,00% | 0,00% | 0,00% | 0,00%",,43ddías,602.234,602.234 | 602.234 | 602.234 | 602.234 | 602.234 | 602.234,Mediocampista
Salinas,Racing,+96.678 | +201.929 | +323.667 | +483.956 | +77.406 | +77.406,"+1,61% | +3,42% | +5,60% | +8,62% | +1,29% | +1,29%",,6ddías,6.099.762,6.003.084 | 5.897.833 | 5.776.095 | 5.615.806 | 6.022.356 | 6.022.356,Defensa
Carlos Sánchez,Racing,-9.142 | -19.921 | -30.523 | -71.213 | -71.213 | -71.213,"-1,43% | -3,06% | -4,61% | -10,14% | -10,14% | -10,14%",,6ddías,631.393,640.535 | 651.314 | 661.916 | 702.606 | 702.606 | 702.606,Defensa
Facundo GonzálezFacu González,Racing,-69.115 | -128.882 | -195.485 | -422.749 | -477.471 | -865.867,"-2,54% | -4,64% | -6,88% | -13,77% | -15,28% | -24,65%",,7ddías,2.647.173,2.716.288 | 2.776.055 | 2.842.658 | 3.069.922 | 3.124.644 | 3.513.040,Defensa
Crespo,Racing,0 | 0 | 0 | 0 | 0 | 0,"0,00% | 0,00% | 0,00% | 0,00% | 0,00% | 0,00%",,43ddías,802.979,802.979 | 802.979 | 802.979 | 802.979 | 802.979 | 802.979,Defensa
Maguette,Racing,-90.222 | -164.543 | -250.149 | -561.931 | -789.973 | -1.926.830,"-2,47% | -4,42% | -6,57% | -13,65% | -18,18% | -35,15%",,43ddías,3.555.474,3.645.696 | 3.720.017 | 3.805.623 | 4.117.405 | 4.345.447 | 5.482.304,Mediocampista
Sergio Martínez,Racing,+99.904 | +179.272 | +263.941 | +348.644 | +348.644 | +348.644,"+10,50% | +20,56% | +33,52% | +49,62% | +49,62% | +49,62%",,4ddías,1.051.250,951.346 | 871.978 | 787.309 | 702.606 | 702.606 | 702.606,Mediocampista
Puerta,Racing,+195.568 | +305.652 | +613.014 | +1.519.969 | +2.908.924 | +4.808.408,"+1,40% | +2,21% | +4,53% | +12,03% | +25,86% | +51,42%",,26ddías,14.159.811,13.964.243 | 13.854.159 | 13.546.797 | 12.639.842 | 11.250.887 | 9.351.403,Mediocampista
Bambo,Elche,-21.260 | -44.525 | -68.271 | -163.740 | -336.557 | +267.765,"-2,25% | -4,61% | -6,89% | -15,08% | -26,74% | 0%",,19ddías,922.230,943.490 | 966.755 | 990.501 | 1.085.970 | 1.258.787 | 0,Defensa
Rincón,Athletic,-61.350 | -104.778 | -152.240 | +1.175.854 | +1.175.854 | +1.175.854,"-2,12% | -3,56% | -5,10% | 0% | 0% | 0%",,4ddías,2.834.447,2.895.797 | 2.939.225 | 2.986.687 | 0 | 0 | 0,Defensa
Youssef,Alavés,+11.812 | +13.558 | +23.043 | +15.142 | +5.059 | -134.942,"+2,35% | +2,70% | +4,68% | +3,03% | +0,99% | -20,76%",,4ddías,515.187,503.375 | 501.629 | 492.144 | 500.045 | 510.128 | 650.129,Defensa
Dimitrievski,Valencia,+281.512 | +548.020 | +824.714 | +1.886.015 | +4.358.582 | +3.946.869,"+1,79% | +3,55% | +5,44% | +13,37% | +37,46% | +32,77%",,14ddías,15.992.746,15.711.234 | 15.444.726 | 15.168.032 | 14.106.731 | 11.634.164 | 12.045.877,Portero
Budimir,Osasuna,+177.201 | +381.059 | +678.062 | +2.098.747 | +5.528.121 | -3.018.834,"+0,34% | +0,73% | +1,31% | +4,16% | +11,77% | -5,44%",,13ddías,52.514.353,52.337.152 | 52.133.294 | 51.836.291 | 50.415.606 | 46.986.232 | 55.533.187,Delantero
Ibáñez,Alavés,+144.498 | +230.422 | +285.596 | +427.620 | +408.280 | -424.516,"+4,07% | +6,65% | +8,37% | +13,08% | +12,42% | -10,30%",,9ddías,3.696.817,3.552.319 | 3.466.395 | 3.411.221 | 3.269.197 | 3.288.537 | 4.121.333,Mediocampista
Mojica,Getafe,+257.610 | +442.340 | +508.372 | -218.284 | +9.417.090 | +9.417.090,"+2,24% | +3,91% | +4,52% | -1,82% | 0% | 0%",,3ddías,11.765.064,11.507.454 | 11.322.724 | 11.256.692 | 11.983.348 | 0 | 0,Defensa
Catena,Osasuna,-393.321 | -518.723 | -724.117 | -1.883.501 | -4.411.705 | -5.211.499,"-1,20% | -1,58% | -2,20% | -5,52% | -12,03% | -13,91%",,23ddías,32.249.219,32.642.540 | 32.767.942 | 32.973.336 | 34.132.720 | 36.660.924 | 37.460.718,Defensa
Herrando,Osasuna,-34.275 | -61.547 | -89.726 | -223.063 | -462.965 | -1.401.020,"-2,28% | -4,01% | -5,75% | -13,16% | -23,93% | -48,77%",,47ddías,1.471.803,1.506.078 | 1.533.350 | 1.561.529 | 1.694.866 | 1.934.768 | 2.872.823,Defensa
Iker Muñoz,Osasuna,-26.934 | -38.192 | -53.604 | -131.518 | -207.188 | -829.639,"-2,13% | -2,99% | -4,14% | -9,59% | -14,32% | -40,09%",,7ddías,1.239.652,1.266.586 | 1.277.844 | 1.293.256 | 1.371.170 | 1.446.840 | 2.069.291,Mediocampista
Ratiu,Rayo,-116.974 | -12.087 | +99.425 | +347.310 | -726.420 | -10.532.558,"-0,33% | -0,03% | +0,28% | +0,98% | -1,99% | -22,74%",,1ddías,35.794.270,35.911.244 | 35.806.357 | 35.694.845 | 35.446.960 | 36.520.690 | 46.326.828,Defensa
Rubén GarcíaRubén G.,Osasuna,-88.624 | -80.832 | -8.127 | +248.091 | +945.078 | -1.265.625,"-0,63% | -0,57% | -0,06% | +1,80% | +7,24% | -8,29%",,1ddías,14.002.340,14.090.964 | 14.083.172 | 14.010.467 | 13.754.249 | 13.057.262 | 15.267.965,Mediocampista
Isi,Rayo,-492.798 | -289.156 | +55.590 | +1.681.837 | +4.236.449 | -1.254.926,"-2,35% | -1,39% | +0,27% | +8,94% | +26,05% | -5,77%",,1ddías,20.500.048,20.992.846 | 20.789.204 | 20.444.458 | 18.818.211 | 16.263.599 | 21.754.974,Delantero
Nteka,Rayo,+18.019 | +21.528 | +20.997 | -13.347 | -175.070 | -793.989,"+1,46% | +1,74% | +1,70% | -1,05% | -12,24% | -38,74%",,2ddías,1.255.625,1.237.606 | 1.234.097 | 1.234.628 | 1.268.972 | 1.430.695 | 2.049.614,Delantero
Cárdenas,Rayo,+35.382 | +28.246 | +21.747 | -3.537 | -73.596 | -324.079,"+6,37% | +5,02% | +3,82% | -0,59% | -11,07% | -35,41%",,1ddías,591.204,555.822 | 562.958 | 569.457 | 594.741 | 664.800 | 915.283,Portero
Unai López,Rayo,+216.557 | +299.688 | +369.731 | +498.092 | +543.154 | +274.944,"+3,52% | +4,93% | +6,16% | +8,48% | +9,31% | +4,51%",,9ddías,6.374.616,6.158.059 | 6.074.928 | 6.004.885 | 5.876.524 | 5.831.462 | 6.099.672,Mediocampista
Álvaro García,Rayo,+233.431 | +563.327 | +1.066.382 | +2.765.798 | +3.675.261 | +6.871.775,"+1,14% | +2,78% | +5,41% | +15,34% | +21,47% | +49,36%",,31ddías,20.794.569,20.561.138 | 20.231.242 | 19.728.187 | 18.028.771 | 17.119.308 | 13.922.794,Mediocampista
De Frutos,Rayo,-82.534 | -593.685 | -1.319.135 | -4.615.893 | -7.473.570 | +5.850.395,"-0,20% | -1,40% | -3,06% | -9,95% | -15,18% | +16,29%",,12ddías,41.767.685,41.850.219 | 42.361.370 | 43.086.820 | 46.383.578 | 49.241.255 | 35.917.290,Delantero
Balliu,Rayo,-14.529 | -6.541 | +5.071 | +27.399 | +152.112 | -67.294,"-1,48% | -0,67% | +0,53% | +2,91% | +18,59% | -6,48%",,1ddías,970.471,985.000 | 977.012 | 965.400 | 943.072 | 818.359 | 1.037.765,Defensa
Moi Gómez,Osasuna,-37.737 | -70.347 | -104.957 | -251.550 | -494.199 | -1.489.066,"-2,09% | -3,82% | -5,60% | -12,44% | -21,82% | -45,68%",,47ddías,1.770.800,1.808.537 | 1.841.147 | 1.875.757 | 2.022.350 | 2.264.999 | 3.259.866,Mediocampista
Aitor,Osasuna,-2.509 | -6.378 | -9.783 | -31.490 | -63.715 | -225.765,"-0,53% | -1,33% | -2,03% | -6,25% | -11,89% | -32,35%",,12ddías,472.205,474.714 | 478.583 | 481.988 | 503.695 | 535.920 | 697.970,Portero
Valentín,Rayo,+67.653 | +182.696 | +313.616 | +588.102 | +788.560 | -82.941,"+1,63% | +4,53% | +8,04% | +16,22% | +23,02% | -1,93%",,15ddías,4.214.711,4.147.058 | 4.032.015 | 3.901.095 | 3.626.609 | 3.426.151 | 4.297.652,Mediocampista
Moleiro,Villarreal,-816.957 | -1.565.584 | -2.511.709 | -3.241.780 | +4.477.294 | -40.972,"-1,26% | -2,39% | -3,78% | -4,83% | +7,54% | -0,06%",,5ddías,63.872.462,64.689.419 | 65.438.046 | 66.384.171 | 67.114.242 | 59.395.168 | 63.913.434,Mediocampista
Iván Martín,Racing,-269.959 | +6.706.810 | +6.706.810 | +6.706.810 | +6.706.810 | +6.706.810,"-3,18% | 0% | 0% | 0% | 0% | 0%",,1ddías,8.230.041,8.500.000 | 0 | 0 | 0 | 0 | 0,Mediocampista
Eric Garcia,Barcelona,+710.047 | +1.370.354 | +1.813.966 | +1.763.178 | -2.005.763 | -12.717.512,"+1,55% | +3,04% | +4,06% | +3,94% | -4,13% | -21,47%",,5ddías,46.510.720,45.800.673 | 45.140.366 | 44.696.754 | 44.747.542 | 48.516.483 | 59.228.232,Defensa
Boyé,Alavés,+12.450 | -43.651 | -221.871 | -1.388.847 | -3.402.099 | -5.902.506,"+0,12% | -0,40% | -2,01% | -11,36% | -23,90% | -35,27%",,1ddías,10.832.416,10.819.966 | 10.876.067 | 11.054.287 | 12.221.263 | 14.234.515 | 16.734.922,Delantero
Miguel Ángel RubioMiguel Rubio,Espanyol,-4.468 | -10.379 | -15.910 | -47.047 | -122.710 | -384.194,"-0,85% | -1,96% | -2,97% | -8,31% | -19,12% | -42,53%",,47ddías,519.237,523.705 | 529.616 | 535.147 | 566.284 | 641.947 | 903.431,Defensa
Villar,Elche,+209.306 | +408.703 | +191.239 | -53.422 | -53.422 | -53.422,"+3,09% | +6,23% | +2,82% | -0,76% | -0,76% | -0,76%",,2ddías,6.973.705,6.764.399 | 6.565.002 | 6.782.466 | 7.027.127 | 7.027.127 | 7.027.127,Mediocampista
S. Cardona,Villarreal,-96.183 | -177.217 | -250.502 | -455.102 | -603.418 | -1.130.825,"-2,22% | -4,02% | -5,58% | -9,70% | -12,47% | -21,07%",,7ddías,4.235.720,4.331.903 | 4.412.937 | 4.486.222 | 4.690.822 | 4.839.138 | 5.366.545,Defensa
Javi Muñoz,Getafe,-6.380 | -14.282 | -21.888 | -62.225 | -151.528 | -477.054,"-1,12% | -2,46% | -3,73% | -9,92% | -21,14% | -45,77%",,47ddías,565.127,571.507 | 579.409 | 587.015 | 627.352 | 716.655 | 1.042.181,Mediocampista
Valles,Betis,+90.017 | +78.306 | +178.282 | +1.175.378 | +6.162.150 | +18.387.342,"+0,27% | +0,23% | +0,53% | +3,59% | +22,21% | +118,45%",,1ddías,33.911.105,33.821.088 | 33.832.799 | 33.732.823 | 32.735.727 | 27.748.955 | 15.523.763,Portero
Areso,Athletic,+2.820 | +29.489 | +65.472 | +151.401 | +466.134 | +273.682,"+0,09% | +0,99% | +2,24% | +5,33% | +18,44% | +10,06%",,19ddías,2.994.473,2.991.653 | 2.964.984 | 2.929.001 | 2.843.072 | 2.528.339 | 2.720.791,Defensa
Copete,Valencia,-47.552 | -98.341 | -150.621 | -380.852 | -872.067 | -2.495.858,"-2,97% | -5,95% | -8,84% | -19,69% | -35,96% | -61,64%",,47ddías,1.553.234,1.600.786 | 1.651.575 | 1.703.855 | 1.934.086 | 2.425.301 | 4.049.092,Defensa
Maffeo,Valencia,-333.479 | +8.860.473 | +8.860.473 | +8.860.473 | +8.860.473 | +8.860.473,"-3,18% | 0% | 0% | 0% | 0% | 0%",,1ddías,10.166.521,10.500.000 | 0 | 0 | 0 | 0 | 0,Defensa
Herrera,Osasuna,-285.464 | -582.371 | -780.769 | -2.061.443 | +131.245 | +13.450.374,"-0,75% | -1,52% | -2,02% | -5,17% | +0,35% | +55,23%",,9ddías,37.805.282,38.090.746 | 38.387.653 | 38.586.051 | 39.866.725 | 37.674.037 | 24.354.908,Portero
Torró,Osasuna,-40.463 | -66.193 | -85.511 | -203.697 | -340.122 | -927.636,"-1,74% | -2,82% | -3,62% | -8,20% | -12,98% | -28,92%",,43ddías,2.279.815,2.320.278 | 2.346.008 | 2.365.326 | 2.483.512 | 2.619.937 | 3.207.451,Mediocampista
Moncayola,Osasuna,-45.740 | -56.629 | -60.741 | +53.704 | +674.436 | +1.215.514,"-0,66% | -0,82% | -0,88% | +0,79% | +10,93% | +21,59%",,4ddías,6.844.403,6.890.143 | 6.901.032 | 6.905.144 | 6.790.699 | 6.169.967 | 5.628.889,Mediocampista
Oroz,Osasuna,-113.881 | -191.740 | -192.616 | +105.835 | +964.248 | -1.733.642,"-0,71% | -1,19% | -1,20% | +0,67% | +6,45% | -9,83%",,3ddías,15.905.327,16.019.208 | 16.097.067 | 16.097.943 | 15.799.492 | 14.941.079 | 17.638.969,Mediocampista
Kike Barja,Osasuna,-62.364 | -117.298 | -176.996 | -435.271 | -676.528 | -676.528,"-2,84% | -5,21% | -7,66% | -16,94% | -24,07% | -24,07%",,10ddías,2.134.300,2.196.664 | 2.251.598 | 2.311.296 | 2.569.571 | 2.810.828 | 2.810.828,Delantero
Pathé Ciss,Rayo,+703.973 | +1.252.223 | +1.721.091 | +2.999.849 | +3.913.364 | +3.875.737,"+4,94% | +9,14% | +13,01% | +25,09% | +35,44% | +34,98%",,21ddías,14.954.934,14.250.961 | 13.702.711 | 13.233.843 | 11.955.085 | 11.041.570 | 11.079.197,Mediocampista
Lejeune,Rayo,-433.013 | -890.795 | -1.331.760 | -2.799.083 | -3.658.751 | -15.588.451,"-1,21% | -2,45% | -3,62% | -7,33% | -9,36% | -30,56%",,6ddías,35.413.061,35.846.074 | 36.303.856 | 36.744.821 | 38.212.144 | 39.071.812 | 51.001.512,Defensa
Iglesias,Sevilla,+101.783 | +237.848 | +387.133 | +722.289 | -114.996 | -114.996,"+0,83% | +1,95% | +3,21% | +6,17% | -0,92% | -0,92%",,8ddías,12.433.356,12.331.573 | 12.195.508 | 12.046.223 | 11.711.067 | 12.548.352 | 12.548.352,Defensa
Turrientes,Real Sociedad,-125.557 | -231.813 | -343.528 | -455.251 | -300.166 | -2.085.585,"-1,86% | -3,39% | -4,94% | -6,44% | -4,34% | -23,99%",,5ddías,6.608.538,6.734.095 | 6.840.351 | 6.952.066 | 7.063.789 | 6.908.704 | 8.694.123,Mediocampista
Oyarzabal,Real Sociedad,+143.329 | +263.728 | +463.375 | +587.399 | -3.095.416 | -20.811.607,"+0,23% | +0,42% | +0,73% | +0,93% | -4,63% | -24,60%",,5ddías,63.786.340,63.643.011 | 63.522.612 | 63.322.965 | 63.198.941 | 66.881.756 | 84.597.947,Delantero
Zakharyan,Real Sociedad,-19.718 | -41.514 | -63.593 | -153.881 | -341.141 | -1.009.564,"-2,18% | -4,48% | -6,70% | -14,81% | -27,82% | -53,28%",,47ddías,885.231,904.949 | 926.745 | 948.824 | 1.039.112 | 1.226.372 | 1.894.795,Mediocampista
Fortuny,Real Madrid,0 | 0 | 0 | 0 | 0 | 0,"0,00% | 0,00% | 0,00% | 0,00% | 0,00% | 0,00%",,44ddías,602.234,602.234 | 602.234 | 602.234 | 602.234 | 602.234 | 602.234,Mediocampista
Olasagasti,Levante,-75.619 | -138.971 | -194.040 | -284.028 | +248.482 | -141.579,"-1,84% | -3,32% | -4,58% | -6,56% | +6,55% | -3,38%",,6ddías,4.042.471,4.118.090 | 4.181.442 | 4.236.511 | 4.326.499 | 3.793.989 | 4.184.050,Mediocampista
Sadiq,Valencia,-88.795 | -172.657 | -257.498 | -640.917 | -1.727.068 | -6.002.990,"-1,40% | -2,69% | -3,97% | -9,32% | -21,69% | -49,06%",,45ddías,6.234.245,6.323.040 | 6.406.902 | 6.491.743 | 6.875.162 | 7.961.313 | 12.237.235,Delantero
Pacheco,Real Sociedad,-105.959 | -231.623 | -364.119 | -364.119 | -364.119 | -364.119,"-2,82% | -5,97% | -9,07% | -9,07% | -9,07% | -9,07%",,3ddías,3.651.333,3.757.292 | 3.882.956 | 4.015.452 | 4.015.452 | 4.015.452 | 4.015.452,Defensa
Le Normand,Atlético,+756.562 | +1.312.784 | +1.556.103 | +2.164.295 | +1.858.150 | -215.415,"+6,64% | +12,12% | +14,69% | +21,68% | +18,06% | -1,74%",,8ddías,12.148.000,11.391.438 | 10.835.216 | 10.591.897 | 9.983.705 | 10.289.850 | 12.363.415,Defensa
Barrenetxea,Real Sociedad,-249.575 | -510.068 | -771.540 | -1.636.808 | -4.128.667 | -8.622.134,"-0,79% | -1,60% | -2,41% | -4,97% | -11,65% | -21,60%",,25ddías,31.296.070,31.545.645 | 31.806.138 | 32.067.610 | 32.932.878 | 35.424.737 | 39.918.204,Mediocampista
Marrero,Real Sociedad,-18.198 | -36.742 | -55.903 | -158.416 | -337.280 | -941.671,"-1,81% | -3,59% | -5,36% | -13,83% | -25,47% | -48,83%",,47ddías,986.925,1.005.123 | 1.023.667 | 1.042.828 | 1.145.341 | 1.324.205 | 1.928.596,Portero
Fraga,Real Sociedad,0 | 0 | 0 | 0 | 0 | 0,"0,00% | 0,00% | 0,00% | 0,00% | 0,00% | 0,00%",,44ddías,602.234,602.234 | 602.234 | 602.234 | 602.234 | 602.234 | 602.234,Portero
Urko,Espanyol,+108.734 | +212.551 | +287.005 | +397.625 | +310.404 | -550.512,"+2,16% | +4,32% | +5,92% | +8,39% | +6,43% | -9,68%",,5ddías,5.136.170,5.027.436 | 4.923.619 | 4.849.165 | 4.738.545 | 4.825.766 | 5.686.682,Mediocampista
Dmitrovic,Espanyol,+787.260 | +1.265.124 | +1.901.447 | +3.106.545 | +6.180.672 | +18.877.890,"+1,98% | +3,22% | +4,92% | +8,30% | +17,99% | +87,15%",,46ddías,40.539.569,39.752.309 | 39.274.445 | 38.638.122 | 37.433.024 | 34.358.897 | 21.661.679,Portero
Pedrosa,Sevilla,0 | 0 | 0 | 0 | 0 | 0,"0,00% | 0,00% | 0,00% | 0,00% | 0,00% | 0,00%",,44ddías,3.312.788,3.312.788 | 3.312.788 | 3.312.788 | 3.312.788 | 3.312.788 | 3.312.788,Defensa
Mariano,Alavés,+494.429 | +762.906 | +1.016.614 | +1.650.613 | +1.499.435 | +920.873,"+23,53% | +41,63% | +64,38% | +174,65% | +136,78% | +54,98%",,6ddías,2.595.696,2.101.267 | 1.832.790 | 1.579.082 | 945.083 | 1.096.261 | 1.674.823,Delantero
Marcão,Sevilla,-6.768 | -15.074 | -23.101 | -65.015 | -156.365 | -481.300,"-1,16% | -2,56% | -3,87% | -10,17% | -21,40% | -45,59%",,47ddías,574.423,581.191 | 589.497 | 597.524 | 639.438 | 730.788 | 1.055.723,Defensa
Marín,Real Sociedad,-37.709 | -74.113 | -100.522 | -279.711 | -657.005 | -1.917.176,"-2,78% | -5,33% | -7,09% | -17,52% | -33,28% | -59,28%",,47ddías,1.317.011,1.354.720 | 1.391.124 | 1.417.533 | 1.596.722 | 1.974.016 | 3.234.187,Mediocampista
Zubeldia,Real Sociedad,-4.862 | +2.261 | +62.198 | +410.368 | +533.516 | -1.053.163,"-0,05% | +0,02% | +0,60% | +4,13% | +5,44% | -9,24%",,1ddías,10.347.676,10.352.538 | 10.345.415 | 10.285.478 | 9.937.308 | 9.814.160 | 11.400.839,Defensa
Camello,Rayo,+131.094 | +141.328 | +115.434 | +20.911 | -30.091 | -679.885,"+4,38% | +4,74% | +3,84% | +0,67% | -0,95% | -17,88%",,2ddías,3.121.629,2.990.535 | 2.980.301 | 3.006.195 | 3.100.718 | 3.151.720 | 3.801.514,Delantero
Valverde,Real Madrid,+357.375 | +692.092 | +1.393.260 | +3.570.065 | -105.411 | -11.507.059,"+0,50% | +0,96% | +1,96% | +5,19% | -0,15% | -13,71%",,7ddías,72.420.699,72.063.324 | 71.728.607 | 71.027.439 | 68.850.634 | 72.526.110 | 83.927.758,Mediocampista
Courtois,Real Madrid,+718.271 | +1.341.669 | +1.972.677 | +5.103.556 | +8.395.764 | +5.606.913,"+1,11% | +2,10% | +3,11% | +8,47% | +14,75% | +9,39%",,12ddías,65.333.270,64.614.999 | 63.991.601 | 63.360.593 | 60.229.714 | 56.937.506 | 59.726.357,Portero
Militão,Real Madrid,-267.357 | -554.441 | -824.064 | -2.096.313 | -4.796.004 | -13.382.493,"-2,62% | -5,28% | -7,65% | -17,41% | -32,53% | -57,37%",,47ddías,9.945.478,10.212.835 | 10.499.919 | 10.769.542 | 12.041.791 | 14.741.482 | 23.327.971,Defensa
Bellingham,Real Madrid,+161.905 | +179.841 | +568.214 | +3.300.854 | -329.749 | -18.098.466,"+0,18% | +0,20% | +0,62% | +3,73% | -0,36% | -16,45%",,8ddías,91.901.534,91.739.629 | 91.721.693 | 91.333.320 | 88.600.680 | 92.231.283 | 110.000.000,Mediocampista
Vinicius,Real Madrid,+257.425 | +282.765 | +346.859 | +579.681 | +9.532.216 | -11.886.001,"+0,24% | +0,26% | +0,32% | +0,54% | +9,67% | -9,91%",,4ddías,108.113.999,107.856.574 | 107.831.234 | 107.767.140 | 107.534.318 | 98.581.783 | 120.000.000,Delantero
Rodrygo,Real Madrid,-46.889 | -97.784 | -144.668 | -379.019 | -909.683 | -2.355.771,"-1,74% | -3,56% | -5,18% | -12,51% | -25,56% | -47,07%",,37ddías,2.649.574,2.696.463 | 2.747.358 | 2.794.242 | 3.028.593 | 3.559.257 | 5.005.345,Delantero
Camavinga,Real Madrid,-146.215 | -292.771 | -464.729 | -1.138.852 | -2.667.258 | -8.131.124,"-1,57% | -3,09% | -4,81% | -11,03% | -22,50% | -46,95%",,47ddías,9.187.358,9.333.573 | 9.480.129 | 9.652.087 | 10.326.210 | 11.854.616 | 17.318.482,Mediocampista
Lunin,Real Madrid,-30.931 | -65.563 | -98.892 | -221.410 | -430.156 | -1.089.867,"-1,57% | -3,27% | -4,86% | -10,26% | -18,18% | -36,01%",,47ddías,1.936.551,1.967.482 | 2.002.114 | 2.035.443 | 2.157.961 | 2.366.707 | 3.026.418,Portero
Tchouaméni,Real Madrid,-510.051 | -912.043 | -1.371.842 | -3.385.932 | -7.427.674 | -21.354.251,"-1,31% | -2,31% | -3,44% | -8,07% | -16,15% | -35,64%",,32ddías,38.562.545,39.072.596 | 39.474.588 | 39.934.387 | 41.948.477 | 45.990.219 | 59.916.796,Mediocampista
Aihen,Real Sociedad,-28.567 | -56.202 | -83.351 | -212.830 | -457.913 | -1.325.800,"-2,32% | -4,47% | -6,49% | -15,06% | -27,61% | -52,48%",,47ddías,1.200.715,1.229.282 | 1.256.917 | 1.284.066 | 1.413.545 | 1.658.628 | 2.526.515,Defensa
Fran García,Betis,+494.465 | +821.003 | +519.760 | +324.062 | +324.062 | +324.062,"+5,25% | +9,03% | +5,53% | +3,38% | +3,38% | +3,38%",,2ddías,9.915.219,9.420.754 | 9.094.216 | 9.395.459 | 9.591.157 | 9.591.157 | 9.591.157,Defensa
Brahim,Real Madrid,+52.205 | +241.934 | +377.178 | +690.893 | -497.781 | -5.439.201,"+0,47% | +2,19% | +3,46% | +6,53% | -4,23% | -32,54%",,8ddías,11.277.605,11.225.400 | 11.035.671 | 10.900.427 | 10.586.712 | 11.775.386 | 16.716.806,Mediocampista
Rüdiger,Real Madrid,+202.729 | +388.876 | +735.092 | +1.952.021 | +1.213.932 | -5.214.503,"+0,69% | +1,33% | +2,54% | +7,04% | +4,26% | -14,94%",,8ddías,29.690.370,29.487.641 | 29.301.494 | 28.955.278 | 27.738.349 | 28.476.438 | 34.904.873,Defensa
Mendy,Real Madrid,-10.113 | -21.904 | -33.560 | -91.858 | -214.428 | -675.998,"-1,52% | -3,24% | -4,88% | -12,30% | -24,67% | -50,80%",,47ddías,654.712,664.825 | 676.616 | 688.272 | 746.570 | 869.140 | 1.330.710,Defensa
Güler,Real Madrid,+1.154.968 | +2.174.654 | +3.267.036 | +7.285.651 | +7.257.949 | -4.820.127,"+1,99% | +3,81% | +5,83% | +14,02% | +13,96% | -7,52%",,10ddías,59.265.355,58.110.387 | 57.090.701 | 55.998.319 | 51.979.704 | 52.007.406 | 64.085.482,Mediocampista
Remiro,Real Sociedad,-374.219 | -721.825 | -1.163.078 | -2.676.593 | -4.738.592 | +9.651.895,"-0,91% | -1,75% | -2,79% | -6,19% | -10,45% | +31,20%",,13ddías,40.587.556,40.961.775 | 41.309.381 | 41.750.634 | 43.264.149 | 45.326.148 | 30.935.661,Portero
Odriozola,Real Sociedad,-5.501 | -12.488 | -19.140 | -55.247 | -133.254 | -427.299,"-1,00% | -2,24% | -3,40% | -9,22% | -19,67% | -43,99%",,47ddías,544.028,549.529 | 556.516 | 563.168 | 599.275 | 677.282 | 971.327,Defensa
Herrera,Real Sociedad,-12.625 | -33.561 | -48.204 | -160.178 | -327.921 | -1.469.359,"-0,43% | -1,14% | -1,63% | -5,21% | -10,12% | -33,54%",,44ddías,2.912.080,2.924.705 | 2.945.641 | 2.960.284 | 3.072.258 | 3.240.001 | 4.381.439,Mediocampista
Mayoral,Getafe,-46.540 | -93.709 | -138.524 | -309.159 | -393.143 | -1.037.969,"-1,72% | -3,40% | -4,95% | -10,41% | -12,87% | -28,05%",,47ddías,2.661.846,2.708.386 | 2.755.555 | 2.800.370 | 2.971.005 | 3.054.989 | 3.699.815,Delantero
Diakhaby,Valencia,-115.017 | -217.676 | -309.040 | -729.145 | -1.551.265 | -3.920.765,"-2,20% | -4,08% | -5,70% | -12,48% | -23,28% | -43,40%",,27ddías,5.113.643,5.228.660 | 5.331.319 | 5.422.683 | 5.842.788 | 6.664.908 | 9.034.408,Defensa
Prados,Athletic,-28.375 | -54.102 | -79.451 | -192.477 | -397.531 | -1.118.683,"-2,21% | -4,14% | -5,96% | -13,32% | -24,09% | -47,17%",,47ddías,1.252.922,1.281.297 | 1.307.024 | 1.332.373 | 1.445.399 | 1.650.453 | 2.371.605,Mediocampista
N. Williams,Athletic,-580.445 | -1.179.793 | -1.649.013 | -4.265.087 | -13.077.571 | -2.818.977,"-0,96% | -1,93% | -2,67% | -6,63% | -17,89% | -4,49%",,17ddías,60.029.945,60.610.390 | 61.209.738 | 61.678.958 | 64.295.032 | 73.107.516 | 62.848.922,Delantero
Guruzeta,Athletic,+189.487 | +480.429 | +638.537 | +1.778.992 | +2.882.200 | +3.304.018,"+1,25% | +3,22% | +4,33% | +13,07% | +23,05% | +27,34%",,21ddías,15.388.734,15.199.247 | 14.908.305 | 14.750.197 | 13.609.742 | 12.506.534 | 12.084.716,Delantero
Agirrezabala,Racing,+341.894 | +616.639 | +902.638 | +1.731.528 | +1.533.907 | +1.533.907,"+8,33% | +16,11% | +25,48% | +63,81% | +52,69% | +52,69%",,7ddías,4.444.992,4.103.098 | 3.828.353 | 3.542.354 | 2.713.464 | 2.911.085 | 2.911.085,Portero
R. de Galarreta,Athletic,-16.114 | +96.540 | +271.343 | +805.824 | +1.951.680 | +2.023.742,"-0,12% | +0,75% | +2,12% | +6,59% | +17,60% | +18,37%",,1ddías,13.042.179,13.058.293 | 12.945.639 | 12.770.836 | 12.236.355 | 11.090.499 | 11.018.437,Mediocampista
Yuri,Athletic,-67.584 | +15.789 | +41.526 | -186.209 | -883.883 | -4.447.467,"-0,55% | +0,13% | +0,34% | -1,49% | -6,69% | -26,51%",,1ddías,12.326.369,12.393.953 | 12.310.580 | 12.284.843 | 12.512.578 | 13.210.252 | 16.773.836,Defensa
Villalibre,Racing,-113.655 | -188.276 | -256.909 | -295.556 | -653.214 | -653.214,"-1,63% | -2,67% | -3,60% | -4,12% | -8,68% | -8,68%",,5ddías,6.874.732,6.988.387 | 7.063.008 | 7.131.641 | 7.170.288 | 7.527.946 | 7.527.946,Delantero
Egiluz,Athletic,+248 | -750 | -1.164 | -9.609 | -35.451 | -112.205,"+0,06% | -0,18% | -0,29% | -2,31% | -8,03% | -21,65%",,1ddías,406.051,405.803 | 406.801 | 407.215 | 415.660 | 441.502 | 518.256,Defensa
Sancet,Athletic,-574.692 | -1.003.064 | -1.560.801 | -4.708.289 | -8.939.143 | +6.231.465,"-1,32% | -2,28% | -3,50% | -9,87% | -17,22% | +16,96%",,13ddías,42.977.639,43.552.331 | 43.980.703 | 44.538.440 | 47.685.928 | 51.916.782 | 36.746.174,Mediocampista
Giménez,Atlético,-99.550 | -179.806 | -249.989 | -581.034 | -1.329.350 | -3.717.810,"-2,37% | -4,21% | -5,76% | -12,43% | -24,52% | -47,60%",,42ddías,4.093.246,4.192.796 | 4.273.052 | 4.343.235 | 4.674.280 | 5.422.596 | 7.811.056,Defensa
Koke,Atlético,+209.097 | +252.965 | +121.932 | -749.404 | -2.121.782 | -2.121.782,"+1,35% | +1,64% | +0,79% | -4,57% | -11,94% | -11,94%",,2ddías,15.645.889,15.436.792 | 15.392.924 | 15.523.957 | 16.395.293 | 17.767.671 | 17.767.671,Mediocampista
Lemar,Atlético,-126.515 | -248.913 | -376.712 | +2.742.692 | +2.742.692 | +2.742.692,"-2,78% | -5,33% | -7,85% | 0% | 0% | 0%",,4ddías,4.423.322,4.549.837 | 4.672.235 | 4.800.034 | 0 | 0 | 0,Mediocampista
Oblak,Atlético,+270.395 | +152.925 | -161.105 | -1.858.244 | -4.655.884 | +3.399.917,"+0,54% | +0,30% | -0,32% | -3,53% | -8,41% | +7,18%",,1ddías,50.738.132,50.467.737 | 50.585.207 | 50.899.237 | 52.596.376 | 55.394.016 | 47.338.215,Portero
M. Llorente,Atlético,-341.935 | -800.922 | -1.229.693 | -3.019.854 | -7.891.878 | -18.970.802,"-0,71% | -1,65% | -2,51% | -5,94% | -14,17% | -28,41%",,27ddías,47.813.763,48.155.698 | 48.614.685 | 49.043.456 | 50.833.617 | 55.705.641 | 66.784.565,Defensa
Galán,Celta,-175.093 | -287.349 | -409.002 | -1.585.916 | -3.382.294 | -3.382.294,"-1,55% | -2,52% | -3,56% | -12,51% | -23,37% | -23,37%",,12ddías,11.093.535,11.268.628 | 11.380.884 | 11.502.537 | 12.679.451 | 14.475.829 | 14.475.829,Defensa
Barrios,Atlético,+1.557.984 | +2.424.520 | +2.439.530 | +2.701.572 | -1.892.129 | -3.958.087,"+3,64% | +5,79% | +5,82% | +6,49% | -4,09% | -8,20%",,8ddías,44.327.681,42.769.697 | 41.903.161 | 41.888.151 | 41.626.109 | 46.219.810 | 48.285.768,Mediocampista
I. Williams,Athletic,+117.566 | +174.574 | +189.812 | -398.186 | -2.639.020 | +2.376.493,"+0,44% | +0,65% | +0,71% | -1,45% | -8,88% | +9,62%",,3ddías,27.070.416,26.952.850 | 26.895.842 | 26.880.604 | 27.468.602 | 29.709.436 | 24.693.923,Delantero
Berenguer,Athletic,-94.630 | -162.627 | -242.180 | -572.086 | -1.177.002 | -3.101.804,"-1,11% | -1,90% | -2,80% | -6,38% | -12,29% | -26,97%",,38ddías,8.400.164,8.494.794 | 8.562.791 | 8.642.344 | 8.972.250 | 9.577.166 | 11.501.968,Delantero
Cancelo,Barcelona,0 | 0 | 0 | 0 | 0 | 0,"0,00% | 0,00% | 0,00% | 0,00% | 0,00% | 0,00%",,44ddías,46.207.219,46.207.219 | 46.207.219 | 46.207.219 | 46.207.219 | 46.207.219 | 46.207.219,Defensa
Guridi,Sevilla,+319.201 | +549.927 | +795.300 | +1.591.754 | +1.359.825 | +1.359.825,"+5,27% | +9,43% | +14,24% | +33,25% | +27,09% | +27,09%",,8ddías,6.379.140,6.059.939 | 5.829.213 | 5.583.840 | 4.787.386 | 5.019.315 | 5.019.315,Mediocampista
Gorosabel,Athletic,-45.147 | -79.478 | -119.582 | -298.437 | -731.621 | -2.298.751,"-2,19% | -3,80% | -5,60% | -12,90% | -26,65% | -53,30%",,47ddías,2.014.137,2.059.284 | 2.093.615 | 2.133.719 | 2.312.574 | 2.745.758 | 4.312.888,Defensa
Abqar,Getafe,-29.171 | +29.792 | +65.960 | +236.231 | +1.295.596 | +2.331.050,"-0,40% | +0,41% | +0,91% | +3,35% | +21,64% | +47,07%",,1ddías,7.283.600,7.312.771 | 7.253.808 | 7.217.640 | 7.047.369 | 5.988.004 | 4.952.550,Defensa
Guevara,Alavés,-22.901 | -42.465 | -63.541 | -168.910 | -331.380 | -963.122,"-2,33% | -4,23% | -6,20% | -14,94% | -25,63% | -50,04%",,47ddías,961.615,984.516 | 1.004.080 | 1.025.156 | 1.130.525 | 1.292.995 | 1.924.737,Mediocampista
Blanco,Alavés,+34.368 | -300 | -128.988 | -358.759 | -801.343 | -4.098.314,"+0,24% | 0,00% | -0,88% | -2,40% | -5,21% | -21,93%",,1ddías,14.588.917,14.554.549 | 14.589.217 | 14.717.905 | 14.947.676 | 15.390.260 | 18.687.231,Mediocampista
Rioja,Valencia,-278.147 | -594.375 | -923.493 | -2.403.717 | -5.566.603 | -10.616.545,"-2,65% | -5,50% | -8,30% | -19,07% | -35,30% | -50,99%",,47ddías,10.203.545,10.481.692 | 10.797.920 | 11.127.038 | 12.607.262 | 15.770.148 | 20.820.090,Mediocampista
Tenaglia,Alavés,+785.271 | +1.503.607 | +2.224.127 | +4.208.825 | +4.073.582 | +2.495.893,"+4,41% | +8,79% | +13,58% | +29,24% | +28,03% | +15,49%",,9ddías,18.604.149,17.818.878 | 17.100.542 | 16.380.022 | 14.395.324 | 14.530.567 | 16.108.256,Defensa
Kike García,Espanyol,-91.401 | -186.808 | -286.653 | -723.225 | -1.653.988 | -3.825.530,"-3,06% | -6,06% | -9,00% | -19,98% | -36,34% | -56,90%",,45ddías,2.897.229,2.988.630 | 3.084.037 | 3.183.882 | 3.620.454 | 4.551.217 | 6.722.759,Delantero
Rebbach,Alavés,+136.283 | +162.913 | +163.586 | +25.840 | -539.062 | -2.192.283,"+3,74% | +4,50% | +4,52% | +0,69% | -12,48% | -36,71%",,3ddías,3.779.641,3.643.358 | 3.616.728 | 3.616.055 | 3.753.801 | 4.318.703 | 5.971.924,Delantero
Yeray,Athletic,+33.490 | +109.000 | +163.199 | +284.532 | +785.917 | +349.903,"+0,68% | +2,26% | +3,42% | +6,12% | +18,94% | +7,63%",,19ddías,4.935.485,4.901.995 | 4.826.485 | 4.772.286 | 4.650.953 | 4.149.568 | 4.585.582,Defensa
Carlos BenavidezProtesoni,Alavés,-68.323 | -132.605 | -202.871 | -497.025 | -751.817 | -751.817,"-2,93% | -5,54% | -8,24% | -18,03% | -24,96% | -24,96%",,10ddías,2.259.771,2.328.094 | 2.392.376 | 2.462.642 | 2.756.796 | 3.011.588 | 3.011.588,Mediocampista
Owono,Alavés,-16.393 | -32.601 | -49.937 | -128.751 | -4.635 | -4.635,"-1,99% | -3,89% | -5,84% | -13,78% | 0% | 0%",,9ddías,805.433,821.826 | 838.034 | 855.370 | 934.184 | 0 | 0,Portero
Adrián,Alavés,-19.560 | -41.191 | -63.098 | -166.566 | -758.772 | -758.772,"-2,17% | -4,46% | -6,68% | -15,89% | 0% | 0%",,8ddías,881.443,901.003 | 922.634 | 944.541 | 1.048.009 | 0 | 0,Portero
Pubill,Atlético,-822.131 | -1.589.633 | -2.213.258 | -5.151.400 | -14.195.383 | -5.248.773,"-1,49% | -2,84% | -3,90% | -8,64% | -20,67% | -8,79%",,18ddías,54.478.688,55.300.819 | 56.068.321 | 56.691.946 | 59.630.088 | 68.674.071 | 59.727.461,Defensa
Unai Simón,Athletic,-569.396 | -1.017.864 | -1.518.629 | -4.133.944 | -9.166.583 | +12.605.887,"-1,12% | -1,98% | -2,93% | -7,59% | -15,41% | +33,41%",,14ddías,50.336.139,50.905.535 | 51.354.003 | 51.854.768 | 54.470.083 | 59.502.722 | 37.730.252,Portero
Vivian,Athletic,-254.629 | -515.714 | -786.618 | -1.986.483 | -4.475.463 | -11.674.644,"-2,80% | -5,52% | -8,18% | -18,36% | -33,63% | -56,93%",,36ddías,8.833.450,9.088.079 | 9.349.164 | 9.620.068 | 10.819.933 | 13.308.913 | 20.508.094,Defensa
Paredes,Athletic,+5.827 | +106.495 | +205.732 | +517.547 | +1.212.504 | +767.642,"+0,10% | +1,94% | +3,83% | +10,22% | +27,74% | +15,94%",,19ddías,5.583.671,5.577.844 | 5.477.176 | 5.377.939 | 5.066.124 | 4.371.167 | 4.816.029,Defensa
Riquelme,Betis,+63.612 | +147.778 | +222.821 | +527.160 | +1.140.246 | +500.526,"+1,43% | +3,38% | +5,18% | +13,19% | +33,69% | +12,44%",,15ddías,4.524.672,4.461.060 | 4.376.894 | 4.301.851 | 3.997.512 | 3.384.426 | 4.024.146,Mediocampista
Balde,Barcelona,+87.521 | +223.261 | +368.148 | +937.104 | -146.552 | -1.965.634,"+0,37% | +0,94% | +1,56% | +4,06% | -0,61% | -7,57%",,8ddías,24.015.427,23.927.906 | 23.792.166 | 23.647.279 | 23.078.323 | 24.161.979 | 25.981.061,Defensa
Diego Rico,Osasuna,-57.847 | -96.558 | -137.350 | -465.561 | -465.561 | -465.561,"-1,28% | -2,12% | -2,99% | -9,46% | -9,46% | -9,46%",,5ddías,4.453.391,4.511.238 | 4.549.949 | 4.590.741 | 4.918.952 | 4.918.952 | 4.918.952,Defensa
Iván Villar,Celta,-18.083 | -30.407 | -48.363 | -132.462 | -273.856 | -757.215,"-2,09% | -3,47% | -5,41% | -13,54% | -24,45% | -47,23%",,47ddías,845.984,864.067 | 876.391 | 894.347 | 978.446 | 1.119.840 | 1.603.199,Portero
Navarro,Athletic,-8.734 | +3.733 | +4.168 | -5.301 | +19.510 | -371.086,"-0,41% | +0,18% | +0,20% | -0,25% | +0,93% | -14,98%",,1ddías,2.106.501,2.115.235 | 2.102.768 | 2.102.333 | 2.111.802 | 2.086.991 | 2.477.587,Mediocampista
Chust,Elche,+218.267 | +390.578 | +555.728 | +615.998 | +275.999 | +275.999,"+4,30% | +7,96% | +11,73% | +13,16% | +5,50% | +5,50%",,4ddías,5.295.375,5.077.108 | 4.904.797 | 4.739.647 | 4.679.377 | 5.019.376 | 5.019.376,Defensa
Starfelt,Celta,-181.233 | -218.552 | -261.042 | -43.084 | +1.335.472 | +3.393.222,"-1,30% | -1,56% | -1,86% | -0,31% | +10,71% | +32,59%",,4ddías,13.804.691,13.985.924 | 14.023.243 | 14.065.733 | 13.847.775 | 12.469.219 | 10.411.469,Defensa
U. Núñez,Espanyol,+329.468 | +570.849 | +827.267 | +1.412.789 | +1.338.561 | +29.637,"+6,98% | +12,75% | +19,60% | +38,86% | +36,08% | +0,59%",,9ddías,5.048.751,4.719.283 | 4.477.902 | 4.221.484 | 3.635.962 | 3.710.190 | 5.019.114,Defensa
Dotor,Málaga,+139.302 | +270.130 | +202.443 | -200.943 | -568.607 | -568.607,"+4,21% | +8,50% | +6,24% | -5,51% | -14,16% | -14,16%",,2ddías,3.446.297,3.306.995 | 3.176.167 | 3.243.854 | 3.647.240 | 4.014.904 | 4.014.904,Mediocampista
Carles Pérez,Celta,-24.545 | -51.369 | -78.685 | -202.484 | -465.209 | -622.987,"-2,39% | -4,88% | -7,29% | -16,82% | -31,73% | 0%",,24ddías,1.001.079,1.025.624 | 1.052.448 | 1.079.764 | 1.203.563 | 1.466.288 | 0,Delantero
Aspas,Celta,-81.612 | -143.280 | -205.393 | -478.637 | -1.201.496 | -3.358.949,"-1,20% | -2,09% | -2,97% | -6,65% | -15,17% | -33,33%",,41ddías,6.720.178,6.801.790 | 6.863.458 | 6.925.571 | 7.198.815 | 7.921.674 | 10.079.127,Delantero
Swedberg,Celta,-121.012 | -173.498 | -241.349 | -546.074 | -983.162 | -2.948.781,"-1,58% | -2,26% | -3,11% | -6,77% | -11,56% | -28,17%",,7ddías,7.518.168,7.639.180 | 7.691.666 | 7.759.517 | 8.064.242 | 8.501.330 | 10.466.949,Mediocampista
Isco,Betis,-415.881 | -833.594 | -1.271.105 | -2.937.369 | -6.385.945 | -32.355.866,"-0,79% | -1,57% | -2,38% | -5,32% | -10,89% | -38,25%",,31ddías,52.232.161,52.648.042 | 53.065.755 | 53.503.266 | 55.169.530 | 58.618.106 | 84.588.027,Mediocampista
Miguel,Alavés,-80.790 | -154.741 | -234.923 | -592.212 | +1.958.320 | +1.958.320,"-2,97% | -5,54% | -8,18% | -18,33% | 0% | 0%",,8ddías,2.638.081,2.718.871 | 2.792.822 | 2.873.004 | 3.230.293 | 0 | 0,Delantero
Sotelo,Levante,0 | 0 | 0 | 0 | 0 | -117.092,"0,00% | 0,00% | 0,00% | 0,00% | 0,00% | -7,81%",,22ddías,1.382.803,1.382.803 | 1.382.803 | 1.382.803 | 1.382.803 | 1.382.803 | 1.499.895,Mediocampista
Djené,Getafe,+144.986 | +315.231 | +533.369 | +1.213.064 | +1.246.338 | +1.246.338,"+1,52% | +3,37% | +5,83% | +14,33% | +14,78% | +14,78%",,9ddías,9.678.830,9.533.844 | 9.363.599 | 9.145.461 | 8.465.766 | 8.432.492 | 8.432.492,Defensa
Enes Ünal,Getafe,+219.778 | +272.952 | +278.627 | -20.115 | +10.945.287 | +10.945.287,"+1,78% | +2,22% | +2,26% | -0,16% | 0% | 0%",,3ddías,12.588.452,12.368.674 | 12.315.500 | 12.309.825 | 12.608.567 | 0 | 0,Delantero
Aleñá,Alavés,-28.541 | -75.200 | -145.932 | -395.842 | -576.443 | -1.707.976,"-0,81% | -2,11% | -4,01% | -10,17% | -14,16% | -32,82%",,47ddías,3.495.896,3.524.437 | 3.571.096 | 3.641.828 | 3.891.738 | 4.072.339 | 5.203.872,Mediocampista
Carmona,Sevilla,-78.917 | -141.366 | -217.254 | -508.142 | -688.357 | -1.594.548,"-2,01% | -3,54% | -5,34% | -11,66% | -15,17% | -29,29%",,42ddías,3.848.877,3.927.794 | 3.990.243 | 4.066.131 | 4.357.019 | 4.537.234 | 5.443.425,Defensa
Soria,Getafe,+615.300 | +1.155.340 | +1.717.955 | +3.711.617 | +3.896.700 | +3.896.700,"+2,73% | +5,24% | +8,00% | +19,05% | +20,19% | +20,19%",,10ddías,23.193.054,22.577.754 | 22.037.714 | 21.475.099 | 19.481.437 | 19.296.354 | 19.296.354,Portero
Ruibal,Betis,-57.467 | -116.472 | -177.014 | -442.421 | -1.000.405 | -2.856.873,"-2,93% | -5,77% | -8,51% | -18,86% | -34,45% | -60,02%",,47ddías,1.903.123,1.960.590 | 2.019.595 | 2.080.137 | 2.345.544 | 2.903.528 | 4.759.996,Delantero
Marc Roca,Betis,-60.334 | -87.876 | -114.310 | -120.322 | +302.088 | +411.842,"-1,14% | -1,65% | -2,14% | -2,25% | +6,13% | +8,55%",,5ddías,5.229.746,5.290.080 | 5.317.622 | 5.344.056 | 5.350.068 | 4.927.658 | 4.817.904,Mediocampista
Gavi,Barcelona,-541.307 | -1.046.151 | -1.600.217 | -4.076.295 | -9.557.149 | -2.587.358,"-1,86% | -3,53% | -5,30% | -12,47% | -25,04% | -8,29%",,16ddías,28.616.916,29.158.223 | 29.663.067 | 30.217.133 | 32.693.211 | 38.174.065 | 31.204.274,Mediocampista
Casadó,Barcelona,-22.971 | -46.520 | -65.813 | -157.203 | -343.364 | -721.687,"-1,44% | -2,87% | -4,01% | -9,08% | -17,91% | -31,44%",,47ddías,1.573.755,1.596.726 | 1.620.275 | 1.639.568 | 1.730.958 | 1.917.119 | 2.295.442,Mediocampista
Pedri,Barcelona,+520.927 | +981.964 | +1.449.300 | +4.232.049 | +1.185.342 | -17.491.040,"+0,57% | +1,07% | +1,59% | +4,79% | +1,30% | -15,90%",,8ddías,92.508.960,91.988.033 | 91.526.996 | 91.059.660 | 88.276.911 | 91.323.618 | 110.000.000,Mediocampista
Raphinha,Barcelona,+1.477.559 | +2.955.678 | +4.507.103 | +11.433.871 | +25.293.853 | +9.381.622,"+1,58% | +3,21% | +4,98% | +13,69% | +36,32% | +10,96%",,15ddías,94.944.407,93.466.848 | 91.988.729 | 90.437.304 | 83.510.536 | 69.650.554 | 85.562.785,Delantero
A. Christensen,Barcelona,0 | 0 | 0 | 0 | 0 | 0,"0,00% | 0,00% | 0,00% | 0,00% | 0,00% | 0,00%",,44ddías,5.019.340,5.019.340 | 5.019.340 | 5.019.340 | 5.019.340 | 5.019.340 | 5.019.340,Defensa
M. Alonso,Celta,-355.173 | -562.609 | -765.675 | -1.788.823 | -3.725.668 | -44.165.499,"-1,27% | -2,00% | -2,71% | -6,10% | -11,92% | 0%",,15ddías,27.538.620,27.893.793 | 28.101.229 | 28.304.295 | 29.327.443 | 31.264.288 | 0,Defensa
F. de Jong,Barcelona,-666.635 | -1.371.232 | -2.080.680 | -5.217.266 | -12.090.695 | -23.119.081,"-3,00% | -5,98% | -8,80% | -19,49% | -35,94% | -51,75%",,23ddías,21.553.059,22.219.694 | 22.924.291 | 23.633.739 | 26.770.325 | 33.643.754 | 44.672.140,Mediocampista
Koundé,Barcelona,-89.779 | -277.802 | -557.311 | -2.245.857 | -7.099.439 | -10.499.500,"-0,23% | -0,70% | -1,40% | -5,43% | -15,35% | -21,15%",,23ddías,39.142.681,39.232.460 | 39.420.483 | 39.699.992 | 41.388.538 | 46.242.120 | 49.642.181,Defensa
Yamal,Barcelona,+859.146 | +743.998 | +1.040.269 | +308.043 | -777.063 | +56.818.165,"+0,68% | +0,59% | +0,83% | +0,24% | -0,61% | 0%",,1ddías,127.114.348,126.255.202 | 126.370.350 | 126.074.079 | 126.806.305 | 127.891.411 | 0,Delantero
Cubarsí,Barcelona,-235.181 | -373.128 | -655.417 | -1.900.644 | -10.235.005 | -14.581.850,"-0,31% | -0,49% | -0,85% | -2,44% | -11,87% | -16,09%",,23ddías,76.023.917,76.259.098 | 76.397.045 | 76.679.334 | 77.924.561 | 86.258.922 | 90.605.767,Defensa
Juan Cruz,Málaga,-403.871 | -751.542 | -932.774 | -1.450.454 | -5.766.637 | -5.766.637,"-2,77% | -5,03% | -6,16% | -9,27% | 0% | 0%",,9ddías,14.201.806,14.605.677 | 14.953.348 | 15.134.580 | 15.652.260 | 0 | 0,Mediocampista
Fermín,Barcelona,+707.491 | +1.732.062 | +3.161.502 | +8.325.716 | +12.797.956 | -3.073.928,"+0,99% | +2,45% | +4,56% | +12,97% | +21,44% | -4,07%",,12ddías,72.503.353,71.795.862 | 70.771.291 | 69.341.851 | 64.177.637 | 59.705.397 | 75.577.281,Mediocampista
Bellerín,Betis,-52.657 | -56.530 | -130.956 | +313.118 | +2.191.780 | +4.062.369,"-0,37% | -0,39% | -0,90% | +2,23% | +17,99% | +39,40%",,3ddías,14.373.805,14.426.462 | 14.430.335 | 14.504.761 | 14.060.687 | 12.182.025 | 10.311.436,Defensa
Guido,Valencia,-339.092 | -603.269 | -887.171 | -2.167.939 | -3.989.898 | +21.642.636,"-1,42% | -2,50% | -3,63% | -8,42% | -14,48% | 0%",,15ddías,23.568.177,23.907.269 | 24.171.446 | 24.455.348 | 25.736.116 | 27.558.075 | 0,Mediocampista
Abde,Betis,-995.217 | -1.933.030 | -2.592.607 | -5.806.692 | -14.338.922 | -45.112.891,"-2,46% | -4,67% | -6,16% | -12,82% | -26,65% | -53,33%",,31ddías,39.475.136,40.470.353 | 41.408.166 | 42.067.743 | 45.281.828 | 53.814.058 | 84.588.027,Delantero
Iglesias,Celta,-237.014 | -418.849 | -679.685 | -1.724.882 | -4.307.561 | -2.763.458,"-0,93% | -1,63% | -2,61% | -6,38% | -14,54% | -9,84%",,20ddías,25.312.152,25.549.166 | 25.731.001 | 25.991.837 | 27.037.034 | 29.619.713 | 28.075.610,Delantero
Ayoze,Villarreal,-144.486 | -276.622 | -376.666 | +226.150 | +1.230.723 | -866.151,"-0,83% | -1,58% | -2,13% | +1,33% | +7,67% | -4,78%",,5ddías,17.270.505,17.414.991 | 17.547.127 | 17.647.171 | 17.044.355 | 16.039.782 | 18.136.656,Delantero
Bartra,Betis,-244.835 | -467.160 | -750.821 | -1.482.164 | -192.846 | +4.448.573,"-0,92% | -1,74% | -2,76% | -5,31% | -0,72% | +20,23%",,7ddías,26.442.330,26.687.165 | 26.909.490 | 27.193.151 | 27.924.494 | 26.635.176 | 21.993.757,Defensa
Manu Bueno,Sevilla,-12.804 | -23.190 | -34.298 | -82.816 | -82.816 | -82.816,"-1,75% | -3,12% | -4,55% | -10,32% | -10,32% | -10,32%",,6ddías,719.283,732.087 | 742.473 | 753.581 | 802.099 | 802.099 | 802.099,Mediocampista
Kubo,Real Sociedad,+544.549 | +1.013.324 | +1.479.719 | +3.097.271 | +4.231.344 | -4.384.014,"+2,08% | +3,94% | +5,86% | +13,10% | +18,80% | -14,08%",,12ddías,26.742.806,26.198.257 | 25.729.482 | 25.263.087 | 23.645.535 | 22.511.462 | 31.126.820,Mediocampista
Canós,Valencia,-2.414 | -6.185 | -9.487 | -30.738 | -84.696 | -929.489,"-0,51% | -1,30% | -1,98% | -6,14% | -15,27% | 0%",,24ddías,469.927,472.341 | 476.112 | 479.414 | 500.665 | 554.623 | 0,Delantero
Otorbi,Valencia,0 | 0 | 0 | 0 | 0 | 0,"0,00% | 0,00% | 0,00% | 0,00% | 0,00% | 0,00%",,44ddías,602.292,602.292 | 602.292 | 602.292 | 602.292 | 602.292 | 602.292,Delantero
Jon Martín,Real Sociedad,0 | 0 | 0 | 0 | 0 | 0,"0,00% | 0,00% | 0,00% | 0,00% | 0,00% | 0,00%",,44ddías,30.111.790,30.111.790 | 30.111.790 | 30.111.790 | 30.111.790 | 30.111.790 | 30.111.790,Defensa
Aramburu,Real Sociedad,+88.941 | +223.426 | +358.903 | +1.059.849 | +2.528.986 | +7.946.354,"+0,49% | +1,23% | +1,99% | +6,13% | +15,97% | +76,29%",,46ddías,18.362.460,18.273.519 | 18.139.034 | 18.003.557 | 17.302.611 | 15.833.474 | 10.416.106,Defensa
Luiz Junior,Villarreal,-348.770 | -677.204 | -1.044.748 | -2.672.496 | -5.356.411 | +7.269.680,"-0,97% | -1,87% | -2,85% | -6,98% | -13,08% | +25,67%",,13ddías,35.588.100,35.936.870 | 36.265.304 | 36.632.848 | 38.260.596 | 40.944.511 | 28.318.420,Portero
Logan Costa,Villarreal,-28.127 | -51.381 | -75.680 | -181.063 | -346.063 | -949.735,"-2,52% | -4,51% | -6,51% | -14,28% | -24,15% | -46,63%",,47ddías,1.087.050,1.115.177 | 1.138.431 | 1.162.730 | 1.268.113 | 1.433.113 | 2.036.785,Defensa
Iturbe,Elche,-12.991 | -27.779 | -42.376 | -78.323 | -78.323 | -78.323,"-1,76% | -3,70% | -5,53% | -9,76% | -9,76% | -9,76%",,5ddías,723.776,736.767 | 751.555 | 766.152 | 802.099 | 802.099 | 802.099,Portero
Lo Celso,Betis,-964.940 | -1.988.719 | -2.953.784 | -6.895.774 | -10.533.852 | +1.538.313,"-3,03% | -6,06% | -8,74% | -18,27% | -25,45% | +5,25%",,12ddías,30.851.051,31.815.991 | 32.839.770 | 33.804.835 | 37.746.825 | 41.384.903 | 29.312.738,Mediocampista
Manu González,Betis,0 | 0 | 0 | 0 | 0 | 0,"0,00% | 0,00% | 0,00% | 0,00% | 0,00% | 0,00%",,44ddías,581.691,581.691 | 581.691 | 581.691 | 581.691 | 581.691 | 581.691,Portero
Kumbulla,Rayo,-147.828 | -301.161 | -454.815 | -1.071.609 | +3.762.406 | +3.762.406,"-3,08% | -6,07% | -8,89% | -18,70% | 0% | 0%",,8ddías,4.659.557,4.807.385 | 4.960.718 | 5.114.372 | 5.731.166 | 0 | 0,Defensa
Alfon,Sevilla,-155.713 | -312.514 | -480.181 | -1.215.191 | -2.080.533 | -2.080.533,"-3,05% | -5,94% | -8,85% | -19,72% | -29,61% | -29,61%",,11ddías,4.946.228,5.101.941 | 5.258.742 | 5.426.409 | 6.161.419 | 7.026.761 | 7.026.761,Delantero
Risco,Getafe,-9.142 | -19.921 | -30.523 | -71.312 | -71.312 | -71.312,"-1,43% | -3,06% | -4,61% | -10,15% | -10,15% | -10,15%",,6ddías,631.393,640.535 | 651.314 | 661.916 | 702.705 | 702.705 | 702.705,Mediocampista
Pelayo,Rayo,-7.822 | -19.795 | -37.679 | -136.681 | -756.843 | -756.843,"-0,85% | -2,13% | -3,97% | -13,04% | 0% | 0%",,8ddías,911.328,919.150 | 931.123 | 949.007 | 1.048.009 | 0 | 0,Defensa
De la Sías,Rayo,-5.872 | -13.244 | -20.298 | -49.322 | -49.322 | -49.322,"-1,05% | -2,34% | -3,54% | -8,19% | -8,19% | -8,19%",,6ddías,552.912,558.784 | 566.156 | 573.210 | 602.234 | 602.234 | 602.234,Defensa
Óskarsson,Real Sociedad,-46.185 | -82.092 | -170.149 | -578.278 | -1.436.434 | -4.279.126,"-0,64% | -1,13% | -2,31% | -7,43% | -16,63% | -37,28%",,47ddías,7.199.686,7.245.871 | 7.281.778 | 7.369.835 | 7.777.964 | 8.636.120 | 11.478.812,Delantero
Pau Navarro,Villarreal,-203.894 | -398.109 | -603.225 | -1.256.852 | -1.853.373 | -4.471.011,"-2,55% | -4,86% | -7,18% | -13,88% | -19,21% | -36,45%",,47ddías,7.795.382,7.999.276 | 8.193.491 | 8.398.607 | 9.052.234 | 9.648.755 | 12.266.393,Defensa
Etta Eyong,Levante,-464.661 | -891.483 | -1.423.712 | -1.967.755 | +854.125 | +9.326.477,"-1,94% | -3,65% | -5,70% | -7,72% | +3,77% | +65,64%",,5ddías,23.534.290,23.998.951 | 24.425.773 | 24.958.002 | 25.502.045 | 22.680.165 | 14.207.813,Delantero
Berrocal,Getafe,-39.092 | -78.887 | -119.031 | -297.039 | +318.901 | +318.901,"-2,81% | -5,52% | -8,10% | -18,03% | 0% | 0%",,9ddías,1.350.211,1.389.303 | 1.429.098 | 1.469.242 | 1.647.250 | 0 | 0,Defensa
Hugo Álvarez,Celta,-51.349 | -98.328 | -141.894 | -331.916 | -626.450 | -1.917.009,"-1,89% | -3,55% | -5,04% | -11,05% | -18,99% | -41,77%",,47ddías,2.671.937,2.723.286 | 2.770.265 | 2.813.831 | 3.003.853 | 3.298.387 | 4.588.946,Mediocampista
Spina,Atlético,0 | 0 | 0 | 0 | 0 | 0,"0,00% | 0,00% | 0,00% | 0,00% | 0,00% | 0,00%",,44ddías,702.702,702.702 | 702.702 | 702.702 | 702.702 | 702.702 | 702.702,Defensa
Leo Román,Deportivo,+774.792 | +1.151.267 | +1.889.297 | +3.468.208 | +8.384.044 | +38.072.445,"+1,98% | +2,97% | +4,97% | +9,51% | +26,57% | 0%",,23ddías,39.940.867,39.166.075 | 38.789.600 | 38.051.570 | 36.472.659 | 31.556.823 | 0,Portero
Letácek,Getafe,-8.956 | -19.542 | -29.943 | -81.702 | -192.489 | -569.367,"-1,41% | -3,02% | -4,56% | -11,53% | -23,49% | -47,59%",,47ddías,626.948,635.904 | 646.490 | 656.891 | 708.650 | 819.437 | 1.196.315,Portero
Uche,Getafe,-535.819 | -1.110.500 | -1.697.543 | -4.286.577 | -9.805.367 | +4.096.219,"-3,09% | -6,20% | -9,18% | -20,34% | -36,87% | 0%",,15ddías,16.790.968,17.326.787 | 17.901.468 | 18.488.511 | 21.077.545 | 26.596.335 | 0,Delantero
Alvarez,Atlético,-1.334.899 | -2.779.468 | -3.835.153 | -3.110.301 | -2.454.016 | -9.626.971,"-1,94% | -3,97% | -5,39% | -4,42% | -3,52% | -12,51%",,4ddías,67.319.838,68.654.737 | 70.099.306 | 71.154.991 | 70.430.139 | 69.773.854 | 76.946.809,Delantero
Padilla,Athletic,-34.394 | -62.689 | -94.244 | -186.865 | -186.865 | -186.865,"-2,54% | -4,54% | -6,67% | -12,41% | -12,41% | -12,41%",,5ddías,1.318.723,1.353.117 | 1.381.412 | 1.412.967 | 1.505.588 | 1.505.588 | 1.505.588,Portero
Jauregizar,Athletic,-295.548 | -456.475 | -611.836 | -750.378 | +1.017.555 | +7.265.944,"-1,06% | -1,63% | -2,18% | -2,66% | +3,84% | +35,92%",,5ddías,27.493.068,27.788.616 | 27.949.543 | 28.104.904 | 28.243.446 | 26.475.513 | 20.227.124,Mediocampista
Boiro,Athletic,-2.229 | -5.807 | -8.909 | -29.272 | -77.724 | -246.295,"-0,48% | -1,23% | -1,88% | -5,92% | -14,31% | -34,60%",,31ddías,465.501,467.730 | 471.308 | 474.410 | 494.773 | 543.225 | 711.796,Defensa
Ferrer,Getafe,-9.266 | -16.932 | -27.534 | -68.323 | -68.323 | -68.323,"-1,44% | -2,60% | -4,16% | -9,72% | -9,72% | -9,72%",,6ddías,634.382,643.648 | 651.314 | 661.916 | 702.705 | 702.705 | 702.705,Portero
Mario Martín,Getafe,-24.853 | +40.081 | +125.049 | +379.859 | +195.819 | +195.819,"-0,59% | +0,96% | +3,06% | +9,91% | +4,88% | +4,88%",,1ddías,4.211.291,4.236.144 | 4.171.210 | 4.086.242 | 3.831.432 | 4.015.472 | 4.015.472,Mediocampista
Javi Rodríguez,Celta,-25.419 | +23.395 | +31.911 | -263.400 | -942.257 | -942.257,"-0,28% | +0,26% | +0,35% | -2,81% | -9,39% | -9,39%",,1ddías,9.095.395,9.120.814 | 9.072.000 | 9.063.484 | 9.358.795 | 10.037.652 | 10.037.652,Defensa
Olmo,Barcelona,-277.867 | -698.492 | -1.135.668 | -3.128.141 | -8.684.406 | -30.213.758,"-0,46% | -1,16% | -1,86% | -4,97% | -12,69% | -33,58%",,31ddías,59.766.755,60.044.622 | 60.465.247 | 60.902.423 | 62.894.896 | 68.451.161 | 89.980.513,Mediocampista
Musso,Atlético,-94.120 | -180.738 | -266.175 | -619.440 | -1.328.599 | -3.436.106,"-2,37% | -4,46% | -6,43% | -13,78% | -25,53% | -47,00%",,47ddías,3.875.271,3.969.391 | 4.056.009 | 4.141.446 | 4.494.711 | 5.203.870 | 7.311.377,Portero
Toni Martinez,Alavés,+458.677 | +748.490 | +1.098.847 | +1.922.588 | +1.069.381 | -4.464.441,"+1,73% | +2,86% | +4,25% | +7,68% | +4,13% | -14,21%",,8ddías,26.946.326,26.487.649 | 26.197.836 | 25.847.479 | 25.023.738 | 25.876.945 | 31.410.767,Delantero
Javi Guerra,Valencia,+38.407 | +155.380 | +253.518 | +777.325 | +576.961 | -2.493.400,"+0,16% | +0,63% | +1,03% | +3,24% | +2,38% | -9,14%",,9ddías,24.792.599,24.754.192 | 24.637.219 | 24.539.081 | 24.015.274 | 24.215.638 | 27.285.999,Mediocampista
Bernal,Barcelona,+155.683 | +336.085 | +450.580 | +1.246.978 | +3.096.707 | +4.535.925,"+1,95% | +4,30% | +5,85% | +18,06% | +61,28% | +125,51%",,21ddías,8.149.849,7.994.166 | 7.813.764 | 7.699.269 | 6.902.871 | 5.053.142 | 3.613.924,Mediocampista
Natan,Betis,-429.644 | -673.441 | -1.084.954 | -3.563.756 | -6.537.957 | +3.845.216,"-1,15% | -1,80% | -2,86% | -8,82% | -15,07% | +11,65%",,13ddías,36.841.436,37.271.080 | 37.514.877 | 37.926.390 | 40.405.192 | 43.379.393 | 32.996.220,Defensa
Durán,Celta,-19.903 | -36.184 | -54.438 | -154.686 | -377.242 | -1.095.178,"-2,18% | -3,90% | -5,75% | -14,78% | -29,73% | -55,12%",,47ddías,891.804,911.707 | 927.988 | 946.242 | 1.046.490 | 1.269.046 | 1.986.982,Delantero
Szczesny,Barcelona,-45.162 | -89.225 | -123.574 | -323.913 | -712.724 | -1.180.263,"-2,18% | -4,21% | -5,74% | -13,77% | -26,00% | -36,79%",,20ddías,2.028.137,2.073.299 | 2.117.362 | 2.151.711 | 2.352.050 | 2.740.861 | 3.208.400,Portero
Serrano,Atlético,0 | 0 | 0 | 0 | -12.221 | -88.898,"0,00% | 0,00% | 0,00% | 0,00% | -2,77% | -17,16%",,10ddías,429.199,429.199 | 429.199 | 429.199 | 429.199 | 441.420 | 518.097,Mediocampista
Álvaro,Deportivo,-108.224 | -215.444 | -330.664 | -706.245 | -1.275.506 | -2.858.266,"-2,62% | -5,08% | -7,60% | -14,93% | -24,07% | -41,54%",,47ddías,4.022.561,4.130.785 | 4.238.005 | 4.353.225 | 4.728.806 | 5.298.067 | 6.880.827,Portero
Goti,Real Sociedad,-65.595 | -138.007 | +1.509.149 | +1.509.149 | +1.509.149 | +1.509.149,"-3,03% | -6,17% | 0% | 0% | 0% | 0%",,2ddías,2.099.491,2.165.086 | 2.237.498 | 0 | 0 | 0 | 0,Mediocampista
Ortiz,Betis,-49.582 | -104.397 | -104.397 | -104.397 | -104.397 | -104.397,"-3,00% | -6,12% | -6,12% | -6,12% | -6,12% | -6,12%",,2ddías,1.601.975,1.651.557 | 1.706.372 | 1.706.372 | 1.706.372 | 1.706.372 | 1.706.372,Defensa
Osambela,Osasuna,0 | 0 | 0 | 0 | 0 | 0,"0,00% | 0,00% | 0,00% | 0,00% | 0,00% | 0,00%",,44ddías,501.932,501.932 | 501.932 | 501.932 | 501.932 | 501.932 | 501.932,Mediocampista
Juanpe,Rayo,0 | 0 | 0 | 0 | 0 | 0,"0,00% | 0,00% | 0,00% | 0,00% | 0,00% | 0,00%",,44ddías,602.234,602.234 | 602.234 | 602.234 | 602.234 | 602.234 | 602.234,Portero
Yáñez,Real Madrid,0 | 0 | 0 | 0 | 0 | 0,"0,00% | 0,00% | 0,00% | 0,00% | 0,00% | 0,00%",,44ddías,702.606,702.606 | 702.606 | 702.606 | 702.606 | 702.606 | 702.606,Delantero
D. Aguado,Real Madrid,0 | 0 | 0 | 0 | 0 | 0,"0,00% | 0,00% | 0,00% | 0,00% | 0,00% | 0,00%",,44ddías,774.109,774.109 | 774.109 | 774.109 | 774.109 | 774.109 | 774.109,Defensa
Fran González,Sevilla,-1.434 | -10.781 | -18.952 | -56.828 | -89.243 | -89.243,"-0,23% | -1,73% | -3,00% | -8,48% | -12,70% | -12,70%",,13ddías,613.379,614.813 | 624.160 | 632.331 | 670.207 | 702.622 | 702.622,Portero
Mariezkurrena,Real Sociedad,0 | 0 | 0 | 0 | 0 | 0,"0,00% | 0,00% | 0,00% | 0,00% | 0,00% | 0,00%",,44ddías,677.966,677.966 | 677.966 | 677.966 | 677.966 | 677.966 | 677.966,Delantero
Castrín,Sevilla,-95.231 | -165.161 | -233.815 | -597.621 | -979.624 | -979.624,"-2,42% | -4,12% | -5,73% | -13,46% | -20,31% | -20,31%",,10ddías,3.843.392,3.938.623 | 4.008.553 | 4.077.207 | 4.441.013 | 4.823.016 | 4.823.016,Defensa
Niño,Málaga,-58.272 | -120.282 | -181.699 | -456.396 | -676.669 | -1.120.319,"-2,70% | -5,43% | -7,97% | -17,87% | -24,40% | -34,82%",,47ddías,2.096.869,2.155.141 | 2.217.151 | 2.278.568 | 2.553.265 | 2.773.538 | 3.217.188,Delantero
Rafa,Sevilla,0 | 0 | 0 | 0 | 0 | 0,"0,00% | 0,00% | 0,00% | 0,00% | 0,00% | 0,00%",,44ddías,602.257,602.257 | 602.257 | 602.257 | 602.257 | 602.257 | 602.257,Portero
Diatta,Villarreal,-4.263 | -9.960 | -15.269 | -45.419 | -67.346 | -67.346,"-0,82% | -1,90% | -2,88% | -8,11% | -11,58% | -11,58%",,9ddías,514.310,518.573 | 524.270 | 529.579 | 559.729 | 581.656 | 581.656,Mediocampista
Swiderski,Alavés,-5.896 | -13.294 | -20.374 | -48.822 | -48.822 | -48.822,"-1,05% | -2,35% | -3,55% | -8,11% | -8,11% | -8,11%",,6ddías,553.494,559.390 | 566.788 | 573.868 | 602.316 | 602.316 | 602.316,Portero
Pablo García,Betis,0 | 0 | 0 | 0 | 0 | 0,"0,00% | 0,00% | 0,00% | 0,00% | 0,00% | 0,00%",,44ddías,2.509.371,2.509.371 | 2.509.371 | 2.509.371 | 2.509.371 | 2.509.371 | 2.509.371,Delantero
Bekhoucha,Getafe,0 | 0 | 0 | 0 | 0 | 0,"0,00% | 0,00% | 0,00% | 0,00% | 0,00% | 0,00%",,44ddías,1.104.254,1.104.254 | 1.104.254 | 1.104.254 | 1.104.254 | 1.104.254 | 1.104.254,Defensa
Arguibide,Osasuna,0 | 0 | 0 | 0 | 0 | 0,"0,00% | 0,00% | 0,00% | 0,00% | 0,00% | 0,00%",,44ddías,582.013,582.013 | 582.013 | 582.013 | 582.013 | 582.013 | 582.013,Defensa
Molina,Rayo,0 | 0 | 0 | 0 | 0 | 0,"0,00% | 0,00% | 0,00% | 0,00% | 0,00% | 0,00%",,44ddías,602.234,602.234 | 602.234 | 602.234 | 602.234 | 602.234 | 602.234,Portero
Rayane,Atlético,0 | 0 | 0 | 0 | 0 | 0,"0,00% | 0,00% | 0,00% | 0,00% | 0,00% | 0,00%",,44ddías,678.006,678.006 | 678.006 | 678.006 | 678.006 | 678.006 | 678.006,Delantero
Valou,Getafe,-5.872 | -13.244 | -20.298 | -49.380 | -49.380 | -49.380,"-1,05% | -2,34% | -3,54% | -8,20% | -8,20% | -8,20%",,6ddías,552.912,558.784 | 566.156 | 573.210 | 602.292 | 602.292 | 602.292,Defensa
Asencio,Real Madrid,-98.628 | -204.187 | -313.482 | -801.795 | -1.890.989 | -4.922.680,"-2,55% | -5,14% | -7,68% | -17,54% | -33,41% | -56,63%",,47ddías,3.769.522,3.868.150 | 3.973.709 | 4.083.004 | 4.571.317 | 5.660.511 | 8.692.202,Defensa
Antony,Betis,+754.435 | +1.340.791 | +2.086.993 | +3.817.455 | +543.872 | -17.645.916,"+1,22% | +2,19% | +3,46% | +6,51% | +0,88% | -22,03%",,7ddías,62.443.267,61.688.832 | 61.102.476 | 60.356.274 | 58.625.812 | 61.899.395 | 80.089.183,Delantero
Roberto,Espanyol,+663.119 | +1.177.821 | +1.749.067 | +3.195.067 | +4.387.698 | +4.039.831,"+6,96% | +13,07% | +20,72% | +45,68% | +75,63% | +65,69%",,17ddías,10.189.505,9.526.386 | 9.011.684 | 8.440.438 | 6.994.438 | 5.801.807 | 6.149.674,Delantero
Garcés,Alavés,-6.088 | -13.685 | -20.973 | -59.901 | -152.671 | -475.132,"-1,08% | -2,39% | -3,62% | -9,69% | -21,48% | -45,99%",,47ddías,558.100,564.188 | 571.785 | 579.073 | 618.001 | 710.771 | 1.033.232,Defensa
Vargas,Sevilla,-644.288 | -1.249.997 | -1.819.149 | -3.822.727 | -5.685.541 | +17.395.317,"-2,80% | -5,30% | -7,53% | -14,62% | -20,30% | 0%",,19ddías,22.326.272,22.970.560 | 23.576.269 | 24.145.421 | 26.148.999 | 28.011.813 | 0,Delantero
Toni Fernández,Barcelona,0 | 0 | 0 | 0 | 0 | 0,"0,00% | 0,00% | 0,00% | 0,00% | 0,00% | 0,00%",,44ddías,602.319,602.319 | 602.319 | 602.319 | 602.319 | 602.319 | 602.319,Delantero
Guille,Barcelona,0 | 0 | 0 | 0 | 0 | 0,"0,00% | 0,00% | 0,00% | 0,00% | 0,00% | 0,00%",,44ddías,702.705,702.705 | 702.705 | 702.705 | 702.705 | 702.705 | 702.705,Mediocampista
Pablo Ramón,Racing,+21.013 | +53.342 | +86.377 | +117.712 | +92.388 | +31.031,"+3,44% | +9,21% | +15,81% | +22,86% | +17,10% | 0%",,5ddías,632.605,611.592 | 579.263 | 546.228 | 514.893 | 540.217 | 0,Defensa
Sannadi,Athletic,+6.187 | +4.856 | +4.096 | -3.068 | -31.352 | -117.155,"+1,50% | +1,17% | +0,98% | -0,73% | -6,95% | -21,81%",,1ddías,419.969,413.782 | 415.113 | 415.873 | 423.037 | 451.321 | 537.124,Delantero
El-Abdellaoui,Celta,0 | 0 | 0 | 0 | 0 | 0,"0,00% | 0,00% | 0,00% | 0,00% | 0,00% | 0,00%",,44ddías,1.304.893,1.304.893 | 1.304.893 | 1.304.893 | 1.304.893 | 1.304.893 | 1.304.893,Delantero
Rubén Gómez,Villarreal,-4.770 | -10.995 | -16.854 | -46.603 | -75.808 | -75.808,"-0,90% | -2,05% | -3,10% | -8,13% | -12,59% | -12,59%",,10ddías,526.484,531.254 | 537.479 | 543.338 | 573.087 | 602.292 | 602.292,Portero
Lago,Celta,0 | 0 | 0 | 0 | 0 | 0,"0,00% | 0,00% | 0,00% | 0,00% | 0,00% | 0,00%",,44ddías,702.633,702.633 | 702.633 | 702.633 | 702.633 | 702.633 | 702.633,Defensa
Mestre,Real Madrid,0 | 0 | 0 | 0 | 0 | 0,"0,00% | 0,00% | 0,00% | 0,00% | 0,00% | 0,00%",,44ddías,677.860,677.860 | 677.860 | 677.860 | 677.860 | 677.860 | 677.860,Portero
Jiménez,Real Madrid,0 | 0 | 0 | 0 | 0 | 0,"0,00% | 0,00% | 0,00% | 0,00% | 0,00% | 0,00%",,44ddías,602.248,602.248 | 602.248 | 602.248 | 602.248 | 602.248 | 602.248,Defensa
Valera,Elche,-310.825 | -606.325 | -918.024 | -1.697.415 | -2.257.089 | -5.927.079,"-1,42% | -2,73% | -4,08% | -7,29% | -9,47% | -21,55%",,6ddías,21.573.797,21.884.622 | 22.180.122 | 22.491.821 | 23.271.212 | 23.830.886 | 27.500.876,Mediocampista
Buchanan,Villarreal,-290.068 | -579.706 | -872.411 | -1.928.761 | -3.294.213 | -1.440.122,"-1,73% | -3,41% | -5,04% | -10,50% | -16,69% | -8,05%",,16ddías,16.444.008,16.734.076 | 17.023.714 | 17.316.419 | 18.372.769 | 19.738.221 | 17.884.130,Mediocampista
Cucho,Betis,-331.789 | -704.657 | -1.019.455 | -2.448.995 | -6.549.594 | -11.510.905,"-0,78% | -1,64% | -2,36% | -5,48% | -13,43% | -21,42%",,23ddías,42.216.143,42.547.932 | 42.920.800 | 43.235.598 | 44.665.138 | 48.765.737 | 53.727.048,Delantero
Román,Celta,-87.197 | -147.729 | -206.020 | -344.941 | -11.795 | -1.184.162,"-1,69% | -2,83% | -3,90% | -6,36% | -0,23% | -18,91%",,6ddías,5.078.939,5.166.136 | 5.226.668 | 5.284.959 | 5.423.880 | 5.090.734 | 6.263.101,Mediocampista
Novoa,Alavés,-16.311 | -34.557 | -52.938 | -141.055 | +153.950 | +153.950,"-1,99% | -4,12% | -6,18% | -14,93% | 0% | 0%",,8ddías,803.449,819.760 | 838.006 | 856.387 | 944.504 | 0 | 0,Defensa
Martín,Barcelona,+581.179 | +938.026 | +1.492.917 | +3.524.918 | +9.112.193 | +8.309.983,"+1,52% | +2,48% | +4,00% | +9,98% | +30,66% | +27,23%",,17ddías,38.827.579,38.246.400 | 37.889.553 | 37.334.662 | 35.302.661 | 29.715.386 | 30.517.596,Defensa
L. Sucic,Real Sociedad,-15.852 | -24.357 | -33.662 | -182.000 | -384.085 | -1.240.863,"-0,47% | -0,71% | -0,99% | -5,10% | -10,20% | -26,83%",,44ddías,3.383.296,3.399.148 | 3.407.653 | 3.416.958 | 3.565.296 | 3.767.381 | 4.624.159,Mediocampista
F. Carreras,Real Madrid,-230.317 | -399.995 | -561.476 | -1.434.125 | -3.630.620 | -10.485.169,"-2,05% | -3,50% | -4,84% | -11,50% | -24,76% | -48,73%",,47ddías,11.031.332,11.261.649 | 11.431.327 | 11.592.808 | 12.465.457 | 14.661.952 | 21.516.501,Defensa
Mandi,Levante,-189.589 | -329.063 | -487.662 | +6.568.907 | +6.568.907 | +6.568.907,"-2,19% | -3,75% | -5,46% | 0% | 0% | 0%",,5ddías,8.448.662,8.638.251 | 8.777.725 | 8.936.324 | 0 | 0 | 0,Defensa
Akhomach,Villarreal,-98.494 | -189.252 | -281.761 | -687.785 | -1.515.855 | -3.514.597,"-2,13% | -4,02% | -5,87% | -13,22% | -25,13% | -43,77%",,25ddías,4.515.524,4.614.018 | 4.704.776 | 4.797.285 | 5.203.309 | 6.031.379 | 8.030.121,Delantero
Pedro Díaz,Rayo,-14.842 | -14.159 | -15.275 | -76.217 | -272.498 | -866.367,"-0,86% | -0,82% | -0,89% | -4,27% | -13,77% | -33,67%",,1ddías,1.707.024,1.721.866 | 1.721.183 | 1.722.299 | 1.783.241 | 1.979.522 | 2.573.391,Mediocampista
Manu Sánchez,Levante,-125.336 | -218.607 | -320.281 | -706.987 | -706.987 | -1.191.313,"-2,53% | -4,33% | -6,22% | -12,77% | -12,77% | -19,78%",,6ddías,4.831.198,4.956.534 | 5.049.805 | 5.151.479 | 5.538.185 | 5.538.185 | 6.022.511,Defensa
Raúl García,Osasuna,-37.077 | -68.862 | -99.100 | -248.345 | -512.953 | -1.471.718,"-2,23% | -4,06% | -5,74% | -13,24% | -23,97% | -47,50%",,47ddías,1.626.881,1.663.958 | 1.695.743 | 1.725.981 | 1.875.226 | 2.139.834 | 3.098.599,Delantero
Kike Salas,Sevilla,-265.061 | -597.752 | -929.582 | -1.704.042 | -1.334.144 | -3.210.751,"-2,50% | -5,46% | -8,24% | -14,13% | -11,41% | -23,66%",,6ddías,10.357.565,10.622.626 | 10.955.317 | 11.287.147 | 12.061.607 | 11.691.709 | 13.568.316,Defensa
Giuliano,Atlético,-607.979 | -1.290.916 | -1.736.455 | -3.252.858 | -7.575.736 | -9.353.620,"-1,48% | -3,08% | -4,10% | -7,42% | -15,73% | -18,73%",,23ddías,40.598.712,41.206.691 | 41.889.628 | 42.335.167 | 43.851.570 | 48.174.448 | 49.952.332,Delantero
Terrats,Getafe,+74.593 | +151.659 | +243.196 | +521.739 | +615.502 | +615.502,"+2,23% | +4,63% | +7,64% | +17,96% | +21,90% | +21,90%",,9ddías,3.425.997,3.351.404 | 3.274.338 | 3.182.801 | 2.904.258 | 2.810.495 | 2.810.495,Mediocampista
Batalla,Rayo,-977.693 | -1.077.161 | -1.307.199 | -2.893.717 | -4.056.625 | +8.159.801,"-2,54% | -2,80% | -3,37% | -7,17% | -9,77% | +27,86%",,12ddías,37.452.831,38.430.524 | 38.529.992 | 38.760.030 | 40.346.548 | 41.509.456 | 29.293.030,Portero
Romero,Sevilla,-130.515 | -248.486 | -375.918 | -665.768 | -307.940 | -1.169.402,"-2,21% | -4,12% | -6,11% | -10,34% | -5,06% | -16,84%",,6ddías,5.775.695,5.906.210 | 6.024.181 | 6.151.613 | 6.441.463 | 6.083.635 | 6.945.097,Delantero
Cardoso,Atlético,-124.958 | -245.866 | -335.168 | -736.480 | -1.787.937 | -5.713.334,"-2,40% | -4,62% | -6,20% | -12,67% | -26,05% | -52,96%",,44ddías,5.074.710,5.199.668 | 5.320.576 | 5.409.878 | 5.811.190 | 6.862.647 | 10.788.044,Mediocampista
Moriba,Celta,-184.885 | -279.496 | -410.331 | -938.938 | -1.192.686 | +239.326,"-1,96% | -2,94% | -4,26% | -9,23% | -11,44% | +2,66%",,11ddías,9.230.119,9.415.004 | 9.509.615 | 9.640.450 | 10.169.057 | 10.422.805 | 8.990.793,Mediocampista
Agoume,Sevilla,-49.979 | -88.137 | -128.425 | -269.162 | -154.642 | -750.058,"-0,89% | -1,56% | -2,26% | -4,63% | -2,71% | -11,91%",,6ddías,5.550.051,5.600.030 | 5.638.188 | 5.678.476 | 5.819.213 | 5.704.693 | 6.300.109,Mediocampista
Guedes,Real Sociedad,-823.282 | -1.629.968 | -2.383.874 | -6.239.358 | -14.447.522 | -33.699.449,"-2,87% | -5,52% | -7,87% | -18,28% | -34,13% | -54,72%",,32ddías,27.888.310,28.711.592 | 29.518.278 | 30.272.184 | 34.127.668 | 42.335.832 | 61.587.759,Delantero
Fort,Barcelona,-62.317 | -118.111 | -180.278 | -467.460 | -1.033.676 | -2.082.844,"-2,08% | -3,87% | -5,78% | -13,73% | -26,04% | -41,50%",,23ddías,2.936.532,2.998.849 | 3.054.643 | 3.116.810 | 3.403.992 | 3.970.208 | 5.019.376,Defensa
Denis Suárez,Alavés,+25.945 | +4.820 | -15.308 | -141.562 | -405.475 | -1.641.484,"+1,11% | +0,20% | -0,64% | -5,63% | -14,60% | -40,90%",,1ddías,2.371.784,2.345.839 | 2.366.964 | 2.387.092 | 2.513.346 | 2.777.259 | 4.013.268,Mediocampista
Femenia,Getafe,-93.762 | -196.001 | -297.791 | -567.536 | -263.837 | -1.005.905,"-2,74% | -5,55% | -8,20% | -14,55% | -7,33% | -23,18%",,6ddías,3.333.657,3.427.419 | 3.529.658 | 3.631.448 | 3.901.193 | 3.597.494 | 4.339.562,Defensa
Juanmi,Getafe,-4.951 | -11.364 | -17.419 | -50.876 | -131.635 | -412.009,"-0,92% | -2,10% | -3,18% | -8,75% | -19,87% | -43,70%",,47ddías,530.815,535.766 | 542.179 | 548.234 | 581.691 | 662.450 | 942.824,Delantero
Jesús Vázquez,Valencia,-24.783 | -29.301 | -33.886 | -62.928 | -178.719 | -1.056.896,"-1,49% | -1,75% | -2,02% | -3,69% | -9,82% | -39,16%",,6ddías,1.641.897,1.666.680 | 1.671.198 | 1.675.783 | 1.704.825 | 1.820.616 | 2.698.793,Defensa
Duro,Valencia,-9.096 | +17.576 | +41.067 | +111.006 | -264.088 | -2.010.255,"-0,11% | +0,21% | +0,48% | +1,32% | -3,00% | -19,03%",,1ddías,8.552.160,8.561.256 | 8.534.584 | 8.511.093 | 8.441.154 | 8.816.248 | 10.562.415,Delantero
Almeida,Valencia,-49.724 | -92.317 | -134.162 | -333.409 | -718.285 | -2.154.583,"-2,26% | -4,11% | -5,86% | -13,40% | -25,00% | -49,99%",,47ddías,2.155.200,2.204.924 | 2.247.517 | 2.289.362 | 2.488.609 | 2.873.485 | 4.309.783,Mediocampista
Rivero,Valencia,-2.236 | -5.821 | -8.930 | -29.324 | -78.789 | -250.408,"-0,48% | -1,23% | -1,88% | -5,92% | -14,47% | -34,97%",,30ddías,465.650,467.886 | 471.471 | 474.580 | 494.974 | 544.439 | 716.058,Portero
Gayà,Valencia,-176.819 | -288.646 | -405.481 | -844.619 | -1.511.646 | -4.343.775,"-1,71% | -2,77% | -3,85% | -7,69% | -12,98% | -30,00%",,47ddías,10.133.721,10.310.540 | 10.422.367 | 10.539.202 | 10.978.340 | 11.645.367 | 14.477.496,Defensa
Diego López,Valencia,-52.388 | -106.172 | -163.109 | -410.644 | -933.610 | -2.585.637,"-2,94% | -5,79% | -8,63% | -19,21% | -35,09% | -59,96%",,47ddías,1.726.754,1.779.142 | 1.832.926 | 1.889.863 | 2.137.398 | 2.660.364 | 4.312.391,Delantero
Pepelu,Valencia,-5.933 | +42.019 | +69.150 | +269.876 | +58.152 | -1.629.397,"-0,08% | +0,55% | +0,90% | +3,61% | +0,76% | -17,39%",,1ddías,7.738.924,7.744.857 | 7.696.905 | 7.669.774 | 7.469.048 | 7.680.772 | 9.368.321,Mediocampista
Foulquier,Valencia,-57.167 | -106.042 | -164.280 | -417.968 | -920.397 | -1.808.332,"-2,91% | -5,27% | -7,94% | -17,99% | -32,57% | -48,69%",,25ddías,1.905.812,1.962.979 | 2.011.854 | 2.070.092 | 2.323.780 | 2.826.209 | 3.714.144,Defensa
Fran Pérez,Rayo,-11.038 | -24.242 | -37.487 | -97.904 | -213.848 | -625.447,"-1,57% | -3,39% | -5,15% | -12,42% | -23,65% | -47,53%",,47ddías,690.499,701.537 | 714.741 | 727.986 | 788.403 | 904.347 | 1.315.946,Mediocampista
Baena,Atlético,+1.240.646 | +1.728.344 | +1.232.342 | -1.798.854 | -8.738.907 | -10.765.441,"+2,44% | +3,44% | +2,43% | -3,34% | -14,39% | -17,15%",,2ddías,51.990.215,50.749.569 | 50.261.871 | 50.757.873 | 53.789.069 | 60.729.122 | 62.755.656,Mediocampista
Hugo González,Celta,-14.980 | -18.037 | -20.525 | -86.955 | -182.258 | -182.258,"-1,12% | -1,34% | -1,53% | -6,17% | -12,10% | -12,10%",,9ddías,1.323.388,1.338.368 | 1.341.425 | 1.343.913 | 1.410.343 | 1.505.646 | 1.505.646,Mediocampista
Tárrega,Valencia,-96.624 | -96.704 | -96.682 | +32.711 | +47.195 | -1.253.949,"-1,06% | -1,06% | -1,06% | +0,36% | +0,53% | -12,19%",,2ddías,9.033.747,9.130.371 | 9.130.451 | 9.130.429 | 9.001.036 | 8.986.552 | 10.287.696,Defensa
Iranzo,Valencia,0 | 0 | 0 | 0 | 0 | 0,"0,00% | 0,00% | 0,00% | 0,00% | 0,00% | 0,00%",,44ddías,602.292,602.292 | 602.292 | 602.292 | 602.292 | 602.292 | 602.292,Defensa
Comesaña,Villarreal,-841.355 | -1.676.923 | -2.554.729 | -3.793.484 | +1.157.130 | -1.111.277,"-2,69% | -5,23% | -7,75% | -11,09% | +3,96% | -3,53%",,5ddías,30.413.980,31.255.335 | 32.090.903 | 32.968.709 | 34.207.464 | 29.256.850 | 31.525.257,Mediocampista
Gerard,Villarreal,-261.368 | -378.796 | -546.159 | -998.859 | -2.200.004 | -7.029.649,"-0,96% | -1,39% | -1,99% | -3,58% | -7,56% | -20,71%",,6ddías,26.914.955,27.176.323 | 27.293.751 | 27.461.114 | 27.913.814 | 29.114.959 | 33.944.604,Delantero
Foyth,Villarreal,+393.388 | +799.907 | +1.206.211 | +2.498.702 | +3.853.563 | +1.941.843,"+2,79% | +5,84% | +9,08% | +20,84% | +36,23% | +15,48%",,15ddías,14.489.632,14.096.244 | 13.689.725 | 13.283.421 | 11.990.930 | 10.636.069 | 12.547.789,Defensa
Sörloth,Atlético,-539.802 | -1.103.197 | -1.695.857 | -4.309.570 | -7.292.627 | -12.975.188,"-2,76% | -5,48% | -8,18% | -18,46% | -27,70% | -40,53%",,47ddías,19.035.879,19.575.681 | 20.139.076 | 20.731.736 | 23.345.449 | 26.328.506 | 32.011.067,Delantero
Fornals,Betis,-181.891 | -431.736 | -668.283 | -2.079.730 | -6.557.313 | -33.752.347,"-0,32% | -0,77% | -1,18% | -3,59% | -10,51% | -37,67%",,30ddías,55.847.653,56.029.544 | 56.279.389 | 56.515.936 | 57.927.383 | 62.404.966 | 89.600.000,Mediocampista
Altimira,Deportivo,+234.351 | +418.130 | +619.861 | +624.797 | -29.440 | -1.163.309,"+4,73% | +8,77% | +13,57% | +13,69% | -0,56% | -18,32%",,4ddías,5.187.504,4.953.153 | 4.769.374 | 4.567.643 | 4.562.707 | 5.216.944 | 6.350.813,Defensa
Joan Garcia,Barcelona,+382.426 | +544.319 | +811.969 | +3.552.707 | +16.366.636 | +21.417.563,"+0,54% | +0,77% | +1,15% | +5,22% | +29,63% | +42,67%",,18ddías,71.610.979,71.228.553 | 71.066.660 | 70.799.010 | 68.058.272 | 55.244.343 | 50.193.416,Portero
Peque,Sevilla,+131.169 | +220.690 | +331.933 | +569.205 | +355.539 | -556.976,"+5,84% | +10,23% | +16,22% | +31,46% | +17,57% | -18,97%",,6ddías,2.378.686,2.247.517 | 2.157.996 | 2.046.753 | 1.809.481 | 2.023.147 | 2.935.662,Delantero
Rosier,Osasuna,-140.490 | -286.463 | -432.312 | -1.080.772 | -2.427.313 | -5.939.211,"-2,94% | -5,82% | -8,53% | -18,91% | -34,37% | -56,16%",,42ddías,4.635.750,4.776.240 | 4.922.213 | 5.068.062 | 5.716.522 | 7.063.063 | 10.574.961,Defensa
Djaló,Athletic,-20.238 | -42.576 | -65.219 | -168.006 | -376.677 | -7.283.998,"-2,20% | -4,53% | -6,77% | -15,76% | -29,56% | 0%",,15ddías,897.712,917.950 | 940.288 | 962.931 | 1.065.718 | 1.274.389 | 0,Delantero
Romero,Villarreal,-784.614 | -1.480.338 | -2.209.788 | -2.661.832 | +3.912.492 | +5.896.981,"-1,88% | -3,48% | -5,11% | -6,09% | +10,54% | +16,79%",,5ddías,41.028.201,41.812.815 | 42.508.539 | 43.237.989 | 43.690.033 | 37.115.709 | 35.131.220,Defensa
Mbappé,Real Madrid,+659.264 | +901.934 | +1.324.158 | +660.194 | -306.844 | -25.244.383,"+0,51% | +0,70% | +1,03% | +0,51% | -0,24% | 0%",,5ddías,130.241.056,129.581.792 | 129.339.122 | 128.916.898 | 129.580.862 | 130.547.900 | 0,Delantero
Carlos Martín,Atlético,-39.229 | -64.780 | -104.592 | -251.474 | -251.474 | -251.474,"-1,96% | -3,19% | -5,05% | -11,34% | -11,34% | -11,34%",,5ddías,1.967.016,2.006.245 | 2.031.796 | 2.071.608 | 2.218.490 | 2.218.490 | 2.218.490,Mediocampista
Endrick,Real Madrid,-85.488 | -150.469 | -233.541 | -491.915 | -1.112.107 | +5.662.075,"-1,35% | -2,36% | -3,61% | -7,32% | -15,15% | 0%",,24ddías,6.228.064,6.313.552 | 6.378.533 | 6.461.605 | 6.719.979 | 7.340.171 | 0,Delantero
Carreira,Celta,-101.864 | -161.893 | -210.537 | -369.981 | -455.105 | -1.569.364,"-1,58% | -2,48% | -3,20% | -5,49% | -6,67% | -19,78%",,6ddías,6.364.195,6.466.059 | 6.526.088 | 6.574.732 | 6.734.176 | 6.819.300 | 7.933.559,Defensa
Sergio Gómez,Real Sociedad,-80.472 | -211.455 | -224.000 | -436.806 | -897.135 | -3.848.585,"-0,46% | -1,20% | -1,27% | -2,44% | -4,88% | -18,05%",,7ddías,17.471.490,17.551.962 | 17.682.945 | 17.695.490 | 17.908.296 | 18.368.625 | 21.320.075,Defensa
Ejuke,Sevilla,-40.124 | -81.934 | -123.822 | -302.448 | -521.877 | -1.331.837,"-1,63% | -3,27% | -4,86% | -11,09% | -17,71% | -35,45%",,47ddías,2.425.579,2.465.703 | 2.507.513 | 2.549.401 | 2.728.027 | 2.947.456 | 3.757.416,Delantero
Calero,Málaga,-70.907 | -143.163 | -219.733 | -558.345 | -1.128.102 | -1.128.102,"-2,89% | -5,66% | -8,44% | -18,97% | -32,11% | -32,11%",,13ddías,2.385.018,2.455.925 | 2.528.181 | 2.604.751 | 2.943.363 | 3.513.120 | 3.513.120,Defensa
Kambwala,Villarreal,-23.993 | -45.557 | -66.934 | -168.725 | -331.682 | -956.300,"-2,37% | -4,41% | -6,35% | -14,59% | -25,14% | -49,19%",,47ddías,987.821,1.011.814 | 1.033.378 | 1.054.755 | 1.156.546 | 1.319.503 | 1.944.121,Defensa
Andrés Martín,Racing,+359.915 | +662.531 | +989.381 | +1.736.274 | +471.849 | -4.383.347,"+1,76% | +3,28% | +4,98% | +9,08% | +2,31% | -17,37%",,5ddías,20.854.528,20.494.613 | 20.191.997 | 19.865.147 | 19.118.254 | 20.382.679 | 25.237.875,Delantero
Danjuma,Valencia,-49.181 | -84.671 | -112.308 | -96.514 | +420.366 | +207.460,"-0,96% | -1,64% | -2,17% | -1,87% | +9,04% | +4,27%",,5ddías,5.068.912,5.118.093 | 5.153.583 | 5.181.220 | 5.165.426 | 4.648.546 | 4.861.452,Delantero
Pépé,Villarreal,+1.937.205 | +3.127.731 | +4.838.017 | +9.547.331 | +9.176.154 | -6.601.379,"+3,36% | +5,53% | +8,83% | +19,06% | +18,18% | -9,97%",,9ddías,59.639.337,57.702.132 | 56.511.606 | 54.801.320 | 50.092.006 | 50.463.183 | 66.240.716,Delantero
Pape Gueye,Villarreal,+646.665 | +1.072.321 | +1.764.303 | +3.758.741 | +8.153.554 | +10.750.695,"+1,24% | +2,08% | +3,46% | +7,68% | +18,29% | +25,61%",,22ddías,52.727.024,52.080.359 | 51.654.703 | 50.962.721 | 48.968.283 | 44.573.470 | 41.976.329,Mediocampista
Losada,Betis,-68.173 | -146.686 | -230.042 | -230.042 | -230.042 | -230.042,"-2,90% | -6,05% | -9,17% | -9,17% | -9,17% | -9,17%",,3ddías,2.279.336,2.347.509 | 2.426.022 | 2.509.378 | 2.509.378 | 2.509.378 | 2.509.378,Delantero
D. Llorente,Betis,-195.467 | -302.169 | -432.729 | -549.932 | +570.551 | +3.933.063,"-1,53% | -2,34% | -3,32% | -4,19% | +4,75% | +45,45%",,5ddías,12.586.758,12.782.225 | 12.888.927 | 13.019.487 | 13.136.690 | 12.016.207 | 8.653.695,Defensa
Bretones,Osasuna,+44.530 | +115.645 | +217.814 | +472.459 | +1.314.921 | +2.379.234,"+1,06% | +2,80% | +5,41% | +12,53% | +44,89% | +127,56%",,29ddías,4.244.436,4.199.906 | 4.128.791 | 4.026.622 | 3.771.977 | 2.929.515 | 1.865.202,Defensa
Mouriño,Villarreal,-914.399 | -1.862.671 | -2.798.176 | -6.014.845 | -3.893.966 | +4.873.929,"-2,58% | -5,13% | -7,51% | -14,86% | -10,15% | +16,47%",,8ddías,34.464.778,35.379.177 | 36.327.449 | 37.262.954 | 40.479.623 | 38.358.744 | 29.590.849,Defensa
Íñigo Pérez,Villarreal,-60.488 | -120.663 | -184.699 | -452.074 | -907.331 | -425.241,"-3,06% | -5,93% | -8,80% | -19,10% | -32,16% | -18,18%",,15ddías,1.914.306,1.974.794 | 2.034.969 | 2.099.005 | 2.366.380 | 2.821.637 | 2.339.547,
Serred,Espanyol,-4.629 | -10.707 | -16.413 | -1.208.463 | -1.208.463 | -1.208.463,"-0,88% | -2,01% | -3,04% | 0% | 0% | 0%",,5ddías,523.089,527.718 | 533.796 | 539.502 | 0 | 0 | 0,Portero
Raba,Valencia,-34.880 | -66.114 | -101.873 | -244.645 | -520.057 | -1.437.884,"-2,48% | -4,60% | -6,91% | -15,13% | -27,49% | -51,18%",,47ddías,1.371.776,1.406.656 | 1.437.890 | 1.473.649 | 1.616.421 | 1.891.833 | 2.809.660,Delantero
Raul Moro,Osasuna,+200.408 | +377.508 | +669.647 | +1.416.094 | +2.478.249 | +3.884.777,"+1,38% | +2,63% | +4,76% | +10,63% | +20,22% | +35,81%",,24ddías,14.731.972,14.531.564 | 14.354.464 | 14.062.325 | 13.315.878 | 12.253.723 | 10.847.195,Delantero
Boyomo,Osasuna,-289.509 | -330.484 | -230.435 | +139.160 | +2.965.722 | +10.368.858,"-1,02% | -1,16% | -0,81% | +0,50% | +11,78% | +58,33%",,2ddías,28.145.022,28.434.531 | 28.475.506 | 28.375.457 | 28.005.862 | 25.179.300 | 17.776.164,Defensa
Neyou,Getafe,-77.104 | -150.018 | -228.981 | -553.244 | +1.933.988 | +1.933.988,"-2,95% | -5,58% | -8,27% | -17,88% | 0% | 0%",,9ddías,2.540.490,2.617.594 | 2.690.508 | 2.769.471 | 3.093.734 | 0 | 0,Mediocampista
Fortuño,Espanyol,-3.827 | -9.069 | -13.904 | -41.953 | -109.895 | -297.145,"-0,75% | -1,77% | -2,69% | -7,69% | -17,91% | -37,10%",,27ddías,503.834,507.661 | 512.903 | 517.738 | 545.787 | 613.729 | 800.979,Portero
Serrano,Athletic,-14.980 | -31.840 | -48.777 | -130.493 | -308.836 | -932.197,"-1,90% | -3,96% | -5,95% | -14,47% | -28,59% | -54,72%",,48ddías,771.514,786.494 | 803.354 | 820.291 | 902.007 | 1.080.350 | 1.703.711,Delantero
Bauzà,Espanyol,-15.966 | -33.853 | -51.860 | +475.513 | +475.513 | +475.513,"-1,97% | -4,08% | -6,12% | 0% | 0% | 0%",,5ddías,795.181,811.147 | 829.034 | 847.041 | 0 | 0 | 0,Mediocampista
Rubén Sánchez,Espanyol,-1.187 | -3.679 | -5.650 | -20.996 | -61.991 | -194.933,"-0,27% | -0,83% | -1,27% | -4,55% | -12,34% | -30,68%",,47ddías,440.480,441.667 | 444.159 | 446.130 | 461.476 | 502.471 | 635.413,Mediocampista
El Hilali,Espanyol,+343.812 | +697.262 | +1.051.335 | +1.956.072 | +2.783.742 | +4.702.343,"+3,29% | +6,91% | +10,79% | +22,13% | +34,75% | +77,19%",,31ddías,10.794.630,10.450.818 | 10.097.368 | 9.743.295 | 8.838.558 | 8.010.888 | 6.092.287,Defensa
Edu Expósito,Espanyol,+181.302 | +289.650 | +609.370 | +1.857.608 | +4.151.801 | -569.271,"+0,59% | +0,95% | +2,01% | +6,39% | +15,50% | -1,81%",,14ddías,30.935.009,30.753.707 | 30.645.359 | 30.325.639 | 29.077.401 | 26.783.208 | 31.504.280,Mediocampista
Jofre,Espanyol,-20.071 | -32.351 | -50.796 | -134.132 | -277.623 | -832.683,"-1,99% | -3,17% | -4,89% | -11,95% | -21,93% | -45,73%",,47ddías,988.215,1.008.286 | 1.020.566 | 1.039.011 | 1.122.347 | 1.265.838 | 1.820.898,Delantero
Pere Milla,Espanyol,-177.473 | -332.614 | -515.193 | -1.054.017 | -1.431.345 | -1.882.909,"-2,04% | -3,75% | -5,70% | -11,00% | -14,37% | -18,08%",,7ddías,8.530.095,8.707.568 | 8.862.709 | 9.045.288 | 9.584.112 | 9.961.440 | 10.413.004,Delantero
Lozano,Espanyol,-41.979 | -74.059 | -110.792 | -268.890 | -504.277 | -1.417.856,"-2,03% | -3,53% | -5,18% | -11,71% | -19,93% | -41,16%",,47ddías,2.026.540,2.068.519 | 2.100.599 | 2.137.332 | 2.295.430 | 2.530.817 | 3.444.396,Mediocampista
Puado,Espanyol,-156.988 | -319.649 | -487.162 | -1.223.830 | -2.804.163 | -7.782.661,"-2,91% | -5,75% | -8,51% | -18,93% | -34,86% | -59,76%",,38ddías,5.240.261,5.397.249 | 5.559.910 | 5.727.423 | 6.464.091 | 8.044.424 | 13.022.922,Mediocampista
Cabrera,Espanyol,-435.514 | -899.419 | -1.354.005 | -2.258.222 | -1.900.669 | -3.487.772,"-2,89% | -5,78% | -8,46% | -13,36% | -11,48% | -19,23%",,6ddías,14.650.321,15.085.835 | 15.549.740 | 16.004.326 | 16.908.543 | 16.550.990 | 18.138.093,Defensa
Conde,Betis,-79.029 | -156.324 | -250.937 | -341.641 | -341.641 | -802.109,"-2,84% | -5,47% | -8,50% | -11,23% | -11,23% | -22,90%",,4ddías,2.699.948,2.778.977 | 2.856.272 | 2.950.885 | 3.041.589 | 3.041.589 | 3.502.057,Portero
Thiago,Levante,0 | 0 | 0 | 0 | 0 | 0,0% | 0% | 0% | 0% | 0% | 0%,,53ddías,1.660.575,0 | 0 | 0 | 0 | 0 | 0,Mediocampista
Pablo López,Valencia,0 | 0 | 0 | 0 | 0 | 0,0% | 0% | 0% | 0% | 0% | 0%,,355ddías,441.041,0 | 0 | 0 | 0 | 0 | 0,Delantero
Alberto Marí,Valencia,0 | 0 | 0 | 0 | 0 | 0,0% | 0% | 0% | 0% | 0% | 0%,,356ddías,787.986,0 | 0 | 0 | 0 | 0 | 0,Delantero
De Tomás,Rayo,0 | 0 | 0 | 0 | 0 | 0,0% | 0% | 0% | 0% | 0% | 0%,,395ddías,3.229.388,0 | 0 | 0 | 0 | 0 | 0,Delantero
Carrillo,Celta,0 | 0 | 0 | 0 | 0 | 0,0% | 0% | 0% | 0% | 0% | 0%,,415ddías,1.567.556,0 | 0 | 0 | 0 | 0 | 0,Portero
Isra,Sevilla,0 | 0 | 0 | 0 | 0 | 0,0% | 0% | 0% | 0% | 0% | 0%,,415ddías,1.718.237,0 | 0 | 0 | 0 | 0 | 0,Delantero
Busto,Betis,0 | 0 | 0 | 0 | 0 | 0,0% | 0% | 0% | 0% | 0% | 0%,,415ddías,1.621.161,0 | 0 | 0 | 0 | 0 | 0,Defensa
Rupérez,Real Sociedad,0 | 0 | 0 | 0 | 0 | 0,0% | 0% | 0% | 0% | 0% | 0%,,415ddías,1.626.247,0 | 0 | 0 | 0 | 0 | 0,Defensa
Solà,Atlético,0 | 0 | 0 | 0 | 0 | 0,0% | 0% | 0% | 0% | 0% | 0%,,415ddías,1.640.523,0 | 0 | 0 | 0 | 0 | 0,Defensa
Canales,Athletic,0 | 0 | 0 | 0 | 0 | 0,0% | 0% | 0% | 0% | 0% | 0%,,415ddías,1.623.251,0 | 0 | 0 | 0 | 0 | 0,Delantero
Cortés,Barcelona,0 | 0 | 0 | 0 | 0 | 0,0% | 0% | 0% | 0% | 0% | 0%,,415ddías,1.718.327,0 | 0 | 0 | 0 | 0 | 0,Defensa
Medenica,Getafe,0 | 0 | 0 | 0 | 0 | 0,0% | 0% | 0% | 0% | 0% | 0%,,415ddías,1.560.264,0 | 0 | 0 | 0 | 0 | 0,Portero
Carlos,Atlético,0 | 0 | 0 | 0 | 0 | 0,0% | 0% | 0% | 0% | 0% | 0%,,415ddías,1.718.547,0 | 0 | 0 | 0 | 0 | 0,Defensa
Raúl Jiménez,Valencia,0 | 0 | 0 | 0 | 0 | 0,0% | 0% | 0% | 0% | 0% | 0%,,415ddías,1.561.503,0 | 0 | 0 | 0 | 0 | 0,Portero
De Llanos,Real Madrid,0 | 0 | 0 | 0 | 0 | 0,0% | 0% | 0% | 0% | 0% | 0%,,415ddías,1.622.168,0 | 0 | 0 | 0 | 0 | 0,Mediocampista
Balda,Real Sociedad,0 | 0 | 0 | 0 | 0 | 0,0% | 0% | 0% | 0% | 0% | 0%,,415ddías,1.718.912,0 | 0 | 0 | 0 | 0 | 0,Defensa
Córdoba,Valencia,0 | 0 | 0 | 0 | 0 | 0,0% | 0% | 0% | 0% | 0% | 0%,,415ddías,1.548.667,0 | 0 | 0 | 0 | 0 | 0,Defensa
Santana,Valencia,0 | 0 | 0 | 0 | 0 | 0,0% | 0% | 0% | 0% | 0% | 0%,,415ddías,1.723.821,0 | 0 | 0 | 0 | 0 | 0,Delantero
Olabarrieta,Athletic,0 | 0 | 0 | 0 | 0 | 0,0% | 0% | 0% | 0% | 0% | 0%,,415ddías,1.717.797,0 | 0 | 0 | 0 | 0 | 0,Delantero
Rivas,Real Madrid,0 | 0 | 0 | 0 | 0 | 0,0% | 0% | 0% | 0% | 0% | 0%,,415ddías,1.718.751,0 | 0 | 0 | 0 | 0 | 0,Defensa
Abril,Valencia,0 | 0 | 0 | 0 | 0 | 0,0% | 0% | 0% | 0% | 0% | 0%,,415ddías,1.728.051,0 | 0 | 0 | 0 | 0 | 0,Portero
Requena,Levante,0 | 0 | 0 | 0 | 0 | 0,0% | 0% | 0% | 0% | 0% | 0%,,415ddías,1.621.683,0 | 0 | 0 | 0 | 0 | 0,Mediocampista
Collado,Sevilla,0 | 0 | 0 | 0 | 0 | 0,0% | 0% | 0% | 0% | 0% | 0%,,415ddías,1.718.988,0 | 0 | 0 | 0 | 0 | 0,Mediocampista
Eneko Ortiz,Villarreal,0 | 0 | 0 | 0 | 0 | 0,0% | 0% | 0% | 0% | 0% | 0%,,415ddías,1.718.986,0 | 0 | 0 | 0 | 0 | 0,Defensa
Eto'o,Rayo,0 | 0 | 0 | 0 | 0 | 0,0% | 0% | 0% | 0% | 0% | 0%,,415ddías,1.718.988,0 | 0 | 0 | 0 | 0 | 0,Delantero
Joseda,Alavés,0 | 0 | 0 | 0 | 0 | 0,0% | 0% | 0% | 0% | 0% | 0%,,781ddías,300.000,0 | 0 | 0 | 0 | 0 | 0,Defensa
Mendes,Alavés,0 | 0 | 0 | 0 | 0 | 0,0% | 0% | 0% | 0% | 0% | 0%,,782ddías,500.000,0 | 0 | 0 | 0 | 0 | 0,Mediocampista
Ian Forns,Betis,0 | 0 | 0 | 0 | 0 | 0,0% | 0% | 0% | 0% | 0% | 0%,,782ddías,500.000,0 | 0 | 0 | 0 | 0 | 0,Defensa
Diallo,Alavés,0 | 0 | 0 | 0 | 0 | 0,0% | 0% | 0% | 0% | 0% | 0%,,782ddías,1.000.000,0 | 0 | 0 | 0 | 0 | 0,Mediocampista
Mario,Valencia,0 | 0 | 0 | 0 | 0 | 0,0% | 0% | 0% | 0% | 0% | 0%,,1ddías,760.408,0 | 0 | 0 | 0 | 0 | 0,Mediocampista