Jugador,Equipo,DiferenciaDif.,% Dif,Acel.,Tend.,Valor,Valor ant.Ant.,Posición
Karrikaburu,Real Sociedad,-7.882 | -18.121 | -29.990 | -73.820 | -168.895 | -492.948,"-1,38% | -3,12% | -5,06% | -11,61% | -23,10% | -46,72%",,41ddías,562.143,570.025 | 580.264 | 592.133 | 635.963 | 731.038 | 1.055.091,Delantero
Santos,Athletic,0 | 0 | 0 | 0 | 0 | 0,"0,00% | 0,00% | 0,00% | 0,00% | 0,00% | 0,00%",,38ddías,702.606,702.606 | 702.606 | 702.606 | 702.606 | 702.606 | 702.606,Portero
Navarro,Valencia,0 | 0 | 0 | 0 | 0 | 0,"0,00% | 0,00% | 0,00% | 0,00% | 0,00% | 0,00%",,38ddías,501.909,501.909 | 501.909 | 501.909 | 501.909 | 501.909 | 501.909,Defensa
Mikautadze,Villarreal,+350.842 | +802.986 | +1.640.343 | +5.778.658 | +10.070.275 | +14.588.347,"+0,56% | +1,30% | +2,68% | +10,14% | +19,10% | +30,27%",,34ddías,62.789.547,62.438.705 | 61.986.561 | 61.149.204 | 57.010.889 | 52.719.272 | 48.201.200,Delantero
Krug,Levante,0 | 0 | 0 | 0 | 0 | 0,"0,00% | 0,00% | 0,00% | 0,00% | 0,00% | 0,00%",,38ddías,602.249,602.249 | 602.249 | 602.249 | 602.249 | 602.249 | 602.249,Defensa
Diangana,Elche,-32.949 | -69.299 | -107.444 | -226.224 | -413.111 | -1.046.656,"-2,75% | -5,62% | -8,45% | -16,28% | -26,20% | -47,35%",,41ddías,1.163.734,1.196.683 | 1.233.033 | 1.271.178 | 1.389.958 | 1.576.845 | 2.210.390,Delantero
Alemão,Rayo,-24.675 | -45.936 | -68.355 | -288.787 | -793.974 | -2.191.188,"-0,67% | -1,24% | -1,83% | -7,31% | -17,83% | -37,45%",,41ddías,3.659.334,3.684.009 | 3.705.270 | 3.727.689 | 3.948.121 | 4.453.308 | 5.850.522,Delantero
Laporte,Athletic,-918.667 | -1.988.915 | -3.312.572 | -7.609.087 | -1.117.457 | +27.694.553,"-1,70% | -3,61% | -5,86% | -12,52% | -2,06% | +108,69%",,7ddías,53.175.636,54.094.303 | 55.164.551 | 56.488.208 | 60.784.723 | 54.293.093 | 25.481.083,Defensa
Adam Boayar,Elche,0 | 0 | 0 | 0 | 0 | 0,"0,00% | 0,00% | 0,00% | 0,00% | 0,00% | 0,00%",,38ddías,702.711,702.711 | 702.711 | 702.711 | 702.711 | 702.711 | 702.711,Mediocampista
Oso,Sevilla,+85.519 | +106.250 | -355.603 | -846.582 | -846.582 | -846.582,"+0,65% | +0,81% | -2,62% | -6,02% | -6,02% | -6,02%",,2ddías,13.206.750,13.121.231 | 13.100.500 | 13.562.353 | 14.053.332 | 14.053.332 | 14.053.332,Defensa
Bardghji,Barcelona,-92.318 | -190.084 | -296.682 | -702.970 | -1.465.793 | -1.911.732,"-3,08% | -6,14% | -9,26% | -19,47% | -33,52% | -39,67%",,17ddías,2.906.833,2.999.151 | 3.096.917 | 3.203.515 | 3.609.803 | 4.372.626 | 4.818.565,Delantero
Taufik,Atlético,0 | 0 | 0 | 0 | 0 | 0,"0,00% | 0,00% | 0,00% | 0,00% | 0,00% | 0,00%",,38ddías,602.316,602.316 | 602.316 | 602.316 | 602.316 | 602.316 | 602.316,Mediocampista
Martínez Bastida,Elche,0 | 0 | 0 | 0 | 0 | 0,"0,00% | 0,00% | 0,00% | 0,00% | 0,00% | 0,00%",,38ddías,602.324,602.324 | 602.324 | 602.324 | 602.324 | 602.324 | 602.324,Mediocampista
Aller,Barcelona,0 | 0 | 0 | 0 | 0 | 0,"0,00% | 0,00% | 0,00% | 0,00% | 0,00% | 0,00%",,38ddías,702.705,702.705 | 702.705 | 702.705 | 702.705 | 702.705 | 702.705,Portero
Ballestero,Alavés,0 | 0 | 0 | 0 | 0 | 0,"0,00% | 0,00% | 0,00% | 0,00% | 0,00% | 0,00%",,38ddías,602.316,602.316 | 602.316 | 602.316 | 602.316 | 602.316 | 602.316,Defensa
Monreal,Athletic,0 | 0 | 0 | 0 | 0 | 0,"0,00% | 0,00% | 0,00% | 0,00% | 0,00% | 0,00%",,38ddías,602.257,602.257 | 602.257 | 602.257 | 602.257 | 602.257 | 602.257,Defensa
Cardoso,Sevilla,-17.012 | -34.617 | -54.527 | -148.154 | -340.666 | -977.061,"-2,02% | -4,03% | -6,20% | -15,23% | -29,23% | -54,22%",,41ddías,824.902,841.914 | 859.519 | 879.429 | 973.056 | 1.165.568 | 1.801.963,Defensa
Álex Costa,Sevilla,0 | 0 | 0 | 0 | 0 | 0,"0,00% | 0,00% | 0,00% | 0,00% | 0,00% | 0,00%",,38ddías,602.284,602.284 | 602.284 | 602.284 | 602.284 | 602.284 | 602.284,Delantero
Juan Hernández,Barcelona,0 | 0 | 0 | 0 | 0 | 0,"0,00% | 0,00% | 0,00% | 0,00% | 0,00% | 0,00%",,38ddías,581.760,581.760 | 581.760 | 581.760 | 581.760 | 581.760 | 581.760,Mediocampista
Ryan,Levante,0 | 0 | 0 | 0 | 0 | 0,"0,00% | 0,00% | 0,00% | 0,00% | 0,00% | 0,00%",,38ddías,13.550.652,13.550.652 | 13.550.652 | 13.550.652 | 13.550.652 | 13.550.652 | 13.550.652,Portero
Corralejo,Betis,0 | 0 | 0 | 0 | 0 | 0,"0,00% | 0,00% | 0,00% | 0,00% | 0,00% | 0,00%",,38ddías,602.248,602.248 | 602.248 | 602.248 | 602.248 | 602.248 | 602.248,Mediocampista
Nacho Pérez,Levante,0 | 0 | 0 | 0 | 0 | 0,"0,00% | 0,00% | 0,00% | 0,00% | 0,00% | 0,00%",,38ddías,581.692,581.692 | 581.692 | 581.692 | 581.692 | 581.692 | 581.692,Defensa
Altozano,Sevilla,0 | 0 | 0 | 0 | 0 | 0,"0,00% | 0,00% | 0,00% | 0,00% | 0,00% | 0,00%",,38ddías,602.284,602.284 | 602.284 | 602.284 | 602.284 | 602.284 | 602.284,Mediocampista
Sierra,Sevilla,0 | 0 | 0 | 0 | 0 | 0,"0,00% | 0,00% | 0,00% | 0,00% | 0,00% | 0,00%",,38ddías,602.284,602.284 | 602.284 | 602.284 | 602.284 | 602.284 | 602.284,Delantero
Blázquez,Valencia,0 | 0 | 0 | 0 | 0 | 0,"0,00% | 0,00% | 0,00% | 0,00% | 0,00% | 0,00%",,38ddías,581.656,581.656 | 581.656 | 581.656 | 581.656 | 581.656 | 581.656,Delantero
Suazo,Sevilla,+29.648 | +56.994 | +51.572 | -40.240 | -565.740 | -2.325.714,"+0,55% | +1,06% | +0,96% | -0,74% | -9,43% | -29,98%",,2ddías,5.432.732,5.403.084 | 5.375.738 | 5.381.160 | 5.472.972 | 5.998.472 | 7.758.446,Defensa
Arriaga,Levante,-40.604 | -75.730 | -122.914 | -335.464 | -818.534 | -2.379.183,"-1,57% | -2,89% | -4,61% | -11,65% | -24,34% | -48,33%",,41ddías,2.543.981,2.584.585 | 2.619.711 | 2.666.895 | 2.879.445 | 3.362.515 | 4.923.164,Mediocampista
Folgado,Real Sociedad,0 | 0 | 0 | 0 | 0 | 0,"0,00% | 0,00% | 0,00% | 0,00% | 0,00% | 0,00%",,38ddías,702.606,702.606 | 702.606 | 702.606 | 702.606 | 702.606 | 702.606,Portero
Vlachodimos,Sevilla,+318.740 | +642.283 | +1.145.293 | +2.982.738 | +3.287.122 | +3.287.122,"+1,77% | +3,63% | +6,66% | +19,42% | +21,83% | +21,83%",,11ddías,18.343.601,18.024.861 | 17.701.318 | 17.198.308 | 15.360.863 | 15.056.479 | 15.056.479,Portero
Oluwaseyi,Villarreal,-42.178 | -83.439 | -137.285 | -373.604 | -897.264 | -2.551.549,"-1,52% | -2,95% | -4,77% | -11,99% | -24,66% | -48,20%",,41ddías,2.741.774,2.783.952 | 2.825.213 | 2.879.059 | 3.115.378 | 3.639.038 | 5.293.323,Delantero
Montero,Alavés,0 | 0 | 0 | 0 | 0 | 0,"0,00% | 0,00% | 0,00% | 0,00% | 0,00% | 0,00%",,38ddías,602.316,602.316 | 602.316 | 602.316 | 602.316 | 602.316 | 602.316,Portero
Riedel,Espanyol,-66.976 | -119.731 | -200.314 | -514.175 | -987.968 | -987.968,"-1,46% | -2,57% | -4,23% | -10,19% | -17,90% | -17,90%",,11ddías,4.532.650,4.599.626 | 4.652.381 | 4.732.964 | 5.046.825 | 5.520.618 | 5.520.618,Defensa
Sancris,Getafe,-10.411 | -23.284 | -37.897 | -93.893 | -215.682 | -641.758,"-1,64% | -3,60% | -5,74% | -13,10% | -25,72% | -50,75%",,41ddías,622.831,633.242 | 646.115 | 660.728 | 716.724 | 838.513 | 1.264.589,Delantero
Carlos Soler,Real Sociedad,+235.285 | +588.774 | +980.158 | +1.144.734 | -298.563 | -5.260.432,"+0,74% | +1,88% | +3,16% | +3,72% | -0,93% | -14,13%",,5ddías,31.955.581,31.720.296 | 31.366.807 | 30.975.423 | 30.810.847 | 32.254.144 | 37.216.013,Mediocampista
Adrián Pérez,Athletic,0 | 0 | 0 | 0 | 0 | 0,"0,00% | 0,00% | 0,00% | 0,00% | 0,00% | 0,00%",,38ddías,602.257,602.257 | 602.257 | 602.257 | 602.257 | 602.257 | 602.257,Delantero
Espart,Barcelona,0 | 0 | 0 | 0 | 0 | 0,"0,00% | 0,00% | 0,00% | 0,00% | 0,00% | 0,00%",,38ddías,702.705,702.705 | 702.705 | 702.705 | 702.705 | 702.705 | 702.705,Defensa
Thiago,Real Madrid,0 | 0 | 0 | 0 | 0 | 0,"0,00% | 0,00% | 0,00% | 0,00% | 0,00% | 0,00%",,38ddías,7.026.082,7.026.082 | 7.026.082 | 7.026.082 | 7.026.082 | 7.026.082 | 7.026.082,Mediocampista
Aitor Mañas,Alavés,-6.778 | -15.866 | -26.537 | -26.537 | -26.537 | -26.537,"-1,25% | -2,88% | -4,72% | -4,72% | -4,72% | -4,72%",,3ddías,535.627,542.405 | 551.493 | 562.164 | 562.164 | 562.164 | 562.164,Delantero
Carlos Macià,Villarreal,0 | 0 | 0 | 0 | 0 | 0,"0,00% | 0,00% | 0,00% | 0,00% | 0,00% | 0,00%",,38ddías,803.057,803.057 | 803.057 | 803.057 | 803.057 | 803.057 | 803.057,Mediocampista
Unai Santos,Osasuna,0 | 0 | 0 | 0 | 0 | 0,"0,00% | 0,00% | 0,00% | 0,00% | 0,00% | 0,00%",,38ddías,602.319,602.319 | 602.319 | 602.319 | 602.319 | 602.319 | 602.319,Defensa
Joan Martínez,Real Madrid,0 | 0 | 0 | 0 | 0 | 0,"0,00% | 0,00% | 0,00% | 0,00% | 0,00% | 0,00%",,38ddías,702.622,702.622 | 702.622 | 702.622 | 702.622 | 702.622 | 702.622,Defensa
Iker Muñoz,Sevilla,0 | 0 | 0 | 0 | 0 | 0,"0,00% | 0,00% | 0,00% | 0,00% | 0,00% | 0,00%",,38ddías,602.284,602.284 | 602.284 | 602.284 | 602.284 | 602.284 | 602.284,Defensa
Oláiz,Alavés,0 | 0 | 0 | 0 | 0 | 0,"0,00% | 0,00% | 0,00% | 0,00% | 0,00% | 0,00%",,38ddías,602.316,602.316 | 602.316 | 602.316 | 602.316 | 602.316 | 602.316,Defensa
Izei,Alavés,0 | 0 | 0 | 0 | 0 | 0,"0,00% | 0,00% | 0,00% | 0,00% | 0,00% | 0,00%",,38ddías,582.010,582.010 | 582.010 | 582.010 | 582.010 | 582.010 | 582.010,Mediocampista
Hierro,Athletic,0 | 0 | 0 | 0 | 0 | 0,"0,00% | 0,00% | 0,00% | 0,00% | 0,00% | 0,00%",,38ddías,602.257,602.257 | 602.257 | 602.257 | 602.257 | 602.257 | 602.257,Delantero
Rosón,Levante,0 | 0 | 0 | 0 | 0 | 0,"0,00% | 0,00% | 0,00% | 0,00% | 0,00% | 0,00%",,38ddías,602.249,602.249 | 602.249 | 602.249 | 602.249 | 602.249 | 602.249,Mediocampista
Dani Martínez,Atlético,0 | 0 | 0 | -7.672 | -32.302 | -90.421,"0,00% | 0,00% | 0,00% | -1,81% | -7,22% | -17,88%",,4ddías,415.311,415.311 | 415.311 | 415.311 | 422.983 | 447.613 | 505.732,Defensa
Boñar,Atlético,0 | 0 | 0 | -11.557 | -47.338 | -150.712,"0,00% | 0,00% | 0,00% | -2,53% | -9,61% | -25,29%",,4ddías,445.140,445.140 | 445.140 | 445.140 | 456.697 | 492.478 | 595.852,Defensa
Puric,Atlético,0 | 0 | 0 | -10.220 | -42.162 | -136.096,"0,00% | 0,00% | 0,00% | -2,30% | -8,84% | -23,84%",,4ddías,434.872,434.872 | 434.872 | 434.872 | 445.092 | 477.034 | 570.968,Defensa
Marqués,Barcelona,0 | 0 | 0 | 0 | 0 | 0,"0,00% | 0,00% | 0,00% | 0,00% | 0,00% | 0,00%",,38ddías,602.319,602.319 | 602.319 | 602.319 | 602.319 | 602.319 | 602.319,Defensa
Arcos,Celta,0 | 0 | 0 | 0 | 0 | 0,"0,00% | 0,00% | 0,00% | 0,00% | 0,00% | 0,00%",,38ddías,602.257,602.257 | 602.257 | 602.257 | 602.257 | 602.257 | 602.257,Mediocampista
Cestero,Real Madrid,0 | 0 | 0 | 0 | 0 | 0,"0,00% | 0,00% | 0,00% | 0,00% | 0,00% | 0,00%",,38ddías,602.234,602.234 | 602.234 | 602.234 | 602.234 | 602.234 | 602.234,Mediocampista
Carrera,Real Sociedad,0 | 0 | 0 | 0 | 0 | 0,"0,00% | 0,00% | 0,00% | 0,00% | 0,00% | 0,00%",,38ddías,702.633,702.633 | 702.633 | 702.633 | 702.633 | 702.633 | 702.633,Delantero
Nakoha,Levante,0 | 0 | 0 | 0 | 0 | 0,"0,00% | 0,00% | 0,00% | 0,00% | 0,00% | 0,00%",,38ddías,501.874,501.874 | 501.874 | 501.874 | 501.874 | 501.874 | 501.874,Defensa
Benito,Getafe,0 | 0 | 0 | 0 | 0 | 0,"0,00% | 0,00% | 0,00% | 0,00% | 0,00% | 0,00%",,38ddías,602.319,602.319 | 602.319 | 602.319 | 602.319 | 602.319 | 602.319,Portero
Álvaro,Villarreal,0 | 0 | 0 | 0 | 0 | 0,"0,00% | 0,00% | 0,00% | 0,00% | 0,00% | 0,00%",,38ddías,501.929,501.929 | 501.929 | 501.929 | 501.929 | 501.929 | 501.929,Defensa
Aleksandrov,Getafe,0 | 0 | 0 | 0 | 0 | 0,"0,00% | 0,00% | 0,00% | 0,00% | 0,00% | 0,00%",,38ddías,602.319,602.319 | 602.319 | 602.319 | 602.319 | 602.319 | 602.319,Delantero
Javi Navarro,Real Madrid,0 | 0 | 0 | 0 | 0 | 0,"0,00% | 0,00% | 0,00% | 0,00% | 0,00% | 0,00%",,38ddías,702.622,702.622 | 702.622 | 702.622 | 702.622 | 702.622 | 702.622,Portero
Beitia,Real Sociedad,0 | 0 | 0 | 0 | 0 | 0,"0,00% | 0,00% | 0,00% | 0,00% | 0,00% | 0,00%",,38ddías,501.861,501.861 | 501.861 | 501.861 | 501.861 | 501.861 | 501.861,Defensa
Lebarbier,Real Sociedad,0 | 0 | 0 | 0 | 0 | 0,"0,00% | 0,00% | 0,00% | 0,00% | 0,00% | 0,00%",,38ddías,602.234,602.234 | 602.234 | 602.234 | 602.234 | 602.234 | 602.234,Defensa
Barry,Villarreal,0 | 0 | 0 | 0 | 0 | 0,"0,00% | 0,00% | 0,00% | 0,00% | 0,00% | 0,00%",,38ddías,602.292,602.292 | 602.292 | 602.292 | 602.292 | 602.292 | 602.292,Mediocampista
Delgado,Elche,0 | 0 | 0 | 0 | 0 | 0,"0,00% | 0,00% | 0,00% | 0,00% | 0,00% | 0,00%",,38ddías,602.324,602.324 | 602.324 | 602.324 | 602.324 | 602.324 | 602.324,Defensa
Selton,Athletic,0 | 0 | 0 | 0 | 0 | 0,"0,00% | 0,00% | 0,00% | 0,00% | 0,00% | 0,00%",,38ddías,602.257,602.257 | 602.257 | 602.257 | 602.257 | 602.257 | 602.257,Mediocampista
Jurado,Valencia,0 | 0 | 0 | 0 | 0 | 0,"0,00% | 0,00% | 0,00% | 0,00% | 0,00% | 0,00%",,38ddías,602.292,602.292 | 602.292 | 602.292 | 602.292 | 602.292 | 602.292,Defensa
Meixús,Celta,0 | 0 | 0 | 0 | 0 | 0,"0,00% | 0,00% | 0,00% | 0,00% | 0,00% | 0,00%",,38ddías,485.372,485.372 | 485.372 | 485.372 | 485.372 | 485.372 | 485.372,Defensa
Óscar Marcos,Celta,0 | 0 | 0 | 0 | 0 | 0,"0,00% | 0,00% | 0,00% | 0,00% | 0,00% | 0,00%",,38ddías,602.257,602.257 | 602.257 | 602.257 | 602.257 | 602.257 | 602.257,Mediocampista
Al Lal,Elche,0 | 0 | 0 | 0 | 0 | 0,"0,00% | 0,00% | 0,00% | 0,00% | 0,00% | 0,00%",,38ddías,501.936,501.936 | 501.936 | 501.936 | 501.936 | 501.936 | 501.936,Delantero
Yassin,Getafe,0 | 0 | 0 | 0 | 0 | 0,"0,00% | 0,00% | 0,00% | 0,00% | 0,00% | 0,00%",,38ddías,501.932,501.932 | 501.932 | 501.932 | 501.932 | 501.932 | 501.932,Defensa
Marchal,Real Sociedad,0 | 0 | 0 | 0 | 0 | 0,"0,00% | 0,00% | 0,00% | 0,00% | 0,00% | 0,00%",,38ddías,602.234,602.234 | 602.234 | 602.234 | 602.234 | 602.234 | 602.234,Mediocampista
Panach,Valencia,0 | 0 | 0 | 0 | 0 | 0,"0,00% | 0,00% | 0,00% | 0,00% | 0,00% | 0,00%",,38ddías,501.909,501.909 | 501.909 | 501.909 | 501.909 | 501.909 | 501.909,Defensa
Veiga,Villarreal,-345.575 | -784.468 | -1.429.217 | -4.390.037 | -2.891.365 | +8.700.706,"-0,87% | -1,96% | -3,52% | -10,07% | -6,87% | +28,53%",,9ddías,39.193.607,39.539.182 | 39.978.075 | 40.622.824 | 43.583.644 | 42.084.972 | 30.492.901,Defensa
Davinchi,Getafe,+63.839 | +163.102 | +269.920 | +63.472 | +63.472 | +63.472,"+2,12% | +5,60% | +9,62% | +2,11% | +2,11% | +2,11%",,3ddías,3.075.075,3.011.236 | 2.911.973 | 2.805.155 | 3.011.603 | 3.011.603 | 3.011.603,Defensa
Ferran,Espanyol,0 | 0 | 0 | 0 | 0 | 0,"0,00% | 0,00% | 0,00% | 0,00% | 0,00% | 0,00%",,38ddías,602.248,602.248 | 602.248 | 602.248 | 602.248 | 602.248 | 602.248,Mediocampista
De la Fuente,Levante,0 | 0 | 0 | 0 | 0 | 0,"0,00% | 0,00% | 0,00% | 0,00% | 0,00% | 0,00%",,38ddías,14.052.528,14.052.528 | 14.052.528 | 14.052.528 | 14.052.528 | 14.052.528 | 14.052.528,Defensa
John ChetauyaJohn C.,Elche,-12.691 | -24.421 | -39.480 | -105.467 | -239.780 | -731.967,"-1,84% | -3,48% | -5,51% | -13,47% | -26,14% | -51,93%",,41ddías,677.560,690.251 | 701.981 | 717.040 | 783.027 | 917.340 | 1.409.527,Defensa
Sivera,Alavés,+118.245 | +274.121 | +505.113 | +2.232.005 | +7.333.955 | +14.706.082,"+0,38% | +0,88% | +1,62% | +7,60% | +30,23% | +87,09%",,39ddías,31.592.971,31.474.726 | 31.318.850 | 31.087.858 | 29.360.966 | 24.259.016 | 16.886.889,Portero
Affengruber,Elche,-349.937 | -488.678 | -644.775 | -9.750 | +3.810.656 | +12.534.665,"-1,06% | -1,47% | -1,93% | -0,03% | +13,17% | +62,00%",,4ddías,32.752.877,33.102.814 | 33.241.555 | 33.397.652 | 32.762.627 | 28.942.221 | 20.218.212,Defensa
Á. Núñez,Celta,-41.208 | -77.170 | -130.995 | -368.792 | -913.842 | -2.608.001,"-1,12% | -2,08% | -3,48% | -9,22% | -20,11% | -41,81%",,38ddías,3.630.081,3.671.289 | 3.707.251 | 3.761.076 | 3.998.873 | 4.543.923 | 6.238.082,Defensa
Santiago,Elche,-6.911 | -16.138 | -26.953 | -66.109 | -150.922 | -440.892,"-1,27% | -2,91% | -4,76% | -10,93% | -21,88% | -45,00%",,41ddías,538.830,545.741 | 554.968 | 565.783 | 604.939 | 689.752 | 979.722,Mediocampista
Aguado,Elche,+19.381 | +48.176 | +47.679 | +1.593 | -191.744 | -1.333.702,"+0,55% | +1,39% | +1,37% | +0,05% | -5,16% | -27,45%",,2ddías,3.525.382,3.506.001 | 3.477.206 | 3.477.703 | 3.523.789 | 3.717.126 | 4.859.084,Mediocampista
Iván Romero,Levante,+96.852 | +211.367 | +305.732 | +531.940 | +336.195 | -547.329,"+1,33% | +2,96% | +4,33% | +7,79% | +4,78% | -6,92%",,6ddías,7.364.066,7.267.214 | 7.152.699 | 7.058.334 | 6.832.126 | 7.027.871 | 7.911.395,Delantero
Vencedor,Athletic,0 | 0 | 0 | 0 | 0 | 0,"0,00% | 0,00% | 0,00% | 0,00% | 0,00% | 0,00%",,38ddías,2.208.253,2.208.253 | 2.208.253 | 2.208.253 | 2.208.253 | 2.208.253 | 2.208.253,Mediocampista
Salinas,Málaga,+4.992 | +15.203 | -14.861 | -37.940 | -37.940 | -391.566,"+0,49% | +1,49% | -1,42% | -3,55% | -3,55% | -27,50%",,2ddías,1.032.130,1.027.138 | 1.016.927 | 1.046.991 | 1.070.070 | 1.070.070 | 1.423.696,Defensa
Ruggeri,Atlético,-108.929 | -221.267 | -352.872 | -939.678 | -1.592.123 | -3.430.712,"-1,80% | -3,58% | -5,59% | -13,63% | -21,09% | -36,55%",,35ddías,5.956.370,6.065.299 | 6.177.637 | 6.309.242 | 6.896.048 | 7.548.493 | 9.387.082,Defensa
Huijsen,Real Madrid,+534.516 | +1.100.763 | +1.752.891 | +1.329.742 | -2.902.251 | -9.540.922,"+1,67% | +3,51% | +5,71% | +4,27% | -8,21% | -22,72%",,5ddías,32.460.459,31.925.943 | 31.359.696 | 30.707.568 | 31.130.717 | 35.362.710 | 42.001.381,Defensa
Alexander-Arnold,Real Madrid,-173.542 | -411.430 | -756.864 | -1.903.905 | -3.920.279 | -11.642.813,"-0,76% | -1,77% | -3,22% | -7,71% | -14,68% | -33,82%",,41ddías,22.781.237,22.954.779 | 23.192.667 | 23.538.101 | 24.685.142 | 26.701.516 | 34.424.050,Defensa
Jonny,Alavés,-36.066 | -54.047 | -61.662 | -203.235 | -597.252 | -2.535.613,"-0,66% | -0,99% | -1,13% | -3,63% | -9,96% | -31,95%",,37ddías,5.399.739,5.435.805 | 5.453.786 | 5.461.401 | 5.602.974 | 5.996.991 | 7.935.352,Defensa
Luiz Felipe,Rayo,-102.060 | -235.111 | -380.403 | -380.403 | -380.403 | -380.403,"-2,66% | -5,92% | -9,24% | -9,24% | -9,24% | -9,24%",,3ddías,3.734.874,3.836.934 | 3.969.985 | 4.115.277 | 4.115.277 | 4.115.277 | 4.115.277,Defensa
Bambo,Elche,-18.667 | -34.838 | -52.069 | -161.099 | +412.838 | +412.838,"-1,72% | -3,16% | -4,65% | -13,11% | 0% | 0%",,13ddías,1.067.303,1.085.970 | 1.102.141 | 1.119.372 | 1.228.402 | 0 | 0,Defensa
Youssef,Alavés,-19 | +4.991 | +8.352 | -4.613 | -56.254 | -223.217,"0,00% | +1,01% | +1,70% | -0,91% | -10,11% | -30,86%",,1ddías,500.026,500.045 | 495.035 | 491.674 | 504.639 | 556.280 | 723.243,Defensa
Fortea,Real Madrid,0 | 0 | 0 | 0 | 0 | 0,"0,00% | 0,00% | 0,00% | 0,00% | 0,00% | 0,00%",,38ddías,802.099,802.099 | 802.099 | 802.099 | 802.099 | 802.099 | 802.099,Defensa
Castrín,Sevilla,-71.687 | -126.770 | -285.347 | -453.690 | -453.690 | -453.690,"-1,61% | -2,82% | -6,13% | -9,41% | -9,41% | -9,41%",,4ddías,4.369.326,4.441.013 | 4.496.096 | 4.654.673 | 4.823.016 | 4.823.016 | 4.823.016,Defensa
Osambela,Osasuna,0 | 0 | 0 | 0 | 0 | 0,"0,00% | 0,00% | 0,00% | 0,00% | 0,00% | 0,00%",,38ddías,501.932,501.932 | 501.932 | 501.932 | 501.932 | 501.932 | 501.932,Mediocampista
Juanpe,Rayo,0 | 0 | 0 | 0 | 0 | 0,"0,00% | 0,00% | 0,00% | 0,00% | 0,00% | 0,00%",,38ddías,602.234,602.234 | 602.234 | 602.234 | 602.234 | 602.234 | 602.234,Portero
Yáñez,Real Madrid,0 | 0 | 0 | 0 | 0 | 0,"0,00% | 0,00% | 0,00% | 0,00% | 0,00% | 0,00%",,38ddías,702.606,702.606 | 702.606 | 702.606 | 702.606 | 702.606 | 702.606,Delantero
D. Aguado,Real Madrid,0 | 0 | 0 | 0 | 0 | 0,"0,00% | 0,00% | 0,00% | 0,00% | 0,00% | 0,00%",,38ddías,774.109,774.109 | 774.109 | 774.109 | 774.109 | 774.109 | 774.109,Defensa
Fran González,Sevilla,-2.800 | -3.374 | -4.486 | -35.215 | -35.215 | -35.215,"-0,42% | -0,50% | -0,67% | -5,01% | -5,01% | -5,01%",,7ddías,667.407,670.207 | 670.781 | 671.893 | 702.622 | 702.622 | 702.622,Portero
Mariezkurrena,Real Sociedad,0 | 0 | 0 | 0 | 0 | 0,"0,00% | 0,00% | 0,00% | 0,00% | 0,00% | 0,00%",,38ddías,677.966,677.966 | 677.966 | 677.966 | 677.966 | 677.966 | 677.966,Delantero
Rafa,Sevilla,0 | 0 | 0 | 0 | 0 | 0,"0,00% | 0,00% | 0,00% | 0,00% | 0,00% | 0,00%",,38ddías,602.257,602.257 | 602.257 | 602.257 | 602.257 | 602.257 | 602.257,Portero
Fortuny,Real Madrid,0 | 0 | 0 | 0 | 0 | 0,"0,00% | 0,00% | 0,00% | 0,00% | 0,00% | 0,00%",,38ddías,602.234,602.234 | 602.234 | 602.234 | 602.234 | 602.234 | 602.234,Mediocampista
Diatta,Villarreal,-7.471 | -17.281 | -29.398 | -29.398 | -29.398 | -29.398,"-1,33% | -3,03% | -5,05% | -5,05% | -5,05% | -5,05%",,3ddías,552.258,559.729 | 569.539 | 581.656 | 581.656 | 581.656 | 581.656,Mediocampista
Swiderski,Alavés,0 | 0 | 0 | 0 | 0 | 0,"0,00% | 0,00% | 0,00% | 0,00% | 0,00% | 0,00%",,38ddías,602.316,602.316 | 602.316 | 602.316 | 602.316 | 602.316 | 602.316,Portero
Pablo García,Betis,0 | 0 | 0 | 0 | 0 | 0,"0,00% | 0,00% | 0,00% | 0,00% | 0,00% | 0,00%",,38ddías,2.509.371,2.509.371 | 2.509.371 | 2.509.371 | 2.509.371 | 2.509.371 | 2.509.371,Delantero
Bekhoucha,Getafe,0 | 0 | 0 | 0 | 0 | 0,"0,00% | 0,00% | 0,00% | 0,00% | 0,00% | 0,00%",,38ddías,1.104.254,1.104.254 | 1.104.254 | 1.104.254 | 1.104.254 | 1.104.254 | 1.104.254,Defensa
Arguibide,Osasuna,0 | 0 | 0 | 0 | 0 | 0,"0,00% | 0,00% | 0,00% | 0,00% | 0,00% | 0,00%",,38ddías,582.013,582.013 | 582.013 | 582.013 | 582.013 | 582.013 | 582.013,Defensa
Molina,Rayo,0 | 0 | 0 | 0 | 0 | 0,"0,00% | 0,00% | 0,00% | 0,00% | 0,00% | 0,00%",,38ddías,602.234,602.234 | 602.234 | 602.234 | 602.234 | 602.234 | 602.234,Portero
Hancko,Atlético,+418.123 | +956.452 | +1.606.567 | +4.786.017 | +7.870.767 | +2.483.615,"+1,10% | +2,55% | +4,35% | +14,20% | +25,70% | +6,90%",,13ddías,38.497.274,38.079.151 | 37.540.822 | 36.890.707 | 33.711.257 | 30.626.507 | 36.013.659,Defensa
Jutglà,Celta,+48.691 | +152.567 | +231.660 | +401.038 | +108.783 | -2.312.424,"+0,51% | +1,63% | +2,50% | +4,40% | +1,16% | -19,57%",,6ddías,9.506.551,9.457.860 | 9.353.984 | 9.274.891 | 9.105.513 | 9.397.768 | 11.818.975,Delantero
Josan,Elche,-19.540 | -34.139 | -69.026 | -106.112 | -106.112 | -106.112,"-1,75% | -3,01% | -5,91% | -8,81% | -8,81% | -8,81%",,4ddías,1.098.538,1.118.078 | 1.132.677 | 1.167.564 | 1.204.650 | 1.204.650 | 1.204.650,Mediocampista
Primo,Levante,0 | 0 | 0 | 0 | 0 | 0,"0,00% | 0,00% | 0,00% | 0,00% | 0,00% | 0,00%",,38ddías,1.104.126,1.104.126 | 1.104.126 | 1.104.126 | 1.104.126 | 1.104.126 | 1.104.126,Portero
Joselu,Getafe,0 | 0 | 0 | 0 | 0 | 0,"0,00% | 0,00% | 0,00% | 0,00% | 0,00% | 0,00%",,38ddías,602.319,602.319 | 602.319 | 602.319 | 602.319 | 602.319 | 602.319,Delantero
Víctor García,Levante,-22.455 | -40.086 | -69.369 | -260.585 | -708.006 | -2.200.731,"-1,12% | -1,98% | -3,37% | -11,59% | -26,27% | -52,55%",,41ddías,1.987.022,2.009.477 | 2.027.108 | 2.056.391 | 2.247.607 | 2.695.028 | 4.187.753,Defensa
Pablo CamposCuñat Campos,Levante,-16.135 | -28.921 | -48.138 | -129.400 | -242.641 | -361.668,"-1,50% | -2,67% | -4,36% | -10,92% | -18,68% | -25,51%",,14ddías,1.056.067,1.072.202 | 1.084.988 | 1.104.205 | 1.185.467 | 1.298.708 | 1.417.735,Portero
Toljan,Levante,-53.000 | -82.027 | -129.089 | -394.484 | -649.700 | -2.160.492,"-1,25% | -1,92% | -2,98% | -8,58% | -13,39% | -33,96%",,39ddías,4.200.686,4.253.686 | 4.282.713 | 4.329.775 | 4.595.170 | 4.850.386 | 6.361.178,Defensa
Carlos Espí,Real Madrid,+127.388 | +290.673 | +510.332 | +5.338.442 | +5.338.442 | +5.338.442,"+1,46% | +3,39% | +6,11% | 0% | 0% | 0%",,5ddías,8.869.571,8.742.183 | 8.578.898 | 8.359.239 | 0 | 0 | 0,Delantero
Cortés,Levante,0 | 0 | 0 | 0 | 0 | 0,"0,00% | 0,00% | 0,00% | 0,00% | 0,00% | 0,00%",,38ddías,803.000,803.000 | 803.000 | 803.000 | 803.000 | 803.000 | 803.000,Delantero
Vertrouwd,Rayo,0 | 0 | 0 | 0 | 0 | 0,"0,00% | 0,00% | 0,00% | 0,00% | 0,00% | 0,00%",,38ddías,1.003.725,1.003.725 | 1.003.725 | 1.003.725 | 1.003.725 | 1.003.725 | 1.003.725,Defensa
Torrents,Barcelona,0 | 0 | 0 | 0 | 0 | 0,"0,00% | 0,00% | 0,00% | 0,00% | 0,00% | 0,00%",,38ddías,602.319,602.319 | 602.319 | 602.319 | 602.319 | 602.319 | 602.319,Defensa
Becerra,Rayo,0 | 0 | 0 | 0 | 0 | 0,"0,00% | 0,00% | 0,00% | 0,00% | 0,00% | 0,00%",,38ddías,581.700,581.700 | 581.700 | 581.700 | 581.700 | 581.700 | 581.700,Mediocampista
Radu,Celta,-313.244 | -720.960 | -1.126.747 | -746.742 | +3.906.075 | +14.541.344,"-0,80% | -1,82% | -2,81% | -1,88% | +11,15% | +59,61%",,4ddías,38.934.871,39.248.115 | 39.655.831 | 40.061.618 | 39.681.613 | 35.028.796 | 24.393.527,Portero
Rueda,Celta,+77.581 | +168.657 | +285.005 | +582.548 | +592.798 | -198.255,"+1,84% | +4,09% | +7,11% | +15,69% | +16,01% | -4,41%",,10ddías,4.295.574,4.217.993 | 4.126.917 | 4.010.569 | 3.713.026 | 3.702.776 | 4.493.829,Defensa
Niculaesei,Elche,0 | 0 | 0 | 0 | 0 | 0,"0,00% | 0,00% | 0,00% | 0,00% | 0,00% | 0,00%",,38ddías,803.099,803.099 | 803.099 | 803.099 | 803.099 | 803.099 | 803.099,Defensa
Mendoza,Atlético,-378 | -3.817 | -7.803 | -33.566 | -102.232 | -415.289,"-0,04% | -0,45% | -0,91% | -3,80% | -10,74% | -32,84%",,41ddías,849.222,849.600 | 853.039 | 857.025 | 882.788 | 951.454 | 1.264.511,Mediocampista
Echegoyen,Osasuna,0 | 0 | 0 | 0 | 0 | 0,"0,00% | 0,00% | 0,00% | 0,00% | 0,00% | 0,00%",,38ddías,562.286,562.286 | 562.286 | 562.286 | 562.286 | 562.286 | 562.286,Mediocampista
Manu Fernández,Celta,-1.089 | -4.252 | -8.750 | -19.894 | -43.204 | -105.131,"-0,27% | -1,05% | -2,15% | -4,75% | -9,77% | -20,85%",,41ddías,399.102,400.191 | 403.354 | 407.852 | 418.996 | 442.306 | 504.233,Defensa
Esquivel,Atlético,0 | 0 | 0 | 0 | 0 | 0,"0,00% | 0,00% | 0,00% | 0,00% | 0,00% | 0,00%",,38ddías,602.292,602.292 | 602.292 | 602.292 | 602.292 | 602.292 | 602.292,Portero
Martim Neto,Elche,-16.885 | -29.333 | -52.331 | -151.421 | -359.035 | -858.202,"-1,02% | -1,75% | -3,09% | -8,44% | -17,93% | -34,31%",,41ddías,1.643.001,1.659.886 | 1.672.334 | 1.695.332 | 1.794.422 | 2.002.036 | 2.501.203,Mediocampista
Jorge Cabello,Levante,-18.223 | -34.767 | -54.711 | -148.499 | -353.260 | +242.197,"-2,18% | -4,07% | -6,26% | -15,35% | -30,13% | 0%",,18ddías,819.073,837.296 | 853.840 | 873.784 | 967.572 | 1.172.333 | 0,Defensa
Valentín Gómez,Betis,-21.584 | -43.373 | -68.980 | -203.719 | -489.670 | -1.424.463,"-1,22% | -2,42% | -3,79% | -10,41% | -21,84% | -44,84%",,41ddías,1.752.299,1.773.883 | 1.795.672 | 1.821.279 | 1.956.018 | 2.241.969 | 3.176.762,Defensa
Deossa,Betis,+22.759 | +58.234 | +97.417 | +233.665 | +128.857 | -856.854,"+1,09% | +2,84% | +4,84% | +12,45% | +6,50% | -28,88%",,10ddías,2.110.419,2.087.660 | 2.052.185 | 2.013.002 | 1.876.754 | 1.981.562 | 2.967.273,Mediocampista
Junior,Betis,-47.415 | -91.103 | -154.933 | -439.445 | -1.114.255 | -3.121.491,"-1,36% | -2,58% | -4,30% | -11,31% | -24,44% | -47,54%",,41ddías,3.444.610,3.492.025 | 3.535.713 | 3.599.543 | 3.884.055 | 4.558.865 | 6.566.101,Defensa
Dituro,Elche,+88.566 | +293.023 | +413.965 | +980.190 | +947.491 | +24.016,"+1,18% | +4,03% | +5,78% | +14,87% | +14,30% | +0,32%",,10ddías,7.572.315,7.483.749 | 7.279.292 | 7.158.350 | 6.592.125 | 6.624.824 | 7.548.299,Portero
Dolan,Espanyol,-9.584 | -4.074 | -12.852 | -179.566 | -706.177 | -2.404.799,"-0,16% | -0,07% | -0,21% | -2,90% | -10,52% | -28,59%",,1ddías,6.005.273,6.014.857 | 6.009.347 | 6.018.125 | 6.184.839 | 6.711.450 | 8.410.072,Delantero
Roger BruguéBrugui,Levante,-65.557 | -136.490 | -213.306 | -513.342 | -1.073.582 | -2.926.758,"-2,91% | -5,87% | -8,87% | -18,99% | -32,89% | -57,19%",,42ddías,2.190.480,2.256.037 | 2.326.970 | 2.403.786 | 2.703.822 | 3.264.062 | 5.117.238,Delantero
C. Álvarez,Levante,+67.391 | +102.639 | +120.204 | +884.603 | +2.883.312 | +7.946.228,"+0,34% | +0,52% | +0,61% | +4,69% | +17,10% | +67,36%",,40ddías,19.742.709,19.675.318 | 19.640.070 | 19.622.505 | 18.858.106 | 16.859.397 | 11.796.481,Mediocampista
Rego,Athletic,0 | 0 | 0 | 0 | 0 | 0,"0,00% | 0,00% | 0,00% | 0,00% | 0,00% | 0,00%",,38ddías,5.018.825,5.018.825 | 5.018.825 | 5.018.825 | 5.018.825 | 5.018.825 | 5.018.825,Defensa
Oriol Rey,Levante,-8.314 | -15.395 | -27.334 | -96.933 | -248.273 | -768.879,"-1,13% | -2,08% | -3,63% | -11,78% | -25,49% | -51,44%",,41ddías,725.882,734.196 | 741.277 | 753.216 | 822.815 | 974.155 | 1.494.761,Mediocampista
Gorrotxategi,Real Sociedad,-157.766 | -311.597 | -495.335 | -1.271.142 | -2.462.164 | -4.287.214,"-2,47% | -4,77% | -7,37% | -16,96% | -28,35% | -40,80%",,34ddías,6.221.614,6.379.380 | 6.533.211 | 6.716.949 | 7.492.756 | 8.683.778 | 10.508.828,Mediocampista
Ugrinic,Valencia,-1.994 | +3.459 | -22.219 | -221.185 | -968.540 | -3.177.534,"-0,05% | +0,09% | -0,58% | -5,45% | -20,17% | -45,32%",,1ddías,3.834.226,3.836.220 | 3.830.767 | 3.856.445 | 4.055.411 | 4.802.766 | 7.011.760,Mediocampista
Bigas,Elche,-122.317 | -242.722 | -374.304 | -946.763 | -1.943.721 | -3.963.978,"-2,36% | -4,58% | -6,90% | -15,78% | -27,79% | -43,97%",,36ddías,5.051.643,5.173.960 | 5.294.365 | 5.425.947 | 5.998.406 | 6.995.364 | 9.015.621,Defensa
Redondo,Elche,-13.981 | -21.814 | -37.389 | -111.012 | -305.226 | -937.708,"-1,58% | -2,45% | -4,13% | -11,33% | -26,00% | -51,91%",,41ddías,868.568,882.549 | 890.382 | 905.957 | 979.580 | 1.173.794 | 1.806.276,Mediocampista
Pinillos,Alavés,0 | 0 | 0 | 0 | 0 | 0,"0,00% | 0,00% | 0,00% | 0,00% | 0,00% | 0,00%",,38ddías,501.929,501.929 | 501.929 | 501.929 | 501.929 | 501.929 | 501.929,Mediocampista
Montes,Getafe,0 | 0 | 0 | 0 | 0 | 0,"0,00% | 0,00% | 0,00% | 0,00% | 0,00% | 0,00%",,38ddías,602.319,602.319 | 602.319 | 602.319 | 602.319 | 602.319 | 602.319,Defensa
Tunde,Levante,0 | 0 | 0 | 0 | 0 | 0,"0,00% | 0,00% | 0,00% | 0,00% | 0,00% | 0,00%",,38ddías,8.531.892,8.531.892 | 8.531.892 | 8.531.892 | 8.531.892 | 8.531.892 | 8.531.892,Mediocampista
Rayane,Atlético,0 | 0 | 0 | 0 | 0 | 0,"0,00% | 0,00% | 0,00% | 0,00% | 0,00% | 0,00%",,38ddías,678.006,678.006 | 678.006 | 678.006 | 678.006 | 678.006 | 678.006,Delantero
Chupete,Málaga,-878.263 | -1.712.317 | -2.523.646 | -1.793.124 | +6.857.196 | +25.896.097,"-1,70% | -3,27% | -4,74% | -3,42% | +15,65% | +104,53%",,4ddías,50.669.666,51.547.929 | 52.381.983 | 53.193.312 | 52.462.790 | 43.812.470 | 24.773.569,Delantero
Guliashvili,Racing,-62.200 | -125.360 | -194.881 | -494.521 | -1.109.236 | -3.053.424,"-2,99% | -5,85% | -8,80% | -19,67% | -35,46% | -60,20%",,41ddías,2.019.126,2.081.326 | 2.144.486 | 2.214.007 | 2.513.647 | 3.128.362 | 5.072.550,Delantero
Canales,Racing,+430.998 | +1.017.769 | +1.842.076 | +4.818.770 | +13.552.183 | +13.552.183,"+1,86% | +4,51% | +8,47% | +25,67% | +135,02% | +135,02%",,8ddías,23.589.445,23.158.447 | 22.571.676 | 21.747.369 | 18.770.675 | 10.037.262 | 10.037.262,Mediocampista
Santi Franco,Racing,0 | 0 | 0 | 0 | 0 | 0,"0,00% | 0,00% | 0,00% | 0,00% | 0,00% | 0,00%",,37ddías,702.606,702.606 | 702.606 | 702.606 | 702.606 | 702.606 | 702.606,Delantero
Diego Diaz,Racing,0 | 0 | 0 | 0 | 0 | 0,"0,00% | 0,00% | 0,00% | 0,00% | 0,00% | 0,00%",,37ddías,602.234,602.234 | 602.234 | 602.234 | 602.234 | 602.234 | 602.234,Delantero
Santaella,Málaga,0 | 0 | 0 | 0 | 0 | 0,"0,00% | 0,00% | 0,00% | 0,00% | 0,00% | 0,00%",,33ddías,401.498,401.498 | 401.498 | 401.498 | 401.498 | 401.498 | 401.498,Defensa
Vallecillo,Racing,0 | 0 | 0 | 0 | 0 | 0,"0,00% | 0,00% | 0,00% | 0,00% | 0,00% | 0,00%",,33ddías,677.940,677.940 | 677.940 | 677.940 | 677.940 | 677.940 | 677.940,Mediocampista
Larrubia,Málaga,-847.195 | -1.836.340 | -2.510.915 | -1.004.006 | +7.598.440 | +25.959.768,"-1,56% | -3,32% | -4,48% | -1,84% | +16,53% | +94,08%",,4ddías,53.552.819,54.400.014 | 55.389.159 | 56.063.734 | 54.556.825 | 45.954.379 | 27.593.051,Mediocampista
Iñigo Vicente,Racing,+104.637 | +224.351 | +394.229 | +502.500 | -288.318 | -4.296.009,"+0,55% | +1,18% | +2,09% | +2,68% | -1,47% | -18,23%",,6ddías,19.269.684,19.165.047 | 19.045.333 | 18.875.455 | 18.767.184 | 19.558.002 | 23.565.693,Delantero
Yeremay,Deportivo,-956.838 | -2.154.062 | -3.498.070 | -8.180.800 | -4.162.563 | +20.624.895,"-1,86% | -4,08% | -6,46% | -13,91% | -7,60% | +68,77%",,8ddías,50.616.368,51.573.206 | 52.770.430 | 54.114.438 | 58.797.168 | 54.778.931 | 29.991.473,Delantero
Dumfries,Real Madrid,-948.629 | -2.162.216 | -3.498.978 | -8.917.950 | -4.283.713 | +11.034.720,"-1,64% | -3,65% | -5,78% | -13,52% | -6,99% | +23,99%",,8ddías,57.034.720,57.983.349 | 59.196.936 | 60.533.698 | 65.952.670 | 61.318.433 | 46.000.000,Defensa
Hartman,Espanyol,-134.651 | -289.568 | -453.927 | -1.168.977 | -2.358.188 | 0,"-1,52% | -3,20% | -4,93% | -11,78% | -21,22% | 0%",,25ddías,8.753.133,8.887.784 | 9.042.701 | 9.207.060 | 9.922.110 | 11.111.321 | 0,Defensa
Cucurella,Real Madrid,-790.757 | -1.624.744 | -2.415.305 | +1.408.287 | +20.879.993 | 0,"-0,96% | -1,95% | -2,87% | +1,76% | +34,39% | 0%",,4ddías,81.601.459,82.392.216 | 83.226.203 | 84.016.764 | 80.193.172 | 60.721.466 | 0,Defensa
Konaté,Real Madrid,-212.089 | -191.069 | +180.666 | +4.456.706 | +15.345.864 | 0,"-0,43% | -0,39% | +0,37% | +10,07% | +45,96% | 0%",,1ddías,48.735.216,48.947.305 | 48.926.285 | 48.554.550 | 44.278.510 | 33.389.352 | 0,Defensa
Aubameyang,Deportivo,+952.076 | +2.008.505 | +3.139.300 | +7.900.103 | +17.115.529 | 0,"+3,01% | +6,56% | +10,65% | +31,97% | +110,47% | 0%",,17ddías,32.609.500,31.657.424 | 30.600.995 | 29.470.200 | 24.709.397 | 15.493.971 | 0,Delantero
Arana,Racing,-8.991 | -16.083 | -27.167 | -73.608 | -163.244 | -453.747,"-1,14% | -2,01% | -3,36% | -8,60% | -17,26% | -36,70%",,41ddías,782.536,791.527 | 798.619 | 809.703 | 856.144 | 945.780 | 1.236.283,Delantero
Solórzano,Racing,0 | 0 | 0 | 0 | 0 | 0,"0,00% | 0,00% | 0,00% | 0,00% | 0,00% | 0,00%",,37ddías,602.234,602.234 | 602.234 | 602.234 | 602.234 | 602.234 | 602.234,Mediocampista
Hjulmand,Atlético,+327.470 | +732.552 | +1.446.470 | +3.343.339 | +2.004.801 | 0,"+0,90% | +2,04% | +4,12% | +10,06% | +5,80% | 0%",,8ddías,36.575.212,36.247.742 | 35.842.660 | 35.128.742 | 33.231.873 | 34.570.411 | 0,Mediocampista
Sainz-Maza,Racing,-13.506 | -26.323 | -41.767 | -114.151 | -269.143 | -779.886,"-1,77% | -3,39% | -5,28% | -13,21% | -26,41% | -50,98%",,41ddías,749.996,763.502 | 776.319 | 791.763 | 864.147 | 1.019.139 | 1.529.882,Defensa
Jauregi,Málaga,-26.702 | -50.497 | -81.793 | -249.181 | -249.181 | -249.181,"-2,00% | -3,72% | -5,89% | -16,02% | -16,02% | -16,02%",,7ddías,1.306.593,1.333.295 | 1.357.090 | 1.388.386 | 1.555.774 | 1.555.774 | 1.555.774,Delantero
Haitam,Málaga,-1.909 | -5.926 | -11.314 | -26.401 | -58.370 | -152.406,"-0,45% | -1,40% | -2,63% | -5,93% | -12,23% | -26,68%",,41ddías,418.777,420.686 | 424.703 | 430.091 | 445.178 | 477.147 | 571.183,Delantero
Jiménez,Racing,0 | 0 | 0 | 0 | 0 | 0,"0,00% | 0,00% | 0,00% | 0,00% | 0,00% | 0,00%",,37ddías,602.234,602.234 | 602.234 | 602.234 | 602.234 | 602.234 | 602.234,Portero
Eriksson,Racing,-14.949 | -21.138 | -38.741 | +28.404 | +427.173 | +346.081,"-0,51% | -0,72% | -1,31% | +0,99% | +17,22% | +13,51%",,4ddías,2.908.104,2.923.053 | 2.929.242 | 2.946.845 | 2.879.700 | 2.480.931 | 2.562.023,Portero
Laro Gómez,Racing,0 | 0 | 0 | 0 | 0 | 0,"0,00% | 0,00% | 0,00% | 0,00% | 0,00% | 0,00%",,37ddías,602.234,602.234 | 602.234 | 602.234 | 602.234 | 602.234 | 602.234,Portero
Mantilla,Racing,+26.237 | +67.561 | +122.497 | +318.974 | +596.105 | +422.307,"+0,95% | +2,48% | +4,59% | +12,89% | +27,13% | +17,81%",,18ddías,2.793.048,2.766.811 | 2.725.487 | 2.670.551 | 2.474.074 | 2.196.943 | 2.370.741,Defensa
Hernando,Racing,-26.766 | -46.030 | -71.150 | -194.866 | -274.511 | -949.667,"-1,51% | -2,57% | -3,92% | -10,05% | -13,60% | -35,26%",,41ddías,1.743.424,1.770.190 | 1.789.454 | 1.814.574 | 1.938.290 | 2.017.935 | 2.693.091,Defensa
Puerta,Racing,+168.813 | +290.235 | +487.358 | +1.388.270 | +2.699.037 | +2.809.324,"+1,34% | +2,32% | +3,96% | +12,16% | +26,70% | +28,10%",,20ddías,12.808.655,12.639.842 | 12.518.420 | 12.321.297 | 11.420.385 | 10.109.618 | 9.999.331,Mediocampista
Salinas,Racing,-41.309 | -236.045 | -447.859 | -447.859 | -447.859 | -447.859,"-0,74% | -4,06% | -7,44% | -7,44% | -7,44% | -7,44%",,3ddías,5.574.497,5.615.806 | 5.810.542 | 6.022.356 | 6.022.356 | 6.022.356 | 6.022.356,Defensa
Carlos Sánchez,Racing,0 | 0 | 0 | 0 | 0 | 0,"0,00% | 0,00% | 0,00% | 0,00% | 0,00% | 0,00%",,37ddías,702.606,702.606 | 702.606 | 702.606 | 702.606 | 702.606 | 702.606,Defensa
Facundo GonzálezFacu González,Racing,-10.140 | +5.661 | +5.644 | -53.835 | -168.377 | -453.258,"-0,33% | +0,19% | +0,18% | -1,73% | -5,22% | -12,90%",,1ddías,3.059.782,3.069.922 | 3.054.121 | 3.054.138 | 3.113.617 | 3.228.159 | 3.513.040,Defensa
Crespo,Racing,0 | 0 | 0 | 0 | 0 | 0,"0,00% | 0,00% | 0,00% | 0,00% | 0,00% | 0,00%",,37ddías,802.979,802.979 | 802.979 | 802.979 | 802.979 | 802.979 | 802.979,Defensa
Maguette,Racing,-29.182 | -54.744 | -93.430 | -211.114 | -605.585 | -2.130.420,"-0,71% | -1,32% | -2,23% | -4,91% | -12,90% | -34,26%",,37ddías,4.088.223,4.117.405 | 4.142.967 | 4.181.653 | 4.299.337 | 4.693.808 | 6.218.643,Mediocampista
Sergio Martínez,Racing,0 | 0 | 0 | 0 | 0 | 0,"0,00% | 0,00% | 0,00% | 0,00% | 0,00% | 0,00%",,37ddías,702.606,702.606 | 702.606 | 702.606 | 702.606 | 702.606 | 702.606,Mediocampista
Calatrava,Espanyol,+42.345 | +91.788 | +165.841 | +400.177 | +744.941 | 0,"+1,08% | +2,36% | +4,35% | +11,18% | +23,03% | 0%",,16ddías,3.979.107,3.936.762 | 3.887.319 | 3.813.266 | 3.578.930 | 3.234.166 | 0,Delantero
Bernardo Silva,Real Madrid,+956.604 | +2.200.478 | +3.674.951 | +10.224.582 | 0 | 0,"+1,78% | +4,20% | +7,21% | +23,03% | 0% | 0%",,12ddías,54.626.441,53.669.837 | 52.425.963 | 50.951.490 | 44.401.859 | 0 | 0,Mediocampista
Joaquín,Málaga,-88.495 | -163.755 | -268.360 | -792.009 | -1.871.295 | -4.918.593,"-1,30% | -2,38% | -3,85% | -10,56% | -21,82% | -42,32%",,41ddías,6.704.555,6.793.050 | 6.868.310 | 6.972.915 | 7.496.564 | 8.575.850 | 11.623.148,Delantero
Juan Funes,Málaga,-37.754 | -79.110 | -123.392 | -310.955 | -721.599 | +276.440,"-2,87% | -5,82% | -8,80% | -19,56% | -36,07% | 0%",,18ddías,1.279.065,1.316.819 | 1.358.175 | 1.402.457 | 1.590.020 | 2.000.664 | 0,
Claudio Giráldez,Celta,-82.946 | -170.759 | -260.753 | -642.750 | -1.311.358 | -2.649.464,"-3,39% | -6,74% | -9,94% | -21,38% | -35,68% | 0%",,9ddías,2.363.662,2.446.608 | 2.534.421 | 2.624.415 | 3.006.412 | 3.675.020 | 0,
Antonio Hidalgo,Deportivo,-52.351 | -108.912 | -169.033 | -426.829 | -991.673 | +125.447,"-3,11% | -6,27% | -9,40% | -20,76% | -37,83% | 0%",,19ddías,1.629.384,1.681.735 | 1.738.296 | 1.798.417 | 2.056.213 | 2.621.057 | 0,
Martín Anselmi,Elche,-51.534 | -107.243 | -166.477 | -420.341 | -976.554 | 0,"-3,10% | -6,25% | -9,37% | -20,71% | -37,76% | 0%",,16ddías,1.609.777,1.661.311 | 1.717.020 | 1.776.254 | 2.030.118 | 2.586.331 | 0,
Manolo González,Espanyol,-31.052 | -65.426 | -102.436 | -257.748 | -596.349 | -385.733,"-2,70% | -5,53% | -8,39% | -18,73% | -34,78% | 0%",,22ddías,1.118.204,1.149.256 | 1.183.630 | 1.220.640 | 1.375.952 | 1.714.553 | 0,
Pepe Bordalás,Getafe,-1.752.156 | -3.579.347 | -5.483.875 | -13.920.495 | -27.269.373 | +37.411.592,"-3,97% | -7,78% | -11,45% | -24,71% | -39,13% | 0%",,11ddías,42.424.718,44.176.874 | 46.004.065 | 47.908.593 | 56.345.213 | 69.694.091 | 0,
Luis Castro,Levante,-37.123 | -77.821 | -121.418 | -305.943 | -709.919 | -240.020,"-2,85% | -5,80% | -8,76% | -19,49% | -35,97% | 0%",,21ddías,1.263.917,1.301.040 | 1.341.738 | 1.385.335 | 1.569.860 | 1.973.836 | 0,
Luis Miguel Ramis,Osasuna,-44.194 | -92.258 | -143.528 | -362.075 | -840.749 | 0,"-2,99% | -6,05% | -9,10% | -20,16% | -36,97% | 0%",,17ddías,1.433.618,1.477.812 | 1.525.876 | 1.577.146 | 1.795.693 | 2.274.367 | 0,
Hansi Flick,Barcelona,-274.644 | -569.826 | -878.633 | -2.022.722 | -3.854.943 | -5.348.579,"-2,76% | -5,55% | -8,31% | -17,27% | -28,46% | 0%",,9ddías,9.690.803,9.965.447 | 10.260.629 | 10.569.436 | 11.713.525 | 13.545.746 | 0,
José Alberto López,Racing,-24.294 | -51.629 | -81.306 | -204.103 | -472.553 | +153.922,"-2,48% | -5,12% | -7,84% | -17,59% | -33,08% | 0%",,19ddías,956.021,980.315 | 1.007.650 | 1.037.327 | 1.160.124 | 1.428.574 | 0,
Beñat San José,Rayo,-51.534 | -107.243 | -166.477 | -420.341 | -976.554 | 0,"-3,10% | -6,25% | -9,37% | -20,71% | -37,76% | 0%",,16ddías,1.609.777,1.661.311 | 1.717.020 | 1.776.254 | 2.030.118 | 2.586.331 | 0,
José Mourinho,Real Madrid,-454.495 | -950.211 | -1.451.453 | -3.559.988 | -8.412.129 | 0,"-3,22% | -6,50% | -9,60% | -20,66% | -38,09% | 0%",,18ddías,13.670.173,14.124.668 | 14.620.384 | 15.121.626 | 17.230.161 | 22.082.302 | 0,
Pellegrino Matarazzo,Real Sociedad,-140.231 | -290.991 | -444.145 | -1.105.613 | -2.557.353 | -1.156.119,"-3,51% | -7,02% | -10,33% | -22,28% | -39,87% | 0%",,21ddías,3.857.007,3.997.238 | 4.147.998 | 4.301.152 | 4.962.620 | 6.414.360 | 0,
Luis García,Sevilla,-20.043 | -42.950 | -68.015 | -170.359 | -393.903 | +51.901,"-2,29% | -4,79% | -7,38% | -16,63% | -31,57% | 0%",,20ddías,854.000,874.043 | 896.950 | 922.015 | 1.024.359 | 1.247.903 | 0,
Carlos Corberán,Valencia,-12.957 | -28.483 | -45.859 | -114.107 | -262.511 | -218.420,"-1,86% | -4,00% | -6,28% | -14,30% | -27,74% | 0%",,23ddías,683.941,696.898 | 712.424 | 729.800 | 798.048 | 946.452 | 0,
Manuel Pellegrini,Betis,-146.927 | -300.923 | -456.248 | -1.107.405 | -2.453.082 | -2.697.232,"-3,29% | -6,51% | -9,55% | -20,40% | -36,21% | 0%",,23ddías,4.321.145,4.468.072 | 4.622.068 | 4.777.393 | 5.428.550 | 6.774.227 | 0,
Diego Simeone,Atlético,-182.075 | -375.645 | -576.439 | -1.383.324 | -2.902.213 | -4.301.151,"-3,08% | -6,16% | -9,15% | -19,46% | -33,64% | 0%",,24ddías,5.725.103,5.907.178 | 6.100.748 | 6.301.542 | 7.108.427 | 8.627.316 | 0,
Amatucci,Deportivo,+192.827 | +515.093 | +729.429 | +1.017.906 | 0 | 0,"+1,50% | +4,12% | +5,93% | +8,48% | 0% | 0%",,6ddías,13.028.381,12.835.554 | 12.513.288 | 12.298.952 | 12.010.475 | 0 | 0,Mediocampista
Marcos,Espanyol,-30.057 | -57.179 | -85.888 | 0 | 0 | 0,"-2,10% | -3,92% | -5,78% | 0% | 0% | 0%",,4ddías,1.400.367,1.430.424 | 1.457.546 | 1.486.255 | 0 | 0 | 0,Delantero
De Haas,Valencia,+74.283 | +213.547 | +318.621 | +730.098 | 0 | 0,"+0,82% | +2,38% | +3,59% | +8,63% | 0% | 0%",,8ddías,9.187.200,9.112.917 | 8.973.653 | 8.868.579 | 8.457.102 | 0 | 0,Defensa
Dieng,Valencia,-102.558 | -204.536 | -306.327 | -718.553 | 0 | 0,"-2,18% | -4,26% | -6,25% | -13,52% | 0% | 0%",,10ddías,4.596.041,4.698.599 | 4.800.577 | 4.902.368 | 5.314.594 | 0 | 0,Mediocampista
Moscardo,Espanyol,-201.095 | -394.755 | -634.704 | -1.605.413 | 0 | 0,"-2,13% | -4,09% | -6,42% | -14,79% | 0% | 0%",,9ddías,9.249.675,9.450.770 | 9.644.430 | 9.884.379 | 10.855.088 | 0 | 0,Mediocampista
Gulacsi,Villarreal,+42.672 | +95.301 | +156.746 | 0 | 0 | 0,"+1,01% | +2,29% | +3,83% | 0% | 0% | 0%",,3ddías,4.252.169,4.209.497 | 4.156.868 | 4.095.423 | 0 | 0 | 0,Portero
Mikel Rodriguez,Alavés,-13.436 | -24.445 | -47.362 | 0 | 0 | 0,"-1,61% | -2,89% | -5,45% | 0% | 0% | 0%",,3ddías,820.959,834.395 | 845.404 | 868.321 | 0 | 0 | 0,Mediocampista
Angeliño,Deportivo,+98.031 | +208.331 | -327.953 | 0 | 0 | 0,"+0,64% | +1,37% | -2,08% | 0% | 0% | 0%",,2ddías,15.410.370,15.312.339 | 15.202.039 | 15.738.323 | 0 | 0 | 0,Defensa
Sazonov,Getafe,-21.466 | -37.209 | -77.492 | 0 | 0 | 0,"-1,72% | -2,95% | -5,95% | 0% | 0% | 0%",,3ddías,1.224.989,1.246.455 | 1.262.198 | 1.302.481 | 0 | 0 | 0,Defensa
Edin Terzic,Athletic,-304.543 | -625.378 | -957.738 | -2.429.753 | -5.681.450 | 0,"-3,78% | -7,46% | -10,99% | -23,85% | -42,27% | 0%",,17ddías,7.757.987,8.062.530 | 8.383.365 | 8.715.725 | 10.187.740 | 13.439.437 | 0,
Mangala,Getafe,-85.030 | -174.221 | -562.362 | 0 | 0 | 0,"-0,78% | -1,58% | -4,93% | 0% | 0% | 0%",,3ddías,10.834.354,10.919.384 | 11.008.575 | 11.396.716 | 0 | 0 | 0,Mediocampista
Andrés García,Getafe,+18.558 | +49.526 | -264.853 | 0 | 0 | 0,"+0,21% | +0,56% | -2,87% | 0% | 0% | 0%",,2ddías,8.961.060,8.942.502 | 8.911.534 | 9.225.913 | 0 | 0 | 0,Mediocampista
Pedro Felipe,Racing,-25.403 | -38.730 | -131.195 | 0 | 0 | 0,"-0,97% | -1,48% | -4,83% | 0% | 0% | 0%",,3ddías,2.582.308,2.607.711 | 2.621.038 | 2.713.503 | 0 | 0 | 0,Defensa
Y. Diomande,Real Madrid,-1.067.390 | -2.290.621 | -5.435.901 | 0 | 0 | 0,"-1,21% | -2,57% | -5,89% | 0% | 0% | 0%",,3ddías,86.823.233,87.890.623 | 89.113.854 | 92.259.134 | 0 | 0 | 0,Delantero
Sangante,Sevilla,-53.744 | -68.302 | -379.130 | 0 | 0 | 0,"-0,61% | -0,78% | -4,16% | 0% | 0% | 0%",,3ddías,8.738.243,8.791.987 | 8.806.545 | 9.117.373 | 0 | 0 | 0,Defensa
Quique Sánchez,Alavés,-20.043 | -42.950 | -68.015 | -170.359 | -393.903 | +51.901,"-2,29% | -4,79% | -7,38% | -16,63% | -31,57% | 0%",,20ddías,854.000,874.043 | 896.950 | 922.015 | 1.024.359 | 1.247.903 | 0,
Lobete,Málaga,-16.733 | -33.482 | -53.312 | -123.599 | -297.129 | -803.142,"-2,11% | -4,14% | -6,44% | -13,76% | -27,73% | -50,91%",,41ddías,774.568,791.301 | 808.050 | 827.880 | 898.167 | 1.071.697 | 1.577.710,Delantero
Juanpe,Málaga,0 | 0 | 0 | 0 | 0 | 0,"0,00% | 0,00% | 0,00% | 0,00% | 0,00% | 0,00%",,37ddías,581.931,581.931 | 581.931 | 581.931 | 581.931 | 581.931 | 581.931,Mediocampista
Kita,R. Sociedad B,0 | 0 | 0 | 0 | 0 | 0,"0,00% | 0,00% | 0,00% | 0,00% | 0,00% | 0,00%",,38ddías,602.234,602.234 | 602.234 | 602.234 | 602.234 | 602.234 | 602.234,Defensa
Antañón,Celta,0 | 0 | 0 | 0 | 0 | 0,"0,00% | 0,00% | 0,00% | 0,00% | 0,00% | 0,00%",,38ddías,581.700,581.700 | 581.700 | 581.700 | 581.700 | 581.700 | 581.700,Mediocampista
Tete Morente,Elche,-39.472 | -80.195 | -129.199 | -340.010 | -772.106 | -2.228.729,"-2,03% | -4,04% | -6,35% | -15,15% | -28,85% | -53,92%",,41ddías,1.904.452,1.943.924 | 1.984.647 | 2.033.651 | 2.244.462 | 2.676.558 | 4.133.181,Delantero
Lookman,Atlético,-777.253 | -1.641.010 | -2.541.648 | -905.189 | +10.840.923 | +26.185.001,"-1,01% | -2,11% | -3,23% | -1,17% | +16,59% | +52,37%",,4ddías,76.185.001,76.962.254 | 77.826.011 | 78.726.649 | 77.090.190 | 65.344.078 | 50.000.000,Delantero
Vargas,Atlético,-12.070 | -26.858 | -43.338 | -123.367 | -279.447 | -817.590,"-1,45% | -3,16% | -5,00% | -13,04% | -25,35% | -49,84%",,41ddías,822.703,834.773 | 849.561 | 866.041 | 946.070 | 1.102.150 | 1.640.293,Mediocampista
Vecino,Celta,-47.515 | -91.753 | -142.658 | -376.805 | -884.433 | -2.538.373,"-2,34% | -4,41% | -6,70% | -15,94% | -30,80% | -56,09%",,41ddías,1.986.837,2.034.352 | 2.078.590 | 2.129.495 | 2.363.642 | 2.871.270 | 4.525.210,Mediocampista
Sangaré,Elche,+12.123 | +41.083 | -90.991 | -232.435 | -232.435 | -232.435,"+0,32% | +1,10% | -2,35% | -5,79% | -5,79% | -5,79%",,2ddías,3.783.066,3.770.943 | 3.741.983 | 3.874.057 | 4.015.501 | 4.015.501 | 4.015.501,Defensa
Lamini Fati,Real Madrid,0 | 0 | 0 | 0 | 0 | 0,"0,00% | 0,00% | 0,00% | 0,00% | 0,00% | 0,00%",,38ddías,677.955,677.955 | 677.955 | 677.955 | 677.955 | 677.955 | 677.955,Defensa
Ochieng,Real Sociedad,0 | 0 | 0 | 0 | 0 | 0,"0,00% | 0,00% | 0,00% | 0,00% | 0,00% | 0,00%",,38ddías,702.633,702.633 | 702.633 | 702.633 | 702.633 | 702.633 | 702.633,Mediocampista
Koski,Alavés,+15.634 | +32.355 | +12.831 | -6.753 | -6.753 | -6.753,"+2,00% | +4,24% | +1,64% | -0,84% | -0,84% | -0,84%",,2ddías,796.336,780.702 | 763.981 | 783.505 | 803.089 | 803.089 | 803.089,Defensa
Morcillo,Elche,0 | 0 | 0 | 0 | 0 | 0,"0,00% | 0,00% | 0,00% | 0,00% | 0,00% | 0,00%",,38ddías,702.702,702.702 | 702.702 | 702.702 | 702.702 | 702.702 | 702.702,Mediocampista
Cubo,Atlético,0 | 0 | 0 | 0 | 0 | 0,"0,00% | 0,00% | 0,00% | 0,00% | 0,00% | 0,00%",,38ddías,602.316,602.316 | 602.316 | 602.316 | 602.316 | 602.316 | 602.316,Delantero
Hugo Ríos,Deportivo,0 | 0 | 0 | 0 | 0 | 0,"0,00% | 0,00% | 0,00% | 0,00% | 0,00% | 0,00%",,38ddías,903.386,903.386 | 903.386 | 903.386 | 903.386 | 903.386 | 903.386,Portero
Puerto,Deportivo,0 | 0 | 0 | -1.446 | -5.512 | -3.599,"0,00% | 0,00% | 0,00% | -0,39% | -1,48% | -0,97%",,4ddías,367.523,367.523 | 367.523 | 367.523 | 368.969 | 373.035 | 371.122,Portero
Germán Parreño,Deportivo,-8.722 | -13.477 | -23.665 | -67.930 | -108.998 | -108.998,"-1,45% | -2,22% | -3,83% | -10,27% | -15,51% | -15,51%",,10ddías,593.635,602.357 | 607.112 | 617.300 | 661.565 | 702.633 | 702.633,Portero
Quagliata,Deportivo,-25.181 | -35.181 | -46.492 | -17.616 | +290.722 | +12.094,"-0,77% | -1,07% | -1,41% | -0,54% | +9,84% | +0,37%",,4ddías,3.244.856,3.270.037 | 3.280.037 | 3.291.348 | 3.262.472 | 2.954.134 | 3.232.762,Defensa
Fidalgo,Betis,-30.441 | -44.347 | -85.573 | -263.104 | -640.820 | -1.657.658,"-1,14% | -1,65% | -3,13% | -9,03% | -19,48% | -38,49%",,38ddías,2.649.407,2.679.848 | 2.693.754 | 2.734.980 | 2.912.511 | 3.290.227 | 4.307.065,Mediocampista
Freeman,Villarreal,-34.833 | -64.462 | -108.758 | -308.203 | -644.706 | -1.718.639,"-1,42% | -2,60% | -4,32% | -11,33% | -21,10% | -41,61%",,41ddías,2.411.337,2.446.170 | 2.475.799 | 2.520.095 | 2.719.540 | 3.056.043 | 4.129.976,Defensa
Teijo,Deportivo,0 | 0 | 0 | 0 | 0 | 0,"0,00% | 0,00% | 0,00% | 0,00% | 0,00% | 0,00%",,38ddías,602.257,602.257 | 602.257 | 602.257 | 602.257 | 602.257 | 602.257,Defensa
Burcio,Celta,0 | 0 | 0 | 0 | 0 | 0,"0,00% | 0,00% | 0,00% | 0,00% | 0,00% | 0,00%",,38ddías,602.257,602.257 | 602.257 | 602.257 | 602.257 | 602.257 | 602.257,Mediocampista
Astiazaran,R. Sociedad B,0 | 0 | 0 | 0 | 0 | 0,"0,00% | 0,00% | 0,00% | 0,00% | 0,00% | 0,00%",,38ddías,602.257,602.257 | 602.257 | 602.257 | 602.257 | 602.257 | 602.257,Mediocampista
Aguirre,R. Sociedad B,0 | 0 | 0 | 0 | 0 | 0,"0,00% | 0,00% | 0,00% | 0,00% | 0,00% | 0,00%",,38ddías,602.257,602.257 | 602.257 | 602.257 | 602.257 | 602.257 | 602.257,Mediocampista
Fontanet,Valencia,0 | 0 | 0 | 0 | 0 | 0,"0,00% | 0,00% | 0,00% | 0,00% | 0,00% | 0,00%",,38ddías,581.987,581.987 | 581.987 | 581.987 | 581.987 | 581.987 | 581.987,Defensa
Gaitán,Villarreal,0 | 0 | 0 | 0 | 0 | 0,"0,00% | 0,00% | 0,00% | 0,00% | 0,00% | 0,00%",,38ddías,602.292,602.292 | 602.292 | 602.292 | 602.292 | 602.292 | 602.292,Mediocampista
Manuel Ángel,Real Madrid,0 | 0 | 0 | 0 | 0 | 0,"0,00% | 0,00% | 0,00% | 0,00% | 0,00% | 0,00%",,38ddías,702.606,702.606 | 702.606 | 702.606 | 702.606 | 702.606 | 702.606,Mediocampista
Julio Díaz,Sevilla,-3.693 | -9.568 | -16.404 | -16.404 | -16.404 | -28.927,"-0,79% | -2,03% | -3,43% | -3,43% | -3,43% | -5,90%",,3ddías,461.586,465.279 | 471.154 | 477.990 | 477.990 | 477.990 | 490.513,Defensa
Álex Sánchez,Elche,0 | 0 | 0 | 0 | 0 | 0,"0,00% | 0,00% | 0,00% | 0,00% | 0,00% | 0,00%",,38ddías,602.324,602.324 | 602.324 | 602.324 | 602.324 | 602.324 | 602.324,Mediocampista
Cepeda,Elche,-3.014 | +1.026 | -4.559 | -47.965 | -186.603 | -724.165,"-0,28% | +0,09% | -0,42% | -4,24% | -14,69% | -40,06%",,1ddías,1.083.351,1.086.365 | 1.082.325 | 1.087.910 | 1.131.316 | 1.269.954 | 1.807.516,Delantero
Satriano,Getafe,-179.304 | -381.225 | -1.490.784 | +26.734.837 | +26.734.837 | +26.734.837,"-0,57% | -1,21% | -4,58% | 0% | 0% | 0%",,3ddías,31.071.263,31.250.567 | 31.452.488 | 32.562.047 | 0 | 0 | 0,Delantero
A. Riquelme,Getafe,0 | 0 | 0 | 0 | 0 | 0,"0,00% | 0,00% | 0,00% | 0,00% | 0,00% | 0,00%",,38ddías,602.324,602.324 | 602.324 | 602.324 | 602.324 | 602.324 | 602.324,Mediocampista
Mesonero,Real Madrid,0 | 0 | 0 | 0 | 0 | 0,"0,00% | 0,00% | 0,00% | 0,00% | 0,00% | 0,00%",,38ddías,702.606,702.606 | 702.606 | 702.606 | 702.606 | 702.606 | 702.606,Mediocampista
Romero,Getafe,+39.763 | -10.017 | -1.000.157 | -2.054.431 | -2.054.431 | -2.054.431,"+0,14% | -0,04% | -3,44% | -6,82% | -6,82% | -6,82%",,1ddías,28.061.835,28.022.072 | 28.071.852 | 29.061.992 | 30.116.266 | 30.116.266 | 30.116.266,Defensa
Boselli,Getafe,-30.313 | -47.071 | -142.216 | -244.067 | -244.067 | -244.067,"-1,13% | -1,75% | -5,09% | -8,43% | -8,43% | -8,43%",,4ddías,2.649.932,2.680.245 | 2.697.003 | 2.792.148 | 2.893.999 | 2.893.999 | 2.893.999,Defensa
Ángel Pérez,Alavés,-62.918 | -132.138 | -210.358 | -621.521 | -1.566.479 | -5.030.711,"-0,94% | -1,96% | -3,09% | -8,61% | -19,19% | -43,26%",,41ddías,6.598.219,6.661.137 | 6.730.357 | 6.808.577 | 7.219.740 | 8.164.698 | 11.628.930,Delantero
Loureiro,Deportivo,-39.452 | -58.842 | -84.300 | -72.655 | -117.523 | -801.844,"-1,05% | -1,56% | -2,22% | -1,92% | -3,07% | -17,75%",,4ddías,3.715.099,3.754.551 | 3.773.941 | 3.799.399 | 3.787.754 | 3.832.622 | 4.516.943,Defensa
Canedo,Deportivo,0 | 0 | 0 | 0 | 0 | 0,"0,00% | 0,00% | 0,00% | 0,00% | 0,00% | 0,00%",,38ddías,602.257,602.257 | 602.257 | 602.257 | 602.257 | 602.257 | 602.257,Defensa
Enríquez,Málaga,-12.525 | -15.861 | -25.062 | -80.145 | -238.292 | -705.159,"-1,50% | -1,90% | -2,96% | -8,90% | -22,51% | -46,23%",,41ddías,820.236,832.761 | 836.097 | 845.298 | 900.381 | 1.058.528 | 1.525.395,Mediocampista
Recio,Málaga,0 | 0 | 0 | 0 | 0 | 0,"0,00% | 0,00% | 0,00% | 0,00% | 0,00% | 0,00%",,37ddías,752.810,752.810 | 752.810 | 752.810 | 752.810 | 752.810 | 752.810,Defensa
Céspedes,Málaga,0 | 0 | 0 | 0 | 0 | 0,"0,00% | 0,00% | 0,00% | 0,00% | 0,00% | 0,00%",,37ddías,401.498,401.498 | 401.498 | 401.498 | 401.498 | 401.498 | 401.498,Portero
Puga,Málaga,-38.510 | -70.185 | -101.085 | -355.351 | -877.352 | -2.690.473,"-0,73% | -1,32% | -1,89% | -6,35% | -14,33% | -33,91%",,36ddías,5.243.145,5.281.655 | 5.313.330 | 5.344.230 | 5.598.496 | 6.120.497 | 7.933.618,Defensa
Murillo,Málaga,-61.001 | -123.667 | -188.525 | -479.857 | -1.059.933 | -2.853.264,"-2,93% | -5,77% | -8,54% | -19,21% | -34,44% | -58,57%",,41ddías,2.017.995,2.078.996 | 2.141.662 | 2.206.520 | 2.497.852 | 3.077.928 | 4.871.259,Defensa
Rafa GarridoRafita,Málaga,0 | 0 | 0 | 0 | 0 | 0,"0,00% | 0,00% | 0,00% | 0,00% | 0,00% | 0,00%",,37ddías,5.018.744,5.018.744 | 5.018.744 | 5.018.744 | 5.018.744 | 5.018.744 | 5.018.744,Defensa
Galilea,Málaga,-23.197 | -24.765 | -39.166 | -364.608 | -364.608 | -364.608,"-0,59% | -0,63% | -0,99% | -8,55% | -8,55% | -8,55%",,7ddías,3.901.324,3.924.521 | 3.926.089 | 3.940.490 | 4.265.932 | 4.265.932 | 4.265.932,Defensa
Dani Sánchez,Málaga,-14.382 | -28.505 | -45.673 | -115.714 | -264.168 | -727.413,"-1,96% | -3,82% | -5,98% | -13,88% | -26,89% | -50,32%",,41ddías,718.142,732.524 | 746.647 | 763.815 | 833.856 | 982.310 | 1.445.555,Defensa
Pastor,Málaga,-140 | -2.314 | -5.782 | -12.794 | -12.794 | -12.794,"-0,04% | -0,61% | -1,51% | -3,29% | -3,29% | -3,29%",,7ddías,376.322,376.462 | 378.636 | 382.104 | 389.116 | 389.116 | 389.116,Defensa
Herrero,Málaga,+124.091 | +247.987 | +377.098 | +1.001.797 | +1.179.532 | +1.911.180,"+1,51% | +3,07% | +4,75% | +13,68% | +16,51% | +29,81%",,9ddías,8.323.282,8.199.191 | 8.075.295 | 7.946.184 | 7.321.485 | 7.143.750 | 6.412.102,Portero
Arriaza,Málaga,0 | 0 | 0 | 0 | 0 | 0,"0,00% | 0,00% | 0,00% | 0,00% | 0,00% | 0,00%",,37ddías,401.498,401.498 | 401.498 | 401.498 | 401.498 | 401.498 | 401.498,Defensa
Moussa,Málaga,0 | 0 | 0 | 0 | 0 | 0,"0,00% | 0,00% | 0,00% | 0,00% | 0,00% | 0,00%",,37ddías,401.498,401.498 | 401.498 | 401.498 | 401.498 | 401.498 | 401.498,Defensa
Merino,Málaga,-63.598 | -100.381 | -155.002 | -387.149 | -881.743 | -2.715.383,"-0,99% | -1,56% | -2,39% | -5,76% | -12,22% | -30,01%",,37ddías,6.331.579,6.395.177 | 6.431.960 | 6.486.581 | 6.718.728 | 7.213.322 | 9.046.962,Mediocampista
Lorenzo,Málaga,+25.329 | +80.285 | +167.323 | +431.828 | +1.323.492 | +290.037,"+0,26% | +0,83% | +1,75% | +4,65% | +15,77% | +3,08%",,16ddías,9.716.466,9.691.137 | 9.636.181 | 9.549.143 | 9.284.638 | 8.392.974 | 9.426.429,Mediocampista
Rafa Rodríguez,Málaga,0 | 0 | 0 | 0 | 0 | 0,"0,00% | 0,00% | 0,00% | 0,00% | 0,00% | 0,00%",,37ddías,6.270.426,6.270.426 | 6.270.426 | 6.270.426 | 6.270.426 | 6.270.426 | 6.270.426,Mediocampista
Ochoa,Málaga,0 | 0 | 0 | 0 | 0 | 0,"0,00% | 0,00% | 0,00% | 0,00% | 0,00% | 0,00%",,37ddías,3.513.040,3.513.040 | 3.513.040 | 3.513.040 | 3.513.040 | 3.513.040 | 3.513.040,Mediocampista
Carlos López,Málaga,-451 | -2.949 | -6.755 | -14.827 | -31.395 | -53.711,"-0,12% | -0,76% | -1,73% | -3,72% | -7,56% | -12,28%",,16ddías,383.785,384.236 | 386.734 | 390.540 | 398.612 | 415.180 | 437.496,Portero
Osorio,Elche,0 | 0 | 0 | 0 | 0 | 0,"0,00% | 0,00% | 0,00% | 0,00% | 0,00% | 0,00%",,37ddías,1.405.425,1.405.425 | 1.405.425 | 1.405.425 | 1.405.425 | 1.405.425 | 1.405.425,Delantero
Samu Fernández,Deportivo,0 | 0 | 0 | 0 | 0 | 0,"0,00% | 0,00% | 0,00% | 0,00% | 0,00% | 0,00%",,38ddías,702.633,702.633 | 702.633 | 702.633 | 702.633 | 702.633 | 702.633,Defensa
Riki,Deportivo,-19.728 | -37.338 | -59.737 | -162.666 | -380.102 | -502.886,"-1,93% | -3,59% | -5,62% | -13,96% | -27,49% | -33,40%",,17ddías,1.002.760,1.022.488 | 1.040.098 | 1.062.497 | 1.165.426 | 1.382.862 | 1.505.646,Mediocampista
Noubi,Deportivo,+233.329 | +513.301 | +738.586 | +1.570.510 | +3.205.588 | +4.341.076,"+1,90% | +4,27% | +6,27% | +14,33% | +34,39% | +53,03%",,23ddías,12.527.150,12.293.821 | 12.013.849 | 11.788.564 | 10.956.640 | 9.321.562 | 8.186.074,Defensa
Comas,Deportivo,-13.948 | -27.011 | -44.912 | -117.209 | -271.204 | -792.423,"-1,93% | -3,68% | -5,97% | -14,21% | -27,70% | -52,82%",,41ddías,707.715,721.663 | 734.726 | 752.627 | 824.924 | 978.919 | 1.500.138,Defensa
Barcia,Deportivo,-19.209 | -39.008 | -63.046 | -179.310 | -419.836 | -1.125.927,"-1,45% | -2,91% | -4,61% | -12,09% | -24,36% | -46,35%",,41ddías,1.303.312,1.322.521 | 1.342.320 | 1.366.358 | 1.482.622 | 1.723.148 | 2.429.239,Defensa
Ximo,Deportivo,+42.242 | +99.855 | +136.100 | -1.129 | -417.987 | -967.877,"+0,77% | +1,83% | +2,51% | -0,02% | -7,00% | -14,83%",,3ddías,5.556.596,5.514.354 | 5.456.741 | 5.420.496 | 5.557.725 | 5.974.583 | 6.524.473,Defensa
Pablo García,Deportivo,0 | 0 | 0 | 0 | -21.966 | -102.004,"0,00% | 0,00% | 0,00% | 0,00% | -4,47% | -17,87%",,8ddías,468.964,468.964 | 468.964 | 468.964 | 468.964 | 490.930 | 570.968,Defensa
Noé Carrillo,Deportivo,0 | 0 | 0 | 0 | 0 | 0,"0,00% | 0,00% | 0,00% | 0,00% | 0,00% | 0,00%",,38ddías,702.633,702.633 | 702.633 | 702.633 | 702.633 | 702.633 | 702.633,Mediocampista
Rubén López,Deportivo,0 | 0 | 0 | 0 | 0 | 0,"0,00% | 0,00% | 0,00% | 0,00% | 0,00% | 0,00%",,38ddías,501.880,501.880 | 501.880 | 501.880 | 501.880 | 501.880 | 501.880,Mediocampista
Eddahchouri,Deportivo,-25.048 | -48.090 | -77.791 | -215.931 | -542.462 | -1.393.648,"-1,33% | -2,53% | -4,02% | -10,42% | -22,62% | -42,89%",,41ddías,1.855.900,1.880.948 | 1.903.990 | 1.933.691 | 2.071.831 | 2.398.362 | 3.249.548,Delantero
Villares,Deportivo,-26.339 | -39.735 | -75.916 | -297.313 | -784.714 | -2.368.133,"-1,05% | -1,57% | -2,96% | -10,66% | -23,96% | -48,74%",,41ddías,2.490.703,2.517.042 | 2.530.438 | 2.566.619 | 2.788.016 | 3.275.417 | 4.858.836,Mediocampista
Jurado,Deportivo,-22.072 | -44.036 | -70.102 | -185.066 | -435.382 | -1.265.570,"-2,15% | -4,20% | -6,53% | -15,57% | -30,26% | -55,78%",,41ddías,1.003.320,1.025.392 | 1.047.356 | 1.073.422 | 1.188.386 | 1.438.702 | 2.268.890,Mediocampista
Mella,Deportivo,+52.261 | +94.816 | +140.866 | +207.750 | -42.347 | -1.009.312,"+1,57% | +2,88% | +4,34% | +6,53% | -1,23% | -22,96%",,6ddías,3.387.499,3.335.238 | 3.292.683 | 3.246.633 | 3.179.749 | 3.429.846 | 4.396.811,Mediocampista
Mario,Deportivo,+360.963 | +718.730 | +1.165.920 | +2.646.872 | +5.219.585 | +9.796.956,"+1,38% | +2,79% | +4,61% | +11,11% | +24,55% | +58,74%",,40ddías,26.476.382,26.115.419 | 25.757.652 | 25.310.462 | 23.829.510 | 21.256.797 | 16.679.426,Mediocampista
Patino,Deportivo,-5.606 | -13.157 | -22.543 | -51.765 | -117.632 | -346.713,"-1,09% | -2,53% | -4,25% | -9,26% | -18,82% | -40,59%",,41ddías,507.500,513.106 | 520.657 | 530.043 | 559.265 | 625.132 | 854.213,Mediocampista
Luismi,Deportivo,+33.996 | +61.236 | +96.017 | +52.941 | -578.508 | -2.858.727,"+0,57% | +1,03% | +1,63% | +0,89% | -8,79% | -32,25%",,3ddías,6.004.343,5.970.347 | 5.943.107 | 5.908.326 | 5.951.402 | 6.582.851 | 8.863.070,Delantero
Bil Nsongo,Deportivo,0 | 0 | 0 | 0 | 0 | 0,"0,00% | 0,00% | 0,00% | 0,00% | 0,00% | 0,00%",,38ddías,6.524.473,6.524.473 | 6.524.473 | 6.524.473 | 6.524.473 | 6.524.473 | 6.524.473,Delantero
Ortiz,Betis,0 | 0 | 0 | 0 | 0 | 0,"0,00% | 0,00% | 0,00% | 0,00% | 0,00% | 0,00%",,38ddías,1.706.372,1.706.372 | 1.706.372 | 1.706.372 | 1.706.372 | 1.706.372 | 1.706.372,Defensa
Febas,Celta,+134.079 | +396.325 | +704.057 | +1.271.350 | -718.435 | -718.435,"+0,55% | +1,65% | +2,97% | +5,50% | -2,86% | -2,86%",,6ddías,24.378.453,24.244.374 | 23.982.128 | 23.674.396 | 23.107.103 | 25.096.888 | 25.096.888,Mediocampista
Niño,Málaga,-68.210 | -136.124 | -201.747 | -273.000 | -396.545 | -1.000.003,"-2,67% | -5,19% | -7,51% | -9,90% | -13,76% | -28,69%",,41ddías,2.485.055,2.553.265 | 2.621.179 | 2.686.802 | 2.758.055 | 2.881.600 | 3.485.058,Delantero
Ibáñez,Alavés,+19.609 | +44.432 | +61.663 | +18.787 | -172.186 | -1.454.710,"+0,60% | +1,37% | +1,91% | +0,57% | -4,98% | -30,67%",,3ddías,3.288.806,3.269.197 | 3.244.374 | 3.227.143 | 3.270.019 | 3.460.992 | 4.743.516,Mediocampista
Kike Barja,Osasuna,-56.211 | -106.538 | -199.008 | -297.468 | -297.468 | -297.468,"-2,19% | -4,07% | -7,34% | -10,58% | -10,58% | -10,58%",,4ddías,2.513.360,2.569.571 | 2.619.898 | 2.712.368 | 2.810.828 | 2.810.828 | 2.810.828,Delantero
Areso,Athletic,+37.759 | +78.322 | +119.868 | +292.712 | +508.812 | -157.536,"+1,33% | +2,79% | +4,34% | +11,31% | +21,45% | -5,18%",,13ddías,2.880.831,2.843.072 | 2.802.509 | 2.760.963 | 2.588.119 | 2.372.019 | 3.038.367,Defensa
Aitor,Osasuna,-5.229 | -7.456 | -14.580 | -30.934 | -89.619 | -285.894,"-1,04% | -1,47% | -2,84% | -5,84% | -15,24% | -36,45%",,6ddías,498.466,503.695 | 505.922 | 513.046 | 529.400 | 588.085 | 784.360,Portero
Rubén GarcíaRubén G.,Osasuna,+103.945 | +306.230 | +445.989 | +843.607 | +47.615 | -2.491.335,"+0,76% | +2,26% | +3,33% | +6,48% | +0,34% | -15,24%",,6ddías,13.858.194,13.754.249 | 13.551.964 | 13.412.205 | 13.014.587 | 13.810.579 | 16.349.529,Mediocampista
Moi Gómez,Osasuna,-25.803 | -49.855 | -82.627 | -227.470 | -593.365 | -1.764.265,"-1,28% | -2,44% | -3,97% | -10,23% | -22,91% | -46,91%",,41ddías,1.996.547,2.022.350 | 2.046.402 | 2.079.174 | 2.224.017 | 2.589.912 | 3.760.812,Mediocampista
Budimir,Osasuna,+562.855 | +1.261.910 | +2.120.121 | +4.081.570 | +2.407.205 | +12.253.663,"+1,12% | +2,54% | +4,34% | +8,70% | +4,96% | 0%",,7ddías,50.978.461,50.415.606 | 49.716.551 | 48.858.340 | 46.896.891 | 48.571.256 | 0,Delantero
Mojica,Getafe,-261.288 | -676.826 | +9.374.086 | +9.374.086 | +9.374.086 | +9.374.086,"-2,18% | -5,46% | 0% | 0% | 0% | 0%",,2ddías,11.722.060,11.983.348 | 12.398.886 | 0 | 0 | 0 | 0,Defensa
Moncayola,Osasuna,+65.569 | +189.487 | +276.055 | +603.635 | +1.207.436 | +1.042.095,"+0,97% | +2,84% | +4,20% | +9,65% | +21,37% | +17,92%",,16ddías,6.856.268,6.790.699 | 6.666.781 | 6.580.213 | 6.252.633 | 5.648.832 | 5.814.173,Mediocampista
Catena,Osasuna,-183.560 | -420.775 | -723.537 | -2.211.110 | -5.648.557 | +115.119,"-0,54% | -1,22% | -2,09% | -6,11% | -14,26% | +0,34%",,17ddías,33.949.160,34.132.720 | 34.369.935 | 34.672.697 | 36.160.270 | 39.597.717 | 33.834.041,Defensa
Herrando,Osasuna,-23.155 | -47.783 | -75.260 | -220.858 | -557.644 | -1.718.162,"-1,37% | -2,78% | -4,31% | -11,67% | -25,01% | -50,69%",,41ddías,1.671.711,1.694.866 | 1.719.494 | 1.746.971 | 1.892.569 | 2.229.355 | 3.389.873,Defensa
Iker Muñoz,Osasuna,-9.293 | -9.243 | -13.116 | -63.989 | -255.352 | -1.065.615,"-0,68% | -0,67% | -0,95% | -4,49% | -15,79% | -43,90%",,1ddías,1.361.877,1.371.170 | 1.371.120 | 1.374.993 | 1.425.866 | 1.617.229 | 2.427.492,Mediocampista
Dimitrievski,Valencia,+291.197 | +679.421 | +1.120.883 | +2.638.831 | +2.352.051 | +2.352.051,"+2,06% | +4,95% | +8,44% | +22,44% | +19,53% | +19,53%",,8ddías,14.397.928,14.106.731 | 13.718.507 | 13.277.045 | 11.759.097 | 12.045.877 | 12.045.877,Portero
Ratiu,Rayo,+150.738 | +246.541 | +143.163 | -638.022 | -3.023.878 | -23.786.279,"+0,43% | +0,70% | +0,40% | -1,76% | -7,83% | 0%",,2ddías,35.597.698,35.446.960 | 35.351.157 | 35.454.535 | 36.235.720 | 38.621.576 | 0,Defensa
Isi,Rayo,+498.955 | +1.224.049 | +1.911.802 | +3.384.981 | +357.986 | +388.387,"+2,65% | +6,77% | +10,98% | +21,25% | +1,89% | +2,05%",,6ddías,19.317.166,18.818.211 | 18.093.117 | 17.405.364 | 15.932.185 | 18.959.180 | 18.928.779,Delantero
Oroz,Osasuna,+207.437 | +284.265 | +402.915 | +975.440 | +850.634 | -2.657.614,"+1,31% | +1,81% | +2,58% | +6,49% | +5,61% | -14,24%",,9ddías,16.006.929,15.799.492 | 15.722.664 | 15.604.014 | 15.031.489 | 15.156.295 | 18.664.543,Mediocampista
Torró,Osasuna,-16.526 | -31.136 | -46.614 | -128.346 | -334.976 | -1.137.983,"-0,67% | -1,25% | -1,85% | -4,95% | -11,96% | -31,57%",,37ddías,2.466.986,2.483.512 | 2.498.122 | 2.513.600 | 2.595.332 | 2.801.962 | 3.604.969,Mediocampista
Cárdenas,Rayo,-7.781 | -11.194 | -21.227 | -66.164 | -157.213 | -475.025,"-1,31% | -1,87% | -3,49% | -10,13% | -21,13% | -44,73%",,41ddías,586.960,594.741 | 598.154 | 608.187 | 653.124 | 744.173 | 1.061.985,Portero
Boyé,Alavés,-227.142 | -507.622 | -814.935 | -2.130.514 | -2.837.361 | -6.305.392,"-1,86% | -4,06% | -6,36% | -15,08% | -19,13% | -34,46%",,37ddías,11.994.121,12.221.263 | 12.501.743 | 12.809.056 | 14.124.635 | 14.831.482 | 18.299.513,Delantero
Soria,Getafe,+495.283 | +1.144.938 | +1.945.818 | +680.366 | +680.366 | +680.366,"+2,54% | +6,08% | +10,79% | +3,53% | +3,53% | +3,53%",,4ddías,19.976.720,19.481.437 | 18.831.782 | 18.030.902 | 19.296.354 | 19.296.354 | 19.296.354,Portero
Diego Rico,Osasuna,0 | 0 | 0 | 0 | 0 | 0,"0,00% | 0,00% | 0,00% | 0,00% | 0,00% | 0,00%",,38ddías,4.918.952,4.918.952 | 4.918.952 | 4.918.952 | 4.918.952 | 4.918.952 | 4.918.952,Defensa
Mayoral,Getafe,-5.637 | -9.327 | -18.251 | -74.031 | -300.110 | -1.057.514,"-0,19% | -0,31% | -0,61% | -2,44% | -9,19% | -26,29%",,41ddías,2.965.368,2.971.005 | 2.974.695 | 2.983.619 | 3.039.399 | 3.265.478 | 4.022.882,Delantero
Iglesias,Sevilla,+96.895 | +171.463 | -239.259 | -740.390 | -740.390 | -740.390,"+0,83% | +1,47% | -1,99% | -5,90% | -5,90% | -5,90%",,2ddías,11.807.962,11.711.067 | 11.636.499 | 12.047.221 | 12.548.352 | 12.548.352 | 12.548.352,Defensa
Herrera,Real Sociedad,-15.775 | -23.567 | -41.293 | -142.110 | -540.138 | -1.946.689,"-0,51% | -0,77% | -1,33% | -4,44% | -15,02% | -38,91%",,38ddías,3.056.483,3.072.258 | 3.080.050 | 3.097.776 | 3.198.593 | 3.596.621 | 5.003.172,Mediocampista
Eric Garcia,Barcelona,-212.790 | -513.116 | -1.023.805 | -3.361.894 | -9.503.044 | -14.693.480,"-0,48% | -1,14% | -2,25% | -7,02% | -17,59% | -24,81%",,17ddías,44.534.752,44.747.542 | 45.047.868 | 45.558.557 | 47.896.646 | 54.037.796 | 59.228.232,Defensa
Miguel Ángel RubioMiguel Rubio,Espanyol,-7.733 | -17.816 | -29.523 | -72.634 | -166.131 | -488.294,"-1,37% | -3,09% | -5,02% | -11,51% | -22,92% | -46,64%",,41ddías,558.551,566.284 | 576.367 | 588.074 | 631.185 | 724.682 | 1.046.845,Defensa
Herrera,Osasuna,-264.216 | -490.516 | -616.058 | +1.169.662 | +7.137.263 | +18.818.374,"-0,66% | -1,22% | -1,53% | +3,04% | +21,98% | +90,54%",,3ddías,39.602.509,39.866.725 | 40.093.025 | 40.218.567 | 38.432.847 | 32.465.246 | 20.784.135,Portero
Villar,Elche,0 | 0 | 0 | 0 | 0 | 0,"0,00% | 0,00% | 0,00% | 0,00% | 0,00% | 0,00%",,38ddías,7.027.127,7.027.127 | 7.027.127 | 7.027.127 | 7.027.127 | 7.027.127 | 7.027.127,Mediocampista
S. Cardona,Villarreal,-6.187 | -448 | -12.340 | -131.949 | -399.740 | -1.051.896,"-0,13% | -0,01% | -0,26% | -2,74% | -7,86% | -18,34%",,1ddías,4.684.635,4.690.822 | 4.685.083 | 4.696.975 | 4.816.584 | 5.084.375 | 5.736.531,Defensa
Javi Muñoz,Getafe,-10.175 | -19.715 | -33.944 | -85.728 | -199.751 | -601.896,"-1,62% | -3,10% | -5,21% | -12,20% | -24,45% | -49,37%",,41ddías,617.177,627.352 | 636.892 | 651.121 | 702.905 | 816.928 | 1.219.073,Mediocampista
Moleiro,Villarreal,+286.278 | +799.462 | +1.515.085 | +6.593.035 | +10.287.142 | -28.659.948,"+0,43% | +1,20% | +2,30% | +10,84% | +18,01% | 0%",,12ddías,67.400.520,67.114.242 | 66.601.058 | 65.885.435 | 60.807.485 | 57.113.378 | 0,Mediocampista
Valles,Betis,+377.781 | +719.181 | +1.312.217 | +4.489.635 | +11.068.811 | +20.073.850,"+1,15% | +2,22% | +4,13% | +15,68% | +50,21% | +153,94%",,40ddías,33.113.508,32.735.727 | 32.394.327 | 31.801.291 | 28.623.873 | 22.044.697 | 13.039.658,Portero
Copete,Valencia,-56.429 | -119.301 | -187.197 | -472.094 | -1.071.661 | -3.013.499,"-2,92% | -5,97% | -9,07% | -20,09% | -36,34% | -61,61%",,41ddías,1.877.657,1.934.086 | 1.996.958 | 2.064.854 | 2.349.751 | 2.949.318 | 4.891.156,Defensa
Nteka,Rayo,-12.634 | -22.466 | -43.452 | -145.001 | -373.081 | -1.117.338,"-1,00% | -1,76% | -3,34% | -10,35% | -22,90% | -47,07%",,41ddías,1.256.338,1.268.972 | 1.278.804 | 1.299.790 | 1.401.339 | 1.629.419 | 2.373.676,Delantero
Unai López,Rayo,+34.080 | +113.918 | +141.833 | +100.423 | -99.341 | -465.073,"+0,58% | +1,97% | +2,46% | +1,73% | -1,65% | -7,29%",,3ddías,5.910.604,5.876.524 | 5.796.686 | 5.768.771 | 5.810.181 | 6.009.945 | 6.375.677,Mediocampista
Aleñá,Alavés,-10.922 | -13.633 | -24.155 | -144.779 | -550.409 | -1.904.677,"-0,28% | -0,35% | -0,62% | -3,60% | -12,42% | -32,92%",,41ddías,3.880.816,3.891.738 | 3.894.449 | 3.904.971 | 4.025.595 | 4.431.225 | 5.785.493,Mediocampista
Barrenetxea,Real Sociedad,-70.257 | -158.930 | -428.152 | -2.129.366 | -6.164.476 | -3.339.250,"-0,21% | -0,48% | -1,29% | -6,09% | -15,80% | -9,22%",,19ddías,32.862.621,32.932.878 | 33.021.551 | 33.290.773 | 34.991.987 | 39.027.097 | 36.201.871,Mediocampista
Mendy,Real Madrid,-14.944 | -22.579 | -41.696 | -117.665 | -283.301 | -853.281,"-2,00% | -2,99% | -5,39% | -13,85% | -27,91% | -53,84%",,41ddías,731.626,746.570 | 754.205 | 773.322 | 849.291 | 1.014.927 | 1.584.907,Defensa
Güler,Real Madrid,+672.291 | +1.484.436 | +1.975.208 | +1.291.422 | -3.479.707 | -16.932.224,"+1,29% | +2,90% | +3,90% | +2,51% | -6,20% | -24,33%",,4ddías,52.651.995,51.979.704 | 51.167.559 | 50.676.787 | 51.360.573 | 56.131.702 | 69.584.219,Mediocampista
Remiro,Real Sociedad,-223.863 | -521.661 | -989.189 | -2.503.102 | +2.140.002 | +17.143.972,"-0,52% | -1,20% | -2,25% | -5,50% | +5,23% | +66,20%",,7ddías,43.040.286,43.264.149 | 43.561.947 | 44.029.475 | 45.543.388 | 40.900.284 | 25.896.314,Portero
Odriozola,Real Sociedad,-9.052 | -13.803 | -26.663 | -74.884 | -179.599 | -543.361,"-1,51% | -2,29% | -4,32% | -11,26% | -23,33% | -47,93%",,41ddías,590.223,599.275 | 604.026 | 616.886 | 665.107 | 769.822 | 1.133.584,Defensa
Aihen,Real Sociedad,-26.267 | -51.194 | -83.432 | -231.025 | -553.739 | -1.609.172,"-1,86% | -3,56% | -5,67% | -14,28% | -28,53% | -53,70%",,41ddías,1.387.278,1.413.545 | 1.438.472 | 1.470.710 | 1.618.303 | 1.941.017 | 2.996.450,Defensa
Zubeldia,Real Sociedad,+109.940 | +209.421 | +286.380 | +277.251 | -148.652 | -2.445.336,"+1,11% | +2,13% | +2,93% | +2,84% | -1,46% | -19,57%",,5ddías,10.047.248,9.937.308 | 9.837.827 | 9.760.868 | 9.769.997 | 10.195.900 | 12.492.584,Defensa
Marín,Real Sociedad,-44.537 | -92.469 | -144.073 | -361.488 | -829.024 | -2.327.049,"-2,79% | -5,62% | -8,49% | -18,89% | -34,82% | -59,99%",,41ddías,1.552.185,1.596.722 | 1.644.654 | 1.696.258 | 1.913.673 | 2.381.209 | 3.879.234,Mediocampista
Brahim,Real Madrid,+82.757 | +164.364 | +94.207 | -850.645 | -2.907.312 | -7.758.110,"+0,78% | +1,56% | +0,89% | -7,38% | -21,41% | -42,10%",,2ddías,10.669.469,10.586.712 | 10.505.105 | 10.575.262 | 11.520.114 | 13.576.781 | 18.427.579,Mediocampista
Oyarzabal,Real Sociedad,-293.623 | -651.451 | -1.349.442 | -3.525.638 | -9.508.260 | -51.505.856,"-0,46% | -1,02% | -2,10% | -5,31% | -13,13% | 0%",,25ddías,62.905.318,63.198.941 | 63.556.769 | 64.254.760 | 66.430.956 | 72.413.578 | 0,Delantero
Zakharyan,Real Sociedad,-19.786 | -39.072 | -63.379 | -177.321 | -425.421 | -1.228.818,"-1,90% | -3,69% | -5,85% | -14,82% | -29,45% | -54,66%",,41ddías,1.019.326,1.039.112 | 1.058.398 | 1.082.705 | 1.196.647 | 1.444.747 | 2.248.144,Mediocampista
Kubo,Real Sociedad,+390.083 | +849.681 | +1.251.075 | +1.871.739 | -1.399.143 | -10.092.088,"+1,65% | +3,66% | +5,49% | +8,44% | -5,50% | -29,57%",,6ddías,24.035.618,23.645.535 | 23.185.937 | 22.784.543 | 22.163.879 | 25.434.761 | 34.127.706,Mediocampista
Olasagasti,Levante,+56.267 | +147.991 | +227.844 | +542.290 | +712.484 | -453.002,"+1,30% | +3,49% | +5,48% | +14,12% | +19,41% | -9,37%",,13ddías,4.382.766,4.326.499 | 4.234.775 | 4.154.922 | 3.840.476 | 3.670.282 | 4.835.768,Mediocampista
Sadiq,Valencia,-67.936 | -122.858 | -207.442 | -926.384 | -2.721.216 | -6.739.554,"-0,99% | -1,77% | -2,96% | -11,98% | -28,56% | -49,75%",,39ddías,6.807.226,6.875.162 | 6.930.084 | 7.014.668 | 7.733.610 | 9.528.442 | 13.546.780,Delantero
Pacheco,Real Sociedad,0 | 0 | 0 | 0 | 0 | 0,"0,00% | 0,00% | 0,00% | 0,00% | 0,00% | 0,00%",,38ddías,4.015.452,4.015.452 | 4.015.452 | 4.015.452 | 4.015.452 | 4.015.452 | 4.015.452,Defensa
Rüdiger,Real Madrid,+234.632 | +423.743 | +353.180 | -279.670 | -2.700.857 | -9.949.535,"+0,85% | +1,54% | +1,28% | -0,99% | -8,81% | -26,24%",,2ddías,27.972.981,27.738.349 | 27.549.238 | 27.619.801 | 28.252.651 | 30.673.838 | 37.922.516,Defensa
Fran García,Betis,0 | 0 | 0 | 0 | 0 | 0,"0,00% | 0,00% | 0,00% | 0,00% | 0,00% | 0,00%",,39ddías,9.591.157,9.591.157 | 9.591.157 | 9.591.157 | 9.591.157 | 9.591.157 | 9.591.157,Defensa
Álvaro García,Rayo,+182.582 | +305.374 | +396.137 | +976.113 | +2.427.252 | +4.882.124,"+1,01% | +1,71% | +2,22% | +5,66% | +15,38% | +36,63%",,25ddías,18.211.353,18.028.771 | 17.905.979 | 17.815.216 | 17.235.240 | 15.784.101 | 13.329.229,Mediocampista
Courtois,Real Madrid,+595.554 | +1.221.528 | +2.119.563 | +4.142.473 | +2.217.971 | +4.561.912,"+0,99% | +2,05% | +3,61% | +7,31% | +3,78% | +8,11%",,6ddías,60.825.268,60.229.714 | 59.603.740 | 58.705.705 | 56.682.795 | 58.607.297 | 56.263.356,Portero
De Frutos,Rayo,-504.190 | -1.040.856 | -1.820.184 | -3.617.179 | +649.701 | +15.007.165,"-1,09% | -2,22% | -3,82% | -7,31% | +1,44% | +48,61%",,6ddías,45.879.388,46.383.578 | 46.920.244 | 47.699.572 | 49.496.567 | 45.229.687 | 30.872.223,Delantero
Balliu,Rayo,+25.714 | +59.241 | +83.670 | +144.721 | +128.978 | -217.181,"+2,73% | +6,51% | +9,45% | +17,56% | +15,36% | -18,31%",,9ddías,968.786,943.072 | 909.545 | 885.116 | 824.065 | 839.808 | 1.185.967,Defensa
Pathé Ciss,Rayo,+78.575 | +199.330 | +327.972 | +779.983 | +1.455.730 | +498.572,"+0,66% | +1,68% | +2,80% | +6,93% | +13,76% | +4,32%",,15ddías,12.033.660,11.955.085 | 11.834.330 | 11.705.688 | 11.253.677 | 10.577.930 | 11.535.088,Mediocampista
Valentín,Rayo,+28.367 | +70.328 | +116.699 | +214.823 | +129.278 | -1.256.711,"+0,78% | +1,96% | +3,30% | +6,24% | +3,67% | -25,59%",,9ddías,3.654.976,3.626.609 | 3.584.648 | 3.538.277 | 3.440.153 | 3.525.698 | 4.911.687,Mediocampista
Lejeune,Rayo,+103.670 | +177.485 | +148.057 | -489.807 | -4.079.019 | -37.666.270,"+0,27% | +0,47% | +0,39% | -1,26% | -9,62% | 0%",,2ddías,38.315.814,38.212.144 | 38.138.329 | 38.167.757 | 38.805.621 | 42.394.833 | 0,Defensa
Camello,Rayo,+9.274 | +25.759 | +20.751 | -25.424 | -177.990 | -1.154.236,"+0,30% | +0,84% | +0,67% | -0,81% | -5,41% | -27,07%",,2ddías,3.109.992,3.100.718 | 3.084.233 | 3.089.241 | 3.135.416 | 3.287.982 | 4.264.228,Delantero
Militão,Real Madrid,-313.308 | -664.322 | -1.052.603 | -2.612.166 | -5.841.211 | -15.908.642,"-2,60% | -5,36% | -8,24% | -18,22% | -33,25% | -57,56%",,41ddías,11.728.483,12.041.791 | 12.392.805 | 12.781.086 | 14.340.649 | 17.569.694 | 27.637.125,Defensa
Tchouaméni,Real Madrid,-403.754 | -893.103 | -1.569.271 | -3.957.539 | -9.379.004 | -17.037.625,"-0,96% | -2,10% | -3,64% | -8,70% | -18,42% | -29,08%",,26ddías,41.544.723,41.948.477 | 42.437.826 | 43.113.994 | 45.502.262 | 50.923.727 | 58.582.348,Mediocampista
Bellingham,Real Madrid,+303.613 | +458.477 | -42.296 | -2.874.499 | -8.387.806 | -43.531.696,"+0,34% | +0,52% | -0,05% | -3,13% | -8,62% | 0%",,2ddías,88.904.293,88.600.680 | 88.445.816 | 88.946.589 | 91.778.792 | 97.292.099 | 0,Mediocampista
Vinicius,Real Madrid,+48.997 | +240.251 | +1.033.726 | +7.708.800 | +3.871.769 | -46.913.204,"+0,05% | +0,22% | +0,97% | +7,72% | +3,73% | 0%",,9ddías,107.583.315,107.534.318 | 107.343.064 | 106.549.589 | 99.874.515 | 103.711.546 | 0,Delantero
Rodrygo,Real Madrid,-55.792 | -130.314 | -199.545 | -510.672 | -1.091.292 | -2.624.881,"-1,84% | -4,20% | -6,29% | -14,66% | -26,85% | -46,89%",,31ddías,2.972.801,3.028.593 | 3.103.115 | 3.172.346 | 3.483.473 | 4.064.093 | 5.597.682,Delantero
Camavinga,Real Madrid,-126.372 | -265.901 | -444.984 | -1.405.130 | -3.598.857 | -9.401.346,"-1,22% | -2,54% | -4,18% | -12,11% | -26,08% | -47,96%",,41ddías,10.199.838,10.326.210 | 10.465.739 | 10.644.822 | 11.604.968 | 13.798.695 | 19.601.184,Mediocampista
Lunin,Real Madrid,-13.799 | -18.149 | -46.612 | -191.044 | -442.003 | -1.242.240,"-0,64% | -0,84% | -2,13% | -8,18% | -17,09% | -36,68%",,41ddías,2.144.162,2.157.961 | 2.162.311 | 2.190.774 | 2.335.206 | 2.586.165 | 3.386.402,Portero
Valou,Getafe,0 | 0 | 0 | 0 | 0 | 0,"0,00% | 0,00% | 0,00% | 0,00% | 0,00% | 0,00%",,38ddías,602.292,602.292 | 602.292 | 602.292 | 602.292 | 602.292 | 602.292,Defensa
Carmona,Sevilla,-19.704 | -27.612 | -41.236 | -168.301 | -471.908 | -1.612.483,"-0,45% | -0,63% | -0,94% | -3,74% | -9,81% | -27,10%",,36ddías,4.337.315,4.357.019 | 4.364.927 | 4.378.551 | 4.505.616 | 4.809.223 | 5.949.798,Defensa
Enes Ünal,Getafe,-162.308 | -599.526 | +10.803.094 | +10.803.094 | +10.803.094 | +10.803.094,"-1,29% | -4,60% | 0% | 0% | 0% | 0%",,2ddías,12.446.259,12.608.567 | 13.045.785 | 0 | 0 | 0 | 0,Delantero
Le Normand,Atlético,+160.456 | +318.930 | +312.809 | -82.074 | -805.444 | -2.862.796,"+1,61% | +3,25% | +3,18% | -0,80% | -7,36% | -22,01%",,2ddías,10.144.161,9.983.705 | 9.825.231 | 9.831.352 | 10.226.235 | 10.949.605 | 13.006.957,Defensa
Yuri,Athletic,-17.998 | -40.347 | -100.174 | -530.710 | -1.963.587 | -5.573.195,"-0,14% | -0,32% | -0,80% | -4,07% | -13,58% | -30,85%",,26ddías,12.494.580,12.512.578 | 12.534.927 | 12.594.754 | 13.025.290 | 14.458.167 | 18.067.775,Defensa
Sancet,Athletic,-680.590 | -1.364.379 | -2.337.382 | -5.135.630 | -271.756 | +15.546.642,"-1,43% | -2,82% | -4,74% | -9,85% | -0,57% | +49,42%",,7ddías,47.005.338,47.685.928 | 48.369.717 | 49.342.720 | 52.140.968 | 47.277.094 | 31.458.696,Mediocampista
I. Williams,Athletic,-107.942 | -251.955 | -493.119 | -1.981.764 | -2.007.353 | +4.442.404,"-0,39% | -0,91% | -1,77% | -6,75% | -6,84% | +19,38%",,10ddías,27.360.660,27.468.602 | 27.612.615 | 27.853.779 | 29.342.424 | 29.368.013 | 22.918.256,Delantero
N. Williams,Athletic,-699.614 | -1.547.232 | -2.687.494 | -8.066.963 | -11.156.459 | +21.841.703,"-1,09% | -2,38% | -4,05% | -11,26% | -14,92% | 0%",,11ddías,63.595.418,64.295.032 | 65.142.650 | 66.282.912 | 71.662.381 | 74.751.877 | 0,Delantero
Guruzeta,Athletic,+178.041 | +288.025 | +431.366 | +1.119.204 | +2.097.838 | +989.324,"+1,31% | +2,13% | +3,23% | +8,83% | +17,95% | +7,73%",,15ddías,13.787.783,13.609.742 | 13.499.758 | 13.356.417 | 12.668.579 | 11.689.945 | 12.798.459,Delantero
Agirrezabala,Racing,+89.261 | -4.832 | -108.360 | -108.360 | -108.360 | -108.360,"+3,29% | -0,17% | -3,72% | -3,72% | -3,72% | -3,72%",,1ddías,2.802.725,2.713.464 | 2.807.557 | 2.911.085 | 2.911.085 | 2.911.085 | 2.911.085,Portero
R. de Galarreta,Athletic,+188.588 | +279.776 | +475.607 | +1.164.689 | +2.079.765 | +898.800,"+1,54% | +2,30% | +3,98% | +10,34% | +20,10% | +7,80%",,16ddías,12.424.943,12.236.355 | 12.145.167 | 11.949.336 | 11.260.254 | 10.345.178 | 11.526.143,Mediocampista
Villalibre,Racing,+79.688 | +213.924 | +310.202 | -277.970 | -277.970 | -277.970,"+1,11% | +3,04% | +4,47% | -3,69% | -3,69% | -3,69%",,3ddías,7.249.976,7.170.288 | 7.036.052 | 6.939.774 | 7.527.946 | 7.527.946 | 7.527.946,Delantero
Yeray,Athletic,+60.927 | +148.020 | +218.441 | +499.489 | +733.779 | -207.381,"+1,31% | +3,24% | +4,86% | +11,86% | +18,45% | -4,22%",,13ddías,4.711.880,4.650.953 | 4.563.860 | 4.493.439 | 4.212.391 | 3.978.101 | 4.919.261,Defensa
Prados,Athletic,-19.776 | -38.962 | -68.248 | -190.357 | -452.398 | -1.315.755,"-1,37% | -2,66% | -4,57% | -11,78% | -24,09% | -48,00%",,41ddías,1.425.623,1.445.399 | 1.464.585 | 1.493.871 | 1.615.980 | 1.878.021 | 2.741.378,Mediocampista
Egiluz,Athletic,-1.708 | -5.515 | -10.685 | -24.806 | -54.654 | -140.819,"-0,41% | -1,31% | -2,52% | -5,65% | -11,66% | -25,38%",,41ddías,413.952,415.660 | 419.467 | 424.637 | 438.758 | 468.606 | 554.771,Defensa
Giménez,Atlético,-80.375 | -155.663 | -260.027 | -705.842 | -1.630.496 | -4.318.225,"-1,72% | -3,28% | -5,36% | -13,32% | -26,20% | -48,45%",,36ddías,4.593.905,4.674.280 | 4.749.568 | 4.853.932 | 5.299.747 | 6.224.401 | 8.912.130,Defensa
Koke,Atlético,-164.074 | -330.767 | -915.324 | -1.536.452 | -1.536.452 | -1.536.452,"-1,00% | -2,00% | -5,34% | -8,65% | -8,65% | -8,65%",,4ddías,16.231.219,16.395.293 | 16.561.986 | 17.146.543 | 17.767.671 | 17.767.671 | 17.767.671,Mediocampista
Oblak,Atlético,-266.104 | -555.108 | -1.074.164 | -3.056.024 | -484.004 | +8.790.655,"-0,51% | -1,05% | -2,01% | -5,52% | -0,92% | +20,19%",,8ddías,52.330.272,52.596.376 | 52.885.380 | 53.404.436 | 55.386.296 | 52.814.276 | 43.539.617,Portero
M. Llorente,Atlético,-420.935 | -917.142 | -1.540.936 | -4.541.085 | -11.342.687 | -10.619.223,"-0,83% | -1,79% | -2,97% | -8,26% | -18,37% | -17,40%",,21ddías,50.412.682,50.833.617 | 51.329.824 | 51.953.618 | 54.953.767 | 61.755.369 | 61.031.905,Defensa
Berenguer,Athletic,-41.657 | -92.072 | -155.605 | -570.817 | -1.391.591 | -3.125.492,"-0,46% | -1,02% | -1,71% | -6,01% | -13,48% | -25,92%",,32ddías,8.930.593,8.972.250 | 9.022.665 | 9.086.198 | 9.501.410 | 10.322.184 | 12.056.085,Delantero
Paredes,Athletic,+75.479 | +195.254 | +335.230 | +696.990 | +937.684 | -266.962,"+1,49% | +3,95% | +6,97% | +15,68% | +22,30% | -4,94%",,13ddías,5.141.603,5.066.124 | 4.946.349 | 4.806.373 | 4.444.613 | 4.203.919 | 5.408.565,Defensa
Barrios,Atlético,+121.497 | +293.487 | -28.142 | -3.314.454 | -12.002.864 | -1.491.983,"+0,29% | +0,71% | -0,07% | -7,36% | -22,33% | -3,45%",,2ddías,41.747.606,41.626.109 | 41.454.119 | 41.775.748 | 45.062.060 | 53.750.470 | 43.239.589,Mediocampista
Kike García,Espanyol,-111.403 | -229.885 | -358.697 | -897.505 | -1.867.587 | -4.201.763,"-3,08% | -6,15% | -9,27% | -20,37% | -34,74% | -54,49%",,39ddías,3.509.051,3.620.454 | 3.738.936 | 3.867.748 | 4.406.556 | 5.376.638 | 7.710.814,Delantero
Gorosabel,Athletic,-35.941 | -69.779 | -119.331 | -391.422 | -1.015.278 | -2.691.615,"-1,55% | -2,97% | -4,98% | -14,67% | -30,84% | -54,18%",,41ddías,2.276.633,2.312.574 | 2.346.412 | 2.395.964 | 2.668.055 | 3.291.911 | 4.968.248,Defensa
Abqar,Getafe,+129.874 | +273.489 | +424.522 | +1.024.990 | +2.059.777 | +1.687.792,"+1,84% | +3,96% | +6,29% | +16,66% | +40,25% | +30,75%",,20ddías,7.177.243,7.047.369 | 6.903.754 | 6.752.721 | 6.152.253 | 5.117.466 | 5.489.451,Defensa
Guevara,Alavés,-19.114 | -37.050 | -56.548 | -154.021 | -383.203 | -1.160.805,"-1,69% | -3,23% | -4,84% | -12,17% | -25,64% | -51,09%",,41ddías,1.111.411,1.130.525 | 1.148.461 | 1.167.959 | 1.265.432 | 1.494.614 | 2.272.216,Mediocampista
Blanco,Alavés,+22.980 | +42.401 | +8.518 | -296.540 | -1.437.813 | -5.540.432,"+0,15% | +0,28% | +0,06% | -1,94% | -8,76% | -27,01%",,2ddías,14.970.656,14.947.676 | 14.928.255 | 14.962.138 | 15.267.196 | 16.408.469 | 20.511.088,Mediocampista
Rioja,Valencia,-378.209 | -784.857 | -1.216.925 | -3.056.042 | -6.001.374 | -10.228.051,"-3,00% | -6,03% | -9,05% | -19,99% | -32,92% | -45,54%",,41ddías,12.229.053,12.607.262 | 13.013.910 | 13.445.978 | 15.285.095 | 18.230.427 | 22.457.104,Mediocampista
Tenaglia,Alavés,+76.769 | +127.980 | +129.271 | +888 | -378.532 | -2.366.502,"+0,53% | +0,89% | +0,90% | +0,01% | -2,55% | -14,05%",,3ddías,14.472.093,14.395.324 | 14.344.113 | 14.342.822 | 14.471.205 | 14.850.625 | 16.838.595,Defensa
Guridi,Sevilla,+61.149 | +164.263 | -903 | -170.780 | -170.780 | -170.780,"+1,28% | +3,51% | -0,02% | -3,40% | -3,40% | -3,40%",,2ddías,4.848.535,4.787.386 | 4.684.272 | 4.849.438 | 5.019.315 | 5.019.315 | 5.019.315,Mediocampista
Vivian,Athletic,-307.392 | -620.668 | -971.977 | -2.427.264 | -5.279.352 | -12.658.427,"-2,84% | -5,57% | -8,46% | -18,76% | -33,43% | -54,63%",,30ddías,10.512.541,10.819.933 | 11.133.209 | 11.484.518 | 12.939.805 | 15.791.893 | 23.170.968,Defensa
Rebbach,Alavés,-64.737 | -120.353 | -201.700 | -549.793 | -1.162.361 | -3.202.571,"-1,72% | -3,16% | -5,18% | -12,97% | -23,96% | -46,47%",,39ddías,3.689.064,3.753.801 | 3.809.417 | 3.890.764 | 4.238.857 | 4.851.425 | 6.891.635,Delantero
Carlos BenavidezProtesoni,Alavés,-57.795 | -111.756 | -210.965 | -312.587 | -312.587 | -312.587,"-2,10% | -3,98% | -7,25% | -10,38% | -10,38% | -10,38%",,4ddías,2.699.001,2.756.796 | 2.810.757 | 2.909.966 | 3.011.588 | 3.011.588 | 3.011.588,Mediocampista
Owono,Alavés,-14.509 | -29.927 | -57.186 | +109.607 | +109.607 | +109.607,"-1,55% | -3,15% | -5,85% | 0% | 0% | 0%",,3ddías,919.675,934.184 | 949.602 | 976.861 | 0 | 0 | 0,Portero
Adrián,Alavés,-27.002 | -57.157 | -619.208 | -619.208 | -619.208 | -619.208,"-2,58% | -5,30% | 0% | 0% | 0% | 0%",,2ddías,1.021.007,1.048.009 | 1.078.164 | 0 | 0 | 0 | 0,Portero
Pubill,Atlético,-847.127 | -1.832.264 | -2.994.362 | -8.321.875 | -14.352.695 | +7.062.765,"-1,42% | -3,02% | -4,85% | -12,40% | -19,62% | +13,66%",,12ddías,58.782.961,59.630.088 | 60.615.225 | 61.777.323 | 67.104.836 | 73.135.656 | 51.720.196,Defensa
Unai Simón,Athletic,-437.798 | -1.007.743 | -1.716.204 | -5.219.535 | -320.532 | +25.196.294,"-0,80% | -1,83% | -3,08% | -8,81% | -0,59% | +87,38%",,8ddías,54.032.285,54.470.083 | 55.040.028 | 55.748.489 | 59.251.820 | 54.352.817 | 28.835.991,Portero
Galán,Celta,-305.307 | -624.613 | -949.976 | -2.101.685 | -2.101.685 | -2.101.685,"-2,41% | -4,81% | -7,13% | -14,52% | -14,52% | -14,52%",,6ddías,12.374.144,12.679.451 | 12.998.757 | 13.324.120 | 14.475.829 | 14.475.829 | 14.475.829,Defensa
Riquelme,Betis,+92.359 | +223.410 | +341.114 | +673.472 | +586.260 | -444.758,"+2,31% | +5,78% | +9,10% | +19,71% | +16,73% | -9,81%",,9ddías,4.089.871,3.997.512 | 3.866.461 | 3.748.757 | 3.416.399 | 3.503.611 | 4.534.629,Mediocampista
Djené,Getafe,+187.781 | +443.284 | +787.339 | +221.055 | +221.055 | +221.055,"+2,22% | +5,40% | +10,01% | +2,62% | +2,62% | +2,62%",,3ddías,8.653.547,8.465.766 | 8.210.263 | 7.866.208 | 8.432.492 | 8.432.492 | 8.432.492,Defensa
U. Núñez,Espanyol,+38.315 | +78.556 | +102.068 | -2.465 | -516.871 | -1.344.837,"+1,05% | +2,18% | +2,86% | -0,07% | -12,33% | -26,79%",,3ddías,3.674.277,3.635.962 | 3.595.721 | 3.572.209 | 3.676.742 | 4.191.148 | 5.019.114,Defensa
Marc Roca,Betis,+53.667 | +81.691 | +134.153 | +394.267 | +801.383 | +198.051,"+1,00% | +1,53% | +2,55% | +7,87% | +17,41% | +3,80%",,15ddías,5.403.735,5.350.068 | 5.322.044 | 5.269.582 | 5.009.468 | 4.602.352 | 5.205.684,Mediocampista
Isco,Betis,-270.328 | -678.905 | -1.164.511 | -3.158.215 | -9.648.321 | +44.006.691,"-0,49% | -1,22% | -2,08% | -5,44% | -14,95% | 0%",,25ddías,54.899.202,55.169.530 | 55.578.107 | 56.063.713 | 58.057.417 | 64.547.523 | 0,Mediocampista
Ruibal,Betis,-67.092 | -136.452 | -213.188 | -537.870 | -1.222.717 | -3.438.671,"-2,86% | -5,65% | -8,56% | -19,10% | -34,92% | -60,15%",,41ddías,2.278.452,2.345.544 | 2.414.904 | 2.491.640 | 2.816.322 | 3.501.169 | 5.717.123,Delantero
Navarro,Athletic,+19.066 | +36.753 | +52.930 | +54.132 | -45.157 | -608.544,"+0,90% | +1,76% | +2,55% | +2,61% | -2,08% | -22,21%",,6ddías,2.130.868,2.111.802 | 2.094.115 | 2.077.938 | 2.076.736 | 2.176.025 | 2.739.412,Mediocampista
Chust,Elche,-16.374 | -178.638 | -356.373 | -356.373 | -356.373 | -356.373,"-0,35% | -3,69% | -7,10% | -7,10% | -7,10% | -7,10%",,3ddías,4.663.003,4.679.377 | 4.841.641 | 5.019.376 | 5.019.376 | 5.019.376 | 5.019.376,Defensa
Starfelt,Celta,+135.460 | +238.921 | +410.487 | +1.257.726 | +3.236.769 | +3.219.838,"+0,98% | +1,74% | +3,02% | +9,88% | +30,12% | +29,91%",,18ddías,13.983.235,13.847.775 | 13.744.314 | 13.572.748 | 12.725.509 | 10.746.466 | 10.763.397,Defensa
Dotor,Málaga,-98.455 | -194.392 | -326.442 | -466.119 | -466.119 | -461.716,"-2,70% | -5,19% | -8,42% | -11,61% | -11,61% | 0%",,4ddías,3.548.785,3.647.240 | 3.743.177 | 3.875.227 | 4.014.904 | 4.014.904 | 0,Mediocampista
Bartra,Betis,-38.175 | +26.021 | +86.883 | +937.827 | +2.931.142 | +7.896.909,"-0,14% | +0,09% | +0,31% | +3,48% | +11,75% | +39,51%",,1ddías,27.886.319,27.924.494 | 27.860.298 | 27.799.436 | 26.948.492 | 24.955.177 | 19.989.410,Defensa
Carles Pérez,Celta,-29.442 | -60.364 | -95.484 | -250.650 | -578.717 | -449.945,"-2,45% | -4,89% | -7,52% | -17,59% | -33,02% | 0%",,18ddías,1.174.121,1.203.563 | 1.234.485 | 1.269.605 | 1.424.771 | 1.752.838 | 0,Delantero
Aspas,Celta,-40.714 | -80.313 | -181.044 | -652.265 | -1.529.227 | -3.966.043,"-0,57% | -1,11% | -2,47% | -8,35% | -17,60% | -35,65%",,35ddías,7.158.101,7.198.815 | 7.238.414 | 7.339.145 | 7.810.366 | 8.687.328 | 11.124.144,Delantero
Iván Villar,Celta,-14.449 | -32.823 | -46.903 | -131.237 | -310.076 | -937.164,"-1,48% | -3,29% | -4,64% | -11,98% | -24,34% | -49,29%",,41ddías,963.997,978.446 | 996.820 | 1.010.900 | 1.095.234 | 1.274.073 | 1.901.161,Portero
Swedberg,Celta,-31.738 | -27.248 | -72.303 | -382.516 | -1.063.391 | -3.566.414,"-0,39% | -0,34% | -0,89% | -4,55% | -11,69% | -30,75%",,1ddías,8.032.504,8.064.242 | 8.059.752 | 8.104.807 | 8.415.020 | 9.095.895 | 11.598.918,Mediocampista
Miguel,Alavés,-85.050 | -197.065 | +2.465.482 | +2.465.482 | +2.465.482 | +2.465.482,"-2,63% | -5,90% | 0% | 0% | 0% | 0%",,2ddías,3.145.243,3.230.293 | 3.342.308 | 0 | 0 | 0 | 0,Delantero
Sotelo,Levante,0 | 0 | 0 | 0 | 0 | -285.112,"0,00% | 0,00% | 0,00% | 0,00% | 0,00% | -17,09%",,16ddías,1.382.803,1.382.803 | 1.382.803 | 1.382.803 | 1.382.803 | 1.382.803 | 1.667.915,Mediocampista
Juan Cruz,Málaga,-82.628 | -156.341 | -711.391 | -4.398.811 | -4.398.811 | -4.398.811,"-0,53% | -0,99% | -4,37% | 0% | 0% | 0%",,3ddías,15.569.632,15.652.260 | 15.725.973 | 16.281.023 | 0 | 0 | 0,Mediocampista
Ayoze,Villarreal,+307.669 | +580.703 | +930.752 | +1.411.865 | +637.035 | -1.437.927,"+1,81% | +3,46% | +5,67% | +8,86% | +3,81% | -7,65%",,6ddías,17.352.024,17.044.355 | 16.771.321 | 16.421.272 | 15.940.159 | 16.714.989 | 18.789.951,Delantero
Balde,Barcelona,+205.667 | +401.217 | +394.348 | -380.993 | -3.600.378 | +990.164,"+0,89% | +1,75% | +1,72% | -1,61% | -13,39% | +4,44%",,2ddías,23.283.990,23.078.323 | 22.882.773 | 22.889.642 | 23.664.983 | 26.884.368 | 22.293.826,Defensa
Koundé,Barcelona,-433.174 | -933.706 | -1.647.483 | -4.501.855 | -10.521.581 | -3.326.716,"-1,05% | -2,23% | -3,87% | -9,90% | -20,44% | -7,51%",,17ddías,40.955.364,41.388.538 | 41.889.070 | 42.602.847 | 45.457.219 | 51.476.945 | 44.282.080,Defensa
Gavi,Barcelona,-581.885 | -1.261.937 | -2.040.880 | -5.318.018 | -5.509.073 | +4.676.035,"-1,78% | -3,78% | -5,98% | -14,21% | -14,64% | +17,04%",,10ddías,32.111.326,32.693.211 | 33.373.263 | 34.152.206 | 37.429.344 | 37.620.399 | 27.435.291,Mediocampista
Pedri,Barcelona,+290.705 | +574.008 | +309.823 | -2.133.497 | -8.409.451 | -89.969.976,"+0,33% | +0,65% | +0,35% | -2,35% | -8,67% | 0%",,2ddías,88.567.616,88.276.911 | 87.993.608 | 88.257.793 | 90.701.113 | 96.977.067 | 0,Mediocampista
Raphinha,Barcelona,+1.377.828 | +3.174.945 | +5.816.991 | +14.747.881 | +12.828.818 | -12.697.251,"+1,65% | +3,89% | +7,36% | +21,03% | +17,80% | -13,01%",,9ddías,84.888.364,83.510.536 | 81.713.419 | 79.071.373 | 70.140.483 | 72.059.546 | 97.585.615,Delantero
A. Christensen,Barcelona,0 | 0 | 0 | 0 | 0 | 0,"0,00% | 0,00% | 0,00% | 0,00% | 0,00% | 0,00%",,38ddías,5.019.340,5.019.340 | 5.019.340 | 5.019.340 | 5.019.340 | 5.019.340 | 5.019.340,Defensa
M. Alonso,Celta,-132.469 | -203.055 | -340.274 | -1.573.240 | -42.509.145 | -42.509.145,"-0,45% | -0,69% | -1,15% | -5,11% | 0% | 0%",,9ddías,29.194.974,29.327.443 | 29.398.029 | 29.535.248 | 30.768.214 | 0 | 0,Defensa
F. de Jong,Barcelona,-817.111 | -1.706.111 | -2.642.453 | -6.620.812 | -14.604.231 | -18.718.926,"-3,05% | -6,17% | -9,24% | -20,33% | -36,01% | -41,90%",,17ddías,25.953.214,26.770.325 | 27.659.325 | 28.595.667 | 32.574.026 | 40.557.445 | 44.672.140,Mediocampista
Yamal,Barcelona,-683.984 | -986.203 | -1.657.162 | -2.217.585 | -3.401.143 | +55.826.138,"-0,54% | -0,78% | -1,30% | -1,73% | -2,63% | 0%",,5ddías,126.122.321,126.806.305 | 127.108.524 | 127.779.483 | 128.339.906 | 129.523.464 | 0,Delantero
Iglesias,Celta,-189.590 | -424.791 | -722.240 | -2.327.679 | -5.623.599 | +2.171.025,"-0,70% | -1,56% | -2,62% | -7,98% | -17,32% | +8,80%",,14ddías,26.847.444,27.037.034 | 27.272.235 | 27.569.684 | 29.175.123 | 32.471.043 | 24.676.419,Delantero
Casadó,Barcelona,-15.320 | -31.116 | -56.052 | -178.909 | -354.108 | -781.182,"-0,89% | -1,78% | -3,16% | -9,44% | -17,11% | -31,29%",,41ddías,1.715.638,1.730.958 | 1.746.754 | 1.771.690 | 1.894.547 | 2.069.746 | 2.496.820,Mediocampista
Cubarsí,Barcelona,-403.417 | -1.096.112 | -2.334.302 | -7.544.983 | -18.487.919 | -193.162,"-0,52% | -1,39% | -2,92% | -8,87% | -19,26% | -0,25%",,17ddías,77.521.144,77.924.561 | 78.617.256 | 79.855.446 | 85.066.127 | 96.009.063 | 77.714.306,Defensa
Fermín,Barcelona,+1.097.157 | +2.549.057 | +3.997.829 | +6.158.857 | +1.396.602 | -20.858.372,"+1,71% | +4,06% | +6,52% | +10,42% | +2,19% | -24,22%",,6ddías,65.274.794,64.177.637 | 62.725.737 | 61.276.965 | 59.115.937 | 63.878.192 | 86.133.166,Mediocampista
Bellerín,Betis,+230.773 | +573.301 | +831.761 | +1.828.389 | +3.631.595 | +3.463.035,"+1,64% | +4,18% | +6,18% | +14,67% | +34,07% | +31,98%",,18ddías,14.291.460,14.060.687 | 13.718.159 | 13.459.699 | 12.463.071 | 10.659.865 | 10.828.425,Defensa
Guido,Valencia,-174.094 | -304.409 | -493.736 | -1.544.387 | +23.636.481 | +23.636.481,"-0,68% | -1,18% | -1,89% | -5,70% | 0% | 0%",,9ddías,25.562.022,25.736.116 | 25.866.431 | 26.055.758 | 27.106.409 | 0 | 0,Mediocampista
Abde,Betis,-886.201 | -1.935.602 | -3.076.229 | -8.151.509 | -18.690.928 | -87.486.490,"-1,96% | -4,18% | -6,48% | -15,51% | -29,63% | 0%",,25ddías,44.395.627,45.281.828 | 46.331.229 | 47.471.856 | 52.547.136 | 63.086.555 | 0,Delantero
Turrientes,Real Sociedad,+72.254 | +166.206 | +220.797 | +318.226 | -367.669 | -2.460.200,"+1,02% | +2,38% | +3,19% | +4,67% | -4,90% | -25,64%",,6ddías,7.136.043,7.063.789 | 6.969.837 | 6.915.246 | 6.817.817 | 7.503.712 | 9.596.243,Mediocampista
Valverde,Real Madrid,+181.025 | +44.974 | -412.910 | -2.888.170 | -7.115.858 | -23.735.740,"+0,26% | +0,07% | -0,59% | -4,02% | -9,34% | -25,59%",,1ddías,69.031.659,68.850.634 | 68.986.685 | 69.444.569 | 71.919.829 | 76.147.517 | 92.767.399,Mediocampista
Marrero,Real Sociedad,-20.484 | -38.427 | -59.524 | -170.485 | -387.769 | -1.157.360,"-1,79% | -3,30% | -5,03% | -13,16% | -25,64% | -50,71%",,41ddías,1.124.857,1.145.341 | 1.163.284 | 1.184.381 | 1.295.342 | 1.512.626 | 2.282.217,Portero
Musso,Atlético,-71.915 | -146.268 | -247.664 | -678.023 | -1.502.524 | -3.903.333,"-1,60% | -3,20% | -5,30% | -13,29% | -25,36% | -46,88%",,41ddías,4.422.796,4.494.711 | 4.569.064 | 4.670.460 | 5.100.819 | 5.925.320 | 8.326.129,Portero
Fraga,Real Sociedad,0 | 0 | 0 | 0 | 0 | 0,"0,00% | 0,00% | 0,00% | 0,00% | 0,00% | 0,00%",,38ddías,602.234,602.234 | 602.234 | 602.234 | 602.234 | 602.234 | 602.234,Portero
Ferrer,Getafe,0 | 0 | 0 | 0 | 0 | 0,"0,00% | 0,00% | 0,00% | 0,00% | 0,00% | 0,00%",,38ddías,702.705,702.705 | 702.705 | 702.705 | 702.705 | 702.705 | 702.705,Portero
Leo Román,Deportivo,+357.022 | +942.154 | +1.641.355 | +4.322.642 | +11.036.557 | +34.961.259,"+0,98% | +2,63% | +4,66% | +13,30% | +42,79% | 0%",,17ddías,36.829.681,36.472.659 | 35.887.527 | 35.188.326 | 32.507.039 | 25.793.124 | 0,Portero
Benito,Osasuna,-6.847 | -16.008 | -26.754 | -65.605 | -149.746 | -437.227,"-1,26% | -2,89% | -4,74% | -10,88% | -21,80% | -44,87%",,41ddías,537.305,544.152 | 553.313 | 564.059 | 602.910 | 687.051 | 974.532,Delantero
Mario Martín,Getafe,+74.534 | +163.483 | +31.509 | -109.506 | -109.506 | -109.506,"+1,95% | +4,37% | +0,81% | -2,73% | -2,73% | -2,73%",,2ddías,3.905.966,3.831.432 | 3.742.483 | 3.874.457 | 4.015.472 | 4.015.472 | 4.015.472,Mediocampista
Olmo,Barcelona,-518.282 | -1.139.200 | -2.018.883 | -5.275.541 | -13.588.505 | -42.103.116,"-0,82% | -1,79% | -3,14% | -7,80% | -17,89% | 0%",,25ddías,62.376.614,62.894.896 | 63.515.814 | 64.395.497 | 67.652.155 | 75.965.119 | 0,Mediocampista
Toni Martinez,Alavés,+26.390 | +35.959 | -82.509 | -590.079 | -2.349.556 | -9.949.872,"+0,11% | +0,14% | -0,33% | -2,30% | -8,58% | -28,43%",,2ddías,25.050.128,25.023.738 | 25.014.169 | 25.132.637 | 25.640.207 | 27.399.684 | 35.000.000,Delantero
Padilla,Athletic,0 | 0 | 0 | 0 | 0 | 0,"0,00% | 0,00% | 0,00% | 0,00% | 0,00% | 0,00%",,38ddías,1.505.588,1.505.588 | 1.505.588 | 1.505.588 | 1.505.588 | 1.505.588 | 1.505.588,Portero
Martín,Barcelona,+470.012 | +1.072.015 | +1.911.010 | +5.233.448 | +5.255.077 | +5.255.077,"+1,33% | +3,09% | +5,64% | +17,14% | +17,22% | +17,22%",,11ddías,35.772.673,35.302.661 | 34.700.658 | 33.861.663 | 30.539.225 | 30.517.596 | 30.517.596,Defensa
Bernal,Barcelona,+244.292 | +514.211 | +792.498 | +1.833.842 | +3.707.863 | +3.533.239,"+3,54% | +7,75% | +12,47% | +34,51% | +107,81% | +97,77%",,15ddías,7.147.163,6.902.871 | 6.632.952 | 6.354.665 | 5.313.321 | 3.439.300 | 3.613.924,Mediocampista
Natan,Betis,-575.326 | -1.140.414 | -1.821.765 | -3.760.304 | -122.681 | +10.690.244,"-1,42% | -2,78% | -4,37% | -8,63% | -0,31% | +36,69%",,7ddías,39.829.866,40.405.192 | 40.970.280 | 41.651.631 | 43.590.170 | 39.952.547 | 29.139.622,Defensa
Durán,Celta,-26.695 | -51.733 | -82.042 | -214.756 | -489.160 | -1.326.484,"-2,55% | -4,83% | -7,45% | -17,40% | -32,42% | -56,54%",,41ddías,1.019.795,1.046.490 | 1.071.528 | 1.101.837 | 1.234.551 | 1.508.955 | 2.346.279,Delantero
Javi Rodríguez,Celta,-216.062 | -540.590 | -894.919 | -894.919 | -894.919 | -894.919,"-2,31% | -5,58% | -8,92% | -8,92% | -8,92% | -8,92%",,3ddías,9.142.733,9.358.795 | 9.683.323 | 10.037.652 | 10.037.652 | 10.037.652 | 10.037.652,Defensa
Hugo Álvarez,Celta,-25.057 | -61.466 | -100.038 | -264.262 | -712.982 | -2.319.583,"-0,83% | -2,02% | -3,25% | -8,15% | -19,31% | -43,78%",,41ddías,2.978.796,3.003.853 | 3.040.262 | 3.078.834 | 3.243.058 | 3.691.778 | 5.298.379,Mediocampista
Jauregizar,Athletic,+77.090 | +182.714 | +366.381 | +1.533.690 | +3.957.720 | +10.671.439,"+0,27% | +0,65% | +1,31% | +5,73% | +16,24% | +60,46%",,40ddías,28.320.536,28.243.446 | 28.137.822 | 27.954.155 | 26.786.846 | 24.362.816 | 17.649.097,Mediocampista
Alvarez,Atlético,+116.789 | +429.198 | +798.843 | +1.027.643 | -2.788.856 | +22.458.534,"+0,17% | +0,61% | +1,15% | +1,48% | -3,80% | 0%",,5ddías,70.546.928,70.430.139 | 70.117.730 | 69.748.085 | 69.519.285 | 73.335.784 | 0,Delantero
Jon Martín,Real Sociedad,0 | 0 | 0 | 0 | 0 | 0,"0,00% | 0,00% | 0,00% | 0,00% | 0,00% | 0,00%",,38ddías,30.111.790,30.111.790 | 30.111.790 | 30.111.790 | 30.111.790 | 30.111.790 | 30.111.790,Defensa
D. Llorente,Betis,+114.617 | +236.046 | +313.384 | +1.022.597 | +2.740.416 | +4.293.735,"+0,87% | +1,81% | +2,42% | +8,36% | +26,07% | +47,93%",,25ddías,13.251.307,13.136.690 | 13.015.261 | 12.937.923 | 12.228.710 | 10.510.891 | 8.957.572,Defensa
Kambwala,Villarreal,-17.713 | -34.739 | -56.915 | -156.960 | -377.467 | -1.142.138,"-1,53% | -2,96% | -4,76% | -12,11% | -24,89% | -50,07%",,41ddías,1.138.833,1.156.546 | 1.173.572 | 1.195.748 | 1.295.793 | 1.516.300 | 2.280.971,Defensa
Andrés Martín,Racing,-112.404 | -216.311 | -339.466 | -1.108.036 | -3.295.636 | -8.515.549,"-0,59% | -1,13% | -1,75% | -5,51% | -14,78% | -30,94%",,32ddías,19.005.850,19.118.254 | 19.222.161 | 19.345.316 | 20.113.886 | 22.301.486 | 27.521.399,Delantero
Danjuma,Valencia,+35.028 | +84.604 | +125.193 | +426.575 | +840.857 | -94.254,"+0,68% | +1,65% | +2,47% | +8,94% | +19,29% | -1,78%",,13ddías,5.200.454,5.165.426 | 5.115.850 | 5.075.261 | 4.773.879 | 4.359.597 | 5.294.708,Delantero
Pépé,Villarreal,+594.812 | +1.162.135 | +1.547.505 | +755.212 | -4.040.134 | -41.278.119,"+1,19% | +2,35% | +3,15% | +1,51% | -7,38% | 0%",,3ddías,50.686.818,50.092.006 | 49.524.683 | 49.139.313 | 49.931.606 | 54.726.952 | 0,Delantero
Pape Gueye,Villarreal,+155.939 | +488.271 | +1.001.549 | +3.701.501 | +9.433.783 | +3.486.503,"+0,32% | +1,00% | +2,08% | +8,15% | +23,77% | +7,64%",,16ddías,49.124.222,48.968.283 | 48.635.951 | 48.122.673 | 45.422.721 | 39.690.439 | 45.637.719,Mediocampista
Losada,Betis,0 | 0 | 0 | 0 | 0 | 0,"0,00% | 0,00% | 0,00% | 0,00% | 0,00% | 0,00%",,38ddías,2.509.378,2.509.378 | 2.509.378 | 2.509.378 | 2.509.378 | 2.509.378 | 2.509.378,Delantero
Bretones,Osasuna,+92.557 | +196.894 | +337.309 | +822.432 | +1.613.919 | +1.845.836,"+2,45% | +5,37% | +9,56% | +27,03% | +71,71% | +91,44%",,23ddías,3.864.534,3.771.977 | 3.667.640 | 3.527.225 | 3.042.102 | 2.250.615 | 2.018.698,Defensa
Uche,Getafe,-671.710 | -1.386.599 | -2.147.231 | -5.340.477 | +7.711.086 | +7.711.086,"-3,19% | -6,36% | -9,52% | -20,74% | 0% | 0%",,9ddías,20.405.835,21.077.545 | 21.792.434 | 22.553.066 | 25.746.312 | 0 | 0,Delantero
Pedro Díaz,Rayo,-21.991 | -41.077 | -68.415 | -194.757 | -386.183 | -1.215.503,"-1,23% | -2,28% | -3,74% | -9,96% | -17,98% | -40,83%",,42ddías,1.761.250,1.783.241 | 1.802.327 | 1.829.665 | 1.956.007 | 2.147.433 | 2.976.753,Mediocampista
L. Sucic,Real Sociedad,-26.986 | -31.138 | -61.571 | -201.945 | -467.026 | -1.592.555,"-0,76% | -0,87% | -1,71% | -5,40% | -11,66% | -31,04%",,38ddías,3.538.310,3.565.296 | 3.569.448 | 3.599.881 | 3.740.255 | 4.005.336 | 5.130.865,Mediocampista
Álvaro,Deportivo,-78.347 | -141.776 | -223.453 | -569.880 | -1.186.540 | -3.134.642,"-1,66% | -2,96% | -4,58% | -10,92% | -20,33% | -40,26%",,41ddías,4.650.459,4.728.806 | 4.792.235 | 4.873.912 | 5.220.339 | 5.836.999 | 7.785.101,Portero
Diarra,Alavés,-31.142 | -65.610 | +528.870 | +528.870 | +528.870 | +528.870,"-2,70% | -5,53% | 0% | 0% | 0% | 0%",,2ddías,1.120.370,1.151.512 | 1.185.980 | 0 | 0 | 0 | 0,Defensa
Novoa,Alavés,-22.862 | -48.705 | +272.143 | +272.143 | +272.143 | +272.143,"-2,42% | -5,02% | 0% | 0% | 0% | 0%",,2ddías,921.642,944.504 | 970.347 | 0 | 0 | 0 | 0,Defensa
Letácek,Getafe,-12.495 | -25.060 | -40.315 | -106.226 | -239.631 | -723.564,"-1,76% | -3,47% | -5,47% | -13,24% | -25,61% | -50,97%",,41ddías,696.155,708.650 | 721.215 | 736.470 | 802.381 | 935.786 | 1.419.719,Portero
Berrocal,Getafe,-36.349 | -68.091 | -125.741 | +579.591 | +579.591 | +579.591,"-2,21% | -4,06% | -7,24% | 0% | 0% | 0%",,3ddías,1.610.901,1.647.250 | 1.678.992 | 1.736.642 | 0 | 0 | 0,Defensa
Aramburu,Real Sociedad,+160.357 | +330.522 | +555.362 | +1.437.506 | +3.748.329 | +8.592.897,"+0,93% | +1,93% | +3,28% | +8,97% | +27,33% | +96,88%",,40ddías,17.462.968,17.302.611 | 17.132.446 | 16.907.606 | 16.025.462 | 13.714.639 | 8.870.071,Defensa
Peque,Sevilla,-13.063 | -30.515 | -55.906 | -193.420 | -492.501 | -1.633.365,"-0,72% | -1,67% | -3,02% | -9,72% | -21,52% | -47,62%",,41ddías,1.796.418,1.809.481 | 1.826.933 | 1.852.324 | 1.989.838 | 2.288.919 | 3.429.783,Delantero
Lago,Celta,0 | 0 | 0 | 0 | 0 | 0,"0,00% | 0,00% | 0,00% | 0,00% | 0,00% | 0,00%",,38ddías,702.633,702.633 | 702.633 | 702.633 | 702.633 | 702.633 | 702.633,Defensa
Toni Fernández,Barcelona,0 | 0 | 0 | 0 | 0 | 0,"0,00% | 0,00% | 0,00% | 0,00% | 0,00% | 0,00%",,38ddías,602.319,602.319 | 602.319 | 602.319 | 602.319 | 602.319 | 602.319,Delantero
Guille,Barcelona,0 | 0 | 0 | 0 | 0 | 0,"0,00% | 0,00% | 0,00% | 0,00% | 0,00% | 0,00%",,38ddías,702.705,702.705 | 702.705 | 702.705 | 702.705 | 702.705 | 702.705,Mediocampista
Pablo Ramón,Racing,-4.342 | -2.034 | -5.987 | -29.666 | -45.701 | -91.023,"-0,84% | -0,40% | -1,16% | -5,49% | -8,22% | 0%",,1ddías,510.551,514.893 | 512.585 | 516.538 | 540.217 | 556.252 | 0,Defensa
Sannadi,Athletic,-2.003 | -6.118 | -11.608 | -27.150 | -60.115 | -150.924,"-0,47% | -1,43% | -2,68% | -6,06% | -12,49% | -26,39%",,41ddías,421.034,423.037 | 427.152 | 432.642 | 448.184 | 481.149 | 571.958,Delantero
Antony,Betis,+122.634 | +54.307 | -175.255 | -2.485.984 | -8.128.558 | -23.982.815,"+0,21% | +0,09% | -0,30% | -4,06% | -12,15% | -28,99%",,1ddías,58.748.446,58.625.812 | 58.694.139 | 58.923.701 | 61.234.430 | 66.877.004 | 82.731.261,Delantero
El-Abdellaoui,Celta,0 | 0 | 0 | 0 | 0 | 0,"0,00% | 0,00% | 0,00% | 0,00% | 0,00% | 0,00%",,38ddías,1.304.893,1.304.893 | 1.304.893 | 1.304.893 | 1.304.893 | 1.304.893 | 1.304.893,Delantero
Mestre,Real Madrid,0 | 0 | 0 | 0 | 0 | 0,"0,00% | 0,00% | 0,00% | 0,00% | 0,00% | 0,00%",,38ddías,677.860,677.860 | 677.860 | 677.860 | 677.860 | 677.860 | 677.860,Portero
Garcés,Alavés,-9.801 | -22.039 | -35.991 | -89.056 | -202.778 | -604.470,"-1,59% | -3,50% | -5,59% | -12,77% | -25,00% | -49,85%",,41ddías,608.200,618.001 | 630.239 | 644.191 | 697.256 | 810.978 | 1.212.670,Defensa
Jiménez,Real Madrid,0 | 0 | 0 | 0 | 0 | 0,"0,00% | 0,00% | 0,00% | 0,00% | 0,00% | 0,00%",,38ddías,602.248,602.248 | 602.248 | 602.248 | 602.248 | 602.248 | 602.248,Defensa
Valera,Elche,+31.165 | +55.247 | -23.922 | -402.938 | -1.600.338 | -5.158.013,"+0,13% | +0,24% | -0,10% | -1,70% | -6,43% | -18,12%",,2ddías,23.302.377,23.271.212 | 23.247.130 | 23.326.299 | 23.705.315 | 24.902.715 | 28.460.390,Mediocampista
Buchanan,Villarreal,-101.069 | -194.679 | -400.543 | -1.265.241 | -1.401.826 | +1.878.825,"-0,55% | -1,05% | -2,15% | -6,48% | -7,13% | +11,46%",,10ddías,18.271.700,18.372.769 | 18.466.379 | 18.672.243 | 19.536.941 | 19.673.526 | 16.392.875,Mediocampista
Cucho,Betis,-248.848 | -565.175 | -1.020.529 | -3.634.606 | -9.699.157 | -4.111.936,"-0,56% | -1,26% | -2,25% | -7,56% | -17,92% | -8,47%",,17ddías,44.416.290,44.665.138 | 44.981.465 | 45.436.819 | 48.050.896 | 54.115.447 | 48.528.226,Delantero
Román,Celta,+21.634 | +73.479 | +143.856 | +341.492 | +126.176 | -1.578.896,"+0,40% | +1,37% | +2,71% | +6,69% | +2,37% | -22,48%",,9ddías,5.445.514,5.423.880 | 5.372.035 | 5.301.658 | 5.104.022 | 5.319.338 | 7.024.410,Mediocampista
Rubén Gómez,Villarreal,-8.005 | -13.183 | -24.969 | -37.210 | -37.210 | -37.210,"-1,40% | -2,28% | -4,23% | -6,18% | -6,18% | -6,18%",,4ddías,565.082,573.087 | 578.265 | 590.051 | 602.292 | 602.292 | 602.292,Portero
Vargas,Sevilla,-268.323 | -544.525 | -902.250 | -2.043.504 | +20.949.721 | +20.949.721,"-1,03% | -2,06% | -3,37% | -7,32% | 0% | 0%",,13ddías,25.880.676,26.148.999 | 26.425.201 | 26.782.926 | 27.924.180 | 0 | 0,Delantero
Roberto,Espanyol,+134.368 | +326.006 | +501.151 | +1.197.448 | +1.542.405 | +588.648,"+1,92% | +4,79% | +7,56% | +20,19% | +27,61% | +9,00%",,11ddías,7.128.806,6.994.438 | 6.802.800 | 6.627.655 | 5.931.358 | 5.586.401 | 6.540.158,Delantero
Luiz Junior,Villarreal,-227.322 | -565.933 | -1.073.615 | -2.973.665 | +1.350.569 | +13.069.911,"-0,59% | -1,47% | -2,75% | -7,25% | +3,68% | +52,36%",,7ddías,38.033.274,38.260.596 | 38.599.207 | 39.106.889 | 41.006.939 | 36.682.705 | 24.963.363,Portero
Risco,Getafe,0 | 0 | 0 | 0 | 0 | 0,"0,00% | 0,00% | 0,00% | 0,00% | 0,00% | 0,00%",,38ddías,702.705,702.705 | 702.705 | 702.705 | 702.705 | 702.705 | 702.705,Mediocampista
Logan Costa,Villarreal,-15.570 | -34.199 | -54.424 | -154.211 | -365.315 | -1.113.935,"-1,23% | -2,66% | -4,16% | -10,96% | -22,58% | -47,07%",,41ddías,1.252.543,1.268.113 | 1.286.742 | 1.306.967 | 1.406.754 | 1.617.858 | 2.366.478,Defensa
Iturbe,Elche,0 | 0 | 0 | 0 | 0 | 0,"0,00% | 0,00% | 0,00% | 0,00% | 0,00% | 0,00%",,38ddías,802.099,802.099 | 802.099 | 802.099 | 802.099 | 802.099 | 802.099,Portero
Lo Celso,Betis,-997.934 | -2.120.510 | -3.096.217 | -4.919.139 | -889.635 | +11.826.152,"-2,64% | -5,46% | -7,77% | -11,81% | -2,36% | +47,45%",,6ddías,36.748.891,37.746.825 | 38.869.401 | 39.845.108 | 41.668.030 | 37.638.526 | 24.922.739,Mediocampista
Otorbi,Valencia,0 | 0 | 0 | 0 | 0 | 0,"0,00% | 0,00% | 0,00% | 0,00% | 0,00% | 0,00%",,38ddías,602.292,602.292 | 602.292 | 602.292 | 602.292 | 602.292 | 602.292,Delantero
Manu González,Betis,0 | 0 | 0 | 0 | 0 | 0,"0,00% | 0,00% | 0,00% | 0,00% | 0,00% | 0,00%",,38ddías,581.691,581.691 | 581.691 | 581.691 | 581.691 | 581.691 | 581.691,Portero
Alfon,Sevilla,-185.354 | -375.395 | -580.606 | -1.050.696 | -1.050.696 | -1.050.696,"-3,01% | -5,91% | -8,86% | -14,95% | -14,95% | -14,95%",,5ddías,5.976.065,6.161.419 | 6.351.460 | 6.556.671 | 7.026.761 | 7.026.761 | 7.026.761,Delantero
De la Sías,Rayo,0 | 0 | 0 | 0 | 0 | 0,"0,00% | 0,00% | 0,00% | 0,00% | 0,00% | 0,00%",,38ddías,602.234,602.234 | 602.234 | 602.234 | 602.234 | 602.234 | 602.234,Defensa
Asencio,Real Madrid,-126.755 | -262.692 | -413.643 | -1.047.802 | -2.387.904 | -5.459.992,"-2,77% | -5,58% | -8,51% | -19,08% | -34,95% | -55,13%",,41ddías,4.444.562,4.571.317 | 4.707.254 | 4.858.205 | 5.492.364 | 6.832.466 | 9.904.554,Defensa
Óskarsson,Real Sociedad,-66.039 | -154.296 | -274.299 | -818.255 | -1.860.561 | -5.184.389,"-0,85% | -1,96% | -3,43% | -9,59% | -19,44% | -40,20%",,41ddías,7.711.925,7.777.964 | 7.866.221 | 7.986.224 | 8.530.180 | 9.572.486 | 12.896.314,Delantero
Pau Navarro,Villarreal,-56.240 | -111.475 | -202.313 | -619.540 | -1.300.647 | -4.642.235,"-0,62% | -1,22% | -2,20% | -6,44% | -12,63% | -34,04%",,41ddías,8.995.994,9.052.234 | 9.107.469 | 9.198.307 | 9.615.534 | 10.296.641 | 13.638.229,Defensa
Etta Eyong,Levante,+197.174 | +275.511 | +505.245 | +2.340.904 | +6.980.557 | +12.906.590,"+0,77% | +1,08% | +2,01% | +10,02% | +37,29% | +100,89%",,40ddías,25.699.219,25.502.045 | 25.423.708 | 25.193.974 | 23.358.315 | 18.718.662 | 12.792.629,Delantero
Szczesny,Barcelona,-43.357 | -87.342 | -137.975 | -371.271 | -899.707 | -899.707,"-1,84% | -3,65% | -5,64% | -13,85% | -28,04% | -28,04%",,14ddías,2.308.693,2.352.050 | 2.396.035 | 2.446.668 | 2.679.964 | 3.208.400 | 3.208.400,Portero
Spina,Atlético,0 | 0 | 0 | 0 | 0 | 0,"0,00% | 0,00% | 0,00% | 0,00% | 0,00% | 0,00%",,38ddías,702.702,702.702 | 702.702 | 702.702 | 702.702 | 702.702 | 702.702,Defensa
Serrano,Atlético,0 | 0 | 0 | -9.481 | -39.301 | -125.370,"0,00% | 0,00% | 0,00% | -2,16% | -8,39% | -22,61%",,4ddías,429.199,429.199 | 429.199 | 429.199 | 438.680 | 468.500 | 554.569,Mediocampista
Ejuke,Sevilla,-21.925 | -41.539 | -67.266 | -207.874 | -512.371 | -1.505.887,"-0,80% | -1,51% | -2,43% | -7,13% | -15,92% | -35,75%",,41ddías,2.706.102,2.728.027 | 2.747.641 | 2.773.368 | 2.913.976 | 3.218.473 | 4.211.989,Delantero
Boiro,Athletic,-4.872 | -11.244 | -19.817 | -46.511 | -107.378 | -291.969,"-0,98% | -2,24% | -3,89% | -8,67% | -17,98% | -37,34%",,25ddías,489.901,494.773 | 501.145 | 509.718 | 536.412 | 597.279 | 781.870,Defensa
Sergio Gómez,Real Sociedad,-11.481 | -1.300 | -61.672 | -340.100 | -1.288.998 | -5.059.111,"-0,06% | -0,01% | -0,34% | -1,86% | -6,72% | -22,04%",,1ddías,17.896.815,17.908.296 | 17.898.115 | 17.958.487 | 18.236.915 | 19.185.813 | 22.955.926,Defensa
Sörloth,Atlético,-685.730 | -1.416.896 | -2.207.566 | -3.425.907 | -5.520.286 | -12.771.547,"-2,94% | -5,88% | -8,88% | -13,13% | -19,59% | -36,05%",,41ddías,22.659.719,23.345.449 | 24.076.615 | 24.867.285 | 26.085.626 | 28.180.005 | 35.431.266,Delantero
Carreira,Celta,+8.733 | +28.320 | +28.642 | -32.188 | -240.484 | -1.892.129,"+0,13% | +0,42% | +0,43% | -0,48% | -3,44% | -21,91%",,3ddías,6.742.909,6.734.176 | 6.714.589 | 6.714.267 | 6.775.097 | 6.983.393 | 8.635.038,Defensa
Tárrega,Valencia,+55.492 | +132.845 | +183.779 | +112.871 | -195.818 | -2.109.819,"+0,62% | +1,49% | +2,07% | +1,26% | -2,12% | -18,89%",,4ddías,9.056.528,9.001.036 | 8.923.683 | 8.872.749 | 8.943.657 | 9.252.346 | 11.166.347,Defensa
Iranzo,Valencia,0 | 0 | 0 | 0 | 0 | 0,"0,00% | 0,00% | 0,00% | 0,00% | 0,00% | 0,00%",,38ddías,602.292,602.292 | 602.292 | 602.292 | 602.292 | 602.292 | 602.292,Defensa
Comesaña,Villarreal,+443.078 | +1.066.634 | +1.658.270 | +4.688.433 | +7.678.913 | +1.120.999,"+1,30% | +3,18% | +5,03% | +15,65% | +28,47% | +3,34%",,14ddías,34.650.542,34.207.464 | 33.583.908 | 32.992.272 | 29.962.109 | 26.971.629 | 33.529.543,Mediocampista
Gerard,Villarreal,+29.215 | -7.547 | -205.585 | -1.110.991 | -2.285.944 | -8.913.975,"+0,10% | -0,03% | -0,73% | -3,82% | -7,56% | -24,19%",,1ddías,27.943.029,27.913.814 | 27.950.576 | 28.148.614 | 29.054.020 | 30.228.973 | 36.857.004,Delantero
Foyth,Villarreal,+245.522 | +542.770 | +778.052 | +1.560.500 | +596.174 | -311.337,"+2,05% | +4,64% | +6,79% | +14,62% | +5,12% | -2,48%",,9ddías,12.236.452,11.990.930 | 11.693.682 | 11.458.400 | 10.675.952 | 11.640.278 | 12.547.789,Defensa
Baena,Atlético,-690.480 | -1.347.138 | -2.262.989 | -6.456.835 | -16.015.704 | -82.087,"-1,28% | -2,47% | -4,09% | -10,84% | -23,17% | -0,15%",,17ddías,53.098.589,53.789.069 | 54.445.727 | 55.361.578 | 59.555.424 | 69.114.293 | 53.180.676,Mediocampista
Fran Pérez,Rayo,-11.890 | -22.351 | -38.032 | -108.567 | -257.459 | -748.328,"-1,51% | -2,80% | -4,67% | -12,27% | -24,90% | -49,08%",,41ddías,776.513,788.403 | 798.864 | 814.545 | 885.080 | 1.033.972 | 1.524.841,Mediocampista
Femenia,Getafe,+64.177 | +147.350 | +229.503 | +393.713 | +234.448 | -990.591,"+1,65% | +3,86% | +6,14% | +11,02% | +6,28% | -19,99%",,7ddías,3.965.370,3.901.193 | 3.818.020 | 3.735.867 | 3.571.657 | 3.730.922 | 4.955.961,Defensa
Terrats,Getafe,+98.344 | +227.353 | +379.728 | +192.107 | +192.107 | +192.107,"+3,39% | +8,19% | +14,48% | +6,84% | +6,84% | +6,84%",,3ddías,3.002.602,2.904.258 | 2.775.249 | 2.622.874 | 2.810.495 | 2.810.495 | 2.810.495,Mediocampista
Denis Suárez,Alavés,-20.541 | -48.277 | -82.727 | -242.422 | -652.579 | -2.209.047,"-0,82% | -1,90% | -3,21% | -8,86% | -20,75% | -46,98%",,41ddías,2.492.805,2.513.346 | 2.541.082 | 2.575.532 | 2.735.227 | 3.145.384 | 4.701.852,Mediocampista
Akhomach,Villarreal,-81.144 | -173.497 | -291.144 | -778.690 | -1.862.731 | -2.907.956,"-1,56% | -3,28% | -5,38% | -13,20% | -26,67% | -36,21%",,19ddías,5.122.165,5.203.309 | 5.295.662 | 5.413.309 | 5.900.855 | 6.984.896 | 8.030.121,Delantero
Altimira,Deportivo,-85.250 | -190.159 | -300.136 | -664.486 | -1.120.546 | -2.454.566,"-1,87% | -4,07% | -6,28% | -12,92% | -20,02% | -35,41%",,35ddías,4.477.457,4.562.707 | 4.667.616 | 4.777.593 | 5.141.943 | 5.598.003 | 6.932.023,Defensa
Manu Sánchez,Levante,0 | 0 | 0 | 0 | 0 | -484.326,"0,00% | 0,00% | 0,00% | 0,00% | 0,00% | -8,04%",,16ddías,5.538.185,5.538.185 | 5.538.185 | 5.538.185 | 5.538.185 | 5.538.185 | 6.022.511,Defensa
Hugo González,Celta,-32.131 | -77.383 | -127.434 | -127.434 | -127.434 | -127.434,"-2,28% | -5,32% | -8,46% | -8,46% | -8,46% | -8,46%",,3ddías,1.378.212,1.410.343 | 1.455.595 | 1.505.646 | 1.505.646 | 1.505.646 | 1.505.646,Mediocampista
Jesús Vázquez,Valencia,+10.164 | +27.414 | +20.672 | -65.881 | -397.311 | -1.463.826,"+0,60% | +1,62% | +1,22% | -3,70% | -18,81% | -46,05%",,2ddías,1.714.989,1.704.825 | 1.687.575 | 1.694.317 | 1.780.870 | 2.112.300 | 3.178.815,Defensa
Kike Salas,Sevilla,+193.842 | +343.509 | +495.439 | +604.604 | +188.566 | -2.332.835,"+1,61% | +2,88% | +4,21% | +5,19% | +1,56% | -15,99%",,6ddías,12.255.449,12.061.607 | 11.911.940 | 11.760.010 | 11.650.845 | 12.066.883 | 14.588.284,Defensa
Diakhaby,Valencia,-81.894 | -166.606 | -267.967 | -775.047 | -1.826.212 | -3.273.514,"-1,40% | -2,81% | -4,44% | -11,86% | -24,07% | -36,23%",,21ddías,5.760.894,5.842.788 | 5.927.500 | 6.028.861 | 6.535.941 | 7.587.106 | 9.034.408,Defensa
Urko,Espanyol,+12.132 | +24.048 | +14.899 | -53.301 | -320.113 | -1.399.910,"+0,26% | +0,51% | +0,31% | -1,11% | -6,31% | -22,76%",,2ddías,4.750.677,4.738.545 | 4.726.629 | 4.735.778 | 4.803.978 | 5.070.790 | 6.150.587,Mediocampista
Dmitrovic,Espanyol,+127.111 | +222.222 | +467.423 | +2.441.109 | +8.239.033 | +19.029.906,"+0,34% | +0,60% | +1,26% | +6,95% | +28,10% | +102,70%",,40ddías,37.560.135,37.433.024 | 37.337.913 | 37.092.712 | 35.119.026 | 29.321.102 | 18.530.229,Portero
Pedrosa,Sevilla,0 | 0 | 0 | 0 | 0 | 0,"0,00% | 0,00% | 0,00% | 0,00% | 0,00% | 0,00%",,38ddías,3.312.788,3.312.788 | 3.312.788 | 3.312.788 | 3.312.788 | 3.312.788 | 3.312.788,Defensa
Mariano,Alavés,-6.396 | -18.737 | -40.926 | -133.190 | -334.989 | -1.054.451,"-0,68% | -1,96% | -4,18% | -12,43% | -26,30% | -52,90%",,41ddías,938.687,945.083 | 957.424 | 979.613 | 1.071.877 | 1.273.676 | 1.993.138,Delantero
Marcão,Sevilla,-10.383 | -19.709 | -31.633 | -87.418 | -203.400 | -596.111,"-1,62% | -3,04% | -4,79% | -12,20% | -24,43% | -48,66%",,41ddías,629.055,639.438 | 648.764 | 660.688 | 716.473 | 832.455 | 1.225.166,Defensa
Manu Bueno,Sevilla,0 | 0 | 0 | 0 | 0 | 0,"0,00% | 0,00% | 0,00% | 0,00% | 0,00% | 0,00%",,38ddías,802.099,802.099 | 802.099 | 802.099 | 802.099 | 802.099 | 802.099,Mediocampista
Canós,Valencia,-5.108 | -12.457 | -21.316 | -51.797 | -117.566 | -903.859,"-1,02% | -2,45% | -4,12% | -9,46% | -19,17% | 0%",,18ddías,495.557,500.665 | 508.014 | 516.873 | 547.354 | 613.123 | 0,Delantero
Foulquier,Valencia,-60.766 | -123.492 | -190.405 | -488.374 | -1.005.194 | -1.451.130,"-2,61% | -5,17% | -7,76% | -17,75% | -30,76% | -39,07%",,19ddías,2.263.014,2.323.780 | 2.386.506 | 2.453.419 | 2.751.388 | 3.268.208 | 3.714.144,Defensa
Javi Guerra,Valencia,+168.160 | +309.079 | +321.734 | +64.226 | -992.326 | -4.840.572,"+0,70% | +1,29% | +1,35% | +0,27% | -3,94% | -16,68%",,3ddías,24.183.434,24.015.274 | 23.874.355 | 23.861.700 | 24.119.208 | 25.175.760 | 29.024.006,Mediocampista
Duro,Valencia,+38.962 | +68.862 | +10.958 | -249.158 | -972.284 | -2.968.535,"+0,46% | +0,82% | +0,13% | -2,85% | -10,29% | -25,93%",,2ddías,8.480.116,8.441.154 | 8.411.254 | 8.469.158 | 8.729.274 | 9.452.400 | 11.448.651,Delantero
Almeida,Valencia,-37.417 | -66.751 | -116.108 | -358.809 | -896.985 | -2.573.373,"-1,50% | -2,65% | -4,52% | -12,77% | -26,79% | -51,22%",,41ddías,2.451.192,2.488.609 | 2.517.943 | 2.567.300 | 2.810.001 | 3.348.177 | 5.024.565,Mediocampista
Rivero,Valencia,-4.880 | -9.950 | -18.477 | -47.484 | -110.017 | -284.939,"-0,99% | -1,99% | -3,63% | -8,83% | -18,33% | -36,76%",,24ddías,490.094,494.974 | 500.044 | 508.571 | 537.578 | 600.111 | 775.033,Portero
Gayà,Valencia,-59.195 | -118.831 | -226.474 | -622.823 | -1.643.435 | -4.770.081,"-0,54% | -1,08% | -2,03% | -5,40% | -13,08% | -30,40%",,41ddías,10.919.145,10.978.340 | 11.037.976 | 11.145.619 | 11.541.968 | 12.562.580 | 15.689.226,Defensa
Diego López,Valencia,-62.325 | -129.041 | -200.994 | -505.226 | -1.124.770 | -3.081.384,"-2,92% | -5,85% | -8,83% | -19,58% | -35,15% | -59,76%",,41ddías,2.075.073,2.137.398 | 2.204.114 | 2.276.067 | 2.580.299 | 3.199.843 | 5.156.457,Delantero
Pepelu,Valencia,+109.327 | +220.085 | +182.463 | -11.549 | -677.690 | -2.601.703,"+1,46% | +2,99% | +2,47% | -0,15% | -8,21% | -25,56%",,2ddías,7.578.375,7.469.048 | 7.358.290 | 7.395.912 | 7.589.924 | 8.256.065 | 10.180.078,Mediocampista
Raúl García,Osasuna,-29.552 | -54.363 | -91.084 | -252.158 | -603.580 | -1.768.682,"-1,58% | -2,86% | -4,70% | -12,02% | -24,64% | -48,93%",,41ddías,1.845.674,1.875.226 | 1.900.037 | 1.936.758 | 2.097.832 | 2.449.254 | 3.614.356,Delantero
Íñigo Pérez,Villarreal,-63.668 | -136.453 | -201.161 | -459.815 | +155.489 | -203.850,"-2,69% | -5,59% | -8,03% | -16,64% | +7,24% | 0%",,9ddías,2.302.712,2.366.380 | 2.439.165 | 2.503.873 | 2.762.527 | 2.147.223 | 0,
F. Carreras,Real Madrid,-223.606 | -482.566 | -761.306 | -2.082.632 | -4.743.096 | -12.282.863,"-1,79% | -3,79% | -5,85% | -14,54% | -27,93% | -50,08%",,41ddías,12.241.851,12.465.457 | 12.724.417 | 13.003.157 | 14.324.483 | 16.984.947 | 24.524.714,Defensa
Conde,Betis,0 | 0 | 0 | 0 | 0 | -815.441,"0,00% | 0,00% | 0,00% | 0,00% | 0,00% | -21,14%",,15ddías,3.041.589,3.041.589 | 3.041.589 | 3.041.589 | 3.041.589 | 3.041.589 | 3.857.030,Portero
Mbappé,Real Madrid,-816.953 | -1.373.254 | -1.766.647 | -1.978.324 | -2.087.603 | -26.721.530,"-0,63% | -1,06% | -1,35% | -1,51% | -1,60% | 0%",,4ddías,128.763.909,129.580.862 | 130.137.163 | 130.530.556 | 130.742.233 | 130.851.512 | 0,Delantero
Romero,Villarreal,+305.013 | +880.522 | +1.701.678 | +5.679.871 | +11.443.830 | +8.863.826,"+0,70% | +2,04% | +4,02% | +14,82% | +35,16% | +25,23%",,16ddías,43.995.046,43.690.033 | 43.114.524 | 42.293.368 | 38.315.175 | 32.551.216 | 35.131.220,Defensa
Djaló,Athletic,-23.651 | -47.785 | -73.374 | -198.332 | -7.139.643 | -7.139.643,"-2,22% | -4,38% | -6,58% | -15,99% | 0% | 0%",,9ddías,1.042.067,1.065.718 | 1.089.852 | 1.115.441 | 1.240.399 | 0 | 0,Delantero
Rosier,Osasuna,-165.735 | -340.188 | -527.392 | -1.308.969 | -2.896.279 | -5.635.080,"-2,90% | -5,77% | -8,68% | -19,08% | -34,29% | -50,38%",,36ddías,5.550.787,5.716.522 | 5.890.975 | 6.078.179 | 6.859.756 | 8.447.066 | 11.185.867,Defensa
Mouriño,Villarreal,-260.375 | -297.139 | -177.933 | +1.438.320 | +5.267.079 | +13.832.361,"-0,64% | -0,73% | -0,44% | +3,71% | +15,07% | +52,42%",,2ddías,40.219.248,40.479.623 | 40.516.387 | 40.397.181 | 38.780.928 | 34.952.169 | 26.386.887,Defensa
Serrano,Athletic,-21.162 | -43.134 | -68.612 | -171.207 | -402.295 | -1.136.002,"-2,35% | -4,67% | -7,23% | -16,27% | -31,35% | -56,33%",,42ddías,880.845,902.007 | 923.979 | 949.457 | 1.052.052 | 1.283.140 | 2.016.847,Delantero
Raba,Valencia,-32.375 | -62.303 | -100.517 | -263.865 | -613.212 | -1.697.403,"-2,00% | -3,78% | -5,97% | -14,28% | -27,91% | -51,73%",,41ddías,1.584.046,1.616.421 | 1.646.349 | 1.684.563 | 1.847.911 | 2.197.258 | 3.281.449,Delantero
Raul Moro,Osasuna,+224.780 | +353.285 | +483.324 | +1.062.355 | +2.791.222 | +1.761.569,"+1,69% | +2,68% | +3,70% | +8,51% | +25,97% | +14,96%",,18ddías,13.540.658,13.315.878 | 13.187.373 | 13.057.334 | 12.478.303 | 10.749.436 | 11.779.089,Delantero
Endrick,Real Madrid,-23.740 | -69.548 | -134.088 | -543.618 | -1.055.100 | +6.130.250,"-0,35% | -1,03% | -1,96% | -7,51% | -13,61% | 0%",,18ddías,6.696.239,6.719.979 | 6.765.787 | 6.830.327 | 7.239.857 | 7.751.339 | 0,Delantero
Boyomo,Osasuna,+161.367 | +438.387 | +742.996 | +2.425.772 | +5.998.452 | +12.264.523,"+0,58% | +1,58% | +2,71% | +9,42% | +27,06% | +77,12%",,37ddías,28.167.229,28.005.862 | 27.728.842 | 27.424.233 | 25.741.457 | 22.168.777 | 15.902.706,Defensa
Neyou,Getafe,-59.478 | -110.938 | -221.948 | +2.427.754 | +2.427.754 | +2.427.754,"-1,92% | -3,53% | -6,82% | 0% | 0% | 0%",,3ddías,3.034.256,3.093.734 | 3.145.194 | 3.256.204 | 0 | 0 | 0,Mediocampista
Fortuño,Espanyol,-6.913 | -15.406 | -26.193 | -65.222 | -138.037 | -377.084,"-1,27% | -2,78% | -4,64% | -10,80% | -20,39% | -41,17%",,21ddías,538.874,545.787 | 554.280 | 565.067 | 604.096 | 676.911 | 915.958,Portero
Rubén Sánchez,Espanyol,-3.540 | -9.256 | -16.414 | -39.352 | -88.560 | -246.507,"-0,77% | -1,98% | -3,46% | -7,91% | -16,21% | -34,99%",,41ddías,457.936,461.476 | 467.192 | 474.350 | 497.288 | 546.496 | 704.443,Mediocampista
El Hilali,Espanyol,+131.896 | +214.205 | +332.427 | +803.617 | +1.797.415 | +3.025.040,"+1,49% | +2,45% | +3,85% | +9,84% | +25,06% | +50,88%",,25ddías,8.970.454,8.838.558 | 8.756.249 | 8.638.027 | 8.166.837 | 7.173.039 | 5.945.414,Defensa
Edu Expósito,Espanyol,+345.132 | +752.828 | +1.182.232 | +2.613.086 | +1.578.519 | -5.577.467,"+1,19% | +2,63% | +4,19% | +9,75% | +5,67% | -15,94%",,8ddías,29.422.533,29.077.401 | 28.669.705 | 28.240.301 | 26.809.447 | 27.844.014 | 35.000.000,Mediocampista
Jofre,Espanyol,-13.123 | -25.672 | -43.359 | -131.105 | -327.305 | -1.029.376,"-1,17% | -2,26% | -3,76% | -10,57% | -22,78% | -48,13%",,41ddías,1.109.224,1.122.347 | 1.134.896 | 1.152.583 | 1.240.329 | 1.436.529 | 2.138.600,Delantero
Carlos Martín,Atlético,0 | 0 | 0 | 0 | 0 | 0,"0,00% | 0,00% | 0,00% | 0,00% | 0,00% | 0,00%",,38ddías,2.218.490,2.218.490 | 2.218.490 | 2.218.490 | 2.218.490 | 2.218.490 | 2.218.490,Mediocampista
Lozano,Espanyol,-21.208 | -40.064 | -71.602 | -219.443 | -539.865 | -1.684.449,"-0,92% | -1,73% | -3,05% | -8,80% | -19,18% | -42,55%",,41ddías,2.274.222,2.295.430 | 2.314.286 | 2.345.824 | 2.493.665 | 2.814.087 | 3.958.671,Mediocampista
Pere Milla,Espanyol,-17.789 | -13.910 | -88.995 | -308.521 | -1.012.680 | -456.716,"-0,19% | -0,15% | -0,92% | -3,12% | -9,57% | -4,56%",,1ddías,9.566.323,9.584.112 | 9.580.233 | 9.655.318 | 9.874.844 | 10.579.003 | 10.023.039,Delantero
Fornals,Betis,-301.543 | -594.270 | -1.143.888 | -3.989.413 | -11.962.568 | -85.663.460,"-0,52% | -1,02% | -1,95% | -6,47% | -17,19% | 0%",,24ddías,57.625.840,57.927.383 | 58.220.110 | 58.769.728 | 61.615.253 | 69.588.408 | 0,Mediocampista
Batalla,Rayo,-278.795 | -526.943 | -946.635 | -1.792.856 | +3.096.003 | +14.453.140,"-0,69% | -1,30% | -2,31% | -4,28% | +8,37% | +56,43%",,6ddías,40.067.753,40.346.548 | 40.594.696 | 41.014.388 | 41.860.609 | 36.971.750 | 25.614.613,Portero
Romero,Sevilla,+67.562 | +147.923 | +201.866 | +396.841 | +307.925 | -1.270.128,"+1,05% | +2,33% | +3,20% | +6,49% | +4,97% | -16,33%",,9ddías,6.509.025,6.441.463 | 6.361.102 | 6.307.159 | 6.112.184 | 6.201.100 | 7.779.153,Delantero
Cardoso,Atlético,-82.711 | -189.810 | -306.578 | -943.797 | -2.437.558 | -7.031.192,"-1,42% | -3,21% | -5,08% | -14,15% | -29,85% | -55,10%",,38ddías,5.728.479,5.811.190 | 5.918.289 | 6.035.057 | 6.672.276 | 8.166.037 | 12.759.671,Mediocampista
Moriba,Celta,-82.603 | -145.796 | -263.288 | -413.685 | +725.661 | -410.083,"-0,81% | -1,42% | -2,54% | -3,94% | +7,75% | -3,91%",,5ddías,10.086.454,10.169.057 | 10.232.250 | 10.349.742 | 10.500.139 | 9.360.793 | 10.496.537,Mediocampista
Agoume,Sevilla,+20.668 | +59.441 | +69.160 | +135.621 | +2.935 | -971.929,"+0,36% | +1,03% | +1,20% | +2,38% | +0,05% | -14,27%",,6ddías,5.839.881,5.819.213 | 5.780.440 | 5.770.721 | 5.704.260 | 5.836.946 | 6.811.810,Mediocampista
Guedes,Real Sociedad,-992.081 | -2.078.523 | -3.213.170 | -7.951.181 | -15.676.535 | -25.845.668,"-2,91% | -5,90% | -8,84% | -19,35% | -32,12% | 0%",,26ddías,33.135.587,34.127.668 | 35.214.110 | 36.348.757 | 41.086.768 | 48.812.122 | 0,Delantero
Fort,Barcelona,-63.281 | -133.069 | -216.465 | -541.326 | -1.211.470 | -1.678.665,"-1,86% | -3,83% | -6,09% | -13,94% | -26,61% | -33,44%",,17ddías,3.340.711,3.403.992 | 3.473.780 | 3.557.176 | 3.882.037 | 4.552.181 | 5.019.376,Defensa
Juanmi,Getafe,-8.349 | -19.074 | -31.450 | -77.526 | -177.531 | -501.900,"-1,44% | -3,22% | -5,20% | -11,91% | -23,64% | -46,68%",,41ddías,573.342,581.691 | 592.416 | 604.792 | 650.868 | 750.873 | 1.075.242,Delantero
Joan Garcia,Barcelona,+631.397 | +1.400.729 | +2.658.772 | +10.940.304 | +18.496.253 | +18.496.253,"+0,93% | +2,08% | +4,03% | +18,94% | +36,85% | +36,85%",,12ddías,68.689.669,68.058.272 | 67.288.940 | 66.030.897 | 57.749.365 | 50.193.416 | 50.193.416,Portero
Calero,Málaga,-84.524 | -172.291 | -268.086 | -654.281 | -654.281 | -654.281,"-2,87% | -5,68% | -8,57% | -18,62% | -18,62% | -18,62%",,7ddías,2.858.839,2.943.363 | 3.031.130 | 3.126.925 | 3.513.120 | 3.513.120 | 3.513.120,Defensa
Cabrera,Espanyol,+97.623 | +248.931 | +395.903 | +486.129 | +238.459 | -1.969.534,"+0,58% | +1,49% | +2,38% | +2,94% | +1,42% | -10,38%",,6ddías,17.006.166,16.908.543 | 16.757.235 | 16.610.263 | 16.520.037 | 16.767.707 | 18.975.700,Defensa
Puado,Espanyol,-185.087 | -379.288 | -597.730 | -1.522.049 | -3.405.830 | -9.130.300,"-2,86% | -5,70% | -8,69% | -19,51% | -35,17% | -59,25%",,32ddías,6.279.004,6.464.091 | 6.658.292 | 6.876.734 | 7.801.053 | 9.684.834 | 15.409.304,Mediocampista
Giuliano,Atlético,-280.061 | -532.256 | -1.080.791 | -3.830.265 | -10.369.530 | -154.300,"-0,64% | -1,21% | -2,42% | -8,08% | -19,22% | -0,35%",,17ddías,43.571.509,43.851.570 | 44.103.765 | 44.652.300 | 47.401.774 | 53.941.039 | 43.725.809,Delantero
Javi López,Real Sociedad,0 | 0 | 0 | 0 | 0 | 0,0% | 0% | 0% | 0% | 0% | 0%,,47ddías,1.656.670,0 | 0 | 0 | 0 | 0 | 0,Defensa
Lemar,Atlético,0 | 0 | 0 | 0 | 0 | 0,0% | 0% | 0% | 0% | 0% | 0%,,47ddías,1.680.630,0 | 0 | 0 | 0 | 0 | 0,Mediocampista
Rincón,Athletic,0 | 0 | 0 | 0 | 0 | 0,0% | 0% | 0% | 0% | 0% | 0%,,47ddías,1.658.593,0 | 0 | 0 | 0 | 0 | 0,Defensa
Thiago,Levante,0 | 0 | 0 | 0 | 0 | 0,0% | 0% | 0% | 0% | 0% | 0%,,47ddías,1.660.575,0 | 0 | 0 | 0 | 0 | 0,Mediocampista
Kumbulla,Rayo,0 | 0 | 0 | 0 | 0 | 0,0% | 0% | 0% | 0% | 0% | 0%,,83ddías,897.151,0 | 0 | 0 | 0 | 0 | 0,Defensa
Goti,Real Sociedad,0 | 0 | 0 | 0 | 0 | 0,0% | 0% | 0% | 0% | 0% | 0%,,202ddías,590.263,0 | 0 | 0 | 0 | 0 | 0,Mediocampista
Ali Houary,Elche,0 | 0 | 0 | 0 | 0 | 0,0% | 0% | 0% | 0% | 0% | 0%,,206ddías,592.065,0 | 0 | 0 | 0 | 0 | 0,Delantero
Javier Hernández,Espanyol,0 | 0 | 0 | 0 | 0 | 0,0% | 0% | 0% | 0% | 0% | 0%,,220ddías,575.023,0 | 0 | 0 | 0 | 0 | 0,Delantero
Bauzà,Espanyol,0 | 0 | 0 | 0 | 0 | 0,0% | 0% | 0% | 0% | 0% | 0%,,348ddías,318.649,0 | 0 | 0 | 0 | 0 | 0,Mediocampista
Pablo López,Valencia,0 | 0 | 0 | 0 | 0 | 0,0% | 0% | 0% | 0% | 0% | 0%,,349ddías,441.041,0 | 0 | 0 | 0 | 0 | 0,Delantero
Alberto Marí,Valencia,0 | 0 | 0 | 0 | 0 | 0,0% | 0% | 0% | 0% | 0% | 0%,,350ddías,787.986,0 | 0 | 0 | 0 | 0 | 0,Delantero
Pelayo,Rayo,0 | 0 | 0 | 0 | 0 | 0,0% | 0% | 0% | 0% | 0% | 0%,,350ddías,1.722.279,0 | 0 | 0 | 0 | 0 | 0,Defensa
Hinojo,Espanyol,0 | 0 | 0 | 0 | 0 | 0,0% | 0% | 0% | 0% | 0% | 0%,,354ddías,317.496,0 | 0 | 0 | 0 | 0 | 0,Defensa
De Tomás,Rayo,0 | 0 | 0 | 0 | 0 | 0,0% | 0% | 0% | 0% | 0% | 0%,,389ddías,3.229.388,0 | 0 | 0 | 0 | 0 | 0,Delantero
Collado,Sevilla,0 | 0 | 0 | 0 | 0 | 0,0% | 0% | 0% | 0% | 0% | 0%,,409ddías,1.718.988,0 | 0 | 0 | 0 | 0 | 0,Mediocampista
Eto'o,Rayo,0 | 0 | 0 | 0 | 0 | 0,0% | 0% | 0% | 0% | 0% | 0%,,409ddías,1.718.988,0 | 0 | 0 | 0 | 0 | 0,Delantero
Córdoba,Valencia,0 | 0 | 0 | 0 | 0 | 0,0% | 0% | 0% | 0% | 0% | 0%,,409ddías,1.548.667,0 | 0 | 0 | 0 | 0 | 0,Defensa
Raúl Jiménez,Valencia,0 | 0 | 0 | 0 | 0 | 0,0% | 0% | 0% | 0% | 0% | 0%,,409ddías,1.561.503,0 | 0 | 0 | 0 | 0 | 0,Portero
Carlos,Atlético,0 | 0 | 0 | 0 | 0 | 0,0% | 0% | 0% | 0% | 0% | 0%,,409ddías,1.718.547,0 | 0 | 0 | 0 | 0 | 0,Defensa
Eneko Ortiz,Villarreal,0 | 0 | 0 | 0 | 0 | 0,0% | 0% | 0% | 0% | 0% | 0%,,409ddías,1.718.986,0 | 0 | 0 | 0 | 0 | 0,Defensa
Serred,Espanyol,0 | 0 | 0 | 0 | 0 | 0,0% | 0% | 0% | 0% | 0% | 0%,,409ddías,1.731.552,0 | 0 | 0 | 0 | 0 | 0,Portero
Carrillo,Celta,0 | 0 | 0 | 0 | 0 | 0,0% | 0% | 0% | 0% | 0% | 0%,,409ddías,1.567.556,0 | 0 | 0 | 0 | 0 | 0,Portero
Canales,Athletic,0 | 0 | 0 | 0 | 0 | 0,0% | 0% | 0% | 0% | 0% | 0%,,409ddías,1.623.251,0 | 0 | 0 | 0 | 0 | 0,Delantero
Solà,Atlético,0 | 0 | 0 | 0 | 0 | 0,0% | 0% | 0% | 0% | 0% | 0%,,409ddías,1.640.523,0 | 0 | 0 | 0 | 0 | 0,Defensa
Yaakobishvili,Barcelona,0 | 0 | 0 | 0 | 0 | 0,0% | 0% | 0% | 0% | 0% | 0%,,409ddías,1.639.280,0 | 0 | 0 | 0 | 0 | 0,Portero
Isra,Sevilla,0 | 0 | 0 | 0 | 0 | 0,0% | 0% | 0% | 0% | 0% | 0%,,409ddías,1.718.237,0 | 0 | 0 | 0 | 0 | 0,Delantero
Rivas,Real Madrid,0 | 0 | 0 | 0 | 0 | 0,0% | 0% | 0% | 0% | 0% | 0%,,409ddías,1.718.751,0 | 0 | 0 | 0 | 0 | 0,Defensa
Busto,Betis,0 | 0 | 0 | 0 | 0 | 0,0% | 0% | 0% | 0% | 0% | 0%,,409ddías,1.621.161,0 | 0 | 0 | 0 | 0 | 0,Defensa
De Llanos,Real Madrid,0 | 0 | 0 | 0 | 0 | 0,0% | 0% | 0% | 0% | 0% | 0%,,409ddías,1.622.168,0 | 0 | 0 | 0 | 0 | 0,Mediocampista
Rupérez,Real Sociedad,0 | 0 | 0 | 0 | 0 | 0,0% | 0% | 0% | 0% | 0% | 0%,,409ddías,1.626.247,0 | 0 | 0 | 0 | 0 | 0,Defensa
Balda,Real Sociedad,0 | 0 | 0 | 0 | 0 | 0,0% | 0% | 0% | 0% | 0% | 0%,,409ddías,1.718.912,0 | 0 | 0 | 0 | 0 | 0,Defensa
Santana,Valencia,0 | 0 | 0 | 0 | 0 | 0,0% | 0% | 0% | 0% | 0% | 0%,,409ddías,1.723.821,0 | 0 | 0 | 0 | 0 | 0,Delantero
Olabarrieta,Athletic,0 | 0 | 0 | 0 | 0 | 0,0% | 0% | 0% | 0% | 0% | 0%,,409ddías,1.717.797,0 | 0 | 0 | 0 | 0 | 0,Delantero
Abril,Valencia,0 | 0 | 0 | 0 | 0 | 0,0% | 0% | 0% | 0% | 0% | 0%,,409ddías,1.728.051,0 | 0 | 0 | 0 | 0 | 0,Portero
Medenica,Getafe,0 | 0 | 0 | 0 | 0 | 0,0% | 0% | 0% | 0% | 0% | 0%,,409ddías,1.560.264,0 | 0 | 0 | 0 | 0 | 0,Portero
Requena,Levante,0 | 0 | 0 | 0 | 0 | 0,0% | 0% | 0% | 0% | 0% | 0%,,409ddías,1.621.683,0 | 0 | 0 | 0 | 0 | 0,Mediocampista
Cortés,Barcelona,0 | 0 | 0 | 0 | 0 | 0,0% | 0% | 0% | 0% | 0% | 0%,,409ddías,1.718.327,0 | 0 | 0 | 0 | 0 | 0,Defensa
Mandi,Levante,0 | 0 | 0 | 0 | 0 | 0,0% | 0% | 0% | 0% | 0% | 0%,,730ddías,1.879.755,0 | 0 | 0 | 0 | 0 | 0,Defensa
Joseda,Alavés,0 | 0 | 0 | 0 | 0 | 0,0% | 0% | 0% | 0% | 0% | 0%,,775ddías,300.000,0 | 0 | 0 | 0 | 0 | 0,Defensa
Diallo,Alavés,0 | 0 | 0 | 0 | 0 | 0,0% | 0% | 0% | 0% | 0% | 0%,,776ddías,1.000.000,0 | 0 | 0 | 0 | 0 | 0,Mediocampista
Mendes,Alavés,0 | 0 | 0 | 0 | 0 | 0,0% | 0% | 0% | 0% | 0% | 0%,,776ddías,500.000,0 | 0 | 0 | 0 | 0 | 0,Mediocampista
Ian Forns,Betis,0 | 0 | 0 | 0 | 0 | 0,0% | 0% | 0% | 0% | 0% | 0%,,776ddías,500.000,0 | 0 | 0 | 0 | 0 | 0,Defensa
Mario,Valencia,0 | 0 | 0 | 0 | 0 | 0,0% | 0% | 0% | 0% | 0% | 0%,,1ddías,760.408,0 | 0 | 0 | 0 | 0 | 0,Mediocampista