Jugador,Equipo,DiferenciaDif.,% Dif,Acel.,Tend.,Valor,Valor ant.Ant.,Posición
Karrikaburu,Real Sociedad,-10.917 | -21.220 | -32.181 | -86.557 | -201.196 | -601.336,"-1,74% | -3,34% | -4,97% | -12,34% | -24,66% | -49,45%",,36ddías,614.743,625.660 | 635.963 | 646.924 | 701.300 | 815.939 | 1.216.079,Delantero
Sancris,Getafe,-14.018 | -27.551 | -41.877 | -111.176 | -258.222 | -777.545,"-1,99% | -3,84% | -5,73% | -13,89% | -27,26% | -53,01%",,36ddías,689.173,703.191 | 716.724 | 731.050 | 800.349 | 947.395 | 1.466.718,Delantero
Adam Boayar,Elche,0 | 0 | 0 | 0 | 0 | 0,"0,00% | 0,00% | 0,00% | 0,00% | 0,00% | 0,00%",,33ddías,702.711,702.711 | 702.711 | 702.711 | 702.711 | 702.711 | 702.711,Mediocampista
Santos,Athletic,0 | 0 | 0 | 0 | 0 | 0,"0,00% | 0,00% | 0,00% | 0,00% | 0,00% | 0,00%",,33ddías,702.606,702.606 | 702.606 | 702.606 | 702.606 | 702.606 | 702.606,Portero
Laporte,Athletic,-1.097.163 | -1.508.265 | -1.244.860 | +2.418.086 | +13.179.393 | +37.250.479,"-1,82% | -2,48% | -2,06% | +4,25% | +28,59% | +169,12%",,2ddías,59.276.458,60.373.621 | 60.784.723 | 60.521.318 | 56.858.372 | 46.097.065 | 22.025.979,Defensa
Alemão,Rayo,-55.235 | -120.265 | -180.972 | -473.381 | -997.113 | -2.665.405,"-1,42% | -3,05% | -4,51% | -11,01% | -20,67% | -41,05%",,36ddías,3.827.856,3.883.091 | 3.948.121 | 4.008.828 | 4.301.237 | 4.824.969 | 6.493.261,Delantero
Diangana,Elche,-24.533 | -50.136 | -76.808 | -180.884 | -387.340 | -1.201.603,"-1,80% | -3,61% | -5,42% | -11,89% | -22,43% | -47,28%",,36ddías,1.339.822,1.364.355 | 1.389.958 | 1.416.630 | 1.520.706 | 1.727.162 | 2.541.425,Delantero
Krug,Levante,0 | 0 | 0 | 0 | 0 | 0,"0,00% | 0,00% | 0,00% | 0,00% | 0,00% | 0,00%",,33ddías,602.249,602.249 | 602.249 | 602.249 | 602.249 | 602.249 | 602.249,Defensa
Hugo López,Villarreal,0 | 0 | 0 | 0 | 0 | 0,"0,00% | 0,00% | 0,00% | 0,00% | 0,00% | 0,00%",,33ddías,485.400,485.400 | 485.400 | 485.400 | 485.400 | 485.400 | 485.400,Mediocampista
Mikautadze,Villarreal,+1.319.726 | +2.276.262 | +3.131.575 | +5.590.970 | +7.211.724 | +12.484.540,"+2,28% | +3,99% | +5,58% | +10,41% | +13,85% | +26,67%",,29ddías,59.287.151,57.967.425 | 57.010.889 | 56.155.576 | 53.696.181 | 52.075.427 | 46.802.611,Delantero
Navarro,Valencia,0 | 0 | 0 | 0 | 0 | 0,"0,00% | 0,00% | 0,00% | 0,00% | 0,00% | 0,00%",,33ddías,501.909,501.909 | 501.909 | 501.909 | 501.909 | 501.909 | 501.909,Defensa
Cardoso,Sevilla,-23.861 | -47.648 | -72.375 | -180.755 | -404.869 | -1.154.492,"-2,51% | -4,90% | -7,25% | -16,34% | -30,43% | -55,51%",,36ddías,925.408,949.269 | 973.056 | 997.783 | 1.106.163 | 1.330.277 | 2.079.900,Defensa
Oso,Sevilla,0 | 0 | 0 | 0 | 0 | 0,"0,00% | 0,00% | 0,00% | 0,00% | 0,00% | 0,00%",,33ddías,14.053.332,14.053.332 | 14.053.332 | 14.053.332 | 14.053.332 | 14.053.332 | 14.053.332,Defensa
Álex Costa,Sevilla,0 | 0 | 0 | 0 | 0 | 0,"0,00% | 0,00% | 0,00% | 0,00% | 0,00% | 0,00%",,33ddías,602.284,602.284 | 602.284 | 602.284 | 602.284 | 602.284 | 602.284,Delantero
Folgado,Real Sociedad,0 | 0 | 0 | 0 | 0 | 0,"0,00% | 0,00% | 0,00% | 0,00% | 0,00% | 0,00%",,33ddías,702.606,702.606 | 702.606 | 702.606 | 702.606 | 702.606 | 702.606,Portero
Carlos Soler,Real Sociedad,-23.135 | -84.775 | -181.236 | -1.062.066 | -2.943.766 | -7.679.082,"-0,08% | -0,28% | -0,59% | -3,34% | -8,74% | -19,99%",,36ddías,30.726.072,30.749.207 | 30.810.847 | 30.907.308 | 31.788.138 | 33.669.838 | 38.405.154,Mediocampista
Riedel,Espanyol,-81.140 | -146.094 | -192.497 | -619.887 | -619.887 | -619.887,"-1,63% | -2,89% | -3,78% | -11,23% | -11,23% | -11,23%",,6ddías,4.900.731,4.981.871 | 5.046.825 | 5.093.228 | 5.520.618 | 5.520.618 | 5.520.618,Defensa
Taufik,Atlético,0 | 0 | 0 | 0 | 0 | 0,"0,00% | 0,00% | 0,00% | 0,00% | 0,00% | 0,00%",,33ddías,602.316,602.316 | 602.316 | 602.316 | 602.316 | 602.316 | 602.316,Mediocampista
Altozano,Sevilla,0 | 0 | 0 | 0 | 0 | 0,"0,00% | 0,00% | 0,00% | 0,00% | 0,00% | 0,00%",,33ddías,602.284,602.284 | 602.284 | 602.284 | 602.284 | 602.284 | 602.284,Mediocampista
Josan,Elche,0 | 0 | 0 | 0 | 0 | 0,"0,00% | 0,00% | 0,00% | 0,00% | 0,00% | 0,00%",,33ddías,1.204.650,1.204.650 | 1.204.650 | 1.204.650 | 1.204.650 | 1.204.650 | 1.204.650,Mediocampista
Davinchi,Getafe,0 | 0 | 0 | 0 | 0 | 0,"0,00% | 0,00% | 0,00% | 0,00% | 0,00% | 0,00%",,33ddías,3.011.603,3.011.603 | 3.011.603 | 3.011.603 | 3.011.603 | 3.011.603 | 3.011.603,Defensa
Thiago,Real Madrid,0 | 0 | 0 | 0 | 0 | 0,"0,00% | 0,00% | 0,00% | 0,00% | 0,00% | 0,00%",,33ddías,7.026.082,7.026.082 | 7.026.082 | 7.026.082 | 7.026.082 | 7.026.082 | 7.026.082,Mediocampista
Veiga,Villarreal,-681.194 | -1.366.759 | -1.768.245 | -1.138.169 | +3.206.489 | +15.869.126,"-1,59% | -3,14% | -4,02% | -2,63% | +8,22% | +60,23%",,4ddías,42.216.885,42.898.079 | 43.583.644 | 43.985.130 | 43.355.054 | 39.010.396 | 26.347.759,Defensa
Corralejo,Betis,0 | 0 | 0 | 0 | 0 | 0,"0,00% | 0,00% | 0,00% | 0,00% | 0,00% | 0,00%",,33ddías,602.248,602.248 | 602.248 | 602.248 | 602.248 | 602.248 | 602.248,Mediocampista
Nacho Pérez,Levante,0 | 0 | 0 | 0 | 0 | 0,"0,00% | 0,00% | 0,00% | 0,00% | 0,00% | 0,00%",,33ddías,581.692,581.692 | 581.692 | 581.692 | 581.692 | 581.692 | 581.692,Defensa
Sierra,Sevilla,0 | 0 | 0 | 0 | 0 | 0,"0,00% | 0,00% | 0,00% | 0,00% | 0,00% | 0,00%",,33ddías,602.284,602.284 | 602.284 | 602.284 | 602.284 | 602.284 | 602.284,Delantero
Montero,Alavés,0 | 0 | 0 | 0 | 0 | 0,"0,00% | 0,00% | 0,00% | 0,00% | 0,00% | 0,00%",,33ddías,602.316,602.316 | 602.316 | 602.316 | 602.316 | 602.316 | 602.316,Portero
Blázquez,Valencia,0 | 0 | 0 | 0 | 0 | 0,"0,00% | 0,00% | 0,00% | 0,00% | 0,00% | 0,00%",,33ddías,581.656,581.656 | 581.656 | 581.656 | 581.656 | 581.656 | 581.656,Delantero
Suazo,Sevilla,-33.915 | -64.478 | -133.101 | -415.329 | -1.070.058 | -3.052.434,"-0,62% | -1,18% | -2,40% | -7,13% | -16,52% | -36,08%",,36ddías,5.408.494,5.442.409 | 5.472.972 | 5.541.595 | 5.823.823 | 6.478.552 | 8.460.928,Defensa
Ryan,Levante,0 | 0 | 0 | 0 | 0 | 0,"0,00% | 0,00% | 0,00% | 0,00% | 0,00% | 0,00%",,33ddías,13.550.652,13.550.652 | 13.550.652 | 13.550.652 | 13.550.652 | 13.550.652 | 13.550.652,Portero
Arriaga,Levante,-53.276 | -109.061 | -170.788 | -436.478 | -1.003.130 | -2.772.530,"-1,89% | -3,79% | -5,81% | -13,61% | -26,58% | -50,02%",,36ddías,2.770.384,2.823.660 | 2.879.445 | 2.941.172 | 3.206.862 | 3.773.514 | 5.542.914,Mediocampista
Vlachodimos,Sevilla,+489.127 | +941.180 | +1.341.788 | +1.778.865 | +1.245.564 | +1.245.564,"+3,09% | +6,13% | +8,97% | +12,25% | +8,27% | +8,27%",,6ddías,16.302.043,15.812.916 | 15.360.863 | 14.960.255 | 14.523.178 | 15.056.479 | 15.056.479,Portero
Oluwaseyi,Villarreal,-55.496 | -115.015 | -182.347 | -478.837 | -1.067.483 | -2.993.810,"-1,82% | -3,69% | -5,73% | -13,76% | -26,24% | -49,95%",,36ddías,3.000.363,3.055.859 | 3.115.378 | 3.182.710 | 3.479.200 | 4.067.846 | 5.994.173,Delantero
Bardghji,Barcelona,-101.543 | -187.029 | -283.582 | -718.257 | -1.395.791 | -1.395.791,"-2,88% | -5,18% | -7,65% | -17,34% | -28,97% | -28,97%",,12ddías,3.422.774,3.524.317 | 3.609.803 | 3.706.356 | 4.141.031 | 4.818.565 | 4.818.565,Delantero
Martínez Bastida,Elche,0 | 0 | 0 | 0 | 0 | 0,"0,00% | 0,00% | 0,00% | 0,00% | 0,00% | 0,00%",,33ddías,602.324,602.324 | 602.324 | 602.324 | 602.324 | 602.324 | 602.324,Mediocampista
Mendoza,Atlético,-5.600 | -12.125 | -21.243 | -60.509 | -163.528 | -532.292,"-0,64% | -1,37% | -2,38% | -6,50% | -15,81% | -37,94%",,36ddías,870.663,876.263 | 882.788 | 891.906 | 931.172 | 1.034.191 | 1.402.955,Mediocampista
Al Lal,Elche,0 | 0 | 0 | 0 | 0 | 0,"0,00% | 0,00% | 0,00% | 0,00% | 0,00% | 0,00%",,33ddías,501.936,501.936 | 501.936 | 501.936 | 501.936 | 501.936 | 501.936,Delantero
Aitor Mañas,Alavés,0 | 0 | 0 | 0 | 0 | 0,"0,00% | 0,00% | 0,00% | 0,00% | 0,00% | 0,00%",,33ddías,562.164,562.164 | 562.164 | 562.164 | 562.164 | 562.164 | 562.164,Delantero
Izei,Alavés,0 | 0 | 0 | 0 | 0 | 0,"0,00% | 0,00% | 0,00% | 0,00% | 0,00% | 0,00%",,33ddías,582.010,582.010 | 582.010 | 582.010 | 582.010 | 582.010 | 582.010,Mediocampista
Oláiz,Alavés,0 | 0 | 0 | 0 | 0 | 0,"0,00% | 0,00% | 0,00% | 0,00% | 0,00% | 0,00%",,33ddías,602.316,602.316 | 602.316 | 602.316 | 602.316 | 602.316 | 602.316,Defensa
Iker Muñoz,Sevilla,0 | 0 | 0 | 0 | 0 | 0,"0,00% | 0,00% | 0,00% | 0,00% | 0,00% | 0,00%",,33ddías,602.284,602.284 | 602.284 | 602.284 | 602.284 | 602.284 | 602.284,Defensa
Joan Martínez,Real Madrid,0 | 0 | 0 | 0 | 0 | 0,"0,00% | 0,00% | 0,00% | 0,00% | 0,00% | 0,00%",,33ddías,702.622,702.622 | 702.622 | 702.622 | 702.622 | 702.622 | 702.622,Defensa
Unai Santos,Osasuna,0 | 0 | 0 | 0 | 0 | 0,"0,00% | 0,00% | 0,00% | 0,00% | 0,00% | 0,00%",,33ddías,602.319,602.319 | 602.319 | 602.319 | 602.319 | 602.319 | 602.319,Defensa
Carlos Macià,Villarreal,0 | 0 | 0 | 0 | 0 | 0,"0,00% | 0,00% | 0,00% | 0,00% | 0,00% | 0,00%",,33ddías,803.057,803.057 | 803.057 | 803.057 | 803.057 | 803.057 | 803.057,Mediocampista
Carrera,Real Sociedad,0 | 0 | 0 | 0 | 0 | 0,"0,00% | 0,00% | 0,00% | 0,00% | 0,00% | 0,00%",,33ddías,702.633,702.633 | 702.633 | 702.633 | 702.633 | 702.633 | 702.633,Delantero
Rosón,Levante,0 | 0 | 0 | 0 | 0 | 0,"0,00% | 0,00% | 0,00% | 0,00% | 0,00% | 0,00%",,33ddías,602.249,602.249 | 602.249 | 602.249 | 602.249 | 602.249 | 602.249,Mediocampista
Nakoha,Levante,0 | 0 | 0 | 0 | 0 | 0,"0,00% | 0,00% | 0,00% | 0,00% | 0,00% | 0,00%",,33ddías,501.874,501.874 | 501.874 | 501.874 | 501.874 | 501.874 | 501.874,Defensa
Jurado,Valencia,0 | 0 | 0 | 0 | 0 | 0,"0,00% | 0,00% | 0,00% | 0,00% | 0,00% | 0,00%",,33ddías,602.292,602.292 | 602.292 | 602.292 | 602.292 | 602.292 | 602.292,Defensa
Panach,Valencia,0 | 0 | 0 | 0 | 0 | 0,"0,00% | 0,00% | 0,00% | 0,00% | 0,00% | 0,00%",,33ddías,501.909,501.909 | 501.909 | 501.909 | 501.909 | 501.909 | 501.909,Defensa
Marchal,Real Sociedad,0 | 0 | 0 | 0 | 0 | 0,"0,00% | 0,00% | 0,00% | 0,00% | 0,00% | 0,00%",,33ddías,602.234,602.234 | 602.234 | 602.234 | 602.234 | 602.234 | 602.234,Mediocampista
Yassin,Getafe,0 | 0 | 0 | 0 | 0 | 0,"0,00% | 0,00% | 0,00% | 0,00% | 0,00% | 0,00%",,33ddías,501.932,501.932 | 501.932 | 501.932 | 501.932 | 501.932 | 501.932,Defensa
Óscar Marcos,Celta,0 | 0 | 0 | 0 | 0 | 0,"0,00% | 0,00% | 0,00% | 0,00% | 0,00% | 0,00%",,33ddías,602.257,602.257 | 602.257 | 602.257 | 602.257 | 602.257 | 602.257,Delantero
Aller,Barcelona,0 | 0 | 0 | 0 | 0 | 0,"0,00% | 0,00% | 0,00% | 0,00% | 0,00% | 0,00%",,33ddías,702.705,702.705 | 702.705 | 702.705 | 702.705 | 702.705 | 702.705,Portero
Aleksandrov,Getafe,0 | 0 | 0 | 0 | 0 | 0,"0,00% | 0,00% | 0,00% | 0,00% | 0,00% | 0,00%",,33ddías,602.319,602.319 | 602.319 | 602.319 | 602.319 | 602.319 | 602.319,Delantero
Ballestero,Alavés,0 | 0 | 0 | 0 | 0 | 0,"0,00% | 0,00% | 0,00% | 0,00% | 0,00% | 0,00%",,33ddías,602.316,602.316 | 602.316 | 602.316 | 602.316 | 602.316 | 602.316,Defensa
Monreal,Athletic,0 | 0 | 0 | 0 | 0 | 0,"0,00% | 0,00% | 0,00% | 0,00% | 0,00% | 0,00%",,33ddías,602.257,602.257 | 602.257 | 602.257 | 602.257 | 602.257 | 602.257,Defensa
Adrián Pérez,Athletic,0 | 0 | 0 | 0 | 0 | 0,"0,00% | 0,00% | 0,00% | 0,00% | 0,00% | 0,00%",,33ddías,602.257,602.257 | 602.257 | 602.257 | 602.257 | 602.257 | 602.257,Delantero
Juan Hernández,Barcelona,0 | 0 | 0 | 0 | 0 | 0,"0,00% | 0,00% | 0,00% | 0,00% | 0,00% | 0,00%",,33ddías,581.760,581.760 | 581.760 | 581.760 | 581.760 | 581.760 | 581.760,Mediocampista
Espart,Barcelona,0 | 0 | 0 | 0 | 0 | 0,"0,00% | 0,00% | 0,00% | 0,00% | 0,00% | 0,00%",,33ddías,702.705,702.705 | 702.705 | 702.705 | 702.705 | 702.705 | 702.705,Defensa
Benito,Getafe,0 | 0 | 0 | 0 | 0 | 0,"0,00% | 0,00% | 0,00% | 0,00% | 0,00% | 0,00%",,33ddías,602.319,602.319 | 602.319 | 602.319 | 602.319 | 602.319 | 602.319,Portero
Javi Navarro,Real Madrid,0 | 0 | 0 | 0 | 0 | 0,"0,00% | 0,00% | 0,00% | 0,00% | 0,00% | 0,00%",,33ddías,702.622,702.622 | 702.622 | 702.622 | 702.622 | 702.622 | 702.622,Portero
Meixús,Celta,0 | 0 | 0 | 0 | 0 | 0,"0,00% | 0,00% | 0,00% | 0,00% | 0,00% | 0,00%",,33ddías,485.372,485.372 | 485.372 | 485.372 | 485.372 | 485.372 | 485.372,Defensa
Beitia,Real Sociedad,0 | 0 | 0 | 0 | 0 | 0,"0,00% | 0,00% | 0,00% | 0,00% | 0,00% | 0,00%",,33ddías,501.861,501.861 | 501.861 | 501.861 | 501.861 | 501.861 | 501.861,Defensa
Lebarbier,Real Sociedad,0 | 0 | 0 | 0 | 0 | 0,"0,00% | 0,00% | 0,00% | 0,00% | 0,00% | 0,00%",,33ddías,602.234,602.234 | 602.234 | 602.234 | 602.234 | 602.234 | 602.234,Defensa
Barry,Villarreal,0 | 0 | 0 | 0 | 0 | 0,"0,00% | 0,00% | 0,00% | 0,00% | 0,00% | 0,00%",,33ddías,602.292,602.292 | 602.292 | 602.292 | 602.292 | 602.292 | 602.292,Mediocampista
Delgado,Elche,0 | 0 | 0 | 0 | 0 | 0,"0,00% | 0,00% | 0,00% | 0,00% | 0,00% | 0,00%",,33ddías,602.324,602.324 | 602.324 | 602.324 | 602.324 | 602.324 | 602.324,Defensa
Álvaro,Alavés,0 | 0 | 0 | 0 | 0 | 0,"0,00% | 0,00% | 0,00% | 0,00% | 0,00% | 0,00%",,33ddías,501.929,501.929 | 501.929 | 501.929 | 501.929 | 501.929 | 501.929,Defensa
Selton,Athletic,0 | 0 | 0 | 0 | 0 | 0,"0,00% | 0,00% | 0,00% | 0,00% | 0,00% | 0,00%",,33ddías,602.257,602.257 | 602.257 | 602.257 | 602.257 | 602.257 | 602.257,Mediocampista
Echegoyen,Osasuna,0 | 0 | 0 | 0 | 0 | 0,"0,00% | 0,00% | 0,00% | 0,00% | 0,00% | 0,00%",,33ddías,562.286,562.286 | 562.286 | 562.286 | 562.286 | 562.286 | 562.286,Mediocampista
Niculaesei,Elche,0 | 0 | 0 | 0 | 0 | 0,"0,00% | 0,00% | 0,00% | 0,00% | 0,00% | 0,00%",,33ddías,803.099,803.099 | 803.099 | 803.099 | 803.099 | 803.099 | 803.099,Defensa
Dani Martínez,Atlético,-2.738 | -4.522 | -6.608 | -21.634 | -49.876 | -123.865,"-0,65% | -1,07% | -1,55% | -4,92% | -10,65% | -22,84%",,16ddías,418.461,421.199 | 422.983 | 425.069 | 440.095 | 468.337 | 542.326,Defensa
Fortuny,Real Madrid,0 | 0 | 0 | 0 | 0 | 0,"0,00% | 0,00% | 0,00% | 0,00% | 0,00% | 0,00%",,33ddías,602.234,602.234 | 602.234 | 602.234 | 602.234 | 602.234 | 602.234,Mediocampista
Huijsen,Real Madrid,-257.999 | -762.764 | -1.316.375 | -3.818.753 | -6.307.252 | -15.035.180,"-0,84% | -2,45% | -4,15% | -11,17% | -17,20% | -33,11%",,36ddías,30.367.953,30.625.952 | 31.130.717 | 31.684.328 | 34.186.706 | 36.675.205 | 45.403.133,Defensa
Ruggeri,Atlético,-144.016 | -292.756 | -409.941 | -779.285 | -1.446.445 | -3.367.691,"-2,13% | -4,25% | -5,85% | -10,56% | -17,97% | -33,77%",,30ddías,6.603.292,6.747.308 | 6.896.048 | 7.013.233 | 7.382.577 | 8.049.737 | 9.970.983,Defensa
Salinas,Málaga,0 | 0 | 0 | 0 | -18.620 | -543.266,"0,00% | 0,00% | 0,00% | 0,00% | -1,71% | -33,67%",,11ddías,1.070.070,1.070.070 | 1.070.070 | 1.070.070 | 1.070.070 | 1.088.690 | 1.613.336,Defensa
Iván Romero,Levante,+34.141 | +32.868 | +16.218 | -124.191 | -370.155 | -1.300.541,"+0,50% | +0,48% | +0,24% | -1,78% | -5,12% | -15,93%",,1ddías,6.864.994,6.830.853 | 6.832.126 | 6.848.776 | 6.989.185 | 7.235.149 | 8.165.535,Delantero
De la Fuente,Levante,0 | 0 | 0 | 0 | 0 | 0,"0,00% | 0,00% | 0,00% | 0,00% | 0,00% | 0,00%",,33ddías,14.052.528,14.052.528 | 14.052.528 | 14.052.528 | 14.052.528 | 14.052.528 | 14.052.528,Defensa
Aguado,Elche,-11.619 | -26.137 | -43.410 | -139.118 | -464.874 | -1.993.644,"-0,33% | -0,74% | -1,23% | -3,83% | -11,73% | -36,31%",,36ddías,3.497.652,3.509.271 | 3.523.789 | 3.541.062 | 3.636.770 | 3.962.526 | 5.491.296,Mediocampista
Santiago,Elche,-9.725 | -18.787 | -28.455 | -77.099 | -179.150 | -537.490,"-1,63% | -3,11% | -4,63% | -11,62% | -23,41% | -47,83%",,36ddías,586.152,595.877 | 604.939 | 614.607 | 663.251 | 765.302 | 1.123.642,Mediocampista
Sivera,Alavés,+480.093 | +1.103.660 | +1.764.543 | +4.760.963 | +9.271.081 | +15.403.452,"+1,60% | +3,76% | +6,15% | +18,52% | +43,74% | +102,27%",,34ddías,30.464.626,29.984.533 | 29.360.966 | 28.700.083 | 25.703.663 | 21.193.545 | 15.061.174,Portero
Affengruber,Elche,+258.777 | +494.907 | +930.575 | +2.998.675 | +7.516.615 | +24.852.280,"+0,78% | +1,51% | +2,88% | +9,91% | +29,20% | 0%",,28ddías,33.257.534,32.998.757 | 32.762.627 | 32.326.959 | 30.258.859 | 25.740.919 | 0,Defensa
Febas,Celta,+91.815 | +86.532 | +19.019 | -1.903.253 | -1.903.253 | -1.903.253,"+0,40% | +0,37% | +0,08% | -7,58% | -7,58% | -7,58%",,1ddías,23.193.635,23.101.820 | 23.107.103 | 23.174.616 | 25.096.888 | 25.096.888 | 25.096.888,Mediocampista
John ChetauyaJohn C.,Elche,-16.564 | -32.749 | -46.368 | -122.718 | -294.146 | -887.885,"-2,16% | -4,18% | -5,82% | -14,06% | -28,16% | -54,20%",,36ddías,750.278,766.842 | 783.027 | 796.646 | 872.996 | 1.044.424 | 1.638.163,Defensa
Bambo,Elche,-26.446 | -54.979 | -85.364 | -218.225 | +518.958 | +518.958,"-2,20% | -4,48% | -6,78% | -15,68% | 0% | 0%",,8ddías,1.173.423,1.199.869 | 1.228.402 | 1.258.787 | 1.391.648 | 0 | 0,Defensa
Vencedor,Athletic,0 | 0 | 0 | 0 | 0 | 0,"0,00% | 0,00% | 0,00% | 0,00% | 0,00% | 0,00%",,33ddías,2.208.253,2.208.253 | 2.208.253 | 2.208.253 | 2.208.253 | 2.208.253 | 2.208.253,Mediocampista
Youssef,Alavés,-3.151 | -8.201 | -13.690 | -43.804 | -105.170 | -291.990,"-0,63% | -1,63% | -2,68% | -8,11% | -17,48% | -37,03%",,28ddías,496.438,499.589 | 504.639 | 510.128 | 540.242 | 601.608 | 788.428,Defensa
Molina,Rayo,0 | 0 | 0 | 0 | 0 | 0,"0,00% | 0,00% | 0,00% | 0,00% | 0,00% | 0,00%",,33ddías,602.234,602.234 | 602.234 | 602.234 | 602.234 | 602.234 | 602.234,Portero
Jonny,Alavés,-42.465 | -91.205 | -153.863 | -382.800 | -952.144 | -3.344.058,"-0,76% | -1,63% | -2,72% | -6,49% | -14,73% | -37,76%",,32ddías,5.511.769,5.554.234 | 5.602.974 | 5.665.632 | 5.894.569 | 6.463.913 | 8.855.827,Defensa
Fran González,Sevilla,-13.446 | -27.170 | -27.170 | -27.170 | -27.170 | -27.170,"-1,95% | -3,87% | -3,87% | -3,87% | -3,87% | -3,87%",,2ddías,675.452,688.898 | 702.622 | 702.622 | 702.622 | 702.622 | 702.622,Portero
Mendy,Rayo,0 | 0 | 0 | 0 | 0 | 0,"0,00% | 0,00% | 0,00% | 0,00% | 0,00% | 0,00%",,33ddías,6.022.356,6.022.356 | 6.022.356 | 6.022.356 | 6.022.356 | 6.022.356 | 6.022.356,Defensa
Ortiz,Betis,0 | 0 | 0 | 0 | 0 | 0,"0,00% | 0,00% | 0,00% | 0,00% | 0,00% | 0,00%",,33ddías,1.706.372,1.706.372 | 1.706.372 | 1.706.372 | 1.706.372 | 1.706.372 | 1.706.372,Defensa
Osambela,Osasuna,0 | 0 | 0 | 0 | 0 | 0,"0,00% | 0,00% | 0,00% | 0,00% | 0,00% | 0,00%",,33ddías,501.932,501.932 | 501.932 | 501.932 | 501.932 | 501.932 | 501.932,Mediocampista
Juanpe,Rayo,0 | 0 | 0 | 0 | 0 | 0,"0,00% | 0,00% | 0,00% | 0,00% | 0,00% | 0,00%",,33ddías,602.234,602.234 | 602.234 | 602.234 | 602.234 | 602.234 | 602.234,Portero
Yáñez,Real Madrid,0 | 0 | 0 | 0 | 0 | 0,"0,00% | 0,00% | 0,00% | 0,00% | 0,00% | 0,00%",,33ddías,702.606,702.606 | 702.606 | 702.606 | 702.606 | 702.606 | 702.606,Delantero
D. Aguado,Real Madrid,0 | 0 | 0 | 0 | 0 | 0,"0,00% | 0,00% | 0,00% | 0,00% | 0,00% | 0,00%",,33ddías,774.109,774.109 | 774.109 | 774.109 | 774.109 | 774.109 | 774.109,Defensa
Mariezkurrena,Real Sociedad,0 | 0 | 0 | 0 | 0 | 0,"0,00% | 0,00% | 0,00% | 0,00% | 0,00% | 0,00%",,33ddías,677.966,677.966 | 677.966 | 677.966 | 677.966 | 677.966 | 677.966,Delantero
Arguibide,Osasuna,0 | 0 | 0 | 0 | 0 | 0,"0,00% | 0,00% | 0,00% | 0,00% | 0,00% | 0,00%",,33ddías,582.013,582.013 | 582.013 | 582.013 | 582.013 | 582.013 | 582.013,Defensa
Castrín,Sevilla,0 | 0 | 0 | 0 | 0 | 0,"0,00% | 0,00% | 0,00% | 0,00% | 0,00% | 0,00%",,33ddías,4.823.016,4.823.016 | 4.823.016 | 4.823.016 | 4.823.016 | 4.823.016 | 4.823.016,Defensa
Rafa,Sevilla,0 | 0 | 0 | 0 | 0 | 0,"0,00% | 0,00% | 0,00% | 0,00% | 0,00% | 0,00%",,33ddías,602.257,602.257 | 602.257 | 602.257 | 602.257 | 602.257 | 602.257,Portero
Diatta,Villarreal,0 | 0 | 0 | 0 | 0 | 0,"0,00% | 0,00% | 0,00% | 0,00% | 0,00% | 0,00%",,33ddías,581.656,581.656 | 581.656 | 581.656 | 581.656 | 581.656 | 581.656,Mediocampista
Swiderski,Alavés,0 | 0 | 0 | 0 | 0 | 0,"0,00% | 0,00% | 0,00% | 0,00% | 0,00% | 0,00%",,33ddías,602.316,602.316 | 602.316 | 602.316 | 602.316 | 602.316 | 602.316,Portero
Pablo García,Betis,0 | 0 | 0 | 0 | 0 | 0,"0,00% | 0,00% | 0,00% | 0,00% | 0,00% | 0,00%",,33ddías,2.509.371,2.509.371 | 2.509.371 | 2.509.371 | 2.509.371 | 2.509.371 | 2.509.371,Delantero
Bekhoucha,Getafe,0 | 0 | 0 | 0 | 0 | 0,"0,00% | 0,00% | 0,00% | 0,00% | 0,00% | 0,00%",,33ddías,1.104.254,1.104.254 | 1.104.254 | 1.104.254 | 1.104.254 | 1.104.254 | 1.104.254,Defensa
Alexander-Arnold,Real Madrid,-243.902 | -542.485 | -781.552 | -1.903.993 | -4.375.420 | -13.312.834,"-1,00% | -2,20% | -3,14% | -7,31% | -15,34% | -35,54%",,36ddías,24.142.657,24.386.559 | 24.685.142 | 24.924.209 | 26.046.650 | 28.518.077 | 37.455.491,Defensa
Luiz Felipe,Rayo,0 | 0 | 0 | 0 | 0 | 0,"0,00% | 0,00% | 0,00% | 0,00% | 0,00% | 0,00%",,33ddías,4.115.277,4.115.277 | 4.115.277 | 4.115.277 | 4.115.277 | 4.115.277 | 4.115.277,Defensa
Rueda,Celta,+62.404 | +107.804 | +144.531 | +156.800 | -62.202 | -1.016.429,"+1,66% | +2,90% | +3,93% | +4,28% | -1,60% | -21,01%",,5ddías,3.820.830,3.758.426 | 3.713.026 | 3.676.299 | 3.664.030 | 3.883.032 | 4.837.259,Defensa
Pinillos,Alavés,0 | 0 | 0 | 0 | 0 | 0,"0,00% | 0,00% | 0,00% | 0,00% | 0,00% | 0,00%",,33ddías,501.929,501.929 | 501.929 | 501.929 | 501.929 | 501.929 | 501.929,Mediocampista
Radu,Celta,+281.300 | +543.704 | +994.006 | +3.508.803 | +8.907.196 | +19.078.839,"+0,70% | +1,37% | +2,53% | +9,56% | +28,44% | +90,22%",,35ddías,40.225.317,39.944.017 | 39.681.613 | 39.231.311 | 36.716.514 | 31.318.121 | 21.146.478,Portero
Becerra,Rayo,0 | 0 | 0 | 0 | 0 | 0,"0,00% | 0,00% | 0,00% | 0,00% | 0,00% | 0,00%",,33ddías,581.700,581.700 | 581.700 | 581.700 | 581.700 | 581.700 | 581.700,Mediocampista
Vertrouwd,Rayo,0 | 0 | 0 | 0 | 0 | 0,"0,00% | 0,00% | 0,00% | 0,00% | 0,00% | 0,00%",,33ddías,1.003.725,1.003.725 | 1.003.725 | 1.003.725 | 1.003.725 | 1.003.725 | 1.003.725,Defensa
Primo,Levante,0 | 0 | 0 | 0 | 0 | 0,"0,00% | 0,00% | 0,00% | 0,00% | 0,00% | 0,00%",,33ddías,1.104.126,1.104.126 | 1.104.126 | 1.104.126 | 1.104.126 | 1.104.126 | 1.104.126,Portero
Cortés,Levante,0 | 0 | 0 | 0 | 0 | 0,"0,00% | 0,00% | 0,00% | 0,00% | 0,00% | 0,00%",,33ddías,803.000,803.000 | 803.000 | 803.000 | 803.000 | 803.000 | 803.000,Delantero
Carlos Espí,Real Madrid,-274.603 | +4.529.482 | +4.529.482 | +4.529.482 | +4.529.482 | +4.529.482,"-3,29% | 0% | 0% | 0% | 0% | 0%",,1ddías,8.060.611,8.335.214 | 0 | 0 | 0 | 0 | 0,Delantero
Toljan,Levante,-67.020 | -121.768 | -139.808 | -284.081 | -751.639 | -2.641.698,"-1,48% | -2,65% | -3,03% | -5,97% | -14,39% | -37,13%",,34ddías,4.473.402,4.540.422 | 4.595.170 | 4.613.210 | 4.757.483 | 5.225.041 | 7.115.100,Defensa
Pablo CamposCuñat Campos,Levante,-20.051 | -43.048 | -65.561 | -141.818 | -58.918 | -470.016,"-1,72% | -3,63% | -5,43% | -11,04% | -4,90% | -29,15%",,9ddías,1.142.419,1.162.470 | 1.185.467 | 1.207.980 | 1.284.237 | 1.201.337 | 1.612.435,Portero
Víctor García,Levante,-51.122 | -103.210 | -158.935 | -411.831 | -947.949 | -2.723.873,"-2,33% | -4,59% | -6,90% | -16,11% | -30,65% | -55,95%",,36ddías,2.144.397,2.195.519 | 2.247.607 | 2.303.332 | 2.556.228 | 3.092.346 | 4.868.270,Defensa
Joselu,Getafe,0 | 0 | 0 | 0 | 0 | 0,"0,00% | 0,00% | 0,00% | 0,00% | 0,00% | 0,00%",,33ddías,602.319,602.319 | 602.319 | 602.319 | 602.319 | 602.319 | 602.319,Delantero
Manu Fernández,Celta,-2.585 | -4.209 | -6.129 | -20.417 | -47.041 | -125.700,"-0,62% | -1,00% | -1,46% | -4,69% | -10,19% | -23,26%",,36ddías,414.787,417.372 | 418.996 | 420.916 | 435.204 | 461.828 | 540.487,Defensa
Torrents,Barcelona,0 | 0 | 0 | 0 | 0 | 0,"0,00% | 0,00% | 0,00% | 0,00% | 0,00% | 0,00%",,33ddías,602.319,602.319 | 602.319 | 602.319 | 602.319 | 602.319 | 602.319,Defensa
Esquivel,Atlético,0 | 0 | 0 | 0 | 0 | 0,"0,00% | 0,00% | 0,00% | 0,00% | 0,00% | 0,00%",,33ddías,602.292,602.292 | 602.292 | 602.292 | 602.292 | 602.292 | 602.292,Portero
Rego,Athletic,0 | 0 | 0 | 0 | 0 | 0,"0,00% | 0,00% | 0,00% | 0,00% | 0,00% | 0,00%",,33ddías,5.018.825,5.018.825 | 5.018.825 | 5.018.825 | 5.018.825 | 5.018.825 | 5.018.825,Defensa
Redondo,Elche,-19.345 | -39.548 | -63.428 | -171.829 | -395.302 | -1.151.647,"-2,02% | -4,04% | -6,32% | -15,45% | -29,60% | -55,06%",,36ddías,940.032,959.377 | 979.580 | 1.003.460 | 1.111.861 | 1.335.334 | 2.091.679,Mediocampista
Hancko,Atlético,+814.728 | +1.546.536 | +2.390.250 | +4.509.665 | +3.741.277 | -3.194.831,"+2,37% | +4,59% | +7,27% | +14,67% | +11,87% | -8,31%",,8ddías,35.257.793,34.443.065 | 33.711.257 | 32.867.543 | 30.748.128 | 31.516.516 | 38.452.624,Defensa
Dituro,Elche,+139.257 | +270.025 | +285.633 | +288.726 | -57.359 | -930.421,"+2,07% | +4,10% | +4,34% | +4,39% | -0,83% | -11,94%",,5ddías,6.862.150,6.722.893 | 6.592.125 | 6.576.517 | 6.573.424 | 6.919.509 | 7.792.571,Portero
Fortea,Real Madrid,0 | 0 | 0 | 0 | 0 | 0,"0,00% | 0,00% | 0,00% | 0,00% | 0,00% | 0,00%",,33ddías,802.099,802.099 | 802.099 | 802.099 | 802.099 | 802.099 | 802.099,Defensa
Jutglà,Celta,+26.121 | +12.009 | -19.350 | -239.765 | -811.417 | -3.827.341,"+0,29% | +0,13% | -0,21% | -2,56% | -8,17% | -29,57%",,1ddías,9.117.522,9.091.401 | 9.105.513 | 9.136.872 | 9.357.287 | 9.928.939 | 12.944.863,Delantero
Martim Neto,Elche,-24.192 | -50.497 | -73.002 | -190.852 | -385.380 | -1.016.564,"-1,37% | -2,81% | -4,02% | -9,86% | -18,10% | -36,83%",,36ddías,1.743.925,1.768.117 | 1.794.422 | 1.816.927 | 1.934.777 | 2.129.305 | 2.760.489,Mediocampista
Valentín Gómez,Betis,-32.776 | -67.873 | -102.293 | -269.678 | -593.594 | -1.726.867,"-1,71% | -3,47% | -5,14% | -12,50% | -23,92% | -47,77%",,36ddías,1.888.145,1.920.921 | 1.956.018 | 1.990.438 | 2.157.823 | 2.481.739 | 3.615.012,Defensa
Deossa,Betis,+38.345 | +69.721 | +91.675 | +49.906 | -274.941 | -1.472.454,"+2,01% | +3,71% | +4,94% | +2,63% | -12,38% | -43,07%",,5ddías,1.946.475,1.908.130 | 1.876.754 | 1.854.800 | 1.896.569 | 2.221.416 | 3.418.929,Mediocampista
Junior,Betis,-62.414 | -136.450 | -216.728 | -604.857 | -1.354.060 | -3.662.411,"-1,64% | -3,51% | -5,47% | -13,90% | -26,54% | -49,43%",,36ddías,3.747.605,3.810.019 | 3.884.055 | 3.964.333 | 4.352.462 | 5.101.665 | 7.410.016,Defensa
Dolan,Espanyol,-48.465 | -102.091 | -166.926 | -462.365 | -1.126.688 | -2.841.020,"-0,79% | -1,65% | -2,67% | -7,06% | -15,63% | -31,84%",,29ddías,6.082.748,6.131.213 | 6.184.839 | 6.249.674 | 6.545.113 | 7.209.436 | 8.923.768,Delantero
Bigas,Elche,-145.667 | -288.118 | -422.126 | -992.923 | -2.087.943 | -3.989.346,"-2,49% | -4,80% | -6,88% | -14,81% | -26,77% | -41,13%",,31ddías,5.710.288,5.855.955 | 5.998.406 | 6.132.414 | 6.703.211 | 7.798.231 | 9.699.634,Defensa
Roger BruguéBrugui,Levante,-73.307 | -140.386 | -212.830 | -524.483 | -1.180.005 | -3.362.568,"-2,78% | -5,19% | -7,67% | -16,98% | -31,52% | -56,74%",,37ddías,2.563.436,2.636.743 | 2.703.822 | 2.776.266 | 3.087.919 | 3.743.441 | 5.926.004,Delantero
Jorge Cabello,Levante,-23.650 | -47.217 | -71.995 | -187.642 | +343.479 | +343.479,"-2,51% | -4,88% | -7,26% | -16,94% | 0% | 0%",,13ddías,920.355,944.005 | 967.572 | 992.350 | 1.107.997 | 0 | 0,Defensa
C. Álvarez,Levante,+258.544 | +547.329 | +729.599 | +1.818.493 | +4.100.059 | +9.079.182,"+1,35% | +2,90% | +3,91% | +10,34% | +26,79% | +87,92%",,35ddías,19.405.435,19.146.891 | 18.858.106 | 18.675.836 | 17.586.942 | 15.305.376 | 10.326.253,Mediocampista
Oriol Rey,Levante,-17.067 | -34.844 | -50.558 | -137.385 | -322.497 | -941.239,"-2,12% | -4,23% | -6,03% | -14,85% | -29,04% | -54,43%",,36ddías,787.971,805.038 | 822.815 | 838.529 | 925.356 | 1.110.468 | 1.729.210,Mediocampista
Gorrotxategi,Real Sociedad,-188.425 | -389.753 | -581.471 | -1.390.058 | -2.110.122 | -3.591.348,"-2,58% | -5,20% | -7,57% | -16,37% | -22,90% | -33,58%",,29ddías,7.103.003,7.291.428 | 7.492.756 | 7.684.474 | 8.493.061 | 9.213.125 | 10.694.351,Mediocampista
Ugrinic,Valencia,-64.808 | -125.421 | -213.127 | -631.718 | -1.491.006 | -4.012.522,"-1,62% | -3,09% | -5,14% | -13,85% | -27,50% | -50,52%",,34ddías,3.929.990,3.994.798 | 4.055.411 | 4.143.117 | 4.561.708 | 5.420.996 | 7.942.512,Mediocampista
Hierro,Athletic,0 | 0 | 0 | 0 | 0 | 0,"0,00% | 0,00% | 0,00% | 0,00% | 0,00% | 0,00%",,33ddías,602.257,602.257 | 602.257 | 602.257 | 602.257 | 602.257 | 602.257,Delantero
Boñar,Atlético,-4.033 | -7.165 | -10.656 | -31.911 | -70.771 | -203.321,"-0,89% | -1,57% | -2,32% | -6,63% | -13,60% | -31,14%",,30ddías,449.532,453.565 | 456.697 | 460.188 | 481.443 | 520.303 | 652.853,Defensa
Niño,Málaga,-14.003 | -29.275 | -44.758 | -117.744 | -302.101 | -1.029.878,"-0,51% | -1,06% | -1,61% | -4,14% | -9,97% | -27,40%",,36ddías,2.728.780,2.742.783 | 2.758.055 | 2.773.538 | 2.846.524 | 3.030.881 | 3.758.658,Delantero
Salinas,Racing,0 | 0 | 0 | 0 | 0 | 0,"0,00% | 0,00% | 0,00% | 0,00% | 0,00% | 0,00%",,32ddías,6.022.356,6.022.356 | 6.022.356 | 6.022.356 | 6.022.356 | 6.022.356 | 6.022.356,Defensa
Santaella,Málaga,0 | 0 | 0 | 0 | 0 | +449,"0,00% | 0,00% | 0,00% | 0,00% | 0,00% | 0%",,28ddías,401.498,401.498 | 401.498 | 401.498 | 401.498 | 401.498 | 0,Defensa
Diego Diaz,Racing,0 | 0 | 0 | 0 | 0 | 0,"0,00% | 0,00% | 0,00% | 0,00% | 0,00% | 0,00%",,32ddías,602.234,602.234 | 602.234 | 602.234 | 602.234 | 602.234 | 602.234,Delantero
Santi Franco,Racing,0 | 0 | 0 | 0 | 0 | 0,"0,00% | 0,00% | 0,00% | 0,00% | 0,00% | 0,00%",,32ddías,702.606,702.606 | 702.606 | 702.606 | 702.606 | 702.606 | 702.606,Delantero
Canales,Racing,+794.276 | +1.424.250 | +1.679.141 | +10.157.663 | +10.157.663 | +10.157.663,"+4,09% | +7,59% | +9,07% | +101,20% | +101,20% | +101,20%",,3ddías,20.194.925,19.400.649 | 18.770.675 | 18.515.784 | 10.037.262 | 10.037.262 | 10.037.262,Mediocampista
Guliashvili,Racing,-76.438 | -152.312 | -230.561 | -577.188 | -1.287.155 | -3.444.882,"-3,14% | -6,06% | -8,90% | -19,64% | -35,28% | -59,33%",,36ddías,2.361.335,2.437.773 | 2.513.647 | 2.591.896 | 2.938.523 | 3.648.490 | 5.806.217,Delantero
Arana,Racing,-11.230 | -25.452 | -37.206 | -92.573 | -178.781 | -547.129,"-1,33% | -2,97% | -4,29% | -10,03% | -17,71% | -39,71%",,36ddías,830.692,841.922 | 856.144 | 867.898 | 923.265 | 1.009.473 | 1.377.821,Delantero
Iñigo Vicente,Racing,+9.615 | -4.179 | -87.255 | -640.661 | -2.243.802 | -6.457.966,"+0,05% | -0,02% | -0,46% | -3,30% | -10,68% | -25,61%",,1ddías,18.763.005,18.753.390 | 18.767.184 | 18.850.260 | 19.403.666 | 21.006.807 | 25.220.971,Delantero
Solórzano,Racing,0 | 0 | 0 | 0 | 0 | 0,"0,00% | 0,00% | 0,00% | 0,00% | 0,00% | 0,00%",,32ddías,602.234,602.234 | 602.234 | 602.234 | 602.234 | 602.234 | 602.234,Mediocampista
Puerta,Racing,+239.529 | +416.600 | +586.098 | +1.154.656 | +2.518.469 | +975.811,"+2,07% | +3,65% | +5,21% | +10,81% | +27,03% | +8,98%",,15ddías,11.836.985,11.597.456 | 11.420.385 | 11.250.887 | 10.682.329 | 9.318.516 | 10.861.174,Mediocampista
Sergio Martínez,Racing,0 | 0 | 0 | 0 | 0 | 0,"0,00% | 0,00% | 0,00% | 0,00% | 0,00% | 0,00%",,32ddías,702.606,702.606 | 702.606 | 702.606 | 702.606 | 702.606 | 702.606,Mediocampista
Gueye,Racing,-13.793 | -55.707 | -101.817 | -334.209 | -786.923 | -2.759.768,"-0,32% | -1,30% | -2,34% | -7,30% | -15,64% | -39,41%",,32ddías,4.243.630,4.257.423 | 4.299.337 | 4.345.447 | 4.577.839 | 5.030.553 | 7.003.398,Mediocampista
Crespo,Racing,0 | 0 | 0 | 0 | 0 | 0,"0,00% | 0,00% | 0,00% | 0,00% | 0,00% | 0,00%",,32ddías,802.979,802.979 | 802.979 | 802.979 | 802.979 | 802.979 | 802.979,Defensa
Facundo GonzálezFacu González,Racing,-13.521 | -25.978 | -37.005 | -113.876 | -425.401 | -425.401,"-0,44% | -0,83% | -1,18% | -3,56% | -12,11% | -12,11%",,12ddías,3.087.639,3.101.160 | 3.113.617 | 3.124.644 | 3.201.515 | 3.513.040 | 3.513.040,Defensa
Carlos Sánchez,Racing,0 | 0 | 0 | 0 | 0 | 0,"0,00% | 0,00% | 0,00% | 0,00% | 0,00% | 0,00%",,32ddías,702.606,702.606 | 702.606 | 702.606 | 702.606 | 702.606 | 702.606,Defensa
Hernando,Racing,-31.756 | -57.183 | -69.665 | -120.305 | -249.563 | -1.218.411,"-1,66% | -2,95% | -3,57% | -6,01% | -11,71% | -39,31%",,36ddías,1.881.107,1.912.863 | 1.938.290 | 1.950.772 | 2.001.412 | 2.130.670 | 3.099.518,Defensa
Chupete,Málaga,+507.936 | +1.252.389 | +2.375.434 | +7.287.455 | +16.633.190 | 0,"+0,95% | +2,39% | +4,63% | +15,70% | +44,86% | 0%",,27ddías,53.715.179,53.207.243 | 52.462.790 | 51.339.745 | 46.427.724 | 37.081.989 | 0,Delantero
Joaquín,Málaga,-129.085 | -272.338 | -407.552 | -1.045.890 | -2.135.220 | -5.776.822,"-1,76% | -3,63% | -5,34% | -12,65% | -22,81% | -44,43%",,36ddías,7.224.226,7.353.311 | 7.496.564 | 7.631.778 | 8.270.116 | 9.359.446 | 13.001.048,Delantero
Merino,Málaga,-50.671 | -100.055 | -146.930 | -453.531 | -1.085.343 | -3.344.318,"-0,76% | -1,49% | -2,17% | -6,41% | -14,09% | -33,57%",,32ddías,6.618.673,6.669.344 | 6.718.728 | 6.765.603 | 7.072.204 | 7.704.016 | 9.962.991,Mediocampista
Lorenzo,Málaga,+74.628 | +144.967 | +273.059 | +836.900 | +981.244 | -938.487,"+0,80% | +1,56% | +2,98% | +9,74% | +11,61% | -9,05%",,11ddías,9.429.605,9.354.977 | 9.284.638 | 9.156.546 | 8.592.705 | 8.448.361 | 10.368.092,Mediocampista
Rafa Rodríguez,Málaga,0 | 0 | 0 | 0 | 0 | 0,"0,00% | 0,00% | 0,00% | 0,00% | 0,00% | 0,00%",,32ddías,6.270.426,6.270.426 | 6.270.426 | 6.270.426 | 6.270.426 | 6.270.426 | 6.270.426,Mediocampista
Ochoa,Málaga,0 | 0 | 0 | 0 | 0 | 0,"0,00% | 0,00% | 0,00% | 0,00% | 0,00% | 0,00%",,32ddías,3.513.040,3.513.040 | 3.513.040 | 3.513.040 | 3.513.040 | 3.513.040 | 3.513.040,Mediocampista
Enríquez,Málaga,-17.346 | -36.153 | -55.339 | -146.234 | -322.640 | -883.278,"-1,97% | -4,02% | -6,02% | -14,47% | -27,18% | -50,55%",,36ddías,864.228,881.574 | 900.381 | 919.567 | 1.010.462 | 1.186.868 | 1.747.506,Mediocampista
Juanpe,Málaga,0 | 0 | 0 | 0 | 0 | 0,"0,00% | 0,00% | 0,00% | 0,00% | 0,00% | 0,00%",,32ddías,581.931,581.931 | 581.931 | 581.931 | 581.931 | 581.931 | 581.931,Mediocampista
Lobete,Málaga,-15.119 | -35.910 | -57.695 | -157.352 | -346.917 | -933.057,"-1,72% | -4,00% | -6,27% | -15,43% | -28,69% | -51,97%",,36ddías,862.257,877.376 | 898.167 | 919.952 | 1.019.609 | 1.209.174 | 1.795.314,Delantero
Sainz-Maza,Racing,-19.753 | -37.331 | -57.523 | -148.591 | -322.163 | -933.586,"-2,33% | -4,32% | -6,50% | -15,23% | -28,04% | -53,03%",,36ddías,826.816,846.569 | 864.147 | 884.339 | 975.407 | 1.148.979 | 1.760.402,Defensa
Jauregi,Málaga,-46.172 | -94.905 | -94.905 | -94.905 | -94.905 | -94.905,"-3,06% | -6,10% | -6,10% | -6,10% | -6,10% | -6,10%",,2ddías,1.460.869,1.507.041 | 1.555.774 | 1.555.774 | 1.555.774 | 1.555.774 | 1.555.774,Delantero
Haitam,Málaga,-3.591 | -6.262 | -9.273 | -28.398 | -65.642 | -183.680,"-0,81% | -1,41% | -2,07% | -6,08% | -13,01% | -29,50%",,36ddías,438.916,442.507 | 445.178 | 448.189 | 467.314 | 504.558 | 622.596,Delantero
Jiménez,Racing,0 | 0 | 0 | 0 | 0 | 0,"0,00% | 0,00% | 0,00% | 0,00% | 0,00% | 0,00%",,32ddías,602.234,602.234 | 602.234 | 602.234 | 602.234 | 602.234 | 602.234,Portero
Eriksson,Racing,+32.698 | +71.398 | +115.728 | +339.648 | +696.743 | +124.009,"+1,12% | +2,48% | +4,08% | +13,01% | +30,91% | +4,39%",,15ddías,2.951.098,2.918.400 | 2.879.700 | 2.835.370 | 2.611.450 | 2.254.355 | 2.827.089,Portero
Laro Gómez,Racing,0 | 0 | 0 | 0 | 0 | 0,"0,00% | 0,00% | 0,00% | 0,00% | 0,00% | 0,00%",,32ddías,602.234,602.234 | 602.234 | 602.234 | 602.234 | 602.234 | 602.234,Portero
Mantilla,Racing,+53.519 | +103.714 | +146.265 | +314.425 | +440.140 | -100.598,"+2,12% | +4,19% | +6,02% | +13,89% | +20,59% | -3,76%",,13ddías,2.577.788,2.524.269 | 2.474.074 | 2.431.523 | 2.263.363 | 2.137.648 | 2.678.386,Defensa
Vallecillo,Racing,0 | 0 | 0 | 0 | 0 | +743,"0,00% | 0,00% | 0,00% | 0,00% | 0,00% | 0%",,28ddías,677.940,677.940 | 677.940 | 677.940 | 677.940 | 677.940 | 0,Mediocampista
Larrubia,Málaga,+551.202 | +1.392.173 | +2.257.766 | +7.226.275 | +17.106.138 | 0,"+0,99% | +2,55% | +4,21% | +14,83% | +44,04% | 0%",,26ddías,55.948.998,55.397.796 | 54.556.825 | 53.691.232 | 48.722.723 | 38.842.860 | 0,Mediocampista
Arriaza,Málaga,0 | 0 | 0 | 0 | 0 | 0,"0,00% | 0,00% | 0,00% | 0,00% | 0,00% | 0,00%",,32ddías,401.498,401.498 | 401.498 | 401.498 | 401.498 | 401.498 | 401.498,Defensa
Manuel Pellegrini,Betis,-156.057 | -328.190 | -506.949 | -1.234.186 | -2.942.201 | -1.918.017,"-2,97% | -6,05% | -9,04% | -19,48% | -36,58% | 0%",,18ddías,5.100.360,5.256.417 | 5.428.550 | 5.607.309 | 6.334.546 | 8.042.561 | 0,
Carlos Corberán,Valencia,-17.141 | -33.927 | -51.641 | -135.705 | -316.008 | -138.240,"-2,19% | -4,25% | -6,33% | -15,08% | -29,26% | 0%",,18ddías,764.121,781.262 | 798.048 | 815.762 | 899.826 | 1.080.129 | 0,
Luis García,Sevilla,-25.831 | -51.670 | -78.814 | -204.954 | -477.150 | +170.590,"-2,59% | -5,04% | -7,50% | -17,40% | -32,91% | 0%",,15ddías,972.689,998.520 | 1.024.359 | 1.051.503 | 1.177.643 | 1.449.839 | 0,
Pellegrino Matarazzo,Real Sociedad,-167.088 | -342.748 | -523.543 | -1.339.377 | -3.108.187 | -393.254,"-3,49% | -6,91% | -10,18% | -22,48% | -40,22% | 0%",,16ddías,4.619.872,4.786.960 | 4.962.620 | 5.143.415 | 5.959.249 | 7.728.059 | 0,
José Mourinho,Real Madrid,-527.545 | -1.076.788 | -1.665.897 | -4.398.472 | -7.000.121 | 0,"-3,16% | -6,25% | -9,35% | -21,40% | -30,23% | 0%",,13ddías,16.153.373,16.680.918 | 17.230.161 | 17.819.270 | 20.551.845 | 23.153.494 | 0,
Beñat San José,Rayo,-64.452 | -130.521 | -199.571 | -511.540 | -184.212 | 0,"-3,28% | -6,43% | -9,51% | -21,22% | -8,84% | 0%",,11ddías,1.899.597,1.964.049 | 2.030.118 | 2.099.168 | 2.411.137 | 2.083.809 | 0,
José Alberto López,Racing,-31.044 | -62.313 | -95.114 | -246.338 | -573.608 | +295.712,"-2,75% | -5,37% | -7,97% | -18,33% | -34,32% | 0%",,14ddías,1.097.811,1.128.855 | 1.160.124 | 1.192.925 | 1.344.149 | 1.671.419 | 0,
Luis Miguel Ramis,Osasuna,-55.450 | -112.142 | -171.425 | -440.081 | -400.258 | 0,"-3,19% | -6,25% | -9,24% | -20,72% | -19,21% | 0%",,12ddías,1.683.551,1.739.001 | 1.795.693 | 1.854.976 | 2.123.632 | 2.083.809 | 0,
Juan Funes,Málaga,-47.552 | -96.017 | -146.730 | -377.384 | -595.277 | +491.378,"-3,08% | -6,04% | -8,94% | -20,17% | -28,49% | 0%",,13ddías,1.494.003,1.541.555 | 1.590.020 | 1.640.733 | 1.871.387 | 2.089.280 | 0,
Luis Castro,Levante,-46.778 | -94.437 | -144.310 | -371.239 | -864.723 | -28.514,"-3,07% | -6,02% | -8,91% | -20,10% | -36,95% | 0%",,16ddías,1.475.423,1.522.201 | 1.569.860 | 1.619.733 | 1.846.662 | 2.340.146 | 0,
Pepe Bordalás,Getafe,-2.150.152 | -4.388.825 | -6.721.004 | -17.736.468 | +40.539.735 | +46.943.262,"-3,97% | -7,79% | -11,45% | -25,45% | +355,09% | 0%",,6ddías,51.956.388,54.106.540 | 56.345.213 | 58.677.392 | 69.692.856 | 11.416.653 | 0,
Manolo González,Espanyol,-39.332 | -79.234 | -121.027 | -310.990 | -725.434 | -207.219,"-2,94% | -5,76% | -8,54% | -19,34% | -35,87% | 0%",,17ddías,1.296.718,1.336.050 | 1.375.952 | 1.417.745 | 1.607.708 | 2.022.152 | 0,
Martín Anselmi,Elche,-64.452 | -130.521 | -199.571 | -511.540 | -184.212 | 0,"-3,28% | -6,43% | -9,51% | -21,22% | -8,84% | 0%",,11ddías,1.899.597,1.964.049 | 2.030.118 | 2.099.168 | 2.411.137 | 2.083.809 | 0,
Antonio Hidalgo,Deportivo,-65.454 | -132.567 | -202.705 | -519.495 | -1.210.273 | +419.709,"-3,29% | -6,45% | -9,53% | -21,26% | -38,62% | 0%",,14ddías,1.923.646,1.989.100 | 2.056.213 | 2.126.351 | 2.443.141 | 3.133.919 | 0,
Claudio Giráldez,Celta,-99.127 | -199.685 | -303.527 | -628.113 | -1.578.946 | -2.206.399,"-3,41% | -6,64% | -9,76% | -18,29% | -36,00% | 0%",,4ddías,2.806.727,2.905.854 | 3.006.412 | 3.110.254 | 3.434.840 | 4.385.673 | 0,
Hansi Flick,Barcelona,-295.127 | -557.730 | -838.544 | -1.648.008 | -4.494.617 | -3.883.587,"-2,58% | -4,76% | -6,99% | -12,87% | -28,72% | 0%",,4ddías,11.155.795,11.450.922 | 11.713.525 | 11.994.339 | 12.803.803 | 15.650.412 | 0,
Yeremay,Deportivo,-1.226.022 | -2.106.578 | -2.396.790 | -385.863 | +9.798.743 | 0,"-2,12% | -3,58% | -4,06% | -0,68% | +20,90% | 0%",,3ddías,56.690.590,57.916.612 | 58.797.168 | 59.087.380 | 57.076.453 | 46.891.847 | 0,Delantero
Hjulmand,Atlético,+507.890 | +709.090 | +747.531 | -81.777 | 0 | 0,"+1,52% | +2,13% | +2,25% | -0,24% | 0% | 0%",,3ddías,33.940.963,33.433.073 | 33.231.873 | 33.193.432 | 34.022.740 | 0 | 0,Mediocampista
Dumfries,Real Madrid,-1.424.951 | -2.464.990 | -2.908.880 | -236.327 | +9.479.059 | 0,"-2,20% | -3,74% | -4,38% | -0,37% | +17,55% | 0%",,3ddías,63.487.680,64.912.631 | 65.952.670 | 66.396.560 | 63.724.007 | 54.008.621 | 0,Defensa
Hartman,Espanyol,-180.955 | -328.813 | -422.455 | -1.097.473 | -2.768.176 | 0,"-1,85% | -3,31% | -4,22% | -10,27% | -22,39% | 0%",,20ddías,9.593.297,9.774.252 | 9.922.110 | 10.015.752 | 10.690.770 | 12.361.473 | 0,Defensa
Cucurella,Real Madrid,+1.189.061 | +3.150.072 | +5.441.995 | +16.578.374 | +34.651.757 | 0,"+1,45% | +3,93% | +6,99% | +24,83% | +71,17% | 0%",,14ddías,83.343.244,82.154.183 | 80.193.172 | 77.901.249 | 66.764.870 | 48.691.487 | 0,Defensa
Konaté,Real Madrid,+1.300.580 | +2.627.976 | +4.004.336 | +10.352.861 | +18.234.304 | 0,"+2,85% | +5,94% | +9,33% | +28,32% | +63,60% | 0%",,13ddías,46.906.486,45.605.906 | 44.278.510 | 42.902.150 | 36.553.625 | 28.672.182 | 0,Defensa
Aubameyang,Deportivo,+1.363.042 | +2.478.561 | +3.754.787 | +9.122.572 | 0 | 0,"+5,28% | +10,03% | +16,02% | +50,50% | 0% | 0%",,12ddías,27.187.958,25.824.916 | 24.709.397 | 23.433.171 | 18.065.386 | 0 | 0,Delantero
Calatrava,Espanyol,+86.521 | +137.846 | +197.162 | +417.162 | +470.676 | 0,"+2,38% | +3,85% | +5,60% | +12,64% | +14,50% | 0%",,11ddías,3.716.776,3.630.255 | 3.578.930 | 3.519.614 | 3.299.614 | 3.246.100 | 0,Delantero
Bernardo Silva,Real Madrid,+1.882.574 | +3.586.560 | +5.292.466 | +9.344.396 | 0 | 0,"+4,08% | +8,08% | +12,40% | +24,18% | 0% | 0%",,7ddías,47.988.419,46.105.845 | 44.401.859 | 42.695.953 | 38.644.023 | 0 | 0,Mediocampista
Diego Simeone,Atlético,-215.917 | -411.312 | -634.388 | -1.379.237 | -3.459.202 | -3.329.139,"-3,12% | -5,79% | -8,65% | -17,08% | -34,06% | 0%",,19ddías,6.697.115,6.913.032 | 7.108.427 | 7.331.503 | 8.076.352 | 10.156.317 | 0,
Amatucci,Deportivo,+61.035 | +36.117 | -4.666 | 0 | 0 | 0,"+0,51% | +0,30% | -0,04% | 0% | 0% | 0%",,1ddías,12.046.592,11.985.557 | 12.010.475 | 12.051.258 | 0 | 0 | 0,Mediocampista
De Haas,Valencia,+129.340 | +203.791 | +237.585 | 0 | 0 | 0,"+1,52% | +2,41% | +2,82% | 0% | 0% | 0%",,3ddías,8.660.893,8.531.553 | 8.457.102 | 8.423.308 | 0 | 0 | 0,Defensa
Dieng,Valencia,-111.561 | -209.569 | -295.209 | 0 | 0 | 0,"-2,14% | -3,94% | -5,47% | 0% | 0% | 0%",,5ddías,5.105.025,5.216.586 | 5.314.594 | 5.400.234 | 0 | 0 | 0,Mediocampista
Moscardo,Espanyol,-243.145 | -488.487 | -753.324 | 0 | 0 | 0,"-2,29% | -4,50% | -6,77% | 0% | 0% | 0%",,4ddías,10.366.601,10.609.746 | 10.855.088 | 11.119.925 | 0 | 0 | 0,Mediocampista
Quique Sánchez,Alavés,-25.831 | -51.670 | -78.814 | -204.954 | -477.150 | +170.590,"-2,59% | -5,04% | -7,50% | -17,40% | -32,91% | 0%",,15ddías,972.689,998.520 | 1.024.359 | 1.051.503 | 1.177.643 | 1.449.839 | 0,
Edin Terzic,Athletic,-372.994 | -762.554 | -1.171.172 | -2.988.174 | -3.077.695 | 0,"-3,81% | -7,49% | -11,05% | -24,07% | -24,62% | 0%",,12ddías,9.425.186,9.798.180 | 10.187.740 | 10.596.358 | 12.413.360 | 12.502.881 | 0,
Moussa,Málaga,0 | 0 | 0 | 0 | 0 | 0,"0,00% | 0,00% | 0,00% | 0,00% | 0,00% | 0,00%",,32ddías,401.498,401.498 | 401.498 | 401.498 | 401.498 | 401.498 | 401.498,Defensa
Pastor,Málaga,-1.421 | -2.268 | -2.268 | -2.268 | -2.268 | -2.268,"-0,37% | -0,58% | -0,58% | -0,58% | -0,58% | -0,58%",,2ddías,386.848,388.269 | 389.116 | 389.116 | 389.116 | 389.116 | 389.116,Defensa
Puric,Atlético,-3.587 | -6.255 | -9.263 | -28.372 | -65.582 | -183.497,"-0,81% | -1,41% | -2,07% | -6,07% | -13,00% | -29,49%",,36ddías,438.837,442.424 | 445.092 | 448.100 | 467.209 | 504.419 | 622.334,Defensa
Mesonero,Real Madrid,0 | 0 | 0 | 0 | 0 | 0,"0,00% | 0,00% | 0,00% | 0,00% | 0,00% | 0,00%",,33ddías,702.606,702.606 | 702.606 | 702.606 | 702.606 | 702.606 | 702.606,Mediocampista
Antañón,Celta,0 | 0 | 0 | 0 | 0 | 0,"0,00% | 0,00% | 0,00% | 0,00% | 0,00% | 0,00%",,33ddías,581.700,581.700 | 581.700 | 581.700 | 581.700 | 581.700 | 581.700,Mediocampista
Lamini Fati,Real Madrid,0 | 0 | 0 | 0 | 0 | 0,"0,00% | 0,00% | 0,00% | 0,00% | 0,00% | 0,00%",,33ddías,677.955,677.955 | 677.955 | 677.955 | 677.955 | 677.955 | 677.955,Defensa
Sangaré,Elche,0 | 0 | 0 | 0 | 0 | 0,"0,00% | 0,00% | 0,00% | 0,00% | 0,00% | 0,00%",,33ddías,4.015.501,4.015.501 | 4.015.501 | 4.015.501 | 4.015.501 | 4.015.501 | 4.015.501,Defensa
Vecino,Celta,-56.622 | -117.854 | -183.184 | -467.265 | -1.063.968 | -3.019.369,"-2,46% | -4,99% | -7,54% | -17,22% | -32,15% | -57,35%",,36ddías,2.245.788,2.302.410 | 2.363.642 | 2.428.972 | 2.713.053 | 3.309.756 | 5.265.157,Mediocampista
Vargas,Atlético,-19.236 | -40.907 | -61.215 | -144.387 | -338.611 | -964.118,"-2,08% | -4,32% | -6,33% | -13,76% | -27,22% | -51,58%",,36ddías,905.163,924.399 | 946.070 | 966.378 | 1.049.550 | 1.243.774 | 1.869.281,Mediocampista
Lookman,Atlético,+981.161 | +2.008.287 | +3.175.134 | +9.731.301 | +21.784.066 | +45.977.212,"+1,26% | +2,61% | +4,18% | +14,03% | +38,01% | 0%",,23ddías,79.098.477,78.117.316 | 77.090.190 | 75.923.343 | 69.367.176 | 57.314.411 | 0,Delantero
Tete Morente,Elche,-53.921 | -108.009 | -161.840 | -404.995 | -909.020 | -2.652.294,"-2,46% | -4,81% | -7,04% | -15,94% | -29,85% | -55,39%",,36ddías,2.136.453,2.190.374 | 2.244.462 | 2.298.293 | 2.541.448 | 3.045.473 | 4.788.747,Delantero
Fidalgo,Betis,-41.007 | -88.415 | -133.177 | -357.353 | -745.330 | -1.926.148,"-1,43% | -3,04% | -4,50% | -11,23% | -20,88% | -40,55%",,33ddías,2.824.096,2.865.103 | 2.912.511 | 2.957.273 | 3.181.449 | 3.569.426 | 4.750.244,Mediocampista
Koski,Alavés,0 | 0 | 0 | 0 | 0 | 0,"0,00% | 0,00% | 0,00% | 0,00% | 0,00% | 0,00%",,33ddías,803.089,803.089 | 803.089 | 803.089 | 803.089 | 803.089 | 803.089,Defensa
Freeman,Villarreal,-46.746 | -93.449 | -135.535 | -320.632 | -708.322 | -1.988.466,"-1,75% | -3,44% | -4,91% | -10,88% | -21,24% | -43,09%",,36ddías,2.626.091,2.672.837 | 2.719.540 | 2.761.626 | 2.946.723 | 3.334.413 | 4.614.557,Defensa
Cepeda,Elche,-12.987 | -25.991 | -43.001 | -116.031 | -284.017 | -988.084,"-1,16% | -2,30% | -3,74% | -9,50% | -20,44% | -47,20%",,36ddías,1.105.325,1.118.312 | 1.131.316 | 1.148.326 | 1.221.356 | 1.389.342 | 2.093.409,Delantero
Ángel Pérez,Alavés,-106.155 | -224.209 | -334.040 | -907.872 | -2.031.760 | -6.348.161,"-1,49% | -3,11% | -4,56% | -11,49% | -22,51% | -47,57%",,36ddías,6.995.531,7.101.686 | 7.219.740 | 7.329.571 | 7.903.403 | 9.027.291 | 13.343.692,Delantero
Boselli,Getafe,0 | 0 | 0 | 0 | 0 | 0,"0,00% | 0,00% | 0,00% | 0,00% | 0,00% | 0,00%",,33ddías,2.893.999,2.893.999 | 2.893.999 | 2.893.999 | 2.893.999 | 2.893.999 | 2.893.999,Defensa
Romero,Getafe,0 | 0 | 0 | 0 | 0 | 0,"0,00% | 0,00% | 0,00% | 0,00% | 0,00% | 0,00%",,33ddías,30.116.266,30.116.266 | 30.116.266 | 30.116.266 | 30.116.266 | 30.116.266 | 30.116.266,Defensa
A. Riquelme,Getafe,0 | 0 | 0 | 0 | 0 | 0,"0,00% | 0,00% | 0,00% | 0,00% | 0,00% | 0,00%",,33ddías,602.324,602.324 | 602.324 | 602.324 | 602.324 | 602.324 | 602.324,Mediocampista
Morcillo,Elche,0 | 0 | 0 | 0 | 0 | 0,"0,00% | 0,00% | 0,00% | 0,00% | 0,00% | 0,00%",,33ddías,702.702,702.702 | 702.702 | 702.702 | 702.702 | 702.702 | 702.702,Mediocampista
Kita,R. Sociedad B,0 | 0 | 0 | 0 | 0 | 0,"0,00% | 0,00% | 0,00% | 0,00% | 0,00% | 0,00%",,33ddías,602.234,602.234 | 602.234 | 602.234 | 602.234 | 602.234 | 602.234,Defensa
Marqués,Barcelona,0 | 0 | 0 | 0 | 0 | 0,"0,00% | 0,00% | 0,00% | 0,00% | 0,00% | 0,00%",,33ddías,602.319,602.319 | 602.319 | 602.319 | 602.319 | 602.319 | 602.319,Defensa
Arcos,Celta,0 | 0 | 0 | 0 | 0 | 0,"0,00% | 0,00% | 0,00% | 0,00% | 0,00% | 0,00%",,33ddías,602.257,602.257 | 602.257 | 602.257 | 602.257 | 602.257 | 602.257,Mediocampista
Cestero,Real Madrid,0 | 0 | 0 | 0 | 0 | 0,"0,00% | 0,00% | 0,00% | 0,00% | 0,00% | 0,00%",,33ddías,602.234,602.234 | 602.234 | 602.234 | 602.234 | 602.234 | 602.234,Mediocampista
Montes,Getafe,0 | 0 | 0 | 0 | 0 | 0,"0,00% | 0,00% | 0,00% | 0,00% | 0,00% | 0,00%",,33ddías,602.319,602.319 | 602.319 | 602.319 | 602.319 | 602.319 | 602.319,Defensa
Ferran,Espanyol,0 | 0 | 0 | 0 | 0 | 0,"0,00% | 0,00% | 0,00% | 0,00% | 0,00% | 0,00%",,33ddías,602.248,602.248 | 602.248 | 602.248 | 602.248 | 602.248 | 602.248,Mediocampista
Tunde,Levante,0 | 0 | 0 | 0 | 0 | 0,"0,00% | 0,00% | 0,00% | 0,00% | 0,00% | 0,00%",,33ddías,8.531.892,8.531.892 | 8.531.892 | 8.531.892 | 8.531.892 | 8.531.892 | 8.531.892,Mediocampista
Astiazaran,R. Sociedad B,0 | 0 | 0 | 0 | 0 | 0,"0,00% | 0,00% | 0,00% | 0,00% | 0,00% | 0,00%",,33ddías,602.257,602.257 | 602.257 | 602.257 | 602.257 | 602.257 | 602.257,Mediocampista
Álex Sánchez,Elche,0 | 0 | 0 | 0 | 0 | 0,"0,00% | 0,00% | 0,00% | 0,00% | 0,00% | 0,00%",,33ddías,602.324,602.324 | 602.324 | 602.324 | 602.324 | 602.324 | 602.324,Mediocampista
Aguirre,R. Sociedad B,0 | 0 | 0 | 0 | 0 | 0,"0,00% | 0,00% | 0,00% | 0,00% | 0,00% | 0,00%",,33ddías,602.257,602.257 | 602.257 | 602.257 | 602.257 | 602.257 | 602.257,Mediocampista
Fontanet,Valencia,0 | 0 | 0 | 0 | 0 | 0,"0,00% | 0,00% | 0,00% | 0,00% | 0,00% | 0,00%",,33ddías,581.987,581.987 | 581.987 | 581.987 | 581.987 | 581.987 | 581.987,Defensa
Gaitán,Villarreal,0 | 0 | 0 | 0 | 0 | 0,"0,00% | 0,00% | 0,00% | 0,00% | 0,00% | 0,00%",,33ddías,602.292,602.292 | 602.292 | 602.292 | 602.292 | 602.292 | 602.292,Mediocampista
Manuel Ángel,Real Madrid,0 | 0 | 0 | 0 | 0 | 0,"0,00% | 0,00% | 0,00% | 0,00% | 0,00% | 0,00%",,33ddías,702.606,702.606 | 702.606 | 702.606 | 702.606 | 702.606 | 702.606,Mediocampista
Julio Díaz,Sevilla,0 | 0 | 0 | 0 | +21.004 | -45.670,"0,00% | 0,00% | 0,00% | 0,00% | +4,60% | -8,72%",,9ddías,477.990,477.990 | 477.990 | 477.990 | 477.990 | 456.986 | 523.660,Defensa
Burcio,Celta,0 | 0 | 0 | 0 | 0 | 0,"0,00% | 0,00% | 0,00% | 0,00% | 0,00% | 0,00%",,33ddías,602.257,602.257 | 602.257 | 602.257 | 602.257 | 602.257 | 602.257,Mediocampista
Ochieng,Real Sociedad,0 | 0 | 0 | 0 | 0 | 0,"0,00% | 0,00% | 0,00% | 0,00% | 0,00% | 0,00%",,33ddías,702.633,702.633 | 702.633 | 702.633 | 702.633 | 702.633 | 702.633,Mediocampista
Cubo,Atlético,0 | 0 | 0 | 0 | 0 | 0,"0,00% | 0,00% | 0,00% | 0,00% | 0,00% | 0,00%",,33ddías,602.316,602.316 | 602.316 | 602.316 | 602.316 | 602.316 | 602.316,Delantero
Recio,Málaga,0 | 0 | 0 | 0 | 0 | 0,"0,00% | 0,00% | 0,00% | 0,00% | 0,00% | 0,00%",,32ddías,752.810,752.810 | 752.810 | 752.810 | 752.810 | 752.810 | 752.810,Defensa
Herrero,Málaga,+164.415 | +323.381 | +435.198 | +453.549 | +1.001.653 | +1.036.746,"+2,20% | +4,42% | +6,04% | +6,31% | +15,08% | +15,69%",,4ddías,7.644.866,7.480.451 | 7.321.485 | 7.209.668 | 7.191.317 | 6.643.213 | 6.608.120,Portero
Mario,Deportivo,+352.360 | +733.920 | +1.089.617 | +2.408.734 | +4.925.820 | +8.804.127,"+1,46% | +3,08% | +4,64% | +10,87% | +25,08% | +55,87%",,35ddías,24.563.430,24.211.070 | 23.829.510 | 23.473.813 | 22.154.696 | 19.637.610 | 15.759.303,Mediocampista
Patino,Deportivo,-7.971 | -15.206 | -19.965 | -59.637 | -141.992 | -424.156,"-1,44% | -2,72% | -3,54% | -9,88% | -20,70% | -43,81%",,36ddías,544.059,552.030 | 559.265 | 564.024 | 603.696 | 686.051 | 968.215,Mediocampista
Luismi,Deportivo,-7.831 | -40.780 | -80.705 | -459.196 | -1.370.565 | -3.693.736,"-0,13% | -0,69% | -1,35% | -7,21% | -18,82% | -38,46%",,31ddías,5.910.622,5.918.453 | 5.951.402 | 5.991.327 | 6.369.818 | 7.281.187 | 9.604.358,Delantero
Bil Nsongo,Deportivo,0 | 0 | 0 | 0 | 0 | 0,"0,00% | 0,00% | 0,00% | 0,00% | 0,00% | 0,00%",,33ddías,6.524.473,6.524.473 | 6.524.473 | 6.524.473 | 6.524.473 | 6.524.473 | 6.524.473,Delantero
Eddahchouri,Deportivo,-30.460 | -71.493 | -113.959 | -295.019 | -645.225 | -1.631.510,"-1,50% | -3,45% | -5,39% | -12,85% | -24,39% | -44,92%",,36ddías,2.000.338,2.030.798 | 2.071.831 | 2.114.297 | 2.295.357 | 2.645.563 | 3.631.848,Delantero
Osorio,Elche,0 | 0 | 0 | 0 | 0 | 0,"0,00% | 0,00% | 0,00% | 0,00% | 0,00% | 0,00%",,32ddías,1.405.425,1.405.425 | 1.405.425 | 1.405.425 | 1.405.425 | 1.405.425 | 1.405.425,Delantero
Carlos López,Málaga,-1.802 | -2.611 | -3.682 | -14.204 | -24.400 | -62.637,"-0,45% | -0,66% | -0,92% | -3,46% | -5,80% | -13,66%",,11ddías,396.001,397.803 | 398.612 | 399.683 | 410.205 | 420.401 | 458.638,Portero
Jurado,Deportivo,-27.879 | -58.978 | -88.692 | -229.275 | -524.451 | -1.504.600,"-2,41% | -4,96% | -7,28% | -16,87% | -31,71% | -57,12%",,36ddías,1.129.408,1.157.287 | 1.188.386 | 1.218.100 | 1.358.683 | 1.653.859 | 2.634.008,Mediocampista
Céspedes,Málaga,0 | 0 | 0 | 0 | 0 | 0,"0,00% | 0,00% | 0,00% | 0,00% | 0,00% | 0,00%",,32ddías,401.498,401.498 | 401.498 | 401.498 | 401.498 | 401.498 | 401.498,Portero
Puga,Málaga,-76.464 | -147.899 | -207.637 | -473.164 | -1.254.591 | -3.234.055,"-1,38% | -2,64% | -3,67% | -7,99% | -18,71% | -37,24%",,31ddías,5.450.597,5.527.061 | 5.598.496 | 5.658.234 | 5.923.761 | 6.705.188 | 8.684.652,Defensa
Murillo,Málaga,-74.660 | -149.633 | -225.215 | -551.331 | -1.214.562 | -3.200.257,"-3,08% | -5,99% | -8,75% | -19,01% | -34,09% | -57,68%",,36ddías,2.348.219,2.422.879 | 2.497.852 | 2.573.434 | 2.899.550 | 3.562.781 | 5.548.476,Defensa
Rafa GarridoRafita,Málaga,0 | 0 | 0 | 0 | 0 | 0,"0,00% | 0,00% | 0,00% | 0,00% | 0,00% | 0,00%",,32ddías,5.018.744,5.018.744 | 5.018.744 | 5.018.744 | 5.018.744 | 5.018.744 | 5.018.744,Defensa
Galilea,Málaga,-135.824 | -279.019 | -279.019 | -279.019 | -279.019 | -279.019,"-3,29% | -6,54% | -6,54% | -6,54% | -6,54% | -6,54%",,2ddías,3.986.913,4.122.737 | 4.265.932 | 4.265.932 | 4.265.932 | 4.265.932 | 4.265.932,Defensa
Dani Sánchez,Málaga,-14.588 | -32.807 | -52.013 | -139.089 | -297.224 | -872.918,"-1,79% | -3,93% | -6,10% | -14,79% | -27,06% | -52,15%",,36ddías,801.049,815.637 | 833.856 | 853.062 | 940.138 | 1.098.273 | 1.673.967,Defensa
Mella,Deportivo,+13.240 | +3.505 | -35.046 | -186.940 | -488.937 | -1.108.907,"+0,42% | +0,11% | -1,09% | -5,55% | -13,31% | -25,84%",,1ddías,3.183.254,3.170.014 | 3.179.749 | 3.218.300 | 3.370.194 | 3.672.191 | 4.292.161,Mediocampista
Villares,Deportivo,-56.313 | -111.404 | -173.643 | -448.237 | -1.017.393 | -2.821.239,"-2,06% | -4,00% | -6,09% | -14,34% | -27,54% | -51,32%",,36ddías,2.676.612,2.732.925 | 2.788.016 | 2.850.255 | 3.124.849 | 3.694.005 | 5.497.851,Mediocampista
Hugo Ríos,Deportivo,0 | 0 | 0 | 0 | 0 | 0,"0,00% | 0,00% | 0,00% | 0,00% | 0,00% | 0,00%",,33ddías,903.386,903.386 | 903.386 | 903.386 | 903.386 | 903.386 | 903.386,Portero
Samu Fernández,Deportivo,0 | 0 | 0 | 0 | 0 | 0,"0,00% | 0,00% | 0,00% | 0,00% | 0,00% | 0,00%",,33ddías,702.633,702.633 | 702.633 | 702.633 | 702.633 | 702.633 | 702.633,Defensa
Puerto,Deportivo,-664 | -287 | +1.988 | -2.682 | -8.189 | -8.553,"-0,18% | -0,08% | +0,54% | -0,72% | -2,17% | -2,27%",,1ddías,368.682,369.346 | 368.969 | 366.694 | 371.364 | 376.871 | 377.235,Portero
Germán Parreño,Deportivo,-11.662 | -22.989 | -35.016 | -64.057 | -64.057 | -64.057,"-1,79% | -3,47% | -5,20% | -9,12% | -9,12% | -9,12%",,5ddías,638.576,650.238 | 661.565 | 673.592 | 702.633 | 702.633 | 702.633,Portero
Quagliata,Deportivo,+8.439 | +26.961 | +48.191 | +227.707 | +427.182 | -273.850,"+0,26% | +0,83% | +1,49% | +7,44% | +14,92% | -7,69%",,13ddías,3.289.433,3.280.994 | 3.262.472 | 3.241.242 | 3.061.726 | 2.862.251 | 3.563.283,Defensa
Loureiro,Deportivo,+10.942 | +21.091 | +15.387 | +6.647 | -175.423 | -708.098,"+0,29% | +0,56% | +0,41% | +0,17% | -4,40% | -15,68%",,2ddías,3.808.845,3.797.903 | 3.787.754 | 3.793.458 | 3.802.198 | 3.984.268 | 4.516.943,Defensa
Teijo,Deportivo,0 | 0 | 0 | 0 | 0 | 0,"0,00% | 0,00% | 0,00% | 0,00% | 0,00% | 0,00%",,33ddías,602.257,602.257 | 602.257 | 602.257 | 602.257 | 602.257 | 602.257,Defensa
Canedo,Deportivo,0 | 0 | 0 | 0 | 0 | 0,"0,00% | 0,00% | 0,00% | 0,00% | 0,00% | 0,00%",,33ddías,602.257,602.257 | 602.257 | 602.257 | 602.257 | 602.257 | 602.257,Defensa
Noubi,Deportivo,+159.957 | +417.242 | +583.814 | +1.588.244 | +3.138.801 | +2.885.154,"+1,43% | +3,81% | +5,41% | +16,23% | +38,11% | +33,99%",,18ddías,11.373.882,11.213.925 | 10.956.640 | 10.790.068 | 9.785.638 | 8.235.081 | 8.488.728,Defensa
Rubén López,Deportivo,0 | 0 | 0 | 0 | 0 | 0,"0,00% | 0,00% | 0,00% | 0,00% | 0,00% | 0,00%",,33ddías,501.880,501.880 | 501.880 | 501.880 | 501.880 | 501.880 | 501.880,Mediocampista
Comas,Deportivo,-18.173 | -36.034 | -54.868 | -141.493 | -322.202 | -955.332,"-2,25% | -4,37% | -6,50% | -15,21% | -29,00% | -54,77%",,36ddías,788.890,807.063 | 824.924 | 843.758 | 930.383 | 1.111.092 | 1.744.222,Defensa
Barcia,Deportivo,-29.425 | -58.727 | -89.450 | -224.728 | -492.963 | -1.300.581,"-2,02% | -3,96% | -5,91% | -13,63% | -25,72% | -47,74%",,36ddías,1.423.895,1.453.320 | 1.482.622 | 1.513.345 | 1.648.623 | 1.916.858 | 2.724.476,Defensa
Ximo,Deportivo,-52.572 | -114.982 | -171.146 | -400.451 | -1.081.730 | -1.081.730,"-0,96% | -2,07% | -3,05% | -6,85% | -16,58% | -16,58%",,12ddías,5.442.743,5.495.315 | 5.557.725 | 5.613.889 | 5.843.194 | 6.524.473 | 6.524.473,Defensa
Pablo García,Deportivo,0 | 0 | 0 | -11.052 | -47.585 | -153.370,"0,00% | 0,00% | 0,00% | -2,30% | -9,21% | -24,64%",,3ddías,468.964,468.964 | 468.964 | 468.964 | 480.016 | 516.549 | 622.334,Defensa
Noé Carrillo,Deportivo,0 | 0 | 0 | 0 | 0 | 0,"0,00% | 0,00% | 0,00% | 0,00% | 0,00% | 0,00%",,33ddías,702.633,702.633 | 702.633 | 702.633 | 702.633 | 702.633 | 702.633,Mediocampista
Riki,Deportivo,-24.628 | -52.196 | -77.573 | -204.020 | -392.416 | -392.416,"-2,16% | -4,48% | -6,51% | -15,49% | -26,06% | -26,06%",,12ddías,1.113.230,1.137.858 | 1.165.426 | 1.190.803 | 1.317.250 | 1.505.646 | 1.505.646,Mediocampista
Rayane,Atlético,0 | 0 | 0 | 0 | 0 | 0,"0,00% | 0,00% | 0,00% | 0,00% | 0,00% | 0,00%",,33ddías,678.006,678.006 | 678.006 | 678.006 | 678.006 | 678.006 | 678.006,Delantero
Á. Núñez,Celta,-57.667 | -121.709 | -188.399 | -496.299 | -1.160.678 | -2.823.895,"-1,47% | -3,04% | -4,63% | -11,35% | -23,04% | -42,14%",,33ddías,3.877.164,3.934.831 | 3.998.873 | 4.065.563 | 4.373.463 | 5.037.842 | 6.701.059,Defensa
Valou,Getafe,0 | 0 | 0 | 0 | 0 | 0,"0,00% | 0,00% | 0,00% | 0,00% | 0,00% | 0,00%",,33ddías,602.292,602.292 | 602.292 | 602.292 | 602.292 | 602.292 | 602.292,Defensa
Kike Barja,Osasuna,0 | 0 | 0 | 0 | 0 | 0,"0,00% | 0,00% | 0,00% | 0,00% | 0,00% | 0,00%",,33ddías,2.810.828,2.810.828 | 2.810.828 | 2.810.828 | 2.810.828 | 2.810.828 | 2.810.828,Delantero
Nteka,Rayo,-24.281 | -51.992 | -81.348 | -209.793 | -476.538 | -1.333.148,"-1,77% | -3,71% | -5,69% | -13,46% | -26,10% | -49,70%",,36ddías,1.349.347,1.373.628 | 1.401.339 | 1.430.695 | 1.559.140 | 1.825.885 | 2.682.495,Delantero
Isi,Rayo,+444.175 | +416.216 | +84.802 | -1.662.671 | -4.995.567 | -673.338,"+2,79% | +2,61% | +0,52% | -9,23% | -23,41% | -3,96%",,1ddías,16.348.401,15.904.226 | 15.932.185 | 16.263.599 | 18.011.072 | 21.343.968 | 17.021.739,Delantero
Pep Chavarría,Rayo,-328.349 | -670.389 | -1.011.307 | -2.106.556 | -198.537 | +4.499.935,"-1,84% | -3,68% | -5,45% | -10,73% | -1,12% | +34,54%",,7ddías,17.528.173,17.856.522 | 18.198.562 | 18.539.480 | 19.634.729 | 17.726.710 | 13.028.238,Defensa
Ratiu,Rayo,-174.930 | -413.441 | -698.411 | -2.079.184 | -6.280.472 | -23.561.698,"-0,49% | -1,14% | -1,91% | -5,49% | -14,92% | 0%",,22ddías,35.822.279,35.997.209 | 36.235.720 | 36.520.690 | 37.901.463 | 42.102.751 | 0,Defensa
Dimitrievski,Valencia,+394.941 | +686.819 | +811.752 | +400.039 | +400.039 | +400.039,"+3,28% | +5,84% | +6,98% | +3,32% | +3,32% | +3,32%",,3ddías,12.445.916,12.050.975 | 11.759.097 | 11.634.164 | 12.045.877 | 12.045.877 | 12.045.877,Portero
Iker Muñoz,Osasuna,-13.839 | -31.705 | -52.679 | -159.062 | -424.608 | -1.411.308,"-0,98% | -2,22% | -3,64% | -10,24% | -23,35% | -50,31%",,36ddías,1.394.161,1.408.000 | 1.425.866 | 1.446.840 | 1.553.223 | 1.818.769 | 2.805.469,Mediocampista
Herrando,Osasuna,-32.167 | -71.990 | -114.189 | -302.025 | -703.535 | -2.110.038,"-1,74% | -3,80% | -5,90% | -14,23% | -27,87% | -53,68%",,36ddías,1.820.579,1.852.746 | 1.892.569 | 1.934.768 | 2.122.604 | 2.524.114 | 3.930.617,Defensa
Catena,Osasuna,-359.998 | -755.080 | -1.255.734 | -3.071.101 | -5.388.803 | +4.683.215,"-1,01% | -2,09% | -3,43% | -7,98% | -13,21% | +15,24%",,12ddías,35.405.190,35.765.188 | 36.160.270 | 36.660.924 | 38.476.291 | 40.793.993 | 30.721.975,Defensa
Ibáñez,Alavés,-15.989 | -35.320 | -53.838 | -156.663 | -506.799 | -2.149.736,"-0,49% | -1,08% | -1,64% | -4,62% | -13,55% | -39,93%",,36ddías,3.234.699,3.250.688 | 3.270.019 | 3.288.537 | 3.391.362 | 3.741.498 | 5.384.435,Mediocampista
Budimir,Osasuna,+587.105 | +635.764 | +546.423 | -402.208 | -4.393.911 | +8.807.857,"+1,25% | +1,36% | +1,16% | -0,84% | -8,46% | 0%",,2ddías,47.532.655,46.945.550 | 46.896.891 | 46.986.232 | 47.934.863 | 51.926.566 | 0,Delantero
Moi Gómez,Osasuna,-37.354 | -77.406 | -118.388 | -325.503 | -757.031 | -2.147.910,"-1,71% | -3,48% | -5,23% | -13,17% | -26,07% | -50,02%",,36ddías,2.146.611,2.183.965 | 2.224.017 | 2.264.999 | 2.472.114 | 2.903.642 | 4.294.521,Mediocampista
Rubén GarcíaRubén G.,Osasuna,+73.225 | +72.883 | +30.208 | -453.056 | -1.479.340 | -4.066.451,"+0,56% | +0,56% | +0,23% | -3,35% | -10,16% | -23,71%",,1ddías,13.087.470,13.014.245 | 13.014.587 | 13.057.262 | 13.540.526 | 14.566.810 | 17.153.921,Mediocampista
Aitor,Osasuna,-7.258 | -2.472 | -8.992 | -42.644 | -113.688 | -357.116,"-1,36% | -0,47% | -1,68% | -7,49% | -17,75% | -40,40%",,1ddías,526.928,534.186 | 529.400 | 535.920 | 569.572 | 640.616 | 884.044,Portero
Areso,Athletic,+56.181 | +98.675 | +158.455 | +309.346 | +172.646 | -701.002,"+2,14% | +3,81% | +6,27% | +13,01% | +6,87% | -20,69%",,8ddías,2.686.794,2.630.613 | 2.588.119 | 2.528.339 | 2.377.448 | 2.514.148 | 3.387.796,Defensa
Oroz,Osasuna,+213.721 | +341.685 | +432.095 | +316.494 | -1.229.403 | -4.244.721,"+1,41% | +2,27% | +2,89% | +2,10% | -7,40% | -21,64%",,4ddías,15.373.174,15.159.453 | 15.031.489 | 14.941.079 | 15.056.680 | 16.602.577 | 19.617.895,Mediocampista
Unai López,Rayo,-16.144 | -52.207 | -73.488 | -162.576 | -374.076 | -1.043.497,"-0,28% | -0,90% | -1,26% | -2,75% | -6,10% | -15,34%",,12ddías,5.757.974,5.774.118 | 5.810.181 | 5.831.462 | 5.920.550 | 6.132.050 | 6.801.471,Mediocampista
Villar,Elche,0 | 0 | 0 | 0 | 0 | 0,"0,00% | 0,00% | 0,00% | 0,00% | 0,00% | 0,00%",,33ddías,7.027.127,7.027.127 | 7.027.127 | 7.027.127 | 7.027.127 | 7.027.127 | 7.027.127,Mediocampista
Mayoral,Getafe,-11.903 | -24.586 | -40.176 | -174.534 | -468.621 | -1.347.585,"-0,39% | -0,81% | -1,32% | -5,47% | -13,45% | -30,89%",,36ddías,3.014.813,3.026.716 | 3.039.399 | 3.054.989 | 3.189.347 | 3.483.434 | 4.362.398,Delantero
Iglesias,Sevilla,0 | 0 | 0 | 0 | 0 | 0,"0,00% | 0,00% | 0,00% | 0,00% | 0,00% | 0,00%",,33ddías,12.548.352,12.548.352 | 12.548.352 | 12.548.352 | 12.548.352 | 12.548.352 | 12.548.352,Defensa
Herrera,Real Sociedad,-21.379 | -59.633 | -101.041 | -328.624 | -820.729 | -2.479.964,"-0,68% | -1,86% | -3,12% | -9,48% | -20,73% | -44,14%",,33ddías,3.138.960,3.160.339 | 3.198.593 | 3.240.001 | 3.467.584 | 3.959.689 | 5.618.924,Mediocampista
Eric Garcia,Barcelona,-587.725 | -1.189.507 | -1.809.344 | -5.459.097 | -12.521.093 | -12.521.093,"-1,24% | -2,48% | -3,73% | -10,46% | -21,14% | -21,14%",,12ddías,46.707.139,47.294.864 | 47.896.646 | 48.516.483 | 52.166.236 | 59.228.232 | 59.228.232,Defensa
Boyé,Alavés,-337.166 | -635.763 | -745.643 | -1.198.153 | -2.153.272 | -6.241.529,"-2,44% | -4,50% | -5,24% | -8,16% | -13,77% | -31,63%",,32ddías,13.488.872,13.826.038 | 14.124.635 | 14.234.515 | 14.687.025 | 15.642.144 | 19.730.401,Delantero
Miguel Ángel RubioMiguel Rubio,Espanyol,-10.733 | -20.845 | -31.607 | -85.102 | -197.803 | -595.625,"-1,73% | -3,30% | -4,92% | -12,24% | -24,48% | -49,39%",,36ddías,610.340,621.073 | 631.185 | 641.947 | 695.442 | 808.143 | 1.205.965,Defensa
S. Cardona,Villarreal,-19.999 | -50.314 | -72.868 | -231.065 | -511.301 | -1.081.085,"-0,42% | -1,04% | -1,51% | -4,62% | -9,69% | -18,49%",,29ddías,4.766.270,4.786.269 | 4.816.584 | 4.839.138 | 4.997.335 | 5.277.571 | 5.847.355,Defensa
Moncayola,Osasuna,+103.467 | +192.658 | +275.324 | +578.824 | +938.783 | +300.106,"+1,63% | +3,08% | +4,46% | +9,87% | +17,05% | +4,88%",,11ddías,6.445.291,6.341.824 | 6.252.633 | 6.169.967 | 5.866.467 | 5.506.508 | 6.145.185,Mediocampista
Javi Muñoz,Getafe,-13.487 | -26.467 | -40.217 | -104.018 | -244.838 | -732.459,"-1,95% | -3,77% | -5,61% | -13,33% | -26,58% | -51,99%",,36ddías,676.438,689.925 | 702.905 | 716.655 | 780.456 | 921.276 | 1.408.897,Mediocampista
Moleiro,Villarreal,+1.558.072 | +3.053.504 | +4.465.821 | +7.031.520 | +3.858.859 | -32.199.479,"+2,50% | +5,02% | +7,52% | +12,37% | +6,43% | 0%",,7ddías,63.860.989,62.302.917 | 60.807.485 | 59.395.168 | 56.829.469 | 60.002.130 | 0,Mediocampista
Valles,Betis,+921.271 | +1.794.646 | +2.669.564 | +6.518.300 | +12.317.705 | +19.184.287,"+3,12% | +6,27% | +9,62% | +27,27% | +68,05% | +170,77%",,35ddías,30.418.519,29.497.248 | 28.623.873 | 27.748.955 | 23.900.219 | 18.100.814 | 11.234.232,Portero
Copete,Valencia,-71.660 | -145.186 | -220.736 | -559.074 | -1.260.549 | -3.354.350,"-3,15% | -6,18% | -9,10% | -20,23% | -36,38% | -60,34%",,36ddías,2.204.565,2.276.225 | 2.349.751 | 2.425.301 | 2.763.639 | 3.465.114 | 5.558.915,Defensa
Herrera,Osasuna,+617.331 | +1.223.343 | +1.982.153 | +5.321.000 | +11.750.489 | +21.913.757,"+1,58% | +3,18% | +5,26% | +15,50% | +42,11% | +123,51%",,34ddías,39.656.190,39.038.859 | 38.432.847 | 37.674.037 | 34.335.190 | 27.905.701 | 17.742.433,Portero
Torró,Osasuna,-17.941 | -40.113 | -64.718 | -174.155 | -440.634 | -1.476.334,"-0,70% | -1,55% | -2,47% | -6,38% | -14,71% | -36,62%",,32ddías,2.555.219,2.573.160 | 2.595.332 | 2.619.937 | 2.729.374 | 2.995.853 | 4.031.553,Mediocampista
Cárdenas,Rayo,-11.576 | -22.565 | -34.241 | -85.742 | -187.710 | -591.994,"-1,80% | -3,45% | -5,15% | -11,97% | -22,94% | -48,42%",,36ddías,630.559,642.135 | 653.124 | 664.800 | 716.301 | 818.269 | 1.222.553,Portero
Álvaro García,Rayo,+196.034 | +348.846 | +464.778 | +1.179.389 | +2.658.575 | +4.841.282,"+1,13% | +2,02% | +2,71% | +7,19% | +17,81% | +37,99%",,20ddías,17.584.086,17.388.052 | 17.235.240 | 17.119.308 | 16.404.697 | 14.925.511 | 12.742.804,Mediocampista
Carmona,Sevilla,-27.316 | -60.794 | -92.412 | -263.583 | -688.205 | -1.979.363,"-0,61% | -1,35% | -2,04% | -5,60% | -13,41% | -30,81%",,31ddías,4.444.822,4.472.138 | 4.505.616 | 4.537.234 | 4.708.405 | 5.133.027 | 6.424.185,Defensa
Rüdiger,Real Madrid,-163.425 | -326.382 | -550.169 | -1.887.238 | -4.897.104 | -12.212.334,"-0,58% | -1,16% | -1,93% | -6,33% | -14,92% | -30,43%",,33ddías,27.926.269,28.089.694 | 28.252.651 | 28.476.438 | 29.813.507 | 32.823.373 | 40.138.603,Defensa
Pacheco,Real Sociedad,0 | 0 | 0 | 0 | 0 | 0,"0,00% | 0,00% | 0,00% | 0,00% | 0,00% | 0,00%",,33ddías,4.015.452,4.015.452 | 4.015.452 | 4.015.452 | 4.015.452 | 4.015.452 | 4.015.452,Defensa
Sadiq,Valencia,-232.839 | -459.223 | -686.926 | -1.696.310 | -3.807.599 | -7.606.224,"-3,10% | -5,94% | -8,63% | -18,91% | -34,36% | -51,11%",,34ddías,7.274.387,7.507.226 | 7.733.610 | 7.961.313 | 8.970.697 | 11.081.986 | 14.880.611,Delantero
Olasagasti,Levante,+85.411 | +155.091 | +201.578 | +321.964 | +171.077 | -1.474.893,"+2,18% | +4,04% | +5,31% | +8,76% | +4,47% | -26,96%",,8ddías,3.995.567,3.910.156 | 3.840.476 | 3.793.989 | 3.673.603 | 3.824.490 | 5.470.460,Mediocampista
Kubo,Real Sociedad,+145.324 | +62.347 | -285.236 | -2.193.174 | -5.903.681 | -9.225.838,"+0,66% | +0,28% | -1,27% | -8,98% | -20,99% | -29,33%",,1ddías,22.226.226,22.080.902 | 22.163.879 | 22.511.462 | 24.419.400 | 28.129.907 | 31.452.064,Mediocampista
Zakharyan,Real Sociedad,-28.041 | -57.814 | -87.539 | -230.067 | -512.437 | -1.465.071,"-2,40% | -4,83% | -7,14% | -16,81% | -31,03% | -56,26%",,36ddías,1.138.833,1.166.874 | 1.196.647 | 1.226.372 | 1.368.900 | 1.651.270 | 2.603.904,Mediocampista
Oyarzabal,Real Sociedad,-444.700 | -984.224 | -1.435.024 | -4.867.505 | -12.658.734 | -48.964.442,"-0,67% | -1,48% | -2,15% | -6,92% | -16,21% | 0%",,20ddías,65.446.732,65.891.432 | 66.430.956 | 66.881.756 | 70.314.237 | 78.105.466 | 0,Delantero
Marín,Real Sociedad,-58.176 | -114.582 | -174.925 | -438.784 | -981.824 | -2.678.808,"-3,13% | -5,99% | -8,86% | -19,61% | -35,31% | -59,82%",,36ddías,1.799.091,1.857.267 | 1.913.673 | 1.974.016 | 2.237.875 | 2.780.915 | 4.477.899,Mediocampista
Barrenetxea,Real Sociedad,-471.445 | -953.496 | -1.386.246 | -3.752.657 | -7.491.285 | +1.091.150,"-1,37% | -2,72% | -3,91% | -9,93% | -18,04% | +3,31%",,14ddías,34.038.491,34.509.936 | 34.991.987 | 35.424.737 | 37.791.148 | 41.529.776 | 32.947.341,Mediocampista
Zubeldia,Real Sociedad,-30.420 | -50.228 | -94.391 | -399.028 | -996.702 | -3.633.985,"-0,31% | -0,51% | -0,96% | -3,94% | -9,30% | -27,21%",,36ddías,9.719.769,9.750.189 | 9.769.997 | 9.814.160 | 10.118.797 | 10.716.471 | 13.353.754,Defensa
Aihen,Real Sociedad,-36.124 | -73.806 | -114.131 | -296.964 | -665.673 | -1.939.418,"-2,29% | -4,56% | -6,88% | -16,13% | -30,12% | -55,67%",,36ddías,1.544.497,1.580.621 | 1.618.303 | 1.658.628 | 1.841.461 | 2.210.170 | 3.483.915,Defensa
Odriozola,Real Sociedad,-12.036 | -23.505 | -35.680 | -95.441 | -221.902 | -664.727,"-1,84% | -3,53% | -5,27% | -12,95% | -25,70% | -50,89%",,36ddías,641.602,653.638 | 665.107 | 677.282 | 737.043 | 863.504 | 1.306.329,Defensa
Remiro,Real Sociedad,-423.754 | -534.982 | -317.742 | +1.815.402 | +9.257.521 | +22.981.794,"-0,93% | -1,17% | -0,70% | +4,20% | +25,89% | +104,34%",,2ddías,45.008.406,45.432.160 | 45.543.388 | 45.326.148 | 43.193.004 | 35.750.885 | 22.026.612,Portero
Güler,Real Madrid,-216.390 | -652.585 | -1.299.418 | -4.087.709 | -9.345.295 | -22.307.495,"-0,42% | -1,27% | -2,50% | -7,46% | -15,56% | -30,55%",,36ddías,50.707.988,50.924.378 | 51.360.573 | 52.007.406 | 54.795.697 | 60.053.283 | 73.015.483,Mediocampista
Mendy,Real Madrid,-19.108 | -37.944 | -57.793 | -151.585 | -345.188 | -989.698,"-2,30% | -4,47% | -6,65% | -15,74% | -29,85% | -54,95%",,36ddías,811.347,830.455 | 849.291 | 869.140 | 962.932 | 1.156.535 | 1.801.045,Defensa
Brahim,Real Madrid,-236.515 | -480.270 | -735.542 | -1.902.892 | -4.196.970 | -8.656.607,"-2,10% | -4,17% | -6,25% | -14,70% | -27,54% | -43,95%",,32ddías,11.039.844,11.276.359 | 11.520.114 | 11.775.386 | 12.942.736 | 15.236.814 | 19.696.451,Mediocampista
De Frutos,Rayo,-238.489 | -211.326 | +43.986 | +2.391.376 | +8.528.990 | +22.702.813,"-0,48% | -0,43% | +0,09% | +5,10% | +20,93% | +85,41%",,1ddías,49.285.241,49.523.730 | 49.496.567 | 49.241.255 | 46.893.865 | 40.756.251 | 26.582.428,Delantero
Rubén Gómez,Villarreal,0 | 0 | 0 | 0 | 0 | 0,"0,00% | 0,00% | 0,00% | 0,00% | 0,00% | 0,00%",,33ddías,602.292,602.292 | 602.292 | 602.292 | 602.292 | 602.292 | 602.292,Portero
Balliu,Rayo,+18.654 | +25.563 | +31.269 | +26.659 | -88.622 | -484.810,"+2,24% | +3,10% | +3,82% | +3,24% | -9,45% | -36,33%",,4ddías,849.628,830.974 | 824.065 | 818.359 | 822.969 | 938.250 | 1.334.438,Defensa
Pathé Ciss,Rayo,+96.667 | +221.578 | +433.685 | +775.329 | +695.776 | -44.302,"+0,85% | +1,97% | +3,93% | +7,25% | +6,45% | -0,38%",,10ddías,11.475.255,11.378.588 | 11.253.677 | 11.041.570 | 10.699.926 | 10.779.479 | 11.519.557,Mediocampista
Valentín,Rayo,+31.775 | +34.169 | +48.171 | +13.361 | -409.070 | -2.044.893,"+0,92% | +0,99% | +1,41% | +0,39% | -10,53% | -37,05%",,4ddías,3.474.322,3.442.547 | 3.440.153 | 3.426.151 | 3.460.961 | 3.883.392 | 5.519.215,Mediocampista
Lejeune,Rayo,-229.876 | -408.857 | -675.048 | -2.662.159 | -7.679.071 | -37.585.320,"-0,60% | -1,05% | -1,73% | -6,48% | -16,67% | 0%",,22ddías,38.396.764,38.626.640 | 38.805.621 | 39.071.812 | 41.058.923 | 46.075.835 | 0,Defensa
Camello,Rayo,-8.004 | -19.305 | -35.609 | -121.950 | -384.358 | -1.599.413,"-0,26% | -0,62% | -1,13% | -3,77% | -10,98% | -33,92%",,36ddías,3.116.111,3.124.115 | 3.135.416 | 3.151.720 | 3.238.061 | 3.500.469 | 4.715.524,Delantero
Courtois,Real Madrid,+543.798 | +340.268 | +85.557 | -1.132.273 | -2.647.273 | +9.461.271,"+0,96% | +0,60% | +0,15% | -1,95% | -4,44% | +19,89%",,1ddías,57.023.063,56.479.265 | 56.682.795 | 56.937.506 | 58.155.336 | 59.670.336 | 47.561.792,Portero
Bellingham,Real Madrid,-571.419 | -1.166.863 | -1.619.354 | -4.950.716 | -12.053.244 | -41.824.060,"-0,63% | -1,27% | -1,76% | -5,18% | -11,74% | 0%",,19ddías,90.611.929,91.183.348 | 91.778.792 | 92.231.283 | 95.562.645 | 102.665.173 | 0,Mediocampista
Fran García,Betis,0 | 0 | 0 | 0 | 0 | 0,"0,00% | 0,00% | 0,00% | 0,00% | 0,00% | 0,00%",,34ddías,9.591.157,9.591.157 | 9.591.157 | 9.591.157 | 9.591.157 | 9.591.157 | 9.591.157,Defensa
Vinicius,Real Madrid,+1.974.562 | +3.849.227 | +5.141.959 | +2.677.621 | -6.182.706 | -50.772.777,"+1,94% | +3,85% | +5,22% | +2,65% | -5,63% | 0%",,4ddías,103.723.742,101.749.180 | 99.874.515 | 98.581.783 | 101.046.121 | 109.906.448 | 0,Delantero
Rodrygo,Real Madrid,-80.275 | -159.465 | -235.249 | -552.790 | -1.200.547 | -1.956.779,"-2,36% | -4,58% | -6,61% | -14,26% | -26,53% | -37,05%",,26ddías,3.324.008,3.404.283 | 3.483.473 | 3.559.257 | 3.876.798 | 4.524.555 | 5.280.787,Delantero
Camavinga,Real Madrid,-229.959 | -466.636 | -716.284 | -2.001.513 | -4.452.628 | -10.676.590,"-2,02% | -4,02% | -6,04% | -15,23% | -28,56% | -48,94%",,36ddías,11.138.332,11.368.291 | 11.604.968 | 11.854.616 | 13.139.845 | 15.590.960 | 21.814.922,Mediocampista
Lunin,Real Madrid,-35.527 | -67.050 | -98.551 | -247.870 | -501.152 | -1.428.753,"-1,54% | -2,87% | -4,16% | -9,85% | -18,10% | -38,65%",,36ddías,2.268.156,2.303.683 | 2.335.206 | 2.366.707 | 2.516.026 | 2.769.308 | 3.696.909,Portero
Valverde,Real Madrid,-792.031 | -1.463.984 | -2.070.265 | -4.676.799 | -9.799.231 | -29.596.231,"-1,11% | -2,04% | -2,85% | -6,22% | -12,21% | -29,58%",,36ddías,70.455.845,71.247.876 | 71.919.829 | 72.526.110 | 75.132.644 | 80.255.076 | 100.052.076,Mediocampista
Tchouaméni,Real Madrid,-593.484 | -1.115.497 | -1.603.454 | -4.761.359 | -11.238.194 | -11.357.237,"-1,32% | -2,45% | -3,49% | -9,69% | -20,20% | -20,37%",,21ddías,44.386.765,44.980.249 | 45.502.262 | 45.990.219 | 49.148.124 | 55.624.959 | 55.744.002,Mediocampista
Soria,Getafe,0 | 0 | 0 | 0 | 0 | 0,"0,00% | 0,00% | 0,00% | 0,00% | 0,00% | 0,00%",,33ddías,19.296.354,19.296.354 | 19.296.354 | 19.296.354 | 19.296.354 | 19.296.354 | 19.296.354,Portero
Aleñá,Alavés,-32.958 | -69.131 | -115.875 | -350.993 | -826.820 | -2.395.046,"-0,83% | -1,72% | -2,85% | -8,15% | -17,29% | -37,71%",,36ddías,3.956.464,3.989.422 | 4.025.595 | 4.072.339 | 4.307.457 | 4.783.284 | 6.351.510,Mediocampista
Le Normand,Atlético,-104.242 | -191.577 | -255.192 | -668.386 | -1.593.810 | -3.492.238,"-1,03% | -1,87% | -2,48% | -6,24% | -13,71% | -25,82%",,31ddías,10.034.658,10.138.900 | 10.226.235 | 10.289.850 | 10.703.044 | 11.628.468 | 13.526.896,Defensa
Sancet,Athletic,-622.423 | -678.217 | -454.031 | +2.236.444 | +9.223.700 | +24.009.803,"-1,20% | -1,30% | -0,87% | +4,54% | +21,84% | +87,46%",,2ddías,51.462.751,52.085.174 | 52.140.968 | 51.916.782 | 49.226.307 | 42.239.051 | 27.452.948,Mediocampista
Molina,Atlético,-83.179 | -159.502 | -242.549 | -555.454 | -984.600 | -1.808.259,"-2,00% | -3,77% | -5,62% | -12,00% | -19,47% | -30,75%",,31ddías,4.072.475,4.155.654 | 4.231.977 | 4.315.024 | 4.627.929 | 5.057.075 | 5.880.734,Defensa
M. Llorente,Atlético,-802.342 | -1.597.600 | -2.349.474 | -6.158.892 | -13.536.421 | -422.682,"-1,48% | -2,91% | -4,22% | -10,35% | -20,24% | -0,79%",,16ddías,53.356.167,54.158.509 | 54.953.767 | 55.705.641 | 59.515.059 | 66.892.588 | 53.778.849,Defensa
Oblak,Atlético,-622.888 | -1.026.613 | -1.034.333 | +266.361 | +3.979.528 | +15.630.080,"-1,13% | -1,85% | -1,87% | +0,49% | +7,90% | +40,36%",,3ddías,54.359.683,54.982.571 | 55.386.296 | 55.394.016 | 54.093.322 | 50.380.155 | 38.729.603,Portero
Koke,Atlético,0 | 0 | 0 | 0 | 0 | 0,"0,00% | 0,00% | 0,00% | 0,00% | 0,00% | 0,00%",,33ddías,17.767.671,17.767.671 | 17.767.671 | 17.767.671 | 17.767.671 | 17.767.671 | 17.767.671,Mediocampista
Giménez,Atlético,-112.436 | -226.375 | -349.224 | -870.004 | -1.926.771 | -4.609.116,"-2,17% | -4,27% | -6,44% | -14,64% | -27,52% | -47,60%",,31ddías,5.073.372,5.185.808 | 5.299.747 | 5.422.596 | 5.943.376 | 7.000.143 | 9.682.488,Defensa
Egiluz,Athletic,-3.344 | -5.759 | -8.503 | -26.443 | -61.083 | -169.469,"-0,77% | -1,31% | -1,93% | -5,76% | -12,36% | -28,13%",,36ddías,432.999,436.343 | 438.758 | 441.502 | 459.442 | 494.082 | 602.468,Defensa
Prados,Athletic,-26.691 | -58.082 | -92.555 | -236.603 | -551.035 | -1.583.126,"-1,68% | -3,59% | -5,61% | -13,18% | -26,13% | -50,40%",,36ddías,1.557.898,1.584.589 | 1.615.980 | 1.650.453 | 1.794.501 | 2.108.933 | 3.141.024,Mediocampista
Villalibre,Racing,0 | 0 | 0 | 0 | 0 | 0,"0,00% | 0,00% | 0,00% | 0,00% | 0,00% | 0,00%",,32ddías,7.527.946,7.527.946 | 7.527.946 | 7.527.946 | 7.527.946 | 7.527.946 | 7.527.946,Delantero
Yuri,Athletic,-155.128 | -300.689 | -485.651 | -1.286.897 | -2.906.344 | -5.343.174,"-1,20% | -2,31% | -3,68% | -9,18% | -18,59% | -29,57%",,21ddías,12.724.601,12.879.729 | 13.025.290 | 13.210.252 | 14.011.498 | 15.630.945 | 18.067.775,Defensa
R. de Galarreta,Athletic,+204.508 | +461.178 | +630.933 | +1.214.843 | +1.176.472 | -61.584,"+1,78% | +4,10% | +5,69% | +11,56% | +11,16% | -0,52%",,11ddías,11.721.432,11.516.924 | 11.260.254 | 11.090.499 | 10.506.589 | 10.544.960 | 11.783.016,Mediocampista
Agirrezabala,Racing,0 | 0 | 0 | 0 | 0 | 0,"0,00% | 0,00% | 0,00% | 0,00% | 0,00% | 0,00%",,33ddías,2.911.085,2.911.085 | 2.911.085 | 2.911.085 | 2.911.085 | 2.911.085 | 2.911.085,Portero
Guruzeta,Athletic,+221.390 | +334.507 | +496.552 | +1.019.332 | +1.177.956 | -549.361,"+1,73% | +2,64% | +3,97% | +8,51% | +9,96% | -4,05%",,10ddías,13.003.086,12.781.696 | 12.668.579 | 12.506.534 | 11.983.754 | 11.825.130 | 13.552.447,Delantero
N. Williams,Athletic,-1.313.640 | -2.759.184 | -4.204.319 | -6.971.657 | -672.423 | +27.149.482,"-1,87% | -3,85% | -5,75% | -9,19% | -0,97% | 0%",,6ddías,68.903.197,70.216.837 | 71.662.381 | 73.107.516 | 75.874.854 | 69.575.620 | 0,Delantero
I. Williams,Athletic,-402.561 | -806.421 | -1.173.433 | -1.417.999 | +1.341.076 | +6.565.853,"-1,39% | -2,75% | -3,95% | -4,73% | +4,93% | +29,89%",,5ddías,28.536.003,28.938.564 | 29.342.424 | 29.709.436 | 29.954.002 | 27.194.927 | 21.970.150,Delantero
Berenguer,Athletic,-126.066 | -195.293 | -271.049 | -787.205 | -1.694.489 | -2.769.278,"-1,34% | -2,06% | -2,83% | -7,80% | -15,40% | -22,93%",,27ddías,9.306.117,9.432.183 | 9.501.410 | 9.577.166 | 10.093.322 | 11.000.606 | 12.075.395,Delantero
Barrios,Atlético,-1.028.474 | -2.106.490 | -3.264.240 | -8.230.843 | -9.981.511 | +2.671.768,"-2,34% | -4,67% | -7,06% | -16,08% | -18,86% | +6,63%",,10ddías,42.955.570,43.984.044 | 45.062.060 | 46.219.810 | 51.186.413 | 52.937.081 | 40.283.802,Mediocampista
Kike García,Espanyol,-135.533 | -273.901 | -418.562 | -1.004.660 | -1.900.801 | -4.487.820,"-3,18% | -6,22% | -9,20% | -19,56% | -31,50% | -52,06%",,34ddías,4.132.655,4.268.188 | 4.406.556 | 4.551.217 | 5.137.315 | 6.033.456 | 8.620.475,Delantero
Gorosabel,Athletic,-73.072 | -149.722 | -227.425 | -583.450 | -1.281.710 | -3.120.078,"-2,82% | -5,61% | -8,28% | -18,81% | -33,73% | -55,34%",,36ddías,2.518.333,2.591.405 | 2.668.055 | 2.745.758 | 3.101.783 | 3.800.043 | 5.638.411,Defensa
Abqar,Getafe,+149.098 | +296.286 | +460.535 | +1.039.869 | +1.623.179 | +397.522,"+2,37% | +4,82% | +7,69% | +19,23% | +33,64% | +6,57%",,15ddías,6.448.539,6.299.441 | 6.152.253 | 5.988.004 | 5.408.670 | 4.825.360 | 6.051.017,Defensa
Guevara,Alavés,-22.945 | -48.974 | -76.537 | -205.203 | -477.794 | -1.408.694,"-1,85% | -3,87% | -5,92% | -14,43% | -28,20% | -53,66%",,36ddías,1.216.458,1.239.403 | 1.265.432 | 1.292.995 | 1.421.661 | 1.694.252 | 2.625.152,Mediocampista
Blanco,Alavés,-90.143 | -187.265 | -310.329 | -949.480 | -2.393.176 | +13.246.812,"-0,59% | -1,23% | -2,02% | -5,92% | -13,70% | 0%",,28ddías,15.079.931,15.170.074 | 15.267.196 | 15.390.260 | 16.029.411 | 17.473.107 | 0,Mediocampista
Rioja,Valencia,-468.530 | -937.242 | -1.422.295 | -3.441.216 | -5.055.363 | -9.408.488,"-3,16% | -6,13% | -9,02% | -19,34% | -26,05% | -39,60%",,36ddías,14.347.853,14.816.383 | 15.285.095 | 15.770.148 | 17.789.069 | 19.403.216 | 23.756.341,Mediocampista
Tenaglia,Alavés,-8.805 | -77.943 | -137.305 | -339.963 | -1.045.111 | -3.045.340,"-0,06% | -0,54% | -0,94% | -2,31% | -6,77% | -17,46%",,36ddías,14.393.262,14.402.067 | 14.471.205 | 14.530.567 | 14.733.225 | 15.438.373 | 17.438.602,Defensa
Guridi,Sevilla,0 | 0 | 0 | 0 | 0 | 0,"0,00% | 0,00% | 0,00% | 0,00% | 0,00% | 0,00%",,33ddías,5.019.315,5.019.315 | 5.019.315 | 5.019.315 | 5.019.315 | 5.019.315 | 5.019.315,Mediocampista
Yeray,Athletic,+76.631 | +142.800 | +205.623 | +376.735 | +133.384 | -564.070,"+1,79% | +3,39% | +4,96% | +9,47% | +3,16% | -11,47%",,8ddías,4.355.191,4.278.560 | 4.212.391 | 4.149.568 | 3.978.456 | 4.221.807 | 4.919.261,Defensa
Rebbach,Alavés,-83.561 | -166.678 | -246.524 | -594.488 | -1.251.425 | -3.775.845,"-2,01% | -3,93% | -5,71% | -12,74% | -23,51% | -48,11%",,34ddías,4.072.179,4.155.740 | 4.238.857 | 4.318.703 | 4.666.667 | 5.323.604 | 7.848.024,Delantero
Carlos BenavidezProtesoni,Alavés,0 | 0 | 0 | 0 | 0 | 0,"0,00% | 0,00% | 0,00% | 0,00% | 0,00% | 0,00%",,33ddías,3.011.588,3.011.588 | 3.011.588 | 3.011.588 | 3.011.588 | 3.011.588 | 3.011.588,Mediocampista
Pubill,Atlético,-1.405.211 | -2.694.745 | -4.263.980 | -9.310.594 | -3.278.896 | +20.190.042,"-2,14% | -4,02% | -6,21% | -12,63% | -4,84% | +45,66%",,7ddías,64.410.091,65.815.302 | 67.104.836 | 68.674.071 | 73.720.685 | 67.688.987 | 44.220.049,Defensa
Unai Simón,Athletic,-954.378 | -1.630.888 | -1.881.790 | +637.291 | +11.045.072 | +34.910.925,"-1,63% | -2,75% | -3,16% | +1,12% | +23,71% | +153,72%",,3ddías,57.620.932,58.575.310 | 59.251.820 | 59.502.722 | 56.983.641 | 46.575.860 | 22.710.007,Portero
Vivian,Athletic,-364.870 | -729.518 | -1.098.626 | -2.728.520 | -5.794.598 | -8.403.452,"-2,90% | -5,64% | -8,25% | -18,26% | -32,18% | -40,77%",,25ddías,12.210.287,12.575.157 | 12.939.805 | 13.308.913 | 14.938.807 | 18.004.885 | 20.613.739,Defensa
Paredes,Athletic,+118.370 | +173.117 | +246.563 | +409.165 | +199.970 | -1.353.524,"+2,63% | +3,89% | +5,64% | +9,72% | +4,53% | -22,67%",,8ddías,4.617.730,4.499.360 | 4.444.613 | 4.371.167 | 4.208.565 | 4.417.760 | 5.971.254,Defensa
Galán,Celta,0 | 0 | 0 | 0 | 0 | -284.677,"0,00% | 0,00% | 0,00% | 0,00% | 0,00% | -1,93%",,26ddías,14.475.829,14.475.829 | 14.475.829 | 14.475.829 | 14.475.829 | 14.475.829 | 14.760.506,Defensa
Riquelme,Betis,+61.605 | +102.197 | +134.170 | +82.097 | -215.659 | -1.535.270,"+1,78% | +2,99% | +3,96% | +2,39% | -5,78% | -30,38%",,4ddías,3.518.596,3.456.991 | 3.416.399 | 3.384.426 | 3.436.499 | 3.734.255 | 5.053.866,Mediocampista
Djené,Getafe,0 | 0 | 0 | 0 | 0 | 0,"0,00% | 0,00% | 0,00% | 0,00% | 0,00% | 0,00%",,33ddías,8.432.492,8.432.492 | 8.432.492 | 8.432.492 | 8.432.492 | 8.432.492 | 8.432.492,Defensa
U. Núñez,Espanyol,-23.564 | -61.881 | -95.329 | -382.548 | -1.080.713 | -1.404.253,"-0,65% | -1,68% | -2,57% | -9,57% | -23,02% | -27,98%",,16ddías,3.614.861,3.638.425 | 3.676.742 | 3.710.190 | 3.997.409 | 4.695.574 | 5.019.114,Defensa
Marc Roca,Betis,+77.887 | +154.701 | +236.511 | +506.304 | +521.296 | -487.010,"+1,53% | +3,09% | +4,80% | +10,87% | +11,23% | -8,62%",,10ddías,5.164.169,5.086.282 | 5.009.468 | 4.927.658 | 4.657.865 | 4.642.873 | 5.651.179,Mediocampista
Isco,Betis,-463.912 | -982.823 | -1.543.512 | -5.264.123 | -17.191.560 | +46.182.083,"-0,81% | -1,69% | -2,63% | -8,44% | -23,15% | 0%",,20ddías,57.074.594,57.538.506 | 58.057.417 | 58.618.106 | 62.338.717 | 74.266.154 | 0,Mediocampista
Ruibal,Betis,-82.511 | -165.554 | -252.760 | -638.157 | -1.431.328 | -3.826.279,"-3,02% | -5,88% | -8,71% | -19,40% | -35,06% | -59,07%",,36ddías,2.650.768,2.733.279 | 2.816.322 | 2.903.528 | 3.288.925 | 4.082.096 | 6.477.047,Delantero
Navarro,Athletic,+1.768 | -9.487 | -19.742 | -72.516 | -251.337 | -951.253,"+0,09% | -0,46% | -0,95% | -3,39% | -10,84% | -31,51%",,1ddías,2.067.249,2.065.481 | 2.076.736 | 2.086.991 | 2.139.765 | 2.318.586 | 3.018.502,Mediocampista
Chust,Elche,0 | 0 | 0 | 0 | 0 | 0,"0,00% | 0,00% | 0,00% | 0,00% | 0,00% | 0,00%",,33ddías,5.019.376,5.019.376 | 5.019.376 | 5.019.376 | 5.019.376 | 5.019.376 | 5.019.376,Defensa
Starfelt,Celta,+294.493 | +508.582 | +764.872 | +1.899.986 | +3.004.373 | +2.126.461,"+2,28% | +4,00% | +6,13% | +16,76% | +29,37% | +19,14%",,13ddías,13.234.091,12.939.598 | 12.725.509 | 12.469.219 | 11.334.105 | 10.229.718 | 11.107.630,Defensa
Dotor,Málaga,0 | 0 | 0 | 0 | 0 | +4.403,"0,00% | 0,00% | 0,00% | 0,00% | 0,00% | 0%",,20ddías,4.014.904,4.014.904 | 4.014.904 | 4.014.904 | 4.014.904 | 4.014.904 | 0,Mediocampista
Ayoze,Villarreal,+122.888 | +29.757 | -69.866 | -529.587 | -1.386.905 | -3.533.057,"+0,78% | +0,19% | -0,44% | -3,21% | -7,99% | -18,12%",,1ddías,15.969.916,15.847.028 | 15.940.159 | 16.039.782 | 16.499.503 | 17.356.821 | 19.502.973,Delantero
Carles Pérez,Celta,-38.979 | -79.572 | -121.089 | -306.233 | -278.867 | -278.867,"-2,82% | -5,58% | -8,26% | -18,54% | 0% | 0%",,13ddías,1.345.199,1.384.178 | 1.424.771 | 1.466.288 | 1.651.432 | 0 | 0,Delantero
Aspas,Celta,-127.072 | -238.687 | -349.995 | -828.539 | -1.802.286 | -4.371.179,"-1,65% | -3,06% | -4,42% | -9,86% | -19,23% | -36,60%",,30ddías,7.571.679,7.698.751 | 7.810.366 | 7.921.674 | 8.400.218 | 9.373.965 | 11.942.858,Delantero
Iván Villar,Celta,-20.717 | -44.029 | -68.635 | -170.126 | -364.930 | -1.154.992,"-1,93% | -4,02% | -6,13% | -13,93% | -25,77% | -52,35%",,36ddías,1.051.205,1.071.922 | 1.095.234 | 1.119.840 | 1.221.331 | 1.416.135 | 2.206.197,Portero
Swedberg,Celta,-64.584 | -152.755 | -239.065 | -615.945 | -1.395.446 | -4.387.393,"-0,78% | -1,82% | -2,81% | -6,94% | -14,45% | -34,68%",,33ddías,8.262.265,8.326.849 | 8.415.020 | 8.501.330 | 8.878.210 | 9.657.711 | 12.649.658,Mediocampista
Domínguez,Celta,-13.233 | -25.949 | -39.423 | -104.944 | -240.369 | -722.436,"-1,94% | -3,73% | -5,55% | -13,54% | -26,39% | -51,87%",,36ddías,670.334,683.567 | 696.283 | 709.757 | 775.278 | 910.703 | 1.392.770,Defensa
Sotelo,Levante,0 | 0 | 0 | 0 | -18.699 | -477.079,"0,00% | 0,00% | 0,00% | 0,00% | -1,33% | -25,65%",,11ddías,1.382.803,1.382.803 | 1.382.803 | 1.382.803 | 1.382.803 | 1.401.502 | 1.859.882,Mediocampista
Bartra,Betis,+301.583 | +559.772 | +873.088 | +1.937.573 | +3.901.867 | +8.007.957,"+1,11% | +2,08% | +3,28% | +7,58% | +16,53% | +41,07%",,30ddías,27.508.264,27.206.681 | 26.948.492 | 26.635.176 | 25.570.691 | 23.606.397 | 19.500.307,Defensa
Iglesias,Celta,-409.374 | -881.697 | -1.326.287 | -3.572.647 | -3.340.959 | +9.896.877,"-1,43% | -3,02% | -4,48% | -11,21% | -10,56% | 0%",,9ddías,28.293.426,28.702.800 | 29.175.123 | 29.619.713 | 31.866.073 | 31.634.385 | 0,Delantero
Balde,Barcelona,-194.911 | -556.256 | -1.053.252 | -3.247.071 | -5.752.780 | +3.104.127,"-0,84% | -2,35% | -4,36% | -12,32% | -19,93% | +15,52%",,14ddías,23.108.727,23.303.638 | 23.664.983 | 24.161.979 | 26.355.798 | 28.861.507 | 20.004.600,Defensa
F. de Jong,Barcelona,-1.001.755 | -2.025.255 | -3.094.983 | -7.793.660 | -14.123.369 | -14.123.369,"-3,18% | -6,22% | -9,20% | -20,33% | -31,62% | -31,62%",,12ddías,30.548.771,31.550.526 | 32.574.026 | 33.643.754 | 38.342.431 | 44.672.140 | 44.672.140,Mediocampista
Gavi,Barcelona,-822.480 | -1.593.930 | -2.338.651 | -2.715.706 | +950.016 | +10.375.406,"-2,24% | -4,26% | -6,13% | -7,04% | +2,72% | +40,75%",,5ddías,35.835.414,36.657.894 | 37.429.344 | 38.174.065 | 38.551.120 | 34.885.398 | 25.460.008,Mediocampista
Ferran,Barcelona,-1.986.127 | -3.991.834 | -5.873.065 | -7.433.842 | +3.911.583 | +5.235.036,"-2,99% | -5,84% | -8,36% | -10,35% | +6,47% | +8,85%",,5ddías,64.415.526,66.401.653 | 68.407.360 | 70.288.591 | 71.849.368 | 60.503.943 | 59.180.490,Delantero
Pedri,Barcelona,-699.714 | -1.214.270 | -1.836.775 | -5.650.681 | -13.299.123 | -89.050.749,"-0,78% | -1,34% | -2,01% | -5,94% | -12,94% | 0%",,19ddías,89.486.843,90.186.557 | 90.701.113 | 91.323.618 | 95.137.524 | 102.785.966 | 0,Mediocampista
Raphinha,Barcelona,+2.457.103 | +4.183.209 | +4.673.138 | +3.331.093 | -3.186.462 | -25.710.662,"+3,42% | +5,96% | +6,71% | +4,69% | -4,11% | -25,70%",,4ddías,74.323.692,71.866.589 | 70.140.483 | 69.650.554 | 70.992.599 | 77.510.154 | 100.034.354,Delantero
A. Christensen,Barcelona,0 | 0 | 0 | 0 | 0 | 0,"0,00% | 0,00% | 0,00% | 0,00% | 0,00% | 0,00%",,33ddías,5.019.340,5.019.340 | 5.019.340 | 5.019.340 | 5.019.340 | 5.019.340 | 5.019.340,Defensa
M. Alonso,Celta,-290.601 | -688.239 | -1.184.313 | -41.624.144 | -41.624.144 | -41.624.144,"-0,96% | -2,24% | -3,79% | 0% | 0% | 0%",,4ddías,30.079.975,30.370.576 | 30.768.214 | 31.264.288 | 0 | 0 | 0,Defensa
Koundé,Barcelona,-742.582 | -1.456.496 | -2.241.397 | -5.732.771 | -8.717.813 | +5.472.730,"-1,66% | -3,20% | -4,85% | -11,53% | -16,54% | +14,20%",,12ddías,44.000.723,44.743.305 | 45.457.219 | 46.242.120 | 49.733.494 | 52.718.536 | 38.527.993,Defensa
Abde,Betis,-1.295.452 | -2.551.640 | -3.818.562 | -9.782.003 | -22.676.208 | -81.886.621,"-2,53% | -4,86% | -7,10% | -16,36% | -31,20% | 0%",,20ddías,49.995.496,51.290.948 | 52.547.136 | 53.814.058 | 59.777.499 | 72.671.704 | 0,Delantero
Yamal,Barcelona,+159.033 | +622.112 | +1.070.607 | +101.512 | -7.498.216 | +58.665.835,"+0,12% | +0,48% | +0,84% | +0,08% | -5,49% | 0%",,4ddías,128.962.018,128.802.985 | 128.339.906 | 127.891.411 | 128.860.506 | 136.460.234 | 0,Delantero
Casadó,Barcelona,-34.021 | -67.109 | -89.681 | -187.132 | -349.661 | -909.278,"-1,83% | -3,54% | -4,68% | -9,29% | -16,06% | -33,23%",,36ddías,1.827.438,1.861.459 | 1.894.547 | 1.917.119 | 2.014.570 | 2.177.099 | 2.736.716,Mediocampista
Cubarsí,Barcelona,-1.433.573 | -2.683.153 | -3.875.948 | -10.104.625 | -16.570.392 | +16.167.232,"-1,71% | -3,15% | -4,49% | -10,93% | -16,75% | +24,42%",,12ddías,82.382.974,83.816.547 | 85.066.127 | 86.258.922 | 92.487.599 | 98.953.366 | 66.215.742,Defensa
Fermín,Barcelona,+153.564 | +8.355 | -581.105 | -3.397.595 | -8.627.212 | -33.178.557,"+0,26% | +0,01% | -0,97% | -5,43% | -12,73% | -35,95%",,1ddías,59.124.292,58.970.728 | 59.115.937 | 59.705.397 | 62.521.887 | 67.751.504 | 92.302.849,Mediocampista
Bellerín,Betis,+190.130 | +490.612 | +771.658 | +1.748.433 | +2.835.616 | +2.143.734,"+1,49% | +3,94% | +6,33% | +15,60% | +28,03% | +19,83%",,13ddías,12.953.683,12.763.553 | 12.463.071 | 12.182.025 | 11.205.250 | 10.118.067 | 10.809.949,Defensa
Guido,Valencia,-266.449 | -566.948 | -1.018.614 | +24.613.920 | +24.613.920 | +24.613.920,"-0,99% | -2,09% | -3,70% | 0% | 0% | 0%",,4ddías,26.539.461,26.805.910 | 27.106.409 | 27.558.075 | 0 | 0 | 0,Mediocampista
Turrientes,Real Sociedad,+19.656 | -23.590 | -114.477 | -507.555 | -1.281.979 | -3.739.032,"+0,29% | -0,35% | -1,66% | -6,95% | -15,87% | -35,50%",,1ddías,6.794.227,6.774.571 | 6.817.817 | 6.908.704 | 7.301.782 | 8.076.206 | 10.533.259,Mediocampista
Militão,Real Madrid,-398.859 | -790.738 | -1.191.571 | -3.014.352 | -6.720.560 | -15.628.248,"-2,86% | -5,51% | -8,08% | -18,20% | -33,15% | -53,56%",,36ddías,13.549.911,13.948.770 | 14.340.649 | 14.741.482 | 16.564.263 | 20.270.471 | 29.178.159,Defensa
Marrero,Real Sociedad,-29.627 | -58.310 | -87.173 | -214.440 | -456.293 | -1.411.174,"-2,34% | -4,50% | -6,58% | -14,77% | -26,95% | -53,29%",,36ddías,1.237.032,1.266.659 | 1.295.342 | 1.324.205 | 1.451.472 | 1.693.325 | 2.648.206,Portero
Padilla,Athletic,0 | 0 | 0 | 0 | 0 | 0,"0,00% | 0,00% | 0,00% | 0,00% | 0,00% | 0,00%",,33ddías,1.505.588,1.505.588 | 1.505.588 | 1.505.588 | 1.505.588 | 1.505.588 | 1.505.588,Portero
Javi Rodríguez,Celta,0 | 0 | 0 | 0 | 0 | 0,"0,00% | 0,00% | 0,00% | 0,00% | 0,00% | 0,00%",,33ddías,10.037.652,10.037.652 | 10.037.652 | 10.037.652 | 10.037.652 | 10.037.652 | 10.037.652,Defensa
Durán,Celta,-33.909 | -68.003 | -102.498 | -257.178 | -564.401 | -1.490.561,"-2,82% | -5,51% | -8,08% | -18,06% | -32,61% | -56,10%",,36ddías,1.166.548,1.200.457 | 1.234.551 | 1.269.046 | 1.423.726 | 1.730.949 | 2.657.109,Delantero
Natan,Betis,-451.704 | -491.972 | -281.195 | +1.613.330 | +6.708.534 | +17.101.326,"-1,04% | -1,13% | -0,65% | +3,89% | +18,44% | +65,78%",,2ddías,43.098.198,43.549.902 | 43.590.170 | 43.379.393 | 41.484.868 | 36.389.664 | 25.996.872,Defensa
Bernal,Barcelona,+258.512 | +530.478 | +790.657 | +1.953.084 | +2.229.875 | +2.229.875,"+4,63% | +9,98% | +15,65% | +50,20% | +61,70% | +61,70%",,10ddías,5.843.799,5.585.287 | 5.313.321 | 5.053.142 | 3.890.715 | 3.613.924 | 3.613.924,Mediocampista
Martín,Barcelona,+872.046 | +1.707.787 | +2.531.626 | +3.748.239 | +1.729.416 | +1.729.416,"+2,78% | +5,59% | +8,52% | +13,15% | +5,67% | +5,67%",,6ddías,32.247.012,31.374.966 | 30.539.225 | 29.715.386 | 28.498.773 | 30.517.596 | 30.517.596,Defensa
Toni Martinez,Alavés,-107.125 | -271.668 | -508.406 | -1.605.814 | -3.820.445 | +21.284.546,"-0,42% | -1,06% | -1,96% | -5,95% | -13,09% | 0%",,25ddías,25.368.539,25.475.664 | 25.640.207 | 25.876.945 | 26.974.353 | 29.188.984 | 0,Delantero
Musso,Atlético,-104.053 | -216.213 | -319.264 | -805.549 | -1.671.281 | -4.370.032,"-2,09% | -4,24% | -6,14% | -14,16% | -25,49% | -47,22%",,36ddías,4.884.606,4.988.659 | 5.100.819 | 5.203.870 | 5.690.155 | 6.555.887 | 9.254.638,Portero
Fraga,Real Sociedad,0 | 0 | 0 | 0 | 0 | 0,"0,00% | 0,00% | 0,00% | 0,00% | 0,00% | 0,00%",,33ddías,602.234,602.234 | 602.234 | 602.234 | 602.234 | 602.234 | 602.234,Portero
Mario Martín,Getafe,0 | 0 | 0 | 0 | 0 | 0,"0,00% | 0,00% | 0,00% | 0,00% | 0,00% | 0,00%",,33ddías,4.015.472,4.015.472 | 4.015.472 | 4.015.472 | 4.015.472 | 4.015.472 | 4.015.472,Mediocampista
Benito,Osasuna,-9.647 | -18.628 | -28.211 | -76.480 | -177.709 | -532.996,"-1,62% | -3,09% | -4,61% | -11,57% | -23,32% | -47,70%",,36ddías,584.282,593.929 | 602.910 | 612.493 | 660.762 | 761.991 | 1.117.278,Delantero
Leo Román,Deportivo,+695.109 | +1.589.867 | +2.540.083 | +6.521.568 | +32.228.484 | +32.228.484,"+2,08% | +4,89% | +8,05% | +23,65% | 0% | 0%",,12ddías,34.096.906,33.401.797 | 32.507.039 | 31.556.823 | 27.575.338 | 0 | 0,Portero
Ferrer,Getafe,0 | 0 | 0 | 0 | 0 | 0,"0,00% | 0,00% | 0,00% | 0,00% | 0,00% | 0,00%",,33ddías,702.705,702.705 | 702.705 | 702.705 | 702.705 | 702.705 | 702.705,Portero
Boiro,Athletic,-7.094 | -13.415 | -20.228 | -55.030 | -128.894 | -357.994,"-1,34% | -2,50% | -3,72% | -9,52% | -19,77% | -40,64%",,20ddías,522.997,530.091 | 536.412 | 543.225 | 578.027 | 651.891 | 880.991,Defensa
Jauregizar,Athletic,+381.250 | +705.682 | +1.017.015 | +2.386.537 | +4.946.413 | +11.373.156,"+1,41% | +2,63% | +3,84% | +9,51% | +21,94% | +70,56%",,35ddías,27.492.528,27.111.278 | 26.786.846 | 26.475.513 | 25.105.991 | 22.546.115 | 16.119.372,Mediocampista
Alvarez,Atlético,+9.299 | -59.328 | -313.897 | -2.383.910 | -6.804.718 | +21.371.563,"+0,01% | -0,09% | -0,45% | -3,32% | -8,92% | 0%",,1ddías,69.459.957,69.450.658 | 69.519.285 | 69.773.854 | 71.843.867 | 76.264.675 | 0,Delantero
Jon Martín,Real Sociedad,0 | 0 | 0 | 0 | 0 | 0,"0,00% | 0,00% | 0,00% | 0,00% | 0,00% | 0,00%",,33ddías,30.111.790,30.111.790 | 30.111.790 | 30.111.790 | 30.111.790 | 30.111.790 | 30.111.790,Defensa
Pape Gueye,Villarreal,+746.557 | +1.576.878 | +2.426.129 | +5.731.683 | +7.046.791 | -1.036.492,"+1,61% | +3,47% | +5,44% | +13,89% | +17,64% | -2,16%",,11ddías,46.999.599,46.253.042 | 45.422.721 | 44.573.470 | 41.267.916 | 39.952.808 | 48.036.091,Mediocampista
Peque,Sevilla,-33.657 | -71.709 | -105.018 | -270.694 | -674.719 | -2.041.989,"-1,72% | -3,60% | -5,19% | -12,37% | -26,02% | -51,56%",,36ddías,1.918.129,1.951.786 | 1.989.838 | 2.023.147 | 2.188.823 | 2.592.848 | 3.960.118,Delantero
Ejuke,Sevilla,-29.941 | -64.059 | -97.539 | -275.089 | -630.284 | -1.793.444,"-1,04% | -2,20% | -3,31% | -8,80% | -18,11% | -38,62%",,36ddías,2.849.917,2.879.858 | 2.913.976 | 2.947.456 | 3.125.006 | 3.480.201 | 4.643.361,Delantero
Kambwala,Villarreal,-23.619 | -49.421 | -73.131 | -199.061 | -465.647 | -1.383.782,"-1,86% | -3,81% | -5,54% | -13,77% | -27,20% | -52,61%",,36ddías,1.246.372,1.269.991 | 1.295.793 | 1.319.503 | 1.445.433 | 1.712.019 | 2.630.154,Defensa
Andrés Martín,Racing,-183.252 | -442.160 | -710.953 | -1.962.755 | -4.220.832 | +17.920.418,"-0,92% | -2,20% | -3,49% | -9,07% | -17,67% | 0%",,27ddías,19.671.726,19.854.978 | 20.113.886 | 20.382.679 | 21.634.481 | 23.892.558 | 0,Delantero
Danjuma,Valencia,+80.999 | +185.177 | +310.510 | +594.347 | +399.284 | -734.835,"+1,66% | +3,88% | +6,68% | +13,62% | +8,76% | -12,91%",,8ddías,4.959.056,4.878.057 | 4.773.879 | 4.648.546 | 4.364.709 | 4.559.772 | 5.693.891,Delantero
Pépé,Villarreal,-266.090 | -742.820 | -1.274.397 | -3.880.507 | -10.673.008 | -42.776.151,"-0,54% | -1,49% | -2,53% | -7,31% | -17,83% | 0%",,21ddías,49.188.786,49.454.876 | 49.931.606 | 50.463.183 | 53.069.293 | 59.861.794 | 0,Delantero
Losada,Betis,0 | 0 | 0 | 0 | 0 | 0,"0,00% | 0,00% | 0,00% | 0,00% | 0,00% | 0,00%",,33ddías,2.509.378,2.509.378 | 2.509.378 | 2.509.378 | 2.509.378 | 2.509.378 | 2.509.378,Delantero
Uche,Getafe,-799.127 | -1.622.828 | -2.472.851 | +11.428.735 | +11.428.735 | +11.428.735,"-3,21% | -6,30% | -9,30% | 0% | 0% | 0%",,4ddías,24.123.484,24.922.611 | 25.746.312 | 26.596.335 | 0 | 0 | 0,Delantero
D. Llorente,Betis,+222.877 | +466.079 | +678.582 | +1.601.192 | +3.186.474 | +3.398.380,"+1,79% | +3,81% | +5,65% | +14,43% | +33,51% | +36,56%",,20ddías,12.694.789,12.471.912 | 12.228.710 | 12.016.207 | 11.093.597 | 9.508.315 | 9.296.409,Defensa
Bretones,Osasuna,+131.608 | +241.854 | +354.441 | +841.393 | +1.353.799 | +1.123.090,"+4,17% | +7,95% | +12,10% | +34,45% | +70,14% | +51,97%",,18ddías,3.283.956,3.152.348 | 3.042.102 | 2.929.515 | 2.442.563 | 1.930.157 | 2.160.866,Defensa
Pedro Díaz,Rayo,-31.394 | -61.201 | -84.716 | -187.138 | -441.444 | -1.496.968,"-1,63% | -3,13% | -4,28% | -8,99% | -18,90% | -44,14%",,37ddías,1.894.806,1.926.200 | 1.956.007 | 1.979.522 | 2.081.944 | 2.336.250 | 3.391.774,Mediocampista
L. Sucic,Real Sociedad,-34.195 | -74.782 | -101.908 | -249.818 | -620.531 | -1.896.974,"-0,92% | -2,00% | -2,71% | -6,38% | -14,48% | -34,10%",,33ddías,3.665.473,3.699.668 | 3.740.255 | 3.767.381 | 3.915.291 | 4.286.004 | 5.562.447,Mediocampista
Álvaro,Deportivo,-83.119 | -172.320 | -250.048 | -598.478 | -1.185.763 | -3.535.530,"-1,62% | -3,30% | -4,72% | -10,60% | -19,02% | -41,19%",,36ddías,5.048.019,5.131.138 | 5.220.339 | 5.298.067 | 5.646.497 | 6.233.782 | 8.583.549,Portero
Letácek,Getafe,-16.998 | -33.958 | -51.014 | -126.731 | -278.530 | -882.329,"-2,16% | -4,23% | -6,23% | -14,16% | -26,60% | -53,45%",,36ddías,768.423,785.421 | 802.381 | 819.437 | 895.154 | 1.046.953 | 1.650.752,Portero
Hugo Álvarez,Celta,-36.789 | -80.440 | -135.769 | -377.319 | -951.957 | -2.816.694,"-1,15% | -2,48% | -4,12% | -10,66% | -23,14% | -47,11%",,36ddías,3.162.618,3.199.407 | 3.243.058 | 3.298.387 | 3.539.937 | 4.114.575 | 5.979.312,Mediocampista
Aramburu,Real Sociedad,+298.838 | +535.197 | +727.185 | +1.958.633 | +4.730.491 | +8.301.660,"+1,84% | +3,34% | +4,59% | +13,41% | +39,99% | +100,52%",,35ddías,16.560.659,16.261.821 | 16.025.462 | 15.833.474 | 14.602.026 | 11.830.168 | 8.258.999,Defensa
Carreira,Celta,-36.697 | -56.202 | -100.405 | -219.470 | -657.419 | -2.481.736,"-0,54% | -0,83% | -1,47% | -3,16% | -8,91% | -26,97%",,30ddías,6.718.895,6.755.592 | 6.775.097 | 6.819.300 | 6.938.365 | 7.376.314 | 9.200.631,Defensa
Garcés,Alavés,-13.270 | -26.025 | -39.540 | -103.742 | -242.748 | -684.706,"-1,94% | -3,73% | -5,56% | -13,39% | -26,56% | -50,50%",,36ddías,671.231,684.501 | 697.256 | 710.771 | 774.973 | 913.979 | 1.355.937,Defensa
Román,Celta,+64.645 | +103.731 | +117.019 | +9.911 | -522.570 | -2.595.033,"+1,26% | +2,03% | +2,30% | +0,19% | -9,12% | -33,26%",,4ddías,5.207.753,5.143.108 | 5.104.022 | 5.090.734 | 5.197.842 | 5.730.323 | 7.802.786,Mediocampista
Cucho,Betis,-691.186 | -1.368.062 | -2.082.903 | -5.659.786 | -9.432.054 | +3.861.227,"-1,46% | -2,85% | -4,27% | -10,81% | -16,81% | +9,02%",,12ddías,46.682.834,47.374.020 | 48.050.896 | 48.765.737 | 52.342.620 | 56.114.888 | 42.821.607,Delantero
Buchanan,Villarreal,-219.107 | -399.827 | -601.107 | -678.663 | -96.866 | +3.756.312,"-1,13% | -2,05% | -3,05% | -3,42% | -0,50% | +24,42%",,5ddías,19.137.114,19.356.221 | 19.536.941 | 19.738.221 | 19.815.777 | 19.233.980 | 15.380.802,Mediocampista
Valera,Elche,-46.438 | -143.240 | -268.811 | -949.602 | -2.727.066 | -39.567.302,"-0,20% | -0,60% | -1,13% | -3,87% | -10,37% | 0%",,27ddías,23.562.075,23.608.513 | 23.705.315 | 23.830.886 | 24.511.677 | 26.289.141 | 0,Mediocampista
Jiménez,Real Madrid,0 | 0 | 0 | 0 | 0 | 0,"0,00% | 0,00% | 0,00% | 0,00% | 0,00% | 0,00%",,33ddías,602.248,602.248 | 602.248 | 602.248 | 602.248 | 602.248 | 602.248,Defensa
Mestre,Real Madrid,0 | 0 | 0 | 0 | 0 | 0,"0,00% | 0,00% | 0,00% | 0,00% | 0,00% | 0,00%",,33ddías,677.860,677.860 | 677.860 | 677.860 | 677.860 | 677.860 | 677.860,Portero
Lago,Celta,0 | 0 | 0 | 0 | 0 | 0,"0,00% | 0,00% | 0,00% | 0,00% | 0,00% | 0,00%",,33ddías,702.633,702.633 | 702.633 | 702.633 | 702.633 | 702.633 | 702.633,Defensa
El-Abdellaoui,Celta,0 | 0 | 0 | 0 | 0 | 0,"0,00% | 0,00% | 0,00% | 0,00% | 0,00% | 0,00%",,33ddías,1.304.893,1.304.893 | 1.304.893 | 1.304.893 | 1.304.893 | 1.304.893 | 1.304.893,Delantero
Antony,Betis,-738.553 | -1.407.497 | -2.072.462 | -5.421.837 | -14.012.454 | -16.437.111,"-1,22% | -2,30% | -3,35% | -8,31% | -18,98% | -21,55%",,23ddías,59.826.933,60.565.486 | 61.234.430 | 61.899.395 | 65.248.770 | 73.839.387 | 76.264.044,Delantero
Sannadi,Athletic,-3.706 | -6.498 | -9.635 | -29.316 | -67.781 | -181.861,"-0,83% | -1,45% | -2,13% | -6,22% | -13,30% | -29,17%",,36ddías,441.686,445.392 | 448.184 | 451.321 | 471.002 | 509.467 | 623.547,Delantero
Pablo Ramón,Racing,0 | 0 | 0 | 0 | -61.357 | -61.357,"0,00% | 0,00% | 0,00% | 0,00% | 0% | 0%",,5ddías,540.217,540.217 | 540.217 | 540.217 | 540.217 | 0 | 0,Defensa
Guille,Barcelona,0 | 0 | 0 | 0 | 0 | 0,"0,00% | 0,00% | 0,00% | 0,00% | 0,00% | 0,00%",,33ddías,702.705,702.705 | 702.705 | 702.705 | 702.705 | 702.705 | 702.705,Mediocampista
Toni Fernández,Barcelona,0 | 0 | 0 | 0 | 0 | 0,"0,00% | 0,00% | 0,00% | 0,00% | 0,00% | 0,00%",,33ddías,602.319,602.319 | 602.319 | 602.319 | 602.319 | 602.319 | 602.319,Delantero
Vargas,Sevilla,-259.997 | -471.020 | -558.653 | -1.069.552 | +22.522.205 | +22.522.205,"-0,94% | -1,69% | -1,99% | -3,75% | 0% | 0%",,8ddías,27.453.160,27.713.157 | 27.924.180 | 28.011.813 | 28.522.712 | 0 | 0,Delantero
Roberto,Espanyol,+212.266 | +381.498 | +511.049 | +749.205 | +488.877 | -666.573,"+3,48% | +6,43% | +8,81% | +13,47% | +8,39% | -9,55%",,6ddías,6.312.856,6.100.590 | 5.931.358 | 5.801.807 | 5.563.651 | 5.823.979 | 6.979.429,Delantero
Luiz Junior,Villarreal,-473.814 | -610.521 | -548.093 | +1.762.731 | +8.461.115 | +18.249.886,"-1,16% | -1,49% | -1,34% | +4,56% | +26,49% | +82,41%",,2ddías,40.396.418,40.870.232 | 41.006.939 | 40.944.511 | 38.633.687 | 31.935.303 | 22.146.532,Portero
Risco,Getafe,0 | 0 | 0 | 0 | 0 | 0,"0,00% | 0,00% | 0,00% | 0,00% | 0,00% | 0,00%",,33ddías,702.705,702.705 | 702.705 | 702.705 | 702.705 | 702.705 | 702.705,Mediocampista
Logan Costa,Villarreal,-22.288 | -49.878 | -76.237 | -188.819 | -451.275 | -1.318.983,"-1,62% | -3,55% | -5,32% | -12,22% | -24,96% | -49,29%",,36ddías,1.356.876,1.379.164 | 1.406.754 | 1.433.113 | 1.545.695 | 1.808.151 | 2.675.859,Defensa
Iturbe,Elche,0 | 0 | 0 | 0 | 0 | 0,"0,00% | 0,00% | 0,00% | 0,00% | 0,00% | 0,00%",,33ddías,802.099,802.099 | 802.099 | 802.099 | 802.099 | 802.099 | 802.099,Portero
Lo Celso,Betis,-299.744 | -259.937 | +23.190 | +2.252.174 | +7.545.143 | +19.478.366,"-0,72% | -0,62% | +0,06% | +5,75% | +22,28% | +88,82%",,1ddías,41.408.093,41.707.837 | 41.668.030 | 41.384.903 | 39.155.919 | 33.862.950 | 21.929.727,Mediocampista
Otorbi,Valencia,0 | 0 | 0 | 0 | 0 | 0,"0,00% | 0,00% | 0,00% | 0,00% | 0,00% | 0,00%",,33ddías,602.292,602.292 | 602.292 | 602.292 | 602.292 | 602.292 | 602.292,Delantero
Manu González,Betis,0 | 0 | 0 | 0 | 0 | 0,"0,00% | 0,00% | 0,00% | 0,00% | 0,00% | 0,00%",,33ddías,581.691,581.691 | 581.691 | 581.691 | 581.691 | 581.691 | 581.691,Portero
Alfon,Sevilla,0 | 0 | 0 | 0 | 0 | 0,"0,00% | 0,00% | 0,00% | 0,00% | 0,00% | 0,00%",,33ddías,7.026.761,7.026.761 | 7.026.761 | 7.026.761 | 7.026.761 | 7.026.761 | 7.026.761,Delantero
De la Sías,Rayo,0 | 0 | 0 | 0 | 0 | 0,"0,00% | 0,00% | 0,00% | 0,00% | 0,00% | 0,00%",,33ddías,602.234,602.234 | 602.234 | 602.234 | 602.234 | 602.234 | 602.234,Defensa
Asencio,Real Madrid,-160.408 | -324.112 | -492.259 | -1.254.252 | -2.654.773 | -5.933.179,"-3,01% | -5,90% | -8,70% | -19,53% | -33,94% | -53,45%",,36ddías,5.168.252,5.328.660 | 5.492.364 | 5.660.511 | 6.422.504 | 7.823.025 | 11.101.431,Defensa
Óskarsson,Real Sociedad,-131.012 | -263.177 | -369.117 | -999.723 | -2.103.223 | -5.949.059,"-1,56% | -3,09% | -4,27% | -10,79% | -20,28% | -41,85%",,36ddías,8.267.003,8.398.015 | 8.530.180 | 8.636.120 | 9.266.726 | 10.370.226 | 14.216.062,Delantero
Pau Navarro,Villarreal,-86.634 | -183.646 | -216.867 | -636.870 | -1.773.864 | -5.390.139,"-0,91% | -1,91% | -2,25% | -6,33% | -15,83% | -36,37%",,36ddías,9.431.888,9.518.522 | 9.615.534 | 9.648.755 | 10.068.758 | 11.205.752 | 14.822.027,Defensa
Etta Eyong,Levante,+576.518 | +1.153.961 | +1.832.111 | +4.259.679 | +8.577.881 | +12.609.101,"+2,41% | +4,94% | +8,08% | +21,03% | +53,83% | +105,93%",,35ddías,24.512.276,23.935.758 | 23.358.315 | 22.680.165 | 20.252.597 | 15.934.395 | 11.903.175,Delantero
Szczesny,Barcelona,-57.959 | -119.113 | -180.010 | -439.455 | -647.549 | -647.549,"-2,21% | -4,44% | -6,57% | -14,65% | -20,18% | -20,18%",,9ddías,2.560.851,2.618.810 | 2.679.964 | 2.740.861 | 3.000.306 | 3.208.400 | 3.208.400,Portero
Spina,Atlético,0 | 0 | 0 | 0 | 0 | 0,"0,00% | 0,00% | 0,00% | 0,00% | 0,00% | 0,00%",,33ddías,702.702,702.702 | 702.702 | 702.702 | 702.702 | 702.702 | 702.702,Defensa
Serrano,Atlético,-3.341 | -5.752 | -8.492 | -26.417 | -61.025 | -169.293,"-0,77% | -1,31% | -1,92% | -5,75% | -12,35% | -28,11%",,36ddías,432.928,436.269 | 438.680 | 441.420 | 459.345 | 493.953 | 602.221,Mediocampista
Sergio Gómez,Real Sociedad,-40.695 | -111.970 | -243.680 | -745.384 | -1.957.122 | -6.032.898,"-0,22% | -0,61% | -1,33% | -3,95% | -9,75% | -24,97%",,36ddías,18.124.945,18.165.640 | 18.236.915 | 18.368.625 | 18.870.329 | 20.082.067 | 24.157.843,Defensa
Olmo,Barcelona,-719.616 | -1.535.642 | -2.334.648 | -7.320.717 | -16.770.868 | -38.363.217,"-1,08% | -2,27% | -3,41% | -9,97% | -20,23% | 0%",,20ddías,66.116.513,66.836.129 | 67.652.155 | 68.451.161 | 73.437.230 | 82.887.381 | 0,Mediocampista
Endrick,Real Madrid,-122.692 | -229.519 | -329.833 | -668.113 | +6.444.349 | +6.444.349,"-1,72% | -3,17% | -4,49% | -8,70% | 0% | 0%",,13ddías,7.010.338,7.133.030 | 7.239.857 | 7.340.171 | 7.678.451 | 0 | 0,Delantero
Gerard,Villarreal,-263.299 | -402.678 | -463.617 | -1.082.201 | -3.346.288 | -10.233.157,"-0,91% | -1,39% | -1,59% | -3,64% | -10,46% | -26,32%",,36ddías,28.651.342,28.914.641 | 29.054.020 | 29.114.959 | 29.733.543 | 31.997.630 | 38.884.499,Delantero
Fran Pérez,Rayo,-18.139 | -36.513 | -55.780 | -139.076 | -320.570 | -887.553,"-2,09% | -4,13% | -6,17% | -14,08% | -27,42% | -51,12%",,36ddías,848.567,866.706 | 885.080 | 904.347 | 987.643 | 1.169.137 | 1.736.120,Mediocampista
Carlos Martín,Atlético,0 | 0 | 0 | 0 | 0 | 0,"0,00% | 0,00% | 0,00% | 0,00% | 0,00% | 0,00%",,33ddías,2.218.490,2.218.490 | 2.218.490 | 2.218.490 | 2.218.490 | 2.218.490 | 2.218.490,Mediocampista
Hugo González,Celta,0 | 0 | 0 | 0 | 0 | 0,"0,00% | 0,00% | 0,00% | 0,00% | 0,00% | 0,00%",,33ddías,1.505.646,1.505.646 | 1.505.646 | 1.505.646 | 1.505.646 | 1.505.646 | 1.505.646,Mediocampista
Tárrega,Valencia,-20.393 | -52.761 | -95.656 | -295.848 | -767.838 | -3.178.218,"-0,23% | -0,59% | -1,06% | -3,22% | -7,95% | -26,33%",,36ddías,8.890.896,8.911.289 | 8.943.657 | 8.986.552 | 9.186.744 | 9.658.734 | 12.069.114,Defensa
Iranzo,Valencia,0 | 0 | 0 | 0 | 0 | 0,"0,00% | 0,00% | 0,00% | 0,00% | 0,00% | 0,00%",,33ddías,602.292,602.292 | 602.292 | 602.292 | 602.292 | 602.292 | 602.292,Defensa
Comesaña,Villarreal,+884.583 | +1.612.846 | +2.318.105 | +4.400.649 | +2.074.791 | -3.631.174,"+2,88% | +5,38% | +7,92% | +16,19% | +7,03% | -10,31%",,9ddías,31.574.955,30.690.372 | 29.962.109 | 29.256.850 | 27.174.306 | 29.500.164 | 35.206.129,Mediocampista
Foyth,Villarreal,+200.770 | +310.082 | +349.965 | -146.303 | -1.561.755 | -1.561.755,"+1,86% | +2,90% | +3,29% | -1,31% | -12,45% | -12,45%",,4ddías,10.986.034,10.785.264 | 10.675.952 | 10.636.069 | 11.132.337 | 12.547.789 | 12.547.789,Defensa
Foulquier,Valencia,-75.761 | -151.932 | -226.753 | -543.329 | -1.114.688 | -1.114.688,"-2,83% | -5,52% | -8,02% | -17,29% | -30,01% | -30,01%",,14ddías,2.599.456,2.675.217 | 2.751.388 | 2.826.209 | 3.142.785 | 3.714.144 | 3.714.144,Defensa
Sörloth,Atlético,-270.458 | -529.455 | -772.335 | -1.950.429 | -4.605.930 | -12.488.360,"-1,05% | -2,03% | -2,93% | -7,09% | -15,27% | -32,83%",,36ddías,25.556.171,25.826.629 | 26.085.626 | 26.328.506 | 27.506.600 | 30.162.101 | 38.044.531,Delantero
Baena,Atlético,-1.011.204 | -2.164.724 | -3.338.422 | -8.825.770 | -12.957.130 | +11.039.544,"-1,73% | -3,63% | -5,50% | -13,33% | -18,42% | +23,82%",,12ddías,57.390.700,58.401.904 | 59.555.424 | 60.729.122 | 66.216.470 | 70.347.830 | 46.351.156,Mediocampista
Femenia,Getafe,+42.736 | +51.671 | +25.834 | -54.462 | -360.215 | -1.913.589,"+1,19% | +1,45% | +0,72% | -1,48% | -9,04% | -34,56%",,2ddías,3.623.328,3.580.592 | 3.571.657 | 3.597.494 | 3.677.790 | 3.983.543 | 5.536.917,Defensa
Terrats,Getafe,0 | 0 | 0 | 0 | 0 | 0,"0,00% | 0,00% | 0,00% | 0,00% | 0,00% | 0,00%",,33ddías,2.810.495,2.810.495 | 2.810.495 | 2.810.495 | 2.810.495 | 2.810.495 | 2.810.495,Mediocampista
Denis Suárez,Alavés,-39.427 | -83.965 | -125.997 | -360.272 | -891.933 | -2.738.956,"-1,47% | -3,07% | -4,54% | -11,96% | -25,17% | -50,81%",,36ddías,2.651.262,2.690.689 | 2.735.227 | 2.777.259 | 3.011.534 | 3.543.195 | 5.390.218,Mediocampista
Akhomach,Villarreal,-128.576 | -252.574 | -383.098 | -1.002.280 | -2.381.840 | -2.381.840,"-2,23% | -4,28% | -6,35% | -15,07% | -29,66% | -29,66%",,14ddías,5.648.281,5.776.857 | 5.900.855 | 6.031.379 | 6.650.561 | 8.030.121 | 8.030.121,Delantero
Jesús Vázquez,Valencia,-19.383 | -47.836 | -87.582 | -274.610 | -657.445 | -1.944.032,"-1,11% | -2,69% | -4,81% | -13,68% | -27,50% | -52,87%",,36ddías,1.733.034,1.752.417 | 1.780.870 | 1.820.616 | 2.007.644 | 2.390.479 | 3.677.066,Defensa
Pepelu,Valencia,-55.259 | -112.287 | -203.135 | -606.128 | -1.359.491 | -3.413.952,"-0,73% | -1,48% | -2,64% | -7,50% | -15,38% | -31,34%",,31ddías,7.477.637,7.532.896 | 7.589.924 | 7.680.772 | 8.083.765 | 8.837.128 | 10.891.589,Mediocampista
Manu Sánchez,Levante,0 | 0 | 0 | 0 | -97.781 | -484.326,"0,00% | 0,00% | 0,00% | 0,00% | -1,73% | -8,04%",,11ddías,5.538.185,5.538.185 | 5.538.185 | 5.538.185 | 5.538.185 | 5.635.966 | 6.022.511,Defensa
Manu Bueno,Sevilla,0 | 0 | 0 | 0 | 0 | 0,"0,00% | 0,00% | 0,00% | 0,00% | 0,00% | 0,00%",,33ddías,802.099,802.099 | 802.099 | 802.099 | 802.099 | 802.099 | 802.099,Mediocampista
Urko,Espanyol,-15.085 | -41.860 | -63.648 | -237.486 | -591.095 | -2.019.731,"-0,32% | -0,87% | -1,32% | -4,75% | -11,04% | -29,78%",,33ddías,4.762.118,4.777.203 | 4.803.978 | 4.825.766 | 4.999.604 | 5.353.213 | 6.781.849,Mediocampista
Dmitrovic,Espanyol,+625.771 | +1.231.741 | +1.991.870 | +5.098.249 | +11.601.460 | +20.255.521,"+1,75% | +3,51% | +5,80% | +16,31% | +46,88% | +125,85%",,35ddías,36.350.767,35.724.996 | 35.119.026 | 34.358.897 | 31.252.518 | 24.749.307 | 16.095.246,Portero
Gattoni,Sevilla,-3.598 | -6.278 | -9.298 | -28.463 | -65.791 | -184.144,"-0,81% | -1,41% | -2,07% | -6,09% | -13,03% | -29,55%",,36ddías,439.107,442.705 | 445.385 | 448.405 | 467.570 | 504.898 | 623.251,Defensa
Pedrosa,Sevilla,0 | 0 | 0 | 0 | 0 | 0,"0,00% | 0,00% | 0,00% | 0,00% | 0,00% | 0,00%",,33ddías,3.312.788,3.312.788 | 3.312.788 | 3.312.788 | 3.312.788 | 3.312.788 | 3.312.788,Defensa
Mariano,Alavés,-23.325 | -46.979 | -71.363 | -181.041 | -435.442 | -1.304.949,"-2,23% | -4,38% | -6,51% | -15,01% | -29,82% | -56,01%",,36ddías,1.024.898,1.048.223 | 1.071.877 | 1.096.261 | 1.205.939 | 1.460.340 | 2.329.847,Delantero
Marcão,Sevilla,-14.008 | -27.531 | -41.846 | -111.098 | -249.189 | -712.893,"-1,99% | -3,84% | -5,73% | -13,89% | -26,56% | -50,85%",,36ddías,688.942,702.950 | 716.473 | 730.788 | 800.040 | 938.131 | 1.401.835,Defensa
Diakhaby,Valencia,-134.592 | -269.558 | -398.525 | -1.022.367 | -2.185.846 | -2.768.025,"-2,10% | -4,12% | -5,98% | -14,03% | -25,86% | -30,64%",,16ddías,6.266.383,6.400.975 | 6.535.941 | 6.664.908 | 7.288.750 | 8.452.229 | 9.034.408,Defensa
Diego López,Valencia,-76.413 | -154.416 | -234.481 | -585.378 | -1.292.564 | -3.317.090,"-3,05% | -5,98% | -8,81% | -19,44% | -34,76% | -57,76%",,36ddías,2.425.883,2.502.296 | 2.580.299 | 2.660.364 | 3.011.261 | 3.718.447 | 5.742.973,Delantero
Canós,Valencia,-7.514 | -14.272 | -21.541 | -59.547 | -866.334 | -866.334,"-1,39% | -2,61% | -3,88% | -10,05% | 0% | 0%",,13ddías,533.082,540.596 | 547.354 | 554.623 | 592.629 | 0 | 0,Delantero
Javi Guerra,Valencia,-76.533 | -181.513 | -277.943 | -874.521 | -2.532.132 | +21.010.344,"-0,32% | -0,75% | -1,15% | -3,52% | -9,57% | 0%",,26ddías,23.937.695,24.014.228 | 24.119.208 | 24.215.638 | 24.812.216 | 26.469.827 | 0,Mediocampista
Duro,Valencia,-80.266 | -141.664 | -228.638 | -660.074 | -1.339.078 | -3.639.832,"-0,93% | -1,62% | -2,59% | -7,14% | -13,49% | -29,77%",,31ddías,8.587.610,8.667.876 | 8.729.274 | 8.816.248 | 9.247.684 | 9.926.688 | 12.227.442,Delantero
Almeida,Valencia,-62.030 | -123.064 | -186.548 | -491.060 | -1.118.951 | -3.033.431,"-2,26% | -4,38% | -6,49% | -15,45% | -29,40% | -53,03%",,36ddías,2.686.937,2.748.967 | 2.810.001 | 2.873.485 | 3.177.997 | 3.805.888 | 5.720.368,Mediocampista
Rivero,Valencia,-7.139 | -13.506 | -20.367 | -56.565 | -131.293 | -348.534,"-1,34% | -2,51% | -3,74% | -9,74% | -20,03% | -39,94%",,19ddías,524.072,531.211 | 537.578 | 544.439 | 580.637 | 655.365 | 872.606,Portero
Gayà,Valencia,-89.315 | -210.263 | -313.662 | -972.571 | -2.064.150 | -5.420.473,"-0,78% | -1,82% | -2,69% | -7,90% | -15,41% | -32,36%",,36ddías,11.331.705,11.421.020 | 11.541.968 | 11.645.367 | 12.304.276 | 13.395.855 | 16.752.178,Defensa
Altimira,Deportivo,-86.883 | -167.094 | -242.095 | -497.920 | -1.090.683 | -2.358.875,"-1,72% | -3,25% | -4,64% | -9,10% | -17,98% | -32,16%",,30ddías,4.974.849,5.061.732 | 5.141.943 | 5.216.944 | 5.472.769 | 6.065.532 | 7.333.724,Defensa
Íñigo Pérez,Villarreal,-69.738 | -131.823 | -190.933 | +444.213 | +411.130 | +124.142,"-2,58% | -4,77% | -6,77% | +20,32% | +18,52% | 0%",,4ddías,2.630.704,2.700.442 | 2.762.527 | 2.821.637 | 2.186.491 | 2.219.574 | 0,
Raúl García,Osasuna,-38.818 | -83.305 | -125.307 | -322.056 | -732.493 | -2.122.282,"-1,89% | -3,97% | -5,86% | -13,78% | -26,67% | -51,30%",,36ddías,2.014.527,2.053.345 | 2.097.832 | 2.139.834 | 2.336.583 | 2.747.020 | 4.136.809,Delantero
Raul Moro,Osasuna,+180.121 | +380.023 | +604.603 | +1.551.379 | +2.433.037 | +380.840,"+1,42% | +3,05% | +4,93% | +13,72% | +23,34% | +3,05%",,13ddías,12.858.326,12.678.205 | 12.478.303 | 12.253.723 | 11.306.947 | 10.425.289 | 12.477.486,Delantero
Mbappé,Real Madrid,+172.544 | +469.546 | +663.879 | +934.723 | -3.260.534 | -24.273.660,"+0,13% | +0,36% | +0,51% | +0,72% | -2,42% | 0%",,5ddías,131.211.779,131.039.235 | 130.742.233 | 130.547.900 | 130.277.056 | 134.472.313 | 0,Delantero
Romero,Villarreal,+1.140.750 | +2.271.997 | +3.471.463 | +6.976.653 | +5.455.952 | +5.455.952,"+2,89% | +5,93% | +9,35% | +20,76% | +15,53% | +15,53%",,11ddías,40.587.172,39.446.422 | 38.315.175 | 37.115.709 | 33.610.519 | 35.131.220 | 35.131.220,Defensa
Djaló,Athletic,-31.548 | -63.907 | -97.897 | -7.005.218 | -7.005.218 | -7.005.218,"-2,61% | -5,15% | -7,68% | 0% | 0% | 0%",,4ddías,1.176.492,1.208.040 | 1.240.399 | 1.274.389 | 0 | 0 | 0,Delantero
Rosier,Osasuna,-196.872 | -397.430 | -600.737 | -1.495.751 | -3.319.941 | -5.249.559,"-2,96% | -5,79% | -8,51% | -18,80% | -33,94% | -44,82%",,31ddías,6.462.326,6.659.198 | 6.859.756 | 7.063.063 | 7.958.077 | 9.782.267 | 11.711.885,Defensa
Mouriño,Villarreal,+507.403 | +995.475 | +1.417.659 | +3.499.050 | +7.425.808 | +16.384.352,"+1,29% | +2,57% | +3,70% | +9,65% | +22,95% | +70,04%",,34ddías,39.776.403,39.269.000 | 38.780.928 | 38.358.744 | 36.277.353 | 32.350.595 | 23.392.051,Defensa
Serrano,Athletic,-26.895 | -53.841 | -82.139 | -212.247 | -481.361 | -1.341.449,"-2,62% | -5,12% | -7,60% | -17,53% | -32,53% | -57,34%",,37ddías,998.211,1.025.106 | 1.052.052 | 1.080.350 | 1.210.458 | 1.479.572 | 2.339.660,Delantero
Raba,Valencia,-42.727 | -83.254 | -127.176 | -324.289 | -731.359 | -2.010.863,"-2,36% | -4,51% | -6,72% | -15,52% | -29,30% | -53,26%",,36ddías,1.764.657,1.807.384 | 1.847.911 | 1.891.833 | 2.088.946 | 2.496.016 | 3.775.520,Delantero
Conde,Betis,0 | 0 | 0 | 0 | -171.584 | -1.335.401,"0,00% | 0,00% | 0,00% | 0,00% | -5,34% | -30,51%",,10ddías,3.041.589,3.041.589 | 3.041.589 | 3.041.589 | 3.041.589 | 3.213.173 | 4.376.990,Portero
Boyomo,Osasuna,+470.736 | +951.703 | +1.513.860 | +3.483.508 | +6.825.348 | +11.751.233,"+1,80% | +3,70% | +6,01% | +15,01% | +34,35% | +78,65%",,32ddías,26.693.160,26.222.424 | 25.741.457 | 25.179.300 | 23.209.652 | 19.867.812 | 14.941.927,Defensa
Cabrera,Espanyol,+7.920 | -42.881 | -73.834 | -174.515 | -968.319 | +5.218.393,"+0,05% | -0,26% | -0,45% | -1,05% | -5,55% | 0%",,1ddías,16.477.156,16.469.236 | 16.520.037 | 16.550.990 | 16.651.671 | 17.445.475 | 0,Defensa
Fortuño,Espanyol,-9.693 | -18.721 | -28.354 | -66.041 | -164.178 | -460.065,"-1,63% | -3,10% | -4,62% | -10,14% | -21,90% | -44,01%",,16ddías,585.375,595.068 | 604.096 | 613.729 | 651.416 | 749.553 | 1.045.440,Portero
Rubén Sánchez,Espanyol,-5.592 | -10.348 | -15.531 | -44.286 | -102.670 | -299.091,"-1,14% | -2,08% | -3,09% | -8,34% | -17,41% | -38,05%",,36ddías,486.940,492.532 | 497.288 | 502.471 | 531.226 | 589.610 | 786.031,Mediocampista
El Hilali,Espanyol,+160.776 | +306.626 | +462.575 | +1.032.021 | +1.908.689 | +2.577.640,"+1,93% | +3,75% | +5,77% | +13,87% | +29,07% | +43,72%",,20ddías,8.473.463,8.312.687 | 8.166.837 | 8.010.888 | 7.441.442 | 6.564.774 | 5.895.823,Defensa
Edu Expósito,Espanyol,+396.237 | +580.771 | +607.010 | +30.031 | -2.073.758 | -13.776.175,"+1,47% | +2,17% | +2,27% | +0,11% | -7,04% | 0%",,3ddías,27.390.218,26.993.981 | 26.809.447 | 26.783.208 | 27.360.187 | 29.463.976 | 0,Mediocampista
Jofre,Espanyol,-23.493 | -46.920 | -72.429 | -185.386 | -416.036 | -1.254.816,"-1,93% | -3,78% | -5,72% | -13,45% | -25,85% | -51,25%",,36ddías,1.193.409,1.216.902 | 1.240.329 | 1.265.838 | 1.378.795 | 1.609.445 | 2.448.225,Delantero
Pere Milla,Espanyol,-46.662 | -97.380 | -183.976 | -588.850 | -1.036.132 | -51.686,"-0,47% | -0,99% | -1,85% | -5,68% | -9,58% | -0,53%",,14ddías,9.777.464,9.824.126 | 9.874.844 | 9.961.440 | 10.366.314 | 10.813.596 | 9.829.150,Delantero
Lozano,Espanyol,-42.529 | -80.468 | -117.620 | -290.098 | -691.019 | -2.075.974,"-1,73% | -3,23% | -4,65% | -10,73% | -22,26% | -46,24%",,36ddías,2.413.197,2.455.726 | 2.493.665 | 2.530.817 | 2.703.295 | 3.104.216 | 4.489.171,Mediocampista
Kike Salas,Sevilla,+24.808 | -7.312 | -48.176 | -288.342 | -1.075.342 | -3.900.856,"+0,21% | -0,06% | -0,41% | -2,42% | -8,45% | -25,09%",,1ddías,11.643.533,11.618.725 | 11.650.845 | 11.691.709 | 11.931.875 | 12.718.875 | 15.544.389,Defensa
Calero,Málaga,-111.853 | -229.848 | -229.848 | -229.848 | -229.848 | -229.848,"-3,29% | -6,54% | -6,54% | -6,54% | -6,54% | -6,54%",,2ddías,3.283.272,3.395.125 | 3.513.120 | 3.513.120 | 3.513.120 | 3.513.120 | 3.513.120,Defensa
Puado,Espanyol,-232.603 | -473.769 | -717.140 | -1.771.905 | -3.941.616 | -8.211.335,"-3,08% | -6,07% | -8,91% | -19,47% | -34,98% | -52,84%",,27ddías,7.327.284,7.559.887 | 7.801.053 | 8.044.424 | 9.099.189 | 11.268.900 | 15.538.619,Mediocampista
Juanmi,Getafe,-11.489 | -22.388 | -33.970 | -91.100 | -211.784 | -610.232,"-1,80% | -3,44% | -5,13% | -12,66% | -25,20% | -49,26%",,36ddías,628.480,639.969 | 650.868 | 662.450 | 719.580 | 840.264 | 1.238.712,Delantero
Joan Garcia,Barcelona,+2.543.071 | +4.970.654 | +7.475.676 | +15.851.776 | +12.526.603 | +12.526.603,"+4,23% | +8,61% | +13,53% | +33,82% | +24,96% | +24,96%",,7ddías,62.720.019,60.176.948 | 57.749.365 | 55.244.343 | 46.868.243 | 50.193.416 | 50.193.416,Portero
Cardoso,Atlético,-182.656 | -365.357 | -555.728 | -1.394.895 | -3.095.958 | -8.084.588,"-2,81% | -5,48% | -8,10% | -18,11% | -32,93% | -56,18%",,33ddías,6.306.919,6.489.575 | 6.672.276 | 6.862.647 | 7.701.814 | 9.402.877 | 14.391.507,Mediocampista
Moriba,Celta,+8.016 | +42.449 | +119.783 | +726.037 | +1.848.410 | -805.801,"+0,08% | +0,40% | +1,15% | +7,40% | +21,26% | -7,10%",,15ddías,10.542.588,10.534.572 | 10.500.139 | 10.422.805 | 9.816.551 | 8.694.178 | 11.348.389,Mediocampista
Agoume,Sevilla,+29.409 | +24.963 | +24.530 | -72.746 | -325.803 | -1.487.640,"+0,52% | +0,44% | +0,43% | -1,25% | -5,38% | -20,61%",,1ddías,5.729.223,5.699.814 | 5.704.260 | 5.704.693 | 5.801.969 | 6.055.026 | 7.216.863,Mediocampista
Guedes,Real Sociedad,-1.186.543 | -2.413.369 | -3.662.433 | -8.357.832 | -15.955.214 | -20.307.856,"-2,98% | -5,87% | -8,65% | -17,77% | -29,21% | 0%",,21ddías,38.673.399,39.859.942 | 41.086.768 | 42.335.832 | 47.031.231 | 54.628.613 | 0,Delantero
Fort,Barcelona,-79.608 | -161.184 | -249.355 | -637.168 | -1.298.523 | -1.298.523,"-2,09% | -4,15% | -6,28% | -14,62% | -25,87% | -25,87%",,12ddías,3.720.853,3.800.461 | 3.882.037 | 3.970.208 | 4.358.021 | 5.019.376 | 5.019.376,Defensa
Fornals,Betis,-677.280 | -1.470.377 | -2.260.090 | -6.603.779 | -18.440.781 | -83.144.424,"-1,11% | -2,39% | -3,62% | -9,89% | -23,47% | 0%",,19ddías,60.144.876,60.822.156 | 61.615.253 | 62.404.966 | 66.748.655 | 78.585.657 | 0,Mediocampista
Giuliano,Atlético,-764.057 | -1.481.311 | -2.253.985 | -6.046.528 | -8.616.425 | +8.872.179,"-1,64% | -3,13% | -4,68% | -11,64% | -15,80% | +23,95%",,12ddías,45.920.463,46.684.520 | 47.401.774 | 48.174.448 | 51.966.991 | 54.536.888 | 37.048.284,Delantero
Romero,Sevilla,+65.919 | +108.375 | +136.924 | +89.387 | -299.864 | -2.241.003,"+1,07% | +1,77% | +2,25% | +1,46% | -4,60% | -26,48%",,4ddías,6.220.559,6.154.640 | 6.112.184 | 6.083.635 | 6.131.172 | 6.520.423 | 8.461.562,Delantero
Batalla,Rayo,-81.914 | +59.526 | +410.679 | +3.269.063 | +8.651.400 | +19.761.156,"-0,20% | +0,14% | +0,99% | +8,46% | +26,00% | +89,18%",,1ddías,41.920.135,42.002.049 | 41.860.609 | 41.509.456 | 38.651.072 | 33.268.735 | 22.158.979,Portero
F. Carreras,Real Madrid,-342.656 | -667.179 | -1.004.648 | -2.536.421 | -5.549.187 | -13.494.923,"-2,45% | -4,66% | -6,85% | -15,66% | -28,89% | -49,70%",,36ddías,13.657.304,13.999.960 | 14.324.483 | 14.661.952 | 16.193.725 | 19.206.491 | 27.152.227,Defensa
Lemar,Atlético,0 | 0 | 0 | 0 | 0 | 0,0% | 0% | 0% | 0% | 0% | 0%,,42ddías,1.680.630,0 | 0 | 0 | 0 | 0 | 0,Mediocampista
Rincón,Athletic,0 | 0 | 0 | 0 | 0 | 0,0% | 0% | 0% | 0% | 0% | 0%,,42ddías,1.658.593,0 | 0 | 0 | 0 | 0 | 0,Defensa
Satriano,Getafe,0 | 0 | 0 | 0 | 0 | 0,0% | 0% | 0% | 0% | 0% | 0%,,42ddías,4.336.426,0 | 0 | 0 | 0 | 0 | 0,Delantero
Thiago,Villarreal,0 | 0 | 0 | 0 | 0 | 0,0% | 0% | 0% | 0% | 0% | 0%,,42ddías,1.660.575,0 | 0 | 0 | 0 | 0 | 0,Mediocampista
Javi López,Real Sociedad,0 | 0 | 0 | 0 | 0 | 0,0% | 0% | 0% | 0% | 0% | 0%,,42ddías,1.656.670,0 | 0 | 0 | 0 | 0 | 0,Defensa
Kumbulla,Rayo,0 | 0 | 0 | 0 | 0 | 0,0% | 0% | 0% | 0% | 0% | 0%,,78ddías,897.151,0 | 0 | 0 | 0 | 0 | 0,Defensa
Neyou,Getafe,0 | 0 | 0 | 0 | 0 | 0,0% | 0% | 0% | 0% | 0% | 0%,,191ddías,604.547,0 | 0 | 0 | 0 | 0 | 0,Mediocampista
Maras,Alavés,0 | 0 | 0 | 0 | 0 | 0,0% | 0% | 0% | 0% | 0% | 0%,,194ddías,590.024,0 | 0 | 0 | 0 | 0 | 0,Defensa
Goti,Real Sociedad,0 | 0 | 0 | 0 | 0 | 0,0% | 0% | 0% | 0% | 0% | 0%,,197ddías,590.263,0 | 0 | 0 | 0 | 0 | 0,Mediocampista
Diarra,Alavés,0 | 0 | 0 | 0 | 0 | 0,0% | 0% | 0% | 0% | 0% | 0%,,197ddías,591.470,0 | 0 | 0 | 0 | 0 | 0,Defensa
Ali Houary,Elche,0 | 0 | 0 | 0 | 0 | 0,0% | 0% | 0% | 0% | 0% | 0%,,201ddías,592.065,0 | 0 | 0 | 0 | 0 | 0,Delantero
Javier Hernández,Espanyol,0 | 0 | 0 | 0 | 0 | 0,0% | 0% | 0% | 0% | 0% | 0%,,215ddías,575.023,0 | 0 | 0 | 0 | 0 | 0,Delantero
Bauzà,Espanyol,0 | 0 | 0 | 0 | 0 | 0,0% | 0% | 0% | 0% | 0% | 0%,,343ddías,318.649,0 | 0 | 0 | 0 | 0 | 0,Mediocampista
Pablo López,Valencia,0 | 0 | 0 | 0 | 0 | 0,0% | 0% | 0% | 0% | 0% | 0%,,344ddías,441.041,0 | 0 | 0 | 0 | 0 | 0,Delantero
Alberto Marí,Valencia,0 | 0 | 0 | 0 | 0 | 0,0% | 0% | 0% | 0% | 0% | 0%,,345ddías,787.986,0 | 0 | 0 | 0 | 0 | 0,Delantero
Novoa,Alavés,0 | 0 | 0 | 0 | 0 | 0,0% | 0% | 0% | 0% | 0% | 0%,,345ddías,661.162,0 | 0 | 0 | 0 | 0 | 0,Defensa
Pelayo,Rayo,0 | 0 | 0 | 0 | 0 | 0,0% | 0% | 0% | 0% | 0% | 0%,,345ddías,1.722.279,0 | 0 | 0 | 0 | 0 | 0,Defensa
Hinojo,Espanyol,0 | 0 | 0 | 0 | 0 | 0,0% | 0% | 0% | 0% | 0% | 0%,,349ddías,317.496,0 | 0 | 0 | 0 | 0 | 0,Defensa
Owono,Alavés,0 | 0 | 0 | 0 | 0 | 0,0% | 0% | 0% | 0% | 0% | 0%,,380ddías,828.372,0 | 0 | 0 | 0 | 0 | 0,Portero
Berrocal,Getafe,0 | 0 | 0 | 0 | 0 | 0,0% | 0% | 0% | 0% | 0% | 0%,,380ddías,1.058.833,0 | 0 | 0 | 0 | 0 | 0,Defensa
De Tomás,Rayo,0 | 0 | 0 | 0 | 0 | 0,0% | 0% | 0% | 0% | 0% | 0%,,384ddías,3.229.388,0 | 0 | 0 | 0 | 0 | 0,Delantero
Collado,Sevilla,0 | 0 | 0 | 0 | 0 | 0,0% | 0% | 0% | 0% | 0% | 0%,,404ddías,1.718.988,0 | 0 | 0 | 0 | 0 | 0,Mediocampista
Eto'o,Rayo,0 | 0 | 0 | 0 | 0 | 0,0% | 0% | 0% | 0% | 0% | 0%,,404ddías,1.718.988,0 | 0 | 0 | 0 | 0 | 0,Delantero
Córdoba,Valencia,0 | 0 | 0 | 0 | 0 | 0,0% | 0% | 0% | 0% | 0% | 0%,,404ddías,1.548.667,0 | 0 | 0 | 0 | 0 | 0,Defensa
Raúl Jiménez,Valencia,0 | 0 | 0 | 0 | 0 | 0,0% | 0% | 0% | 0% | 0% | 0%,,404ddías,1.561.503,0 | 0 | 0 | 0 | 0 | 0,Portero
Cortés,Barcelona,0 | 0 | 0 | 0 | 0 | 0,0% | 0% | 0% | 0% | 0% | 0%,,404ddías,1.718.327,0 | 0 | 0 | 0 | 0 | 0,Defensa
Eneko Ortiz,Villarreal,0 | 0 | 0 | 0 | 0 | 0,0% | 0% | 0% | 0% | 0% | 0%,,404ddías,1.718.986,0 | 0 | 0 | 0 | 0 | 0,Defensa
Serred,Espanyol,0 | 0 | 0 | 0 | 0 | 0,0% | 0% | 0% | 0% | 0% | 0%,,404ddías,1.731.552,0 | 0 | 0 | 0 | 0 | 0,Portero
Carrillo,Celta,0 | 0 | 0 | 0 | 0 | 0,0% | 0% | 0% | 0% | 0% | 0%,,404ddías,1.567.556,0 | 0 | 0 | 0 | 0 | 0,Portero
Adrián,Alavés,0 | 0 | 0 | 0 | 0 | 0,0% | 0% | 0% | 0% | 0% | 0%,,404ddías,1.640.215,0 | 0 | 0 | 0 | 0 | 0,Portero
Yaakobishvili,Barcelona,0 | 0 | 0 | 0 | 0 | 0,0% | 0% | 0% | 0% | 0% | 0%,,404ddías,1.639.280,0 | 0 | 0 | 0 | 0 | 0,Portero
Canales,Athletic,0 | 0 | 0 | 0 | 0 | 0,0% | 0% | 0% | 0% | 0% | 0%,,404ddías,1.623.251,0 | 0 | 0 | 0 | 0 | 0,Delantero
Solà,Atlético,0 | 0 | 0 | 0 | 0 | 0,0% | 0% | 0% | 0% | 0% | 0%,,404ddías,1.640.523,0 | 0 | 0 | 0 | 0 | 0,Defensa
Medenica,Getafe,0 | 0 | 0 | 0 | 0 | 0,0% | 0% | 0% | 0% | 0% | 0%,,404ddías,1.560.264,0 | 0 | 0 | 0 | 0 | 0,Portero
Olabarrieta,Athletic,0 | 0 | 0 | 0 | 0 | 0,0% | 0% | 0% | 0% | 0% | 0%,,404ddías,1.717.797,0 | 0 | 0 | 0 | 0 | 0,Delantero
Carlos,Atlético,0 | 0 | 0 | 0 | 0 | 0,0% | 0% | 0% | 0% | 0% | 0%,,404ddías,1.718.547,0 | 0 | 0 | 0 | 0 | 0,Defensa
Isra,Sevilla,0 | 0 | 0 | 0 | 0 | 0,0% | 0% | 0% | 0% | 0% | 0%,,404ddías,1.718.237,0 | 0 | 0 | 0 | 0 | 0,Delantero
Busto,Betis,0 | 0 | 0 | 0 | 0 | 0,0% | 0% | 0% | 0% | 0% | 0%,,404ddías,1.621.161,0 | 0 | 0 | 0 | 0 | 0,Defensa
De Llanos,Real Madrid,0 | 0 | 0 | 0 | 0 | 0,0% | 0% | 0% | 0% | 0% | 0%,,404ddías,1.622.168,0 | 0 | 0 | 0 | 0 | 0,Mediocampista
Rupérez,Real Sociedad,0 | 0 | 0 | 0 | 0 | 0,0% | 0% | 0% | 0% | 0% | 0%,,404ddías,1.626.247,0 | 0 | 0 | 0 | 0 | 0,Defensa
Balda,Real Sociedad,0 | 0 | 0 | 0 | 0 | 0,0% | 0% | 0% | 0% | 0% | 0%,,404ddías,1.718.912,0 | 0 | 0 | 0 | 0 | 0,Defensa
Santana,Valencia,0 | 0 | 0 | 0 | 0 | 0,0% | 0% | 0% | 0% | 0% | 0%,,404ddías,1.723.821,0 | 0 | 0 | 0 | 0 | 0,Delantero
Rivas,Real Madrid,0 | 0 | 0 | 0 | 0 | 0,0% | 0% | 0% | 0% | 0% | 0%,,404ddías,1.718.751,0 | 0 | 0 | 0 | 0 | 0,Defensa
Abril,Valencia,0 | 0 | 0 | 0 | 0 | 0,0% | 0% | 0% | 0% | 0% | 0%,,404ddías,1.728.051,0 | 0 | 0 | 0 | 0 | 0,Portero
Requena,Levante,0 | 0 | 0 | 0 | 0 | 0,0% | 0% | 0% | 0% | 0% | 0%,,404ddías,1.621.683,0 | 0 | 0 | 0 | 0 | 0,Mediocampista
Juan Cruz,Málaga,0 | 0 | 0 | 0 | 0 | 0,0% | 0% | 0% | 0% | 0% | 0%,,442ddías,19.968.443,0 | 0 | 0 | 0 | 0 | 0,Mediocampista
Mandi,Levante,0 | 0 | 0 | 0 | 0 | 0,0% | 0% | 0% | 0% | 0% | 0%,,725ddías,1.879.755,0 | 0 | 0 | 0 | 0 | 0,Defensa
Miguel,Alavés,0 | 0 | 0 | 0 | 0 | 0,0% | 0% | 0% | 0% | 0% | 0%,,726ddías,679.761,0 | 0 | 0 | 0 | 0 | 0,Delantero
Joseda,Alavés,0 | 0 | 0 | 0 | 0 | 0,0% | 0% | 0% | 0% | 0% | 0%,,770ddías,300.000,0 | 0 | 0 | 0 | 0 | 0,Defensa
Ian Forns,Betis,0 | 0 | 0 | 0 | 0 | 0,0% | 0% | 0% | 0% | 0% | 0%,,771ddías,500.000,0 | 0 | 0 | 0 | 0 | 0,Defensa
Diallo,Alavés,0 | 0 | 0 | 0 | 0 | 0,0% | 0% | 0% | 0% | 0% | 0%,,771ddías,1.000.000,0 | 0 | 0 | 0 | 0 | 0,Mediocampista
Mendes,Alavés,0 | 0 | 0 | 0 | 0 | 0,0% | 0% | 0% | 0% | 0% | 0%,,771ddías,500.000,0 | 0 | 0 | 0 | 0 | 0,Mediocampista
Mario,Valencia,0 | 0 | 0 | 0 | 0 | 0,0% | 0% | 0% | 0% | 0% | 0%,,1ddías,760.408,0 | 0 | 0 | 0 | 0 | 0,Mediocampista