Jugador,Equipo,DiferenciaDif.,% Dif,Acel.,Tend.,Valor,Valor ant.Ant.,Posición
Karrikaburu,Real Sociedad,-16.699 | -33.647 | -51.104 | -124.414 | -282.283 | -654.109,"-2,19% | -4,32% | -6,41% | -14,30% | -27,45% | -46,72%",,26ddías,745.891,762.590 | 779.538 | 796.995 | 870.305 | 1.028.174 | 1.400.000,Delantero
Oluwaseyi,Villarreal,-83.531 | -169.282 | -260.092 | -632.334 | -1.454.005 | -2.783.487,"-2,20% | -4,36% | -6,54% | -14,54% | -28,12% | -42,82%",,26ddías,3.716.513,3.800.044 | 3.885.795 | 3.976.605 | 4.348.847 | 5.170.518 | 6.500.000,Delantero
Alemão,Rayo,-80.676 | -154.327 | -222.509 | -550.153 | -1.216.062 | -2.470.394,"-1,75% | -3,29% | -4,68% | -10,83% | -21,16% | -35,29%",,26ddías,4.529.606,4.610.282 | 4.683.933 | 4.752.115 | 5.079.759 | 5.745.668 | 7.000.000,Delantero
Diangana,Elche,-33.550 | -66.878 | -90.585 | -219.066 | -558.566 | -1.295.517,"-2,05% | -4,00% | -5,34% | -12,01% | -25,82% | -44,67%",,26ddías,1.604.483,1.638.033 | 1.671.361 | 1.695.068 | 1.823.549 | 2.163.049 | 2.900.000,Delantero
Krug,Levante,0 | 0 | 0 | 0 | 0 | +2.249,"0,00% | 0,00% | 0,00% | 0,00% | 0,00% | +0,37%",,23ddías,602.249,602.249 | 602.249 | 602.249 | 602.249 | 602.249 | 600.000,Defensa
Hugo López,Villarreal,0 | 0 | 0 | 0 | 0 | -14.600,"0,00% | 0,00% | 0,00% | 0,00% | 0,00% | -2,92%",,23ddías,485.400,485.400 | 485.400 | 485.400 | 485.400 | 485.400 | 500.000,Mediocampista
Mikautadze,Villarreal,+168.117 | +237.134 | +367.054 | +1.164.176 | +3.684.228 | +2.498.721,"+0,32% | +0,45% | +0,70% | +2,27% | +7,55% | +5,00%",,19ddías,52.498.721,52.330.604 | 52.261.587 | 52.131.667 | 51.334.545 | 48.814.493 | 50.000.000,Delantero
Navarro,Valencia,0 | 0 | 0 | 0 | 0 | +1.909,"0,00% | 0,00% | 0,00% | 0,00% | 0,00% | +0,38%",,23ddías,501.909,501.909 | 501.909 | 501.909 | 501.909 | 501.909 | 500.000,Defensa
Cardoso,Sevilla,-30.812 | -63.622 | -98.140 | -244.126 | -558.096 | -1.204.891,"-2,51% | -5,05% | -7,59% | -16,96% | -31,83% | -50,20%",,26ddías,1.195.109,1.225.921 | 1.258.731 | 1.293.249 | 1.439.235 | 1.753.205 | 2.400.000,Defensa
Oso,Sevilla,0 | 0 | 0 | 0 | 0 | +53.332,"0,00% | 0,00% | 0,00% | 0,00% | 0,00% | +0,38%",,23ddías,14.053.332,14.053.332 | 14.053.332 | 14.053.332 | 14.053.332 | 14.053.332 | 14.000.000,Defensa
Álex Costa,Sevilla,0 | 0 | 0 | 0 | 0 | +2.284,"0,00% | 0,00% | 0,00% | 0,00% | 0,00% | +0,38%",,23ddías,602.284,602.284 | 602.284 | 602.284 | 602.284 | 602.284 | 600.000,Delantero
Folgado,Real Sociedad,0 | 0 | 0 | 0 | 0 | +2.606,"0,00% | 0,00% | 0,00% | 0,00% | 0,00% | +0,37%",,23ddías,702.606,702.606 | 702.606 | 702.606 | 702.606 | 702.606 | 700.000,Portero
Carlos Soler,Real Sociedad,-285.645 | -587.614 | -794.117 | -2.047.666 | -4.524.450 | -7.526.947,"-0,87% | -1,78% | -2,39% | -5,93% | -12,23% | -18,82%",,26ddías,32.473.053,32.758.698 | 33.060.667 | 33.267.170 | 34.520.719 | 36.997.503 | 40.000.000,Mediocampista
Sancris,Getafe,-21.050 | -42.845 | -65.349 | -161.042 | -371.448 | -842.156,"-2,40% | -4,76% | -7,08% | -15,81% | -30,22% | -49,54%",,26ddías,857.844,878.894 | 900.689 | 923.193 | 1.018.886 | 1.229.292 | 1.700.000,Delantero
Riedel,Espanyol,0 | 0 | 0 | 0 | 0 | +20.618,"0,00% | 0,00% | 0,00% | 0,00% | 0,00% | +0,37%",,23ddías,5.520.618,5.520.618 | 5.520.618 | 5.520.618 | 5.520.618 | 5.520.618 | 5.500.000,Defensa
Montero,Alavés,0 | 0 | 0 | 0 | 0 | +2.316,"0,00% | 0,00% | 0,00% | 0,00% | 0,00% | +0,39%",,23ddías,602.316,602.316 | 602.316 | 602.316 | 602.316 | 602.316 | 600.000,Portero
Vlachodimos,Sevilla,0 | 0 | 0 | 0 | 0 | +56.479,"0,00% | 0,00% | 0,00% | 0,00% | 0,00% | +0,38%",,23ddías,15.056.479,15.056.479 | 15.056.479 | 15.056.479 | 15.056.479 | 15.056.479 | 15.000.000,Portero
Santos,Athletic,0 | 0 | 0 | 0 | 0 | +2.606,"0,00% | 0,00% | 0,00% | 0,00% | 0,00% | +0,37%",,23ddías,702.606,702.606 | 702.606 | 702.606 | 702.606 | 702.606 | 700.000,Portero
Veiga,Villarreal,+478.968 | +1.157.325 | +1.863.198 | +4.333.327 | +9.851.879 | +16.316.702,"+1,17% | +2,88% | +4,72% | +11,72% | +31,31% | +65,27%",,25ddías,41.316.702,40.837.734 | 40.159.377 | 39.453.504 | 36.983.375 | 31.464.823 | 25.000.000,Defensa
Mendoza,Atlético,-15.820 | -30.747 | -47.307 | -123.168 | -272.301 | -534.896,"-1,61% | -3,09% | -4,67% | -11,32% | -22,01% | -35,66%",,26ddías,965.104,980.924 | 995.851 | 1.012.411 | 1.088.272 | 1.237.405 | 1.500.000,Mediocampista
Echegoyen,Osasuna,0 | 0 | 0 | 0 | 0 | -37.714,"0,00% | 0,00% | 0,00% | 0,00% | 0,00% | -6,29%",,23ddías,562.286,562.286 | 562.286 | 562.286 | 562.286 | 562.286 | 600.000,Mediocampista
Josan,Elche,0 | 0 | 0 | 0 | 0 | +4.650,"0,00% | 0,00% | 0,00% | 0,00% | 0,00% | +0,39%",,23ddías,1.204.650,1.204.650 | 1.204.650 | 1.204.650 | 1.204.650 | 1.204.650 | 1.200.000,Mediocampista
Davinchi,Getafe,0 | 0 | 0 | 0 | 0 | +11.603,"0,00% | 0,00% | 0,00% | 0,00% | 0,00% | +0,39%",,23ddías,3.011.603,3.011.603 | 3.011.603 | 3.011.603 | 3.011.603 | 3.011.603 | 3.000.000,Defensa
Mastantuono,Real Madrid,0 | 0 | 0 | 0 | 0 | +37.262,"0,00% | 0,00% | 0,00% | 0,00% | 0,00% | +0,37%",,23ddías,10.037.262,10.037.262 | 10.037.262 | 10.037.262 | 10.037.262 | 10.037.262 | 10.000.000,Delantero
Thiago,Real Madrid,0 | 0 | 0 | 0 | 0 | +26.082,"0,00% | 0,00% | 0,00% | 0,00% | 0,00% | +0,37%",,23ddías,7.026.082,7.026.082 | 7.026.082 | 7.026.082 | 7.026.082 | 7.026.082 | 7.000.000,Mediocampista
Corralejo,Betis,0 | 0 | 0 | 0 | 0 | +2.248,"0,00% | 0,00% | 0,00% | 0,00% | 0,00% | +0,37%",,23ddías,602.248,602.248 | 602.248 | 602.248 | 602.248 | 602.248 | 600.000,Mediocampista
Arriaga,Levante,-77.556 | -158.241 | -243.925 | -601.069 | -1.358.323 | -2.562.303,"-2,21% | -4,40% | -6,63% | -14,88% | -28,32% | -42,71%",,26ddías,3.437.697,3.515.253 | 3.595.938 | 3.681.622 | 4.038.766 | 4.796.020 | 6.000.000,Mediocampista
Nacho Pérez,Levante,0 | 0 | 0 | 0 | 0 | -18.308,"0,00% | 0,00% | 0,00% | 0,00% | 0,00% | -3,05%",,23ddías,581.692,581.692 | 581.692 | 581.692 | 581.692 | 581.692 | 600.000,Defensa
Altozano,Sevilla,0 | 0 | 0 | 0 | 0 | +2.284,"0,00% | 0,00% | 0,00% | 0,00% | 0,00% | +0,38%",,23ddías,602.284,602.284 | 602.284 | 602.284 | 602.284 | 602.284 | 600.000,Mediocampista
Sierra,Sevilla,0 | 0 | 0 | 0 | 0 | +2.284,"0,00% | 0,00% | 0,00% | 0,00% | 0,00% | +0,38%",,23ddías,602.284,602.284 | 602.284 | 602.284 | 602.284 | 602.284 | 600.000,Delantero
Blázquez,Valencia,0 | 0 | 0 | 0 | 0 | -18.344,"0,00% | 0,00% | 0,00% | 0,00% | 0,00% | -3,06%",,23ddías,581.656,581.656 | 581.656 | 581.656 | 581.656 | 581.656 | 600.000,Delantero
Suazo,Sevilla,-111.386 | -212.776 | -302.241 | -610.545 | -1.546.138 | -2.923.259,"-1,80% | -3,38% | -4,74% | -9,13% | -20,28% | -32,48%",,26ddías,6.076.741,6.188.127 | 6.289.517 | 6.378.982 | 6.687.286 | 7.622.879 | 9.000.000,Defensa
Ryan,Levante,0 | 0 | 0 | 0 | 0 | +11.791.282,"0,00% | 0,00% | 0,00% | 0,00% | 0,00% | 0%",,23ddías,13.550.652,13.550.652 | 13.550.652 | 13.550.652 | 13.550.652 | 13.550.652 | 0,Portero
Laporte,Athletic,+1.670.183 | +3.384.809 | +5.274.960 | +13.090.253 | +25.724.004 | +47.220.541,"+3,27% | +6,86% | +11,12% | +33,02% | +95,25% | 0%",,17ddías,52.731.869,51.061.686 | 49.347.060 | 47.456.909 | 39.641.616 | 27.007.865 | 0,Defensa
Adam Boayar,Elche,0 | 0 | 0 | 0 | 0 | +2.711,"0,00% | 0,00% | 0,00% | 0,00% | 0,00% | +0,39%",,23ddías,702.711,702.711 | 702.711 | 702.711 | 702.711 | 702.711 | 700.000,Mediocampista
Rueda,Celta,-37.197 | -83.008 | -106.688 | -276.956 | -704.745 | -1.271.818,"-0,99% | -2,18% | -2,78% | -6,92% | -15,90% | -25,44%",,24ddías,3.728.182,3.765.379 | 3.811.190 | 3.834.870 | 4.005.138 | 4.432.927 | 5.000.000,Defensa
Selton,Athletic,0 | 0 | 0 | 0 | 0 | +2.257,"0,00% | 0,00% | 0,00% | 0,00% | 0,00% | +0,38%",,23ddías,602.257,602.257 | 602.257 | 602.257 | 602.257 | 602.257 | 600.000,Mediocampista
Iker Muñoz,Sevilla,0 | 0 | 0 | 0 | 0 | +2.284,"0,00% | 0,00% | 0,00% | 0,00% | 0,00% | +0,38%",,23ddías,602.284,602.284 | 602.284 | 602.284 | 602.284 | 602.284 | 600.000,Defensa
Joan Martínez,Real Madrid,0 | 0 | 0 | 0 | 0 | +2.622,"0,00% | 0,00% | 0,00% | 0,00% | 0,00% | +0,37%",,23ddías,702.622,702.622 | 702.622 | 702.622 | 702.622 | 702.622 | 700.000,Defensa
Unai Santos,Osasuna,0 | 0 | 0 | 0 | 0 | +2.319,"0,00% | 0,00% | 0,00% | 0,00% | 0,00% | +0,39%",,23ddías,602.319,602.319 | 602.319 | 602.319 | 602.319 | 602.319 | 600.000,Defensa
Carlos Macià,Villarreal,0 | 0 | 0 | 0 | 0 | +3.057,"0,00% | 0,00% | 0,00% | 0,00% | 0,00% | +0,38%",,23ddías,803.057,803.057 | 803.057 | 803.057 | 803.057 | 803.057 | 800.000,Mediocampista
Carrera,Real Sociedad,0 | 0 | 0 | 0 | 0 | +2.633,"0,00% | 0,00% | 0,00% | 0,00% | 0,00% | +0,38%",,23ddías,702.633,702.633 | 702.633 | 702.633 | 702.633 | 702.633 | 700.000,Delantero
Rosón,Levante,0 | 0 | 0 | 0 | 0 | +2.249,"0,00% | 0,00% | 0,00% | 0,00% | 0,00% | +0,37%",,23ddías,602.249,602.249 | 602.249 | 602.249 | 602.249 | 602.249 | 600.000,Mediocampista
Nakoha,Levante,0 | 0 | 0 | 0 | 0 | +1.874,"0,00% | 0,00% | 0,00% | 0,00% | 0,00% | +0,37%",,23ddías,501.874,501.874 | 501.874 | 501.874 | 501.874 | 501.874 | 500.000,Defensa
Jurado,Valencia,0 | 0 | 0 | 0 | 0 | +2.292,"0,00% | 0,00% | 0,00% | 0,00% | 0,00% | +0,38%",,23ddías,602.292,602.292 | 602.292 | 602.292 | 602.292 | 602.292 | 600.000,Defensa
Panach,Valencia,0 | 0 | 0 | 0 | 0 | +1.909,"0,00% | 0,00% | 0,00% | 0,00% | 0,00% | +0,38%",,23ddías,501.909,501.909 | 501.909 | 501.909 | 501.909 | 501.909 | 500.000,Defensa
Marchal,Real Sociedad,0 | 0 | 0 | 0 | 0 | +2.234,"0,00% | 0,00% | 0,00% | 0,00% | 0,00% | +0,37%",,23ddías,602.234,602.234 | 602.234 | 602.234 | 602.234 | 602.234 | 600.000,Mediocampista
Yassin,Getafe,0 | 0 | 0 | 0 | 0 | +1.932,"0,00% | 0,00% | 0,00% | 0,00% | 0,00% | +0,39%",,23ddías,501.932,501.932 | 501.932 | 501.932 | 501.932 | 501.932 | 500.000,Defensa
Al Lal,Elche,0 | 0 | 0 | 0 | 0 | +1.936,"0,00% | 0,00% | 0,00% | 0,00% | 0,00% | +0,39%",,23ddías,501.936,501.936 | 501.936 | 501.936 | 501.936 | 501.936 | 500.000,Delantero
Óscar Marcos,Celta,0 | 0 | 0 | 0 | 0 | +2.257,"0,00% | 0,00% | 0,00% | 0,00% | 0,00% | +0,38%",,23ddías,602.257,602.257 | 602.257 | 602.257 | 602.257 | 602.257 | 600.000,Delantero
Meixús,Celta,0 | 0 | 0 | 0 | 0 | -14.628,"0,00% | 0,00% | 0,00% | 0,00% | 0,00% | -2,93%",,23ddías,485.372,485.372 | 485.372 | 485.372 | 485.372 | 485.372 | 500.000,Defensa
Álvaro,Alavés,0 | 0 | 0 | 0 | 0 | +1.929,"0,00% | 0,00% | 0,00% | 0,00% | 0,00% | +0,39%",,23ddías,501.929,501.929 | 501.929 | 501.929 | 501.929 | 501.929 | 500.000,Defensa
Bardghji,Barcelona,-318.511 | -318.511 | -318.511 | -318.511 | -318.511 | -299.946,"-6,61% | -6,61% | -6,61% | -6,61% | -6,61% | -6,25%",,1ddías,4.500.054,4.818.565 | 4.818.565 | 4.818.565 | 4.818.565 | 4.818.565 | 4.800.000,Delantero
Juan Hernández,Barcelona,0 | 0 | 0 | 0 | 0 | -18.240,"0,00% | 0,00% | 0,00% | 0,00% | 0,00% | -3,04%",,23ddías,581.760,581.760 | 581.760 | 581.760 | 581.760 | 581.760 | 600.000,Mediocampista
Taufik,Atlético,0 | 0 | 0 | 0 | 0 | +2.316,"0,00% | 0,00% | 0,00% | 0,00% | 0,00% | +0,39%",,23ddías,602.316,602.316 | 602.316 | 602.316 | 602.316 | 602.316 | 600.000,Mediocampista
Martínez Bastida,Elche,0 | 0 | 0 | 0 | 0 | +2.324,"0,00% | 0,00% | 0,00% | 0,00% | 0,00% | +0,39%",,23ddías,602.324,602.324 | 602.324 | 602.324 | 602.324 | 602.324 | 600.000,Mediocampista
Aller,Barcelona,0 | 0 | 0 | 0 | 0 | +2.705,"0,00% | 0,00% | 0,00% | 0,00% | 0,00% | +0,39%",,23ddías,702.705,702.705 | 702.705 | 702.705 | 702.705 | 702.705 | 700.000,Portero
Ballestero,Alavés,0 | 0 | 0 | 0 | 0 | +2.316,"0,00% | 0,00% | 0,00% | 0,00% | 0,00% | +0,39%",,23ddías,602.316,602.316 | 602.316 | 602.316 | 602.316 | 602.316 | 600.000,Defensa
Monreal,Athletic,0 | 0 | 0 | 0 | 0 | +2.257,"0,00% | 0,00% | 0,00% | 0,00% | 0,00% | +0,38%",,23ddías,602.257,602.257 | 602.257 | 602.257 | 602.257 | 602.257 | 600.000,Defensa
Adrián Pérez,Athletic,0 | 0 | 0 | 0 | 0 | +2.257,"0,00% | 0,00% | 0,00% | 0,00% | 0,00% | +0,38%",,23ddías,602.257,602.257 | 602.257 | 602.257 | 602.257 | 602.257 | 600.000,Delantero
Espart,Barcelona,0 | 0 | 0 | 0 | 0 | +2.705,"0,00% | 0,00% | 0,00% | 0,00% | 0,00% | +0,39%",,23ddías,702.705,702.705 | 702.705 | 702.705 | 702.705 | 702.705 | 700.000,Defensa
Delgado,Elche,0 | 0 | 0 | 0 | 0 | +2.324,"0,00% | 0,00% | 0,00% | 0,00% | 0,00% | +0,39%",,23ddías,602.324,602.324 | 602.324 | 602.324 | 602.324 | 602.324 | 600.000,Defensa
Benito,Getafe,0 | 0 | 0 | 0 | 0 | +2.319,"0,00% | 0,00% | 0,00% | 0,00% | 0,00% | +0,39%",,23ddías,602.319,602.319 | 602.319 | 602.319 | 602.319 | 602.319 | 600.000,Portero
Aleksandrov,Getafe,0 | 0 | 0 | 0 | 0 | +2.319,"0,00% | 0,00% | 0,00% | 0,00% | 0,00% | +0,39%",,23ddías,602.319,602.319 | 602.319 | 602.319 | 602.319 | 602.319 | 600.000,Delantero
Javi Navarro,Real Madrid,0 | 0 | 0 | 0 | 0 | +2.622,"0,00% | 0,00% | 0,00% | 0,00% | 0,00% | +0,37%",,23ddías,702.622,702.622 | 702.622 | 702.622 | 702.622 | 702.622 | 700.000,Portero
Beitia,Real Sociedad,0 | 0 | 0 | 0 | 0 | +1.861,"0,00% | 0,00% | 0,00% | 0,00% | 0,00% | +0,37%",,23ddías,501.861,501.861 | 501.861 | 501.861 | 501.861 | 501.861 | 500.000,Defensa
Lebarbier,Real Sociedad,0 | 0 | 0 | 0 | 0 | +2.234,"0,00% | 0,00% | 0,00% | 0,00% | 0,00% | +0,37%",,23ddías,602.234,602.234 | 602.234 | 602.234 | 602.234 | 602.234 | 600.000,Defensa
Barry,Villarreal,0 | 0 | 0 | 0 | 0 | +2.292,"0,00% | 0,00% | 0,00% | 0,00% | 0,00% | +0,38%",,23ddías,602.292,602.292 | 602.292 | 602.292 | 602.292 | 602.292 | 600.000,Mediocampista
Niculaesei,Elche,0 | 0 | 0 | 0 | 0 | +3.099,"0,00% | 0,00% | 0,00% | 0,00% | 0,00% | +0,39%",,23ddías,803.099,803.099 | 803.099 | 803.099 | 803.099 | 803.099 | 800.000,Defensa
Radu,Celta,+794.216 | +1.480.418 | +2.293.590 | +5.026.578 | +9.079.246 | +14.192.520,"+2,38% | +4,53% | +7,19% | +17,23% | +36,15% | +70,96%",,25ddías,34.192.520,33.398.304 | 32.712.102 | 31.898.930 | 29.165.942 | 25.113.274 | 20.000.000,Portero
Izei,Alavés,0 | 0 | 0 | 0 | 0 | -17.990,"0,00% | 0,00% | 0,00% | 0,00% | 0,00% | -3,00%",,23ddías,582.010,582.010 | 582.010 | 582.010 | 582.010 | 582.010 | 600.000,Mediocampista
Bekhoucha,Getafe,0 | 0 | 0 | 0 | 0 | +4.254,"0,00% | 0,00% | 0,00% | 0,00% | 0,00% | +0,39%",,23ddías,1.104.254,1.104.254 | 1.104.254 | 1.104.254 | 1.104.254 | 1.104.254 | 1.100.000,Defensa
Salinas,Málaga,0 | +15.131 | 0 | -96.827 | -318.281 | -829.930,"0,00% | +1,43% | 0,00% | -8,30% | -22,93% | -43,68%",,1ddías,1.070.070,1.070.070 | 1.054.939 | 1.070.070 | 1.166.897 | 1.388.351 | 1.900.000,Defensa
Sivera,Alavés,+667.280 | +1.202.427 | +1.870.581 | +3.693.885 | +6.266.689 | +8.504.684,"+2,92% | +5,39% | +8,65% | +18,65% | +36,35% | +56,70%",,24ddías,23.504.684,22.837.404 | 22.302.257 | 21.634.103 | 19.810.799 | 17.237.995 | 15.000.000,Portero
De la Fuente,Levante,0 | 0 | 0 | 0 | 0 | +52.528,"0,00% | 0,00% | 0,00% | 0,00% | 0,00% | +0,38%",,23ddías,14.052.528,14.052.528 | 14.052.528 | 14.052.528 | 14.052.528 | 14.052.528 | 14.000.000,Defensa
Aguado,Elche,-35.004 | -93.846 | -144.973 | -394.476 | -1.006.222 | -2.248.008,"-0,92% | -2,44% | -3,72% | -9,51% | -21,15% | -37,47%",,26ddías,3.751.992,3.786.996 | 3.845.838 | 3.896.965 | 4.146.468 | 4.758.214 | 6.000.000,Mediocampista
Santiago,Elche,-14.906 | -29.988 | -45.500 | -110.187 | -252.936 | -597.116,"-2,08% | -4,09% | -6,08% | -13,55% | -26,46% | -45,93%",,26ddías,702.884,717.790 | 732.872 | 748.384 | 813.071 | 955.820 | 1.300.000,Mediocampista
Á. Núñez,Celta,-90.380 | -197.545 | -304.109 | -712.952 | -1.496.058 | -2.375.176,"-1,92% | -4,10% | -6,17% | -13,36% | -24,44% | -33,93%",,23ddías,4.624.824,4.715.204 | 4.822.369 | 4.928.933 | 5.337.776 | 6.120.882 | 7.000.000,Defensa
Affengruber,Elche,+673.107 | +1.249.904 | +1.944.436 | +4.084.036 | +7.414.075 | +19.757.100,"+2,45% | +4,64% | +7,42% | +16,96% | +35,73% | 0%",,18ddías,28.162.354,27.489.247 | 26.912.450 | 26.217.918 | 24.078.318 | 20.748.279 | 0,Defensa
Febas,Celta,0 | 0 | 0 | 0 | 0 | +96.888,"0,00% | 0,00% | 0,00% | 0,00% | 0,00% | +0,39%",,23ddías,25.096.888,25.096.888 | 25.096.888 | 25.096.888 | 25.096.888 | 25.096.888 | 25.000.000,Mediocampista
John ChetauyaJohn C.,Elche,-24.784 | -50.156 | -76.386 | -186.533 | -430.128 | -960.045,"-2,57% | -5,07% | -7,52% | -16,56% | -31,39% | -50,53%",,26ddías,939.955,964.739 | 990.111 | 1.016.341 | 1.126.488 | 1.370.083 | 1.900.000,Defensa
Vencedor,Athletic,0 | 0 | 0 | 0 | 0 | +8.253,"0,00% | 0,00% | 0,00% | 0,00% | 0,00% | +0,38%",,23ddías,2.208.253,2.208.253 | 2.208.253 | 2.208.253 | 2.208.253 | 2.208.253 | 2.200.000,Mediocampista
Youssef,Alavés,-9.114 | -18.161 | -27.387 | -64.199 | -145.749 | -336.149,"-1,59% | -3,12% | -4,63% | -10,22% | -20,54% | -37,35%",,18ddías,563.851,572.965 | 582.012 | 591.238 | 628.050 | 709.600 | 900.000,Defensa
Fortuny,Real Madrid,0 | 0 | 0 | 0 | 0 | +2.234,"0,00% | 0,00% | 0,00% | 0,00% | 0,00% | +0,37%",,23ddías,602.234,602.234 | 602.234 | 602.234 | 602.234 | 602.234 | 600.000,Mediocampista
Molina,Rayo,0 | 0 | 0 | 0 | 0 | +2.234,"0,00% | 0,00% | 0,00% | 0,00% | 0,00% | +0,37%",,23ddías,602.234,602.234 | 602.234 | 602.234 | 602.234 | 602.234 | 600.000,Portero
Arguibide,Osasuna,0 | 0 | 0 | 0 | 0 | -17.987,"0,00% | 0,00% | 0,00% | 0,00% | 0,00% | -3,00%",,23ddías,582.013,582.013 | 582.013 | 582.013 | 582.013 | 582.013 | 600.000,Defensa
Pablo García,Betis,0 | 0 | 0 | 0 | 0 | +9.371,"0,00% | 0,00% | 0,00% | 0,00% | 0,00% | +0,37%",,23ddías,2.509.371,2.509.371 | 2.509.371 | 2.509.371 | 2.509.371 | 2.509.371 | 2.500.000,Delantero
Huijsen,Real Madrid,-241.393 | -452.244 | -611.096 | -1.914.085 | -5.744.235 | -13.096.783,"-0,67% | -1,25% | -1,69% | -5,10% | -13,89% | -26,89%",,26ddías,35.603.217,35.844.610 | 36.055.461 | 36.214.313 | 37.517.302 | 41.347.452 | 48.700.000,Defensa
Juanpe,Rayo,0 | 0 | 0 | 0 | 0 | +2.234,"0,00% | 0,00% | 0,00% | 0,00% | 0,00% | +0,37%",,23ddías,602.234,602.234 | 602.234 | 602.234 | 602.234 | 602.234 | 600.000,Portero
Gonzalo,Real Madrid,-122.043 | -213.671 | -258.892 | -500.703 | -939.481 | -1.756.033,"-2,93% | -5,02% | -6,02% | -11,02% | -18,85% | -30,28%",,26ddías,4.043.967,4.166.010 | 4.257.638 | 4.302.859 | 4.544.670 | 4.983.448 | 5.800.000,Delantero
Niño,Málaga,-23.909 | -59.233 | -85.666 | -237.453 | -547.470 | -1.102.841,"-0,82% | -2,00% | -2,87% | -7,58% | -15,89% | -27,57%",,26ddías,2.897.159,2.921.068 | 2.956.392 | 2.982.825 | 3.134.612 | 3.444.629 | 4.000.000,Delantero
Rayane,Atlético,0 | 0 | 0 | 0 | 0 | -21.994,"0,00% | 0,00% | 0,00% | 0,00% | 0,00% | -3,14%",,23ddías,678.006,678.006 | 678.006 | 678.006 | 678.006 | 678.006 | 700.000,Delantero
Mendy,Rayo,0 | 0 | 0 | 0 | 0 | +22.356,"0,00% | 0,00% | 0,00% | 0,00% | 0,00% | +0,37%",,23ddías,6.022.356,6.022.356 | 6.022.356 | 6.022.356 | 6.022.356 | 6.022.356 | 6.000.000,Defensa
Ortiz,Betis,0 | 0 | 0 | 0 | 0 | +6.372,"0,00% | 0,00% | 0,00% | 0,00% | 0,00% | +0,37%",,23ddías,1.706.372,1.706.372 | 1.706.372 | 1.706.372 | 1.706.372 | 1.706.372 | 1.700.000,Defensa
Osambela,Osasuna,0 | 0 | 0 | 0 | 0 | +1.932,"0,00% | 0,00% | 0,00% | 0,00% | 0,00% | +0,39%",,23ddías,501.932,501.932 | 501.932 | 501.932 | 501.932 | 501.932 | 500.000,Mediocampista
Yáñez,Real Madrid,0 | 0 | 0 | 0 | 0 | +2.606,"0,00% | 0,00% | 0,00% | 0,00% | 0,00% | +0,37%",,23ddías,702.606,702.606 | 702.606 | 702.606 | 702.606 | 702.606 | 700.000,Delantero
Swiderski,Alavés,0 | 0 | 0 | 0 | 0 | +2.316,"0,00% | 0,00% | 0,00% | 0,00% | 0,00% | +0,39%",,23ddías,602.316,602.316 | 602.316 | 602.316 | 602.316 | 602.316 | 600.000,Portero
D. Aguado,Real Madrid,0 | 0 | 0 | 0 | 0 | -25.891,"0,00% | 0,00% | 0,00% | 0,00% | 0,00% | -3,24%",,23ddías,774.109,774.109 | 774.109 | 774.109 | 774.109 | 774.109 | 800.000,Defensa
Fran González,Real Madrid,0 | 0 | 0 | 0 | 0 | +2.622,"0,00% | 0,00% | 0,00% | 0,00% | 0,00% | +0,37%",,23ddías,702.622,702.622 | 702.622 | 702.622 | 702.622 | 702.622 | 700.000,Portero
Mariezkurrena,Real Sociedad,0 | 0 | 0 | 0 | 0 | -22.034,"0,00% | 0,00% | 0,00% | 0,00% | 0,00% | -3,15%",,23ddías,677.966,677.966 | 677.966 | 677.966 | 677.966 | 677.966 | 700.000,Delantero
Castrín,Sevilla,0 | 0 | 0 | 0 | 0 | -176.984,"0,00% | 0,00% | 0,00% | 0,00% | 0,00% | -3,54%",,23ddías,4.823.016,4.823.016 | 4.823.016 | 4.823.016 | 4.823.016 | 4.823.016 | 5.000.000,Defensa
Rafa,Sevilla,0 | 0 | 0 | 0 | 0 | +2.257,"0,00% | 0,00% | 0,00% | 0,00% | 0,00% | +0,38%",,23ddías,602.257,602.257 | 602.257 | 602.257 | 602.257 | 602.257 | 600.000,Portero
Diatta,Villarreal,0 | 0 | 0 | 0 | 0 | -18.344,"0,00% | 0,00% | 0,00% | 0,00% | 0,00% | -3,06%",,23ddías,581.656,581.656 | 581.656 | 581.656 | 581.656 | 581.656 | 600.000,Mediocampista
Ruggeri,Atlético,-69.181 | -205.909 | -300.401 | -749.710 | -1.650.810 | -1.272.939,"-0,90% | -2,63% | -3,79% | -8,95% | -17,79% | -14,30%",,20ddías,7.627.061,7.696.242 | 7.832.970 | 7.927.462 | 8.376.771 | 9.277.871 | 8.900.000,Defensa
Alexander-Arnold,Real Madrid,-314.800 | -685.752 | -1.036.287 | -2.806.872 | -6.791.648 | -12.987.817,"-1,15% | -2,48% | -3,69% | -9,41% | -20,09% | -32,47%",,26ddías,27.012.183,27.326.983 | 27.697.935 | 28.048.470 | 29.819.055 | 33.803.831 | 40.000.000,Defensa
Becerra,Rayo,0 | 0 | 0 | 0 | 0 | -18.300,"0,00% | 0,00% | 0,00% | 0,00% | 0,00% | -3,05%",,23ddías,581.700,581.700 | 581.700 | 581.700 | 581.700 | 581.700 | 600.000,Mediocampista
Manu Fernández,Celta,-4.168 | -8.062 | -11.921 | -24.931 | -54.223 | -154.872,"-0,93% | -1,78% | -2,61% | -5,30% | -10,86% | -25,81%",,26ddías,445.128,449.296 | 453.190 | 457.049 | 470.059 | 499.351 | 600.000,Defensa
Bigas,Elche,-180.764 | -363.138 | -542.857 | -893.084 | -1.718.037 | -839.648,"-2,46% | -4,83% | -7,05% | -11,09% | -19,35% | -10,50%",,21ddías,7.160.352,7.341.116 | 7.523.490 | 7.703.209 | 8.053.436 | 8.878.389 | 8.000.000,Defensa
Redondo,Elche,-29.720 | -63.328 | -97.523 | -239.746 | -551.231 | -1.196.569,"-2,41% | -5,00% | -7,50% | -16,61% | -31,42% | -49,86%",,26ddías,1.203.431,1.233.151 | 1.266.759 | 1.300.954 | 1.443.177 | 1.754.662 | 2.400.000,Mediocampista
Pinillos,Alavés,0 | 0 | 0 | 0 | 0 | +1.929,"0,00% | 0,00% | 0,00% | 0,00% | 0,00% | +0,39%",,23ddías,501.929,501.929 | 501.929 | 501.929 | 501.929 | 501.929 | 500.000,Mediocampista
Rego,Athletic,0 | 0 | 0 | 0 | 0 | +18.825,"0,00% | 0,00% | 0,00% | 0,00% | 0,00% | +0,38%",,23ddías,5.018.825,5.018.825 | 5.018.825 | 5.018.825 | 5.018.825 | 5.018.825 | 5.000.000,Defensa
Esquivel,Atlético,0 | 0 | 0 | 0 | 0 | +2.292,"0,00% | 0,00% | 0,00% | 0,00% | 0,00% | +0,38%",,23ddías,602.292,602.292 | 602.292 | 602.292 | 602.292 | 602.292 | 600.000,Portero
Torrents,Barcelona,0 | 0 | 0 | 0 | 0 | +2.319,"0,00% | 0,00% | 0,00% | 0,00% | 0,00% | +0,39%",,23ddías,602.319,602.319 | 602.319 | 602.319 | 602.319 | 602.319 | 600.000,Defensa
Joselu,Getafe,0 | 0 | 0 | 0 | 0 | +2.319,"0,00% | 0,00% | 0,00% | 0,00% | 0,00% | +0,39%",,23ddías,602.319,602.319 | 602.319 | 602.319 | 602.319 | 602.319 | 600.000,Delantero
Gorrotxategi,Real Sociedad,-108.870 | -247.617 | -280.314 | -735.694 | -1.660.395 | +786.826,"-1,22% | -2,74% | -3,09% | -7,73% | -15,89% | +9,84%",,19ddías,8.786.826,8.895.696 | 9.034.443 | 9.067.140 | 9.522.520 | 10.447.221 | 8.000.000,Mediocampista
Víctor García,Levante,-78.858 | -158.892 | -238.596 | -591.173 | -1.326.668 | -2.731.453,"-2,77% | -5,43% | -7,93% | -17,60% | -32,40% | -49,66%",,26ddías,2.768.547,2.847.405 | 2.927.439 | 3.007.143 | 3.359.720 | 4.095.215 | 5.500.000,Defensa
Pablo CamposCuñat Campos,Levante,+35.373 | +57.124 | +83.518 | +74.176 | -95.034 | -509.281,"+2,82% | +4,63% | +6,92% | +6,10% | -6,86% | -28,29%",,5ddías,1.290.719,1.255.346 | 1.233.595 | 1.207.201 | 1.216.543 | 1.385.753 | 1.800.000,Portero
Toljan,Levante,-68.052 | -157.979 | -222.196 | -572.944 | -1.349.666 | -2.587.998,"-1,37% | -3,12% | -4,33% | -10,45% | -21,55% | -34,51%",,24ddías,4.912.002,4.980.054 | 5.069.981 | 5.134.198 | 5.484.946 | 6.261.668 | 7.500.000,Defensa
Cortés,Levante,0 | 0 | 0 | 0 | 0 | +3.000,"0,00% | 0,00% | 0,00% | 0,00% | 0,00% | +0,38%",,23ddías,803.000,803.000 | 803.000 | 803.000 | 803.000 | 803.000 | 800.000,Delantero
Primo,Levante,0 | 0 | 0 | 0 | 0 | +4.126,"0,00% | 0,00% | 0,00% | 0,00% | 0,00% | +0,38%",,23ddías,1.104.126,1.104.126 | 1.104.126 | 1.104.126 | 1.104.126 | 1.104.126 | 1.100.000,Portero
Vertrouwd,Rayo,0 | 0 | 0 | 0 | 0 | +3.725,"0,00% | 0,00% | 0,00% | 0,00% | 0,00% | +0,37%",,23ddías,1.003.725,1.003.725 | 1.003.725 | 1.003.725 | 1.003.725 | 1.003.725 | 1.000.000,Defensa
Ugrinic,Valencia,-108.331 | -239.541 | -365.078 | -888.367 | -1.934.720 | -3.074.355,"-2,15% | -4,64% | -6,90% | -15,28% | -28,20% | -38,43%",,24ddías,4.925.645,5.033.976 | 5.165.186 | 5.290.723 | 5.814.012 | 6.860.365 | 8.000.000,Mediocampista
Elgezabal,Levante,-39.563 | -83.979 | -129.137 | -319.969 | -697.296 | -1.462.200,"-2,51% | -5,18% | -7,75% | -17,22% | -31,20% | -48,74%",,26ddías,1.537.800,1.577.363 | 1.621.779 | 1.666.937 | 1.857.769 | 2.235.096 | 3.000.000,Defensa
Jonny,Alavés,-69.916 | -171.743 | -286.879 | -711.042 | -1.718.609 | -2.928.978,"-1,14% | -2,75% | -4,51% | -10,48% | -22,06% | -32,54%",,22ddías,6.071.022,6.140.938 | 6.242.765 | 6.357.901 | 6.782.064 | 7.789.631 | 9.000.000,Defensa
Valentín Gómez,Betis,-49.865 | -97.775 | -141.908 | -362.507 | -828.798 | -1.717.046,"-2,14% | -4,11% | -5,85% | -13,70% | -26,63% | -42,93%",,26ddías,2.282.954,2.332.819 | 2.380.729 | 2.424.862 | 2.645.461 | 3.111.752 | 4.000.000,Defensa
Almada,Atlético,-147.580 | -327.597 | -485.697 | -1.146.314 | -2.350.411 | -2.935.600,"-2,05% | -4,43% | -6,43% | -13,96% | -24,97% | -29,36%",,20ddías,7.064.400,7.211.980 | 7.391.997 | 7.550.097 | 8.210.714 | 9.414.811 | 10.000.000,Mediocampista
Luiz Felipe,Rayo,0 | 0 | 0 | 0 | 0 | +15.277,"0,00% | 0,00% | 0,00% | 0,00% | 0,00% | +0,37%",,23ddías,4.115.277,4.115.277 | 4.115.277 | 4.115.277 | 4.115.277 | 4.115.277 | 4.100.000,Defensa
Hancko,Atlético,-131.551 | -416.239 | -591.466 | -1.721.182 | -4.967.846 | -9.345.070,"-0,43% | -1,34% | -1,89% | -5,32% | -13,95% | -23,36%",,24ddías,30.654.930,30.786.481 | 31.071.169 | 31.246.396 | 32.376.112 | 35.622.776 | 40.000.000,Defensa
Fortea,Real Madrid,0 | 0 | 0 | 0 | 0 | +2.099,"0,00% | 0,00% | 0,00% | 0,00% | 0,00% | +0,26%",,23ddías,802.099,802.099 | 802.099 | 802.099 | 802.099 | 802.099 | 800.000,Defensa
Jutglà,Celta,-83.639 | -198.687 | -338.039 | -876.069 | -2.158.671 | -1.542.477,"-0,88% | -2,06% | -3,45% | -8,48% | -18,58% | -14,02%",,22ddías,9.457.523,9.541.162 | 9.656.210 | 9.795.562 | 10.333.592 | 11.616.194 | 11.000.000,Delantero
Martim Neto,Elche,-39.299 | -66.303 | -76.894 | -151.762 | -411.962 | -963.848,"-1,89% | -3,15% | -3,64% | -6,94% | -16,83% | -32,13%",,26ddías,2.036.152,2.075.451 | 2.102.455 | 2.113.046 | 2.187.914 | 2.448.114 | 3.000.000,Mediocampista
Deossa,Betis,-39.531 | -85.238 | -138.207 | -370.766 | -862.827 | -1.876.855,"-1,92% | -4,04% | -6,39% | -15,49% | -29,90% | -48,12%",,26ddías,2.023.145,2.062.676 | 2.108.383 | 2.161.352 | 2.393.911 | 2.885.972 | 3.900.000,Mediocampista
Oriol Rey,Levante,-25.717 | -53.583 | -80.872 | -200.004 | -452.999 | -1.001.129,"-2,51% | -5,09% | -7,49% | -16,68% | -31,20% | -50,06%",,26ddías,998.871,1.024.588 | 1.052.454 | 1.079.743 | 1.198.875 | 1.451.870 | 2.000.000,Mediocampista
Junior,Betis,-111.722 | -219.593 | -338.620 | -812.384 | -1.772.191 | -3.347.038,"-2,34% | -4,51% | -6,78% | -14,86% | -27,58% | -41,84%",,26ddías,4.652.962,4.764.684 | 4.872.555 | 4.991.582 | 5.465.346 | 6.425.153 | 8.000.000,Defensa
Dituro,Elche,-52.275 | -152.575 | -230.382 | -305.020 | -822.652 | -1.314.749,"-0,78% | -2,23% | -3,33% | -4,36% | -10,96% | -16,43%",,26ddías,6.685.251,6.737.526 | 6.837.826 | 6.915.633 | 6.990.271 | 7.507.903 | 8.000.000,Portero
Dolan,Espanyol,-107.574 | -228.221 | -299.418 | -700.927 | -1.479.235 | -1.192.438,"-1,56% | -3,24% | -4,21% | -9,34% | -17,85% | -14,91%",,19ddías,6.807.562,6.915.136 | 7.035.783 | 7.106.980 | 7.508.489 | 8.286.797 | 8.000.000,Delantero
Roger BruguéBrugui,Levante,-93.417 | -192.535 | -289.409 | -704.142 | -1.623.488 | -3.652.664,"-2,72% | -5,44% | -7,96% | -17,38% | -32,66% | -52,18%",,27ddías,3.347.336,3.440.753 | 3.539.871 | 3.636.745 | 4.051.478 | 4.970.824 | 7.000.000,Delantero
Jorge Cabello,Levante,-35.638 | -72.529 | -110.759 | +628.697 | +628.697 | +628.697,"-2,87% | -5,67% | -8,41% | 0% | 0% | 0%",,3ddías,1.205.573,1.241.211 | 1.278.102 | 1.316.332 | 0 | 0 | 0,Defensa
C. Álvarez,Levante,+286.947 | +573.764 | +939.750 | +2.388.292 | +4.347.976 | +8.495.920,"+1,77% | +3,60% | +6,04% | +16,93% | +35,79% | +106,20%",,25ddías,16.495.920,16.208.973 | 15.922.156 | 15.556.170 | 14.107.628 | 12.147.944 | 8.000.000,Mediocampista
Oláiz,Alavés,0 | 0 | 0 | 0 | 0 | +2.316,"0,00% | 0,00% | 0,00% | 0,00% | 0,00% | +0,39%",,23ddías,602.316,602.316 | 602.316 | 602.316 | 602.316 | 602.316 | 600.000,Defensa
Aitor Mañas,Alavés,0 | 0 | 0 | 0 | 0 | -37.836,"0,00% | 0,00% | 0,00% | 0,00% | 0,00% | -6,31%",,23ddías,562.164,562.164 | 562.164 | 562.164 | 562.164 | 562.164 | 600.000,Delantero
Rubén Gómez,Villarreal,0 | 0 | 0 | 0 | 0 | +2.292,"0,00% | 0,00% | 0,00% | 0,00% | 0,00% | +0,38%",,23ddías,602.292,602.292 | 602.292 | 602.292 | 602.292 | 602.292 | 600.000,Portero
Laro Gómez,Racing,0 | 0 | 0 | 0 | 0 | +2.234,"0,00% | 0,00% | 0,00% | 0,00% | 0,00% | +0,37%",,22ddías,602.234,602.234 | 602.234 | 602.234 | 602.234 | 602.234 | 600.000,Portero
Arana,Racing,-12.624 | -26.620 | -37.142 | -97.278 | -251.640 | -542.511,"-1,30% | -2,70% | -3,73% | -9,22% | -20,81% | -36,17%",,26ddías,957.489,970.113 | 984.109 | 994.631 | 1.054.767 | 1.209.129 | 1.500.000,Delantero
Iñigo Vicente,Racing,-293.769 | -731.140 | -1.060.423 | -1.845.164 | -3.699.243 | -5.876.922,"-1,47% | -3,59% | -5,13% | -8,59% | -15,86% | -23,05%",,22ddías,19.623.078,19.916.847 | 20.354.218 | 20.683.501 | 21.468.242 | 23.322.321 | 25.500.000,Delantero
Solórzano,Racing,0 | 0 | 0 | 0 | 0 | +2.234,"0,00% | 0,00% | 0,00% | 0,00% | 0,00% | +0,37%",,22ddías,602.234,602.234 | 602.234 | 602.234 | 602.234 | 602.234 | 600.000,Mediocampista
Puerta,Racing,+186.055 | +332.022 | +531.027 | +643.823 | +53.876 | -114.270,"+1,92% | +3,48% | +5,68% | +6,97% | +0,55% | -1,14%",,5ddías,9.885.730,9.699.675 | 9.553.708 | 9.354.703 | 9.241.907 | 9.831.854 | 10.000.000,Mediocampista
Sergio Martínez,Racing,0 | 0 | 0 | 0 | 0 | +2.606,"0,00% | 0,00% | 0,00% | 0,00% | 0,00% | +0,37%",,22ddías,702.606,702.606 | 702.606 | 702.606 | 702.606 | 702.606 | 700.000,Mediocampista
Gueye,Racing,-79.761 | -133.983 | -195.483 | -531.466 | -1.328.943 | -2.256.134,"-1,65% | -2,75% | -3,96% | -10,07% | -21,88% | -32,23%",,22ddías,4.743.866,4.823.627 | 4.877.849 | 4.939.349 | 5.275.332 | 6.072.809 | 7.000.000,Mediocampista
Crespo,Racing,0 | 0 | 0 | 0 | 0 | +2.979,"0,00% | 0,00% | 0,00% | 0,00% | 0,00% | +0,37%",,22ddías,802.979,802.979 | 802.979 | 802.979 | 802.979 | 802.979 | 800.000,Defensa
Facundo GonzálezFacu González,Racing,-231.579 | -231.579 | -231.579 | -231.579 | -231.579 | -218.539,"-6,59% | -6,59% | -6,59% | -6,59% | -6,59% | -6,24%",,1ddías,3.281.461,3.513.040 | 3.513.040 | 3.513.040 | 3.513.040 | 3.513.040 | 3.500.000,Defensa
Carlos Sánchez,Racing,0 | 0 | 0 | 0 | 0 | +2.606,"0,00% | 0,00% | 0,00% | 0,00% | 0,00% | +0,37%",,22ddías,702.606,702.606 | 702.606 | 702.606 | 702.606 | 702.606 | 700.000,Defensa
Salinas,Racing,0 | 0 | 0 | 0 | 0 | +22.356,"0,00% | 0,00% | 0,00% | 0,00% | 0,00% | +0,37%",,22ddías,6.022.356,6.022.356 | 6.022.356 | 6.022.356 | 6.022.356 | 6.022.356 | 6.000.000,Defensa
Camara,Racing,-15.193 | -33.427 | -51.823 | -116.925 | -296.028 | -707.096,"-1,51% | -3,26% | -4,96% | -10,54% | -22,97% | -41,59%",,26ddías,992.904,1.008.097 | 1.026.331 | 1.044.727 | 1.109.829 | 1.288.932 | 1.700.000,Defensa
Hernando,Racing,-16.218 | -42.610 | -63.460 | -197.498 | -592.226 | -1.465.676,"-0,79% | -2,05% | -3,03% | -8,85% | -22,55% | -41,88%",,26ddías,2.034.324,2.050.542 | 2.076.934 | 2.097.784 | 2.231.822 | 2.626.550 | 3.500.000,Defensa
Sainz-Maza,Racing,-25.153 | -53.219 | -76.756 | -191.468 | -449.318 | -957.100,"-2,36% | -4,86% | -6,86% | -15,51% | -30,11% | -47,86%",,26ddías,1.042.900,1.068.053 | 1.096.119 | 1.119.656 | 1.234.368 | 1.492.218 | 2.000.000,Defensa
Mantilla,Racing,+16.658 | +29.084 | +35.988 | +17.030 | -145.571 | -830.021,"+0,77% | +1,36% | +1,69% | +0,79% | -6,29% | -27,67%",,3ddías,2.169.979,2.153.321 | 2.140.895 | 2.133.991 | 2.152.949 | 2.315.550 | 3.000.000,Defensa
Eriksson,Racing,+36.513 | +88.502 | +143.767 | +155.865 | -92.459 | -583.469,"+1,53% | +3,80% | +6,33% | +6,89% | -3,69% | -19,45%",,5ddías,2.416.531,2.380.018 | 2.328.029 | 2.272.764 | 2.260.666 | 2.508.990 | 3.000.000,Portero
Canales,Racing,0 | 0 | 0 | 0 | 0 | +37.262,"0,00% | 0,00% | 0,00% | 0,00% | 0,00% | +0,37%",,22ddías,10.037.262,10.037.262 | 10.037.262 | 10.037.262 | 10.037.262 | 10.037.262 | 10.000.000,Delantero
Rafa Rodríguez,Málaga,0 | 0 | 0 | 0 | 0 | -229.574,"0,00% | 0,00% | 0,00% | 0,00% | 0,00% | -3,53%",,22ddías,6.270.426,6.270.426 | 6.270.426 | 6.270.426 | 6.270.426 | 6.270.426 | 6.500.000,Mediocampista
Recio,Málaga,0 | 0 | 0 | 0 | 0 | +2.810,"0,00% | 0,00% | 0,00% | 0,00% | 0,00% | +0,37%",,22ddías,752.810,752.810 | 752.810 | 752.810 | 752.810 | 752.810 | 750.000,Defensa
Pastor,Málaga,0 | 0 | 0 | 0 | 0 | -10.884,"0,00% | 0,00% | 0,00% | 0,00% | 0,00% | -2,72%",,22ddías,389.116,389.116 | 389.116 | 389.116 | 389.116 | 389.116 | 400.000,Defensa
Arriaza,Málaga,0 | 0 | 0 | 0 | 0 | +1.498,"0,00% | 0,00% | 0,00% | 0,00% | 0,00% | +0,37%",,22ddías,401.498,401.498 | 401.498 | 401.498 | 401.498 | 401.498 | 400.000,Defensa
Moussa,Málaga,0 | 0 | 0 | 0 | 0 | +1.498,"0,00% | 0,00% | 0,00% | 0,00% | 0,00% | +0,37%",,22ddías,401.498,401.498 | 401.498 | 401.498 | 401.498 | 401.498 | 400.000,Defensa
Merino,Málaga,-88.349 | -161.566 | -261.975 | -661.602 | -1.572.493 | -2.690.006,"-1,19% | -2,16% | -3,46% | -8,30% | -17,70% | -26,90%",,22ddías,7.309.994,7.398.343 | 7.471.560 | 7.571.969 | 7.971.596 | 8.882.487 | 10.000.000,Mediocampista
Lorenzo,Málaga,+10.571 | -8.567 | -62.374 | -191.557 | -965.110 | -2.649.099,"+0,13% | -0,10% | -0,74% | -2,24% | -10,36% | -24,08%",,1ddías,8.350.901,8.340.330 | 8.359.468 | 8.413.275 | 8.542.458 | 9.316.011 | 11.000.000,Mediocampista
Ochoa,Málaga,0 | 0 | 0 | 0 | 0 | +13.040,"0,00% | 0,00% | 0,00% | 0,00% | 0,00% | +0,37%",,22ddías,3.513.040,3.513.040 | 3.513.040 | 3.513.040 | 3.513.040 | 3.513.040 | 3.500.000,Mediocampista
Jiménez,Racing,0 | 0 | 0 | 0 | 0 | +2.234,"0,00% | 0,00% | 0,00% | 0,00% | 0,00% | +0,37%",,22ddías,602.234,602.234 | 602.234 | 602.234 | 602.234 | 602.234 | 600.000,Portero
Enríquez,Málaga,-24.660 | -51.617 | -78.873 | -175.993 | -405.146 | -918.707,"-2,23% | -4,56% | -6,80% | -14,00% | -27,26% | -45,94%",,26ddías,1.081.293,1.105.953 | 1.132.910 | 1.160.166 | 1.257.286 | 1.486.439 | 2.000.000,Mediocampista
Juanpe,Málaga,0 | 0 | 0 | 0 | 0 | -18.069,"0,00% | 0,00% | 0,00% | 0,00% | 0,00% | -3,01%",,22ddías,581.931,581.931 | 581.931 | 581.931 | 581.931 | 581.931 | 600.000,Mediocampista
Joaquín,Málaga,-151.820 | -315.327 | -454.557 | -1.172.710 | -2.644.455 | -5.280.023,"-1,71% | -3,49% | -4,95% | -11,85% | -23,27% | -37,71%",,26ddías,8.719.977,8.871.797 | 9.035.304 | 9.174.534 | 9.892.687 | 11.364.432 | 14.000.000,Delantero
Lobete,Málaga,-28.348 | -57.253 | -80.628 | -199.433 | -441.486 | -901.523,"-2,52% | -4,95% | -6,84% | -15,37% | -28,67% | -45,08%",,26ddías,1.098.477,1.126.825 | 1.155.730 | 1.179.105 | 1.297.910 | 1.539.963 | 2.000.000,Delantero
Jauregi,Málaga,0 | 0 | 0 | 0 | 0 | +5.774,"0,00% | 0,00% | 0,00% | 0,00% | 0,00% | +0,37%",,22ddías,1.555.774,1.555.774 | 1.555.774 | 1.555.774 | 1.555.774 | 1.555.774 | 1.550.000,Delantero
Haitam,Málaga,-5.680 | -11.149 | -16.649 | -36.935 | -82.202 | -218.579,"-1,17% | -2,26% | -3,34% | -7,13% | -14,58% | -31,23%",,26ddías,481.421,487.101 | 492.570 | 498.070 | 518.356 | 563.623 | 700.000,Delantero
Guliashvili,Racing,-102.854 | -204.305 | -310.147 | -766.537 | -1.695.942 | -3.275.640,"-3,09% | -5,96% | -8,77% | -19,21% | -34,47% | -50,39%",,26ddías,3.224.360,3.327.214 | 3.428.665 | 3.534.507 | 3.990.897 | 4.920.302 | 6.500.000,Delantero
Santi Franco,Racing,0 | 0 | 0 | 0 | 0 | +2.606,"0,00% | 0,00% | 0,00% | 0,00% | 0,00% | +0,37%",,22ddías,702.606,702.606 | 702.606 | 702.606 | 702.606 | 702.606 | 700.000,Delantero
Galilea,Málaga,0 | 0 | 0 | 0 | 0 | +15.932,"0,00% | 0,00% | 0,00% | 0,00% | 0,00% | +0,37%",,22ddías,4.265.932,4.265.932 | 4.265.932 | 4.265.932 | 4.265.932 | 4.265.932 | 4.250.000,Defensa
Manuel Pellegrini,Betis,-252.835 | -511.014 | -773.127 | -1.983.909 | -16.108 | +2.269,"-3,48% | -6,80% | -9,94% | -22,08% | 0% | +0,03%",,8ddías,7.002.269,7.255.104 | 7.513.283 | 7.775.396 | 8.986.178 | 0 | 7.000.000,
Carlos Corberán,Valencia,-26.049 | -52.737 | -80.338 | -198.634 | +67.919 | +70.280,"-2,61% | -5,16% | -7,65% | -16,99% | 0% | +7,81%",,8ddías,970.280,996.329 | 1.023.017 | 1.050.618 | 1.168.914 | 0 | 900.000,
Luis García,Sevilla,-39.133 | -79.449 | -121.247 | +93.008 | +482.193 | +484.292,"-2,96% | -5,83% | -8,63% | +7,81% | 0% | +60,54%",,5ddías,1.284.292,1.323.425 | 1.363.741 | 1.405.539 | 1.191.284 | 0 | 800.000,
Pellegrino Matarazzo,Real Sociedad,-256.039 | -512.656 | -782.116 | -791.698 | +1.640.733 | +1.653.859,"-3,71% | -7,15% | -10,52% | -10,63% | 0% | +33,08%",,6ddías,6.653.859,6.909.898 | 7.166.515 | 7.435.975 | 7.445.557 | 0 | 5.000.000,
José Mourinho,Real Madrid,-898.895 | -1.827.922 | -2.477.510 | +6.418.207 | 0 | 0,"-3,77% | -7,39% | -9,75% | +38,89% | 0% | 0%",,3ddías,22.920.569,23.819.464 | 24.748.491 | 25.398.079 | 16.502.362 | 0 | 0,
Beñat San José,Rayo,-103.900 | +154.399 | +392.667 | +1.193.278 | 0 | 0,"-3,73% | +6,12% | +17,18% | +80,34% | 0% | 0%",,1ddías,2.678.488,2.782.388 | 2.524.089 | 2.285.821 | 1.485.210 | 0 | 0,
José Alberto López,Racing,-46.973 | -95.458 | -145.765 | +281.207 | +670.392 | +672.491,"-3,09% | -6,09% | -9,01% | +23,61% | 0% | +84,06%",,4ddías,1.472.491,1.519.464 | 1.567.949 | 1.618.256 | 1.191.284 | 0 | 800.000,
Luis Miguel Ramis,Osasuna,-83.683 | -170.564 | +67.704 | +868.315 | 0 | 0,"-3,43% | -6,76% | +2,96% | +58,46% | 0% | 0%",,2ddías,2.353.525,2.437.208 | 2.524.089 | 2.285.821 | 1.485.210 | 0 | 0,
Juan Funes,Málaga,-71.804 | -146.154 | -223.404 | +579.309 | +1.065.793 | +1.068.418,"-3,35% | -6,60% | -9,75% | +38,90% | 0% | +106,84%",,3ddías,2.068.418,2.140.222 | 2.214.572 | 2.291.822 | 1.489.109 | 0 | 1.000.000,
Luis Castro,Levante,-70.639 | -143.776 | -219.762 | -193.191 | +536.535 | +540.472,"-3,35% | -6,58% | -9,72% | -8,65% | 0% | +36,03%",,6ddías,2.040.472,2.111.111 | 2.184.248 | 2.260.234 | 2.233.663 | 0 | 1.500.000,
Pepe Bordalás,Getafe,+5.025.739 | +20.647.285 | +24.226.119 | +50.422.439 | +53.546.390 | +53.559.516,"+9,39% | +54,46% | +70,56% | +619,66% | 0% | +1.071,19%",,8ddías,58.559.516,53.533.777 | 37.912.231 | 34.333.397 | 8.137.077 | 0 | 5.000.000,
Manolo González,Espanyol,-59.386 | -120.800 | -184.575 | -463.278 | +266.448 | +270.385,"-3,25% | -6,39% | -9,44% | -20,74% | 0% | +18,03%",,7ddías,1.770.385,1.829.771 | 1.891.185 | 1.954.960 | 2.233.663 | 0 | 1.500.000,
Martín Anselmi,Elche,-103.900 | +154.399 | +392.667 | +1.193.278 | 0 | 0,"-3,73% | +6,12% | +17,18% | +80,34% | 0% | 0%",,1ddías,2.678.488,2.782.388 | 2.524.089 | 2.285.821 | 1.485.210 | 0 | 0,
Antonio Hidalgo,Deportivo,-98.731 | -201.129 | -307.596 | +480.997 | +1.210.723 | +1.214.660,"-3,51% | -6,90% | -10,18% | +21,53% | 0% | +80,98%",,4ddías,2.714.660,2.813.391 | 2.915.789 | 3.022.256 | 2.233.663 | 0 | 1.500.000,
Claudio Giráldez,Celta,-134.794 | -277.725 | -420.746 | -1.088.781 | -1.209.285 | -1.196.159,"-3,42% | -6,80% | -9,96% | -22,25% | 0% | -23,92%",,10ddías,3.803.841,3.938.635 | 4.081.566 | 4.224.587 | 4.892.622 | 0 | 5.000.000,
Hansi Flick,Barcelona,-400.279 | -826.733 | -1.246.930 | -3.047.528 | -1.103.189 | -1.063.807,"-2,79% | -5,60% | -8,21% | -17,94% | 0% | -7,09%",,9ddías,13.936.193,14.336.472 | 14.762.926 | 15.183.123 | 16.983.721 | 0 | 15.000.000,
Diego Diaz,Racing,0 | 0 | 0 | 0 | 0 | +2.234,"0,00% | 0,00% | 0,00% | 0,00% | 0,00% | +0,37%",,22ddías,602.234,602.234 | 602.234 | 602.234 | 602.234 | 602.234 | 600.000,Delantero
Hartman,Espanyol,-237.153 | -500.131 | -773.523 | -1.795.239 | 0 | 0,"-2,05% | -4,23% | -6,40% | -13,69% | 0% | 0%",,10ddías,11.319.735,11.556.888 | 11.819.866 | 12.093.258 | 13.114.974 | 0 | 0,Defensa
Santaella,Málaga,0 | 0 | 0 | 0 | 0 | +1.498,"0,00% | 0,00% | 0,00% | 0,00% | 0,00% | +0,37%",,18ddías,401.498,401.498 | 401.498 | 401.498 | 401.498 | 401.498 | 400.000,Defensa
Vallecillo,Racing,0 | 0 | 0 | 0 | 0 | -22.060,"0,00% | 0,00% | 0,00% | 0,00% | 0,00% | -3,15%",,18ddías,677.940,677.940 | 677.940 | 677.940 | 677.940 | 677.940 | 700.000,Mediocampista
Chupete,Málaga,+1.264.736 | +2.478.142 | +4.147.696 | +9.255.655 | +16.983.698 | 0,"+3,08% | +6,22% | +10,87% | +28,02% | +67,11% | 0%",,17ddías,42.290.587,41.025.851 | 39.812.445 | 38.142.891 | 33.034.932 | 25.306.889 | 0,Delantero
Larrubia,Málaga,+1.565.285 | +2.754.888 | +4.484.186 | +9.692.460 | +16.449.841 | 0,"+3,64% | +6,59% | +11,18% | +27,79% | +58,49% | 0%",,16ddías,44.575.573,43.010.288 | 41.820.685 | 40.091.387 | 34.883.113 | 28.125.732 | 0,Mediocampista
Yeremay,Deportivo,+1.384.141 | +3.154.978 | +4.988.936 | +12.962.284 | +23.742.029 | 0,"+2,65% | +6,26% | +10,27% | +31,92% | +79,60% | 0%",,14ddías,53.570.569,52.186.428 | 50.415.591 | 48.581.633 | 40.608.285 | 29.828.540 | 0,Delantero
Dumfries,Real Madrid,+1.450.958 | +2.827.382 | +4.660.557 | +10.031.815 | +15.401.370 | 0,"+2,48% | +4,95% | +8,44% | +20,11% | +34,60% | 0%",,13ddías,59.912.983,58.462.025 | 57.085.601 | 55.252.426 | 49.881.168 | 44.511.613 | 0,Defensa
Cucurella,Real Madrid,+3.017.199 | +5.794.554 | +8.690.859 | 0 | 0 | 0,"+5,54% | +11,21% | +17,80% | 0% | 0% | 0%",,4ddías,57.504.918,54.487.719 | 51.710.364 | 48.814.059 | 0 | 0 | 0,Defensa
Diego Simeone,Atlético,-301.622 | -603.475 | -930.339 | -2.339.259 | -1.130.665 | -1.104.411,"-3,28% | -6,35% | -9,47% | -20,82% | 0% | -11,04%",,9ddías,8.895.589,9.197.211 | 9.499.064 | 9.825.928 | 11.234.848 | 0 | 10.000.000,
Konaté,Real Madrid,+1.533.998 | +2.601.309 | +3.358.957 | 0 | 0 | 0,"+5,06% | +8,89% | +11,78% | 0% | 0% | 0%",,3ddías,31.871.076,30.337.078 | 29.269.767 | 28.512.119 | 0 | 0 | 0,Defensa
Aubameyang,Deportivo,+1.165.009 | +2.073.856 | +1.660.238 | 0 | 0 | 0,"+8,89% | +17,00% | +13,16% | 0% | 0% | 0%",,2ddías,14.275.090,13.110.081 | 12.201.234 | 12.614.852 | 0 | 0 | 0,Delantero
Calatrava,Espanyol,+18.920 | +19.030 | +15.756 | 0 | 0 | 0,"+0,59% | +0,59% | +0,49% | 0% | 0% | 0%",,2ddías,3.223.055,3.204.135 | 3.204.025 | 3.207.299 | 0 | 0 | 0,Delantero
Hjulmand,Atlético,0 | 0 | 0 | 0 | 0 | 0,0% | 0% | 0% | 0% | 0% | 0%,,1ddías,35.093.399,0 | 0 | 0 | 0 | 0 | 0,Mediocampista
Quique Sánchez,Alavés,-39.133 | -79.449 | -121.247 | +93.008 | +482.193 | +484.292,"-2,96% | -5,83% | -8,63% | +7,81% | 0% | +60,54%",,5ddías,1.284.292,1.323.425 | 1.363.741 | 1.405.539 | 1.191.284 | 0 | 800.000,
Edin Terzic,Athletic,-568.279 | -1.160.765 | +268.850 | +5.072.533 | 0 | 0,"-3,91% | -7,66% | +1,96% | +56,92% | 0% | 0%",,2ddías,13.983.806,14.552.085 | 15.144.571 | 13.714.956 | 8.911.273 | 0 | 0,
Dani Sánchez,Málaga,-22.371 | -46.228 | -67.765 | -174.448 | -403.622 | -995.890,"-2,18% | -4,40% | -6,32% | -14,80% | -28,67% | -49,79%",,26ddías,1.004.110,1.026.481 | 1.050.338 | 1.071.875 | 1.178.558 | 1.407.732 | 2.000.000,Defensa
Rafa GarridoRafita,Málaga,0 | 0 | 0 | 0 | 0 | +18.744,"0,00% | 0,00% | 0,00% | 0,00% | 0,00% | +0,37%",,22ddías,5.018.744,5.018.744 | 5.018.744 | 5.018.744 | 5.018.744 | 5.018.744 | 5.000.000,Defensa
Hierro,Athletic,0 | 0 | 0 | 0 | 0 | +2.257,"0,00% | 0,00% | 0,00% | 0,00% | 0,00% | +0,38%",,23ddías,602.257,602.257 | 602.257 | 602.257 | 602.257 | 602.257 | 600.000,Delantero
Julio Díaz,Sevilla,+9.620 | +14.169 | +17.152 | +5.069 | -16.628 | -130.448,"+2,09% | +3,11% | +3,79% | +1,09% | -3,42% | -21,74%",,3ddías,469.552,459.932 | 455.383 | 452.400 | 464.483 | 486.180 | 600.000,Defensa
Vargas,Atlético,-25.330 | -55.278 | -85.066 | -212.622 | -475.805 | -972.776,"-2,20% | -4,67% | -7,02% | -15,87% | -29,68% | -46,32%",,26ddías,1.127.224,1.152.554 | 1.182.502 | 1.212.290 | 1.339.846 | 1.603.029 | 2.100.000,Mediocampista
Lookman,Atlético,+1.967.542 | +3.481.909 | +5.165.222 | +11.238.287 | +15.226.528 | +30.487.451,"+3,19% | +5,79% | +8,84% | +21,46% | +31,47% | 0%",,13ddías,63.608.716,61.641.174 | 60.126.807 | 58.443.494 | 52.370.429 | 48.382.188 | 0,Delantero
Tete Morente,Elche,-71.331 | -143.243 | -213.162 | -552.164 | -1.270.893 | -2.752.499,"-2,53% | -4,96% | -7,20% | -16,73% | -31,63% | -50,05%",,26ddías,2.747.501,2.818.832 | 2.890.744 | 2.960.663 | 3.299.665 | 4.018.394 | 5.500.000,Delantero
Fidalgo,Betis,-49.270 | -97.603 | -159.119 | -400.834 | -882.471 | -1.654.370,"-1,45% | -2,83% | -4,54% | -10,70% | -20,87% | -33,09%",,23ddías,3.345.630,3.394.900 | 3.443.233 | 3.504.749 | 3.746.464 | 4.228.101 | 5.000.000,Mediocampista
Koski,Alavés,0 | 0 | 0 | 0 | 0 | +3.089,"0,00% | 0,00% | 0,00% | 0,00% | 0,00% | +0,39%",,23ddías,803.089,803.089 | 803.089 | 803.089 | 803.089 | 803.089 | 800.000,Defensa
Freeman,Villarreal,-50.821 | -105.552 | -155.153 | -386.391 | -925.724 | -1.886.126,"-1,61% | -3,28% | -4,75% | -11,04% | -22,92% | -37,72%",,26ddías,3.113.874,3.164.695 | 3.219.426 | 3.269.027 | 3.500.265 | 4.039.598 | 5.000.000,Defensa
Cepeda,Elche,-26.426 | -54.336 | -81.292 | -191.363 | -474.024 | -1.210.843,"-2,01% | -4,04% | -5,93% | -12,93% | -26,88% | -48,43%",,26ddías,1.289.157,1.315.583 | 1.343.493 | 1.370.449 | 1.480.520 | 1.763.181 | 2.500.000,Delantero
Ángel Pérez,Alavés,-150.001 | -310.192 | -498.830 | -1.314.945 | -3.040.293 | -6.681.089,"-1,77% | -3,59% | -5,66% | -13,65% | -26,77% | -44,54%",,26ddías,8.318.911,8.468.912 | 8.629.103 | 8.817.741 | 9.633.856 | 11.359.204 | 15.000.000,Delantero
Boselli,Getafe,0 | 0 | 0 | 0 | 0 | -106.001,"0,00% | 0,00% | 0,00% | 0,00% | 0,00% | -3,53%",,23ddías,2.893.999,2.893.999 | 2.893.999 | 2.893.999 | 2.893.999 | 2.893.999 | 3.000.000,Defensa
Romero,Getafe,0 | 0 | 0 | 0 | 0 | +116.266,"0,00% | 0,00% | 0,00% | 0,00% | 0,00% | +0,39%",,23ddías,30.116.266,30.116.266 | 30.116.266 | 30.116.266 | 30.116.266 | 30.116.266 | 30.000.000,Defensa
Mesonero,Real Madrid,0 | 0 | 0 | 0 | 0 | +2.606,"0,00% | 0,00% | 0,00% | 0,00% | 0,00% | +0,37%",,23ddías,702.606,702.606 | 702.606 | 702.606 | 702.606 | 702.606 | 700.000,Mediocampista
A. Riquelme,Getafe,0 | 0 | 0 | 0 | 0 | +2.324,"0,00% | 0,00% | 0,00% | 0,00% | 0,00% | +0,39%",,23ddías,602.324,602.324 | 602.324 | 602.324 | 602.324 | 602.324 | 600.000,Mediocampista
Álex Sánchez,Elche,0 | 0 | 0 | 0 | 0 | +2.324,"0,00% | 0,00% | 0,00% | 0,00% | 0,00% | +0,39%",,23ddías,602.324,602.324 | 602.324 | 602.324 | 602.324 | 602.324 | 600.000,Mediocampista
Burcio,Celta,0 | 0 | 0 | 0 | 0 | +2.257,"0,00% | 0,00% | 0,00% | 0,00% | 0,00% | +0,38%",,23ddías,602.257,602.257 | 602.257 | 602.257 | 602.257 | 602.257 | 600.000,Mediocampista
Palacios,Real Madrid,0 | 0 | 0 | 0 | 0 | +2.979,"0,00% | 0,00% | 0,00% | 0,00% | 0,00% | +0,37%",,23ddías,802.979,802.979 | 802.979 | 802.979 | 802.979 | 802.979 | 800.000,Mediocampista
Sangaré,Elche,0 | 0 | 0 | 0 | 0 | +15.501,"0,00% | 0,00% | 0,00% | 0,00% | 0,00% | +0,39%",,23ddías,4.015.501,4.015.501 | 4.015.501 | 4.015.501 | 4.015.501 | 4.015.501 | 4.000.000,Defensa
Montes,Getafe,0 | 0 | 0 | 0 | 0 | +2.319,"0,00% | 0,00% | 0,00% | 0,00% | 0,00% | +0,39%",,23ddías,602.319,602.319 | 602.319 | 602.319 | 602.319 | 602.319 | 600.000,Defensa
Dani Martínez,Atlético,-4.398 | -8.532 | -12.641 | -20.484 | -50.134 | -149.344,"-0,97% | -1,86% | -2,73% | -4,35% | -10,01% | -24,89%",,6ddías,450.656,455.054 | 459.188 | 463.297 | 471.140 | 500.790 | 600.000,Defensa
Boñar,Atlético,-6.344 | -12.507 | -18.729 | -38.761 | -89.914 | -202.609,"-1,26% | -2,45% | -3,63% | -7,23% | -15,31% | -28,94%",,20ddías,497.391,503.735 | 509.898 | 516.120 | 536.152 | 587.305 | 700.000,Defensa
Puric,Atlético,-5.675 | -11.139 | -16.633 | -36.897 | -82.113 | -218.697,"-1,17% | -2,26% | -3,34% | -7,12% | -14,57% | -31,24%",,26ddías,481.303,486.978 | 492.442 | 497.936 | 518.200 | 563.416 | 700.000,Defensa
Marqués,Barcelona,0 | 0 | 0 | 0 | 0 | +2.319,"0,00% | 0,00% | 0,00% | 0,00% | 0,00% | +0,39%",,23ddías,602.319,602.319 | 602.319 | 602.319 | 602.319 | 602.319 | 600.000,Defensa
Arcos,Celta,0 | 0 | 0 | 0 | 0 | +2.257,"0,00% | 0,00% | 0,00% | 0,00% | 0,00% | +0,38%",,23ddías,602.257,602.257 | 602.257 | 602.257 | 602.257 | 602.257 | 600.000,Mediocampista
Cestero,Real Madrid,0 | 0 | 0 | 0 | 0 | +2.234,"0,00% | 0,00% | 0,00% | 0,00% | 0,00% | +0,37%",,23ddías,602.234,602.234 | 602.234 | 602.234 | 602.234 | 602.234 | 600.000,Mediocampista
Ferran,Espanyol,0 | 0 | 0 | 0 | 0 | +2.248,"0,00% | 0,00% | 0,00% | 0,00% | 0,00% | +0,37%",,23ddías,602.248,602.248 | 602.248 | 602.248 | 602.248 | 602.248 | 600.000,Mediocampista
Manuel Ángel,Real Madrid,0 | 0 | 0 | 0 | 0 | +2.606,"0,00% | 0,00% | 0,00% | 0,00% | 0,00% | +0,37%",,23ddías,702.606,702.606 | 702.606 | 702.606 | 702.606 | 702.606 | 700.000,Mediocampista
Tunde,Levante,0 | 0 | 0 | 0 | 0 | +31.892,"0,00% | 0,00% | 0,00% | 0,00% | 0,00% | +0,38%",,23ddías,8.531.892,8.531.892 | 8.531.892 | 8.531.892 | 8.531.892 | 8.531.892 | 8.500.000,Mediocampista
Kita,R. Sociedad B,0 | 0 | 0 | 0 | 0 | +2.234,"0,00% | 0,00% | 0,00% | 0,00% | 0,00% | +0,37%",,23ddías,602.234,602.234 | 602.234 | 602.234 | 602.234 | 602.234 | 600.000,Defensa
Astiazaran,R. Sociedad B,0 | 0 | 0 | 0 | 0 | +2.257,"0,00% | 0,00% | 0,00% | 0,00% | 0,00% | +0,38%",,23ddías,602.257,602.257 | 602.257 | 602.257 | 602.257 | 602.257 | 600.000,Mediocampista
Aguirre,R. Sociedad B,0 | 0 | 0 | 0 | 0 | +2.257,"0,00% | 0,00% | 0,00% | 0,00% | 0,00% | +0,38%",,23ddías,602.257,602.257 | 602.257 | 602.257 | 602.257 | 602.257 | 600.000,Mediocampista
Fontanet,Valencia,0 | 0 | 0 | 0 | 0 | -18.013,"0,00% | 0,00% | 0,00% | 0,00% | 0,00% | -3,00%",,23ddías,581.987,581.987 | 581.987 | 581.987 | 581.987 | 581.987 | 600.000,Defensa
Gaitán,Villarreal,0 | 0 | 0 | 0 | 0 | +2.292,"0,00% | 0,00% | 0,00% | 0,00% | 0,00% | +0,38%",,23ddías,602.292,602.292 | 602.292 | 602.292 | 602.292 | 602.292 | 600.000,Mediocampista
Vecino,Celta,-85.299 | -172.285 | -264.998 | -648.289 | -1.449.380 | -3.050.956,"-2,81% | -5,52% | -8,25% | -18,02% | -32,95% | -50,85%",,26ddías,2.949.044,3.034.343 | 3.121.329 | 3.214.042 | 3.597.333 | 4.398.424 | 6.000.000,Mediocampista
Lamini Fati,Real Madrid,0 | 0 | 0 | 0 | 0 | -22.045,"0,00% | 0,00% | 0,00% | 0,00% | 0,00% | -3,15%",,23ddías,677.955,677.955 | 677.955 | 677.955 | 677.955 | 677.955 | 700.000,Defensa
Murillo,Málaga,-94.245 | -189.371 | -288.569 | -707.839 | -1.557.109 | -2.831.351,"-2,89% | -5,64% | -8,35% | -18,26% | -32,95% | -47,19%",,26ddías,3.168.649,3.262.894 | 3.358.020 | 3.457.218 | 3.876.488 | 4.725.758 | 6.000.000,Defensa
Luismi,Deportivo,-129.244 | -281.747 | -428.538 | -990.271 | -2.009.328 | -2.298.108,"-1,89% | -4,03% | -6,01% | -12,87% | -23,07% | -25,53%",,21ddías,6.701.892,6.831.136 | 6.983.639 | 7.130.430 | 7.692.163 | 8.711.220 | 9.000.000,Delantero
Rubén López,Deportivo,0 | 0 | 0 | 0 | 0 | +1.880,"0,00% | 0,00% | 0,00% | 0,00% | 0,00% | +0,38%",,23ddías,501.880,501.880 | 501.880 | 501.880 | 501.880 | 501.880 | 500.000,Mediocampista
Villares,Deportivo,-83.345 | -167.959 | -251.140 | -622.034 | -1.387.816 | -2.647.365,"-2,43% | -4,77% | -6,97% | -15,65% | -29,28% | -44,12%",,26ddías,3.352.635,3.435.980 | 3.520.594 | 3.603.775 | 3.974.669 | 4.740.451 | 6.000.000,Mediocampista
Jurado,Deportivo,-41.998 | -83.837 | -127.930 | -317.816 | -726.462 | -1.519.928,"-2,76% | -5,36% | -7,96% | -17,68% | -32,92% | -50,66%",,26ddías,1.480.072,1.522.070 | 1.563.909 | 1.608.002 | 1.797.888 | 2.206.534 | 3.000.000,Mediocampista
Mella,Deportivo,-40.313 | -102.108 | -152.345 | -380.251 | -873.724 | -546.651,"-1,15% | -2,87% | -4,23% | -9,92% | -20,19% | -13,67%",,16ddías,3.453.349,3.493.662 | 3.555.457 | 3.605.694 | 3.833.600 | 4.327.073 | 4.000.000,Mediocampista
Mario,Deportivo,+271.571 | +549.564 | +933.988 | +2.334.979 | +3.848.314 | +5.858.562,"+1,32% | +2,71% | +4,69% | +12,61% | +22,62% | +39,06%",,25ddías,20.858.562,20.586.991 | 20.308.998 | 19.924.574 | 18.523.583 | 17.010.248 | 15.000.000,Mediocampista
Patino,Deportivo,-12.102 | -24.262 | -36.731 | -87.923 | -201.042 | -464.428,"-1,87% | -3,68% | -5,46% | -12,15% | -24,03% | -42,22%",,26ddías,635.572,647.674 | 659.834 | 672.303 | 723.495 | 836.614 | 1.100.000,Mediocampista
Bil Nsongo,Deportivo,0 | 0 | 0 | 0 | 0 | +24.473,"0,00% | 0,00% | 0,00% | 0,00% | 0,00% | +0,38%",,23ddías,6.524.473,6.524.473 | 6.524.473 | 6.524.473 | 6.524.473 | 6.524.473 | 6.500.000,Delantero
Noé Carrillo,Deportivo,0 | 0 | 0 | 0 | 0 | +2.633,"0,00% | 0,00% | 0,00% | 0,00% | 0,00% | +0,38%",,23ddías,702.633,702.633 | 702.633 | 702.633 | 702.633 | 702.633 | 700.000,Mediocampista
Eddahchouri,Deportivo,-52.032 | -108.992 | -147.453 | -333.537 | -738.993 | -1.552.647,"-2,08% | -4,26% | -5,68% | -11,99% | -23,19% | -38,82%",,26ddías,2.447.353,2.499.385 | 2.556.345 | 2.594.806 | 2.780.890 | 3.186.346 | 4.000.000,Delantero
Osorio,Elche,0 | 0 | 0 | 0 | 0 | +5.425,"0,00% | 0,00% | 0,00% | 0,00% | 0,00% | +0,39%",,22ddías,1.405.425,1.405.425 | 1.405.425 | 1.405.425 | 1.405.425 | 1.405.425 | 1.400.000,Delantero
Herrero,Málaga,+17.267 | +170.933 | +406.358 | +851.221 | +792.071 | +1.151.638,"+0,24% | +2,45% | +6,02% | +13,51% | +12,45% | +19,19%",,10ddías,7.151.638,7.134.371 | 6.980.705 | 6.745.280 | 6.300.417 | 6.359.567 | 6.000.000,Portero
Carlos López,Málaga,-2.891 | +1.861 | -407 | -5.044 | -18.411 | -83.128,"-0,69% | +0,45% | -0,10% | -1,20% | -4,23% | -16,63%",,1ddías,416.872,419.763 | 415.011 | 417.279 | 421.916 | 435.283 | 500.000,Portero
Céspedes,Málaga,0 | 0 | 0 | 0 | 0 | +1.498,"0,00% | 0,00% | 0,00% | 0,00% | 0,00% | +0,37%",,22ddías,401.498,401.498 | 401.498 | 401.498 | 401.498 | 401.498 | 400.000,Portero
Puga,Málaga,-99.063 | -238.032 | -375.191 | -811.821 | -1.585.278 | -2.785.842,"-1,57% | -3,69% | -5,69% | -11,55% | -20,33% | -30,95%",,21ddías,6.214.158,6.313.221 | 6.452.190 | 6.589.349 | 7.025.979 | 7.799.436 | 9.000.000,Defensa
Riki,Deportivo,-92.143 | -92.143 | -92.143 | -92.143 | -92.143 | -86.497,"-6,12% | -6,12% | -6,12% | -6,12% | -6,12% | -5,77%",,1ddías,1.413.503,1.505.646 | 1.505.646 | 1.505.646 | 1.505.646 | 1.505.646 | 1.500.000,Mediocampista
Pablo García,Deportivo,-6.277 | -12.370 | -18.519 | -22.422 | -67.638 | -204.222,"-1,25% | -2,43% | -3,60% | -4,33% | -12,00% | -29,17%",,4ddías,495.778,502.055 | 508.148 | 514.297 | 518.200 | 563.416 | 700.000,Defensa
Antañón,Celta,0 | 0 | 0 | 0 | 0 | -18.300,"0,00% | 0,00% | 0,00% | 0,00% | 0,00% | -3,05%",,23ddías,581.700,581.700 | 581.700 | 581.700 | 581.700 | 581.700 | 600.000,Mediocampista
Quagliata,Deportivo,+28.224 | +37.099 | +46.804 | +8.422 | -278.770 | -1.094.874,"+0,98% | +1,29% | +1,64% | +0,29% | -8,76% | -27,37%",,3ddías,2.905.126,2.876.902 | 2.868.027 | 2.858.322 | 2.896.704 | 3.183.896 | 4.000.000,Defensa
Ochieng,Real Sociedad,0 | 0 | 0 | 0 | 0 | +2.633,"0,00% | 0,00% | 0,00% | 0,00% | 0,00% | +0,38%",,23ddías,702.633,702.633 | 702.633 | 702.633 | 702.633 | 702.633 | 700.000,Mediocampista
Morcillo,Atlético,0 | 0 | 0 | 0 | 0 | +2.702,"0,00% | 0,00% | 0,00% | 0,00% | 0,00% | +0,39%",,23ddías,702.702,702.702 | 702.702 | 702.702 | 702.702 | 702.702 | 700.000,Mediocampista
Cubo,Atlético,0 | 0 | 0 | 0 | 0 | +2.316,"0,00% | 0,00% | 0,00% | 0,00% | 0,00% | +0,39%",,23ddías,602.316,602.316 | 602.316 | 602.316 | 602.316 | 602.316 | 600.000,Delantero
Hugo Ríos,Deportivo,0 | 0 | 0 | 0 | 0 | +3.386,"0,00% | 0,00% | 0,00% | 0,00% | 0,00% | +0,38%",,23ddías,903.386,903.386 | 903.386 | 903.386 | 903.386 | 903.386 | 900.000,Portero
Puerto,Deportivo,-1.161 | -1.923 | -2.519 | -1.063 | +1.407 | -27.029,"-0,31% | -0,51% | -0,67% | -0,28% | +0,38% | -6,76%",,4ddías,372.971,374.132 | 374.894 | 375.490 | 374.034 | 371.564 | 400.000,Portero
Germán Parreño,Deportivo,0 | 0 | 0 | 0 | 0 | +2.633,"0,00% | 0,00% | 0,00% | 0,00% | 0,00% | +0,38%",,23ddías,702.633,702.633 | 702.633 | 702.633 | 702.633 | 702.633 | 700.000,Portero
Loureiro,Deportivo,-31.579 | -63.310 | -93.159 | -240.745 | -679.151 | -662.208,"-0,82% | -1,62% | -2,37% | -5,90% | -15,04% | -14,72%",,11ddías,3.837.792,3.869.371 | 3.901.102 | 3.930.951 | 4.078.537 | 4.516.943 | 4.500.000,Defensa
Ximo,Deportivo,-430.807 | -430.807 | -430.807 | -430.807 | -430.807 | -406.334,"-6,60% | -6,60% | -6,60% | -6,60% | -6,60% | -6,25%",,1ddías,6.093.666,6.524.473 | 6.524.473 | 6.524.473 | 6.524.473 | 6.524.473 | 6.500.000,Defensa
Teijo,Deportivo,0 | 0 | 0 | 0 | 0 | +2.257,"0,00% | 0,00% | 0,00% | 0,00% | 0,00% | +0,38%",,23ddías,602.257,602.257 | 602.257 | 602.257 | 602.257 | 602.257 | 600.000,Defensa
Canedo,Deportivo,0 | 0 | 0 | 0 | 0 | +2.257,"0,00% | 0,00% | 0,00% | 0,00% | 0,00% | +0,38%",,23ddías,602.257,602.257 | 602.257 | 602.257 | 602.257 | 602.257 | 600.000,Defensa
Samu Fernández,Deportivo,0 | 0 | 0 | 0 | 0 | +2.633,"0,00% | 0,00% | 0,00% | 0,00% | 0,00% | +0,38%",,23ddías,702.633,702.633 | 702.633 | 702.633 | 702.633 | 702.633 | 700.000,Defensa
Noubi,Deportivo,+283.336 | +518.580 | +706.146 | +1.170.791 | +931.164 | +1.564.498,"+3,23% | +6,07% | +8,45% | +14,83% | +11,45% | +20,86%",,8ddías,9.064.498,8.781.162 | 8.545.918 | 8.358.352 | 7.893.707 | 8.133.334 | 7.500.000,Defensa
Comas,Deportivo,-26.476 | -52.546 | -77.151 | -197.523 | -455.363 | -996.556,"-2,57% | -4,98% | -7,14% | -16,45% | -31,21% | -49,83%",,26ddías,1.003.444,1.029.920 | 1.055.990 | 1.080.595 | 1.200.967 | 1.458.807 | 2.000.000,Defensa
Barcia,Deportivo,-36.205 | -78.486 | -117.033 | -274.199 | -617.380 | -1.241.414,"-2,02% | -4,27% | -6,24% | -13,49% | -25,98% | -41,38%",,26ddías,1.758.586,1.794.791 | 1.837.072 | 1.875.619 | 2.032.785 | 2.375.966 | 3.000.000,Defensa
Valou,Getafe,0 | 0 | 0 | 0 | 0 | +2.292,"0,00% | 0,00% | 0,00% | 0,00% | 0,00% | +0,38%",,23ddías,602.292,602.292 | 602.292 | 602.292 | 602.292 | 602.292 | 600.000,Defensa
Iván Romero,Levante,-43.674 | -70.282 | -90.431 | -346.864 | -797.413 | -1.426.360,"-0,61% | -0,98% | -1,26% | -4,67% | -10,13% | -16,78%",,15ddías,7.073.640,7.117.314 | 7.143.922 | 7.164.071 | 7.420.504 | 7.871.053 | 8.500.000,Delantero
Román,Celta,-73.710 | -166.962 | -259.682 | -692.036 | -1.524.360 | -3.132.401,"-1,35% | -3,02% | -4,61% | -11,42% | -22,12% | -36,85%",,26ddías,5.367.599,5.441.309 | 5.534.561 | 5.627.281 | 6.059.635 | 6.891.959 | 8.500.000,Mediocampista
Kike Barja,Osasuna,0 | 0 | 0 | 0 | 0 | +10.828,"0,00% | 0,00% | 0,00% | 0,00% | 0,00% | +0,39%",,23ddías,2.810.828,2.810.828 | 2.810.828 | 2.810.828 | 2.810.828 | 2.810.828 | 2.800.000,Delantero
Nteka,Rayo,-38.273 | -78.933 | -116.888 | -285.752 | -654.850 | -1.334.122,"-2,25% | -4,52% | -6,56% | -14,64% | -28,22% | -44,47%",,26ddías,1.665.878,1.704.151 | 1.744.811 | 1.782.766 | 1.951.630 | 2.320.728 | 3.000.000,Delantero
Isi,Rayo,-477.075 | -992.863 | -1.436.765 | -3.052.429 | -96.770 | +4.380.703,"-2,40% | -4,87% | -6,90% | -13,61% | -0,50% | +29,20%",,7ddías,19.380.703,19.857.778 | 20.373.566 | 20.817.468 | 22.433.132 | 19.477.473 | 15.000.000,Delantero
Pep Chavarría,Rayo,+400.408 | +681.428 | +1.001.598 | +2.367.639 | +4.664.841 | +6.956.281,"+2,16% | +3,73% | +5,58% | +14,27% | +32,64% | +57,97%",,25ddías,18.956.281,18.555.873 | 18.274.853 | 17.954.683 | 16.588.642 | 14.291.440 | 12.000.000,Defensa
Ratiu,Rayo,-667.248 | -1.421.546 | -2.168.337 | -5.577.438 | -20.345.314 | -20.345.314,"-1,68% | -3,51% | -5,26% | -12,50% | 0% | 0%",,12ddías,39.038.663,39.705.911 | 40.460.209 | 41.207.000 | 44.616.101 | 0 | 0,Defensa
Dimitrievski,Valencia,0 | 0 | 0 | 0 | 0 | +45.877,"0,00% | 0,00% | 0,00% | 0,00% | 0,00% | +0,38%",,23ddías,12.045.877,12.045.877 | 12.045.877 | 12.045.877 | 12.045.877 | 12.045.877 | 12.000.000,Portero
Iker Muñoz,Osasuna,-35.886 | -75.482 | -118.014 | -308.912 | -715.070 | -1.547.112,"-2,12% | -4,37% | -6,66% | -15,75% | -30,20% | -48,35%",,26ddías,1.652.888,1.688.774 | 1.728.370 | 1.770.902 | 1.961.800 | 2.367.958 | 3.200.000,Mediocampista
Herrando,Osasuna,-52.248 | -114.228 | -171.452 | -434.933 | -1.015.514 | -2.216.358,"-2,24% | -4,76% | -6,98% | -16,00% | -30,78% | -49,25%",,26ddías,2.283.642,2.335.890 | 2.397.870 | 2.455.094 | 2.718.575 | 3.299.156 | 4.500.000,Defensa
Catena,Osasuna,-463.165 | -747.989 | -745.440 | +1.363.094 | +5.701.622 | +10.160.963,"-1,14% | -1,83% | -1,82% | +3,51% | +16,55% | +33,87%",,2ddías,40.160.963,40.624.128 | 40.908.952 | 40.906.403 | 38.797.869 | 34.459.341 | 30.000.000,Defensa
Ibáñez,Alavés,-52.454 | -107.442 | -172.009 | -444.554 | -1.136.159 | -2.501.158,"-1,48% | -2,98% | -4,69% | -11,27% | -24,51% | -41,69%",,26ddías,3.498.842,3.551.296 | 3.606.284 | 3.670.851 | 3.943.396 | 4.635.001 | 6.000.000,Mediocampista
Budimir,Osasuna,-548.945 | -1.248.769 | -1.988.589 | -5.015.637 | +10.254.076 | +10.254.076,"-1,11% | -2,49% | -3,90% | -9,29% | 0% | 0%",,12ddías,48.978.874,49.527.819 | 50.227.643 | 50.967.463 | 53.994.511 | 0 | 0,Delantero
Moi Gómez,Osasuna,-61.827 | -123.606 | -189.296 | -452.922 | -1.025.458 | -2.352.526,"-2,28% | -4,46% | -6,67% | -14,61% | -27,92% | -47,05%",,26ddías,2.647.474,2.709.301 | 2.771.080 | 2.836.770 | 3.100.396 | 3.672.932 | 5.000.000,Mediocampista
Rubén GarcíaRubén G.,Osasuna,-166.782 | -340.295 | -454.181 | -1.084.318 | -2.285.152 | -4.079.041,"-1,18% | -2,39% | -3,16% | -7,23% | -14,10% | -22,66%",,23ddías,13.920.959,14.087.741 | 14.261.254 | 14.375.140 | 15.005.277 | 16.206.111 | 18.000.000,Mediocampista
Aitor,Osasuna,-10.495 | -20.980 | -31.704 | -75.160 | -171.292 | -403.019,"-1,73% | -3,40% | -5,04% | -11,18% | -22,30% | -40,30%",,26ddías,596.981,607.476 | 617.961 | 628.685 | 672.141 | 768.273 | 1.000.000,Portero
Areso,Athletic,-21.206 | -61.026 | -86.822 | -245.430 | -594.801 | -1.317.433,"-0,88% | -2,50% | -3,52% | -9,34% | -19,98% | -35,61%",,26ddías,2.382.567,2.403.773 | 2.443.593 | 2.469.389 | 2.627.997 | 2.977.368 | 3.700.000,Defensa
Oroz,Osasuna,-292.188 | -630.736 | -957.718 | -2.106.723 | -3.261.797 | -4.757.265,"-1,88% | -3,97% | -5,91% | -12,14% | -17,63% | -23,79%",,23ddías,15.242.735,15.534.923 | 15.873.471 | 16.200.453 | 17.349.458 | 18.504.532 | 20.000.000,Mediocampista
Unai López,Rayo,-44.463 | -73.258 | -61.952 | -90.835 | -283.052 | -961.288,"-0,73% | -1,20% | -1,02% | -1,48% | -4,48% | -13,73%",,2ddías,6.038.712,6.083.175 | 6.111.970 | 6.100.664 | 6.129.547 | 6.321.764 | 7.000.000,Mediocampista
Villar,Elche,0 | 0 | 0 | 0 | 0 | +27.127,"0,00% | 0,00% | 0,00% | 0,00% | 0,00% | +0,39%",,23ddías,7.027.127,7.027.127 | 7.027.127 | 7.027.127 | 7.027.127 | 7.027.127 | 7.000.000,Mediocampista
Mayoral,Getafe,-37.782 | -74.244 | -124.425 | -309.669 | -671.102 | -1.400.625,"-1,13% | -2,20% | -3,63% | -8,58% | -16,90% | -29,80%",,26ddías,3.299.375,3.337.157 | 3.373.619 | 3.423.800 | 3.609.044 | 3.970.477 | 4.700.000,Delantero
Iglesias,Sevilla,0 | 0 | 0 | 0 | 0 | +48.352,"0,00% | 0,00% | 0,00% | 0,00% | 0,00% | +0,39%",,23ddías,12.548.352,12.548.352 | 12.548.352 | 12.548.352 | 12.548.352 | 12.548.352 | 12.500.000,Defensa
Herrera,Real Sociedad,-60.619 | -131.674 | -204.619 | -518.072 | -1.232.763 | -2.331.722,"-1,63% | -3,47% | -5,28% | -12,38% | -25,15% | -38,86%",,23ddías,3.668.278,3.728.897 | 3.799.952 | 3.872.897 | 4.186.350 | 4.901.041 | 6.000.000,Mediocampista
Eric Garcia,Barcelona,-3.922.017 | -3.922.017 | -3.922.017 | -3.922.017 | -3.922.017 | -3.693.785,"-6,62% | -6,62% | -6,62% | -6,62% | -6,62% | -6,26%",,1ddías,55.306.215,59.228.232 | 59.228.232 | 59.228.232 | 59.228.232 | 59.228.232 | 59.000.000,Defensa
Boyé,Alavés,-152.265 | -313.531 | -478.663 | -1.294.339 | -3.102.351 | -5.042.943,"-1,01% | -2,05% | -3,10% | -7,96% | -17,18% | -25,21%",,22ddías,14.957.057,15.109.322 | 15.270.588 | 15.435.720 | 16.251.396 | 18.059.408 | 20.000.000,Delantero
Miguel Ángel RubioMiguel Rubio,Espanyol,-16.423 | -33.084 | -50.241 | -122.223 | -280.988 | -660.730,"-2,17% | -4,28% | -6,36% | -14,19% | -27,54% | -47,20%",,26ddías,739.270,755.693 | 772.354 | 789.511 | 861.493 | 1.020.258 | 1.400.000,Defensa
S. Cardona,Villarreal,-25.837 | -71.274 | -93.454 | -222.100 | -586.537 | -479.058,"-0,50% | -1,37% | -1,79% | -4,16% | -10,28% | -8,55%",,19ddías,5.120.942,5.146.779 | 5.192.216 | 5.214.396 | 5.343.042 | 5.707.479 | 5.600.000,Defensa
Moncayola,Osasuna,+52.274 | +54.883 | +62.306 | -8.791 | -219.665 | -429.137,"+0,95% | +0,99% | +1,13% | -0,16% | -3,79% | -7,15%",,4ddías,5.570.863,5.518.589 | 5.515.980 | 5.508.557 | 5.579.654 | 5.790.528 | 6.000.000,Mediocampista
Javi Muñoz,Getafe,-20.427 | -41.259 | -62.760 | -154.006 | -350.238 | -764.641,"-2,39% | -4,71% | -6,99% | -15,57% | -29,54% | -47,79%",,26ddías,835.359,855.786 | 876.618 | 898.119 | 989.365 | 1.185.597 | 1.600.000,Mediocampista
Moleiro,Villarreal,-389.525 | -921.123 | -1.666.029 | -4.995.466 | -38.638.719 | -38.638.719,"-0,67% | -1,58% | -2,82% | -8,00% | 0% | 0%",,11ddías,57.421.749,57.811.274 | 58.342.872 | 59.087.778 | 62.417.215 | 0 | 0,Mediocampista
Valles,Betis,+957.669 | +1.707.657 | +2.527.413 | +4.705.901 | +7.662.126 | +11.160.177,"+4,74% | +8,78% | +13,56% | +28,60% | +56,76% | +111,60%",,25ddías,21.160.177,20.202.508 | 19.452.520 | 18.632.764 | 16.454.276 | 13.498.051 | 10.000.000,Portero
Copete,Valencia,-101.140 | -203.089 | -308.314 | -753.449 | -1.695.793 | -2.954.011,"-3,21% | -6,25% | -9,19% | -19,83% | -35,76% | -49,23%",,26ddías,3.045.989,3.147.129 | 3.249.078 | 3.354.303 | 3.799.438 | 4.741.782 | 6.000.000,Defensa
Herrera,Osasuna,+957.960 | +1.952.372 | +2.828.959 | +5.758.765 | +9.936.249 | +15.485.973,"+3,14% | +6,61% | +9,87% | +22,38% | +46,11% | +96,79%",,24ddías,31.485.973,30.528.013 | 29.533.601 | 28.657.014 | 25.727.208 | 21.549.724 | 16.000.000,Portero
Torró,Osasuna,-39.462 | -75.532 | -119.992 | -279.880 | -693.167 | -1.366.537,"-1,37% | -2,60% | -4,06% | -8,99% | -19,66% | -32,54%",,22ddías,2.833.463,2.872.925 | 2.908.995 | 2.953.455 | 3.113.343 | 3.526.630 | 4.200.000,Mediocampista
Cárdenas,Rayo,-14.077 | -29.479 | -43.803 | -116.250 | -278.627 | -643.834,"-1,83% | -3,75% | -5,48% | -13,33% | -26,93% | -45,99%",,26ddías,756.166,770.243 | 785.645 | 799.969 | 872.416 | 1.034.793 | 1.400.000,Portero
Álvaro García,Rayo,+185.331 | +351.150 | +517.413 | +1.216.518 | +1.980.136 | +3.515.993,"+1,21% | +2,32% | +3,45% | +8,51% | +14,63% | +29,30%",,10ddías,15.515.993,15.330.662 | 15.164.843 | 14.998.580 | 14.299.475 | 13.535.857 | 12.000.000,Mediocampista
Carmona,Sevilla,-70.772 | -136.287 | -194.231 | -442.047 | -992.305 | -1.139.016,"-1,44% | -2,73% | -3,84% | -8,34% | -16,95% | -18,98%",,21ddías,4.860.984,4.931.756 | 4.997.271 | 5.055.215 | 5.303.031 | 5.853.289 | 6.000.000,Defensa
Rüdiger,Real Madrid,-336.510 | -792.374 | -1.260.307 | -2.919.910 | -6.516.392 | -9.838.623,"-1,07% | -2,49% | -3,90% | -8,59% | -17,34% | -24,06%",,23ddías,31.061.377,31.397.887 | 31.853.751 | 32.321.684 | 33.981.287 | 37.577.769 | 40.900.000,Defensa
Pacheco,Real Sociedad,0 | 0 | 0 | 0 | 0 | +15.452,"0,00% | 0,00% | 0,00% | 0,00% | 0,00% | +0,39%",,23ddías,4.015.452,4.015.452 | 4.015.452 | 4.015.452 | 4.015.452 | 4.015.452 | 4.000.000,Defensa
Sadiq,Valencia,-300.365 | -609.950 | -937.151 | -1.978.211 | -3.531.945 | -6.193.498,"-2,97% | -5,86% | -8,72% | -16,79% | -26,48% | -38,71%",,24ddías,9.806.502,10.106.867 | 10.416.452 | 10.743.653 | 11.784.713 | 13.338.447 | 16.000.000,Delantero
Olasagasti,Levante,-18.578 | -40.107 | -79.966 | -348.658 | -1.032.320 | -2.315.288,"-0,50% | -1,08% | -2,12% | -8,64% | -21,88% | -38,59%",,26ddías,3.684.712,3.703.290 | 3.724.819 | 3.764.678 | 4.033.370 | 4.717.032 | 6.000.000,Mediocampista
Kubo,Real Sociedad,-494.863 | -1.064.374 | -1.615.707 | -3.949.665 | -8.169.312 | -4.212.200,"-1,88% | -3,95% | -5,87% | -13,24% | -23,99% | -13,99%",,15ddías,25.887.800,26.382.663 | 26.952.174 | 27.503.507 | 29.837.465 | 34.057.112 | 30.100.000,Mediocampista
Zakharyan,Real Sociedad,-39.947 | -80.702 | -123.349 | -307.393 | -700.030 | -1.516.760,"-2,62% | -5,16% | -7,68% | -17,17% | -32,06% | -50,56%",,26ddías,1.483.240,1.523.187 | 1.563.942 | 1.606.589 | 1.790.633 | 2.183.270 | 3.000.000,Mediocampista
Oyarzabal,Real Sociedad,-979.781 | -2.137.980 | -3.319.476 | -8.606.823 | -41.091.794 | -41.091.794,"-1,32% | -2,83% | -4,33% | -10,51% | 0% | 0%",,10ddías,73.319.380,74.299.161 | 75.457.360 | 76.638.856 | 81.926.203 | 0 | 0,Delantero
Marín,Real Sociedad,-76.690 | -156.057 | -238.791 | -592.078 | -1.310.131 | -2.545.182,"-3,03% | -5,98% | -8,87% | -19,43% | -34,80% | -50,90%",,26ddías,2.454.818,2.531.508 | 2.610.875 | 2.693.609 | 3.046.896 | 3.764.949 | 5.000.000,Mediocampista
Barrenetxea,Real Sociedad,-721.568 | -1.404.248 | -1.697.148 | -1.088.721 | +2.577.066 | +7.678.849,"-1,79% | -3,42% | -4,10% | -2,67% | +6,95% | +24,00%",,4ddías,39.678.849,40.400.417 | 41.083.097 | 41.375.997 | 40.767.570 | 37.101.783 | 32.000.000,Mediocampista
Zubeldia,Real Sociedad,-108.381 | -217.677 | -304.872 | -876.645 | -2.066.924 | -3.734.869,"-1,04% | -2,08% | -2,88% | -7,87% | -16,76% | -26,68%",,26ddías,10.265.131,10.373.512 | 10.482.808 | 10.570.003 | 11.141.776 | 12.332.055 | 14.000.000,Defensa
Aihen,Real Sociedad,-52.019 | -108.747 | -162.244 | -403.144 | -922.271 | -2.009.056,"-2,55% | -5,18% | -7,54% | -16,84% | -31,66% | -50,23%",,26ddías,1.990.944,2.042.963 | 2.099.691 | 2.153.188 | 2.394.088 | 2.913.215 | 4.000.000,Defensa
Odriozola,Real Sociedad,-18.382 | -37.084 | -56.367 | -137.776 | -317.237 | -713.709,"-2,28% | -4,50% | -6,69% | -14,91% | -28,75% | -47,58%",,26ddías,786.291,804.673 | 823.375 | 842.658 | 924.067 | 1.103.528 | 1.500.000,Defensa
Remiro,Real Sociedad,+1.212.052 | +2.104.135 | +3.209.808 | +7.076.885 | +12.708.383 | +19.701.479,"+3,15% | +5,60% | +8,80% | +21,69% | +47,08% | +98,51%",,24ddías,39.701.479,38.489.427 | 37.597.344 | 36.491.671 | 32.624.594 | 26.993.096 | 20.000.000,Portero
Güler,Real Madrid,-777.246 | -1.538.341 | -2.116.438 | -5.795.705 | -11.788.311 | -18.171.726,"-1,35% | -2,64% | -3,59% | -9,25% | -17,18% | -24,23%",,26ddías,56.828.274,57.605.520 | 58.366.615 | 58.944.712 | 62.623.979 | 68.616.585 | 75.000.000,Mediocampista
Mendy,Real Madrid,-22.319 | -51.824 | -82.359 | -213.665 | -497.346 | -958.392,"-2,10% | -4,74% | -7,33% | -17,02% | -32,32% | -47,92%",,26ddías,1.041.608,1.063.927 | 1.093.432 | 1.123.967 | 1.255.273 | 1.538.954 | 2.000.000,Defensa
Brahim,Real Madrid,-316.579 | -653.596 | -987.686 | -2.221.910 | -4.234.877 | -6.085.156,"-2,22% | -4,49% | -6,63% | -13,77% | -23,33% | -30,43%",,22ddías,13.914.844,14.231.423 | 14.568.440 | 14.902.530 | 16.136.754 | 18.149.721 | 20.000.000,Mediocampista
De Frutos,Rayo,+872.830 | +1.632.568 | +2.687.568 | +6.358.073 | +12.507.559 | +19.189.007,"+2,02% | +3,84% | +6,48% | +16,81% | +39,48% | +76,76%",,25ddías,44.189.007,43.316.177 | 42.556.439 | 41.501.439 | 37.830.934 | 31.681.448 | 25.000.000,Delantero
Militão,Real Madrid,-506.980 | -1.050.559 | -1.605.255 | -3.990.891 | -8.834.612 | -11.927.189,"-2,73% | -5,49% | -8,16% | -18,09% | -32,83% | -39,76%",,26ddías,18.072.811,18.579.791 | 19.123.370 | 19.678.066 | 22.063.702 | 26.907.423 | 30.000.000,Defensa
Balliu,Rayo,-18.833 | -39.809 | -59.274 | -136.598 | -303.987 | -642.540,"-2,15% | -4,44% | -6,47% | -13,74% | -26,17% | -42,84%",,26ddías,857.460,876.293 | 897.269 | 916.734 | 994.058 | 1.161.447 | 1.500.000,Defensa
Cucho,Betis,-733.391 | -1.226.431 | -1.191.056 | +143.389 | +4.858.187 | +14.965.755,"-1,32% | -2,18% | -2,12% | +0,26% | +9,70% | +37,41%",,2ddías,54.965.755,55.699.146 | 56.192.186 | 56.156.811 | 54.822.366 | 50.107.568 | 40.000.000,Delantero
Valentín,Rayo,-65.237 | -138.956 | -216.974 | -536.239 | -1.223.578 | -2.416.662,"-1,79% | -3,73% | -5,71% | -13,02% | -25,45% | -40,28%",,26ddías,3.583.338,3.648.575 | 3.722.294 | 3.800.312 | 4.119.577 | 4.806.916 | 6.000.000,Mediocampista
Lejeune,Rayo,-552.886 | -1.339.187 | -2.198.539 | -5.780.712 | -32.993.295 | -32.993.295,"-1,27% | -3,02% | -4,87% | -11,85% | 0% | 0%",,12ddías,42.988.789,43.541.675 | 44.327.976 | 45.187.328 | 48.769.501 | 0 | 0,Defensa
Camello,Rayo,-32.030 | -80.215 | -127.217 | -359.408 | -872.227 | -1.783.368,"-0,96% | -2,36% | -3,69% | -9,78% | -20,82% | -34,97%",,26ddías,3.316.632,3.348.662 | 3.396.847 | 3.443.849 | 3.676.040 | 4.188.859 | 5.100.000,Delantero
Courtois,Real Madrid,-181.115 | -535.142 | -621.893 | -1.058.233 | +1.539.287 | +18.795.460,"-0,31% | -0,90% | -1,05% | -1,77% | +2,69% | +46,99%",,6ddías,58.795.460,58.976.575 | 59.330.602 | 59.417.353 | 59.853.693 | 57.256.173 | 40.000.000,Portero
Bellingham,Real Madrid,-963.257 | -2.220.957 | -3.324.024 | -7.242.893 | -34.383.772 | -34.383.772,"-0,97% | -2,21% | -3,28% | -6,88% | 0% | 0%",,9ddías,98.052.217,99.015.474 | 100.273.174 | 101.376.241 | 105.295.110 | 0 | 0,Mediocampista
Fran García,Betis,0 | 0 | 0 | 0 | 0 | -408.843,"0,00% | 0,00% | 0,00% | 0,00% | 0,00% | -4,09%",,24ddías,9.591.157,9.591.157 | 9.591.157 | 9.591.157 | 9.591.157 | 9.591.157 | 10.000.000,Defensa
Vinicius,Real Madrid,-847.148 | -2.115.149 | -3.030.644 | -9.475.873 | -49.636.977 | -49.636.977,"-0,80% | -1,98% | -2,81% | -8,29% | 0% | 0%",,9ddías,104.859.542,105.706.690 | 106.974.691 | 107.890.186 | 114.335.415 | 0 | 0,Delantero
Rodrygo,Real Madrid,-95.111 | -194.666 | -292.345 | -683.407 | -1.376.274 | -869.433,"-2,25% | -4,50% | -6,61% | -14,20% | -24,99% | -17,39%",,16ddías,4.130.567,4.225.678 | 4.325.233 | 4.422.912 | 4.813.974 | 5.506.841 | 5.000.000,Delantero
Camavinga,Real Madrid,-360.419 | -728.018 | -1.091.197 | -2.481.025 | -5.117.333 | -9.882.874,"-2,49% | -4,90% | -7,17% | -14,95% | -26,61% | -41,18%",,26ddías,14.117.126,14.477.545 | 14.845.144 | 15.208.323 | 16.598.151 | 19.234.459 | 24.000.000,Mediocampista
Lunin,Real Madrid,-35.170 | -75.208 | -109.773 | -290.340 | -713.871 | -1.380.753,"-1,32% | -2,79% | -4,02% | -9,98% | -21,42% | -34,52%",,26ddías,2.619.247,2.654.417 | 2.694.455 | 2.729.020 | 2.909.587 | 3.333.118 | 4.000.000,Portero
Valverde,Real Madrid,-753.585 | -1.528.751 | -2.360.288 | -5.682.233 | -14.640.970 | -28.236.553,"-0,97% | -1,95% | -2,98% | -6,89% | -16,02% | -26,89%",,26ddías,76.763.447,77.517.032 | 78.292.198 | 79.123.735 | 82.445.680 | 91.404.417 | 105.000.000,Mediocampista
Tchouaméni,Real Madrid,-939.332 | -1.853.829 | -2.737.546 | -6.525.518 | -7.515.827 | -4.398.515,"-1,78% | -3,46% | -5,02% | -11,19% | -12,67% | -7,83%",,11ddías,51.801.485,52.740.817 | 53.655.314 | 54.539.031 | 58.327.003 | 59.317.312 | 56.200.000,Mediocampista
Soria,Getafe,0 | 0 | 0 | 0 | 0 | -703.646,"0,00% | 0,00% | 0,00% | 0,00% | 0,00% | -3,52%",,23ddías,19.296.354,19.296.354 | 19.296.354 | 19.296.354 | 19.296.354 | 19.296.354 | 20.000.000,Portero
Aleñá,Alavés,-59.154 | -145.583 | -219.112 | -525.377 | -1.209.361 | -2.514.622,"-1,30% | -3,14% | -4,66% | -10,48% | -21,24% | -35,92%",,26ddías,4.485.378,4.544.532 | 4.630.961 | 4.704.490 | 5.010.755 | 5.694.739 | 7.000.000,Mediocampista
Le Normand,Atlético,-100.736 | -252.086 | -375.845 | -1.036.444 | -1.906.819 | -3.353.858,"-0,90% | -2,23% | -3,29% | -8,58% | -14,72% | -23,29%",,21ddías,11.046.142,11.146.878 | 11.298.228 | 11.421.987 | 12.082.586 | 12.952.961 | 14.400.000,Defensa
Berenguer,Athletic,-126.119 | -261.864 | -375.995 | -868.655 | -1.545.910 | +1.149.529,"-1,19% | -2,44% | -3,47% | -7,67% | -12,89% | +12,36%",,17ddías,10.449.529,10.575.648 | 10.711.393 | 10.825.524 | 11.318.184 | 11.995.439 | 9.300.000,Delantero
M. Llorente,Atlético,-1.098.975 | -2.051.537 | -3.087.296 | -4.434.152 | +111.887 | +12.789.308,"-1,72% | -3,16% | -4,69% | -6,60% | +0,18% | +25,58%",,6ddías,62.789.308,63.888.283 | 64.840.845 | 65.876.604 | 67.223.460 | 62.677.421 | 50.000.000,Defensa
Oblak,Atlético,+501.246 | +1.087.201 | +1.663.945 | +3.945.914 | +7.808.621 | +17.334.926,"+0,97% | +2,12% | +3,28% | +8,15% | +17,54% | +49,53%",,25ddías,52.334.926,51.833.680 | 51.247.725 | 50.670.981 | 48.389.012 | 44.526.305 | 35.000.000,Portero
Koke,Atlético,0 | 0 | 0 | 0 | 0 | +67.671,"0,00% | 0,00% | 0,00% | 0,00% | 0,00% | +0,38%",,23ddías,17.767.671,17.767.671 | 17.767.671 | 17.767.671 | 17.767.671 | 17.767.671 | 17.700.000,Mediocampista
Giménez,Atlético,-146.510 | -311.573 | -453.711 | -1.094.140 | -2.355.026 | -2.325.239,"-2,25% | -4,66% | -6,64% | -14,65% | -26,98% | -26,73%",,21ddías,6.374.761,6.521.271 | 6.686.334 | 6.828.472 | 7.468.901 | 8.729.787 | 8.700.000,Defensa
Egiluz,Athletic,-5.309 | -10.392 | -15.489 | -33.992 | -75.343 | -227.476,"-1,11% | -2,15% | -3,17% | -6,71% | -13,75% | -32,50%",,26ddías,472.524,477.833 | 482.916 | 488.013 | 506.516 | 547.867 | 700.000,Defensa
Prados,Athletic,-46.100 | -92.700 | -137.812 | -342.906 | -754.420 | -1.779.908,"-2,34% | -4,61% | -6,70% | -15,15% | -28,21% | -48,11%",,26ddías,1.920.092,1.966.192 | 2.012.792 | 2.057.904 | 2.262.998 | 2.674.512 | 3.700.000,Mediocampista
Villalibre,Racing,0 | 0 | 0 | 0 | 0 | +27.946,"0,00% | 0,00% | 0,00% | 0,00% | 0,00% | +0,37%",,22ddías,7.527.946,7.527.946 | 7.527.946 | 7.527.946 | 7.527.946 | 7.527.946 | 7.500.000,Delantero
Yuri,Athletic,-215.075 | -476.493 | -696.487 | -1.514.595 | -3.407.372 | -3.339.597,"-1,45% | -3,15% | -4,54% | -9,36% | -18,86% | -18,55%",,11ddías,14.660.403,14.875.478 | 15.136.896 | 15.356.890 | 16.174.998 | 18.067.775 | 18.000.000,Defensa
R. de Galarreta,Athletic,+12.918 | -96.627 | -123.159 | -515.045 | -1.144.119 | +2.127.024,"+0,13% | -0,93% | -1,18% | -4,75% | -9,97% | +25,94%",,1ddías,10.327.024,10.314.106 | 10.423.651 | 10.450.183 | 10.842.069 | 11.471.143 | 8.200.000,Mediocampista
Agirrezabala,Athletic,0 | 0 | 0 | 0 | 0 | +11.085,"0,00% | 0,00% | 0,00% | 0,00% | 0,00% | +0,38%",,23ddías,2.911.085,2.911.085 | 2.911.085 | 2.911.085 | 2.911.085 | 2.911.085 | 2.900.000,Portero
Guruzeta,Athletic,-15.589 | -93.446 | -87.664 | -291.083 | -975.704 | -1.420.208,"-0,13% | -0,79% | -0,74% | -2,43% | -7,71% | -10,84%",,2ddías,11.679.792,11.695.381 | 11.773.238 | 11.767.456 | 11.970.875 | 12.655.496 | 13.100.000,Delantero
N. Williams,Athletic,+759.245 | +1.883.604 | +3.400.790 | +8.893.912 | +32.242.219 | +32.242.219,"+1,04% | +2,61% | +4,82% | +13,66% | 0% | 0%",,10ddías,73.995.934,73.236.689 | 72.112.330 | 70.595.144 | 65.102.022 | 0 | 0,Delantero
I. Williams,Athletic,+389.443 | +740.381 | +1.411.023 | +3.439.027 | +5.808.700 | +7.247.660,"+1,36% | +2,62% | +5,11% | +13,43% | +25,00% | +33,25%",,24ddías,29.047.660,28.658.217 | 28.307.279 | 27.636.637 | 25.608.633 | 23.238.960 | 21.800.000,Delantero
Sancet,Athletic,+978.419 | +1.894.957 | +3.149.183 | +7.440.401 | +13.736.728 | +18.808.485,"+2,16% | +4,27% | +7,30% | +19,14% | +42,17% | +68,39%",,24ddías,46.308.485,45.330.066 | 44.413.528 | 43.159.302 | 38.868.084 | 32.571.757 | 27.500.000,Mediocampista
Vesga,Athletic,-42.263 | -88.496 | -132.579 | -331.954 | -758.549 | -1.633.959,"-2,63% | -5,35% | -7,81% | -17,49% | -32,63% | -51,06%",,26ddías,1.566.041,1.608.304 | 1.654.537 | 1.698.620 | 1.897.995 | 2.324.590 | 3.200.000,Mediocampista
Galán,Celta,0 | 0 | 0 | 0 | 0 | -524.171,"0,00% | 0,00% | 0,00% | 0,00% | 0,00% | -3,49%",,16ddías,14.475.829,14.475.829 | 14.475.829 | 14.475.829 | 14.475.829 | 14.475.829 | 15.000.000,Defensa
Kike García,Espanyol,-121.200 | -251.622 | -391.376 | -950.915 | -2.053.109 | -3.509.829,"-2,16% | -4,38% | -6,65% | -14,76% | -27,22% | -39,00%",,24ddías,5.490.171,5.611.371 | 5.741.793 | 5.881.547 | 6.441.086 | 7.543.280 | 9.000.000,Delantero
Gorosabel,Athletic,-101.352 | -199.198 | -301.502 | -714.928 | -1.449.238 | -3.009.978,"-2,90% | -5,55% | -8,17% | -17,42% | -29,95% | -47,03%",,26ddías,3.390.022,3.491.374 | 3.589.220 | 3.691.524 | 4.104.950 | 4.839.260 | 6.400.000,Defensa
Abqar,Getafe,+73.792 | +123.350 | +167.004 | +145.860 | -412.881 | -1.004.322,"+1,50% | +2,53% | +3,46% | +3,01% | -7,63% | -16,74%",,5ddías,4.995.678,4.921.886 | 4.872.328 | 4.828.674 | 4.849.818 | 5.408.559 | 6.000.000,Defensa
Guevara,Alavés,-35.453 | -76.299 | -119.824 | -291.933 | -676.601 | -1.469.017,"-2,26% | -4,75% | -7,26% | -16,01% | -30,65% | -48,97%",,26ddías,1.530.983,1.566.436 | 1.607.282 | 1.650.807 | 1.822.916 | 2.207.584 | 3.000.000,Mediocampista
Blanco,Alavés,-169.272 | -391.840 | -611.733 | -1.594.752 | -3.666.216 | +14.746.133,"-1,01% | -2,31% | -3,56% | -8,77% | -18,11% | 0%",,18ddías,16.579.252,16.748.524 | 16.971.092 | 17.190.985 | 18.174.004 | 20.245.468 | 0,Mediocampista
Rioja,Valencia,-232.021 | -485.605 | -703.497 | -1.839.464 | -3.848.606 | -6.586.151,"-1,24% | -2,57% | -3,68% | -9,08% | -17,29% | -26,34%",,26ddías,18.413.849,18.645.870 | 18.899.454 | 19.117.346 | 20.253.313 | 22.262.455 | 25.000.000,Mediocampista
Tenaglia,Alavés,-134.366 | -207.238 | -307.050 | -859.173 | -1.807.964 | -3.045.493,"-0,89% | -1,37% | -2,01% | -5,43% | -10,79% | -16,92%",,26ddías,14.954.507,15.088.873 | 15.161.745 | 15.261.557 | 15.813.680 | 16.762.471 | 18.000.000,Defensa
Guridi,Sevilla,0 | 0 | 0 | 0 | 0 | +19.315,"0,00% | 0,00% | 0,00% | 0,00% | 0,00% | +0,39%",,23ddías,5.019.315,5.019.315 | 5.019.315 | 5.019.315 | 5.019.315 | 5.019.315 | 5.000.000,Mediocampista
Yeray,Athletic,-17.303 | -76.707 | -145.432 | -411.440 | -924.690 | -1.105.429,"-0,43% | -1,88% | -3,51% | -9,34% | -18,80% | -21,68%",,11ddías,3.994.571,4.011.874 | 4.071.278 | 4.140.003 | 4.406.011 | 4.919.261 | 5.100.000,Defensa
Rebbach,Alavés,-97.478 | -185.064 | -277.444 | -737.997 | -1.773.187 | -3.057.240,"-1,93% | -3,61% | -5,31% | -12,99% | -26,40% | -38,22%",,24ddías,4.942.760,5.040.238 | 5.127.824 | 5.220.204 | 5.680.757 | 6.715.947 | 8.000.000,Delantero
Carlos BenavidezProtesoni,Alavés,0 | 0 | 0 | 0 | 0 | +11.588,"0,00% | 0,00% | 0,00% | 0,00% | 0,00% | +0,39%",,23ddías,3.011.588,3.011.588 | 3.011.588 | 3.011.588 | 3.011.588 | 3.011.588 | 3.000.000,Mediocampista
Pubill,Atlético,+908.217 | +1.964.629 | +3.782.767 | +9.403.797 | +19.054.061 | +32.305.291,"+1,27% | +2,79% | +5,52% | +14,95% | +35,78% | +80,76%",,25ddías,72.305.291,71.397.074 | 70.340.662 | 68.522.524 | 62.901.494 | 53.251.230 | 40.000.000,Defensa
Unai Simón,Athletic,+1.313.178 | +2.903.444 | +4.650.047 | +11.373.835 | +22.339.530 | +32.643.224,"+2,56% | +5,84% | +9,69% | +27,56% | +73,72% | +163,22%",,24ddías,52.643.224,51.330.046 | 49.739.780 | 47.993.177 | 41.269.389 | 30.303.694 | 20.000.000,Portero
Vivian,Athletic,-441.549 | -874.609 | -1.306.970 | -3.178.022 | -6.905.035 | -3.777.376,"-2,65% | -5,12% | -7,46% | -16,38% | -29,86% | -18,89%",,15ddías,16.222.624,16.664.173 | 17.097.233 | 17.529.594 | 19.400.646 | 23.127.659 | 20.000.000,Defensa
Paredes,Athletic,-7.539 | -69.117 | -132.730 | -422.888 | -1.099.678 | -1.988.873,"-0,18% | -1,61% | -3,06% | -9,13% | -20,71% | -32,08%",,26ddías,4.211.127,4.218.666 | 4.280.244 | 4.343.857 | 4.634.015 | 5.310.805 | 6.200.000,Defensa
Molina,Atlético,-46.740 | -122.486 | -180.683 | -437.337 | -832.227 | -906.641,"-0,97% | -2,49% | -3,63% | -8,36% | -14,79% | -15,91%",,21ddías,4.793.359,4.840.099 | 4.915.845 | 4.974.042 | 5.230.696 | 5.625.586 | 5.700.000,Defensa
Barrios,Atlético,-42.842 | +354.202 | +1.115.667 | +4.365.443 | +10.387.158 | +14.439.144,"-0,08% | +0,65% | +2,09% | +8,72% | +23,58% | +36,10%",,1ddías,54.439.144,54.481.986 | 54.084.942 | 53.323.477 | 50.073.701 | 44.051.986 | 40.000.000,Mediocampista
Djené,Getafe,0 | 0 | 0 | 0 | 0 | +32.492,"0,00% | 0,00% | 0,00% | 0,00% | 0,00% | +0,39%",,23ddías,8.432.492,8.432.492 | 8.432.492 | 8.432.492 | 8.432.492 | 8.432.492 | 8.400.000,Defensa
U. Núñez,Celta,-100.970 | -203.150 | -300.822 | -731.991 | -731.991 | -712.877,"-2,30% | -4,52% | -6,56% | -14,58% | -14,58% | -14,26%",,6ddías,4.287.123,4.388.093 | 4.490.273 | 4.587.945 | 5.019.114 | 5.019.114 | 5.000.000,Defensa
Marc Roca,Betis,-17.018 | -18.660 | -2.637 | -113.663 | -557.886 | -1.805.044,"-0,37% | -0,40% | -0,06% | -2,41% | -10,83% | -28,20%",,2ddías,4.594.956,4.611.974 | 4.613.616 | 4.597.593 | 4.708.619 | 5.152.842 | 6.400.000,Mediocampista
Isco,Betis,-1.881.716 | -3.907.336 | -5.985.746 | -14.589.674 | +55.233.190 | +55.233.190,"-2,77% | -5,58% | -8,30% | -18,08% | 0% | 0%",,10ddías,66.125.701,68.007.417 | 70.033.037 | 72.111.447 | 80.715.375 | 0 | 0,Mediocampista
Ruibal,Betis,-112.846 | -228.499 | -349.382 | -864.361 | -1.941.698 | -3.392.470,"-3,03% | -5,96% | -8,83% | -19,33% | -34,99% | -48,46%",,26ddías,3.607.530,3.720.376 | 3.836.029 | 3.956.912 | 4.471.891 | 5.549.228 | 7.000.000,Delantero
Navarro,Athletic,-24.846 | -50.899 | -85.890 | -203.692 | -495.098 | -1.097.307,"-1,12% | -2,26% | -3,75% | -8,46% | -18,35% | -33,25%",,26ddías,2.202.693,2.227.539 | 2.253.592 | 2.288.583 | 2.406.385 | 2.697.791 | 3.300.000,Mediocampista
Chust,Elche,0 | 0 | 0 | 0 | 0 | +19.376,"0,00% | 0,00% | 0,00% | 0,00% | 0,00% | +0,39%",,23ddías,5.019.376,5.019.376 | 5.019.376 | 5.019.376 | 5.019.376 | 5.019.376 | 5.000.000,Defensa
Starfelt,Celta,+234.173 | +335.655 | +384.934 | +181.245 | -204.083 | +564.101,"+2,27% | +3,28% | +3,78% | +1,75% | -1,90% | +5,64%",,3ddías,10.564.101,10.329.928 | 10.228.446 | 10.179.167 | 10.382.856 | 10.768.184 | 10.000.000,Defensa
Dotor,Málaga,0 | 0 | 0 | 0 | +4.403 | +14.904,"0,00% | 0,00% | 0,00% | 0,00% | 0% | +0,37%",,10ddías,4.014.904,4.014.904 | 4.014.904 | 4.014.904 | 4.014.904 | 0 | 4.000.000,Mediocampista
Ayoze,Villarreal,-137.342 | -287.990 | -367.857 | -1.022.754 | -1.911.804 | -3.206.925,"-0,81% | -1,69% | -2,14% | -5,74% | -10,22% | -16,03%",,26ddías,16.793.075,16.930.417 | 17.081.065 | 17.160.932 | 17.815.829 | 18.704.879 | 20.000.000,Delantero
Carles Pérez,Celta,-51.971 | -106.932 | -171.489 | +178.943 | +178.943 | +178.943,"-2,80% | -5,60% | -8,69% | 0% | 0% | 0%",,3ddías,1.803.009,1.854.980 | 1.909.941 | 1.974.498 | 0 | 0 | 0,Delantero
Aspas,Celta,-143.547 | -294.593 | -424.223 | -930.515 | -2.152.096 | -1.892.764,"-1,60% | -3,24% | -4,60% | -9,56% | -19,64% | -17,69%",,20ddías,8.807.236,8.950.783 | 9.101.829 | 9.231.459 | 9.737.751 | 10.959.332 | 10.700.000,Delantero
Iván Villar,Celta,-26.677 | -55.352 | -81.735 | -222.960 | -548.093 | -1.199.699,"-2,01% | -4,08% | -5,91% | -14,64% | -29,65% | -47,99%",,26ddías,1.300.301,1.326.978 | 1.355.653 | 1.382.036 | 1.523.261 | 1.848.394 | 2.500.000,Portero
Swedberg,Celta,-129.350 | -230.699 | -334.643 | -949.362 | -2.289.276 | -3.357.624,"-1,40% | -2,46% | -3,53% | -9,41% | -20,03% | -26,86%",,23ddías,9.142.376,9.271.726 | 9.373.075 | 9.477.019 | 10.091.738 | 11.431.652 | 12.500.000,Mediocampista
Domínguez,Celta,-20.052 | -40.495 | -61.590 | -151.036 | -347.614 | -773.621,"-2,37% | -4,67% | -6,94% | -15,45% | -29,61% | -48,35%",,26ddías,826.379,846.431 | 866.874 | 887.969 | 977.415 | 1.173.993 | 1.600.000,Defensa
Sotelo,Levante,0 | +14.035 | 0 | -73.951 | -253.554 | -717.197,"0,00% | +1,03% | 0,00% | -5,08% | -15,50% | -34,15%",,1ddías,1.382.803,1.382.803 | 1.368.768 | 1.382.803 | 1.456.754 | 1.636.357 | 2.100.000,Mediocampista
Bartra,Betis,+310.626 | +507.043 | +782.829 | +2.014.783 | +4.338.699 | +4.594.923,"+1,28% | +2,10% | +3,29% | +8,92% | +21,42% | +22,97%",,20ddías,24.594.923,24.284.297 | 24.087.880 | 23.812.094 | 22.580.140 | 20.256.224 | 20.000.000,Defensa
Iglesias,Celta,+73.165 | +184.175 | +532.229 | +2.893.896 | +7.397.501 | +14.066.558,"+0,23% | +0,57% | +1,67% | +9,79% | +29,51% | 0%",,16ddías,32.463.107,32.389.942 | 32.278.932 | 31.930.878 | 29.569.211 | 25.065.606 | 0,Delantero
Riquelme,Betis,-33.279 | -79.825 | -134.644 | -353.365 | -906.911 | -1.958.862,"-0,93% | -2,20% | -3,66% | -9,07% | -20,39% | -35,62%",,26ddías,3.541.138,3.574.417 | 3.620.963 | 3.675.782 | 3.894.503 | 4.448.049 | 5.500.000,Mediocampista
A. Christensen,Barcelona,0 | 0 | 0 | 0 | 0 | +19.340,"0,00% | 0,00% | 0,00% | 0,00% | 0,00% | +0,39%",,23ddías,5.019.340,5.019.340 | 5.019.340 | 5.019.340 | 5.019.340 | 5.019.340 | 5.000.000,Defensa
Balde,Barcelona,-514.428 | -1.007.004 | -1.386.328 | +51.137 | +4.252.091 | +8.125.663,"-1,85% | -3,55% | -4,83% | +0,19% | +18,43% | +42,32%",,4ddías,27.325.663,27.840.091 | 28.332.667 | 28.711.991 | 27.274.526 | 23.073.572 | 19.200.000,Defensa
Araújo,Barcelona,-150.777 | -310.426 | -474.346 | -1.160.018 | -2.621.035 | -4.142.619,"-2,51% | -5,03% | -7,49% | -16,53% | -30,91% | -41,43%",,24ddías,5.857.381,6.008.158 | 6.167.807 | 6.331.727 | 7.017.399 | 8.478.416 | 10.000.000,Defensa
Gavi,Barcelona,+439.963 | +1.025.709 | +1.793.408 | +4.616.628 | +9.126.017 | +12.164.850,"+1,20% | +2,84% | +5,07% | +14,18% | +32,55% | +48,66%",,22ddías,37.164.850,36.724.887 | 36.139.141 | 35.371.442 | 32.548.222 | 28.038.833 | 25.000.000,Mediocampista
Ferran,Barcelona,+1.951.589 | +3.388.051 | +5.403.199 | +11.708.130 | +12.792.913 | +7.191.062,"+2,99% | +5,31% | +8,74% | +21,10% | +23,52% | +11,99%",,10ddías,67.191.062,65.239.473 | 63.803.011 | 61.787.863 | 55.482.932 | 54.398.149 | 60.000.000,Delantero
Pedri,Barcelona,-1.018.151 | -2.259.207 | -3.599.102 | -7.557.932 | -80.618.714 | -80.618.714,"-1,03% | -2,26% | -3,55% | -7,17% | 0% | 0%",,9ddías,97.918.878,98.937.029 | 100.178.085 | 101.517.980 | 105.476.810 | 0 | 0,Mediocampista
Raphinha,Barcelona,-760.757 | -1.871.727 | -3.405.103 | -9.519.679 | -22.972.459 | -28.166.454,"-1,04% | -2,51% | -4,48% | -11,59% | -24,03% | -27,94%",,18ddías,72.633.546,73.394.303 | 74.505.273 | 76.038.649 | 82.153.225 | 95.606.005 | 100.800.000,Delantero
F. de Jong,Barcelona,-2.962.147 | -2.962.147 | -2.962.147 | -2.962.147 | -2.962.147 | -2.790.007,"-6,63% | -6,63% | -6,63% | -6,63% | -6,63% | -6,27%",,1ddías,41.709.993,44.672.140 | 44.672.140 | 44.672.140 | 44.672.140 | 44.672.140 | 44.500.000,Mediocampista
Abde,Betis,-1.814.023 | -3.797.540 | -5.759.882 | -14.800.521 | -67.126.250 | -67.126.250,"-2,72% | -5,54% | -8,17% | -18,60% | 0% | 0%",,10ddías,64.755.867,66.569.890 | 68.553.407 | 70.515.749 | 79.556.388 | 0 | 0,Delantero
Koundé,Barcelona,-533.362 | -786.051 | -536.309 | +1.131.289 | +6.890.384 | +17.244.317,"-1,01% | -1,48% | -1,02% | +2,21% | +15,19% | +49,27%",,2ddías,52.244.317,52.777.679 | 53.030.368 | 52.780.626 | 51.113.028 | 45.353.933 | 35.000.000,Defensa
Yamal,Barcelona,-1.139.793 | -2.709.869 | -4.487.430 | -13.591.120 | +59.692.943 | +59.692.943,"-0,87% | -2,04% | -3,34% | -9,47% | 0% | 0%",,8ddías,129.989.126,131.128.919 | 132.698.995 | 134.476.556 | 143.580.246 | 0 | 0,Delantero
Casadó,Barcelona,-17.441 | -41.118 | -58.341 | -157.818 | -383.006 | -1.017.078,"-0,83% | -1,94% | -2,72% | -7,04% | -15,53% | -32,81%",,26ddías,2.082.922,2.100.363 | 2.124.040 | 2.141.263 | 2.240.740 | 2.465.928 | 3.100.000,Mediocampista
Cubarsí,Barcelona,-1.292.653 | -1.962.809 | -1.774.221 | +2.459.133 | +17.035.340 | +37.347.966,"-1,31% | -1,98% | -1,79% | +2,59% | +21,21% | +62,25%",,2ddías,97.347.966,98.640.619 | 99.310.775 | 99.122.187 | 94.888.833 | 80.312.626 | 60.000.000,Defensa
Fermín,Barcelona,-634.256 | -1.393.351 | -2.065.731 | -7.811.515 | -19.873.042 | -30.599.008,"-0,98% | -2,12% | -3,11% | -10,82% | -23,58% | -32,21%",,26ddías,64.400.992,65.035.248 | 65.794.343 | 66.466.723 | 72.212.507 | 84.274.034 | 95.000.000,Mediocampista
Bellerín,Betis,+164.083 | +297.020 | +320.646 | +241.506 | -348.951 | +424.107,"+1,60% | +2,93% | +3,17% | +2,37% | -3,24% | +4,24%",,3ddías,10.424.107,10.260.024 | 10.127.087 | 10.103.461 | 10.182.601 | 10.773.058 | 10.000.000,Defensa
Turrientes,Real Sociedad,-99.440 | -203.365 | -327.119 | -845.435 | -1.902.474 | -2.386.962,"-1,29% | -2,60% | -4,12% | -10,00% | -19,99% | -23,87%",,23ddías,7.613.038,7.712.478 | 7.816.403 | 7.940.157 | 8.458.473 | 9.515.512 | 10.000.000,Mediocampista
Pathé Ciss,Rayo,-57.171 | -105.915 | -153.101 | -369.546 | -936.972 | +548.967,"-0,54% | -0,99% | -1,43% | -3,38% | -8,16% | +5,49%",,15ddías,10.548.967,10.606.138 | 10.654.882 | 10.702.068 | 10.918.513 | 11.485.939 | 10.000.000,Mediocampista
Marrero,Real Sociedad,-33.863 | -72.700 | -107.827 | -281.741 | -675.500 | -1.455.851,"-2,15% | -4,50% | -6,53% | -15,43% | -30,43% | -48,53%",,26ddías,1.544.149,1.578.012 | 1.616.849 | 1.651.976 | 1.825.890 | 2.219.649 | 3.000.000,Portero
Letácek,Getafe,-21.875 | -44.961 | -68.421 | -175.534 | -422.336 | -944.119,"-2,24% | -4,49% | -6,68% | -15,51% | -30,64% | -49,69%",,26ddías,955.881,977.756 | 1.000.842 | 1.024.302 | 1.131.415 | 1.378.217 | 1.900.000,Portero
Natan,Betis,+669.425 | +1.425.632 | +2.338.756 | +5.032.402 | +9.155.728 | +14.144.765,"+1,74% | +3,78% | +6,35% | +14,75% | +30,53% | +56,58%",,24ddías,39.144.765,38.475.340 | 37.719.133 | 36.806.009 | 34.112.363 | 29.989.037 | 25.000.000,Defensa
Fraga,Real Sociedad,0 | 0 | 0 | 0 | 0 | +2.234,"0,00% | 0,00% | 0,00% | 0,00% | 0,00% | +0,37%",,23ddías,602.234,602.234 | 602.234 | 602.234 | 602.234 | 602.234 | 600.000,Portero
Martín,Barcelona,0 | 0 | 0 | 0 | 0 | +117.596,"0,00% | 0,00% | 0,00% | 0,00% | 0,00% | +0,39%",,23ddías,30.517.596,30.517.596 | 30.517.596 | 30.517.596 | 30.517.596 | 30.517.596 | 30.400.000,Defensa
Toni Martinez,Alavés,-324.338 | -754.292 | -1.066.506 | -2.724.501 | -6.149.891 | +23.633.647,"-1,16% | -2,65% | -3,71% | -8,95% | -18,16% | 0%",,15ddías,27.717.640,28.041.978 | 28.471.932 | 28.784.146 | 30.442.141 | 33.867.531 | 0,Delantero
Musso,Atlético,-127.560 | -254.121 | -366.306 | -947.411 | -2.112.692 | -3.959.217,"-2,07% | -4,04% | -5,72% | -13,56% | -25,91% | -39,59%",,26ddías,6.040.783,6.168.343 | 6.294.904 | 6.407.089 | 6.988.194 | 8.153.475 | 10.000.000,Portero
Olmo,Barcelona,-1.402.206 | -2.836.731 | -4.222.726 | -9.895.035 | -27.409.836 | -27.409.836,"-1,79% | -3,55% | -5,19% | -11,38% | 0% | 0%",,10ddías,77.069.894,78.472.100 | 79.906.625 | 81.292.620 | 86.964.929 | 0 | 0,Mediocampista
Mario Martín,Getafe,0 | 0 | 0 | 0 | 0 | +15.472,"0,00% | 0,00% | 0,00% | 0,00% | 0,00% | +0,39%",,23ddías,4.015.472,4.015.472 | 4.015.472 | 4.015.472 | 4.015.472 | 4.015.472 | 4.000.000,Mediocampista
Benito,Osasuna,-14.790 | -29.749 | -45.134 | -109.257 | -250.767 | -599.929,"-2,07% | -4,08% | -6,06% | -13,50% | -26,37% | -46,15%",,26ddías,700.071,714.861 | 729.820 | 745.205 | 809.328 | 950.838 | 1.300.000,Delantero
Leo Román,Deportivo,+741.710 | +1.043.669 | +234.417 | +23.047.228 | +23.047.228 | +23.047.228,"+3,07% | +4,37% | +0,95% | 0% | 0% | 0%",,2ddías,24.915.650,24.173.940 | 23.871.981 | 24.681.233 | 0 | 0 | 0,Portero
Ferrer,Getafe,0 | 0 | 0 | 0 | 0 | +2.705,"0,00% | 0,00% | 0,00% | 0,00% | 0,00% | +0,39%",,23ddías,702.705,702.705 | 702.705 | 702.705 | 702.705 | 702.705 | 700.000,Portero
Boiro,Athletic,-10.893 | -21.794 | -32.951 | -78.325 | -159.324 | -393.442,"-1,76% | -3,47% | -5,15% | -11,44% | -20,80% | -39,34%",,10ddías,606.558,617.451 | 628.352 | 639.509 | 684.883 | 765.882 | 1.000.000,Defensa
Jauregizar,Athletic,+441.485 | +757.084 | +1.170.175 | +2.771.372 | +5.933.958 | +9.013.566,"+1,87% | +3,26% | +5,12% | +13,05% | +32,82% | +60,09%",,25ddías,24.013.566,23.572.081 | 23.256.482 | 22.843.391 | 21.242.194 | 18.079.608 | 15.000.000,Mediocampista
Padilla,Athletic,0 | 0 | 0 | 0 | 0 | +5.588,"0,00% | 0,00% | 0,00% | 0,00% | 0,00% | +0,37%",,23ddías,1.505.588,1.505.588 | 1.505.588 | 1.505.588 | 1.505.588 | 1.505.588 | 1.500.000,Portero
Alvarez,Atlético,-679.132 | -1.318.942 | -1.672.795 | -2.699.325 | +25.833.751 | +25.833.751,"-0,91% | -1,75% | -2,21% | -3,52% | 0% | 0%",,7ddías,73.922.145,74.601.277 | 75.241.087 | 75.594.940 | 76.621.470 | 0 | 0,Delantero
Álvaro,Deportivo,-83.004 | -167.031 | -228.964 | -687.657 | -1.746.246 | -3.594.899,"-1,39% | -2,75% | -3,73% | -10,43% | -22,82% | -37,84%",,26ddías,5.905.101,5.988.105 | 6.072.132 | 6.134.065 | 6.592.758 | 7.651.347 | 9.500.000,Portero
Javi Rodríguez,Celta,0 | 0 | 0 | 0 | 0 | +37.652,"0,00% | 0,00% | 0,00% | 0,00% | 0,00% | +0,38%",,23ddías,10.037.652,10.037.652 | 10.037.652 | 10.037.652 | 10.037.652 | 10.037.652 | 10.000.000,Defensa
Andrés Martín,Racing,-333.561 | -692.990 | -941.252 | -2.080.690 | -4.617.592 | +20.824.454,"-1,46% | -2,98% | -4,00% | -8,44% | -16,98% | 0%",,17ddías,22.575.762,22.909.323 | 23.268.752 | 23.517.014 | 24.656.452 | 27.193.354 | 0,Delantero
Endrick,Real Madrid,-86.394 | -237.302 | -510.650 | +7.260.133 | +7.260.133 | +7.260.133,"-1,09% | -2,94% | -6,13% | 0% | 0% | 0%",,3ddías,7.826.122,7.912.516 | 8.063.424 | 8.336.772 | 0 | 0 | 0,Delantero
Carreira,Celta,-62.291 | -134.364 | -237.911 | -674.459 | -1.487.324 | -977.868,"-0,88% | -1,88% | -3,28% | -8,76% | -17,48% | -12,22%",,20ddías,7.022.132,7.084.423 | 7.156.496 | 7.260.043 | 7.696.591 | 8.509.456 | 8.000.000,Defensa
Sergio Gómez,Real Sociedad,-166.796 | -298.363 | -459.006 | -1.475.610 | -3.499.542 | -5.691.733,"-0,86% | -1,52% | -2,32% | -7,10% | -15,34% | -22,77%",,26ddías,19.308.267,19.475.063 | 19.606.630 | 19.767.273 | 20.783.877 | 22.807.809 | 25.000.000,Defensa
Peque,Sevilla,-61.966 | -121.493 | -185.427 | -447.209 | -998.927 | -2.157.655,"-2,58% | -4,93% | -7,34% | -16,03% | -29,90% | -47,95%",,26ddías,2.342.345,2.404.311 | 2.463.838 | 2.527.772 | 2.789.554 | 3.341.272 | 4.500.000,Delantero
Ejuke,Sevilla,-50.289 | -101.589 | -156.618 | -374.916 | -880.942 | -1.735.885,"-1,52% | -3,02% | -4,58% | -10,30% | -21,25% | -34,72%",,26ddías,3.264.115,3.314.404 | 3.365.704 | 3.420.733 | 3.639.031 | 4.145.057 | 5.000.000,Delantero
Kambwala,Villarreal,-38.530 | -78.110 | -117.925 | -292.157 | -670.446 | -1.447.193,"-2,42% | -4,79% | -7,06% | -15,84% | -30,16% | -48,24%",,26ddías,1.552.807,1.591.337 | 1.630.917 | 1.670.732 | 1.844.964 | 2.223.253 | 3.000.000,Defensa
Danjuma,Valencia,-18.062 | -59.325 | -98.411 | -337.362 | -824.790 | -1.609.568,"-0,41% | -1,33% | -2,19% | -7,14% | -15,82% | -26,83%",,26ddías,4.390.432,4.408.494 | 4.449.757 | 4.488.843 | 4.727.794 | 5.215.222 | 6.000.000,Delantero
L. Sucic,Real Sociedad,-56.639 | -113.436 | -168.713 | -431.803 | -984.926 | -1.658.171,"-1,38% | -2,73% | -4,01% | -9,65% | -19,59% | -29,09%",,23ddías,4.041.829,4.098.468 | 4.155.265 | 4.210.542 | 4.473.632 | 5.026.755 | 5.700.000,Mediocampista
Pépé,Villarreal,-935.655 | -1.988.967 | -2.998.694 | -7.888.902 | -36.338.978 | -36.338.978,"-1,65% | -3,45% | -5,12% | -12,42% | 0% | 0%",,11ddías,55.625.959,56.561.614 | 57.614.926 | 58.624.653 | 63.514.861 | 0 | 0,Delantero
Pape Gueye,Villarreal,+61.331 | -69.893 | -142.869 | -1.793.004 | -5.741.938 | -10.675.499,"+0,16% | -0,18% | -0,36% | -4,36% | -12,74% | -21,35%",,1ddías,39.324.501,39.263.170 | 39.394.394 | 39.467.370 | 41.117.505 | 45.066.439 | 50.000.000,Mediocampista
Losada,Betis,0 | 0 | 0 | 0 | 0 | +9.378,"0,00% | 0,00% | 0,00% | 0,00% | 0,00% | +0,38%",,23ddías,2.509.378,2.509.378 | 2.509.378 | 2.509.378 | 2.509.378 | 2.509.378 | 2.500.000,Delantero
D. Llorente,Betis,+231.751 | +386.990 | +553.712 | +1.329.918 | +1.330.170 | +2.420.894,"+2,32% | +3,94% | +5,73% | +14,96% | +14,96% | +31,04%",,10ddías,10.220.894,9.989.143 | 9.833.904 | 9.667.182 | 8.890.976 | 8.890.724 | 7.800.000,Defensa
Bretones,Osasuna,+71.351 | +132.021 | +207.962 | +312.220 | +181.158 | -131.957,"+3,40% | +6,48% | +10,61% | +16,82% | +9,12% | -5,74%",,8ddías,2.168.043,2.096.692 | 2.036.022 | 1.960.081 | 1.855.823 | 1.986.885 | 2.300.000,Defensa
Pedro Díaz,Rayo,-34.505 | -77.647 | -110.785 | -279.184 | -719.254 | -1.816.259,"-1,56% | -3,43% | -4,83% | -11,34% | -24,78% | -45,41%",,27ddías,2.183.741,2.218.246 | 2.261.388 | 2.294.526 | 2.462.925 | 2.902.995 | 4.000.000,Mediocampista
Durán,Celta,-44.539 | -81.809 | -130.135 | -324.450 | -729.235 | -1.448.350,"-2,79% | -5,01% | -7,74% | -17,29% | -31,97% | -48,28%",,26ddías,1.551.650,1.596.189 | 1.633.459 | 1.681.785 | 1.876.100 | 2.280.885 | 3.000.000,Delantero
Hugo Álvarez,Celta,-84.684 | -171.617 | -254.436 | -626.833 | -1.399.141 | -2.730.308,"-2,20% | -4,35% | -6,32% | -14,26% | -27,07% | -42,00%",,26ddías,3.769.692,3.854.376 | 3.941.309 | 4.024.128 | 4.396.525 | 5.168.833 | 6.500.000,Mediocampista
Mbappé,Real Madrid,-422.233 | -1.078.723 | -1.789.430 | -7.208.697 | -24.431.677 | -24.431.677,"-0,32% | -0,82% | -1,35% | -5,21% | 0% | 0%",,8ddías,131.053.762,131.475.995 | 132.132.485 | 132.843.192 | 138.262.459 | 0 | 0,Delantero
Sannadi,Athletic,-5.854 | -11.504 | -17.192 | -38.315 | -78.777 | -214.410,"-1,19% | -2,31% | -3,42% | -7,31% | -13,96% | -30,63%",,26ddías,485.590,491.444 | 497.094 | 502.782 | 523.905 | 564.367 | 700.000,Delantero
Asencio,Real Madrid,-228.833 | -417.650 | -590.151 | -1.287.845 | -2.671.918 | -5.052.893,"-3,15% | -5,59% | -7,73% | -15,45% | -27,49% | -41,76%",,26ddías,7.047.107,7.275.940 | 7.464.757 | 7.637.258 | 8.334.952 | 9.719.025 | 12.100.000,Defensa
Roberto,Espanyol,-50.396 | -91.932 | -145.438 | -377.377 | -844.104 | -1.384.266,"-0,89% | -1,61% | -2,52% | -6,30% | -13,07% | -19,78%",,21ddías,5.615.734,5.666.130 | 5.707.666 | 5.761.172 | 5.993.111 | 6.459.838 | 7.000.000,Delantero
Garcés,Alavés,-20.169 | -40.731 | -61.952 | -151.956 | -350.288 | -670.838,"-2,37% | -4,68% | -6,95% | -15,49% | -29,70% | -44,72%",,26ddías,829.162,849.331 | 869.893 | 891.114 | 981.118 | 1.179.450 | 1.500.000,Defensa
Toni Fernández,Barcelona,0 | 0 | 0 | 0 | 0 | +2.319,"0,00% | 0,00% | 0,00% | 0,00% | 0,00% | +0,39%",,23ddías,602.319,602.319 | 602.319 | 602.319 | 602.319 | 602.319 | 600.000,Delantero
Guille,Barcelona,0 | 0 | 0 | 0 | 0 | +2.705,"0,00% | 0,00% | 0,00% | 0,00% | 0,00% | +0,39%",,23ddías,702.705,702.705 | 702.705 | 702.705 | 702.705 | 702.705 | 700.000,Mediocampista
Pablo Ramón,Espanyol,-9.112 | -18.158 | -27.383 | -37.752 | -37.752 | -36.178,"-1,59% | -3,12% | -4,63% | 0% | 0% | -6,03%",,3ddías,563.822,572.934 | 581.980 | 591.205 | 0 | 0 | 600.000,Mediocampista
Antony,Betis,-1.690.002 | -2.972.716 | -4.277.175 | -9.083.234 | -15.250.497 | -6.828.281,"-2,42% | -4,18% | -5,90% | -11,76% | -18,28% | -9,10%",,13ddías,68.171.719,69.861.721 | 71.144.435 | 72.448.894 | 77.254.953 | 83.422.216 | 75.000.000,Delantero
Spina,Atlético,0 | 0 | 0 | 0 | 0 | +2.702,"0,00% | 0,00% | 0,00% | 0,00% | 0,00% | +0,39%",,23ddías,702.702,702.702 | 702.702 | 702.702 | 702.702 | 702.702 | 700.000,Defensa
El-Abdellaoui,Celta,0 | 0 | 0 | 0 | 0 | +4.893,"0,00% | 0,00% | 0,00% | 0,00% | 0,00% | +0,38%",,23ddías,1.304.893,1.304.893 | 1.304.893 | 1.304.893 | 1.304.893 | 1.304.893 | 1.300.000,Delantero
Lago,Celta,0 | 0 | 0 | 0 | 0 | +2.633,"0,00% | 0,00% | 0,00% | 0,00% | 0,00% | +0,38%",,23ddías,702.633,702.633 | 702.633 | 702.633 | 702.633 | 702.633 | 700.000,Defensa
Mestre,Real Madrid,0 | 0 | 0 | 0 | 0 | -22.140,"0,00% | 0,00% | 0,00% | 0,00% | 0,00% | -3,16%",,23ddías,677.860,677.860 | 677.860 | 677.860 | 677.860 | 677.860 | 700.000,Portero
Jiménez,Real Madrid,0 | 0 | 0 | 0 | 0 | +2.248,"0,00% | 0,00% | 0,00% | 0,00% | 0,00% | +0,37%",,23ddías,602.248,602.248 | 602.248 | 602.248 | 602.248 | 602.248 | 600.000,Defensa
Valera,Elche,-277.344 | -549.254 | -831.999 | -1.882.520 | -3.256.780 | -37.994.100,"-1,09% | -2,14% | -3,20% | -6,97% | -11,47% | 0%",,17ddías,25.135.277,25.412.621 | 25.684.531 | 25.967.276 | 27.017.797 | 28.392.057 | 0,Mediocampista
Buchanan,Villarreal,+93.751 | +193.493 | +298.583 | +1.198.591 | +3.030.173 | +4.626.366,"+0,48% | +1,00% | +1,54% | +6,50% | +18,26% | +30,84%",,22ddías,19.626.366,19.532.615 | 19.432.873 | 19.327.783 | 18.427.775 | 16.596.193 | 15.000.000,Mediocampista
Serrano,Atlético,-5.304 | -10.383 | -15.475 | -33.956 | -75.259 | -227.586,"-1,11% | -2,15% | -3,17% | -6,71% | -13,74% | -32,51%",,26ddías,472.414,477.718 | 482.797 | 487.889 | 506.370 | 547.673 | 700.000,Mediocampista
Szczesny,Barcelona,0 | 0 | 0 | 0 | 0 | +8.400,"0,00% | 0,00% | 0,00% | 0,00% | 0,00% | +0,26%",,23ddías,3.208.400,3.208.400 | 3.208.400 | 3.208.400 | 3.208.400 | 3.208.400 | 3.200.000,Portero
Jon Martín,Real Sociedad,0 | 0 | 0 | 0 | 0 | +111.790,"0,00% | 0,00% | 0,00% | 0,00% | 0,00% | +0,37%",,23ddías,30.111.790,30.111.790 | 30.111.790 | 30.111.790 | 30.111.790 | 30.111.790 | 30.000.000,Defensa
Manu González,Betis,0 | 0 | 0 | 0 | 0 | -18.309,"0,00% | 0,00% | 0,00% | 0,00% | 0,00% | -3,05%",,23ddías,581.691,581.691 | 581.691 | 581.691 | 581.691 | 581.691 | 600.000,Portero
Aramburu,Real Sociedad,+412.880 | +765.932 | +1.128.836 | +2.389.779 | +4.136.024 | +6.278.293,"+3,21% | +6,12% | +9,29% | +21,95% | +45,24% | +89,69%",,25ddías,13.278.293,12.865.413 | 12.512.361 | 12.149.457 | 10.888.514 | 9.142.269 | 7.000.000,Defensa
Luiz Junior,Villarreal,+1.083.927 | +1.913.948 | +2.994.947 | +6.034.410 | +9.968.093 | +15.597.883,"+3,14% | +5,68% | +9,19% | +20,41% | +38,89% | +77,99%",,25ddías,35.597.883,34.513.956 | 33.683.935 | 32.602.936 | 29.563.473 | 25.629.790 | 20.000.000,Portero
Logan Costa,Villarreal,-34.372 | -70.725 | -111.870 | -285.444 | -655.700 | -1.346.301,"-2,04% | -4,10% | -6,34% | -14,72% | -28,39% | -44,88%",,26ddías,1.653.699,1.688.071 | 1.724.424 | 1.765.569 | 1.939.143 | 2.309.399 | 3.000.000,Defensa
Iturbe,Elche,0 | 0 | 0 | 0 | 0 | +2.099,"0,00% | 0,00% | 0,00% | 0,00% | 0,00% | +0,26%",,23ddías,802.099,802.099 | 802.099 | 802.099 | 802.099 | 802.099 | 800.000,Portero
Lo Celso,Betis,+747.458 | +1.532.926 | +2.449.840 | +5.731.621 | +11.253.276 | +16.899.833,"+2,07% | +4,33% | +7,11% | +18,39% | +43,88% | +84,50%",,25ddías,36.899.833,36.152.375 | 35.366.907 | 34.449.993 | 31.168.212 | 25.646.557 | 20.000.000,Mediocampista
Otorbi,Valencia,0 | 0 | 0 | 0 | 0 | +2.292,"0,00% | 0,00% | 0,00% | 0,00% | 0,00% | +0,38%",,23ddías,602.292,602.292 | 602.292 | 602.292 | 602.292 | 602.292 | 600.000,Delantero
Alfon,Sevilla,0 | 0 | 0 | 0 | 0 | +26.761,"0,00% | 0,00% | 0,00% | 0,00% | 0,00% | +0,38%",,23ddías,7.026.761,7.026.761 | 7.026.761 | 7.026.761 | 7.026.761 | 7.026.761 | 7.000.000,Delantero
Etta Eyong,Levante,+678.217 | +981.171 | +1.686.860 | +3.134.260 | +4.895.646 | +8.972.880,"+3,92% | +5,77% | +10,36% | +21,12% | +37,44% | +99,70%",,25ddías,17.972.880,17.294.663 | 16.991.709 | 16.286.020 | 14.838.620 | 13.077.234 | 9.000.000,Delantero
Risco,Getafe,0 | 0 | 0 | 0 | 0 | +2.705,"0,00% | 0,00% | 0,00% | 0,00% | 0,00% | +0,39%",,23ddías,702.705,702.705 | 702.705 | 702.705 | 702.705 | 702.705 | 700.000,Mediocampista
De la Sías,Rayo,0 | 0 | 0 | 0 | 0 | +2.234,"0,00% | 0,00% | 0,00% | 0,00% | 0,00% | +0,37%",,23ddías,602.234,602.234 | 602.234 | 602.234 | 602.234 | 602.234 | 600.000,Defensa
Óskarsson,Real Sociedad,-137.218 | -288.954 | -442.184 | -1.321.851 | -2.908.172 | -5.288.381,"-1,39% | -2,89% | -4,35% | -11,98% | -23,04% | -35,26%",,26ddías,9.711.619,9.848.837 | 10.000.573 | 10.153.803 | 11.033.470 | 12.619.791 | 15.000.000,Delantero
Alberto,Sevilla,0 | 0 | 0 | 0 | 0 | +2.633,"0,00% | 0,00% | 0,00% | 0,00% | 0,00% | +0,38%",,23ddías,702.633,702.633 | 702.633 | 702.633 | 702.633 | 702.633 | 700.000,Portero
Pau Navarro,Villarreal,-151.371 | -352.791 | -525.063 | -1.325.443 | -2.941.757 | -5.542.854,"-1,43% | -3,26% | -4,78% | -11,25% | -21,96% | -34,64%",,26ddías,10.457.146,10.608.517 | 10.809.937 | 10.982.209 | 11.782.589 | 13.398.903 | 16.000.000,Defensa
Cabanes,Villarreal,0 | 0 | 0 | 0 | 0 | +2.292,"0,00% | 0,00% | 0,00% | 0,00% | 0,00% | +0,38%",,23ddías,602.292,602.292 | 602.292 | 602.292 | 602.292 | 602.292 | 600.000,Delantero
Carlos Martín,Atlético,0 | 0 | 0 | 0 | 0 | -81.510,"0,00% | 0,00% | 0,00% | 0,00% | 0,00% | -3,54%",,23ddías,2.218.490,2.218.490 | 2.218.490 | 2.218.490 | 2.218.490 | 2.218.490 | 2.300.000,Mediocampista
Bernal,Barcelona,-239.123 | -239.123 | -239.123 | -239.123 | -239.123 | -225.199,"-6,62% | -6,62% | -6,62% | -6,62% | -6,62% | -6,26%",,1ddías,3.374.801,3.613.924 | 3.613.924 | 3.613.924 | 3.613.924 | 3.613.924 | 3.600.000,Mediocampista
Romero,Villarreal,-11.352 | -523.532 | -1.635.604 | -2.849.926 | -2.849.926 | -2.718.706,"-0,04% | -1,60% | -4,82% | -8,11% | -8,11% | -7,77%",,4ddías,32.281.294,32.292.646 | 32.804.826 | 33.916.898 | 35.131.220 | 35.131.220 | 35.000.000,Defensa
Hugo González,Celta,0 | 0 | 0 | 0 | 0 | +5.646,"0,00% | 0,00% | 0,00% | 0,00% | 0,00% | +0,38%",,23ddías,1.505.646,1.505.646 | 1.505.646 | 1.505.646 | 1.505.646 | 1.505.646 | 1.500.000,Mediocampista
Diego López,Valencia,-99.388 | -203.435 | -307.372 | -756.960 | -1.700.969 | -2.699.988,"-2,92% | -5,81% | -8,52% | -18,66% | -34,01% | -45,00%",,26ddías,3.300.012,3.399.400 | 3.503.447 | 3.607.384 | 4.056.972 | 5.000.981 | 6.000.000,Delantero
Rosier,Osasuna,-267.178 | -543.035 | -818.599 | -1.665.872 | -2.446.213 | -2.303.154,"-2,98% | -5,88% | -8,60% | -16,08% | -21,95% | -20,94%",,21ddías,8.696.846,8.964.024 | 9.239.881 | 9.515.445 | 10.362.718 | 11.143.059 | 11.000.000,Defensa
Pepelu,Valencia,-98.404 | -235.341 | -360.331 | -831.362 | -1.717.651 | -1.668.232,"-1,17% | -2,75% | -4,15% | -9,07% | -17,09% | -16,68%",,21ddías,8.331.768,8.430.172 | 8.567.109 | 8.692.099 | 9.163.130 | 10.049.419 | 10.000.000,Mediocampista
Foulquier,Valencia,-63.865 | -142.193 | -259.776 | -387.782 | -387.782 | -373.638,"-1,88% | -4,10% | -7,24% | -10,44% | -10,44% | -10,10%",,4ddías,3.326.362,3.390.227 | 3.468.555 | 3.586.138 | 3.714.144 | 3.714.144 | 3.700.000,Defensa
Jesús Vázquez,Valencia,-51.734 | -108.246 | -162.437 | -399.434 | -930.590 | -2.035.165,"-2,33% | -4,76% | -6,98% | -15,58% | -30,06% | -48,46%",,26ddías,2.164.835,2.216.569 | 2.273.081 | 2.327.272 | 2.564.269 | 3.095.425 | 4.200.000,Defensa
Fran Pérez,Rayo,-26.292 | -53.439 | -81.515 | -192.878 | -431.630 | -942.368,"-2,43% | -4,81% | -7,16% | -15,42% | -28,98% | -47,12%",,26ddías,1.057.632,1.083.924 | 1.111.071 | 1.139.147 | 1.250.510 | 1.489.262 | 2.000.000,Mediocampista
Tárrega,Valencia,-57.754 | -107.384 | -247.827 | -662.034 | -1.722.159 | -3.188.780,"-0,62% | -1,14% | -2,59% | -6,64% | -15,61% | -25,51%",,26ddías,9.311.220,9.368.974 | 9.418.604 | 9.559.047 | 9.973.254 | 11.033.379 | 12.500.000,Defensa
Rivero,Valencia,-11.016 | -22.046 | -33.336 | -79.302 | -149.811 | -390.492,"-1,78% | -3,49% | -5,19% | -11,51% | -19,73% | -39,05%",,9ddías,609.508,620.524 | 631.554 | 642.844 | 688.810 | 759.319 | 1.000.000,Portero
Iranzo,Valencia,0 | 0 | 0 | 0 | 0 | +2.292,"0,00% | 0,00% | 0,00% | 0,00% | 0,00% | +0,38%",,23ddías,602.292,602.292 | 602.292 | 602.292 | 602.292 | 602.292 | 600.000,Defensa
Comesaña,Villarreal,-460.636 | -1.058.006 | -1.711.614 | -3.810.712 | -6.201.250 | -9.229.610,"-1,67% | -3,76% | -5,95% | -12,34% | -18,64% | -25,43%",,26ddías,27.070.390,27.531.026 | 28.128.396 | 28.782.004 | 30.881.102 | 33.271.640 | 36.300.000,Mediocampista
Gerard,Villarreal,-386.360 | -696.641 | -1.074.611 | -2.533.820 | -5.860.977 | -9.475.036,"-1,25% | -2,23% | -3,40% | -7,66% | -16,11% | -23,69%",,26ddías,30.524.964,30.911.324 | 31.221.605 | 31.599.575 | 33.058.784 | 36.385.941 | 40.000.000,Delantero
Foyth,Villarreal,-836.632 | -836.632 | -836.632 | -836.632 | -836.632 | -788.843,"-6,67% | -6,67% | -6,67% | -6,67% | -6,67% | -6,31%",,1ddías,11.711.157,12.547.789 | 12.547.789 | 12.547.789 | 12.547.789 | 12.547.789 | 12.500.000,Defensa
Sörloth,Atlético,-350.619 | -690.805 | -1.227.390 | -2.798.950 | -6.347.507 | -11.562.473,"-1,22% | -2,37% | -4,14% | -8,96% | -18,25% | -28,91%",,26ddías,28.437.527,28.788.146 | 29.128.332 | 29.664.917 | 31.236.477 | 34.785.034 | 40.000.000,Delantero
Baena,Atlético,-945.431 | -1.033.949 | -509.122 | +4.585.423 | +15.325.024 | +25.363.658,"-1,33% | -1,45% | -0,72% | +6,97% | +27,84% | +56,36%",,2ddías,70.363.658,71.309.089 | 71.397.607 | 70.872.780 | 65.778.235 | 55.038.634 | 45.000.000,Mediocampista
Gayà,Valencia,-160.851 | -350.546 | -471.772 | -1.387.197 | -2.853.079 | -5.320.480,"-1,25% | -2,69% | -3,59% | -9,86% | -18,37% | -29,56%",,26ddías,12.679.520,12.840.371 | 13.030.066 | 13.151.292 | 14.066.717 | 15.532.599 | 18.000.000,Defensa
Almeida,Valencia,-88.457 | -176.979 | -272.981 | -656.452 | -1.463.832 | -2.965.561,"-2,51% | -4,90% | -7,36% | -16,05% | -29,88% | -46,34%",,26ddías,3.434.439,3.522.896 | 3.611.418 | 3.707.420 | 4.090.891 | 4.898.271 | 6.400.000,Mediocampista
Terrats,Getafe,0 | 0 | 0 | 0 | 0 | +10.495,"0,00% | 0,00% | 0,00% | 0,00% | 0,00% | +0,37%",,23ddías,2.810.495,2.810.495 | 2.810.495 | 2.810.495 | 2.810.495 | 2.810.495 | 2.800.000,Mediocampista
Mariano,Alavés,-36.232 | -74.437 | -112.002 | -279.324 | -628.665 | -1.393.204,"-2,70% | -5,39% | -7,89% | -17,61% | -32,48% | -51,60%",,26ddías,1.306.796,1.343.028 | 1.381.233 | 1.418.798 | 1.586.120 | 1.935.461 | 2.700.000,Delantero
Urko,Espanyol,-42.509 | -104.576 | -169.346 | -452.137 | -914.699 | -1.898.256,"-0,83% | -2,01% | -3,21% | -8,14% | -15,20% | -27,12%",,23ddías,5.101.744,5.144.253 | 5.206.320 | 5.271.090 | 5.553.881 | 6.016.443 | 7.000.000,Mediocampista
Dmitrovic,Espanyol,+974.416 | +1.928.214 | +2.860.717 | +5.563.591 | +9.016.215 | +13.283.508,"+3,57% | +7,32% | +11,25% | +24,49% | +46,80% | +88,56%",,25ddías,28.283.508,27.309.092 | 26.355.294 | 25.422.791 | 22.719.917 | 19.267.293 | 15.000.000,Portero
Gattoni,Sevilla,-5.691 | -11.173 | -16.686 | -37.031 | -82.425 | -218.290,"-1,17% | -2,27% | -3,35% | -7,14% | -14,61% | -31,18%",,26ddías,481.710,487.401 | 492.883 | 498.396 | 518.741 | 564.135 | 700.000,Defensa
Pedrosa,Sevilla,0 | 0 | 0 | 0 | 0 | +12.788,"0,00% | 0,00% | 0,00% | 0,00% | 0,00% | +0,39%",,23ddías,3.312.788,3.312.788 | 3.312.788 | 3.312.788 | 3.312.788 | 3.312.788 | 3.300.000,Defensa
Jordan,Sevilla,-13.403 | -26.917 | -40.797 | -98.245 | -225.099 | -533.224,"-1,97% | -3,88% | -5,77% | -12,84% | -25,24% | -44,44%",,26ddías,666.776,680.179 | 693.693 | 707.573 | 765.021 | 891.875 | 1.200.000,Mediocampista
Rafa Mir,Sevilla,0 | 0 | 0 | 0 | 0 | +27.127,"0,00% | 0,00% | 0,00% | 0,00% | 0,00% | +0,39%",,23ddías,7.027.127,7.027.127 | 7.027.127 | 7.027.127 | 7.027.127 | 7.027.127 | 7.000.000,Delantero
Sow,Sevilla,-6.831 | -90.652 | -124.748 | -401.789 | -1.248.378 | -1.510.090,"-0,08% | -1,06% | -1,45% | -4,52% | -12,82% | -15,10%",,21ddías,8.489.910,8.496.741 | 8.580.562 | 8.614.658 | 8.891.699 | 9.738.288 | 10.000.000,Mediocampista
Duro,Valencia,-64.935 | -188.712 | -227.007 | -761.946 | -1.763.028 | -2.459.622,"-0,68% | -1,94% | -2,32% | -7,40% | -15,60% | -20,50%",,21ddías,9.540.378,9.605.313 | 9.729.090 | 9.767.385 | 10.302.324 | 11.303.406 | 12.000.000,Delantero
Marcão,Sevilla,-20.817 | -42.270 | -64.419 | -158.423 | -343.202 | -750.119,"-2,39% | -4,74% | -7,05% | -15,71% | -28,77% | -46,88%",,26ddías,849.881,870.698 | 892.151 | 914.300 | 1.008.304 | 1.193.083 | 1.600.000,Defensa
Juanlu,Sevilla,-43.514 | -90.104 | -131.772 | -300.694 | -821.900 | -1.959.003,"-1,41% | -2,88% | -4,15% | -9,00% | -21,28% | -39,18%",,27ddías,3.040.997,3.084.511 | 3.131.101 | 3.172.769 | 3.341.691 | 3.862.897 | 5.000.000,Mediocampista
Manu Bueno,Sevilla,0 | 0 | 0 | 0 | 0 | +2.099,"0,00% | 0,00% | 0,00% | 0,00% | 0,00% | +0,26%",,23ddías,802.099,802.099 | 802.099 | 802.099 | 802.099 | 802.099 | 800.000,Mediocampista
Diakhaby,Valencia,-171.322 | -335.731 | -480.702 | -1.285.263 | -1.285.263 | -1.250.855,"-2,16% | -4,15% | -5,84% | -14,23% | -14,23% | -13,90%",,6ddías,7.749.145,7.920.467 | 8.084.876 | 8.229.847 | 9.034.408 | 9.034.408 | 9.000.000,Defensa
Canós,Valencia,-11.582 | -23.200 | -35.103 | -776.353 | -776.353 | -776.353,"-1,82% | -3,59% | -5,33% | 0% | 0% | 0%",,3ddías,623.063,634.645 | 646.263 | 658.166 | 0 | 0 | 0,Delantero
Javi Guerra,Valencia,-202.634 | -505.836 | -832.448 | -1.539.654 | -3.164.699 | +22.377.577,"-0,79% | -1,96% | -3,18% | -5,74% | -11,12% | 0%",,16ddías,25.304.928,25.507.562 | 25.810.764 | 26.137.376 | 26.844.582 | 28.469.627 | 0,Mediocampista
Femenia,Getafe,-39.552 | -101.920 | -148.271 | -405.491 | -1.095.201 | -2.231.339,"-1,04% | -2,63% | -3,79% | -9,71% | -22,52% | -37,19%",,26ddías,3.768.661,3.808.213 | 3.870.581 | 3.916.932 | 4.174.152 | 4.863.862 | 6.000.000,Defensa
Íñigo Pérez,Villarreal,-19.564 | -38.270 | -35.762 | -97.569 | -347.931 | -341.369,"-0,90% | -1,74% | -1,63% | -4,32% | 0% | -13,65%",,2ddías,2.158.631,2.178.195 | 2.196.901 | 2.194.393 | 2.256.200 | 0 | 2.500.000,
Denis Suárez,Alavés,-74.135 | -150.274 | -235.073 | -593.734 | -1.357.985 | -2.780.493,"-2,25% | -4,46% | -6,80% | -15,57% | -29,67% | -46,34%",,26ddías,3.219.507,3.293.642 | 3.369.781 | 3.454.580 | 3.813.241 | 4.577.492 | 6.000.000,Mediocampista
El Hilali,Espanyol,+157.845 | +254.912 | +401.591 | +767.437 | +1.099.633 | +1.539.346,"+2,29% | +3,76% | +6,05% | +12,24% | +18,51% | +27,99%",,10ddías,7.039.346,6.881.501 | 6.784.434 | 6.637.755 | 6.271.909 | 5.939.713 | 5.500.000,Defensa
Mouriño,Villarreal,+627.321 | +1.137.369 | +1.733.619 | +3.865.302 | +7.401.292 | +11.402.640,"+1,86% | +3,42% | +5,31% | +12,66% | +27,41% | +49,58%",,24ddías,34.402.640,33.775.319 | 33.265.271 | 32.669.021 | 30.537.338 | 27.001.348 | 23.000.000,Defensa
Serrano,Athletic,-39.829 | -80.679 | -117.931 | -287.851 | -644.297 | -1.479.003,"-2,93% | -5,76% | -8,20% | -17,89% | -32,78% | -52,82%",,27ddías,1.320.997,1.360.826 | 1.401.676 | 1.438.928 | 1.608.848 | 1.965.294 | 2.800.000,Delantero
Raba,Valencia,-57.484 | -116.925 | -178.276 | -420.285 | -946.077 | -2.246.004,"-2,49% | -4,93% | -7,33% | -15,72% | -29,56% | -49,91%",,26ddías,2.253.996,2.311.480 | 2.370.921 | 2.432.272 | 2.674.281 | 3.200.073 | 4.500.000,Delantero
Conde,Betis,+86.068 | -21 | -82.597 | -368.152 | -744.081 | -1.458.411,"+2,91% | 0,00% | -2,64% | -10,80% | -19,66% | -32,41%",,1ddías,3.041.589,2.955.521 | 3.041.610 | 3.124.186 | 3.409.741 | 3.785.670 | 4.500.000,Portero
Raul Moro,Osasuna,+114.978 | +136.412 | +154.519 | -84.123 | -1.056.870 | -1.461.236,"+1,10% | +1,31% | +1,49% | -0,79% | -9,11% | -12,18%",,3ddías,10.538.764,10.423.786 | 10.402.352 | 10.384.245 | 10.622.887 | 11.595.634 | 12.000.000,Delantero
Boyomo,Osasuna,+545.853 | +933.489 | +1.537.401 | +3.063.633 | +5.425.373 | +6.711.710,"+2,58% | +4,49% | +7,62% | +16,43% | +33,31% | +44,74%",,22ddías,21.711.710,21.165.857 | 20.778.221 | 20.174.309 | 18.648.077 | 16.286.337 | 15.000.000,Defensa
Fortuño,Espanyol,-14.349 | -28.850 | -43.757 | -77.565 | -205.099 | -510.492,"-2,04% | -4,02% | -5,97% | -10,11% | -22,93% | -42,54%",,6ddías,689.508,703.857 | 718.358 | 733.265 | 767.073 | 894.607 | 1.200.000,Portero
Rubén Sánchez,Espanyol,-8.689 | -17.295 | -26.060 | -60.829 | -137.893 | -346.341,"-1,55% | -3,03% | -4,50% | -9,90% | -19,94% | -38,48%",,26ddías,553.659,562.348 | 570.954 | 579.719 | 614.488 | 691.552 | 900.000,Mediocampista
Edu Expósito,Espanyol,-383.508 | -723.547 | -960.810 | -2.471.296 | -5.725.851 | -13.024.713,"-1,34% | -2,51% | -3,30% | -8,07% | -16,91% | 0%",,15ddías,28.141.680,28.525.188 | 28.865.227 | 29.102.490 | 30.612.976 | 33.867.531 | 0,Mediocampista
Fornals,Betis,-1.670.615 | -3.469.501 | -5.336.357 | -13.501.532 | -72.131.305 | -72.131.305,"-2,29% | -4,65% | -6,98% | -15,95% | 0% | 0%",,9ddías,71.157.995,72.828.610 | 74.627.496 | 76.494.352 | 84.659.527 | 0 | 0,Mediocampista
Jofre,Espanyol,-28.984 | -63.739 | -102.794 | -265.734 | -616.831 | -1.335.277,"-1,94% | -4,17% | -6,56% | -15,36% | -29,63% | -47,69%",,26ddías,1.464.723,1.493.707 | 1.528.462 | 1.567.517 | 1.730.457 | 2.081.554 | 2.800.000,Delantero
Pere Milla,Espanyol,-94.083 | -149.985 | -172.270 | -32.679 | +568.181 | +2.633.972,"-0,88% | -1,39% | -1,59% | -0,31% | +5,64% | +32,92%",,4ddías,10.633.972,10.728.055 | 10.783.957 | 10.806.242 | 10.666.651 | 10.065.791 | 8.000.000,Delantero
Lozano,Espanyol,-55.671 | -115.650 | -169.946 | -428.186 | -995.097 | -2.127.624,"-1,90% | -3,87% | -5,59% | -12,97% | -25,73% | -42,55%",,26ddías,2.872.376,2.928.047 | 2.988.026 | 3.042.322 | 3.300.562 | 3.867.473 | 5.000.000,Mediocampista
Puado,Espanyol,-314.404 | -623.562 | -948.577 | -2.309.910 | -5.035.308 | -5.018.410,"-3,05% | -5,88% | -8,68% | -18,79% | -33,53% | -33,46%",,17ddías,9.981.590,10.295.994 | 10.605.152 | 10.930.167 | 12.291.500 | 15.016.898 | 15.000.000,Mediocampista
Cabrera,Espanyol,-153.957 | -303.641 | -444.334 | -980.359 | -2.022.501 | +5.586.035,"-0,91% | -1,77% | -2,57% | -5,50% | -10,72% | 0%",,19ddías,16.844.798,16.998.755 | 17.148.439 | 17.289.132 | 17.825.157 | 18.867.299 | 0,Defensa
Calero,Málaga,0 | 0 | 0 | 0 | 0 | +13.120,"0,00% | 0,00% | 0,00% | 0,00% | 0,00% | +0,37%",,23ddías,3.513.120,3.513.120 | 3.513.120 | 3.513.120 | 3.513.120 | 3.513.120 | 3.500.000,Defensa
Joan Garcia,Barcelona,0 | 0 | 0 | 0 | 0 | +193.416,"0,00% | 0,00% | 0,00% | 0,00% | 0,00% | +0,39%",,23ddías,50.193.416,50.193.416 | 50.193.416 | 50.193.416 | 50.193.416 | 50.193.416 | 50.000.000,Portero
Akhomach,Villarreal,-170.005 | -360.528 | -614.803 | -889.840 | -889.840 | -859.719,"-2,33% | -4,81% | -7,93% | -11,08% | -11,08% | -10,75%",,4ddías,7.140.281,7.310.286 | 7.500.809 | 7.755.084 | 8.030.121 | 8.030.121 | 8.000.000,Delantero
Fort,Barcelona,-351.919 | -351.919 | -351.919 | -351.919 | -351.919 | -332.543,"-7,01% | -7,01% | -7,01% | -7,01% | -7,01% | -6,65%",,1ddías,4.667.457,5.019.376 | 5.019.376 | 5.019.376 | 5.019.376 | 5.019.376 | 5.000.000,Defensa
Juanmi,Getafe,-17.559 | -35.404 | -53.795 | -131.246 | -280.967 | -733.448,"-2,24% | -4,41% | -6,56% | -14,62% | -26,82% | -48,90%",,26ddías,766.552,784.111 | 801.956 | 820.347 | 897.798 | 1.047.519 | 1.500.000,Delantero
Altimira,Deportivo,-71.905 | -164.686 | -282.554 | -587.358 | -1.193.204 | -1.331.940,"-1,25% | -2,82% | -4,75% | -9,39% | -17,39% | -19,03%",,20ddías,5.668.060,5.739.965 | 5.832.746 | 5.950.614 | 6.255.418 | 6.861.264 | 7.000.000,Defensa
Manu Sánchez,Levante,0 | +55.403 | 0 | -484.326 | -484.326 | -461.815,"0,00% | +1,01% | 0,00% | -8,04% | -8,04% | -7,70%",,1ddías,5.538.185,5.538.185 | 5.482.782 | 5.538.185 | 6.022.511 | 6.022.511 | 6.000.000,Defensa
Raúl García,Osasuna,-57.178 | -116.997 | -182.595 | -451.597 | -1.021.729 | -2.201.098,"-2,24% | -4,47% | -6,81% | -15,31% | -29,02% | -46,83%",,26ddías,2.498.902,2.556.080 | 2.615.899 | 2.681.497 | 2.950.499 | 3.520.631 | 4.700.000,Delantero
Kike Salas,Sevilla,-131.159 | -270.109 | -436.102 | -1.060.141 | -2.258.279 | -3.845.706,"-1,07% | -2,17% | -3,46% | -8,02% | -15,67% | -24,04%",,24ddías,12.154.294,12.285.453 | 12.424.403 | 12.590.396 | 13.214.435 | 14.412.573 | 16.000.000,Defensa
F. Carreras,Real Madrid,-402.498 | -863.218 | -1.324.991 | -3.179.521 | -6.635.819 | -12.311.338,"-2,26% | -4,73% | -7,08% | -15,46% | -27,62% | -41,45%",,26ddías,17.388.662,17.791.160 | 18.251.880 | 18.713.653 | 20.568.183 | 24.024.481 | 29.700.000,Defensa
Giuliano,Atlético,-435.525 | -440.646 | -139.016 | +2.775.918 | +9.927.602 | +19.686.761,"-0,79% | -0,80% | -0,25% | +5,35% | +22,18% | +56,25%",,2ddías,54.686.761,55.122.286 | 55.127.407 | 54.825.777 | 51.910.843 | 44.759.159 | 35.000.000,Delantero
Batalla,Rayo,+823.901 | +1.517.301 | +2.257.734 | +5.308.043 | +9.768.737 | +16.075.090,"+2,34% | +4,39% | +6,68% | +17,25% | +37,13% | +80,38%",,25ddías,36.075.090,35.251.189 | 34.557.789 | 33.817.356 | 30.767.047 | 26.306.353 | 20.000.000,Portero
Romero,Sevilla,-69.403 | -131.709 | -190.670 | -524.286 | -1.358.157 | -1.756.834,"-1,10% | -2,07% | -2,96% | -7,75% | -17,87% | -21,96%",,22ddías,6.243.166,6.312.569 | 6.374.875 | 6.433.836 | 6.767.452 | 7.601.323 | 8.000.000,Delantero
Cardoso,Atlético,-251.977 | -509.984 | -751.687 | -1.816.310 | -4.028.591 | -6.612.688,"-2,92% | -5,73% | -8,23% | -17,80% | -32,45% | -44,08%",,23ddías,8.387.312,8.639.289 | 8.897.296 | 9.138.999 | 10.203.622 | 12.415.903 | 15.000.000,Mediocampista
Moriba,Celta,+162.144 | +293.017 | +453.612 | +531.320 | -1.177.572 | -2.849.730,"+1,80% | +3,31% | +5,22% | +6,16% | -11,40% | -23,75%",,5ddías,9.150.270,8.988.126 | 8.857.253 | 8.696.658 | 8.618.950 | 10.327.842 | 12.000.000,Mediocampista
Agoume,Sevilla,-19.919 | -74.638 | -114.812 | -343.206 | -837.182 | -618.181,"-0,34% | -1,25% | -1,91% | -5,51% | -12,46% | -9,51%",,21ddías,5.881.819,5.901.738 | 5.956.457 | 5.996.631 | 6.225.025 | 6.719.001 | 6.500.000,Mediocampista
Guedes,Real Sociedad,-1.083.469 | -2.302.643 | -3.481.903 | -8.966.743 | -9.180.314 | -9.180.314,"-2,13% | -4,42% | -6,53% | -15,26% | 0% | 0%",,11ddías,49.800.941,50.884.410 | 52.103.584 | 53.282.844 | 58.767.684 | 0 | 0,Delantero
Carlos Espí,Real Madrid,0 | 0 | 0 | 0 | 0 | 0,0% | 0% | 0% | 0% | 0% | 0%,,32ddías,3.531.129,0 | 0 | 0 | 0 | 0 | 0,Delantero
Javi López,Real Sociedad,0 | 0 | 0 | 0 | 0 | 0,0% | 0% | 0% | 0% | 0% | 0%,,32ddías,1.656.670,0 | 0 | 0 | 0 | 0 | 0,Defensa
Lemar,Atlético,0 | 0 | 0 | 0 | 0 | 0,0% | 0% | 0% | 0% | 0% | 0%,,32ddías,1.680.630,0 | 0 | 0 | 0 | 0 | 0,Mediocampista
Satriano,Getafe,0 | 0 | 0 | 0 | 0 | 0,0% | 0% | 0% | 0% | 0% | 0%,,32ddías,4.336.426,0 | 0 | 0 | 0 | 0 | 0,Delantero
Ter Stegen,Barcelona,0 | 0 | 0 | 0 | 0 | 0,0% | 0% | 0% | 0% | 0% | 0%,,32ddías,1.683.226,0 | 0 | 0 | 0 | 0 | 0,Portero
M. Alonso,Celta,0 | 0 | 0 | 0 | 0 | 0,0% | 0% | 0% | 0% | 0% | 0%,,32ddías,71.704.119,0 | 0 | 0 | 0 | 0 | 0,Defensa
Guido,Valencia,0 | 0 | 0 | 0 | 0 | 0,0% | 0% | 0% | 0% | 0% | 0%,,32ddías,1.925.541,0 | 0 | 0 | 0 | 0 | 0,Mediocampista
Vargas,Sevilla,0 | 0 | 0 | 0 | 0 | 0,0% | 0% | 0% | 0% | 0% | 0%,,32ddías,4.930.955,0 | 0 | 0 | 0 | 0 | 0,Delantero
Rincón,Athletic,0 | 0 | 0 | 0 | 0 | 0,0% | 0% | 0% | 0% | 0% | 0%,,32ddías,1.658.593,0 | 0 | 0 | 0 | 0 | 0,Defensa
Forés,Villarreal,0 | 0 | 0 | 0 | 0 | 0,0% | 0% | 0% | 0% | 0% | 0%,,32ddías,1.653.899,0 | 0 | 0 | 0 | 0 | 0,Delantero
Thiago,Villarreal,0 | 0 | 0 | 0 | 0 | 0,0% | 0% | 0% | 0% | 0% | 0%,,32ddías,1.660.575,0 | 0 | 0 | 0 | 0 | 0,Mediocampista
Bambo,Elche,0 | 0 | 0 | 0 | 0 | 0,0% | 0% | 0% | 0% | 0% | 0%,,151ddías,652.470,0 | 0 | 0 | 0 | 0 | 0,Defensa
Neyou,Getafe,0 | 0 | 0 | 0 | 0 | 0,0% | 0% | 0% | 0% | 0% | 0%,,181ddías,604.547,0 | 0 | 0 | 0 | 0 | 0,Mediocampista
Maras,Alavés,0 | 0 | 0 | 0 | 0 | 0,0% | 0% | 0% | 0% | 0% | 0%,,184ddías,590.024,0 | 0 | 0 | 0 | 0 | 0,Defensa
Goti,Real Sociedad,0 | 0 | 0 | 0 | 0 | 0,0% | 0% | 0% | 0% | 0% | 0%,,187ddías,590.263,0 | 0 | 0 | 0 | 0 | 0,Mediocampista
Diarra,Alavés,0 | 0 | 0 | 0 | 0 | 0,0% | 0% | 0% | 0% | 0% | 0%,,187ddías,591.470,0 | 0 | 0 | 0 | 0 | 0,Defensa
Ali Houary,Elche,0 | 0 | 0 | 0 | 0 | 0,0% | 0% | 0% | 0% | 0% | 0%,,191ddías,592.065,0 | 0 | 0 | 0 | 0 | 0,Delantero
Javier Hernández,Espanyol,0 | 0 | 0 | 0 | 0 | 0,0% | 0% | 0% | 0% | 0% | 0%,,205ddías,575.023,0 | 0 | 0 | 0 | 0 | 0,Delantero
Bauzà,Espanyol,0 | 0 | 0 | 0 | 0 | 0,0% | 0% | 0% | 0% | 0% | 0%,,333ddías,318.649,0 | 0 | 0 | 0 | 0 | 0,Mediocampista
Uche,Getafe,0 | 0 | 0 | 0 | 0 | 0,0% | 0% | 0% | 0% | 0% | 0%,,334ddías,12.405.015,0 | 0 | 0 | 0 | 0 | 0,Mediocampista
Pablo López,Valencia,0 | 0 | 0 | 0 | 0 | 0,0% | 0% | 0% | 0% | 0% | 0%,,334ddías,441.041,0 | 0 | 0 | 0 | 0 | 0,Delantero
Alberto Marí,Valencia,0 | 0 | 0 | 0 | 0 | 0,0% | 0% | 0% | 0% | 0% | 0%,,335ddías,787.986,0 | 0 | 0 | 0 | 0 | 0,Delantero
Novoa,Alavés,0 | 0 | 0 | 0 | 0 | 0,0% | 0% | 0% | 0% | 0% | 0%,,335ddías,661.162,0 | 0 | 0 | 0 | 0 | 0,Defensa
Pelayo,Rayo,0 | 0 | 0 | 0 | 0 | 0,0% | 0% | 0% | 0% | 0% | 0%,,335ddías,1.722.279,0 | 0 | 0 | 0 | 0 | 0,Defensa
Hinojo,Espanyol,0 | 0 | 0 | 0 | 0 | 0,0% | 0% | 0% | 0% | 0% | 0%,,339ddías,317.496,0 | 0 | 0 | 0 | 0 | 0,Defensa
Djaló,Athletic,0 | 0 | 0 | 0 | 0 | 0,0% | 0% | 0% | 0% | 0% | 0%,,370ddías,8.434.683,0 | 0 | 0 | 0 | 0 | 0,Delantero
Owono,Alavés,0 | 0 | 0 | 0 | 0 | 0,0% | 0% | 0% | 0% | 0% | 0%,,370ddías,828.372,0 | 0 | 0 | 0 | 0 | 0,Portero
Berrocal,Getafe,0 | 0 | 0 | 0 | 0 | 0,0% | 0% | 0% | 0% | 0% | 0%,,370ddías,1.058.833,0 | 0 | 0 | 0 | 0 | 0,Defensa
De Tomás,Rayo,0 | 0 | 0 | 0 | 0 | 0,0% | 0% | 0% | 0% | 0% | 0%,,374ddías,3.229.388,0 | 0 | 0 | 0 | 0 | 0,Delantero
Serred,Espanyol,0 | 0 | 0 | 0 | 0 | 0,0% | 0% | 0% | 0% | 0% | 0%,,394ddías,1.731.552,0 | 0 | 0 | 0 | 0 | 0,Portero
Córdoba,Valencia,0 | 0 | 0 | 0 | 0 | 0,0% | 0% | 0% | 0% | 0% | 0%,,394ddías,1.548.667,0 | 0 | 0 | 0 | 0 | 0,Defensa
Collado,Sevilla,0 | 0 | 0 | 0 | 0 | 0,0% | 0% | 0% | 0% | 0% | 0%,,394ddías,1.718.988,0 | 0 | 0 | 0 | 0 | 0,Mediocampista
Eneko Ortiz,Villarreal,0 | 0 | 0 | 0 | 0 | 0,0% | 0% | 0% | 0% | 0% | 0%,,394ddías,1.718.986,0 | 0 | 0 | 0 | 0 | 0,Defensa
Solà,Atlético,0 | 0 | 0 | 0 | 0 | 0,0% | 0% | 0% | 0% | 0% | 0%,,394ddías,1.640.523,0 | 0 | 0 | 0 | 0 | 0,Defensa
Gorka,Getafe,0 | 0 | 0 | 0 | 0 | 0,0% | 0% | 0% | 0% | 0% | 0%,,394ddías,1.718.986,0 | 0 | 0 | 0 | 0 | 0,Defensa
Carrillo,Celta,0 | 0 | 0 | 0 | 0 | 0,0% | 0% | 0% | 0% | 0% | 0%,,394ddías,1.567.556,0 | 0 | 0 | 0 | 0 | 0,Portero
Adrián,Alavés,0 | 0 | 0 | 0 | 0 | 0,0% | 0% | 0% | 0% | 0% | 0%,,394ddías,1.640.215,0 | 0 | 0 | 0 | 0 | 0,Portero
Canales,Athletic,0 | 0 | 0 | 0 | 0 | 0,0% | 0% | 0% | 0% | 0% | 0%,,394ddías,1.623.251,0 | 0 | 0 | 0 | 0 | 0,Delantero
Eto'o,Rayo,0 | 0 | 0 | 0 | 0 | 0,0% | 0% | 0% | 0% | 0% | 0%,,394ddías,1.718.988,0 | 0 | 0 | 0 | 0 | 0,Delantero
Raúl Jiménez,Valencia,0 | 0 | 0 | 0 | 0 | 0,0% | 0% | 0% | 0% | 0% | 0%,,394ddías,1.561.503,0 | 0 | 0 | 0 | 0 | 0,Portero
Olabarrieta,Athletic,0 | 0 | 0 | 0 | 0 | 0,0% | 0% | 0% | 0% | 0% | 0%,,394ddías,1.717.797,0 | 0 | 0 | 0 | 0 | 0,Delantero
Abril,Valencia,0 | 0 | 0 | 0 | 0 | 0,0% | 0% | 0% | 0% | 0% | 0%,,394ddías,1.728.051,0 | 0 | 0 | 0 | 0 | 0,Portero
Busto,Betis,0 | 0 | 0 | 0 | 0 | 0,0% | 0% | 0% | 0% | 0% | 0%,,394ddías,1.621.161,0 | 0 | 0 | 0 | 0 | 0,Defensa
De Llanos,Real Madrid,0 | 0 | 0 | 0 | 0 | 0,0% | 0% | 0% | 0% | 0% | 0%,,394ddías,1.622.168,0 | 0 | 0 | 0 | 0 | 0,Mediocampista
Rupérez,Real Sociedad,0 | 0 | 0 | 0 | 0 | 0,0% | 0% | 0% | 0% | 0% | 0%,,394ddías,1.626.247,0 | 0 | 0 | 0 | 0 | 0,Defensa
Balda,Real Sociedad,0 | 0 | 0 | 0 | 0 | 0,0% | 0% | 0% | 0% | 0% | 0%,,394ddías,1.718.912,0 | 0 | 0 | 0 | 0 | 0,Defensa
Santana,Valencia,0 | 0 | 0 | 0 | 0 | 0,0% | 0% | 0% | 0% | 0% | 0%,,394ddías,1.723.821,0 | 0 | 0 | 0 | 0 | 0,Delantero
Medenica,Getafe,0 | 0 | 0 | 0 | 0 | 0,0% | 0% | 0% | 0% | 0% | 0%,,394ddías,1.560.264,0 | 0 | 0 | 0 | 0 | 0,Portero
Rivas,Real Madrid,0 | 0 | 0 | 0 | 0 | 0,0% | 0% | 0% | 0% | 0% | 0%,,394ddías,1.718.751,0 | 0 | 0 | 0 | 0 | 0,Defensa
Requena,Levante,0 | 0 | 0 | 0 | 0 | 0,0% | 0% | 0% | 0% | 0% | 0%,,394ddías,1.621.683,0 | 0 | 0 | 0 | 0 | 0,Mediocampista
Cortés,Barcelona,0 | 0 | 0 | 0 | 0 | 0,0% | 0% | 0% | 0% | 0% | 0%,,394ddías,1.718.327,0 | 0 | 0 | 0 | 0 | 0,Defensa
Carlos,Atlético,0 | 0 | 0 | 0 | 0 | 0,0% | 0% | 0% | 0% | 0% | 0%,,394ddías,1.718.547,0 | 0 | 0 | 0 | 0 | 0,Defensa
Yaakobishvili,Barcelona,0 | 0 | 0 | 0 | 0 | 0,0% | 0% | 0% | 0% | 0% | 0%,,394ddías,1.639.280,0 | 0 | 0 | 0 | 0 | 0,Portero
Isra,Sevilla,0 | 0 | 0 | 0 | 0 | 0,0% | 0% | 0% | 0% | 0% | 0%,,394ddías,1.718.237,0 | 0 | 0 | 0 | 0 | 0,Delantero
Juan Cruz,Málaga,0 | 0 | 0 | 0 | 0 | 0,0% | 0% | 0% | 0% | 0% | 0%,,432ddías,19.968.443,0 | 0 | 0 | 0 | 0 | 0,Mediocampista
Morro,Rayo,0 | 0 | 0 | 0 | 0 | 0,0% | 0% | 0% | 0% | 0% | 0%,,698ddías,723.425,0 | 0 | 0 | 0 | 0 | 0,Portero
Mandi,Levante,0 | 0 | 0 | 0 | 0 | 0,0% | 0% | 0% | 0% | 0% | 0%,,715ddías,1.879.755,0 | 0 | 0 | 0 | 0 | 0,Defensa
Miguel,Alavés,0 | 0 | 0 | 0 | 0 | 0,0% | 0% | 0% | 0% | 0% | 0%,,716ddías,679.761,0 | 0 | 0 | 0 | 0 | 0,Delantero
Joseda,Alavés,0 | 0 | 0 | 0 | 0 | 0,0% | 0% | 0% | 0% | 0% | 0%,,760ddías,300.000,0 | 0 | 0 | 0 | 0 | 0,Defensa
Mario,Valencia,0 | 0 | 0 | 0 | 0 | 0,0% | 0% | 0% | 0% | 0% | 0%,,761ddías,500.000,0 | 0 | 0 | 0 | 0 | 0,Delantero
Diallo,Alavés,0 | 0 | 0 | 0 | 0 | 0,0% | 0% | 0% | 0% | 0% | 0%,,761ddías,1.000.000,0 | 0 | 0 | 0 | 0 | 0,Mediocampista
Ian Forns,Betis,0 | 0 | 0 | 0 | 0 | 0,0% | 0% | 0% | 0% | 0% | 0%,,761ddías,500.000,0 | 0 | 0 | 0 | 0 | 0,Defensa
Mendes,Alavés,0 | 0 | 0 | 0 | 0 | 0,0% | 0% | 0% | 0% | 0% | 0%,,761ddías,500.000,0 | 0 | 0 | 0 | 0 | 0,Mediocampista
Mario,Valencia,0 | 0 | 0 | 0 | 0 | 0,0% | 0% | 0% | 0% | 0% | 0%,,1ddías,760.408,0 | 0 | 0 | 0 | 0 | 0,Mediocampista