Jugador,Equipo,DiferenciaDif.,% Dif,Acel.,Tend.,Valor,Valor ant.Ant.,Posición
Karrikaburu,Real Sociedad,-10.684 | -21.585 | -32.566 | -79.805 | -186.437 | -552.817,"-1,77% | -3,51% | -5,21% | -11,86% | -23,92% | -48,24%",,38ddías,593.094,603.778 | 614.679 | 625.660 | 672.899 | 779.531 | 1.145.911,Delantero
Carlos Soler,Real Sociedad,+221.107 | +359.360 | +330.701 | -180.449 | -1.980.200 | -6.893.530,"+0,72% | +1,17% | +1,08% | -0,58% | -5,99% | -18,15%",,2ddías,31.079.908,30.858.801 | 30.720.548 | 30.749.207 | 31.260.357 | 33.060.108 | 37.973.438,Mediocampista
Taufik,Atlético,0 | 0 | 0 | 0 | 0 | 0,"0,00% | 0,00% | 0,00% | 0,00% | 0,00% | 0,00%",,35ddías,602.316,602.316 | 602.316 | 602.316 | 602.316 | 602.316 | 602.316,Mediocampista
Bardghji,Barcelona,-106.939 | -217.253 | -318.976 | -710.959 | -1.613.224 | -1.613.224,"-3,23% | -6,35% | -9,05% | -18,15% | -33,48% | -33,48%",,14ddías,3.205.341,3.312.280 | 3.422.594 | 3.524.317 | 3.916.300 | 4.818.565 | 4.818.565,Delantero
Adam Boayar,Elche,0 | 0 | 0 | 0 | 0 | 0,"0,00% | 0,00% | 0,00% | 0,00% | 0,00% | 0,00%",,35ddías,702.711,702.711 | 702.711 | 702.711 | 702.711 | 702.711 | 702.711,Mediocampista
Santos,Athletic,0 | 0 | 0 | 0 | 0 | 0,"0,00% | 0,00% | 0,00% | 0,00% | 0,00% | 0,00%",,35ddías,702.606,702.606 | 702.606 | 702.606 | 702.606 | 702.606 | 702.606,Portero
Laporte,Athletic,-1.282.622 | -2.708.365 | -3.811.559 | -2.361.030 | +7.216.884 | +32.634.623,"-2,22% | -4,57% | -6,31% | -4,01% | +14,63% | +136,39%",,4ddías,56.562.062,57.844.684 | 59.270.427 | 60.373.621 | 58.923.092 | 49.345.178 | 23.927.439,Defensa
Alemão,Rayo,-43.163 | -91.983 | -147.676 | -410.963 | -948.457 | -2.498.634,"-1,14% | -2,40% | -3,80% | -9,91% | -20,25% | -40,08%",,38ddías,3.735.415,3.778.578 | 3.827.398 | 3.883.091 | 4.146.378 | 4.683.872 | 6.234.049,Delantero
Diangana,Elche,-36.522 | -67.374 | -92.045 | -193.904 | -399.029 | -1.127.945,"-2,79% | -5,03% | -6,75% | -13,22% | -23,87% | -46,99%",,38ddías,1.272.310,1.308.832 | 1.339.684 | 1.364.355 | 1.466.214 | 1.671.339 | 2.400.255,Delantero
Krug,Levante,0 | 0 | 0 | 0 | 0 | 0,"0,00% | 0,00% | 0,00% | 0,00% | 0,00% | 0,00%",,35ddías,602.249,602.249 | 602.249 | 602.249 | 602.249 | 602.249 | 602.249,Defensa
Mikautadze,Villarreal,+1.035.950 | +2.121.246 | +3.424.320 | +6.758.816 | +9.131.259 | +14.534.130,"+1,72% | +3,58% | +5,91% | +12,37% | +17,47% | +31,02%",,31ddías,61.391.745,60.355.795 | 59.270.499 | 57.967.425 | 54.632.929 | 52.260.486 | 46.857.615,Delantero
Navarro,Valencia,0 | 0 | 0 | 0 | 0 | 0,"0,00% | 0,00% | 0,00% | 0,00% | 0,00% | 0,00%",,35ddías,501.909,501.909 | 501.909 | 501.909 | 501.909 | 501.909 | 501.909,Defensa
Cardoso,Sevilla,-21.548 | -44.876 | -68.802 | -167.875 | -378.255 | -1.084.762,"-2,39% | -4,85% | -7,25% | -16,01% | -30,05% | -55,20%",,38ddías,880.467,902.015 | 925.343 | 949.269 | 1.048.342 | 1.258.722 | 1.965.229,Defensa
Oso,Sevilla,0 | 0 | 0 | 0 | 0 | 0,"0,00% | 0,00% | 0,00% | 0,00% | 0,00% | 0,00%",,35ddías,14.053.332,14.053.332 | 14.053.332 | 14.053.332 | 14.053.332 | 14.053.332 | 14.053.332,Defensa
Álex Costa,Sevilla,0 | 0 | 0 | 0 | 0 | 0,"0,00% | 0,00% | 0,00% | 0,00% | 0,00% | 0,00%",,35ddías,602.284,602.284 | 602.284 | 602.284 | 602.284 | 602.284 | 602.284,Delantero
Folgado,Real Sociedad,0 | 0 | 0 | 0 | 0 | 0,"0,00% | 0,00% | 0,00% | 0,00% | 0,00% | 0,00%",,35ddías,702.606,702.606 | 702.606 | 702.606 | 702.606 | 702.606 | 702.606,Portero
Sancris,Getafe,-13.542 | -27.420 | -41.502 | -102.493 | -238.992 | -719.179,"-2,01% | -3,98% | -5,90% | -13,41% | -26,53% | -52,08%",,38ddías,661.689,675.231 | 689.109 | 703.191 | 764.182 | 900.681 | 1.380.868,Delantero
Aller,Barcelona,0 | 0 | 0 | 0 | 0 | 0,"0,00% | 0,00% | 0,00% | 0,00% | 0,00% | 0,00%",,35ddías,702.705,702.705 | 702.705 | 702.705 | 702.705 | 702.705 | 702.705,Portero
Riedel,Espanyol,-77.789 | -158.984 | -240.664 | -587.083 | -779.411 | -779.411,"-1,61% | -3,24% | -4,83% | -11,02% | -14,12% | -14,12%",,8ddías,4.741.207,4.818.996 | 4.900.191 | 4.981.871 | 5.328.290 | 5.520.618 | 5.520.618,Defensa
Montero,Alavés,0 | 0 | 0 | 0 | 0 | 0,"0,00% | 0,00% | 0,00% | 0,00% | 0,00% | 0,00%",,35ddías,602.316,602.316 | 602.316 | 602.316 | 602.316 | 602.316 | 602.316,Portero
Oluwaseyi,Villarreal,-55.456 | -116.559 | -172.360 | -437.701 | -1.002.262 | -2.824.904,"-1,89% | -3,89% | -5,64% | -13,18% | -25,79% | -49,49%",,38ddías,2.883.499,2.938.955 | 3.000.058 | 3.055.859 | 3.321.200 | 3.885.761 | 5.708.403,Delantero
Vlachodimos,Sevilla,+436.668 | +979.842 | +1.464.199 | +3.066.953 | +2.220.636 | +2.220.636,"+2,59% | +6,01% | +9,26% | +21,58% | +14,75% | +14,75%",,8ddías,17.277.115,16.840.447 | 16.297.273 | 15.812.916 | 14.210.162 | 15.056.479 | 15.056.479,Portero
Arriaga,Levante,-50.700 | -99.054 | -152.603 | -393.122 | -924.802 | -2.611.736,"-1,86% | -3,58% | -5,40% | -12,83% | -25,72% | -49,44%",,38ddías,2.671.057,2.721.757 | 2.770.111 | 2.823.660 | 3.064.179 | 3.595.859 | 5.282.793,Mediocampista
Ryan,Levante,0 | 0 | 0 | 0 | 0 | 0,"0,00% | 0,00% | 0,00% | 0,00% | 0,00% | 0,00%",,35ddías,13.550.652,13.550.652 | 13.550.652 | 13.550.652 | 13.550.652 | 13.550.652 | 13.550.652,Portero
Suazo,Sevilla,-1.642 | -11.202 | -45.958 | -283.060 | -892.726 | -2.733.061,"-0,03% | -0,21% | -0,84% | -4,98% | -14,19% | -33,62%",,38ddías,5.396.451,5.398.093 | 5.407.653 | 5.442.409 | 5.679.511 | 6.289.177 | 8.129.512,Defensa
Blázquez,Valencia,0 | 0 | 0 | 0 | 0 | 0,"0,00% | 0,00% | 0,00% | 0,00% | 0,00% | 0,00%",,35ddías,581.656,581.656 | 581.656 | 581.656 | 581.656 | 581.656 | 581.656,Delantero
Sierra,Sevilla,0 | 0 | 0 | 0 | 0 | 0,"0,00% | 0,00% | 0,00% | 0,00% | 0,00% | 0,00%",,35ddías,602.284,602.284 | 602.284 | 602.284 | 602.284 | 602.284 | 602.284,Delantero
Altozano,Sevilla,0 | 0 | 0 | 0 | 0 | 0,"0,00% | 0,00% | 0,00% | 0,00% | 0,00% | 0,00%",,35ddías,602.284,602.284 | 602.284 | 602.284 | 602.284 | 602.284 | 602.284,Mediocampista
Nacho Pérez,Levante,0 | 0 | 0 | 0 | 0 | 0,"0,00% | 0,00% | 0,00% | 0,00% | 0,00% | 0,00%",,35ddías,581.692,581.692 | 581.692 | 581.692 | 581.692 | 581.692 | 581.692,Defensa
Corralejo,Betis,0 | 0 | 0 | 0 | 0 | 0,"0,00% | 0,00% | 0,00% | 0,00% | 0,00% | 0,00%",,35ddías,602.248,602.248 | 602.248 | 602.248 | 602.248 | 602.248 | 602.248,Mediocampista
Veiga,Villarreal,-692.827 | -1.520.316 | -2.206.582 | -3.315.479 | +533.255 | +12.808.982,"-1,67% | -3,60% | -5,14% | -7,53% | +1,33% | +45,94%",,6ddías,40.691.497,41.384.324 | 42.211.813 | 42.898.079 | 44.006.976 | 40.158.242 | 27.882.515,Defensa
Thiago,Real Madrid,0 | 0 | 0 | 0 | 0 | 0,"0,00% | 0,00% | 0,00% | 0,00% | 0,00% | 0,00%",,35ddías,7.026.082,7.026.082 | 7.026.082 | 7.026.082 | 7.026.082 | 7.026.082 | 7.026.082,Mediocampista
Martínez Bastida,Elche,0 | 0 | 0 | 0 | 0 | 0,"0,00% | 0,00% | 0,00% | 0,00% | 0,00% | 0,00%",,35ddías,602.324,602.324 | 602.324 | 602.324 | 602.324 | 602.324 | 602.324,Mediocampista
Ballestero,Alavés,0 | 0 | 0 | 0 | 0 | 0,"0,00% | 0,00% | 0,00% | 0,00% | 0,00% | 0,00%",,35ddías,602.316,602.316 | 602.316 | 602.316 | 602.316 | 602.316 | 602.316,Defensa
Josan,Elche,0 | 0 | 0 | 0 | 0 | 0,"0,00% | 0,00% | 0,00% | 0,00% | 0,00% | 0,00%",,35ddías,1.204.650,1.204.650 | 1.204.650 | 1.204.650 | 1.204.650 | 1.204.650 | 1.204.650,Mediocampista
Marchal,Real Sociedad,0 | 0 | 0 | 0 | 0 | 0,"0,00% | 0,00% | 0,00% | 0,00% | 0,00% | 0,00%",,35ddías,602.234,602.234 | 602.234 | 602.234 | 602.234 | 602.234 | 602.234,Mediocampista
Dani Martínez,Atlético,-3.147 | -6.197 | -9.000 | -19.973 | -46.982 | -112.782,"-0,76% | -1,48% | -2,14% | -4,62% | -10,23% | -21,48%",,18ddías,412.199,415.346 | 418.396 | 421.199 | 432.172 | 459.181 | 524.981,Defensa
Hierro,Athletic,0 | 0 | 0 | 0 | 0 | 0,"0,00% | 0,00% | 0,00% | 0,00% | 0,00% | 0,00%",,35ddías,602.257,602.257 | 602.257 | 602.257 | 602.257 | 602.257 | 602.257,Delantero
Aitor Mañas,Alavés,0 | 0 | 0 | 0 | 0 | 0,"0,00% | 0,00% | 0,00% | 0,00% | 0,00% | 0,00%",,35ddías,562.164,562.164 | 562.164 | 562.164 | 562.164 | 562.164 | 562.164,Delantero
Izei,Alavés,0 | 0 | 0 | 0 | 0 | 0,"0,00% | 0,00% | 0,00% | 0,00% | 0,00% | 0,00%",,35ddías,582.010,582.010 | 582.010 | 582.010 | 582.010 | 582.010 | 582.010,Mediocampista
Oláiz,Alavés,0 | 0 | 0 | 0 | 0 | 0,"0,00% | 0,00% | 0,00% | 0,00% | 0,00% | 0,00%",,35ddías,602.316,602.316 | 602.316 | 602.316 | 602.316 | 602.316 | 602.316,Defensa
Iker Muñoz,Sevilla,0 | 0 | 0 | 0 | 0 | 0,"0,00% | 0,00% | 0,00% | 0,00% | 0,00% | 0,00%",,35ddías,602.284,602.284 | 602.284 | 602.284 | 602.284 | 602.284 | 602.284,Defensa
Joan Martínez,Real Madrid,0 | 0 | 0 | 0 | 0 | 0,"0,00% | 0,00% | 0,00% | 0,00% | 0,00% | 0,00%",,35ddías,702.622,702.622 | 702.622 | 702.622 | 702.622 | 702.622 | 702.622,Defensa
Unai Santos,Osasuna,0 | 0 | 0 | 0 | 0 | 0,"0,00% | 0,00% | 0,00% | 0,00% | 0,00% | 0,00%",,35ddías,602.319,602.319 | 602.319 | 602.319 | 602.319 | 602.319 | 602.319,Defensa
Carlos Macià,Villarreal,0 | 0 | 0 | 0 | 0 | 0,"0,00% | 0,00% | 0,00% | 0,00% | 0,00% | 0,00%",,35ddías,803.057,803.057 | 803.057 | 803.057 | 803.057 | 803.057 | 803.057,Mediocampista
Carrera,Real Sociedad,0 | 0 | 0 | 0 | 0 | 0,"0,00% | 0,00% | 0,00% | 0,00% | 0,00% | 0,00%",,35ddías,702.633,702.633 | 702.633 | 702.633 | 702.633 | 702.633 | 702.633,Delantero
Rosón,Levante,0 | 0 | 0 | 0 | 0 | 0,"0,00% | 0,00% | 0,00% | 0,00% | 0,00% | 0,00%",,35ddías,602.249,602.249 | 602.249 | 602.249 | 602.249 | 602.249 | 602.249,Mediocampista
Nakoha,Levante,0 | 0 | 0 | 0 | 0 | 0,"0,00% | 0,00% | 0,00% | 0,00% | 0,00% | 0,00%",,35ddías,501.874,501.874 | 501.874 | 501.874 | 501.874 | 501.874 | 501.874,Defensa
Jurado,Valencia,0 | 0 | 0 | 0 | 0 | 0,"0,00% | 0,00% | 0,00% | 0,00% | 0,00% | 0,00%",,35ddías,602.292,602.292 | 602.292 | 602.292 | 602.292 | 602.292 | 602.292,Defensa
Panach,Valencia,0 | 0 | 0 | 0 | 0 | 0,"0,00% | 0,00% | 0,00% | 0,00% | 0,00% | 0,00%",,35ddías,501.909,501.909 | 501.909 | 501.909 | 501.909 | 501.909 | 501.909,Defensa
Yassin,Getafe,0 | 0 | 0 | 0 | 0 | 0,"0,00% | 0,00% | 0,00% | 0,00% | 0,00% | 0,00%",,35ddías,501.932,501.932 | 501.932 | 501.932 | 501.932 | 501.932 | 501.932,Defensa
Monreal,Athletic,0 | 0 | 0 | 0 | 0 | 0,"0,00% | 0,00% | 0,00% | 0,00% | 0,00% | 0,00%",,35ddías,602.257,602.257 | 602.257 | 602.257 | 602.257 | 602.257 | 602.257,Defensa
Beitia,Real Sociedad,0 | 0 | 0 | 0 | 0 | 0,"0,00% | 0,00% | 0,00% | 0,00% | 0,00% | 0,00%",,35ddías,501.861,501.861 | 501.861 | 501.861 | 501.861 | 501.861 | 501.861,Defensa
Adrián Pérez,Athletic,0 | 0 | 0 | 0 | 0 | 0,"0,00% | 0,00% | 0,00% | 0,00% | 0,00% | 0,00%",,35ddías,602.257,602.257 | 602.257 | 602.257 | 602.257 | 602.257 | 602.257,Delantero
Juan Hernández,Barcelona,0 | 0 | 0 | 0 | 0 | 0,"0,00% | 0,00% | 0,00% | 0,00% | 0,00% | 0,00%",,35ddías,581.760,581.760 | 581.760 | 581.760 | 581.760 | 581.760 | 581.760,Mediocampista
Espart,Barcelona,0 | 0 | 0 | 0 | 0 | 0,"0,00% | 0,00% | 0,00% | 0,00% | 0,00% | 0,00%",,35ddías,702.705,702.705 | 702.705 | 702.705 | 702.705 | 702.705 | 702.705,Defensa
Benito,Getafe,0 | 0 | 0 | 0 | 0 | 0,"0,00% | 0,00% | 0,00% | 0,00% | 0,00% | 0,00%",,35ddías,602.319,602.319 | 602.319 | 602.319 | 602.319 | 602.319 | 602.319,Portero
Aleksandrov,Getafe,0 | 0 | 0 | 0 | 0 | 0,"0,00% | 0,00% | 0,00% | 0,00% | 0,00% | 0,00%",,35ddías,602.319,602.319 | 602.319 | 602.319 | 602.319 | 602.319 | 602.319,Delantero
Javi Navarro,Real Madrid,0 | 0 | 0 | 0 | 0 | 0,"0,00% | 0,00% | 0,00% | 0,00% | 0,00% | 0,00%",,35ddías,702.622,702.622 | 702.622 | 702.622 | 702.622 | 702.622 | 702.622,Portero
Lebarbier,Real Sociedad,0 | 0 | 0 | 0 | 0 | 0,"0,00% | 0,00% | 0,00% | 0,00% | 0,00% | 0,00%",,35ddías,602.234,602.234 | 602.234 | 602.234 | 602.234 | 602.234 | 602.234,Defensa
Al Lal,Elche,0 | 0 | 0 | 0 | 0 | 0,"0,00% | 0,00% | 0,00% | 0,00% | 0,00% | 0,00%",,35ddías,501.936,501.936 | 501.936 | 501.936 | 501.936 | 501.936 | 501.936,Delantero
Barry,Villarreal,0 | 0 | 0 | 0 | 0 | 0,"0,00% | 0,00% | 0,00% | 0,00% | 0,00% | 0,00%",,35ddías,602.292,602.292 | 602.292 | 602.292 | 602.292 | 602.292 | 602.292,Mediocampista
Delgado,Elche,0 | 0 | 0 | 0 | 0 | 0,"0,00% | 0,00% | 0,00% | 0,00% | 0,00% | 0,00%",,35ddías,602.324,602.324 | 602.324 | 602.324 | 602.324 | 602.324 | 602.324,Defensa
Álvaro,Alavés,0 | 0 | 0 | 0 | 0 | 0,"0,00% | 0,00% | 0,00% | 0,00% | 0,00% | 0,00%",,35ddías,501.929,501.929 | 501.929 | 501.929 | 501.929 | 501.929 | 501.929,Defensa
Selton,Athletic,0 | 0 | 0 | 0 | 0 | 0,"0,00% | 0,00% | 0,00% | 0,00% | 0,00% | 0,00%",,35ddías,602.257,602.257 | 602.257 | 602.257 | 602.257 | 602.257 | 602.257,Mediocampista
Meixús,Celta,0 | 0 | 0 | 0 | 0 | 0,"0,00% | 0,00% | 0,00% | 0,00% | 0,00% | 0,00%",,35ddías,485.372,485.372 | 485.372 | 485.372 | 485.372 | 485.372 | 485.372,Defensa
Óscar Marcos,Celta,0 | 0 | 0 | 0 | 0 | 0,"0,00% | 0,00% | 0,00% | 0,00% | 0,00% | 0,00%",,35ddías,602.257,602.257 | 602.257 | 602.257 | 602.257 | 602.257 | 602.257,Delantero
Davinchi,Getafe,-205.167 | -205.167 | -205.167 | -205.167 | -205.167 | -205.167,"-6,81% | -6,81% | -6,81% | -6,81% | -6,81% | -6,81%",,1ddías,2.806.436,3.011.603 | 3.011.603 | 3.011.603 | 3.011.603 | 3.011.603 | 3.011.603,Defensa
Echegoyen,Osasuna,0 | 0 | 0 | 0 | 0 | 0,"0,00% | 0,00% | 0,00% | 0,00% | 0,00% | 0,00%",,35ddías,562.286,562.286 | 562.286 | 562.286 | 562.286 | 562.286 | 562.286,Mediocampista
Puric,Atlético,-3.929 | -7.794 | -11.446 | -26.183 | -61.457 | -167.738,"-0,90% | -1,78% | -2,59% | -5,73% | -12,48% | -28,02%",,38ddías,430.978,434.907 | 438.772 | 442.424 | 457.161 | 492.435 | 598.716,Defensa
Vencedor,Athletic,0 | 0 | 0 | 0 | 0 | 0,"0,00% | 0,00% | 0,00% | 0,00% | 0,00% | 0,00%",,35ddías,2.208.253,2.208.253 | 2.208.253 | 2.208.253 | 2.208.253 | 2.208.253 | 2.208.253,Mediocampista
Jonny,Alavés,-18.929 | -35.104 | -78.391 | -297.433 | -766.852 | -2.955.272,"-0,34% | -0,64% | -1,41% | -5,15% | -12,28% | -35,05%",,34ddías,5.475.843,5.494.772 | 5.510.947 | 5.554.234 | 5.773.276 | 6.242.695 | 8.431.115,Defensa
Alexander-Arnold,Real Madrid,-289.622 | -555.457 | -800.862 | -1.871.713 | -4.111.220 | -12.542.148,"-1,21% | -2,30% | -3,28% | -7,35% | -14,84% | -34,72%",,38ddías,23.585.697,23.875.319 | 24.141.154 | 24.386.559 | 25.457.410 | 27.696.917 | 36.127.845,Defensa
Huijsen,Real Madrid,+377.770 | +457.936 | +195.511 | -1.982.427 | -5.233.357 | -13.348.402,"+1,24% | +1,51% | +0,64% | -6,04% | -14,51% | -30,22%",,2ddías,30.821.463,30.443.693 | 30.363.527 | 30.625.952 | 32.803.890 | 36.054.820 | 44.169.865,Defensa
Ruggeri,Atlético,-141.029 | -285.079 | -429.672 | -963.489 | -1.515.223 | -3.405.112,"-2,18% | -4,32% | -6,37% | -13,23% | -19,34% | -35,02%",,32ddías,6.317.636,6.458.665 | 6.602.715 | 6.747.308 | 7.281.125 | 7.832.859 | 9.722.748,Defensa
Salinas,Málaga,0 | 0 | 0 | 0 | +15.131 | -462.026,"0,00% | 0,00% | 0,00% | 0,00% | +1,43% | -30,16%",,13ddías,1.070.070,1.070.070 | 1.070.070 | 1.070.070 | 1.070.070 | 1.054.939 | 1.532.096,Defensa
Iván Romero,Levante,+123.890 | +223.298 | +256.033 | +176.644 | -56.904 | -979.373,"+1,78% | +3,25% | +3,75% | +2,56% | -0,80% | -12,14%",,3ddías,7.086.886,6.962.996 | 6.863.588 | 6.830.853 | 6.910.242 | 7.143.790 | 8.066.259,Delantero
De la Fuente,Levante,0 | 0 | 0 | 0 | 0 | 0,"0,00% | 0,00% | 0,00% | 0,00% | 0,00% | 0,00%",,35ddías,14.052.528,14.052.528 | 14.052.528 | 14.052.528 | 14.052.528 | 14.052.528 | 14.052.528,Defensa
Sivera,Alavés,+277.960 | +738.566 | +1.210.973 | +4.074.782 | +8.890.753 | +15.347.853,"+0,90% | +2,42% | +4,04% | +15,02% | +39,86% | +96,85%",,36ddías,31.195.506,30.917.546 | 30.456.940 | 29.984.533 | 27.120.724 | 22.304.753 | 15.847.653,Portero
Santiago,Elche,-9.585 | -19.343 | -29.133 | -71.089 | -166.121 | -493.978,"-1,66% | -3,30% | -4,89% | -11,15% | -22,67% | -46,57%",,38ddías,566.744,576.329 | 586.087 | 595.877 | 637.833 | 732.865 | 1.060.722,Mediocampista
Á. Núñez,Celta,-52.612 | -108.447 | -166.570 | -446.738 | -1.053.972 | -2.754.451,"-1,38% | -2,80% | -4,23% | -10,60% | -21,86% | -42,23%",,35ddías,3.768.261,3.820.873 | 3.876.708 | 3.934.831 | 4.214.999 | 4.822.233 | 6.522.712,Defensa
Affengruber,Elche,+66.904 | +247.810 | +499.361 | +2.139.455 | +6.586.534 | +14.170.508,"+0,20% | +0,75% | +1,51% | +6,82% | +24,47% | +73,32%",,30ddías,33.498.118,33.431.214 | 33.250.308 | 32.998.757 | 31.358.663 | 26.911.584 | 19.327.610,Defensa
Febas,Celta,+372.297 | +578.897 | +666.062 | -458.550 | -1.329.006 | -1.329.006,"+1,59% | +2,50% | +2,88% | -1,89% | -5,30% | -5,30%",,3ddías,23.767.882,23.395.585 | 23.188.985 | 23.101.820 | 24.226.432 | 25.096.888 | 25.096.888,Mediocampista
John ChetauyaJohn C.,Elche,-15.888 | -32.211 | -48.840 | -113.131 | -272.101 | -824.317,"-2,16% | -4,29% | -6,37% | -13,61% | -27,48% | -53,45%",,38ddías,718.002,733.890 | 750.213 | 766.842 | 831.133 | 990.103 | 1.542.319,Defensa
Bambo,Elche,-25.156 | -52.472 | -79.016 | -202.804 | +466.388 | +466.388,"-2,20% | -4,47% | -6,59% | -15,32% | 0% | 0%",,10ddías,1.120.853,1.146.009 | 1.173.325 | 1.199.869 | 1.323.657 | 0 | 0,Defensa
Youssef,Alavés,-1.462 | -3.371 | -6.600 | -31.478 | -89.016 | -277.840,"-0,30% | -0,68% | -1,32% | -6,00% | -15,29% | -36,04%",,30ddías,492.989,494.451 | 496.360 | 499.589 | 524.467 | 582.005 | 770.829,Defensa
Hancko,Atlético,+934.048 | +1.811.505 | +2.616.198 | +5.564.707 | +5.988.628 | -500.452,"+2,59% | +5,14% | +7,60% | +17,67% | +19,27% | -1,33%",,10ddías,37.059.263,36.125.215 | 35.247.758 | 34.443.065 | 31.494.556 | 31.070.635 | 37.559.715,Defensa
Castrín,Sevilla,0 | 0 | 0 | 0 | 0 | 0,"0,00% | 0,00% | 0,00% | 0,00% | 0,00% | 0,00%",,35ddías,4.823.016,4.823.016 | 4.823.016 | 4.823.016 | 4.823.016 | 4.823.016 | 4.823.016,Defensa
Osambela,Osasuna,0 | 0 | 0 | 0 | 0 | 0,"0,00% | 0,00% | 0,00% | 0,00% | 0,00% | 0,00%",,35ddías,501.932,501.932 | 501.932 | 501.932 | 501.932 | 501.932 | 501.932,Mediocampista
Juanpe,Rayo,0 | 0 | 0 | 0 | 0 | 0,"0,00% | 0,00% | 0,00% | 0,00% | 0,00% | 0,00%",,35ddías,602.234,602.234 | 602.234 | 602.234 | 602.234 | 602.234 | 602.234,Portero
Yáñez,Real Madrid,0 | 0 | 0 | 0 | 0 | 0,"0,00% | 0,00% | 0,00% | 0,00% | 0,00% | 0,00%",,35ddías,702.606,702.606 | 702.606 | 702.606 | 702.606 | 702.606 | 702.606,Delantero
D. Aguado,Real Madrid,0 | 0 | 0 | 0 | 0 | 0,"0,00% | 0,00% | 0,00% | 0,00% | 0,00% | 0,00%",,35ddías,774.109,774.109 | 774.109 | 774.109 | 774.109 | 774.109 | 774.109,Defensa
Fran González,Sevilla,-643 | -1.613 | -15.124 | -28.848 | -28.848 | -28.848,"-0,10% | -0,24% | -2,20% | -4,11% | -4,11% | -4,11%",,4ddías,673.774,674.417 | 675.387 | 688.898 | 702.622 | 702.622 | 702.622,Portero
Mariezkurrena,Real Sociedad,0 | 0 | 0 | 0 | 0 | 0,"0,00% | 0,00% | 0,00% | 0,00% | 0,00% | 0,00%",,35ddías,677.966,677.966 | 677.966 | 677.966 | 677.966 | 677.966 | 677.966,Delantero
Rafa,Sevilla,0 | 0 | 0 | 0 | 0 | 0,"0,00% | 0,00% | 0,00% | 0,00% | 0,00% | 0,00%",,35ddías,602.257,602.257 | 602.257 | 602.257 | 602.257 | 602.257 | 602.257,Portero
Fortuny,Real Madrid,0 | 0 | 0 | 0 | 0 | 0,"0,00% | 0,00% | 0,00% | 0,00% | 0,00% | 0,00%",,35ddías,602.234,602.234 | 602.234 | 602.234 | 602.234 | 602.234 | 602.234,Mediocampista
Diatta,Villarreal,0 | 0 | 0 | 0 | 0 | 0,"0,00% | 0,00% | 0,00% | 0,00% | 0,00% | 0,00%",,35ddías,581.656,581.656 | 581.656 | 581.656 | 581.656 | 581.656 | 581.656,Mediocampista
Swiderski,Alavés,0 | 0 | 0 | 0 | 0 | 0,"0,00% | 0,00% | 0,00% | 0,00% | 0,00% | 0,00%",,35ddías,602.316,602.316 | 602.316 | 602.316 | 602.316 | 602.316 | 602.316,Portero
Pablo García,Betis,0 | 0 | 0 | 0 | 0 | 0,"0,00% | 0,00% | 0,00% | 0,00% | 0,00% | 0,00%",,35ddías,2.509.371,2.509.371 | 2.509.371 | 2.509.371 | 2.509.371 | 2.509.371 | 2.509.371,Delantero
Bekhoucha,Getafe,0 | 0 | 0 | 0 | 0 | 0,"0,00% | 0,00% | 0,00% | 0,00% | 0,00% | 0,00%",,35ddías,1.104.254,1.104.254 | 1.104.254 | 1.104.254 | 1.104.254 | 1.104.254 | 1.104.254,Defensa
Arguibide,Osasuna,0 | 0 | 0 | 0 | 0 | 0,"0,00% | 0,00% | 0,00% | 0,00% | 0,00% | 0,00%",,35ddías,582.013,582.013 | 582.013 | 582.013 | 582.013 | 582.013 | 582.013,Defensa
Molina,Rayo,0 | 0 | 0 | 0 | 0 | 0,"0,00% | 0,00% | 0,00% | 0,00% | 0,00% | 0,00%",,35ddías,602.234,602.234 | 602.234 | 602.234 | 602.234 | 602.234 | 602.234,Portero
Luiz Felipe,Rayo,0 | 0 | 0 | 0 | 0 | 0,"0,00% | 0,00% | 0,00% | 0,00% | 0,00% | 0,00%",,35ddías,4.115.277,4.115.277 | 4.115.277 | 4.115.277 | 4.115.277 | 4.115.277 | 4.115.277,Defensa
Fortea,Real Madrid,0 | 0 | 0 | 0 | 0 | 0,"0,00% | 0,00% | 0,00% | 0,00% | 0,00% | 0,00%",,35ddías,802.099,802.099 | 802.099 | 802.099 | 802.099 | 802.099 | 802.099,Defensa
Mendoza,Atlético,-5.212 | -11.385 | -17.120 | -56.501 | -136.697 | -485.909,"-0,60% | -1,31% | -1,95% | -6,17% | -13,73% | -36,13%",,38ddías,859.143,864.355 | 870.528 | 876.263 | 915.644 | 995.840 | 1.345.052,Mediocampista
Esquivel,Atlético,0 | 0 | 0 | 0 | 0 | 0,"0,00% | 0,00% | 0,00% | 0,00% | 0,00% | 0,00%",,35ddías,602.292,602.292 | 602.292 | 602.292 | 602.292 | 602.292 | 602.292,Portero
Niculaesei,Elche,0 | 0 | 0 | 0 | 0 | 0,"0,00% | 0,00% | 0,00% | 0,00% | 0,00% | 0,00%",,35ddías,803.099,803.099 | 803.099 | 803.099 | 803.099 | 803.099 | 803.099,Defensa
Rueda,Celta,+109.895 | +209.755 | +271.186 | +380.010 | +218.742 | -682.153,"+2,80% | +5,49% | +7,22% | +10,41% | +5,74% | -14,48%",,7ddías,4.029.612,3.919.717 | 3.819.857 | 3.758.426 | 3.649.602 | 3.810.870 | 4.711.765,Defensa
Radu,Celta,-150.461 | -50.473 | +222.227 | +2.030.040 | +7.457.185 | +17.735.498,"-0,37% | -0,13% | +0,56% | +5,32% | +22,80% | +79,07%",,1ddías,40.166.244,40.316.705 | 40.216.717 | 39.944.017 | 38.136.204 | 32.709.059 | 22.430.746,Portero
Becerra,Rayo,0 | 0 | 0 | 0 | 0 | 0,"0,00% | 0,00% | 0,00% | 0,00% | 0,00% | 0,00%",,35ddías,581.700,581.700 | 581.700 | 581.700 | 581.700 | 581.700 | 581.700,Mediocampista
Vertrouwd,Rayo,0 | 0 | 0 | 0 | 0 | 0,"0,00% | 0,00% | 0,00% | 0,00% | 0,00% | 0,00%",,35ddías,1.003.725,1.003.725 | 1.003.725 | 1.003.725 | 1.003.725 | 1.003.725 | 1.003.725,Defensa
Primo,Levante,0 | 0 | 0 | 0 | 0 | 0,"0,00% | 0,00% | 0,00% | 0,00% | 0,00% | 0,00%",,35ddías,1.104.126,1.104.126 | 1.104.126 | 1.104.126 | 1.104.126 | 1.104.126 | 1.104.126,Portero
Cortés,Levante,0 | 0 | 0 | 0 | 0 | 0,"0,00% | 0,00% | 0,00% | 0,00% | 0,00% | 0,00%",,35ddías,803.000,803.000 | 803.000 | 803.000 | 803.000 | 803.000 | 803.000,Delantero
Carlos Espí,Real Madrid,+197.533 | +336.487 | +61.615 | +4.865.700 | +4.865.700 | +4.865.700,"+2,41% | +4,17% | +0,74% | 0% | 0% | 0%",,2ddías,8.396.829,8.199.296 | 8.060.342 | 8.335.214 | 0 | 0 | 0,Delantero
Toljan,Levante,-59.361 | -134.720 | -202.311 | -343.669 | -731.603 | -2.423.392,"-1,35% | -3,01% | -4,46% | -7,34% | -14,43% | -35,84%",,36ddías,4.338.111,4.397.472 | 4.472.831 | 4.540.422 | 4.681.780 | 5.069.714 | 6.761.503,Defensa
Pablo CamposCuñat Campos,Levante,-16.339 | -36.082 | -56.254 | -139.854 | -127.342 | -425.575,"-1,46% | -3,16% | -4,84% | -11,22% | -10,32% | -27,78%",,11ddías,1.106.216,1.122.555 | 1.142.298 | 1.162.470 | 1.246.070 | 1.233.558 | 1.531.791,Portero
Víctor García,Levante,-43.948 | -85.029 | -136.319 | -362.252 | -868.196 | -2.522.020,"-2,09% | -3,97% | -6,21% | -14,96% | -29,66% | -55,05%",,38ddías,2.059.200,2.103.148 | 2.144.229 | 2.195.519 | 2.421.452 | 2.927.396 | 4.581.220,Defensa
Joselu,Getafe,0 | 0 | 0 | 0 | 0 | 0,"0,00% | 0,00% | 0,00% | 0,00% | 0,00% | 0,00%",,35ddías,602.319,602.319 | 602.319 | 602.319 | 602.319 | 602.319 | 602.319,Delantero
Manu Fernández,Celta,-3.006 | -5.909 | -8.559 | -18.852 | -44.370 | -114.473,"-0,73% | -1,42% | -2,05% | -4,41% | -9,79% | -21,88%",,38ddías,408.813,411.819 | 414.722 | 417.372 | 427.665 | 453.183 | 523.286,Defensa
Torrents,Barcelona,0 | 0 | 0 | 0 | 0 | 0,"0,00% | 0,00% | 0,00% | 0,00% | 0,00% | 0,00%",,35ddías,602.319,602.319 | 602.319 | 602.319 | 602.319 | 602.319 | 602.319,Defensa
Rego,Athletic,0 | 0 | 0 | 0 | 0 | 0,"0,00% | 0,00% | 0,00% | 0,00% | 0,00% | 0,00%",,35ddías,5.018.825,5.018.825 | 5.018.825 | 5.018.825 | 5.018.825 | 5.018.825 | 5.018.825,Defensa
Jutglà,Celta,+58.269 | +190.114 | +214.451 | +67.607 | -350.232 | -3.243.333,"+0,63% | +2,09% | +2,36% | +0,73% | -3,63% | -25,84%",,3ddías,9.305.852,9.247.583 | 9.115.738 | 9.091.401 | 9.238.245 | 9.656.084 | 12.549.185,Delantero
Roger BruguéBrugui,Levante,-78.885 | -158.040 | -231.494 | -522.171 | -1.134.569 | -3.176.423,"-3,18% | -6,17% | -8,78% | -17,84% | -32,05% | -56,91%",,39ddías,2.405.249,2.484.134 | 2.563.289 | 2.636.743 | 2.927.420 | 3.539.818 | 5.581.672,Delantero
Martim Neto,Elche,-21.893 | -45.022 | -69.427 | -175.800 | -403.728 | -941.709,"-1,27% | -2,58% | -3,93% | -9,38% | -19,20% | -35,67%",,38ddías,1.698.690,1.720.583 | 1.743.712 | 1.768.117 | 1.874.490 | 2.102.418 | 2.640.399,Mediocampista
Valentín Gómez,Betis,-32.297 | -63.664 | -96.642 | -246.866 | -556.384 | -1.607.996,"-1,74% | -3,37% | -5,03% | -11,92% | -23,37% | -46,85%",,38ddías,1.824.279,1.856.576 | 1.887.943 | 1.920.921 | 2.071.145 | 2.380.663 | 3.432.275,Defensa
Deossa,Betis,+34.458 | +75.137 | +112.958 | +201.982 | -87.278 | -1.202.284,"+1,73% | +3,86% | +5,92% | +11,10% | -4,14% | -37,30%",,7ddías,2.021.088,1.986.630 | 1.945.951 | 1.908.130 | 1.819.106 | 2.108.366 | 3.223.372,Mediocampista
Junior,Betis,-66.191 | -141.881 | -204.707 | -545.424 | -1.267.203 | -3.503.652,"-1,80% | -3,79% | -5,37% | -13,14% | -26,01% | -49,28%",,38ddías,3.605.312,3.671.503 | 3.747.193 | 3.810.019 | 4.150.736 | 4.872.515 | 7.108.964,Defensa
Dituro,Elche,+163.639 | +329.802 | +467.191 | +633.855 | +352.357 | -525.368,"+2,33% | +4,81% | +6,95% | +9,67% | +5,15% | -6,81%",,7ddías,7.190.084,7.026.445 | 6.860.282 | 6.722.893 | 6.556.229 | 6.837.727 | 7.715.452,Portero
Dolan,Espanyol,-13.057 | -47.277 | -96.740 | -364.846 | -1.001.204 | -2.744.885,"-0,22% | -0,78% | -1,58% | -5,70% | -14,23% | -31,27%",,31ddías,6.034.473,6.047.530 | 6.081.750 | 6.131.213 | 6.399.319 | 7.035.677 | 8.779.358,Delantero
Jorge Cabello,Levante,-22.419 | -45.545 | -69.260 | -172.965 | -403.350 | +297.869,"-2,50% | -4,95% | -7,34% | -16,51% | -31,56% | 0%",,15ddías,874.745,897.164 | 920.290 | 944.005 | 1.047.710 | 1.278.095 | 0,Defensa
Pinillos,Alavés,0 | 0 | 0 | 0 | 0 | 0,"0,00% | 0,00% | 0,00% | 0,00% | 0,00% | 0,00%",,35ddías,501.929,501.929 | 501.929 | 501.929 | 501.929 | 501.929 | 501.929,Mediocampista
C. Álvarez,Levante,+151.650 | +288.732 | +542.587 | +1.521.564 | +3.771.220 | +8.884.982,"+0,78% | +1,49% | +2,83% | +8,38% | +23,69% | +82,23%",,37ddías,19.689.478,19.537.828 | 19.400.746 | 19.146.891 | 18.167.914 | 15.918.258 | 10.804.496,Mediocampista
Oriol Rey,Levante,-15.848 | -33.619 | -50.755 | -125.197 | -298.163 | -874.101,"-2,06% | -4,27% | -6,30% | -14,24% | -28,33% | -53,68%",,38ddías,754.283,770.131 | 787.902 | 805.038 | 879.480 | 1.052.446 | 1.628.384,Mediocampista
Gorrotxategi,Real Sociedad,-188.935 | -379.284 | -568.182 | -1.383.192 | -2.311.033 | -3.998.352,"-2,73% | -5,34% | -7,79% | -17,06% | -25,58% | -37,29%",,31ddías,6.723.246,6.912.181 | 7.102.530 | 7.291.428 | 8.106.438 | 9.034.279 | 10.721.598,Mediocampista
Ugrinic,Valencia,-39.374 | -64.746 | -129.989 | -475.671 | -1.300.334 | -3.714.097,"-1,01% | -1,65% | -3,25% | -10,96% | -25,18% | -49,01%",,36ddías,3.864.809,3.904.183 | 3.929.555 | 3.994.798 | 4.340.480 | 5.165.143 | 7.578.906,Mediocampista
Bigas,Elche,-131.850 | -277.463 | -423.536 | -977.514 | -2.091.007 | -4.021.469,"-2,37% | -4,86% | -7,23% | -15,25% | -27,79% | -42,54%",,33ddías,5.432.419,5.564.269 | 5.709.882 | 5.855.955 | 6.409.933 | 7.523.426 | 9.453.888,Defensa
Redondo,Elche,-16.345 | -32.532 | -51.969 | -147.638 | -359.342 | -1.061.082,"-1,77% | -3,46% | -5,42% | -13,99% | -28,37% | -53,90%",,38ddías,907.408,923.753 | 939.940 | 959.377 | 1.055.046 | 1.266.750 | 1.968.490,Mediocampista
Boñar,Atlético,-4.340 | -8.633 | -12.730 | -29.443 | -69.056 | -186.007,"-0,97% | -1,92% | -2,81% | -6,26% | -13,54% | -29,67%",,32ddías,440.835,445.175 | 449.468 | 453.565 | 470.278 | 509.891 | 626.842,Defensa
Marqués,Barcelona,0 | 0 | 0 | 0 | 0 | 0,"0,00% | 0,00% | 0,00% | 0,00% | 0,00% | 0,00%",,35ddías,602.319,602.319 | 602.319 | 602.319 | 602.319 | 602.319 | 602.319,Defensa
Rayane,Atlético,0 | 0 | 0 | 0 | 0 | 0,"0,00% | 0,00% | 0,00% | 0,00% | 0,00% | 0,00%",,35ddías,678.006,678.006 | 678.006 | 678.006 | 678.006 | 678.006 | 678.006,Delantero
Carlos Sánchez,Racing,0 | 0 | 0 | 0 | 0 | 0,"0,00% | 0,00% | 0,00% | 0,00% | 0,00% | 0,00%",,34ddías,702.606,702.606 | 702.606 | 702.606 | 702.606 | 702.606 | 702.606,Defensa
Vallecillo,Racing,0 | 0 | 0 | 0 | 0 | 0,"0,00% | 0,00% | 0,00% | 0,00% | 0,00% | 0,00%",,30ddías,677.940,677.940 | 677.940 | 677.940 | 677.940 | 677.940 | 677.940,Mediocampista
Santaella,Málaga,0 | 0 | 0 | 0 | 0 | 0,"0,00% | 0,00% | 0,00% | 0,00% | 0,00% | 0,00%",,30ddías,401.498,401.498 | 401.498 | 401.498 | 401.498 | 401.498 | 401.498,Defensa
Diego Diaz,Racing,0 | 0 | 0 | 0 | 0 | 0,"0,00% | 0,00% | 0,00% | 0,00% | 0,00% | 0,00%",,34ddías,602.234,602.234 | 602.234 | 602.234 | 602.234 | 602.234 | 602.234,Delantero
Santi Franco,Racing,0 | 0 | 0 | 0 | 0 | 0,"0,00% | 0,00% | 0,00% | 0,00% | 0,00% | 0,00%",,34ddías,702.606,702.606 | 702.606 | 702.606 | 702.606 | 702.606 | 702.606,Delantero
Canales,Racing,+796.502 | +1.676.624 | +2.463.314 | +11.826.701 | +11.826.701 | +11.826.701,"+3,78% | +8,31% | +12,70% | +117,83% | +117,83% | +117,83%",,5ddías,21.863.963,21.067.461 | 20.187.339 | 19.400.649 | 10.037.262 | 10.037.262 | 10.037.262,Mediocampista
Guliashvili,Racing,-71.743 | -145.819 | -222.354 | -542.356 | -1.213.228 | -3.315.135,"-3,14% | -6,18% | -9,12% | -19,67% | -35,39% | -59,94%",,38ddías,2.215.419,2.287.162 | 2.361.238 | 2.437.773 | 2.757.775 | 3.428.647 | 5.530.554,Delantero
Arana,Racing,-6.891 | -19.042 | -30.375 | -87.913 | -172.547 | -502.121,"-0,84% | -2,29% | -3,61% | -9,77% | -17,53% | -38,22%",,38ddías,811.547,818.438 | 830.589 | 841.922 | 899.460 | 984.094 | 1.313.668,Delantero
Iñigo Vicente,Racing,+81.503 | +175.563 | +181.701 | -213.485 | -1.418.880 | -5.629.665,"+0,43% | +0,94% | +0,97% | -1,11% | -6,97% | -22,92%",,3ddías,18.935.091,18.853.588 | 18.759.528 | 18.753.390 | 19.148.576 | 20.353.971 | 24.564.756,Delantero
Solórzano,Racing,0 | 0 | 0 | 0 | 0 | 0,"0,00% | 0,00% | 0,00% | 0,00% | 0,00% | 0,00%",,34ddías,602.234,602.234 | 602.234 | 602.234 | 602.234 | 602.234 | 602.234,Mediocampista
Puerta,Racing,+183.031 | +535.406 | +771.716 | +1.444.167 | +2.815.749 | +1.823.400,"+1,50% | +4,52% | +6,65% | +13,22% | +29,47% | +17,29%",,17ddías,12.369.172,12.186.141 | 11.833.766 | 11.597.456 | 10.925.005 | 9.553.423 | 10.545.772,Mediocampista
Sergio Martínez,Racing,0 | 0 | 0 | 0 | 0 | 0,"0,00% | 0,00% | 0,00% | 0,00% | 0,00% | 0,00%",,34ddías,702.606,702.606 | 702.606 | 702.606 | 702.606 | 702.606 | 702.606,Mediocampista
Gueye,Racing,-22.344 | -50.825 | -65.335 | -259.199 | -685.693 | -2.463.356,"-0,53% | -1,20% | -1,53% | -5,82% | -14,06% | -37,01%",,34ddías,4.192.088,4.214.432 | 4.242.913 | 4.257.423 | 4.451.287 | 4.877.781 | 6.655.444,Mediocampista
Crespo,Racing,0 | 0 | 0 | 0 | 0 | 0,"0,00% | 0,00% | 0,00% | 0,00% | 0,00% | 0,00%",,34ddías,802.979,802.979 | 802.979 | 802.979 | 802.979 | 802.979 | 802.979,Defensa
Facundo GonzálezFacu González,Racing,-8.885 | -24.971 | -38.998 | -104.956 | -450.878 | -450.878,"-0,29% | -0,81% | -1,26% | -3,31% | -12,83% | -12,83%",,14ddías,3.062.162,3.071.047 | 3.087.133 | 3.101.160 | 3.167.118 | 3.513.040 | 3.513.040,Defensa
Salinas,Racing,0 | 0 | 0 | 0 | 0 | 0,"0,00% | 0,00% | 0,00% | 0,00% | 0,00% | 0,00%",,34ddías,6.022.356,6.022.356 | 6.022.356 | 6.022.356 | 6.022.356 | 6.022.356 | 6.022.356,Defensa
Larrubia,Málaga,-113.035 | +276.660 | +818.826 | +5.006.800 | +14.397.594 | 0,"-0,20% | +0,49% | +1,48% | +9,78% | +34,43% | 0%",,1ddías,56.216.622,56.329.657 | 55.939.962 | 55.397.796 | 51.209.822 | 41.819.028 | 0,Mediocampista
Lobete,Málaga,-11.937 | -32.738 | -47.948 | -138.350 | -326.290 | -875.021,"-1,42% | -3,80% | -5,46% | -14,30% | -28,23% | -51,34%",,38ddías,829.428,841.365 | 862.166 | 877.376 | 967.778 | 1.155.718 | 1.704.449,Delantero
Lorenzo,Málaga,+69.568 | +153.561 | +226.135 | +666.694 | +1.221.784 | -383.702,"+0,73% | +1,63% | +2,42% | +7,48% | +14,62% | -3,85%",,13ddías,9.581.112,9.511.544 | 9.427.551 | 9.354.977 | 8.914.418 | 8.359.328 | 9.964.814,Mediocampista
Rafa Rodríguez,Málaga,0 | 0 | 0 | 0 | 0 | 0,"0,00% | 0,00% | 0,00% | 0,00% | 0,00% | 0,00%",,34ddías,6.270.426,6.270.426 | 6.270.426 | 6.270.426 | 6.270.426 | 6.270.426 | 6.270.426,Mediocampista
Ochoa,Málaga,0 | 0 | 0 | 0 | 0 | 0,"0,00% | 0,00% | 0,00% | 0,00% | 0,00% | 0,00%",,34ddías,3.513.040,3.513.040 | 3.513.040 | 3.513.040 | 3.513.040 | 3.513.040 | 3.513.040,Mediocampista
Enríquez,Málaga,-8.600 | -17.019 | -34.447 | -116.443 | -285.773 | -801.465,"-1,00% | -1,97% | -3,91% | -12,08% | -25,22% | -48,62%",,38ddías,847.127,855.727 | 864.146 | 881.574 | 963.570 | 1.132.900 | 1.648.592,Mediocampista
Juanpe,Málaga,0 | 0 | 0 | 0 | 0 | 0,"0,00% | 0,00% | 0,00% | 0,00% | 0,00% | 0,00%",,34ddías,581.931,581.931 | 581.931 | 581.931 | 581.931 | 581.931 | 581.931,Mediocampista
Joaquín,Málaga,-103.213 | -237.647 | -367.487 | -941.417 | -2.049.366 | -5.418.670,"-1,46% | -3,29% | -5,00% | -11,88% | -22,68% | -43,68%",,38ddías,6.985.824,7.089.037 | 7.223.471 | 7.353.311 | 7.927.241 | 9.035.190 | 12.404.494,Delantero
Jauregi,Málaga,-35.164 | -70.860 | -117.096 | -165.829 | -165.829 | -165.829,"-2,47% | -4,85% | -7,77% | -10,66% | -10,66% | -10,66%",,4ddías,1.389.945,1.425.109 | 1.460.805 | 1.507.041 | 1.555.774 | 1.555.774 | 1.555.774,Delantero
Hernando,Racing,-32.200 | -63.340 | -95.301 | -159.216 | -259.340 | -1.106.054,"-1,74% | -3,37% | -4,98% | -8,05% | -12,49% | -37,83%",,38ddías,1.817.562,1.849.762 | 1.880.902 | 1.912.863 | 1.976.778 | 2.076.902 | 2.923.616,Defensa
Haitam,Málaga,-3.932 | -7.800 | -11.455 | -26.206 | -61.511 | -167.906,"-0,90% | -1,78% | -2,59% | -5,73% | -12,49% | -28,03%",,38ddías,431.052,434.984 | 438.852 | 442.507 | 457.258 | 492.563 | 598.958,Delantero
Jiménez,Racing,0 | 0 | 0 | 0 | 0 | 0,"0,00% | 0,00% | 0,00% | 0,00% | 0,00% | 0,00%",,34ddías,602.234,602.234 | 602.234 | 602.234 | 602.234 | 602.234 | 602.234,Portero
Eriksson,Racing,-5.992 | +4.494 | +36.508 | +223.178 | +626.951 | +241.100,"-0,20% | +0,15% | +1,25% | +8,17% | +26,93% | +8,88%",,1ddías,2.954.908,2.960.900 | 2.950.414 | 2.918.400 | 2.731.730 | 2.327.957 | 2.713.808,Portero
Laro Gómez,Racing,0 | 0 | 0 | 0 | 0 | 0,"0,00% | 0,00% | 0,00% | 0,00% | 0,00% | 0,00%",,34ddías,602.234,602.234 | 602.234 | 602.234 | 602.234 | 602.234 | 602.234,Portero
Mantilla,Racing,+53.370 | +104.814 | +157.626 | +329.664 | +541.046 | +134.916,"+2,03% | +4,07% | +6,24% | +14,01% | +25,27% | +5,30%",,15ddías,2.681.895,2.628.525 | 2.577.081 | 2.524.269 | 2.352.231 | 2.140.849 | 2.546.979,Defensa
Sainz-Maza,Racing,-16.420 | -33.876 | -53.694 | -134.984 | -303.234 | -876.936,"-2,03% | -4,10% | -6,34% | -14,55% | -27,66% | -52,52%",,38ddías,792.875,809.295 | 826.751 | 846.569 | 927.859 | 1.096.109 | 1.669.811,Defensa
Chupete,Málaga,-517.833 | -394.341 | +101.530 | +4.495.187 | +13.497.916 | +28.308.773,"-0,96% | -0,73% | +0,19% | +9,21% | +33,91% | +113,24%",,1ddías,53.308.773,53.826.606 | 53.703.114 | 53.207.243 | 48.813.586 | 39.810.857 | 25.000.000,Delantero
Yeremay,Deportivo,-1.236.801 | -2.500.962 | -3.731.976 | -4.308.898 | +3.774.232 | 0,"-2,23% | -4,41% | -6,44% | -7,37% | +7,49% | 0%",,5ddías,54.184.636,55.421.437 | 56.685.598 | 57.916.612 | 58.493.534 | 50.410.404 | 0,Delantero
Moussa,Málaga,0 | 0 | 0 | 0 | 0 | 0,"0,00% | 0,00% | 0,00% | 0,00% | 0,00% | 0,00%",,34ddías,401.498,401.498 | 401.498 | 401.498 | 401.498 | 401.498 | 401.498,Defensa
Manuel Pellegrini,Betis,-157.902 | -319.891 | -476.196 | -1.131.443 | -2.733.037 | -2.238.156,"-3,20% | -6,27% | -9,06% | -19,14% | -36,38% | 0%",,20ddías,4.780.221,4.938.123 | 5.100.112 | 5.256.417 | 5.911.664 | 7.513.258 | 0,
Carlos Corberán,Valencia,-16.420 | -33.296 | -50.501 | -125.099 | -292.248 | -171.600,"-2,20% | -4,36% | -6,46% | -14,62% | -28,57% | 0%",,20ddías,730.761,747.181 | 764.057 | 781.262 | 855.860 | 1.023.009 | 0,
Luis García,Sevilla,-24.429 | -49.648 | -75.544 | -188.920 | -440.758 | +120.877,"-2,58% | -5,10% | -7,57% | -16,99% | -32,32% | 0%",,17ddías,922.976,947.405 | 972.624 | 998.520 | 1.111.896 | 1.363.734 | 0,
Pellegrino Matarazzo,Real Sociedad,-157.976 | -317.124 | -484.323 | -1.223.654 | -2.863.864 | -710.489,"-3,54% | -6,86% | -10,12% | -22,14% | -39,96% | 0%",,18ddías,4.302.637,4.460.613 | 4.619.761 | 4.786.960 | 5.526.291 | 7.166.501 | 0,
José Mourinho,Real Madrid,-512.214 | -1.022.827 | -1.551.012 | -3.996.204 | -9.618.403 | 0,"-3,27% | -6,33% | -9,30% | -20,89% | -38,86% | 0%",,15ddías,15.129.906,15.642.120 | 16.152.733 | 16.680.918 | 19.126.110 | 24.748.309 | 0,
Beñat San José,Rayo,-60.022 | -122.317 | -186.834 | -471.470 | -746.710 | 0,"-3,27% | -6,44% | -9,51% | -20,97% | -29,59% | 0%",,13ddías,1.777.215,1.837.237 | 1.899.532 | 1.964.049 | 2.248.685 | 2.523.925 | 0,
José Alberto López,Racing,-29.234 | -59.458 | -90.567 | -227.060 | -529.654 | +236.189,"-2,74% | -5,42% | -8,02% | -17,94% | -33,78% | 0%",,16ddías,1.038.288,1.067.522 | 1.097.746 | 1.128.855 | 1.265.348 | 1.567.942 | 0,
Luis Miguel Ramis,Osasuna,-51.726 | -105.379 | -160.894 | -405.613 | -945.818 | 0,"-3,17% | -6,26% | -9,25% | -20,45% | -37,47% | 0%",,14ddías,1.578.107,1.629.833 | 1.683.486 | 1.739.001 | 1.983.720 | 2.523.925 | 0,
Juan Funes,Málaga,-44.447 | -90.519 | -138.136 | -347.832 | -811.146 | +400.794,"-3,07% | -6,06% | -8,96% | -19,86% | -36,63% | 0%",,15ddías,1.403.419,1.447.866 | 1.493.938 | 1.541.555 | 1.751.251 | 2.214.565 | 0,
Luis Castro,Levante,-43.734 | -89.062 | -135.905 | -342.169 | -797.945 | -117.641,"-3,06% | -6,04% | -8,93% | -19,80% | -36,53% | 0%",,18ddías,1.386.296,1.430.030 | 1.475.358 | 1.522.201 | 1.728.465 | 2.184.241 | 0,
Pepe Bordalás,Getafe,-1.982.203 | -4.046.770 | -6.196.986 | -15.717.414 | +9.999.784 | +42.896.428,"-3,97% | -7,79% | -11,45% | -24,70% | +26,38% | 0%",,8ddías,47.909.554,49.891.757 | 51.956.324 | 54.106.540 | 63.626.968 | 37.909.770 | 0,
Manolo González,Espanyol,-36.872 | -75.052 | -114.449 | -286.643 | -669.577 | -282.336,"-2,93% | -5,79% | -8,57% | -19,01% | -35,41% | 0%",,19ddías,1.221.601,1.258.473 | 1.296.653 | 1.336.050 | 1.508.244 | 1.891.178 | 0,
Martín Anselmi,Elche,-60.022 | -122.317 | -186.834 | -471.470 | -746.710 | 0,"-3,27% | -6,44% | -9,51% | -20,97% | -29,59% | 0%",,13ddías,1.777.215,1.837.237 | 1.899.532 | 1.964.049 | 2.248.685 | 2.523.925 | 0,
Antonio Hidalgo,Deportivo,-60.946 | -124.203 | -189.722 | -478.802 | -1.116.404 | +295.441,"-3,28% | -6,46% | -9,54% | -21,02% | -38,29% | 0%",,16ddías,1.799.378,1.860.324 | 1.923.581 | 1.989.100 | 2.278.180 | 2.915.782 | 0,
Claudio Giráldez,Celta,-87.337 | -180.722 | -279.927 | -585.752 | -1.455.627 | -2.387.199,"-3,22% | -6,44% | -9,63% | -18,24% | -35,66% | 0%",,6ddías,2.625.927,2.713.264 | 2.806.649 | 2.905.854 | 3.211.679 | 4.081.554 | 0,
Hansi Flick,Barcelona,-288.850 | -574.797 | -870.670 | -1.574.179 | -4.182.581 | -4.459.130,"-2,66% | -5,15% | -7,60% | -12,95% | -28,33% | 0%",,6ddías,10.580.252,10.869.102 | 11.155.049 | 11.450.922 | 12.154.431 | 14.762.833 | 0,
Dumfries,Real Madrid,-1.433.872 | -2.873.675 | -4.303.987 | -4.932.504 | +3.528.847 | 0,"-2,31% | -4,53% | -6,63% | -7,53% | +6,18% | 0%",,5ddías,60.608.644,62.042.516 | 63.482.319 | 64.912.631 | 65.541.148 | 57.079.797 | 0,Defensa
Bernardo Silva,Real Madrid,+1.603.438 | +3.237.769 | +5.103.286 | +11.400.441 | 0 | 0,"+3,23% | +6,75% | +11,07% | +28,64% | 0% | 0%",,9ddías,51.209.131,49.605.693 | 47.971.362 | 46.105.845 | 39.808.690 | 0 | 0,Mediocampista
Hartman,Espanyol,-179.441 | -371.130 | -553.046 | -1.099.711 | -2.598.556 | 0,"-1,91% | -3,87% | -5,66% | -10,66% | -21,98% | 0%",,22ddías,9.221.206,9.400.647 | 9.592.336 | 9.774.252 | 10.320.917 | 11.819.762 | 0,Defensa
Cucurella,Real Madrid,+114.532 | +940.701 | +2.109.280 | +11.892.435 | +32.561.256 | 0,"+0,14% | +1,13% | +2,57% | +16,43% | +62,98% | 0%",,16ddías,84.263.463,84.148.931 | 83.322.762 | 82.154.183 | 72.371.028 | 51.702.207 | 0,Defensa
Konaté,Real Madrid,+842.303 | +1.859.251 | +3.145.529 | +9.174.010 | +19.483.602 | 0,"+1,76% | +3,96% | +6,90% | +23,18% | +66,57% | 0%",,15ddías,48.751.435,47.909.132 | 46.892.184 | 45.605.906 | 39.577.425 | 29.267.833 | 0,Defensa
Aubameyang,Deportivo,+1.135.964 | +2.456.364 | +3.808.440 | +9.084.635 | +17.432.167 | 0,"+3,99% | +9,04% | +14,75% | +44,21% | +142,87% | 0%",,14ddías,29.633.356,28.497.392 | 27.176.992 | 25.824.916 | 20.548.721 | 12.201.189 | 0,Delantero
Calatrava,Espanyol,+55.067 | +112.120 | +197.580 | +423.705 | +623.998 | 0,"+1,46% | +3,02% | +5,44% | +12,45% | +19,48% | 0%",,13ddías,3.827.835,3.772.768 | 3.715.715 | 3.630.255 | 3.404.130 | 3.203.837 | 0,Delantero
Hjulmand,Atlético,+691.498 | +1.344.915 | +1.844.360 | +1.816.056 | 0 | 0,"+2,00% | +3,96% | +5,52% | +5,43% | 0% | 0%",,5ddías,35.277.433,34.585.935 | 33.932.518 | 33.433.073 | 33.461.377 | 0 | 0,Mediocampista
Amatucci,Deportivo,+177.632 | +302.461 | +361.023 | -225.160 | 0 | 0,"+1,46% | +2,51% | +3,01% | -1,79% | 0% | 0%",,3ddías,12.346.580,12.168.948 | 12.044.119 | 11.985.557 | 12.571.740 | 0 | 0,Mediocampista
Diego Simeone,Atlético,-192.409 | -390.475 | -606.670 | -1.273.260 | -3.192.669 | -3.719.892,"-2,96% | -5,83% | -8,78% | -16,80% | -33,61% | 0%",,21ddías,6.306.362,6.498.771 | 6.696.837 | 6.913.032 | 7.579.622 | 9.499.031 | 0,
De Haas,Valencia,+133.731 | +244.568 | +371.755 | +157.750 | 0 | 0,"+1,52% | +2,82% | +4,36% | +1,80% | 0% | 0%",,5ddías,8.903.308,8.769.577 | 8.658.740 | 8.531.553 | 8.745.558 | 0 | 0,Defensa
Dieng,Valencia,-98.033 | -194.997 | -307.003 | -775.030 | 0 | 0,"-1,96% | -3,82% | -5,89% | -13,63% | 0% | 0%",,7ddías,4.909.583,5.007.616 | 5.104.580 | 5.216.586 | 5.684.613 | 0 | 0,Mediocampista
Moscardo,Espanyol,-229.340 | -468.799 | -712.806 | 0 | 0 | 0,"-2,26% | -4,52% | -6,72% | 0% | 0% | 0%",,6ddías,9.896.940,10.126.280 | 10.365.739 | 10.609.746 | 0 | 0 | 0,Mediocampista
Gulacsi,Villarreal,-45.548 | -187.850 | 0 | 0 | 0 | 0,"-1,10% | -4,38% | 0% | 0% | 0% | 0%",,2ddías,4.103.929,4.149.477 | 4.291.779 | 0 | 0 | 0 | 0,Portero
Quique Sánchez,Alavés,-24.429 | -49.648 | -75.544 | -188.920 | -440.758 | +120.877,"-2,58% | -5,10% | -7,57% | -16,99% | -32,32% | 0%",,17ddías,922.976,947.405 | 972.624 | 998.520 | 1.111.896 | 1.363.734 | 0,
Edin Terzic,Athletic,-348.158 | -708.343 | -1.081.424 | -2.751.970 | -6.426.832 | 0,"-3,84% | -7,52% | -11,04% | -24,00% | -42,44% | 0%",,14ddías,8.716.756,9.064.914 | 9.425.099 | 9.798.180 | 11.468.726 | 15.143.588 | 0,
Merino,Málaga,-57.033 | -116.441 | -168.101 | -408.963 | -970.217 | -3.068.519,"-0,87% | -1,76% | -2,52% | -5,92% | -12,99% | -32,06%",,34ddías,6.501.243,6.558.276 | 6.617.684 | 6.669.344 | 6.910.206 | 7.471.460 | 9.569.762,Mediocampista
Arriaza,Málaga,0 | 0 | 0 | 0 | 0 | 0,"0,00% | 0,00% | 0,00% | 0,00% | 0,00% | 0,00%",,34ddías,401.498,401.498 | 401.498 | 401.498 | 401.498 | 401.498 | 401.498,Defensa
Arcos,Celta,0 | 0 | 0 | 0 | 0 | 0,"0,00% | 0,00% | 0,00% | 0,00% | 0,00% | 0,00%",,35ddías,602.257,602.257 | 602.257 | 602.257 | 602.257 | 602.257 | 602.257,Mediocampista
Boselli,Getafe,0 | 0 | 0 | 0 | 0 | 0,"0,00% | 0,00% | 0,00% | 0,00% | 0,00% | 0,00%",,35ddías,2.893.999,2.893.999 | 2.893.999 | 2.893.999 | 2.893.999 | 2.893.999 | 2.893.999,Defensa
Morcillo,Elche,0 | 0 | 0 | 0 | 0 | 0,"0,00% | 0,00% | 0,00% | 0,00% | 0,00% | 0,00%",,35ddías,702.702,702.702 | 702.702 | 702.702 | 702.702 | 702.702 | 702.702,Mediocampista
Ochieng,Real Sociedad,0 | 0 | 0 | 0 | 0 | 0,"0,00% | 0,00% | 0,00% | 0,00% | 0,00% | 0,00%",,35ddías,702.633,702.633 | 702.633 | 702.633 | 702.633 | 702.633 | 702.633,Mediocampista
Antañón,Celta,0 | 0 | 0 | 0 | 0 | 0,"0,00% | 0,00% | 0,00% | 0,00% | 0,00% | 0,00%",,35ddías,581.700,581.700 | 581.700 | 581.700 | 581.700 | 581.700 | 581.700,Mediocampista
Lamini Fati,Real Madrid,0 | 0 | 0 | 0 | 0 | 0,"0,00% | 0,00% | 0,00% | 0,00% | 0,00% | 0,00%",,35ddías,677.955,677.955 | 677.955 | 677.955 | 677.955 | 677.955 | 677.955,Defensa
Sangaré,Elche,0 | 0 | 0 | 0 | 0 | 0,"0,00% | 0,00% | 0,00% | 0,00% | 0,00% | 0,00%",,35ddías,4.015.501,4.015.501 | 4.015.501 | 4.015.501 | 4.015.501 | 4.015.501 | 4.015.501,Defensa
Vecino,Celta,-55.005 | -113.793 | -170.587 | -433.066 | -989.472 | -2.810.249,"-2,52% | -5,07% | -7,41% | -16,88% | -31,70% | -56,86%",,38ddías,2.131.823,2.186.828 | 2.245.616 | 2.302.410 | 2.564.889 | 3.121.295 | 4.942.072,Mediocampista
Vargas,Atlético,-18.883 | -37.845 | -57.167 | -131.909 | -315.250 | -904.825,"-2,13% | -4,18% | -6,18% | -13,20% | -26,66% | -51,06%",,38ddías,867.232,886.115 | 905.077 | 924.399 | 999.141 | 1.182.482 | 1.772.057,Mediocampista
Lookman,Atlético,-261.157 | -148.670 | +813.700 | +6.164.870 | +18.813.269 | +45.809.751,"-0,33% | -0,19% | +1,04% | +8,47% | +31,29% | 0%",,1ddías,78.931.016,79.192.173 | 79.079.686 | 78.117.316 | 72.766.146 | 60.117.747 | 0,Delantero
Tete Morente,Elche,-47.258 | -100.073 | -154.149 | -378.782 | -854.495 | -2.476.785,"-2,27% | -4,68% | -7,04% | -15,68% | -29,56% | -54,88%",,38ddías,2.036.225,2.083.483 | 2.136.298 | 2.190.374 | 2.415.007 | 2.890.720 | 4.513.010,Delantero
Fidalgo,Betis,-41.735 | -84.018 | -125.362 | -324.826 | -703.453 | -1.814.766,"-1,50% | -2,98% | -4,38% | -10,60% | -20,43% | -39,85%",,35ddías,2.739.741,2.781.476 | 2.823.759 | 2.865.103 | 3.064.567 | 3.443.194 | 4.554.507,Mediocampista
Koski,Alavés,0 | 0 | 0 | 0 | 0 | 0,"0,00% | 0,00% | 0,00% | 0,00% | 0,00% | 0,00%",,35ddías,803.089,803.089 | 803.089 | 803.089 | 803.089 | 803.089 | 803.089,Defensa
Freeman,Villarreal,-49.707 | -101.921 | -148.943 | -322.304 | -695.491 | -1.897.753,"-1,93% | -3,88% | -5,57% | -11,32% | -21,60% | -42,92%",,38ddías,2.523.894,2.573.601 | 2.625.815 | 2.672.837 | 2.846.198 | 3.219.385 | 4.421.647,Defensa
Cepeda,Elche,-5.604 | -14.607 | -27.673 | -95.468 | -252.821 | -879.888,"-0,51% | -1,32% | -2,47% | -8,05% | -18,82% | -44,65%",,38ddías,1.090.639,1.096.243 | 1.105.246 | 1.118.312 | 1.186.107 | 1.343.460 | 1.970.527,Delantero
Ángel Pérez,Alavés,-86.639 | -172.780 | -279.749 | -782.583 | -1.807.084 | -5.781.610,"-1,25% | -2,47% | -3,94% | -10,29% | -20,94% | -45,87%",,38ddías,6.821.937,6.908.576 | 6.994.717 | 7.101.686 | 7.604.520 | 8.629.021 | 12.603.547,Delantero
Romero,Getafe,0 | 0 | 0 | 0 | 0 | 0,"0,00% | 0,00% | 0,00% | 0,00% | 0,00% | 0,00%",,35ddías,30.116.266,30.116.266 | 30.116.266 | 30.116.266 | 30.116.266 | 30.116.266 | 30.116.266,Defensa
Hugo Ríos,Deportivo,0 | 0 | 0 | 0 | 0 | 0,"0,00% | 0,00% | 0,00% | 0,00% | 0,00% | 0,00%",,35ddías,903.386,903.386 | 903.386 | 903.386 | 903.386 | 903.386 | 903.386,Portero
Aguirre,R. Sociedad B,0 | 0 | 0 | 0 | 0 | 0,"0,00% | 0,00% | 0,00% | 0,00% | 0,00% | 0,00%",,35ddías,602.257,602.257 | 602.257 | 602.257 | 602.257 | 602.257 | 602.257,Mediocampista
Cestero,Real Madrid,0 | 0 | 0 | 0 | 0 | 0,"0,00% | 0,00% | 0,00% | 0,00% | 0,00% | 0,00%",,35ddías,602.234,602.234 | 602.234 | 602.234 | 602.234 | 602.234 | 602.234,Mediocampista
Montes,Getafe,0 | 0 | 0 | 0 | 0 | 0,"0,00% | 0,00% | 0,00% | 0,00% | 0,00% | 0,00%",,35ddías,602.319,602.319 | 602.319 | 602.319 | 602.319 | 602.319 | 602.319,Defensa
Ferran,Espanyol,0 | 0 | 0 | 0 | 0 | 0,"0,00% | 0,00% | 0,00% | 0,00% | 0,00% | 0,00%",,35ddías,602.248,602.248 | 602.248 | 602.248 | 602.248 | 602.248 | 602.248,Mediocampista
Tunde,Levante,0 | 0 | 0 | 0 | 0 | 0,"0,00% | 0,00% | 0,00% | 0,00% | 0,00% | 0,00%",,35ddías,8.531.892,8.531.892 | 8.531.892 | 8.531.892 | 8.531.892 | 8.531.892 | 8.531.892,Mediocampista
Kita,R. Sociedad B,0 | 0 | 0 | 0 | 0 | 0,"0,00% | 0,00% | 0,00% | 0,00% | 0,00% | 0,00%",,35ddías,602.234,602.234 | 602.234 | 602.234 | 602.234 | 602.234 | 602.234,Defensa
Astiazaran,R. Sociedad B,0 | 0 | 0 | 0 | 0 | 0,"0,00% | 0,00% | 0,00% | 0,00% | 0,00% | 0,00%",,35ddías,602.257,602.257 | 602.257 | 602.257 | 602.257 | 602.257 | 602.257,Mediocampista
Fontanet,Valencia,0 | 0 | 0 | 0 | 0 | 0,"0,00% | 0,00% | 0,00% | 0,00% | 0,00% | 0,00%",,35ddías,581.987,581.987 | 581.987 | 581.987 | 581.987 | 581.987 | 581.987,Defensa
Mesonero,Real Madrid,0 | 0 | 0 | 0 | 0 | 0,"0,00% | 0,00% | 0,00% | 0,00% | 0,00% | 0,00%",,35ddías,702.606,702.606 | 702.606 | 702.606 | 702.606 | 702.606 | 702.606,Mediocampista
Gaitán,Villarreal,0 | 0 | 0 | 0 | 0 | 0,"0,00% | 0,00% | 0,00% | 0,00% | 0,00% | 0,00%",,35ddías,602.292,602.292 | 602.292 | 602.292 | 602.292 | 602.292 | 602.292,Mediocampista
Manuel Ángel,Real Madrid,0 | 0 | 0 | 0 | 0 | 0,"0,00% | 0,00% | 0,00% | 0,00% | 0,00% | 0,00%",,35ddías,702.606,702.606 | 702.606 | 702.606 | 702.606 | 702.606 | 702.606,Mediocampista
Julio Díaz,Sevilla,0 | 0 | 0 | 0 | +22.617 | -29.788,"0,00% | 0,00% | 0,00% | 0,00% | +4,97% | -5,87%",,11ddías,477.990,477.990 | 477.990 | 477.990 | 477.990 | 455.373 | 507.778,Defensa
Burcio,Celta,0 | 0 | 0 | 0 | 0 | 0,"0,00% | 0,00% | 0,00% | 0,00% | 0,00% | 0,00%",,35ddías,602.257,602.257 | 602.257 | 602.257 | 602.257 | 602.257 | 602.257,Mediocampista
Álex Sánchez,Elche,0 | 0 | 0 | 0 | 0 | 0,"0,00% | 0,00% | 0,00% | 0,00% | 0,00% | 0,00%",,35ddías,602.324,602.324 | 602.324 | 602.324 | 602.324 | 602.324 | 602.324,Mediocampista
A. Riquelme,Getafe,0 | 0 | 0 | 0 | 0 | 0,"0,00% | 0,00% | 0,00% | 0,00% | 0,00% | 0,00%",,35ddías,602.324,602.324 | 602.324 | 602.324 | 602.324 | 602.324 | 602.324,Mediocampista
Cubo,Atlético,0 | 0 | 0 | 0 | 0 | 0,"0,00% | 0,00% | 0,00% | 0,00% | 0,00% | 0,00%",,35ddías,602.316,602.316 | 602.316 | 602.316 | 602.316 | 602.316 | 602.316,Delantero
Puerto,Deportivo,-1.235 | -2.294 | -3.023 | -2.507 | -8.564 | -6.510,"-0,34% | -0,62% | -0,82% | -0,68% | -2,28% | -1,75%",,3ddías,366.323,367.558 | 368.617 | 369.346 | 368.830 | 374.887 | 372.833,Portero
Pastor,Málaga,-1.933 | -3.718 | -5.204 | -6.051 | -6.051 | -6.051,"-0,50% | -0,96% | -1,34% | -1,56% | -1,56% | -1,56%",,4ddías,383.065,384.998 | 386.783 | 388.269 | 389.116 | 389.116 | 389.116,Defensa
Mario,Deportivo,+409.914 | +853.175 | +1.199.490 | +2.602.982 | +5.102.149 | +9.367.459,"+1,64% | +3,47% | +4,95% | +11,41% | +25,12% | +58,39%",,37ddías,25.410.560,25.000.646 | 24.557.385 | 24.211.070 | 22.807.578 | 20.308.411 | 16.043.101,Mediocampista
Recio,Málaga,0 | 0 | 0 | 0 | 0 | 0,"0,00% | 0,00% | 0,00% | 0,00% | 0,00% | 0,00%",,34ddías,752.810,752.810 | 752.810 | 752.810 | 752.810 | 752.810 | 752.810,Defensa
Dani Sánchez,Málaga,-17.837 | -36.190 | -50.861 | -129.409 | -285.551 | -814.623,"-2,28% | -4,52% | -6,24% | -14,47% | -27,19% | -51,58%",,38ddías,764.776,782.613 | 800.966 | 815.637 | 894.185 | 1.050.327 | 1.579.399,Defensa
Galilea,Málaga,-16.327 | -36.096 | -172.053 | -315.248 | -315.248 | -315.248,"-0,41% | -0,91% | -4,17% | -7,39% | -7,39% | -7,39%",,4ddías,3.950.684,3.967.011 | 3.986.780 | 4.122.737 | 4.265.932 | 4.265.932 | 4.265.932,Defensa
Rafa GarridoRafita,Málaga,0 | 0 | 0 | 0 | 0 | 0,"0,00% | 0,00% | 0,00% | 0,00% | 0,00% | 0,00%",,34ddías,5.018.744,5.018.744 | 5.018.744 | 5.018.744 | 5.018.744 | 5.018.744 | 5.018.744,Defensa
Murillo,Málaga,-66.993 | -139.877 | -214.639 | -523.487 | -1.149.744 | -3.063.500,"-2,94% | -5,96% | -8,86% | -19,16% | -34,24% | -58,11%",,38ddías,2.208.240,2.275.233 | 2.348.117 | 2.422.879 | 2.731.727 | 3.357.984 | 5.271.740,Defensa
Puga,Málaga,-45.210 | -93.512 | -170.638 | -420.601 | -1.095.704 | -3.034.748,"-0,84% | -1,72% | -3,09% | -7,28% | -16,98% | -36,17%",,33ddías,5.356.423,5.401.633 | 5.449.935 | 5.527.061 | 5.777.024 | 6.452.127 | 8.391.171,Defensa
Céspedes,Málaga,0 | 0 | 0 | 0 | 0 | 0,"0,00% | 0,00% | 0,00% | 0,00% | 0,00% | 0,00%",,34ddías,401.498,401.498 | 401.498 | 401.498 | 401.498 | 401.498 | 401.498,Portero
Carlos López,Málaga,-2.284 | -4.435 | -6.302 | -13.125 | -23.503 | -56.353,"-0,58% | -1,12% | -1,58% | -3,24% | -5,66% | -12,58%",,13ddías,391.501,393.785 | 395.936 | 397.803 | 404.626 | 415.004 | 447.854,Portero
Herrero,Málaga,+149.298 | +336.359 | +498.652 | +773.248 | +1.000.041 | +1.391.633,"+1,91% | +4,40% | +6,67% | +10,73% | +14,33% | +21,13%",,6ddías,7.979.103,7.829.805 | 7.642.744 | 7.480.451 | 7.205.855 | 6.979.062 | 6.587.470,Portero
Osorio,Elche,0 | 0 | 0 | 0 | 0 | 0,"0,00% | 0,00% | 0,00% | 0,00% | 0,00% | 0,00%",,34ddías,1.405.425,1.405.425 | 1.405.425 | 1.405.425 | 1.405.425 | 1.405.425 | 1.405.425,Delantero
Eddahchouri,Deportivo,-34.461 | -63.233 | -93.925 | -259.747 | -619.831 | -1.547.940,"-1,75% | -3,16% | -4,63% | -11,82% | -24,24% | -44,42%",,38ddías,1.936.873,1.971.334 | 2.000.106 | 2.030.798 | 2.196.620 | 2.556.704 | 3.484.813,Delantero
Bil Nsongo,Deportivo,0 | 0 | 0 | 0 | 0 | 0,"0,00% | 0,00% | 0,00% | 0,00% | 0,00% | 0,00%",,35ddías,6.524.473,6.524.473 | 6.524.473 | 6.524.473 | 6.524.473 | 6.524.473 | 6.524.473,Delantero
Luismi,Deportivo,+14.035 | +16.465 | +7.586 | -226.167 | -1.057.352 | -3.395.307,"+0,24% | +0,28% | +0,13% | -3,68% | -15,14% | -36,43%",,2ddías,5.926.039,5.912.004 | 5.909.574 | 5.918.453 | 6.152.206 | 6.983.391 | 9.321.346,Delantero
Patino,Deportivo,-4.679 | -12.753 | -20.789 | -51.706 | -128.586 | -387.622,"-0,87% | -2,34% | -3,77% | -8,87% | -19,49% | -42,18%",,38ddías,531.241,535.920 | 543.994 | 552.030 | 582.947 | 659.827 | 918.863,Mediocampista
Mella,Deportivo,+45.613 | +76.308 | +88.907 | -30.260 | -296.489 | -1.116.323,"+1,42% | +2,40% | +2,80% | -0,92% | -8,34% | -25,51%",,3ddías,3.258.921,3.213.308 | 3.182.613 | 3.170.014 | 3.289.181 | 3.555.410 | 4.375.244,Mediocampista
Germán Parreño,Deportivo,-9.414 | -20.084 | -31.815 | -84.210 | -84.210 | -84.210,"-1,50% | -3,15% | -4,89% | -11,98% | -11,98% | -11,98%",,7ddías,618.423,627.837 | 638.507 | 650.238 | 702.633 | 702.633 | 702.633,Portero
Comas,Deportivo,-17.371 | -35.238 | -53.475 | -130.434 | -302.392 | -887.603,"-2,25% | -4,47% | -6,63% | -14,75% | -28,64% | -54,08%",,38ddías,753.588,770.959 | 788.826 | 807.063 | 884.022 | 1.055.980 | 1.641.191,Defensa
Quagliata,Deportivo,+2.562 | +12.181 | +19.981 | +131.697 | +433.009 | -130.144,"+0,08% | +0,37% | +0,61% | +4,16% | +15,10% | -3,79%",,15ddías,3.300.975,3.298.413 | 3.288.794 | 3.280.994 | 3.169.278 | 2.867.966 | 3.431.119,Defensa
Loureiro,Deportivo,-15.335 | +1.128 | +11.324 | +23.466 | -91.812 | -707.716,"-0,40% | +0,03% | +0,30% | +0,62% | -2,35% | -15,67%",,1ddías,3.809.227,3.824.562 | 3.808.099 | 3.797.903 | 3.785.761 | 3.901.039 | 4.516.943,Defensa
Teijo,Deportivo,0 | 0 | 0 | 0 | 0 | 0,"0,00% | 0,00% | 0,00% | 0,00% | 0,00% | 0,00%",,35ddías,602.257,602.257 | 602.257 | 602.257 | 602.257 | 602.257 | 602.257,Defensa
Canedo,Deportivo,0 | 0 | 0 | 0 | 0 | 0,"0,00% | 0,00% | 0,00% | 0,00% | 0,00% | 0,00%",,35ddías,602.257,602.257 | 602.257 | 602.257 | 602.257 | 602.257 | 602.257,Defensa
Samu Fernández,Deportivo,0 | 0 | 0 | 0 | 0 | 0,"0,00% | 0,00% | 0,00% | 0,00% | 0,00% | 0,00%",,35ddías,702.633,702.633 | 702.633 | 702.633 | 702.633 | 702.633 | 702.633,Defensa
Noubi,Deportivo,+290.247 | +471.136 | +628.308 | +1.592.302 | +3.296.574 | +3.466.332,"+2,51% | +4,14% | +5,60% | +15,53% | +38,58% | +41,38%",,20ddías,11.842.233,11.551.986 | 11.371.097 | 11.213.925 | 10.249.931 | 8.545.659 | 8.375.901,Defensa
Barcia,Deportivo,-26.309 | -55.302 | -84.858 | -206.533 | -468.592 | -1.232.095,"-1,89% | -3,88% | -5,84% | -13,11% | -25,51% | -47,38%",,38ddías,1.368.462,1.394.771 | 1.423.764 | 1.453.320 | 1.574.995 | 1.837.054 | 2.600.557,Defensa
Jurado,Deportivo,-27.369 | -54.707 | -82.670 | -209.190 | -489.282 | -1.411.335,"-2,48% | -4,84% | -7,14% | -16,29% | -31,29% | -56,77%",,38ddías,1.074.617,1.101.986 | 1.129.324 | 1.157.287 | 1.283.807 | 1.563.899 | 2.485.952,Mediocampista
Ximo,Deportivo,+7.621 | -5.394 | -58.732 | -289.319 | -1.087.890 | -1.087.890,"+0,14% | -0,10% | -1,07% | -5,05% | -16,67% | -16,67%",,1ddías,5.436.583,5.428.962 | 5.441.977 | 5.495.315 | 5.725.902 | 6.524.473 | 6.524.473,Defensa
Pablo García,Deportivo,0 | 0 | 0 | 0 | -39.177 | -129.752,"0,00% | 0,00% | 0,00% | 0,00% | -7,71% | -21,67%",,5ddías,468.964,468.964 | 468.964 | 468.964 | 468.964 | 508.141 | 598.716,Defensa
Noé Carrillo,Deportivo,0 | 0 | 0 | 0 | 0 | 0,"0,00% | 0,00% | 0,00% | 0,00% | 0,00% | 0,00%",,35ddías,702.633,702.633 | 702.633 | 702.633 | 702.633 | 702.633 | 702.633,Mediocampista
Riki,Deportivo,-24.959 | -49.322 | -74.050 | -187.940 | -441.838 | -441.838,"-2,29% | -4,43% | -6,51% | -15,01% | -29,35% | -29,35%",,14ddías,1.063.808,1.088.767 | 1.113.130 | 1.137.858 | 1.251.748 | 1.505.646 | 1.505.646,Mediocampista
Rubén López,Deportivo,0 | 0 | 0 | 0 | 0 | 0,"0,00% | 0,00% | 0,00% | 0,00% | 0,00% | 0,00%",,35ddías,501.880,501.880 | 501.880 | 501.880 | 501.880 | 501.880 | 501.880,Mediocampista
Villares,Deportivo,-51.239 | -105.974 | -162.530 | -412.959 | -950.168 | -2.659.573,"-1,95% | -3,96% | -5,95% | -13,84% | -26,99% | -50,85%",,38ddías,2.570.395,2.621.634 | 2.676.369 | 2.732.925 | 2.983.354 | 3.520.563 | 5.229.968,Mediocampista
Ortiz,Betis,0 | 0 | 0 | 0 | 0 | 0,"0,00% | 0,00% | 0,00% | 0,00% | 0,00% | 0,00%",,35ddías,1.706.372,1.706.372 | 1.706.372 | 1.706.372 | 1.706.372 | 1.706.372 | 1.706.372,Defensa
Aguado,Elche,+520 | -9.312 | -21.520 | -92.007 | -357.926 | -1.734.565,"+0,01% | -0,27% | -0,61% | -2,57% | -9,31% | -33,21%",,1ddías,3.487.751,3.487.231 | 3.497.063 | 3.509.271 | 3.579.758 | 3.845.677 | 5.222.316,Mediocampista
Niño,Málaga,-20.356 | -35.190 | -49.631 | -110.636 | -263.194 | -958.552,"-0,75% | -1,29% | -1,81% | -3,95% | -8,90% | -26,25%",,38ddías,2.693.152,2.713.508 | 2.728.342 | 2.742.783 | 2.803.788 | 2.956.346 | 3.651.704,Delantero
Kike Barja,Osasuna,0 | 0 | 0 | 0 | 0 | 0,"0,00% | 0,00% | 0,00% | 0,00% | 0,00% | 0,00%",,35ddías,2.810.828,2.810.828 | 2.810.828 | 2.810.828 | 2.810.828 | 2.810.828 | 2.810.828,Delantero
Cárdenas,Rayo,-10.506 | -21.301 | -32.941 | -81.225 | -176.442 | -544.509,"-1,70% | -3,38% | -5,13% | -11,76% | -22,46% | -47,20%",,38ddías,609.194,619.700 | 630.495 | 642.135 | 690.419 | 785.636 | 1.153.703,Portero
Nteka,Rayo,-23.920 | -47.318 | -71.739 | -191.248 | -442.905 | -1.251.089,"-1,80% | -3,51% | -5,22% | -12,81% | -25,38% | -49,01%",,38ddías,1.301.889,1.325.809 | 1.349.207 | 1.373.628 | 1.493.137 | 1.744.794 | 2.552.978,Delantero
Isi,Rayo,+637.564 | +1.155.571 | +1.594.801 | +367.599 | -2.874.346 | -20.269,"+3,78% | +7,07% | +10,03% | +2,15% | -14,11% | -0,12%",,3ddías,17.499.027,16.861.463 | 16.343.456 | 15.904.226 | 17.131.428 | 20.373.373 | 17.519.296,Delantero
Ratiu,Rayo,-102.344 | -268.317 | -449.036 | -1.634.596 | -4.911.023 | -23.835.804,"-0,29% | -0,75% | -1,25% | -4,40% | -12,14% | 0%",,24ddías,35.548.173,35.650.517 | 35.816.490 | 35.997.209 | 37.182.769 | 40.459.196 | 0,Defensa
Dimitrievski,Valencia,+438.603 | +903.616 | +1.294.544 | +1.299.642 | +1.299.642 | +1.299.642,"+3,40% | +7,26% | +10,74% | +10,79% | +10,79% | +10,79%",,5ddías,13.345.519,12.906.916 | 12.441.903 | 12.050.975 | 12.045.877 | 12.045.877 | 12.045.877,Portero
Iker Muñoz,Osasuna,-7.070 | -15.519 | -29.567 | -115.181 | -349.923 | -1.273.629,"-0,51% | -1,11% | -2,10% | -7,71% | -20,25% | -48,02%",,38ddías,1.378.433,1.385.503 | 1.393.952 | 1.408.000 | 1.493.614 | 1.728.356 | 2.652.062,Mediocampista
Herrando,Osasuna,-32.573 | -70.626 | -102.985 | -273.618 | -648.089 | -1.957.847,"-1,83% | -3,88% | -5,56% | -13,52% | -27,03% | -52,81%",,38ddías,1.749.761,1.782.334 | 1.820.387 | 1.852.746 | 2.023.379 | 2.397.850 | 3.707.608,Defensa
Catena,Osasuna,-301.230 | -648.817 | -1.013.715 | -2.801.494 | -6.162.434 | +2.916.743,"-0,86% | -1,83% | -2,83% | -7,46% | -15,06% | +9,16%",,14ddías,34.751.473,35.052.703 | 35.400.290 | 35.765.188 | 37.552.967 | 40.913.907 | 31.834.730,Defensa
Ibáñez,Alavés,+387 | +2.116 | -14.395 | -102.186 | -369.950 | -1.882.302,"+0,01% | +0,07% | -0,44% | -3,06% | -10,26% | -36,77%",,2ddías,3.236.293,3.235.906 | 3.234.177 | 3.250.688 | 3.338.479 | 3.606.243 | 5.118.595,Mediocampista
Budimir,Osasuna,+750.237 | +1.523.617 | +2.102.271 | +1.633.620 | -1.179.177 | +10.323.023,"+1,55% | +3,21% | +4,48% | +3,45% | -2,35% | 0%",,4ddías,49.047.821,48.297.584 | 47.524.204 | 46.945.550 | 47.414.201 | 50.226.998 | 0,Delantero
Moi Gómez,Osasuna,-30.048 | -63.286 | -100.886 | -277.922 | -687.944 | -1.985.272,"-1,42% | -2,95% | -4,62% | -11,77% | -24,83% | -48,80%",,38ddías,2.083.079,2.113.127 | 2.146.365 | 2.183.965 | 2.361.001 | 2.771.023 | 4.068.351,Mediocampista
Rubén GarcíaRubén G.,Osasuna,+199.845 | +379.626 | +450.133 | +176.478 | -796.647 | -3.414.520,"+1,51% | +2,90% | +3,46% | +1,33% | -5,59% | -20,23%",,3ddías,13.464.378,13.264.533 | 13.084.752 | 13.014.245 | 13.287.900 | 14.261.025 | 16.878.898,Mediocampista
Aitor,Osasuna,-7.012 | -12.896 | -20.218 | -37.866 | -103.986 | -325.940,"-1,35% | -2,45% | -3,78% | -6,86% | -16,83% | -38,81%",,3ddías,513.968,520.980 | 526.864 | 534.186 | 551.834 | 617.954 | 839.908,Portero
Areso,Athletic,+45.154 | +85.955 | +141.397 | +341.997 | +328.517 | -475.347,"+1,66% | +3,20% | +5,38% | +14,07% | +13,44% | -14,64%",,10ddías,2.772.010,2.726.856 | 2.686.055 | 2.630.613 | 2.430.013 | 2.443.493 | 3.247.357,Defensa
Oroz,Osasuna,+128.054 | +288.065 | +498.033 | +740.943 | -215.501 | -3.550.500,"+0,82% | +1,87% | +3,29% | +4,97% | -1,36% | -18,48%",,6ddías,15.657.486,15.529.432 | 15.369.421 | 15.159.453 | 14.916.543 | 15.872.987 | 19.207.986,Mediocampista
Álvaro García,Rayo,+187.161 | +299.055 | +491.009 | +1.130.650 | +2.718.561 | +4.988.993,"+1,06% | +1,70% | +2,82% | +6,75% | +17,93% | +38,70%",,22ddías,17.879.061,17.691.900 | 17.580.006 | 17.388.052 | 16.748.411 | 15.160.500 | 12.890.068,Mediocampista
Villar,Elche,0 | 0 | 0 | 0 | 0 | 0,"0,00% | 0,00% | 0,00% | 0,00% | 0,00% | 0,00%",,35ddías,7.027.127,7.027.127 | 7.027.127 | 7.027.127 | 7.027.127 | 7.027.127 | 7.027.127,Mediocampista
Mayoral,Getafe,-13.686 | -23.092 | -35.495 | -121.645 | -382.288 | -1.243.671,"-0,46% | -0,77% | -1,17% | -3,91% | -11,33% | -29,37%",,38ddías,2.991.221,3.004.907 | 3.014.313 | 3.026.716 | 3.112.866 | 3.373.509 | 4.234.892,Delantero
Iglesias,Sevilla,0 | 0 | 0 | 0 | 0 | 0,"0,00% | 0,00% | 0,00% | 0,00% | 0,00% | 0,00%",,35ddías,12.548.352,12.548.352 | 12.548.352 | 12.548.352 | 12.548.352 | 12.548.352 | 12.548.352,Defensa
Herrera,Real Sociedad,-18.769 | -33.174 | -55.079 | -236.760 | -694.651 | -2.228.647,"-0,60% | -1,06% | -1,74% | -7,08% | -18,28% | -41,78%",,35ddías,3.105.260,3.124.029 | 3.138.434 | 3.160.339 | 3.342.020 | 3.799.911 | 5.333.907,Mediocampista
Eric Garcia,Barcelona,-432.914 | -1.042.609 | -1.636.302 | -4.593.333 | -13.569.670 | -13.569.670,"-0,94% | -2,23% | -3,46% | -9,14% | -22,91% | -22,91%",,14ddías,45.658.562,46.091.476 | 46.701.171 | 47.294.864 | 50.251.895 | 59.228.232 | 59.228.232,Defensa
Boyé,Alavés,-320.754 | -664.089 | -1.002.243 | -1.632.158 | -2.446.568 | -6.328.961,"-2,44% | -4,92% | -7,25% | -11,29% | -16,02% | -33,04%",,34ddías,12.823.795,13.144.549 | 13.487.884 | 13.826.038 | 14.455.953 | 15.270.363 | 19.152.756,Delantero
Miguel Ángel RubioMiguel Rubio,Espanyol,-10.515 | -21.240 | -32.038 | -78.464 | -183.312 | -547.555,"-1,75% | -3,48% | -5,16% | -11,75% | -23,73% | -48,18%",,38ddías,589.035,599.550 | 610.275 | 621.073 | 667.499 | 772.347 | 1.136.590,Defensa
S. Cardona,Villarreal,-25.432 | -56.783 | -77.566 | -198.496 | -483.179 | -1.135.033,"-0,54% | -1,19% | -1,62% | -4,04% | -9,31% | -19,42%",,31ddías,4.708.703,4.734.135 | 4.765.486 | 4.786.269 | 4.907.199 | 5.191.882 | 5.843.736,Defensa
Moncayola,Osasuna,+80.303 | +161.429 | +262.896 | +549.159 | +1.088.853 | +590.709,"+1,23% | +2,51% | +4,15% | +9,07% | +19,74% | +9,82%",,13ddías,6.604.720,6.524.417 | 6.443.291 | 6.341.824 | 6.055.561 | 5.515.867 | 6.014.011,Mediocampista
Javi Muñoz,Getafe,-13.152 | -24.291 | -37.843 | -95.114 | -224.528 | -675.536,"-1,98% | -3,59% | -5,49% | -12,73% | -25,61% | -50,88%",,38ddías,652.082,665.234 | 676.373 | 689.925 | 747.196 | 876.610 | 1.327.618,Mediocampista
Moleiro,Villarreal,+1.083.612 | +2.305.431 | +3.844.967 | +8.951.827 | +7.805.817 | -29.912.584,"+1,67% | +3,61% | +6,17% | +15,65% | +13,38% | 0%",,9ddías,66.147.884,65.064.272 | 63.842.453 | 62.302.917 | 57.196.057 | 58.342.067 | 0,Mediocampista
Valles,Betis,+660.256 | +1.529.798 | +2.441.453 | +6.236.182 | +12.488.454 | +19.982.175,"+2,11% | +5,03% | +8,28% | +24,26% | +64,21% | +167,12%",,37ddías,31.938.701,31.278.445 | 30.408.903 | 29.497.248 | 25.702.519 | 19.450.247 | 11.956.526,Portero
Copete,Valencia,-67.910 | -138.377 | -210.126 | -523.515 | -1.182.960 | -3.237.172,"-3,18% | -6,28% | -9,23% | -20,22% | -36,41% | -61,04%",,38ddías,2.066.099,2.134.009 | 2.204.476 | 2.276.225 | 2.589.614 | 3.249.059 | 5.303.271,Defensa
Herrera,Osasuna,+245.388 | +703.833 | +1.311.192 | +4.367.888 | +10.817.456 | +21.455.736,"+0,61% | +1,78% | +3,36% | +12,14% | +36,63% | +113,56%",,36ddías,40.350.051,40.104.663 | 39.646.218 | 39.038.859 | 35.982.163 | 29.532.595 | 18.894.315,Portero
Torró,Osasuna,-16.160 | -35.127 | -53.457 | -151.681 | -389.255 | -1.334.884,"-0,64% | -1,37% | -2,08% | -5,68% | -13,38% | -34,63%",,34ddías,2.519.703,2.535.863 | 2.554.830 | 2.573.160 | 2.671.384 | 2.908.958 | 3.854.587,Mediocampista
Unai López,Rayo,+15.729 | +29.120 | +11.993 | -69.926 | -325.106 | -790.741,"+0,27% | +0,51% | +0,21% | -1,19% | -5,32% | -12,02%",,2ddías,5.786.111,5.770.382 | 5.756.991 | 5.774.118 | 5.856.037 | 6.111.217 | 6.576.852,Mediocampista
De Frutos,Rayo,-804.457 | -1.495.711 | -1.742.175 | -507.924 | +5.226.465 | +19.590.672,"-1,66% | -3,04% | -3,52% | -1,05% | +12,28% | +69,49%",,3ddías,47.781.555,48.586.012 | 49.277.266 | 49.523.730 | 48.289.479 | 42.555.090 | 28.190.883,Delantero
Soria,Getafe,+70.063 | -547.370 | -1.209.025 | -1.209.025 | -1.209.025 | -1.209.025,"+0,39% | -2,94% | -6,27% | -6,27% | -6,27% | -6,27%",,1ddías,18.087.329,18.017.266 | 18.634.699 | 19.296.354 | 19.296.354 | 19.296.354 | 19.296.354,Portero
Mendy,Real Madrid,-18.233 | -36.998 | -56.171 | -139.735 | -319.140 | -941.901,"-2,30% | -4,56% | -6,76% | -15,29% | -29,19% | -54,88%",,38ddías,774.284,792.517 | 811.282 | 830.455 | 914.019 | 1.093.424 | 1.716.185,Defensa
Turrientes,Real Sociedad,+80.964 | +147.705 | +166.031 | -161.220 | -875.705 | -3.205.078,"+1,18% | +2,17% | +2,45% | -2,27% | -11,20% | -31,59%",,3ddías,6.940.602,6.859.638 | 6.792.897 | 6.774.571 | 7.101.822 | 7.816.307 | 10.145.680,Mediocampista
Pacheco,Real Sociedad,0 | 0 | 0 | 0 | 0 | 0,"0,00% | 0,00% | 0,00% | 0,00% | 0,00% | 0,00%",,35ddías,4.015.452,4.015.452 | 4.015.452 | 4.015.452 | 4.015.452 | 4.015.452 | 4.015.452,Defensa
Sadiq,Valencia,-72.003 | -244.154 | -477.302 | -1.416.808 | -3.386.477 | -7.326.382,"-1,01% | -3,36% | -6,36% | -16,77% | -32,51% | -51,03%",,36ddías,7.029.924,7.101.927 | 7.274.078 | 7.507.226 | 8.446.732 | 10.416.401 | 14.356.306,Delantero
Olasagasti,Levante,+90.863 | +178.655 | +262.959 | +460.586 | +448.351 | -1.028.156,"+2,23% | +4,47% | +6,73% | +12,41% | +12,04% | -19,77%",,10ddías,4.173.115,4.082.252 | 3.994.460 | 3.910.156 | 3.712.529 | 3.724.764 | 5.201.271,Mediocampista
Kubo,Real Sociedad,+328.206 | +650.659 | +791.276 | -539.429 | -4.079.723 | -10.009.730,"+1,46% | +2,93% | +3,58% | -2,30% | -15,14% | -30,44%",,3ddías,22.872.178,22.543.972 | 22.221.519 | 22.080.902 | 23.411.607 | 26.951.901 | 32.881.908,Mediocampista
Zakharyan,Real Sociedad,-26.835 | -54.780 | -82.911 | -212.017 | -479.968 | -1.369.341,"-2,42% | -4,81% | -7,11% | -16,36% | -30,69% | -55,82%",,38ddías,1.083.963,1.110.798 | 1.138.743 | 1.166.874 | 1.295.980 | 1.563.931 | 2.453.304,Mediocampista
Oyarzabal,Real Sociedad,-489.157 | -1.028.861 | -1.484.335 | -3.798.381 | -11.049.326 | -50.004.077,"-0,75% | -1,57% | -2,25% | -5,57% | -14,64% | 0%",,22ddías,64.407.097,64.896.254 | 65.435.958 | 65.891.432 | 68.205.478 | 75.456.423 | 0,Delantero
Marín,Real Sociedad,-53.186 | -101.601 | -159.850 | -403.991 | -913.440 | -2.541.593,"-3,04% | -5,65% | -8,61% | -19,22% | -34,99% | -59,96%",,38ddías,1.697.417,1.750.603 | 1.799.018 | 1.857.267 | 2.101.408 | 2.610.857 | 4.239.010,Mediocampista
Barrenetxea,Real Sociedad,-313.551 | -670.454 | -1.146.059 | -3.125.444 | -7.718.543 | -718.093,"-0,93% | -1,97% | -3,32% | -8,57% | -18,79% | -2,11%",,16ddías,33.363.877,33.677.428 | 34.034.331 | 34.509.936 | 36.489.321 | 41.082.420 | 34.081.970,Mediocampista
Zubeldia,Real Sociedad,+61.442 | +74.152 | +42.087 | -147.338 | -690.365 | -3.180.499,"+0,63% | +0,76% | +0,43% | -1,48% | -6,59% | -24,52%",,2ddías,9.792.276,9.730.834 | 9.718.124 | 9.750.189 | 9.939.614 | 10.482.641 | 12.972.775,Defensa
Aihen,Real Sociedad,-34.747 | -71.832 | -108.080 | -272.592 | -627.115 | -1.806.045,"-2,31% | -4,65% | -6,84% | -15,62% | -29,87% | -55,09%",,38ddías,1.472.541,1.507.288 | 1.544.373 | 1.580.621 | 1.745.133 | 2.099.656 | 3.278.586,Defensa
Odriozola,Real Sociedad,-11.715 | -23.691 | -35.791 | -87.992 | -205.521 | -616.782,"-1,86% | -3,69% | -5,48% | -12,47% | -24,96% | -49,96%",,38ddías,617.847,629.562 | 641.538 | 653.638 | 705.839 | 823.368 | 1.234.629,Defensa
Remiro,Real Sociedad,-518.443 | -881.244 | -1.311.819 | -386.780 | +6.524.272 | +20.489.338,"-1,16% | -1,96% | -2,89% | -0,87% | +17,35% | +86,71%",,4ddías,44.120.341,44.638.784 | 45.001.585 | 45.432.160 | 44.507.121 | 37.596.069 | 23.631.003,Portero
Güler,Real Madrid,+194.789 | +136.704 | -88.018 | -2.652.949 | -7.527.906 | -21.228.104,"+0,38% | +0,27% | -0,17% | -4,96% | -12,90% | -29,46%",,1ddías,50.836.360,50.641.571 | 50.699.656 | 50.924.378 | 53.489.309 | 58.364.266 | 72.064.464,Mediocampista
Rüdiger,Real Madrid,-132.367 | -231.746 | -399.566 | -1.353.074 | -4.167.718 | -11.533.939,"-0,48% | -0,83% | -1,42% | -4,66% | -13,08% | -29,41%",,35ddías,27.690.128,27.822.495 | 27.921.874 | 28.089.694 | 29.043.202 | 31.857.846 | 39.224.067,Defensa
Balliu,Rayo,+19.607 | +39.628 | +58.044 | +70.334 | -8.220 | -386.416,"+2,26% | +4,67% | +6,99% | +8,59% | -0,92% | -30,30%",,6ddías,889.018,869.411 | 849.390 | 830.974 | 818.684 | 897.238 | 1.275.434,Defensa
Valou,Getafe,0 | 0 | 0 | 0 | 0 | 0,"0,00% | 0,00% | 0,00% | 0,00% | 0,00% | 0,00%",,35ddías,602.292,602.292 | 602.292 | 602.292 | 602.292 | 602.292 | 602.292,Defensa
Pathé Ciss,Rayo,+147.464 | +277.023 | +371.165 | +984.943 | +1.095.060 | +253.315,"+1,27% | +2,41% | +3,26% | +9,15% | +10,28% | +2,20%",,12ddías,11.749.753,11.602.289 | 11.472.730 | 11.378.588 | 10.764.810 | 10.654.693 | 11.496.438,Mediocampista
Valentín,Rayo,+29.961 | +76.920 | +107.920 | +129.303 | -171.791 | -1.689.388,"+0,85% | +2,21% | +3,13% | +3,78% | -4,62% | -32,24%",,6ddías,3.550.467,3.520.506 | 3.473.547 | 3.442.547 | 3.421.164 | 3.722.258 | 5.239.855,Mediocampista
Lejeune,Rayo,-38.488 | -117.438 | -353.334 | -1.562.670 | -6.054.199 | -37.708.778,"-0,10% | -0,31% | -0,91% | -3,92% | -13,66% | 0%",,24ddías,38.273.306,38.311.794 | 38.390.744 | 38.626.640 | 39.835.976 | 44.327.505 | 0,Defensa
Camello,Rayo,-4.935 | -17.754 | -26.293 | -87.649 | -298.903 | -1.407.435,"-0,16% | -0,57% | -0,84% | -2,75% | -8,80% | -31,24%",,38ddías,3.097.822,3.102.757 | 3.115.576 | 3.124.115 | 3.185.471 | 3.396.725 | 4.505.257,Delantero
Courtois,Real Madrid,+1.150.888 | +1.943.564 | +2.474.534 | +1.528.608 | -384.815 | +7.848.840,"+1,99% | +3,41% | +4,38% | +2,66% | -0,65% | +15,36%",,3ddías,58.953.799,57.802.911 | 57.010.235 | 56.479.265 | 57.425.191 | 59.338.614 | 51.104.959,Portero
Militão,Real Madrid,-369.549 | -756.882 | -1.156.469 | -2.816.283 | -6.330.954 | -16.185.962,"-2,81% | -5,59% | -8,29% | -18,04% | -33,11% | -55,86%",,38ddías,12.792.301,13.161.850 | 13.549.183 | 13.948.770 | 15.608.584 | 19.123.255 | 28.978.263,Defensa
Vinicius,Real Madrid,+1.404.698 | +3.247.392 | +5.194.290 | +8.112.854 | -29.531 | -47.553.049,"+1,33% | +3,13% | +5,10% | +8,21% | -0,03% | 0%",,6ddías,106.943.470,105.538.772 | 103.696.078 | 101.749.180 | 98.830.616 | 106.973.001 | 0,Delantero
Brahim,Real Madrid,-228.390 | -448.869 | -686.365 | -1.771.568 | -3.978.316 | -8.712.042,"-2,11% | -4,07% | -6,09% | -14,33% | -27,31% | -45,14%",,34ddías,10.589.994,10.818.384 | 11.038.863 | 11.276.359 | 12.361.562 | 14.568.310 | 19.302.036,Mediocampista
Rodrygo,Real Madrid,-70.831 | -147.191 | -227.722 | -536.009 | -1.148.632 | -2.283.638,"-2,18% | -4,43% | -6,69% | -14,44% | -26,56% | -41,82%",,28ddías,3.176.561,3.247.392 | 3.323.752 | 3.404.283 | 3.712.570 | 4.325.193 | 5.460.199,Delantero
Camavinga,Real Madrid,-238.257 | -478.289 | -709.276 | -1.815.412 | -4.186.007 | -10.173.246,"-2,19% | -4,29% | -6,24% | -14,55% | -28,20% | -48,83%",,38ddías,10.659.015,10.897.272 | 11.137.304 | 11.368.291 | 12.474.427 | 14.845.022 | 20.832.261,Mediocampista
Lunin,Real Madrid,-36.439 | -73.344 | -109.130 | -240.349 | -499.864 | -1.399.631,"-1,63% | -3,23% | -4,74% | -9,87% | -18,55% | -38,94%",,38ddías,2.194.553,2.230.992 | 2.267.897 | 2.303.683 | 2.434.902 | 2.694.417 | 3.594.184,Portero
Valverde,Real Madrid,-417.055 | -830.639 | -1.632.757 | -4.242.186 | -8.675.920 | -27.814.596,"-0,60% | -1,18% | -2,29% | -5,74% | -11,08% | -28,55%",,38ddías,69.615.119,70.032.174 | 70.445.758 | 71.247.876 | 73.857.305 | 78.291.039 | 97.429.715,Mediocampista
Tchouaméni,Real Madrid,-562.047 | -1.183.754 | -1.782.756 | -4.170.849 | -10.457.176 | -13.396.682,"-1,28% | -2,67% | -3,96% | -8,81% | -19,49% | -23,67%",,23ddías,43.197.493,43.759.540 | 44.381.247 | 44.980.249 | 47.368.342 | 53.654.669 | 56.594.175,Mediocampista
Fran García,Betis,0 | 0 | 0 | 0 | 0 | 0,"0,00% | 0,00% | 0,00% | 0,00% | 0,00% | 0,00%",,36ddías,9.591.157,9.591.157 | 9.591.157 | 9.591.157 | 9.591.157 | 9.591.157 | 9.591.157,Defensa
Diego Rico,Osasuna,0 | 0 | 0 | 0 | 0 | 0,"0,00% | 0,00% | 0,00% | 0,00% | 0,00% | 0,00%",,35ddías,4.918.952,4.918.952 | 4.918.952 | 4.918.952 | 4.918.952 | 4.918.952 | 4.918.952,Defensa
Carmona,Sevilla,-22.834 | -54.553 | -82.563 | -227.033 | -607.257 | -1.854.278,"-0,52% | -1,23% | -1,85% | -4,92% | -12,15% | -29,70%",,33ddías,4.389.575,4.412.409 | 4.444.128 | 4.472.138 | 4.616.608 | 4.996.832 | 6.243.853,Defensa
Marrero,Real Sociedad,-25.811 | -50.934 | -80.657 | -198.729 | -430.805 | -1.305.859,"-2,13% | -4,12% | -6,37% | -14,35% | -26,65% | -52,40%",,38ddías,1.186.002,1.211.813 | 1.236.936 | 1.266.659 | 1.384.731 | 1.616.807 | 2.491.861,Portero
Sancet,Athletic,-1.050.546 | -2.044.007 | -2.673.116 | -1.458.020 | +5.000.012 | +20.542.370,"-2,08% | -3,97% | -5,13% | -2,87% | +11,26% | +71,16%",,4ddías,49.412.058,50.462.604 | 51.456.065 | 52.085.174 | 50.870.078 | 44.412.046 | 28.869.688,Mediocampista
Galán,Celta,-386.801 | -857.399 | -1.140.138 | -1.140.138 | -1.140.138 | -1.140.138,"-2,82% | -6,04% | -7,88% | -7,88% | -7,88% | -7,88%",,3ddías,13.335.691,13.722.492 | 14.193.090 | 14.475.829 | 14.475.829 | 14.475.829 | 14.475.829,Defensa
M. Llorente,Atlético,-614.635 | -1.289.781 | -2.098.366 | -5.347.096 | -12.779.907 | -3.914.446,"-1,17% | -2,42% | -3,87% | -9,31% | -19,71% | -6,99%",,18ddías,52.060.143,52.674.778 | 53.349.924 | 54.158.509 | 57.407.239 | 64.840.050 | 55.974.589,Defensa
Oblak,Atlético,-461.178 | -826.473 | -1.456.576 | -1.402.817 | +2.279.564 | +12.762.747,"-0,85% | -1,52% | -2,65% | -2,55% | +4,45% | +31,31%",,5ddías,53.525.995,53.987.173 | 54.352.468 | 54.982.571 | 54.928.812 | 51.246.431 | 40.763.248,Portero
Koke,Atlético,0 | 0 | 0 | 0 | 0 | 0,"0,00% | 0,00% | 0,00% | 0,00% | 0,00% | 0,00%",,35ddías,17.767.671,17.767.671 | 17.767.671 | 17.767.671 | 17.767.671 | 17.767.671 | 17.767.671,Mediocampista
Giménez,Atlético,-98.344 | -211.868 | -324.739 | -808.842 | -1.825.200 | -4.599.970,"-1,98% | -4,18% | -6,26% | -14,27% | -27,30% | -48,62%",,33ddías,4.861.069,4.959.413 | 5.072.937 | 5.185.808 | 5.669.911 | 6.686.269 | 9.461.039,Defensa
Egiluz,Athletic,-3.705 | -7.336 | -10.745 | -24.404 | -57.311 | -154.810,"-0,86% | -1,69% | -2,46% | -5,42% | -11,87% | -26,67%",,38ddías,425.598,429.303 | 432.934 | 436.343 | 450.002 | 482.909 | 580.408,Defensa
Prados,Athletic,-29.664 | -61.609 | -88.480 | -227.907 | -516.664 | -1.479.193,"-1,94% | -3,96% | -5,58% | -13,22% | -25,67% | -49,72%",,38ddías,1.496.109,1.525.773 | 1.557.718 | 1.584.589 | 1.724.016 | 2.012.773 | 2.975.302,Mediocampista
Villalibre,Racing,-76.150 | -317.250 | -573.689 | -573.689 | -573.689 | -573.689,"-1,08% | -4,36% | -7,62% | -7,62% | -7,62% | -7,62%",,3ddías,6.954.257,7.030.407 | 7.271.507 | 7.527.946 | 7.527.946 | 7.527.946 | 7.527.946,Delantero
Yuri,Athletic,-64.532 | -97.147 | -253.923 | -964.622 | -2.510.597 | -5.441.969,"-0,51% | -0,76% | -1,97% | -7,10% | -16,59% | -30,12%",,23ddías,12.625.806,12.690.338 | 12.722.953 | 12.879.729 | 13.590.428 | 15.136.403 | 18.067.775,Defensa
R. de Galarreta,Athletic,+97.897 | +271.893 | +473.357 | +1.233.048 | +1.566.825 | +230.706,"+0,82% | +2,32% | +4,11% | +11,46% | +15,03% | +1,96%",,13ddías,11.990.281,11.892.384 | 11.718.388 | 11.516.924 | 10.757.233 | 10.423.456 | 11.759.575,Mediocampista
Agirrezabala,Racing,0 | 0 | 0 | 0 | 0 | 0,"0,00% | 0,00% | 0,00% | 0,00% | 0,00% | 0,00%",,35ddías,2.911.085,2.911.085 | 2.911.085 | 2.911.085 | 2.911.085 | 2.911.085 | 2.911.085,Portero
Guruzeta,Athletic,+169.073 | +406.546 | +624.583 | +1.149.006 | +1.633.278 | +153.124,"+1,28% | +3,13% | +4,89% | +9,37% | +13,87% | +1,16%",,12ddías,13.406.279,13.237.206 | 12.999.733 | 12.781.696 | 12.257.273 | 11.773.001 | 13.253.155,Delantero
N. Williams,Athletic,-1.119.080 | -2.499.728 | -3.820.211 | -9.251.869 | -5.713.547 | +24.642.911,"-1,66% | -3,63% | -5,44% | -12,23% | -7,92% | 0%",,8ddías,66.396.626,67.515.706 | 68.896.354 | 70.216.837 | 75.648.495 | 72.110.173 | 0,Delantero
I. Williams,Athletic,-301.504 | -619.585 | -1.025.601 | -2.278.262 | -393.433 | +5.678.919,"-1,07% | -2,17% | -3,54% | -7,55% | -1,39% | +25,54%",,7ddías,27.912.963,28.214.467 | 28.532.548 | 28.938.564 | 30.191.225 | 28.306.396 | 22.234.044,Delantero
Berenguer,Athletic,-108.480 | -200.119 | -327.334 | -740.590 | -1.606.385 | -3.019.912,"-1,18% | -2,15% | -3,47% | -7,52% | -15,00% | -24,91%",,29ddías,9.104.849,9.213.329 | 9.304.968 | 9.432.183 | 9.845.439 | 10.711.234 | 12.124.761,Delantero
Riquelme,Betis,+119.604 | +250.115 | +310.805 | +406.686 | +146.879 | -1.050.370,"+3,28% | +7,11% | +8,99% | +12,10% | +4,06% | -21,80%",,6ddías,3.767.796,3.648.192 | 3.517.681 | 3.456.991 | 3.361.110 | 3.620.917 | 4.818.166,Mediocampista
Kike García,Espanyol,-130.627 | -262.646 | -398.341 | -990.230 | -1.871.898 | -4.350.443,"-3,27% | -6,36% | -9,33% | -20,37% | -32,60% | -52,92%",,36ddías,3.869.847,4.000.474 | 4.132.493 | 4.268.188 | 4.860.077 | 5.741.745 | 8.220.290,Delantero
Gorosabel,Athletic,-53.264 | -119.087 | -192.299 | -519.554 | -1.190.068 | -2.952.897,"-2,17% | -4,73% | -7,42% | -17,80% | -33,16% | -55,17%",,38ddías,2.399.106,2.452.370 | 2.518.193 | 2.591.405 | 2.918.660 | 3.589.174 | 5.352.003,Defensa
Abqar,Getafe,+152.104 | +335.507 | +482.769 | +1.060.908 | +1.910.000 | +977.223,"+2,29% | +5,20% | +7,66% | +18,54% | +39,20% | +16,83%",,17ddías,6.782.210,6.630.106 | 6.446.703 | 6.299.441 | 5.721.302 | 4.872.210 | 5.804.987,Defensa
Guevara,Alavés,-23.984 | -46.681 | -69.748 | -182.870 | -437.616 | -1.309.346,"-2,01% | -3,84% | -5,63% | -13,52% | -27,23% | -52,82%",,38ddías,1.169.655,1.193.639 | 1.216.336 | 1.239.403 | 1.352.525 | 1.607.271 | 2.479.001,Mediocampista
Blanco,Alavés,-45.828 | -75.570 | -168.078 | -691.653 | -1.968.361 | -6.750.221,"-0,30% | -0,50% | -1,11% | -4,41% | -11,60% | -31,03%",,30ddías,15.001.996,15.047.824 | 15.077.566 | 15.170.074 | 15.693.649 | 16.970.357 | 21.752.217,Mediocampista
Rioja,Valencia,-439.322 | -892.992 | -1.362.090 | -3.362.555 | -5.449.306 | -9.753.852,"-3,16% | -6,22% | -9,19% | -20,00% | -28,83% | -42,03%",,38ddías,13.454.293,13.893.615 | 14.347.285 | 14.816.383 | 16.816.848 | 18.903.599 | 23.208.145,Mediocampista
Tenaglia,Alavés,+19.302 | -5.465 | -16.867 | -229.509 | -776.291 | -2.796.099,"+0,13% | -0,04% | -0,12% | -1,57% | -5,12% | -16,27%",,1ddías,14.385.200,14.365.898 | 14.390.665 | 14.402.067 | 14.614.709 | 15.161.491 | 17.181.299,Defensa
Guridi,Sevilla,0 | 0 | 0 | 0 | 0 | 0,"0,00% | 0,00% | 0,00% | 0,00% | 0,00% | 0,00%",,35ddías,5.019.315,5.019.315 | 5.019.315 | 5.019.315 | 5.019.315 | 5.019.315 | 5.019.315,Mediocampista
Yeray,Athletic,+78.277 | +157.780 | +233.174 | +487.317 | +440.565 | -407.527,"+1,77% | +3,62% | +5,45% | +12,11% | +10,82% | -8,28%",,10ddías,4.511.734,4.433.457 | 4.353.954 | 4.278.560 | 4.024.417 | 4.071.169 | 4.919.261,Defensa
Rebbach,Alavés,-82.596 | -175.541 | -259.480 | -588.986 | -1.231.388 | -3.544.526,"-2,08% | -4,31% | -6,24% | -13,13% | -24,01% | -47,64%",,36ddías,3.896.260,3.978.856 | 4.071.801 | 4.155.740 | 4.485.246 | 5.127.648 | 7.440.786,Delantero
Carlos BenavidezProtesoni,Alavés,0 | 0 | 0 | 0 | 0 | 0,"0,00% | 0,00% | 0,00% | 0,00% | 0,00% | 0,00%",,35ddías,3.011.588,3.011.588 | 3.011.588 | 3.011.588 | 3.011.588 | 3.011.588 | 3.011.588,Mediocampista
Pubill,Atlético,-1.199.929 | -2.532.579 | -3.943.407 | -10.058.929 | -8.477.630 | +14.528.733,"-1,90% | -3,93% | -5,99% | -13,98% | -12,05% | +30,69%",,9ddías,61.871.895,63.071.824 | 64.404.474 | 65.815.302 | 71.930.824 | 70.349.525 | 47.343.162,Defensa
Unai Simón,Athletic,-914.541 | -1.768.514 | -2.729.247 | -3.032.316 | +6.107.673 | +30.769.788,"-1,61% | -3,07% | -4,66% | -5,15% | +12,28% | +122,70%",,5ddías,55.846.063,56.760.604 | 57.614.577 | 58.575.310 | 58.878.379 | 49.738.390 | 25.076.275,Portero
Vivian,Athletic,-356.331 | -716.729 | -1.082.231 | -2.598.311 | -5.604.173 | -10.098.163,"-3,01% | -5,87% | -8,61% | -18,44% | -32,78% | -46,77%",,27ddías,11.492.926,11.849.257 | 12.209.655 | 12.575.157 | 14.091.237 | 17.097.099 | 21.591.089,Defensa
Paredes,Athletic,+117.655 | +211.305 | +328.309 | +571.441 | +547.480 | -910.854,"+2,50% | +4,58% | +7,30% | +13,43% | +12,79% | -15,87%",,10ddías,4.827.669,4.710.014 | 4.616.364 | 4.499.360 | 4.256.228 | 4.280.189 | 5.738.523,Defensa
Barrios,Atlético,-432.849 | -1.087.144 | -2.119.333 | -6.694.195 | -12.218.792 | +575.226,"-1,02% | -2,53% | -4,82% | -13,79% | -22,59% | +1,39%",,12ddías,41.864.711,42.297.560 | 42.951.855 | 43.984.044 | 48.558.906 | 54.083.503 | 41.289.485,Mediocampista
Balde,Barcelona,-55.751 | -154.021 | -352.306 | -2.276.118 | -5.379.718 | +2.100.869,"-0,24% | -0,67% | -1,51% | -9,02% | -18,99% | +10,08%",,16ddías,22.951.332,23.007.083 | 23.105.353 | 23.303.638 | 25.227.450 | 28.331.050 | 20.850.463,Defensa
Aleñá,Alavés,-22.790 | -41.300 | -74.837 | -267.288 | -716.319 | -2.187.803,"-0,58% | -1,04% | -1,88% | -6,39% | -15,47% | -35,85%",,38ddías,3.914.585,3.937.375 | 3.955.885 | 3.989.422 | 4.181.873 | 4.630.904 | 6.102.388,Mediocampista
Bartra,Betis,+163.613 | +388.075 | +683.297 | +1.871.124 | +3.802.708 | +8.310.519,"+0,59% | +1,41% | +2,51% | +7,19% | +15,79% | +42,45%",,32ddías,27.889.978,27.726.365 | 27.501.903 | 27.206.681 | 26.018.854 | 24.087.270 | 19.579.459,Defensa
Djené,Getafe,-562.447 | -562.447 | -562.447 | -562.447 | -562.447 | -562.447,"-6,67% | -6,67% | -6,67% | -6,67% | -6,67% | -6,67%",,1ddías,7.870.045,8.432.492 | 8.432.492 | 8.432.492 | 8.432.492 | 8.432.492 | 8.432.492,Defensa
Sotelo,Levante,0 | 0 | 0 | 0 | +14.035 | -394.715,"0,00% | 0,00% | 0,00% | 0,00% | +1,03% | -22,21%",,13ddías,1.382.803,1.382.803 | 1.382.803 | 1.382.803 | 1.382.803 | 1.368.768 | 1.777.518,Mediocampista
Swedberg,Celta,-50.024 | -136.332 | -202.145 | -529.675 | -1.248.235 | -4.044.184,"-0,61% | -1,65% | -2,43% | -6,12% | -13,32% | -33,23%",,35ddías,8.124.704,8.174.728 | 8.261.036 | 8.326.849 | 8.654.379 | 9.372.939 | 12.168.888,Mediocampista
Iván Villar,Celta,-19.929 | -38.679 | -59.497 | -155.719 | -343.189 | -1.066.124,"-1,93% | -3,68% | -5,55% | -13,33% | -25,32% | -51,29%",,38ddías,1.012.425,1.032.354 | 1.051.104 | 1.071.922 | 1.168.144 | 1.355.614 | 2.078.549,Portero
Aspas,Celta,-105.046 | -217.864 | -345.763 | -803.847 | -1.748.722 | -4.386.572,"-1,41% | -2,88% | -4,49% | -9,85% | -19,21% | -37,37%",,32ddías,7.352.988,7.458.034 | 7.570.852 | 7.698.751 | 8.156.835 | 9.101.710 | 11.739.560,Delantero
Carles Pérez,Celta,-36.942 | -74.419 | -113.475 | -285.003 | -639.231 | -353.363,"-2,83% | -5,53% | -8,20% | -18,32% | -33,47% | 0%",,15ddías,1.270.703,1.307.645 | 1.345.122 | 1.384.178 | 1.555.706 | 1.909.934 | 0,Delantero
Dotor,Málaga,0 | 0 | 0 | 0 | 0 | +4.403,"0,00% | 0,00% | 0,00% | 0,00% | 0,00% | 0%",,22ddías,4.014.904,4.014.904 | 4.014.904 | 4.014.904 | 4.014.904 | 4.014.904 | 0,Mediocampista
U. Núñez,Espanyol,-9.252 | -32.462 | -56.584 | -227.668 | -908.390 | -1.437.273,"-0,26% | -0,90% | -1,56% | -5,98% | -20,23% | -28,64%",,18ddías,3.581.841,3.591.093 | 3.614.303 | 3.638.425 | 3.809.509 | 4.490.231 | 5.019.114,Defensa
Starfelt,Celta,+104.805 | +388.831 | +679.607 | +1.689.827 | +3.390.986 | +2.616.051,"+0,78% | +2,94% | +5,25% | +14,17% | +33,15% | +23,78%",,15ddías,13.619.205,13.514.400 | 13.230.374 | 12.939.598 | 11.929.378 | 10.228.219 | 11.003.154,Defensa
Chust,Elche,0 | 0 | 0 | 0 | 0 | 0,"0,00% | 0,00% | 0,00% | 0,00% | 0,00% | 0,00%",,35ddías,5.019.376,5.019.376 | 5.019.376 | 5.019.376 | 5.019.376 | 5.019.376 | 5.019.376,Defensa
Navarro,Athletic,+9.079 | +17.595 | +18.977 | -23.883 | -169.059 | -815.692,"+0,44% | +0,85% | +0,92% | -1,13% | -7,50% | -28,13%",,3ddías,2.084.458,2.075.379 | 2.066.863 | 2.065.481 | 2.108.341 | 2.253.517 | 2.900.150,Mediocampista
Ruibal,Betis,-77.175 | -157.172 | -239.806 | -594.682 | -1.342.538 | -3.697.743,"-3,00% | -5,93% | -8,77% | -19,26% | -35,00% | -59,73%",,38ddías,2.493.473,2.570.648 | 2.650.645 | 2.733.279 | 3.088.155 | 3.836.011 | 6.191.216,Delantero
Isco,Betis,-479.931 | -874.577 | -1.346.900 | -3.997.737 | -13.841.031 | +45.299.095,"-0,85% | -1,53% | -2,34% | -6,64% | -19,76% | 0%",,22ddías,56.191.606,56.671.537 | 57.066.183 | 57.538.506 | 60.189.343 | 70.032.637 | 0,Mediocampista
Marc Roca,Betis,+56.601 | +125.677 | +202.276 | +489.687 | +675.041 | -171.302,"+1,08% | +2,43% | +3,98% | +10,20% | +14,63% | -3,14%",,12ddías,5.288.558,5.231.957 | 5.162.881 | 5.086.282 | 4.798.871 | 4.613.517 | 5.459.860,Mediocampista
Ayoze,Villarreal,+282.418 | +518.097 | +639.684 | +253.156 | -594.051 | -2.678.204,"+1,74% | +3,24% | +4,04% | +1,56% | -3,48% | -13,97%",,3ddías,16.486.712,16.204.294 | 15.968.615 | 15.847.028 | 16.233.556 | 17.080.763 | 19.164.916,Delantero
Gavi,Barcelona,-815.707 | -1.638.393 | -2.463.819 | -4.645.463 | -1.943.981 | +8.133.993,"-2,33% | -4,57% | -6,72% | -11,96% | -5,38% | +31,21%",,7ddías,34.194.075,35.009.782 | 35.832.468 | 36.657.894 | 38.839.538 | 36.138.056 | 26.060.082,Mediocampista
Koundé,Barcelona,-671.007 | -1.317.068 | -2.064.443 | -5.180.956 | -10.350.332 | +1.513.463,"-1,55% | -2,99% | -4,61% | -10,83% | -19,52% | +3,68%",,14ddías,42.678.862,43.349.869 | 43.995.930 | 44.743.305 | 47.859.818 | 53.029.194 | 41.165.399,Defensa
Ferran,Barcelona,-1.882.208 | -3.798.038 | -5.787.231 | -12.213.571 | -3.182.169 | +2.977.658,"-3,01% | -5,90% | -8,72% | -16,77% | -4,99% | +5,17%",,7ddías,60.614.422,62.496.630 | 64.412.460 | 66.401.653 | 72.827.993 | 63.796.591 | 57.636.764,Delantero
Pedri,Barcelona,-338.052 | -991.116 | -1.698.879 | -4.560.486 | -11.689.055 | -90.049.914,"-0,38% | -1,11% | -1,88% | -4,90% | -11,67% | 0%",,21ddías,88.487.678,88.825.730 | 89.478.794 | 90.186.557 | 93.048.164 | 100.176.733 | 0,Mediocampista
Raphinha,Barcelona,+2.696.058 | +5.181.606 | +7.616.595 | +9.491.330 | +4.978.661 | -21.094.829,"+3,51% | +6,97% | +10,60% | +13,56% | +6,68% | -20,97%",,6ddías,79.483.184,76.787.126 | 74.301.578 | 71.866.589 | 69.991.854 | 74.504.523 | 100.578.013,Delantero
A. Christensen,Barcelona,0 | 0 | 0 | 0 | 0 | 0,"0,00% | 0,00% | 0,00% | 0,00% | 0,00% | 0,00%",,35ddías,5.019.340,5.019.340 | 5.019.340 | 5.019.340 | 5.019.340 | 5.019.340 | 5.019.340,Defensa
M. Alonso,Celta,-238.237 | -472.694 | -767.525 | -42.101.068 | -42.101.068 | -42.101.068,"-0,80% | -1,57% | -2,53% | 0% | 0% | 0%",,6ddías,29.603.051,29.841.288 | 30.075.745 | 30.370.576 | 0 | 0 | 0,Defensa
F. de Jong,Barcelona,-953.960 | -1.935.561 | -2.938.521 | -7.296.287 | -16.060.135 | -16.060.135,"-3,23% | -6,34% | -9,31% | -20,32% | -35,95% | -35,95%",,14ddías,28.612.005,29.565.965 | 30.547.566 | 31.550.526 | 35.908.292 | 44.672.140 | 44.672.140,Mediocampista
Yamal,Barcelona,-607.554 | -833.290 | -698.564 | +44.222 | -4.592.784 | +57.808.238,"-0,47% | -0,65% | -0,54% | +0,03% | -3,46% | 0%",,2ddías,128.104.421,128.711.975 | 128.937.711 | 128.802.985 | 128.060.199 | 132.697.205 | 0,Delantero
Iglesias,Celta,-376.708 | -666.950 | -1.079.705 | -3.124.037 | -4.655.029 | +2.123.095,"-1,35% | -2,36% | -3,76% | -10,16% | -14,42% | +8,33%",,11ddías,27.623.095,27.999.803 | 28.290.045 | 28.702.800 | 30.747.132 | 32.278.124 | 25.500.000,Delantero
Casadó,Barcelona,-27.825 | -52.438 | -86.644 | -191.243 | -349.191 | -859.966,"-1,54% | -2,87% | -4,65% | -9,73% | -16,44% | -32,64%",,38ddías,1.774.815,1.802.640 | 1.827.253 | 1.861.459 | 1.966.058 | 2.124.006 | 2.634.781,Mediocampista
Cubarsí,Barcelona,-1.200.002 | -2.370.995 | -3.813.351 | -9.135.509 | -19.319.819 | +9.773.065,"-1,48% | -2,88% | -4,55% | -10,25% | -19,45% | +13,92%",,14ddías,80.003.196,81.203.198 | 82.374.191 | 83.816.547 | 89.138.705 | 99.323.015 | 70.230.131,Defensa
Fermín,Barcelona,+1.430.879 | +2.437.024 | +2.579.090 | +476.204 | -4.243.538 | -28.501.744,"+2,38% | +4,12% | +4,37% | +0,78% | -6,45% | -31,65%",,3ddías,61.549.818,60.118.939 | 59.112.794 | 58.970.728 | 61.073.614 | 65.793.356 | 90.051.562,Mediocampista
Bellerín,Betis,+216.968 | +562.681 | +749.604 | +1.857.264 | +3.386.282 | +2.611.420,"+1,63% | +4,34% | +5,87% | +15,93% | +33,44% | +23,95%",,15ddías,13.513.157,13.296.189 | 12.950.476 | 12.763.553 | 11.655.893 | 10.126.875 | 10.901.737,Defensa
Guido,Valencia,-186.337 | -418.398 | -688.535 | +24.191.834 | +24.191.834 | +24.191.834,"-0,71% | -1,58% | -2,57% | 0% | 0% | 0%",,6ddías,26.117.375,26.303.712 | 26.535.773 | 26.805.910 | 0 | 0 | 0,Mediocampista
Abde,Betis,-1.177.905 | -2.465.037 | -3.764.122 | -9.101.566 | -21.025.861 | -84.355.291,"-2,42% | -4,93% | -7,34% | -16,07% | -30,67% | 0%",,22ddías,47.526.826,48.704.731 | 49.991.863 | 51.290.948 | 56.628.392 | 68.552.687 | 0,Delantero
Le Normand,Atlético,-82.351 | -179.323 | -284.944 | -673.592 | -1.444.107 | -3.501.365,"-0,83% | -1,79% | -2,81% | -6,40% | -12,78% | -26,22%",,33ddías,9.853.956,9.936.307 | 10.033.279 | 10.138.900 | 10.527.548 | 11.298.063 | 13.355.321,Defensa
Bellingham,Real Madrid,-662.254 | -1.439.692 | -2.026.233 | -4.644.662 | -11.114.592 | -43.278.874,"-0,74% | -1,59% | -2,22% | -4,95% | -11,08% | 0%",,21ddías,89.157.115,89.819.369 | 90.596.807 | 91.183.348 | 93.801.777 | 100.271.707 | 0,Mediocampista
Fraga,Real Sociedad,0 | 0 | 0 | 0 | 0 | 0,"0,00% | 0,00% | 0,00% | 0,00% | 0,00% | 0,00%",,35ddías,602.234,602.234 | 602.234 | 602.234 | 602.234 | 602.234 | 602.234,Portero
Jauregizar,Athletic,+284.745 | +567.793 | +942.335 | +2.220.181 | +4.797.791 | +11.451.544,"+1,03% | +2,07% | +3,48% | +8,59% | +20,63% | +68,98%",,37ddías,28.053.613,27.768.868 | 27.485.820 | 27.111.278 | 25.833.432 | 23.255.822 | 16.602.069,Mediocampista
Hugo Álvarez,Celta,-33.576 | -76.861 | -114.068 | -319.058 | -855.931 | -2.616.518,"-1,08% | -2,43% | -3,57% | -9,37% | -21,72% | -45,89%",,38ddías,3.085.339,3.118.915 | 3.162.200 | 3.199.407 | 3.404.397 | 3.941.270 | 5.701.857,Mediocampista
Javi Rodríguez,Celta,0 | 0 | 0 | 0 | 0 | 0,"0,00% | 0,00% | 0,00% | 0,00% | 0,00% | 0,00%",,35ddías,10.037.652,10.037.652 | 10.037.652 | 10.037.652 | 10.037.652 | 10.037.652 | 10.037.652,Defensa
Durán,Celta,-31.508 | -63.655 | -97.628 | -240.969 | -530.621 | -1.432.690,"-2,78% | -5,46% | -8,13% | -17,93% | -32,48% | -56,50%",,38ddías,1.102.829,1.134.337 | 1.166.484 | 1.200.457 | 1.343.798 | 1.633.450 | 2.535.519,Delantero
Natan,Betis,-733.271 | -1.371.309 | -1.829.345 | -844.311 | +4.007.146 | +14.690.040,"-1,73% | -3,18% | -4,20% | -1,98% | +10,63% | +54,35%",,4ddías,41.720.557,42.453.828 | 43.091.866 | 43.549.902 | 42.564.868 | 37.713.411 | 27.030.517,Defensa
Bernal,Barcelona,+295.919 | +551.712 | +808.019 | +1.951.531 | +2.779.382 | +2.779.382,"+4,85% | +9,44% | +14,47% | +43,94% | +76,91% | +76,91%",,12ddías,6.393.306,6.097.387 | 5.841.594 | 5.585.287 | 4.441.775 | 3.613.924 | 3.613.924,Mediocampista
Martín,Barcelona,+861.438 | +1.780.886 | +2.643.197 | +5.409.887 | +3.500.567 | +3.500.567,"+2,60% | +5,52% | +8,42% | +18,91% | +11,47% | +11,47%",,8ddías,34.018.163,33.156.725 | 32.237.277 | 31.374.966 | 28.608.276 | 30.517.596 | 30.517.596,Defensa
Urko,Espanyol,-3.386 | -12.159 | -28.049 | -152.056 | -457.093 | -1.746.006,"-0,07% | -0,26% | -0,59% | -3,10% | -8,78% | -26,88%",,35ddías,4.749.154,4.752.540 | 4.761.313 | 4.777.203 | 4.901.210 | 5.206.247 | 6.495.160,Mediocampista
Musso,Atlético,-99.596 | -207.179 | -311.669 | -760.152 | -1.617.659 | -4.218.600,"-2,09% | -4,24% | -6,25% | -13,98% | -25,70% | -47,42%",,38ddías,4.676.990,4.776.586 | 4.884.169 | 4.988.659 | 5.437.142 | 6.294.649 | 8.895.590,Portero
Olmo,Barcelona,-725.693 | -1.577.005 | -2.305.563 | -6.226.300 | -15.375.132 | -39.949.164,"-1,11% | -2,39% | -3,45% | -8,80% | -19,24% | 0%",,22ddías,64.530.566,65.256.259 | 66.107.571 | 66.836.129 | 70.756.866 | 79.905.698 | 0,Mediocampista
Mario Martín,Getafe,0 | 0 | 0 | 0 | 0 | 0,"0,00% | 0,00% | 0,00% | 0,00% | 0,00% | 0,00%",,35ddías,4.015.472,4.015.472 | 4.015.472 | 4.015.472 | 4.015.472 | 4.015.472 | 4.015.472,Mediocampista
Benito,Osasuna,-9.514 | -19.197 | -28.909 | -70.519 | -164.793 | -489.836,"-1,66% | -3,29% | -4,87% | -11,10% | -22,58% | -46,44%",,38ddías,565.020,574.534 | 584.217 | 593.929 | 635.539 | 729.813 | 1.054.856,Delantero
Leo Román,Deportivo,+593.541 | +1.242.924 | +1.928.737 | +5.877.668 | +11.458.641 | +33.462.112,"+1,71% | +3,65% | +5,77% | +19,96% | +48,00% | 0%",,14ddías,35.330.534,34.736.993 | 34.087.610 | 33.401.797 | 29.452.866 | 23.871.893 | 0,Portero
Ferrer,Getafe,0 | 0 | 0 | 0 | 0 | 0,"0,00% | 0,00% | 0,00% | 0,00% | 0,00% | 0,00%",,35ddías,702.705,702.705 | 702.705 | 702.705 | 702.705 | 702.705 | 702.705,Portero
Boiro,Athletic,-4.850 | -12.081 | -19.239 | -48.438 | -117.493 | -326.242,"-0,94% | -2,31% | -3,63% | -8,66% | -18,70% | -38,97%",,22ddías,510.852,515.702 | 522.933 | 530.091 | 559.290 | 628.345 | 837.094,Defensa
Padilla,Athletic,0 | 0 | 0 | 0 | 0 | 0,"0,00% | 0,00% | 0,00% | 0,00% | 0,00% | 0,00%",,35ddías,1.505.588,1.505.588 | 1.505.588 | 1.505.588 | 1.505.588 | 1.505.588 | 1.505.588,Portero
Aramburu,Real Sociedad,+258.102 | +417.755 | +712.248 | +1.683.212 | +4.462.129 | +8.497.323,"+1,54% | +2,52% | +4,38% | +11,01% | +35,66% | +100,24%",,37ddías,16.974.069,16.715.967 | 16.556.314 | 16.261.821 | 15.290.857 | 12.511.940 | 8.476.746,Defensa
Losada,Betis,0 | 0 | 0 | 0 | 0 | 0,"0,00% | 0,00% | 0,00% | 0,00% | 0,00% | 0,00%",,35ddías,2.509.378,2.509.378 | 2.509.378 | 2.509.378 | 2.509.378 | 2.509.378 | 2.509.378,Delantero
Ejuke,Sevilla,-34.550 | -70.594 | -100.925 | -254.939 | -587.255 | -1.681.604,"-1,23% | -2,48% | -3,50% | -8,40% | -17,45% | -37,70%",,38ddías,2.778.933,2.813.483 | 2.849.527 | 2.879.858 | 3.033.872 | 3.366.188 | 4.460.537,Delantero
Kambwala,Villarreal,-23.732 | -48.703 | -72.447 | -182.370 | -433.360 | -1.282.520,"-1,94% | -3,91% | -5,70% | -13,22% | -26,57% | -51,71%",,38ddías,1.197.544,1.221.276 | 1.246.247 | 1.269.991 | 1.379.914 | 1.630.904 | 2.480.064,Defensa
Andrés Martín,Racing,-120.004 | -275.969 | -462.360 | -1.608.634 | -3.875.790 | +17.641.310,"-0,62% | -1,40% | -2,33% | -7,66% | -16,66% | 0%",,29ddías,19.392.618,19.512.622 | 19.668.587 | 19.854.978 | 21.001.252 | 23.268.408 | 0,Delantero
Danjuma,Valencia,+53.402 | +135.539 | +215.274 | +637.060 | +643.791 | -416.930,"+1,06% | +2,73% | +4,41% | +14,30% | +14,47% | -7,57%",,10ddías,5.093.331,5.039.929 | 4.957.792 | 4.878.057 | 4.456.271 | 4.449.540 | 5.510.261,Delantero
Pépé,Villarreal,+137.077 | +109.120 | -164.806 | -2.261.675 | -8.323.015 | -42.674.867,"+0,28% | +0,22% | -0,33% | -4,39% | -14,45% | 0%",,1ddías,49.290.070,49.152.993 | 49.180.950 | 49.454.876 | 51.551.745 | 57.613.085 | 0,Delantero
Pape Gueye,Villarreal,+609.264 | +1.313.802 | +2.048.475 | +5.389.053 | +8.907.871 | +1.162.030,"+1,28% | +2,80% | +4,43% | +12,56% | +22,61% | +2,47%",,13ddías,48.301.517,47.692.253 | 46.987.715 | 46.253.042 | 42.912.464 | 39.393.646 | 47.139.487,Mediocampista
D. Llorente,Betis,+146.450 | +293.604 | +513.178 | +1.393.806 | +3.151.461 | +3.785.436,"+1,14% | +2,31% | +4,11% | +12,02% | +32,05% | +41,15%",,22ddías,12.985.090,12.838.640 | 12.691.486 | 12.471.912 | 11.591.284 | 9.833.629 | 9.199.654,Defensa
Alvarez,Atlético,+354.670 | +522.923 | +518.436 | -403.322 | -5.270.666 | +21.880.700,"+0,51% | +0,75% | +0,75% | -0,57% | -7,01% | 0%",,2ddías,69.969.094,69.614.424 | 69.446.171 | 69.450.658 | 70.372.416 | 75.239.760 | 0,Delantero
Bretones,Osasuna,+124.873 | +263.173 | +393.602 | +879.927 | +1.510.005 | +1.449.043,"+3,65% | +8,02% | +12,49% | +33,01% | +74,17% | +69,10%",,20ddías,3.545.950,3.421.077 | 3.282.777 | 3.152.348 | 2.666.023 | 2.035.945 | 2.096.907,Defensa
Pedro Díaz,Rayo,-32.016 | -61.920 | -93.523 | -194.737 | -428.633 | -1.370.815,"-1,72% | -3,27% | -4,86% | -9,61% | -18,96% | -42,79%",,39ddías,1.832.677,1.864.693 | 1.894.597 | 1.926.200 | 2.027.414 | 2.261.310 | 3.203.492,Mediocampista
L. Sucic,Real Sociedad,-31.275 | -56.856 | -91.625 | -222.429 | -547.166 | -1.780.321,"-0,86% | -1,55% | -2,48% | -5,81% | -13,17% | -33,04%",,35ddías,3.608.043,3.639.318 | 3.664.899 | 3.699.668 | 3.830.472 | 4.155.209 | 5.388.364,Mediocampista
Álvaro,Deportivo,-85.877 | -165.501 | -249.178 | -581.719 | -1.190.081 | -3.366.669,"-1,73% | -3,28% | -4,86% | -10,65% | -19,60% | -40,81%",,38ddías,4.881.960,4.967.837 | 5.047.461 | 5.131.138 | 5.463.679 | 6.072.041 | 8.248.629,Portero
Letácek,Getafe,-15.425 | -30.834 | -47.898 | -118.677 | -263.311 | -816.341,"-2,05% | -4,01% | -6,10% | -13,86% | -26,31% | -52,54%",,38ddías,737.523,752.948 | 768.357 | 785.421 | 856.200 | 1.000.834 | 1.553.864,Portero
Uche,Getafe,-765.213 | -1.557.515 | -2.357.553 | +9.870.309 | +9.870.309 | +9.870.309,"-3,28% | -6,46% | -9,46% | 0% | 0% | 0%",,6ddías,22.565.058,23.330.271 | 24.122.573 | 24.922.611 | 0 | 0 | 0,Delantero
Jon Martín,Real Sociedad,0 | 0 | 0 | 0 | 0 | 0,"0,00% | 0,00% | 0,00% | 0,00% | 0,00% | 0,00%",,35ddías,30.111.790,30.111.790 | 30.111.790 | 30.111.790 | 30.111.790 | 30.111.790 | 30.111.790,Defensa
Luiz Junior,Villarreal,-570.399 | -1.211.122 | -1.690.249 | -993.997 | +5.497.233 | +15.943.162,"-1,43% | -3,00% | -4,14% | -2,47% | +16,32% | +68,61%",,4ddías,39.179.983,39.750.382 | 40.391.105 | 40.870.232 | 40.173.980 | 33.682.750 | 23.236.821,Portero
Sergio Gómez,Real Sociedad,-55.893 | -115.730 | -159.564 | -578.289 | -1.602.351 | -5.623.017,"-0,31% | -0,64% | -0,88% | -3,11% | -8,17% | -23,80%",,38ddías,18.006.076,18.061.969 | 18.121.806 | 18.165.640 | 18.584.365 | 19.608.427 | 23.629.093,Defensa
Vargas,Sevilla,-293.612 | -609.731 | -873.611 | -1.299.461 | +21.908.591 | +21.908.591,"-1,08% | -2,22% | -3,15% | -4,62% | 0% | 0%",,10ddías,26.839.546,27.133.158 | 27.449.277 | 27.713.157 | 28.139.007 | 0 | 0,Delantero
Rubén Gómez,Villarreal,0 | 0 | 0 | 0 | 0 | 0,"0,00% | 0,00% | 0,00% | 0,00% | 0,00% | 0,00%",,35ddías,602.292,602.292 | 602.292 | 602.292 | 602.292 | 602.292 | 602.292,Portero
Román,Celta,+52.900 | +113.956 | +177.363 | +229.930 | -214.024 | -2.144.755,"+1,00% | +2,19% | +3,45% | +4,52% | -3,87% | -28,73%",,6ddías,5.320.471,5.267.571 | 5.206.515 | 5.143.108 | 5.090.541 | 5.534.495 | 7.465.226,Mediocampista
Cucho,Betis,-559.503 | -1.148.207 | -1.844.903 | -4.945.026 | -10.661.935 | +363.469,"-1,21% | -2,46% | -3,89% | -9,80% | -18,97% | +0,80%",,14ddías,45.529.117,46.088.620 | 46.677.324 | 47.374.020 | 50.474.143 | 56.191.052 | 45.165.648,Delantero
Buchanan,Villarreal,-203.936 | -422.760 | -644.408 | -1.147.336 | -719.485 | +3.160.066,"-1,08% | -2,21% | -3,33% | -5,78% | -3,70% | +20,32%",,7ddías,18.711.813,18.915.749 | 19.134.573 | 19.356.221 | 19.859.149 | 19.431.298 | 15.551.747,Mediocampista
Valera,Elche,-45.944 | -168.059 | -218.607 | -804.011 | -2.294.249 | -39.739.471,"-0,20% | -0,71% | -0,93% | -3,32% | -8,93% | 0%",,29ddías,23.389.906,23.435.850 | 23.557.965 | 23.608.513 | 24.193.917 | 25.684.155 | 0,Mediocampista
Jiménez,Real Madrid,0 | 0 | 0 | 0 | 0 | 0,"0,00% | 0,00% | 0,00% | 0,00% | 0,00% | 0,00%",,35ddías,602.248,602.248 | 602.248 | 602.248 | 602.248 | 602.248 | 602.248,Defensa
Mestre,Real Madrid,0 | 0 | 0 | 0 | 0 | 0,"0,00% | 0,00% | 0,00% | 0,00% | 0,00% | 0,00%",,35ddías,677.860,677.860 | 677.860 | 677.860 | 677.860 | 677.860 | 677.860,Portero
Lago,Celta,0 | 0 | 0 | 0 | 0 | 0,"0,00% | 0,00% | 0,00% | 0,00% | 0,00% | 0,00%",,35ddías,702.633,702.633 | 702.633 | 702.633 | 702.633 | 702.633 | 702.633,Defensa
El-Abdellaoui,Celta,0 | 0 | 0 | 0 | 0 | 0,"0,00% | 0,00% | 0,00% | 0,00% | 0,00% | 0,00%",,35ddías,1.304.893,1.304.893 | 1.304.893 | 1.304.893 | 1.304.893 | 1.304.893 | 1.304.893,Delantero
Antony,Betis,-250.687 | -742.747 | -1.489.008 | -4.412.078 | -12.066.006 | -20.120.761,"-0,42% | -1,24% | -2,46% | -6,95% | -16,96% | -25,41%",,25ddías,59.076.478,59.327.165 | 59.819.225 | 60.565.486 | 63.488.556 | 71.142.484 | 79.197.239,Delantero
Sannadi,Athletic,-4.038 | -8.017 | -11.788 | -27.052 | -63.483 | -166.230,"-0,92% | -1,82% | -2,65% | -5,87% | -12,77% | -27,71%",,38ddías,433.604,437.642 | 441.621 | 445.392 | 460.656 | 497.087 | 599.834,Delantero
Pablo Ramón,Racing,-7.534 | -15.154 | -22.718 | -22.718 | -64.474 | -84.075,"-1,43% | -2,85% | -4,21% | -4,21% | -11,08% | 0%",,3ddías,517.499,525.033 | 532.653 | 540.217 | 540.217 | 581.973 | 0,Defensa
Guille,Barcelona,0 | 0 | 0 | 0 | 0 | 0,"0,00% | 0,00% | 0,00% | 0,00% | 0,00% | 0,00%",,35ddías,702.705,702.705 | 702.705 | 702.705 | 702.705 | 702.705 | 702.705,Mediocampista
Toni Fernández,Barcelona,0 | 0 | 0 | 0 | 0 | 0,"0,00% | 0,00% | 0,00% | 0,00% | 0,00% | 0,00%",,35ddías,602.319,602.319 | 602.319 | 602.319 | 602.319 | 602.319 | 602.319,Delantero
Garcés,Alavés,-12.853 | -26.014 | -39.349 | -95.643 | -224.734 | -660.373,"-1,95% | -3,88% | -5,75% | -12,91% | -25,83% | -50,58%",,38ddías,645.152,658.005 | 671.166 | 684.501 | 740.795 | 869.886 | 1.305.525,Defensa
Logan Costa,Villarreal,-24.553 | -47.699 | -70.138 | -176.557 | -415.383 | -1.240.174,"-1,84% | -3,52% | -5,09% | -11,88% | -24,09% | -48,65%",,38ddías,1.309.026,1.333.579 | 1.356.725 | 1.379.164 | 1.485.583 | 1.724.409 | 2.549.200,Defensa
De la Sías,Rayo,0 | 0 | 0 | 0 | 0 | 0,"0,00% | 0,00% | 0,00% | 0,00% | 0,00% | 0,00%",,35ddías,602.234,602.234 | 602.234 | 602.234 | 602.234 | 602.234 | 602.234,Defensa
Iturbe,Elche,0 | 0 | 0 | 0 | 0 | 0,"0,00% | 0,00% | 0,00% | 0,00% | 0,00% | 0,00%",,35ddías,802.099,802.099 | 802.099 | 802.099 | 802.099 | 802.099 | 802.099,Portero
Lo Celso,Betis,-790.985 | -1.496.636 | -1.802.644 | -518.864 | +4.539.427 | +17.038.893,"-1,94% | -3,61% | -4,32% | -1,28% | +12,84% | +74,52%",,3ddías,39.905.193,40.696.178 | 41.401.829 | 41.707.837 | 40.424.057 | 35.365.766 | 22.866.300,Mediocampista
Otorbi,Valencia,0 | 0 | 0 | 0 | 0 | 0,"0,00% | 0,00% | 0,00% | 0,00% | 0,00% | 0,00%",,35ddías,602.292,602.292 | 602.292 | 602.292 | 602.292 | 602.292 | 602.292,Delantero
Manu González,Betis,0 | 0 | 0 | 0 | 0 | 0,"0,00% | 0,00% | 0,00% | 0,00% | 0,00% | 0,00%",,35ddías,581.691,581.691 | 581.691 | 581.691 | 581.691 | 581.691 | 581.691,Portero
Alfon,Sevilla,-466.829 | -466.829 | -466.829 | -466.829 | -466.829 | -466.829,"-6,64% | -6,64% | -6,64% | -6,64% | -6,64% | -6,64%",,1ddías,6.559.932,7.026.761 | 7.026.761 | 7.026.761 | 7.026.761 | 7.026.761 | 7.026.761,Delantero
Risco,Getafe,0 | 0 | 0 | 0 | 0 | 0,"0,00% | 0,00% | 0,00% | 0,00% | 0,00% | 0,00%",,35ddías,702.705,702.705 | 702.705 | 702.705 | 702.705 | 702.705 | 702.705,Mediocampista
Óskarsson,Real Sociedad,-127.586 | -265.737 | -397.687 | -941.510 | -1.999.676 | -5.630.630,"-1,57% | -3,21% | -4,74% | -10,53% | -20,00% | -41,31%",,38ddías,8.000.328,8.127.914 | 8.266.065 | 8.398.015 | 8.941.838 | 10.000.004 | 13.630.958,Delantero
Roberto,Espanyol,+168.873 | +347.710 | +557.641 | +1.063.141 | +950.653 | -147.852,"+2,60% | +5,51% | +9,14% | +19,00% | +16,66% | -2,17%",,8ddías,6.658.231,6.489.358 | 6.310.521 | 6.100.590 | 5.595.090 | 5.707.578 | 6.806.083,Delantero
Pau Navarro,Villarreal,-107.323 | -213.174 | -301.154 | -652.518 | -1.592.437 | -5.099.644,"-1,15% | -2,26% | -3,16% | -6,61% | -14,73% | -35,62%",,38ddías,9.217.368,9.324.691 | 9.430.542 | 9.518.522 | 9.869.886 | 10.809.805 | 14.317.012,Defensa
Etta Eyong,Levante,+361.313 | +782.563 | +1.355.682 | +3.861.657 | +8.300.406 | +12.968.474,"+1,45% | +3,19% | +5,66% | +18,02% | +48,85% | +105,24%",,37ddías,25.291.440,24.930.127 | 24.508.877 | 23.935.758 | 21.429.783 | 16.991.034 | 12.322.966,Delantero
Szczesny,Barcelona,-49.100 | -110.332 | -168.505 | -418.286 | -758.095 | -758.095,"-1,96% | -4,31% | -6,43% | -14,58% | -23,63% | -23,63%",,11ddías,2.450.305,2.499.405 | 2.560.637 | 2.618.810 | 2.868.591 | 3.208.400 | 3.208.400,Portero
Spina,Atlético,0 | 0 | 0 | 0 | 0 | 0,"0,00% | 0,00% | 0,00% | 0,00% | 0,00% | 0,00%",,35ddías,702.702,702.702 | 702.702 | 702.702 | 702.702 | 702.702 | 702.702,Defensa
Serrano,Atlético,-3.702 | -7.331 | -10.737 | -24.381 | -57.258 | -154.648,"-0,86% | -1,69% | -2,46% | -5,42% | -11,86% | -26,66%",,38ddías,425.532,429.234 | 432.863 | 436.269 | 449.913 | 482.790 | 580.180,Mediocampista
Asencio,Real Madrid,-152.192 | -306.353 | -467.002 | -1.169.394 | -2.603.033 | -5.713.197,"-3,04% | -5,93% | -8,76% | -19,39% | -34,87% | -54,03%",,38ddías,4.861.658,5.013.850 | 5.168.011 | 5.328.660 | 6.031.052 | 7.464.691 | 10.574.855,Defensa
Peque,Sevilla,-32.383 | -62.504 | -96.378 | -243.446 | -608.392 | -1.885.021,"-1,72% | -3,26% | -4,94% | -11,60% | -24,69% | -50,40%",,38ddías,1.855.408,1.887.791 | 1.917.912 | 1.951.786 | 2.098.854 | 2.463.800 | 3.740.429,Delantero
Toni Martinez,Alavés,-42.112 | -162.221 | -273.958 | -1.218.938 | -3.269.809 | +21.117.713,"-0,17% | -0,64% | -1,08% | -4,61% | -11,48% | 0%",,27ddías,25.201.706,25.243.818 | 25.363.927 | 25.475.664 | 26.420.644 | 28.471.515 | 0,Delantero
Carreira,Celta,+16.649 | +16.632 | -21.134 | -155.652 | -421.945 | -2.219.959,"+0,25% | +0,25% | -0,31% | -2,26% | -5,90% | -24,79%",,1ddías,6.734.458,6.717.809 | 6.717.826 | 6.755.592 | 6.890.110 | 7.156.403 | 8.954.417,Defensa
Fran Pérez,Rayo,-15.681 | -32.687 | -50.906 | -130.735 | -295.262 | -836.486,"-1,89% | -3,85% | -5,87% | -13,81% | -26,57% | -50,63%",,38ddías,815.800,831.481 | 848.487 | 866.706 | 946.535 | 1.111.062 | 1.652.286,Mediocampista
Altimira,Deportivo,-91.855 | -189.361 | -276.773 | -561.121 | -1.047.593 | -2.453.866,"-1,88% | -3,81% | -5,47% | -10,50% | -17,96% | -33,90%",,32ddías,4.784.959,4.876.814 | 4.974.320 | 5.061.732 | 5.346.080 | 5.832.552 | 7.238.825,Defensa
Akhomach,Villarreal,-115.591 | -227.103 | -356.148 | -908.334 | -2.080.072 | -2.609.412,"-2,09% | -4,02% | -6,17% | -14,35% | -27,73% | -32,50%",,16ddías,5.420.709,5.536.300 | 5.647.812 | 5.776.857 | 6.329.043 | 7.500.781 | 8.030.121,Delantero
Denis Suárez,Alavés,-37.877 | -70.634 | -110.374 | -303.188 | -789.440 | -2.519.862,"-1,45% | -2,66% | -4,10% | -10,51% | -23,43% | -49,41%",,38ddías,2.580.315,2.618.192 | 2.650.949 | 2.690.689 | 2.883.503 | 3.369.755 | 5.100.177,Mediocampista
Terrats,Getafe,-186.524 | -186.524 | -186.524 | -186.524 | -186.524 | -186.524,"-6,64% | -6,64% | -6,64% | -6,64% | -6,64% | -6,64%",,1ddías,2.623.971,2.810.495 | 2.810.495 | 2.810.495 | 2.810.495 | 2.810.495 | 2.810.495,Mediocampista
Femenia,Getafe,+69.012 | +128.722 | +170.607 | +124.480 | -119.327 | -1.532.578,"+1,87% | +3,55% | +4,76% | +3,43% | -3,08% | -29,01%",,4ddías,3.751.199,3.682.187 | 3.622.477 | 3.580.592 | 3.626.719 | 3.870.526 | 5.283.777,Defensa
Baena,Atlético,-931.176 | -1.927.357 | -2.945.448 | -7.957.574 | -15.939.481 | +6.574.793,"-1,65% | -3,36% | -5,04% | -12,55% | -22,33% | +13,45%",,14ddías,55.456.456,56.387.632 | 57.383.813 | 58.401.904 | 63.414.030 | 71.395.937 | 48.881.663,Mediocampista
Sörloth,Atlético,-546.982 | -651.711 | -925.659 | -2.009.949 | -4.227.039 | -12.222.099,"-2,15% | -2,55% | -3,58% | -7,47% | -14,51% | -32,92%",,38ddías,24.900.970,25.447.952 | 25.552.681 | 25.826.629 | 26.910.919 | 29.128.009 | 37.123.069,Delantero
Foyth,Villarreal,+287.626 | +527.572 | +725.448 | +831.763 | -1.037.077 | -1.037.077,"+2,56% | +4,80% | +6,73% | +7,79% | -8,27% | -8,27%",,6ddías,11.510.712,11.223.086 | 10.983.140 | 10.785.264 | 10.678.949 | 12.547.789 | 12.547.789,Defensa
Gerard,Villarreal,-198.808 | -431.699 | -699.086 | -1.168.502 | -3.005.609 | -9.656.239,"-0,70% | -1,51% | -2,42% | -3,98% | -9,63% | -25,50%",,38ddías,28.215.555,28.414.363 | 28.647.254 | 28.914.641 | 29.384.057 | 31.221.164 | 37.871.794,Delantero
Comesaña,Villarreal,+835.232 | +1.578.863 | +2.452.837 | +5.082.384 | +5.015.060 | -1.467.557,"+2,59% | +5,00% | +7,99% | +18,11% | +17,83% | -4,24%",,11ddías,33.143.209,32.307.977 | 31.564.346 | 30.690.372 | 28.060.825 | 28.128.149 | 34.610.766,Mediocampista
Iranzo,Valencia,0 | 0 | 0 | 0 | 0 | 0,"0,00% | 0,00% | 0,00% | 0,00% | 0,00% | 0,00%",,35ddías,602.292,602.292 | 602.292 | 602.292 | 602.292 | 602.292 | 602.292,Defensa
Endrick,Real Madrid,-77.041 | -165.176 | -288.613 | -681.368 | -1.218.978 | +6.278.428,"-1,11% | -2,36% | -4,05% | -9,05% | -15,12% | 0%",,15ddías,6.844.417,6.921.458 | 7.009.593 | 7.133.030 | 7.525.785 | 8.063.395 | 0,Delantero
Tárrega,Valencia,+27.210 | +10.849 | -11.082 | -173.617 | -518.277 | -2.795.023,"+0,31% | +0,12% | -0,12% | -1,91% | -5,50% | -23,90%",,1ddías,8.900.207,8.872.997 | 8.889.358 | 8.911.289 | 9.073.824 | 9.418.484 | 11.695.230,Defensa
Hugo González,Celta,0 | 0 | 0 | 0 | 0 | 0,"0,00% | 0,00% | 0,00% | 0,00% | 0,00% | 0,00%",,35ddías,1.505.646,1.505.646 | 1.505.646 | 1.505.646 | 1.505.646 | 1.505.646 | 1.505.646,Mediocampista
Jesús Vázquez,Valencia,-14.577 | -34.627 | -54.242 | -214.336 | -574.887 | -1.766.749,"-0,85% | -2,00% | -3,10% | -11,21% | -25,29% | -50,99%",,38ddías,1.698.175,1.712.752 | 1.732.802 | 1.752.417 | 1.912.511 | 2.273.062 | 3.464.924,Defensa
Raúl García,Osasuna,-34.461 | -74.393 | -113.410 | -294.108 | -675.920 | -1.976.303,"-1,75% | -3,69% | -5,52% | -13,16% | -25,84% | -50,46%",,38ddías,1.939.935,1.974.396 | 2.014.328 | 2.053.345 | 2.234.043 | 2.615.855 | 3.916.238,Delantero
Canós,Valencia,-7.548 | -15.183 | -22.762 | -54.913 | -128.421 | -881.582,"-1,44% | -2,85% | -4,21% | -9,59% | -19,87% | 0%",,15ddías,517.834,525.382 | 533.017 | 540.596 | 572.747 | 646.255 | 0,Delantero
Dmitrovic,Espanyol,+389.034 | +883.219 | +1.499.586 | +4.427.351 | +10.872.117 | +20.209.370,"+1,06% | +2,43% | +4,20% | +13,50% | +41,26% | +118,77%",,37ddías,37.224.582,36.835.548 | 36.341.363 | 35.724.996 | 32.797.231 | 26.352.465 | 17.015.212,Portero
Pedrosa,Sevilla,0 | 0 | 0 | 0 | 0 | 0,"0,00% | 0,00% | 0,00% | 0,00% | 0,00% | 0,00%",,35ddías,3.312.788,3.312.788 | 3.312.788 | 3.312.788 | 3.312.788 | 3.312.788 | 3.312.788,Defensa
Mariano,Alavés,-21.654 | -43.881 | -67.291 | -166.188 | -400.291 | -1.207.433,"-2,16% | -4,28% | -6,42% | -14,49% | -28,98% | -55,18%",,38ddías,980.932,1.002.586 | 1.024.813 | 1.048.223 | 1.147.120 | 1.381.223 | 2.188.365,Delantero
Marcão,Sevilla,-13.346 | -27.215 | -41.288 | -102.236 | -230.482 | -668.722,"-1,98% | -3,95% | -5,87% | -13,38% | -25,83% | -50,27%",,38ddías,661.662,675.008 | 688.877 | 702.950 | 763.898 | 892.144 | 1.330.384,Defensa
Manu Bueno,Sevilla,0 | 0 | 0 | 0 | 0 | 0,"0,00% | 0,00% | 0,00% | 0,00% | 0,00% | 0,00%",,35ddías,802.099,802.099 | 802.099 | 802.099 | 802.099 | 802.099 | 802.099,Mediocampista
Diakhaby,Valencia,-116.127 | -227.655 | -362.802 | -917.188 | -2.046.527 | -2.996.235,"-1,89% | -3,63% | -5,67% | -13,19% | -25,31% | -33,16%",,18ddías,6.038.173,6.154.300 | 6.265.828 | 6.400.975 | 6.955.361 | 8.084.700 | 9.034.408,Defensa
Javi Guerra,Valencia,+23.727 | -1.797 | -82.376 | -495.986 | -1.878.555 | +21.004.501,"+0,10% | -0,01% | -0,34% | -2,03% | -7,28% | 0%",,1ddías,23.931.852,23.908.125 | 23.933.649 | 24.014.228 | 24.427.838 | 25.810.407 | 0,Mediocampista
Foulquier,Valencia,-69.957 | -143.669 | -219.573 | -531.795 | -1.012.898 | -1.258.500,"-2,77% | -5,53% | -8,21% | -17,80% | -29,20% | -33,88%",,16ddías,2.455.644,2.525.601 | 2.599.313 | 2.675.217 | 2.987.439 | 3.468.542 | 3.714.144,Defensa
Duro,Valencia,-44.815 | -95.737 | -177.441 | -513.030 | -1.238.479 | -3.434.181,"-0,53% | -1,12% | -2,05% | -5,70% | -12,73% | -28,80%",,33ddías,8.490.435,8.535.250 | 8.586.172 | 8.667.876 | 9.003.465 | 9.728.914 | 11.924.616,Delantero
Almeida,Valencia,-54.930 | -115.854 | -178.103 | -448.720 | -1.040.528 | -2.842.158,"-2,09% | -4,31% | -6,48% | -14,86% | -28,81% | -52,51%",,38ddías,2.570.864,2.625.794 | 2.686.718 | 2.748.967 | 3.019.584 | 3.611.392 | 5.413.022,Mediocampista
Rivero,Valencia,-7.202 | -14.476 | -21.679 | -52.164 | -122.014 | -319.834,"-1,39% | -2,76% | -4,08% | -9,29% | -19,32% | -38,56%",,21ddías,509.532,516.734 | 524.008 | 531.211 | 561.696 | 631.546 | 829.366,Portero
Gayà,Valencia,-92.613 | -159.410 | -250.407 | -785.082 | -1.859.252 | -5.208.718,"-0,82% | -1,41% | -2,19% | -6,57% | -14,27% | -31,80%",,38ddías,11.170.613,11.263.226 | 11.330.023 | 11.421.020 | 11.955.695 | 13.029.865 | 16.379.331,Defensa
Diego López,Valencia,-73.644 | -148.250 | -224.771 | -549.652 | -1.225.902 | -3.271.769,"-3,13% | -6,11% | -8,98% | -19,44% | -34,99% | -58,96%",,38ddías,2.277.525,2.351.169 | 2.425.775 | 2.502.296 | 2.827.177 | 3.503.427 | 5.549.294,Delantero
Pepelu,Valencia,-41.284 | -62.260 | -118.645 | -437.065 | -1.152.748 | -3.279.020,"-0,55% | -0,83% | -1,58% | -5,57% | -13,46% | -30,66%",,33ddías,7.414.251,7.455.535 | 7.476.511 | 7.532.896 | 7.851.316 | 8.566.999 | 10.693.271,Mediocampista
Manu Sánchez,Levante,0 | 0 | 0 | 0 | +55.403 | -484.326,"0,00% | 0,00% | 0,00% | 0,00% | +1,01% | -8,04%",,13ddías,5.538.185,5.538.185 | 5.538.185 | 5.538.185 | 5.538.185 | 5.482.782 | 6.022.511,Defensa
Íñigo Pérez,Villarreal,-65.621 | -123.876 | -193.789 | +316.584 | +309.797 | +91,"-2,55% | -4,71% | -7,18% | +14,46% | +14,10% | 0%",,6ddías,2.506.653,2.572.274 | 2.630.529 | 2.700.442 | 2.190.069 | 2.196.856 | 0,
Kike Salas,Sevilla,+102.803 | +159.719 | +182.286 | +4.125 | -622.730 | -3.391.128,"+0,88% | +1,37% | +1,57% | +0,03% | -5,01% | -22,32%",,3ddías,11.801.011,11.698.208 | 11.641.292 | 11.618.725 | 11.796.886 | 12.423.741 | 15.192.139,Defensa
Conde,Betis,0 | 0 | 0 | 0 | 0 | -1.106.715,"0,00% | 0,00% | 0,00% | 0,00% | 0,00% | -26,68%",,12ddías,3.041.589,3.041.589 | 3.041.589 | 3.041.589 | 3.041.589 | 3.041.589 | 4.148.304,Portero
Carlos Martín,Atlético,0 | 0 | 0 | 0 | 0 | 0,"0,00% | 0,00% | 0,00% | 0,00% | 0,00% | 0,00%",,35ddías,2.218.490,2.218.490 | 2.218.490 | 2.218.490 | 2.218.490 | 2.218.490 | 2.218.490,Mediocampista
Mbappé,Real Madrid,-314.847 | -303.160 | -155.394 | +703.612 | -1.243.521 | -24.601.598,"-0,24% | -0,23% | -0,12% | +0,54% | -0,94% | 0%",,1ddías,130.883.841,131.198.688 | 131.187.001 | 131.039.235 | 130.180.229 | 132.127.362 | 0,Delantero
Romero,Villarreal,+873.877 | +1.900.187 | +3.028.494 | +7.415.761 | +9.670.211 | +7.343.696,"+2,10% | +4,68% | +7,68% | +21,15% | +29,48% | +20,90%",,13ddías,42.474.916,41.601.039 | 40.574.729 | 39.446.422 | 35.059.155 | 32.804.705 | 35.131.220,Defensa
Djaló,Athletic,-28.861 | -59.757 | -91.382 | -7.065.052 | -7.065.052 | -7.065.052,"-2,52% | -5,08% | -7,56% | 0% | 0% | 0%",,6ddías,1.116.658,1.145.519 | 1.176.415 | 1.208.040 | 0 | 0 | 0,Delantero
Rosier,Osasuna,-187.822 | -379.332 | -576.522 | -1.408.784 | -3.157.152 | -5.457.843,"-3,00% | -5,87% | -8,66% | -18,81% | -34,17% | -47,29%",,33ddías,6.082.676,6.270.498 | 6.462.008 | 6.659.198 | 7.491.460 | 9.239.828 | 11.540.519,Defensa
Mouriño,Villarreal,+349.386 | +770.948 | +1.268.840 | +3.227.787 | +7.275.244 | +16.151.425,"+0,87% | +1,94% | +3,23% | +8,65% | +21,87% | +66,23%",,36ddías,40.537.840,40.188.454 | 39.766.892 | 39.269.000 | 37.310.053 | 33.262.596 | 24.386.415,Defensa
Serrano,Athletic,-21.177 | -47.417 | -74.376 | -192.467 | -450.925 | -1.250.181,"-2,18% | -4,75% | -7,26% | -16,84% | -32,17% | -56,80%",,39ddías,950.730,971.907 | 998.147 | 1.025.106 | 1.143.197 | 1.401.655 | 2.200.911,Delantero
Raba,Valencia,-38.179 | -77.747 | -120.609 | -299.474 | -684.128 | -1.879.737,"-2,21% | -4,41% | -6,67% | -15,08% | -28,86% | -52,71%",,38ddías,1.686.775,1.724.954 | 1.764.522 | 1.807.384 | 1.986.249 | 2.370.903 | 3.566.512,Delantero
Raul Moro,Osasuna,+122.884 | +247.976 | +424.951 | +1.338.840 | +2.701.020 | +969.031,"+0,95% | +1,93% | +3,35% | +11,38% | +25,97% | +7,99%",,15ddías,13.103.156,12.980.272 | 12.855.180 | 12.678.205 | 11.764.316 | 10.402.136 | 12.134.125,Delantero
Puado,Espanyol,-219.064 | -445.590 | -678.512 | -1.668.008 | -3.723.721 | -8.868.065,"-3,09% | -6,08% | -8,98% | -19,51% | -35,11% | -56,31%",,29ddías,6.881.375,7.100.439 | 7.326.965 | 7.559.887 | 8.549.383 | 10.605.096 | 15.749.440,Mediocampista
Boyomo,Osasuna,+396.979 | +843.816 | +1.307.597 | +3.331.705 | +6.752.501 | +12.382.214,"+1,46% | +3,16% | +4,99% | +13,77% | +32,50% | +81,74%",,34ddías,27.530.021,27.133.042 | 26.686.205 | 26.222.424 | 24.198.316 | 20.777.520 | 15.147.807,Defensa
Fortuño,Espanyol,-9.556 | -19.282 | -29.040 | -70.852 | -152.323 | -422.623,"-1,66% | -3,29% | -4,88% | -11,12% | -21,20% | -42,75%",,18ddías,566.028,575.584 | 585.310 | 595.068 | 636.880 | 718.351 | 988.651,Portero
Rubén Sánchez,Espanyol,-5.776 | -11.565 | -17.221 | -40.847 | -95.635 | -274.268,"-1,20% | -2,38% | -3,50% | -7,91% | -16,75% | -36,59%",,38ddías,475.311,481.087 | 486.876 | 492.532 | 516.158 | 570.946 | 749.579,Mediocampista
El Hilali,Espanyol,+113.000 | +199.308 | +357.826 | +891.023 | +1.886.284 | +2.766.434,"+1,32% | +2,35% | +4,30% | +11,45% | +27,80% | +46,86%",,22ddías,8.670.513,8.557.513 | 8.471.205 | 8.312.687 | 7.779.490 | 6.784.229 | 5.904.079,Defensa
Edu Expósito,Espanyol,+492.461 | +970.799 | +1.360.281 | +1.388.750 | -515.527 | -12.812.131,"+1,77% | +3,55% | +5,04% | +5,15% | -1,79% | 0%",,5ddías,28.354.262,27.861.801 | 27.383.463 | 26.993.981 | 26.965.512 | 28.869.789 | 0,Mediocampista
Jofre,Espanyol,-17.533 | -38.603 | -62.211 | -164.106 | -373.746 | -1.162.079,"-1,50% | -3,23% | -5,11% | -12,44% | -24,45% | -50,16%",,38ddías,1.154.691,1.172.224 | 1.193.294 | 1.216.902 | 1.318.797 | 1.528.437 | 2.316.770,Delantero
F. Carreras,Real Madrid,-321.720 | -638.017 | -981.668 | -2.408.666 | -5.232.896 | -13.061.983,"-2,41% | -4,67% | -7,01% | -15,61% | -28,67% | -50,08%",,38ddías,13.018.292,13.340.012 | 13.656.309 | 13.999.960 | 15.426.958 | 18.251.188 | 26.080.275,Defensa
Pere Milla,Espanyol,-81.593 | -98.377 | -146.624 | -434.831 | -1.106.251 | -201.420,"-0,84% | -1,01% | -1,49% | -4,30% | -10,26% | -2,04%",,16ddías,9.677.502,9.759.095 | 9.775.879 | 9.824.126 | 10.112.333 | 10.783.753 | 9.878.922,Delantero
Cabrera,Espanyol,+127.668 | +192.823 | +197.338 | +33.552 | -481.036 | -2.661.036,"+0,77% | +1,17% | +1,20% | +0,20% | -2,81% | -13,77%",,3ddías,16.666.574,16.538.906 | 16.473.751 | 16.469.236 | 16.633.022 | 17.147.610 | 19.327.610,Defensa
Lozano,Espanyol,-34.330 | -62.749 | -105.533 | -265.333 | -637.799 | -1.919.694,"-1,44% | -2,60% | -4,30% | -10,14% | -21,35% | -44,96%",,38ddías,2.350.193,2.384.523 | 2.412.942 | 2.455.726 | 2.615.526 | 2.987.992 | 4.269.887,Mediocampista
Joan Garcia,Barcelona,+1.699.030 | +3.641.407 | +6.161.823 | +15.998.300 | +16.145.355 | +16.145.355,"+2,63% | +5,81% | +10,24% | +31,78% | +32,17% | +32,17%",,9ddías,66.338.771,64.639.741 | 62.697.364 | 60.176.948 | 50.340.471 | 50.193.416 | 50.193.416,Portero
Romero,Sevilla,+49.015 | +109.246 | +173.737 | +248.446 | -46.399 | -1.853.709,"+0,78% | +1,76% | +2,82% | +4,09% | -0,73% | -22,66%",,6ddías,6.328.377,6.279.362 | 6.219.131 | 6.154.640 | 6.079.931 | 6.374.776 | 8.182.086,Delantero
Moriba,Celta,-88.619 | -167.184 | -161.134 | +154.480 | +1.516.438 | -654.242,"-0,85% | -1,59% | -1,53% | +1,51% | +17,12% | -5,93%",,2ddías,10.373.438,10.462.057 | 10.540.622 | 10.534.572 | 10.218.958 | 8.857.000 | 11.027.680,Mediocampista
Agoume,Sevilla,+35.983 | +61.666 | +89.897 | +62.293 | -166.647 | -1.300.504,"+0,63% | +1,08% | +1,58% | +1,09% | -2,80% | -18,34%",,3ddías,5.789.711,5.753.728 | 5.728.045 | 5.699.814 | 5.727.418 | 5.956.358 | 7.090.215,Mediocampista
Guedes,Real Sociedad,-1.124.584 | -2.295.957 | -3.484.367 | -8.628.566 | -15.727.536 | -22.605.680,"-3,00% | -5,94% | -8,74% | -19,17% | -30,19% | 0%",,23ddías,36.375.575,37.500.159 | 38.671.532 | 39.859.942 | 45.004.141 | 52.103.111 | 0,Delantero
Fort,Barcelona,-78.303 | -158.533 | -238.473 | -597.824 | -1.457.388 | -1.457.388,"-2,15% | -4,26% | -6,27% | -14,37% | -29,04% | -29,04%",,14ddías,3.561.988,3.640.291 | 3.720.521 | 3.800.461 | 4.159.812 | 5.019.376 | 5.019.376,Defensa
Fornals,Betis,-602.029 | -1.239.710 | -1.925.025 | -5.374.760 | -15.729.287 | -84.392.169,"-1,01% | -2,06% | -3,17% | -8,36% | -21,08% | 0%",,21ddías,58.897.131,59.499.160 | 60.136.841 | 60.822.156 | 64.271.891 | 74.626.418 | 0,Mediocampista
Juanmi,Getafe,-11.211 | -22.662 | -34.216 | -83.993 | -196.196 | -561.076,"-1,82% | -3,61% | -5,35% | -12,18% | -24,46% | -48,09%",,38ddías,605.753,616.964 | 628.415 | 639.969 | 689.746 | 801.949 | 1.166.829,Delantero
Calero,Málaga,-95.339 | -153.828 | -265.790 | -383.785 | -383.785 | -383.785,"-2,96% | -4,69% | -7,83% | -10,92% | -10,92% | -10,92%",,4ddías,3.129.335,3.224.674 | 3.283.163 | 3.395.125 | 3.513.120 | 3.513.120 | 3.513.120,Defensa
Cardoso,Atlético,-121.646 | -262.587 | -445.595 | -1.232.060 | -2.853.255 | -7.719.302,"-1,97% | -4,16% | -6,87% | -16,93% | -32,07% | -56,09%",,35ddías,6.043.980,6.165.626 | 6.306.567 | 6.489.575 | 7.276.040 | 8.897.235 | 13.763.282,Mediocampista
Giuliano,Atlético,-566.396 | -1.175.645 | -1.945.097 | -5.119.754 | -10.386.744 | +5.490.915,"-1,25% | -2,56% | -4,17% | -10,27% | -18,84% | +13,99%",,14ddías,44.739.423,45.305.819 | 45.915.068 | 46.684.520 | 49.859.177 | 55.126.167 | 39.248.508,Delantero
Batalla,Rayo,-442.587 | -811.352 | -900.581 | +820.071 | +6.541.736 | +17.623.021,"-1,07% | -1,94% | -2,14% | +2,04% | +18,93% | +75,06%",,3ddías,41.101.468,41.544.055 | 41.912.820 | 42.002.049 | 40.281.397 | 34.559.732 | 23.478.447,Portero
Lemar,Atlético,0 | 0 | 0 | 0 | 0 | 0,0% | 0% | 0% | 0% | 0% | 0%,,44ddías,1.680.630,0 | 0 | 0 | 0 | 0 | 0,Mediocampista
Rincón,Athletic,0 | 0 | 0 | 0 | 0 | 0,0% | 0% | 0% | 0% | 0% | 0%,,44ddías,1.658.593,0 | 0 | 0 | 0 | 0 | 0,Defensa
Satriano,Getafe,0 | 0 | 0 | 0 | 0 | 0,0% | 0% | 0% | 0% | 0% | 0%,,44ddías,4.336.426,0 | 0 | 0 | 0 | 0 | 0,Delantero
Thiago,Levante,0 | 0 | 0 | 0 | 0 | 0,0% | 0% | 0% | 0% | 0% | 0%,,44ddías,1.660.575,0 | 0 | 0 | 0 | 0 | 0,Mediocampista
Javi López,Real Sociedad,0 | 0 | 0 | 0 | 0 | 0,0% | 0% | 0% | 0% | 0% | 0%,,44ddías,1.656.670,0 | 0 | 0 | 0 | 0 | 0,Defensa
Kumbulla,Rayo,0 | 0 | 0 | 0 | 0 | 0,0% | 0% | 0% | 0% | 0% | 0%,,80ddías,897.151,0 | 0 | 0 | 0 | 0 | 0,Defensa
Neyou,Getafe,0 | 0 | 0 | 0 | 0 | 0,0% | 0% | 0% | 0% | 0% | 0%,,193ddías,604.547,0 | 0 | 0 | 0 | 0 | 0,Mediocampista
Maras,Alavés,0 | 0 | 0 | 0 | 0 | 0,0% | 0% | 0% | 0% | 0% | 0%,,196ddías,590.024,0 | 0 | 0 | 0 | 0 | 0,Defensa
Diarra,Alavés,0 | 0 | 0 | 0 | 0 | 0,0% | 0% | 0% | 0% | 0% | 0%,,199ddías,591.470,0 | 0 | 0 | 0 | 0 | 0,Defensa
Goti,Real Sociedad,0 | 0 | 0 | 0 | 0 | 0,0% | 0% | 0% | 0% | 0% | 0%,,199ddías,590.263,0 | 0 | 0 | 0 | 0 | 0,Mediocampista
Ali Houary,Elche,0 | 0 | 0 | 0 | 0 | 0,0% | 0% | 0% | 0% | 0% | 0%,,203ddías,592.065,0 | 0 | 0 | 0 | 0 | 0,Delantero
Javier Hernández,Espanyol,0 | 0 | 0 | 0 | 0 | 0,0% | 0% | 0% | 0% | 0% | 0%,,217ddías,575.023,0 | 0 | 0 | 0 | 0 | 0,Delantero
Bauzà,Espanyol,0 | 0 | 0 | 0 | 0 | 0,0% | 0% | 0% | 0% | 0% | 0%,,345ddías,318.649,0 | 0 | 0 | 0 | 0 | 0,Mediocampista
Pablo López,Valencia,0 | 0 | 0 | 0 | 0 | 0,0% | 0% | 0% | 0% | 0% | 0%,,346ddías,441.041,0 | 0 | 0 | 0 | 0 | 0,Delantero
Alberto Marí,Valencia,0 | 0 | 0 | 0 | 0 | 0,0% | 0% | 0% | 0% | 0% | 0%,,347ddías,787.986,0 | 0 | 0 | 0 | 0 | 0,Delantero
Novoa,Alavés,0 | 0 | 0 | 0 | 0 | 0,0% | 0% | 0% | 0% | 0% | 0%,,347ddías,661.162,0 | 0 | 0 | 0 | 0 | 0,Defensa
Pelayo,Rayo,0 | 0 | 0 | 0 | 0 | 0,0% | 0% | 0% | 0% | 0% | 0%,,347ddías,1.722.279,0 | 0 | 0 | 0 | 0 | 0,Defensa
Hinojo,Espanyol,0 | 0 | 0 | 0 | 0 | 0,0% | 0% | 0% | 0% | 0% | 0%,,351ddías,317.496,0 | 0 | 0 | 0 | 0 | 0,Defensa
Owono,Alavés,0 | 0 | 0 | 0 | 0 | 0,0% | 0% | 0% | 0% | 0% | 0%,,382ddías,828.372,0 | 0 | 0 | 0 | 0 | 0,Portero
Berrocal,Getafe,0 | 0 | 0 | 0 | 0 | 0,0% | 0% | 0% | 0% | 0% | 0%,,382ddías,1.058.833,0 | 0 | 0 | 0 | 0 | 0,Defensa
De Tomás,Rayo,0 | 0 | 0 | 0 | 0 | 0,0% | 0% | 0% | 0% | 0% | 0%,,386ddías,3.229.388,0 | 0 | 0 | 0 | 0 | 0,Delantero
Collado,Sevilla,0 | 0 | 0 | 0 | 0 | 0,0% | 0% | 0% | 0% | 0% | 0%,,406ddías,1.718.988,0 | 0 | 0 | 0 | 0 | 0,Mediocampista
Eto'o,Rayo,0 | 0 | 0 | 0 | 0 | 0,0% | 0% | 0% | 0% | 0% | 0%,,406ddías,1.718.988,0 | 0 | 0 | 0 | 0 | 0,Delantero
Córdoba,Valencia,0 | 0 | 0 | 0 | 0 | 0,0% | 0% | 0% | 0% | 0% | 0%,,406ddías,1.548.667,0 | 0 | 0 | 0 | 0 | 0,Defensa
Raúl Jiménez,Valencia,0 | 0 | 0 | 0 | 0 | 0,0% | 0% | 0% | 0% | 0% | 0%,,406ddías,1.561.503,0 | 0 | 0 | 0 | 0 | 0,Portero
Medenica,Getafe,0 | 0 | 0 | 0 | 0 | 0,0% | 0% | 0% | 0% | 0% | 0%,,406ddías,1.560.264,0 | 0 | 0 | 0 | 0 | 0,Portero
Eneko Ortiz,Villarreal,0 | 0 | 0 | 0 | 0 | 0,0% | 0% | 0% | 0% | 0% | 0%,,406ddías,1.718.986,0 | 0 | 0 | 0 | 0 | 0,Defensa
Serred,Espanyol,0 | 0 | 0 | 0 | 0 | 0,0% | 0% | 0% | 0% | 0% | 0%,,406ddías,1.731.552,0 | 0 | 0 | 0 | 0 | 0,Portero
Carrillo,Celta,0 | 0 | 0 | 0 | 0 | 0,0% | 0% | 0% | 0% | 0% | 0%,,406ddías,1.567.556,0 | 0 | 0 | 0 | 0 | 0,Portero
Adrián,Alavés,0 | 0 | 0 | 0 | 0 | 0,0% | 0% | 0% | 0% | 0% | 0%,,406ddías,1.640.215,0 | 0 | 0 | 0 | 0 | 0,Portero
Yaakobishvili,Barcelona,0 | 0 | 0 | 0 | 0 | 0,0% | 0% | 0% | 0% | 0% | 0%,,406ddías,1.639.280,0 | 0 | 0 | 0 | 0 | 0,Portero
Canales,Athletic,0 | 0 | 0 | 0 | 0 | 0,0% | 0% | 0% | 0% | 0% | 0%,,406ddías,1.623.251,0 | 0 | 0 | 0 | 0 | 0,Delantero
Cortés,Barcelona,0 | 0 | 0 | 0 | 0 | 0,0% | 0% | 0% | 0% | 0% | 0%,,406ddías,1.718.327,0 | 0 | 0 | 0 | 0 | 0,Defensa
Carlos,Atlético,0 | 0 | 0 | 0 | 0 | 0,0% | 0% | 0% | 0% | 0% | 0%,,406ddías,1.718.547,0 | 0 | 0 | 0 | 0 | 0,Defensa
Rivas,Real Madrid,0 | 0 | 0 | 0 | 0 | 0,0% | 0% | 0% | 0% | 0% | 0%,,406ddías,1.718.751,0 | 0 | 0 | 0 | 0 | 0,Defensa
Isra,Sevilla,0 | 0 | 0 | 0 | 0 | 0,0% | 0% | 0% | 0% | 0% | 0%,,406ddías,1.718.237,0 | 0 | 0 | 0 | 0 | 0,Delantero
Busto,Betis,0 | 0 | 0 | 0 | 0 | 0,0% | 0% | 0% | 0% | 0% | 0%,,406ddías,1.621.161,0 | 0 | 0 | 0 | 0 | 0,Defensa
De Llanos,Real Madrid,0 | 0 | 0 | 0 | 0 | 0,0% | 0% | 0% | 0% | 0% | 0%,,406ddías,1.622.168,0 | 0 | 0 | 0 | 0 | 0,Mediocampista
Rupérez,Real Sociedad,0 | 0 | 0 | 0 | 0 | 0,0% | 0% | 0% | 0% | 0% | 0%,,406ddías,1.626.247,0 | 0 | 0 | 0 | 0 | 0,Defensa
Balda,Real Sociedad,0 | 0 | 0 | 0 | 0 | 0,0% | 0% | 0% | 0% | 0% | 0%,,406ddías,1.718.912,0 | 0 | 0 | 0 | 0 | 0,Defensa
Santana,Valencia,0 | 0 | 0 | 0 | 0 | 0,0% | 0% | 0% | 0% | 0% | 0%,,406ddías,1.723.821,0 | 0 | 0 | 0 | 0 | 0,Delantero
Olabarrieta,Athletic,0 | 0 | 0 | 0 | 0 | 0,0% | 0% | 0% | 0% | 0% | 0%,,406ddías,1.717.797,0 | 0 | 0 | 0 | 0 | 0,Delantero
Abril,Valencia,0 | 0 | 0 | 0 | 0 | 0,0% | 0% | 0% | 0% | 0% | 0%,,406ddías,1.728.051,0 | 0 | 0 | 0 | 0 | 0,Portero
Requena,Levante,0 | 0 | 0 | 0 | 0 | 0,0% | 0% | 0% | 0% | 0% | 0%,,406ddías,1.621.683,0 | 0 | 0 | 0 | 0 | 0,Mediocampista
Solà,Atlético,0 | 0 | 0 | 0 | 0 | 0,0% | 0% | 0% | 0% | 0% | 0%,,406ddías,1.640.523,0 | 0 | 0 | 0 | 0 | 0,Defensa
Juan Cruz,Málaga,0 | 0 | 0 | 0 | 0 | 0,0% | 0% | 0% | 0% | 0% | 0%,,444ddías,19.968.443,0 | 0 | 0 | 0 | 0 | 0,Mediocampista
Mandi,Levante,0 | 0 | 0 | 0 | 0 | 0,0% | 0% | 0% | 0% | 0% | 0%,,727ddías,1.879.755,0 | 0 | 0 | 0 | 0 | 0,Defensa
Miguel,Alavés,0 | 0 | 0 | 0 | 0 | 0,0% | 0% | 0% | 0% | 0% | 0%,,728ddías,679.761,0 | 0 | 0 | 0 | 0 | 0,Delantero
Joseda,Alavés,0 | 0 | 0 | 0 | 0 | 0,0% | 0% | 0% | 0% | 0% | 0%,,772ddías,300.000,0 | 0 | 0 | 0 | 0 | 0,Defensa
Diallo,Alavés,0 | 0 | 0 | 0 | 0 | 0,0% | 0% | 0% | 0% | 0% | 0%,,773ddías,1.000.000,0 | 0 | 0 | 0 | 0 | 0,Mediocampista
Mendes,Alavés,0 | 0 | 0 | 0 | 0 | 0,0% | 0% | 0% | 0% | 0% | 0%,,773ddías,500.000,0 | 0 | 0 | 0 | 0 | 0,Mediocampista
Ian Forns,Betis,0 | 0 | 0 | 0 | 0 | 0,0% | 0% | 0% | 0% | 0% | 0%,,773ddías,500.000,0 | 0 | 0 | 0 | 0 | 0,Defensa
Mario,Valencia,0 | 0 | 0 | 0 | 0 | 0,0% | 0% | 0% | 0% | 0% | 0%,,1ddías,760.408,0 | 0 | 0 | 0 | 0 | 0,Mediocampista