Jugador,Equipo,DiferenciaDif.,% Dif,Acel.,Tend.,Próx. rivalRival,Valor,Valor ant.Ant.,Posición
Karrikaburu,Real Sociedad,-16.948 | -34.405 | -53.349 | -127.779 | -292.501 | -637.410,"-2,17% | -4,32% | -6,54% | -14,35% | -27,72% | -45,53%",,25ddías,0%,762.590,779.538 | 796.995 | 815.939 | 890.369 | 1.055.091 | 1.400.000,Delantero
Vlachodimos,Sevilla,0 | 0 | 0 | 0 | 0 | +56.479,"0,00% | 0,00% | 0,00% | 0,00% | 0,00% | +0,38%",,22ddías,🏠 95%,15.056.479,15.056.479 | 15.056.479 | 15.056.479 | 15.056.479 | 15.056.479 | 15.000.000,Portero
Diangana,Elche,-33.328 | -57.035 | -89.129 | -223.447 | -572.357 | -1.261.967,"-1,99% | -3,36% | -5,16% | -12,00% | -25,89% | -43,52%",,25ddías,60%,1.638.033,1.671.361 | 1.695.068 | 1.727.162 | 1.861.480 | 2.210.390 | 2.900.000,Delantero
Krug,Levante,0 | 0 | 0 | 0 | 0 | +2.249,"0,00% | 0,00% | 0,00% | 0,00% | 0,00% | +0,37%",,22ddías,,602.249,602.249 | 602.249 | 602.249 | 602.249 | 602.249 | 600.000,Defensa
Hugo López,Villarreal,0 | 0 | 0 | 0 | 0 | -14.600,"0,00% | 0,00% | 0,00% | 0,00% | 0,00% | -2,92%",,22ddías,,485.400,485.400 | 485.400 | 485.400 | 485.400 | 485.400 | 500.000,Mediocampista
Mikautadze,Villarreal,+69.017 | +198.937 | +255.177 | +1.304.818 | +4.129.404 | +2.330.604,"+0,13% | +0,38% | +0,49% | +2,56% | +8,57% | +4,66%",,18ddías,70%,52.330.604,52.261.587 | 52.131.667 | 52.075.427 | 51.025.786 | 48.201.200 | 50.000.000,Delantero
Navarro,Valencia,0 | 0 | 0 | 0 | 0 | +1.909,"0,00% | 0,00% | 0,00% | 0,00% | 0,00% | +0,38%",,22ddías,🏠,501.909,501.909 | 501.909 | 501.909 | 501.909 | 501.909 | 500.000,Defensa
Cardoso,Sevilla,-32.810 | -67.328 | -104.356 | -254.137 | -576.042 | -1.174.079,"-2,61% | -5,21% | -7,84% | -17,17% | -31,97% | -48,92%",,25ddías,🏠 0%,1.225.921,1.258.731 | 1.293.249 | 1.330.277 | 1.480.058 | 1.801.963 | 2.400.000,Defensa
Oso,Sevilla,0 | 0 | 0 | 0 | 0 | +53.332,"0,00% | 0,00% | 0,00% | 0,00% | 0,00% | +0,38%",,22ddías,🏠 30%,14.053.332,14.053.332 | 14.053.332 | 14.053.332 | 14.053.332 | 14.053.332 | 14.000.000,Defensa
Álex Costa,Sevilla,0 | 0 | 0 | 0 | 0 | +2.284,"0,00% | 0,00% | 0,00% | 0,00% | 0,00% | +0,38%",,22ddías,🏠,602.284,602.284 | 602.284 | 602.284 | 602.284 | 602.284 | 600.000,Delantero
Folgado,Real Sociedad,0 | 0 | 0 | 0 | 0 | +2.606,"0,00% | 0,00% | 0,00% | 0,00% | 0,00% | +0,37%",,22ddías,,702.606,702.606 | 702.606 | 702.606 | 702.606 | 702.606 | 700.000,Portero
Carlos Soler,Real Sociedad,-301.969 | -508.472 | -911.140 | -2.073.882 | -4.457.315 | -7.241.302,"-0,91% | -1,53% | -2,71% | -5,95% | -11,98% | -18,10%",,25ddías,80%,32.758.698,33.060.667 | 33.267.170 | 33.669.838 | 34.832.580 | 37.216.013 | 40.000.000,Mediocampista
Sancris,Getafe,-21.795 | -44.299 | -68.501 | -166.247 | -385.695 | -821.106,"-2,42% | -4,80% | -7,23% | -15,91% | -30,50% | -48,30%",,25ddías,20%,878.894,900.689 | 923.193 | 947.395 | 1.045.141 | 1.264.589 | 1.700.000,Delantero
Riedel,Espanyol,0 | 0 | 0 | 0 | 0 | +20.618,"0,00% | 0,00% | 0,00% | 0,00% | 0,00% | +0,37%",,22ddías,🏠 90%,5.520.618,5.520.618 | 5.520.618 | 5.520.618 | 5.520.618 | 5.520.618 | 5.500.000,Defensa
Montero,Alavés,0 | 0 | 0 | 0 | 0 | +2.316,"0,00% | 0,00% | 0,00% | 0,00% | 0,00% | +0,39%",,22ddías,🏠,602.316,602.316 | 602.316 | 602.316 | 602.316 | 602.316 | 600.000,Portero
Oluwaseyi,Villarreal,-85.751 | -176.561 | -267.802 | -659.461 | -1.493.279 | -2.699.956,"-2,21% | -4,44% | -6,58% | -14,79% | -28,21% | -41,54%",,25ddías,30%,3.800.044,3.885.795 | 3.976.605 | 4.067.846 | 4.459.505 | 5.293.323 | 6.500.000,Delantero
Arriaga,Levante,-80.685 | -166.369 | -258.261 | -613.886 | -1.407.911 | -2.484.747,"-2,24% | -4,52% | -6,84% | -14,87% | -28,60% | -41,41%",,25ddías,30%,3.515.253,3.595.938 | 3.681.622 | 3.773.514 | 4.129.139 | 4.923.164 | 6.000.000,Mediocampista
Laporte,Athletic,+1.714.626 | +3.604.777 | +4.964.621 | +13.525.425 | +25.580.603 | +45.550.358,"+3,47% | +7,60% | +10,77% | +36,03% | +100,39% | 0%",,16ddías,🏠 30%,51.061.686,49.347.060 | 47.456.909 | 46.097.065 | 37.536.261 | 25.481.083 | 0,Defensa
Mastantuono,Real Madrid,0 | 0 | 0 | 0 | 0 | +37.262,"0,00% | 0,00% | 0,00% | 0,00% | 0,00% | +0,37%",,22ddías,20%,10.037.262,10.037.262 | 10.037.262 | 10.037.262 | 10.037.262 | 10.037.262 | 10.000.000,Delantero
Rueda,Celta,-45.811 | -69.491 | -117.653 | -295.675 | -728.450 | -1.234.621,"-1,20% | -1,81% | -3,03% | -7,28% | -16,21% | -24,69%",,23ddías,🏠 50%,3.765.379,3.811.190 | 3.834.870 | 3.883.032 | 4.061.054 | 4.493.829 | 5.000.000,Defensa
Niculaesei,Elche,0 | 0 | 0 | 0 | 0 | +3.099,"0,00% | 0,00% | 0,00% | 0,00% | 0,00% | +0,39%",,22ddías,,803.099,803.099 | 803.099 | 803.099 | 803.099 | 803.099 | 800.000,Defensa
Mendoza,Atlético,-14.927 | -31.487 | -53.267 | -121.982 | -283.587 | -519.076,"-1,50% | -3,11% | -5,15% | -11,06% | -22,43% | -34,61%",,25ddías,🏠 20%,980.924,995.851 | 1.012.411 | 1.034.191 | 1.102.906 | 1.264.511 | 1.500.000,Mediocampista
Echegoyen,Osasuna,0 | 0 | 0 | 0 | 0 | -37.714,"0,00% | 0,00% | 0,00% | 0,00% | 0,00% | -6,29%",,22ddías,,562.286,562.286 | 562.286 | 562.286 | 562.286 | 562.286 | 600.000,Mediocampista
Josan,Elche,0 | 0 | 0 | 0 | 0 | +4.650,"0,00% | 0,00% | 0,00% | 0,00% | 0,00% | +0,39%",,22ddías,,1.204.650,1.204.650 | 1.204.650 | 1.204.650 | 1.204.650 | 1.204.650 | 1.200.000,Mediocampista
Davinchi,Getafe,0 | 0 | 0 | 0 | 0 | +11.603,"0,00% | 0,00% | 0,00% | 0,00% | 0,00% | +0,39%",,22ddías,80%,3.011.603,3.011.603 | 3.011.603 | 3.011.603 | 3.011.603 | 3.011.603 | 3.000.000,Defensa
Thiago,Real Madrid,0 | 0 | 0 | 0 | 0 | +26.082,"0,00% | 0,00% | 0,00% | 0,00% | 0,00% | +0,37%",,22ddías,0%,7.026.082,7.026.082 | 7.026.082 | 7.026.082 | 7.026.082 | 7.026.082 | 7.000.000,Mediocampista
Suazo,Sevilla,-101.390 | -190.855 | -290.425 | -608.235 | -1.570.319 | -2.811.873,"-1,61% | -2,99% | -4,48% | -8,95% | -20,24% | -31,24%",,25ddías,🏠 60%,6.188.127,6.289.517 | 6.378.982 | 6.478.552 | 6.796.362 | 7.758.446 | 9.000.000,Defensa
Veiga,Villarreal,+678.357 | +1.384.230 | +1.827.338 | +4.745.218 | +10.344.833 | +15.837.734,"+1,69% | +3,51% | +4,68% | +13,15% | +33,93% | +63,35%",,24ddías,70%,40.837.734,40.159.377 | 39.453.504 | 39.010.396 | 36.092.516 | 30.492.901 | 25.000.000,Defensa
Corralejo,Betis,0 | 0 | 0 | 0 | 0 | +2.248,"0,00% | 0,00% | 0,00% | 0,00% | 0,00% | +0,37%",,22ddías,🏠,602.248,602.248 | 602.248 | 602.248 | 602.248 | 602.248 | 600.000,Mediocampista
Nacho Pérez,Levante,0 | 0 | 0 | 0 | 0 | -18.308,"0,00% | 0,00% | 0,00% | 0,00% | 0,00% | -3,05%",,22ddías,0%,581.692,581.692 | 581.692 | 581.692 | 581.692 | 581.692 | 600.000,Defensa
Altozano,Sevilla,0 | 0 | 0 | 0 | 0 | +2.284,"0,00% | 0,00% | 0,00% | 0,00% | 0,00% | +0,38%",,22ddías,🏠,602.284,602.284 | 602.284 | 602.284 | 602.284 | 602.284 | 600.000,Mediocampista
Sierra,Sevilla,0 | 0 | 0 | 0 | 0 | +2.284,"0,00% | 0,00% | 0,00% | 0,00% | 0,00% | +0,38%",,22ddías,🏠 30%,602.284,602.284 | 602.284 | 602.284 | 602.284 | 602.284 | 600.000,Delantero
Blázquez,Valencia,0 | 0 | 0 | 0 | 0 | -18.344,"0,00% | 0,00% | 0,00% | 0,00% | 0,00% | -3,06%",,22ddías,🏠,581.656,581.656 | 581.656 | 581.656 | 581.656 | 581.656 | 600.000,Delantero
Alemão,Rayo,-73.651 | -141.833 | -214.687 | -554.660 | -1.240.240 | -2.389.718,"-1,57% | -2,98% | -4,45% | -10,74% | -21,20% | -34,14%",,25ddías,50%,4.610.282,4.683.933 | 4.752.115 | 4.824.969 | 5.164.942 | 5.850.522 | 7.000.000,Delantero
Santos,Athletic,0 | 0 | 0 | 0 | 0 | +2.606,"0,00% | 0,00% | 0,00% | 0,00% | 0,00% | +0,37%",,22ddías,🏠,702.606,702.606 | 702.606 | 702.606 | 702.606 | 702.606 | 700.000,Portero
Becerra,Rayo,0 | 0 | 0 | 0 | 0 | -18.300,"0,00% | 0,00% | 0,00% | 0,00% | 0,00% | -3,05%",,22ddías,,581.700,581.700 | 581.700 | 581.700 | 581.700 | 581.700 | 600.000,Mediocampista
Álvaro,Alavés,0 | 0 | 0 | 0 | 0 | +1.929,"0,00% | 0,00% | 0,00% | 0,00% | 0,00% | +0,39%",,22ddías,🏠,501.929,501.929 | 501.929 | 501.929 | 501.929 | 501.929 | 500.000,Defensa
Joan Martínez,Real Madrid,0 | 0 | 0 | 0 | 0 | +2.622,"0,00% | 0,00% | 0,00% | 0,00% | 0,00% | +0,37%",,22ddías,,702.622,702.622 | 702.622 | 702.622 | 702.622 | 702.622 | 700.000,Defensa
Unai Santos,Osasuna,0 | 0 | 0 | 0 | 0 | +2.319,"0,00% | 0,00% | 0,00% | 0,00% | 0,00% | +0,39%",,22ddías,,602.319,602.319 | 602.319 | 602.319 | 602.319 | 602.319 | 600.000,Defensa
Carlos Macià,Villarreal,0 | 0 | 0 | 0 | 0 | +3.057,"0,00% | 0,00% | 0,00% | 0,00% | 0,00% | +0,38%",,22ddías,10%,803.057,803.057 | 803.057 | 803.057 | 803.057 | 803.057 | 800.000,Mediocampista
Carrera,Real Sociedad,0 | 0 | 0 | 0 | 0 | +2.633,"0,00% | 0,00% | 0,00% | 0,00% | 0,00% | +0,38%",,22ddías,,702.633,702.633 | 702.633 | 702.633 | 702.633 | 702.633 | 700.000,Delantero
Rosón,Levante,0 | 0 | 0 | 0 | 0 | +2.249,"0,00% | 0,00% | 0,00% | 0,00% | 0,00% | +0,37%",,22ddías,,602.249,602.249 | 602.249 | 602.249 | 602.249 | 602.249 | 600.000,Mediocampista
Nakoha,Levante,0 | 0 | 0 | 0 | 0 | +1.874,"0,00% | 0,00% | 0,00% | 0,00% | 0,00% | +0,37%",,22ddías,,501.874,501.874 | 501.874 | 501.874 | 501.874 | 501.874 | 500.000,Defensa
Jurado,Valencia,0 | 0 | 0 | 0 | 0 | +2.292,"0,00% | 0,00% | 0,00% | 0,00% | 0,00% | +0,38%",,22ddías,🏠,602.292,602.292 | 602.292 | 602.292 | 602.292 | 602.292 | 600.000,Defensa
Panach,Valencia,0 | 0 | 0 | 0 | 0 | +1.909,"0,00% | 0,00% | 0,00% | 0,00% | 0,00% | +0,38%",,22ddías,🏠,501.909,501.909 | 501.909 | 501.909 | 501.909 | 501.909 | 500.000,Defensa
Marchal,Real Sociedad,0 | 0 | 0 | 0 | 0 | +2.234,"0,00% | 0,00% | 0,00% | 0,00% | 0,00% | +0,37%",,22ddías,,602.234,602.234 | 602.234 | 602.234 | 602.234 | 602.234 | 600.000,Mediocampista
Yassin,Getafe,0 | 0 | 0 | 0 | 0 | +1.932,"0,00% | 0,00% | 0,00% | 0,00% | 0,00% | +0,39%",,22ddías,,501.932,501.932 | 501.932 | 501.932 | 501.932 | 501.932 | 500.000,Defensa
Al Lal,Elche,0 | 0 | 0 | 0 | 0 | +1.936,"0,00% | 0,00% | 0,00% | 0,00% | 0,00% | +0,39%",,22ddías,,501.936,501.936 | 501.936 | 501.936 | 501.936 | 501.936 | 500.000,Delantero
Óscar Marcos,Celta,0 | 0 | 0 | 0 | 0 | +2.257,"0,00% | 0,00% | 0,00% | 0,00% | 0,00% | +0,38%",,22ddías,🏠,602.257,602.257 | 602.257 | 602.257 | 602.257 | 602.257 | 600.000,Delantero
Meixús,Celta,0 | 0 | 0 | 0 | 0 | -14.628,"0,00% | 0,00% | 0,00% | 0,00% | 0,00% | -2,93%",,22ddías,🏠,485.372,485.372 | 485.372 | 485.372 | 485.372 | 485.372 | 500.000,Defensa
Selton,Athletic,0 | 0 | 0 | 0 | 0 | +2.257,"0,00% | 0,00% | 0,00% | 0,00% | 0,00% | +0,38%",,22ddías,🏠 30%,602.257,602.257 | 602.257 | 602.257 | 602.257 | 602.257 | 600.000,Mediocampista
Delgado,Elche,0 | 0 | 0 | 0 | 0 | +2.324,"0,00% | 0,00% | 0,00% | 0,00% | 0,00% | +0,39%",,22ddías,,602.324,602.324 | 602.324 | 602.324 | 602.324 | 602.324 | 600.000,Defensa
Adam Boayar,Elche,0 | 0 | 0 | 0 | 0 | +2.711,"0,00% | 0,00% | 0,00% | 0,00% | 0,00% | +0,39%",,22ddías,40%,702.711,702.711 | 702.711 | 702.711 | 702.711 | 702.711 | 700.000,Mediocampista
Adrián Pérez,Athletic,0 | 0 | 0 | 0 | 0 | +2.257,"0,00% | 0,00% | 0,00% | 0,00% | 0,00% | +0,38%",,22ddías,🏠,602.257,602.257 | 602.257 | 602.257 | 602.257 | 602.257 | 600.000,Delantero
Bardghji,Barcelona,0 | 0 | 0 | 0 | 0 | +18.565,"0,00% | 0,00% | 0,00% | 0,00% | 0,00% | +0,39%",,22ddías,10%,4.818.565,4.818.565 | 4.818.565 | 4.818.565 | 4.818.565 | 4.818.565 | 4.800.000,Delantero
Taufik,Atlético,0 | 0 | 0 | 0 | 0 | +2.316,"0,00% | 0,00% | 0,00% | 0,00% | 0,00% | +0,39%",,22ddías,🏠,602.316,602.316 | 602.316 | 602.316 | 602.316 | 602.316 | 600.000,Mediocampista
Martínez Bastida,Elche,0 | 0 | 0 | 0 | 0 | +2.324,"0,00% | 0,00% | 0,00% | 0,00% | 0,00% | +0,39%",,22ddías,,602.324,602.324 | 602.324 | 602.324 | 602.324 | 602.324 | 600.000,Mediocampista
Aller,Barcelona,0 | 0 | 0 | 0 | 0 | +2.705,"0,00% | 0,00% | 0,00% | 0,00% | 0,00% | +0,39%",,22ddías,,702.705,702.705 | 702.705 | 702.705 | 702.705 | 702.705 | 700.000,Portero
Ballestero,Alavés,0 | 0 | 0 | 0 | 0 | +2.316,"0,00% | 0,00% | 0,00% | 0,00% | 0,00% | +0,39%",,22ddías,🏠,602.316,602.316 | 602.316 | 602.316 | 602.316 | 602.316 | 600.000,Defensa
Monreal,Athletic,0 | 0 | 0 | 0 | 0 | +2.257,"0,00% | 0,00% | 0,00% | 0,00% | 0,00% | +0,38%",,22ddías,🏠,602.257,602.257 | 602.257 | 602.257 | 602.257 | 602.257 | 600.000,Defensa
Juan Hernández,Barcelona,0 | 0 | 0 | 0 | 0 | -18.240,"0,00% | 0,00% | 0,00% | 0,00% | 0,00% | -3,04%",,22ddías,,581.760,581.760 | 581.760 | 581.760 | 581.760 | 581.760 | 600.000,Mediocampista
Barry,Villarreal,0 | 0 | 0 | 0 | 0 | +2.292,"0,00% | 0,00% | 0,00% | 0,00% | 0,00% | +0,38%",,22ddías,,602.292,602.292 | 602.292 | 602.292 | 602.292 | 602.292 | 600.000,Mediocampista
Espart,Barcelona,0 | 0 | 0 | 0 | 0 | +2.705,"0,00% | 0,00% | 0,00% | 0,00% | 0,00% | +0,39%",,22ddías,20%,702.705,702.705 | 702.705 | 702.705 | 702.705 | 702.705 | 700.000,Defensa
Benito,Getafe,0 | 0 | 0 | 0 | 0 | +2.319,"0,00% | 0,00% | 0,00% | 0,00% | 0,00% | +0,39%",,22ddías,,602.319,602.319 | 602.319 | 602.319 | 602.319 | 602.319 | 600.000,Portero
Aleksandrov,Getafe,0 | 0 | 0 | 0 | 0 | +2.319,"0,00% | 0,00% | 0,00% | 0,00% | 0,00% | +0,39%",,22ddías,,602.319,602.319 | 602.319 | 602.319 | 602.319 | 602.319 | 600.000,Delantero
Javi Navarro,Real Madrid,0 | 0 | 0 | 0 | 0 | +2.622,"0,00% | 0,00% | 0,00% | 0,00% | 0,00% | +0,37%",,22ddías,,702.622,702.622 | 702.622 | 702.622 | 702.622 | 702.622 | 700.000,Portero
Beitia,Real Sociedad,0 | 0 | 0 | 0 | 0 | +1.861,"0,00% | 0,00% | 0,00% | 0,00% | 0,00% | +0,37%",,22ddías,20%,501.861,501.861 | 501.861 | 501.861 | 501.861 | 501.861 | 500.000,Defensa
Lebarbier,Real Sociedad,0 | 0 | 0 | 0 | 0 | +2.234,"0,00% | 0,00% | 0,00% | 0,00% | 0,00% | +0,37%",,22ddías,,602.234,602.234 | 602.234 | 602.234 | 602.234 | 602.234 | 600.000,Defensa
Radu,Celta,+686.202 | +1.499.374 | +2.080.183 | +4.788.285 | +9.004.777 | +13.398.304,"+2,10% | +4,70% | +6,64% | +16,74% | +36,91% | +66,99%",,24ddías,🏠 95%,33.398.304,32.712.102 | 31.898.930 | 31.318.121 | 28.610.019 | 24.393.527 | 20.000.000,Portero
Vertrouwd,Rayo,0 | 0 | 0 | 0 | 0 | +3.725,"0,00% | 0,00% | 0,00% | 0,00% | 0,00% | +0,37%",,22ddías,30%,1.003.725,1.003.725 | 1.003.725 | 1.003.725 | 1.003.725 | 1.003.725 | 1.000.000,Defensa
Oláiz,Alavés,0 | 0 | 0 | 0 | 0 | +2.316,"0,00% | 0,00% | 0,00% | 0,00% | 0,00% | +0,39%",,22ddías,🏠,602.316,602.316 | 602.316 | 602.316 | 602.316 | 602.316 | 600.000,Defensa
Swiderski,Alavés,0 | 0 | 0 | 0 | 0 | +2.316,"0,00% | 0,00% | 0,00% | 0,00% | 0,00% | +0,39%",,22ddías,🏠,602.316,602.316 | 602.316 | 602.316 | 602.316 | 602.316 | 600.000,Portero
Sivera,Alavés,+535.147 | +1.203.301 | +1.643.859 | +3.433.513 | +5.950.515 | +7.837.404,"+2,40% | +5,56% | +7,76% | +17,69% | +35,24% | +52,25%",,23ddías,🏠 95%,22.837.404,22.302.257 | 21.634.103 | 21.193.545 | 19.403.891 | 16.886.889 | 15.000.000,Portero
Aguado,Elche,-58.842 | -109.969 | -175.530 | -432.723 | -1.072.088 | -2.213.004,"-1,53% | -2,82% | -4,43% | -10,25% | -22,06% | -36,88%",,25ddías,70%,3.786.996,3.845.838 | 3.896.965 | 3.962.526 | 4.219.719 | 4.859.084 | 6.000.000,Mediocampista
Santiago,Elche,-15.082 | -30.594 | -47.512 | -112.960 | -261.932 | -582.210,"-2,06% | -4,09% | -6,21% | -13,60% | -26,74% | -44,79%",,25ddías,20%,717.790,732.872 | 748.384 | 765.302 | 830.750 | 979.722 | 1.300.000,Mediocampista
Á. Núñez,Celta,-107.165 | -213.729 | -322.638 | -731.651 | -1.522.878 | -2.284.796,"-2,22% | -4,34% | -6,40% | -13,43% | -24,41% | -32,64%",,22ddías,🏠 30%,4.715.204,4.822.369 | 4.928.933 | 5.037.842 | 5.446.855 | 6.238.082 | 7.000.000,Defensa
Affengruber,Elche,+576.797 | +1.271.329 | +1.748.328 | +4.034.023 | +7.271.035 | +19.083.993,"+2,14% | +4,85% | +6,79% | +17,20% | +35,96% | 0%",,17ddías,90%,27.489.247,26.912.450 | 26.217.918 | 25.740.919 | 23.455.224 | 20.218.212 | 0,Defensa
Febas,Celta,0 | 0 | 0 | 0 | 0 | +96.888,"0,00% | 0,00% | 0,00% | 0,00% | 0,00% | +0,39%",,22ddías,🏠 50%,25.096.888,25.096.888 | 25.096.888 | 25.096.888 | 25.096.888 | 25.096.888 | 25.000.000,Mediocampista
John ChetauyaJohn C.,Elche,-25.372 | -51.602 | -79.685 | -191.138 | -444.788 | -935.261,"-2,56% | -5,08% | -7,63% | -16,54% | -31,56% | -49,22%",,25ddías,40%,964.739,990.111 | 1.016.341 | 1.044.424 | 1.155.877 | 1.409.527 | 1.900.000,Defensa
Vencedor,Athletic,0 | 0 | 0 | 0 | 0 | +8.253,"0,00% | 0,00% | 0,00% | 0,00% | 0,00% | +0,38%",,22ddías,🏠 0%,2.208.253,2.208.253 | 2.208.253 | 2.208.253 | 2.208.253 | 2.208.253 | 2.200.000,Mediocampista
Youssef,Alavés,-9.047 | -18.273 | -28.643 | -65.055 | -150.278 | -327.035,"-1,55% | -3,09% | -4,76% | -10,20% | -20,78% | -36,34%",,17ddías,🏠 40%,572.965,582.012 | 591.238 | 601.608 | 638.020 | 723.243 | 900.000,Defensa
Fortuny,Real Madrid,0 | 0 | 0 | 0 | 0 | +2.234,"0,00% | 0,00% | 0,00% | 0,00% | 0,00% | +0,37%",,22ddías,,602.234,602.234 | 602.234 | 602.234 | 602.234 | 602.234 | 600.000,Mediocampista
Molina,Rayo,0 | 0 | 0 | 0 | 0 | +2.234,"0,00% | 0,00% | 0,00% | 0,00% | 0,00% | +0,37%",,22ddías,,602.234,602.234 | 602.234 | 602.234 | 602.234 | 602.234 | 600.000,Portero
Arguibide,Osasuna,0 | 0 | 0 | 0 | 0 | -17.987,"0,00% | 0,00% | 0,00% | 0,00% | 0,00% | -3,00%",,22ddías,0%,582.013,582.013 | 582.013 | 582.013 | 582.013 | 582.013 | 600.000,Defensa
Bekhoucha,Getafe,0 | 0 | 0 | 0 | 0 | +4.254,"0,00% | 0,00% | 0,00% | 0,00% | 0,00% | +0,39%",,22ddías,30%,1.104.254,1.104.254 | 1.104.254 | 1.104.254 | 1.104.254 | 1.104.254 | 1.100.000,Defensa
Pablo García,Betis,0 | 0 | 0 | 0 | 0 | +9.371,"0,00% | 0,00% | 0,00% | 0,00% | 0,00% | +0,37%",,22ddías,🏠 20%,2.509.371,2.509.371 | 2.509.371 | 2.509.371 | 2.509.371 | 2.509.371 | 2.500.000,Delantero
Diatta,Villarreal,0 | 0 | 0 | 0 | 0 | -18.344,"0,00% | 0,00% | 0,00% | 0,00% | 0,00% | -3,06%",,22ddías,10%,581.656,581.656 | 581.656 | 581.656 | 581.656 | 581.656 | 600.000,Mediocampista
Salinas,Málaga,+15.131 | 0 | -18.620 | -129.249 | -353.626 | -829.930,"+1,43% | 0,00% | -1,71% | -10,78% | -24,84% | -43,68%",,1ddías,50%,1.070.070,1.054.939 | 1.070.070 | 1.088.690 | 1.199.319 | 1.423.696 | 1.900.000,Defensa
Ortiz,Betis,0 | 0 | 0 | 0 | 0 | +6.372,"0,00% | 0,00% | 0,00% | 0,00% | 0,00% | +0,37%",,22ddías,🏠 30%,1.706.372,1.706.372 | 1.706.372 | 1.706.372 | 1.706.372 | 1.706.372 | 1.700.000,Defensa
Rubén Gómez,Villarreal,0 | 0 | 0 | 0 | 0 | +2.292,"0,00% | 0,00% | 0,00% | 0,00% | 0,00% | +0,38%",,22ddías,5%,602.292,602.292 | 602.292 | 602.292 | 602.292 | 602.292 | 600.000,Portero
Valou,Getafe,0 | 0 | 0 | 0 | 0 | +2.292,"0,00% | 0,00% | 0,00% | 0,00% | 0,00% | +0,38%",,22ddías,30%,602.292,602.292 | 602.292 | 602.292 | 602.292 | 602.292 | 600.000,Defensa
Gonzalo,Real Madrid,-91.628 | -136.849 | -211.104 | -431.515 | -905.977 | -1.633.990,"-2,15% | -3,18% | -4,82% | -9,39% | -17,86% | -28,17%",,25ddías,10%,4.166.010,4.257.638 | 4.302.859 | 4.377.114 | 4.597.525 | 5.071.987 | 5.800.000,Delantero
Niño,Málaga,-35.324 | -61.757 | -109.813 | -248.271 | -563.990 | -1.078.932,"-1,19% | -2,07% | -3,62% | -7,83% | -16,18% | -26,97%",,25ddías,30%,2.921.068,2.956.392 | 2.982.825 | 3.030.881 | 3.169.339 | 3.485.058 | 4.000.000,Delantero
Rayane,Atlético,0 | 0 | 0 | 0 | 0 | -21.994,"0,00% | 0,00% | 0,00% | 0,00% | 0,00% | -3,14%",,22ddías,🏠,678.006,678.006 | 678.006 | 678.006 | 678.006 | 678.006 | 700.000,Delantero
Mendy,Rayo,0 | 0 | 0 | 0 | 0 | +22.356,"0,00% | 0,00% | 0,00% | 0,00% | 0,00% | +0,37%",,22ddías,70%,6.022.356,6.022.356 | 6.022.356 | 6.022.356 | 6.022.356 | 6.022.356 | 6.000.000,Defensa
Osambela,Osasuna,0 | 0 | 0 | 0 | 0 | +1.932,"0,00% | 0,00% | 0,00% | 0,00% | 0,00% | +0,39%",,22ddías,20%,501.932,501.932 | 501.932 | 501.932 | 501.932 | 501.932 | 500.000,Mediocampista
Rafa,Sevilla,0 | 0 | 0 | 0 | 0 | +2.257,"0,00% | 0,00% | 0,00% | 0,00% | 0,00% | +0,38%",,22ddías,🏠,602.257,602.257 | 602.257 | 602.257 | 602.257 | 602.257 | 600.000,Portero
Juanpe,Rayo,0 | 0 | 0 | 0 | 0 | +2.234,"0,00% | 0,00% | 0,00% | 0,00% | 0,00% | +0,37%",,22ddías,,602.234,602.234 | 602.234 | 602.234 | 602.234 | 602.234 | 600.000,Portero
Yáñez,Real Madrid,0 | 0 | 0 | 0 | 0 | +2.606,"0,00% | 0,00% | 0,00% | 0,00% | 0,00% | +0,37%",,22ddías,,702.606,702.606 | 702.606 | 702.606 | 702.606 | 702.606 | 700.000,Delantero
D. Aguado,Real Madrid,0 | 0 | 0 | 0 | 0 | -25.891,"0,00% | 0,00% | 0,00% | 0,00% | 0,00% | -3,24%",,22ddías,,774.109,774.109 | 774.109 | 774.109 | 774.109 | 774.109 | 800.000,Defensa
Fran González,Real Madrid,0 | 0 | 0 | 0 | 0 | +2.622,"0,00% | 0,00% | 0,00% | 0,00% | 0,00% | +0,37%",,22ddías,,702.622,702.622 | 702.622 | 702.622 | 702.622 | 702.622 | 700.000,Portero
Mariezkurrena,Real Sociedad,0 | 0 | 0 | 0 | 0 | -22.034,"0,00% | 0,00% | 0,00% | 0,00% | 0,00% | -3,15%",,22ddías,,677.966,677.966 | 677.966 | 677.966 | 677.966 | 677.966 | 700.000,Delantero
Castrín,Sevilla,0 | 0 | 0 | 0 | 0 | -176.984,"0,00% | 0,00% | 0,00% | 0,00% | 0,00% | -3,54%",,22ddías,🏠 60%,4.823.016,4.823.016 | 4.823.016 | 4.823.016 | 4.823.016 | 4.823.016 | 5.000.000,Defensa
Iván Romero,Levante,-26.608 | -46.757 | -117.835 | -326.433 | -794.081 | -1.382.686,"-0,37% | -0,65% | -1,63% | -4,39% | -10,04% | -16,27%",,14ddías,80%,7.117.314,7.143.922 | 7.164.071 | 7.235.149 | 7.443.747 | 7.911.395 | 8.500.000,Delantero
Ruggeri,Atlético,-136.728 | -231.220 | -353.495 | -800.810 | -1.690.840 | -1.203.758,"-1,75% | -2,92% | -4,39% | -9,42% | -18,01% | -13,53%",,19ddías,🏠 50%,7.696.242,7.832.970 | 7.927.462 | 8.049.737 | 8.497.052 | 9.387.082 | 8.900.000,Defensa
Primo,Levante,0 | 0 | 0 | 0 | 0 | +4.126,"0,00% | 0,00% | 0,00% | 0,00% | 0,00% | +0,38%",,22ddías,10%,1.104.126,1.104.126 | 1.104.126 | 1.104.126 | 1.104.126 | 1.104.126 | 1.100.000,Portero
Esquivel,Atlético,0 | 0 | 0 | 0 | 0 | +2.292,"0,00% | 0,00% | 0,00% | 0,00% | 0,00% | +0,38%",,22ddías,🏠,602.292,602.292 | 602.292 | 602.292 | 602.292 | 602.292 | 600.000,Portero
Gorrotxategi,Real Sociedad,-138.747 | -171.444 | -317.429 | -742.883 | -1.613.132 | +895.696,"-1,54% | -1,89% | -3,45% | -7,71% | -15,35% | +11,20%",,18ddías,50%,8.895.696,9.034.443 | 9.067.140 | 9.213.125 | 9.638.579 | 10.508.828 | 8.000.000,Mediocampista
Ugrinic,Valencia,-131.210 | -256.747 | -387.020 | -903.924 | -1.977.784 | -2.966.024,"-2,54% | -4,85% | -7,14% | -15,22% | -28,21% | -37,08%",,23ddías,🏠 40%,5.033.976,5.165.186 | 5.290.723 | 5.420.996 | 5.937.900 | 7.011.760 | 8.000.000,Mediocampista
Bigas,Elche,-182.374 | -362.093 | -457.115 | -776.058 | -1.674.505 | -658.884,"-2,42% | -4,70% | -5,86% | -9,56% | -18,57% | -8,24%",,20ddías,80%,7.341.116,7.523.490 | 7.703.209 | 7.798.231 | 8.117.174 | 9.015.621 | 8.000.000,Defensa
Redondo,Elche,-33.608 | -67.803 | -102.183 | -252.575 | -573.125 | -1.166.849,"-2,65% | -5,21% | -7,65% | -17,00% | -31,73% | -48,62%",,25ddías,30%,1.233.151,1.266.759 | 1.300.954 | 1.335.334 | 1.485.726 | 1.806.276 | 2.400.000,Mediocampista
Pinillos,Alavés,0 | 0 | 0 | 0 | 0 | +1.929,"0,00% | 0,00% | 0,00% | 0,00% | 0,00% | +0,39%",,22ddías,🏠,501.929,501.929 | 501.929 | 501.929 | 501.929 | 501.929 | 500.000,Mediocampista
Rego,Athletic,0 | 0 | 0 | 0 | 0 | +18.825,"0,00% | 0,00% | 0,00% | 0,00% | 0,00% | +0,38%",,22ddías,🏠 20%,5.018.825,5.018.825 | 5.018.825 | 5.018.825 | 5.018.825 | 5.018.825 | 5.000.000,Defensa
Torrents,Barcelona,0 | 0 | 0 | 0 | 0 | +2.319,"0,00% | 0,00% | 0,00% | 0,00% | 0,00% | +0,39%",,22ddías,,602.319,602.319 | 602.319 | 602.319 | 602.319 | 602.319 | 600.000,Defensa
Oriol Rey,Levante,-27.866 | -55.155 | -85.880 | -205.500 | -470.173 | -975.412,"-2,65% | -5,11% | -7,73% | -16,71% | -31,45% | -48,77%",,25ddías,30%,1.024.588,1.052.454 | 1.079.743 | 1.110.468 | 1.230.088 | 1.494.761 | 2.000.000,Mediocampista
Manu Fernández,Celta,-3.894 | -7.753 | -12.532 | -24.150 | -54.937 | -150.704,"-0,86% | -1,70% | -2,71% | -5,10% | -10,90% | -25,12%",,25ddías,🏠 10%,449.296,453.190 | 457.049 | 461.828 | 473.446 | 504.233 | 600.000,Defensa
Joselu,Getafe,0 | 0 | 0 | 0 | 0 | +2.319,"0,00% | 0,00% | 0,00% | 0,00% | 0,00% | +0,39%",,22ddías,,602.319,602.319 | 602.319 | 602.319 | 602.319 | 602.319 | 600.000,Delantero
Víctor García,Levante,-80.034 | -159.738 | -244.941 | -603.146 | -1.340.348 | -2.652.595,"-2,73% | -5,31% | -7,92% | -17,48% | -32,01% | -48,23%",,25ddías,30%,2.847.405,2.927.439 | 3.007.143 | 3.092.346 | 3.450.551 | 4.187.753 | 5.500.000,Defensa
Pablo CamposCuñat Campos,Levante,+21.751 | +48.145 | +54.009 | +24.810 | -162.389 | -544.654,"+1,76% | +3,99% | +4,50% | +2,02% | -11,45% | -30,26%",,4ddías,90%,1.255.346,1.233.595 | 1.207.201 | 1.201.337 | 1.230.536 | 1.417.735 | 1.800.000,Portero
Toljan,Levante,-89.927 | -154.144 | -244.987 | -597.137 | -1.381.124 | -2.519.946,"-1,77% | -3,00% | -4,69% | -10,71% | -21,71% | -33,60%",,23ddías,80%,4.980.054,5.069.981 | 5.134.198 | 5.225.041 | 5.577.191 | 6.361.178 | 7.500.000,Defensa
Cortés,Levante,0 | 0 | 0 | 0 | 0 | +3.000,"0,00% | 0,00% | 0,00% | 0,00% | 0,00% | +0,38%",,22ddías,40%,803.000,803.000 | 803.000 | 803.000 | 803.000 | 803.000 | 800.000,Delantero
Elgezabal,Levante,-44.416 | -89.574 | -138.036 | -331.170 | -721.575 | -1.422.637,"-2,74% | -5,37% | -8,05% | -17,35% | -31,39% | -47,42%",,25ddías,20%,1.577.363,1.621.779 | 1.666.937 | 1.715.399 | 1.908.533 | 2.298.938 | 3.000.000,Defensa
C. Álvarez,Levante,+286.817 | +652.803 | +903.597 | +2.578.974 | +4.412.492 | +8.208.973,"+1,80% | +4,20% | +5,90% | +18,92% | +37,41% | +102,61%",,24ddías,60%,16.208.973,15.922.156 | 15.556.170 | 15.305.376 | 13.629.999 | 11.796.481 | 8.000.000,Mediocampista
Huijsen,Real Madrid,-210.851 | -369.703 | -830.595 | -1.912.137 | -6.156.771 | -12.855.390,"-0,58% | -1,02% | -2,26% | -5,06% | -14,66% | -26,40%",,25ddías,70%,35.844.610,36.055.461 | 36.214.313 | 36.675.205 | 37.756.747 | 42.001.381 | 48.700.000,Defensa
Jutglà,Celta,-115.048 | -254.400 | -387.777 | -917.580 | -2.277.813 | -1.458.838,"-1,19% | -2,60% | -3,91% | -8,77% | -19,27% | -13,26%",,21ddías,🏠 80%,9.541.162,9.656.210 | 9.795.562 | 9.928.939 | 10.458.742 | 11.818.975 | 11.000.000,Delantero
Alexander-Arnold,Real Madrid,-370.952 | -721.487 | -1.191.094 | -3.004.512 | -7.097.067 | -12.673.017,"-1,34% | -2,57% | -4,18% | -9,91% | -20,62% | -31,68%",,25ddías,50%,27.326.983,27.697.935 | 28.048.470 | 28.518.077 | 30.331.495 | 34.424.050 | 40.000.000,Defensa
Jonny,Alavés,-101.827 | -216.963 | -322.975 | -784.422 | -1.794.414 | -2.859.062,"-1,63% | -3,41% | -5,00% | -11,33% | -22,61% | -31,77%",,21ddías,🏠 80%,6.140.938,6.242.765 | 6.357.901 | 6.463.913 | 6.925.360 | 7.935.352 | 9.000.000,Defensa
Almada,Atlético,-180.017 | -338.117 | -530.738 | -1.129.390 | -2.350.122 | -2.788.020,"-2,44% | -4,48% | -6,85% | -13,54% | -24,58% | -27,88%",,19ddías,🏠 0%,7.211.980,7.391.997 | 7.550.097 | 7.742.718 | 8.341.370 | 9.562.102 | 10.000.000,Mediocampista
Luiz Felipe,Rayo,0 | 0 | 0 | 0 | 0 | +15.277,"0,00% | 0,00% | 0,00% | 0,00% | 0,00% | +0,37%",,22ddías,0%,4.115.277,4.115.277 | 4.115.277 | 4.115.277 | 4.115.277 | 4.115.277 | 4.100.000,Defensa
Hancko,Atlético,-284.688 | -459.915 | -730.035 | -1.920.531 | -5.227.178 | -9.213.519,"-0,92% | -1,47% | -2,32% | -5,87% | -14,51% | -23,03%",,23ddías,🏠 70%,30.786.481,31.071.169 | 31.246.396 | 31.516.516 | 32.707.012 | 36.013.659 | 40.000.000,Defensa
Fortea,Real Madrid,0 | 0 | 0 | 0 | 0 | +2.099,"0,00% | 0,00% | 0,00% | 0,00% | 0,00% | +0,26%",,22ddías,,802.099,802.099 | 802.099 | 802.099 | 802.099 | 802.099 | 800.000,Defensa
Martim Neto,Elche,-27.004 | -37.595 | -53.854 | -136.398 | -425.752 | -924.549,"-1,28% | -1,78% | -2,53% | -6,17% | -17,02% | -30,82%",,25ddías,50%,2.075.451,2.102.455 | 2.113.046 | 2.129.305 | 2.211.849 | 2.501.203 | 3.000.000,Mediocampista
Jorge Cabello,Levante,-36.891 | -75.121 | +664.335 | +664.335 | +664.335 | +664.335,"-2,89% | -5,71% | 0% | 0% | 0% | 0%",,2ddías,10%,1.241.211,1.278.102 | 1.316.332 | 0 | 0 | 0 | 0,Defensa
Valentín Gómez,Betis,-47.910 | -92.043 | -148.920 | -363.148 | -843.943 | -1.667.181,"-2,01% | -3,80% | -6,00% | -13,47% | -26,57% | -41,68%",,25ddías,🏠 20%,2.332.819,2.380.729 | 2.424.862 | 2.481.739 | 2.695.967 | 3.176.762 | 4.000.000,Defensa
Deossa,Betis,-45.707 | -98.676 | -158.740 | -392.122 | -904.597 | -1.837.324,"-2,17% | -4,57% | -7,15% | -15,97% | -30,49% | -47,11%",,25ddías,🏠 10%,2.062.676,2.108.383 | 2.161.352 | 2.221.416 | 2.454.798 | 2.967.273 | 3.900.000,Mediocampista
Junior,Betis,-107.871 | -226.898 | -336.981 | -843.829 | -1.801.417 | -3.235.316,"-2,21% | -4,55% | -6,61% | -15,05% | -27,44% | -40,44%",,25ddías,🏠 20%,4.764.684,4.872.555 | 4.991.582 | 5.101.665 | 5.608.513 | 6.566.101 | 8.000.000,Defensa
Dituro,Elche,-100.300 | -178.107 | -181.983 | -290.400 | -810.773 | -1.262.474,"-1,47% | -2,58% | -2,63% | -4,13% | -10,74% | -15,78%",,25ddías,90%,6.737.526,6.837.826 | 6.915.633 | 6.919.509 | 7.027.926 | 7.548.299 | 8.000.000,Portero
Dolan,Espanyol,-120.647 | -191.844 | -294.300 | -674.851 | -1.494.936 | -1.084.864,"-1,71% | -2,70% | -4,08% | -8,89% | -17,78% | -13,56%",,18ddías,🏠 50%,6.915.136,7.035.783 | 7.106.980 | 7.209.436 | 7.589.987 | 8.410.072 | 8.000.000,Delantero
Roger BruguéBrugui,Levante,-99.118 | -195.992 | -302.688 | -719.045 | -1.676.485 | -3.559.247,"-2,80% | -5,39% | -8,09% | -17,29% | -32,76% | -50,85%",,26ddías,0%,3.440.753,3.539.871 | 3.636.745 | 3.743.441 | 4.159.798 | 5.117.238 | 7.000.000,Delantero
Iker Muñoz,Sevilla,0 | 0 | 0 | 0 | 0 | +2.284,"0,00% | 0,00% | 0,00% | 0,00% | 0,00% | +0,38%",,22ddías,🏠,602.284,602.284 | 602.284 | 602.284 | 602.284 | 602.284 | 600.000,Defensa
Izei,Alavés,0 | 0 | 0 | 0 | 0 | -17.990,"0,00% | 0,00% | 0,00% | 0,00% | 0,00% | -3,00%",,22ddías,🏠,582.010,582.010 | 582.010 | 582.010 | 582.010 | 582.010 | 600.000,Mediocampista
Cucho,Betis,-493.040 | -457.665 | -415.742 | +1.670.621 | +7.170.920 | +15.699.146,"-0,88% | -0,81% | -0,74% | +3,09% | +14,78% | +39,25%",,1ddías,🏠 80%,55.699.146,56.192.186 | 56.156.811 | 56.114.888 | 54.028.525 | 48.528.226 | 40.000.000,Delantero
Eriksson,Racing,+51.989 | +107.254 | +125.663 | +103.906 | -182.005 | -619.982,"+2,23% | +4,72% | +5,57% | +4,57% | -7,10% | -20,67%",,4ddías,🏠 95%,2.380.018,2.328.029 | 2.272.764 | 2.254.355 | 2.276.112 | 2.562.023 | 3.000.000,Portero
Iñigo Vicente,Racing,-437.371 | -766.654 | -1.089.960 | -1.721.530 | -3.648.846 | -5.583.153,"-2,15% | -3,71% | -5,19% | -7,96% | -15,48% | -21,89%",,21ddías,🏠 90%,19.916.847,20.354.218 | 20.683.501 | 21.006.807 | 21.638.377 | 23.565.693 | 25.500.000,Delantero
Solórzano,Racing,0 | 0 | 0 | 0 | 0 | +2.234,"0,00% | 0,00% | 0,00% | 0,00% | 0,00% | +0,37%",,21ddías,🏠,602.234,602.234 | 602.234 | 602.234 | 602.234 | 602.234 | 600.000,Mediocampista
Puerta,Racing,+145.967 | +344.972 | +381.159 | +402.406 | -299.656 | -300.325,"+1,53% | +3,69% | +4,09% | +4,33% | -3,00% | -3,00%",,4ddías,🏠 90%,9.699.675,9.553.708 | 9.354.703 | 9.318.516 | 9.297.269 | 9.999.331 | 10.000.000,Mediocampista
Sergio Martínez,Racing,0 | 0 | 0 | 0 | 0 | +2.606,"0,00% | 0,00% | 0,00% | 0,00% | 0,00% | +0,37%",,21ddías,🏠 30%,702.606,702.606 | 702.606 | 702.606 | 702.606 | 702.606 | 700.000,Mediocampista
Gueye,Racing,-54.222 | -115.722 | -206.926 | -545.151 | -1.395.016 | -2.176.373,"-1,11% | -2,34% | -4,11% | -10,15% | -22,43% | -31,09%",,21ddías,🏠 80%,4.823.627,4.877.849 | 4.939.349 | 5.030.553 | 5.368.778 | 6.218.643 | 7.000.000,Mediocampista
Crespo,Racing,0 | 0 | 0 | 0 | 0 | +2.979,"0,00% | 0,00% | 0,00% | 0,00% | 0,00% | +0,37%",,21ddías,🏠,802.979,802.979 | 802.979 | 802.979 | 802.979 | 802.979 | 800.000,Defensa
Facundo GonzálezFacu González,Racing,0 | 0 | 0 | 0 | 0 | +13.040,"0,00% | 0,00% | 0,00% | 0,00% | 0,00% | +0,37%",,21ddías,🏠 90%,3.513.040,3.513.040 | 3.513.040 | 3.513.040 | 3.513.040 | 3.513.040 | 3.500.000,Defensa
Carlos Sánchez,Racing,0 | 0 | 0 | 0 | 0 | +2.606,"0,00% | 0,00% | 0,00% | 0,00% | 0,00% | +0,37%",,21ddías,🏠,702.606,702.606 | 702.606 | 702.606 | 702.606 | 702.606 | 700.000,Defensa
Salinas,Racing,0 | 0 | 0 | 0 | 0 | +22.356,"0,00% | 0,00% | 0,00% | 0,00% | 0,00% | +0,37%",,21ddías,🏠 90%,6.022.356,6.022.356 | 6.022.356 | 6.022.356 | 6.022.356 | 6.022.356 | 6.000.000,Defensa
Camara,Racing,-18.234 | -36.630 | -59.492 | -124.137 | -304.880 | -691.903,"-1,78% | -3,51% | -5,57% | -10,96% | -23,22% | -40,70%",,25ddías,🏠 40%,1.008.097,1.026.331 | 1.044.727 | 1.067.589 | 1.132.234 | 1.312.977 | 1.700.000,Defensa
Hernando,Racing,-26.392 | -47.242 | -80.128 | -224.718 | -642.549 | -1.449.458,"-1,27% | -2,25% | -3,76% | -9,88% | -23,86% | -41,41%",,25ddías,🏠 80%,2.050.542,2.076.934 | 2.097.784 | 2.130.670 | 2.275.260 | 2.693.091 | 3.500.000,Defensa
Sainz-Maza,Racing,-28.066 | -51.603 | -80.926 | -193.168 | -461.829 | -931.947,"-2,56% | -4,61% | -7,04% | -15,32% | -30,19% | -46,60%",,25ddías,🏠 40%,1.068.053,1.096.119 | 1.119.656 | 1.148.979 | 1.261.221 | 1.529.882 | 2.000.000,Defensa
Mantilla,Racing,+12.426 | +19.330 | +15.673 | -1.454 | -217.420 | -846.679,"+0,58% | +0,91% | +0,73% | -0,07% | -9,17% | -28,22%",,2ddías,🏠 80%,2.153.321,2.140.895 | 2.133.991 | 2.137.648 | 2.154.775 | 2.370.741 | 3.000.000,Defensa
Laro Gómez,Racing,0 | 0 | 0 | 0 | 0 | +2.234,"0,00% | 0,00% | 0,00% | 0,00% | 0,00% | +0,37%",,21ddías,🏠 5%,602.234,602.234 | 602.234 | 602.234 | 602.234 | 602.234 | 600.000,Portero
Jiménez,Racing,0 | 0 | 0 | 0 | 0 | +2.234,"0,00% | 0,00% | 0,00% | 0,00% | 0,00% | +0,37%",,21ddías,🏠,602.234,602.234 | 602.234 | 602.234 | 602.234 | 602.234 | 600.000,Portero
Guliashvili,Racing,-101.451 | -207.293 | -321.276 | -785.940 | -1.745.336 | -3.172.786,"-2,96% | -5,86% | -8,81% | -19,11% | -34,41% | -48,81%",,25ddías,🏠 30%,3.327.214,3.428.665 | 3.534.507 | 3.648.490 | 4.113.154 | 5.072.550 | 6.500.000,Delantero
Lorenzo,Málaga,-19.138 | -72.945 | -108.031 | -194.415 | -1.086.099 | -2.659.670,"-0,23% | -0,87% | -1,28% | -2,28% | -11,52% | -24,18%",,6ddías,80%,8.340.330,8.359.468 | 8.413.275 | 8.448.361 | 8.534.745 | 9.426.429 | 11.000.000,Mediocampista
Dani Sánchez,Málaga,-23.857 | -45.394 | -71.792 | -181.235 | -419.074 | -973.519,"-2,27% | -4,24% | -6,54% | -15,01% | -28,99% | -48,68%",,25ddías,30%,1.026.481,1.050.338 | 1.071.875 | 1.098.273 | 1.207.716 | 1.445.555 | 2.000.000,Defensa
Recio,Málaga,0 | 0 | 0 | 0 | 0 | +2.810,"0,00% | 0,00% | 0,00% | 0,00% | 0,00% | +0,37%",,21ddías,10%,752.810,752.810 | 752.810 | 752.810 | 752.810 | 752.810 | 750.000,Defensa
Pastor,Málaga,0 | 0 | 0 | 0 | 0 | -10.884,"0,00% | 0,00% | 0,00% | 0,00% | 0,00% | -2,72%",,21ddías,30%,389.116,389.116 | 389.116 | 389.116 | 389.116 | 389.116 | 400.000,Defensa
Arriaza,Málaga,0 | 0 | 0 | 0 | 0 | +1.498,"0,00% | 0,00% | 0,00% | 0,00% | 0,00% | +0,37%",,21ddías,10%,401.498,401.498 | 401.498 | 401.498 | 401.498 | 401.498 | 400.000,Defensa
Moussa,Málaga,0 | 0 | 0 | 0 | 0 | +1.498,"0,00% | 0,00% | 0,00% | 0,00% | 0,00% | +0,37%",,21ddías,,401.498,401.498 | 401.498 | 401.498 | 401.498 | 401.498 | 400.000,Defensa
Merino,Málaga,-73.217 | -173.626 | -305.673 | -663.295 | -1.648.619 | -2.601.657,"-0,98% | -2,29% | -3,97% | -8,23% | -18,22% | -26,02%",,21ddías,70%,7.398.343,7.471.560 | 7.571.969 | 7.704.016 | 8.061.638 | 9.046.962 | 10.000.000,Mediocampista
Rafa Rodríguez,Málaga,0 | 0 | 0 | 0 | 0 | -229.574,"0,00% | 0,00% | 0,00% | 0,00% | 0,00% | -3,53%",,21ddías,30%,6.270.426,6.270.426 | 6.270.426 | 6.270.426 | 6.270.426 | 6.270.426 | 6.500.000,Mediocampista
Haitam,Málaga,-5.469 | -10.969 | -17.457 | -36.655 | -84.082 | -212.899,"-1,11% | -2,20% | -3,46% | -7,00% | -14,72% | -30,41%",,25ddías,20%,487.101,492.570 | 498.070 | 504.558 | 523.756 | 571.183 | 700.000,Delantero
Ochoa,Málaga,0 | 0 | 0 | 0 | 0 | +13.040,"0,00% | 0,00% | 0,00% | 0,00% | 0,00% | +0,37%",,21ddías,0%,3.513.040,3.513.040 | 3.513.040 | 3.513.040 | 3.513.040 | 3.513.040 | 3.500.000,Mediocampista
Enríquez,Málaga,-26.957 | -54.213 | -80.915 | -173.534 | -419.442 | -894.047,"-2,38% | -4,67% | -6,82% | -13,56% | -27,50% | -44,70%",,25ddías,50%,1.105.953,1.132.910 | 1.160.166 | 1.186.868 | 1.279.487 | 1.525.395 | 2.000.000,Mediocampista
Juanpe,Málaga,0 | 0 | 0 | 0 | 0 | -18.069,"0,00% | 0,00% | 0,00% | 0,00% | 0,00% | -3,01%",,21ddías,20%,581.931,581.931 | 581.931 | 581.931 | 581.931 | 581.931 | 600.000,Mediocampista
Joaquín,Málaga,-163.507 | -302.737 | -487.649 | -1.192.145 | -2.751.351 | -5.128.203,"-1,81% | -3,30% | -5,21% | -11,85% | -23,67% | -36,63%",,25ddías,50%,8.871.797,9.035.304 | 9.174.534 | 9.359.446 | 10.063.942 | 11.623.148 | 14.000.000,Delantero
Lobete,Málaga,-28.905 | -52.280 | -82.349 | -202.776 | -450.885 | -873.175,"-2,50% | -4,43% | -6,81% | -15,25% | -28,58% | -43,66%",,25ddías,20%,1.126.825,1.155.730 | 1.179.105 | 1.209.174 | 1.329.601 | 1.577.710 | 2.000.000,Delantero
Jauregi,Málaga,0 | 0 | 0 | 0 | 0 | +5.774,"0,00% | 0,00% | 0,00% | 0,00% | 0,00% | +0,37%",,21ddías,20%,1.555.774,1.555.774 | 1.555.774 | 1.555.774 | 1.555.774 | 1.555.774 | 1.550.000,Delantero
Arana,Racing,-13.996 | -24.518 | -39.360 | -99.801 | -266.170 | -529.887,"-1,42% | -2,47% | -3,90% | -9,33% | -21,53% | -35,33%",,25ddías,🏠 50%,970.113,984.109 | 994.631 | 1.009.473 | 1.069.914 | 1.236.283 | 1.500.000,Delantero
Canales,Racing,0 | 0 | 0 | 0 | 0 | +37.262,"0,00% | 0,00% | 0,00% | 0,00% | 0,00% | +0,37%",,21ddías,🏠 70%,10.037.262,10.037.262 | 10.037.262 | 10.037.262 | 10.037.262 | 10.037.262 | 10.000.000,Delantero
Rafa GarridoRafita,Málaga,0 | 0 | 0 | 0 | 0 | +18.744,"0,00% | 0,00% | 0,00% | 0,00% | 0,00% | +0,37%",,21ddías,80%,5.018.744,5.018.744 | 5.018.744 | 5.018.744 | 5.018.744 | 5.018.744 | 5.000.000,Defensa
Manuel Pellegrini,Betis,-258.179 | -520.292 | -787.457 | -2.089.300 | +236.727 | +255.104,"-3,44% | -6,69% | -9,79% | -22,36% | 0% | +3,64%",,7ddías,🏠,7.255.104,7.513.283 | 7.775.396 | 8.042.561 | 9.344.404 | 0 | 7.000.000,
Carlos Corberán,Valencia,-26.688 | -54.289 | -83.800 | -205.091 | +93.968 | +96.329,"-2,61% | -5,17% | -7,76% | -17,07% | 0% | +10,70%",,7ddías,🏠,996.329,1.023.017 | 1.050.618 | 1.080.129 | 1.201.420 | 0 | 900.000,
Luis García,Sevilla,-40.316 | -82.114 | -126.414 | +255.497 | +521.326 | +523.425,"-2,96% | -5,84% | -8,72% | +23,92% | 0% | +65,43%",,4ddías,🏠,1.323.425,1.363.741 | 1.405.539 | 1.449.839 | 1.067.928 | 0 | 800.000,
Pellegrino Matarazzo,Real Sociedad,-256.617 | -526.077 | -818.161 | +235.324 | +1.896.772 | +1.909.898,"-3,58% | -7,07% | -10,59% | +3,53% | 0% | +38,20%",,5ddías,,6.909.898,7.166.515 | 7.435.975 | 7.728.059 | 6.674.574 | 0 | 5.000.000,
José Mourinho,Real Madrid,-929.027 | -1.578.615 | +665.970 | +9.025.912 | 0 | 0,"-3,75% | -6,22% | +2,88% | +61,01% | 0% | 0%",,2ddías,,23.819.464,24.748.491 | 25.398.079 | 23.153.494 | 14.793.552 | 0 | 0,
Beñat San José,Rayo,+258.299 | +496.567 | +698.579 | +1.450.970 | 0 | 0,"+10,23% | +21,72% | +33,52% | +108,98% | 0% | 0%",,9ddías,,2.782.388,2.524.089 | 2.285.821 | 2.083.809 | 1.331.418 | 0 | 0,
José Alberto López,Racing,-48.485 | -98.792 | -151.955 | +451.536 | +717.365 | +719.464,"-3,09% | -6,10% | -9,09% | +42,28% | 0% | +89,93%",,3ddías,🏠,1.519.464,1.567.949 | 1.618.256 | 1.671.419 | 1.067.928 | 0 | 800.000,
Luis Miguel Ramis,Osasuna,-86.881 | +151.387 | +353.399 | +1.105.790 | 0 | 0,"-3,44% | +6,62% | +16,96% | +83,05% | 0% | 0%",,1ddías,,2.437.208,2.524.089 | 2.285.821 | 2.083.809 | 1.331.418 | 0 | 0,
Juan Funes,Málaga,-74.350 | -151.600 | +50.942 | +805.309 | +1.137.597 | +1.140.222,"-3,36% | -6,61% | +2,44% | +60,33% | 0% | +114,02%",,2ddías,,2.140.222,2.214.572 | 2.291.822 | 2.089.280 | 1.334.913 | 0 | 1.000.000,
Luis Castro,Levante,-73.137 | -149.123 | -229.035 | +108.742 | +607.174 | +611.111,"-3,35% | -6,60% | -9,79% | +5,43% | 0% | +40,74%",,5ddías,,2.111.111,2.184.248 | 2.260.234 | 2.340.146 | 2.002.369 | 0 | 1.500.000,
Pepe Bordalás,Getafe,+15.621.546 | +19.200.380 | +42.117.124 | +49.032.016 | +48.520.651 | +48.533.777,"+41,20% | +55,92% | +368,91% | +1.089,17% | 0% | +970,68%",,7ddías,,53.533.777,37.912.231 | 34.333.397 | 11.416.653 | 4.501.761 | 0 | 5.000.000,
Manolo González,Espanyol,-61.414 | -125.189 | -192.381 | -172.598 | +325.834 | +329.771,"-3,25% | -6,40% | -9,51% | -8,62% | 0% | +21,98%",,6ddías,🏠,1.829.771,1.891.185 | 1.954.960 | 2.022.152 | 2.002.369 | 0 | 1.500.000,
Martín Anselmi,Elche,+258.299 | +496.567 | +698.579 | +1.450.970 | 0 | 0,"+10,23% | +21,72% | +33,52% | +108,98% | 0% | 0%",,9ddías,,2.782.388,2.524.089 | 2.285.821 | 2.083.809 | 1.331.418 | 0 | 0,
Antonio Hidalgo,Deportivo,-102.398 | -208.865 | -320.528 | +811.022 | +1.309.454 | +1.313.391,"-3,51% | -6,91% | -10,23% | +40,50% | 0% | +87,56%",,3ddías,🏠,2.813.391,2.915.789 | 3.022.256 | 3.133.919 | 2.002.369 | 0 | 1.500.000,
Claudio Giráldez,Celta,-142.931 | -285.952 | -447.038 | -1.139.071 | -1.074.491 | -1.061.365,"-3,50% | -6,77% | -10,19% | -22,43% | 0% | -21,23%",,9ddías,🏠,3.938.635,4.081.566 | 4.224.587 | 4.385.673 | 5.077.706 | 0 | 5.000.000,
Hansi Flick,Barcelona,-426.454 | -846.651 | -1.313.940 | -3.250.937 | -702.910 | -663.528,"-2,89% | -5,58% | -8,40% | -18,48% | 0% | -4,42%",,8ddías,,14.336.472,14.762.926 | 15.183.123 | 15.650.412 | 17.587.409 | 0 | 15.000.000,
Santi Franco,Racing,0 | 0 | 0 | 0 | 0 | +2.606,"0,00% | 0,00% | 0,00% | 0,00% | 0,00% | +0,37%",,21ddías,🏠,702.606,702.606 | 702.606 | 702.606 | 702.606 | 702.606 | 700.000,Delantero
Dumfries,Real Madrid,+1.376.424 | +3.209.599 | +4.453.404 | +10.010.533 | +12.462.025 | 0,"+2,41% | +5,81% | +8,25% | +20,66% | +27,09% | 0%",,12ddías,50%,58.462.025,57.085.601 | 55.252.426 | 54.008.621 | 48.451.492 | 46.000.000 | 0,Defensa
Diego Diaz,Racing,0 | 0 | 0 | 0 | 0 | +2.234,"0,00% | 0,00% | 0,00% | 0,00% | 0,00% | +0,37%",,21ddías,🏠,602.234,602.234 | 602.234 | 602.234 | 602.234 | 602.234 | 600.000,Delantero
Santaella,Málaga,0 | 0 | 0 | 0 | 0 | +1.498,"0,00% | 0,00% | 0,00% | 0,00% | 0,00% | +0,37%",,17ddías,,401.498,401.498 | 401.498 | 401.498 | 401.498 | 401.498 | 400.000,Defensa
Vallecillo,Racing,0 | 0 | 0 | 0 | 0 | -22.060,"0,00% | 0,00% | 0,00% | 0,00% | 0,00% | -3,15%",,17ddías,🏠,677.940,677.940 | 677.940 | 677.940 | 677.940 | 677.940 | 700.000,Mediocampista
Chupete,Málaga,+1.213.406 | +2.882.960 | +3.943.862 | +9.607.431 | +16.252.282 | 0,"+3,05% | +7,56% | +10,64% | +30,58% | +65,60% | 0%",,16ddías,70%,41.025.851,39.812.445 | 38.142.891 | 37.081.989 | 31.418.420 | 24.773.569 | 0,Delantero
Larrubia,Málaga,+1.189.603 | +2.918.901 | +4.167.428 | +9.345.076 | +15.417.237 | 0,"+2,84% | +7,28% | +10,73% | +27,76% | +55,87% | 0%",,15ddías,80%,43.010.288,41.820.685 | 40.091.387 | 38.842.860 | 33.665.212 | 27.593.051 | 0,Mediocampista
Yeremay,Deportivo,+1.770.837 | +3.604.795 | +5.294.581 | +13.658.210 | +22.194.955 | 0,"+3,51% | +7,42% | +11,29% | +35,45% | +74,00% | 0%",,13ddías,🏠 60%,52.186.428,50.415.591 | 48.581.633 | 46.891.847 | 38.528.218 | 29.991.473 | 0,Delantero
Hartman,Espanyol,-262.978 | -536.370 | -804.585 | -1.805.035 | 0 | 0,"-2,22% | -4,44% | -6,51% | -13,51% | 0% | 0%",,9ddías,🏠 70%,11.556.888,11.819.866 | 12.093.258 | 12.361.473 | 13.361.923 | 0 | 0,Defensa
Diego Simeone,Atlético,-301.853 | -628.717 | -959.106 | -2.477.761 | -829.043 | -802.789,"-3,18% | -6,40% | -9,44% | -21,22% | 0% | -8,03%",,8ddías,🏠,9.197.211,9.499.064 | 9.825.928 | 10.156.317 | 11.674.972 | 0 | 10.000.000,
Cucurella,Real Madrid,+2.777.355 | +5.673.660 | +5.796.232 | 0 | 0 | 0,"+5,37% | +11,62% | +11,90% | 0% | 0% | 0%",,3ddías,80%,54.487.719,51.710.364 | 48.814.059 | 48.691.487 | 0 | 0 | 0,Defensa
Konaté,Real Madrid,+1.067.311 | +1.824.959 | +1.664.896 | 0 | 0 | 0,"+3,65% | +6,40% | +5,81% | 0% | 0% | 0%",,2ddías,50%,30.337.078,29.269.767 | 28.512.119 | 28.672.182 | 0 | 0 | 0,Defensa
Aubameyang,Deportivo,+908.847 | +495.229 | 0 | 0 | 0 | 0,"+7,45% | +3,93% | 0% | 0% | 0% | 0%",,1ddías,🏠 70%,13.110.081,12.201.234 | 12.614.852 | 0 | 0 | 0 | 0,Delantero
Calatrava,Espanyol,+110 | -3.164 | -41.965 | 0 | 0 | 0,"+0,00% | -0,10% | -1,29% | 0% | 0% | 0%",,1ddías,🏠 70%,3.204.135,3.204.025 | 3.207.299 | 3.246.100 | 0 | 0 | 0,Delantero
Quique Sánchez,Alavés,-40.316 | -82.114 | -126.414 | +255.497 | +521.326 | +523.425,"-2,96% | -5,84% | -8,72% | +23,92% | 0% | +65,43%",,4ddías,🏠,1.323.425,1.363.741 | 1.405.539 | 1.449.839 | 1.067.928 | 0 | 800.000,
Edin Terzic,Athletic,-592.486 | +837.129 | +2.049.204 | +6.563.569 | 0 | 0,"-3,91% | +6,10% | +16,39% | +82,16% | 0% | 0%",,1ddías,🏠,14.552.085,15.144.571 | 13.714.956 | 12.502.881 | 7.988.516 | 0 | 0,
Galilea,Málaga,0 | 0 | 0 | 0 | 0 | +15.932,"0,00% | 0,00% | 0,00% | 0,00% | 0,00% | +0,37%",,21ddías,80%,4.265.932,4.265.932 | 4.265.932 | 4.265.932 | 4.265.932 | 4.265.932 | 4.250.000,Defensa
Murillo,Málaga,-95.126 | -194.324 | -299.887 | -724.572 | -1.608.365 | -2.737.106,"-2,83% | -5,62% | -8,42% | -18,17% | -33,02% | -45,62%",,25ddías,0%,3.262.894,3.358.020 | 3.457.218 | 3.562.781 | 3.987.466 | 4.871.259 | 6.000.000,Defensa
Aitor Mañas,Alavés,0 | 0 | 0 | 0 | 0 | -37.836,"0,00% | 0,00% | 0,00% | 0,00% | 0,00% | -6,31%",,22ddías,🏠 0%,562.164,562.164 | 562.164 | 562.164 | 562.164 | 562.164 | 600.000,Delantero
Palacios,Real Madrid,0 | 0 | 0 | 0 | 0 | +2.979,"0,00% | 0,00% | 0,00% | 0,00% | 0,00% | +0,37%",,22ddías,,802.979,802.979 | 802.979 | 802.979 | 802.979 | 802.979 | 800.000,Mediocampista
Lookman,Atlético,+1.514.367 | +3.197.680 | +4.326.763 | +10.644.019 | +11.641.174 | +28.519.909,"+2,52% | +5,47% | +7,55% | +20,87% | +23,28% | 0%",,12ddías,🏠 70%,61.641.174,60.126.807 | 58.443.494 | 57.314.411 | 50.997.155 | 50.000.000 | 0,Delantero
Tete Morente,Elche,-71.912 | -141.831 | -226.641 | -567.526 | -1.314.349 | -2.681.168,"-2,49% | -4,79% | -7,44% | -16,76% | -31,80% | -48,75%",,25ddías,50%,2.818.832,2.890.744 | 2.960.663 | 3.045.473 | 3.386.358 | 4.133.181 | 5.500.000,Delantero
Fidalgo,Betis,-48.333 | -109.849 | -174.526 | -402.473 | -912.165 | -1.605.100,"-1,40% | -3,13% | -4,89% | -10,60% | -21,18% | -32,10%",,22ddías,🏠 30%,3.394.900,3.443.233 | 3.504.749 | 3.569.426 | 3.797.373 | 4.307.065 | 5.000.000,Mediocampista
Koski,Alavés,0 | 0 | 0 | 0 | 0 | +3.089,"0,00% | 0,00% | 0,00% | 0,00% | 0,00% | +0,39%",,22ddías,🏠 70%,803.089,803.089 | 803.089 | 803.089 | 803.089 | 803.089 | 800.000,Defensa
Freeman,Villarreal,-54.731 | -104.332 | -169.718 | -400.705 | -965.281 | -1.835.305,"-1,70% | -3,19% | -5,09% | -11,24% | -23,37% | -36,71%",,25ddías,40%,3.164.695,3.219.426 | 3.269.027 | 3.334.413 | 3.565.400 | 4.129.976 | 5.000.000,Defensa
Cepeda,Elche,-27.910 | -54.866 | -73.759 | -202.214 | -491.933 | -1.184.417,"-2,08% | -4,00% | -5,31% | -13,32% | -27,22% | -47,38%",,25ddías,60%,1.315.583,1.343.493 | 1.370.449 | 1.389.342 | 1.517.797 | 1.807.516 | 2.500.000,Delantero
Ángel Pérez,Alavés,-160.191 | -348.829 | -558.379 | -1.373.422 | -3.160.018 | -6.531.088,"-1,86% | -3,96% | -6,19% | -13,95% | -27,17% | -43,54%",,25ddías,🏠 80%,8.468.912,8.629.103 | 8.817.741 | 9.027.291 | 9.842.334 | 11.628.930 | 15.000.000,Delantero
Boselli,Getafe,0 | 0 | 0 | 0 | 0 | -106.001,"0,00% | 0,00% | 0,00% | 0,00% | 0,00% | -3,53%",,22ddías,60%,2.893.999,2.893.999 | 2.893.999 | 2.893.999 | 2.893.999 | 2.893.999 | 3.000.000,Defensa
Romero,Getafe,0 | 0 | 0 | 0 | 0 | +116.266,"0,00% | 0,00% | 0,00% | 0,00% | 0,00% | +0,39%",,22ddías,90%,30.116.266,30.116.266 | 30.116.266 | 30.116.266 | 30.116.266 | 30.116.266 | 30.000.000,Defensa
Mesonero,Real Madrid,0 | 0 | 0 | 0 | 0 | +2.606,"0,00% | 0,00% | 0,00% | 0,00% | 0,00% | +0,37%",,22ddías,,702.606,702.606 | 702.606 | 702.606 | 702.606 | 702.606 | 700.000,Mediocampista
A. Riquelme,Getafe,0 | 0 | 0 | 0 | 0 | +2.324,"0,00% | 0,00% | 0,00% | 0,00% | 0,00% | +0,39%",,22ddías,,602.324,602.324 | 602.324 | 602.324 | 602.324 | 602.324 | 600.000,Mediocampista
Álex Sánchez,Elche,0 | 0 | 0 | 0 | 0 | +2.324,"0,00% | 0,00% | 0,00% | 0,00% | 0,00% | +0,39%",,22ddías,,602.324,602.324 | 602.324 | 602.324 | 602.324 | 602.324 | 600.000,Mediocampista
Burcio,Celta,0 | 0 | 0 | 0 | 0 | +2.257,"0,00% | 0,00% | 0,00% | 0,00% | 0,00% | +0,38%",,22ddías,🏠,602.257,602.257 | 602.257 | 602.257 | 602.257 | 602.257 | 600.000,Mediocampista
Julio Díaz,Sevilla,+4.549 | +7.532 | +2.946 | -6.810 | -30.581 | -140.068,"+1,00% | +1,66% | +0,64% | -1,46% | -6,23% | -23,34%",,2ddías,🏠 40%,459.932,455.383 | 452.400 | 456.986 | 466.742 | 490.513 | 600.000,Defensa
Manuel Ángel,Real Madrid,0 | 0 | 0 | 0 | 0 | +2.606,"0,00% | 0,00% | 0,00% | 0,00% | 0,00% | +0,37%",,22ddías,,702.606,702.606 | 702.606 | 702.606 | 702.606 | 702.606 | 700.000,Mediocampista
Vecino,Celta,-86.986 | -179.699 | -275.413 | -666.058 | -1.490.867 | -2.965.657,"-2,79% | -5,59% | -8,32% | -18,00% | -32,95% | -49,43%",,25ddías,🏠 30%,3.034.343,3.121.329 | 3.214.042 | 3.309.756 | 3.700.401 | 4.525.210 | 6.000.000,Mediocampista
Cestero,Real Madrid,0 | 0 | 0 | 0 | 0 | +2.234,"0,00% | 0,00% | 0,00% | 0,00% | 0,00% | +0,37%",,22ddías,,602.234,602.234 | 602.234 | 602.234 | 602.234 | 602.234 | 600.000,Mediocampista
Hierro,Athletic,0 | 0 | 0 | 0 | 0 | +2.257,"0,00% | 0,00% | 0,00% | 0,00% | 0,00% | +0,38%",,22ddías,🏠,602.257,602.257 | 602.257 | 602.257 | 602.257 | 602.257 | 600.000,Delantero
Dani Martínez,Atlético,-4.134 | -8.243 | -13.283 | -19.518 | -50.678 | -144.946,"-0,90% | -1,78% | -2,84% | -4,11% | -10,02% | -24,16%",,5ddías,🏠,455.054,459.188 | 463.297 | 468.337 | 474.572 | 505.732 | 600.000,Defensa
Boñar,Atlético,-6.163 | -12.385 | -16.568 | -38.558 | -92.117 | -196.265,"-1,21% | -2,40% | -3,18% | -7,11% | -15,46% | -28,04%",,19ddías,🏠,503.735,509.898 | 516.120 | 520.303 | 542.293 | 595.852 | 700.000,Defensa
Puric,Atlético,-5.464 | -10.958 | -17.441 | -36.615 | -83.990 | -213.022,"-1,11% | -2,20% | -3,46% | -6,99% | -14,71% | -30,43%",,25ddías,🏠,486.978,492.442 | 497.936 | 504.419 | 523.593 | 570.968 | 700.000,Defensa
Marqués,Barcelona,0 | 0 | 0 | 0 | 0 | +2.319,"0,00% | 0,00% | 0,00% | 0,00% | 0,00% | +0,39%",,22ddías,,602.319,602.319 | 602.319 | 602.319 | 602.319 | 602.319 | 600.000,Defensa
Arcos,Celta,0 | 0 | 0 | 0 | 0 | +2.257,"0,00% | 0,00% | 0,00% | 0,00% | 0,00% | +0,38%",,22ddías,🏠,602.257,602.257 | 602.257 | 602.257 | 602.257 | 602.257 | 600.000,Mediocampista
Montes,Getafe,0 | 0 | 0 | 0 | 0 | +2.319,"0,00% | 0,00% | 0,00% | 0,00% | 0,00% | +0,39%",,22ddías,,602.319,602.319 | 602.319 | 602.319 | 602.319 | 602.319 | 600.000,Defensa
Gaitán,Villarreal,0 | 0 | 0 | 0 | 0 | +2.292,"0,00% | 0,00% | 0,00% | 0,00% | 0,00% | +0,38%",,22ddías,,602.292,602.292 | 602.292 | 602.292 | 602.292 | 602.292 | 600.000,Mediocampista
Ferran,Espanyol,0 | 0 | 0 | 0 | 0 | +2.248,"0,00% | 0,00% | 0,00% | 0,00% | 0,00% | +0,37%",,22ddías,🏠,602.248,602.248 | 602.248 | 602.248 | 602.248 | 602.248 | 600.000,Mediocampista
Tunde,Levante,0 | 0 | 0 | 0 | 0 | +31.892,"0,00% | 0,00% | 0,00% | 0,00% | 0,00% | +0,38%",,22ddías,70%,8.531.892,8.531.892 | 8.531.892 | 8.531.892 | 8.531.892 | 8.531.892 | 8.500.000,Mediocampista
Kita,R. Sociedad B,0 | 0 | 0 | 0 | 0 | +2.234,"0,00% | 0,00% | 0,00% | 0,00% | 0,00% | +0,37%",,22ddías,-,602.234,602.234 | 602.234 | 602.234 | 602.234 | 602.234 | 600.000,Defensa
Astiazaran,R. Sociedad B,0 | 0 | 0 | 0 | 0 | +2.257,"0,00% | 0,00% | 0,00% | 0,00% | 0,00% | +0,38%",,22ddías,-,602.257,602.257 | 602.257 | 602.257 | 602.257 | 602.257 | 600.000,Mediocampista
Aguirre,R. Sociedad B,0 | 0 | 0 | 0 | 0 | +2.257,"0,00% | 0,00% | 0,00% | 0,00% | 0,00% | +0,38%",,22ddías,-,602.257,602.257 | 602.257 | 602.257 | 602.257 | 602.257 | 600.000,Mediocampista
Fontanet,Valencia,0 | 0 | 0 | 0 | 0 | -18.013,"0,00% | 0,00% | 0,00% | 0,00% | 0,00% | -3,00%",,22ddías,🏠,581.987,581.987 | 581.987 | 581.987 | 581.987 | 581.987 | 600.000,Defensa
Vargas,Atlético,-29.948 | -59.736 | -91.220 | -224.627 | -487.739 | -947.446,"-2,53% | -4,93% | -7,33% | -16,31% | -29,73% | -45,12%",,25ddías,🏠 30%,1.152.554,1.182.502 | 1.212.290 | 1.243.774 | 1.377.181 | 1.640.293 | 2.100.000,Mediocampista
Sangaré,Elche,0 | 0 | 0 | 0 | 0 | +15.501,"0,00% | 0,00% | 0,00% | 0,00% | 0,00% | +0,39%",,22ddías,70%,4.015.501,4.015.501 | 4.015.501 | 4.015.501 | 4.015.501 | 4.015.501 | 4.000.000,Defensa
Puga,Málaga,-138.969 | -276.128 | -391.967 | -787.979 | -1.620.397 | -2.686.779,"-2,15% | -4,19% | -5,85% | -11,10% | -20,42% | -29,85%",,20ddías,50%,6.313.221,6.452.190 | 6.589.349 | 6.705.188 | 7.101.200 | 7.933.618 | 9.000.000,Defensa
Patino,Deportivo,-12.160 | -24.629 | -38.377 | -89.768 | -206.539 | -452.326,"-1,84% | -3,66% | -5,59% | -12,17% | -24,18% | -41,12%",,25ddías,🏠 0%,647.674,659.834 | 672.303 | 686.051 | 737.442 | 854.213 | 1.100.000,Mediocampista
Riki,Deportivo,0 | 0 | 0 | 0 | 0 | +5.646,"0,00% | 0,00% | 0,00% | 0,00% | 0,00% | +0,38%",,22ddías,🏠 10%,1.505.646,1.505.646 | 1.505.646 | 1.505.646 | 1.505.646 | 1.505.646 | 1.500.000,Mediocampista
Rubén López,Deportivo,0 | 0 | 0 | 0 | 0 | +1.880,"0,00% | 0,00% | 0,00% | 0,00% | 0,00% | +0,38%",,22ddías,🏠 0%,501.880,501.880 | 501.880 | 501.880 | 501.880 | 501.880 | 500.000,Mediocampista
Villares,Deportivo,-84.614 | -167.795 | -258.025 | -641.568 | -1.422.856 | -2.564.020,"-2,40% | -4,66% | -6,98% | -15,73% | -29,28% | -42,73%",,25ddías,🏠 50%,3.435.980,3.520.594 | 3.603.775 | 3.694.005 | 4.077.548 | 4.858.836 | 6.000.000,Mediocampista
Jurado,Deportivo,-41.839 | -85.932 | -131.789 | -326.918 | -746.820 | -1.477.930,"-2,68% | -5,34% | -7,97% | -17,68% | -32,92% | -49,26%",,25ddías,🏠 0%,1.522.070,1.563.909 | 1.608.002 | 1.653.859 | 1.848.988 | 2.268.890 | 3.000.000,Mediocampista
Mella,Deportivo,-61.795 | -112.032 | -178.529 | -390.793 | -903.149 | -506.338,"-1,74% | -3,11% | -4,86% | -10,06% | -20,54% | -12,66%",,15ddías,🏠 10%,3.493.662,3.555.457 | 3.605.694 | 3.672.191 | 3.884.455 | 4.396.811 | 4.000.000,Mediocampista
Mario,Deportivo,+277.993 | +662.417 | +949.381 | +2.412.031 | +3.907.565 | +5.586.991,"+1,37% | +3,32% | +4,83% | +13,27% | +23,43% | +37,25%",,24ddías,🏠 80%,20.586.991,20.308.998 | 19.924.574 | 19.637.610 | 18.174.960 | 16.679.426 | 15.000.000,Mediocampista
Luismi,Deportivo,-152.503 | -299.294 | -450.051 | -993.155 | -2.031.934 | -2.168.864,"-2,18% | -4,20% | -6,18% | -12,69% | -22,93% | -24,10%",,20ddías,🏠 50%,6.831.136,6.983.639 | 7.130.430 | 7.281.187 | 7.824.291 | 8.863.070 | 9.000.000,Delantero
Pablo García,Deportivo,-6.093 | -12.242 | -14.494 | -21.538 | -68.913 | -197.945,"-1,20% | -2,38% | -2,81% | -4,11% | -12,07% | -28,28%",,3ddías,🏠,502.055,508.148 | 514.297 | 516.549 | 523.593 | 570.968 | 700.000,Defensa
Bil Nsongo,Deportivo,0 | 0 | 0 | 0 | 0 | +24.473,"0,00% | 0,00% | 0,00% | 0,00% | 0,00% | +0,38%",,22ddías,🏠 50%,6.524.473,6.524.473 | 6.524.473 | 6.524.473 | 6.524.473 | 6.524.473 | 6.500.000,Delantero
Eddahchouri,Deportivo,-56.960 | -95.421 | -146.178 | -333.545 | -750.163 | -1.500.615,"-2,23% | -3,68% | -5,53% | -11,77% | -23,09% | -37,52%",,25ddías,🏠 20%,2.499.385,2.556.345 | 2.594.806 | 2.645.563 | 2.832.930 | 3.249.548 | 4.000.000,Delantero
Osorio,Elche,0 | 0 | 0 | 0 | 0 | +5.425,"0,00% | 0,00% | 0,00% | 0,00% | 0,00% | +0,39%",,21ddías,30%,1.405.425,1.405.425 | 1.405.425 | 1.405.425 | 1.405.425 | 1.405.425 | 1.400.000,Delantero
Herrero,Málaga,+153.666 | +389.091 | +491.158 | +934.331 | +722.269 | +1.134.371,"+2,20% | +5,77% | +7,39% | +15,07% | +11,26% | +18,91%",,9ddías,80%,7.134.371,6.980.705 | 6.745.280 | 6.643.213 | 6.200.040 | 6.412.102 | 6.000.000,Portero
Carlos López,Málaga,+4.752 | +2.484 | -638 | -3.534 | -17.733 | -80.237,"+1,15% | +0,60% | -0,15% | -0,83% | -4,05% | -16,05%",,1ddías,20%,419.763,415.011 | 417.279 | 420.401 | 423.297 | 437.496 | 500.000,Portero
Céspedes,Málaga,0 | 0 | 0 | 0 | 0 | +1.498,"0,00% | 0,00% | 0,00% | 0,00% | 0,00% | +0,37%",,21ddías,,401.498,401.498 | 401.498 | 401.498 | 401.498 | 401.498 | 400.000,Portero
Noé Carrillo,Deportivo,0 | 0 | 0 | 0 | 0 | +2.633,"0,00% | 0,00% | 0,00% | 0,00% | 0,00% | +0,38%",,22ddías,🏠 0%,702.633,702.633 | 702.633 | 702.633 | 702.633 | 702.633 | 700.000,Mediocampista
Ximo,Deportivo,0 | 0 | 0 | 0 | 0 | +24.473,"0,00% | 0,00% | 0,00% | 0,00% | 0,00% | +0,38%",,22ddías,🏠 60%,6.524.473,6.524.473 | 6.524.473 | 6.524.473 | 6.524.473 | 6.524.473 | 6.500.000,Defensa
Lamini Fati,Real Madrid,0 | 0 | 0 | 0 | 0 | -22.045,"0,00% | 0,00% | 0,00% | 0,00% | 0,00% | -3,15%",,22ddías,,677.955,677.955 | 677.955 | 677.955 | 677.955 | 677.955 | 700.000,Defensa
Germán Parreño,Deportivo,0 | 0 | 0 | 0 | 0 | +2.633,"0,00% | 0,00% | 0,00% | 0,00% | 0,00% | +0,38%",,22ddías,🏠 0%,702.633,702.633 | 702.633 | 702.633 | 702.633 | 702.633 | 700.000,Portero
Antañón,Celta,0 | 0 | 0 | 0 | 0 | -18.300,"0,00% | 0,00% | 0,00% | 0,00% | 0,00% | -3,05%",,22ddías,🏠,581.700,581.700 | 581.700 | 581.700 | 581.700 | 581.700 | 600.000,Mediocampista
Ochieng,Real Sociedad,0 | 0 | 0 | 0 | 0 | +2.633,"0,00% | 0,00% | 0,00% | 0,00% | 0,00% | +0,38%",,22ddías,10%,702.633,702.633 | 702.633 | 702.633 | 702.633 | 702.633 | 700.000,Mediocampista
Morcillo,Atlético,0 | 0 | 0 | 0 | 0 | +2.702,"0,00% | 0,00% | 0,00% | 0,00% | 0,00% | +0,39%",,22ddías,🏠,702.702,702.702 | 702.702 | 702.702 | 702.702 | 702.702 | 700.000,Mediocampista
Cubo,Atlético,0 | 0 | 0 | 0 | 0 | +2.316,"0,00% | 0,00% | 0,00% | 0,00% | 0,00% | +0,39%",,22ddías,🏠,602.316,602.316 | 602.316 | 602.316 | 602.316 | 602.316 | 600.000,Delantero
Hugo Ríos,Deportivo,0 | 0 | 0 | 0 | 0 | +3.386,"0,00% | 0,00% | 0,00% | 0,00% | 0,00% | +0,38%",,22ddías,🏠,903.386,903.386 | 903.386 | 903.386 | 903.386 | 903.386 | 900.000,Portero
Puerto,Deportivo,-762 | -1.358 | -2.739 | +712 | +3.010 | -25.868,"-0,20% | -0,36% | -0,73% | +0,19% | +0,81% | -6,47%",,3ddías,🏠 0%,374.132,374.894 | 375.490 | 376.871 | 373.420 | 371.122 | 400.000,Portero
Quagliata,Deportivo,+8.875 | +18.580 | +14.651 | -44.248 | -355.860 | -1.123.098,"+0,31% | +0,65% | +0,51% | -1,51% | -11,01% | -28,08%",,2ddías,🏠 80%,2.876.902,2.868.027 | 2.858.322 | 2.862.251 | 2.921.150 | 3.232.762 | 4.000.000,Defensa
Barcia,Deportivo,-42.281 | -80.828 | -122.067 | -280.429 | -634.448 | -1.205.209,"-2,30% | -4,31% | -6,37% | -13,51% | -26,12% | -40,17%",,25ddías,🏠 20%,1.794.791,1.837.072 | 1.875.619 | 1.916.858 | 2.075.220 | 2.429.239 | 3.000.000,Defensa
Loureiro,Deportivo,-31.731 | -61.580 | -114.897 | -246.089 | -647.572 | -630.629,"-0,81% | -1,57% | -2,88% | -5,98% | -14,34% | -14,01%",,10ddías,🏠 70%,3.869.371,3.901.102 | 3.930.951 | 3.984.268 | 4.115.460 | 4.516.943 | 4.500.000,Defensa
Teijo,Deportivo,0 | 0 | 0 | 0 | 0 | +2.257,"0,00% | 0,00% | 0,00% | 0,00% | 0,00% | +0,38%",,22ddías,🏠,602.257,602.257 | 602.257 | 602.257 | 602.257 | 602.257 | 600.000,Defensa
Canedo,Deportivo,0 | 0 | 0 | 0 | 0 | +2.257,"0,00% | 0,00% | 0,00% | 0,00% | 0,00% | +0,38%",,22ddías,🏠,602.257,602.257 | 602.257 | 602.257 | 602.257 | 602.257 | 600.000,Defensa
Samu Fernández,Deportivo,0 | 0 | 0 | 0 | 0 | +2.633,"0,00% | 0,00% | 0,00% | 0,00% | 0,00% | +0,38%",,22ddías,🏠,702.633,702.633 | 702.633 | 702.633 | 702.633 | 702.633 | 700.000,Defensa
Noubi,Deportivo,+235.244 | +422.810 | +546.081 | +943.581 | +595.088 | +1.281.162,"+2,75% | +5,06% | +6,63% | +12,04% | +7,27% | +17,08%",,7ddías,🏠 80%,8.781.162,8.545.918 | 8.358.352 | 8.235.081 | 7.837.581 | 8.186.074 | 7.500.000,Defensa
Comas,Deportivo,-26.070 | -50.675 | -81.172 | -204.847 | -470.218 | -970.080,"-2,47% | -4,69% | -7,31% | -16,59% | -31,34% | -48,50%",,25ddías,🏠 20%,1.029.920,1.055.990 | 1.080.595 | 1.111.092 | 1.234.767 | 1.500.138 | 2.000.000,Defensa
Román,Celta,-93.252 | -185.972 | -289.014 | -706.660 | -1.583.101 | -3.058.691,"-1,68% | -3,30% | -5,04% | -11,49% | -22,54% | -35,98%",,25ddías,🏠 60%,5.441.309,5.534.561 | 5.627.281 | 5.730.323 | 6.147.969 | 7.024.410 | 8.500.000,Mediocampista
De la Fuente,Levante,0 | 0 | 0 | 0 | 0 | +52.528,"0,00% | 0,00% | 0,00% | 0,00% | 0,00% | +0,38%",,22ddías,90%,14.052.528,14.052.528 | 14.052.528 | 14.052.528 | 14.052.528 | 14.052.528 | 14.000.000,Defensa
Buchanan,Villarreal,+99.742 | +204.832 | +298.635 | +1.389.769 | +3.139.740 | +4.532.615,"+0,51% | +1,06% | +1,55% | +7,66% | +19,15% | +30,22%",,21ddías,30%,19.532.615,19.432.873 | 19.327.783 | 19.233.980 | 18.142.846 | 16.392.875 | 15.000.000,Mediocampista
Oroz,Osasuna,-338.548 | -665.530 | -1.067.654 | -1.939.117 | -3.129.620 | -4.465.077,"-2,13% | -4,11% | -6,43% | -11,10% | -16,77% | -22,33%",,22ddías,70%,15.534.923,15.873.471 | 16.200.453 | 16.602.577 | 17.474.040 | 18.664.543 | 20.000.000,Mediocampista
Isi,Rayo,-515.788 | -959.690 | -1.486.190 | -2.256.461 | +928.999 | +4.857.778,"-2,53% | -4,61% | -6,96% | -10,20% | +4,91% | +32,39%",,6ddías,0%,19.857.778,20.373.566 | 20.817.468 | 21.343.968 | 22.114.239 | 18.928.779 | 15.000.000,Delantero
Pep Chavarría,Rayo,+281.020 | +601.190 | +829.163 | +2.517.560 | +4.582.758 | +6.555.873,"+1,54% | +3,35% | +4,68% | +15,70% | +32,80% | +54,63%",,24ddías,90%,18.555.873,18.274.853 | 17.954.683 | 17.726.710 | 16.038.313 | 13.973.115 | 12.000.000,Defensa
Ratiu,Rayo,-754.298 | -1.501.089 | -2.396.840 | -5.733.714 | -19.678.066 | -19.678.066,"-1,86% | -3,64% | -5,69% | -12,62% | 0% | 0%",,11ddías,90%,39.705.911,40.460.209 | 41.207.000 | 42.102.751 | 45.439.625 | 0 | 0,Defensa
Dimitrievski,Valencia,0 | 0 | 0 | 0 | 0 | +45.877,"0,00% | 0,00% | 0,00% | 0,00% | 0,00% | +0,38%",,22ddías,🏠 90%,12.045.877,12.045.877 | 12.045.877 | 12.045.877 | 12.045.877 | 12.045.877 | 12.000.000,Portero
Iker Muñoz,Osasuna,-39.596 | -82.128 | -129.995 | -321.805 | -738.718 | -1.511.226,"-2,29% | -4,64% | -7,15% | -16,01% | -30,43% | -47,23%",,25ddías,50%,1.688.774,1.728.370 | 1.770.902 | 1.818.769 | 2.010.579 | 2.427.492 | 3.200.000,Mediocampista
Herrando,Osasuna,-61.980 | -119.204 | -188.224 | -458.653 | -1.053.983 | -2.164.110,"-2,58% | -4,86% | -7,46% | -16,41% | -31,09% | -48,09%",,25ddías,40%,2.335.890,2.397.870 | 2.455.094 | 2.524.114 | 2.794.543 | 3.389.873 | 4.500.000,Defensa
Catena,Osasuna,-284.824 | -282.275 | -169.865 | +2.620.880 | +6.790.087 | +10.624.128,"-0,70% | -0,69% | -0,42% | +6,90% | +20,07% | +35,41%",,1ddías,80%,40.624.128,40.908.952 | 40.906.403 | 40.793.993 | 38.003.248 | 33.834.041 | 30.000.000,Defensa
Ibáñez,Alavés,-54.988 | -119.555 | -190.202 | -473.112 | -1.192.220 | -2.448.704,"-1,52% | -3,26% | -5,08% | -11,76% | -25,13% | -40,81%",,25ddías,🏠 70%,3.551.296,3.606.284 | 3.670.851 | 3.741.498 | 4.024.408 | 4.743.516 | 6.000.000,Mediocampista
Budimir,Osasuna,-699.824 | -1.439.644 | -2.398.747 | -5.126.708 | +10.803.021 | +10.803.021,"-1,39% | -2,82% | -4,62% | -9,38% | 0% | 0%",,11ddías,90%,49.527.819,50.227.643 | 50.967.463 | 51.926.566 | 54.654.527 | 0 | 0,Delantero
Moi Gómez,Osasuna,-61.779 | -127.469 | -194.341 | -466.449 | -1.051.511 | -2.290.699,"-2,23% | -4,49% | -6,69% | -14,69% | -27,96% | -45,81%",,25ddías,30%,2.709.301,2.771.080 | 2.836.770 | 2.903.642 | 3.175.750 | 3.760.812 | 5.000.000,Mediocampista
Rubén GarcíaRubén G.,Osasuna,-173.513 | -287.399 | -479.069 | -1.009.493 | -2.261.788 | -3.912.259,"-1,22% | -2,00% | -3,29% | -6,69% | -13,83% | -21,73%",,22ddías,60%,14.087.741,14.261.254 | 14.375.140 | 14.566.810 | 15.097.234 | 16.349.529 | 18.000.000,Mediocampista
Aitor,Osasuna,-10.485 | -21.209 | -33.140 | -76.472 | -176.884 | -392.524,"-1,70% | -3,37% | -5,17% | -11,18% | -22,55% | -39,25%",,25ddías,30%,607.476,617.961 | 628.685 | 640.616 | 683.948 | 784.360 | 1.000.000,Portero
Areso,Athletic,-39.820 | -65.616 | -110.375 | -266.020 | -634.594 | -1.296.227,"-1,63% | -2,66% | -4,39% | -9,96% | -20,89% | -35,03%",,25ddías,🏠 30%,2.403.773,2.443.593 | 2.469.389 | 2.514.148 | 2.669.793 | 3.038.367 | 3.700.000,Defensa
Kike Barja,Osasuna,0 | 0 | 0 | 0 | 0 | +10.828,"0,00% | 0,00% | 0,00% | 0,00% | 0,00% | +0,39%",,22ddías,30%,2.810.828,2.810.828 | 2.810.828 | 2.810.828 | 2.810.828 | 2.810.828 | 2.800.000,Delantero
Moncayola,Osasuna,+2.609 | +10.032 | +12.081 | -87.011 | -295.584 | -481.411,"+0,05% | +0,18% | +0,22% | -1,55% | -5,08% | -8,02%",,3ddías,90%,5.518.589,5.515.980 | 5.508.557 | 5.506.508 | 5.605.600 | 5.814.173 | 6.000.000,Mediocampista
Cárdenas,Rayo,-15.402 | -29.726 | -48.026 | -122.325 | -291.742 | -629.757,"-1,96% | -3,72% | -5,87% | -13,70% | -27,47% | -44,98%",,25ddías,5%,770.243,785.645 | 799.969 | 818.269 | 892.568 | 1.061.985 | 1.400.000,Portero
Miguel Ángel RubioMiguel Rubio,Espanyol,-16.661 | -33.818 | -52.450 | -125.497 | -291.152 | -644.307,"-2,16% | -4,28% | -6,49% | -14,24% | -27,81% | -46,02%",,25ddías,🏠 5%,755.693,772.354 | 789.511 | 808.143 | 881.190 | 1.046.845 | 1.400.000,Defensa
Soria,Getafe,0 | 0 | 0 | 0 | 0 | -703.646,"0,00% | 0,00% | 0,00% | 0,00% | 0,00% | -3,52%",,22ddías,95%,19.296.354,19.296.354 | 19.296.354 | 19.296.354 | 19.296.354 | 19.296.354 | 20.000.000,Portero
Mayoral,Getafe,-36.462 | -86.643 | -146.277 | -312.081 | -685.725 | -1.362.843,"-1,08% | -2,53% | -4,20% | -8,55% | -17,05% | -29,00%",,25ddías,30%,3.337.157,3.373.619 | 3.423.800 | 3.483.434 | 3.649.238 | 4.022.882 | 4.700.000,Delantero
Iglesias,Sevilla,0 | 0 | 0 | 0 | 0 | +48.352,"0,00% | 0,00% | 0,00% | 0,00% | 0,00% | +0,39%",,22ddías,🏠 60%,12.548.352,12.548.352 | 12.548.352 | 12.548.352 | 12.548.352 | 12.548.352 | 12.500.000,Defensa
Herrera,Real Sociedad,-71.055 | -144.000 | -230.792 | -555.816 | -1.274.275 | -2.271.103,"-1,87% | -3,72% | -5,83% | -12,97% | -25,47% | -37,85%",,22ddías,50%,3.728.897,3.799.952 | 3.872.897 | 3.959.689 | 4.284.713 | 5.003.172 | 6.000.000,Mediocampista
Eric Garcia,Barcelona,0 | 0 | 0 | 0 | 0 | +228.232,"0,00% | 0,00% | 0,00% | 0,00% | 0,00% | +0,39%",,22ddías,60%,59.228.232,59.228.232 | 59.228.232 | 59.228.232 | 59.228.232 | 59.228.232 | 59.000.000,Defensa
Boyé,Alavés,-161.266 | -326.398 | -532.822 | -1.350.606 | -3.190.191 | -4.890.678,"-1,06% | -2,11% | -3,41% | -8,21% | -17,43% | -24,45%",,21ddías,🏠 80%,15.109.322,15.270.588 | 15.435.720 | 15.642.144 | 16.459.928 | 18.299.513 | 20.000.000,Delantero
Villar,Elche,0 | 0 | 0 | 0 | 0 | +27.127,"0,00% | 0,00% | 0,00% | 0,00% | 0,00% | +0,39%",,22ddías,80%,7.027.127,7.027.127 | 7.027.127 | 7.027.127 | 7.027.127 | 7.027.127 | 7.000.000,Mediocampista
Torró,Osasuna,-36.070 | -80.530 | -122.928 | -283.578 | -732.044 | -1.327.075,"-1,24% | -2,73% | -4,10% | -8,98% | -20,31% | -31,60%",,21ddías,50%,2.872.925,2.908.995 | 2.953.455 | 2.995.853 | 3.156.503 | 3.604.969 | 4.200.000,Mediocampista
S. Cardona,Villarreal,-45.437 | -67.617 | -130.792 | -198.274 | -589.752 | -453.221,"-0,88% | -1,30% | -2,48% | -3,71% | -10,28% | -8,09%",,18ddías,20%,5.146.779,5.192.216 | 5.214.396 | 5.277.571 | 5.345.053 | 5.736.531 | 5.600.000,Defensa
Javi Muñoz,Getafe,-20.832 | -42.333 | -65.490 | -158.604 | -363.287 | -744.214,"-2,38% | -4,71% | -7,11% | -15,64% | -29,80% | -46,51%",,25ddías,10%,855.786,876.618 | 898.119 | 921.276 | 1.014.390 | 1.219.073 | 1.600.000,Mediocampista
Moleiro,Villarreal,-531.598 | -1.276.504 | -2.190.856 | -5.269.128 | -38.249.194 | -38.249.194,"-0,91% | -2,16% | -3,65% | -8,35% | 0% | 0%",,10ddías,80%,57.811.274,58.342.872 | 59.087.778 | 60.002.130 | 63.080.402 | 0 | 0,Mediocampista
Valles,Betis,+749.988 | +1.569.744 | +2.101.694 | +4.294.280 | +7.162.850 | +10.202.508,"+3,86% | +8,42% | +11,61% | +26,99% | +54,93% | +102,03%",,24ddías,🏠 70%,20.202.508,19.452.520 | 18.632.764 | 18.100.814 | 15.908.228 | 13.039.658 | 10.000.000,Portero
Copete,Valencia,-101.949 | -207.174 | -317.985 | -773.313 | -1.744.027 | -2.852.871,"-3,14% | -6,18% | -9,18% | -19,73% | -35,66% | -47,55%",,25ddías,🏠 0%,3.147.129,3.249.078 | 3.354.303 | 3.465.114 | 3.920.442 | 4.891.156 | 6.000.000,Defensa
Herrera,Osasuna,+994.412 | +1.870.999 | +2.622.312 | +5.637.433 | +9.743.878 | +14.528.013,"+3,37% | +6,53% | +9,40% | +22,65% | +46,88% | +90,80%",,23ddías,70%,30.528.013,29.533.601 | 28.657.014 | 27.905.701 | 24.890.580 | 20.784.135 | 16.000.000,Portero
Nteka,Rayo,-40.660 | -78.615 | -121.734 | -293.727 | -669.525 | -1.295.849,"-2,33% | -4,41% | -6,67% | -14,70% | -28,21% | -43,19%",,25ddías,30%,1.704.151,1.744.811 | 1.782.766 | 1.825.885 | 1.997.878 | 2.373.676 | 3.000.000,Delantero
Unai López,Rayo,-28.795 | -17.489 | -48.875 | -20.171 | -292.502 | -916.825,"-0,47% | -0,29% | -0,80% | -0,33% | -4,59% | -13,10%",,1ddías,70%,6.083.175,6.111.970 | 6.100.664 | 6.132.050 | 6.103.346 | 6.375.677 | 7.000.000,Mediocampista
Aleñá,Alavés,-86.429 | -159.958 | -238.752 | -570.942 | -1.240.961 | -2.455.468,"-1,87% | -3,40% | -4,99% | -11,16% | -21,45% | -35,08%",,25ddías,🏠 50%,4.544.532,4.630.961 | 4.704.490 | 4.783.284 | 5.115.474 | 5.785.493 | 7.000.000,Mediocampista
Brahim,Real Madrid,-337.017 | -671.107 | -1.005.391 | -2.183.009 | -4.196.156 | -5.768.577,"-2,31% | -4,50% | -6,60% | -13,30% | -22,77% | -28,84%",,21ddías,30%,14.231.423,14.568.440 | 14.902.530 | 15.236.814 | 16.414.432 | 18.427.579 | 20.000.000,Mediocampista
Sadiq,Valencia,-309.585 | -636.786 | -975.119 | -1.882.036 | -3.439.913 | -5.893.133,"-2,97% | -5,93% | -8,80% | -15,70% | -25,39% | -36,83%",,23ddías,🏠 50%,10.106.867,10.416.452 | 10.743.653 | 11.081.986 | 11.988.903 | 13.546.780 | 16.000.000,Delantero
Olasagasti,Levante,-21.529 | -61.388 | -121.200 | -390.685 | -1.132.478 | -2.296.710,"-0,58% | -1,63% | -3,17% | -9,54% | -23,42% | -38,28%",,25ddías,80%,3.703.290,3.724.819 | 3.764.678 | 3.824.490 | 4.093.975 | 4.835.768 | 6.000.000,Mediocampista
Kubo,Real Sociedad,-569.511 | -1.120.844 | -1.747.244 | -4.035.269 | -7.745.043 | -3.717.337,"-2,11% | -4,08% | -6,21% | -13,27% | -22,69% | -12,35%",,14ddías,50%,26.382.663,26.952.174 | 27.503.507 | 28.129.907 | 30.417.932 | 34.127.706 | 30.100.000,Mediocampista
Zakharyan,Real Sociedad,-40.755 | -83.402 | -128.083 | -318.246 | -724.957 | -1.476.813,"-2,61% | -5,19% | -7,76% | -17,28% | -32,25% | -49,23%",,25ddías,20%,1.523.187,1.563.942 | 1.606.589 | 1.651.270 | 1.841.433 | 2.248.144 | 3.000.000,Mediocampista
Oyarzabal,Real Sociedad,-1.158.199 | -2.339.695 | -3.806.305 | -8.795.797 | -40.112.013 | -40.112.013,"-1,53% | -3,05% | -4,87% | -10,59% | 0% | 0%",,9ddías,80%,74.299.161,75.457.360 | 76.638.856 | 78.105.466 | 83.094.958 | 0 | 0,Delantero
Marín,Real Sociedad,-79.367 | -162.101 | -249.407 | -605.280 | -1.347.726 | -2.468.492,"-3,04% | -6,02% | -8,97% | -19,30% | -34,74% | -49,37%",,25ddías,30%,2.531.508,2.610.875 | 2.693.609 | 2.780.915 | 3.136.788 | 3.879.234 | 5.000.000,Mediocampista
Barrenetxea,Real Sociedad,-682.680 | -975.580 | -1.129.359 | +143.336 | +4.198.546 | +8.400.417,"-1,66% | -2,36% | -2,72% | +0,36% | +11,60% | +26,25%",,3ddías,50%,40.400.417,41.083.097 | 41.375.997 | 41.529.776 | 40.257.081 | 36.201.871 | 32.000.000,Mediocampista
Zubeldia,Real Sociedad,-109.296 | -196.491 | -342.959 | -927.673 | -2.119.072 | -3.626.488,"-1,04% | -1,86% | -3,20% | -8,21% | -16,96% | -25,90%",,25ddías,80%,10.373.512,10.482.808 | 10.570.003 | 10.716.471 | 11.301.185 | 12.492.584 | 14.000.000,Defensa
Aihen,Real Sociedad,-56.728 | -110.225 | -167.207 | -417.528 | -953.487 | -1.957.037,"-2,70% | -5,12% | -7,57% | -16,97% | -31,82% | -48,93%",,25ddías,20%,2.042.963,2.099.691 | 2.153.188 | 2.210.170 | 2.460.491 | 2.996.450 | 4.000.000,Defensa
Odriozola,Real Sociedad,-18.702 | -37.985 | -58.831 | -141.698 | -328.911 | -695.327,"-2,27% | -4,51% | -6,81% | -14,97% | -29,02% | -46,36%",,25ddías,0%,804.673,823.375 | 842.658 | 863.504 | 946.371 | 1.133.584 | 1.500.000,Defensa
Remiro,Real Sociedad,+892.083 | +1.997.756 | +2.738.542 | +6.900.434 | +12.593.113 | +18.489.427,"+2,37% | +5,47% | +7,66% | +21,84% | +48,63% | +92,45%",,23ddías,90%,38.489.427,37.597.344 | 36.491.671 | 35.750.885 | 31.588.993 | 25.896.314 | 20.000.000,Portero
Güler,Real Madrid,-761.095 | -1.339.192 | -2.447.763 | -5.589.492 | -11.978.699 | -17.394.480,"-1,30% | -2,27% | -4,08% | -8,84% | -17,21% | -23,19%",,25ddías,50%,57.605.520,58.366.615 | 58.944.712 | 60.053.283 | 63.195.012 | 69.584.219 | 75.000.000,Mediocampista
Mendy,Real Madrid,-29.505 | -60.040 | -92.608 | -227.451 | -520.980 | -936.073,"-2,70% | -5,34% | -8,01% | -17,61% | -32,87% | -46,80%",,25ddías,0%,1.063.927,1.093.432 | 1.123.967 | 1.156.535 | 1.291.378 | 1.584.907 | 2.000.000,Defensa
Rüdiger,Real Madrid,-455.864 | -923.797 | -1.425.486 | -2.997.741 | -6.524.629 | -9.502.113,"-1,43% | -2,86% | -4,34% | -8,72% | -17,21% | -23,23%",,22ddías,50%,31.397.887,31.853.751 | 32.321.684 | 32.823.373 | 34.395.628 | 37.922.516 | 40.900.000,Defensa
Fran García,Betis,0 | 0 | 0 | 0 | 0 | -408.843,"0,00% | 0,00% | 0,00% | 0,00% | 0,00% | -4,09%",,23ddías,🏠 80%,9.591.157,9.591.157 | 9.591.157 | 9.591.157 | 9.591.157 | 9.591.157 | 10.000.000,Defensa
Álvaro García,Rayo,+165.819 | +332.082 | +405.151 | +1.290.766 | +2.001.433 | +3.330.662,"+1,09% | +2,21% | +2,71% | +9,19% | +15,02% | +27,76%",,9ddías,80%,15.330.662,15.164.843 | 14.998.580 | 14.925.511 | 14.039.896 | 13.329.229 | 12.000.000,Mediocampista
Courtois,Real Madrid,-354.027 | -440.778 | -693.761 | -825.146 | +2.713.219 | +18.976.575,"-0,60% | -0,74% | -1,16% | -1,38% | +4,82% | +47,44%",,5ddías,70%,58.976.575,59.330.602 | 59.417.353 | 59.670.336 | 59.801.721 | 56.263.356 | 40.000.000,Portero
Valera,Elche,-271.910 | -554.655 | -876.520 | -1.844.070 | -3.047.769 | -37.716.756,"-1,06% | -2,14% | -3,33% | -6,77% | -10,71% | 0%",,16ddías,90%,25.412.621,25.684.531 | 25.967.276 | 26.289.141 | 27.256.691 | 28.460.390 | 0,Mediocampista
Balliu,Rayo,-20.976 | -40.441 | -61.957 | -140.446 | -309.674 | -623.707,"-2,34% | -4,41% | -6,60% | -13,81% | -26,11% | -41,58%",,25ddías,30%,876.293,897.269 | 916.734 | 938.250 | 1.016.739 | 1.185.967 | 1.500.000,Defensa
Pathé Ciss,Rayo,-48.744 | -95.930 | -173.341 | -338.778 | -928.950 | +606.138,"-0,46% | -0,90% | -1,61% | -3,10% | -8,05% | +6,06%",,14ddías,70%,10.606.138,10.654.882 | 10.702.068 | 10.779.479 | 10.944.916 | 11.535.088 | 10.000.000,Mediocampista
Valentín,Rayo,-73.719 | -151.737 | -234.817 | -555.867 | -1.263.112 | -2.351.425,"-1,98% | -3,99% | -6,05% | -13,22% | -25,72% | -39,19%",,25ddías,50%,3.648.575,3.722.294 | 3.800.312 | 3.883.392 | 4.204.442 | 4.911.687 | 6.000.000,Mediocampista
Lejeune,Rayo,-786.301 | -1.645.653 | -2.534.160 | -6.305.557 | -32.440.409 | -32.440.409,"-1,77% | -3,64% | -5,50% | -12,65% | 0% | 0%",,11ddías,90%,43.541.675,44.327.976 | 45.187.328 | 46.075.835 | 49.847.232 | 0 | 0,Defensa
Camello,Rayo,-48.185 | -95.187 | -151.807 | -387.745 | -915.566 | -1.751.338,"-1,42% | -2,76% | -4,34% | -10,38% | -21,47% | -34,34%",,25ddías,50%,3.348.662,3.396.847 | 3.443.849 | 3.500.469 | 3.736.407 | 4.264.228 | 5.100.000,Delantero
Militão,Real Madrid,-543.579 | -1.098.275 | -1.690.680 | -4.101.718 | -9.057.334 | -11.420.209,"-2,84% | -5,58% | -8,34% | -18,08% | -32,77% | -38,07%",,25ddías,0%,18.579.791,19.123.370 | 19.678.066 | 20.270.471 | 22.681.509 | 27.637.125 | 30.000.000,Defensa
Tchouaméni,Real Madrid,-914.497 | -1.798.214 | -2.884.142 | -6.422.242 | -5.841.531 | -3.459.183,"-1,70% | -3,30% | -5,18% | -10,86% | -9,97% | -6,16%",,10ddías,70%,52.740.817,53.655.314 | 54.539.031 | 55.624.959 | 59.163.059 | 58.582.348 | 56.200.000,Mediocampista
Bellingham,Real Madrid,-1.257.700 | -2.360.767 | -3.649.699 | -7.348.867 | -33.420.515 | -33.420.515,"-1,25% | -2,33% | -3,55% | -6,91% | 0% | 0%",,8ddías,90%,99.015.474,100.273.174 | 101.376.241 | 102.665.173 | 106.364.341 | 0 | 0,Mediocampista
Vinicius,Real Madrid,-1.268.001 | -2.183.496 | -4.199.758 | -10.327.136 | -48.789.829 | -48.789.829,"-1,19% | -2,02% | -3,82% | -8,90% | 0% | 0%",,8ddías,90%,105.706.690,106.974.691 | 107.890.186 | 109.906.448 | 116.033.826 | 0 | 0,Delantero
Rodrygo,Real Madrid,-99.555 | -197.234 | -298.877 | -670.646 | -1.372.004 | -774.322,"-2,30% | -4,46% | -6,61% | -13,70% | -24,51% | -15,49%",,15ddías,0%,4.225.678,4.325.233 | 4.422.912 | 4.524.555 | 4.896.324 | 5.597.682 | 5.000.000,Delantero
Camavinga,Real Madrid,-367.599 | -730.778 | -1.113.415 | -2.476.531 | -5.123.639 | -9.522.455,"-2,48% | -4,81% | -7,14% | -14,61% | -26,14% | -39,68%",,25ddías,30%,14.477.545,14.845.144 | 15.208.323 | 15.590.960 | 16.954.076 | 19.601.184 | 24.000.000,Mediocampista
Lunin,Real Madrid,-40.038 | -74.603 | -114.891 | -308.148 | -731.985 | -1.345.583,"-1,49% | -2,73% | -4,15% | -10,40% | -21,62% | -33,64%",,25ddías,30%,2.654.417,2.694.455 | 2.729.020 | 2.769.308 | 2.962.565 | 3.386.402 | 4.000.000,Portero
Valverde,Real Madrid,-775.166 | -1.606.703 | -2.738.044 | -5.354.671 | -15.250.367 | -27.482.968,"-0,99% | -2,03% | -3,41% | -6,46% | -16,44% | -26,17%",,25ddías,80%,77.517.032,78.292.198 | 79.123.735 | 80.255.076 | 82.871.703 | 92.767.399 | 105.000.000,Mediocampista
Carmona,Sevilla,-65.515 | -123.459 | -201.271 | -431.980 | -1.018.042 | -1.068.244,"-1,31% | -2,44% | -3,92% | -8,05% | -17,11% | -17,80%",,20ddías,🏠 40%,4.931.756,4.997.271 | 5.055.215 | 5.133.027 | 5.363.736 | 5.949.798 | 6.000.000,Defensa
Djené,Getafe,0 | 0 | 0 | 0 | 0 | +32.492,"0,00% | 0,00% | 0,00% | 0,00% | 0,00% | +0,39%",,22ddías,90%,8.432.492,8.432.492 | 8.432.492 | 8.432.492 | 8.432.492 | 8.432.492 | 8.400.000,Defensa
Turrientes,Real Sociedad,-103.925 | -227.679 | -363.728 | -846.681 | -1.883.765 | -2.287.522,"-1,33% | -2,87% | -4,50% | -9,89% | -19,63% | -22,88%",,22ddías,50%,7.712.478,7.816.403 | 7.940.157 | 8.076.206 | 8.559.159 | 9.596.243 | 10.000.000,Mediocampista
Berenguer,Athletic,-135.745 | -249.876 | -424.958 | -844.146 | -1.480.437 | +1.275.648,"-1,27% | -2,31% | -3,86% | -7,39% | -12,28% | +13,72%",,16ddías,🏠 30%,10.575.648,10.711.393 | 10.825.524 | 11.000.606 | 11.419.794 | 12.056.085 | 9.300.000,Delantero
M. Llorente,Atlético,-952.562 | -1.988.321 | -3.004.305 | -3.150.704 | +2.856.378 | +13.888.283,"-1,47% | -3,02% | -4,49% | -4,70% | +4,68% | +27,78%",,5ddías,🏠 70%,63.888.283,64.840.845 | 65.876.604 | 66.892.588 | 67.038.987 | 61.031.905 | 50.000.000,Defensa
Oblak,Atlético,+585.955 | +1.162.699 | +1.453.525 | +4.200.459 | +8.294.063 | +16.833.680,"+1,14% | +2,29% | +2,89% | +8,82% | +19,05% | +48,10%",,24ddías,🏠 90%,51.833.680,51.247.725 | 50.670.981 | 50.380.155 | 47.633.221 | 43.539.617 | 35.000.000,Portero
Koke,Atlético,0 | 0 | 0 | 0 | 0 | +67.671,"0,00% | 0,00% | 0,00% | 0,00% | 0,00% | +0,38%",,22ddías,🏠 40%,17.767.671,17.767.671 | 17.767.671 | 17.767.671 | 17.767.671 | 17.767.671 | 17.700.000,Mediocampista
Giménez,Atlético,-165.063 | -307.201 | -478.872 | -1.118.213 | -2.390.859 | -2.178.729,"-2,47% | -4,50% | -6,84% | -14,64% | -26,83% | -25,04%",,20ddías,🏠 10%,6.521.271,6.686.334 | 6.828.472 | 7.000.143 | 7.639.484 | 8.912.130 | 8.700.000,Defensa
Egiluz,Athletic,-5.083 | -10.180 | -16.249 | -33.589 | -76.938 | -222.167,"-1,05% | -2,09% | -3,29% | -6,57% | -13,87% | -31,74%",,25ddías,🏠 0%,477.833,482.916 | 488.013 | 494.082 | 511.422 | 554.771 | 700.000,Defensa
Prados,Athletic,-46.600 | -91.712 | -142.741 | -349.121 | -775.186 | -1.733.808,"-2,32% | -4,46% | -6,77% | -15,08% | -28,28% | -46,86%",,25ddías,🏠 30%,1.966.192,2.012.792 | 2.057.904 | 2.108.933 | 2.315.313 | 2.741.378 | 3.700.000,Mediocampista
Villalibre,Racing,0 | 0 | 0 | 0 | 0 | +27.946,"0,00% | 0,00% | 0,00% | 0,00% | 0,00% | +0,37%",,21ddías,🏠 60%,7.527.946,7.527.946 | 7.527.946 | 7.527.946 | 7.527.946 | 7.527.946 | 7.500.000,Delantero
Yuri,Athletic,-261.418 | -481.412 | -755.467 | -1.486.841 | -3.192.297 | -3.124.522,"-1,73% | -3,13% | -4,83% | -9,09% | -17,67% | -17,36%",,10ddías,🏠 60%,14.875.478,15.136.896 | 15.356.890 | 15.630.945 | 16.362.319 | 18.067.775 | 18.000.000,Defensa
R. de Galarreta,Athletic,-109.545 | -136.077 | -230.854 | -647.977 | -1.212.037 | +2.114.106,"-1,05% | -1,30% | -2,19% | -5,91% | -10,52% | +25,78%",,18ddías,🏠 70%,10.314.106,10.423.651 | 10.450.183 | 10.544.960 | 10.962.083 | 11.526.143 | 8.200.000,Mediocampista
Agirrezabala,Athletic,0 | 0 | 0 | 0 | 0 | +11.085,"0,00% | 0,00% | 0,00% | 0,00% | 0,00% | +0,38%",,22ddías,🏠 0%,2.911.085,2.911.085 | 2.911.085 | 2.911.085 | 2.911.085 | 2.911.085 | 2.900.000,Portero
Guruzeta,Athletic,-77.857 | -72.075 | -129.749 | -335.532 | -1.103.078 | -1.404.619,"-0,66% | -0,61% | -1,10% | -2,79% | -8,62% | -10,72%",,1ddías,🏠 70%,11.695.381,11.773.238 | 11.767.456 | 11.825.130 | 12.030.913 | 12.798.459 | 13.100.000,Delantero
N. Williams,Athletic,+1.124.359 | +2.641.545 | +3.661.069 | +9.672.477 | +31.482.974 | +31.482.974,"+1,56% | +3,74% | +5,26% | +15,22% | 0% | 0%",,9ddías,🏠 70%,73.236.689,72.112.330 | 70.595.144 | 69.575.620 | 63.564.212 | 0 | 0,Delantero
I. Williams,Athletic,+350.938 | +1.021.580 | +1.463.290 | +3.500.463 | +5.739.961 | +6.858.217,"+1,24% | +3,70% | +5,38% | +13,91% | +25,05% | +31,46%",,23ddías,🏠 60%,28.658.217,28.307.279 | 27.636.637 | 27.194.927 | 25.157.754 | 22.918.256 | 21.800.000,Delantero
Sancet,Athletic,+916.538 | +2.170.764 | +3.091.015 | +7.799.519 | +13.871.370 | +17.830.066,"+2,06% | +5,03% | +7,32% | +20,78% | +44,09% | +64,84%",,23ddías,🏠 70%,45.330.066,44.413.528 | 43.159.302 | 42.239.051 | 37.530.547 | 31.458.696 | 27.500.000,Mediocampista
Vesga,Athletic,-46.233 | -90.316 | -139.618 | -344.876 | -784.911 | -1.591.696,"-2,79% | -5,32% | -7,99% | -17,66% | -32,80% | -49,74%",,25ddías,🏠 0%,1.608.304,1.654.537 | 1.698.620 | 1.747.922 | 1.953.180 | 2.393.215 | 3.200.000,Mediocampista
Galán,Celta,0 | 0 | 0 | 0 | 0 | -524.171,"0,00% | 0,00% | 0,00% | 0,00% | 0,00% | -3,49%",,15ddías,🏠 50%,14.475.829,14.475.829 | 14.475.829 | 14.475.829 | 14.475.829 | 14.475.829 | 15.000.000,Defensa
Kike García,Espanyol,-130.422 | -270.176 | -422.085 | -959.715 | -2.099.443 | -3.388.629,"-2,27% | -4,59% | -7,00% | -14,61% | -27,23% | -37,65%",,23ddías,🏠 50%,5.611.371,5.741.793 | 5.881.547 | 6.033.456 | 6.571.086 | 7.710.814 | 9.000.000,Delantero
Gorosabel,Athletic,-97.846 | -200.150 | -308.669 | -715.133 | -1.476.874 | -2.908.626,"-2,73% | -5,42% | -8,12% | -17,00% | -29,73% | -45,45%",,25ddías,🏠 50%,3.491.374,3.589.220 | 3.691.524 | 3.800.043 | 4.206.507 | 4.968.248 | 6.400.000,Defensa
Abqar,Getafe,+49.558 | +93.212 | +96.526 | +36.333 | -567.565 | -1.078.114,"+1,02% | +1,93% | +2,00% | +0,74% | -10,34% | -17,97%",,4ddías,70%,4.921.886,4.872.328 | 4.828.674 | 4.825.360 | 4.885.553 | 5.489.451 | 6.000.000,Defensa
Guevara,Alavés,-40.846 | -84.371 | -127.816 | -305.674 | -705.780 | -1.433.564,"-2,54% | -5,11% | -7,54% | -16,33% | -31,06% | -47,79%",,25ddías,🏠 30%,1.566.436,1.607.282 | 1.650.807 | 1.694.252 | 1.872.110 | 2.272.216 | 3.000.000,Mediocampista
Blanco,Alavés,-222.568 | -442.461 | -724.583 | -1.637.668 | -3.762.564 | +14.915.405,"-1,31% | -2,57% | -4,15% | -8,91% | -18,34% | 0%",,17ddías,🏠 90%,16.748.524,16.971.092 | 17.190.985 | 17.473.107 | 18.386.192 | 20.511.088 | 0,Mediocampista
Rioja,Valencia,-253.584 | -471.476 | -757.346 | -1.869.842 | -3.811.234 | -6.354.130,"-1,34% | -2,47% | -3,90% | -9,11% | -16,97% | -25,42%",,25ddías,🏠 80%,18.645.870,18.899.454 | 19.117.346 | 19.403.216 | 20.515.712 | 22.457.104 | 25.000.000,Mediocampista
Tenaglia,Alavés,-72.872 | -172.684 | -349.500 | -870.381 | -1.749.722 | -2.911.127,"-0,48% | -1,13% | -2,26% | -5,45% | -10,39% | -16,17%",,25ddías,🏠 90%,15.088.873,15.161.745 | 15.261.557 | 15.438.373 | 15.959.254 | 16.838.595 | 18.000.000,Defensa
Guridi,Sevilla,0 | 0 | 0 | 0 | 0 | +19.315,"0,00% | 0,00% | 0,00% | 0,00% | 0,00% | +0,39%",,22ddías,🏠 70%,5.019.315,5.019.315 | 5.019.315 | 5.019.315 | 5.019.315 | 5.019.315 | 5.000.000,Mediocampista
Yeray,Athletic,-59.404 | -128.129 | -209.933 | -452.977 | -907.387 | -1.088.126,"-1,46% | -3,09% | -4,97% | -10,15% | -18,45% | -21,34%",,10ddías,🏠 70%,4.011.874,4.071.278 | 4.140.003 | 4.221.807 | 4.464.851 | 4.919.261 | 5.100.000,Defensa
Rebbach,Alavés,-87.586 | -179.966 | -283.366 | -779.595 | -1.851.397 | -2.959.762,"-1,71% | -3,45% | -5,32% | -13,40% | -26,86% | -37,00%",,23ddías,🏠 60%,5.040.238,5.127.824 | 5.220.204 | 5.323.604 | 5.819.833 | 6.891.635 | 8.000.000,Delantero
Carlos BenavidezProtesoni,Alavés,0 | 0 | 0 | 0 | 0 | +11.588,"0,00% | 0,00% | 0,00% | 0,00% | 0,00% | +0,39%",,22ddías,🏠 30%,3.011.588,3.011.588 | 3.011.588 | 3.011.588 | 3.011.588 | 3.011.588 | 3.000.000,Mediocampista
Pubill,Atlético,+1.056.412 | +2.874.550 | +3.708.087 | +10.334.666 | +19.676.878 | +31.397.074,"+1,50% | +4,20% | +5,48% | +16,92% | +38,04% | +78,49%",,24ddías,🏠 90%,71.397.074,70.340.662 | 68.522.524 | 67.688.987 | 61.062.408 | 51.720.196 | 40.000.000,Defensa
Unai Simón,Athletic,+1.590.266 | +3.336.869 | +4.754.186 | +12.051.716 | +22.494.055 | +31.330.046,"+3,20% | +6,95% | +10,21% | +30,68% | +78,01% | +156,65%",,23ddías,🏠 90%,51.330.046,49.739.780 | 47.993.177 | 46.575.860 | 39.278.330 | 28.835.991 | 20.000.000,Portero
Vivian,Athletic,-433.060 | -865.421 | -1.340.712 | -3.264.953 | -6.506.795 | -3.335.827,"-2,53% | -4,94% | -7,45% | -16,38% | -28,08% | -16,68%",,14ddías,🏠 40%,16.664.173,17.097.233 | 17.529.594 | 18.004.885 | 19.929.126 | 23.170.968 | 20.000.000,Defensa
Paredes,Athletic,-61.578 | -125.191 | -199.094 | -514.187 | -1.189.899 | -1.981.334,"-1,44% | -2,88% | -4,51% | -10,86% | -22,00% | -31,96%",,25ddías,🏠 60%,4.218.666,4.280.244 | 4.343.857 | 4.417.760 | 4.732.853 | 5.408.565 | 6.200.000,Defensa
Molina,Atlético,-75.746 | -133.943 | -216.976 | -442.241 | -823.835 | -859.901,"-1,54% | -2,69% | -4,29% | -8,37% | -14,55% | -15,09%",,20ddías,🏠 40%,4.840.099,4.915.845 | 4.974.042 | 5.057.075 | 5.282.340 | 5.663.934 | 5.700.000,Defensa
Barrios,Atlético,+397.044 | +1.158.509 | +1.544.905 | +5.506.678 | +11.242.397 | +14.481.986,"+0,73% | +2,17% | +2,92% | +11,24% | +26,00% | +36,20%",,21ddías,🏠 80%,54.481.986,54.084.942 | 53.323.477 | 52.937.081 | 48.975.308 | 43.239.589 | 40.000.000,Mediocampista
Sotelo,Levante,+14.035 | 0 | -18.699 | -95.112 | -285.112 | -717.197,"+1,03% | 0,00% | -1,33% | -6,44% | -17,09% | -34,15%",,1ddías,50%,1.382.803,1.368.768 | 1.382.803 | 1.401.502 | 1.477.915 | 1.667.915 | 2.100.000,Mediocampista
Starfelt,Celta,+101.482 | +150.761 | +100.210 | -64.940 | -433.469 | +329.928,"+0,99% | +1,48% | +0,98% | -0,62% | -4,03% | +3,30%",,2ddías,🏠 70%,10.329.928,10.228.446 | 10.179.167 | 10.229.718 | 10.394.868 | 10.763.397 | 10.000.000,Defensa
Bartra,Betis,+196.417 | +472.203 | +677.900 | +2.082.805 | +4.294.887 | +4.284.297,"+0,82% | +1,98% | +2,87% | +9,38% | +21,49% | +21,42%",,19ddías,🏠 30%,24.284.297,24.087.880 | 23.812.094 | 23.606.397 | 22.201.492 | 19.989.410 | 20.000.000,Defensa
Marc Roca,Betis,-1.642 | +14.381 | -30.899 | -149.547 | -593.710 | -1.788.026,"-0,04% | +0,31% | -0,67% | -3,14% | -11,41% | -27,94%",,1ddías,🏠 70%,4.611.974,4.613.616 | 4.597.593 | 4.642.873 | 4.761.521 | 5.205.684 | 6.400.000,Mediocampista
Isco,Betis,-2.025.620 | -4.104.030 | -6.258.737 | -14.722.287 | +57.114.906 | +57.114.906,"-2,89% | -5,69% | -8,43% | -17,80% | 0% | 0%",,9ddías,🏠 70%,68.007.417,70.033.037 | 72.111.447 | 74.266.154 | 82.729.704 | 0 | 0,Mediocampista
Ruibal,Betis,-115.653 | -236.536 | -361.720 | -891.191 | -1.996.747 | -3.279.624,"-3,01% | -5,98% | -8,86% | -19,33% | -34,93% | -46,85%",,25ddías,🏠 0%,3.720.376,3.836.029 | 3.956.912 | 4.082.096 | 4.611.567 | 5.717.123 | 7.000.000,Delantero
Navarro,Athletic,-26.053 | -61.044 | -91.047 | -210.946 | -511.873 | -1.072.461,"-1,16% | -2,67% | -3,93% | -8,65% | -18,69% | -32,50%",,25ddías,🏠 40%,2.227.539,2.253.592 | 2.288.583 | 2.318.586 | 2.438.485 | 2.739.412 | 3.300.000,Mediocampista
Chust,Elche,0 | 0 | 0 | 0 | 0 | +19.376,"0,00% | 0,00% | 0,00% | 0,00% | 0,00% | +0,39%",,22ddías,80%,5.019.376,5.019.376 | 5.019.376 | 5.019.376 | 5.019.376 | 5.019.376 | 5.000.000,Defensa
U. Núñez,Celta,-102.180 | -199.852 | -307.481 | -631.021 | -631.021 | -611.907,"-2,28% | -4,36% | -6,55% | -12,57% | -12,57% | -12,24%",,5ddías,🏠 0%,4.388.093,4.490.273 | 4.587.945 | 4.695.574 | 5.019.114 | 5.019.114 | 5.000.000,Defensa
Iglesias,Celta,+111.010 | +459.064 | +755.557 | +3.620.915 | +7.713.523 | +13.993.393,"+0,34% | +1,44% | +2,39% | +12,59% | +31,26% | 0%",,15ddías,🏠 10%,32.389.942,32.278.932 | 31.930.878 | 31.634.385 | 28.769.027 | 24.676.419 | 0,Delantero
Dotor,Málaga,0 | 0 | 0 | 0 | +4.403 | +14.904,"0,00% | 0,00% | 0,00% | 0,00% | 0% | +0,37%",,9ddías,50%,4.014.904,4.014.904 | 4.014.904 | 4.014.904 | 4.014.904 | 0 | 4.000.000,Mediocampista
Carles Pérez,Celta,-54.961 | -119.518 | +230.914 | +230.914 | +230.914 | +230.914,"-2,88% | -6,05% | 0% | 0% | 0% | 0%",,2ddías,🏠 0%,1.854.980,1.909.941 | 1.974.498 | 0 | 0 | 0 | 0,Delantero
Aspas,Celta,-151.046 | -280.676 | -423.182 | -937.707 | -2.173.361 | -1.749.217,"-1,66% | -3,04% | -4,51% | -9,48% | -19,54% | -16,35%",,19ddías,🏠 50%,8.950.783,9.101.829 | 9.231.459 | 9.373.965 | 9.888.490 | 11.124.144 | 10.700.000,Delantero
Iván Villar,Celta,-28.675 | -55.058 | -89.157 | -232.128 | -574.183 | -1.173.022,"-2,12% | -3,98% | -6,30% | -14,89% | -30,20% | -46,92%",,25ddías,🏠 5%,1.326.978,1.355.653 | 1.382.036 | 1.416.135 | 1.559.106 | 1.901.161 | 2.500.000,Portero
Swedberg,Celta,-101.349 | -205.293 | -385.985 | -981.559 | -2.327.192 | -3.228.274,"-1,08% | -2,17% | -4,00% | -9,57% | -20,06% | -25,83%",,22ddías,🏠 50%,9.271.726,9.373.075 | 9.477.019 | 9.657.711 | 10.253.285 | 11.598.918 | 12.500.000,Mediocampista
Domínguez,Celta,-20.443 | -41.538 | -64.272 | -155.511 | -360.554 | -753.569,"-2,36% | -4,68% | -7,06% | -15,52% | -29,87% | -47,10%",,25ddías,🏠 20%,846.431,866.874 | 887.969 | 910.703 | 1.001.942 | 1.206.985 | 1.600.000,Defensa
Ayoze,Villarreal,-150.648 | -230.515 | -426.404 | -1.061.792 | -1.859.534 | -3.069.583,"-0,88% | -1,34% | -2,46% | -5,90% | -9,90% | -15,35%",,25ddías,30%,16.930.417,17.081.065 | 17.160.932 | 17.356.821 | 17.992.209 | 18.789.951 | 20.000.000,Delantero
Abde,Betis,-1.983.517 | -3.945.859 | -6.101.814 | -15.394.485 | -65.312.227 | -65.312.227,"-2,89% | -5,60% | -8,40% | -18,78% | 0% | 0%",,9ddías,🏠 50%,66.569.890,68.553.407 | 70.515.749 | 72.671.704 | 81.964.375 | 0 | 0,Delantero
Riquelme,Betis,-46.546 | -101.365 | -159.838 | -382.789 | -960.212 | -1.925.583,"-1,29% | -2,76% | -4,28% | -9,67% | -21,18% | -35,01%",,25ddías,🏠 40%,3.574.417,3.620.963 | 3.675.782 | 3.734.255 | 3.957.206 | 4.534.629 | 5.500.000,Mediocampista
Raphinha,Barcelona,-1.110.970 | -2.644.346 | -4.115.851 | -10.278.958 | -24.191.312 | -27.405.697,"-1,49% | -3,48% | -5,31% | -12,28% | -24,79% | -27,19%",,17ddías,30%,73.394.303,74.505.273 | 76.038.649 | 77.510.154 | 83.673.261 | 97.585.615 | 100.800.000,Delantero
Kostis,Atlético,0 | 0 | 0 | 0 | 0 | +2.674,"0,00% | 0,00% | 0,00% | 0,00% | 0,00% | +0,38%",,22ddías,🏠,702.674,702.674 | 702.674 | 702.674 | 702.674 | 702.674 | 700.000,Defensa
Balde,Barcelona,-492.576 | -871.900 | -1.021.416 | +1.390.498 | +5.546.265 | +8.640.091,"-1,74% | -3,04% | -3,54% | +5,26% | +24,88% | +45,00%",,3ddías,70%,27.840.091,28.332.667 | 28.711.991 | 28.861.507 | 26.449.593 | 22.293.826 | 19.200.000,Defensa
Araújo,Barcelona,-159.649 | -323.569 | -496.617 | -1.198.891 | -2.683.021 | -3.991.842,"-2,59% | -5,11% | -7,63% | -16,63% | -30,87% | -39,92%",,23ddías,20%,6.008.158,6.167.807 | 6.331.727 | 6.504.775 | 7.207.049 | 8.691.179 | 10.000.000,Defensa
Gavi,Barcelona,+585.746 | +1.353.445 | +1.839.489 | +4.948.923 | +9.289.596 | +11.724.887,"+1,62% | +3,83% | +5,27% | +15,57% | +33,86% | +46,90%",,21ddías,50%,36.724.887,36.139.141 | 35.371.442 | 34.885.398 | 31.775.964 | 27.435.291 | 25.000.000,Mediocampista
Ferran,Barcelona,+1.436.462 | +3.451.610 | +4.735.530 | +11.153.984 | +10.106.433 | +5.239.473,"+2,25% | +5,59% | +7,83% | +20,62% | +18,33% | +8,73%",,9ddías,80%,65.239.473,63.803.011 | 61.787.863 | 60.503.943 | 54.085.489 | 55.133.040 | 60.000.000,Delantero
Pedri,Barcelona,-1.241.056 | -2.580.951 | -3.848.937 | -7.427.312 | -79.600.563 | -79.600.563,"-1,24% | -2,54% | -3,74% | -6,98% | 0% | 0%",,8ddías,90%,98.937.029,100.178.085 | 101.517.980 | 102.785.966 | 106.364.341 | 0 | 0,Mediocampista
A. Christensen,Barcelona,0 | 0 | 0 | 0 | 0 | +19.340,"0,00% | 0,00% | 0,00% | 0,00% | 0,00% | +0,39%",,22ddías,10%,5.019.340,5.019.340 | 5.019.340 | 5.019.340 | 5.019.340 | 5.019.340 | 5.000.000,Defensa
Bellerín,Betis,+132.937 | +156.563 | +141.957 | +15.496 | -568.401 | +260.024,"+1,31% | +1,55% | +1,40% | +0,15% | -5,25% | +2,60%",,2ddías,🏠 70%,10.260.024,10.127.087 | 10.103.461 | 10.118.067 | 10.244.528 | 10.828.425 | 10.000.000,Defensa
F. de Jong,Barcelona,0 | 0 | 0 | 0 | 0 | +172.140,"0,00% | 0,00% | 0,00% | 0,00% | 0,00% | +0,39%",,22ddías,0%,44.672.140,44.672.140 | 44.672.140 | 44.672.140 | 44.672.140 | 44.672.140 | 44.500.000,Mediocampista
Koundé,Barcelona,-252.689 | -2.947 | +59.143 | +2.569.108 | +8.495.599 | +17.777.679,"-0,48% | -0,01% | +0,11% | +5,12% | +19,19% | +50,79%",,1ddías,60%,52.777.679,53.030.368 | 52.780.626 | 52.718.536 | 50.208.571 | 44.282.080 | 35.000.000,Defensa
Yamal,Barcelona,-1.570.076 | -3.347.637 | -5.331.315 | -17.232.186 | +60.832.736 | +60.832.736,"-1,18% | -2,49% | -3,91% | -11,62% | 0% | 0%",,7ddías,90%,131.128.919,132.698.995 | 134.476.556 | 136.460.234 | 148.361.105 | 0 | 0,Delantero
Casadó,Barcelona,-23.677 | -40.900 | -76.736 | -161.271 | -396.457 | -999.637,"-1,11% | -1,91% | -3,52% | -7,13% | -15,88% | -32,25%",,25ddías,10%,2.100.363,2.124.040 | 2.141.263 | 2.177.099 | 2.261.634 | 2.496.820 | 3.100.000,Mediocampista
Cubarsí,Barcelona,-670.156 | -481.568 | -312.747 | +6.035.907 | +20.926.313 | +38.640.619,"-0,67% | -0,49% | -0,32% | +6,52% | +26,93% | +64,40%",,1ddías,80%,98.640.619,99.310.775 | 99.122.187 | 98.953.366 | 92.604.712 | 77.714.306 | 60.000.000,Defensa
Fermín,Barcelona,-759.095 | -1.431.475 | -2.716.256 | -8.766.516 | -21.097.918 | -29.964.752,"-1,15% | -2,15% | -4,01% | -11,88% | -24,49% | -31,54%",,25ddías,50%,65.035.248,65.794.343 | 66.466.723 | 67.751.504 | 73.801.764 | 86.133.166 | 95.000.000,Mediocampista
Pacheco,Real Sociedad,0 | 0 | 0 | 0 | 0 | +15.452,"0,00% | 0,00% | 0,00% | 0,00% | 0,00% | +0,39%",,22ddías,10%,4.015.452,4.015.452 | 4.015.452 | 4.015.452 | 4.015.452 | 4.015.452 | 4.000.000,Defensa
De Frutos,Rayo,+759.738 | +1.814.738 | +2.559.926 | +6.612.800 | +12.443.954 | +18.316.177,"+1,79% | +4,37% | +6,28% | +18,02% | +40,31% | +73,26%",,24ddías,90%,43.316.177,42.556.439 | 41.501.439 | 40.756.251 | 36.703.377 | 30.872.223 | 25.000.000,Delantero
Le Normand,Atlético,-151.350 | -275.109 | -481.590 | -1.072.492 | -1.860.079 | -3.253.122,"-1,34% | -2,41% | -4,14% | -8,78% | -14,30% | -22,59%",,20ddías,🏠 30%,11.146.878,11.298.228 | 11.421.987 | 11.628.468 | 12.219.370 | 13.006.957 | 14.400.000,Defensa
Álvaro,Deportivo,-84.027 | -145.960 | -245.677 | -747.592 | -1.796.996 | -3.511.895,"-1,38% | -2,38% | -3,94% | -11,10% | -23,08% | -36,97%",,25ddías,🏠 20%,5.988.105,6.072.132 | 6.134.065 | 6.233.782 | 6.735.697 | 7.785.101 | 9.500.000,Portero
Bernal,Barcelona,0 | 0 | 0 | 0 | 0 | +13.924,"0,00% | 0,00% | 0,00% | 0,00% | 0,00% | +0,39%",,22ddías,40%,3.613.924,3.613.924 | 3.613.924 | 3.613.924 | 3.613.924 | 3.613.924 | 3.600.000,Mediocampista
Marrero,Real Sociedad,-38.837 | -73.964 | -115.313 | -295.771 | -704.205 | -1.421.988,"-2,40% | -4,48% | -6,81% | -15,78% | -30,86% | -47,40%",,25ddías,10%,1.578.012,1.616.849 | 1.651.976 | 1.693.325 | 1.873.783 | 2.282.217 | 3.000.000,Portero
Toni Martinez,Alavés,-429.954 | -742.168 | -1.147.006 | -2.859.731 | -6.958.022 | +23.957.985,"-1,51% | -2,58% | -3,93% | -9,25% | -19,88% | 0%",,14ddías,🏠 80%,28.041.978,28.471.932 | 28.784.146 | 29.188.984 | 30.901.709 | 35.000.000 | 0,Delantero
Musso,Atlético,-126.561 | -238.746 | -387.544 | -990.809 | -2.157.786 | -3.831.657,"-2,01% | -3,73% | -5,91% | -13,84% | -25,92% | -38,32%",,25ddías,🏠 10%,6.168.343,6.294.904 | 6.407.089 | 6.555.887 | 7.159.152 | 8.326.129 | 10.000.000,Portero
Olmo,Barcelona,-1.434.525 | -2.820.520 | -4.415.281 | -9.814.782 | -26.007.630 | -26.007.630,"-1,80% | -3,47% | -5,33% | -11,12% | 0% | 0%",,9ddías,60%,78.472.100,79.906.625 | 81.292.620 | 82.887.381 | 88.286.882 | 0 | 0,Mediocampista
Mario Martín,Getafe,0 | 0 | 0 | 0 | 0 | +15.472,"0,00% | 0,00% | 0,00% | 0,00% | 0,00% | +0,39%",,22ddías,80%,4.015.472,4.015.472 | 4.015.472 | 4.015.472 | 4.015.472 | 4.015.472 | 4.000.000,Mediocampista
Benito,Osasuna,-14.959 | -30.344 | -47.130 | -111.991 | -259.671 | -585.139,"-2,05% | -4,07% | -6,19% | -13,54% | -26,65% | -45,01%",,25ddías,50%,714.861,729.820 | 745.205 | 761.991 | 826.852 | 974.532 | 1.300.000,Delantero
Leo Román,Deportivo,+301.959 | -507.293 | +22.305.518 | +22.305.518 | +22.305.518 | +22.305.518,"+1,26% | -2,06% | 0% | 0% | 0% | 0%",,1ddías,🏠 80%,24.173.940,23.871.981 | 24.681.233 | 0 | 0 | 0 | 0,Portero
Ferrer,Getafe,0 | 0 | 0 | 0 | 0 | +2.705,"0,00% | 0,00% | 0,00% | 0,00% | 0,00% | +0,39%",,22ddías,,702.705,702.705 | 702.705 | 702.705 | 702.705 | 702.705 | 700.000,Portero
Boiro,Athletic,-10.901 | -22.058 | -34.440 | -79.770 | -164.419 | -382.549,"-1,73% | -3,45% | -5,28% | -11,44% | -21,03% | -38,25%",,9ddías,🏠 40%,617.451,628.352 | 639.509 | 651.891 | 697.221 | 781.870 | 1.000.000,Defensa
Jauregizar,Athletic,+315.599 | +728.690 | +1.025.966 | +2.954.848 | +5.922.984 | +8.572.081,"+1,36% | +3,19% | +4,55% | +14,33% | +33,56% | +57,15%",,24ddías,🏠 80%,23.572.081,23.256.482 | 22.843.391 | 22.546.115 | 20.617.233 | 17.649.097 | 15.000.000,Mediocampista
Padilla,Athletic,0 | 0 | 0 | 0 | 0 | +5.588,"0,00% | 0,00% | 0,00% | 0,00% | 0,00% | +0,37%",,22ddías,🏠 10%,1.505.588,1.505.588 | 1.505.588 | 1.505.588 | 1.505.588 | 1.505.588 | 1.500.000,Portero
Alvarez,Atlético,-639.810 | -993.663 | -1.663.398 | -1.964.883 | +26.512.883 | +26.512.883,"-0,85% | -1,31% | -2,18% | -2,57% | 0% | 0%",,6ddías,🏠 50%,74.601.277,75.241.087 | 75.594.940 | 76.264.675 | 76.566.160 | 0 | 0,Delantero
Letácek,Getafe,-23.086 | -46.546 | -69.197 | -184.603 | -441.963 | -922.244,"-2,31% | -4,54% | -6,61% | -15,88% | -31,13% | -48,54%",,25ddías,5%,977.756,1.000.842 | 1.024.302 | 1.046.953 | 1.162.359 | 1.419.719 | 1.900.000,Portero
L. Sucic,Real Sociedad,-56.797 | -112.074 | -187.536 | -449.355 | -1.032.397 | -1.601.532,"-1,37% | -2,66% | -4,38% | -9,88% | -20,12% | -28,10%",,22ddías,50%,4.098.468,4.155.265 | 4.210.542 | 4.286.004 | 4.547.823 | 5.130.865 | 5.700.000,Mediocampista
Durán,Celta,-37.270 | -85.596 | -134.760 | -333.831 | -750.090 | -1.403.811,"-2,28% | -5,09% | -7,79% | -17,30% | -31,97% | -46,79%",,25ddías,🏠 20%,1.596.189,1.633.459 | 1.681.785 | 1.730.949 | 1.930.020 | 2.346.279 | 3.000.000,Delantero
Kambwala,Villarreal,-39.580 | -79.395 | -120.682 | -301.389 | -689.634 | -1.408.663,"-2,43% | -4,75% | -7,05% | -15,92% | -30,23% | -46,96%",,25ddías,10%,1.591.337,1.630.917 | 1.670.732 | 1.712.019 | 1.892.726 | 2.280.971 | 3.000.000,Defensa
Carlos Martín,Atlético,0 | 0 | 0 | 0 | 0 | -81.510,"0,00% | 0,00% | 0,00% | 0,00% | 0,00% | -3,54%",,22ddías,🏠 0%,2.218.490,2.218.490 | 2.218.490 | 2.218.490 | 2.218.490 | 2.218.490 | 2.300.000,Mediocampista
Endrick,Real Madrid,-150.908 | -424.256 | +7.346.527 | +7.346.527 | +7.346.527 | +7.346.527,"-1,87% | -5,09% | 0% | 0% | 0% | 0%",,2ddías,10%,7.912.516,8.063.424 | 8.336.772 | 0 | 0 | 0 | 0,Delantero
Carreira,Celta,-72.073 | -175.620 | -291.891 | -744.727 | -1.550.615 | -915.577,"-1,01% | -2,42% | -3,96% | -9,51% | -17,96% | -11,44%",,19ddías,🏠 70%,7.084.423,7.156.496 | 7.260.043 | 7.376.314 | 7.829.150 | 8.635.038 | 8.000.000,Defensa
Sergio Gómez,Real Sociedad,-131.567 | -292.210 | -607.004 | -1.509.983 | -3.480.863 | -5.524.937,"-0,67% | -1,48% | -3,02% | -7,20% | -15,16% | -22,10%",,25ddías,80%,19.475.063,19.606.630 | 19.767.273 | 20.082.067 | 20.985.046 | 22.955.926 | 25.000.000,Defensa
Peque,Sevilla,-59.527 | -123.461 | -188.537 | -458.658 | -1.025.472 | -2.095.689,"-2,42% | -4,88% | -7,27% | -16,02% | -29,90% | -46,57%",,25ddías,🏠 30%,2.404.311,2.463.838 | 2.527.772 | 2.592.848 | 2.862.969 | 3.429.783 | 4.500.000,Delantero
Ejuke,Sevilla,-51.300 | -106.329 | -165.797 | -376.724 | -897.585 | -1.685.596,"-1,52% | -3,11% | -4,76% | -10,21% | -21,31% | -33,71%",,25ddías,🏠 40%,3.314.404,3.365.704 | 3.420.733 | 3.480.201 | 3.691.128 | 4.211.989 | 5.000.000,Delantero
Andrés Martín,Racing,-359.429 | -607.691 | -983.235 | -2.030.911 | -4.612.076 | +21.158.015,"-1,54% | -2,58% | -4,12% | -8,14% | -16,76% | 0%",,16ddías,🏠 80%,22.909.323,23.268.752 | 23.517.014 | 23.892.558 | 24.940.234 | 27.521.399 | 0,Delantero
Pedro Díaz,Rayo,-43.142 | -76.280 | -118.004 | -294.888 | -758.507 | -1.781.754,"-1,91% | -3,32% | -5,05% | -11,73% | -25,48% | -44,54%",,26ddías,50%,2.218.246,2.261.388 | 2.294.526 | 2.336.250 | 2.513.134 | 2.976.753 | 4.000.000,Mediocampista
Danjuma,Valencia,-41.263 | -80.349 | -151.278 | -377.736 | -886.214 | -1.591.506,"-0,93% | -1,79% | -3,32% | -7,89% | -16,74% | -26,53%",,25ddías,🏠 40%,4.408.494,4.449.757 | 4.488.843 | 4.559.772 | 4.786.230 | 5.294.708 | 6.000.000,Delantero
Pépé,Villarreal,-1.053.312 | -2.063.039 | -3.300.180 | -8.221.329 | -35.403.323 | -35.403.323,"-1,83% | -3,52% | -5,51% | -12,69% | 0% | 0%",,10ddías,70%,56.561.614,57.614.926 | 58.624.653 | 59.861.794 | 64.782.943 | 0 | 0,Delantero
Pape Gueye,Villarreal,-131.224 | -204.200 | -689.638 | -2.155.196 | -6.374.549 | -10.736.830,"-0,33% | -0,52% | -1,73% | -5,20% | -13,97% | -21,47%",,25ddías,90%,39.263.170,39.394.394 | 39.467.370 | 39.952.808 | 41.418.366 | 45.637.719 | 50.000.000,Mediocampista
Losada,Betis,0 | 0 | 0 | 0 | 0 | +9.378,"0,00% | 0,00% | 0,00% | 0,00% | 0,00% | +0,38%",,22ddías,🏠 0%,2.509.378,2.509.378 | 2.509.378 | 2.509.378 | 2.509.378 | 2.509.378 | 2.500.000,Delantero
D. Llorente,Betis,+155.239 | +321.961 | +480.828 | +1.268.317 | +1.031.571 | +2.189.143,"+1,58% | +3,33% | +5,06% | +14,54% | +11,52% | +28,07%",,9ddías,🏠 70%,9.989.143,9.833.904 | 9.667.182 | 9.508.315 | 8.720.826 | 8.957.572 | 7.800.000,Defensa
Bretones,Osasuna,+60.670 | +136.611 | +166.535 | +245.755 | +77.994 | -203.308,"+2,98% | +6,97% | +8,63% | +13,28% | +3,86% | -8,84%",,7ddías,90%,2.096.692,2.036.022 | 1.960.081 | 1.930.157 | 1.850.937 | 2.018.698 | 2.300.000,Defensa
Natan,Betis,+756.207 | +1.669.331 | +2.085.676 | +5.074.200 | +9.335.718 | +13.475.340,"+2,00% | +4,54% | +5,73% | +15,19% | +32,04% | +53,90%",,23ddías,🏠 80%,38.475.340,37.719.133 | 36.806.009 | 36.389.664 | 33.401.140 | 29.139.622 | 25.000.000,Defensa
Javi Rodríguez,Celta,0 | 0 | 0 | 0 | 0 | +37.652,"0,00% | 0,00% | 0,00% | 0,00% | 0,00% | +0,38%",,22ddías,🏠 80%,10.037.652,10.037.652 | 10.037.652 | 10.037.652 | 10.037.652 | 10.037.652 | 10.000.000,Defensa
Romero,Villarreal,-512.180 | -1.624.252 | -2.838.574 | -2.838.574 | -2.838.574 | -2.707.354,"-1,56% | -4,79% | -8,08% | -8,08% | -8,08% | -7,74%",,3ddías,80%,32.292.646,32.804.826 | 33.916.898 | 35.131.220 | 35.131.220 | 35.131.220 | 35.000.000,Defensa
Szczesny,Barcelona,0 | 0 | 0 | 0 | 0 | +8.400,"0,00% | 0,00% | 0,00% | 0,00% | 0,00% | +0,26%",,22ddías,10%,3.208.400,3.208.400 | 3.208.400 | 3.208.400 | 3.208.400 | 3.208.400 | 3.200.000,Portero
Jiménez,Real Madrid,0 | 0 | 0 | 0 | 0 | +2.248,"0,00% | 0,00% | 0,00% | 0,00% | 0,00% | +0,37%",,22ddías,,602.248,602.248 | 602.248 | 602.248 | 602.248 | 602.248 | 600.000,Defensa
Mestre,Real Madrid,0 | 0 | 0 | 0 | 0 | -22.140,"0,00% | 0,00% | 0,00% | 0,00% | 0,00% | -3,16%",,22ddías,,677.860,677.860 | 677.860 | 677.860 | 677.860 | 677.860 | 700.000,Portero
Lago,Celta,0 | 0 | 0 | 0 | 0 | +2.633,"0,00% | 0,00% | 0,00% | 0,00% | 0,00% | +0,38%",,22ddías,🏠 30%,702.633,702.633 | 702.633 | 702.633 | 702.633 | 702.633 | 700.000,Defensa
El-Abdellaoui,Celta,0 | 0 | 0 | 0 | 0 | +4.893,"0,00% | 0,00% | 0,00% | 0,00% | 0,00% | +0,38%",,22ddías,🏠 10%,1.304.893,1.304.893 | 1.304.893 | 1.304.893 | 1.304.893 | 1.304.893 | 1.300.000,Delantero
Antony,Betis,-1.282.714 | -2.587.173 | -3.977.666 | -8.704.646 | -12.869.540 | -5.138.279,"-1,80% | -3,57% | -5,39% | -11,08% | -15,56% | -6,85%",,12ddías,🏠 80%,69.861.721,71.144.435 | 72.448.894 | 73.839.387 | 78.566.367 | 82.731.261 | 75.000.000,Delantero
Sannadi,Athletic,-5.650 | -11.338 | -18.023 | -38.092 | -80.514 | -208.556,"-1,14% | -2,26% | -3,54% | -7,19% | -14,08% | -29,79%",,25ddías,🏠 0%,491.444,497.094 | 502.782 | 509.467 | 529.536 | 571.958 | 700.000,Delantero
Pablo Ramón,Espanyol,-9.046 | -18.271 | -28.640 | -28.640 | -28.640 | -27.066,"-1,55% | -3,09% | 0% | 0% | 0% | -4,51%",,2ddías,🏠 10%,572.934,581.980 | 591.205 | 0 | 0 | 0 | 600.000,Mediocampista
Guille,Barcelona,0 | 0 | 0 | 0 | 0 | +2.705,"0,00% | 0,00% | 0,00% | 0,00% | 0,00% | +0,39%",,22ddías,,702.705,702.705 | 702.705 | 702.705 | 702.705 | 702.705 | 700.000,Mediocampista
Toni Fernández,Barcelona,0 | 0 | 0 | 0 | 0 | +2.319,"0,00% | 0,00% | 0,00% | 0,00% | 0,00% | +0,39%",,22ddías,,602.319,602.319 | 602.319 | 602.319 | 602.319 | 602.319 | 600.000,Delantero
Garcés,Alavés,-20.562 | -41.783 | -64.648 | -156.468 | -363.339 | -650.669,"-2,36% | -4,69% | -7,07% | -15,56% | -29,96% | -43,38%",,25ddías,🏠 0%,849.331,869.893 | 891.114 | 913.979 | 1.005.799 | 1.212.670 | 1.500.000,Defensa
Roberto,Espanyol,-41.536 | -95.042 | -157.849 | -398.456 | -874.028 | -1.333.870,"-0,73% | -1,65% | -2,71% | -6,57% | -13,36% | -19,06%",,20ddías,🏠 50%,5.666.130,5.707.666 | 5.761.172 | 5.823.979 | 6.064.586 | 6.540.158 | 7.000.000,Delantero
Asencio,Real Madrid,-188.817 | -361.318 | -547.085 | -1.201.087 | -2.628.614 | -4.824.060,"-2,53% | -4,73% | -6,99% | -14,17% | -26,54% | -39,87%",,25ddías,0%,7.275.940,7.464.757 | 7.637.258 | 7.823.025 | 8.477.027 | 9.904.554 | 12.100.000,Defensa
Serrano,Atlético,-5.079 | -10.171 | -16.235 | -33.552 | -76.851 | -222.282,"-1,05% | -2,08% | -3,29% | -6,56% | -13,86% | -31,75%",,25ddías,🏠,477.718,482.797 | 487.889 | 493.953 | 511.270 | 554.569 | 700.000,Mediocampista
Spina,Atlético,0 | 0 | 0 | 0 | 0 | +2.702,"0,00% | 0,00% | 0,00% | 0,00% | 0,00% | +0,39%",,22ddías,🏠,702.702,702.702 | 702.702 | 702.702 | 702.702 | 702.702 | 700.000,Defensa
Etta Eyong,Levante,+302.954 | +1.008.643 | +1.360.268 | +2.825.983 | +4.502.034 | +8.294.663,"+1,78% | +6,19% | +8,54% | +19,53% | +35,19% | +92,16%",,24ddías,90%,17.294.663,16.991.709 | 16.286.020 | 15.934.395 | 14.468.680 | 12.792.629 | 9.000.000,Delantero
Hugo Álvarez,Celta,-86.933 | -169.752 | -260.199 | -642.521 | -1.444.003 | -2.645.624,"-2,21% | -4,22% | -6,32% | -14,29% | -27,25% | -40,70%",,25ddías,🏠 50%,3.854.376,3.941.309 | 4.024.128 | 4.114.575 | 4.496.897 | 5.298.379 | 6.500.000,Mediocampista
Otorbi,Valencia,0 | 0 | 0 | 0 | 0 | +2.292,"0,00% | 0,00% | 0,00% | 0,00% | 0,00% | +0,38%",,22ddías,🏠,602.292,602.292 | 602.292 | 602.292 | 602.292 | 602.292 | 600.000,Delantero
Jon Martín,Real Sociedad,0 | 0 | 0 | 0 | 0 | +111.790,"0,00% | 0,00% | 0,00% | 0,00% | 0,00% | +0,37%",,22ddías,90%,30.111.790,30.111.790 | 30.111.790 | 30.111.790 | 30.111.790 | 30.111.790 | 30.000.000,Defensa
Aramburu,Real Sociedad,+353.052 | +715.956 | +1.035.245 | +2.215.977 | +3.995.342 | +5.865.413,"+2,82% | +5,89% | +8,75% | +20,81% | +45,04% | +83,79%",,24ddías,80%,12.865.413,12.512.361 | 12.149.457 | 11.830.168 | 10.649.436 | 8.870.071 | 7.000.000,Defensa
Luiz Junior,Villarreal,+830.021 | +1.911.020 | +2.578.653 | +5.693.049 | +9.550.593 | +14.513.956,"+2,46% | +5,86% | +8,07% | +19,75% | +38,26% | +72,57%",,24ddías,95%,34.513.956,33.683.935 | 32.602.936 | 31.935.303 | 28.820.907 | 24.963.363 | 20.000.000,Portero
Logan Costa,Villarreal,-36.353 | -77.498 | -120.080 | -300.837 | -678.407 | -1.311.929,"-2,11% | -4,39% | -6,64% | -15,13% | -28,67% | -43,73%",,25ddías,20%,1.688.071,1.724.424 | 1.765.569 | 1.808.151 | 1.988.908 | 2.366.478 | 3.000.000,Defensa
Iturbe,Elche,0 | 0 | 0 | 0 | 0 | +2.099,"0,00% | 0,00% | 0,00% | 0,00% | 0,00% | +0,26%",,22ddías,10%,802.099,802.099 | 802.099 | 802.099 | 802.099 | 802.099 | 800.000,Portero
Lo Celso,Betis,+785.468 | +1.702.382 | +2.289.425 | +6.141.099 | +11.229.636 | +16.152.375,"+2,22% | +4,94% | +6,76% | +20,46% | +45,06% | +80,76%",,24ddías,🏠 30%,36.152.375,35.366.907 | 34.449.993 | 33.862.950 | 30.011.276 | 24.922.739 | 20.000.000,Mediocampista
Manu González,Betis,0 | 0 | 0 | 0 | 0 | -18.309,"0,00% | 0,00% | 0,00% | 0,00% | 0,00% | -3,05%",,22ddías,🏠 0%,581.691,581.691 | 581.691 | 581.691 | 581.691 | 581.691 | 600.000,Portero
Cabanes,Villarreal,0 | 0 | 0 | 0 | 0 | +2.292,"0,00% | 0,00% | 0,00% | 0,00% | 0,00% | +0,38%",,22ddías,0%,602.292,602.292 | 602.292 | 602.292 | 602.292 | 602.292 | 600.000,Delantero
Alfon,Sevilla,0 | 0 | 0 | 0 | 0 | +26.761,"0,00% | 0,00% | 0,00% | 0,00% | 0,00% | +0,38%",,22ddías,🏠 10%,7.026.761,7.026.761 | 7.026.761 | 7.026.761 | 7.026.761 | 7.026.761 | 7.000.000,Delantero
Risco,Getafe,0 | 0 | 0 | 0 | 0 | +2.705,"0,00% | 0,00% | 0,00% | 0,00% | 0,00% | +0,39%",,22ddías,,702.705,702.705 | 702.705 | 702.705 | 702.705 | 702.705 | 700.000,Mediocampista
De la Sías,Rayo,0 | 0 | 0 | 0 | 0 | +2.234,"0,00% | 0,00% | 0,00% | 0,00% | 0,00% | +0,37%",,22ddías,,602.234,602.234 | 602.234 | 602.234 | 602.234 | 602.234 | 600.000,Defensa
Óskarsson,Real Sociedad,-151.736 | -304.966 | -521.389 | -1.394.008 | -3.047.477 | -5.151.163,"-1,52% | -3,00% | -5,03% | -12,40% | -23,63% | -34,34%",,25ddías,20%,9.848.837,10.000.573 | 10.153.803 | 10.370.226 | 11.242.845 | 12.896.314 | 15.000.000,Delantero
Alberto,Sevilla,0 | 0 | 0 | 0 | 0 | +2.633,"0,00% | 0,00% | 0,00% | 0,00% | 0,00% | +0,38%",,22ddías,🏠 5%,702.633,702.633 | 702.633 | 702.633 | 702.633 | 702.633 | 700.000,Portero
Pau Navarro,Villarreal,-201.420 | -373.692 | -597.235 | -1.408.789 | -3.029.712 | -5.391.483,"-1,86% | -3,40% | -5,33% | -11,72% | -22,21% | -33,70%",,25ddías,50%,10.608.517,10.809.937 | 10.982.209 | 11.205.752 | 12.017.306 | 13.638.229 | 16.000.000,Defensa
Mbappé,Real Madrid,-656.490 | -1.367.197 | -2.996.318 | -11.390.254 | -24.009.444 | -24.009.444,"-0,50% | -1,03% | -2,23% | -7,97% | 0% | 0%",,7ddías,90%,131.475.995,132.132.485 | 132.843.192 | 134.472.313 | 142.866.249 | 0 | 0,Delantero
Martín,Barcelona,0 | 0 | 0 | 0 | 0 | +117.596,"0,00% | 0,00% | 0,00% | 0,00% | 0,00% | +0,39%",,22ddías,90%,30.517.596,30.517.596 | 30.517.596 | 30.517.596 | 30.517.596 | 30.517.596 | 30.400.000,Defensa
Rosier,Osasuna,-275.857 | -551.421 | -818.243 | -1.508.873 | -2.221.843 | -2.035.976,"-2,99% | -5,80% | -8,36% | -14,41% | -19,86% | -18,51%",,20ddías,50%,8.964.024,9.239.881 | 9.515.445 | 9.782.267 | 10.472.897 | 11.185.867 | 11.000.000,Defensa
Fran Pérez,Rayo,-27.147 | -55.223 | -85.213 | -197.193 | -440.917 | -916.076,"-2,44% | -4,85% | -7,29% | -15,39% | -28,92% | -45,80%",,25ddías,30%,1.083.924,1.111.071 | 1.139.147 | 1.169.137 | 1.281.117 | 1.524.841 | 2.000.000,Mediocampista
Gayà,Valencia,-189.695 | -310.921 | -555.484 | -1.397.014 | -2.848.855 | -5.159.629,"-1,46% | -2,36% | -4,15% | -9,81% | -18,16% | -28,66%",,25ddías,🏠 90%,12.840.371,13.030.066 | 13.151.292 | 13.395.855 | 14.237.385 | 15.689.226 | 18.000.000,Defensa
Mouriño,Villarreal,+510.048 | +1.106.298 | +1.424.724 | +3.886.357 | +7.388.432 | +10.775.319,"+1,53% | +3,39% | +4,40% | +13,00% | +28,00% | +46,85%",,23ddías,60%,33.775.319,33.265.271 | 32.669.021 | 32.350.595 | 29.888.962 | 26.386.887 | 23.000.000,Defensa
Diego López,Valencia,-104.047 | -207.984 | -319.047 | -776.966 | -1.757.057 | -2.600.600,"-2,97% | -5,77% | -8,58% | -18,60% | -34,07% | -43,34%",,25ddías,🏠 0%,3.399.400,3.503.447 | 3.607.384 | 3.718.447 | 4.176.366 | 5.156.457 | 6.000.000,Delantero
Pepelu,Valencia,-136.937 | -261.927 | -406.956 | -820.624 | -1.749.906 | -1.569.828,"-1,60% | -3,01% | -4,61% | -8,87% | -17,19% | -15,70%",,20ddías,🏠 50%,8.430.172,8.567.109 | 8.692.099 | 8.837.128 | 9.250.796 | 10.180.078 | 10.000.000,Mediocampista
Foulquier,Valencia,-78.328 | -195.911 | -323.917 | -323.917 | -323.917 | -309.773,"-2,26% | -5,46% | -8,72% | -8,72% | -8,72% | -8,37%",,3ddías,🏠 50%,3.390.227,3.468.555 | 3.586.138 | 3.714.144 | 3.714.144 | 3.714.144 | 3.700.000,Defensa
Jesús Vázquez,Valencia,-56.512 | -110.703 | -173.910 | -414.852 | -962.246 | -1.983.431,"-2,49% | -4,76% | -7,28% | -15,77% | -30,27% | -47,22%",,25ddías,🏠 10%,2.216.569,2.273.081 | 2.327.272 | 2.390.479 | 2.631.421 | 3.178.815 | 4.200.000,Defensa
Hugo González,Celta,0 | 0 | 0 | 0 | 0 | +5.646,"0,00% | 0,00% | 0,00% | 0,00% | 0,00% | +0,38%",,22ddías,🏠 10%,1.505.646,1.505.646 | 1.505.646 | 1.505.646 | 1.505.646 | 1.505.646 | 1.500.000,Mediocampista
Almeida,Valencia,-88.522 | -184.524 | -282.992 | -674.277 | -1.501.669 | -2.877.104,"-2,45% | -4,98% | -7,44% | -16,07% | -29,89% | -44,95%",,25ddías,🏠 30%,3.522.896,3.611.418 | 3.707.420 | 3.805.888 | 4.197.173 | 5.024.565 | 6.400.000,Mediocampista
Tárrega,Valencia,-49.630 | -190.073 | -289.760 | -764.624 | -1.797.373 | -3.131.026,"-0,53% | -1,99% | -3,00% | -7,55% | -16,10% | -25,05%",,25ddías,🏠 80%,9.368.974,9.418.604 | 9.559.047 | 9.658.734 | 10.133.598 | 11.166.347 | 12.500.000,Defensa
Iranzo,Valencia,0 | 0 | 0 | 0 | 0 | +2.292,"0,00% | 0,00% | 0,00% | 0,00% | 0,00% | +0,38%",,22ddías,🏠 10%,602.292,602.292 | 602.292 | 602.292 | 602.292 | 602.292 | 600.000,Defensa
Comesaña,Villarreal,-597.370 | -1.250.978 | -1.969.138 | -3.583.774 | -5.998.517 | -8.768.974,"-2,12% | -4,35% | -6,68% | -11,52% | -17,89% | -24,16%",,25ddías,90%,27.531.026,28.128.396 | 28.782.004 | 29.500.164 | 31.114.800 | 33.529.543 | 36.300.000,Mediocampista
Gerard,Villarreal,-310.281 | -688.251 | -1.086.306 | -2.536.020 | -5.945.680 | -9.088.676,"-0,99% | -2,18% | -3,39% | -7,58% | -16,13% | -22,72%",,25ddías,80%,30.911.324,31.221.605 | 31.599.575 | 31.997.630 | 33.447.344 | 36.857.004 | 40.000.000,Delantero
Foyth,Villarreal,0 | 0 | 0 | 0 | 0 | +47.789,"0,00% | 0,00% | 0,00% | 0,00% | 0,00% | +0,38%",,22ddías,50%,12.547.789,12.547.789 | 12.547.789 | 12.547.789 | 12.547.789 | 12.547.789 | 12.500.000,Defensa
Sörloth,Atlético,-340.186 | -876.771 | -1.373.955 | -2.772.487 | -6.643.120 | -11.211.854,"-1,17% | -2,96% | -4,56% | -8,78% | -18,75% | -28,03%",,25ddías,🏠 70%,28.788.146,29.128.332 | 29.664.917 | 30.162.101 | 31.560.633 | 35.431.266 | 40.000.000,Delantero
Rivero,Valencia,-11.030 | -22.320 | -34.841 | -80.788 | -154.509 | -379.476,"-1,75% | -3,47% | -5,32% | -11,52% | -19,94% | -37,95%",,8ddías,🏠 10%,620.524,631.554 | 642.844 | 655.365 | 701.312 | 775.033 | 1.000.000,Portero
Duro,Valencia,-123.777 | -162.072 | -321.375 | -810.558 | -1.843.338 | -2.394.687,"-1,27% | -1,66% | -3,24% | -7,78% | -16,10% | -19,96%",,20ddías,🏠 50%,9.605.313,9.729.090 | 9.767.385 | 9.926.688 | 10.415.871 | 11.448.651 | 12.000.000,Delantero
Femenia,Getafe,-62.368 | -108.719 | -175.330 | -439.255 | -1.147.748 | -2.191.787,"-1,61% | -2,78% | -4,40% | -10,34% | -23,16% | -36,53%",,25ddías,60%,3.808.213,3.870.581 | 3.916.932 | 3.983.543 | 4.247.468 | 4.955.961 | 6.000.000,Defensa
Rafa Mir,Sevilla,0 | 0 | 0 | 0 | 0 | +27.127,"0,00% | 0,00% | 0,00% | 0,00% | 0,00% | +0,39%",,22ddías,🏠 0%,7.027.127,7.027.127 | 7.027.127 | 7.027.127 | 7.027.127 | 7.027.127 | 7.000.000,Delantero
Fraga,Real Sociedad,0 | 0 | 0 | 0 | 0 | +2.234,"0,00% | 0,00% | 0,00% | 0,00% | 0,00% | +0,37%",,22ddías,,602.234,602.234 | 602.234 | 602.234 | 602.234 | 602.234 | 600.000,Portero
Urko,Espanyol,-62.067 | -126.837 | -208.960 | -473.691 | -1.006.334 | -1.855.747,"-1,19% | -2,41% | -3,90% | -8,43% | -16,36% | -26,51%",,22ddías,🏠 80%,5.144.253,5.206.320 | 5.271.090 | 5.353.213 | 5.617.944 | 6.150.587 | 7.000.000,Mediocampista
Dmitrovic,Espanyol,+953.798 | +1.886.301 | +2.559.785 | +5.144.135 | +8.778.863 | +12.309.092,"+3,62% | +7,42% | +10,34% | +23,21% | +47,38% | +82,06%",,24ddías,🏠 95%,27.309.092,26.355.294 | 25.422.791 | 24.749.307 | 22.164.957 | 18.530.229 | 15.000.000,Portero
Gattoni,Sevilla,-5.482 | -10.995 | -17.497 | -36.756 | -84.316 | -212.599,"-1,11% | -2,21% | -3,47% | -7,01% | -14,75% | -30,37%",,25ddías,🏠 0%,487.401,492.883 | 498.396 | 504.898 | 524.157 | 571.717 | 700.000,Defensa
Pedrosa,Sevilla,0 | 0 | 0 | 0 | 0 | +12.788,"0,00% | 0,00% | 0,00% | 0,00% | 0,00% | +0,39%",,22ddías,🏠 0%,3.312.788,3.312.788 | 3.312.788 | 3.312.788 | 3.312.788 | 3.312.788 | 3.300.000,Defensa
Jordan,Sevilla,-13.514 | -27.394 | -42.612 | -100.519 | -232.933 | -519.821,"-1,95% | -3,87% | -5,90% | -12,88% | -25,51% | -43,32%",,25ddías,🏠 0%,680.179,693.693 | 707.573 | 722.791 | 780.698 | 913.112 | 1.200.000,Mediocampista
Mariano,Alavés,-38.205 | -75.770 | -117.312 | -287.972 | -650.110 | -1.356.972,"-2,77% | -5,34% | -8,03% | -17,66% | -32,62% | -50,26%",,25ddías,🏠 10%,1.343.028,1.381.233 | 1.418.798 | 1.460.340 | 1.631.000 | 1.993.138 | 2.700.000,Delantero
Javi Guerra,Valencia,-303.202 | -629.814 | -962.265 | -1.482.810 | -3.516.444 | +22.580.211,"-1,17% | -2,41% | -3,64% | -5,49% | -12,12% | 0%",,15ddías,🏠 90%,25.507.562,25.810.764 | 26.137.376 | 26.469.827 | 26.990.372 | 29.024.006 | 0,Mediocampista
Sow,Sevilla,-83.821 | -117.917 | -188.898 | -444.405 | -1.316.819 | -1.503.259,"-0,98% | -1,37% | -2,17% | -4,97% | -13,42% | -15,03%",,20ddías,🏠 70%,8.496.741,8.580.562 | 8.614.658 | 8.685.639 | 8.941.146 | 9.813.560 | 10.000.000,Mediocampista
Marcão,Sevilla,-21.453 | -43.602 | -67.433 | -161.577 | -354.468 | -729.302,"-2,40% | -4,77% | -7,19% | -15,65% | -28,93% | -45,58%",,25ddías,🏠 20%,870.698,892.151 | 914.300 | 938.131 | 1.032.275 | 1.225.166 | 1.600.000,Defensa
Juanlu,Sevilla,-46.590 | -88.258 | -141.563 | -316.639 | -867.586 | -1.915.489,"-1,49% | -2,78% | -4,39% | -9,31% | -21,95% | -38,31%",,26ddías,🏠 60%,3.084.511,3.131.101 | 3.172.769 | 3.226.074 | 3.401.150 | 3.952.097 | 5.000.000,Mediocampista
Manu Bueno,Sevilla,0 | 0 | 0 | 0 | 0 | +2.099,"0,00% | 0,00% | 0,00% | 0,00% | 0,00% | +0,26%",,22ddías,🏠 0%,802.099,802.099 | 802.099 | 802.099 | 802.099 | 802.099 | 800.000,Mediocampista
Diakhaby,Valencia,-164.409 | -309.380 | -531.762 | -1.113.941 | -1.113.941 | -1.079.533,"-2,03% | -3,76% | -6,29% | -12,33% | -12,33% | -11,99%",,5ddías,🏠 50%,7.920.467,8.084.876 | 8.229.847 | 8.452.229 | 9.034.408 | 9.034.408 | 9.000.000,Defensa
Canós,Valencia,-11.618 | -23.521 | -764.771 | -764.771 | -764.771 | -764.771,"-1,80% | -3,57% | 0% | 0% | 0% | 0%",,2ddías,🏠 0%,634.645,646.263 | 658.166 | 0 | 0 | 0 | 0,Delantero
Baena,Atlético,-88.518 | +436.309 | +961.259 | +7.357.979 | +18.128.413 | +26.309.089,"-0,12% | +0,62% | +1,37% | +11,51% | +34,09% | +58,46%",,1ddías,🏠 50%,71.309.089,71.397.607 | 70.872.780 | 70.347.830 | 63.951.110 | 53.180.676 | 45.000.000,Mediocampista
Íñigo Pérez,Villarreal,-18.706 | -16.198 | -41.379 | -93.678 | -328.367 | -321.805,"-0,85% | -0,74% | -1,86% | -4,12% | 0% | -12,87%",,1ddías,,2.178.195,2.196.901 | 2.194.393 | 2.219.574 | 2.271.873 | 0 | 2.500.000,
Terrats,Getafe,0 | 0 | 0 | 0 | 0 | +10.495,"0,00% | 0,00% | 0,00% | 0,00% | 0,00% | +0,37%",,22ddías,80%,2.810.495,2.810.495 | 2.810.495 | 2.810.495 | 2.810.495 | 2.810.495 | 2.800.000,Mediocampista
Edu Expósito,Espanyol,-340.039 | -577.302 | -938.788 | -2.532.996 | -6.474.812 | -12.641.205,"-1,18% | -1,98% | -3,19% | -8,16% | -18,50% | 0%",,14ddías,🏠 50%,28.525.188,28.865.227 | 29.102.490 | 29.463.976 | 31.058.184 | 35.000.000 | 0,Mediocampista
Serrano,Athletic,-40.850 | -78.102 | -118.746 | -293.374 | -656.021 | -1.439.174,"-2,91% | -5,43% | -8,03% | -17,74% | -32,53% | -51,40%",,26ddías,🏠 10%,1.360.826,1.401.676 | 1.438.928 | 1.479.572 | 1.654.200 | 2.016.847 | 2.800.000,Delantero
Raba,Valencia,-59.441 | -120.792 | -184.536 | -427.126 | -969.969 | -2.188.520,"-2,51% | -4,97% | -7,39% | -15,60% | -29,56% | -48,63%",,25ddías,🏠 10%,2.311.480,2.370.921 | 2.432.272 | 2.496.016 | 2.738.606 | 3.281.449 | 4.500.000,Delantero
Conde,Betis,-86.089 | -168.665 | -257.652 | -508.833 | -901.509 | -1.544.479,"-2,83% | -5,40% | -8,02% | -14,69% | -23,37% | -34,32%",,23ddías,🏠 30%,2.955.521,3.041.610 | 3.124.186 | 3.213.173 | 3.464.354 | 3.857.030 | 4.500.000,Portero
Raul Moro,Osasuna,+21.434 | +39.541 | -1.503 | -276.817 | -1.355.303 | -1.576.214,"+0,21% | +0,38% | -0,01% | -2,59% | -11,51% | -13,14%",,2ddías,70%,10.423.786,10.402.352 | 10.384.245 | 10.425.289 | 10.700.603 | 11.779.089 | 12.000.000,Delantero
Boyomo,Osasuna,+387.636 | +991.548 | +1.298.045 | +3.114.217 | +5.263.151 | +6.165.857,"+1,87% | +4,91% | +6,53% | +17,25% | +33,10% | +41,11%",,21ddías,80%,21.165.857,20.778.221 | 20.174.309 | 19.867.812 | 18.051.640 | 15.902.706 | 15.000.000,Defensa
Fortuño,Espanyol,-14.501 | -29.408 | -45.696 | -78.979 | -212.101 | -496.143,"-2,02% | -4,01% | -6,10% | -10,09% | -23,16% | -41,35%",,5ddías,🏠 5%,703.857,718.358 | 733.265 | 749.553 | 782.836 | 915.958 | 1.200.000,Portero
Rubén Sánchez,Espanyol,-8.606 | -17.371 | -27.262 | -61.545 | -142.095 | -337.652,"-1,51% | -3,00% | -4,62% | -9,86% | -20,17% | -37,52%",,25ddías,🏠 20%,562.348,570.954 | 579.719 | 589.610 | 623.893 | 704.443 | 900.000,Mediocampista
El Hilali,Espanyol,+97.067 | +243.746 | +316.727 | +762.305 | +936.087 | +1.381.501,"+1,43% | +3,67% | +4,82% | +12,46% | +15,74% | +25,12%",,9ddías,🏠 80%,6.881.501,6.784.434 | 6.637.755 | 6.564.774 | 6.119.196 | 5.945.414 | 5.500.000,Defensa
Jofre,Espanyol,-34.755 | -73.810 | -115.738 | -280.072 | -644.893 | -1.306.293,"-2,27% | -4,71% | -7,19% | -15,79% | -30,15% | -46,65%",,25ddías,🏠 50%,1.493.707,1.528.462 | 1.567.517 | 1.609.445 | 1.773.779 | 2.138.600 | 2.800.000,Delantero
Fort,Barcelona,0 | 0 | 0 | 0 | 0 | +19.376,"0,00% | 0,00% | 0,00% | 0,00% | 0,00% | +0,39%",,22ddías,10%,5.019.376,5.019.376 | 5.019.376 | 5.019.376 | 5.019.376 | 5.019.376 | 5.000.000,Defensa
Pere Milla,Espanyol,-55.902 | -78.187 | -85.541 | +212.705 | +705.016 | +2.728.055,"-0,52% | -0,72% | -0,79% | +2,02% | +7,03% | +34,10%",,3ddías,🏠 50%,10.728.055,10.783.957 | 10.806.242 | 10.813.596 | 10.515.350 | 10.023.039 | 8.000.000,Delantero
Lozano,Espanyol,-59.979 | -114.275 | -176.169 | -442.026 | -1.030.624 | -2.071.953,"-2,01% | -3,76% | -5,68% | -13,12% | -26,03% | -41,44%",,25ddías,🏠 50%,2.928.047,2.988.026 | 3.042.322 | 3.104.216 | 3.370.073 | 3.958.671 | 5.000.000,Mediocampista
Puado,Espanyol,-309.158 | -634.173 | -972.906 | -2.352.217 | -5.113.310 | -4.704.006,"-2,92% | -5,80% | -8,63% | -18,60% | -33,18% | -31,36%",,16ddías,🏠 0%,10.295.994,10.605.152 | 10.930.167 | 11.268.900 | 12.648.211 | 15.409.304 | 15.000.000,Mediocampista
Cabrera,Espanyol,-149.684 | -290.377 | -446.720 | -990.513 | -1.976.945 | +5.739.992,"-0,87% | -1,68% | -2,56% | -5,51% | -10,42% | 0%",,18ddías,🏠 95%,16.998.755,17.148.439 | 17.289.132 | 17.445.475 | 17.989.268 | 18.975.700 | 0,Defensa
Calero,Málaga,0 | 0 | 0 | 0 | 0 | +13.120,"0,00% | 0,00% | 0,00% | 0,00% | 0,00% | +0,37%",,22ddías,70%,3.513.120,3.513.120 | 3.513.120 | 3.513.120 | 3.513.120 | 3.513.120 | 3.500.000,Defensa
Joan Garcia,Barcelona,0 | 0 | 0 | 0 | 0 | +193.416,"0,00% | 0,00% | 0,00% | 0,00% | 0,00% | +0,39%",,22ddías,90%,50.193.416,50.193.416 | 50.193.416 | 50.193.416 | 50.193.416 | 50.193.416 | 50.000.000,Portero
Juanmi,Getafe,-17.845 | -36.236 | -56.153 | -134.897 | -291.131 | -715.889,"-2,23% | -4,42% | -6,68% | -14,68% | -27,08% | -47,73%",,25ddías,0%,784.111,801.956 | 820.347 | 840.264 | 919.008 | 1.075.242 | 1.500.000,Delantero
Denis Suárez,Alavés,-76.139 | -160.938 | -249.553 | -610.452 | -1.408.210 | -2.706.358,"-2,26% | -4,66% | -7,04% | -15,64% | -29,95% | -45,11%",,25ddías,🏠 50%,3.293.642,3.369.781 | 3.454.580 | 3.543.195 | 3.904.094 | 4.701.852 | 6.000.000,Mediocampista
Guedes,Real Sociedad,-1.219.174 | -2.398.434 | -3.744.203 | -9.298.071 | -8.096.845 | -8.096.845,"-2,34% | -4,50% | -6,85% | -15,45% | 0% | 0%",,10ddías,70%,50.884.410,52.103.584 | 53.282.844 | 54.628.613 | 60.182.481 | 0 | 0,Delantero
Fornals,Betis,-1.798.886 | -3.665.742 | -5.757.047 | -13.809.980 | -70.460.690 | -70.460.690,"-2,41% | -4,79% | -7,33% | -15,94% | 0% | 0%",,8ddías,🏠 80%,72.828.610,74.627.496 | 76.494.352 | 78.585.657 | 86.638.590 | 0 | 0,Mediocampista
Akhomach,Villarreal,-190.523 | -444.798 | -719.835 | -719.835 | -719.835 | -689.714,"-2,54% | -5,74% | -8,96% | -8,96% | -8,96% | -8,62%",,3ddías,10%,7.310.286,7.500.809 | 7.755.084 | 8.030.121 | 8.030.121 | 8.030.121 | 8.000.000,Delantero
Altimira,Deportivo,-92.781 | -210.649 | -325.567 | -537.006 | -1.192.058 | -1.260.035,"-1,59% | -3,54% | -5,37% | -8,56% | -17,20% | -18,00%",,19ddías,🏠 70%,5.739.965,5.832.746 | 5.950.614 | 6.065.532 | 6.276.971 | 6.932.023 | 7.000.000,Defensa
Manu Sánchez,Levante,+55.403 | 0 | -97.781 | -484.326 | -484.326 | -461.815,"+1,01% | 0,00% | -1,73% | -8,04% | -8,04% | -7,70%",,1ddías,80%,5.538.185,5.482.782 | 5.538.185 | 5.635.966 | 6.022.511 | 6.022.511 | 6.000.000,Defensa
Raúl García,Osasuna,-59.819 | -125.417 | -190.940 | -466.529 | -1.058.276 | -2.143.920,"-2,29% | -4,68% | -6,95% | -15,43% | -29,28% | -45,62%",,25ddías,20%,2.556.080,2.615.899 | 2.681.497 | 2.747.020 | 3.022.609 | 3.614.356 | 4.700.000,Delantero
Kike Salas,Sevilla,-138.950 | -304.943 | -433.422 | -1.079.325 | -2.302.831 | -3.714.547,"-1,12% | -2,42% | -3,41% | -8,08% | -15,79% | -23,22%",,23ddías,🏠 90%,12.285.453,12.424.403 | 12.590.396 | 12.718.875 | 13.364.778 | 14.588.284 | 16.000.000,Defensa
F. Carreras,Real Madrid,-460.720 | -922.493 | -1.415.331 | -3.266.129 | -6.733.554 | -11.908.840,"-2,52% | -4,93% | -7,37% | -15,51% | -27,46% | -40,10%",,25ddías,20%,17.791.160,18.251.880 | 18.713.653 | 19.206.491 | 21.057.289 | 24.524.714 | 29.700.000,Defensa
Giuliano,Atlético,-5.121 | +296.509 | +585.398 | +4.332.202 | +11.396.477 | +20.122.286,"-0,01% | +0,54% | +1,07% | +8,53% | +26,06% | +57,49%",,1ddías,🏠 70%,55.122.286,55.127.407 | 54.825.777 | 54.536.888 | 50.790.084 | 43.725.809 | 35.000.000,Delantero
Batalla,Rayo,+693.400 | +1.433.833 | +1.982.454 | +5.439.292 | +9.636.576 | +15.251.189,"+2,01% | +4,24% | +5,96% | +18,25% | +37,62% | +76,26%",,24ddías,95%,35.251.189,34.557.789 | 33.817.356 | 33.268.735 | 29.811.897 | 25.614.613 | 20.000.000,Portero
Romero,Sevilla,-62.306 | -121.267 | -207.854 | -532.182 | -1.466.584 | -1.687.431,"-0,98% | -1,88% | -3,19% | -7,78% | -18,85% | -21,09%",,21ddías,🏠 80%,6.312.569,6.374.875 | 6.433.836 | 6.520.423 | 6.844.751 | 7.779.153 | 8.000.000,Delantero
Cardoso,Atlético,-258.007 | -499.710 | -763.588 | -1.846.730 | -4.120.382 | -6.360.711,"-2,90% | -5,47% | -8,12% | -17,61% | -32,29% | -42,40%",,22ddías,🏠 30%,8.639.289,8.897.296 | 9.138.999 | 9.402.877 | 10.486.019 | 12.759.671 | 15.000.000,Mediocampista
Moriba,Celta,+130.873 | +291.468 | +293.948 | +231.099 | -1.508.411 | -3.011.874,"+1,48% | +3,35% | +3,38% | +2,64% | -14,37% | -25,10%",,4ddías,🏠 80%,8.988.126,8.857.253 | 8.696.658 | 8.694.178 | 8.757.027 | 10.496.537 | 12.000.000,Mediocampista
Agoume,Sevilla,-54.719 | -94.893 | -153.288 | -364.838 | -910.072 | -598.262,"-0,92% | -1,58% | -2,53% | -5,82% | -13,36% | -9,20%",,20ddías,🏠 80%,5.901.738,5.956.457 | 5.996.631 | 6.055.026 | 6.266.576 | 6.811.810 | 6.500.000,Mediocampista
Carlos Espí,Real Madrid,0 | 0 | 0 | 0 | 0 | 0,0% | 0% | 0% | 0% | 0% | 0%,,31ddías,10%,3.531.129,0 | 0 | 0 | 0 | 0 | 0,Delantero
Javi López,Real Sociedad,0 | 0 | 0 | 0 | 0 | 0,0% | 0% | 0% | 0% | 0% | 0%,,31ddías,0%,1.656.670,0 | 0 | 0 | 0 | 0 | 0,Defensa
Lemar,Atlético,0 | 0 | 0 | 0 | 0 | 0,0% | 0% | 0% | 0% | 0% | 0%,,31ddías,🏠 20%,1.680.630,0 | 0 | 0 | 0 | 0 | 0,Mediocampista
Satriano,Getafe,0 | 0 | 0 | 0 | 0 | 0,0% | 0% | 0% | 0% | 0% | 0%,,31ddías,90%,4.336.426,0 | 0 | 0 | 0 | 0 | 0,Delantero
Ter Stegen,Barcelona,0 | 0 | 0 | 0 | 0 | 0,0% | 0% | 0% | 0% | 0% | 0%,,31ddías,0%,1.683.226,0 | 0 | 0 | 0 | 0 | 0,Portero
M. Alonso,Celta,0 | 0 | 0 | 0 | 0 | 0,0% | 0% | 0% | 0% | 0% | 0%,,31ddías,🏠 90%,71.704.119,0 | 0 | 0 | 0 | 0 | 0,Defensa
Guido,Valencia,0 | 0 | 0 | 0 | 0 | 0,0% | 0% | 0% | 0% | 0% | 0%,,31ddías,🏠 90%,1.925.541,0 | 0 | 0 | 0 | 0 | 0,Mediocampista
Vargas,Sevilla,0 | 0 | 0 | 0 | 0 | 0,0% | 0% | 0% | 0% | 0% | 0%,,31ddías,🏠 80%,4.930.955,0 | 0 | 0 | 0 | 0 | 0,Delantero
Rincón,Athletic,0 | 0 | 0 | 0 | 0 | 0,0% | 0% | 0% | 0% | 0% | 0%,,31ddías,🏠 20%,1.658.593,0 | 0 | 0 | 0 | 0 | 0,Defensa
Forés,Villarreal,0 | 0 | 0 | 0 | 0 | 0,0% | 0% | 0% | 0% | 0% | 0%,,31ddías,0%,1.653.899,0 | 0 | 0 | 0 | 0 | 0,Delantero
Thiago,Villarreal,0 | 0 | 0 | 0 | 0 | 0,0% | 0% | 0% | 0% | 0% | 0%,,31ddías,0%,1.660.575,0 | 0 | 0 | 0 | 0 | 0,Mediocampista
Bambo,Elche,0 | 0 | 0 | 0 | 0 | 0,0% | 0% | 0% | 0% | 0% | 0%,,150ddías,0%,652.470,0 | 0 | 0 | 0 | 0 | 0,Defensa
Neyou,Getafe,0 | 0 | 0 | 0 | 0 | 0,0% | 0% | 0% | 0% | 0% | 0%,,180ddías,0%,604.547,0 | 0 | 0 | 0 | 0 | 0,Mediocampista
Maras,Alavés,0 | 0 | 0 | 0 | 0 | 0,0% | 0% | 0% | 0% | 0% | 0%,,183ddías,🏠 0%,590.024,0 | 0 | 0 | 0 | 0 | 0,Defensa
Goti,Real Sociedad,0 | 0 | 0 | 0 | 0 | 0,0% | 0% | 0% | 0% | 0% | 0%,,186ddías,0%,590.263,0 | 0 | 0 | 0 | 0 | 0,Mediocampista
Diarra,Alavés,0 | 0 | 0 | 0 | 0 | 0,0% | 0% | 0% | 0% | 0% | 0%,,186ddías,🏠 30%,591.470,0 | 0 | 0 | 0 | 0 | 0,Defensa
Ali Houary,Elche,0 | 0 | 0 | 0 | 0 | 0,0% | 0% | 0% | 0% | 0% | 0%,,190ddías,20%,592.065,0 | 0 | 0 | 0 | 0 | 0,Delantero
Damián,Celta,0 | 0 | 0 | 0 | 0 | 0,0% | 0% | 0% | 0% | 0% | 0%,,193ddías,🏠 0%,593.721,0 | 0 | 0 | 0 | 0 | 0,Mediocampista
Javier Hernández,Espanyol,0 | 0 | 0 | 0 | 0 | 0,0% | 0% | 0% | 0% | 0% | 0%,,204ddías,🏠 10%,575.023,0 | 0 | 0 | 0 | 0 | 0,Delantero
Bauzà,Espanyol,0 | 0 | 0 | 0 | 0 | 0,0% | 0% | 0% | 0% | 0% | 0%,,332ddías,🏠 10%,318.649,0 | 0 | 0 | 0 | 0 | 0,Mediocampista
Uche,Getafe,0 | 0 | 0 | 0 | 0 | 0,0% | 0% | 0% | 0% | 0% | 0%,,333ddías,70%,12.405.015,0 | 0 | 0 | 0 | 0 | 0,Mediocampista
Pablo López,Valencia,0 | 0 | 0 | 0 | 0 | 0,0% | 0% | 0% | 0% | 0% | 0%,,333ddías,🏠,441.041,0 | 0 | 0 | 0 | 0 | 0,Delantero
Alberto Marí,Valencia,0 | 0 | 0 | 0 | 0 | 0,0% | 0% | 0% | 0% | 0% | 0%,,334ddías,🏠 0%,787.986,0 | 0 | 0 | 0 | 0 | 0,Delantero
Novoa,Alavés,0 | 0 | 0 | 0 | 0 | 0,0% | 0% | 0% | 0% | 0% | 0%,,334ddías,🏠 20%,661.162,0 | 0 | 0 | 0 | 0 | 0,Defensa
Pelayo,Rayo,0 | 0 | 0 | 0 | 0 | 0,0% | 0% | 0% | 0% | 0% | 0%,,334ddías,10%,1.722.279,0 | 0 | 0 | 0 | 0 | 0,Defensa
Hinojo,Espanyol,0 | 0 | 0 | 0 | 0 | 0,0% | 0% | 0% | 0% | 0% | 0%,,338ddías,🏠 30%,317.496,0 | 0 | 0 | 0 | 0 | 0,Defensa
Owono,Alavés,0 | 0 | 0 | 0 | 0 | 0,0% | 0% | 0% | 0% | 0% | 0%,,369ddías,🏠 5%,828.372,0 | 0 | 0 | 0 | 0 | 0,Portero
Djaló,Athletic,0 | 0 | 0 | 0 | 0 | 0,0% | 0% | 0% | 0% | 0% | 0%,,369ddías,🏠 10%,8.434.683,0 | 0 | 0 | 0 | 0 | 0,Delantero
Berrocal,Getafe,0 | 0 | 0 | 0 | 0 | 0,0% | 0% | 0% | 0% | 0% | 0%,,369ddías,30%,1.058.833,0 | 0 | 0 | 0 | 0 | 0,Defensa
De Tomás,Rayo,0 | 0 | 0 | 0 | 0 | 0,0% | 0% | 0% | 0% | 0% | 0%,,373ddías,0%,3.229.388,0 | 0 | 0 | 0 | 0 | 0,Delantero
Serred,Espanyol,0 | 0 | 0 | 0 | 0 | 0,0% | 0% | 0% | 0% | 0% | 0%,,393ddías,🏠,1.731.552,0 | 0 | 0 | 0 | 0 | 0,Portero
Raúl Jiménez,Valencia,0 | 0 | 0 | 0 | 0 | 0,0% | 0% | 0% | 0% | 0% | 0%,,393ddías,🏠,1.561.503,0 | 0 | 0 | 0 | 0 | 0,Portero
Eneko Ortiz,Villarreal,0 | 0 | 0 | 0 | 0 | 0,0% | 0% | 0% | 0% | 0% | 0%,,393ddías,,1.718.986,0 | 0 | 0 | 0 | 0 | 0,Defensa
Eto'o,Rayo,0 | 0 | 0 | 0 | 0 | 0,0% | 0% | 0% | 0% | 0% | 0%,,393ddías,,1.718.988,0 | 0 | 0 | 0 | 0 | 0,Delantero
Gorka,Getafe,0 | 0 | 0 | 0 | 0 | 0,0% | 0% | 0% | 0% | 0% | 0%,,393ddías,,1.718.986,0 | 0 | 0 | 0 | 0 | 0,Defensa
Carrillo,Celta,0 | 0 | 0 | 0 | 0 | 0,0% | 0% | 0% | 0% | 0% | 0%,,393ddías,🏠,1.567.556,0 | 0 | 0 | 0 | 0 | 0,Portero
Adrián,Alavés,0 | 0 | 0 | 0 | 0 | 0,0% | 0% | 0% | 0% | 0% | 0%,,393ddías,🏠 0%,1.640.215,0 | 0 | 0 | 0 | 0 | 0,Portero
Solà,Atlético,0 | 0 | 0 | 0 | 0 | 0,0% | 0% | 0% | 0% | 0% | 0%,,393ddías,🏠,1.640.523,0 | 0 | 0 | 0 | 0 | 0,Defensa
Córdoba,Valencia,0 | 0 | 0 | 0 | 0 | 0,0% | 0% | 0% | 0% | 0% | 0%,,393ddías,🏠 10%,1.548.667,0 | 0 | 0 | 0 | 0 | 0,Defensa
Collado,Sevilla,0 | 0 | 0 | 0 | 0 | 0,0% | 0% | 0% | 0% | 0% | 0%,,393ddías,🏠,1.718.988,0 | 0 | 0 | 0 | 0 | 0,Mediocampista
Olabarrieta,Athletic,0 | 0 | 0 | 0 | 0 | 0,0% | 0% | 0% | 0% | 0% | 0%,,393ddías,🏠,1.717.797,0 | 0 | 0 | 0 | 0 | 0,Delantero
Medenica,Getafe,0 | 0 | 0 | 0 | 0 | 0,0% | 0% | 0% | 0% | 0% | 0%,,393ddías,,1.560.264,0 | 0 | 0 | 0 | 0 | 0,Portero
Isra,Sevilla,0 | 0 | 0 | 0 | 0 | 0,0% | 0% | 0% | 0% | 0% | 0%,,393ddías,🏠,1.718.237,0 | 0 | 0 | 0 | 0 | 0,Delantero
Busto,Betis,0 | 0 | 0 | 0 | 0 | 0,0% | 0% | 0% | 0% | 0% | 0%,,393ddías,🏠,1.621.161,0 | 0 | 0 | 0 | 0 | 0,Defensa
De Llanos,Real Madrid,0 | 0 | 0 | 0 | 0 | 0,0% | 0% | 0% | 0% | 0% | 0%,,393ddías,,1.622.168,0 | 0 | 0 | 0 | 0 | 0,Mediocampista
Rupérez,Real Sociedad,0 | 0 | 0 | 0 | 0 | 0,0% | 0% | 0% | 0% | 0% | 0%,,393ddías,0%,1.626.247,0 | 0 | 0 | 0 | 0 | 0,Defensa
Balda,Real Sociedad,0 | 0 | 0 | 0 | 0 | 0,0% | 0% | 0% | 0% | 0% | 0%,,393ddías,0%,1.718.912,0 | 0 | 0 | 0 | 0 | 0,Defensa
Santana,Valencia,0 | 0 | 0 | 0 | 0 | 0,0% | 0% | 0% | 0% | 0% | 0%,,393ddías,🏠,1.723.821,0 | 0 | 0 | 0 | 0 | 0,Delantero
Rivas,Real Madrid,0 | 0 | 0 | 0 | 0 | 0,0% | 0% | 0% | 0% | 0% | 0%,,393ddías,,1.718.751,0 | 0 | 0 | 0 | 0 | 0,Defensa
Abril,Valencia,0 | 0 | 0 | 0 | 0 | 0,0% | 0% | 0% | 0% | 0% | 0%,,393ddías,🏠,1.728.051,0 | 0 | 0 | 0 | 0 | 0,Portero
Cortés,Barcelona,0 | 0 | 0 | 0 | 0 | 0,0% | 0% | 0% | 0% | 0% | 0%,,393ddías,,1.718.327,0 | 0 | 0 | 0 | 0 | 0,Defensa
Requena,Levante,0 | 0 | 0 | 0 | 0 | 0,0% | 0% | 0% | 0% | 0% | 0%,,393ddías,10%,1.621.683,0 | 0 | 0 | 0 | 0 | 0,Mediocampista
Yaakobishvili,Barcelona,0 | 0 | 0 | 0 | 0 | 0,0% | 0% | 0% | 0% | 0% | 0%,,393ddías,,1.639.280,0 | 0 | 0 | 0 | 0 | 0,Portero
Canales,Athletic,0 | 0 | 0 | 0 | 0 | 0,0% | 0% | 0% | 0% | 0% | 0%,,393ddías,🏠 10%,1.623.251,0 | 0 | 0 | 0 | 0 | 0,Delantero
Carlos,Atlético,0 | 0 | 0 | 0 | 0 | 0,0% | 0% | 0% | 0% | 0% | 0%,,393ddías,🏠,1.718.547,0 | 0 | 0 | 0 | 0 | 0,Defensa
Juan Cruz,Málaga,0 | 0 | 0 | 0 | 0 | 0,0% | 0% | 0% | 0% | 0% | 0%,,431ddías,40%,19.968.443,0 | 0 | 0 | 0 | 0 | 0,Mediocampista
Morro,Rayo,0 | 0 | 0 | 0 | 0 | 0,0% | 0% | 0% | 0% | 0% | 0%,,697ddías,0%,723.425,0 | 0 | 0 | 0 | 0 | 0,Portero
Mandi,Levante,0 | 0 | 0 | 0 | 0 | 0,0% | 0% | 0% | 0% | 0% | 0%,,714ddías,80%,1.879.755,0 | 0 | 0 | 0 | 0 | 0,Defensa
Miguel,Alavés,0 | 0 | 0 | 0 | 0 | 0,0% | 0% | 0% | 0% | 0% | 0%,,715ddías,🏠 20%,679.761,0 | 0 | 0 | 0 | 0 | 0,Delantero
Joseda,Alavés,0 | 0 | 0 | 0 | 0 | 0,0% | 0% | 0% | 0% | 0% | 0%,,759ddías,🏠,300.000,0 | 0 | 0 | 0 | 0 | 0,Defensa
Diallo,Alavés,0 | 0 | 0 | 0 | 0 | 0,0% | 0% | 0% | 0% | 0% | 0%,,760ddías,🏠 0%,1.000.000,0 | 0 | 0 | 0 | 0 | 0,Mediocampista
Mendes,Alavés,0 | 0 | 0 | 0 | 0 | 0,0% | 0% | 0% | 0% | 0% | 0%,,760ddías,🏠,500.000,0 | 0 | 0 | 0 | 0 | 0,Mediocampista
Ian Forns,Betis,0 | 0 | 0 | 0 | 0 | 0,0% | 0% | 0% | 0% | 0% | 0%,,760ddías,🏠,500.000,0 | 0 | 0 | 0 | 0 | 0,Defensa
Mario,Valencia,0 | 0 | 0 | 0 | 0 | 0,0% | 0% | 0% | 0% | 0% | 0%,,760ddías,🏠,500.000,0 | 0 | 0 | 0 | 0 | 0,Delantero
Mario,Valencia,0 | 0 | 0 | 0 | 0 | 0,0% | 0% | 0% | 0% | 0% | 0%,,1ddías,🏠,760.408,0 | 0 | 0 | 0 | 0 | 0,Mediocampista