Jugador,Equipo,DiferenciaDif.,% Dif,Acel.,Tend.,Valor,Valor ant.Ant.,Posición
Karrikaburu,Real Sociedad,-5.633 | -14.358 | -22.198 | -59.440 | -140.206 | -424.637,"-1,05% | -2,62% | -4,00% | -10,04% | -20,84% | -44,36%",,45ddías,532.693,538.326 | 547.051 | 554.891 | 592.133 | 672.899 | 957.330,Delantero
Panach,Valencia,0 | 0 | 0 | 0 | 0 | 0,"0,00% | 0,00% | 0,00% | 0,00% | 0,00% | 0,00%",,42ddías,501.909,501.909 | 501.909 | 501.909 | 501.909 | 501.909 | 501.909,Defensa
Selton,Athletic,0 | 0 | 0 | 0 | 0 | 0,"0,00% | 0,00% | 0,00% | 0,00% | 0,00% | 0,00%",,42ddías,602.257,602.257 | 602.257 | 602.257 | 602.257 | 602.257 | 602.257,Mediocampista
Meixús,Celta,0 | 0 | 0 | 0 | 0 | 0,"0,00% | 0,00% | 0,00% | 0,00% | 0,00% | 0,00%",,42ddías,485.372,485.372 | 485.372 | 485.372 | 485.372 | 485.372 | 485.372,Defensa
Óscar Marcos,Celta,0 | 0 | 0 | 0 | 0 | 0,"0,00% | 0,00% | 0,00% | 0,00% | 0,00% | 0,00%",,42ddías,602.257,602.257 | 602.257 | 602.257 | 602.257 | 602.257 | 602.257,Mediocampista
Al Lal,Elche,-3.658 | -10.326 | -16.648 | -16.648 | -16.648 | -16.648,"-0,75% | -2,08% | -3,32% | -3,32% | -3,32% | -3,32%",,3ddías,485.288,488.946 | 495.614 | 501.936 | 501.936 | 501.936 | 501.936,Delantero
Yassin,Getafe,0 | 0 | 0 | 0 | 0 | 0,"0,00% | 0,00% | 0,00% | 0,00% | 0,00% | 0,00%",,42ddías,501.932,501.932 | 501.932 | 501.932 | 501.932 | 501.932 | 501.932,Defensa
Marchal,Real Sociedad,0 | 0 | 0 | 0 | 0 | 0,"0,00% | 0,00% | 0,00% | 0,00% | 0,00% | 0,00%",,42ddías,602.234,602.234 | 602.234 | 602.234 | 602.234 | 602.234 | 602.234,Mediocampista
Jurado,Valencia,0 | 0 | 0 | 0 | 0 | 0,"0,00% | 0,00% | 0,00% | 0,00% | 0,00% | 0,00%",,42ddías,602.292,602.292 | 602.292 | 602.292 | 602.292 | 602.292 | 602.292,Defensa
Delgado,Elche,0 | 0 | 0 | 0 | 0 | 0,"0,00% | 0,00% | 0,00% | 0,00% | 0,00% | 0,00%",,42ddías,602.324,602.324 | 602.324 | 602.324 | 602.324 | 602.324 | 602.324,Defensa
Nakoha,Levante,0 | 0 | 0 | 0 | 0 | 0,"0,00% | 0,00% | 0,00% | 0,00% | 0,00% | 0,00%",,42ddías,501.874,501.874 | 501.874 | 501.874 | 501.874 | 501.874 | 501.874,Defensa
Rosón,Levante,0 | 0 | 0 | 0 | 0 | 0,"0,00% | 0,00% | 0,00% | 0,00% | 0,00% | 0,00%",,42ddías,602.249,602.249 | 602.249 | 602.249 | 602.249 | 602.249 | 602.249,Mediocampista
Carrera,Real Sociedad,0 | 0 | 0 | 0 | 0 | 0,"0,00% | 0,00% | 0,00% | 0,00% | 0,00% | 0,00%",,42ddías,702.633,702.633 | 702.633 | 702.633 | 702.633 | 702.633 | 702.633,Delantero
Carlos Macià,Villarreal,+9.321 | +16.906 | -149 | -17.958 | -17.958 | -17.958,"+1,20% | +2,20% | -0,02% | -2,24% | -2,24% | -2,24%",,2ddías,785.099,775.778 | 768.193 | 785.248 | 803.057 | 803.057 | 803.057,Mediocampista
Unai Santos,Osasuna,0 | 0 | 0 | 0 | 0 | 0,"0,00% | 0,00% | 0,00% | 0,00% | 0,00% | 0,00%",,42ddías,602.319,602.319 | 602.319 | 602.319 | 602.319 | 602.319 | 602.319,Defensa
Joan Martínez,Real Madrid,0 | 0 | 0 | 0 | 0 | 0,"0,00% | 0,00% | 0,00% | 0,00% | 0,00% | 0,00%",,42ddías,702.622,702.622 | 702.622 | 702.622 | 702.622 | 702.622 | 702.622,Defensa
Iker Muñoz,Sevilla,-7.029 | -17.208 | -26.563 | -36.103 | -36.103 | -36.103,"-1,23% | -2,95% | -4,48% | -5,99% | -5,99% | -5,99%",,4ddías,566.181,573.210 | 583.389 | 592.744 | 602.284 | 602.284 | 602.284,Defensa
Álvaro,Villarreal,0 | 0 | 0 | 0 | 0 | 0,"0,00% | 0,00% | 0,00% | 0,00% | 0,00% | 0,00%",,42ddías,501.929,501.929 | 501.929 | 501.929 | 501.929 | 501.929 | 501.929,Defensa
Barry,Villarreal,0 | 0 | 0 | 0 | 0 | 0,"0,00% | 0,00% | 0,00% | 0,00% | 0,00% | 0,00%",,42ddías,602.292,602.292 | 602.292 | 602.292 | 602.292 | 602.292 | 602.292,Mediocampista
Izei,Alavés,0 | 0 | 0 | 0 | 0 | 0,"0,00% | 0,00% | 0,00% | 0,00% | 0,00% | 0,00%",,42ddías,582.010,582.010 | 582.010 | 582.010 | 582.010 | 582.010 | 582.010,Mediocampista
Ballestero,Alavés,0 | 0 | 0 | 0 | 0 | 0,"0,00% | 0,00% | 0,00% | 0,00% | 0,00% | 0,00%",,42ddías,602.316,602.316 | 602.316 | 602.316 | 602.316 | 602.316 | 602.316,Defensa
Javier Hernández,Espanyol,-160.208 | -349.605 | -696.444 | +9.294.649 | +9.294.649 | +9.294.649,"-1,60% | -3,42% | -6,59% | 0% | 0% | 0%",,3ddías,9.870.760,10.030.968 | 10.220.365 | 10.567.204 | 0 | 0 | 0,Mediocampista
Adam Boayar,Elche,0 | 0 | 0 | 0 | 0 | 0,"0,00% | 0,00% | 0,00% | 0,00% | 0,00% | 0,00%",,42ddías,702.711,702.711 | 702.711 | 702.711 | 702.711 | 702.711 | 702.711,Mediocampista
Bardghji,Barcelona,-80.806 | -168.322 | -255.637 | -642.654 | -1.355.439 | -2.257.704,"-3,06% | -6,17% | -9,08% | -20,06% | -34,61% | -46,85%",,21ddías,2.560.861,2.641.667 | 2.729.183 | 2.816.498 | 3.203.515 | 3.916.300 | 4.818.565,Delantero
Taufik,Atlético,0 | 0 | 0 | 0 | 0 | 0,"0,00% | 0,00% | 0,00% | 0,00% | 0,00% | 0,00%",,42ddías,602.316,602.316 | 602.316 | 602.316 | 602.316 | 602.316 | 602.316,Mediocampista
Martínez Bastida,Elche,0 | 0 | 0 | 0 | 0 | 0,"0,00% | 0,00% | 0,00% | 0,00% | 0,00% | 0,00%",,42ddías,602.324,602.324 | 602.324 | 602.324 | 602.324 | 602.324 | 602.324,Mediocampista
Aller,Barcelona,0 | 0 | 0 | 0 | 0 | 0,"0,00% | 0,00% | 0,00% | 0,00% | 0,00% | 0,00%",,42ddías,702.705,702.705 | 702.705 | 702.705 | 702.705 | 702.705 | 702.705,Portero
Monreal,Athletic,0 | 0 | 0 | 0 | 0 | 0,"0,00% | 0,00% | 0,00% | 0,00% | 0,00% | 0,00%",,42ddías,602.257,602.257 | 602.257 | 602.257 | 602.257 | 602.257 | 602.257,Defensa
Lebarbier,Real Sociedad,0 | 0 | 0 | 0 | 0 | 0,"0,00% | 0,00% | 0,00% | 0,00% | 0,00% | 0,00%",,42ddías,602.234,602.234 | 602.234 | 602.234 | 602.234 | 602.234 | 602.234,Defensa
Adrián Pérez,Athletic,0 | 0 | 0 | 0 | 0 | 0,"0,00% | 0,00% | 0,00% | 0,00% | 0,00% | 0,00%",,42ddías,602.257,602.257 | 602.257 | 602.257 | 602.257 | 602.257 | 602.257,Delantero
Juan Hernández,Barcelona,0 | 0 | 0 | 0 | 0 | 0,"0,00% | 0,00% | 0,00% | 0,00% | 0,00% | 0,00%",,42ddías,581.760,581.760 | 581.760 | 581.760 | 581.760 | 581.760 | 581.760,Mediocampista
Espart,Barcelona,0 | 0 | 0 | 0 | 0 | 0,"0,00% | 0,00% | 0,00% | 0,00% | 0,00% | 0,00%",,42ddías,702.705,702.705 | 702.705 | 702.705 | 702.705 | 702.705 | 702.705,Defensa
Benito,Getafe,0 | 0 | 0 | 0 | 0 | 0,"0,00% | 0,00% | 0,00% | 0,00% | 0,00% | 0,00%",,42ddías,602.319,602.319 | 602.319 | 602.319 | 602.319 | 602.319 | 602.319,Portero
Aleksandrov,Getafe,0 | 0 | 0 | 0 | 0 | 0,"0,00% | 0,00% | 0,00% | 0,00% | 0,00% | 0,00%",,42ddías,602.319,602.319 | 602.319 | 602.319 | 602.319 | 602.319 | 602.319,Delantero
Javi Navarro,Real Madrid,0 | 0 | 0 | 0 | 0 | 0,"0,00% | 0,00% | 0,00% | 0,00% | 0,00% | 0,00%",,42ddías,702.622,702.622 | 702.622 | 702.622 | 702.622 | 702.622 | 702.622,Portero
Beitia,Real Sociedad,0 | 0 | 0 | 0 | 0 | 0,"0,00% | 0,00% | 0,00% | 0,00% | 0,00% | 0,00%",,42ddías,501.861,501.861 | 501.861 | 501.861 | 501.861 | 501.861 | 501.861,Defensa
Oláiz,Alavés,-7.055 | -17.261 | -26.644 | -35.503 | -35.503 | -35.503,"-1,23% | -2,96% | -4,49% | -5,89% | -5,89% | -5,89%",,4ddías,566.813,573.868 | 584.074 | 593.457 | 602.316 | 602.316 | 602.316,Defensa
Aitor Mañas,Alavés,-4.695 | -12.442 | -19.264 | -51.993 | -51.993 | -51.993,"-0,91% | -2,38% | -3,64% | -9,25% | -9,25% | -9,25%",,7ddías,510.171,514.866 | 522.613 | 529.435 | 562.164 | 562.164 | 562.164,Delantero
Laporte,Athletic,-804.234 | -1.803.644 | -2.653.552 | -6.783.801 | -9.218.685 | +17.644.565,"-1,59% | -3,50% | -5,07% | -12,01% | -15,65% | +55,04%",,11ddías,49.704.407,50.508.641 | 51.508.051 | 52.357.959 | 56.488.208 | 58.923.092 | 32.059.842,Defensa
Koski,Alavés,+115.541 | +238.166 | +310.221 | +369.681 | +350.097 | +350.097,"+11,13% | +26,03% | +36,80% | +47,18% | +43,59% | +43,59%",,6ddías,1.153.186,1.037.645 | 915.020 | 842.965 | 783.505 | 803.089 | 803.089,Defensa
Mesonero,Real Madrid,0 | 0 | 0 | 0 | 0 | 0,"0,00% | 0,00% | 0,00% | 0,00% | 0,00% | 0,00%",,42ddías,702.606,702.606 | 702.606 | 702.606 | 702.606 | 702.606 | 702.606,Mediocampista
Romero,Getafe,-128.341 | -298.449 | -499.336 | -1.636.228 | -2.690.502 | -2.690.502,"-0,47% | -1,08% | -1,79% | -5,63% | -8,93% | -8,93%",,4ddías,27.425.764,27.554.105 | 27.724.213 | 27.925.100 | 29.061.992 | 30.116.266 | 30.116.266,Defensa
Boselli,Getafe,-63.812 | -137.983 | -212.163 | -425.118 | -526.969 | -526.969,"-2,63% | -5,51% | -8,23% | -15,23% | -18,21% | -18,21%",,8ddías,2.367.030,2.430.842 | 2.505.013 | 2.579.193 | 2.792.148 | 2.893.999 | 2.893.999,Defensa
Ángel Pérez,Alavés,-22.792 | -64.195 | -131.332 | -412.782 | -1.208.725 | -4.213.109,"-0,36% | -0,99% | -2,01% | -6,06% | -15,89% | -39,71%",,45ddías,6.395.795,6.418.587 | 6.459.990 | 6.527.127 | 6.808.577 | 7.604.520 | 10.608.904,Delantero
Cepeda,Elche,-14.341 | -29.242 | -42.259 | -67.324 | -165.521 | -616.867,"-1,39% | -2,79% | -3,98% | -6,19% | -13,95% | -37,67%",,5ddías,1.020.586,1.034.927 | 1.049.828 | 1.062.845 | 1.087.910 | 1.186.107 | 1.637.453,Delantero
Freeman,Villarreal,-43.210 | -100.343 | -157.219 | -313.713 | -639.816 | -1.587.565,"-1,92% | -4,35% | -6,65% | -12,45% | -22,48% | -41,84%",,45ddías,2.206.382,2.249.592 | 2.306.725 | 2.363.601 | 2.520.095 | 2.846.198 | 3.793.947,Defensa
Fidalgo,Betis,-38.730 | -93.345 | -127.720 | -257.112 | -586.699 | -1.534.638,"-1,54% | -3,63% | -4,90% | -9,40% | -19,14% | -38,25%",,42ddías,2.477.868,2.516.598 | 2.571.213 | 2.605.588 | 2.734.980 | 3.064.567 | 4.012.506,Mediocampista
Satriano,Getafe,-440.986 | -1.109.470 | -1.733.217 | -3.837.578 | +24.388.043 | +24.388.043,"-1,51% | -3,72% | -5,69% | -11,79% | 0% | 0%",,7ddías,28.724.469,29.165.455 | 29.833.939 | 30.457.686 | 32.562.047 | 0 | 0,Delantero
Tete Morente,Elche,-30.938 | -70.111 | -116.357 | -295.448 | -676.804 | -1.954.641,"-1,75% | -3,88% | -6,27% | -14,53% | -28,02% | -52,93%",,45ddías,1.738.203,1.769.141 | 1.808.314 | 1.854.560 | 2.033.651 | 2.415.007 | 3.692.844,Delantero
Lookman,Atlético,-900.944 | -2.094.367 | -3.245.334 | -6.893.222 | -932.719 | +23.096.344,"-1,24% | -2,83% | -4,32% | -8,76% | -1,28% | +47,39%",,8ddías,71.833.427,72.734.371 | 73.927.794 | 75.078.761 | 78.726.649 | 72.766.146 | 48.737.083,Delantero
Vargas,Atlético,-14.193 | -32.942 | -49.941 | -101.321 | -234.421 | -724.847,"-1,82% | -4,13% | -6,13% | -11,70% | -23,46% | -48,66%",,45ddías,764.720,778.913 | 797.662 | 814.661 | 866.041 | 999.141 | 1.489.567,Mediocampista
Vecino,Celta,-45.778 | -99.664 | -151.805 | -347.808 | -783.202 | -2.261.671,"-2,51% | -5,30% | -7,85% | -16,33% | -30,54% | -55,94%",,45ddías,1.781.687,1.827.465 | 1.881.351 | 1.933.492 | 2.129.495 | 2.564.889 | 4.043.358,Mediocampista
Sangaré,Elche,+36.301 | +58.161 | +25.855 | -106.225 | -247.669 | -247.669,"+0,97% | +1,57% | +0,69% | -2,74% | -6,17% | -6,17%",,2ddías,3.767.832,3.731.531 | 3.709.671 | 3.741.977 | 3.874.057 | 4.015.501 | 4.015.501,Defensa
Lamini Fati,Real Madrid,0 | 0 | 0 | 0 | 0 | 0,"0,00% | 0,00% | 0,00% | 0,00% | 0,00% | 0,00%",,42ddías,677.955,677.955 | 677.955 | 677.955 | 677.955 | 677.955 | 677.955,Defensa
Antañón,Celta,0 | 0 | 0 | 0 | 0 | 0,"0,00% | 0,00% | 0,00% | 0,00% | 0,00% | 0,00%",,42ddías,581.700,581.700 | 581.700 | 581.700 | 581.700 | 581.700 | 581.700,Mediocampista
A. Riquelme,Getafe,0 | 0 | 0 | 0 | 0 | 0,"0,00% | 0,00% | 0,00% | 0,00% | 0,00% | 0,00%",,42ddías,602.324,602.324 | 602.324 | 602.324 | 602.324 | 602.324 | 602.324,Mediocampista
Álex Sánchez,Elche,0 | 0 | 0 | 0 | 0 | 0,"0,00% | 0,00% | 0,00% | 0,00% | 0,00% | 0,00%",,42ddías,602.324,602.324 | 602.324 | 602.324 | 602.324 | 602.324 | 602.324,Mediocampista
Hierro,Athletic,0 | 0 | 0 | 0 | 0 | 0,"0,00% | 0,00% | 0,00% | 0,00% | 0,00% | 0,00%",,42ddías,602.257,602.257 | 602.257 | 602.257 | 602.257 | 602.257 | 602.257,Delantero
Ferran,Espanyol,0 | 0 | 0 | 0 | 0 | 0,"0,00% | 0,00% | 0,00% | 0,00% | 0,00% | 0,00%",,42ddías,602.248,602.248 | 602.248 | 602.248 | 602.248 | 602.248 | 602.248,Mediocampista
Dani Martínez,Atlético,0 | 0 | 0 | 0 | -16.861 | -75.422,"0,00% | 0,00% | 0,00% | 0,00% | -3,90% | -15,37%",,8ddías,415.311,415.311 | 415.311 | 415.311 | 415.311 | 432.172 | 490.733,Defensa
Boñar,Atlético,0 | 0 | 0 | 0 | -25.138 | -122.137,"0,00% | 0,00% | 0,00% | 0,00% | -5,35% | -21,53%",,8ddías,445.140,445.140 | 445.140 | 445.140 | 445.140 | 470.278 | 567.277,Defensa
Puric,Atlético,0 | 0 | 0 | 0 | -22.289 | -111.269,"0,00% | 0,00% | 0,00% | 0,00% | -4,88% | -20,37%",,8ddías,434.872,434.872 | 434.872 | 434.872 | 434.872 | 457.161 | 546.141,Defensa
Marqués,Barcelona,0 | 0 | 0 | 0 | 0 | 0,"0,00% | 0,00% | 0,00% | 0,00% | 0,00% | 0,00%",,42ddías,602.319,602.319 | 602.319 | 602.319 | 602.319 | 602.319 | 602.319,Defensa
Arcos,Celta,0 | 0 | 0 | 0 | 0 | 0,"0,00% | 0,00% | 0,00% | 0,00% | 0,00% | 0,00%",,42ddías,602.257,602.257 | 602.257 | 602.257 | 602.257 | 602.257 | 602.257,Mediocampista
Cestero,Real Madrid,0 | 0 | 0 | 0 | 0 | 0,"0,00% | 0,00% | 0,00% | 0,00% | 0,00% | 0,00%",,42ddías,602.234,602.234 | 602.234 | 602.234 | 602.234 | 602.234 | 602.234,Mediocampista
Montes,Getafe,0 | 0 | 0 | 0 | 0 | 0,"0,00% | 0,00% | 0,00% | 0,00% | 0,00% | 0,00%",,42ddías,602.319,602.319 | 602.319 | 602.319 | 602.319 | 602.319 | 602.319,Defensa
Tunde,Levante,-221.527 | -466.055 | -736.700 | -1.022.801 | -1.022.801 | -1.022.801,"-2,87% | -5,84% | -8,93% | -11,99% | -11,99% | -11,99%",,4ddías,7.509.091,7.730.618 | 7.975.146 | 8.245.791 | 8.531.892 | 8.531.892 | 8.531.892,Mediocampista
Burcio,Celta,0 | 0 | 0 | 0 | 0 | 0,"0,00% | 0,00% | 0,00% | 0,00% | 0,00% | 0,00%",,42ddías,602.257,602.257 | 602.257 | 602.257 | 602.257 | 602.257 | 602.257,Mediocampista
Kita,R. Sociedad B,0 | 0 | 0 | 0 | 0 | 0,"0,00% | 0,00% | 0,00% | 0,00% | 0,00% | 0,00%",,42ddías,602.234,602.234 | 602.234 | 602.234 | 602.234 | 602.234 | 602.234,Defensa
Astiazaran,R. Sociedad B,0 | 0 | 0 | 0 | 0 | 0,"0,00% | 0,00% | 0,00% | 0,00% | 0,00% | 0,00%",,42ddías,602.257,602.257 | 602.257 | 602.257 | 602.257 | 602.257 | 602.257,Mediocampista
Aguirre,R. Sociedad B,0 | 0 | 0 | 0 | 0 | 0,"0,00% | 0,00% | 0,00% | 0,00% | 0,00% | 0,00%",,42ddías,602.257,602.257 | 602.257 | 602.257 | 602.257 | 602.257 | 602.257,Mediocampista
Fontanet,Valencia,0 | 0 | 0 | 0 | 0 | 0,"0,00% | 0,00% | 0,00% | 0,00% | 0,00% | 0,00%",,42ddías,581.987,581.987 | 581.987 | 581.987 | 581.987 | 581.987 | 581.987,Defensa
Gaitán,Villarreal,0 | 0 | 0 | 0 | 0 | 0,"0,00% | 0,00% | 0,00% | 0,00% | 0,00% | 0,00%",,42ddías,602.292,602.292 | 602.292 | 602.292 | 602.292 | 602.292 | 602.292,Mediocampista
Manuel Ángel,Real Madrid,0 | 0 | 0 | 0 | 0 | 0,"0,00% | 0,00% | 0,00% | 0,00% | 0,00% | 0,00%",,42ddías,702.606,702.606 | 702.606 | 702.606 | 702.606 | 702.606 | 702.606,Mediocampista
Julio Díaz,Sevilla,-2.075 | -7.093 | -11.072 | -30.706 | -30.706 | -32.176,"-0,46% | -1,56% | -2,42% | -6,42% | -6,42% | -6,71%",,7ddías,447.284,449.359 | 454.377 | 458.356 | 477.990 | 477.990 | 479.460,Defensa
Santos,Athletic,0 | 0 | 0 | 0 | 0 | 0,"0,00% | 0,00% | 0,00% | 0,00% | 0,00% | 0,00%",,42ddías,702.606,702.606 | 702.606 | 702.606 | 702.606 | 702.606 | 702.606,Portero
Alemão,Rayo,-68.904 | -154.170 | -237.688 | -383.105 | -801.794 | -2.114.940,"-2,02% | -4,41% | -6,64% | -10,28% | -19,34% | -38,74%",,45ddías,3.344.584,3.413.488 | 3.498.754 | 3.582.272 | 3.727.689 | 4.146.378 | 5.459.524,Delantero
Morcillo,Elche,0 | 0 | 0 | 0 | 0 | 0,"0,00% | 0,00% | 0,00% | 0,00% | 0,00% | 0,00%",,42ddías,702.702,702.702 | 702.702 | 702.702 | 702.702 | 702.702 | 702.702,Mediocampista
Gorrotxategi,Real Sociedad,-87.753 | -235.589 | -412.694 | -1.073.383 | -2.462.872 | -4.484.318,"-1,53% | -4,01% | -6,81% | -15,98% | -30,38% | -44,28%",,38ddías,5.643.566,5.731.319 | 5.879.155 | 6.056.260 | 6.716.949 | 8.106.438 | 10.127.884,Mediocampista
Dituro,Elche,+156.605 | +300.667 | +403.374 | +876.086 | +1.478.207 | +782.141,"+1,99% | +3,89% | +5,29% | +12,24% | +22,55% | +10,78%",,14ddías,8.034.436,7.877.831 | 7.733.769 | 7.631.062 | 7.158.350 | 6.556.229 | 7.252.295,Portero
Dolan,Espanyol,+356.942 | +761.817 | +1.062.985 | +1.036.940 | +655.746 | -874.084,"+5,33% | +12,11% | +17,74% | +17,23% | +10,25% | -11,02%",,3ddías,7.055.065,6.698.123 | 6.293.248 | 5.992.080 | 6.018.125 | 6.399.319 | 7.929.149,Delantero
Roger BruguéBrugui,Levante,-46.964 | -109.261 | -172.453 | -451.333 | -974.967 | -2.597.690,"-2,35% | -5,30% | -8,12% | -18,78% | -33,30% | -57,09%",,46ddías,1.952.453,1.999.417 | 2.061.714 | 2.124.906 | 2.403.786 | 2.927.420 | 4.550.143,Delantero
Jorge Cabello,Levante,-14.726 | -32.922 | -50.629 | -122.870 | -296.796 | +174.038,"-1,92% | -4,20% | -6,32% | -14,06% | -28,33% | 0%",,22ddías,750.914,765.640 | 783.836 | 801.543 | 873.784 | 1.047.710 | 0,Defensa
C. Álvarez,Levante,-326.634 | -741.141 | -1.059.558 | -945.523 | +509.068 | +5.804.118,"-1,72% | -3,82% | -5,37% | -4,82% | +2,80% | +45,09%",,4ddías,18.676.982,19.003.616 | 19.418.123 | 19.736.540 | 19.622.505 | 18.167.914 | 12.872.864,Mediocampista
Oriol Rey,Levante,+19.779 | +31.703 | +43.417 | +3.604 | -122.660 | -583.019,"+2,68% | +4,37% | +6,09% | +0,48% | -13,95% | -43,51%",,3ddías,756.820,737.041 | 725.117 | 713.403 | 753.216 | 879.480 | 1.339.839,Mediocampista
Ugrinic,Valencia,-31.036 | -87.527 | -145.239 | -210.973 | -695.008 | -2.762.994,"-0,84% | -2,34% | -3,83% | -5,47% | -16,01% | -43,11%",,5ddías,3.645.472,3.676.508 | 3.732.999 | 3.790.711 | 3.856.445 | 4.340.480 | 6.408.466,Mediocampista
Deossa,Betis,-18.389 | -30.538 | -34.027 | +69.381 | +263.277 | -579.933,"-0,88% | -1,45% | -1,61% | +3,45% | +14,47% | -21,78%",,3ddías,2.082.383,2.100.772 | 2.112.921 | 2.116.410 | 2.013.002 | 1.819.106 | 2.662.316,Mediocampista
Bigas,Elche,-122.843 | -266.655 | -395.034 | -907.110 | -1.891.096 | -3.944.521,"-2,65% | -5,57% | -8,04% | -16,72% | -29,50% | -46,61%",,40ddías,4.518.837,4.641.680 | 4.785.492 | 4.913.871 | 5.425.947 | 6.409.933 | 8.463.358,Defensa
Redondo,Elche,+45.071 | +73.060 | +57.615 | +4.336 | -144.753 | -702.003,"+5,21% | +8,73% | +6,76% | +0,48% | -13,72% | -43,54%",,2ddías,910.293,865.222 | 837.233 | 852.678 | 905.957 | 1.055.046 | 1.612.296,Mediocampista
Pinillos,Alavés,0 | 0 | 0 | 0 | 0 | 0,"0,00% | 0,00% | 0,00% | 0,00% | 0,00% | 0,00%",,42ddías,501.929,501.929 | 501.929 | 501.929 | 501.929 | 501.929 | 501.929,Mediocampista
Rego,Athletic,-114.076 | -276.117 | -446.504 | -446.504 | -446.504 | -446.504,"-2,43% | -5,69% | -8,90% | -8,90% | -8,90% | -8,90%",,3ddías,4.572.321,4.686.397 | 4.848.438 | 5.018.825 | 5.018.825 | 5.018.825 | 5.018.825,Defensa
Esquivel,Atlético,0 | 0 | 0 | 0 | 0 | 0,"0,00% | 0,00% | 0,00% | 0,00% | 0,00% | 0,00%",,42ddías,602.292,602.292 | 602.292 | 602.292 | 602.292 | 602.292 | 602.292,Portero
Manu Fernández,Celta,+137 | -2.578 | -4.158 | -13.639 | -33.452 | -95.247,"+0,03% | -0,65% | -1,04% | -3,34% | -7,82% | -19,46%",,1ddías,394.213,394.076 | 396.791 | 398.371 | 407.852 | 427.665 | 489.460,Defensa
Ali Houary,Elche,-52.894 | -130.347 | +1.596.233 | +1.596.233 | +1.596.233 | +1.596.233,"-2,36% | -5,62% | 0% | 0% | 0% | 0%",,2ddías,2.187.122,2.240.016 | 2.317.469 | 0 | 0 | 0 | 0,Delantero
Junior,Betis,-55.001 | -120.934 | -187.616 | -407.645 | -958.838 | -2.823.973,"-1,69% | -3,65% | -5,55% | -11,32% | -23,10% | -46,94%",,45ddías,3.191.898,3.246.899 | 3.312.832 | 3.379.514 | 3.599.543 | 4.150.736 | 6.015.871,Defensa
Valentín Gómez,Betis,-28.921 | -65.864 | -97.397 | -198.005 | -447.871 | -1.275.903,"-1,75% | -3,90% | -5,66% | -10,87% | -21,62% | -44,01%",,45ddías,1.623.274,1.652.195 | 1.689.138 | 1.720.671 | 1.821.279 | 2.071.145 | 2.899.177,Defensa
Joselu,Getafe,0 | 0 | 0 | 0 | 0 | 0,"0,00% | 0,00% | 0,00% | 0,00% | 0,00% | 0,00%",,42ddías,602.319,602.319 | 602.319 | 602.319 | 602.319 | 602.319 | 602.319,Delantero
Salinas,Málaga,-3.337 | -16.363 | -24.529 | -47.367 | -70.446 | -299.393,"-0,33% | -1,61% | -2,40% | -4,52% | -6,58% | -23,05%",,4ddías,999.624,1.002.961 | 1.015.987 | 1.024.153 | 1.046.991 | 1.070.070 | 1.299.017,Defensa
Febas,Celta,-93.049 | -133.411 | -39.361 | +752.330 | +200.294 | -670.162,"-0,38% | -0,54% | -0,16% | +3,18% | +0,83% | -2,67%",,2ddías,24.426.726,24.519.775 | 24.560.137 | 24.466.087 | 23.674.396 | 24.226.432 | 25.096.888,Mediocampista
Affengruber,Elche,-307.101 | -713.328 | -1.266.280 | -2.416.889 | -377.900 | +8.812.610,"-0,98% | -2,25% | -3,93% | -7,24% | -1,21% | +39,75%",,8ddías,30.980.763,31.287.864 | 31.694.091 | 32.247.043 | 33.397.652 | 31.358.663 | 22.168.153,Defensa
Á. Núñez,Celta,-56.507 | -126.688 | -184.493 | -379.080 | -833.003 | -2.397.483,"-1,64% | -3,61% | -5,17% | -10,08% | -19,76% | -41,48%",,42ddías,3.381.996,3.438.503 | 3.508.684 | 3.566.489 | 3.761.076 | 4.214.999 | 5.779.479,Defensa
Santiago,Elche,-4.808 | -12.674 | -19.619 | -52.892 | -124.942 | -380.424,"-0,93% | -2,41% | -3,68% | -9,35% | -19,59% | -42,59%",,45ddías,512.891,517.699 | 525.565 | 532.510 | 565.783 | 637.833 | 893.315,Mediocampista
Aguado,Elche,+205.103 | +400.074 | +380.330 | +397.920 | +295.865 | -604.792,"+5,59% | +11,51% | +10,88% | +11,44% | +8,26% | -13,50%",,2ddías,3.875.623,3.670.520 | 3.475.549 | 3.495.293 | 3.477.703 | 3.579.758 | 4.480.415,Mediocampista
De la Fuente,Levante,-244.386 | -552.846 | -998.621 | -1.469.653 | -1.469.653 | -1.469.653,"-1,91% | -4,21% | -7,35% | -10,46% | -10,46% | -10,46%",,4ddías,12.582.875,12.827.261 | 13.135.721 | 13.581.496 | 14.052.528 | 14.052.528 | 14.052.528,Defensa
Iván Romero,Levante,-84.668 | -189.863 | -259.340 | +84.868 | +232.960 | -527.138,"-1,17% | -2,59% | -3,50% | +1,20% | +3,37% | -6,87%",,3ddías,7.143.202,7.227.870 | 7.333.065 | 7.402.542 | 7.058.334 | 6.910.242 | 7.670.340,Delantero
Huijsen,Real Madrid,+912.530 | +1.946.971 | +2.799.818 | +5.194.530 | +3.098.208 | -3.513.160,"+2,61% | +5,73% | +8,46% | +16,92% | +9,44% | -8,91%",,9ddías,35.902.098,34.989.568 | 33.955.127 | 33.102.280 | 30.707.568 | 32.803.890 | 39.415.258,Defensa
Martim Neto,Elche,+15.975 | +18.386 | -6.791 | -90.687 | -269.845 | -698.587,"+1,01% | +1,16% | -0,42% | -5,35% | -14,40% | -30,33%",,2ddías,1.604.645,1.588.670 | 1.586.259 | 1.611.436 | 1.695.332 | 1.874.490 | 2.303.232,Mediocampista
Alexander-Arnold,Real Madrid,-78.422 | -188.822 | -354.247 | -1.271.751 | -3.191.060 | -9.839.072,"-0,35% | -0,84% | -1,57% | -5,40% | -12,53% | -30,65%",,45ddías,22.266.350,22.344.772 | 22.455.172 | 22.620.597 | 23.538.101 | 25.457.410 | 32.105.422,Defensa
Jonny,Alavés,+223.588 | +411.049 | +540.789 | +537.776 | +225.901 | -1.314.972,"+3,87% | +7,36% | +9,91% | +9,85% | +3,91% | -17,98%",,4ddías,5.999.177,5.775.589 | 5.588.128 | 5.458.388 | 5.461.401 | 5.773.276 | 7.314.149,Defensa
Rincón,Athletic,-47.330 | -150.601 | +1.280.764 | +1.280.764 | +1.280.764 | +1.280.764,"-1,58% | -4,87% | 0% | 0% | 0% | 0%",,2ddías,2.939.357,2.986.687 | 3.089.958 | 0 | 0 | 0 | 0,Defensa
Luiz Felipe,Rayo,-90.215 | -176.229 | -266.277 | -726.741 | -726.741 | -726.741,"-2,59% | -4,94% | -7,29% | -17,66% | -17,66% | -17,66%",,7ddías,3.388.536,3.478.751 | 3.564.765 | 3.654.813 | 4.115.277 | 4.115.277 | 4.115.277,Defensa
Sivera,Alavés,+666.381 | +1.289.522 | +1.817.030 | +2.740.246 | +6.707.380 | +15.513.625,"+2,01% | +3,96% | +5,68% | +8,81% | +24,73% | +84,71%",,43ddías,33.828.104,33.161.723 | 32.538.582 | 32.011.074 | 31.087.858 | 27.120.724 | 18.314.479,Portero
Fortea,Real Madrid,0 | 0 | 0 | 0 | 0 | 0,"0,00% | 0,00% | 0,00% | 0,00% | 0,00% | 0,00%",,42ddías,802.099,802.099 | 802.099 | 802.099 | 802.099 | 802.099 | 802.099,Defensa
Jutglà,Celta,+14.912 | +23.989 | +43.096 | +296.850 | +333.496 | -1.434.009,"+0,16% | +0,25% | +0,45% | +3,20% | +3,61% | -13,03%",,10ddías,9.571.741,9.556.829 | 9.547.752 | 9.528.645 | 9.274.891 | 9.238.245 | 11.005.750,Delantero
Hinojo,Espanyol,-136.365 | -300.855 | -560.072 | +7.021.397 | +7.021.397 | +7.021.397,"-1,82% | -3,94% | -7,09% | 0% | 0% | 0%",,3ddías,7.337.523,7.473.888 | 7.638.378 | 7.897.595 | 0 | 0 | 0,Defensa
Víctor García,Levante,-36.075 | -83.180 | -125.742 | -236.068 | -601.129 | -1.950.976,"-1,94% | -4,37% | -6,46% | -11,48% | -24,83% | -51,73%",,45ddías,1.820.323,1.856.398 | 1.903.503 | 1.946.065 | 2.056.391 | 2.421.452 | 3.771.299,Defensa
Diangana,Elche,-26.923 | -57.825 | -88.767 | -227.527 | -422.563 | -956.617,"-2,51% | -5,25% | -7,84% | -17,90% | -28,82% | -47,82%",,45ddías,1.043.651,1.070.574 | 1.101.476 | 1.132.418 | 1.271.178 | 1.466.214 | 2.000.268,Delantero
Sancris,Getafe,-7.781 | -18.743 | -28.914 | -76.491 | -179.945 | -551.399,"-1,31% | -3,11% | -4,72% | -11,58% | -23,55% | -48,55%",,45ddías,584.237,592.018 | 602.980 | 613.151 | 660.728 | 764.182 | 1.135.636,Delantero
Suazo,Sevilla,-63.579 | -152.292 | -215.969 | -232.596 | -530.947 | -2.071.497,"-1,22% | -2,87% | -4,03% | -4,32% | -9,35% | -28,69%",,4ddías,5.148.564,5.212.143 | 5.300.856 | 5.364.533 | 5.381.160 | 5.679.511 | 7.220.061,Defensa
Ryan,Levante,+90.176 | +176.333 | -253.522 | -707.695 | -707.695 | -707.695,"+0,71% | +1,39% | -1,94% | -5,22% | -5,22% | -5,22%",,2ddías,12.842.957,12.752.781 | 12.666.624 | 13.096.479 | 13.550.652 | 13.550.652 | 13.550.652,Portero
Vlachodimos,Sevilla,+436.760 | +983.690 | +1.378.177 | +2.848.800 | +5.836.946 | +4.990.629,"+2,23% | +5,16% | +7,38% | +16,56% | +41,08% | +33,15%",,15ddías,20.047.108,19.610.348 | 19.063.418 | 18.668.931 | 17.198.308 | 14.210.162 | 15.056.479,Portero
Oluwaseyi,Villarreal,-62.135 | -134.809 | -208.986 | -401.946 | -844.087 | -2.350.725,"-2,45% | -5,16% | -7,78% | -13,96% | -25,42% | -48,69%",,45ddías,2.477.113,2.539.248 | 2.611.922 | 2.686.099 | 2.879.059 | 3.321.200 | 4.827.838,Delantero
Montero,Alavés,0 | 0 | 0 | 0 | 0 | 0,"0,00% | 0,00% | 0,00% | 0,00% | 0,00% | 0,00%",,42ddías,602.316,602.316 | 602.316 | 602.316 | 602.316 | 602.316 | 602.316,Portero
Riedel,Espanyol,+152.095 | +360.639 | +471.695 | +198.291 | -397.035 | -589.363,"+3,18% | +7,89% | +10,58% | +4,19% | -7,45% | -10,68%",,3ddías,4.931.255,4.779.160 | 4.570.616 | 4.459.560 | 4.732.964 | 5.328.290 | 5.520.618,Defensa
Carlos Soler,Real Sociedad,+285.075 | +567.518 | +831.708 | +2.059.085 | +1.774.151 | -3.068.006,"+0,87% | +1,75% | +2,58% | +6,65% | +5,68% | -8,50%",,9ddías,33.034.508,32.749.433 | 32.466.990 | 32.202.800 | 30.975.423 | 31.260.357 | 36.102.514,Mediocampista
Sierra,Sevilla,+69.057 | +142.684 | +133.329 | +123.789 | +123.789 | +123.789,"+10,51% | +24,46% | +22,49% | +20,55% | +20,55% | +20,55%",,2ddías,726.073,657.016 | 583.389 | 592.744 | 602.284 | 602.284 | 602.284,Delantero
Folgado,Real Sociedad,0 | 0 | 0 | 0 | 0 | 0,"0,00% | 0,00% | 0,00% | 0,00% | 0,00% | 0,00%",,42ddías,702.606,702.606 | 702.606 | 702.606 | 702.606 | 702.606 | 702.606,Portero
Álex Costa,Sevilla,0 | 0 | 0 | 0 | 0 | 0,"0,00% | 0,00% | 0,00% | 0,00% | 0,00% | 0,00%",,42ddías,602.284,602.284 | 602.284 | 602.284 | 602.284 | 602.284 | 602.284,Delantero
Oso,Sevilla,-193.573 | -444.435 | -658.180 | -1.169.527 | -1.660.506 | -1.660.506,"-1,54% | -3,46% | -5,04% | -8,62% | -11,82% | -11,82%",,4ddías,12.392.826,12.586.399 | 12.837.261 | 13.051.006 | 13.562.353 | 14.053.332 | 14.053.332,Defensa
Cardoso,Sevilla,-14.932 | -33.343 | -51.273 | -123.563 | -292.476 | -857.785,"-1,94% | -4,22% | -6,35% | -14,05% | -27,90% | -53,16%",,45ddías,755.866,770.798 | 789.209 | 807.139 | 879.429 | 1.048.342 | 1.613.651,Defensa
Navarro,Valencia,0 | 0 | 0 | 0 | 0 | 0,"0,00% | 0,00% | 0,00% | 0,00% | 0,00% | 0,00%",,42ddías,501.909,501.909 | 501.909 | 501.909 | 501.909 | 501.909 | 501.909,Defensa
Mikautadze,Villarreal,+698.334 | +1.270.649 | +1.740.112 | +3.552.213 | +10.068.488 | +14.106.201,"+1,09% | +2,00% | +2,76% | +5,81% | +18,43% | +27,88%",,38ddías,64.701.417,64.003.083 | 63.430.768 | 62.961.305 | 61.149.204 | 54.632.929 | 50.595.216,Delantero
Krug,Levante,0 | 0 | 0 | 0 | 0 | 0,"0,00% | 0,00% | 0,00% | 0,00% | 0,00% | 0,00%",,42ddías,602.249,602.249 | 602.249 | 602.249 | 602.249 | 602.249 | 602.249,Defensa
Blázquez,Valencia,0 | 0 | 0 | 0 | 0 | 0,"0,00% | 0,00% | 0,00% | 0,00% | 0,00% | 0,00%",,42ddías,581.656,581.656 | 581.656 | 581.656 | 581.656 | 581.656 | 581.656,Delantero
Altozano,Sevilla,-7.029 | -17.208 | -26.563 | -36.103 | -36.103 | -36.103,"-1,23% | -2,95% | -4,48% | -5,99% | -5,99% | -5,99%",,4ddías,566.181,573.210 | 583.389 | 592.744 | 602.284 | 602.284 | 602.284,Mediocampista
Pablo CamposCuñat Campos,Levante,-19.441 | -46.498 | -62.256 | -132.845 | -274.710 | -325.294,"-1,96% | -4,57% | -6,02% | -12,03% | -22,05% | -25,09%",,18ddías,971.360,990.801 | 1.017.858 | 1.033.616 | 1.104.205 | 1.246.070 | 1.296.654,Portero
Rueda,Celta,+32.279 | +54.695 | +84.829 | +402.859 | +763.826 | +156.183,"+0,74% | +1,25% | +1,96% | +10,04% | +20,93% | +3,67%",,14ddías,4.413.428,4.381.149 | 4.358.733 | 4.328.599 | 4.010.569 | 3.649.602 | 4.257.245,Defensa
Toljan,Levante,-83.309 | -186.332 | -292.246 | -503.756 | -855.761 | -2.076.098,"-2,13% | -4,64% | -7,10% | -11,63% | -18,28% | -35,18%",,43ddías,3.826.019,3.909.328 | 4.012.351 | 4.118.265 | 4.329.775 | 4.681.780 | 5.902.117,Defensa
Carlos Espí,Real Madrid,+226.663 | +492.336 | +751.295 | +1.415.410 | +6.243.520 | +6.243.520,"+2,37% | +5,30% | +8,33% | +16,93% | 0% | 0%",,9ddías,9.774.649,9.547.986 | 9.282.313 | 9.023.354 | 8.359.239 | 0 | 0,Delantero
Cortés,Levante,-10.344 | -25.317 | -42.372 | -60.124 | -60.124 | -60.124,"-1,37% | -3,30% | -5,40% | -7,49% | -7,49% | -7,49%",,4ddías,742.876,753.220 | 768.193 | 785.248 | 803.000 | 803.000 | 803.000,Delantero
Primo,Levante,0 | 0 | 0 | 0 | 0 | 0,"0,00% | 0,00% | 0,00% | 0,00% | 0,00% | 0,00%",,42ddías,1.104.126,1.104.126 | 1.104.126 | 1.104.126 | 1.104.126 | 1.104.126 | 1.104.126,Portero
Vertrouwd,Rayo,-21.222 | -46.185 | -70.940 | -96.912 | -96.912 | -96.912,"-2,29% | -4,85% | -7,26% | -9,66% | -9,66% | -9,66%",,4ddías,906.813,928.035 | 952.998 | 977.753 | 1.003.725 | 1.003.725 | 1.003.725,Defensa
Becerra,Rayo,0 | 0 | 0 | 0 | 0 | 0,"0,00% | 0,00% | 0,00% | 0,00% | 0,00% | 0,00%",,42ddías,581.700,581.700 | 581.700 | 581.700 | 581.700 | 581.700 | 581.700,Mediocampista
Radu,Celta,-316.457 | -865.109 | -1.362.662 | -2.965.679 | -1.040.265 | +9.851.775,"-0,85% | -2,28% | -3,54% | -7,40% | -2,73% | +36,16%",,8ddías,37.095.939,37.412.396 | 37.961.048 | 38.458.601 | 40.061.618 | 38.136.204 | 27.244.164,Portero
Niculaesei,Elche,0 | 0 | 0 | 0 | 0 | 0,"0,00% | 0,00% | 0,00% | 0,00% | 0,00% | 0,00%",,42ddías,803.099,803.099 | 803.099 | 803.099 | 803.099 | 803.099 | 803.099,Defensa
Nacho Pérez,Levante,+9.862 | +17.455 | +8.889 | +229 | +229 | +229,"+1,72% | +3,09% | +1,55% | +0,04% | +0,04% | +0,04%",,2ddías,581.921,572.059 | 564.466 | 573.032 | 581.692 | 581.692 | 581.692,Defensa
Mendoza,Atlético,+173 | -10.489 | -22.307 | -37.435 | -96.054 | -351.328,"+0,02% | -1,26% | -2,65% | -4,37% | -10,49% | -30,00%",,1ddías,819.590,819.417 | 830.079 | 841.897 | 857.025 | 915.644 | 1.170.918,Mediocampista
Echegoyen,Osasuna,0 | 0 | 0 | 0 | 0 | 0,"0,00% | 0,00% | 0,00% | 0,00% | 0,00% | 0,00%",,42ddías,562.286,562.286 | 562.286 | 562.286 | 562.286 | 562.286 | 562.286,Mediocampista
Josan,Elche,-24.616 | -53.115 | -81.553 | -179.287 | -216.373 | -216.373,"-2,43% | -5,10% | -7,62% | -15,36% | -17,96% | -17,96%",,8ddías,988.277,1.012.893 | 1.041.392 | 1.069.830 | 1.167.564 | 1.204.650 | 1.204.650,Mediocampista
Davinchi,Getafe,-24.071 | -57.087 | -91.581 | +162.995 | -43.453 | -43.453,"-0,80% | -1,89% | -2,99% | +5,81% | -1,44% | -1,44%",,4ddías,2.968.150,2.992.221 | 3.025.237 | 3.059.731 | 2.805.155 | 3.011.603 | 3.011.603,Defensa
Thiago,Real Madrid,0 | 0 | 0 | 0 | 0 | 0,"0,00% | 0,00% | 0,00% | 0,00% | 0,00% | 0,00%",,42ddías,7.026.082,7.026.082 | 7.026.082 | 7.026.082 | 7.026.082 | 7.026.082 | 7.026.082,Mediocampista
Veiga,Villarreal,-702.666 | -1.550.973 | -2.342.200 | -4.286.591 | -7.670.743 | +2.219.198,"-1,90% | -4,09% | -6,06% | -10,55% | -17,43% | +6,50%",,13ddías,36.336.233,37.038.899 | 37.887.206 | 38.678.433 | 40.622.824 | 44.006.976 | 34.117.035,Defensa
Corralejo,Betis,0 | 0 | 0 | 0 | 0 | 0,"0,00% | 0,00% | 0,00% | 0,00% | 0,00% | 0,00%",,42ddías,602.248,602.248 | 602.248 | 602.248 | 602.248 | 602.248 | 602.248,Mediocampista
Ochieng,Real Sociedad,0 | 0 | 0 | 0 | 0 | 0,"0,00% | 0,00% | 0,00% | 0,00% | 0,00% | 0,00%",,42ddías,702.633,702.633 | 702.633 | 702.633 | 702.633 | 702.633 | 702.633,Mediocampista
Cubo,Atlético,0 | 0 | 0 | 0 | 0 | 0,"0,00% | 0,00% | 0,00% | 0,00% | 0,00% | 0,00%",,42ddías,602.316,602.316 | 602.316 | 602.316 | 602.316 | 602.316 | 602.316,Delantero
Bambo,Elche,-23.720 | -51.286 | -76.241 | -152.591 | -356.876 | +312.316,"-2,39% | -5,04% | -7,31% | -13,63% | -26,96% | 0%",,17ddías,966.781,990.501 | 1.018.067 | 1.043.022 | 1.119.372 | 1.323.657 | 0,Defensa
Enzo BardelliBardeli,Levante,-103.863 | -222.537 | -357.622 | 0 | 0 | 0,"-2,69% | -5,59% | -8,69% | 0% | 0% | 0%",,3ddías,3.758.026,3.861.889 | 3.980.563 | 4.115.648 | 0 | 0 | 0,Mediocampista
Fernando NiñoFer Niño,Elche,-269.797 | -591.047 | -834.647 | 0 | 0 | 0,"-1,92% | -4,11% | -5,70% | 0% | 0% | 0%",,6ddías,13.797.052,14.066.849 | 14.388.099 | 14.631.699 | 0 | 0 | 0,Delantero
Zabiri,Racing,-130.676 | -285.093 | -433.381 | 0 | 0 | 0,"-2,53% | -5,37% | -7,94% | 0% | 0% | 0%",,6ddías,5.026.939,5.157.615 | 5.312.032 | 5.460.320 | 0 | 0 | 0,Delantero
Ure,Sevilla,+66.743 | +140.553 | +171.299 | 0 | 0 | 0,"+0,56% | +1,18% | +1,44% | 0% | 0% | 0%",,3ddías,12.036.064,11.969.321 | 11.895.511 | 11.864.765 | 0 | 0 | 0,Delantero
Drkusic,Espanyol,-95.442 | -207.898 | -335.681 | 0 | 0 | 0,"-2,61% | -5,52% | -8,62% | 0% | 0% | 0%",,3ddías,3.557.499,3.652.941 | 3.765.397 | 3.893.180 | 0 | 0 | 0,Defensa
Timera,Espanyol,-9.781 | -22.826 | -35.167 | 0 | 0 | 0,"-1,52% | -3,48% | -5,27% | 0% | 0% | 0%",,3ddías,632.235,642.016 | 655.061 | 667.402 | 0 | 0 | 0,Defensa
José Ángel,Espanyol,-9.781 | -22.826 | -35.167 | 0 | 0 | 0,"-1,52% | -3,48% | -5,27% | 0% | 0% | 0%",,3ddías,632.235,642.016 | 655.061 | 667.402 | 0 | 0 | 0,Defensa
Usedo,Levante,-13.881 | -31.198 | -47.988 | 0 | 0 | 0,"-1,86% | -4,10% | -6,16% | 0% | 0% | 0%",,3ddías,730.648,744.529 | 761.846 | 778.636 | 0 | 0 | 0,Mediocampista
Asp Jensen,Deportivo,+34.501 | +35.287 | -64.372 | 0 | 0 | 0,"+0,56% | +0,58% | -1,04% | 0% | 0% | 0%",,2ddías,6.143.621,6.109.120 | 6.108.334 | 6.207.993 | 0 | 0 | 0,Mediocampista
Calatrava,Levante,-22.082 | -47.942 | -73.631 | 0 | 0 | 0,"-2,33% | -4,92% | -7,35% | 0% | 0% | 0%",,3ddías,927.472,949.554 | 975.414 | 1.001.103 | 0 | 0 | 0,Mediocampista
Marc Santos,Levante,-17.982 | -39.570 | -60.810 | 0 | 0 | 0,"-2,12% | -4,56% | -6,83% | 0% | 0% | 0%",,3ddías,829.059,847.041 | 868.629 | 889.869 | 0 | 0 | 0,Defensa
Galdin,Levante,-9.781 | -22.826 | -35.167 | 0 | 0 | 0,"-1,52% | -3,48% | -5,27% | 0% | 0% | 0%",,3ddías,632.235,642.016 | 655.061 | 667.402 | 0 | 0 | 0,Portero
Iván Alonso,Rayo,-5.680 | -14.454 | -22.346 | 0 | 0 | 0,"-1,05% | -2,64% | -4,02% | 0% | 0% | 0%",,3ddías,533.822,539.502 | 548.276 | 556.168 | 0 | 0 | 0,Delantero
Román,Rayo,-13.881 | -31.198 | -47.988 | 0 | 0 | 0,"-1,86% | -4,10% | -6,16% | 0% | 0% | 0%",,3ddías,730.648,744.529 | 761.846 | 778.636 | 0 | 0 | 0,Mediocampista
Ibra,Sevilla,-13.881 | -31.198 | -47.988 | 0 | 0 | 0,"-1,86% | -4,10% | -6,16% | 0% | 0% | 0%",,3ddías,730.648,744.529 | 761.846 | 778.636 | 0 | 0 | 0,Delantero
Guillén,Sevilla,-122.122 | -266.828 | -431.120 | 0 | 0 | 0,"-2,60% | -5,51% | -8,61% | 0% | 0% | 0%",,3ddías,4.574.397,4.696.519 | 4.841.225 | 5.005.517 | 0 | 0 | 0,Mediocampista
Buonanotte,Elche,-153.367 | -330.636 | -464.359 | 0 | 0 | 0,"-2,35% | -4,94% | -6,80% | 0% | 0% | 0%",,6ddías,6.362.364,6.515.731 | 6.693.000 | 6.826.723 | 0 | 0 | 0,Mediocampista
Ede,Deportivo,+113.081 | +222.483 | +217.520 | 0 | 0 | 0,"+3,94% | +8,06% | +7,86% | 0% | 0% | 0%",,2ddías,2.984.252,2.871.171 | 2.761.769 | 2.766.732 | 0 | 0 | 0,Defensa
Gerenabarrena,Athletic,-30.534 | -70.348 | 0 | 0 | 0 | 0,"-2,38% | -5,31% | 0% | 0% | 0% | 0%",,2ddías,1.253.920,1.284.454 | 1.324.268 | 0 | 0 | 0 | 0,Mediocampista
Angeliño,Deportivo,-211.120 | -406.801 | -389.011 | -635.668 | 0 | 0,"-1,38% | -2,62% | -2,51% | -4,04% | 0% | 0%",,2ddías,15.102.655,15.313.775 | 15.509.456 | 15.491.666 | 15.738.323 | 0 | 0,Defensa
Bernardo Silva,Real Madrid,+1.088.542 | +2.334.088 | +3.450.250 | +8.166.843 | +19.309.643 | 0,"+1,88% | +4,11% | +6,20% | +16,03% | +48,51% | 0%",,16ddías,59.118.333,58.029.791 | 56.784.245 | 55.668.083 | 50.951.490 | 39.808.690 | 0,Mediocampista
Amatucci,Deportivo,+257.011 | +397.919 | +472.284 | +1.263.571 | +990.783 | 0,"+1,93% | +3,02% | +3,61% | +10,27% | +7,88% | 0%",,10ddías,13.562.523,13.305.512 | 13.164.604 | 13.090.239 | 12.298.952 | 12.571.740 | 0,Mediocampista
De Haas,Valencia,-49.932 | -150.348 | -205.506 | +97.065 | +220.086 | 0,"-0,55% | -1,65% | -2,24% | +1,09% | +2,52% | 0%",,4ddías,8.965.644,9.015.576 | 9.115.992 | 9.171.150 | 8.868.579 | 8.745.558 | 0,Defensa
Dieng,Valencia,-109.354 | -235.233 | -360.298 | -786.827 | -1.569.072 | 0,"-2,59% | -5,41% | -8,05% | -16,05% | -27,60% | 0%",,14ddías,4.115.541,4.224.895 | 4.350.774 | 4.475.839 | 4.902.368 | 5.684.613 | 0,Mediocampista
Moscardo,Espanyol,-245.166 | -521.896 | -793.976 | -1.676.709 | 0 | 0,"-2,90% | -5,98% | -8,82% | -16,96% | 0% | 0%",,13ddías,8.207.670,8.452.836 | 8.729.566 | 9.001.646 | 9.884.379 | 0 | 0,Mediocampista
Gulacsi,Villarreal,-53.454 | -130.931 | -190.665 | -43.403 | 0 | 0,"-1,30% | -3,13% | -4,49% | -1,06% | 0% | 0%",,4ddías,4.052.020,4.105.474 | 4.182.951 | 4.242.685 | 4.095.423 | 0 | 0,Portero
Mikel Rodriguez,Alavés,+54.460 | +111.425 | +147.060 | +119.001 | 0 | 0,"+5,84% | +12,72% | +17,50% | +13,70% | 0% | 0%",,4ddías,987.322,932.862 | 875.897 | 840.262 | 868.321 | 0 | 0,Mediocampista
Marcos,Espanyol,-31.124 | -67.760 | -103.470 | -225.205 | 0 | 0,"-2,41% | -5,10% | -7,58% | -15,15% | 0% | 0%",,8ddías,1.261.050,1.292.174 | 1.328.810 | 1.364.520 | 1.486.255 | 0 | 0,Delantero
Grimaldo,Atlético,-33.230 | -97.328 | -233.843 | 0 | 0 | 0,"-0,07% | -0,21% | -0,50% | 0% | 0% | 0%",,6ddías,46.257.215,46.290.445 | 46.354.543 | 46.491.058 | 0 | 0 | 0,Defensa
Sazonov,Getafe,-29.091 | -62.251 | -95.545 | -206.803 | 0 | 0,"-2,59% | -5,38% | -8,02% | -15,88% | 0% | 0%",,7ddías,1.095.678,1.124.769 | 1.157.929 | 1.191.223 | 1.302.481 | 0 | 0,Defensa
Mangala,Getafe,+9.413 | -8.078 | -79.407 | -757.747 | 0 | 0,"+0,09% | -0,08% | -0,74% | -6,65% | 0% | 0%",,1ddías,10.638.969,10.629.556 | 10.647.047 | 10.718.376 | 11.396.716 | 0 | 0,Mediocampista
Andrés García,Getafe,-120.622 | -291.088 | -453.371 | -858.314 | 0 | 0,"-1,42% | -3,36% | -5,14% | -9,30% | 0% | 0%",,4ddías,8.367.599,8.488.221 | 8.658.687 | 8.820.970 | 9.225.913 | 0 | 0,Mediocampista
Pedro Felipe,Racing,-72.201 | -150.908 | -223.977 | -407.270 | 0 | 0,"-3,04% | -6,14% | -8,85% | -15,01% | 0% | 0%",,7ddías,2.306.233,2.378.434 | 2.457.141 | 2.530.210 | 2.713.503 | 0 | 0,Defensa
Y. Diomande,Real Madrid,-1.010.263 | -1.880.511 | -2.811.897 | -9.174.948 | 0 | 0,"-1,20% | -2,21% | -3,27% | -9,94% | 0% | 0%",,7ddías,83.084.186,84.094.449 | 84.964.697 | 85.896.083 | 92.259.134 | 0 | 0,Delantero
Sangante,Sevilla,+116.248 | +215.379 | +277.856 | -123.549 | 0 | 0,"+1,31% | +2,45% | +3,19% | -1,36% | 0% | 0%",,3ddías,8.993.824,8.877.576 | 8.778.445 | 8.715.968 | 9.117.373 | 0 | 0,Defensa
Valentini,Alavés,-28.758 | -61.724 | -94.816 | 0 | 0 | 0,"-2,57% | -5,35% | -7,99% | 0% | 0% | 0%",,6ddías,1.091.361,1.120.119 | 1.153.085 | 1.186.177 | 0 | 0 | 0,Defensa
Thiam,Villarreal,-22.082 | -47.942 | -73.631 | 0 | 0 | 0,"-2,33% | -4,92% | -7,35% | 0% | 0% | 0%",,3ddías,927.472,949.554 | 975.414 | 1.001.103 | 0 | 0 | 0,Mediocampista
Kang-In Lee,Atlético,-260.753 | -1.642.664 | 0 | 0 | 0 | 0,"-0,65% | -3,97% | 0% | 0% | 0% | 0%",,2ddías,39.740.713,40.001.466 | 41.383.377 | 0 | 0 | 0 | 0,Mediocampista
Calatrava,Espanyol,+35.783 | +63.222 | +94.485 | +269.488 | +678.624 | 0,"+0,88% | +1,57% | +2,37% | +7,07% | +19,94% | 0%",,20ddías,4.082.754,4.046.971 | 4.019.532 | 3.988.269 | 3.813.266 | 3.404.130 | 0,Delantero
Luis Castro,Levante,-30.469 | -65.064 | -99.853 | -256.594 | -599.724 | -375.196,"-2,63% | -5,45% | -8,13% | -18,52% | -34,70% | 0%",,25ddías,1.128.741,1.159.210 | 1.193.805 | 1.228.594 | 1.385.335 | 1.728.465 | 0,
Manuel Pellegrini,Betis,-128.369 | -270.766 | -410.407 | -1.010.241 | -2.144.512 | -3.251.225,"-3,30% | -6,71% | -9,82% | -21,15% | -36,28% | 0%",,27ddías,3.767.152,3.895.521 | 4.037.918 | 4.177.559 | 4.777.393 | 5.911.664 | 0,
Claudio Giráldez,Celta,-69.388 | -144.524 | -221.543 | -561.609 | -1.148.873 | -2.950.320,"-3,25% | -6,55% | -9,70% | -21,40% | -35,77% | 0%",,13ddías,2.062.806,2.132.194 | 2.207.330 | 2.284.349 | 2.624.415 | 3.211.679 | 0,
Antonio Hidalgo,Deportivo,-43.402 | -91.470 | -140.292 | -359.267 | -839.030 | -64.787,"-2,93% | -5,98% | -8,88% | -19,98% | -36,83% | 0%",,23ddías,1.439.150,1.482.552 | 1.530.620 | 1.579.442 | 1.798.417 | 2.278.180 | 0,
Martín Anselmi,Elche,-42.708 | -90.053 | -138.123 | -353.758 | -826.189 | 0,"-2,91% | -5,95% | -8,85% | -19,92% | -36,74% | 0%",,20ddías,1.422.496,1.465.204 | 1.512.549 | 1.560.619 | 1.776.254 | 2.248.685 | 0,
Manolo González,Espanyol,-25.312 | -54.536 | -83.729 | -215.660 | -503.264 | -498.957,"-2,46% | -5,15% | -7,69% | -17,67% | -33,37% | 0%",,26ddías,1.004.980,1.030.292 | 1.059.516 | 1.088.709 | 1.220.640 | 1.508.244 | 0,
Pepe Bordalás,Getafe,-1.487.126 | -3.039.073 | -4.654.436 | -11.820.066 | -27.538.441 | +31.075.401,"-3,96% | -7,77% | -11,42% | -24,67% | -43,28% | 0%",,15ddías,36.088.527,37.575.653 | 39.127.600 | 40.742.963 | 47.908.593 | 63.626.968 | 0,
Juan Funes,Málaga,-31.005 | -66.159 | -101.529 | -260.850 | -609.644 | +138.982,"-2,64% | -5,48% | -8,17% | -18,60% | -34,81% | 0%",,22ddías,1.141.607,1.172.612 | 1.207.766 | 1.243.136 | 1.402.457 | 1.751.251 | 0,
Diego Simeone,Atlético,-155.900 | -332.651 | -500.423 | -1.249.271 | -2.527.351 | -4.973.983,"-2,99% | -6,18% | -9,01% | -19,82% | -33,34% | 0%",,28ddías,5.052.271,5.208.171 | 5.384.922 | 5.552.694 | 6.301.542 | 7.579.622 | 0,
Luis Miguel Ramis,Osasuna,-36.474 | -77.325 | -118.630 | -304.269 | -710.843 | 0,"-2,79% | -5,73% | -8,53% | -19,29% | -35,83% | 0%",,21ddías,1.272.877,1.309.351 | 1.350.202 | 1.391.507 | 1.577.146 | 1.983.720 | 0,
José Alberto López,Racing,-19.572 | -42.817 | -65.782 | -170.096 | -398.117 | +65.132,"-2,21% | -4,70% | -7,05% | -16,40% | -31,46% | 0%",,23ddías,867.231,886.803 | 910.048 | 933.013 | 1.037.327 | 1.265.348 | 0,
Beñat San José,Rayo,-42.708 | -90.053 | -138.123 | -353.758 | -826.189 | 0,"-2,91% | -5,95% | -8,85% | -19,92% | -36,74% | 0%",,20ddías,1.422.496,1.465.204 | 1.512.549 | 1.560.619 | 1.776.254 | 2.248.685 | 0,
José Mourinho,Real Madrid,-399.499 | -815.606 | -1.229.337 | -3.095.849 | -7.100.333 | 0,"-3,22% | -6,35% | -9,27% | -20,47% | -37,12% | 0%",,22ddías,12.025.777,12.425.276 | 12.841.383 | 13.255.114 | 15.121.626 | 19.126.110 | 0,
Pellegrino Matarazzo,Real Sociedad,-122.306 | -252.565 | -387.003 | -968.313 | -2.193.452 | -1.680.287,"-3,54% | -7,04% | -10,40% | -22,51% | -39,69% | 0%",,25ddías,3.332.839,3.455.145 | 3.585.404 | 3.719.842 | 4.301.152 | 5.526.291 | 0,
Luis García,Sevilla,-15.962 | -35.446 | -54.494 | -141.436 | -331.317 | -21.520,"-2,00% | -4,34% | -6,53% | -15,34% | -29,80% | 0%",,24ddías,780.579,796.541 | 816.025 | 835.073 | 922.015 | 1.111.896 | 0,
Carlos Corberán,Valencia,-9.944 | -23.159 | -35.676 | -93.659 | -219.719 | -266.220,"-1,54% | -3,51% | -5,31% | -12,83% | -25,67% | 0%",,27ddías,636.141,646.085 | 659.300 | 671.817 | 729.800 | 855.860 | 0,
Hansi Flick,Barcelona,-236.972 | -504.532 | -767.136 | -1.902.319 | -3.487.314 | -6.372.265,"-2,66% | -5,50% | -8,13% | -18,00% | -28,69% | 0%",,13ddías,8.667.117,8.904.089 | 9.171.649 | 9.434.253 | 10.569.436 | 12.154.431 | 0,
Edin Terzic,Athletic,-260.290 | -534.283 | -818.444 | -2.071.268 | -4.824.269 | 0,"-3,77% | -7,44% | -10,97% | -23,76% | -42,06% | 0%",,21ddías,6.644.457,6.904.747 | 7.178.740 | 7.462.901 | 8.715.725 | 11.468.726 | 0,
Ortiz,Atlético,+14.715 | -20.684 | 0 | 0 | 0 | 0,"+1,25% | -1,70% | 0% | 0% | 0% | 0%",,1ddías,1.193.228,1.178.513 | 1.213.912 | 0 | 0 | 0 | 0,Delantero
Umaru,Elche,-14.290 | -32.033 | 0 | 0 | 0 | 0,"-1,89% | -4,15% | 0% | 0% | 0% | 0%",,2ddías,740.456,754.746 | 772.489 | 0 | 0 | 0 | 0,Delantero
Bayindir,Celta,-46.586 | -124.039 | 0 | 0 | 0 | 0,"-2,08% | -5,35% | 0% | 0% | 0% | 0%",,2ddías,2.193.430,2.240.016 | 2.317.469 | 0 | 0 | 0 | 0,Portero
Faye,Celta,-105.395 | -256.613 | 0 | 0 | 0 | 0,"-2,41% | -5,67% | 0% | 0% | 0% | 0%",,2ddías,4.267.969,4.373.364 | 4.524.582 | 0 | 0 | 0 | 0,Defensa
Gijselhart,Deportivo,-69.349 | -161.555 | 0 | 0 | 0 | 0,"-2,60% | -5,86% | 0% | 0% | 0% | 0%",,2ddías,2.597.336,2.666.685 | 2.758.891 | 0 | 0 | 0 | 0,Mediocampista
Kevin Sánchez,Deportivo,-18.528 | -40.685 | 0 | 0 | 0 | 0,"-2,15% | -4,61% | 0% | 0% | 0% | 0%",,2ddías,842.160,860.688 | 882.845 | 0 | 0 | 0 | 0,Delantero
Barzic,Elche,-14.290 | -32.033 | 0 | 0 | 0 | 0,"-1,89% | -4,15% | 0% | 0% | 0% | 0%",,2ddías,740.456,754.746 | 772.489 | 0 | 0 | 0 | 0,Defensa
Ponce,Elche,-49.291 | -111.176 | 0 | 0 | 0 | 0,"-2,72% | -5,93% | 0% | 0% | 0% | 0%",,2ddías,1.764.870,1.814.161 | 1.876.046 | 0 | 0 | 0 | 0,Delantero
Padilla,Elche,-26.945 | -60.137 | 0 | 0 | 0 | 0,"-2,39% | -5,19% | 0% | 0% | 0% | 0%",,2ddías,1.098.597,1.125.542 | 1.158.734 | 0 | 0 | 0 | 0,Delantero
Danfakha,Getafe,-9.781 | -22.826 | -35.167 | 0 | 0 | 0,"-1,52% | -3,48% | -5,27% | 0% | 0% | 0%",,3ddías,632.235,642.016 | 655.061 | 667.402 | 0 | 0 | 0,Delantero
Quique Sánchez,Alavés,-15.962 | -35.446 | -54.494 | -141.436 | -331.317 | -21.520,"-2,00% | -4,34% | -6,53% | -15,34% | -29,80% | 0%",,24ddías,780.579,796.541 | 816.025 | 835.073 | 922.015 | 1.111.896 | 0,
Dubasin,Osasuna,-306.311 | -804.222 | 0 | 0 | 0 | 0,"-2,13% | -5,40% | 0% | 0% | 0% | 0%",,2ddías,14.093.793,14.400.104 | 14.898.015 | 0 | 0 | 0 | 0,Delantero
Castellanos,Racing,-9.781 | -22.826 | -35.167 | 0 | 0 | 0,"-1,52% | -3,48% | -5,27% | 0% | 0% | 0%",,3ddías,632.235,642.016 | 655.061 | 667.402 | 0 | 0 | 0,Mediocampista
Lozano,Rayo,-9.781 | -22.826 | -35.167 | 0 | 0 | 0,"-1,52% | -3,48% | -5,27% | 0% | 0% | 0%",,3ddías,632.235,642.016 | 655.061 | 667.402 | 0 | 0 | 0,Defensa
Romero,Atlético,-1.574.320 | 0 | 0 | 0 | 0 | 0,"-3,20% | 0% | 0% | 0% | 0% | 0%",,1ddías,47.546.565,49.120.885 | 0 | 0 | 0 | 0 | 0,Defensa
Bernal,Betis,-367.342 | 0 | 0 | 0 | 0 | 0,"-3,20% | 0% | 0% | 0% | 0% | 0%",,1ddías,11.094.197,11.461.539 | 0 | 0 | 0 | 0 | 0,Mediocampista
Francho,Getafe,-94.460 | 0 | 0 | 0 | 0 | 0,"-3,21% | 0% | 0% | 0% | 0% | 0%",,1ddías,2.852.793,2.947.253 | 0 | 0 | 0 | 0 | 0,Mediocampista
Tsitaishvili,Rayo,-90.961 | 0 | 0 | 0 | 0 | 0,"-3,21% | 0% | 0% | 0% | 0% | 0%",,1ddías,2.747.134,2.838.095 | 0 | 0 | 0 | 0 | 0,Delantero
Hjulmand,Atlético,-388.417 | -541.317 | -523.338 | +1.137.883 | +2.805.248 | 0,"-1,06% | -1,47% | -1,42% | +3,24% | +8,38% | 0%",,2ddías,36.266.625,36.655.042 | 36.807.942 | 36.789.963 | 35.128.742 | 33.461.377 | 0,Mediocampista
Aubameyang,Deportivo,+1.629.764 | +3.859.871 | +4.865.698 | +9.036.825 | +17.958.304 | 0,"+4,42% | +11,14% | +14,46% | +30,66% | +87,39% | 0%",,21ddías,38.507.025,36.877.261 | 34.647.154 | 33.641.327 | 29.470.200 | 20.548.721 | 0,Delantero
Hugo Ríos,Deportivo,0 | 0 | 0 | 0 | 0 | 0,"0,00% | 0,00% | 0,00% | 0,00% | 0,00% | 0,00%",,42ddías,903.386,903.386 | 903.386 | 903.386 | 903.386 | 903.386 | 903.386,Portero
Céspedes,Málaga,0 | 0 | 0 | 0 | 0 | 0,"0,00% | 0,00% | 0,00% | 0,00% | 0,00% | 0,00%",,41ddías,401.498,401.498 | 401.498 | 401.498 | 401.498 | 401.498 | 401.498,Portero
Luismi,Deportivo,-141.187 | -293.029 | -345.731 | -269.475 | -513.355 | -2.650.855,"-2,44% | -4,94% | -5,78% | -4,56% | -8,34% | -31,98%",,4ddías,5.638.851,5.780.038 | 5.931.880 | 5.984.582 | 5.908.326 | 6.152.206 | 8.289.706,Delantero
Bil Nsongo,Deportivo,+73.425 | -137.199 | -359.585 | -359.585 | -359.585 | -359.585,"+1,21% | -2,18% | -5,51% | -5,51% | -5,51% | -5,51%",,1ddías,6.164.888,6.091.463 | 6.302.087 | 6.524.473 | 6.524.473 | 6.524.473 | 6.524.473,Delantero
Eddahchouri,Deportivo,-39.837 | -85.740 | -122.902 | -234.976 | -497.905 | -1.299.862,"-2,29% | -4,80% | -6,75% | -12,15% | -22,67% | -43,35%",,45ddías,1.698.715,1.738.552 | 1.784.455 | 1.821.617 | 1.933.691 | 2.196.620 | 2.998.577,Delantero
Osorio,Elche,-36.661 | -77.979 | -121.521 | -121.521 | -121.521 | -121.521,"-2,78% | -5,73% | -8,65% | -8,65% | -8,65% | -8,65%",,3ddías,1.283.904,1.320.565 | 1.361.883 | 1.405.425 | 1.405.425 | 1.405.425 | 1.405.425,Delantero
Herrero,Málaga,+49.641 | +85.441 | +165.093 | +589.031 | +1.329.360 | +2.339.761,"+0,59% | +1,01% | +1,97% | +7,41% | +18,45% | +37,77%",,13ddías,8.535.215,8.485.574 | 8.449.774 | 8.370.122 | 7.946.184 | 7.205.855 | 6.195.454,Portero
Carlos López,Málaga,+582 | -1.668 | -151 | -7.024 | -21.110 | -49.262,"+0,15% | -0,43% | -0,04% | -1,80% | -5,22% | -11,38%",,1ddías,383.516,382.934 | 385.184 | 383.667 | 390.540 | 404.626 | 432.778,Portero
Puga,Málaga,-46.811 | -133.748 | -204.477 | -381.651 | -814.445 | -2.374.900,"-0,93% | -2,62% | -3,96% | -7,14% | -14,10% | -32,37%",,40ddías,4.962.579,5.009.390 | 5.096.327 | 5.167.056 | 5.344.230 | 5.777.024 | 7.337.479,Defensa
Mario,Deportivo,+458.668 | +810.763 | +1.170.394 | +2.661.622 | +5.164.506 | +10.214.482,"+1,67% | +2,98% | +4,37% | +10,52% | +22,64% | +57,52%",,44ddías,27.972.084,27.513.416 | 27.161.321 | 26.801.690 | 25.310.462 | 22.807.578 | 17.757.602,Mediocampista
Murillo,Málaga,-52.243 | -111.981 | -163.871 | -411.603 | -936.810 | -2.558.400,"-2,83% | -5,87% | -8,37% | -18,65% | -34,29% | -58,77%",,45ddías,1.794.917,1.847.160 | 1.906.898 | 1.958.788 | 2.206.520 | 2.731.727 | 4.353.317,Defensa
Rafa GarridoRafita,Málaga,0 | 0 | 0 | 0 | 0 | 0,"0,00% | 0,00% | 0,00% | 0,00% | 0,00% | 0,00%",,41ddías,5.018.744,5.018.744 | 5.018.744 | 5.018.744 | 5.018.744 | 5.018.744 | 5.018.744,Defensa
Galilea,Málaga,-30.913 | -95.010 | -146.380 | -248.218 | -573.660 | -573.660,"-0,83% | -2,51% | -3,81% | -6,30% | -13,45% | -13,45%",,11ddías,3.692.272,3.723.185 | 3.787.282 | 3.838.652 | 3.940.490 | 4.265.932 | 4.265.932,Defensa
Dani Sánchez,Málaga,-11.154 | -25.630 | -39.461 | -98.626 | -228.996 | -634.851,"-1,65% | -3,71% | -5,60% | -12,91% | -25,61% | -48,83%",,45ddías,665.189,676.343 | 690.819 | 704.650 | 763.815 | 894.185 | 1.300.040,Defensa
Recio,Málaga,-7.307 | -23.600 | -40.166 | -40.166 | -40.166 | -40.166,"-1,01% | -3,21% | -5,34% | -5,34% | -5,34% | -5,34%",,3ddías,712.644,719.951 | 736.244 | 752.810 | 752.810 | 752.810 | 752.810,Defensa
Pastor,Málaga,+916 | -987 | -1.721 | -6.598 | -13.610 | -13.610,"+0,24% | -0,26% | -0,46% | -1,73% | -3,50% | -3,50%",,1ddías,375.506,374.590 | 376.493 | 377.227 | 382.104 | 389.116 | 389.116,Defensa
Arriaza,Málaga,0 | 0 | 0 | 0 | 0 | 0,"0,00% | 0,00% | 0,00% | 0,00% | 0,00% | 0,00%",,41ddías,401.498,401.498 | 401.498 | 401.498 | 401.498 | 401.498 | 401.498,Defensa
Patino,Deportivo,-3.699 | -10.410 | -16.152 | -43.762 | -96.666 | -301.569,"-0,75% | -2,10% | -3,21% | -8,26% | -16,58% | -38,28%",,45ddías,486.281,489.980 | 496.691 | 502.433 | 530.043 | 582.947 | 787.850,Mediocampista
Mella,Deportivo,-42.482 | -64.914 | -40.816 | +133.495 | +90.947 | -730.888,"-1,24% | -1,88% | -1,19% | +4,11% | +2,77% | -17,78%",,2ddías,3.380.128,3.422.610 | 3.445.042 | 3.420.944 | 3.246.633 | 3.289.181 | 4.111.016,Mediocampista
Merino,Málaga,-85.476 | -217.804 | -300.168 | -559.490 | -983.115 | -2.506.223,"-1,42% | -3,54% | -4,82% | -8,63% | -14,23% | -29,72%",,41ddías,5.927.091,6.012.567 | 6.144.895 | 6.227.259 | 6.486.581 | 6.910.206 | 8.433.314,Mediocampista
Noubi,Deportivo,+199.098 | +267.886 | +568.940 | +1.530.574 | +3.069.207 | +5.311.219,"+1,52% | +2,05% | +4,46% | +12,98% | +29,94% | +66,32%",,27ddías,13.319.138,13.120.040 | 13.051.252 | 12.750.198 | 11.788.564 | 10.249.931 | 8.007.919,Defensa
Puerto,Deportivo,0 | 0 | 0 | 0 | -1.307 | -8.880,"0,00% | 0,00% | 0,00% | 0,00% | -0,35% | -2,36%",,8ddías,367.523,367.523 | 367.523 | 367.523 | 367.523 | 368.830 | 376.403,Portero
Germán Parreño,Deportivo,-6.748 | -16.634 | -25.684 | -57.861 | -143.194 | -143.194,"-1,19% | -2,89% | -4,39% | -9,37% | -20,38% | -20,38%",,14ddías,559.439,566.187 | 576.073 | 585.123 | 617.300 | 702.633 | 702.633,Portero
Quagliata,Deportivo,+3.671 | -22.132 | -71.714 | -176.515 | -54.445 | +73.811,"+0,12% | -0,71% | -2,25% | -5,36% | -1,72% | +2,43%",,1ddías,3.114.833,3.111.162 | 3.136.965 | 3.186.547 | 3.291.348 | 3.169.278 | 3.041.022,Defensa
Loureiro,Deportivo,-89.482 | -189.137 | -263.372 | -419.646 | -406.008 | -1.137.190,"-2,58% | -5,30% | -7,23% | -11,05% | -10,72% | -25,18%",,8ddías,3.379.753,3.469.235 | 3.568.890 | 3.643.125 | 3.799.399 | 3.785.761 | 4.516.943,Defensa
Teijo,Deportivo,0 | 0 | 0 | 0 | 0 | 0,"0,00% | 0,00% | 0,00% | 0,00% | 0,00% | 0,00%",,42ddías,602.257,602.257 | 602.257 | 602.257 | 602.257 | 602.257 | 602.257,Defensa
Canedo,Deportivo,0 | 0 | 0 | 0 | 0 | 0,"0,00% | 0,00% | 0,00% | 0,00% | 0,00% | 0,00%",,42ddías,602.257,602.257 | 602.257 | 602.257 | 602.257 | 602.257 | 602.257,Defensa
Samu Fernández,Deportivo,0 | 0 | 0 | 0 | 0 | 0,"0,00% | 0,00% | 0,00% | 0,00% | 0,00% | 0,00%",,42ddías,702.633,702.633 | 702.633 | 702.633 | 702.633 | 702.633 | 702.633,Defensa
Comas,Deportivo,-10.785 | -24.876 | -38.306 | -96.293 | -227.688 | -687.614,"-1,62% | -3,65% | -5,51% | -12,79% | -25,76% | -51,16%",,45ddías,656.334,667.119 | 681.210 | 694.640 | 752.627 | 884.022 | 1.343.948,Defensa
Jurado,Deportivo,-21.246 | -46.234 | -71.016 | -166.018 | -376.403 | -1.119.796,"-2,29% | -4,85% | -7,26% | -15,47% | -29,32% | -55,24%",,45ddías,907.404,928.650 | 953.638 | 978.420 | 1.073.422 | 1.283.807 | 2.027.200,Mediocampista
Barcia,Deportivo,-30.430 | -64.956 | -92.320 | -181.994 | -390.631 | -1.042.032,"-2,50% | -5,20% | -7,23% | -13,32% | -24,80% | -46,80%",,45ddías,1.184.364,1.214.794 | 1.249.320 | 1.276.684 | 1.366.358 | 1.574.995 | 2.226.396,Defensa
Ximo,Deportivo,-1.123 | -49.583 | -54.708 | +79.132 | -226.274 | -1.024.845,"-0,02% | -0,89% | -0,98% | +1,46% | -3,95% | -15,71%",,4ddías,5.499.628,5.500.751 | 5.549.211 | 5.554.336 | 5.420.496 | 5.725.902 | 6.524.473,Defensa
Pablo García,Deportivo,0 | 0 | 0 | 0 | 0 | -77.177,"0,00% | 0,00% | 0,00% | 0,00% | 0,00% | -14,13%",,12ddías,468.964,468.964 | 468.964 | 468.964 | 468.964 | 468.964 | 546.141,Defensa
Noé Carrillo,Deportivo,0 | 0 | 0 | 0 | 0 | 0,"0,00% | 0,00% | 0,00% | 0,00% | 0,00% | 0,00%",,42ddías,702.633,702.633 | 702.633 | 702.633 | 702.633 | 702.633 | 702.633,Mediocampista
Riki,Deportivo,-21.226 | -46.194 | -70.954 | -155.568 | -344.819 | -598.717,"-2,29% | -4,85% | -7,26% | -14,64% | -27,55% | -39,76%",,21ddías,906.929,928.155 | 953.123 | 977.883 | 1.062.497 | 1.251.748 | 1.505.646,Mediocampista
Rubén López,Deportivo,0 | 0 | 0 | 0 | 0 | 0,"0,00% | 0,00% | 0,00% | 0,00% | 0,00% | 0,00%",,42ddías,501.880,501.880 | 501.880 | 501.880 | 501.880 | 501.880 | 501.880,Mediocampista
Villares,Deportivo,-50.450 | -112.686 | -162.179 | -288.042 | -704.777 | -2.119.832,"-2,17% | -4,71% | -6,64% | -11,22% | -23,62% | -48,20%",,45ddías,2.278.577,2.329.027 | 2.391.263 | 2.440.756 | 2.566.619 | 2.983.354 | 4.398.409,Mediocampista
Moussa,Málaga,0 | 0 | 0 | 0 | 0 | 0,"0,00% | 0,00% | 0,00% | 0,00% | 0,00% | 0,00%",,41ddías,401.498,401.498 | 401.498 | 401.498 | 401.498 | 401.498 | 401.498,Defensa
Lorenzo,Málaga,-33.171 | -183.506 | -264.857 | -141.684 | +493.041 | +530.062,"-0,35% | -1,91% | -2,74% | -1,48% | +5,53% | +5,97%",,4ddías,9.407.459,9.440.630 | 9.590.965 | 9.672.316 | 9.549.143 | 8.914.418 | 8.877.397,Mediocampista
Konaté,Real Madrid,-416.316 | -891.262 | -1.258.937 | -1.328.453 | +7.648.672 | 0,"-0,87% | -1,85% | -2,60% | -2,74% | +19,33% | 0%",,5ddías,47.226.097,47.642.413 | 48.117.359 | 48.485.034 | 48.554.550 | 39.577.425 | 0,Defensa
Diego Diaz,Racing,-7.029 | -17.208 | -26.563 | -36.053 | -36.053 | -36.053,"-1,23% | -2,95% | -4,48% | -5,99% | -5,99% | -5,99%",,4ddías,566.181,573.210 | 583.389 | 592.744 | 602.234 | 602.234 | 602.234,Delantero
Solórzano,Racing,0 | 0 | 0 | 0 | 0 | 0,"0,00% | 0,00% | 0,00% | 0,00% | 0,00% | 0,00%",,41ddías,602.234,602.234 | 602.234 | 602.234 | 602.234 | 602.234 | 602.234,Mediocampista
Iñigo Vicente,Racing,+248.338 | +476.435 | +752.519 | +1.193.757 | +920.636 | -2.448.428,"+1,25% | +2,43% | +3,90% | +6,32% | +4,81% | -10,87%",,10ddías,20.069.212,19.820.874 | 19.592.777 | 19.316.693 | 18.875.455 | 19.148.576 | 22.517.640,Delantero
Arana,Racing,-13.542 | -30.505 | -46.927 | -87.195 | -176.952 | -417.136,"-1,84% | -4,05% | -6,10% | -10,77% | -19,67% | -36,60%",,45ddías,722.508,736.050 | 753.013 | 769.435 | 809.703 | 899.460 | 1.139.644,Delantero
Guliashvili,Racing,-54.804 | -116.054 | -175.277 | -431.719 | -975.487 | -2.727.096,"-2,98% | -6,11% | -8,95% | -19,50% | -35,37% | -60,48%",,45ddías,1.782.288,1.837.092 | 1.898.342 | 1.957.565 | 2.214.007 | 2.757.775 | 4.509.384,Delantero
Canales,Racing,+460.791 | +1.096.413 | +1.373.122 | +3.706.715 | +15.416.822 | +15.416.822,"+1,84% | +4,50% | +5,70% | +17,04% | +153,60% | +153,60%",,12ddías,25.454.084,24.993.293 | 24.357.671 | 24.080.962 | 21.747.369 | 10.037.262 | 10.037.262,Mediocampista
Santi Franco,Racing,0 | 0 | 0 | 0 | 0 | 0,"0,00% | 0,00% | 0,00% | 0,00% | 0,00% | 0,00%",,41ddías,702.606,702.606 | 702.606 | 702.606 | 702.606 | 702.606 | 702.606,Delantero
Santaella,Málaga,0 | 0 | 0 | 0 | 0 | 0,"0,00% | 0,00% | 0,00% | 0,00% | 0,00% | 0,00%",,37ddías,401.498,401.498 | 401.498 | 401.498 | 401.498 | 401.498 | 401.498,Defensa
Sergio Martínez,Racing,+84.854 | +196.372 | +183.167 | +169.557 | +169.557 | +169.557,"+10,78% | +29,06% | +26,58% | +24,13% | +24,13% | +24,13%",,2ddías,872.163,787.309 | 675.791 | 688.996 | 702.606 | 702.606 | 702.606,Mediocampista
Vallecillo,Racing,-9.705 | -22.671 | -34.929 | -47.527 | -47.527 | -47.527,"-1,52% | -3,47% | -5,25% | -7,01% | -7,01% | -7,01%",,4ddías,630.413,640.118 | 653.084 | 665.342 | 677.940 | 677.940 | 677.940,Mediocampista
Chupete,Málaga,-674.282 | -1.604.426 | -2.615.622 | -6.043.091 | -1.663.365 | +18.900.813,"-1,41% | -3,29% | -5,26% | -11,36% | -3,41% | +66,91%",,8ddías,47.150.221,47.824.503 | 48.754.647 | 49.765.843 | 53.193.312 | 48.813.586 | 28.249.408,Delantero
Larrubia,Málaga,-833.170 | -1.865.199 | -2.809.814 | -6.217.792 | -1.363.880 | +19.028.662,"-1,64% | -3,61% | -5,34% | -11,09% | -2,66% | +61,75%",,8ddías,49.845.942,50.679.112 | 51.711.141 | 52.655.756 | 56.063.734 | 51.209.822 | 30.817.280,Mediocampista
Yeremay,Deportivo,-1.097.741 | -2.159.127 | -2.710.731 | -6.788.235 | -11.167.331 | +13.391.662,"-2,27% | -4,36% | -5,42% | -12,54% | -19,09% | +39,46%",,12ddías,47.326.203,48.423.944 | 49.485.330 | 50.036.934 | 54.114.438 | 58.493.534 | 33.934.541,Delantero
Dumfries,Real Madrid,-854.421 | -1.829.405 | -2.845.468 | -7.295.722 | -12.303.172 | +7.851.093,"-1,58% | -3,32% | -5,07% | -12,05% | -18,77% | +17,30%",,12ddías,53.237.976,54.092.397 | 55.067.381 | 56.083.444 | 60.533.698 | 65.541.148 | 45.386.883,Defensa
Hartman,Espanyol,-219.651 | -458.788 | -718.358 | -1.380.083 | -2.493.940 | 0,"-2,73% | -5,54% | -8,41% | -14,99% | -24,16% | 0%",,29ddías,7.826.977,8.046.628 | 8.285.765 | 8.545.335 | 9.207.060 | 10.320.917 | 0,Defensa
Cucurella,Real Madrid,-565.300 | -1.374.512 | -2.405.602 | -5.536.042 | +6.109.694 | 0,"-0,72% | -1,72% | -2,97% | -6,59% | +8,44% | 0%",,8ddías,78.480.722,79.046.022 | 79.855.234 | 80.886.324 | 84.016.764 | 72.371.028 | 0,Defensa
Puerta,Racing,+309.800 | +598.390 | +918.624 | +1.535.300 | +2.931.592 | +4.350.418,"+2,29% | +4,51% | +7,10% | +12,46% | +26,83% | +45,76%",,24ddías,13.856.597,13.546.797 | 13.258.207 | 12.937.973 | 12.321.297 | 10.925.005 | 9.506.179,Mediocampista
Maguette,Racing,-85.500 | -187.480 | -287.732 | -461.530 | -731.164 | -1.978.128,"-2,25% | -4,80% | -7,18% | -11,04% | -16,43% | -34,71%",,41ddías,3.720.123,3.805.623 | 3.907.603 | 4.007.855 | 4.181.653 | 4.451.287 | 5.698.251,Mediocampista
Rafa Rodríguez,Málaga,-120.012 | -322.477 | -534.937 | -534.937 | -534.937 | -534.937,"-2,05% | -5,32% | -8,53% | -8,53% | -8,53% | -8,53%",,3ddías,5.735.489,5.855.501 | 6.057.966 | 6.270.426 | 6.270.426 | 6.270.426 | 6.270.426,Mediocampista
Jiménez,Racing,0 | 0 | 0 | 0 | 0 | 0,"0,00% | 0,00% | 0,00% | 0,00% | 0,00% | 0,00%",,41ddías,602.234,602.234 | 602.234 | 602.234 | 602.234 | 602.234 | 602.234,Portero
Ochoa,Málaga,0 | 0 | 0 | 0 | 0 | 0,"0,00% | 0,00% | 0,00% | 0,00% | 0,00% | 0,00%",,41ddías,3.513.040,3.513.040 | 3.513.040 | 3.513.040 | 3.513.040 | 3.513.040 | 3.513.040,Mediocampista
Enríquez,Málaga,-14.800 | -33.074 | -49.960 | -92.598 | -210.870 | -626.247,"-1,93% | -4,21% | -6,22% | -10,95% | -21,88% | -45,41%",,45ddías,752.700,767.500 | 785.774 | 802.660 | 845.298 | 963.570 | 1.378.947,Mediocampista
Juanpe,Málaga,0 | 0 | 0 | 0 | 0 | 0,"0,00% | 0,00% | 0,00% | 0,00% | 0,00% | 0,00%",,41ddías,581.931,581.931 | 581.931 | 581.931 | 581.931 | 581.931 | 581.931,Mediocampista
Joaquín,Málaga,-86.942 | -223.369 | -331.877 | -726.299 | -1.680.625 | -4.446.245,"-1,37% | -3,45% | -5,04% | -10,42% | -21,20% | -41,58%",,45ddías,6.246.616,6.333.558 | 6.469.985 | 6.578.493 | 6.972.915 | 7.927.241 | 10.692.861,Delantero
Lobete,Málaga,-13.151 | -29.707 | -45.705 | -114.766 | -254.664 | -721.732,"-1,81% | -4,00% | -6,02% | -13,86% | -26,31% | -50,30%",,45ddías,713.114,726.265 | 742.821 | 758.819 | 827.880 | 967.778 | 1.434.846,Delantero
Jauregi,Málaga,-30.416 | -65.044 | -97.545 | -212.876 | -380.264 | -380.264,"-2,52% | -5,24% | -7,66% | -15,33% | -24,44% | -24,44%",,11ddías,1.175.510,1.205.926 | 1.240.554 | 1.273.055 | 1.388.386 | 1.555.774 | 1.555.774,Delantero
Haitam,Málaga,-560 | -4.000 | -6.335 | -19.167 | -46.334 | -135.400,"-0,14% | -0,96% | -1,52% | -4,46% | -10,13% | -24,78%",,45ddías,410.924,411.484 | 414.924 | 417.259 | 430.091 | 457.258 | 546.324,Delantero
Eriksson,Racing,-64.113 | -142.737 | -222.709 | -312.449 | -97.334 | +273.957,"-2,38% | -5,14% | -7,79% | -10,60% | -3,56% | +11,61%",,8ddías,2.634.396,2.698.509 | 2.777.133 | 2.857.105 | 2.946.845 | 2.731.730 | 2.360.439,Portero
Crespo,Racing,0 | 0 | 0 | 0 | 0 | 0,"0,00% | 0,00% | 0,00% | 0,00% | 0,00% | 0,00%",,41ddías,802.979,802.979 | 802.979 | 802.979 | 802.979 | 802.979 | 802.979,Defensa
Laro Gómez,Racing,0 | 0 | 0 | 0 | 0 | 0,"0,00% | 0,00% | 0,00% | 0,00% | 0,00% | 0,00%",,41ddías,602.234,602.234 | 602.234 | 602.234 | 602.234 | 602.234 | 602.234,Portero
Mantilla,Racing,-28.969 | -77.056 | -122.428 | -1.768 | +316.552 | +488.334,"-1,07% | -2,81% | -4,39% | -0,07% | +13,46% | +22,40%",,4ddías,2.668.783,2.697.752 | 2.745.839 | 2.791.211 | 2.670.551 | 2.352.231 | 2.180.449,Defensa
Sainz-Maza,Racing,-12.281 | -27.931 | -42.985 | -99.519 | -235.615 | -683.168,"-1,74% | -3,88% | -5,85% | -12,57% | -25,39% | -49,67%",,45ddías,692.244,704.525 | 720.175 | 735.229 | 791.763 | 927.859 | 1.375.412,Defensa
Hernando,Racing,+57.621 | +105.820 | +132.583 | +35.290 | -126.914 | -590.436,"+3,22% | +6,07% | +7,72% | +1,94% | -6,42% | -24,20%",,3ddías,1.849.864,1.792.243 | 1.744.044 | 1.717.281 | 1.814.574 | 1.976.778 | 2.440.300,Defensa
Salinas,Racing,+122.300 | +239.692 | +303.189 | -123.961 | -123.961 | -123.961,"+2,12% | +4,24% | +5,42% | -2,06% | -2,06% | -2,06%",,4ddías,5.898.395,5.776.095 | 5.658.703 | 5.595.206 | 6.022.356 | 6.022.356 | 6.022.356,Defensa
Carlos Sánchez,Racing,-10.577 | -24.452 | -37.657 | -51.267 | -51.267 | -51.267,"-1,60% | -3,62% | -5,47% | -7,30% | -7,30% | -7,30%",,4ddías,651.339,661.916 | 675.791 | 688.996 | 702.606 | 702.606 | 702.606,Defensa
Facundo GonzálezFacu González,Racing,-66.518 | -147.527 | -226.157 | -277.998 | -390.978 | -736.900,"-2,34% | -5,05% | -7,53% | -9,10% | -12,34% | -20,98%",,5ddías,2.776.140,2.842.658 | 2.923.667 | 3.002.297 | 3.054.138 | 3.167.118 | 3.513.040,Defensa
John ChetauyaJohn C.,Elche,-9.718 | -22.698 | -34.970 | -86.319 | -200.412 | -630.078,"-1,52% | -3,47% | -5,25% | -12,04% | -24,11% | -49,97%",,45ddías,630.721,640.439 | 653.419 | 665.691 | 717.040 | 831.133 | 1.260.799,Defensa
Hancko,Atlético,+119.160 | +376.003 | +673.404 | +2.696.662 | +8.092.813 | +5.363.340,"+0,30% | +0,96% | +1,73% | +7,31% | +25,70% | +15,67%",,17ddías,39.587.369,39.468.209 | 39.211.366 | 38.913.965 | 36.890.707 | 31.494.556 | 34.224.029,Defensa
Vencedor,Athletic,0 | 0 | 0 | 0 | 0 | 0,"0,00% | 0,00% | 0,00% | 0,00% | 0,00% | 0,00%",,42ddías,2.208.253,2.208.253 | 2.208.253 | 2.208.253 | 2.208.253 | 2.208.253 | 2.208.253,Mediocampista
Isi,Rayo,+346.598 | +646.730 | +1.112.496 | +3.385.692 | +3.659.628 | -138.165,"+1,70% | +3,21% | +5,65% | +19,45% | +21,36% | -0,66%",,10ddías,20.791.056,20.444.458 | 20.144.326 | 19.678.560 | 17.405.364 | 17.131.428 | 20.929.221,Delantero
Mojica,Getafe,+66.854 | -18.867 | -210.606 | +8.975.572 | +8.975.572 | +8.975.572,"+0,59% | -0,17% | -1,83% | 0% | 0% | 0%",,1ddías,11.323.546,11.256.692 | 11.342.413 | 11.534.152 | 0 | 0 | 0,Defensa
Catena,Osasuna,-203.621 | -592.520 | -869.023 | -1.902.982 | -4.783.252 | -3.856.960,"-0,62% | -1,78% | -2,58% | -5,49% | -12,74% | -10,53%",,21ddías,32.769.715,32.973.336 | 33.362.235 | 33.638.738 | 34.672.697 | 37.552.967 | 36.626.675,Defensa
Herrando,Osasuna,-28.124 | -64.980 | -101.917 | -213.566 | -489.974 | -1.514.609,"-1,80% | -4,07% | -6,23% | -12,22% | -24,22% | -49,69%",,45ddías,1.533.405,1.561.529 | 1.598.385 | 1.635.322 | 1.746.971 | 2.023.379 | 3.048.014,Defensa
Iker Muñoz,Osasuna,-15.354 | -38.952 | -61.072 | -97.091 | -215.712 | -911.497,"-1,19% | -2,96% | -4,56% | -7,06% | -14,44% | -41,63%",,5ddías,1.277.902,1.293.256 | 1.316.854 | 1.338.974 | 1.374.993 | 1.493.614 | 2.189.399,Mediocampista
Dimitrievski,Valencia,+278.101 | +535.882 | +790.839 | +2.169.088 | +3.400.256 | +3.400.256,"+1,83% | +3,59% | +5,40% | +16,34% | +28,23% | +28,23%",,12ddías,15.446.133,15.168.032 | 14.910.251 | 14.655.294 | 13.277.045 | 12.045.877 | 12.045.877,Portero
Ratiu,Rayo,+111.811 | +121.963 | +164.930 | +352.121 | -1.376.113 | -12.637.340,"+0,31% | +0,34% | +0,46% | +0,99% | -3,70% | -26,09%",,6ddías,35.806.656,35.694.845 | 35.684.693 | 35.641.726 | 35.454.535 | 37.182.769 | 48.443.996,Defensa
Nteka,Rayo,-438 | -7.129 | -17.201 | -65.600 | -258.947 | -922.764,"-0,04% | -0,57% | -1,37% | -5,05% | -17,34% | -42,78%",,45ddías,1.234.190,1.234.628 | 1.241.319 | 1.251.391 | 1.299.790 | 1.493.137 | 2.156.954,Delantero
Budimir,Osasuna,+300.778 | +495.745 | +707.174 | +3.278.729 | +4.722.868 | -5.995.726,"+0,58% | +0,96% | +1,38% | +6,71% | +9,96% | -10,31%",,11ddías,52.137.069,51.836.291 | 51.641.324 | 51.429.895 | 48.858.340 | 47.414.201 | 58.132.795,Delantero
Cárdenas,Rayo,-6.473 | -16.495 | -15.731 | -45.203 | -127.435 | -400.202,"-1,14% | -2,85% | -2,72% | -7,43% | -18,46% | -41,55%",,2ddías,562.984,569.457 | 579.479 | 578.715 | 608.187 | 690.419 | 963.186,Portero
Unai López,Rayo,+70.537 | +112.730 | +152.271 | +306.651 | +219.385 | -6.693,"+1,17% | +1,89% | +2,57% | +5,32% | +3,75% | -0,11%",,7ddías,6.075.422,6.004.885 | 5.962.692 | 5.923.151 | 5.768.771 | 5.856.037 | 6.082.115,Mediocampista
Álvaro García,Rayo,+505.113 | +1.046.332 | +1.555.195 | +2.418.084 | +3.484.889 | +6.382.643,"+2,56% | +5,45% | +8,33% | +13,57% | +20,81% | +46,08%",,29ddías,20.233.300,19.728.187 | 19.186.968 | 18.678.105 | 17.815.216 | 16.748.411 | 13.850.657,Mediocampista
De Frutos,Rayo,-723.860 | -1.682.776 | -2.656.525 | -5.336.612 | -5.926.519 | +7.820.234,"-1,68% | -3,82% | -5,90% | -11,19% | -12,27% | +22,64%",,10ddías,42.362.960,43.086.820 | 44.045.736 | 45.019.485 | 47.699.572 | 48.289.479 | 34.542.726,Delantero
Balliu,Rayo,+11.692 | +9.044 | +8.077 | +91.976 | +158.408 | -111.038,"+1,21% | +0,93% | +0,83% | +10,39% | +19,35% | -10,20%",,1ddías,977.092,965.400 | 968.048 | 969.015 | 885.116 | 818.684 | 1.088.130,Defensa
Pathé Ciss,Rayo,+470.458 | +946.341 | +1.440.460 | +1.998.613 | +2.939.491 | +2.439.447,"+3,55% | +7,42% | +11,75% | +17,07% | +27,31% | +21,66%",,19ddías,13.704.301,13.233.843 | 12.757.960 | 12.263.841 | 11.705.688 | 10.764.810 | 11.264.854,Mediocampista
Valentín,Rayo,+131.377 | +248.647 | +324.282 | +494.195 | +611.308 | -475.545,"+3,37% | +6,57% | +8,75% | +13,97% | +17,87% | -10,55%",,13ddías,4.032.472,3.901.095 | 3.783.825 | 3.708.190 | 3.538.277 | 3.421.164 | 4.508.017,Mediocampista
Ibáñez,Alavés,+55.551 | +113.132 | +155.249 | +239.629 | +128.293 | -856.028,"+1,63% | +3,37% | +4,69% | +7,43% | +3,84% | -19,80%",,7ddías,3.466.772,3.411.221 | 3.353.640 | 3.311.523 | 3.227.143 | 3.338.479 | 4.322.800,Mediocampista
Moi Gómez,Osasuna,-34.546 | -79.559 | -115.073 | -237.963 | -519.790 | -1.568.010,"-1,84% | -4,14% | -5,88% | -11,45% | -22,02% | -45,99%",,45ddías,1.841.211,1.875.757 | 1.920.770 | 1.956.284 | 2.079.174 | 2.361.001 | 3.409.221,Mediocampista
Camello,Rayo,-25.743 | -67.819 | -102.614 | -108.789 | -205.019 | -987.733,"-0,86% | -2,22% | -3,33% | -3,52% | -6,44% | -24,89%",,4ddías,2.980.452,3.006.195 | 3.048.271 | 3.083.066 | 3.089.241 | 3.185.471 | 3.968.185,Delantero
Valles,Betis,+102.284 | +307.642 | +458.210 | +2.033.816 | +8.132.588 | +19.055.991,"+0,30% | +0,92% | +1,37% | +6,40% | +31,64% | +128,94%",,44ddías,33.835.107,33.732.823 | 33.527.465 | 33.376.897 | 31.801.291 | 25.702.519 | 14.779.116,Portero
Eric Garcia,Barcelona,+447.892 | +581.248 | +628.891 | -413.911 | -5.107.249 | -14.083.586,"+1,00% | +1,30% | +1,41% | -0,91% | -10,16% | -23,78%",,3ddías,45.144.646,44.696.754 | 44.563.398 | 44.515.755 | 45.558.557 | 50.251.895 | 59.228.232,Defensa
Boyé,Alavés,-177.800 | -468.076 | -783.618 | -1.932.569 | -3.579.466 | -6.481.127,"-1,61% | -4,13% | -6,72% | -15,09% | -24,76% | -37,34%",,41ddías,10.876.487,11.054.287 | 11.344.563 | 11.660.105 | 12.809.056 | 14.455.953 | 17.357.614,Delantero
Miguel Ángel RubioMiguel Rubio,Espanyol,-5.506 | -14.099 | -21.801 | -58.433 | -137.858 | -420.685,"-1,03% | -2,59% | -3,95% | -9,94% | -20,65% | -44,27%",,45ddías,529.641,535.147 | 543.740 | 551.442 | 588.074 | 667.499 | 950.326,Defensa
Villar,Elche,-217.378 | -462.039 | -462.039 | -462.039 | -462.039 | -462.039,"-3,20% | -6,58% | -6,58% | -6,58% | -6,58% | -6,58%",,2ddías,6.565.088,6.782.466 | 7.027.127 | 7.027.127 | 7.027.127 | 7.027.127 | 7.027.127,Mediocampista
S. Cardona,Villarreal,-73.115 | -152.789 | -239.946 | -283.868 | -494.092 | -1.096.595,"-1,63% | -3,35% | -5,16% | -6,04% | -10,07% | -19,90%",,5ddías,4.413.107,4.486.222 | 4.565.896 | 4.653.053 | 4.696.975 | 4.907.199 | 5.509.702,Defensa
Javi Muñoz,Getafe,-7.581 | -18.335 | -28.289 | -71.687 | -167.762 | -518.701,"-1,29% | -3,07% | -4,65% | -11,01% | -22,45% | -47,23%",,45ddías,579.434,587.015 | 597.769 | 607.723 | 651.121 | 747.196 | 1.098.135,Mediocampista
Moleiro,Villarreal,-943.403 | -1.616.627 | -2.013.661 | -444.667 | +8.244.711 | -1.559.232,"-1,42% | -2,41% | -2,99% | -0,67% | +14,41% | -2,33%",,3ddías,65.440.768,66.384.171 | 67.057.395 | 67.454.429 | 65.885.435 | 57.196.057 | 67.000.000,Mediocampista
Copete,Valencia,-52.254 | -109.543 | -167.166 | -413.253 | -938.013 | -2.663.822,"-3,07% | -6,22% | -9,19% | -20,01% | -36,22% | -61,73%",,45ddías,1.651.601,1.703.855 | 1.761.144 | 1.818.767 | 2.064.854 | 2.589.614 | 4.315.423,Defensa
Rubén GarcíaRubén G.,Osasuna,+73.714 | +84.646 | +144.927 | +671.976 | +796.281 | -1.581.956,"+0,53% | +0,60% | +1,04% | +5,01% | +5,99% | -10,10%",,10ddías,14.084.181,14.010.467 | 13.999.535 | 13.939.254 | 13.412.205 | 13.287.900 | 15.666.137,Mediocampista
Herrera,Osasuna,-196.256 | -583.739 | -914.302 | -1.828.772 | +2.407.632 | +15.080.274,"-0,51% | -1,50% | -2,33% | -4,55% | +6,69% | +64,70%",,7ddías,38.389.795,38.586.051 | 38.973.534 | 39.304.097 | 40.218.567 | 35.982.163 | 23.309.521,Portero
Torró,Osasuna,-19.198 | -51.422 | -84.064 | -167.472 | -325.256 | -984.875,"-0,81% | -2,14% | -3,46% | -6,66% | -12,18% | -29,57%",,41ddías,2.346.128,2.365.326 | 2.397.550 | 2.430.192 | 2.513.600 | 2.671.384 | 3.331.003,Mediocampista
Moncayola,Osasuna,-3.679 | -18.238 | +11.412 | +321.252 | +845.904 | +1.197.864,"-0,05% | -0,26% | +0,17% | +4,88% | +13,97% | +21,00%",,2ddías,6.901.465,6.905.144 | 6.919.703 | 6.890.053 | 6.580.213 | 6.055.561 | 5.703.601,Mediocampista
Oroz,Osasuna,+148 | +28.517 | +36.842 | +494.077 | +1.181.548 | -1.977.162,"+0,00% | +0,18% | +0,23% | +3,17% | +7,92% | -10,94%",,13ddías,16.098.091,16.097.943 | 16.069.574 | 16.061.249 | 15.604.014 | 14.916.543 | 18.075.253,Mediocampista
Kike Barja,Osasuna,-59.646 | -128.769 | -197.687 | -460.718 | -559.178 | -559.178,"-2,58% | -5,41% | -8,07% | -16,99% | -19,89% | -19,89%",,8ddías,2.251.650,2.311.296 | 2.380.419 | 2.449.337 | 2.712.368 | 2.810.828 | 2.810.828,Delantero
Areso,Athletic,+36.227 | +52.311 | +72.803 | +204.265 | +535.215 | +144.290,"+1,24% | +1,80% | +2,52% | +7,40% | +22,03% | +5,11%",,17ddías,2.965.228,2.929.001 | 2.912.917 | 2.892.425 | 2.760.963 | 2.430.013 | 2.820.938,Defensa
Aitor,Osasuna,-3.380 | -9.758 | -15.153 | -34.438 | -73.226 | -248.778,"-0,70% | -2,00% | -3,07% | -6,71% | -13,27% | -34,20%",,10ddías,478.608,481.988 | 488.366 | 493.761 | 513.046 | 551.834 | 727.386,Portero
Lejeune,Rayo,-439.326 | -1.172.983 | -1.728.639 | -1.862.262 | -3.530.481 | -16.982.901,"-1,20% | -3,13% | -4,54% | -4,88% | -8,86% | -31,87%",,4ddías,36.305.495,36.744.821 | 37.478.478 | 38.034.134 | 38.167.757 | 39.835.976 | 53.288.396,Defensa
Courtois,Real Madrid,+636.049 | +1.757.795 | +2.298.485 | +5.290.937 | +6.571.451 | +4.532.963,"+1,00% | +2,82% | +3,73% | +9,01% | +11,44% | +7,62%",,10ddías,63.996.642,63.360.593 | 62.238.847 | 61.698.157 | 58.705.705 | 57.425.191 | 59.463.679,Portero
Iglesias,Sevilla,+150.290 | +282.839 | +367.124 | +149.292 | -351.839 | -351.839,"+1,25% | +2,37% | +3,10% | +1,24% | -2,80% | -2,80%",,6ddías,12.196.513,12.046.223 | 11.913.674 | 11.829.389 | 12.047.221 | 12.548.352 | 12.548.352,Defensa
Marrero,Real Sociedad,-19.125 | -46.061 | -73.585 | -160.678 | -361.028 | -1.018.296,"-1,83% | -4,31% | -6,71% | -13,57% | -26,07% | -49,87%",,45ddías,1.023.703,1.042.828 | 1.069.764 | 1.097.288 | 1.184.381 | 1.384.731 | 2.041.999,Portero
Kubo,Real Sociedad,+468.748 | +867.927 | +1.211.131 | +2.947.292 | +2.320.228 | -6.723.013,"+1,86% | +3,49% | +4,94% | +12,94% | +9,91% | -20,71%",,10ddías,25.731.835,25.263.087 | 24.863.908 | 24.520.704 | 22.784.543 | 23.411.607 | 32.454.848,Mediocampista
Youssef,Alavés,+9.531 | +10.748 | +6.372 | +10.001 | -22.792 | -173.801,"+1,94% | +2,19% | +1,29% | +2,03% | -4,35% | -25,73%",,2ddías,501.675,492.144 | 490.927 | 495.303 | 491.674 | 524.467 | 675.476,Defensa
Sadiq,Valencia,-84.563 | -200.932 | -307.442 | -607.488 | -2.039.552 | -6.288.508,"-1,30% | -3,04% | -4,58% | -8,66% | -24,15% | -49,53%",,43ddías,6.407.180,6.491.743 | 6.608.112 | 6.714.622 | 7.014.668 | 8.446.732 | 12.695.688,Delantero
Pacheco,Real Sociedad,0 | 0 | 0 | 0 | 0 | 0,"0,00% | 0,00% | 0,00% | 0,00% | 0,00% | 0,00%",,42ddías,4.015.452,4.015.452 | 4.015.452 | 4.015.452 | 4.015.452 | 4.015.452 | 4.015.452,Defensa
Turrientes,Real Sociedad,-111.450 | -223.247 | -303.109 | -74.630 | -261.206 | -2.152.187,"-1,60% | -3,16% | -4,24% | -1,08% | -3,68% | -23,93%",,3ddías,6.840.616,6.952.066 | 7.063.863 | 7.143.725 | 6.915.246 | 7.101.822 | 8.992.803,Mediocampista
Le Normand,Atlético,+244.381 | +436.440 | +585.080 | +1.004.926 | +308.730 | -1.748.828,"+2,31% | +4,20% | +5,71% | +10,22% | +2,93% | -13,90%",,6ddías,10.836.278,10.591.897 | 10.399.838 | 10.251.198 | 9.831.352 | 10.527.548 | 12.585.106,Defensa
Fraga,Real Sociedad,0 | 0 | 0 | 0 | 0 | 0,"0,00% | 0,00% | 0,00% | 0,00% | 0,00% | 0,00%",,42ddías,602.234,602.234 | 602.234 | 602.234 | 602.234 | 602.234 | 602.234,Portero
Oyarzabal,Real Sociedad,+203.999 | +464.619 | +666.059 | -727.796 | -4.678.514 | -50.884.210,"+0,32% | +0,74% | +1,06% | -1,13% | -6,86% | 0%",,3ddías,63.526.964,63.322.965 | 63.062.345 | 62.860.905 | 64.254.760 | 68.205.478 | 0,Delantero
Urko,Espanyol,+74.882 | +146.582 | +205.685 | +188.269 | +22.837 | -899.977,"+1,54% | +3,07% | +4,36% | +3,98% | +0,47% | -15,45%",,3ddías,4.924.047,4.849.165 | 4.777.465 | 4.718.362 | 4.735.778 | 4.901.210 | 5.824.024,Mediocampista
Dmitrovic,Espanyol,+639.798 | +1.275.084 | +1.711.240 | +2.185.208 | +6.480.689 | +18.407.446,"+1,66% | +3,36% | +4,56% | +5,89% | +19,76% | +88,20%",,44ddías,39.277.920,38.638.122 | 38.002.836 | 37.566.680 | 37.092.712 | 32.797.231 | 20.870.474,Portero
Pedrosa,Sevilla,0 | 0 | 0 | 0 | 0 | 0,"0,00% | 0,00% | 0,00% | 0,00% | 0,00% | 0,00%",,42ddías,3.312.788,3.312.788 | 3.312.788 | 3.312.788 | 3.312.788 | 3.312.788 | 3.312.788,Defensa
Mariano,Alavés,+254.213 | +584.164 | +746.714 | +853.682 | +686.175 | +56.944,"+16,10% | +46,77% | +68,72% | +87,14% | +59,82% | +3,21%",,4ddías,1.833.295,1.579.082 | 1.249.131 | 1.086.581 | 979.613 | 1.147.120 | 1.776.351,Delantero
Marcão,Sevilla,-8.001 | -19.193 | -29.603 | -71.165 | -174.375 | -522.021,"-1,34% | -3,15% | -4,78% | -10,77% | -22,83% | -46,96%",,45ddías,589.523,597.524 | 608.716 | 619.126 | 660.688 | 763.898 | 1.111.544,Defensa
Manu Bueno,Sevilla,-11.077 | -25.689 | -42.744 | -59.595 | -59.595 | -59.595,"-1,47% | -3,34% | -5,44% | -7,43% | -7,43% | -7,43%",,4ddías,742.504,753.581 | 768.193 | 785.248 | 802.099 | 802.099 | 802.099,Mediocampista
Diakhaby,Valencia,-91.164 | -203.456 | -323.345 | -697.342 | -1.623.842 | -3.702.889,"-1,68% | -3,68% | -5,72% | -11,57% | -23,35% | -40,99%",,25ddías,5.331.519,5.422.683 | 5.534.975 | 5.654.864 | 6.028.861 | 6.955.361 | 9.034.408,Defensa
Zakharyan,Real Sociedad,-22.053 | -41.619 | -67.015 | -155.934 | -369.209 | -1.081.638,"-2,32% | -4,30% | -6,74% | -14,40% | -28,49% | -53,86%",,45ddías,926.771,948.824 | 968.390 | 993.786 | 1.082.705 | 1.295.980 | 2.008.409,Mediocampista
Marín,Real Sociedad,-26.361 | -68.301 | -114.159 | -305.086 | -710.236 | -2.050.046,"-1,86% | -4,68% | -7,58% | -17,99% | -33,80% | -59,57%",,45ddías,1.391.172,1.417.533 | 1.459.473 | 1.505.331 | 1.696.258 | 2.101.408 | 3.441.218,Mediocampista
Militão,Real Madrid,-269.366 | -595.965 | -917.268 | -2.280.910 | -5.108.408 | -14.317.087,"-2,50% | -5,37% | -8,03% | -17,85% | -32,73% | -57,69%",,45ddías,10.500.176,10.769.542 | 11.096.141 | 11.417.444 | 12.781.086 | 15.608.584 | 24.817.263,Defensa
Fran García,Betis,-301.124 | -496.822 | -496.822 | -496.822 | -496.822 | -496.822,"-3,20% | -5,18% | -5,18% | -5,18% | -5,18% | -5,18%",,2ddías,9.094.335,9.395.459 | 9.591.157 | 9.591.157 | 9.591.157 | 9.591.157 | 9.591.157,Defensa
Bellingham,Real Madrid,+394.810 | +1.222.949 | +2.148.286 | +2.781.541 | -2.073.647 | -40.707.859,"+0,43% | +1,35% | +2,40% | +3,13% | -2,21% | 0%",,6ddías,91.728.130,91.333.320 | 90.505.181 | 89.579.844 | 88.946.589 | 93.801.777 | 0,Mediocampista
Vinicius,Real Madrid,+71.061 | +138.316 | +109.093 | +1.288.612 | +9.007.585 | -46.658.318,"+0,07% | +0,13% | +0,10% | +1,21% | +9,11% | 0%",,2ddías,107.838.201,107.767.140 | 107.699.885 | 107.729.108 | 106.549.589 | 98.830.616 | 0,Delantero
Rodrygo,Real Madrid,-46.763 | -103.046 | -165.329 | -424.867 | -965.091 | -2.479.161,"-1,67% | -3,61% | -5,68% | -13,39% | -26,00% | -47,43%",,35ddías,2.747.479,2.794.242 | 2.850.525 | 2.912.808 | 3.172.346 | 3.712.570 | 5.226.640,Delantero
Camavinga,Real Madrid,-171.508 | -377.283 | -552.935 | -1.164.243 | -2.993.848 | -8.614.731,"-1,78% | -3,83% | -5,51% | -10,94% | -24,00% | -47,61%",,45ddías,9.480.579,9.652.087 | 9.857.862 | 10.033.514 | 10.644.822 | 12.474.427 | 18.095.310,Mediocampista
Lunin,Real Madrid,-33.252 | -77.659 | -108.916 | -188.583 | -432.711 | -1.141.481,"-1,63% | -3,73% | -5,16% | -8,61% | -17,77% | -36,31%",,45ddías,2.002.191,2.035.443 | 2.079.850 | 2.111.107 | 2.190.774 | 2.434.902 | 3.143.672,Portero
Valverde,Real Madrid,+706.810 | +1.481.348 | +2.190.403 | +2.289.680 | -2.123.056 | -15.340.460,"+1,00% | +2,11% | +3,15% | +3,30% | -2,87% | -17,62%",,5ddías,71.734.249,71.027.439 | 70.252.901 | 69.543.846 | 69.444.569 | 73.857.305 | 87.074.709,Mediocampista
Tchouaméni,Real Madrid,-457.987 | -1.065.315 | -1.594.944 | -3.637.594 | -7.891.942 | -21.235.073,"-1,15% | -2,63% | -3,88% | -8,44% | -16,66% | -34,98%",,30ddías,39.476.400,39.934.387 | 40.541.715 | 41.071.344 | 43.113.994 | 47.368.342 | 60.711.473,Mediocampista
Brahim,Real Madrid,+136.153 | +196.793 | +315.248 | +461.318 | -1.324.982 | -6.296.905,"+1,25% | +1,82% | +2,94% | +4,36% | -10,72% | -36,33%",,6ddías,11.036.580,10.900.427 | 10.839.787 | 10.721.332 | 10.575.262 | 12.361.562 | 17.333.485,Mediocampista
Barrenetxea,Real Sociedad,-259.545 | -580.386 | -818.135 | -1.482.708 | -4.681.256 | -7.364.455,"-0,81% | -1,79% | -2,51% | -4,45% | -12,83% | -18,80%",,23ddías,31.808.065,32.067.610 | 32.388.451 | 32.626.200 | 33.290.773 | 36.489.321 | 39.172.520,Mediocampista
Rüdiger,Real Madrid,+349.136 | +692.342 | +1.044.235 | +1.684.613 | +261.212 | -6.810.922,"+1,21% | +2,42% | +3,70% | +6,10% | +0,90% | -18,86%",,6ddías,29.304.414,28.955.278 | 28.612.072 | 28.260.179 | 27.619.801 | 29.043.202 | 36.115.336,Defensa
Mendy,Real Madrid,-11.631 | -26.604 | -40.953 | -96.681 | -237.378 | -734.577,"-1,69% | -3,78% | -5,71% | -12,50% | -25,97% | -52,05%",,45ddías,676.641,688.272 | 703.245 | 717.594 | 773.322 | 914.019 | 1.411.218,Defensa
Güler,Real Madrid,+1.097.689 | +2.676.243 | +3.535.598 | +6.419.221 | +3.606.699 | -8.931.634,"+1,96% | +4,92% | +6,60% | +12,67% | +6,74% | -13,53%",,8ddías,57.096.008,55.998.319 | 54.419.765 | 53.560.410 | 50.676.787 | 53.489.309 | 66.027.642,Mediocampista
Remiro,Real Sociedad,-439.296 | -875.875 | -1.298.196 | -2.718.137 | -3.195.783 | +11.736.369,"-1,05% | -2,08% | -3,05% | -6,17% | -7,18% | +39,68%",,11ddías,41.311.338,41.750.634 | 42.187.213 | 42.609.534 | 44.029.475 | 44.507.121 | 29.574.969,Portero
Odriozola,Real Sociedad,-6.627 | -16.387 | -25.306 | -60.345 | -149.298 | -467.457,"-1,18% | -2,86% | -4,35% | -9,78% | -21,15% | -45,65%",,45ddías,556.541,563.168 | 572.928 | 581.847 | 616.886 | 705.839 | 1.023.998,Defensa
Aihen,Real Sociedad,-27.105 | -62.297 | -95.509 | -213.749 | -488.172 | -1.420.765,"-2,11% | -4,72% | -7,06% | -14,53% | -27,97% | -53,06%",,45ddías,1.256.961,1.284.066 | 1.319.258 | 1.352.470 | 1.470.710 | 1.745.133 | 2.677.726,Defensa
Zubeldia,Real Sociedad,+60.688 | +50.546 | +185.137 | +585.298 | +406.552 | -1.474.353,"+0,59% | +0,49% | +1,82% | +6,00% | +4,09% | -12,47%",,1ddías,10.346.166,10.285.478 | 10.295.620 | 10.161.029 | 9.760.868 | 9.939.614 | 11.820.519,Defensa
Herrera,Real Sociedad,-14.478 | -53.908 | -77.517 | -151.970 | -396.214 | -1.655.014,"-0,49% | -1,80% | -2,56% | -4,91% | -11,86% | -35,97%",,42ddías,2.945.806,2.960.284 | 2.999.714 | 3.023.323 | 3.097.776 | 3.342.020 | 4.600.820,Mediocampista
Mayoral,Getafe,-44.708 | -99.278 | -155.019 | -227.957 | -357.204 | -1.052.999,"-1,60% | -3,48% | -5,33% | -7,64% | -11,48% | -27,65%",,45ddías,2.755.662,2.800.370 | 2.854.940 | 2.910.681 | 2.983.619 | 3.112.866 | 3.808.661,Delantero
Javi Guerra,Valencia,+99.858 | +185.327 | +325.618 | +777.239 | +211.101 | -3.375.435,"+0,41% | +0,76% | +1,34% | +3,26% | +0,86% | -12,05%",,7ddías,24.638.939,24.539.081 | 24.453.612 | 24.313.321 | 23.861.700 | 24.427.838 | 28.014.374,Mediocampista
Prados,Athletic,-25.305 | -58.056 | -90.580 | -186.803 | -416.948 | -1.186.218,"-1,90% | -4,25% | -6,48% | -12,50% | -24,18% | -47,58%",,45ddías,1.307.068,1.332.373 | 1.365.124 | 1.397.648 | 1.493.871 | 1.724.016 | 2.493.286,Mediocampista
N. Williams,Athletic,-466.038 | -1.134.723 | -1.728.313 | -5.069.992 | -14.435.575 | -1.764.275,"-0,76% | -1,82% | -2,75% | -7,65% | -19,08% | -2,80%",,15ddías,61.212.920,61.678.958 | 62.347.643 | 62.941.233 | 66.282.912 | 75.648.495 | 62.977.195,Delantero
Guruzeta,Athletic,+159.300 | +520.130 | +924.577 | +1.553.080 | +2.652.224 | +2.609.465,"+1,08% | +3,61% | +6,61% | +11,63% | +21,64% | +21,22%",,19ddías,14.909.497,14.750.197 | 14.389.367 | 13.984.920 | 13.356.417 | 12.257.273 | 12.300.032,Delantero
Agirrezabala,Racing,+286.680 | +667.182 | +885.419 | +917.949 | +917.949 | +917.949,"+8,09% | +21,10% | +30,08% | +31,53% | +31,53% | +31,53%",,5ddías,3.829.034,3.542.354 | 3.161.852 | 2.943.615 | 2.911.085 | 2.911.085 | 2.911.085,Portero
R. de Galarreta,Athletic,+175.895 | +325.776 | +494.672 | +997.395 | +2.189.498 | +1.672.552,"+1,38% | +2,58% | +3,97% | +8,35% | +20,35% | +14,84%",,20ddías,12.946.731,12.770.836 | 12.620.955 | 12.452.059 | 11.949.336 | 10.757.233 | 11.274.179,Mediocampista
Yuri,Athletic,+26.850 | -80.330 | -145.325 | -283.061 | -1.278.735 | -5.756.082,"+0,22% | -0,65% | -1,17% | -2,25% | -9,41% | -31,86%",,1ddías,12.311.693,12.284.843 | 12.392.023 | 12.457.018 | 12.594.754 | 13.590.428 | 18.067.775,Defensa
Villalibre,Racing,-68.288 | -161.224 | -215.730 | +123.579 | -464.593 | -464.593,"-0,96% | -2,23% | -2,96% | +1,78% | -6,17% | -6,17%",,3ddías,7.063.353,7.131.641 | 7.224.577 | 7.279.083 | 6.939.774 | 7.527.946 | 7.527.946,Delantero
Egiluz,Athletic,-389 | -3.651 | -5.801 | -17.811 | -43.176 | -125.558,"-0,10% | -0,89% | -1,41% | -4,19% | -9,59% | -23,58%",,45ddías,406.826,407.215 | 410.477 | 412.627 | 424.637 | 450.002 | 532.384,Defensa
Sancet,Athletic,-555.788 | -1.414.202 | -2.208.301 | -5.360.068 | -6.887.426 | +8.707.753,"-1,25% | -3,12% | -4,78% | -10,86% | -13,54% | +24,69%",,11ddías,43.982.652,44.538.440 | 45.396.854 | 46.190.953 | 49.342.720 | 50.870.078 | 35.274.899,Mediocampista
Giménez,Atlético,-70.018 | -154.346 | -234.592 | -580.715 | -1.396.694 | -3.889.298,"-1,61% | -3,49% | -5,20% | -11,96% | -24,63% | -47,65%",,40ddías,4.273.217,4.343.235 | 4.427.563 | 4.507.809 | 4.853.932 | 5.669.911 | 8.162.515,Defensa
Koke,Atlético,-130.911 | -350.962 | -596.029 | -1.753.497 | -2.374.625 | -2.374.625,"-0,84% | -2,23% | -3,73% | -10,23% | -13,36% | -13,36%",,8ddías,15.393.046,15.523.957 | 15.744.008 | 15.989.075 | 17.146.543 | 17.767.671 | 17.767.671,Mediocampista
Lemar,Atlético,-127.692 | -293.663 | +2.991.712 | +2.991.712 | +2.991.712 | +2.991.712,"-2,66% | -5,91% | 0% | 0% | 0% | 0%",,2ddías,4.672.342,4.800.034 | 4.966.005 | 0 | 0 | 0 | 0,Mediocampista
Oblak,Atlético,-311.287 | -807.021 | -1.293.153 | -2.816.486 | -4.340.862 | +4.004.244,"-0,61% | -1,57% | -2,49% | -5,27% | -7,90% | +8,60%",,12ddías,50.587.950,50.899.237 | 51.394.971 | 51.881.103 | 53.404.436 | 54.928.812 | 46.583.706,Portero
M. Llorente,Atlético,-426.329 | -889.103 | -1.425.641 | -3.336.491 | -8.790.112 | -17.356.772,"-0,87% | -1,80% | -2,85% | -6,42% | -15,31% | -26,31%",,25ddías,48.617.127,49.043.456 | 49.506.230 | 50.042.768 | 51.953.618 | 57.407.239 | 65.973.899,Defensa
Galán,Celta,-121.114 | -382.664 | -687.506 | -1.942.697 | -3.094.406 | -3.094.406,"-1,05% | -3,25% | -5,70% | -14,58% | -21,38% | -21,38%",,10ddías,11.381.423,11.502.537 | 11.764.087 | 12.068.929 | 13.324.120 | 14.475.829 | 14.475.829,Defensa
Barrios,Atlético,+17.702 | +60.008 | +89.573 | +130.105 | -6.653.053 | -5.194.809,"+0,04% | +0,14% | +0,21% | +0,31% | -13,70% | -11,03%",,6ddías,41.905.853,41.888.151 | 41.845.845 | 41.816.280 | 41.775.748 | 48.558.906 | 47.100.662,Mediocampista
I. Williams,Athletic,+17.363 | -153.383 | -324.029 | -955.812 | -3.293.258 | +2.769.275,"+0,06% | -0,57% | -1,19% | -3,43% | -10,91% | +11,48%",,1ddías,26.897.967,26.880.604 | 27.051.350 | 27.221.996 | 27.853.779 | 30.191.225 | 24.128.692,Delantero
Berenguer,Athletic,-79.129 | -192.031 | -268.612 | -522.983 | -1.282.224 | -3.167.219,"-0,92% | -2,19% | -3,04% | -5,76% | -13,02% | -27,00%",,36ddías,8.563.215,8.642.344 | 8.755.246 | 8.831.827 | 9.086.198 | 9.845.439 | 11.730.434,Delantero
Balde,Barcelona,+147.009 | +203.437 | +284.802 | +904.646 | -1.433.162 | -1.133.063,"+0,62% | +0,86% | +1,21% | +3,95% | -5,68% | -4,55%",,6ddías,23.794.288,23.647.279 | 23.590.851 | 23.509.486 | 22.889.642 | 25.227.450 | 24.927.351,Defensa
Guridi,Sevilla,+246.120 | +629.615 | +822.277 | +980.522 | +810.645 | +810.645,"+4,41% | +12,11% | +16,42% | +20,22% | +16,15% | +16,15%",,6ddías,5.829.960,5.583.840 | 5.200.345 | 5.007.683 | 4.849.438 | 5.019.315 | 5.019.315,Mediocampista
Gorosabel,Athletic,-40.021 | -90.304 | -137.435 | -302.266 | -824.962 | -2.422.720,"-1,88% | -4,13% | -6,16% | -12,62% | -28,27% | -53,64%",,45ddías,2.093.698,2.133.719 | 2.184.002 | 2.231.133 | 2.395.964 | 2.918.660 | 4.516.418,Defensa
Abqar,Getafe,+36.864 | +22.201 | +39.915 | +501.783 | +1.533.202 | +2.109.783,"+0,51% | +0,31% | +0,55% | +7,43% | +26,80% | +41,01%",,1ddías,7.254.504,7.217.640 | 7.232.303 | 7.214.589 | 6.752.721 | 5.721.302 | 5.144.721,Defensa
Guevara,Alavés,-21.044 | -50.054 | -78.619 | -163.847 | -348.413 | -1.029.426,"-2,05% | -4,75% | -7,26% | -14,03% | -25,76% | -50,62%",,45ddías,1.004.112,1.025.156 | 1.054.166 | 1.082.731 | 1.167.959 | 1.352.525 | 2.033.538,Mediocampista
Blanco,Alavés,-127.717 | -194.629 | -298.943 | -371.950 | -1.103.461 | -4.811.278,"-0,87% | -1,32% | -2,01% | -2,49% | -7,03% | -24,80%",,4ddías,14.590.188,14.717.905 | 14.784.817 | 14.889.131 | 14.962.138 | 15.693.649 | 19.401.466,Mediocampista
Rioja,Valencia,-328.933 | -691.585 | -1.061.884 | -2.647.873 | -6.018.743 | -10.685.808,"-2,96% | -6,02% | -8,95% | -19,69% | -35,79% | -49,74%",,45ddías,10.798.105,11.127.038 | 11.489.690 | 11.859.989 | 13.445.978 | 16.816.848 | 21.483.913,Mediocampista
Tenaglia,Alavés,+722.711 | +1.527.972 | +2.110.538 | +2.759.911 | +2.488.024 | +619.190,"+4,41% | +9,81% | +14,08% | +19,24% | +17,02% | +3,76%",,7ddías,17.102.733,16.380.022 | 15.574.761 | 14.992.195 | 14.342.822 | 14.614.709 | 16.483.543,Defensa
Kike García,Espanyol,-99.801 | -207.438 | -316.430 | -783.667 | -1.775.996 | -3.957.969,"-3,13% | -6,30% | -9,31% | -20,26% | -36,54% | -56,20%",,43ddías,3.084.081,3.183.882 | 3.291.519 | 3.400.511 | 3.867.748 | 4.860.077 | 7.042.050,Delantero
Rebbach,Alavés,+905 | -7.826 | -30.765 | -273.804 | -868.286 | -2.663.390,"+0,03% | -0,22% | -0,84% | -7,04% | -19,36% | -42,41%",,1ddías,3.616.960,3.616.055 | 3.624.786 | 3.647.725 | 3.890.764 | 4.485.246 | 6.280.350,Delantero
Yeray,Athletic,+54.590 | +79.983 | +91.188 | +333.437 | +802.459 | -92.385,"+1,14% | +1,68% | +1,93% | +7,42% | +19,94% | -1,88%",,17ddías,4.826.876,4.772.286 | 4.746.893 | 4.735.688 | 4.493.439 | 4.024.417 | 4.919.261,Defensa
Carlos BenavidezProtesoni,Alavés,-70.221 | -149.072 | -227.736 | -517.545 | -619.167 | -619.167,"-2,85% | -5,87% | -8,69% | -17,79% | -20,56% | -20,56%",,8ddías,2.392.421,2.462.642 | 2.541.493 | 2.620.157 | 2.909.966 | 3.011.588 | 3.011.588,Mediocampista
Owono,Alavés,-17.309 | -39.244 | -60.845 | -138.800 | +27.993 | +27.993,"-2,02% | -4,47% | -6,77% | -14,21% | 0% | 0%",,7ddías,838.061,855.370 | 877.305 | 898.906 | 976.861 | 0 | 0,Portero
Adrián,Alavés,-21.882 | -47.280 | -72.741 | -717.556 | -717.556 | -717.556,"-2,32% | -4,87% | -7,31% | 0% | 0% | 0%",,6ddías,922.659,944.541 | 969.939 | 995.400 | 0 | 0 | 0,Portero
Pubill,Atlético,-621.006 | -1.312.866 | -2.066.865 | -5.706.383 | -15.859.884 | -1.253.975,"-1,10% | -2,29% | -3,56% | -9,24% | -22,05% | -2,19%",,16ddías,56.070.940,56.691.946 | 57.383.806 | 58.137.805 | 61.777.323 | 71.930.824 | 57.324.915,Defensa
Unai Simón,Athletic,-498.259 | -1.198.940 | -2.017.692 | -4.391.980 | -7.521.870 | +16.442.252,"-0,96% | -2,28% | -3,78% | -7,88% | -12,78% | +47,09%",,12ddías,51.356.509,51.854.768 | 52.555.449 | 53.374.201 | 55.748.489 | 58.878.379 | 34.914.257,Portero
Vivian,Athletic,-270.722 | -561.317 | -863.943 | -2.135.172 | -4.741.891 | -12.314.156,"-2,81% | -5,66% | -8,46% | -18,59% | -33,65% | -56,84%",,34ddías,9.349.346,9.620.068 | 9.910.663 | 10.213.289 | 11.484.518 | 14.091.237 | 21.663.502,Defensa
Paredes,Athletic,+99.738 | +197.444 | +263.670 | +671.304 | +1.221.449 | +469.976,"+1,85% | +3,74% | +5,06% | +13,97% | +28,70% | +9,39%",,17ddías,5.477.677,5.377.939 | 5.280.233 | 5.214.007 | 4.806.373 | 4.256.228 | 5.007.701,Defensa
Riquelme,Betis,+75.436 | +145.093 | +222.116 | +628.530 | +1.016.177 | +190.738,"+1,75% | +3,43% | +5,35% | +16,77% | +30,23% | +4,56%",,13ddías,4.377.287,4.301.851 | 4.232.194 | 4.155.171 | 3.748.757 | 3.361.110 | 4.186.549,Mediocampista
Gavi,Barcelona,-553.024 | -1.247.889 | -1.847.760 | -4.488.097 | -9.175.429 | -450.582,"-1,83% | -4,04% | -5,86% | -13,14% | -23,62% | -1,50%",,14ddías,29.664.109,30.217.133 | 30.911.998 | 31.511.869 | 34.152.206 | 38.839.538 | 30.114.691,Mediocampista
Diego Rico,Osasuna,-40.565 | -199.299 | -368.776 | -368.776 | -368.776 | -368.776,"-0,88% | -4,20% | -7,50% | -7,50% | -7,50% | -7,50%",,3ddías,4.550.176,4.590.741 | 4.749.475 | 4.918.952 | 4.918.952 | 4.918.952 | 4.918.952,Defensa
Iván Villar,Celta,-17.928 | -40.979 | -64.251 | -134.481 | -291.725 | -821.959,"-2,00% | -4,47% | -6,83% | -13,30% | -24,97% | -48,40%",,45ddías,876.419,894.347 | 917.398 | 940.670 | 1.010.900 | 1.168.144 | 1.698.378,Portero
Chust,Elche,+165.715 | +313.265 | +290.106 | -114.014 | -114.014 | -114.014,"+3,50% | +6,82% | +6,29% | -2,27% | -2,27% | -2,27%",,2ddías,4.905.362,4.739.647 | 4.592.097 | 4.615.256 | 5.019.376 | 5.019.376 | 5.019.376,Defensa
Starfelt,Celta,-41.662 | -41.707 | -30.399 | +451.323 | +2.094.693 | +3.445.284,"-0,30% | -0,30% | -0,22% | +3,33% | +17,56% | +32,57%",,2ddías,14.024.071,14.065.733 | 14.065.778 | 14.054.470 | 13.572.748 | 11.929.378 | 10.578.787,Defensa
U. Núñez,Espanyol,+257.096 | +586.222 | +776.129 | +906.371 | +669.071 | -540.534,"+6,09% | +15,06% | +20,96% | +25,37% | +17,56% | -10,77%",,7ddías,4.478.580,4.221.484 | 3.892.358 | 3.702.451 | 3.572.209 | 3.809.509 | 5.019.114,Defensa
Dotor,Málaga,-67.589 | -169.057 | -269.044 | -698.962 | -838.639 | -834.236,"-2,08% | -5,05% | -7,81% | -18,04% | -20,89% | 0%",,8ddías,3.176.265,3.243.854 | 3.345.322 | 3.445.309 | 3.875.227 | 4.014.904 | 0,Mediocampista
Carles Pérez,Celta,-27.291 | -58.576 | -89.916 | -217.132 | -503.233 | -571.593,"-2,53% | -5,27% | -7,87% | -17,10% | -32,35% | 0%",,22ddías,1.052.473,1.079.764 | 1.111.049 | 1.142.389 | 1.269.605 | 1.555.706 | 0,Delantero
Aspas,Celta,-61.678 | -142.194 | -222.317 | -475.252 | -1.292.942 | -3.578.213,"-0,89% | -2,03% | -3,14% | -6,48% | -15,85% | -34,27%",,39ddías,6.863.893,6.925.571 | 7.006.087 | 7.086.210 | 7.339.145 | 8.156.835 | 10.442.106,Delantero
Swedberg,Celta,-67.465 | -154.501 | -250.084 | -412.755 | -962.327 | -3.167.498,"-0,87% | -1,97% | -3,15% | -5,09% | -11,12% | -29,17%",,5ddías,7.692.052,7.759.517 | 7.846.553 | 7.942.136 | 8.104.807 | 8.654.379 | 10.859.550,Mediocampista
Ruibal,Betis,-60.506 | -126.320 | -192.292 | -472.009 | -1.068.524 | -3.053.414,"-2,91% | -5,89% | -8,69% | -18,94% | -34,60% | -60,19%",,45ddías,2.019.631,2.080.137 | 2.145.951 | 2.211.923 | 2.491.640 | 3.088.155 | 5.073.045,Delantero
Miguel,Alavés,-80.127 | -170.740 | -261.884 | +2.113.116 | +2.113.116 | +2.113.116,"-2,79% | -5,76% | -8,57% | 0% | 0% | 0%",,6ddías,2.792.877,2.873.004 | 2.963.617 | 3.054.761 | 0 | 0 | 0,Delantero
Sotelo,Levante,0 | 0 | 0 | 0 | 0 | -167.469,"0,00% | 0,00% | 0,00% | 0,00% | 0,00% | -10,80%",,20ddías,1.382.803,1.382.803 | 1.382.803 | 1.382.803 | 1.382.803 | 1.382.803 | 1.550.272,Mediocampista
Djené,Getafe,+219.068 | +431.610 | +597.340 | +1.498.321 | +932.037 | +932.037,"+2,40% | +4,83% | +6,81% | +19,05% | +11,05% | +11,05%",,7ddías,9.364.529,9.145.461 | 8.932.919 | 8.767.189 | 7.866.208 | 8.432.492 | 8.432.492,Defensa
Enes Ünal,Getafe,+6.469 | -32.136 | -78.518 | +10.673.129 | +10.673.129 | +10.673.129,"+0,05% | -0,26% | -0,63% | 0% | 0% | 0%",,1ddías,12.316.294,12.309.825 | 12.348.430 | 12.394.812 | 0 | 0 | 0,Delantero
Aleñá,Alavés,-70.591 | -155.155 | -232.261 | -333.734 | -610.636 | -1.828.927,"-1,94% | -4,16% | -6,11% | -8,55% | -14,60% | -33,87%",,45ddías,3.571.237,3.641.828 | 3.726.392 | 3.803.498 | 3.904.971 | 4.181.873 | 5.400.164,Mediocampista
Carmona,Sevilla,-75.750 | -174.692 | -271.707 | -388.170 | -626.227 | -1.619.809,"-1,86% | -4,19% | -6,37% | -8,87% | -13,56% | -28,87%",,40ddías,3.990.381,4.066.131 | 4.165.073 | 4.262.088 | 4.378.551 | 4.616.608 | 5.610.190,Defensa
Soria,Getafe,+564.879 | +1.180.168 | +1.614.171 | +4.009.076 | +2.743.624 | +2.743.624,"+2,63% | +5,66% | +7,90% | +22,23% | +14,22% | +14,22%",,8ddías,22.039.978,21.475.099 | 20.859.810 | 20.425.807 | 18.030.902 | 19.296.354 | 19.296.354,Portero
Navarro,Athletic,+570 | -14.312 | -22.624 | +24.965 | -5.438 | -462.844,"+0,03% | -0,68% | -1,06% | +1,20% | -0,26% | -18,04%",,1ddías,2.102.903,2.102.333 | 2.117.215 | 2.125.527 | 2.077.938 | 2.108.341 | 2.565.747,Mediocampista
Isco,Betis,-434.799 | -898.997 | -1.486.375 | -2.995.246 | -7.120.876 | +42.175.956,"-0,81% | -1,67% | -2,72% | -5,34% | -11,83% | 0%",,29ddías,53.068.467,53.503.266 | 53.967.464 | 54.554.842 | 56.063.713 | 60.189.343 | 0,Mediocampista
Pedri,Barcelona,+473.881 | +1.481.308 | +2.307.776 | +3.275.748 | -1.514.623 | -87.004.051,"+0,52% | +1,64% | +2,59% | +3,71% | -1,63% | 0%",,6ddías,91.533.541,91.059.660 | 90.052.233 | 89.225.765 | 88.257.793 | 93.048.164 | 0,Mediocampista
Cubarsí,Barcelona,-277.854 | -622.600 | -936.004 | -3.453.966 | -12.737.225 | -10.822.705,"-0,36% | -0,81% | -1,21% | -4,33% | -14,29% | -12,41%",,21ddías,76.401.480,76.679.334 | 77.024.080 | 77.337.484 | 79.855.446 | 89.138.705 | 87.224.185,Defensa
Raphinha,Barcelona,+1.561.380 | +3.815.981 | +5.368.274 | +12.927.311 | +22.006.830 | +2.531.677,"+1,73% | +4,33% | +6,20% | +16,35% | +31,44% | +2,83%",,13ddías,91.998.684,90.437.304 | 88.182.703 | 86.630.410 | 79.071.373 | 69.991.854 | 89.467.007,Delantero
A. Christensen,Barcelona,0 | 0 | 0 | 0 | 0 | 0,"0,00% | 0,00% | 0,00% | 0,00% | 0,00% | 0,00%",,42ddías,5.019.340,5.019.340 | 5.019.340 | 5.019.340 | 5.019.340 | 5.019.340 | 5.019.340,Defensa
M. Alonso,Celta,-201.586 | -451.765 | -801.841 | -1.432.539 | -43.601.410 | -43.601.410,"-0,71% | -1,58% | -2,77% | -4,85% | 0% | 0%",,13ddías,28.102.709,28.304.295 | 28.554.474 | 28.904.550 | 29.535.248 | 0 | 0,Defensa
F. de Jong,Barcelona,-709.072 | -1.488.239 | -2.255.188 | -5.671.000 | -12.983.625 | -21.747.473,"-3,00% | -6,10% | -8,96% | -19,83% | -36,16% | -48,68%",,21ddías,22.924.667,23.633.739 | 24.412.906 | 25.179.855 | 28.595.667 | 35.908.292 | 44.672.140,Mediocampista
Koundé,Barcelona,-277.034 | -717.215 | -1.109.088 | -3.179.889 | -8.436.860 | -9.088.009,"-0,70% | -1,79% | -2,74% | -7,46% | -17,63% | -18,73%",,21ddías,39.422.958,39.699.992 | 40.140.173 | 40.532.046 | 42.602.847 | 47.859.818 | 48.510.967,Defensa
Yamal,Barcelona,+304.775 | +772.206 | +475.318 | -1.400.629 | -1.681.345 | +56.082.671,"+0,24% | +0,61% | +0,38% | -1,10% | -1,31% | 0%",,2ddías,126.378.854,126.074.079 | 125.606.648 | 125.903.536 | 127.779.483 | 128.060.199 | 0,Delantero
Casadó,Barcelona,-19.219 | -48.827 | -73.313 | -151.341 | -345.709 | -745.108,"-1,17% | -2,93% | -4,33% | -8,54% | -17,58% | -31,50%",,45ddías,1.620.349,1.639.568 | 1.669.176 | 1.693.662 | 1.771.690 | 1.966.058 | 2.365.457,Mediocampista
Fermín,Barcelona,+1.436.134 | +2.844.086 | +4.044.720 | +9.501.020 | +9.704.371 | -8.345.600,"+2,07% | +4,19% | +6,06% | +15,51% | +15,89% | -10,55%",,10ddías,70.777.985,69.341.851 | 67.933.899 | 66.733.265 | 61.276.965 | 61.073.614 | 79.123.585,Mediocampista
Marc Roca,Betis,-26.136 | -57.119 | -85.977 | +48.338 | +519.049 | +372.591,"-0,49% | -1,06% | -1,59% | +0,92% | +10,82% | +7,53%",,3ddías,5.317.920,5.344.056 | 5.375.039 | 5.403.897 | 5.269.582 | 4.798.871 | 4.945.329,Mediocampista
Bellerín,Betis,-73.323 | -42.999 | +29.625 | +971.739 | +2.775.545 | +3.921.007,"-0,51% | -0,30% | +0,21% | +7,22% | +23,81% | +37,31%",,1ddías,14.431.438,14.504.761 | 14.474.437 | 14.401.813 | 13.459.699 | 11.655.893 | 10.510.431,Defensa
Guido,Valencia,-282.796 | -694.032 | -1.052.019 | -1.883.206 | +22.247.011 | +22.247.011,"-1,16% | -2,79% | -4,17% | -7,23% | 0% | 0%",,13ddías,24.172.552,24.455.348 | 24.866.584 | 25.224.571 | 26.055.758 | 0 | 0,Mediocampista
Abde,Betis,-657.948 | -1.474.057 | -2.202.359 | -6.062.061 | -15.218.597 | -90.472.322,"-1,56% | -3,44% | -5,05% | -12,77% | -26,87% | 0%",,29ddías,41.409.795,42.067.743 | 42.883.852 | 43.612.154 | 47.471.856 | 56.628.392 | 0,Delantero
Iglesias,Celta,-259.595 | -575.484 | -865.056 | -1.837.442 | -5.014.890 | -1.139.175,"-1,00% | -2,19% | -3,25% | -6,66% | -16,31% | -4,24%",,18ddías,25.732.242,25.991.837 | 26.307.726 | 26.597.298 | 27.569.684 | 30.747.132 | 26.871.417,Delantero
Ayoze,Villarreal,-99.079 | -126.068 | -134.363 | +1.126.820 | +1.314.536 | -880.252,"-0,56% | -0,71% | -0,76% | +6,86% | +8,10% | -4,78%",,3ddías,17.548.092,17.647.171 | 17.674.160 | 17.682.455 | 16.421.272 | 16.233.556 | 18.428.344,Delantero
Bartra,Betis,-281.902 | -643.317 | -839.966 | -888.187 | +892.395 | +5.400.986,"-1,04% | -2,33% | -3,03% | -3,19% | +3,43% | +25,11%",,5ddías,26.911.249,27.193.151 | 27.554.566 | 27.751.215 | 27.799.436 | 26.018.854 | 21.510.263,Defensa
Juan Cruz,Málaga,-180.557 | -351.379 | -487.588 | -1.327.000 | -5.014.420 | -5.014.420,"-1,19% | -2,30% | -3,16% | -8,15% | 0% | 0%",,7ddías,14.954.023,15.134.580 | 15.305.402 | 15.441.611 | 16.281.023 | 0 | 0,Mediocampista
Canós,Valencia,-3.277 | -9.547 | -14.831 | -40.736 | -96.610 | -923.279,"-0,68% | -1,97% | -3,02% | -7,88% | -16,87% | 0%",,22ddías,476.137,479.414 | 485.684 | 490.968 | 516.873 | 572.747 | 0,Delantero
Olasagasti,Levante,-54.887 | -130.154 | -195.483 | +26.702 | +469.095 | -208.324,"-1,30% | -3,02% | -4,47% | +0,64% | +12,64% | -4,75%",,4ddías,4.181.624,4.236.511 | 4.311.778 | 4.377.107 | 4.154.922 | 3.712.529 | 4.389.948,Mediocampista
Duro,Valencia,+24.071 | +17.580 | +53.897 | +66.006 | -468.301 | -2.280.364,"+0,28% | +0,21% | +0,64% | +0,78% | -5,20% | -21,08%",,1ddías,8.535.164,8.511.093 | 8.517.584 | 8.481.267 | 8.469.158 | 9.003.465 | 10.815.528,Delantero
Manu González,Betis,0 | 0 | 0 | 0 | 0 | 0,"0,00% | 0,00% | 0,00% | 0,00% | 0,00% | 0,00%",,42ddías,581.691,581.691 | 581.691 | 581.691 | 581.691 | 581.691 | 581.691,Portero
Aramburu,Real Sociedad,+136.840 | +264.360 | +484.244 | +1.232.791 | +2.849.540 | +8.268.443,"+0,76% | +1,48% | +2,74% | +7,29% | +18,64% | +83,76%",,44ddías,18.140.397,18.003.557 | 17.876.037 | 17.656.153 | 16.907.606 | 15.290.857 | 9.871.954,Defensa
Luiz Junior,Villarreal,-365.796 | -842.437 | -1.342.874 | -2.839.837 | -3.906.928 | +8.748.400,"-1,00% | -2,27% | -3,57% | -7,26% | -9,73% | +31,79%",,11ddías,36.267.052,36.632.848 | 37.109.489 | 37.609.926 | 39.106.889 | 40.173.980 | 27.518.652,Portero
Logan Costa,Villarreal,-24.264 | -57.301 | -88.423 | -168.501 | -347.117 | -1.010.420,"-2,09% | -4,79% | -7,21% | -12,89% | -23,37% | -47,02%",,45ddías,1.138.466,1.162.730 | 1.195.767 | 1.226.889 | 1.306.967 | 1.485.583 | 2.148.886,Defensa
Iturbe,Elche,-14.572 | -32.790 | -50.519 | -50.519 | -50.519 | -50.519,"-1,90% | -4,18% | -6,30% | -6,30% | -6,30% | -6,30%",,3ddías,751.580,766.152 | 784.370 | 802.099 | 802.099 | 802.099 | 802.099,Portero
Lo Celso,Betis,-964.449 | -1.973.525 | -2.955.738 | -7.004.722 | -7.583.671 | +4.833.433,"-2,85% | -5,67% | -8,26% | -17,58% | -18,76% | +17,26%",,10ddías,32.840.386,33.804.835 | 34.813.911 | 35.796.124 | 39.845.108 | 40.424.057 | 28.006.953,Mediocampista
Otorbi,Valencia,0 | 0 | 0 | 0 | 0 | 0,"0,00% | 0,00% | 0,00% | 0,00% | 0,00% | 0,00%",,42ddías,602.292,602.292 | 602.292 | 602.292 | 602.292 | 602.292 | 602.292,Delantero
Alfon,Sevilla,-167.588 | -348.731 | -531.116 | -1.297.850 | -1.767.940 | -1.767.940,"-3,09% | -6,22% | -9,17% | -19,79% | -25,16% | -25,16%",,9ddías,5.258.821,5.426.409 | 5.607.552 | 5.789.937 | 6.556.671 | 7.026.761 | 7.026.761,Delantero
Berrocal,Getafe,-40.114 | -86.832 | -134.016 | -307.514 | +397.818 | +397.818,"-2,73% | -5,73% | -8,57% | -17,71% | 0% | 0%",,7ddías,1.429.128,1.469.242 | 1.515.960 | 1.563.144 | 1.736.642 | 0 | 0,Defensa
Risco,Getafe,-10.577 | -24.452 | -37.657 | -51.366 | -51.366 | -51.366,"-1,60% | -3,62% | -5,47% | -7,31% | -7,31% | -7,31%",,4ddías,651.339,661.916 | 675.791 | 688.996 | 702.705 | 702.705 | 702.705,Mediocampista
Pelayo,Rayo,-17.852 | -41.277 | -64.811 | -737.016 | -737.016 | -737.016,"-1,88% | -4,24% | -6,51% | 0% | 0% | 0%",,6ddías,931.155,949.007 | 972.432 | 995.966 | 0 | 0 | 0,Defensa
De la Sías,Rayo,-7.029 | -17.208 | -26.563 | -36.053 | -36.053 | -36.053,"-1,23% | -2,95% | -4,48% | -5,99% | -5,99% | -5,99%",,4ddías,566.181,573.210 | 583.389 | 592.744 | 602.234 | 602.234 | 602.234,Defensa
Óskarsson,Real Sociedad,-87.728 | -211.616 | -326.337 | -704.117 | -1.659.731 | -4.661.771,"-1,19% | -2,82% | -4,29% | -8,82% | -18,56% | -39,03%",,45ddías,7.282.107,7.369.835 | 7.493.723 | 7.608.444 | 7.986.224 | 8.941.838 | 11.943.878,Delantero
Pau Navarro,Villarreal,-204.907 | -416.787 | -660.100 | -1.004.607 | -1.676.186 | -4.600.879,"-2,44% | -4,84% | -7,46% | -10,92% | -16,98% | -35,96%",,45ddías,8.193.700,8.398.607 | 8.610.487 | 8.853.800 | 9.198.307 | 9.869.886 | 12.794.579,Defensa
Etta Eyong,Levante,-531.487 | -1.053.659 | -1.340.824 | -767.459 | +2.996.732 | +10.607.817,"-2,13% | -4,14% | -5,20% | -3,05% | +13,98% | +76,76%",,3ddías,24.426.515,24.958.002 | 25.480.174 | 25.767.339 | 25.193.974 | 21.429.783 | 13.818.698,Delantero
Szczesny,Barcelona,-34.266 | -87.100 | -140.250 | -329.223 | -751.146 | -1.090.955,"-1,59% | -3,95% | -6,21% | -13,46% | -26,19% | -34,00%",,18ddías,2.117.445,2.151.711 | 2.204.545 | 2.257.695 | 2.446.668 | 2.868.591 | 3.208.400,Portero
Jon Martín,Real Sociedad,0 | 0 | 0 | 0 | 0 | 0,"0,00% | 0,00% | 0,00% | 0,00% | 0,00% | 0,00%",,42ddías,30.111.790,30.111.790 | 30.111.790 | 30.111.790 | 30.111.790 | 30.111.790 | 30.111.790,Defensa
Kumbulla,Rayo,-153.570 | -311.999 | -465.947 | +4.063.651 | +4.063.651 | +4.063.651,"-3,00% | -5,92% | -8,59% | 0% | 0% | 0%",,6ddías,4.960.802,5.114.372 | 5.272.801 | 5.426.749 | 0 | 0 | 0,Defensa
Serrano,Atlético,0 | 0 | 0 | 0 | -20.714 | -103.014,"0,00% | 0,00% | 0,00% | 0,00% | -4,60% | -19,36%",,8ddías,429.199,429.199 | 429.199 | 429.199 | 429.199 | 449.913 | 532.213,Mediocampista
Mario Martín,Getafe,+85.364 | +173.969 | +234.333 | +297.149 | +156.134 | +156.134,"+2,09% | +4,35% | +5,95% | +7,67% | +3,89% | +3,89%",,6ddías,4.171.606,4.086.242 | 3.997.637 | 3.937.273 | 3.874.457 | 4.015.472 | 4.015.472,Mediocampista
Uche,Getafe,-586.800 | -1.219.369 | -1.853.683 | -4.651.355 | +5.206.962 | +5.206.962,"-3,17% | -6,38% | -9,38% | -20,62% | 0% | 0%",,13ddías,17.901.711,18.488.511 | 19.121.080 | 19.755.394 | 22.553.066 | 0 | 0,Delantero
Alvarez,Atlético,-1.052.833 | -1.190.926 | -712.500 | +354.073 | -270.258 | -9.897.842,"-1,48% | -1,67% | -1,01% | +0,51% | -0,38% | -12,37%",,2ddías,70.102.158,71.154.991 | 71.293.084 | 70.814.658 | 69.748.085 | 70.372.416 | 80.000.000,Delantero
Padilla,Athletic,-31.515 | -76.683 | -124.136 | -124.136 | -124.136 | -124.136,"-2,23% | -5,26% | -8,25% | -8,25% | -8,25% | -8,25%",,3ddías,1.381.452,1.412.967 | 1.458.135 | 1.505.588 | 1.505.588 | 1.505.588 | 1.505.588,Portero
Jauregizar,Athletic,-153.497 | -292.607 | -401.239 | -2.748 | +2.117.975 | +8.549.043,"-0,55% | -1,04% | -1,42% | -0,01% | +8,20% | +44,06%",,3ddías,27.951.407,28.104.904 | 28.244.014 | 28.352.646 | 27.954.155 | 25.833.432 | 19.402.364,Mediocampista
Boiro,Athletic,-3.077 | -9.139 | -14.205 | -38.385 | -87.957 | -253.938,"-0,65% | -1,90% | -2,93% | -7,53% | -15,73% | -35,01%",,29ddías,471.333,474.410 | 480.472 | 485.538 | 509.718 | 559.290 | 725.271,Defensa
Ferrer,Getafe,-10.577 | -24.452 | -37.657 | -51.366 | -51.366 | -51.366,"-1,60% | -3,62% | -5,47% | -7,31% | -7,31% | -7,31%",,4ddías,651.339,661.916 | 675.791 | 688.996 | 702.705 | 702.705 | 702.705,Portero
Leo Román,Deportivo,+741.630 | +1.329.870 | +1.635.630 | +3.604.874 | +9.340.334 | +36.924.778,"+1,95% | +3,55% | +4,40% | +10,24% | +31,71% | 0%",,21ddías,38.793.200,38.051.570 | 37.463.330 | 37.157.570 | 35.188.326 | 29.452.866 | 0,Portero
Olmo,Barcelona,-433.993 | -908.261 | -1.509.206 | -3.927.067 | -10.288.436 | -44.011.300,"-0,71% | -1,48% | -2,44% | -6,10% | -14,54% | 0%",,29ddías,60.468.430,60.902.423 | 61.376.691 | 61.977.636 | 64.395.497 | 70.756.866 | 0,Mediocampista
Hugo Álvarez,Celta,-43.456 | -100.593 | -155.941 | -308.459 | -634.022 | -2.047.786,"-1,54% | -3,50% | -5,33% | -10,02% | -18,62% | -42,50%",,45ddías,2.770.375,2.813.831 | 2.870.968 | 2.926.316 | 3.078.834 | 3.404.397 | 4.818.161,Mediocampista
Musso,Atlético,-85.309 | -185.849 | -277.957 | -614.323 | -1.381.005 | -3.592.416,"-2,06% | -4,38% | -6,41% | -13,15% | -25,40% | -46,97%",,45ddías,4.056.137,4.141.446 | 4.241.986 | 4.334.094 | 4.670.460 | 5.437.142 | 7.648.553,Portero
Toni Martinez,Alavés,+352.561 | +703.631 | +971.147 | +1.067.403 | -220.604 | -6.350.800,"+1,36% | +2,76% | +3,85% | +4,25% | -0,83% | -19,51%",,6ddías,26.200.040,25.847.479 | 25.496.409 | 25.228.893 | 25.132.637 | 26.420.644 | 32.550.840,Delantero
Martín,Barcelona,+558.153 | +1.043.843 | +1.608.923 | +4.031.152 | +9.284.539 | +7.375.219,"+1,49% | +2,83% | +4,43% | +11,90% | +32,45% | +24,17%",,15ddías,37.892.815,37.334.662 | 36.848.972 | 36.283.892 | 33.861.663 | 28.608.276 | 30.517.596,Defensa
Bernal,Barcelona,+115.168 | +250.334 | +414.618 | +1.459.772 | +3.372.662 | +4.200.513,"+1,50% | +3,31% | +5,60% | +22,97% | +75,93% | +116,23%",,19ddías,7.814.437,7.699.269 | 7.564.103 | 7.399.819 | 6.354.665 | 4.441.775 | 3.613.924,Mediocampista
Almeida,Valencia,-41.765 | -101.269 | -151.137 | -319.703 | -771.987 | -2.293.663,"-1,82% | -4,31% | -6,30% | -12,45% | -25,57% | -50,51%",,45ddías,2.247.597,2.289.362 | 2.348.866 | 2.398.734 | 2.567.300 | 3.019.584 | 4.541.260,Mediocampista
Durán,Celta,-18.223 | -42.997 | -68.503 | -173.818 | -415.779 | -1.174.020,"-1,93% | -4,43% | -6,87% | -15,78% | -30,94% | -55,85%",,45ddías,928.019,946.242 | 971.016 | 996.522 | 1.101.837 | 1.343.798 | 2.102.039,Delantero
Javi Rodríguez,Celta,+9.107 | +12.808 | +10.372 | -965.061 | -965.061 | -965.061,"+0,10% | +0,14% | +0,11% | -9,61% | -9,61% | -9,61%",,2ddías,9.072.591,9.063.484 | 9.059.783 | 9.062.219 | 10.037.652 | 10.037.652 | 10.037.652,Defensa
Spina,Atlético,0 | 0 | 0 | 0 | 0 | 0,"0,00% | 0,00% | 0,00% | 0,00% | 0,00% | 0,00%",,42ddías,702.702,702.702 | 702.702 | 702.702 | 702.702 | 702.702 | 702.702,Defensa
Asencio,Real Madrid,-109.209 | -230.296 | -347.131 | -884.410 | -2.057.257 | -5.157.305,"-2,67% | -5,48% | -8,03% | -18,20% | -34,11% | -56,48%",,45ddías,3.973.795,4.083.004 | 4.204.091 | 4.320.926 | 4.858.205 | 6.031.052 | 9.131.100,Defensa
Novoa,Alavés,-18.356 | -40.334 | -61.979 | +188.532 | +188.532 | +188.532,"-2,14% | -4,59% | -6,89% | 0% | 0% | 0%",,6ddías,838.031,856.387 | 878.365 | 900.010 | 0 | 0 | 0,Defensa
Castrín,Sevilla,-68.504 | -173.963 | -260.125 | -645.970 | -814.313 | -814.313,"-1,68% | -4,16% | -6,09% | -13,88% | -16,88% | -16,88%",,8ddías,4.008.703,4.077.207 | 4.182.666 | 4.268.828 | 4.654.673 | 4.823.016 | 4.823.016,Defensa
Osambela,Osasuna,0 | 0 | 0 | 0 | 0 | 0,"0,00% | 0,00% | 0,00% | 0,00% | 0,00% | 0,00%",,42ddías,501.932,501.932 | 501.932 | 501.932 | 501.932 | 501.932 | 501.932,Mediocampista
Juanpe,Rayo,0 | 0 | 0 | 0 | 0 | 0,"0,00% | 0,00% | 0,00% | 0,00% | 0,00% | 0,00%",,42ddías,602.234,602.234 | 602.234 | 602.234 | 602.234 | 602.234 | 602.234,Portero
Yáñez,Real Madrid,0 | 0 | 0 | 0 | 0 | 0,"0,00% | 0,00% | 0,00% | 0,00% | 0,00% | 0,00%",,42ddías,702.606,702.606 | 702.606 | 702.606 | 702.606 | 702.606 | 702.606,Delantero
D. Aguado,Real Madrid,0 | 0 | 0 | 0 | 0 | 0,"0,00% | 0,00% | 0,00% | 0,00% | 0,00% | 0,00%",,42ddías,774.109,774.109 | 774.109 | 774.109 | 774.109 | 774.109 | 774.109,Defensa
Fran González,Sevilla,-8.144 | -20.424 | -31.757 | -47.706 | -78.435 | -78.435,"-1,29% | -3,17% | -4,84% | -7,10% | -11,16% | -11,16%",,11ddías,624.187,632.331 | 644.611 | 655.944 | 671.893 | 702.622 | 702.622,Portero
Mariezkurrena,Real Sociedad,0 | 0 | 0 | 0 | 0 | 0,"0,00% | 0,00% | 0,00% | 0,00% | 0,00% | 0,00%",,42ddías,677.966,677.966 | 677.966 | 677.966 | 677.966 | 677.966 | 677.966,Delantero
Rafa,Sevilla,0 | 0 | 0 | 0 | 0 | 0,"0,00% | 0,00% | 0,00% | 0,00% | 0,00% | 0,00%",,42ddías,602.257,602.257 | 602.257 | 602.257 | 602.257 | 602.257 | 602.257,Portero
Rayane,Atlético,0 | 0 | 0 | 0 | 0 | 0,"0,00% | 0,00% | 0,00% | 0,00% | 0,00% | 0,00%",,42ddías,678.006,678.006 | 678.006 | 678.006 | 678.006 | 678.006 | 678.006,Delantero
Diatta,Villarreal,-5.283 | -13.644 | -21.105 | -57.360 | -57.360 | -57.360,"-1,00% | -2,54% | -3,87% | -9,86% | -9,86% | -9,86%",,7ddías,524.296,529.579 | 537.940 | 545.401 | 581.656 | 581.656 | 581.656,Mediocampista
Swiderski,Alavés,-7.055 | -17.261 | -26.644 | -35.503 | -35.503 | -35.503,"-1,23% | -2,96% | -4,49% | -5,89% | -5,89% | -5,89%",,4ddías,566.813,573.868 | 584.074 | 593.457 | 602.316 | 602.316 | 602.316,Portero
Pablo García,Betis,0 | 0 | 0 | 0 | 0 | 0,"0,00% | 0,00% | 0,00% | 0,00% | 0,00% | 0,00%",,42ddías,2.509.371,2.509.371 | 2.509.371 | 2.509.371 | 2.509.371 | 2.509.371 | 2.509.371,Delantero
Bekhoucha,Getafe,0 | 0 | 0 | 0 | 0 | 0,"0,00% | 0,00% | 0,00% | 0,00% | 0,00% | 0,00%",,42ddías,1.104.254,1.104.254 | 1.104.254 | 1.104.254 | 1.104.254 | 1.104.254 | 1.104.254,Defensa
Arguibide,Osasuna,0 | 0 | 0 | 0 | 0 | 0,"0,00% | 0,00% | 0,00% | 0,00% | 0,00% | 0,00%",,42ddías,582.013,582.013 | 582.013 | 582.013 | 582.013 | 582.013 | 582.013,Defensa
Molina,Rayo,0 | 0 | 0 | 0 | 0 | 0,"0,00% | 0,00% | 0,00% | 0,00% | 0,00% | 0,00%",,42ddías,602.234,602.234 | 602.234 | 602.234 | 602.234 | 602.234 | 602.234,Portero
Fortuny,Real Madrid,0 | 0 | 0 | 0 | 0 | 0,"0,00% | 0,00% | 0,00% | 0,00% | 0,00% | 0,00%",,42ddías,602.234,602.234 | 602.234 | 602.234 | 602.234 | 602.234 | 602.234,Mediocampista
Ortiz,Betis,0 | 0 | 0 | 0 | 0 | 0,"0,00% | 0,00% | 0,00% | 0,00% | 0,00% | 0,00%",,42ddías,1.706.372,1.706.372 | 1.706.372 | 1.706.372 | 1.706.372 | 1.706.372 | 1.706.372,Defensa
Niño,Málaga,-61.369 | -130.346 | -198.420 | -469.603 | -586.589 | -1.106.124,"-2,69% | -5,55% | -8,21% | -17,48% | -20,92% | -33,28%",,45ddías,2.217.199,2.278.568 | 2.347.545 | 2.415.619 | 2.686.802 | 2.803.788 | 3.323.323,Delantero
Roberto,Espanyol,+572.694 | +1.220.219 | +1.709.890 | +2.385.477 | +3.418.042 | +2.745.450,"+6,79% | +15,66% | +23,41% | +35,99% | +61,09% | +43,80%",,15ddías,9.013.132,8.440.438 | 7.792.913 | 7.303.242 | 6.627.655 | 5.595.090 | 6.267.682,Delantero
El-Abdellaoui,Celta,0 | 0 | 0 | 0 | 0 | 0,"0,00% | 0,00% | 0,00% | 0,00% | 0,00% | 0,00%",,42ddías,1.304.893,1.304.893 | 1.304.893 | 1.304.893 | 1.304.893 | 1.304.893 | 1.304.893,Delantero
Garcés,Alavés,-7.263 | -17.686 | -27.295 | -72.381 | -168.985 | -519.359,"-1,25% | -3,00% | -4,56% | -11,24% | -22,81% | -47,60%",,45ddías,571.810,579.073 | 589.496 | 599.105 | 644.191 | 740.795 | 1.091.169,Defensa
Vargas,Sevilla,-568.520 | -1.211.051 | -1.806.841 | -3.206.025 | -4.562.106 | +18.645.946,"-2,35% | -4,89% | -7,12% | -11,97% | -16,21% | 0%",,17ddías,23.576.901,24.145.421 | 24.787.952 | 25.383.742 | 26.782.926 | 28.139.007 | 0,Delantero
Toni Fernández,Barcelona,0 | 0 | 0 | 0 | 0 | 0,"0,00% | 0,00% | 0,00% | 0,00% | 0,00% | 0,00%",,42ddías,602.319,602.319 | 602.319 | 602.319 | 602.319 | 602.319 | 602.319,Delantero
Guille,Barcelona,0 | 0 | 0 | 0 | 0 | 0,"0,00% | 0,00% | 0,00% | 0,00% | 0,00% | 0,00%",,42ddías,702.705,702.705 | 702.705 | 702.705 | 702.705 | 702.705 | 702.705,Mediocampista
Pablo Ramón,Racing,+33.122 | +56.114 | +73.315 | +62.812 | +39.133 | -22.224,"+6,06% | +10,72% | +14,49% | +12,16% | +7,24% | 0%",,3ddías,579.350,546.228 | 523.236 | 506.035 | 516.538 | 540.217 | 0,Defensa
Sannadi,Athletic,-735 | -4.358 | -4.288 | -17.504 | -45.518 | -137.719,"-0,18% | -1,04% | -1,02% | -4,05% | -9,88% | -24,91%",,2ddías,415.138,415.873 | 419.496 | 419.426 | 432.642 | 460.656 | 552.857,Delantero
Antony,Betis,+751.235 | +1.475.653 | +2.037.422 | +2.183.808 | -2.381.047 | -22.036.142,"+1,24% | +2,47% | +3,45% | +3,71% | -3,75% | -26,50%",,5ddías,61.107.509,60.356.274 | 59.631.856 | 59.070.087 | 58.923.701 | 63.488.556 | 83.143.651,Delantero
Lago,Celta,0 | 0 | 0 | 0 | 0 | 0,"0,00% | 0,00% | 0,00% | 0,00% | 0,00% | 0,00%",,42ddías,702.633,702.633 | 702.633 | 702.633 | 702.633 | 702.633 | 702.633,Defensa
Valou,Getafe,-7.029 | -17.208 | -26.563 | -36.111 | -36.111 | -36.111,"-1,23% | -2,95% | -4,48% | -6,00% | -6,00% | -6,00%",,4ddías,566.181,573.210 | 583.389 | 592.744 | 602.292 | 602.292 | 602.292,Defensa
Mestre,Real Madrid,0 | 0 | 0 | 0 | 0 | 0,"0,00% | 0,00% | 0,00% | 0,00% | 0,00% | 0,00%",,42ddías,677.860,677.860 | 677.860 | 677.860 | 677.860 | 677.860 | 677.860,Portero
Jiménez,Real Madrid,0 | 0 | 0 | 0 | 0 | 0,"0,00% | 0,00% | 0,00% | 0,00% | 0,00% | 0,00%",,42ddías,602.248,602.248 | 602.248 | 602.248 | 602.248 | 602.248 | 602.248,Defensa
Valera,Elche,-310.762 | -665.050 | -974.302 | -1.145.240 | -2.012.858 | -5.918.950,"-1,38% | -2,91% | -4,21% | -4,91% | -8,32% | -21,06%",,4ddías,22.181.059,22.491.821 | 22.846.109 | 23.155.361 | 23.326.299 | 24.193.917 | 28.100.009,Mediocampista
Buchanan,Villarreal,-292.068 | -683.418 | -1.020.297 | -1.647.892 | -2.834.798 | -322.183,"-1,69% | -3,86% | -5,65% | -8,83% | -14,27% | -1,86%",,14ddías,17.024.351,17.316.419 | 17.707.769 | 18.044.648 | 18.672.243 | 19.859.149 | 17.346.534,Mediocampista
Cucho,Betis,-312.545 | -711.440 | -1.160.185 | -2.513.766 | -7.551.090 | -9.814.337,"-0,72% | -1,63% | -2,63% | -5,53% | -14,96% | -18,61%",,21ddías,42.923.053,43.235.598 | 43.634.493 | 44.083.238 | 45.436.819 | 50.474.143 | 52.737.390,Delantero
Román,Celta,-58.047 | -145.143 | -195.116 | -74.746 | +136.371 | -1.247.830,"-1,10% | -2,70% | -3,60% | -1,41% | +2,68% | -19,27%",,4ddías,5.226.912,5.284.959 | 5.372.055 | 5.422.028 | 5.301.658 | 5.090.541 | 6.474.742,Mediocampista
Rubén Gómez,Villarreal,-5.834 | -14.768 | -20.208 | -52.547 | -64.788 | -64.788,"-1,07% | -2,67% | -3,62% | -8,91% | -10,76% | -10,76%",,8ddías,537.504,543.338 | 552.272 | 557.712 | 590.051 | 602.292 | 602.292,Portero
Letácek,Getafe,-10.376 | -24.041 | -37.027 | -89.955 | -209.685 | -620.964,"-1,58% | -3,59% | -5,42% | -12,21% | -24,49% | -48,99%",,45ddías,646.515,656.891 | 670.556 | 683.542 | 736.470 | 856.200 | 1.267.479,Portero
Natan,Betis,-409.752 | -1.047.165 | -1.700.811 | -4.134.993 | -5.048.230 | +5.489.150,"-1,08% | -2,72% | -4,34% | -9,93% | -11,86% | +17,14%",,11ddías,37.516.638,37.926.390 | 38.563.803 | 39.217.449 | 41.651.631 | 42.564.868 | 32.027.488,Defensa
Álvaro,Deportivo,-115.126 | -245.109 | -341.508 | -635.813 | -1.225.580 | -2.947.934,"-2,64% | -5,47% | -7,46% | -13,05% | -22,43% | -41,02%",,45ddías,4.238.099,4.353.225 | 4.483.208 | 4.579.607 | 4.873.912 | 5.463.679 | 7.186.033,Portero
Batalla,Rayo,-227.935 | -615.535 | -1.050.771 | -2.482.293 | -1.749.302 | +10.087.562,"-0,59% | -1,57% | -2,65% | -6,05% | -4,34% | +35,46%",,10ddías,38.532.095,38.760.030 | 39.147.630 | 39.582.866 | 41.014.388 | 40.281.397 | 28.444.533,Portero
Altimira,Deportivo,+202.343 | +389.572 | +353.964 | -7.607 | -576.094 | -1.796.377,"+4,43% | +8,89% | +8,02% | -0,16% | -10,78% | -27,36%",,2ddías,4.769.986,4.567.643 | 4.380.414 | 4.416.022 | 4.777.593 | 5.346.080 | 6.566.363,Defensa
L. Sucic,Real Sociedad,-9.102 | -44.332 | -82.438 | -192.025 | -422.616 | -1.394.953,"-0,27% | -1,28% | -2,36% | -5,33% | -11,03% | -29,04%",,42ddías,3.407.856,3.416.958 | 3.452.188 | 3.490.294 | 3.599.881 | 3.830.472 | 4.802.809,Mediocampista
Raúl García,Osasuna,-30.176 | -69.758 | -111.052 | -240.953 | -538.238 | -1.572.622,"-1,75% | -3,95% | -6,15% | -12,44% | -24,09% | -48,12%",,45ddías,1.695.805,1.725.981 | 1.765.563 | 1.806.857 | 1.936.758 | 2.234.043 | 3.268.427,Delantero
Kike Salas,Sevilla,-331.639 | -682.426 | -1.049.229 | -804.502 | -841.378 | -2.936.385,"-2,94% | -5,86% | -8,74% | -6,84% | -7,13% | -21,14%",,4ddías,10.955.508,11.287.147 | 11.637.934 | 12.004.737 | 11.760.010 | 11.796.886 | 13.891.893,Defensa
F. Carreras,Real Madrid,-161.000 | -391.315 | -580.156 | -1.571.349 | -3.995.150 | -11.149.325,"-1,39% | -3,31% | -4,83% | -12,08% | -25,90% | -49,37%",,45ddías,11.431.808,11.592.808 | 11.823.123 | 12.011.964 | 13.003.157 | 15.426.958 | 22.581.133,Defensa
Giuliano,Atlético,-443.551 | -958.651 | -1.282.611 | -2.760.684 | -7.967.561 | -6.685.765,"-1,05% | -2,24% | -2,97% | -6,18% | -15,98% | -13,76%",,21ddías,41.891.616,42.335.167 | 42.850.267 | 43.174.227 | 44.652.300 | 49.859.177 | 48.577.381,Delantero
Romero,Sevilla,-127.674 | -275.243 | -414.603 | -283.220 | -55.992 | -1.155.761,"-2,08% | -4,37% | -6,44% | -4,49% | -0,92% | -16,10%",,4ddías,6.023.939,6.151.613 | 6.299.182 | 6.438.542 | 6.307.159 | 6.079.931 | 7.179.700,Delantero
Mandi,Levante,-158.283 | -366.496 | -676.826 | +6.898.286 | +6.898.286 | +6.898.286,"-1,77% | -4,01% | -7,16% | 0% | 0% | 0%",,3ddías,8.778.041,8.936.324 | 9.144.537 | 9.454.867 | 0 | 0 | 0,Defensa
Cardoso,Atlético,-89.099 | -212.993 | -308.933 | -714.278 | -1.955.261 | -6.106.952,"-1,65% | -3,85% | -5,49% | -11,84% | -26,87% | -53,44%",,42ddías,5.320.779,5.409.878 | 5.533.772 | 5.629.712 | 6.035.057 | 7.276.040 | 11.427.731,Mediocampista
Moriba,Celta,-130.429 | -305.103 | -432.925 | -839.721 | -708.937 | +3.633,"-1,35% | -3,11% | -4,35% | -8,11% | -6,94% | +0,04%",,9ddías,9.510.021,9.640.450 | 9.815.124 | 9.942.946 | 10.349.742 | 10.218.958 | 9.506.388,Mediocampista
Agoume,Sevilla,-39.990 | -113.615 | -163.846 | -132.235 | -88.932 | -839.386,"-0,70% | -1,98% | -2,82% | -2,29% | -1,55% | -12,96%",,4ddías,5.638.486,5.678.476 | 5.752.101 | 5.802.332 | 5.770.721 | 5.727.418 | 6.477.872,Mediocampista
Guedes,Real Sociedad,-753.092 | -1.725.897 | -2.675.803 | -6.829.665 | -15.485.049 | -35.480.908,"-2,49% | -5,52% | -8,31% | -18,79% | -34,41% | -54,59%",,30ddías,29.519.092,30.272.184 | 31.244.989 | 32.194.895 | 36.348.757 | 45.004.141 | 65.000.000,Delantero
Fort,Barcelona,-62.068 | -142.834 | -212.946 | -502.434 | -1.105.070 | -1.964.634,"-1,99% | -4,47% | -6,52% | -14,12% | -26,57% | -39,14%",,21ddías,3.054.742,3.116.810 | 3.197.576 | 3.267.688 | 3.557.176 | 4.159.812 | 5.019.376,Defensa
Fornals,Betis,-233.324 | -669.844 | -1.081.051 | -2.487.116 | -7.989.279 | -87.006.688,"-0,41% | -1,18% | -1,88% | -4,23% | -12,43% | 0%",,28ddías,56.282.612,56.515.936 | 56.952.456 | 57.363.663 | 58.769.728 | 64.271.891 | 0,Mediocampista
Juanmi,Getafe,-6.030 | -15.168 | -23.438 | -62.588 | -147.542 | -432.241,"-1,10% | -2,72% | -4,14% | -10,35% | -21,39% | -44,36%",,45ddías,542.204,548.234 | 557.372 | 565.642 | 604.792 | 689.746 | 974.445,Delantero
Akhomach,Villarreal,-92.351 | -218.451 | -319.810 | -708.375 | -1.624.109 | -3.325.187,"-1,93% | -4,44% | -6,36% | -13,09% | -25,66% | -41,41%",,23ddías,4.704.934,4.797.285 | 4.923.385 | 5.024.744 | 5.413.309 | 6.329.043 | 8.030.121,Delantero
Denis Suárez,Alavés,-20.008 | -53.423 | -89.609 | -208.448 | -516.419 | -1.861.919,"-0,84% | -2,21% | -3,65% | -8,09% | -17,91% | -44,03%",,45ddías,2.367.084,2.387.092 | 2.420.507 | 2.456.693 | 2.575.532 | 2.883.503 | 4.229.003,Mediocampista
Calero,Málaga,-76.526 | -161.212 | -245.797 | -598.700 | -984.895 | -984.895,"-2,94% | -5,99% | -8,86% | -19,15% | -28,03% | -28,03%",,11ddías,2.528.225,2.604.751 | 2.689.437 | 2.774.022 | 3.126.925 | 3.513.120 | 3.513.120,Defensa
Hugo González,Celta,-2.406 | -14.787 | -23.107 | -164.139 | -164.139 | -164.139,"-0,18% | -1,09% | -1,69% | -10,90% | -10,90% | -10,90%",,7ddías,1.341.507,1.343.913 | 1.356.294 | 1.364.614 | 1.505.646 | 1.505.646 | 1.505.646,Mediocampista
Rivero,Valencia,-3.083 | -9.152 | -14.226 | -37.074 | -90.199 | -247.967,"-0,65% | -1,90% | -2,93% | -7,29% | -16,06% | -34,47%",,28ddías,471.497,474.580 | 480.649 | 485.723 | 508.571 | 561.696 | 719.464,Portero
Gayà,Valencia,-116.349 | -269.354 | -365.022 | -722.766 | -1.532.842 | -4.506.087,"-1,10% | -2,52% | -3,38% | -6,48% | -12,82% | -30,18%",,45ddías,10.422.853,10.539.202 | 10.692.207 | 10.787.875 | 11.145.619 | 11.955.695 | 14.928.940,Defensa
Diego López,Valencia,-56.906 | -118.122 | -179.564 | -443.110 | -994.220 | -2.748.737,"-3,01% | -6,05% | -8,92% | -19,47% | -35,17% | -59,99%",,45ddías,1.832.957,1.889.863 | 1.951.079 | 2.012.521 | 2.276.067 | 2.827.177 | 4.581.694,Delantero
Pepelu,Valencia,+27.662 | +35.553 | +61.464 | +301.524 | -153.880 | -1.991.104,"+0,36% | +0,46% | +0,80% | +4,08% | -1,96% | -20,55%",,6ddías,7.697.436,7.669.774 | 7.661.883 | 7.635.972 | 7.395.912 | 7.851.316 | 9.688.540,Mediocampista
Foulquier,Valencia,-58.199 | -124.336 | -187.717 | -441.526 | -975.546 | -1.702.251,"-2,81% | -5,82% | -8,53% | -18,00% | -32,65% | -45,83%",,23ddías,2.011.893,2.070.092 | 2.136.229 | 2.199.610 | 2.453.419 | 2.987.439 | 3.714.144,Defensa
Jesús Vázquez,Valencia,-4.466 | -24.752 | -32.329 | -23.000 | -241.194 | -1.185.545,"-0,27% | -1,46% | -1,90% | -1,36% | -12,61% | -41,50%",,4ddías,1.671.317,1.675.783 | 1.696.069 | 1.703.646 | 1.694.317 | 1.912.511 | 2.856.862,Defensa
Fran Pérez,Rayo,-13.220 | -29.848 | -45.920 | -99.779 | -231.769 | -670.010,"-1,82% | -4,01% | -6,04% | -12,25% | -24,49% | -48,38%",,45ddías,714.766,727.986 | 744.614 | 760.686 | 814.545 | 946.535 | 1.384.776,Mediocampista
Tárrega,Valencia,+915 | +5.258 | +75.652 | +258.595 | +57.520 | -1.474.268,"+0,01% | +0,06% | +0,84% | +2,91% | +0,63% | -13,90%",,3ddías,9.131.344,9.130.429 | 9.126.086 | 9.055.692 | 8.872.749 | 9.073.824 | 10.605.612,Defensa
Terrats,Getafe,+91.886 | +158.862 | +222.610 | +651.813 | +464.192 | +464.192,"+2,89% | +5,10% | +7,29% | +24,85% | +16,52% | +16,52%",,7ddías,3.274.687,3.182.801 | 3.115.825 | 3.052.077 | 2.622.874 | 2.810.495 | 2.810.495,Mediocampista
Iranzo,Valencia,0 | 0 | 0 | 0 | 0 | 0,"0,00% | 0,00% | 0,00% | 0,00% | 0,00% | 0,00%",,42ddías,602.292,602.292 | 602.292 | 602.292 | 602.292 | 602.292 | 602.292,Defensa
Comesaña,Villarreal,-877.032 | -1.841.327 | -2.619.864 | -900.595 | +4.030.852 | -269.283,"-2,66% | -5,43% | -7,55% | -2,73% | +14,36% | -0,83%",,3ddías,32.091.677,32.968.709 | 33.933.004 | 34.711.541 | 32.992.272 | 28.060.825 | 32.360.960,Mediocampista
Gerard,Villarreal,-165.880 | -372.197 | -496.471 | -853.380 | -2.088.823 | -7.807.675,"-0,60% | -1,35% | -1,79% | -3,03% | -7,11% | -22,24%",,4ddías,27.295.234,27.461.114 | 27.667.431 | 27.791.705 | 28.148.614 | 29.384.057 | 35.102.909,Delantero
Foyth,Villarreal,+407.798 | +825.461 | +1.144.731 | +2.232.819 | +3.012.270 | +1.143.430,"+3,07% | +6,42% | +9,12% | +19,49% | +28,21% | +9,11%",,13ddías,13.691.219,13.283.421 | 12.865.758 | 12.546.488 | 11.458.400 | 10.678.949 | 12.547.789,Defensa
Sörloth,Atlético,-592.224 | -1.251.648 | -1.876.081 | -4.727.773 | -6.771.407 | -13.185.700,"-2,86% | -5,85% | -8,52% | -19,01% | -25,16% | -39,57%",,45ddías,20.139.512,20.731.736 | 21.391.160 | 22.015.593 | 24.867.285 | 26.910.919 | 33.325.212,Delantero
Baena,Atlético,-496.618 | -1.359.791 | -2.155.434 | -5.100.323 | -13.152.775 | -9.634.096,"-0,98% | -2,63% | -4,11% | -9,21% | -20,74% | -16,08%",,21ddías,50.261.255,50.757.873 | 51.621.046 | 52.416.689 | 55.361.578 | 63.414.030 | 59.895.351,Mediocampista
Femenia,Getafe,-101.721 | -219.619 | -335.695 | -206.140 | -96.992 | -1.023.147,"-2,80% | -5,86% | -8,68% | -5,52% | -2,67% | -22,47%",,4ddías,3.529.727,3.631.448 | 3.749.346 | 3.865.422 | 3.735.867 | 3.626.719 | 4.552.874,Defensa
Joan Garcia,Barcelona,+272.586 | +1.071.592 | +1.722.817 | +5.040.699 | +20.731.125 | +20.878.180,"+0,39% | +1,53% | +2,48% | +7,63% | +41,18% | +41,60%",,16ddías,71.071.596,70.799.010 | 70.000.004 | 69.348.779 | 66.030.897 | 50.340.471 | 50.193.416,Portero
Manu Sánchez,Levante,-101.494 | -232.143 | -411.398 | -488.200 | -488.200 | -972.526,"-1,97% | -4,39% | -7,53% | -8,82% | -8,82% | -16,15%",,4ddías,5.049.985,5.151.479 | 5.282.128 | 5.461.383 | 5.538.185 | 5.538.185 | 6.022.511,Defensa
Cabrera,Espanyol,-454.265 | -973.623 | -1.447.443 | -1.060.202 | -1.082.961 | -2.967.043,"-2,84% | -5,89% | -8,52% | -6,38% | -6,51% | -16,02%",,4ddías,15.550.061,16.004.326 | 16.523.684 | 16.997.504 | 16.610.263 | 16.633.022 | 18.517.104,Defensa
Ejuke,Sevilla,-41.792 | -94.656 | -152.985 | -265.759 | -526.263 | -1.387.212,"-1,64% | -3,64% | -5,75% | -9,58% | -17,35% | -35,62%",,45ddías,2.507.609,2.549.401 | 2.602.265 | 2.660.594 | 2.773.368 | 3.033.872 | 3.894.821,Delantero
Djaló,Athletic,-22.618 | -49.035 | -75.305 | -175.128 | -7.241.397 | -7.241.397,"-2,35% | -4,96% | -7,41% | -15,70% | 0% | 0%",,13ddías,940.313,962.931 | 989.348 | 1.015.618 | 1.115.441 | 0 | 0,Delantero
Romero,Villarreal,-752.826 | -1.464.825 | -1.741.414 | +216.763 | +7.450.976 | +7.378.911,"-1,74% | -3,33% | -3,94% | +0,51% | +21,25% | +21,00%",,3ddías,42.510.131,43.262.957 | 43.974.956 | 44.251.545 | 42.293.368 | 35.059.155 | 35.131.220,Defensa
Mbappé,Real Madrid,+434.665 | +877.359 | +1.017.817 | -1.178.993 | -828.666 | -26.133.876,"+0,34% | +0,68% | +0,79% | -0,90% | -0,64% | 0%",,3ddías,129.351.563,128.916.898 | 128.474.204 | 128.333.746 | 130.530.556 | 130.180.229 | 0,Delantero
Carlos Martín,Atlético,-39.739 | -111.369 | -186.621 | -186.621 | -186.621 | -186.621,"-1,92% | -5,20% | -8,41% | -8,41% | -8,41% | -8,41%",,3ddías,2.031.869,2.071.608 | 2.143.238 | 2.218.490 | 2.218.490 | 2.218.490 | 2.218.490,Mediocampista
Endrick,Real Madrid,-82.793 | -174.133 | -268.328 | -451.515 | -1.146.973 | +5.812.823,"-1,28% | -2,66% | -4,04% | -6,61% | -15,24% | 0%",,22ddías,6.378.812,6.461.605 | 6.552.945 | 6.647.140 | 6.830.327 | 7.525.785 | 0,Delantero
Carreira,Celta,-48.303 | -117.491 | -173.813 | -187.838 | -363.681 | -1.659.186,"-0,73% | -1,77% | -2,59% | -2,80% | -5,28% | -20,27%",,4ddías,6.526.429,6.574.732 | 6.643.920 | 6.700.242 | 6.714.267 | 6.890.110 | 8.185.615,Defensa
Sergio Gómez,Real Sociedad,-10.920 | -110.285 | -180.002 | -273.917 | -899.795 | -4.307.244,"-0,06% | -0,62% | -1,01% | -1,53% | -4,84% | -19,59%",,5ddías,17.684.570,17.695.490 | 17.794.855 | 17.864.572 | 17.958.487 | 18.584.365 | 21.991.814,Defensa
Peque,Sevilla,+111.551 | +238.859 | +323.267 | +305.980 | +59.450 | -933.703,"+5,45% | +12,44% | +17,62% | +16,52% | +2,83% | -30,20%",,4ddías,2.158.304,2.046.753 | 1.919.445 | 1.835.037 | 1.852.324 | 2.098.854 | 3.092.007,Delantero
Kambwala,Villarreal,-21.339 | -50.929 | -81.157 | -162.332 | -346.498 | -1.023.313,"-2,02% | -4,70% | -7,28% | -13,58% | -25,11% | -49,75%",,45ddías,1.033.416,1.054.755 | 1.084.345 | 1.114.573 | 1.195.748 | 1.379.914 | 2.056.729,Defensa
Puado,Espanyol,-167.398 | -354.778 | -534.914 | -1.316.709 | -2.989.358 | -8.219.100,"-2,92% | -6,00% | -8,78% | -19,15% | -34,97% | -59,65%",,36ddías,5.560.025,5.727.423 | 5.914.803 | 6.094.939 | 6.876.734 | 8.549.383 | 13.779.125,Mediocampista
Andrés Martín,Racing,+328.636 | +791.272 | +1.248.301 | +848.467 | -807.469 | -5.953.261,"+1,65% | +4,08% | +6,59% | +4,39% | -3,84% | -22,77%",,3ddías,20.193.783,19.865.147 | 19.402.511 | 18.945.482 | 19.345.316 | 21.001.252 | 26.147.044,Delantero
Danjuma,Valencia,-27.351 | -47.535 | -57.137 | +78.608 | +697.598 | +130.557,"-0,53% | -0,91% | -1,10% | +1,55% | +15,65% | +2,60%",,3ddías,5.153.869,5.181.220 | 5.201.404 | 5.211.006 | 5.075.261 | 4.456.271 | 5.023.312,Delantero
Pépé,Villarreal,+1.615.785 | +3.572.672 | +5.055.405 | +7.378.508 | +4.966.076 | -13.482.179,"+2,94% | +6,75% | +9,82% | +15,02% | +9,63% | -19,26%",,7ddías,56.517.821,54.902.036 | 52.945.149 | 51.462.416 | 49.139.313 | 51.551.745 | 70.000.000,Delantero
Pape Gueye,Villarreal,+696.330 | +1.623.045 | +2.288.520 | +3.536.378 | +8.746.587 | +8.311.734,"+1,37% | +3,24% | +4,64% | +7,35% | +20,38% | +19,17%",,20ddías,51.659.051,50.962.721 | 50.036.006 | 49.370.531 | 48.122.673 | 42.912.464 | 43.347.317,Mediocampista
Losada,Betis,0 | 0 | 0 | 0 | 0 | 0,"0,00% | 0,00% | 0,00% | 0,00% | 0,00% | 0,00%",,42ddías,2.509.378,2.509.378 | 2.509.378 | 2.509.378 | 2.509.378 | 2.509.378 | 2.509.378,Delantero
D. Llorente,Betis,-129.939 | -294.738 | -363.650 | -48.375 | +1.298.264 | +4.137.130,"-1,00% | -2,24% | -2,74% | -0,37% | +11,20% | +47,27%",,3ddías,12.889.548,13.019.487 | 13.184.286 | 13.253.198 | 12.937.923 | 11.591.284 | 8.752.418,Defensa
Bretones,Osasuna,+102.588 | +153.914 | +202.332 | +601.985 | +1.463.187 | +2.221.318,"+2,55% | +3,87% | +5,15% | +17,07% | +54,88% | +116,43%",,27ddías,4.129.210,4.026.622 | 3.975.296 | 3.926.878 | 3.527.225 | 2.666.023 | 1.907.892,Defensa
Pedro Díaz,Rayo,-1.008 | -13.280 | -16.002 | -108.374 | -306.123 | -966.178,"-0,06% | -0,77% | -0,92% | -5,92% | -15,10% | -35,95%",,46ddías,1.721.291,1.722.299 | 1.734.571 | 1.737.293 | 1.829.665 | 2.027.414 | 2.687.469,Mediocampista
Rosier,Osasuna,-145.758 | -306.072 | -468.319 | -1.155.875 | -2.569.156 | -5.932.018,"-2,88% | -5,85% | -8,69% | -19,02% | -34,29% | -54,65%",,40ddías,4.922.304,5.068.062 | 5.228.376 | 5.390.623 | 6.078.179 | 7.491.460 | 10.854.322,Defensa
Íñigo Pérez,Villarreal,-64.005 | -134.683 | -202.654 | -468.873 | -155.069 | -471.562,"-3,05% | -6,21% | -9,06% | -18,73% | -7,08% | 0%",,13ddías,2.035.000,2.099.005 | 2.169.683 | 2.237.654 | 2.503.873 | 2.190.069 | 0,
Neyou,Getafe,-78.913 | -168.792 | -256.362 | -565.646 | +2.084.056 | +2.084.056,"-2,85% | -5,90% | -8,70% | -17,37% | 0% | 0%",,7ddías,2.690.558,2.769.471 | 2.859.350 | 2.946.920 | 3.256.204 | 0 | 0,Mediocampista
Mouriño,Villarreal,-934.621 | -2.032.457 | -3.198.187 | -4.068.848 | -981.720 | +7.605.918,"-2,51% | -5,30% | -8,09% | -10,07% | -2,63% | +26,48%",,6ddías,36.328.333,37.262.954 | 38.360.790 | 39.526.520 | 40.397.181 | 37.310.053 | 28.722.415,Defensa
Raba,Valencia,-35.722 | -74.114 | -112.672 | -246.636 | -548.322 | -1.520.413,"-2,42% | -4,90% | -7,27% | -14,64% | -27,61% | -51,39%",,45ddías,1.437.927,1.473.649 | 1.512.041 | 1.550.599 | 1.684.563 | 1.986.249 | 2.958.340,Delantero
Conde,Betis,-94.576 | -185.280 | -185.280 | -185.280 | -185.280 | -722.601,"-3,21% | -6,09% | -6,09% | -6,09% | -6,09% | -20,19%",,2ddías,2.856.309,2.950.885 | 3.041.589 | 3.041.589 | 3.041.589 | 3.041.589 | 3.578.910,Portero
Raul Moro,Osasuna,+293.500 | +454.552 | +597.049 | +1.298.491 | +2.591.509 | +3.201.022,"+2,09% | +3,27% | +4,34% | +9,94% | +22,03% | +28,70%",,22ddías,14.355.825,14.062.325 | 13.901.273 | 13.758.776 | 13.057.334 | 11.764.316 | 11.154.803,Delantero
Boyomo,Osasuna,+102.016 | +159.138 | +238.881 | +1.053.240 | +4.279.157 | +11.247.451,"+0,36% | +0,56% | +0,85% | +3,84% | +17,68% | +65,28%",,41ddías,28.477.473,28.375.457 | 28.318.335 | 28.238.592 | 27.424.233 | 24.198.316 | 17.230.022,Defensa
Fortuño,Espanyol,-4.810 | -12.677 | -19.624 | -52.139 | -123.952 | -326.230,"-0,93% | -2,41% | -3,68% | -9,23% | -19,46% | -38,88%",,25ddías,512.928,517.738 | 525.605 | 532.552 | 565.067 | 636.880 | 839.158,Portero
Serred,Espanyol,-5.680 | -14.454 | -22.346 | -1.197.730 | -1.197.730 | -1.197.730,"-1,05% | -2,64% | -4,02% | 0% | 0% | 0%",,3ddías,533.822,539.502 | 548.276 | 556.168 | 0 | 0 | 0,Portero
Bauzà,Espanyol,-17.982 | -39.570 | -60.810 | +509.391 | +509.391 | +509.391,"-2,12% | -4,56% | -6,83% | 0% | 0% | 0%",,3ddías,829.059,847.041 | 868.629 | 889.869 | 0 | 0 | 0,Mediocampista
Rubén Sánchez,Espanyol,-1.945 | -6.828 | -10.667 | -30.165 | -71.973 | -215.323,"-0,44% | -1,51% | -2,35% | -6,36% | -13,94% | -32,65%",,45ddías,444.185,446.130 | 451.013 | 454.852 | 474.350 | 516.158 | 659.508,Mediocampista
El Hilali,Espanyol,+355.258 | +702.124 | +1.037.456 | +1.460.526 | +2.319.063 | +4.119.852,"+3,65% | +7,47% | +11,45% | +16,91% | +29,81% | +68,91%",,29ddías,10.098.553,9.743.295 | 9.396.429 | 9.061.097 | 8.638.027 | 7.779.490 | 5.978.701,Defensa
Edu Expósito,Espanyol,+322.161 | +562.516 | +932.666 | +2.407.499 | +3.682.288 | -1.905.313,"+1,06% | +1,87% | +3,14% | +8,53% | +13,66% | -5,85%",,12ddías,30.647.800,30.325.639 | 30.085.284 | 29.715.134 | 28.240.301 | 26.965.512 | 32.553.113,Mediocampista
Jofre,Espanyol,-18.409 | -42.929 | -65.475 | -131.981 | -298.195 | -905.247,"-1,77% | -4,04% | -6,03% | -11,45% | -22,61% | -47,01%",,45ddías,1.020.602,1.039.011 | 1.063.531 | 1.086.077 | 1.152.583 | 1.318.797 | 1.925.849,Delantero
Pere Milla,Espanyol,-182.294 | -385.257 | -601.034 | -792.324 | -1.249.339 | -1.295.390,"-2,02% | -4,17% | -6,35% | -8,21% | -12,35% | -12,75%",,5ddías,8.862.994,9.045.288 | 9.248.251 | 9.464.028 | 9.655.318 | 10.112.333 | 10.158.384,Delantero
Lozano,Espanyol,-36.655 | -83.296 | -130.376 | -245.147 | -514.849 | -1.514.950,"-1,71% | -3,81% | -5,84% | -10,45% | -19,68% | -41,90%",,45ddías,2.100.677,2.137.332 | 2.183.973 | 2.231.053 | 2.345.824 | 2.615.526 | 3.615.627,Mediocampista
Serrano,Athletic,-16.912 | -37.386 | -57.465 | -146.078 | -339.818 | -1.005.997,"-2,06% | -4,45% | -6,68% | -15,39% | -29,73% | -55,60%",,46ddías,803.379,820.291 | 840.765 | 860.844 | 949.457 | 1.143.197 | 1.809.376,Delantero
Thiago,Levante,0 | 0 | 0 | 0 | 0 | 0,0% | 0% | 0% | 0% | 0% | 0%,,51ddías,1.660.575,0 | 0 | 0 | 0 | 0 | 0,Mediocampista
Goti,Real Sociedad,0 | 0 | 0 | 0 | 0 | 0,0% | 0% | 0% | 0% | 0% | 0%,,206ddías,590.263,0 | 0 | 0 | 0 | 0 | 0,Mediocampista
Pablo López,Valencia,0 | 0 | 0 | 0 | 0 | 0,0% | 0% | 0% | 0% | 0% | 0%,,353ddías,441.041,0 | 0 | 0 | 0 | 0 | 0,Delantero
Alberto Marí,Valencia,0 | 0 | 0 | 0 | 0 | 0,0% | 0% | 0% | 0% | 0% | 0%,,354ddías,787.986,0 | 0 | 0 | 0 | 0 | 0,Delantero
De Tomás,Rayo,0 | 0 | 0 | 0 | 0 | 0,0% | 0% | 0% | 0% | 0% | 0%,,393ddías,3.229.388,0 | 0 | 0 | 0 | 0 | 0,Delantero
Carrillo,Celta,0 | 0 | 0 | 0 | 0 | 0,0% | 0% | 0% | 0% | 0% | 0%,,413ddías,1.567.556,0 | 0 | 0 | 0 | 0 | 0,Portero
Isra,Sevilla,0 | 0 | 0 | 0 | 0 | 0,0% | 0% | 0% | 0% | 0% | 0%,,413ddías,1.718.237,0 | 0 | 0 | 0 | 0 | 0,Delantero
Busto,Betis,0 | 0 | 0 | 0 | 0 | 0,0% | 0% | 0% | 0% | 0% | 0%,,413ddías,1.621.161,0 | 0 | 0 | 0 | 0 | 0,Defensa
De Llanos,Real Madrid,0 | 0 | 0 | 0 | 0 | 0,0% | 0% | 0% | 0% | 0% | 0%,,413ddías,1.622.168,0 | 0 | 0 | 0 | 0 | 0,Mediocampista
Solà,Atlético,0 | 0 | 0 | 0 | 0 | 0,0% | 0% | 0% | 0% | 0% | 0%,,413ddías,1.640.523,0 | 0 | 0 | 0 | 0 | 0,Defensa
Canales,Athletic,0 | 0 | 0 | 0 | 0 | 0,0% | 0% | 0% | 0% | 0% | 0%,,413ddías,1.623.251,0 | 0 | 0 | 0 | 0 | 0,Delantero
Yaakobishvili,Barcelona,0 | 0 | 0 | 0 | 0 | 0,0% | 0% | 0% | 0% | 0% | 0%,,413ddías,1.639.280,0 | 0 | 0 | 0 | 0 | 0,Portero
Cortés,Barcelona,0 | 0 | 0 | 0 | 0 | 0,0% | 0% | 0% | 0% | 0% | 0%,,413ddías,1.718.327,0 | 0 | 0 | 0 | 0 | 0,Defensa
Medenica,Getafe,0 | 0 | 0 | 0 | 0 | 0,0% | 0% | 0% | 0% | 0% | 0%,,413ddías,1.560.264,0 | 0 | 0 | 0 | 0 | 0,Portero
Carlos,Atlético,0 | 0 | 0 | 0 | 0 | 0,0% | 0% | 0% | 0% | 0% | 0%,,413ddías,1.718.547,0 | 0 | 0 | 0 | 0 | 0,Defensa
Requena,Levante,0 | 0 | 0 | 0 | 0 | 0,0% | 0% | 0% | 0% | 0% | 0%,,413ddías,1.621.683,0 | 0 | 0 | 0 | 0 | 0,Mediocampista
Rupérez,Real Sociedad,0 | 0 | 0 | 0 | 0 | 0,0% | 0% | 0% | 0% | 0% | 0%,,413ddías,1.626.247,0 | 0 | 0 | 0 | 0 | 0,Defensa
Córdoba,Valencia,0 | 0 | 0 | 0 | 0 | 0,0% | 0% | 0% | 0% | 0% | 0%,,413ddías,1.548.667,0 | 0 | 0 | 0 | 0 | 0,Defensa
Balda,Real Sociedad,0 | 0 | 0 | 0 | 0 | 0,0% | 0% | 0% | 0% | 0% | 0%,,413ddías,1.718.912,0 | 0 | 0 | 0 | 0 | 0,Defensa
Santana,Valencia,0 | 0 | 0 | 0 | 0 | 0,0% | 0% | 0% | 0% | 0% | 0%,,413ddías,1.723.821,0 | 0 | 0 | 0 | 0 | 0,Delantero
Olabarrieta,Athletic,0 | 0 | 0 | 0 | 0 | 0,0% | 0% | 0% | 0% | 0% | 0%,,413ddías,1.717.797,0 | 0 | 0 | 0 | 0 | 0,Delantero
Rivas,Real Madrid,0 | 0 | 0 | 0 | 0 | 0,0% | 0% | 0% | 0% | 0% | 0%,,413ddías,1.718.751,0 | 0 | 0 | 0 | 0 | 0,Defensa
Abril,Valencia,0 | 0 | 0 | 0 | 0 | 0,0% | 0% | 0% | 0% | 0% | 0%,,413ddías,1.728.051,0 | 0 | 0 | 0 | 0 | 0,Portero
Raúl Jiménez,Valencia,0 | 0 | 0 | 0 | 0 | 0,0% | 0% | 0% | 0% | 0% | 0%,,413ddías,1.561.503,0 | 0 | 0 | 0 | 0 | 0,Portero
Collado,Sevilla,0 | 0 | 0 | 0 | 0 | 0,0% | 0% | 0% | 0% | 0% | 0%,,413ddías,1.718.988,0 | 0 | 0 | 0 | 0 | 0,Mediocampista
Eneko Ortiz,Villarreal,0 | 0 | 0 | 0 | 0 | 0,0% | 0% | 0% | 0% | 0% | 0%,,413ddías,1.718.986,0 | 0 | 0 | 0 | 0 | 0,Defensa
Eto'o,Rayo,0 | 0 | 0 | 0 | 0 | 0,0% | 0% | 0% | 0% | 0% | 0%,,413ddías,1.718.988,0 | 0 | 0 | 0 | 0 | 0,Delantero
Joseda,Alavés,0 | 0 | 0 | 0 | 0 | 0,0% | 0% | 0% | 0% | 0% | 0%,,779ddías,300.000,0 | 0 | 0 | 0 | 0 | 0,Defensa
Mendes,Alavés,0 | 0 | 0 | 0 | 0 | 0,0% | 0% | 0% | 0% | 0% | 0%,,780ddías,500.000,0 | 0 | 0 | 0 | 0 | 0,Mediocampista
Ian Forns,Betis,0 | 0 | 0 | 0 | 0 | 0,0% | 0% | 0% | 0% | 0% | 0%,,780ddías,500.000,0 | 0 | 0 | 0 | 0 | 0,Defensa
Diallo,Alavés,0 | 0 | 0 | 0 | 0 | 0,0% | 0% | 0% | 0% | 0% | 0%,,780ddías,1.000.000,0 | 0 | 0 | 0 | 0 | 0,Mediocampista
Mario,Valencia,0 | 0 | 0 | 0 | 0 | 0,0% | 0% | 0% | 0% | 0% | 0%,,1ddías,760.408,0 | 0 | 0 | 0 | 0 | 0,Mediocampista