Jugador,Equipo,DiferenciaDif.,% Dif,Acel.,Tend.,Valor,Valor ant.Ant.,Posición
Karrikaburu,Real Sociedad,-6.861 | -14.743 | -24.982 | -70.378 | -160.923 | -472.892,"-1,22% | -2,59% | -4,31% | -11,25% | -22,47% | -45,99%",,42ddías,555.282,562.143 | 570.025 | 580.264 | 625.660 | 716.205 | 1.028.174,Delantero
Deossa,Betis,+8.330 | +31.089 | +66.564 | +210.619 | +181.277 | -767.223,"+0,39% | +1,49% | +3,24% | +11,04% | +9,36% | -26,58%",,11ddías,2.118.749,2.110.419 | 2.087.660 | 2.052.185 | 1.908.130 | 1.937.472 | 2.885.972,Mediocampista
Bigas,Elche,-136.118 | -258.435 | -378.840 | -940.430 | -1.925.466 | -3.962.864,"-2,69% | -4,99% | -7,16% | -16,06% | -28,15% | -44,63%",,37ddías,4.915.525,5.051.643 | 5.173.960 | 5.294.365 | 5.855.955 | 6.840.991 | 8.878.389,Defensa
Ugrinic,Valencia,-40.650 | -42.644 | -37.191 | -201.222 | -884.004 | -3.066.789,"-1,06% | -1,11% | -0,97% | -5,04% | -18,90% | -44,70%",,2ddías,3.793.576,3.834.226 | 3.836.220 | 3.830.767 | 3.994.798 | 4.677.580 | 6.860.365,Mediocampista
Gorrotxategi,Real Sociedad,-163.206 | -320.972 | -474.803 | -1.233.020 | -2.543.235 | -4.388.813,"-2,62% | -5,03% | -7,27% | -16,91% | -29,57% | -42,01%",,35ddías,6.058.408,6.221.614 | 6.379.380 | 6.533.211 | 7.291.428 | 8.601.643 | 10.447.221,Mediocampista
Oriol Rey,Levante,-12.053 | -20.367 | -27.448 | -91.209 | -235.768 | -738.041,"-1,66% | -2,77% | -3,70% | -11,33% | -24,83% | -50,83%",,42ddías,713.829,725.882 | 734.196 | 741.277 | 805.038 | 949.597 | 1.451.870,Mediocampista
C. Álvarez,Levante,+14.224 | +81.615 | +116.863 | +610.042 | +2.567.834 | +7.608.989,"+0,07% | +0,41% | +0,60% | +3,19% | +14,94% | +62,64%",,41ddías,19.756.933,19.742.709 | 19.675.318 | 19.640.070 | 19.146.891 | 17.189.099 | 12.147.944,Mediocampista
Jorge Cabello,Levante,-17.138 | -35.361 | -51.905 | -142.070 | -337.913 | +225.059,"-2,09% | -4,22% | -6,08% | -15,05% | -29,65% | 0%",,19ddías,801.935,819.073 | 837.296 | 853.840 | 944.005 | 1.139.848 | 0,Defensa
Roger BruguéBrugui,Levante,-65.002 | -130.559 | -201.492 | -511.265 | -1.048.430 | -2.845.346,"-2,97% | -5,79% | -8,66% | -19,39% | -33,03% | -57,24%",,43ddías,2.125.478,2.190.480 | 2.256.037 | 2.326.970 | 2.636.743 | 3.173.908 | 4.970.824,Delantero
Dolan,Espanyol,-7.508 | -17.092 | -11.582 | -133.448 | -620.508 | -2.289.032,"-0,13% | -0,28% | -0,19% | -2,18% | -9,38% | -27,62%",,2ddías,5.997.765,6.005.273 | 6.014.857 | 6.009.347 | 6.131.213 | 6.618.273 | 8.286.797,Delantero
Dituro,Elche,+68.341 | +156.907 | +361.364 | +917.763 | +1.053.051 | +132.753,"+0,90% | +2,10% | +4,96% | +13,65% | +15,99% | +1,77%",,11ddías,7.640.656,7.572.315 | 7.483.749 | 7.279.292 | 6.722.893 | 6.587.605 | 7.507.903,Portero
Junior,Betis,-63.217 | -110.632 | -154.320 | -428.626 | -1.070.426 | -3.043.760,"-1,84% | -3,17% | -4,36% | -11,25% | -24,04% | -47,37%",,42ddías,3.381.393,3.444.610 | 3.492.025 | 3.535.713 | 3.810.019 | 4.451.819 | 6.425.153,Defensa
Valentín Gómez,Betis,-30.629 | -52.213 | -74.002 | -199.251 | -477.935 | -1.390.082,"-1,75% | -2,94% | -4,12% | -10,37% | -21,73% | -44,67%",,42ddías,1.721.670,1.752.299 | 1.773.883 | 1.795.672 | 1.920.921 | 2.199.605 | 3.111.752,Defensa
Manu Fernández,Celta,-339 | -1.428 | -4.591 | -18.609 | -40.259 | -100.588,"-0,08% | -0,36% | -1,14% | -4,46% | -9,17% | -20,14%",,42ddías,398.763,399.102 | 400.191 | 403.354 | 417.372 | 439.022 | 499.351,Defensa
Martim Neto,Elche,-30.675 | -47.560 | -60.008 | -155.791 | -354.182 | -835.788,"-1,87% | -2,87% | -3,59% | -8,81% | -18,01% | -34,14%",,42ddías,1.612.326,1.643.001 | 1.659.886 | 1.672.334 | 1.768.117 | 1.966.508 | 2.448.114,Mediocampista
Jutglà,Celta,+32.444 | +81.135 | +185.011 | +447.594 | +163.269 | -2.077.199,"+0,34% | +0,86% | +1,98% | +4,92% | +1,74% | -17,88%",,7ddías,9.538.995,9.506.551 | 9.457.860 | 9.353.984 | 9.091.401 | 9.375.726 | 11.616.194,Delantero
Hancko,Atlético,+465.175 | +883.298 | +1.421.627 | +4.519.384 | +8.390.811 | +3.339.673,"+1,21% | +2,32% | +3,79% | +13,12% | +27,45% | +9,38%",,14ddías,38.962.449,38.497.274 | 38.079.151 | 37.540.822 | 34.443.065 | 30.571.638 | 35.622.776,Defensa
Luiz Felipe,Rayo,-78.306 | -180.366 | -313.417 | -458.709 | -458.709 | -458.709,"-2,10% | -4,70% | -7,89% | -11,15% | -11,15% | -11,15%",,4ddías,3.656.568,3.734.874 | 3.836.934 | 3.969.985 | 4.115.277 | 4.115.277 | 4.115.277,Defensa
Jonny,Alavés,+65.265 | +29.199 | +11.218 | -89.230 | -474.987 | -2.324.627,"+1,21% | +0,54% | +0,21% | -1,61% | -8,00% | -29,84%",,1ddías,5.465.004,5.399.739 | 5.435.805 | 5.453.786 | 5.554.234 | 5.939.991 | 7.789.631,Defensa
Alexander-Arnold,Real Madrid,-141.733 | -315.275 | -553.163 | -1.747.055 | -3.672.304 | -11.164.327,"-0,62% | -1,37% | -2,39% | -7,16% | -13,96% | -33,03%",,42ddías,22.639.504,22.781.237 | 22.954.779 | 23.192.667 | 24.386.559 | 26.311.808 | 33.803.831,Defensa
Huijsen,Real Madrid,+691.730 | +1.226.246 | +1.792.493 | +2.526.237 | -1.667.944 | -8.195.263,"+2,13% | +3,84% | +5,72% | +8,25% | -4,79% | -19,82%",,6ddías,33.152.189,32.460.459 | 31.925.943 | 31.359.696 | 30.625.952 | 34.820.133 | 41.347.452,Defensa
Ruggeri,Atlético,-106.965 | -215.894 | -328.232 | -897.903 | -1.617.098 | -3.428.466,"-1,80% | -3,56% | -5,31% | -13,31% | -21,66% | -36,95%",,36ddías,5.849.405,5.956.370 | 6.065.299 | 6.177.637 | 6.747.308 | 7.466.503 | 9.277.871,Defensa
Salinas,Málaga,-7.160 | -2.168 | +8.043 | -45.100 | -45.100 | -363.381,"-0,69% | -0,21% | +0,79% | -4,21% | -4,21% | -26,17%",,1ddías,1.024.970,1.032.130 | 1.027.138 | 1.016.927 | 1.070.070 | 1.070.070 | 1.388.351,Defensa
Iván Romero,Levante,+47.190 | +144.042 | +258.557 | +580.403 | +391.479 | -459.797,"+0,64% | +1,98% | +3,61% | +8,50% | +5,58% | -5,84%",,7ddías,7.411.256,7.364.066 | 7.267.214 | 7.152.699 | 6.830.853 | 7.019.777 | 7.871.053,Delantero
Redondo,Elche,-15.479 | -29.460 | -37.293 | -106.288 | -289.269 | -901.573,"-1,78% | -3,34% | -4,19% | -11,08% | -25,32% | -51,38%",,42ddías,853.089,868.568 | 882.549 | 890.382 | 959.377 | 1.142.358 | 1.754.662,Mediocampista
Víctor García,Levante,-39.944 | -62.399 | -80.030 | -248.441 | -676.907 | -2.148.137,"-2,01% | -3,11% | -3,95% | -11,32% | -25,80% | -52,45%",,42ddías,1.947.078,1.987.022 | 2.009.477 | 2.027.108 | 2.195.519 | 2.623.985 | 4.095.215,Defensa
Santiago,Elche,-5.928 | -12.839 | -22.066 | -62.975 | -143.669 | -422.918,"-1,10% | -2,35% | -3,98% | -10,57% | -21,23% | -44,25%",,42ddías,532.902,538.830 | 545.741 | 554.968 | 595.877 | 676.571 | 955.820,Mediocampista
Riedel,Espanyol,-70.441 | -137.417 | -190.172 | -519.662 | -1.058.409 | -1.058.409,"-1,55% | -2,99% | -4,09% | -10,43% | -19,17% | -19,17%",,12ddías,4.462.209,4.532.650 | 4.599.626 | 4.652.381 | 4.981.871 | 5.520.618 | 5.520.618,Defensa
Aitor Mañas,Alavés,-5.800 | -12.578 | -21.666 | -32.337 | -32.337 | -32.337,"-1,08% | -2,32% | -3,93% | -5,75% | -5,75% | -5,75%",,4ddías,529.827,535.627 | 542.405 | 551.493 | 562.164 | 562.164 | 562.164,Delantero
Bardghji,Barcelona,-89.667 | -181.985 | -279.751 | -707.151 | -1.439.363 | -2.001.399,"-3,08% | -6,07% | -9,03% | -20,06% | -33,82% | -41,54%",,18ddías,2.817.166,2.906.833 | 2.999.151 | 3.096.917 | 3.524.317 | 4.256.529 | 4.818.565,Delantero
Laporte,Athletic,-783.667 | -1.702.334 | -2.772.582 | -7.981.652 | -3.062.467 | +25.384.104,"-1,47% | -3,15% | -5,03% | -13,22% | -5,52% | +93,99%",,8ddías,52.391.969,53.175.636 | 54.094.303 | 55.164.551 | 60.373.621 | 55.454.436 | 27.007.865,Defensa
Alemão,Rayo,-75.255 | -99.930 | -121.191 | -299.012 | -789.581 | -2.161.589,"-2,06% | -2,71% | -3,27% | -7,70% | -18,05% | -37,62%",,42ddías,3.584.079,3.659.334 | 3.684.009 | 3.705.270 | 3.883.091 | 4.373.660 | 5.745.668,Delantero
Diangana,Elche,-30.924 | -63.873 | -100.223 | -231.545 | -414.414 | -1.030.239,"-2,66% | -5,34% | -8,13% | -16,97% | -26,78% | -47,63%",,42ddías,1.132.810,1.163.734 | 1.196.683 | 1.233.033 | 1.364.355 | 1.547.224 | 2.163.049,Delantero
Sivera,Alavés,+461.348 | +579.593 | +735.469 | +2.069.786 | +7.095.824 | +14.816.324,"+1,46% | +1,84% | +2,35% | +6,90% | +28,43% | +85,95%",,40ddías,32.054.319,31.592.971 | 31.474.726 | 31.318.850 | 29.984.533 | 24.958.495 | 17.237.995,Portero
Cardoso,Sevilla,-17.371 | -34.383 | -51.988 | -141.738 | -326.198 | -945.674,"-2,11% | -4,08% | -6,05% | -14,93% | -28,77% | -53,94%",,42ddías,807.531,824.902 | 841.914 | 859.519 | 949.269 | 1.133.729 | 1.753.205,Defensa
Oso,Sevilla,-145.943 | -60.424 | -39.693 | -992.525 | -992.525 | -992.525,"-1,11% | -0,46% | -0,30% | -7,06% | -7,06% | -7,06%",,1ddías,13.060.807,13.206.750 | 13.121.231 | 13.100.500 | 14.053.332 | 14.053.332 | 14.053.332,Defensa
Carlos Soler,Real Sociedad,+286.947 | +522.232 | +875.721 | +1.493.321 | +162.413 | -4.754.975,"+0,90% | +1,65% | +2,79% | +4,86% | +0,51% | -12,85%",,6ddías,32.242.528,31.955.581 | 31.720.296 | 31.366.807 | 30.749.207 | 32.080.115 | 36.997.503,Mediocampista
Sancris,Getafe,-9.288 | -19.699 | -32.572 | -89.648 | -205.838 | -615.749,"-1,49% | -3,11% | -5,04% | -12,75% | -25,12% | -50,09%",,42ddías,613.543,622.831 | 633.242 | 646.115 | 703.191 | 819.381 | 1.229.292,Delantero
Oluwaseyi,Villarreal,-54.268 | -96.446 | -137.707 | -368.353 | -868.827 | -2.483.012,"-1,98% | -3,46% | -4,87% | -12,05% | -24,43% | -48,02%",,42ddías,2.687.506,2.741.774 | 2.783.952 | 2.825.213 | 3.055.859 | 3.556.333 | 5.170.518,Delantero
Pablo CamposCuñat Campos,Levante,-21.935 | -38.070 | -50.856 | -128.338 | -260.648 | -351.621,"-2,08% | -3,55% | -4,69% | -11,04% | -20,13% | -25,37%",,15ddías,1.034.132,1.056.067 | 1.072.202 | 1.084.988 | 1.162.470 | 1.294.780 | 1.385.753,Portero
Vlachodimos,Sevilla,+352.292 | +671.032 | +994.575 | +2.882.977 | +3.639.414 | +3.639.414,"+1,92% | +3,72% | +5,62% | +18,23% | +24,17% | +24,17%",,12ddías,18.695.893,18.343.601 | 18.024.861 | 17.701.318 | 15.812.916 | 15.056.479 | 15.056.479,Portero
Arriaga,Levante,-57.846 | -98.450 | -133.576 | -337.525 | -798.155 | -2.309.885,"-2,27% | -3,81% | -5,10% | -11,95% | -24,30% | -48,16%",,42ddías,2.486.135,2.543.981 | 2.584.585 | 2.619.711 | 2.823.660 | 3.284.290 | 4.796.020,Mediocampista
Suazo,Sevilla,-64.514 | -34.866 | -7.520 | -74.191 | -550.059 | -2.254.661,"-1,19% | -0,65% | -0,14% | -1,36% | -9,29% | -29,58%",,1ddías,5.368.218,5.432.732 | 5.403.084 | 5.375.738 | 5.442.409 | 5.918.277 | 7.622.879,Defensa
Veiga,Villarreal,-487.966 | -833.541 | -1.272.434 | -4.192.438 | -3.954.260 | +7.240.818,"-1,25% | -2,11% | -3,18% | -9,77% | -9,27% | +23,01%",,10ddías,38.705.641,39.193.607 | 39.539.182 | 39.978.075 | 42.898.079 | 42.659.901 | 31.464.823,Defensa
Davinchi,Getafe,-12.604 | +51.235 | +150.498 | +50.868 | +50.868 | +50.868,"-0,41% | +1,70% | +5,17% | +1,69% | +1,69% | +1,69%",,1ddías,3.062.471,3.075.075 | 3.011.236 | 2.911.973 | 3.011.603 | 3.011.603 | 3.011.603,Defensa
Josan,Elche,-28.316 | -47.856 | -62.455 | -134.428 | -134.428 | -134.428,"-2,58% | -4,28% | -5,51% | -11,16% | -11,16% | -11,16%",,5ddías,1.070.222,1.098.538 | 1.118.078 | 1.132.677 | 1.204.650 | 1.204.650 | 1.204.650,Mediocampista
Mendoza,Atlético,-6.640 | -7.018 | -10.457 | -33.681 | -98.618 | -394.823,"-0,78% | -0,83% | -1,23% | -3,84% | -10,48% | -31,91%",,42ddías,842.582,849.222 | 849.600 | 853.039 | 876.263 | 941.200 | 1.237.405,Mediocampista
Rueda,Celta,+38.186 | +115.767 | +206.843 | +575.334 | +665.388 | -99.167,"+0,89% | +2,74% | +5,01% | +15,31% | +18,14% | -2,24%",,11ddías,4.333.760,4.295.574 | 4.217.993 | 4.126.917 | 3.758.426 | 3.668.372 | 4.432.927,Defensa
Radu,Celta,-449.309 | -762.553 | -1.170.269 | -1.458.455 | +2.703.729 | +13.372.288,"-1,15% | -1,94% | -2,95% | -3,65% | +7,56% | +53,25%",,5ddías,38.485.562,38.934.871 | 39.248.115 | 39.655.831 | 39.944.017 | 35.781.833 | 25.113.274,Portero
Carlos Espí,Real Madrid,+166.736 | +294.124 | +457.409 | +701.093 | +5.505.178 | +5.505.178,"+1,88% | +3,36% | +5,33% | +8,41% | 0% | 0%",,6ddías,9.036.307,8.869.571 | 8.742.183 | 8.578.898 | 8.335.214 | 0 | 0,Delantero
Toljan,Levante,-80.208 | -133.208 | -162.235 | -419.944 | -686.651 | -2.141.190,"-1,91% | -3,13% | -3,79% | -9,25% | -14,28% | -34,20%",,40ddías,4.120.478,4.200.686 | 4.253.686 | 4.282.713 | 4.540.422 | 4.807.129 | 6.261.668,Defensa
Aguado,Elche,-27.367 | -7.986 | +20.809 | -11.256 | -173.048 | -1.260.199,"-0,78% | -0,23% | +0,60% | -0,32% | -4,71% | -26,48%",,1ddías,3.498.015,3.525.382 | 3.506.001 | 3.477.206 | 3.509.271 | 3.671.063 | 4.758.214,Mediocampista
Á. Núñez,Celta,-61.492 | -102.700 | -138.662 | -366.242 | -893.636 | -2.552.293,"-1,69% | -2,80% | -3,74% | -9,31% | -20,03% | -41,70%",,39ddías,3.568.589,3.630.081 | 3.671.289 | 3.707.251 | 3.934.831 | 4.462.225 | 6.120.882,Defensa
Satriano,Getafe,-597.054 | -776.358 | -978.279 | +26.137.783 | +26.137.783 | +26.137.783,"-1,92% | -2,48% | -3,11% | 0% | 0% | 0%",,4ddías,30.474.209,31.071.263 | 31.250.567 | 31.452.488 | 0 | 0 | 0,Delantero
Martín,Barcelona,+560.011 | +1.030.023 | +1.632.026 | +4.957.718 | +6.857.443 | +5.815.088,"+1,57% | +2,92% | +4,70% | +15,80% | +23,27% | +19,05%",,12ddías,36.332.684,35.772.673 | 35.302.661 | 34.700.658 | 31.374.966 | 29.475.241 | 30.517.596,Defensa
Logan Costa,Villarreal,-25.018 | -40.588 | -59.217 | -151.639 | -355.687 | -1.081.874,"-2,00% | -3,20% | -4,60% | -10,99% | -22,47% | -46,85%",,42ddías,1.227.525,1.252.543 | 1.268.113 | 1.286.742 | 1.379.164 | 1.583.212 | 2.309.399,Defensa
Luiz Junior,Villarreal,-394.679 | -622.001 | -960.612 | -3.231.637 | +68.024 | +12.008.805,"-1,04% | -1,63% | -2,49% | -7,91% | +0,18% | +46,85%",,8ddías,37.638.595,38.033.274 | 38.260.596 | 38.599.207 | 40.870.232 | 37.570.571 | 25.629.790,Portero
Aramburu,Real Sociedad,+216.345 | +376.702 | +546.867 | +1.417.492 | +3.409.230 | +8.537.044,"+1,24% | +2,18% | +3,19% | +8,72% | +23,89% | +93,38%",,41ddías,17.679.313,17.462.968 | 17.302.611 | 17.132.446 | 16.261.821 | 14.270.083 | 9.142.269,Defensa
Berrocal,Getafe,-47.327 | -83.676 | -115.418 | +532.264 | +532.264 | +532.264,"-2,94% | -5,08% | -6,87% | 0% | 0% | 0%",,4ddías,1.563.574,1.610.901 | 1.647.250 | 1.678.992 | 0 | 0 | 0,Defensa
Kumbulla,Rayo,-155.252 | -302.704 | -501.440 | +4.531.311 | +4.531.311 | +4.531.311,"-2,78% | -5,28% | -8,46% | 0% | 0% | 0%",,3ddías,5.428.462,5.583.714 | 5.731.166 | 5.929.902 | 0 | 0 | 0,Defensa
Hugo Álvarez,Celta,-50.755 | -75.812 | -112.221 | -271.366 | -687.639 | -2.240.792,"-1,70% | -2,52% | -3,69% | -8,48% | -19,02% | -43,35%",,42ddías,2.928.041,2.978.796 | 3.003.853 | 3.040.262 | 3.199.407 | 3.615.680 | 5.168.833,Mediocampista
Javi Rodríguez,Celta,-73.153 | -289.215 | -613.743 | -968.072 | -968.072 | -968.072,"-0,80% | -3,09% | -6,34% | -9,64% | -9,64% | -9,64%",,4ddías,9.069.580,9.142.733 | 9.358.795 | 9.683.323 | 10.037.652 | 10.037.652 | 10.037.652,Defensa
Durán,Celta,-22.819 | -49.514 | -74.552 | -203.481 | -468.730 | -1.283.909,"-2,24% | -4,73% | -6,96% | -16,95% | -31,98% | -56,29%",,42ddías,996.976,1.019.795 | 1.046.490 | 1.071.528 | 1.200.457 | 1.465.706 | 2.280.885,Delantero
Natan,Betis,-588.110 | -1.163.436 | -1.728.524 | -4.308.146 | -1.370.597 | +9.252.719,"-1,48% | -2,88% | -4,22% | -9,89% | -3,37% | +30,85%",,8ddías,39.241.756,39.829.866 | 40.405.192 | 40.970.280 | 43.549.902 | 40.612.353 | 29.989.037,Defensa
Bernal,Barcelona,+266.653 | +510.945 | +780.864 | +1.828.529 | +3.777.252 | +3.799.892,"+3,73% | +7,40% | +11,77% | +32,74% | +103,87% | +105,15%",,16ddías,7.413.816,7.147.163 | 6.902.871 | 6.632.952 | 5.585.287 | 3.636.564 | 3.613.924,Mediocampista
Toni Martinez,Alavés,+208.181 | +234.571 | +244.140 | -217.355 | -1.955.333 | -8.609.222,"+0,83% | +0,94% | +0,98% | -0,85% | -7,19% | -25,42%",,3ddías,25.258.309,25.050.128 | 25.023.738 | 25.014.169 | 25.475.664 | 27.213.642 | 33.867.531,Delantero
Alfon,Sevilla,-184.762 | -370.116 | -560.157 | -1.235.458 | -1.235.458 | -1.235.458,"-3,09% | -6,01% | -8,82% | -17,58% | -17,58% | -17,58%",,6ddías,5.791.303,5.976.065 | 6.161.419 | 6.351.460 | 7.026.761 | 7.026.761 | 7.026.761,Delantero
Musso,Atlético,-86.417 | -158.332 | -232.685 | -652.280 | -1.479.633 | -3.817.096,"-1,95% | -3,52% | -5,09% | -13,08% | -25,44% | -46,82%",,42ddías,4.336.379,4.422.796 | 4.494.711 | 4.569.064 | 4.988.659 | 5.816.012 | 8.153.475,Portero
Olmo,Barcelona,-344.480 | -862.762 | -1.483.680 | -4.803.995 | -12.609.373 | -42.447.596,"-0,55% | -1,37% | -2,34% | -7,19% | -16,89% | 0%",,26ddías,62.032.134,62.376.614 | 62.894.896 | 63.515.814 | 66.836.129 | 74.641.507 | 0,Mediocampista
Mario Martín,Getafe,+36.122 | +110.656 | +199.605 | -73.384 | -73.384 | -73.384,"+0,92% | +2,89% | +5,33% | -1,83% | -1,83% | -1,83%",,3ddías,3.942.088,3.905.966 | 3.831.432 | 3.742.483 | 4.015.472 | 4.015.472 | 4.015.472,Mediocampista
Leo Román,Deportivo,+373.108 | +730.130 | +1.315.262 | +3.800.992 | +10.534.836 | +35.334.367,"+1,01% | +2,00% | +3,66% | +11,38% | +39,50% | 0%",,18ddías,37.202.789,36.829.681 | 36.472.659 | 35.887.527 | 33.401.797 | 26.667.953 | 0,Portero
Boiro,Athletic,-3.971 | -8.843 | -15.215 | -44.161 | -101.866 | -279.952,"-0,81% | -1,79% | -3,04% | -8,33% | -17,33% | -36,55%",,26ddías,485.930,489.901 | 494.773 | 501.145 | 530.091 | 587.796 | 765.882,Defensa
Jauregizar,Athletic,+61.232 | +138.322 | +243.946 | +1.270.490 | +3.611.674 | +10.302.160,"+0,22% | +0,49% | +0,87% | +4,69% | +14,58% | +56,98%",,41ddías,28.381.768,28.320.536 | 28.243.446 | 28.137.822 | 27.111.278 | 24.770.094 | 18.079.608,Mediocampista
Alvarez,Atlético,+345.726 | +462.515 | +774.924 | +1.441.996 | -1.749.626 | +22.804.260,"+0,49% | +0,66% | +1,11% | +2,08% | -2,41% | 0%",,6ddías,70.892.654,70.546.928 | 70.430.139 | 70.117.730 | 69.450.658 | 72.642.280 | 0,Delantero
Uche,Getafe,-646.175 | -1.317.885 | -2.032.774 | -5.162.951 | +7.064.911 | +7.064.911,"-3,17% | -6,25% | -9,33% | -20,72% | 0% | 0%",,10ddías,19.759.660,20.405.835 | 21.077.545 | 21.792.434 | 24.922.611 | 0 | 0,Delantero
Letácek,Getafe,-12.221 | -24.716 | -37.281 | -101.487 | -230.528 | -694.283,"-1,76% | -3,49% | -5,17% | -12,92% | -25,21% | -50,38%",,42ddías,683.934,696.155 | 708.650 | 721.215 | 785.421 | 914.462 | 1.378.217,Portero
Novoa,Alavés,-21.241 | -44.103 | -69.946 | +250.902 | +250.902 | +250.902,"-2,30% | -4,67% | -7,21% | 0% | 0% | 0%",,3ddías,900.401,921.642 | 944.504 | 970.347 | 0 | 0 | 0,Defensa
Diarra,Alavés,-29.190 | -60.332 | -94.800 | +499.680 | +499.680 | +499.680,"-2,61% | -5,24% | -7,99% | 0% | 0% | 0%",,3ddías,1.091.180,1.120.370 | 1.151.512 | 1.185.980 | 0 | 0 | 0,Defensa
Lo Celso,Betis,-939.377 | -1.937.311 | -3.059.887 | -5.898.323 | -2.539.575 | +10.162.957,"-2,56% | -5,13% | -7,87% | -14,14% | -6,62% | +39,63%",,7ddías,35.809.514,36.748.891 | 37.746.825 | 38.869.401 | 41.707.837 | 38.349.089 | 25.646.557,Mediocampista
Pelayo,Rayo,-24.630 | -51.632 | -81.787 | -671.794 | -671.794 | -671.794,"-2,41% | -4,93% | -7,59% | 0% | 0% | 0%",,3ddías,996.377,1.021.007 | 1.048.009 | 1.078.164 | 0 | 0 | 0,Defensa
Affengruber,Elche,-484.945 | -834.882 | -973.623 | -730.825 | +2.695.600 | +11.519.653,"-1,48% | -2,52% | -2,93% | -2,21% | +9,12% | +55,52%",,5ddías,32.267.932,32.752.877 | 33.102.814 | 33.241.555 | 32.998.757 | 29.572.332 | 20.748.279,Defensa
Cucho,Betis,-296.281 | -545.129 | -861.456 | -3.254.011 | -9.041.568 | -5.987.559,"-0,67% | -1,22% | -1,92% | -6,87% | -17,01% | -11,95%",,18ddías,44.120.009,44.416.290 | 44.665.138 | 44.981.465 | 47.374.020 | 53.161.577 | 50.107.568,Delantero
Febas,Celta,+114.822 | +248.901 | +511.147 | +1.391.455 | -603.613 | -603.613,"+0,47% | +1,03% | +2,13% | +6,02% | -2,41% | -2,41%",,7ddías,24.493.275,24.378.453 | 24.244.374 | 23.982.128 | 23.101.820 | 25.096.888 | 25.096.888,Mediocampista
John ChetauyaJohn C.,Elche,-11.477 | -24.168 | -35.898 | -100.759 | -228.972 | -704.000,"-1,69% | -3,50% | -5,11% | -13,14% | -25,58% | -51,38%",,42ddías,666.083,677.560 | 690.251 | 701.981 | 766.842 | 895.055 | 1.370.083,Defensa
Bambo,Elche,-23.806 | -42.473 | -58.644 | -156.372 | -391.821 | +389.032,"-2,23% | -3,91% | -5,32% | -13,03% | -27,30% | 0%",,14ddías,1.043.497,1.067.303 | 1.085.970 | 1.102.141 | 1.199.869 | 1.435.318 | 0,Defensa
Youssef,Alavés,-4.324 | -4.343 | +667 | -3.887 | -52.735 | -213.898,"-0,86% | -0,87% | +0,13% | -0,78% | -9,62% | -30,14%",,2ddías,495.702,500.026 | 500.045 | 495.035 | 499.589 | 548.437 | 709.600,Defensa
Diatta,Villarreal,-6.465 | -13.936 | -23.746 | -35.863 | -35.863 | -35.863,"-1,17% | -2,49% | -4,17% | -6,17% | -6,17% | -6,17%",,4ddías,545.793,552.258 | 559.729 | 569.539 | 581.656 | 581.656 | 581.656,Mediocampista
Castrín,Sevilla,-98.635 | -170.322 | -225.405 | -552.325 | -552.325 | -552.325,"-2,26% | -3,84% | -5,01% | -11,45% | -11,45% | -11,45%",,5ddías,4.270.691,4.369.326 | 4.441.013 | 4.496.096 | 4.823.016 | 4.823.016 | 4.823.016,Defensa
Fran González,Sevilla,-11.071 | -13.871 | -14.445 | -32.562 | -46.286 | -46.286,"-1,66% | -2,07% | -2,15% | -4,73% | -6,59% | -6,59%",,8ddías,656.336,667.407 | 670.207 | 670.781 | 688.898 | 702.622 | 702.622,Portero
Niño,Málaga,-68.661 | -136.871 | -204.785 | -326.389 | -452.074 | -1.028.235,"-2,76% | -5,36% | -7,81% | -11,90% | -15,76% | -29,85%",,42ddías,2.416.394,2.485.055 | 2.553.265 | 2.621.179 | 2.742.783 | 2.868.468 | 3.444.629,Delantero
Rubén Gómez,Villarreal,-6.978 | -14.983 | -20.161 | -44.188 | -44.188 | -44.188,"-1,23% | -2,61% | -3,49% | -7,34% | -7,34% | -7,34%",,5ddías,558.104,565.082 | 573.087 | 578.265 | 602.292 | 602.292 | 602.292,Portero
Román,Celta,-18.487 | +3.147 | +54.992 | +283.919 | +170.148 | -1.464.932,"-0,34% | +0,06% | +1,02% | +5,52% | +3,24% | -21,26%",,1ddías,5.427.027,5.445.514 | 5.423.880 | 5.372.035 | 5.143.108 | 5.256.879 | 6.891.959,Mediocampista
Buchanan,Villarreal,-214.709 | -315.778 | -409.388 | -1.299.230 | -1.680.783 | +1.460.798,"-1,18% | -1,72% | -2,22% | -6,71% | -8,52% | +8,80%",,11ddías,18.056.991,18.271.700 | 18.372.769 | 18.466.379 | 19.356.221 | 19.737.774 | 16.596.193,Mediocampista
Óskarsson,Real Sociedad,-98.160 | -164.199 | -252.456 | -784.250 | -1.800.253 | -5.006.026,"-1,27% | -2,11% | -3,21% | -9,34% | -19,12% | -39,67%",,42ddías,7.613.765,7.711.925 | 7.777.964 | 7.866.221 | 8.398.015 | 9.414.018 | 12.619.791,Delantero
Valera,Elche,-126.691 | -95.526 | -71.444 | -432.827 | -1.482.611 | -5.216.371,"-0,54% | -0,41% | -0,31% | -1,83% | -6,01% | -18,37%",,1ddías,23.175.686,23.302.377 | 23.271.212 | 23.247.130 | 23.608.513 | 24.658.297 | 28.392.057,Mediocampista
Antony,Betis,+390.763 | +513.397 | +445.070 | -1.426.277 | -6.853.406 | -24.283.007,"+0,67% | +0,88% | +0,76% | -2,35% | -10,39% | -29,11%",,2ddías,59.139.209,58.748.446 | 58.625.812 | 58.694.139 | 60.565.486 | 65.992.615 | 83.422.216,Delantero
Sannadi,Athletic,-1.216 | -3.219 | -7.334 | -25.574 | -56.494 | -144.549,"-0,29% | -0,76% | -1,72% | -5,74% | -11,86% | -25,61%",,42ddías,419.818,421.034 | 423.037 | 427.152 | 445.392 | 476.312 | 564.367,Delantero
Pablo Ramón,Racing,-4.104 | -8.446 | -6.138 | -33.770 | -41.964 | -95.127,"-0,80% | -1,64% | -1,20% | -6,25% | -7,65% | 0%",,2ddías,506.447,510.551 | 514.893 | 512.585 | 540.217 | 548.411 | 0,Defensa
Vargas,Sevilla,-483.631 | -751.954 | -1.028.156 | -2.316.112 | -4.102.955 | +20.466.090,"-1,87% | -2,88% | -3,89% | -8,36% | -13,91% | 0%",,14ddías,25.397.045,25.880.676 | 26.148.999 | 26.425.201 | 27.713.157 | 29.500.000 | 0,Delantero
Garcés,Alavés,-8.703 | -18.504 | -30.742 | -85.004 | -193.451 | -579.953,"-1,43% | -2,99% | -4,88% | -12,42% | -24,40% | -49,17%",,42ddías,599.497,608.200 | 618.001 | 630.239 | 684.501 | 792.948 | 1.179.450,Defensa
Roberto,Espanyol,+185.742 | +320.110 | +511.748 | +1.213.958 | +1.739.758 | +854.710,"+2,61% | +4,58% | +7,52% | +19,90% | +31,21% | +13,23%",,12ddías,7.314.548,7.128.806 | 6.994.438 | 6.802.800 | 6.100.590 | 5.574.790 | 6.459.838,Delantero
Asencio,Real Madrid,-122.235 | -248.990 | -384.927 | -1.006.333 | -2.303.185 | -5.396.698,"-2,75% | -5,45% | -8,18% | -18,89% | -34,76% | -55,53%",,42ddías,4.322.327,4.444.562 | 4.571.317 | 4.707.254 | 5.328.660 | 6.625.512 | 9.719.025,Defensa
Szczesny,Barcelona,-49.925 | -93.282 | -137.267 | -360.042 | -844.339 | -949.632,"-2,16% | -3,97% | -5,73% | -13,75% | -27,21% | -29,60%",,15ddías,2.258.768,2.308.693 | 2.352.050 | 2.396.035 | 2.618.810 | 3.103.107 | 3.208.400,Portero
Etta Eyong,Levante,+96.844 | +294.018 | +372.355 | +1.860.305 | +6.247.315 | +12.718.829,"+0,38% | +1,15% | +1,46% | +7,77% | +31,96% | +97,26%",,41ddías,25.796.063,25.699.219 | 25.502.045 | 25.423.708 | 23.935.758 | 19.548.748 | 13.077.234,Delantero
Pau Navarro,Villarreal,-136.595 | -192.835 | -248.070 | -659.123 | -1.319.210 | -4.539.504,"-1,52% | -2,13% | -2,72% | -6,92% | -12,96% | -33,88%",,42ddías,8.859.399,8.995.994 | 9.052.234 | 9.107.469 | 9.518.522 | 10.178.609 | 13.398.903,Defensa
Julio Díaz,Sevilla,-2.838 | -6.531 | -12.406 | -19.242 | -19.242 | -27.432,"-0,61% | -1,40% | -2,63% | -4,03% | -4,03% | -5,64%",,4ddías,458.748,461.586 | 465.279 | 471.154 | 477.990 | 477.990 | 486.180,Defensa
Romero,Getafe,-111.289 | -71.526 | -121.306 | -2.165.720 | -2.165.720 | -2.165.720,"-0,40% | -0,26% | -0,43% | -7,19% | -7,19% | -7,19%",,1ddías,27.950.546,28.061.835 | 28.022.072 | 28.071.852 | 30.116.266 | 30.116.266 | 30.116.266,Defensa
L. Sucic,Real Sociedad,-45.773 | -72.759 | -76.911 | -207.131 | -459.340 | -1.534.218,"-1,29% | -2,04% | -2,15% | -5,60% | -11,62% | -30,52%",,39ddías,3.492.537,3.538.310 | 3.565.296 | 3.569.448 | 3.699.668 | 3.951.877 | 5.026.755,Mediocampista
Moscardo,Espanyol,-244.869 | -445.964 | -639.624 | -1.604.940 | 0 | 0,"-2,65% | -4,72% | -6,63% | -15,13% | 0% | 0%",,10ddías,9.004.806,9.249.675 | 9.450.770 | 9.644.430 | 10.609.746 | 0 | 0,Mediocampista
Sangante,Sevilla,-13.742 | -67.486 | -82.044 | 0 | 0 | 0,"-0,16% | -0,77% | -0,93% | 0% | 0% | 0%",,4ddías,8.724.501,8.738.243 | 8.791.987 | 8.806.545 | 0 | 0 | 0,Defensa
Y. Diomande,Real Madrid,-861.595 | -1.928.985 | -3.152.216 | 0 | 0 | 0,"-0,99% | -2,19% | -3,54% | 0% | 0% | 0%",,4ddías,85.961.638,86.823.233 | 87.890.623 | 89.113.854 | 0 | 0 | 0,Delantero
Pedro Felipe,Racing,-50.808 | -76.211 | -89.538 | 0 | 0 | 0,"-1,97% | -2,92% | -3,42% | 0% | 0% | 0%",,4ddías,2.531.500,2.582.308 | 2.607.711 | 2.621.038 | 0 | 0 | 0,Defensa
Andrés García,Getafe,-134.372 | -115.814 | -84.846 | 0 | 0 | 0,"-1,50% | -1,30% | -0,95% | 0% | 0% | 0%",,1ddías,8.826.688,8.961.060 | 8.942.502 | 8.911.534 | 0 | 0 | 0,Mediocampista
Mangala,Getafe,-108.022 | -193.052 | -282.243 | 0 | 0 | 0,"-1,00% | -1,77% | -2,56% | 0% | 0% | 0%",,4ddías,10.726.332,10.834.354 | 10.919.384 | 11.008.575 | 0 | 0 | 0,Mediocampista
Sazonov,Getafe,-33.374 | -54.840 | -70.583 | 0 | 0 | 0,"-2,72% | -4,40% | -5,59% | 0% | 0% | 0%",,4ddías,1.191.615,1.224.989 | 1.246.455 | 1.262.198 | 0 | 0 | 0,Defensa
Marcos,Espanyol,-35.320 | -65.377 | -92.499 | 0 | 0 | 0,"-2,52% | -4,57% | -6,35% | 0% | 0% | 0%",,5ddías,1.365.047,1.400.367 | 1.430.424 | 1.457.546 | 0 | 0 | 0,Delantero
Angeliño,Deportivo,+99.300 | +197.331 | +307.631 | 0 | 0 | 0,"+0,64% | +1,29% | +2,02% | 0% | 0% | 0%",,3ddías,15.509.670,15.410.370 | 15.312.339 | 15.202.039 | 0 | 0 | 0,Defensa
Mikel Rodriguez,Alavés,+20.543 | +7.107 | -3.902 | 0 | 0 | 0,"+2,50% | +0,85% | -0,46% | 0% | 0% | 0%",,1ddías,841.502,820.959 | 834.395 | 845.404 | 0 | 0 | 0,Mediocampista
Gulacsi,Villarreal,-5.465 | +37.207 | +89.836 | 0 | 0 | 0,"-0,13% | +0,88% | +2,16% | 0% | 0% | 0%",,1ddías,4.246.704,4.252.169 | 4.209.497 | 4.156.868 | 0 | 0 | 0,Portero
Dieng,Valencia,-118.560 | -221.118 | -323.096 | -739.105 | 0 | 0,"-2,58% | -4,71% | -6,73% | -14,17% | 0% | 0%",,11ddías,4.477.481,4.596.041 | 4.698.599 | 4.800.577 | 5.216.586 | 0 | 0,Mediocampista
Grimaldo,Atlético,-187.399 | -879.634 | -2.523.718 | 0 | 0 | 0,"-0,40% | -1,86% | -5,14% | 0% | 0% | 0%",,3ddías,46.532.747,46.720.146 | 47.412.381 | 49.056.465 | 0 | 0 | 0,Defensa
De Haas,Valencia,-7.010 | +67.273 | +206.537 | +648.637 | 0 | 0,"-0,08% | +0,74% | +2,30% | +7,60% | 0% | 0%",,1ddías,9.180.190,9.187.200 | 9.112.917 | 8.973.653 | 8.531.553 | 0 | 0,Defensa
Amatucci,Deportivo,+76.854 | +269.681 | +591.947 | +1.119.678 | 0 | 0,"+0,59% | +2,10% | +4,73% | +9,34% | 0% | 0%",,7ddías,13.105.235,13.028.381 | 12.835.554 | 12.513.288 | 11.985.557 | 0 | 0,Mediocampista
Bernardo Silva,Real Madrid,+1.123.107 | +2.079.711 | +3.323.585 | +9.643.703 | +15.781.446 | 0,"+2,06% | +3,88% | +6,34% | +20,92% | +39,49% | 0%",,13ddías,55.749.548,54.626.441 | 53.669.837 | 52.425.963 | 46.105.845 | 39.968.102 | 0,Mediocampista
Hjulmand,Atlético,+258.392 | +585.862 | +990.944 | +3.400.531 | +2.582.023 | 0,"+0,71% | +1,62% | +2,76% | +10,17% | +7,54% | 0%",,9ddías,36.833.604,36.575.212 | 36.247.742 | 35.842.660 | 33.433.073 | 34.251.581 | 0,Mediocampista
Calatrava,Espanyol,+13.487 | +55.832 | +105.275 | +362.339 | +741.892 | 0,"+0,34% | +1,42% | +2,71% | +9,98% | +22,82% | 0%",,17ddías,3.992.594,3.979.107 | 3.936.762 | 3.887.319 | 3.630.255 | 3.250.702 | 0,Delantero
Aubameyang,Deportivo,+1.093.046 | +2.045.122 | +3.101.551 | +7.877.630 | +16.967.170 | 0,"+3,35% | +6,46% | +10,14% | +30,50% | +101,39% | 0%",,18ddías,33.702.546,32.609.500 | 31.657.424 | 30.600.995 | 25.824.916 | 16.735.376 | 0,Delantero
Konaté,Real Madrid,-205.985 | -418.074 | -397.054 | +2.923.325 | +13.703.918 | 0,"-0,42% | -0,85% | -0,81% | +6,41% | +39,35% | 0%",,2ddías,48.529.231,48.735.216 | 48.947.305 | 48.926.285 | 45.605.906 | 34.825.313 | 0,Defensa
Cucurella,Real Madrid,-649.569 | -1.440.326 | -2.274.313 | -1.202.293 | +17.225.766 | 0,"-0,80% | -1,75% | -2,73% | -1,46% | +27,03% | 0%",,5ddías,80.951.890,81.601.459 | 82.392.216 | 83.226.203 | 82.154.183 | 63.726.124 | 0,Defensa
Hartman,Espanyol,-204.106 | -338.757 | -493.674 | -1.225.225 | -2.348.646 | 0,"-2,33% | -3,81% | -5,46% | -12,54% | -21,55% | 0%",,26ddías,8.549.027,8.753.133 | 8.887.784 | 9.042.701 | 9.774.252 | 10.897.673 | 0,Defensa
Dumfries,Real Madrid,-916.903 | -1.865.532 | -3.079.119 | -8.794.814 | -6.343.152 | +11.606.204,"-1,61% | -3,22% | -5,20% | -13,55% | -10,16% | +26,07%",,9ddías,56.117.817,57.034.720 | 57.983.349 | 59.196.936 | 64.912.631 | 62.460.969 | 44.511.613,Defensa
Valentini,Alavés,-33.164 | -68.446 | -107.227 | 0 | 0 | 0,"-2,72% | -5,45% | -8,29% | 0% | 0% | 0%",,3ddías,1.186.569,1.219.733 | 1.255.015 | 1.293.796 | 0 | 0 | 0,Defensa
Ede,Deportivo,-32.124 | -44.717 | -142.278 | 0 | 0 | 0,"-1,15% | -1,59% | -4,89% | 0% | 0% | 0%",,3ddías,2.768.765,2.800.889 | 2.813.482 | 2.911.043 | 0 | 0 | 0,Defensa
Larrubia,Málaga,-864.885 | -1.712.080 | -2.701.225 | -2.709.862 | +5.422.852 | +24.562.202,"-1,62% | -3,15% | -4,88% | -4,89% | +11,47% | +87,33%",,5ddías,52.687.934,53.552.819 | 54.400.014 | 55.389.159 | 55.397.796 | 47.265.082 | 28.125.732,Mediocampista
Manolo González,Espanyol,-29.103 | -60.155 | -94.529 | -246.949 | -571.279 | -414.836,"-2,60% | -5,23% | -7,99% | -18,48% | -34,41% | 0%",,23ddías,1.089.101,1.118.204 | 1.149.256 | 1.183.630 | 1.336.050 | 1.660.380 | 0,
Carlos Corberán,Valencia,-11.733 | -24.690 | -40.216 | -109.054 | -250.795 | -230.153,"-1,72% | -3,54% | -5,64% | -13,96% | -27,17% | 0%",,24ddías,672.208,683.941 | 696.898 | 712.424 | 781.262 | 923.003 | 0,
Luis García,Sevilla,-18.535 | -38.578 | -61.485 | -163.055 | -376.931 | +33.366,"-2,17% | -4,41% | -6,85% | -16,33% | -31,09% | 0%",,21ddías,835.465,854.000 | 874.043 | 896.950 | 998.520 | 1.212.396 | 0,
Pellegrino Matarazzo,Real Sociedad,-136.708 | -276.939 | -427.699 | -1.066.661 | -2.460.243 | -1.292.827,"-3,54% | -6,93% | -10,31% | -22,28% | -39,81% | 0%",,22ddías,3.720.299,3.857.007 | 3.997.238 | 4.147.998 | 4.786.960 | 6.180.542 | 0,
José Mourinho,Real Madrid,-411.670 | -866.165 | -1.361.881 | -3.422.415 | -8.043.449 | 0,"-3,01% | -6,13% | -9,31% | -20,52% | -37,76% | 0%",,19ddías,13.258.503,13.670.173 | 14.124.668 | 14.620.384 | 16.680.918 | 21.301.952 | 0,
Beñat San José,Rayo,-48.766 | -100.300 | -156.009 | -403.038 | -936.275 | 0,"-3,03% | -6,04% | -9,09% | -20,52% | -37,49% | 0%",,17ddías,1.561.011,1.609.777 | 1.661.311 | 1.717.020 | 1.964.049 | 2.497.286 | 0,
José Alberto López,Racing,-22.616 | -46.910 | -74.245 | -195.450 | -452.435 | +131.306,"-2,37% | -4,79% | -7,37% | -17,31% | -32,65% | 0%",,20ddías,933.405,956.021 | 980.315 | 1.007.650 | 1.128.855 | 1.385.840 | 0,
Luis Miguel Ramis,Osasuna,-41.720 | -85.914 | -133.978 | -347.103 | -805.903 | 0,"-2,91% | -5,81% | -8,78% | -19,96% | -36,67% | 0%",,18ddías,1.391.898,1.433.618 | 1.477.812 | 1.525.876 | 1.739.001 | 2.197.801 | 0,
Juan Funes,Málaga,-35.537 | -73.291 | -114.647 | -298.027 | -691.518 | +240.903,"-2,78% | -5,57% | -8,44% | -19,33% | -35,74% | 0%",,19ddías,1.243.528,1.279.065 | 1.316.819 | 1.358.175 | 1.541.555 | 1.935.046 | 0,
Luis Castro,Levante,-34.932 | -72.055 | -112.753 | -293.216 | -680.306 | -274.952,"-2,76% | -5,54% | -8,40% | -19,26% | -35,63% | 0%",,22ddías,1.228.985,1.263.917 | 1.301.040 | 1.341.738 | 1.522.201 | 1.909.291 | 0,
Pepe Bordalás,Getafe,-1.681.364 | -3.433.520 | -5.260.711 | -13.363.186 | -28.949.502 | +35.730.228,"-3,96% | -7,77% | -11,44% | -24,70% | -41,54% | 0%",,12ddías,40.743.354,42.424.718 | 44.176.874 | 46.004.065 | 54.106.540 | 69.692.856 | 0,
Martín Anselmi,Elche,-48.766 | -100.300 | -156.009 | -403.038 | -936.275 | 0,"-3,03% | -6,04% | -9,09% | -20,52% | -37,49% | 0%",,17ddías,1.561.011,1.609.777 | 1.661.311 | 1.717.020 | 1.964.049 | 2.497.286 | 0,
Asp Jensen,Deportivo,-137.077 | -249.646 | -473.675 | 0 | 0 | 0,"-2,16% | -3,86% | -7,09% | 0% | 0% | 0%",,3ddías,6.210.942,6.348.019 | 6.460.588 | 6.684.617 | 0 | 0 | 0,Mediocampista
Antonio Hidalgo,Deportivo,-49.550 | -101.901 | -158.462 | -409.266 | -950.789 | +75.897,"-3,04% | -6,06% | -9,12% | -20,58% | -37,57% | 0%",,20ddías,1.579.834,1.629.384 | 1.681.735 | 1.738.296 | 1.989.100 | 2.530.623 | 0,
Claudio Giráldez,Celta,-78.921 | -161.867 | -249.680 | -621.113 | -1.263.708 | -2.728.385,"-3,34% | -6,62% | -9,85% | -21,37% | -35,61% | 0%",,10ddías,2.284.741,2.363.662 | 2.446.608 | 2.534.421 | 2.905.854 | 3.548.449 | 0,
Manuel Pellegrini,Betis,-142.833 | -289.760 | -443.756 | -1.078.105 | -2.380.021 | -2.840.065,"-3,31% | -6,49% | -9,60% | -20,51% | -36,29% | 0%",,24ddías,4.178.312,4.321.145 | 4.468.072 | 4.622.068 | 5.256.417 | 6.558.333 | 0,
Hansi Flick,Barcelona,-252.985 | -527.629 | -822.811 | -2.013.104 | -3.750.437 | -5.601.564,"-2,61% | -5,29% | -8,02% | -17,58% | -28,44% | 0%",,10ddías,9.437.818,9.690.803 | 9.965.447 | 10.260.629 | 11.450.922 | 13.188.255 | 0,
Diego Simeone,Atlético,-170.953 | -353.028 | -546.598 | -1.358.882 | -2.795.269 | -4.472.104,"-2,99% | -5,98% | -8,96% | -19,66% | -33,48% | 0%",,25ddías,5.554.150,5.725.103 | 5.907.178 | 6.100.748 | 6.913.032 | 8.349.419 | 0,
Edin Terzic,Athletic,-294.694 | -599.237 | -920.072 | -2.334.887 | -5.452.975 | 0,"-3,80% | -7,43% | -10,97% | -23,83% | -42,22% | 0%",,18ddías,7.463.293,7.757.987 | 8.062.530 | 8.383.365 | 9.798.180 | 12.916.268 | 0,
Quique Sánchez,Alavés,-18.535 | -38.578 | -61.485 | -163.055 | -376.931 | +33.366,"-2,17% | -4,41% | -6,85% | -16,33% | -31,09% | 0%",,21ddías,835.465,854.000 | 874.043 | 896.950 | 998.520 | 1.212.396 | 0,
Ure,Sevilla,-15.330 | -106.995 | -522.533 | 0 | 0 | 0,"-0,13% | -0,89% | -4,21% | 0% | 0% | 0%",,3ddías,11.876.353,11.891.683 | 11.983.348 | 12.398.886 | 0 | 0 | 0,Delantero
Zabiri,Racing,-127.147 | -268.415 | -467.151 | 0 | 0 | 0,"-2,27% | -4,68% | -7,88% | 0% | 0% | 0%",,3ddías,5.462.751,5.589.898 | 5.731.166 | 5.929.902 | 0 | 0 | 0,Delantero
Fernando NiñoFer Niño,Elche,-271.097 | -469.711 | -993.650 | 0 | 0 | 0,"-1,82% | -3,11% | -6,36% | 0% | 0% | 0%",,3ddías,14.639.729,14.910.826 | 15.109.440 | 15.633.379 | 0 | 0 | 0,Delantero
Buonanotte,Elche,-119.064 | -255.036 | -500.746 | 0 | 0 | 0,"-1,71% | -3,60% | -6,83% | 0% | 0% | 0%",,3ddías,6.830.769,6.949.833 | 7.085.805 | 7.331.515 | 0 | 0 | 0,Mediocampista
Yeremay,Deportivo,-542.431 | -1.499.269 | -2.696.493 | -7.842.675 | -5.666.071 | +20.245.397,"-1,07% | -2,91% | -5,11% | -13,54% | -10,17% | +67,87%",,9ddías,50.073.937,50.616.368 | 51.573.206 | 52.770.430 | 57.916.612 | 55.740.008 | 29.828.540,Delantero
Chupete,Málaga,-874.536 | -1.752.799 | -2.586.853 | -3.412.113 | +4.680.810 | +24.488.241,"-1,73% | -3,40% | -4,94% | -6,41% | +10,38% | +96,77%",,5ddías,49.795.130,50.669.666 | 51.547.929 | 52.381.983 | 53.207.243 | 45.114.320 | 25.306.889,Delantero
Boselli,Getafe,-69.826 | -100.139 | -116.897 | -313.893 | -313.893 | -313.893,"-2,64% | -3,74% | -4,33% | -10,85% | -10,85% | -10,85%",,5ddías,2.580.106,2.649.932 | 2.680.245 | 2.697.003 | 2.893.999 | 2.893.999 | 2.893.999,Defensa
Loureiro,Deportivo,-69.980 | -109.432 | -128.822 | -152.784 | -160.596 | -871.824,"-1,88% | -2,91% | -3,41% | -4,02% | -4,22% | -19,30%",,5ddías,3.645.119,3.715.099 | 3.754.551 | 3.773.941 | 3.797.903 | 3.805.715 | 4.516.943,Defensa
Patino,Deportivo,-4.675 | -10.281 | -17.832 | -49.205 | -111.710 | -333.789,"-0,92% | -2,00% | -3,42% | -8,91% | -18,18% | -39,90%",,42ddías,502.825,507.500 | 513.106 | 520.657 | 552.030 | 614.535 | 836.614,Mediocampista
Mario,Deportivo,+359.429 | +720.392 | +1.078.159 | +2.624.741 | +5.108.487 | +9.825.563,"+1,36% | +2,76% | +4,19% | +10,84% | +23,51% | +57,76%",,41ddías,26.835.811,26.476.382 | 26.115.419 | 25.757.652 | 24.211.070 | 21.727.324 | 17.010.248,Mediocampista
Mella,Deportivo,+37.821 | +90.082 | +132.637 | +255.306 | +29.519 | -901.753,"+1,12% | +2,70% | +4,03% | +8,05% | +0,87% | -20,84%",,7ddías,3.425.320,3.387.499 | 3.335.238 | 3.292.683 | 3.170.014 | 3.395.801 | 4.327.073,Mediocampista
Jurado,Deportivo,-24.508 | -46.580 | -68.544 | -178.475 | -418.625 | -1.227.722,"-2,44% | -4,54% | -6,54% | -15,42% | -29,96% | -55,64%",,42ddías,978.812,1.003.320 | 1.025.392 | 1.047.356 | 1.157.287 | 1.397.437 | 2.206.534,Mediocampista
Villares,Deportivo,-48.657 | -74.996 | -88.392 | -290.879 | -759.181 | -2.298.405,"-1,95% | -2,98% | -3,49% | -10,64% | -23,72% | -48,48%",,42ddías,2.442.046,2.490.703 | 2.517.042 | 2.530.438 | 2.732.925 | 3.201.227 | 4.740.451,Mediocampista
Riki,Deportivo,-24.485 | -44.213 | -61.823 | -159.583 | -370.760 | -527.371,"-2,44% | -4,32% | -5,94% | -14,02% | -27,48% | -35,03%",,18ddías,978.275,1.002.760 | 1.022.488 | 1.040.098 | 1.137.858 | 1.349.035 | 1.505.646,Mediocampista
Ximo,Deportivo,+3.337 | +45.579 | +103.192 | +64.618 | -339.335 | -964.540,"+0,06% | +0,83% | +1,89% | +1,18% | -5,75% | -14,78%",,4ddías,5.559.933,5.556.596 | 5.514.354 | 5.456.741 | 5.495.315 | 5.899.268 | 6.524.473,Defensa
Barcia,Deportivo,-25.969 | -45.178 | -64.977 | -175.977 | -407.826 | -1.098.623,"-1,99% | -3,42% | -4,84% | -12,11% | -24,20% | -46,24%",,42ddías,1.277.343,1.303.312 | 1.322.521 | 1.342.320 | 1.453.320 | 1.685.169 | 2.375.966,Defensa
Comas,Deportivo,-12.683 | -26.631 | -39.694 | -112.031 | -259.802 | -763.775,"-1,79% | -3,69% | -5,40% | -13,88% | -27,21% | -52,36%",,42ddías,695.032,707.715 | 721.663 | 734.726 | 807.063 | 954.834 | 1.458.807,Defensa
Noubi,Deportivo,+241.675 | +475.004 | +754.976 | +1.554.900 | +3.218.356 | +4.635.491,"+1,93% | +3,86% | +6,28% | +13,87% | +33,70% | +56,99%",,24ddías,12.768.825,12.527.150 | 12.293.821 | 12.013.849 | 11.213.925 | 9.550.469 | 8.133.334,Defensa
Quagliata,Deportivo,-56.461 | -81.642 | -91.642 | -92.599 | +185.181 | +4.499,"-1,74% | -2,50% | -2,79% | -2,82% | +6,17% | +0,14%",,5ddías,3.188.395,3.244.856 | 3.270.037 | 3.280.037 | 3.280.994 | 3.003.214 | 3.183.896,Defensa
Eddahchouri,Deportivo,-33.246 | -58.294 | -81.336 | -208.144 | -523.469 | -1.363.692,"-1,79% | -3,10% | -4,27% | -10,25% | -22,31% | -42,80%",,42ddías,1.822.654,1.855.900 | 1.880.948 | 1.903.990 | 2.030.798 | 2.346.123 | 3.186.346,Delantero
Germán Parreño,Deportivo,-8.120 | -16.842 | -21.597 | -64.723 | -117.118 | -117.118,"-1,37% | -2,80% | -3,56% | -9,95% | -16,67% | -16,67%",,11ddías,585.515,593.635 | 602.357 | 607.112 | 650.238 | 702.633 | 702.633,Portero
Sangaré,Elche,-38.274 | -26.151 | +2.809 | -270.709 | -270.709 | -270.709,"-1,01% | -0,69% | +0,08% | -6,74% | -6,74% | -6,74%",,1ddías,3.744.792,3.783.066 | 3.770.943 | 3.741.983 | 4.015.501 | 4.015.501 | 4.015.501,Defensa
Vecino,Celta,-52.667 | -100.182 | -144.420 | -368.240 | -858.110 | -2.464.254,"-2,65% | -4,92% | -6,95% | -15,99% | -30,73% | -56,03%",,42ddías,1.934.170,1.986.837 | 2.034.352 | 2.078.590 | 2.302.410 | 2.792.280 | 4.398.424,Mediocampista
Vargas,Atlético,-7.402 | -19.472 | -34.260 | -109.098 | -261.003 | -787.728,"-0,90% | -2,33% | -4,03% | -11,80% | -24,25% | -49,14%",,42ddías,815.301,822.703 | 834.773 | 849.561 | 924.399 | 1.076.304 | 1.603.029,Mediocampista
Lookman,Atlético,-1.056.061 | -1.833.314 | -2.697.071 | -2.988.376 | +7.967.282 | +26.746.752,"-1,39% | -2,38% | -3,47% | -3,83% | +11,86% | +55,28%",,5ddías,75.128.940,76.185.001 | 76.962.254 | 77.826.011 | 78.117.316 | 67.161.658 | 48.382.188,Delantero
Tete Morente,Elche,-49.214 | -88.686 | -129.409 | -335.136 | -752.053 | -2.163.156,"-2,58% | -4,56% | -6,52% | -15,30% | -28,84% | -53,83%",,42ddías,1.855.238,1.904.452 | 1.943.924 | 1.984.647 | 2.190.374 | 2.607.291 | 4.018.394,Delantero
Fidalgo,Betis,-42.273 | -72.714 | -86.620 | -257.969 | -624.203 | -1.620.967,"-1,60% | -2,71% | -3,22% | -9,00% | -19,32% | -38,34%",,39ddías,2.607.134,2.649.407 | 2.679.848 | 2.693.754 | 2.865.103 | 3.231.337 | 4.228.101,Mediocampista
Koski,Alavés,+48.622 | +64.256 | +80.977 | +41.869 | +41.869 | +41.869,"+6,11% | +8,23% | +10,60% | +5,21% | +5,21% | +5,21%",,3ddías,844.958,796.336 | 780.702 | 763.981 | 803.089 | 803.089 | 803.089,Defensa
Freeman,Villarreal,-46.543 | -81.376 | -111.005 | -308.043 | -635.481 | -1.674.804,"-1,93% | -3,33% | -4,48% | -11,52% | -21,18% | -41,46%",,42ddías,2.364.794,2.411.337 | 2.446.170 | 2.475.799 | 2.672.837 | 3.000.275 | 4.039.598,Defensa
Cepeda,Elche,-19.946 | -22.960 | -18.920 | -54.907 | -181.077 | -699.776,"-1,84% | -2,11% | -1,75% | -4,91% | -14,55% | -39,69%",,2ddías,1.063.405,1.083.351 | 1.086.365 | 1.082.325 | 1.118.312 | 1.244.482 | 1.763.181,Delantero
Ángel Pérez,Alavés,-66.096 | -129.014 | -198.234 | -569.563 | -1.496.651 | -4.827.081,"-1,00% | -1,94% | -2,95% | -8,02% | -18,64% | -42,49%",,42ddías,6.532.123,6.598.219 | 6.661.137 | 6.730.357 | 7.101.686 | 8.028.774 | 11.359.204,Delantero
Luismi,Deportivo,-14.016 | +19.980 | +47.220 | +71.874 | -470.700 | -2.720.893,"-0,23% | +0,33% | +0,79% | +1,21% | -7,29% | -31,23%",,1ddías,5.990.327,6.004.343 | 5.970.347 | 5.943.107 | 5.918.453 | 6.461.027 | 8.711.220,Delantero
Herrero,Málaga,+56.609 | +180.700 | +304.596 | +899.440 | +1.193.629 | +2.020.324,"+0,68% | +2,20% | +3,77% | +12,02% | +16,61% | +31,77%",,10ddías,8.379.891,8.323.282 | 8.199.191 | 8.075.295 | 7.480.451 | 7.186.262 | 6.359.567,Portero
Canales,Racing,+527.833 | +958.831 | +1.545.602 | +4.716.629 | +14.080.016 | +14.080.016,"+2,24% | +4,14% | +6,85% | +24,31% | +140,28% | +140,28%",,9ddías,24.117.278,23.589.445 | 23.158.447 | 22.571.676 | 19.400.649 | 10.037.262 | 10.037.262,Mediocampista
Eriksson,Racing,-49.305 | -64.254 | -70.443 | -59.601 | +324.148 | +349.809,"-1,70% | -2,20% | -2,40% | -2,04% | +12,79% | +13,94%",,5ddías,2.858.799,2.908.104 | 2.923.053 | 2.929.242 | 2.918.400 | 2.534.651 | 2.508.990,Portero
Guliashvili,Racing,-61.066 | -123.266 | -186.426 | -479.713 | -1.073.781 | -2.962.242,"-3,02% | -5,92% | -8,69% | -19,68% | -35,42% | -60,20%",,42ddías,1.958.060,2.019.126 | 2.081.326 | 2.144.486 | 2.437.773 | 3.031.841 | 4.920.302,Delantero
Arana,Racing,-12.631 | -21.622 | -28.714 | -72.017 | -165.235 | -439.224,"-1,61% | -2,73% | -3,60% | -8,55% | -17,67% | -36,33%",,42ddías,769.905,782.536 | 791.527 | 798.619 | 841.922 | 935.140 | 1.209.129,Delantero
Iñigo Vicente,Racing,+68.282 | +172.919 | +292.633 | +584.576 | -129.903 | -3.984.355,"+0,35% | +0,90% | +1,54% | +3,12% | -0,67% | -17,08%",,7ddías,19.337.966,19.269.684 | 19.165.047 | 19.045.333 | 18.753.390 | 19.467.869 | 23.322.321,Delantero
Puerta,Racing,+145.823 | +314.636 | +436.058 | +1.357.022 | +2.548.997 | +3.122.624,"+1,14% | +2,49% | +3,48% | +11,70% | +24,50% | +31,76%",,21ddías,12.954.478,12.808.655 | 12.639.842 | 12.518.420 | 11.597.456 | 10.405.481 | 9.831.854,Mediocampista
Maguette,Racing,-78.192 | -107.374 | -132.936 | -247.392 | -623.850 | -2.062.778,"-1,91% | -2,61% | -3,21% | -5,81% | -13,46% | -33,97%",,38ddías,4.010.031,4.088.223 | 4.117.405 | 4.142.967 | 4.257.423 | 4.633.881 | 6.072.809,Mediocampista
Facundo GonzálezFacu González,Racing,-55.794 | -65.934 | -50.133 | -97.172 | -214.514 | -509.052,"-1,82% | -2,15% | -1,64% | -3,13% | -6,67% | -14,49%",,2ddías,3.003.988,3.059.782 | 3.069.922 | 3.054.121 | 3.101.160 | 3.218.502 | 3.513.040,Defensa
Salinas,Racing,+26.885 | -14.424 | -209.160 | -420.974 | -420.974 | -420.974,"+0,48% | -0,26% | -3,60% | -6,99% | -6,99% | -6,99%",,1ddías,5.601.382,5.574.497 | 5.615.806 | 5.810.542 | 6.022.356 | 6.022.356 | 6.022.356,Defensa
Hernando,Racing,-25.050 | -51.816 | -71.080 | -194.489 | -289.663 | -908.176,"-1,44% | -2,93% | -3,97% | -10,17% | -14,43% | -34,58%",,42ddías,1.718.374,1.743.424 | 1.770.190 | 1.789.454 | 1.912.863 | 2.008.037 | 2.626.550,Defensa
Sainz-Maza,Racing,-14.375 | -27.881 | -40.698 | -110.948 | -260.137 | -756.597,"-1,92% | -3,65% | -5,24% | -13,11% | -26,12% | -50,70%",,42ddías,735.621,749.996 | 763.502 | 776.319 | 846.569 | 995.758 | 1.492.218,Defensa
Mantilla,Racing,+989 | +27.226 | +68.550 | +269.768 | +569.007 | +478.487,"+0,04% | +0,98% | +2,52% | +10,69% | +25,57% | +20,66%",,19ddías,2.794.037,2.793.048 | 2.766.811 | 2.725.487 | 2.524.269 | 2.225.030 | 2.315.550,Defensa
Haitam,Málaga,-1.126 | -3.035 | -7.052 | -24.856 | -54.819 | -145.972,"-0,27% | -0,72% | -1,66% | -5,62% | -11,60% | -25,90%",,42ddías,417.651,418.777 | 420.686 | 424.703 | 442.507 | 472.470 | 563.623,Delantero
Carlos López,Málaga,+274 | -177 | -2.675 | -13.744 | -28.922 | -51.224,"+0,07% | -0,05% | -0,69% | -3,45% | -7,00% | -11,77%",,1ddías,384.059,383.785 | 384.236 | 386.734 | 397.803 | 412.981 | 435.283,Portero
Jauregi,Málaga,-33.053 | -59.755 | -83.550 | -233.501 | -282.234 | -282.234,"-2,53% | -4,48% | -6,16% | -15,49% | -18,14% | -18,14%",,8ddías,1.273.540,1.306.593 | 1.333.295 | 1.357.090 | 1.507.041 | 1.555.774 | 1.555.774,Delantero
Lobete,Málaga,-15.358 | -32.091 | -48.840 | -118.166 | -287.184 | -780.753,"-1,98% | -4,06% | -6,04% | -13,47% | -27,45% | -50,70%",,42ddías,759.210,774.568 | 791.301 | 808.050 | 877.376 | 1.046.394 | 1.539.963,Delantero
Joaquín,Málaga,-122.660 | -211.155 | -286.415 | -771.416 | -1.840.206 | -4.782.537,"-1,83% | -3,11% | -4,17% | -10,49% | -21,85% | -42,08%",,42ddías,6.581.895,6.704.555 | 6.793.050 | 6.868.310 | 7.353.311 | 8.422.101 | 11.364.432,Delantero
Enríquez,Málaga,-17.184 | -29.709 | -33.045 | -78.522 | -231.409 | -683.387,"-2,10% | -3,57% | -3,95% | -8,91% | -22,37% | -45,97%",,42ddías,803.052,820.236 | 832.761 | 836.097 | 881.574 | 1.034.461 | 1.486.439,Mediocampista
Lorenzo,Málaga,-35.102 | -9.773 | +45.183 | +326.387 | +1.181.802 | +365.353,"-0,36% | -0,10% | +0,47% | +3,49% | +13,90% | +3,92%",,1ddías,9.681.364,9.716.466 | 9.691.137 | 9.636.181 | 9.354.977 | 8.499.562 | 9.316.011,Mediocampista
Merino,Málaga,-100.448 | -164.046 | -200.829 | -438.213 | -930.202 | -2.651.356,"-1,59% | -2,57% | -3,12% | -6,57% | -12,99% | -29,85%",,38ddías,6.231.131,6.331.579 | 6.395.177 | 6.431.960 | 6.669.344 | 7.161.333 | 8.882.487,Mediocampista
Pastor,Málaga,+1.319 | +1.179 | -995 | -10.628 | -11.475 | -11.475,"+0,35% | +0,31% | -0,26% | -2,74% | -2,95% | -2,95%",,1ddías,377.641,376.322 | 376.462 | 378.636 | 388.269 | 389.116 | 389.116,Defensa
Dani Sánchez,Málaga,-13.101 | -27.483 | -41.606 | -110.596 | -254.342 | -702.691,"-1,82% | -3,75% | -5,57% | -13,56% | -26,51% | -49,92%",,42ddías,705.041,718.142 | 732.524 | 746.647 | 815.637 | 959.383 | 1.407.732,Defensa
Galilea,Málaga,-60.246 | -83.443 | -85.011 | -281.659 | -424.854 | -424.854,"-1,54% | -2,13% | -2,17% | -6,83% | -9,96% | -9,96%",,8ddías,3.841.078,3.901.324 | 3.924.521 | 3.926.089 | 4.122.737 | 4.265.932 | 4.265.932,Defensa
Murillo,Málaga,-58.650 | -119.651 | -182.317 | -463.534 | -1.028.630 | -2.766.413,"-2,91% | -5,76% | -8,51% | -19,13% | -34,43% | -58,54%",,42ddías,1.959.345,2.017.995 | 2.078.996 | 2.141.662 | 2.422.879 | 2.987.975 | 4.725.758,Defensa
Puga,Málaga,-72.652 | -111.162 | -142.837 | -356.568 | -867.984 | -2.628.943,"-1,39% | -2,10% | -2,69% | -6,45% | -14,37% | -33,71%",,37ddías,5.170.493,5.243.145 | 5.281.655 | 5.313.330 | 5.527.061 | 6.038.477 | 7.799.436,Defensa
Álvaro,Deportivo,-67.812 | -146.159 | -209.588 | -548.491 | -1.157.437 | -3.068.700,"-1,46% | -3,09% | -4,37% | -10,69% | -20,16% | -40,11%",,42ddías,4.582.647,4.650.459 | 4.728.806 | 4.792.235 | 5.131.138 | 5.740.084 | 7.651.347,Portero
Mikautadze,Villarreal,+237.605 | +588.447 | +1.040.591 | +5.059.727 | +9.978.371 | +14.212.659,"+0,38% | +0,94% | +1,68% | +8,73% | +18,81% | +29,12%",,35ddías,63.027.152,62.789.547 | 62.438.705 | 61.986.561 | 57.967.425 | 53.048.781 | 48.814.493,Delantero
Pedro Díaz,Rayo,-22.761 | -44.752 | -63.838 | -187.711 | -374.402 | -1.164.506,"-1,29% | -2,51% | -3,54% | -9,75% | -17,72% | -40,11%",,43ddías,1.738.489,1.761.250 | 1.783.241 | 1.802.327 | 1.926.200 | 2.112.891 | 2.902.995,Mediocampista
Swedberg,Celta,-84.238 | -115.976 | -111.486 | -378.583 | -1.054.040 | -3.483.386,"-1,05% | -1,44% | -1,38% | -4,55% | -11,71% | -30,47%",,2ddías,7.948.266,8.032.504 | 8.064.242 | 8.059.752 | 8.326.849 | 9.002.306 | 11.431.652,Mediocampista
Eric Garcia,Barcelona,+27.063 | -185.727 | -486.053 | -2.733.049 | -8.582.902 | -14.666.417,"+0,06% | -0,42% | -1,08% | -5,78% | -16,15% | -24,76%",,1ddías,44.561.815,44.534.752 | 44.747.542 | 45.047.868 | 47.294.864 | 53.144.717 | 59.228.232,Defensa
Herrera,Real Sociedad,-30.854 | -46.629 | -54.421 | -134.710 | -509.298 | -1.875.412,"-1,01% | -1,52% | -1,77% | -4,26% | -14,41% | -38,27%",,39ddías,3.025.629,3.056.483 | 3.072.258 | 3.080.050 | 3.160.339 | 3.534.927 | 4.901.041,Mediocampista
Iglesias,Sevilla,+34.300 | +131.195 | +205.763 | -706.090 | -706.090 | -706.090,"+0,29% | +1,12% | +1,77% | -5,63% | -5,63% | -5,63%",,3ddías,11.842.262,11.807.962 | 11.711.067 | 11.636.499 | 12.548.352 | 12.548.352 | 12.548.352,Defensa
Mayoral,Getafe,-53.035 | -58.672 | -62.362 | -114.383 | -318.050 | -1.058.144,"-1,79% | -1,97% | -2,10% | -3,78% | -9,85% | -26,65%",,42ddías,2.912.333,2.965.368 | 2.971.005 | 2.974.695 | 3.026.716 | 3.230.383 | 3.970.477,Delantero
Soria,Getafe,+480.959 | +976.242 | +1.625.897 | +1.161.325 | +1.161.325 | +1.161.325,"+2,41% | +5,01% | +8,63% | +6,02% | +6,02% | +6,02%",,5ddías,20.457.679,19.976.720 | 19.481.437 | 18.831.782 | 19.296.354 | 19.296.354 | 19.296.354,Portero
Carmona,Sevilla,-72.827 | -92.531 | -100.439 | -207.650 | -500.506 | -1.588.801,"-1,68% | -2,12% | -2,30% | -4,64% | -10,50% | -27,14%",,37ddías,4.264.488,4.337.315 | 4.357.019 | 4.364.927 | 4.472.138 | 4.764.994 | 5.853.289,Defensa
Aleñá,Alavés,-75.303 | -86.225 | -88.936 | -183.909 | -568.310 | -1.889.226,"-1,94% | -2,22% | -2,28% | -4,61% | -12,99% | -33,17%",,42ddías,3.805.513,3.880.816 | 3.891.738 | 3.894.449 | 3.989.422 | 4.373.823 | 5.694.739,Mediocampista
Enes Ünal,Getafe,-40.057 | -202.365 | -639.583 | +10.763.037 | +10.763.037 | +10.763.037,"-0,32% | -1,60% | -4,90% | 0% | 0% | 0%",,3ddías,12.406.202,12.446.259 | 12.608.567 | 13.045.785 | 0 | 0 | 0,Delantero
Djené,Getafe,+125.493 | +313.274 | +568.777 | +346.548 | +346.548 | +346.548,"+1,45% | +3,70% | +6,93% | +4,11% | +4,11% | +4,11%",,4ddías,8.779.040,8.653.547 | 8.465.766 | 8.210.263 | 8.432.492 | 8.432.492 | 8.432.492,Defensa
Miguel,Alavés,-89.606 | -174.656 | -286.671 | +2.375.876 | +2.375.876 | +2.375.876,"-2,85% | -5,41% | -8,58% | 0% | 0% | 0%",,3ddías,3.055.637,3.145.243 | 3.230.293 | 3.342.308 | 0 | 0 | 0,Delantero
Iván Villar,Celta,-22.935 | -37.384 | -55.758 | -130.860 | -305.895 | -907.332,"-2,38% | -3,82% | -5,59% | -12,21% | -24,53% | -49,09%",,42ddías,941.062,963.997 | 978.446 | 996.820 | 1.071.922 | 1.246.957 | 1.848.394,Portero
Miguel Ángel RubioMiguel Rubio,Espanyol,-6.717 | -14.450 | -24.533 | -69.239 | -158.269 | -468.424,"-1,20% | -2,55% | -4,26% | -11,15% | -22,29% | -45,91%",,42ddías,551.834,558.551 | 566.284 | 576.367 | 621.073 | 710.103 | 1.020.258,Defensa
Aspas,Celta,-66.284 | -106.998 | -146.597 | -606.934 | -1.456.519 | -3.867.515,"-0,93% | -1,49% | -2,03% | -7,88% | -17,04% | -35,29%",,36ddías,7.091.817,7.158.101 | 7.198.815 | 7.238.414 | 7.698.751 | 8.548.336 | 10.959.332,Delantero
Carles Pérez,Celta,-31.340 | -60.782 | -91.704 | -241.397 | -559.138 | -481.285,"-2,67% | -5,05% | -7,43% | -17,44% | -32,85% | 0%",,19ddías,1.142.781,1.174.121 | 1.203.563 | 1.234.485 | 1.384.178 | 1.701.919 | 0,Delantero
Dotor,Málaga,-102.480 | -200.935 | -296.872 | -568.599 | -568.599 | -564.196,"-2,89% | -5,51% | -7,93% | -14,16% | -14,16% | 0%",,5ddías,3.446.305,3.548.785 | 3.647.240 | 3.743.177 | 4.014.904 | 4.014.904 | 0,Mediocampista
U. Núñez,Espanyol,+32.477 | +70.792 | +111.033 | +68.329 | -383.408 | -1.312.360,"+0,88% | +1,95% | +3,09% | +1,88% | -9,37% | -26,15%",,4ddías,3.706.754,3.674.277 | 3.635.962 | 3.595.721 | 3.638.425 | 4.090.162 | 5.019.114,Defensa
Starfelt,Celta,+87.751 | +223.211 | +326.672 | +1.131.388 | +3.032.696 | +3.302.802,"+0,63% | +1,61% | +2,38% | +8,74% | +27,47% | +30,67%",,19ddías,14.070.986,13.983.235 | 13.847.775 | 13.744.314 | 12.939.598 | 11.038.290 | 10.768.184,Defensa
Chust,Elche,-44.124 | -60.498 | -222.762 | -400.497 | -400.497 | -400.497,"-0,95% | -1,29% | -4,60% | -7,98% | -7,98% | -7,98%",,4ddías,4.618.879,4.663.003 | 4.679.377 | 4.841.641 | 5.019.376 | 5.019.376 | 5.019.376,Defensa
Navarro,Athletic,-3.330 | +15.736 | +33.423 | +62.057 | -23.187 | -570.253,"-0,16% | +0,75% | +1,60% | +3,00% | -1,08% | -21,14%",,1ddías,2.127.538,2.130.868 | 2.111.802 | 2.094.115 | 2.065.481 | 2.150.725 | 2.697.791,Mediocampista
Ruibal,Betis,-65.895 | -132.987 | -202.347 | -520.722 | -1.181.191 | -3.336.671,"-2,89% | -5,67% | -8,38% | -19,05% | -34,80% | -60,13%",,42ddías,2.212.557,2.278.452 | 2.345.544 | 2.414.904 | 2.733.279 | 3.393.748 | 5.549.228,Delantero
Isco,Betis,-297.900 | -568.228 | -976.805 | -2.937.204 | -8.805.150 | +43.708.791,"-0,54% | -1,03% | -1,76% | -5,10% | -13,89% | 0%",,26ddías,54.601.302,54.899.202 | 55.169.530 | 55.578.107 | 57.538.506 | 63.406.452 | 0,Mediocampista
Marc Roca,Betis,+5.726 | +59.393 | +87.417 | +323.179 | +779.864 | +256.619,"+0,11% | +1,11% | +1,64% | +6,35% | +16,85% | +4,98%",,16ddías,5.409.461,5.403.735 | 5.350.068 | 5.322.044 | 5.086.282 | 4.629.597 | 5.152.842,Mediocampista
Boyé,Alavés,-330.894 | -558.036 | -838.516 | -2.162.811 | -3.123.101 | -6.396.181,"-2,76% | -4,57% | -6,71% | -15,64% | -21,12% | -35,42%",,38ddías,11.663.227,11.994.121 | 12.221.263 | 12.501.743 | 13.826.038 | 14.786.328 | 18.059.408,Delantero
S. Cardona,Villarreal,-27.503 | -33.690 | -27.951 | -129.137 | -383.790 | -1.050.347,"-0,59% | -0,72% | -0,60% | -2,70% | -7,61% | -18,40%",,2ddías,4.657.132,4.684.635 | 4.690.822 | 4.685.083 | 4.786.269 | 5.040.922 | 5.707.479,Defensa
Bartra,Betis,-110.070 | -148.245 | -84.049 | +569.568 | +2.512.746 | +7.520.025,"-0,39% | -0,53% | -0,30% | +2,09% | +9,95% | +37,12%",,2ddías,27.776.249,27.886.319 | 27.924.494 | 27.860.298 | 27.206.681 | 25.263.503 | 20.256.224,Defensa
Budimir,Osasuna,+514.479 | +1.077.334 | +1.776.389 | +4.547.390 | +3.303.332 | +12.768.142,"+1,01% | +2,14% | +3,57% | +9,69% | +6,85% | 0%",,8ddías,51.492.940,50.978.461 | 50.415.606 | 49.716.551 | 46.945.550 | 48.189.608 | 0,Delantero
Cárdenas,Rayo,-7.853 | -15.634 | -19.047 | -63.028 | -151.415 | -455.686,"-1,34% | -2,63% | -3,18% | -9,82% | -20,73% | -44,04%",,42ddías,579.107,586.960 | 594.741 | 598.154 | 642.135 | 730.522 | 1.034.793,Portero
Nteka,Rayo,-3.801 | -16.435 | -26.267 | -121.091 | -341.057 | -1.068.191,"-0,30% | -1,30% | -2,05% | -8,82% | -21,40% | -46,03%",,42ddías,1.252.537,1.256.338 | 1.268.972 | 1.278.804 | 1.373.628 | 1.593.594 | 2.320.728,Delantero
Isi,Rayo,+390.565 | +889.520 | +1.614.614 | +3.803.505 | +1.222.461 | +230.258,"+2,02% | +4,73% | +8,92% | +23,92% | +6,61% | +1,18%",,7ddías,19.707.731,19.317.166 | 18.818.211 | 18.093.117 | 15.904.226 | 18.485.270 | 19.477.473,Delantero
Ratiu,Rayo,+80.855 | +231.593 | +327.396 | -318.656 | -2.463.115 | -23.705.424,"+0,23% | +0,65% | +0,93% | -0,89% | -6,46% | 0%",,3ddías,35.678.553,35.597.698 | 35.446.960 | 35.351.157 | 35.997.209 | 38.141.668 | 0,Defensa
Dimitrievski,Valencia,+278.144 | +569.341 | +957.565 | +2.625.097 | +2.630.195 | +2.630.195,"+1,93% | +4,04% | +6,98% | +21,78% | +21,83% | +21,83%",,9ddías,14.676.072,14.397.928 | 14.106.731 | 13.718.507 | 12.050.975 | 12.045.877 | 12.045.877,Portero
Iker Muñoz,Osasuna,-22.087 | -31.380 | -31.330 | -68.210 | -245.537 | -1.028.168,"-1,62% | -2,29% | -2,28% | -4,84% | -15,49% | -43,42%",,2ddías,1.339.790,1.361.877 | 1.371.170 | 1.371.120 | 1.408.000 | 1.585.327 | 2.367.958,Mediocampista
Herrando,Osasuna,-35.605 | -58.760 | -83.388 | -216.640 | -539.696 | -1.663.050,"-2,13% | -3,47% | -4,85% | -11,69% | -24,80% | -50,41%",,42ddías,1.636.106,1.671.711 | 1.694.866 | 1.719.494 | 1.852.746 | 2.175.802 | 3.299.156,Defensa
Catena,Osasuna,-284.080 | -467.640 | -704.855 | -2.100.108 | -5.243.888 | -794.261,"-0,84% | -1,37% | -2,05% | -5,87% | -13,48% | -2,30%",,18ddías,33.665.080,33.949.160 | 34.132.720 | 34.369.935 | 35.765.188 | 38.908.968 | 34.459.341,Defensa
Mojica,Getafe,-180.611 | -441.899 | -857.437 | +9.193.475 | +9.193.475 | +9.193.475,"-1,54% | -3,69% | -6,92% | 0% | 0% | 0%",,3ddías,11.541.449,11.722.060 | 11.983.348 | 12.398.886 | 0 | 0 | 0,Defensa
Ibáñez,Alavés,+26.742 | +46.351 | +71.174 | +64.860 | -112.000 | -1.319.453,"+0,81% | +1,42% | +2,19% | +2,00% | -3,27% | -28,47%",,4ddías,3.315.548,3.288.806 | 3.269.197 | 3.244.374 | 3.250.688 | 3.427.548 | 4.635.001,Mediocampista
Moi Gómez,Osasuna,-39.231 | -65.034 | -89.086 | -226.649 | -572.086 | -1.715.616,"-1,96% | -3,22% | -4,35% | -10,38% | -22,62% | -46,71%",,42ddías,1.957.316,1.996.547 | 2.022.350 | 2.046.402 | 2.183.965 | 2.529.402 | 3.672.932,Mediocampista
Javi Muñoz,Getafe,-9.062 | -19.237 | -28.777 | -81.810 | -190.545 | -577.482,"-1,47% | -3,07% | -4,52% | -11,86% | -23,86% | -48,71%",,42ddías,608.115,617.177 | 627.352 | 636.892 | 689.925 | 798.660 | 1.185.597,Mediocampista
Rubén GarcíaRubén G.,Osasuna,+97.404 | +201.349 | +403.634 | +941.353 | +278.225 | -2.250.513,"+0,70% | +1,46% | +2,98% | +7,23% | +2,03% | -13,89%",,7ddías,13.955.598,13.858.194 | 13.754.249 | 13.551.964 | 13.014.245 | 13.677.373 | 16.206.111,Mediocampista
Aitor,Osasuna,-4.314 | -9.543 | -11.770 | -40.034 | -84.818 | -274.121,"-0,87% | -1,89% | -2,33% | -7,49% | -14,65% | -35,68%",,7ddías,494.152,498.466 | 503.695 | 505.922 | 534.186 | 578.970 | 768.273,Portero
Areso,Athletic,+14.857 | +52.616 | +93.179 | +265.075 | +524.512 | -81.680,"+0,52% | +1,85% | +3,32% | +10,08% | +22,12% | -2,74%",,14ddías,2.895.688,2.880.831 | 2.843.072 | 2.802.509 | 2.630.613 | 2.371.176 | 2.977.368,Defensa
Kike Barja,Osasuna,-63.081 | -119.292 | -169.619 | -360.549 | -360.549 | -360.549,"-2,51% | -4,64% | -6,47% | -12,83% | -12,83% | -12,83%",,5ddías,2.450.279,2.513.360 | 2.569.571 | 2.619.898 | 2.810.828 | 2.810.828 | 2.810.828,Delantero
Oroz,Osasuna,+72.397 | +279.834 | +356.662 | +919.873 | +978.832 | -2.425.206,"+0,45% | +1,77% | +2,27% | +6,07% | +6,48% | -13,11%",,10ddías,16.079.326,16.006.929 | 15.799.492 | 15.722.664 | 15.159.453 | 15.100.494 | 18.504.532,Mediocampista
Moncayola,Osasuna,+41.826 | +107.395 | +231.313 | +556.270 | +1.139.922 | +1.107.566,"+0,61% | +1,58% | +3,47% | +8,77% | +19,80% | +19,13%",,17ddías,6.898.094,6.856.268 | 6.790.699 | 6.666.781 | 6.341.824 | 5.758.172 | 5.790.528,Mediocampista
Torró,Osasuna,-35.193 | -51.719 | -66.329 | -141.367 | -330.641 | -1.094.837,"-1,43% | -2,08% | -2,66% | -5,49% | -11,97% | -31,04%",,38ddías,2.431.793,2.466.986 | 2.483.512 | 2.498.122 | 2.573.160 | 2.762.434 | 3.526.630,Mediocampista
Herrera,Osasuna,-266.102 | -530.318 | -756.618 | +297.548 | +5.995.380 | +17.786.683,"-0,67% | -1,33% | -1,89% | +0,76% | +17,98% | +82,54%",,4ddías,39.336.407,39.602.509 | 39.866.725 | 40.093.025 | 39.038.859 | 33.341.027 | 21.549.724,Portero
Copete,Valencia,-58.472 | -114.901 | -177.773 | -457.040 | -1.036.508 | -2.922.597,"-3,11% | -5,94% | -8,90% | -20,08% | -36,30% | -61,63%",,42ddías,1.819.185,1.877.657 | 1.934.086 | 1.996.958 | 2.276.225 | 2.855.693 | 4.741.782,Defensa
Valles,Betis,+304.481 | +682.262 | +1.023.662 | +3.920.741 | +10.435.923 | +19.919.938,"+0,92% | +2,08% | +3,16% | +13,29% | +45,41% | +147,58%",,41ddías,33.417.989,33.113.508 | 32.735.727 | 32.394.327 | 29.497.248 | 22.982.066 | 13.498.051,Portero
Moleiro,Villarreal,+125.538 | +411.816 | +925.000 | +5.223.141 | +10.598.896 | -28.534.410,"+0,19% | +0,61% | +1,39% | +8,38% | +18,62% | 0%",,13ddías,67.526.058,67.400.520 | 67.114.242 | 66.601.058 | 62.302.917 | 56.927.162 | 0,Mediocampista
Juan Cruz,Málaga,-115.182 | -197.810 | -271.523 | -4.513.993 | -4.513.993 | -4.513.993,"-0,74% | -1,26% | -1,73% | 0% | 0% | 0%",,4ddías,15.454.450,15.569.632 | 15.652.260 | 15.725.973 | 0 | 0 | 0,Mediocampista
Ayoze,Villarreal,+355.865 | +663.534 | +936.568 | +1.860.861 | +1.088.931 | -996.990,"+2,05% | +3,89% | +5,58% | +11,74% | +6,55% | -5,33%",,7ddías,17.707.889,17.352.024 | 17.044.355 | 16.771.321 | 15.847.028 | 16.618.958 | 18.704.879,Delantero
Álvaro García,Rayo,+497.496 | +680.078 | +802.870 | +1.320.797 | +2.632.283 | +5.172.992,"+2,73% | +3,77% | +4,48% | +7,60% | +16,37% | +38,22%",,26ddías,18.708.849,18.211.353 | 18.028.771 | 17.905.979 | 17.388.052 | 16.076.566 | 13.535.857,Mediocampista
Pubill,Atlético,-602.560 | -1.449.687 | -2.434.824 | -7.634.901 | -15.392.414 | +4.929.171,"-1,03% | -2,43% | -4,02% | -11,60% | -20,92% | +9,26%",,13ddías,58.180.401,58.782.961 | 59.630.088 | 60.615.225 | 65.815.302 | 73.572.815 | 53.251.230,Defensa
Guruzeta,Athletic,+216.855 | +394.896 | +504.880 | +1.222.942 | +2.241.577 | +1.349.142,"+1,57% | +2,90% | +3,74% | +9,57% | +19,06% | +10,66%",,16ddías,14.004.638,13.787.783 | 13.609.742 | 13.499.758 | 12.781.696 | 11.763.061 | 12.655.496,Delantero
N. Williams,Athletic,-605.335 | -1.304.949 | -2.152.567 | -7.226.754 | -12.312.798 | +21.236.368,"-0,95% | -2,03% | -3,30% | -10,29% | -16,35% | 0%",,12ddías,62.990.083,63.595.418 | 64.295.032 | 65.142.650 | 70.216.837 | 75.302.881 | 0,Delantero
I. Williams,Athletic,-113.485 | -221.427 | -365.440 | -1.691.389 | -2.436.067 | +4.008.215,"-0,41% | -0,81% | -1,32% | -5,84% | -8,21% | +17,25%",,11ddías,27.247.175,27.360.660 | 27.468.602 | 27.612.615 | 28.938.564 | 29.683.242 | 23.238.960,Delantero
Bretones,Osasuna,+67.701 | +160.258 | +264.595 | +779.887 | +1.590.316 | +1.945.350,"+1,75% | +4,25% | +7,21% | +24,74% | +67,91% | +97,91%",,24ddías,3.932.235,3.864.534 | 3.771.977 | 3.667.640 | 3.152.348 | 2.341.919 | 1.986.885,Defensa
Sancet,Athletic,-786.904 | -1.467.494 | -2.151.283 | -5.866.740 | -1.949.794 | +13.646.677,"-1,67% | -3,08% | -4,45% | -11,26% | -4,05% | +41,90%",,8ddías,46.218.434,47.005.338 | 47.685.928 | 48.369.717 | 52.085.174 | 48.168.228 | 32.571.757,Mediocampista
Berenguer,Athletic,-92.118 | -133.775 | -184.190 | -593.708 | -1.364.040 | -3.156.964,"-1,03% | -1,49% | -2,04% | -6,29% | -13,37% | -26,32%",,33ddías,8.838.475,8.930.593 | 8.972.250 | 9.022.665 | 9.432.183 | 10.202.515 | 11.995.439,Delantero
Yeray,Athletic,+29.303 | +90.230 | +177.323 | +462.623 | +773.205 | -178.078,"+0,62% | +1,94% | +3,89% | +10,81% | +19,49% | -3,62%",,14ddías,4.741.183,4.711.880 | 4.650.953 | 4.563.860 | 4.278.560 | 3.967.978 | 4.919.261,Defensa
Paredes,Athletic,+79.557 | +155.036 | +274.811 | +721.800 | +1.020.303 | -89.645,"+1,55% | +3,06% | +5,56% | +16,04% | +24,29% | -1,69%",,14ddías,5.221.160,5.141.603 | 5.066.124 | 4.946.349 | 4.499.360 | 4.200.857 | 5.310.805,Defensa
Vivian,Athletic,-296.099 | -603.491 | -916.767 | -2.358.715 | -5.139.549 | -12.911.217,"-2,82% | -5,58% | -8,23% | -18,76% | -33,47% | -55,83%",,31ddías,10.216.442,10.512.541 | 10.819.933 | 11.133.209 | 12.575.157 | 15.355.991 | 23.127.659,Defensa
Unai Simón,Athletic,-619.025 | -1.056.823 | -1.626.768 | -5.162.050 | -2.382.101 | +23.109.566,"-1,15% | -1,94% | -2,96% | -8,81% | -4,27% | +76,26%",,9ddías,53.413.260,54.032.285 | 54.470.083 | 55.040.028 | 58.575.310 | 55.795.361 | 30.303.694,Portero
Adrián,Alavés,-25.215 | -52.217 | -82.372 | -644.423 | -644.423 | -644.423,"-2,47% | -4,98% | -7,64% | 0% | 0% | 0%",,3ddías,995.792,1.021.007 | 1.048.009 | 1.078.164 | 0 | 0 | 0,Portero
R. de Galarreta,Athletic,+40.598 | +229.186 | +320.374 | +948.617 | +2.055.764 | +994.398,"+0,33% | +1,87% | +2,64% | +8,24% | +19,75% | +8,67%",,17ddías,12.465.541,12.424.943 | 12.236.355 | 12.145.167 | 11.516.924 | 10.409.777 | 11.471.143,Mediocampista
Owono,Alavés,-20.354 | -34.863 | -50.281 | +89.253 | +89.253 | +89.253,"-2,21% | -3,73% | -5,29% | 0% | 0% | 0%",,4ddías,899.321,919.675 | 934.184 | 949.602 | 0 | 0 | 0,Portero
Carlos BenavidezProtesoni,Alavés,-78.092 | -135.887 | -189.848 | -390.679 | -390.679 | -390.679,"-2,89% | -4,93% | -6,75% | -12,97% | -12,97% | -12,97%",,5ddías,2.620.909,2.699.001 | 2.756.796 | 2.810.757 | 3.011.588 | 3.011.588 | 3.011.588,Mediocampista
Rebbach,Alavés,-38.576 | -103.313 | -158.929 | -505.252 | -1.110.095 | -3.065.459,"-1,05% | -2,75% | -4,17% | -12,16% | -23,32% | -45,64%",,40ddías,3.650.488,3.689.064 | 3.753.801 | 3.809.417 | 4.155.740 | 4.760.583 | 6.715.947,Delantero
Guridi,Sevilla,+168.450 | +229.599 | +332.713 | -2.330 | -2.330 | -2.330,"+3,47% | +4,80% | +7,10% | -0,05% | -0,05% | -0,05%",,3ddías,5.016.985,4.848.535 | 4.787.386 | 4.684.272 | 5.019.315 | 5.019.315 | 5.019.315,Mediocampista
Kike García,Espanyol,-107.720 | -219.123 | -337.605 | -866.857 | -1.850.782 | -4.141.949,"-3,07% | -6,05% | -9,03% | -20,31% | -35,24% | -54,91%",,40ddías,3.401.331,3.509.051 | 3.620.454 | 3.738.936 | 4.268.188 | 5.252.113 | 7.543.280,Delantero
Tenaglia,Alavés,+548.371 | +625.140 | +676.351 | +618.397 | +263.559 | -1.742.007,"+3,79% | +4,34% | +4,72% | +4,29% | +1,79% | -10,39%",,4ddías,15.020.464,14.472.093 | 14.395.324 | 14.344.113 | 14.402.067 | 14.756.905 | 16.762.471,Defensa
Rioja,Valencia,-365.962 | -744.171 | -1.150.819 | -2.953.292 | -6.152.432 | -10.399.364,"-2,99% | -5,90% | -8,84% | -19,93% | -34,15% | -46,71%",,42ddías,11.863.091,12.229.053 | 12.607.262 | 13.013.910 | 14.816.383 | 18.015.523 | 22.262.455,Mediocampista
Blanco,Alavés,-67.656 | -44.676 | -25.255 | -267.074 | -1.316.259 | -5.342.468,"-0,45% | -0,30% | -0,17% | -1,76% | -8,12% | -26,39%",,1ddías,14.903.000,14.970.656 | 14.947.676 | 14.928.255 | 15.170.074 | 16.219.259 | 20.245.468,Mediocampista
Guevara,Alavés,-28.274 | -47.388 | -65.324 | -156.266 | -373.692 | -1.124.447,"-2,54% | -4,19% | -5,69% | -12,61% | -25,65% | -50,94%",,42ddías,1.083.137,1.111.411 | 1.130.525 | 1.148.461 | 1.239.403 | 1.456.829 | 2.207.584,Mediocampista
Abqar,Getafe,+45.773 | +175.647 | +319.262 | +923.575 | +1.972.057 | +1.814.457,"+0,64% | +2,49% | +4,62% | +14,66% | +37,56% | +33,55%",,21ddías,7.223.016,7.177.243 | 7.047.369 | 6.903.754 | 6.299.441 | 5.250.959 | 5.408.559,Defensa
Gorosabel,Athletic,-44.323 | -80.264 | -114.102 | -359.095 | -962.876 | -2.606.950,"-1,95% | -3,47% | -4,86% | -13,86% | -30,14% | -53,87%",,42ddías,2.232.310,2.276.633 | 2.312.574 | 2.346.412 | 2.591.405 | 3.195.186 | 4.839.260,Defensa
Agirrezabala,Racing,+147.425 | +236.686 | +142.593 | +39.065 | +39.065 | +39.065,"+5,26% | +8,72% | +5,08% | +1,34% | +1,34% | +1,34%",,2ddías,2.950.150,2.802.725 | 2.713.464 | 2.807.557 | 2.911.085 | 2.911.085 | 2.911.085,Portero
Yuri,Athletic,-26.286 | -44.284 | -66.633 | -411.435 | -1.761.601 | -5.599.481,"-0,21% | -0,35% | -0,53% | -3,19% | -12,38% | -30,99%",,27ddías,12.468.294,12.494.580 | 12.512.578 | 12.534.927 | 12.879.729 | 14.229.895 | 18.067.775,Defensa
Iglesias,Celta,-229.345 | -418.935 | -654.136 | -2.084.701 | -5.669.660 | +1.552.493,"-0,85% | -1,55% | -2,40% | -7,26% | -17,56% | +6,19%",,15ddías,26.618.099,26.847.444 | 27.037.034 | 27.272.235 | 28.702.800 | 32.287.759 | 25.065.606,Delantero
Raphinha,Barcelona,+1.875.797 | +3.253.625 | +5.050.742 | +14.897.572 | +15.276.497 | -8.841.844,"+2,21% | +3,90% | +6,18% | +20,73% | +21,37% | -9,25%",,10ddías,86.764.161,84.888.364 | 83.510.536 | 81.713.419 | 71.866.589 | 71.487.664 | 95.606.005,Delantero
Abde,Betis,-757.831 | -1.644.032 | -2.693.433 | -7.653.152 | -17.746.075 | -88.244.321,"-1,71% | -3,63% | -5,81% | -14,92% | -28,91% | 0%",,26ddías,43.637.796,44.395.627 | 45.281.828 | 46.331.229 | 51.290.948 | 61.383.871 | 0,Delantero
Guido,Valencia,-320.165 | -494.259 | -624.574 | -1.564.053 | +23.316.316 | +23.316.316,"-1,25% | -1,92% | -2,41% | -5,83% | 0% | 0%",,10ddías,25.241.857,25.562.022 | 25.736.116 | 25.866.431 | 26.805.910 | 0 | 0,Mediocampista
Bellerín,Betis,+128.711 | +359.484 | +702.012 | +1.656.618 | +3.485.510 | +3.647.113,"+0,90% | +2,56% | +5,12% | +12,98% | +31,88% | +33,85%",,19ddías,14.420.171,14.291.460 | 14.060.687 | 13.718.159 | 12.763.553 | 10.934.661 | 10.773.058,Defensa
Fermín,Barcelona,+1.561.460 | +2.658.617 | +4.110.517 | +7.865.526 | +3.696.202 | -17.437.780,"+2,39% | +4,14% | +6,55% | +13,34% | +5,85% | -20,69%",,7ddías,66.836.254,65.274.794 | 64.177.637 | 62.725.737 | 58.970.728 | 63.140.052 | 84.274.034,Mediocampista
Cubarsí,Barcelona,-110.250 | -513.667 | -1.206.362 | -6.405.653 | -16.851.147 | -2.901.732,"-0,14% | -0,66% | -1,53% | -7,64% | -17,88% | -3,61%",,18ddías,77.410.894,77.521.144 | 77.924.561 | 78.617.256 | 83.816.547 | 94.262.041 | 80.312.626,Defensa
Casadó,Barcelona,-20.776 | -36.096 | -51.892 | -166.597 | -347.104 | -771.066,"-1,21% | -2,09% | -2,97% | -8,95% | -17,00% | -31,27%",,42ddías,1.694.862,1.715.638 | 1.730.958 | 1.746.754 | 1.861.459 | 2.041.966 | 2.465.928,Mediocampista
Yamal,Barcelona,-93.247 | -777.231 | -1.079.450 | -2.773.911 | -3.021.922 | +55.732.891,"-0,07% | -0,61% | -0,85% | -2,15% | -2,34% | 0%",,6ddías,126.029.074,126.122.321 | 126.806.305 | 127.108.524 | 128.802.985 | 129.050.996 | 0,Delantero
Koundé,Barcelona,-391.579 | -824.753 | -1.325.285 | -4.179.520 | -10.047.047 | -4.790.148,"-0,96% | -1,99% | -3,16% | -9,34% | -19,85% | -10,56%",,18ddías,40.563.785,40.955.364 | 41.388.538 | 41.889.070 | 44.743.305 | 50.610.832 | 45.353.933,Defensa
F. de Jong,Barcelona,-766.501 | -1.583.612 | -2.472.612 | -6.363.813 | -14.288.734 | -19.485.427,"-2,95% | -5,92% | -8,94% | -20,17% | -36,20% | -43,62%",,18ddías,25.186.713,25.953.214 | 26.770.325 | 27.659.325 | 31.550.526 | 39.475.447 | 44.672.140,Mediocampista
M. Alonso,Celta,-267.536 | -400.005 | -470.591 | -1.443.138 | -42.776.681 | -42.776.681,"-0,92% | -1,36% | -1,60% | -4,75% | 0% | 0%",,10ddías,28.927.438,29.194.974 | 29.327.443 | 29.398.029 | 30.370.576 | 0 | 0,Defensa
Pedri,Barcelona,+766.835 | +1.057.540 | +1.340.843 | -852.106 | -6.742.178 | -89.203.141,"+0,87% | +1,20% | +1,52% | -0,94% | -7,02% | 0%",,3ddías,89.334.451,88.567.616 | 88.276.911 | 87.993.608 | 90.186.557 | 96.076.629 | 0,Mediocampista
Villalibre,Racing,+37.284 | +116.972 | +251.208 | -240.686 | -240.686 | -240.686,"+0,51% | +1,63% | +3,57% | -3,20% | -3,20% | -3,20%",,4ddías,7.287.260,7.249.976 | 7.170.288 | 7.036.052 | 7.527.946 | 7.527.946 | 7.527.946,Delantero
Gavi,Barcelona,-581.759 | -1.163.644 | -1.843.696 | -5.128.327 | -6.576.698 | +3.490.734,"-1,81% | -3,56% | -5,52% | -13,99% | -17,26% | +12,45%",,11ddías,31.529.567,32.111.326 | 32.693.211 | 33.373.263 | 36.657.894 | 38.106.265 | 28.038.833,Mediocampista
Balde,Barcelona,+255.828 | +461.495 | +657.045 | +236.180 | -3.136.306 | +466.246,"+1,10% | +2,00% | +2,87% | +1,01% | -11,76% | +2,02%",,3ddías,23.539.818,23.283.990 | 23.078.323 | 22.882.773 | 23.303.638 | 26.676.124 | 23.073.572,Defensa
Riquelme,Betis,+71.231 | +163.590 | +294.641 | +704.111 | +691.965 | -286.947,"+1,74% | +4,09% | +7,62% | +20,37% | +19,95% | -6,45%",,10ddías,4.161.102,4.089.871 | 3.997.512 | 3.866.461 | 3.456.991 | 3.469.137 | 4.448.049,Mediocampista
Barrios,Atlético,+114.159 | +235.656 | +407.646 | -2.122.279 | -10.650.501 | -2.190.221,"+0,27% | +0,57% | +0,98% | -4,83% | -20,28% | -4,97%",,3ddías,41.861.765,41.747.606 | 41.626.109 | 41.454.119 | 43.984.044 | 52.512.266 | 44.051.986,Mediocampista
Galán,Celta,-300.285 | -605.592 | -924.898 | -2.401.970 | -2.401.970 | -2.401.970,"-2,43% | -4,78% | -7,12% | -16,59% | -16,59% | -16,59%",,7ddías,12.073.859,12.374.144 | 12.679.451 | 12.998.757 | 14.475.829 | 14.475.829 | 14.475.829,Defensa
M. Llorente,Atlético,-327.102 | -748.037 | -1.244.244 | -4.072.929 | -10.527.099 | -12.591.841,"-0,65% | -1,47% | -2,42% | -7,52% | -17,37% | -20,09%",,22ddías,50.085.580,50.412.682 | 50.833.617 | 51.329.824 | 54.158.509 | 60.612.679 | 62.677.421,Defensa
Oblak,Atlético,-406.208 | -672.312 | -961.316 | -3.058.507 | -1.446.103 | +7.397.759,"-0,78% | -1,28% | -1,82% | -5,56% | -2,71% | +16,61%",,9ddías,51.924.064,52.330.272 | 52.596.376 | 52.885.380 | 54.982.571 | 53.370.167 | 44.526.305,Portero
Koke,Atlético,-231.587 | -395.661 | -562.354 | -1.768.039 | -1.768.039 | -1.768.039,"-1,43% | -2,41% | -3,40% | -9,95% | -9,95% | -9,95%",,5ddías,15.999.632,16.231.219 | 16.395.293 | 16.561.986 | 17.767.671 | 17.767.671 | 17.767.671,Mediocampista
Giménez,Atlético,-83.531 | -163.906 | -239.194 | -675.434 | -1.574.350 | -4.219.413,"-1,82% | -3,51% | -5,04% | -13,02% | -25,87% | -48,33%",,37ddías,4.510.374,4.593.905 | 4.674.280 | 4.749.568 | 5.185.808 | 6.084.724 | 8.729.787,Defensa
Egiluz,Athletic,-933 | -2.641 | -6.448 | -23.324 | -51.251 | -134.848,"-0,23% | -0,64% | -1,54% | -5,35% | -11,04% | -24,61%",,42ddías,413.019,413.952 | 415.660 | 419.467 | 436.343 | 464.270 | 547.867,Defensa
Prados,Athletic,-27.217 | -46.993 | -66.179 | -186.183 | -437.719 | -1.276.106,"-1,91% | -3,25% | -4,52% | -11,75% | -23,84% | -47,71%",,42ddías,1.398.406,1.425.623 | 1.445.399 | 1.464.585 | 1.584.589 | 1.836.125 | 2.674.512,Mediocampista
Unai López,Rayo,+18.350 | +52.430 | +132.268 | +154.836 | -52.956 | -392.810,"+0,31% | +0,89% | +2,28% | +2,68% | -0,89% | -6,21%",,4ddías,5.928.954,5.910.604 | 5.876.524 | 5.796.686 | 5.774.118 | 5.981.910 | 6.321.764,Mediocampista
Íñigo Pérez,Villarreal,-64.217 | -127.885 | -200.670 | -461.947 | +115.636 | -268.067,"-2,79% | -5,40% | -8,23% | -17,11% | +5,45% | 0%",,10ddías,2.238.495,2.302.712 | 2.366.380 | 2.439.165 | 2.700.442 | 2.122.859 | 0,
De Frutos,Rayo,-834.594 | -1.338.784 | -1.875.450 | -4.478.936 | -994.856 | +13.363.346,"-1,82% | -2,89% | -4,00% | -9,04% | -2,16% | +42,18%",,7ddías,45.044.794,45.879.388 | 46.383.578 | 46.920.244 | 49.523.730 | 46.039.650 | 31.681.448,Delantero
Cardoso,Atlético,-95.414 | -178.125 | -285.224 | -856.510 | -2.300.616 | -6.782.838,"-1,67% | -3,07% | -4,82% | -13,20% | -29,00% | -54,63%",,39ddías,5.633.065,5.728.479 | 5.811.190 | 5.918.289 | 6.489.575 | 7.933.681 | 12.415.903,Mediocampista
Puado,Espanyol,-182.339 | -367.426 | -561.627 | -1.463.222 | -3.294.656 | -8.920.233,"-2,90% | -5,68% | -8,44% | -19,36% | -35,08% | -59,40%",,33ddías,6.096.665,6.279.004 | 6.464.091 | 6.658.292 | 7.559.887 | 9.391.321 | 15.016.898,Mediocampista
Cabrera,Espanyol,+8.613 | +106.236 | +257.544 | +545.543 | +328.700 | -1.852.520,"+0,05% | +0,63% | +1,54% | +3,31% | +1,97% | -9,82%",,7ddías,17.014.779,17.006.166 | 16.908.543 | 16.757.235 | 16.469.236 | 16.686.079 | 18.867.299,Defensa
Calero,Málaga,-84.054 | -168.578 | -256.345 | -620.340 | -738.335 | -738.335,"-2,94% | -5,73% | -8,46% | -18,27% | -21,02% | -21,02%",,8ddías,2.774.785,2.858.839 | 2.943.363 | 3.031.130 | 3.395.125 | 3.513.120 | 3.513.120,Defensa
Joan Garcia,Barcelona,+746.037 | +1.377.434 | +2.146.766 | +9.258.758 | +20.961.593 | +19.242.290,"+1,09% | +2,02% | +3,19% | +15,39% | +43,24% | +38,34%",,13ddías,69.435.706,68.689.669 | 68.058.272 | 67.288.940 | 60.176.948 | 48.474.113 | 50.193.416,Portero
Juanmi,Getafe,-7.309 | -15.658 | -26.383 | -73.936 | -169.214 | -481.486,"-1,27% | -2,69% | -4,45% | -11,55% | -23,01% | -45,96%",,42ddías,566.033,573.342 | 581.691 | 592.416 | 639.969 | 735.247 | 1.047.519,Delantero
Fornals,Betis,-209.628 | -511.171 | -803.898 | -3.405.944 | -10.684.466 | -85.873.088,"-0,36% | -0,88% | -1,38% | -5,60% | -15,69% | 0%",,25ddías,57.416.212,57.625.840 | 57.927.383 | 58.220.110 | 60.822.156 | 68.100.678 | 0,Mediocampista
Fort,Barcelona,-71.458 | -134.739 | -204.527 | -531.208 | -1.188.419 | -1.750.123,"-2,14% | -3,96% | -5,89% | -13,98% | -26,66% | -34,87%",,18ddías,3.269.253,3.340.711 | 3.403.992 | 3.473.780 | 3.800.461 | 4.457.672 | 5.019.376,Defensa
Guedes,Real Sociedad,-931.586 | -1.923.667 | -3.010.109 | -7.655.941 | -15.711.973 | -26.777.254,"-2,81% | -5,64% | -8,55% | -19,21% | -32,79% | 0%",,27ddías,32.204.001,33.135.587 | 34.127.668 | 35.214.110 | 39.859.942 | 47.915.974 | 0,Delantero
Agoume,Sevilla,-32.506 | -11.838 | +26.935 | +107.561 | +2.264 | -911.626,"-0,56% | -0,20% | +0,47% | +1,89% | +0,04% | -13,57%",,1ddías,5.807.375,5.839.881 | 5.819.213 | 5.780.440 | 5.699.814 | 5.805.111 | 6.719.001,Mediocampista
Moriba,Celta,-136.730 | -219.333 | -282.526 | -584.848 | +343.134 | -378.118,"-1,36% | -2,16% | -2,76% | -5,55% | +3,57% | -3,66%",,6ddías,9.949.724,10.086.454 | 10.169.057 | 10.232.250 | 10.534.572 | 9.606.590 | 10.327.842,Mediocampista
Romero,Sevilla,-65.599 | +1.963 | +82.324 | +288.786 | +280.263 | -1.157.897,"-1,01% | +0,03% | +1,29% | +4,69% | +4,55% | -15,23%",,1ddías,6.443.426,6.509.025 | 6.441.463 | 6.361.102 | 6.154.640 | 6.163.163 | 7.601.323,Delantero
Pere Milla,Espanyol,-94.901 | -112.690 | -108.811 | -352.704 | -1.008.847 | -594.369,"-0,99% | -1,18% | -1,14% | -3,59% | -9,63% | -5,90%",,2ddías,9.471.422,9.566.323 | 9.584.112 | 9.580.233 | 9.824.126 | 10.480.269 | 10.065.791,Delantero
Batalla,Rayo,-457.060 | -735.855 | -984.003 | -2.391.356 | +1.825.913 | +13.304.340,"-1,14% | -1,82% | -2,42% | -5,69% | +4,83% | +50,57%",,7ddías,39.610.693,40.067.753 | 40.346.548 | 40.594.696 | 42.002.049 | 37.784.780 | 26.306.353,Portero
Giuliano,Atlético,-362.307 | -642.368 | -894.563 | -3.475.318 | -9.791.762 | -1.549.957,"-0,83% | -1,46% | -2,03% | -7,44% | -18,47% | -3,46%",,18ddías,43.209.202,43.571.509 | 43.851.570 | 44.103.765 | 46.684.520 | 53.000.964 | 44.759.159,Delantero
F. Carreras,Real Madrid,-223.162 | -446.768 | -705.728 | -1.981.271 | -4.555.920 | -12.005.792,"-1,82% | -3,58% | -5,55% | -14,15% | -27,49% | -49,97%",,42ddías,12.018.689,12.241.851 | 12.465.457 | 12.724.417 | 13.999.960 | 16.574.609 | 24.024.481,Defensa
Kike Salas,Sevilla,-244.481 | -50.639 | +99.028 | +392.243 | +26.110 | -2.401.605,"-1,99% | -0,42% | +0,83% | +3,38% | +0,22% | -16,66%",,1ddías,12.010.968,12.255.449 | 12.061.607 | 11.911.940 | 11.618.725 | 11.984.858 | 14.412.573,Defensa
Raúl García,Osasuna,-37.916 | -67.468 | -92.279 | -245.587 | -584.044 | -1.712.873,"-2,05% | -3,60% | -4,86% | -11,96% | -24,42% | -48,65%",,42ddías,1.807.758,1.845.674 | 1.875.226 | 1.900.037 | 2.053.345 | 2.391.802 | 3.520.631,Delantero
Altimira,Deportivo,-58.546 | -143.796 | -248.705 | -642.821 | -1.108.857 | -2.442.353,"-1,31% | -3,15% | -5,33% | -12,70% | -20,06% | -35,60%",,36ddías,4.418.911,4.477.457 | 4.562.707 | 4.667.616 | 5.061.732 | 5.527.768 | 6.861.264,Defensa
Akhomach,Villarreal,-94.643 | -175.787 | -268.140 | -749.335 | -1.780.776 | -3.002.599,"-1,85% | -3,38% | -5,06% | -12,97% | -26,16% | -37,39%",,20ddías,5.027.522,5.122.165 | 5.203.309 | 5.295.662 | 5.776.857 | 6.808.298 | 8.030.121,Delantero
Balliu,Rayo,+1.198 | +26.912 | +60.439 | +139.010 | +144.342 | -191.463,"+0,12% | +2,85% | +6,64% | +16,73% | +17,48% | -16,48%",,10ddías,969.984,968.786 | 943.072 | 909.545 | 830.974 | 825.642 | 1.161.447,Defensa
Terrats,Getafe,+53.654 | +151.998 | +281.007 | +245.761 | +245.761 | +245.761,"+1,79% | +5,23% | +10,13% | +8,74% | +8,74% | +8,74%",,4ddías,3.056.256,3.002.602 | 2.904.258 | 2.775.249 | 2.810.495 | 2.810.495 | 2.810.495,Mediocampista
Femenia,Getafe,-98.428 | -34.251 | +48.922 | +286.350 | +172.224 | -996.920,"-2,48% | -0,88% | +1,28% | +8,00% | +4,66% | -20,50%",,1ddías,3.866.942,3.965.370 | 3.901.193 | 3.818.020 | 3.580.592 | 3.694.718 | 4.863.862,Defensa
Lozano,Espanyol,-41.928 | -63.136 | -81.992 | -223.432 | -522.353 | -1.635.179,"-1,84% | -2,75% | -3,54% | -9,10% | -18,96% | -42,28%",,42ddías,2.232.294,2.274.222 | 2.295.430 | 2.314.286 | 2.455.726 | 2.754.647 | 3.867.473,Mediocampista
Jofre,Espanyol,-22.601 | -35.724 | -48.273 | -130.279 | -322.308 | -994.931,"-2,04% | -3,18% | -4,25% | -10,71% | -22,88% | -47,80%",,42ddías,1.086.623,1.109.224 | 1.122.347 | 1.134.896 | 1.216.902 | 1.408.931 | 2.081.554,Delantero
Sörloth,Atlético,-637.325 | -1.323.055 | -2.054.221 | -3.804.235 | -5.825.232 | -12.762.640,"-2,81% | -5,67% | -8,53% | -14,73% | -20,92% | -36,69%",,42ddías,22.022.394,22.659.719 | 23.345.449 | 24.076.615 | 25.826.629 | 27.847.626 | 34.785.034,Delantero
Peque,Sevilla,+41.432 | +28.369 | +10.917 | -113.936 | -395.616 | -1.503.422,"+2,31% | +1,57% | +0,60% | -5,84% | -17,71% | -45,00%",,1ddías,1.837.850,1.796.418 | 1.809.481 | 1.826.933 | 1.951.786 | 2.233.466 | 3.341.272,Delantero
Raba,Valencia,-32.671 | -65.046 | -94.974 | -256.009 | -591.743 | -1.648.698,"-2,06% | -4,02% | -5,77% | -14,16% | -27,61% | -51,52%",,42ddías,1.551.375,1.584.046 | 1.616.421 | 1.646.349 | 1.807.384 | 2.143.118 | 3.200.073,Delantero
Serrano,Athletic,-19.609 | -40.771 | -62.743 | -163.870 | -384.987 | -1.104.058,"-2,23% | -4,52% | -6,79% | -15,99% | -30,89% | -56,18%",,43ddías,861.236,880.845 | 902.007 | 923.979 | 1.025.106 | 1.246.223 | 1.965.294,Delantero
Mouriño,Villarreal,-669.164 | -929.539 | -966.303 | +281.084 | +3.897.988 | +12.548.736,"-1,66% | -2,30% | -2,38% | +0,72% | +10,93% | +46,47%",,3ddías,39.550.084,40.219.248 | 40.479.623 | 40.516.387 | 39.269.000 | 35.652.096 | 27.001.348,Defensa
Rosier,Osasuna,-158.755 | -324.490 | -498.943 | -1.267.166 | -2.804.876 | -5.751.027,"-2,86% | -5,68% | -8,47% | -19,03% | -34,22% | -51,61%",,37ddías,5.392.032,5.550.787 | 5.716.522 | 5.890.975 | 6.659.198 | 8.196.908 | 11.143.059,Defensa
Djaló,Athletic,-26.058 | -49.709 | -73.843 | -192.031 | -7.165.701 | -7.165.701,"-2,50% | -4,66% | -6,78% | -15,90% | 0% | 0%",,10ddías,1.016.009,1.042.067 | 1.065.718 | 1.089.852 | 1.208.040 | 0 | 0,Delantero
Romero,Villarreal,+308.981 | +613.994 | +1.189.503 | +4.857.605 | +11.370.841 | +9.172.807,"+0,70% | +1,41% | +2,76% | +12,31% | +34,53% | +26,11%",,17ddías,44.304.027,43.995.046 | 43.690.033 | 43.114.524 | 39.446.422 | 32.933.186 | 35.131.220,Defensa
Mbappé,Real Madrid,-311.396 | -1.128.349 | -1.684.650 | -2.586.722 | -1.914.378 | -27.032.926,"-0,24% | -0,87% | -1,29% | -1,97% | -1,47% | 0%",,5ddías,128.452.513,128.763.909 | 129.580.862 | 130.137.163 | 131.039.235 | 130.366.891 | 0,Delantero
Endrick,Real Madrid,-43.437 | -67.177 | -112.985 | -480.228 | -1.052.912 | +6.086.813,"-0,65% | -1,00% | -1,67% | -6,73% | -13,66% | 0%",,19ddías,6.652.802,6.696.239 | 6.719.979 | 6.765.787 | 7.133.030 | 7.705.714 | 0,Delantero
Carreira,Celta,-36.827 | -28.094 | -8.507 | -49.510 | -260.364 | -1.803.374,"-0,55% | -0,42% | -0,13% | -0,73% | -3,74% | -21,19%",,1ddías,6.706.082,6.742.909 | 6.734.176 | 6.714.589 | 6.755.592 | 6.966.446 | 8.509.456,Defensa
Sergio Gómez,Real Sociedad,-14.425 | -25.906 | -15.725 | -283.250 | -1.150.609 | -4.925.419,"-0,08% | -0,14% | -0,09% | -1,56% | -6,05% | -21,60%",,2ddías,17.882.390,17.896.815 | 17.908.296 | 17.898.115 | 18.165.640 | 19.032.999 | 22.807.809,Defensa
Ejuke,Sevilla,-43.886 | -65.811 | -85.425 | -217.642 | -506.196 | -1.482.841,"-1,62% | -2,41% | -3,11% | -7,56% | -15,98% | -35,77%",,42ddías,2.662.216,2.706.102 | 2.728.027 | 2.747.641 | 2.879.858 | 3.168.412 | 4.145.057,Delantero
Edu Expósito,Espanyol,+330.247 | +675.379 | +1.083.075 | +2.758.799 | +2.192.209 | -4.114.751,"+1,12% | +2,32% | +3,78% | +10,22% | +7,95% | -12,15%",,9ddías,29.752.780,29.422.533 | 29.077.401 | 28.669.705 | 26.993.981 | 27.560.571 | 33.867.531,Mediocampista
Kambwala,Villarreal,-23.739 | -41.452 | -58.478 | -154.897 | -365.285 | -1.108.159,"-2,08% | -3,58% | -4,98% | -12,20% | -24,68% | -49,84%",,42ddías,1.115.094,1.138.833 | 1.156.546 | 1.173.572 | 1.269.991 | 1.480.379 | 2.223.253,Defensa
Andrés Martín,Racing,-42.022 | -154.426 | -258.333 | -891.150 | -3.010.635 | -8.229.526,"-0,22% | -0,81% | -1,34% | -4,49% | -13,70% | -30,26%",,33ddías,18.963.828,19.005.850 | 19.118.254 | 19.222.161 | 19.854.978 | 21.974.463 | 27.193.354,Delantero
Danjuma,Valencia,+16.063 | +51.091 | +100.667 | +338.460 | +861.457 | +1.295,"+0,31% | +0,99% | +1,97% | +6,94% | +19,78% | +0,02%",,14ddías,5.216.517,5.200.454 | 5.165.426 | 5.115.850 | 4.878.057 | 4.355.060 | 5.215.222,Delantero
Boyomo,Osasuna,+102.370 | +263.737 | +540.757 | +2.047.175 | +5.644.017 | +11.983.262,"+0,36% | +0,94% | +1,95% | +7,81% | +24,95% | +73,58%",,38ddías,28.269.599,28.167.229 | 28.005.862 | 27.728.842 | 26.222.424 | 22.625.582 | 16.286.337,Defensa
Pépé,Villarreal,+848.132 | +1.442.944 | +2.010.267 | +2.080.074 | -2.329.540 | -40.429.987,"+1,67% | +2,88% | +4,06% | +4,21% | -4,32% | 0%",,4ddías,51.534.950,50.686.818 | 50.092.006 | 49.524.683 | 49.454.876 | 53.864.490 | 0,Delantero
Pape Gueye,Villarreal,+303.189 | +459.128 | +791.460 | +3.174.369 | +9.067.064 | +4.360.972,"+0,62% | +0,94% | +1,63% | +6,86% | +22,47% | +9,68%",,17ddías,49.427.411,49.124.222 | 48.968.283 | 48.635.951 | 46.253.042 | 40.360.347 | 45.066.439,Mediocampista
D. Llorente,Betis,+15.989 | +130.606 | +252.035 | +795.384 | +2.430.161 | +4.376.572,"+0,12% | +0,99% | +1,94% | +6,38% | +22,42% | +49,23%",,26ddías,13.267.296,13.251.307 | 13.136.690 | 13.015.261 | 12.471.912 | 10.837.135 | 8.890.724,Defensa
Neyou,Getafe,-86.456 | -145.934 | -197.394 | +2.341.298 | +2.341.298 | +2.341.298,"-2,85% | -4,72% | -6,28% | 0% | 0% | 0%",,4ddías,2.947.800,3.034.256 | 3.093.734 | 3.145.194 | 0 | 0 | 0,Mediocampista
Fortuño,Espanyol,-5.930 | -12.843 | -21.336 | -62.124 | -131.299 | -361.663,"-1,10% | -2,35% | -3,85% | -10,44% | -19,77% | -40,43%",,22ddías,532.944,538.874 | 545.787 | 554.280 | 595.068 | 664.243 | 894.607,Portero
Rubén Sánchez,Espanyol,-2.692 | -6.232 | -11.948 | -37.288 | -83.801 | -236.308,"-0,59% | -1,35% | -2,56% | -7,57% | -15,55% | -34,17%",,42ddías,455.244,457.936 | 461.476 | 467.192 | 492.532 | 539.045 | 691.552,Mediocampista
El Hilali,Espanyol,+102.205 | +234.101 | +316.410 | +759.972 | +1.745.987 | +3.132.946,"+1,14% | +2,65% | +3,61% | +9,14% | +23,83% | +52,75%",,26ddías,9.072.659,8.970.454 | 8.838.558 | 8.756.249 | 8.312.687 | 7.326.672 | 5.939.713,Defensa
Baena,Atlético,-645.815 | -1.336.295 | -1.992.953 | -5.949.130 | -15.217.967 | -2.585.860,"-1,22% | -2,48% | -3,66% | -10,19% | -22,49% | -4,70%",,18ddías,52.452.774,53.098.589 | 53.789.069 | 54.445.727 | 58.401.904 | 67.670.741 | 55.038.634,Mediocampista
Denis Suárez,Alavés,-34.495 | -55.036 | -82.772 | -232.379 | -616.976 | -2.119.182,"-1,38% | -2,19% | -3,26% | -8,64% | -20,06% | -46,30%",,42ddías,2.458.310,2.492.805 | 2.513.346 | 2.541.082 | 2.690.689 | 3.075.286 | 4.577.492,Mediocampista
Foyth,Villarreal,+330.046 | +575.568 | +872.816 | +1.781.234 | +1.171.978 | +18.709,"+2,70% | +4,80% | +7,46% | +16,52% | +10,29% | +0,15%",,10ddías,12.566.498,12.236.452 | 11.990.930 | 11.693.682 | 10.785.264 | 11.394.520 | 12.547.789,Defensa
Tchouaméni,Real Madrid,-442.656 | -846.410 | -1.335.759 | -3.878.182 | -8.900.117 | -18.215.245,"-1,07% | -2,02% | -3,15% | -8,62% | -17,80% | -30,71%",,27ddías,41.102.067,41.544.723 | 41.948.477 | 42.437.826 | 44.980.249 | 50.002.184 | 59.317.312,Mediocampista
Marín,Real Sociedad,-46.462 | -90.999 | -138.931 | -351.544 | -803.106 | -2.259.226,"-2,99% | -5,70% | -8,45% | -18,93% | -34,78% | -60,01%",,42ddías,1.505.723,1.552.185 | 1.596.722 | 1.644.654 | 1.857.267 | 2.308.829 | 3.764.949,Mediocampista
Barrenetxea,Real Sociedad,-208.541 | -278.798 | -367.471 | -1.855.856 | -5.761.789 | -4.447.703,"-0,63% | -0,85% | -1,11% | -5,38% | -15,00% | -11,99%",,20ddías,32.654.080,32.862.621 | 32.932.878 | 33.021.551 | 34.509.936 | 38.415.869 | 37.101.783,Mediocampista
Gerard,Villarreal,-126.965 | -97.750 | -134.512 | -1.098.577 | -2.089.940 | -8.569.877,"-0,45% | -0,35% | -0,48% | -3,80% | -6,99% | -23,55%",,1ddías,27.816.064,27.943.029 | 27.913.814 | 27.950.576 | 28.914.641 | 29.906.004 | 36.385.941,Delantero
Aihen,Real Sociedad,-34.272 | -60.539 | -85.466 | -227.615 | -537.777 | -1.560.209,"-2,47% | -4,28% | -5,94% | -14,40% | -28,44% | -53,56%",,42ddías,1.353.006,1.387.278 | 1.413.545 | 1.438.472 | 1.580.621 | 1.890.783 | 2.913.215,Defensa
Odriozola,Real Sociedad,-7.984 | -17.036 | -21.787 | -71.399 | -171.199 | -521.289,"-1,35% | -2,84% | -3,61% | -10,92% | -22,72% | -47,24%",,42ddías,582.239,590.223 | 599.275 | 604.026 | 653.638 | 753.438 | 1.103.528,Defensa
Remiro,Real Sociedad,-397.200 | -621.063 | -918.861 | -2.789.074 | +516.062 | +15.649.990,"-0,92% | -1,44% | -2,11% | -6,14% | +1,23% | +57,98%",,8ddías,42.643.086,43.040.286 | 43.264.149 | 43.561.947 | 45.432.160 | 42.127.024 | 26.993.096,Portero
Güler,Real Madrid,+986.440 | +1.658.731 | +2.470.876 | +2.714.057 | -1.739.832 | -14.978.150,"+1,87% | +3,19% | +4,83% | +5,33% | -3,14% | -21,83%",,5ddías,53.638.435,52.651.995 | 51.979.704 | 51.167.559 | 50.924.378 | 55.378.267 | 68.616.585,Mediocampista
Mendy,Real Madrid,-13.640 | -28.584 | -36.219 | -112.469 | -270.753 | -820.968,"-1,86% | -3,83% | -4,80% | -13,54% | -27,38% | -53,35%",,42ddías,717.986,731.626 | 746.570 | 754.205 | 830.455 | 988.739 | 1.538.954,Defensa
Rüdiger,Real Madrid,+322.515 | +557.147 | +746.258 | +205.802 | -1.894.439 | -9.282.273,"+1,15% | +2,01% | +2,71% | +0,73% | -6,28% | -24,70%",,3ddías,28.295.496,27.972.981 | 27.738.349 | 27.549.238 | 28.089.694 | 30.189.935 | 37.577.769,Defensa
Brahim,Real Madrid,+63.564 | +146.321 | +227.928 | -543.326 | -2.519.625 | -7.416.688,"+0,60% | +1,38% | +2,17% | -4,82% | -19,01% | -40,86%",,3ddías,10.733.033,10.669.469 | 10.586.712 | 10.505.105 | 11.276.359 | 13.252.658 | 18.149.721,Mediocampista
Valverde,Real Madrid,+597.387 | +778.412 | +642.361 | -1.618.830 | -5.986.848 | -21.775.371,"+0,87% | +1,13% | +0,93% | -2,27% | -7,92% | -23,82%",,2ddías,69.629.046,69.031.659 | 68.850.634 | 68.986.685 | 71.247.876 | 75.615.894 | 91.404.417,Mediocampista
Zakharyan,Real Sociedad,-25.148 | -44.934 | -64.220 | -172.696 | -413.720 | -1.189.092,"-2,47% | -4,32% | -6,07% | -14,80% | -29,39% | -54,46%",,42ddías,994.178,1.019.326 | 1.039.112 | 1.058.398 | 1.166.874 | 1.407.898 | 2.183.270,Mediocampista
Lunin,Real Madrid,-31.683 | -45.482 | -49.832 | -191.204 | -433.393 | -1.220.639,"-1,48% | -2,11% | -2,30% | -8,30% | -17,02% | -36,62%",,42ddías,2.112.479,2.144.162 | 2.157.961 | 2.162.311 | 2.303.683 | 2.545.872 | 3.333.118,Portero
Camavinga,Real Madrid,-160.046 | -286.418 | -425.947 | -1.328.499 | -3.435.103 | -9.194.667,"-1,57% | -2,77% | -4,07% | -11,69% | -25,49% | -47,80%",,42ddías,10.039.792,10.199.838 | 10.326.210 | 10.465.739 | 11.368.291 | 13.474.895 | 19.234.459,Mediocampista
Rodrygo,Real Madrid,-58.458 | -114.250 | -188.772 | -489.940 | -1.052.841 | -2.592.498,"-1,97% | -3,77% | -6,08% | -14,39% | -26,54% | -47,08%",,32ddías,2.914.343,2.972.801 | 3.028.593 | 3.103.115 | 3.404.283 | 3.967.184 | 5.506.841,Delantero
Vinicius,Real Madrid,+258.899 | +307.896 | +499.150 | +6.093.034 | +5.598.457 | -46.654.305,"+0,24% | +0,29% | +0,47% | +5,99% | +5,48% | 0%",,10ddías,107.842.214,107.583.315 | 107.534.318 | 107.343.064 | 101.749.180 | 102.243.757 | 0,Delantero
Bellingham,Real Madrid,+784.544 | +1.088.157 | +1.243.021 | -1.494.511 | -6.719.090 | -42.747.152,"+0,88% | +1,23% | +1,41% | -1,64% | -6,97% | 0%",,3ddías,89.688.837,88.904.293 | 88.600.680 | 88.445.816 | 91.183.348 | 96.407.927 | 0,Mediocampista
Militão,Real Madrid,-306.939 | -620.247 | -971.261 | -2.527.226 | -5.632.332 | -15.485.879,"-2,62% | -5,15% | -7,84% | -18,12% | -33,03% | -57,55%",,42ddías,11.421.544,11.728.483 | 12.041.791 | 12.392.805 | 13.948.770 | 17.053.876 | 26.907.423,Defensa
Courtois,Real Madrid,+958.388 | +1.553.942 | +2.179.916 | +5.304.391 | +3.368.501 | +4.527.483,"+1,58% | +2,58% | +3,66% | +9,39% | +5,77% | +7,91%",,7ddías,61.783.656,60.825.268 | 60.229.714 | 59.603.740 | 56.479.265 | 58.415.155 | 57.256.173,Portero
Camello,Rayo,-24.446 | -15.172 | +1.313 | -38.569 | -168.301 | -1.103.313,"-0,79% | -0,49% | +0,04% | -1,23% | -5,17% | -26,34%",,1ddías,3.085.546,3.109.992 | 3.100.718 | 3.084.233 | 3.124.115 | 3.253.847 | 4.188.859,Delantero
Lejeune,Rayo,-249.330 | -145.660 | -71.845 | -560.156 | -3.658.822 | -37.915.600,"-0,65% | -0,38% | -0,19% | -1,45% | -8,77% | 0%",,1ddías,38.066.484,38.315.814 | 38.212.144 | 38.138.329 | 38.626.640 | 41.725.306 | 0,Defensa
Valentín,Rayo,+58.180 | +86.547 | +128.508 | +270.609 | +230.126 | -1.093.760,"+1,59% | +2,39% | +3,58% | +7,86% | +6,61% | -22,75%",,10ddías,3.713.156,3.654.976 | 3.626.609 | 3.584.648 | 3.442.547 | 3.483.030 | 4.806.916,Mediocampista
Pathé Ciss,Rayo,+247.558 | +326.133 | +446.888 | +902.630 | +1.662.907 | +795.279,"+2,06% | +2,73% | +3,78% | +7,93% | +15,66% | +6,92%",,16ddías,12.281.218,12.033.660 | 11.955.085 | 11.834.330 | 11.378.588 | 10.618.311 | 11.485.939,Mediocampista
Oyarzabal,Real Sociedad,+18.243 | -275.380 | -633.208 | -2.967.871 | -8.340.916 | -51.487.613,"+0,03% | -0,44% | -1,00% | -4,50% | -11,70% | 0%",,1ddías,62.923.561,62.905.318 | 63.198.941 | 63.556.769 | 65.891.432 | 71.264.477 | 0,Delantero
Zubeldia,Real Sociedad,+126.247 | +236.187 | +335.668 | +423.306 | +22.904 | -2.158.560,"+1,26% | +2,38% | +3,41% | +4,34% | +0,23% | -17,50%",,6ddías,10.173.495,10.047.248 | 9.937.308 | 9.837.827 | 9.750.189 | 10.150.591 | 12.332.055,Defensa
Kubo,Real Sociedad,+521.595 | +911.678 | +1.371.276 | +2.476.311 | -358.766 | -9.499.899,"+2,17% | +3,86% | +5,91% | +11,21% | -1,44% | -27,89%",,7ddías,24.557.213,24.035.618 | 23.645.535 | 23.185.937 | 22.080.902 | 24.915.979 | 34.057.112,Mediocampista
Diego López,Valencia,-62.023 | -124.348 | -191.064 | -489.246 | -1.091.476 | -2.987.931,"-2,99% | -5,82% | -8,67% | -19,55% | -35,16% | -59,75%",,42ddías,2.013.050,2.075.073 | 2.137.398 | 2.204.114 | 2.502.296 | 3.104.526 | 5.000.981,Delantero
Canós,Valencia,-4.197 | -9.305 | -16.654 | -49.236 | -111.647 | -908.056,"-0,85% | -1,86% | -3,28% | -9,11% | -18,52% | 0%",,19ddías,491.360,495.557 | 500.665 | 508.014 | 540.596 | 603.007 | 0,Delantero
Javi Guerra,Valencia,+156.961 | +325.121 | +466.040 | +326.167 | -645.112 | -4.129.232,"+0,65% | +1,35% | +1,95% | +1,36% | -2,58% | -14,50%",,4ddías,24.340.395,24.183.434 | 24.015.274 | 23.874.355 | 24.014.228 | 24.985.507 | 28.469.627,Mediocampista
Duro,Valencia,+10.021 | +48.983 | +78.883 | -177.739 | -880.839 | -2.813.269,"+0,12% | +0,58% | +0,94% | -2,05% | -9,40% | -24,89%",,3ddías,8.490.137,8.480.116 | 8.441.154 | 8.411.254 | 8.667.876 | 9.370.976 | 11.303.406,Delantero
Almeida,Valencia,-51.269 | -88.686 | -118.020 | -349.044 | -864.675 | -2.498.348,"-2,09% | -3,56% | -4,69% | -12,70% | -26,49% | -51,00%",,42ddías,2.399.923,2.451.192 | 2.488.609 | 2.517.943 | 2.748.967 | 3.264.598 | 4.898.271,Mediocampista
Rivero,Valencia,-3.979 | -8.859 | -13.929 | -45.096 | -104.400 | -273.204,"-0,81% | -1,79% | -2,79% | -8,49% | -17,68% | -35,98%",,25ddías,486.115,490.094 | 494.974 | 500.044 | 531.211 | 590.515 | 759.319,Portero
Gayà,Valencia,-123.412 | -182.607 | -242.243 | -625.287 | -1.600.591 | -4.736.866,"-1,13% | -1,66% | -2,19% | -5,47% | -12,91% | -30,50%",,42ddías,10.795.733,10.919.145 | 10.978.340 | 11.037.976 | 11.421.020 | 12.396.324 | 15.532.599,Defensa
Pepelu,Valencia,+66.876 | +176.203 | +286.961 | +112.355 | -528.069 | -2.404.168,"+0,88% | +2,36% | +3,90% | +1,49% | -6,46% | -23,92%",,3ddías,7.645.251,7.578.375 | 7.469.048 | 7.358.290 | 7.532.896 | 8.173.320 | 10.049.419,Mediocampista
Marcão,Sevilla,-9.537 | -19.920 | -29.246 | -83.432 | -199.542 | -573.565,"-1,52% | -3,12% | -4,51% | -11,87% | -24,36% | -48,07%",,42ddías,619.518,629.055 | 639.438 | 648.764 | 702.950 | 819.060 | 1.193.083,Defensa
Foulquier,Valencia,-62.699 | -123.465 | -186.191 | -474.902 | -1.002.272 | -1.513.829,"-2,77% | -5,31% | -7,80% | -17,75% | -31,30% | -40,76%",,20ddías,2.200.315,2.263.014 | 2.323.780 | 2.386.506 | 2.675.217 | 3.202.587 | 3.714.144,Defensa
Jesús Vázquez,Valencia,-9.863 | +301 | +17.551 | -47.291 | -353.605 | -1.390.299,"-0,58% | +0,02% | +1,04% | -2,70% | -17,18% | -44,91%",,1ddías,1.705.126,1.714.989 | 1.704.825 | 1.687.575 | 1.752.417 | 2.058.731 | 3.095.425,Defensa
Fran Pérez,Rayo,-15.435 | -27.325 | -37.786 | -105.628 | -248.831 | -728.184,"-1,99% | -3,47% | -4,73% | -12,19% | -24,64% | -48,90%",,42ddías,761.078,776.513 | 788.403 | 798.864 | 866.706 | 1.009.909 | 1.489.262,Mediocampista
Hugo González,Celta,-12.551 | -44.682 | -89.934 | -139.985 | -139.985 | -139.985,"-0,91% | -3,17% | -6,18% | -9,30% | -9,30% | -9,30%",,4ddías,1.365.661,1.378.212 | 1.410.343 | 1.455.595 | 1.505.646 | 1.505.646 | 1.505.646,Mediocampista
Tárrega,Valencia,+7.779 | +63.271 | +140.624 | +153.018 | -160.115 | -1.969.072,"+0,09% | +0,70% | +1,58% | +1,72% | -1,74% | -17,85%",,5ddías,9.064.307,9.056.528 | 9.001.036 | 8.923.683 | 8.911.289 | 9.224.422 | 11.033.379,Defensa
Comesaña,Villarreal,+98.900 | +541.978 | +1.165.534 | +4.059.070 | +7.750.340 | +1.477.802,"+0,29% | +1,58% | +3,47% | +13,23% | +28,71% | +4,44%",,15ddías,34.749.442,34.650.542 | 34.207.464 | 33.583.908 | 30.690.372 | 26.999.102 | 33.271.640,Mediocampista
Diakhaby,Valencia,-102.766 | -184.660 | -269.372 | -742.847 | -1.778.173 | -3.376.280,"-1,78% | -3,16% | -4,54% | -11,61% | -23,91% | -37,37%",,22ddías,5.658.128,5.760.894 | 5.842.788 | 5.927.500 | 6.400.975 | 7.436.301 | 9.034.408,Defensa
Mariano,Alavés,+152.623 | +146.227 | +133.886 | +43.087 | -147.810 | -844.151,"+16,26% | +15,47% | +13,98% | +4,11% | -11,93% | -43,61%",,1ddías,1.091.310,938.687 | 945.083 | 957.424 | 1.048.223 | 1.239.120 | 1.935.461,Delantero
Olasagasti,Levante,-1.264 | +55.003 | +146.727 | +471.346 | +717.923 | -335.530,"-0,03% | +1,27% | +3,46% | +12,05% | +19,60% | -7,11%",,1ddías,4.381.502,4.382.766 | 4.326.499 | 4.234.775 | 3.910.156 | 3.663.579 | 4.717.032,Mediocampista
Dmitrovic,Espanyol,+43.375 | +170.486 | +265.597 | +1.878.514 | +7.354.406 | +18.336.217,"+0,12% | +0,46% | +0,71% | +5,26% | +24,31% | +95,17%",,41ddías,37.603.510,37.560.135 | 37.433.024 | 37.337.913 | 35.724.996 | 30.249.104 | 19.267.293,Portero
Sadiq,Valencia,-88.228 | -156.164 | -211.086 | -788.228 | -2.534.546 | -6.619.449,"-1,30% | -2,27% | -3,05% | -10,50% | -27,39% | -49,63%",,40ddías,6.718.998,6.807.226 | 6.875.162 | 6.930.084 | 7.507.226 | 9.253.544 | 13.338.447,Delantero
Turrientes,Real Sociedad,+14.857 | +87.111 | +181.063 | +376.329 | -241.998 | -2.364.612,"+0,21% | +1,23% | +2,60% | +5,56% | -3,27% | -24,85%",,7ddías,7.150.900,7.136.043 | 7.063.789 | 6.969.837 | 6.774.571 | 7.392.898 | 9.515.512,Mediocampista
Le Normand,Atlético,+119.490 | +279.946 | +438.420 | +124.751 | -562.097 | -2.689.310,"+1,18% | +2,80% | +4,46% | +1,23% | -5,19% | -20,76%",,3ddías,10.263.651,10.144.161 | 9.983.705 | 9.825.231 | 10.138.900 | 10.825.748 | 12.952.961,Defensa
Marrero,Real Sociedad,-27.119 | -47.603 | -65.546 | -168.921 | -383.579 | -1.121.911,"-2,41% | -4,16% | -5,63% | -13,34% | -25,89% | -50,54%",,42ddías,1.097.738,1.124.857 | 1.145.341 | 1.163.284 | 1.266.659 | 1.481.317 | 2.219.649,Portero
Raul Moro,Osasuna,+237.661 | +462.441 | +590.946 | +1.100.114 | +2.714.967 | +2.182.685,"+1,76% | +3,47% | +4,48% | +8,68% | +24,54% | +18,82%",,19ddías,13.778.319,13.540.658 | 13.315.878 | 13.187.373 | 12.678.205 | 11.063.352 | 11.595.634,Delantero
Urko,Espanyol,-28.187 | -16.055 | -4.139 | -54.713 | -308.430 | -1.293.953,"-0,59% | -0,34% | -0,09% | -1,15% | -6,13% | -21,51%",,1ddías,4.722.490,4.750.677 | 4.738.545 | 4.726.629 | 4.777.203 | 5.030.920 | 6.016.443,Mediocampista
Puerto,Deportivo,0 | 0 | 0 | -1.823 | -4.999 | -4.041,"0,00% | 0,00% | 0,00% | -0,49% | -1,34% | -1,09%",,5ddías,367.523,367.523 | 367.523 | 367.523 | 369.346 | 372.522 | 371.564,Portero
Boñar,Atlético,0 | 0 | 0 | -8.425 | -42.048 | -142.165,"0,00% | 0,00% | 0,00% | -1,86% | -8,63% | -24,21%",,5ddías,445.140,445.140 | 445.140 | 445.140 | 453.565 | 487.188 | 587.305,Defensa
Dani Martínez,Atlético,0 | 0 | 0 | -5.888 | -28.806 | -85.479,"0,00% | 0,00% | 0,00% | -1,40% | -6,49% | -17,07%",,5ddías,415.311,415.311 | 415.311 | 415.311 | 421.199 | 444.117 | 500.790,Defensa
Serrano,Atlético,0 | 0 | 0 | -7.070 | -34.970 | -118.474,"0,00% | 0,00% | 0,00% | -1,62% | -7,53% | -21,63%",,5ddías,429.199,429.199 | 429.199 | 429.199 | 436.269 | 464.169 | 547.673,Mediocampista
Puric,Atlético,0 | 0 | 0 | -7.552 | -37.489 | -128.544,"0,00% | 0,00% | 0,00% | -1,71% | -7,94% | -22,82%",,5ddías,434.872,434.872 | 434.872 | 434.872 | 442.424 | 472.361 | 563.416,Defensa
Pablo García,Deportivo,0 | 0 | 0 | 0 | -22.078 | -99.793,"0,00% | 0,00% | 0,00% | 0,00% | -4,55% | -17,71%",,10ddías,463.623,468.964 | 468.964 | 468.964 | 468.964 | 485.701 | 563.416,Defensa
Conde,Betis,0 | 0 | 0 | 0 | 0 | -744.081,"0,00% | 0,00% | 0,00% | 0,00% | 0,00% | -19,66%",,18ddías,3.041.589,3.041.589 | 3.041.589 | 3.041.589 | 3.041.589 | 3.041.589 | 3.785.670,Portero
Sotelo,Levante,0 | 0 | 0 | 0 | 0 | -253.554,"0,00% | 0,00% | 0,00% | 0,00% | 0,00% | -15,50%",,19ddías,1.382.803,1.382.803 | 1.382.803 | 1.382.803 | 1.382.803 | 1.382.803 | 1.636.357,Mediocampista
Manu Sánchez,Levante,0 | 0 | 0 | 0 | 0 | -484.326,"0,00% | 0,00% | 0,00% | 0,00% | 0,00% | -8,04%",,19ddías,5.538.185,5.538.185 | 5.538.185 | 5.538.185 | 5.538.185 | 5.538.185 | 6.022.511,Defensa
Fran García,Betis,0 | 0 | 0 | 0 | 0 | 0,"0,00% | 0,00% | 0,00% | 0,00% | 0,00% | 0,00%",,40ddías,9.591.157,9.591.157 | 9.591.157 | 9.591.157 | 9.591.157 | 9.591.157 | 9.591.157,Defensa
Montero,Alavés,0 | 0 | 0 | 0 | 0 | 0,"0,00% | 0,00% | 0,00% | 0,00% | 0,00% | 0,00%",,42ddías,602.316,602.316 | 602.316 | 602.316 | 602.316 | 602.316 | 602.316,Portero
Pacheco,Real Sociedad,0 | 0 | 0 | 0 | 0 | 0,"0,00% | 0,00% | 0,00% | 0,00% | 0,00% | 0,00%",,42ddías,4.015.452,4.015.452 | 4.015.452 | 4.015.452 | 4.015.452 | 4.015.452 | 4.015.452,Defensa
Swiderski,Alavés,0 | 0 | 0 | 0 | 0 | 0,"0,00% | 0,00% | 0,00% | 0,00% | 0,00% | 0,00%",,42ddías,602.316,602.316 | 602.316 | 602.316 | 602.316 | 602.316 | 602.316,Portero
Pinillos,Alavés,0 | 0 | 0 | 0 | 0 | 0,"0,00% | 0,00% | 0,00% | 0,00% | 0,00% | 0,00%",,42ddías,501.929,501.929 | 501.929 | 501.929 | 501.929 | 501.929 | 501.929,Mediocampista
Ballestero,Alavés,0 | 0 | 0 | 0 | 0 | 0,"0,00% | 0,00% | 0,00% | 0,00% | 0,00% | 0,00%",,42ddías,602.316,602.316 | 602.316 | 602.316 | 602.316 | 602.316 | 602.316,Defensa
Álvaro,Villarreal,0 | 0 | 0 | 0 | 0 | 0,"0,00% | 0,00% | 0,00% | 0,00% | 0,00% | 0,00%",,42ddías,501.929,501.929 | 501.929 | 501.929 | 501.929 | 501.929 | 501.929,Defensa
Oláiz,Alavés,0 | 0 | 0 | 0 | 0 | 0,"0,00% | 0,00% | 0,00% | 0,00% | 0,00% | 0,00%",,42ddías,602.316,602.316 | 602.316 | 602.316 | 602.316 | 602.316 | 602.316,Defensa
Izei,Alavés,0 | 0 | 0 | 0 | 0 | 0,"0,00% | 0,00% | 0,00% | 0,00% | 0,00% | 0,00%",,42ddías,582.010,582.010 | 582.010 | 582.010 | 582.010 | 582.010 | 582.010,Mediocampista
Otorbi,Valencia,0 | 0 | 0 | 0 | 0 | 0,"0,00% | 0,00% | 0,00% | 0,00% | 0,00% | 0,00%",,43ddías,601.574,602.292 | 602.292 | 602.292 | 602.292 | 602.292 | 602.292,Delantero
Ochieng,Real Sociedad,0 | 0 | 0 | 0 | 0 | 0,"0,00% | 0,00% | 0,00% | 0,00% | 0,00% | 0,00%",,43ddías,701.836,702.633 | 702.633 | 702.633 | 702.633 | 702.633 | 702.633,Mediocampista
Manu González,Betis,0 | 0 | 0 | 0 | 0 | 0,"0,00% | 0,00% | 0,00% | 0,00% | 0,00% | 0,00%",,43ddías,581.040,581.691 | 581.691 | 581.691 | 581.691 | 581.691 | 581.691,Portero
A. Riquelme,Getafe,0 | 0 | 0 | 0 | 0 | 0,"0,00% | 0,00% | 0,00% | 0,00% | 0,00% | 0,00%",,43ddías,601.574,602.324 | 602.324 | 602.324 | 602.324 | 602.324 | 602.324,Mediocampista
Mesonero,Real Madrid,0 | 0 | 0 | 0 | 0 | 0,"0,00% | 0,00% | 0,00% | 0,00% | 0,00% | 0,00%",,43ddías,701.836,702.606 | 702.606 | 702.606 | 702.606 | 702.606 | 702.606,Mediocampista
Lamini Fati,Real Madrid,0 | 0 | 0 | 0 | 0 | 0,"0,00% | 0,00% | 0,00% | 0,00% | 0,00% | 0,00%",,43ddías,677.197,677.955 | 677.955 | 677.955 | 677.955 | 677.955 | 677.955,Defensa
Antañón,Celta,0 | 0 | 0 | 0 | 0 | 0,"0,00% | 0,00% | 0,00% | 0,00% | 0,00% | 0,00%",,43ddías,581.040,581.700 | 581.700 | 581.700 | 581.700 | 581.700 | 581.700,Mediocampista
Teijo,Deportivo,0 | 0 | 0 | 0 | 0 | 0,"0,00% | 0,00% | 0,00% | 0,00% | 0,00% | 0,00%",,43ddías,601.574,602.257 | 602.257 | 602.257 | 602.257 | 602.257 | 602.257,Defensa
Morcillo,Elche,0 | 0 | 0 | 0 | 0 | 0,"0,00% | 0,00% | 0,00% | 0,00% | 0,00% | 0,00%",,43ddías,701.836,702.702 | 702.702 | 702.702 | 702.702 | 702.702 | 702.702,Mediocampista
Cubo,Atlético,0 | 0 | 0 | 0 | 0 | 0,"0,00% | 0,00% | 0,00% | 0,00% | 0,00% | 0,00%",,43ddías,601.574,602.316 | 602.316 | 602.316 | 602.316 | 602.316 | 602.316,Delantero
Hugo Ríos,Deportivo,0 | 0 | 0 | 0 | 0 | 0,"0,00% | 0,00% | 0,00% | 0,00% | 0,00% | 0,00%",,43ddías,902.361,903.386 | 903.386 | 903.386 | 903.386 | 903.386 | 903.386,Portero
Manuel Ángel,Real Madrid,0 | 0 | 0 | 0 | 0 | 0,"0,00% | 0,00% | 0,00% | 0,00% | 0,00% | 0,00%",,43ddías,701.836,702.606 | 702.606 | 702.606 | 702.606 | 702.606 | 702.606,Mediocampista
Canedo,Deportivo,0 | 0 | 0 | 0 | 0 | 0,"0,00% | 0,00% | 0,00% | 0,00% | 0,00% | 0,00%",,43ddías,601.574,602.257 | 602.257 | 602.257 | 602.257 | 602.257 | 602.257,Defensa
Samu Fernández,Deportivo,0 | 0 | 0 | 0 | 0 | 0,"0,00% | 0,00% | 0,00% | 0,00% | 0,00% | 0,00%",,43ddías,701.836,702.633 | 702.633 | 702.633 | 702.633 | 702.633 | 702.633,Defensa
Burcio,Celta,0 | 0 | 0 | 0 | 0 | 0,"0,00% | 0,00% | 0,00% | 0,00% | 0,00% | 0,00%",,43ddías,601.574,602.257 | 602.257 | 602.257 | 602.257 | 602.257 | 602.257,Mediocampista
Kita,R. Sociedad B,0 | 0 | 0 | 0 | 0 | 0,"0,00% | 0,00% | 0,00% | 0,00% | 0,00% | 0,00%",,43ddías,601.574,602.234 | 602.234 | 602.234 | 602.234 | 602.234 | 602.234,Defensa
Gaitán,Villarreal,0 | 0 | 0 | 0 | 0 | 0,"0,00% | 0,00% | 0,00% | 0,00% | 0,00% | 0,00%",,43ddías,601.574,602.292 | 602.292 | 602.292 | 602.292 | 602.292 | 602.292,Mediocampista
Fontanet,Valencia,0 | 0 | 0 | 0 | 0 | 0,"0,00% | 0,00% | 0,00% | 0,00% | 0,00% | 0,00%",,43ddías,581.293,581.987 | 581.987 | 581.987 | 581.987 | 581.987 | 581.987,Defensa
Aguirre,R. Sociedad B,0 | 0 | 0 | 0 | 0 | 0,"0,00% | 0,00% | 0,00% | 0,00% | 0,00% | 0,00%",,43ddías,601.574,602.257 | 602.257 | 602.257 | 602.257 | 602.257 | 602.257,Mediocampista
Astiazaran,R. Sociedad B,0 | 0 | 0 | 0 | 0 | 0,"0,00% | 0,00% | 0,00% | 0,00% | 0,00% | 0,00%",,43ddías,601.574,602.257 | 602.257 | 602.257 | 602.257 | 602.257 | 602.257,Mediocampista
Rubén López,Deportivo,0 | 0 | 0 | 0 | 0 | 0,"0,00% | 0,00% | 0,00% | 0,00% | 0,00% | 0,00%",,43ddías,501.311,501.880 | 501.880 | 501.880 | 501.880 | 501.880 | 501.880,Mediocampista
Tunde,Levante,0 | 0 | 0 | 0 | 0 | 0,"0,00% | 0,00% | 0,00% | 0,00% | 0,00% | 0,00%",,43ddías,8.522.316,8.531.892 | 8.531.892 | 8.531.892 | 8.531.892 | 8.531.892 | 8.531.892,Mediocampista
Ferran,Espanyol,0 | 0 | 0 | 0 | 0 | 0,"0,00% | 0,00% | 0,00% | 0,00% | 0,00% | 0,00%",,43ddías,601.574,602.248 | 602.248 | 602.248 | 602.248 | 602.248 | 602.248,Mediocampista
Montes,Getafe,0 | 0 | 0 | 0 | 0 | 0,"0,00% | 0,00% | 0,00% | 0,00% | 0,00% | 0,00%",,43ddías,601.574,602.319 | 602.319 | 602.319 | 602.319 | 602.319 | 602.319,Defensa
Cestero,Real Madrid,0 | 0 | 0 | 0 | 0 | 0,"0,00% | 0,00% | 0,00% | 0,00% | 0,00% | 0,00%",,43ddías,601.574,602.234 | 602.234 | 602.234 | 602.234 | 602.234 | 602.234,Mediocampista
Arcos,Celta,0 | 0 | 0 | 0 | 0 | 0,"0,00% | 0,00% | 0,00% | 0,00% | 0,00% | 0,00%",,43ddías,601.574,602.257 | 602.257 | 602.257 | 602.257 | 602.257 | 602.257,Mediocampista
Marqués,Barcelona,0 | 0 | 0 | 0 | 0 | 0,"0,00% | 0,00% | 0,00% | 0,00% | 0,00% | 0,00%",,43ddías,601.574,602.319 | 602.319 | 602.319 | 602.319 | 602.319 | 602.319,Defensa
Hierro,Athletic,0 | 0 | 0 | 0 | 0 | 0,"0,00% | 0,00% | 0,00% | 0,00% | 0,00% | 0,00%",,43ddías,601.574,602.257 | 602.257 | 602.257 | 602.257 | 602.257 | 602.257,Delantero
Iker Muñoz,Sevilla,0 | 0 | 0 | 0 | 0 | 0,"0,00% | 0,00% | 0,00% | 0,00% | 0,00% | 0,00%",,43ddías,601.574,602.284 | 602.284 | 602.284 | 602.284 | 602.284 | 602.284,Defensa
Joan Martínez,Real Madrid,0 | 0 | 0 | 0 | 0 | 0,"0,00% | 0,00% | 0,00% | 0,00% | 0,00% | 0,00%",,43ddías,701.836,702.622 | 702.622 | 702.622 | 702.622 | 702.622 | 702.622,Defensa
Unai Santos,Osasuna,0 | 0 | 0 | 0 | 0 | 0,"0,00% | 0,00% | 0,00% | 0,00% | 0,00% | 0,00%",,43ddías,601.574,602.319 | 602.319 | 602.319 | 602.319 | 602.319 | 602.319,Defensa
Noé Carrillo,Deportivo,0 | 0 | 0 | 0 | 0 | 0,"0,00% | 0,00% | 0,00% | 0,00% | 0,00% | 0,00%",,43ddías,701.836,702.633 | 702.633 | 702.633 | 702.633 | 702.633 | 702.633,Mediocampista
Recio,Málaga,0 | 0 | 0 | 0 | 0 | 0,"0,00% | 0,00% | 0,00% | 0,00% | 0,00% | 0,00%",,43ddías,751.968,752.810 | 752.810 | 752.810 | 752.810 | 752.810 | 752.810,Defensa
Bil Nsongo,Deportivo,0 | 0 | 0 | 0 | 0 | 0,"0,00% | 0,00% | 0,00% | 0,00% | 0,00% | 0,00%",,43ddías,6.517.065,6.524.473 | 6.524.473 | 6.524.473 | 6.524.473 | 6.524.473 | 6.524.473,Delantero
Diego Diaz,Racing,0 | 0 | 0 | 0 | 0 | 0,"0,00% | 0,00% | 0,00% | 0,00% | 0,00% | 0,00%",,43ddías,601.574,602.234 | 602.234 | 602.234 | 602.234 | 602.234 | 602.234,Delantero
A. Christensen,Barcelona,0 | 0 | 0 | 0 | 0 | 0,"0,00% | 0,00% | 0,00% | 0,00% | 0,00% | 0,00%",,43ddías,5.013.126,5.019.340 | 5.019.340 | 5.019.340 | 5.019.340 | 5.019.340 | 5.019.340,Defensa
Diego Rico,Osasuna,0 | 0 | 0 | 0 | 0 | 0,"0,00% | 0,00% | 0,00% | 0,00% | 0,00% | 0,00%",,43ddías,4.912.863,4.918.952 | 4.918.952 | 4.918.952 | 4.918.952 | 4.918.952 | 4.918.952,Defensa
Villar,Elche,0 | 0 | 0 | 0 | 0 | 0,"0,00% | 0,00% | 0,00% | 0,00% | 0,00% | 0,00%",,43ddías,7.018.377,7.027.127 | 7.027.127 | 7.027.127 | 7.027.127 | 7.027.127 | 7.027.127,Mediocampista
Fraga,Real Sociedad,0 | 0 | 0 | 0 | 0 | 0,"0,00% | 0,00% | 0,00% | 0,00% | 0,00% | 0,00%",,43ddías,601.574,602.234 | 602.234 | 602.234 | 602.234 | 602.234 | 602.234,Portero
Pedrosa,Sevilla,0 | 0 | 0 | 0 | 0 | 0,"0,00% | 0,00% | 0,00% | 0,00% | 0,00% | 0,00%",,43ddías,3.308.663,3.312.788 | 3.312.788 | 3.312.788 | 3.312.788 | 3.312.788 | 3.312.788,Defensa
Manu Bueno,Sevilla,0 | 0 | 0 | 0 | 0 | 0,"0,00% | 0,00% | 0,00% | 0,00% | 0,00% | 0,00%",,43ddías,802.099,802.099 | 802.099 | 802.099 | 802.099 | 802.099 | 802.099,Mediocampista
Iranzo,Valencia,0 | 0 | 0 | 0 | 0 | 0,"0,00% | 0,00% | 0,00% | 0,00% | 0,00% | 0,00%",,43ddías,601.574,602.292 | 602.292 | 602.292 | 602.292 | 602.292 | 602.292,Defensa
Carlos Martín,Atlético,0 | 0 | 0 | 0 | 0 | 0,"0,00% | 0,00% | 0,00% | 0,00% | 0,00% | 0,00%",,43ddías,2.215.971,2.218.490 | 2.218.490 | 2.218.490 | 2.218.490 | 2.218.490 | 2.218.490,Mediocampista
Losada,Betis,0 | 0 | 0 | 0 | 0 | 0,"0,00% | 0,00% | 0,00% | 0,00% | 0,00% | 0,00%",,43ddías,2.506.562,2.509.378 | 2.509.378 | 2.509.378 | 2.509.378 | 2.509.378 | 2.509.378,Delantero
Padilla,Athletic,0 | 0 | 0 | 0 | 0 | 0,"0,00% | 0,00% | 0,00% | 0,00% | 0,00% | 0,00%",,43ddías,1.503.937,1.505.588 | 1.505.588 | 1.505.588 | 1.505.588 | 1.505.588 | 1.505.588,Portero
Ferrer,Getafe,0 | 0 | 0 | 0 | 0 | 0,"0,00% | 0,00% | 0,00% | 0,00% | 0,00% | 0,00%",,43ddías,701.836,702.705 | 702.705 | 702.705 | 702.705 | 702.705 | 702.705,Portero
Jon Martín,Real Sociedad,0 | 0 | 0 | 0 | 0 | 0,"0,00% | 0,00% | 0,00% | 0,00% | 0,00% | 0,00%",,43ddías,30.078.766,30.111.790 | 30.111.790 | 30.111.790 | 30.111.790 | 30.111.790 | 30.111.790,Defensa
Vallecillo,Racing,0 | 0 | 0 | 0 | 0 | 0,"0,00% | 0,00% | 0,00% | 0,00% | 0,00% | 0,00%",,43ddías,677.197,677.940 | 677.940 | 677.940 | 677.940 | 677.940 | 677.940,Mediocampista
Santaella,Málaga,0 | 0 | 0 | 0 | 0 | 0,"0,00% | 0,00% | 0,00% | 0,00% | 0,00% | 0,00%",,43ddías,401.049,401.498 | 401.498 | 401.498 | 401.498 | 401.498 | 401.498,Defensa
Santi Franco,Racing,0 | 0 | 0 | 0 | 0 | 0,"0,00% | 0,00% | 0,00% | 0,00% | 0,00% | 0,00%",,43ddías,701.836,702.606 | 702.606 | 702.606 | 702.606 | 702.606 | 702.606,Delantero
Osorio,Elche,0 | 0 | 0 | 0 | 0 | 0,"0,00% | 0,00% | 0,00% | 0,00% | 0,00% | 0,00%",,43ddías,1.403.675,1.405.425 | 1.405.425 | 1.405.425 | 1.405.425 | 1.405.425 | 1.405.425,Delantero
Solórzano,Racing,0 | 0 | 0 | 0 | 0 | 0,"0,00% | 0,00% | 0,00% | 0,00% | 0,00% | 0,00%",,43ddías,601.574,602.234 | 602.234 | 602.234 | 602.234 | 602.234 | 602.234,Mediocampista
Sergio Martínez,Racing,0 | 0 | 0 | 0 | 0 | 0,"0,00% | 0,00% | 0,00% | 0,00% | 0,00% | 0,00%",,43ddías,701.836,702.606 | 702.606 | 702.606 | 702.606 | 702.606 | 702.606,Mediocampista
Crespo,Racing,0 | 0 | 0 | 0 | 0 | 0,"0,00% | 0,00% | 0,00% | 0,00% | 0,00% | 0,00%",,43ddías,802.099,802.979 | 802.979 | 802.979 | 802.979 | 802.979 | 802.979,Defensa
Carlos Sánchez,Racing,0 | 0 | 0 | 0 | 0 | 0,"0,00% | 0,00% | 0,00% | 0,00% | 0,00% | 0,00%",,43ddías,701.836,702.606 | 702.606 | 702.606 | 702.606 | 702.606 | 702.606,Defensa
Laro Gómez,Racing,0 | 0 | 0 | 0 | 0 | 0,"0,00% | 0,00% | 0,00% | 0,00% | 0,00% | 0,00%",,43ddías,601.574,602.234 | 602.234 | 602.234 | 602.234 | 602.234 | 602.234,Portero
Jiménez,Racing,0 | 0 | 0 | 0 | 0 | 0,"0,00% | 0,00% | 0,00% | 0,00% | 0,00% | 0,00%",,43ddías,601.574,602.234 | 602.234 | 602.234 | 602.234 | 602.234 | 602.234,Portero
Juanpe,Málaga,0 | 0 | 0 | 0 | 0 | 0,"0,00% | 0,00% | 0,00% | 0,00% | 0,00% | 0,00%",,43ddías,581.293,581.931 | 581.931 | 581.931 | 581.931 | 581.931 | 581.931,Mediocampista
Ochoa,Málaga,0 | 0 | 0 | 0 | 0 | 0,"0,00% | 0,00% | 0,00% | 0,00% | 0,00% | 0,00%",,43ddías,3.509.188,3.513.040 | 3.513.040 | 3.513.040 | 3.513.040 | 3.513.040 | 3.513.040,Mediocampista
Rafa Rodríguez,Málaga,0 | 0 | 0 | 0 | 0 | 0,"0,00% | 0,00% | 0,00% | 0,00% | 0,00% | 0,00%",,43ddías,6.263.550,6.270.426 | 6.270.426 | 6.270.426 | 6.270.426 | 6.270.426 | 6.270.426,Mediocampista
Moussa,Málaga,0 | 0 | 0 | 0 | 0 | 0,"0,00% | 0,00% | 0,00% | 0,00% | 0,00% | 0,00%",,43ddías,401.049,401.498 | 401.498 | 401.498 | 401.498 | 401.498 | 401.498,Defensa
Arriaza,Málaga,0 | 0 | 0 | 0 | 0 | 0,"0,00% | 0,00% | 0,00% | 0,00% | 0,00% | 0,00%",,43ddías,401.049,401.498 | 401.498 | 401.498 | 401.498 | 401.498 | 401.498,Defensa
Carrera,Real Sociedad,0 | 0 | 0 | 0 | 0 | 0,"0,00% | 0,00% | 0,00% | 0,00% | 0,00% | 0,00%",,43ddías,701.836,702.633 | 702.633 | 702.633 | 702.633 | 702.633 | 702.633,Delantero
Rafa GarridoRafita,Málaga,0 | 0 | 0 | 0 | 0 | 0,"0,00% | 0,00% | 0,00% | 0,00% | 0,00% | 0,00%",,43ddías,5.013.126,5.018.744 | 5.018.744 | 5.018.744 | 5.018.744 | 5.018.744 | 5.018.744,Defensa
Céspedes,Málaga,0 | 0 | 0 | 0 | 0 | 0,"0,00% | 0,00% | 0,00% | 0,00% | 0,00% | 0,00%",,43ddías,401.049,401.498 | 401.498 | 401.498 | 401.498 | 401.498 | 401.498,Portero
Carlos Macià,Villarreal,0 | 0 | 0 | 0 | 0 | 0,"0,00% | 0,00% | 0,00% | 0,00% | 0,00% | 0,00%",,43ddías,802.099,803.057 | 803.057 | 803.057 | 803.057 | 803.057 | 803.057,Mediocampista
Álex Sánchez,Elche,0 | 0 | 0 | 0 | 0 | 0,"0,00% | 0,00% | 0,00% | 0,00% | 0,00% | 0,00%",,43ddías,601.574,602.324 | 602.324 | 602.324 | 602.324 | 602.324 | 602.324,Mediocampista
Rosón,Levante,0 | 0 | 0 | 0 | 0 | 0,"0,00% | 0,00% | 0,00% | 0,00% | 0,00% | 0,00%",,43ddías,601.574,602.249 | 602.249 | 602.249 | 602.249 | 602.249 | 602.249,Mediocampista
De la Fuente,Levante,0 | 0 | 0 | 0 | 0 | 0,"0,00% | 0,00% | 0,00% | 0,00% | 0,00% | 0,00%",,43ddías,14.036.756,14.052.528 | 14.052.528 | 14.052.528 | 14.052.528 | 14.052.528 | 14.052.528,Defensa
Nakoha,Levante,0 | 0 | 0 | 0 | 0 | 0,"0,00% | 0,00% | 0,00% | 0,00% | 0,00% | 0,00%",,43ddías,501.311,501.874 | 501.874 | 501.874 | 501.874 | 501.874 | 501.874,Defensa
Bekhoucha,Getafe,0 | 0 | 0 | 0 | 0 | 0,"0,00% | 0,00% | 0,00% | 0,00% | 0,00% | 0,00%",,43ddías,1.102.887,1.104.254 | 1.104.254 | 1.104.254 | 1.104.254 | 1.104.254 | 1.104.254,Defensa
Arguibide,Osasuna,0 | 0 | 0 | 0 | 0 | 0,"0,00% | 0,00% | 0,00% | 0,00% | 0,00% | 0,00%",,43ddías,581.293,582.013 | 582.013 | 582.013 | 582.013 | 582.013 | 582.013,Defensa
Molina,Rayo,0 | 0 | 0 | 0 | 0 | 0,"0,00% | 0,00% | 0,00% | 0,00% | 0,00% | 0,00%",,43ddías,601.574,602.234 | 602.234 | 602.234 | 602.234 | 602.234 | 602.234,Portero
Fortuny,Real Madrid,0 | 0 | 0 | 0 | 0 | 0,"0,00% | 0,00% | 0,00% | 0,00% | 0,00% | 0,00%",,43ddías,601.574,602.234 | 602.234 | 602.234 | 602.234 | 602.234 | 602.234,Mediocampista
Vencedor,Athletic,0 | 0 | 0 | 0 | 0 | 0,"0,00% | 0,00% | 0,00% | 0,00% | 0,00% | 0,00%",,43ddías,2.205.775,2.208.253 | 2.208.253 | 2.208.253 | 2.208.253 | 2.208.253 | 2.208.253,Mediocampista
Fortea,Real Madrid,0 | 0 | 0 | 0 | 0 | 0,"0,00% | 0,00% | 0,00% | 0,00% | 0,00% | 0,00%",,43ddías,802.099,802.099 | 802.099 | 802.099 | 802.099 | 802.099 | 802.099,Defensa
Rafa,Sevilla,0 | 0 | 0 | 0 | 0 | 0,"0,00% | 0,00% | 0,00% | 0,00% | 0,00% | 0,00%",,43ddías,601.574,602.257 | 602.257 | 602.257 | 602.257 | 602.257 | 602.257,Portero
Rego,Athletic,0 | 0 | 0 | 0 | 0 | 0,"0,00% | 0,00% | 0,00% | 0,00% | 0,00% | 0,00%",,43ddías,5.013.126,5.018.825 | 5.018.825 | 5.018.825 | 5.018.825 | 5.018.825 | 5.018.825,Defensa
Esquivel,Atlético,0 | 0 | 0 | 0 | 0 | 0,"0,00% | 0,00% | 0,00% | 0,00% | 0,00% | 0,00%",,43ddías,601.574,602.292 | 602.292 | 602.292 | 602.292 | 602.292 | 602.292,Portero
Torrents,Barcelona,0 | 0 | 0 | 0 | 0 | 0,"0,00% | 0,00% | 0,00% | 0,00% | 0,00% | 0,00%",,43ddías,601.574,602.319 | 602.319 | 602.319 | 602.319 | 602.319 | 602.319,Defensa
Joselu,Getafe,0 | 0 | 0 | 0 | 0 | 0,"0,00% | 0,00% | 0,00% | 0,00% | 0,00% | 0,00%",,43ddías,601.574,602.319 | 602.319 | 602.319 | 602.319 | 602.319 | 602.319,Delantero
Cortés,Levante,0 | 0 | 0 | 0 | 0 | 0,"0,00% | 0,00% | 0,00% | 0,00% | 0,00% | 0,00%",,43ddías,802.099,803.000 | 803.000 | 803.000 | 803.000 | 803.000 | 803.000,Delantero
Primo,Levante,0 | 0 | 0 | 0 | 0 | 0,"0,00% | 0,00% | 0,00% | 0,00% | 0,00% | 0,00%",,43ddías,1.102.887,1.104.126 | 1.104.126 | 1.104.126 | 1.104.126 | 1.104.126 | 1.104.126,Portero
Vertrouwd,Rayo,0 | 0 | 0 | 0 | 0 | 0,"0,00% | 0,00% | 0,00% | 0,00% | 0,00% | 0,00%",,43ddías,1.002.625,1.003.725 | 1.003.725 | 1.003.725 | 1.003.725 | 1.003.725 | 1.003.725,Defensa
Pablo García,Betis,0 | 0 | 0 | 0 | 0 | 0,"0,00% | 0,00% | 0,00% | 0,00% | 0,00% | 0,00%",,43ddías,2.506.562,2.509.371 | 2.509.371 | 2.509.371 | 2.509.371 | 2.509.371 | 2.509.371,Delantero
Mariezkurrena,Real Sociedad,0 | 0 | 0 | 0 | 0 | 0,"0,00% | 0,00% | 0,00% | 0,00% | 0,00% | 0,00%",,43ddías,677.197,677.966 | 677.966 | 677.966 | 677.966 | 677.966 | 677.966,Delantero
Iturbe,Elche,0 | 0 | 0 | 0 | 0 | 0,"0,00% | 0,00% | 0,00% | 0,00% | 0,00% | 0,00%",,43ddías,802.099,802.099 | 802.099 | 802.099 | 802.099 | 802.099 | 802.099,Portero
Lago,Celta,0 | 0 | 0 | 0 | 0 | 0,"0,00% | 0,00% | 0,00% | 0,00% | 0,00% | 0,00%",,43ddías,701.836,702.633 | 702.633 | 702.633 | 702.633 | 702.633 | 702.633,Defensa
Risco,Getafe,0 | 0 | 0 | 0 | 0 | 0,"0,00% | 0,00% | 0,00% | 0,00% | 0,00% | 0,00%",,43ddías,701.836,702.705 | 702.705 | 702.705 | 702.705 | 702.705 | 702.705,Mediocampista
De la Sías,Rayo,0 | 0 | 0 | 0 | 0 | 0,"0,00% | 0,00% | 0,00% | 0,00% | 0,00% | 0,00%",,43ddías,601.574,602.234 | 602.234 | 602.234 | 602.234 | 602.234 | 602.234,Defensa
Spina,Atlético,0 | 0 | 0 | 0 | 0 | 0,"0,00% | 0,00% | 0,00% | 0,00% | 0,00% | 0,00%",,43ddías,701.836,702.702 | 702.702 | 702.702 | 702.702 | 702.702 | 702.702,Defensa
Toni Fernández,Barcelona,0 | 0 | 0 | 0 | 0 | 0,"0,00% | 0,00% | 0,00% | 0,00% | 0,00% | 0,00%",,43ddías,601.574,602.319 | 602.319 | 602.319 | 602.319 | 602.319 | 602.319,Delantero
Guille,Barcelona,0 | 0 | 0 | 0 | 0 | 0,"0,00% | 0,00% | 0,00% | 0,00% | 0,00% | 0,00%",,43ddías,701.836,702.705 | 702.705 | 702.705 | 702.705 | 702.705 | 702.705,Mediocampista
El-Abdellaoui,Celta,0 | 0 | 0 | 0 | 0 | 0,"0,00% | 0,00% | 0,00% | 0,00% | 0,00% | 0,00%",,43ddías,1.303.412,1.304.893 | 1.304.893 | 1.304.893 | 1.304.893 | 1.304.893 | 1.304.893,Delantero
Mestre,Real Madrid,0 | 0 | 0 | 0 | 0 | 0,"0,00% | 0,00% | 0,00% | 0,00% | 0,00% | 0,00%",,43ddías,677.102,677.860 | 677.860 | 677.860 | 677.860 | 677.860 | 677.860,Portero
D. Aguado,Real Madrid,0 | 0 | 0 | 0 | 0 | 0,"0,00% | 0,00% | 0,00% | 0,00% | 0,00% | 0,00%",,43ddías,773.243,774.109 | 774.109 | 774.109 | 774.109 | 774.109 | 774.109,Defensa
Jiménez,Real Madrid,0 | 0 | 0 | 0 | 0 | 0,"0,00% | 0,00% | 0,00% | 0,00% | 0,00% | 0,00%",,43ddías,601.574,602.248 | 602.248 | 602.248 | 602.248 | 602.248 | 602.248,Defensa
Valou,Getafe,0 | 0 | 0 | 0 | 0 | 0,"0,00% | 0,00% | 0,00% | 0,00% | 0,00% | 0,00%",,43ddías,601.574,602.292 | 602.292 | 602.292 | 602.292 | 602.292 | 602.292,Defensa
Rayane,Atlético,0 | 0 | 0 | 0 | 0 | 0,"0,00% | 0,00% | 0,00% | 0,00% | 0,00% | 0,00%",,43ddías,677.197,678.006 | 678.006 | 678.006 | 678.006 | 678.006 | 678.006,Delantero
Ortiz,Betis,0 | 0 | 0 | 0 | 0 | 0,"0,00% | 0,00% | 0,00% | 0,00% | 0,00% | 0,00%",,43ddías,1.704.462,1.706.372 | 1.706.372 | 1.706.372 | 1.706.372 | 1.706.372 | 1.706.372,Defensa
Osambela,Osasuna,0 | 0 | 0 | 0 | 0 | 0,"0,00% | 0,00% | 0,00% | 0,00% | 0,00% | 0,00%",,43ddías,501.311,501.932 | 501.932 | 501.932 | 501.932 | 501.932 | 501.932,Mediocampista
Juanpe,Rayo,0 | 0 | 0 | 0 | 0 | 0,"0,00% | 0,00% | 0,00% | 0,00% | 0,00% | 0,00%",,43ddías,601.574,602.234 | 602.234 | 602.234 | 602.234 | 602.234 | 602.234,Portero
Yáñez,Real Madrid,0 | 0 | 0 | 0 | 0 | 0,"0,00% | 0,00% | 0,00% | 0,00% | 0,00% | 0,00%",,43ddías,701.836,702.606 | 702.606 | 702.606 | 702.606 | 702.606 | 702.606,Delantero
Becerra,Rayo,0 | 0 | 0 | 0 | 0 | 0,"0,00% | 0,00% | 0,00% | 0,00% | 0,00% | 0,00%",,43ddías,581.040,581.700 | 581.700 | 581.700 | 581.700 | 581.700 | 581.700,Mediocampista
Niculaesei,Elche,0 | 0 | 0 | 0 | 0 | 0,"0,00% | 0,00% | 0,00% | 0,00% | 0,00% | 0,00%",,43ddías,802.099,803.099 | 803.099 | 803.099 | 803.099 | 803.099 | 803.099,Defensa
Echegoyen,Osasuna,0 | 0 | 0 | 0 | 0 | 0,"0,00% | 0,00% | 0,00% | 0,00% | 0,00% | 0,00%",,43ddías,561.590,562.286 | 562.286 | 562.286 | 562.286 | 562.286 | 562.286,Mediocampista
Lebarbier,Real Sociedad,0 | 0 | 0 | 0 | 0 | 0,"0,00% | 0,00% | 0,00% | 0,00% | 0,00% | 0,00%",,43ddías,601.574,602.234 | 602.234 | 602.234 | 602.234 | 602.234 | 602.234,Defensa
Al Lal,Elche,0 | 0 | 0 | 0 | 0 | 0,"0,00% | 0,00% | 0,00% | 0,00% | 0,00% | 0,00%",,43ddías,501.311,501.936 | 501.936 | 501.936 | 501.936 | 501.936 | 501.936,Delantero
Óscar Marcos,Celta,0 | 0 | 0 | 0 | 0 | 0,"0,00% | 0,00% | 0,00% | 0,00% | 0,00% | 0,00%",,43ddías,601.574,602.257 | 602.257 | 602.257 | 602.257 | 602.257 | 602.257,Mediocampista
Meixús,Celta,0 | 0 | 0 | 0 | 0 | 0,"0,00% | 0,00% | 0,00% | 0,00% | 0,00% | 0,00%",,43ddías,484.821,485.372 | 485.372 | 485.372 | 485.372 | 485.372 | 485.372,Defensa
Selton,Athletic,0 | 0 | 0 | 0 | 0 | 0,"0,00% | 0,00% | 0,00% | 0,00% | 0,00% | 0,00%",,43ddías,601.574,602.257 | 602.257 | 602.257 | 602.257 | 602.257 | 602.257,Mediocampista
Delgado,Elche,0 | 0 | 0 | 0 | 0 | 0,"0,00% | 0,00% | 0,00% | 0,00% | 0,00% | 0,00%",,43ddías,601.574,602.324 | 602.324 | 602.324 | 602.324 | 602.324 | 602.324,Defensa
Barry,Villarreal,0 | 0 | 0 | 0 | 0 | 0,"0,00% | 0,00% | 0,00% | 0,00% | 0,00% | 0,00%",,43ddías,601.574,602.292 | 602.292 | 602.292 | 602.292 | 602.292 | 602.292,Mediocampista
Beitia,Real Sociedad,0 | 0 | 0 | 0 | 0 | 0,"0,00% | 0,00% | 0,00% | 0,00% | 0,00% | 0,00%",,43ddías,501.311,501.861 | 501.861 | 501.861 | 501.861 | 501.861 | 501.861,Defensa
Aller,Barcelona,0 | 0 | 0 | 0 | 0 | 0,"0,00% | 0,00% | 0,00% | 0,00% | 0,00% | 0,00%",,43ddías,701.836,702.705 | 702.705 | 702.705 | 702.705 | 702.705 | 702.705,Portero
Javi Navarro,Real Madrid,0 | 0 | 0 | 0 | 0 | 0,"0,00% | 0,00% | 0,00% | 0,00% | 0,00% | 0,00%",,43ddías,701.836,702.622 | 702.622 | 702.622 | 702.622 | 702.622 | 702.622,Portero
Aleksandrov,Getafe,0 | 0 | 0 | 0 | 0 | 0,"0,00% | 0,00% | 0,00% | 0,00% | 0,00% | 0,00%",,43ddías,601.574,602.319 | 602.319 | 602.319 | 602.319 | 602.319 | 602.319,Delantero
Benito,Getafe,0 | 0 | 0 | 0 | 0 | 0,"0,00% | 0,00% | 0,00% | 0,00% | 0,00% | 0,00%",,43ddías,601.574,602.319 | 602.319 | 602.319 | 602.319 | 602.319 | 602.319,Portero
Espart,Barcelona,0 | 0 | 0 | 0 | 0 | 0,"0,00% | 0,00% | 0,00% | 0,00% | 0,00% | 0,00%",,43ddías,701.836,702.705 | 702.705 | 702.705 | 702.705 | 702.705 | 702.705,Defensa
Juan Hernández,Barcelona,0 | 0 | 0 | 0 | 0 | 0,"0,00% | 0,00% | 0,00% | 0,00% | 0,00% | 0,00%",,43ddías,581.040,581.760 | 581.760 | 581.760 | 581.760 | 581.760 | 581.760,Mediocampista
Adrián Pérez,Athletic,0 | 0 | 0 | 0 | 0 | 0,"0,00% | 0,00% | 0,00% | 0,00% | 0,00% | 0,00%",,43ddías,601.574,602.257 | 602.257 | 602.257 | 602.257 | 602.257 | 602.257,Delantero
Yassin,Getafe,0 | 0 | 0 | 0 | 0 | 0,"0,00% | 0,00% | 0,00% | 0,00% | 0,00% | 0,00%",,43ddías,501.311,501.932 | 501.932 | 501.932 | 501.932 | 501.932 | 501.932,Defensa
Marchal,Real Sociedad,0 | 0 | 0 | 0 | 0 | 0,"0,00% | 0,00% | 0,00% | 0,00% | 0,00% | 0,00%",,43ddías,601.574,602.234 | 602.234 | 602.234 | 602.234 | 602.234 | 602.234,Mediocampista
Thiago,Real Madrid,0 | 0 | 0 | 0 | 0 | 0,"0,00% | 0,00% | 0,00% | 0,00% | 0,00% | 0,00%",,43ddías,7.018.377,7.026.082 | 7.026.082 | 7.026.082 | 7.026.082 | 7.026.082 | 7.026.082,Mediocampista
Folgado,Real Sociedad,0 | 0 | 0 | 0 | 0 | 0,"0,00% | 0,00% | 0,00% | 0,00% | 0,00% | 0,00%",,43ddías,701.836,702.606 | 702.606 | 702.606 | 702.606 | 702.606 | 702.606,Portero
Corralejo,Betis,0 | 0 | 0 | 0 | 0 | 0,"0,00% | 0,00% | 0,00% | 0,00% | 0,00% | 0,00%",,43ddías,601.574,602.248 | 602.248 | 602.248 | 602.248 | 602.248 | 602.248,Mediocampista
Nacho Pérez,Levante,0 | 0 | 0 | 0 | 0 | 0,"0,00% | 0,00% | 0,00% | 0,00% | 0,00% | 0,00%",,43ddías,581.040,581.692 | 581.692 | 581.692 | 581.692 | 581.692 | 581.692,Defensa
Altozano,Sevilla,0 | 0 | 0 | 0 | 0 | 0,"0,00% | 0,00% | 0,00% | 0,00% | 0,00% | 0,00%",,43ddías,601.574,602.284 | 602.284 | 602.284 | 602.284 | 602.284 | 602.284,Mediocampista
Sierra,Sevilla,0 | 0 | 0 | 0 | 0 | 0,"0,00% | 0,00% | 0,00% | 0,00% | 0,00% | 0,00%",,43ddías,601.574,602.284 | 602.284 | 602.284 | 602.284 | 602.284 | 602.284,Delantero
Blázquez,Valencia,0 | 0 | 0 | 0 | 0 | 0,"0,00% | 0,00% | 0,00% | 0,00% | 0,00% | 0,00%",,43ddías,580.962,581.656 | 581.656 | 581.656 | 581.656 | 581.656 | 581.656,Delantero
Ryan,Levante,0 | 0 | 0 | 0 | 0 | 0,"0,00% | 0,00% | 0,00% | 0,00% | 0,00% | 0,00%",,43ddías,13.535.444,13.550.652 | 13.550.652 | 13.550.652 | 13.550.652 | 13.550.652 | 13.550.652,Portero
Álex Costa,Sevilla,0 | 0 | 0 | 0 | 0 | 0,"0,00% | 0,00% | 0,00% | 0,00% | 0,00% | 0,00%",,43ddías,601.574,602.284 | 602.284 | 602.284 | 602.284 | 602.284 | 602.284,Delantero
Panach,Valencia,0 | 0 | 0 | 0 | 0 | 0,"0,00% | 0,00% | 0,00% | 0,00% | 0,00% | 0,00%",,43ddías,501.311,501.909 | 501.909 | 501.909 | 501.909 | 501.909 | 501.909,Defensa
Navarro,Valencia,0 | 0 | 0 | 0 | 0 | 0,"0,00% | 0,00% | 0,00% | 0,00% | 0,00% | 0,00%",,43ddías,501.311,501.909 | 501.909 | 501.909 | 501.909 | 501.909 | 501.909,Defensa
Krug,Levante,0 | 0 | 0 | 0 | 0 | 0,"0,00% | 0,00% | 0,00% | 0,00% | 0,00% | 0,00%",,43ddías,601.574,602.249 | 602.249 | 602.249 | 602.249 | 602.249 | 602.249,Defensa
Santos,Athletic,0 | 0 | 0 | 0 | 0 | 0,"0,00% | 0,00% | 0,00% | 0,00% | 0,00% | 0,00%",,43ddías,701.836,702.606 | 702.606 | 702.606 | 702.606 | 702.606 | 702.606,Portero
Adam Boayar,Elche,0 | 0 | 0 | 0 | 0 | 0,"0,00% | 0,00% | 0,00% | 0,00% | 0,00% | 0,00%",,43ddías,701.836,702.711 | 702.711 | 702.711 | 702.711 | 702.711 | 702.711,Mediocampista
Taufik,Atlético,0 | 0 | 0 | 0 | 0 | 0,"0,00% | 0,00% | 0,00% | 0,00% | 0,00% | 0,00%",,43ddías,601.574,602.316 | 602.316 | 602.316 | 602.316 | 602.316 | 602.316,Mediocampista
Martínez Bastida,Elche,0 | 0 | 0 | 0 | 0 | 0,"0,00% | 0,00% | 0,00% | 0,00% | 0,00% | 0,00%",,43ddías,601.574,602.324 | 602.324 | 602.324 | 602.324 | 602.324 | 602.324,Mediocampista
Jurado,Valencia,0 | 0 | 0 | 0 | 0 | 0,"0,00% | 0,00% | 0,00% | 0,00% | 0,00% | 0,00%",,43ddías,601.574,602.292 | 602.292 | 602.292 | 602.292 | 602.292 | 602.292,Defensa
Monreal,Athletic,0 | 0 | 0 | 0 | 0 | 0,"0,00% | 0,00% | 0,00% | 0,00% | 0,00% | 0,00%",,43ddías,601.574,602.257 | 602.257 | 602.257 | 602.257 | 602.257 | 602.257,Defensa
Thiago,Levante,0 | 0 | 0 | 0 | 0 | 0,0% | 0% | 0% | 0% | 0% | 0%,,48ddías,1.660.575,0 | 0 | 0 | 0 | 0 | 0,Mediocampista
Javi López,Real Sociedad,0 | 0 | 0 | 0 | 0 | 0,0% | 0% | 0% | 0% | 0% | 0%,,48ddías,1.656.670,0 | 0 | 0 | 0 | 0 | 0,Defensa
Lemar,Atlético,0 | 0 | 0 | 0 | 0 | 0,0% | 0% | 0% | 0% | 0% | 0%,,48ddías,1.680.630,0 | 0 | 0 | 0 | 0 | 0,Mediocampista
Rincón,Athletic,0 | 0 | 0 | 0 | 0 | 0,0% | 0% | 0% | 0% | 0% | 0%,,48ddías,1.658.593,0 | 0 | 0 | 0 | 0 | 0,Defensa
Goti,Real Sociedad,0 | 0 | 0 | 0 | 0 | 0,0% | 0% | 0% | 0% | 0% | 0%,,203ddías,590.263,0 | 0 | 0 | 0 | 0 | 0,Mediocampista
Ali Houary,Elche,0 | 0 | 0 | 0 | 0 | 0,0% | 0% | 0% | 0% | 0% | 0%,,207ddías,592.065,0 | 0 | 0 | 0 | 0 | 0,Delantero
Javier Hernández,Espanyol,0 | 0 | 0 | 0 | 0 | 0,0% | 0% | 0% | 0% | 0% | 0%,,221ddías,575.023,0 | 0 | 0 | 0 | 0 | 0,Delantero
Bauzà,Espanyol,0 | 0 | 0 | 0 | 0 | 0,0% | 0% | 0% | 0% | 0% | 0%,,349ddías,318.649,0 | 0 | 0 | 0 | 0 | 0,Mediocampista
Pablo López,Valencia,0 | 0 | 0 | 0 | 0 | 0,0% | 0% | 0% | 0% | 0% | 0%,,350ddías,441.041,0 | 0 | 0 | 0 | 0 | 0,Delantero
Alberto Marí,Valencia,0 | 0 | 0 | 0 | 0 | 0,0% | 0% | 0% | 0% | 0% | 0%,,351ddías,787.986,0 | 0 | 0 | 0 | 0 | 0,Delantero
Hinojo,Espanyol,0 | 0 | 0 | 0 | 0 | 0,0% | 0% | 0% | 0% | 0% | 0%,,355ddías,317.496,0 | 0 | 0 | 0 | 0 | 0,Defensa
De Tomás,Rayo,0 | 0 | 0 | 0 | 0 | 0,0% | 0% | 0% | 0% | 0% | 0%,,390ddías,3.229.388,0 | 0 | 0 | 0 | 0 | 0,Delantero
Eneko Ortiz,Villarreal,0 | 0 | 0 | 0 | 0 | 0,0% | 0% | 0% | 0% | 0% | 0%,,410ddías,1.718.986,0 | 0 | 0 | 0 | 0 | 0,Defensa
Raúl Jiménez,Valencia,0 | 0 | 0 | 0 | 0 | 0,0% | 0% | 0% | 0% | 0% | 0%,,410ddías,1.561.503,0 | 0 | 0 | 0 | 0 | 0,Portero
Collado,Sevilla,0 | 0 | 0 | 0 | 0 | 0,0% | 0% | 0% | 0% | 0% | 0%,,410ddías,1.718.988,0 | 0 | 0 | 0 | 0 | 0,Mediocampista
Yaakobishvili,Barcelona,0 | 0 | 0 | 0 | 0 | 0,0% | 0% | 0% | 0% | 0% | 0%,,410ddías,1.639.280,0 | 0 | 0 | 0 | 0 | 0,Portero
Serred,Espanyol,0 | 0 | 0 | 0 | 0 | 0,0% | 0% | 0% | 0% | 0% | 0%,,410ddías,1.731.552,0 | 0 | 0 | 0 | 0 | 0,Portero
Carrillo,Celta,0 | 0 | 0 | 0 | 0 | 0,0% | 0% | 0% | 0% | 0% | 0%,,410ddías,1.567.556,0 | 0 | 0 | 0 | 0 | 0,Portero
Eto'o,Rayo,0 | 0 | 0 | 0 | 0 | 0,0% | 0% | 0% | 0% | 0% | 0%,,410ddías,1.718.988,0 | 0 | 0 | 0 | 0 | 0,Delantero
Córdoba,Valencia,0 | 0 | 0 | 0 | 0 | 0,0% | 0% | 0% | 0% | 0% | 0%,,410ddías,1.548.667,0 | 0 | 0 | 0 | 0 | 0,Defensa
Solà,Atlético,0 | 0 | 0 | 0 | 0 | 0,0% | 0% | 0% | 0% | 0% | 0%,,410ddías,1.640.523,0 | 0 | 0 | 0 | 0 | 0,Defensa
Canales,Athletic,0 | 0 | 0 | 0 | 0 | 0,0% | 0% | 0% | 0% | 0% | 0%,,410ddías,1.623.251,0 | 0 | 0 | 0 | 0 | 0,Delantero
Santana,Valencia,0 | 0 | 0 | 0 | 0 | 0,0% | 0% | 0% | 0% | 0% | 0%,,410ddías,1.723.821,0 | 0 | 0 | 0 | 0 | 0,Delantero
Medenica,Getafe,0 | 0 | 0 | 0 | 0 | 0,0% | 0% | 0% | 0% | 0% | 0%,,410ddías,1.560.264,0 | 0 | 0 | 0 | 0 | 0,Portero
Carlos,Atlético,0 | 0 | 0 | 0 | 0 | 0,0% | 0% | 0% | 0% | 0% | 0%,,410ddías,1.718.547,0 | 0 | 0 | 0 | 0 | 0,Defensa
Isra,Sevilla,0 | 0 | 0 | 0 | 0 | 0,0% | 0% | 0% | 0% | 0% | 0%,,410ddías,1.718.237,0 | 0 | 0 | 0 | 0 | 0,Delantero
Busto,Betis,0 | 0 | 0 | 0 | 0 | 0,0% | 0% | 0% | 0% | 0% | 0%,,410ddías,1.621.161,0 | 0 | 0 | 0 | 0 | 0,Defensa
De Llanos,Real Madrid,0 | 0 | 0 | 0 | 0 | 0,0% | 0% | 0% | 0% | 0% | 0%,,410ddías,1.622.168,0 | 0 | 0 | 0 | 0 | 0,Mediocampista
Rupérez,Real Sociedad,0 | 0 | 0 | 0 | 0 | 0,0% | 0% | 0% | 0% | 0% | 0%,,410ddías,1.626.247,0 | 0 | 0 | 0 | 0 | 0,Defensa
Balda,Real Sociedad,0 | 0 | 0 | 0 | 0 | 0,0% | 0% | 0% | 0% | 0% | 0%,,410ddías,1.718.912,0 | 0 | 0 | 0 | 0 | 0,Defensa
Olabarrieta,Athletic,0 | 0 | 0 | 0 | 0 | 0,0% | 0% | 0% | 0% | 0% | 0%,,410ddías,1.717.797,0 | 0 | 0 | 0 | 0 | 0,Delantero
Rivas,Real Madrid,0 | 0 | 0 | 0 | 0 | 0,0% | 0% | 0% | 0% | 0% | 0%,,410ddías,1.718.751,0 | 0 | 0 | 0 | 0 | 0,Defensa
Abril,Valencia,0 | 0 | 0 | 0 | 0 | 0,0% | 0% | 0% | 0% | 0% | 0%,,410ddías,1.728.051,0 | 0 | 0 | 0 | 0 | 0,Portero
Requena,Levante,0 | 0 | 0 | 0 | 0 | 0,0% | 0% | 0% | 0% | 0% | 0%,,410ddías,1.621.683,0 | 0 | 0 | 0 | 0 | 0,Mediocampista
Cortés,Barcelona,0 | 0 | 0 | 0 | 0 | 0,0% | 0% | 0% | 0% | 0% | 0%,,410ddías,1.718.327,0 | 0 | 0 | 0 | 0 | 0,Defensa
Mandi,Levante,0 | 0 | 0 | 0 | 0 | 0,0% | 0% | 0% | 0% | 0% | 0%,,731ddías,1.879.755,0 | 0 | 0 | 0 | 0 | 0,Defensa
Joseda,Alavés,0 | 0 | 0 | 0 | 0 | 0,0% | 0% | 0% | 0% | 0% | 0%,,776ddías,300.000,0 | 0 | 0 | 0 | 0 | 0,Defensa
Diallo,Alavés,0 | 0 | 0 | 0 | 0 | 0,0% | 0% | 0% | 0% | 0% | 0%,,777ddías,1.000.000,0 | 0 | 0 | 0 | 0 | 0,Mediocampista
Mendes,Alavés,0 | 0 | 0 | 0 | 0 | 0,0% | 0% | 0% | 0% | 0% | 0%,,777ddías,500.000,0 | 0 | 0 | 0 | 0 | 0,Mediocampista
Ian Forns,Betis,0 | 0 | 0 | 0 | 0 | 0,0% | 0% | 0% | 0% | 0% | 0%,,777ddías,500.000,0 | 0 | 0 | 0 | 0 | 0,Defensa
Mario,Valencia,0 | 0 | 0 | 0 | 0 | 0,0% | 0% | 0% | 0% | 0% | 0%,,1ddías,760.408,0 | 0 | 0 | 0 | 0 | 0,Mediocampista