Jugador,Equipo,DiferenciaDif.,% Dif,Acel.,Tend.,Valor,Valor ant.Ant.,Posición
Karrikaburu,Real Sociedad,-17.457 | -36.401 | -53.838 | -133.454 | -303.960 | -620.462,"-2,19% | -4,46% | -6,46% | -14,62% | -28,05% | -44,32%",,24ddías,779.538,796.995 | 815.939 | 833.376 | 912.992 | 1.083.498 | 1.400.000,Delantero
Oluwaseyi,Villarreal,-90.810 | -182.051 | -274.856 | -690.802 | -1.537.431 | -2.614.205,"-2,28% | -4,48% | -6,61% | -15,09% | -28,35% | -40,22%",,24ddías,3.885.795,3.976.605 | 4.067.846 | 4.160.651 | 4.576.597 | 5.423.226 | 6.500.000,Delantero
Alemão,Rayo,-68.182 | -141.036 | -206.862 | -590.773 | -1.277.187 | -2.316.067,"-1,43% | -2,92% | -4,23% | -11,20% | -21,43% | -33,09%",,24ddías,4.683.933,4.752.115 | 4.824.969 | 4.890.795 | 5.274.706 | 5.961.120 | 7.000.000,Delantero
Diangana,Elche,-23.707 | -55.801 | -79.997 | -231.548 | -597.790 | -1.228.639,"-1,40% | -3,23% | -4,57% | -12,17% | -26,34% | -42,37%",,24ddías,1.671.361,1.695.068 | 1.727.162 | 1.751.358 | 1.902.909 | 2.269.151 | 2.900.000,Delantero
Krug,Levante,0 | 0 | 0 | 0 | 0 | +2.249,"0,00% | 0,00% | 0,00% | 0,00% | 0,00% | +0,37%",,21ddías,602.249,602.249 | 602.249 | 602.249 | 602.249 | 602.249 | 600.000,Defensa
Hugo López,Villarreal,0 | 0 | 0 | 0 | 0 | -14.600,"0,00% | 0,00% | 0,00% | 0,00% | 0,00% | -2,92%",,21ddías,485.400,485.400 | 485.400 | 485.400 | 485.400 | 485.400 | 500.000,Mediocampista
Mikautadze,Villarreal,+129.920 | +186.160 | +653.266 | +1.330.350 | +4.692.952 | +2.261.587,"+0,25% | +0,36% | +1,27% | +2,61% | +9,87% | +4,52%",,17ddías,52.261.587,52.131.667 | 52.075.427 | 51.608.321 | 50.931.237 | 47.568.635 | 50.000.000,Delantero
Navarro,Valencia,0 | 0 | 0 | 0 | 0 | +1.909,"0,00% | 0,00% | 0,00% | 0,00% | 0,00% | +0,38%",,21ddías,501.909,501.909 | 501.909 | 501.909 | 501.909 | 501.909 | 500.000,Defensa
Cardoso,Sevilla,-34.518 | -71.546 | -105.757 | -263.240 | -595.477 | -1.141.269,"-2,67% | -5,38% | -7,75% | -17,30% | -32,11% | -47,55%",,24ddías,1.258.731,1.293.249 | 1.330.277 | 1.364.488 | 1.521.971 | 1.854.208 | 2.400.000,Defensa
Oso,Sevilla,0 | 0 | 0 | 0 | 0 | +53.332,"0,00% | 0,00% | 0,00% | 0,00% | 0,00% | +0,38%",,21ddías,14.053.332,14.053.332 | 14.053.332 | 14.053.332 | 14.053.332 | 14.053.332 | 14.000.000,Defensa
Álex Costa,Sevilla,0 | 0 | 0 | 0 | 0 | +2.284,"0,00% | 0,00% | 0,00% | 0,00% | 0,00% | +0,38%",,21ddías,602.284,602.284 | 602.284 | 602.284 | 602.284 | 602.284 | 600.000,Delantero
Folgado,Real Sociedad,0 | 0 | 0 | 0 | 0 | +2.606,"0,00% | 0,00% | 0,00% | 0,00% | 0,00% | +0,37%",,21ddías,702.606,702.606 | 702.606 | 702.606 | 702.606 | 702.606 | 700.000,Portero
Carlos Soler,Real Sociedad,-206.503 | -609.171 | -851.410 | -2.087.892 | -4.524.678 | -6.939.333,"-0,62% | -1,81% | -2,51% | -5,94% | -12,04% | -17,35%",,24ddías,33.060.667,33.267.170 | 33.669.838 | 33.912.077 | 35.148.559 | 37.585.345 | 40.000.000,Mediocampista
Sancris,Getafe,-22.504 | -46.706 | -69.620 | -173.524 | -401.036 | -799.311,"-2,44% | -4,93% | -7,18% | -16,15% | -30,81% | -47,02%",,24ddías,900.689,923.193 | 947.395 | 970.309 | 1.074.213 | 1.301.725 | 1.700.000,Delantero
Riedel,Espanyol,0 | 0 | 0 | 0 | 0 | +20.618,"0,00% | 0,00% | 0,00% | 0,00% | 0,00% | +0,37%",,21ddías,5.520.618,5.520.618 | 5.520.618 | 5.520.618 | 5.520.618 | 5.520.618 | 5.500.000,Defensa
Montero,Alavés,0 | 0 | 0 | 0 | 0 | +2.316,"0,00% | 0,00% | 0,00% | 0,00% | 0,00% | +0,39%",,21ddías,602.316,602.316 | 602.316 | 602.316 | 602.316 | 602.316 | 600.000,Portero
Vlachodimos,Sevilla,0 | 0 | 0 | 0 | 0 | +56.479,"0,00% | 0,00% | 0,00% | 0,00% | 0,00% | +0,38%",,21ddías,15.056.479,15.056.479 | 15.056.479 | 15.056.479 | 15.056.479 | 15.056.479 | 15.000.000,Portero
Santos,Athletic,0 | 0 | 0 | 0 | 0 | +2.606,"0,00% | 0,00% | 0,00% | 0,00% | 0,00% | +0,37%",,21ddías,702.606,702.606 | 702.606 | 702.606 | 702.606 | 702.606 | 700.000,Portero
Thiago,Real Madrid,0 | 0 | 0 | 0 | 0 | +26.082,"0,00% | 0,00% | 0,00% | 0,00% | 0,00% | +0,37%",,21ddías,7.026.082,7.026.082 | 7.026.082 | 7.026.082 | 7.026.082 | 7.026.082 | 7.000.000,Mediocampista
Niculaesei,Elche,0 | 0 | 0 | 0 | 0 | +3.099,"0,00% | 0,00% | 0,00% | 0,00% | 0,00% | +0,39%",,21ddías,803.099,803.099 | 803.099 | 803.099 | 803.099 | 803.099 | 800.000,Defensa
Mendoza,Atlético,-16.560 | -38.340 | -56.993 | -127.838 | -294.199 | -504.149,"-1,64% | -3,71% | -5,41% | -11,38% | -22,81% | -33,61%",,24ddías,995.851,1.012.411 | 1.034.191 | 1.052.844 | 1.123.689 | 1.290.050 | 1.500.000,Mediocampista
Echegoyen,Osasuna,0 | 0 | 0 | 0 | 0 | -37.714,"0,00% | 0,00% | 0,00% | 0,00% | 0,00% | -6,29%",,21ddías,562.286,562.286 | 562.286 | 562.286 | 562.286 | 562.286 | 600.000,Mediocampista
Josan,Elche,0 | 0 | 0 | 0 | 0 | +4.650,"0,00% | 0,00% | 0,00% | 0,00% | 0,00% | +0,39%",,21ddías,1.204.650,1.204.650 | 1.204.650 | 1.204.650 | 1.204.650 | 1.204.650 | 1.200.000,Mediocampista
Davinchi,Getafe,0 | 0 | 0 | 0 | 0 | +11.603,"0,00% | 0,00% | 0,00% | 0,00% | 0,00% | +0,39%",,21ddías,3.011.603,3.011.603 | 3.011.603 | 3.011.603 | 3.011.603 | 3.011.603 | 3.000.000,Defensa
Mastantuono,Real Madrid,0 | 0 | 0 | 0 | 0 | +37.262,"0,00% | 0,00% | 0,00% | 0,00% | 0,00% | +0,37%",,21ddías,10.037.262,10.037.262 | 10.037.262 | 10.037.262 | 10.037.262 | 10.037.262 | 10.000.000,Delantero
Veiga,Villarreal,+705.873 | +1.148.981 | +1.924.258 | +4.475.734 | +10.536.682 | +15.159.377,"+1,79% | +2,95% | +5,03% | +12,54% | +35,57% | +60,64%",,23ddías,40.159.377,39.453.504 | 39.010.396 | 38.235.119 | 35.683.643 | 29.622.695 | 25.000.000,Defensa
Arriaga,Levante,-85.684 | -177.576 | -255.729 | -627.470 | -1.434.537 | -2.404.062,"-2,33% | -4,71% | -6,64% | -14,86% | -28,52% | -40,07%",,24ddías,3.595.938,3.681.622 | 3.773.514 | 3.851.667 | 4.223.408 | 5.030.475 | 6.000.000,Mediocampista
Corralejo,Betis,0 | 0 | 0 | 0 | 0 | +2.248,"0,00% | 0,00% | 0,00% | 0,00% | 0,00% | +0,37%",,21ddías,602.248,602.248 | 602.248 | 602.248 | 602.248 | 602.248 | 600.000,Mediocampista
Nacho Pérez,Levante,0 | 0 | 0 | 0 | 0 | -18.308,"0,00% | 0,00% | 0,00% | 0,00% | 0,00% | -3,05%",,21ddías,581.692,581.692 | 581.692 | 581.692 | 581.692 | 581.692 | 600.000,Defensa
Altozano,Sevilla,0 | 0 | 0 | 0 | 0 | +2.284,"0,00% | 0,00% | 0,00% | 0,00% | 0,00% | +0,38%",,21ddías,602.284,602.284 | 602.284 | 602.284 | 602.284 | 602.284 | 600.000,Mediocampista
Sierra,Sevilla,0 | 0 | 0 | 0 | 0 | +2.284,"0,00% | 0,00% | 0,00% | 0,00% | 0,00% | +0,38%",,21ddías,602.284,602.284 | 602.284 | 602.284 | 602.284 | 602.284 | 600.000,Delantero
Blázquez,Valencia,0 | 0 | 0 | 0 | 0 | -18.344,"0,00% | 0,00% | 0,00% | 0,00% | 0,00% | -3,06%",,21ddías,581.656,581.656 | 581.656 | 581.656 | 581.656 | 581.656 | 600.000,Delantero
Suazo,Sevilla,-89.465 | -189.035 | -228.916 | -632.702 | -1.597.406 | -2.710.483,"-1,40% | -2,92% | -3,51% | -9,14% | -20,25% | -30,12%",,24ddías,6.289.517,6.378.982 | 6.478.552 | 6.518.433 | 6.922.219 | 7.886.923 | 9.000.000,Defensa
Laporte,Athletic,+1.890.151 | +3.249.995 | +5.407.553 | +13.581.761 | +25.235.478 | +43.835.732,"+3,98% | +7,05% | +12,31% | +37,97% | +104,66% | +795,38%",,15ddías,49.347.060,47.456.909 | 46.097.065 | 43.939.507 | 35.765.299 | 24.111.582 | 5.511.328,Defensa
Adam Boayar,Elche,0 | 0 | 0 | 0 | 0 | +2.711,"0,00% | 0,00% | 0,00% | 0,00% | 0,00% | +0,39%",,21ddías,702.711,702.711 | 702.711 | 702.711 | 702.711 | 702.711 | 700.000,Mediocampista
Radu,Celta,+813.172 | +1.393.981 | +2.323.266 | +4.464.249 | +8.963.377 | +12.712.102,"+2,55% | +4,45% | +7,65% | +15,80% | +37,74% | +63,56%",,23ddías,32.712.102,31.898.930 | 31.318.121 | 30.388.836 | 28.247.853 | 23.748.725 | 20.000.000,Portero
Selton,Athletic,0 | 0 | 0 | 0 | 0 | +2.257,"0,00% | 0,00% | 0,00% | 0,00% | 0,00% | +0,38%",,21ddías,602.257,602.257 | 602.257 | 602.257 | 602.257 | 602.257 | 600.000,Mediocampista
Joan Martínez,Real Madrid,0 | 0 | 0 | 0 | 0 | +2.622,"0,00% | 0,00% | 0,00% | 0,00% | 0,00% | +0,37%",,21ddías,702.622,702.622 | 702.622 | 702.622 | 702.622 | 702.622 | 700.000,Defensa
Unai Santos,Osasuna,0 | 0 | 0 | 0 | 0 | +2.319,"0,00% | 0,00% | 0,00% | 0,00% | 0,00% | +0,39%",,21ddías,602.319,602.319 | 602.319 | 602.319 | 602.319 | 602.319 | 600.000,Defensa
Carlos Macià,Villarreal,0 | 0 | 0 | 0 | 0 | +3.057,"0,00% | 0,00% | 0,00% | 0,00% | 0,00% | +0,38%",,21ddías,803.057,803.057 | 803.057 | 803.057 | 803.057 | 803.057 | 800.000,Mediocampista
Valdepeñas,Real Madrid,0 | 0 | 0 | 0 | 0 | +2.997,"0,00% | 0,00% | 0,00% | 0,00% | 0,00% | +0,37%",,21ddías,802.997,802.997 | 802.997 | 802.997 | 802.997 | 802.997 | 800.000,Defensa
Carrera,Real Sociedad,0 | 0 | 0 | 0 | 0 | +2.633,"0,00% | 0,00% | 0,00% | 0,00% | 0,00% | +0,38%",,21ddías,702.633,702.633 | 702.633 | 702.633 | 702.633 | 702.633 | 700.000,Delantero
Rosón,Levante,0 | 0 | 0 | 0 | 0 | +2.249,"0,00% | 0,00% | 0,00% | 0,00% | 0,00% | +0,37%",,21ddías,602.249,602.249 | 602.249 | 602.249 | 602.249 | 602.249 | 600.000,Mediocampista
Nakoha,Levante,0 | 0 | 0 | 0 | 0 | +1.874,"0,00% | 0,00% | 0,00% | 0,00% | 0,00% | +0,37%",,21ddías,501.874,501.874 | 501.874 | 501.874 | 501.874 | 501.874 | 500.000,Defensa
Jurado,Valencia,0 | 0 | 0 | 0 | 0 | +2.292,"0,00% | 0,00% | 0,00% | 0,00% | 0,00% | +0,38%",,21ddías,602.292,602.292 | 602.292 | 602.292 | 602.292 | 602.292 | 600.000,Defensa
Panach,Valencia,0 | 0 | 0 | 0 | 0 | +1.909,"0,00% | 0,00% | 0,00% | 0,00% | 0,00% | +0,38%",,21ddías,501.909,501.909 | 501.909 | 501.909 | 501.909 | 501.909 | 500.000,Defensa
Marchal,Real Sociedad,0 | 0 | 0 | 0 | 0 | +2.234,"0,00% | 0,00% | 0,00% | 0,00% | 0,00% | +0,37%",,21ddías,602.234,602.234 | 602.234 | 602.234 | 602.234 | 602.234 | 600.000,Mediocampista
Yassin,Getafe,0 | 0 | 0 | 0 | 0 | +1.932,"0,00% | 0,00% | 0,00% | 0,00% | 0,00% | +0,39%",,21ddías,501.932,501.932 | 501.932 | 501.932 | 501.932 | 501.932 | 500.000,Defensa
Al Lal,Elche,0 | 0 | 0 | 0 | 0 | +1.936,"0,00% | 0,00% | 0,00% | 0,00% | 0,00% | +0,39%",,21ddías,501.936,501.936 | 501.936 | 501.936 | 501.936 | 501.936 | 500.000,Delantero
Óscar Marcos,Celta,0 | 0 | 0 | 0 | 0 | +2.257,"0,00% | 0,00% | 0,00% | 0,00% | 0,00% | +0,38%",,21ddías,602.257,602.257 | 602.257 | 602.257 | 602.257 | 602.257 | 600.000,Delantero
Meixús,Celta,0 | 0 | 0 | 0 | 0 | -14.628,"0,00% | 0,00% | 0,00% | 0,00% | 0,00% | -2,93%",,21ddías,485.372,485.372 | 485.372 | 485.372 | 485.372 | 485.372 | 500.000,Defensa
Álvaro,Alavés,0 | 0 | 0 | 0 | 0 | +1.929,"0,00% | 0,00% | 0,00% | 0,00% | 0,00% | +0,39%",,21ddías,501.929,501.929 | 501.929 | 501.929 | 501.929 | 501.929 | 500.000,Defensa
Bardghji,Barcelona,0 | 0 | 0 | 0 | 0 | +18.565,"0,00% | 0,00% | 0,00% | 0,00% | 0,00% | +0,39%",,21ddías,4.818.565,4.818.565 | 4.818.565 | 4.818.565 | 4.818.565 | 4.818.565 | 4.800.000,Delantero
Juan Hernández,Barcelona,0 | 0 | 0 | 0 | 0 | -18.240,"0,00% | 0,00% | 0,00% | 0,00% | 0,00% | -3,04%",,21ddías,581.760,581.760 | 581.760 | 581.760 | 581.760 | 581.760 | 600.000,Mediocampista
Taufik,Atlético,0 | 0 | 0 | 0 | 0 | +2.316,"0,00% | 0,00% | 0,00% | 0,00% | 0,00% | +0,39%",,21ddías,602.316,602.316 | 602.316 | 602.316 | 602.316 | 602.316 | 600.000,Mediocampista
Martínez Bastida,Elche,0 | 0 | 0 | 0 | 0 | +2.324,"0,00% | 0,00% | 0,00% | 0,00% | 0,00% | +0,39%",,21ddías,602.324,602.324 | 602.324 | 602.324 | 602.324 | 602.324 | 600.000,Mediocampista
Aller,Barcelona,0 | 0 | 0 | 0 | 0 | +2.705,"0,00% | 0,00% | 0,00% | 0,00% | 0,00% | +0,39%",,21ddías,702.705,702.705 | 702.705 | 702.705 | 702.705 | 702.705 | 700.000,Portero
Ballestero,Alavés,0 | 0 | 0 | 0 | 0 | +2.316,"0,00% | 0,00% | 0,00% | 0,00% | 0,00% | +0,39%",,21ddías,602.316,602.316 | 602.316 | 602.316 | 602.316 | 602.316 | 600.000,Defensa
Monreal,Athletic,0 | 0 | 0 | 0 | 0 | +2.257,"0,00% | 0,00% | 0,00% | 0,00% | 0,00% | +0,38%",,21ddías,602.257,602.257 | 602.257 | 602.257 | 602.257 | 602.257 | 600.000,Defensa
Adrián Pérez,Athletic,0 | 0 | 0 | 0 | 0 | +2.257,"0,00% | 0,00% | 0,00% | 0,00% | 0,00% | +0,38%",,21ddías,602.257,602.257 | 602.257 | 602.257 | 602.257 | 602.257 | 600.000,Delantero
Espart,Barcelona,0 | 0 | 0 | 0 | 0 | +2.705,"0,00% | 0,00% | 0,00% | 0,00% | 0,00% | +0,39%",,21ddías,702.705,702.705 | 702.705 | 702.705 | 702.705 | 702.705 | 700.000,Defensa
Delgado,Elche,0 | 0 | 0 | 0 | 0 | +2.324,"0,00% | 0,00% | 0,00% | 0,00% | 0,00% | +0,39%",,21ddías,602.324,602.324 | 602.324 | 602.324 | 602.324 | 602.324 | 600.000,Defensa
Benito,Getafe,0 | 0 | 0 | 0 | 0 | +2.319,"0,00% | 0,00% | 0,00% | 0,00% | 0,00% | +0,39%",,21ddías,602.319,602.319 | 602.319 | 602.319 | 602.319 | 602.319 | 600.000,Portero
Aleksandrov,Getafe,0 | 0 | 0 | 0 | 0 | +2.319,"0,00% | 0,00% | 0,00% | 0,00% | 0,00% | +0,39%",,21ddías,602.319,602.319 | 602.319 | 602.319 | 602.319 | 602.319 | 600.000,Delantero
Javi Navarro,Real Madrid,0 | 0 | 0 | 0 | 0 | +2.622,"0,00% | 0,00% | 0,00% | 0,00% | 0,00% | +0,37%",,21ddías,702.622,702.622 | 702.622 | 702.622 | 702.622 | 702.622 | 700.000,Portero
Beitia,Real Sociedad,0 | 0 | 0 | 0 | 0 | +1.861,"0,00% | 0,00% | 0,00% | 0,00% | 0,00% | +0,37%",,21ddías,501.861,501.861 | 501.861 | 501.861 | 501.861 | 501.861 | 500.000,Defensa
Lebarbier,Real Sociedad,0 | 0 | 0 | 0 | 0 | +2.234,"0,00% | 0,00% | 0,00% | 0,00% | 0,00% | +0,37%",,21ddías,602.234,602.234 | 602.234 | 602.234 | 602.234 | 602.234 | 600.000,Defensa
Barry,Villarreal,0 | 0 | 0 | 0 | 0 | +2.292,"0,00% | 0,00% | 0,00% | 0,00% | 0,00% | +0,38%",,21ddías,602.292,602.292 | 602.292 | 602.292 | 602.292 | 602.292 | 600.000,Mediocampista
Rueda,Celta,-23.680 | -71.842 | -103.458 | -310.199 | -745.878 | -1.188.810,"-0,62% | -1,85% | -2,64% | -7,53% | -16,37% | -23,78%",,22ddías,3.811.190,3.834.870 | 3.883.032 | 3.914.648 | 4.121.389 | 4.557.068 | 5.000.000,Defensa
Becerra,Rayo,0 | 0 | 0 | 0 | 0 | -18.300,"0,00% | 0,00% | 0,00% | 0,00% | 0,00% | -3,05%",,21ddías,581.700,581.700 | 581.700 | 581.700 | 581.700 | 581.700 | 600.000,Mediocampista
Oláiz,Alavés,0 | 0 | 0 | 0 | 0 | +2.316,"0,00% | 0,00% | 0,00% | 0,00% | 0,00% | +0,39%",,21ddías,602.316,602.316 | 602.316 | 602.316 | 602.316 | 602.316 | 600.000,Defensa
Pablo García,Betis,0 | 0 | 0 | 0 | 0 | +9.371,"0,00% | 0,00% | 0,00% | 0,00% | 0,00% | +0,37%",,21ddías,2.509.371,2.509.371 | 2.509.371 | 2.509.371 | 2.509.371 | 2.509.371 | 2.500.000,Delantero
Sivera,Alavés,+668.154 | +1.108.712 | +1.643.655 | +3.269.328 | +5.762.939 | +7.302.257,"+3,09% | +5,23% | +7,96% | +17,18% | +34,84% | +48,68%",,22ddías,22.302.257,21.634.103 | 21.193.545 | 20.658.602 | 19.032.929 | 16.539.318 | 15.000.000,Portero
De la Fuente,Levante,0 | 0 | 0 | 0 | 0 | +52.528,"0,00% | 0,00% | 0,00% | 0,00% | 0,00% | +0,38%",,21ddías,14.052.528,14.052.528 | 14.052.528 | 14.052.528 | 14.052.528 | 14.052.528 | 14.000.000,Defensa
Aguado,Elche,-51.127 | -116.688 | -166.046 | -455.498 | -1.126.806 | -2.154.162,"-1,31% | -2,94% | -4,14% | -10,59% | -22,66% | -35,90%",,24ddías,3.845.838,3.896.965 | 3.962.526 | 4.011.884 | 4.301.336 | 4.972.644 | 6.000.000,Mediocampista
Santiago,Elche,-15.512 | -32.430 | -47.757 | -118.017 | -272.116 | -567.128,"-2,07% | -4,24% | -6,12% | -13,87% | -27,08% | -43,63%",,24ddías,732.872,748.384 | 765.302 | 780.629 | 850.889 | 1.004.988 | 1.300.000,Mediocampista
Á. Núñez,Celta,-106.564 | -215.473 | -308.181 | -735.575 | -1.532.528 | -2.177.631,"-2,16% | -4,28% | -6,01% | -13,23% | -24,12% | -31,11%",,21ddías,4.822.369,4.928.933 | 5.037.842 | 5.130.550 | 5.557.944 | 6.354.897 | 7.000.000,Defensa
Affengruber,Elche,+694.532 | +1.171.531 | +1.904.905 | +3.943.156 | +7.143.470 | +18.507.196,"+2,65% | +4,55% | +7,62% | +17,17% | +36,13% | +220,19%",,16ddías,26.912.450,26.217.918 | 25.740.919 | 25.007.545 | 22.969.294 | 19.768.980 | 8.405.254,Defensa
Febas,Celta,0 | 0 | 0 | 0 | 0 | +96.888,"0,00% | 0,00% | 0,00% | 0,00% | 0,00% | +0,39%",,21ddías,25.096.888,25.096.888 | 25.096.888 | 25.096.888 | 25.096.888 | 25.096.888 | 25.000.000,Mediocampista
John ChetauyaJohn C.,Elche,-26.230 | -54.313 | -79.529 | -199.452 | -462.591 | -909.889,"-2,58% | -5,20% | -7,44% | -16,77% | -31,84% | -47,89%",,24ddías,990.111,1.016.341 | 1.044.424 | 1.069.640 | 1.189.563 | 1.452.702 | 1.900.000,Defensa
Vencedor,Athletic,0 | 0 | 0 | 0 | 0 | +8.253,"0,00% | 0,00% | 0,00% | 0,00% | 0,00% | +0,38%",,21ddías,2.208.253,2.208.253 | 2.208.253 | 2.208.253 | 2.208.253 | 2.208.253 | 2.200.000,Mediocampista
Youssef,Alavés,-9.226 | -19.596 | -28.102 | -68.117 | -155.811 | -317.988,"-1,56% | -3,26% | -4,61% | -10,48% | -21,12% | -35,33%",,16ddías,582.012,591.238 | 601.608 | 610.114 | 650.129 | 737.823 | 900.000,Defensa
Fortuny,Real Madrid,0 | 0 | 0 | 0 | 0 | +2.234,"0,00% | 0,00% | 0,00% | 0,00% | 0,00% | +0,37%",,21ddías,602.234,602.234 | 602.234 | 602.234 | 602.234 | 602.234 | 600.000,Mediocampista
Molina,Rayo,0 | 0 | 0 | 0 | 0 | +2.234,"0,00% | 0,00% | 0,00% | 0,00% | 0,00% | +0,37%",,21ddías,602.234,602.234 | 602.234 | 602.234 | 602.234 | 602.234 | 600.000,Portero
Arguibide,Osasuna,0 | 0 | 0 | 0 | 0 | -17.987,"0,00% | 0,00% | 0,00% | 0,00% | 0,00% | -3,00%",,21ddías,582.013,582.013 | 582.013 | 582.013 | 582.013 | 582.013 | 600.000,Defensa
Bekhoucha,Getafe,0 | 0 | 0 | 0 | 0 | +4.254,"0,00% | 0,00% | 0,00% | 0,00% | 0,00% | +0,39%",,21ddías,1.104.254,1.104.254 | 1.104.254 | 1.104.254 | 1.104.254 | 1.104.254 | 1.100.000,Defensa
Swiderski,Alavés,0 | 0 | 0 | 0 | 0 | +2.316,"0,00% | 0,00% | 0,00% | 0,00% | 0,00% | +0,39%",,21ddías,602.316,602.316 | 602.316 | 602.316 | 602.316 | 602.316 | 600.000,Portero
Ruggeri,Atlético,-94.492 | -216.767 | -320.062 | -796.389 | -1.712.635 | -1.067.030,"-1,19% | -2,69% | -3,93% | -9,23% | -17,94% | -11,99%",,18ddías,7.832.970,7.927.462 | 8.049.737 | 8.153.032 | 8.629.359 | 9.545.605 | 8.900.000,Defensa
Osambela,Osasuna,0 | 0 | 0 | 0 | 0 | +1.932,"0,00% | 0,00% | 0,00% | 0,00% | 0,00% | +0,39%",,21ddías,501.932,501.932 | 501.932 | 501.932 | 501.932 | 501.932 | 500.000,Mediocampista
Valou,Getafe,0 | 0 | 0 | 0 | 0 | +2.292,"0,00% | 0,00% | 0,00% | 0,00% | 0,00% | +0,38%",,21ddías,602.292,602.292 | 602.292 | 602.292 | 602.292 | 602.292 | 600.000,Defensa
Gonzalo,Real Madrid,-45.221 | -119.476 | -176.122 | -416.222 | -876.663 | -1.542.362,"-1,05% | -2,73% | -3,97% | -8,91% | -17,07% | -26,59%",,24ddías,4.257.638,4.302.859 | 4.377.114 | 4.433.760 | 4.673.860 | 5.134.301 | 5.800.000,Delantero
Niño,Málaga,-26.433 | -74.489 | -105.638 | -260.796 | -584.486 | -1.043.608,"-0,89% | -2,46% | -3,45% | -8,11% | -16,51% | -26,09%",,24ddías,2.956.392,2.982.825 | 3.030.881 | 3.062.030 | 3.217.188 | 3.540.878 | 4.000.000,Delantero
Rayane,Atlético,0 | 0 | 0 | 0 | 0 | -21.994,"0,00% | 0,00% | 0,00% | 0,00% | 0,00% | -3,14%",,21ddías,678.006,678.006 | 678.006 | 678.006 | 678.006 | 678.006 | 700.000,Delantero
Mendy,Rayo,0 | 0 | 0 | 0 | 0 | +22.356,"0,00% | 0,00% | 0,00% | 0,00% | 0,00% | +0,37%",,21ddías,6.022.356,6.022.356 | 6.022.356 | 6.022.356 | 6.022.356 | 6.022.356 | 6.000.000,Defensa
Ortiz,Betis,0 | 0 | 0 | 0 | 0 | +6.372,"0,00% | 0,00% | 0,00% | 0,00% | 0,00% | +0,37%",,21ddías,1.706.372,1.706.372 | 1.706.372 | 1.706.372 | 1.706.372 | 1.706.372 | 1.700.000,Defensa
Juanpe,Rayo,0 | 0 | 0 | 0 | 0 | +2.234,"0,00% | 0,00% | 0,00% | 0,00% | 0,00% | +0,37%",,21ddías,602.234,602.234 | 602.234 | 602.234 | 602.234 | 602.234 | 600.000,Portero
Diatta,Villarreal,0 | 0 | 0 | 0 | 0 | -18.344,"0,00% | 0,00% | 0,00% | 0,00% | 0,00% | -3,06%",,21ddías,581.656,581.656 | 581.656 | 581.656 | 581.656 | 581.656 | 600.000,Mediocampista
Yáñez,Real Madrid,0 | 0 | 0 | 0 | 0 | +2.606,"0,00% | 0,00% | 0,00% | 0,00% | 0,00% | +0,37%",,21ddías,702.606,702.606 | 702.606 | 702.606 | 702.606 | 702.606 | 700.000,Delantero
D. Aguado,Real Madrid,0 | 0 | 0 | 0 | 0 | -25.891,"0,00% | 0,00% | 0,00% | 0,00% | 0,00% | -3,24%",,21ddías,774.109,774.109 | 774.109 | 774.109 | 774.109 | 774.109 | 800.000,Defensa
Fran González,Real Madrid,0 | 0 | 0 | 0 | 0 | +2.622,"0,00% | 0,00% | 0,00% | 0,00% | 0,00% | +0,37%",,21ddías,702.622,702.622 | 702.622 | 702.622 | 702.622 | 702.622 | 700.000,Portero
Mariezkurrena,Real Sociedad,0 | 0 | 0 | 0 | 0 | -22.034,"0,00% | 0,00% | 0,00% | 0,00% | 0,00% | -3,15%",,21ddías,677.966,677.966 | 677.966 | 677.966 | 677.966 | 677.966 | 700.000,Delantero
Castrín,Sevilla,0 | 0 | 0 | 0 | 0 | -176.984,"0,00% | 0,00% | 0,00% | 0,00% | 0,00% | -3,54%",,21ddías,4.823.016,4.823.016 | 4.823.016 | 4.823.016 | 4.823.016 | 4.823.016 | 5.000.000,Defensa
Rafa,Sevilla,0 | 0 | 0 | 0 | 0 | +2.257,"0,00% | 0,00% | 0,00% | 0,00% | 0,00% | +0,38%",,21ddías,602.257,602.257 | 602.257 | 602.257 | 602.257 | 602.257 | 600.000,Portero
Salinas,Málaga,-15.131 | -33.751 | -58.797 | -177.123 | -399.944 | -845.061,"-1,41% | -3,10% | -5,28% | -14,38% | -27,49% | -44,48%",,25ddías,1.054.939,1.070.070 | 1.088.690 | 1.113.736 | 1.232.062 | 1.454.883 | 1.900.000,Defensa
Huijsen,Real Madrid,-158.852 | -619.744 | -989.733 | -2.100.633 | -6.598.059 | -12.644.539,"-0,44% | -1,69% | -2,67% | -5,51% | -15,47% | -25,96%",,24ddías,36.055.461,36.214.313 | 36.675.205 | 37.045.194 | 38.156.094 | 42.653.520 | 48.700.000,Defensa
Vertrouwd,Rayo,0 | 0 | 0 | 0 | 0 | +3.725,"0,00% | 0,00% | 0,00% | 0,00% | 0,00% | +0,37%",,21ddías,1.003.725,1.003.725 | 1.003.725 | 1.003.725 | 1.003.725 | 1.003.725 | 1.000.000,Defensa
Torrents,Barcelona,0 | 0 | 0 | 0 | 0 | +2.319,"0,00% | 0,00% | 0,00% | 0,00% | 0,00% | +0,39%",,21ddías,602.319,602.319 | 602.319 | 602.319 | 602.319 | 602.319 | 600.000,Defensa
Ugrinic,Valencia,-125.537 | -255.810 | -382.618 | -903.186 | -1.996.393 | -2.834.814,"-2,37% | -4,72% | -6,90% | -14,88% | -27,88% | -35,44%",,22ddías,5.165.186,5.290.723 | 5.420.996 | 5.547.804 | 6.068.372 | 7.161.579 | 8.000.000,Mediocampista
Bigas,Elche,-179.719 | -274.741 | -361.084 | -687.794 | -1.614.118 | -476.510,"-2,33% | -3,52% | -4,58% | -8,38% | -17,66% | -5,96%",,19ddías,7.523.490,7.703.209 | 7.798.231 | 7.884.574 | 8.211.284 | 9.137.608 | 8.000.000,Defensa
Redondo,Elche,-34.195 | -68.575 | -101.249 | -258.802 | -591.758 | -1.133.241,"-2,63% | -5,14% | -7,40% | -16,96% | -31,84% | -47,22%",,24ddías,1.266.759,1.300.954 | 1.335.334 | 1.368.008 | 1.525.561 | 1.858.517 | 2.400.000,Mediocampista
Pinillos,Alavés,0 | 0 | 0 | 0 | 0 | +1.929,"0,00% | 0,00% | 0,00% | 0,00% | 0,00% | +0,39%",,21ddías,501.929,501.929 | 501.929 | 501.929 | 501.929 | 501.929 | 500.000,Mediocampista
Rego,Athletic,0 | 0 | 0 | 0 | 0 | +18.825,"0,00% | 0,00% | 0,00% | 0,00% | 0,00% | +0,38%",,21ddías,5.018.825,5.018.825 | 5.018.825 | 5.018.825 | 5.018.825 | 5.018.825 | 5.000.000,Defensa
Esquivel,Atlético,0 | 0 | 0 | 0 | 0 | +2.292,"0,00% | 0,00% | 0,00% | 0,00% | 0,00% | +0,38%",,21ddías,602.292,602.292 | 602.292 | 602.292 | 602.292 | 602.292 | 600.000,Portero
Manu Fernández,Celta,-3.859 | -8.638 | -11.320 | -25.507 | -56.497 | -146.810,"-0,84% | -1,87% | -2,44% | -5,33% | -11,08% | -24,47%",,24ddías,453.190,457.049 | 461.828 | 464.510 | 478.697 | 509.687 | 600.000,Defensa
Elgezabal,Levante,-45.158 | -93.620 | -139.441 | -339.736 | -737.432 | -1.378.221,"-2,71% | -5,46% | -7,92% | -17,32% | -31,26% | -45,94%",,24ddías,1.621.779,1.666.937 | 1.715.399 | 1.761.220 | 1.961.515 | 2.359.211 | 3.000.000,Defensa
Joselu,Getafe,0 | 0 | 0 | 0 | 0 | +2.319,"0,00% | 0,00% | 0,00% | 0,00% | 0,00% | +0,39%",,21ddías,602.319,602.319 | 602.319 | 602.319 | 602.319 | 602.319 | 600.000,Delantero
Víctor García,Levante,-79.704 | -164.907 | -249.873 | -625.512 | -1.385.656 | -2.572.561,"-2,65% | -5,33% | -7,86% | -17,61% | -32,13% | -46,77%",,24ddías,2.927.439,3.007.143 | 3.092.346 | 3.177.312 | 3.552.951 | 4.313.095 | 5.500.000,Defensa
Pablo CamposCuñat Campos,Levante,+26.394 | +32.258 | +38.324 | -16.117 | -219.696 | -566.405,"+2,19% | +2,69% | +3,21% | -1,29% | -15,12% | -31,47%",,3ddías,1.233.595,1.207.201 | 1.201.337 | 1.195.271 | 1.249.712 | 1.453.291 | 1.800.000,Portero
Toljan,Levante,-64.217 | -155.060 | -232.614 | -607.938 | -1.404.297 | -2.430.019,"-1,25% | -2,97% | -4,39% | -10,71% | -21,69% | -32,40%",,22ddías,5.069.981,5.134.198 | 5.225.041 | 5.302.595 | 5.677.919 | 6.474.278 | 7.500.000,Defensa
Cortés,Levante,0 | 0 | 0 | 0 | 0 | +3.000,"0,00% | 0,00% | 0,00% | 0,00% | 0,00% | +0,38%",,21ddías,803.000,803.000 | 803.000 | 803.000 | 803.000 | 803.000 | 800.000,Delantero
Primo,Levante,0 | 0 | 0 | 0 | 0 | +4.126,"0,00% | 0,00% | 0,00% | 0,00% | 0,00% | +0,38%",,21ddías,1.104.126,1.104.126 | 1.104.126 | 1.104.126 | 1.104.126 | 1.104.126 | 1.100.000,Portero
Gorrotxategi,Real Sociedad,-32.697 | -178.682 | -287.586 | -772.684 | -1.514.594 | +1.034.443,"-0,36% | -1,94% | -3,09% | -7,88% | -14,36% | +12,93%",,17ddías,9.034.443,9.067.140 | 9.213.125 | 9.322.029 | 9.807.127 | 10.549.037 | 8.000.000,Mediocampista
Oriol Rey,Levante,-27.289 | -58.014 | -85.728 | -212.880 | -486.583 | -947.546,"-2,53% | -5,22% | -7,53% | -16,82% | -31,62% | -47,38%",,24ddías,1.052.454,1.079.743 | 1.110.468 | 1.138.182 | 1.265.334 | 1.539.037 | 2.000.000,Mediocampista
Alexander-Arnold,Real Madrid,-350.535 | -820.142 | -1.261.829 | -3.224.566 | -7.209.647 | -12.302.065,"-1,25% | -2,88% | -4,36% | -10,43% | -20,65% | -30,76%",,24ddías,27.697.935,28.048.470 | 28.518.077 | 28.959.764 | 30.922.501 | 34.907.582 | 40.000.000,Defensa
Martim Neto,Elche,-10.591 | -26.850 | -43.083 | -136.892 | -436.499 | -897.545,"-0,50% | -1,26% | -2,01% | -6,11% | -17,19% | -29,92%",,24ddías,2.102.455,2.113.046 | 2.129.305 | 2.145.538 | 2.239.347 | 2.538.954 | 3.000.000,Mediocampista
Jonny,Alavés,-115.136 | -221.148 | -305.285 | -813.263 | -1.836.020 | -2.757.235,"-1,81% | -3,42% | -4,66% | -11,53% | -22,73% | -30,64%",,20ddías,6.242.765,6.357.901 | 6.463.913 | 6.548.050 | 7.056.028 | 8.078.785 | 9.000.000,Defensa
Almada,Atlético,-158.100 | -350.721 | -509.134 | -1.124.690 | -2.373.342 | -2.608.003,"-2,09% | -4,53% | -6,44% | -13,21% | -24,30% | -26,08%",,18ddías,7.391.997,7.550.097 | 7.742.718 | 7.901.131 | 8.516.687 | 9.765.339 | 10.000.000,Mediocampista
Luiz Felipe,Rayo,0 | 0 | 0 | 0 | 0 | +15.277,"0,00% | 0,00% | 0,00% | 0,00% | 0,00% | +0,37%",,21ddías,4.115.277,4.115.277 | 4.115.277 | 4.115.277 | 4.115.277 | 4.115.277 | 4.100.000,Defensa
Hancko,Atlético,-175.227 | -445.347 | -620.321 | -2.161.684 | -5.391.548 | -8.928.831,"-0,56% | -1,41% | -1,96% | -6,50% | -14,79% | -22,32%",,22ddías,31.071.169,31.246.396 | 31.516.516 | 31.691.490 | 33.232.853 | 36.462.717 | 40.000.000,Defensa
Fortea,Real Madrid,0 | 0 | 0 | 0 | 0 | +2.099,"0,00% | 0,00% | 0,00% | 0,00% | 0,00% | +0,26%",,21ddías,802.099,802.099 | 802.099 | 802.099 | 802.099 | 802.099 | 800.000,Defensa
Jutglà,Celta,-139.352 | -272.729 | -396.578 | -946.427 | -2.383.968 | -1.343.790,"-1,42% | -2,75% | -3,94% | -8,93% | -19,80% | -12,22%",,20ddías,9.656.210,9.795.562 | 9.928.939 | 10.052.788 | 10.602.637 | 12.040.178 | 11.000.000,Delantero
Valentín Gómez,Betis,-44.133 | -101.010 | -151.511 | -375.911 | -881.480 | -1.619.271,"-1,82% | -4,07% | -5,98% | -13,64% | -27,02% | -40,48%",,24ddías,2.380.729,2.424.862 | 2.481.739 | 2.532.240 | 2.756.640 | 3.262.209 | 4.000.000,Defensa
C. Álvarez,Levante,+365.986 | +616.780 | +982.256 | +2.632.238 | +4.404.973 | +7.922.156,"+2,35% | +4,03% | +6,57% | +19,81% | +38,25% | +99,03%",,23ddías,15.922.156,15.556.170 | 15.305.376 | 14.939.900 | 13.289.918 | 11.517.183 | 8.000.000,Mediocampista
Deossa,Betis,-52.969 | -113.033 | -169.176 | -408.877 | -937.715 | -1.791.617,"-2,45% | -5,09% | -7,43% | -16,24% | -30,78% | -45,94%",,24ddías,2.108.383,2.161.352 | 2.221.416 | 2.277.559 | 2.517.260 | 3.046.098 | 3.900.000,Mediocampista
Junior,Betis,-119.027 | -229.110 | -348.683 | -874.349 | -1.871.932 | -3.127.445,"-2,38% | -4,49% | -6,68% | -15,21% | -27,75% | -39,09%",,24ddías,4.872.555,4.991.582 | 5.101.665 | 5.221.238 | 5.746.904 | 6.744.487 | 8.000.000,Defensa
Dituro,Elche,-77.807 | -81.683 | -85.128 | -250.552 | -770.863 | -1.162.174,"-1,13% | -1,18% | -1,23% | -3,53% | -10,13% | -14,53%",,24ddías,6.837.826,6.915.633 | 6.919.509 | 6.922.954 | 7.088.378 | 7.608.689 | 8.000.000,Portero
Dolan,Espanyol,-71.197 | -173.653 | -258.464 | -630.318 | -1.491.476 | -964.217,"-1,00% | -2,41% | -3,54% | -8,22% | -17,49% | -12,05%",,17ddías,7.035.783,7.106.980 | 7.209.436 | 7.294.247 | 7.666.101 | 8.527.259 | 8.000.000,Delantero
Roger BruguéBrugui,Levante,-96.874 | -203.570 | -295.972 | -739.477 | -1.718.276 | -3.460.129,"-2,66% | -5,44% | -7,72% | -17,28% | -32,68% | -49,43%",,25ddías,3.539.871,3.636.745 | 3.743.441 | 3.835.843 | 4.279.348 | 5.258.147 | 7.000.000,Delantero
Jorge Cabello,Levante,-38.230 | +701.226 | +701.226 | +701.226 | +701.226 | +701.226,"-2,90% | 0% | 0% | 0% | 0% | 0%",,1ddías,1.278.102,1.316.332 | 0 | 0 | 0 | 0 | 0,Defensa
Iker Muñoz,Sevilla,0 | 0 | 0 | 0 | 0 | +2.284,"0,00% | 0,00% | 0,00% | 0,00% | 0,00% | +0,38%",,21ddías,602.284,602.284 | 602.284 | 602.284 | 602.284 | 602.284 | 600.000,Defensa
Izei,Alavés,0 | 0 | 0 | 0 | 0 | -17.990,"0,00% | 0,00% | 0,00% | 0,00% | 0,00% | -3,00%",,21ddías,582.010,582.010 | 582.010 | 582.010 | 582.010 | 582.010 | 600.000,Mediocampista
Román,Celta,-92.720 | -195.762 | -302.707 | -728.540 | -1.607.580 | -2.965.439,"-1,65% | -3,42% | -5,19% | -11,63% | -22,51% | -34,89%",,24ddías,5.534.561,5.627.281 | 5.730.323 | 5.837.268 | 6.263.101 | 7.142.141 | 8.500.000,Mediocampista
Eriksson,Racing,+55.265 | +73.674 | +83.404 | +37.904 | -289.885 | -671.971,"+2,43% | +3,27% | +3,72% | +1,66% | -11,07% | -22,40%",,3ddías,2.328.029,2.272.764 | 2.254.355 | 2.244.625 | 2.290.125 | 2.617.914 | 3.000.000,Portero
Iñigo Vicente,Racing,-329.283 | -652.589 | -809.504 | -1.514.157 | -3.408.984 | -5.145.782,"-1,59% | -3,11% | -3,82% | -6,92% | -14,35% | -20,18%",,20ddías,20.354.218,20.683.501 | 21.006.807 | 21.163.722 | 21.868.375 | 23.763.202 | 25.500.000,Delantero
Solórzano,Racing,0 | 0 | 0 | 0 | 0 | +2.234,"0,00% | 0,00% | 0,00% | 0,00% | 0,00% | +0,37%",,20ddías,602.234,602.234 | 602.234 | 602.234 | 602.234 | 602.234 | 600.000,Mediocampista
Puerta,Racing,+199.005 | +235.192 | +334.095 | +202.305 | -638.337 | -446.292,"+2,13% | +2,52% | +3,62% | +2,16% | -6,26% | -4,46%",,3ddías,9.553.708,9.354.703 | 9.318.516 | 9.219.613 | 9.351.403 | 10.192.045 | 10.000.000,Mediocampista
Sergio Martínez,Racing,0 | 0 | 0 | 0 | 0 | +2.606,"0,00% | 0,00% | 0,00% | 0,00% | 0,00% | +0,37%",,20ddías,702.606,702.606 | 702.606 | 702.606 | 702.606 | 702.606 | 700.000,Mediocampista
Gueye,Racing,-61.500 | -152.704 | -228.854 | -604.455 | -1.495.832 | -2.122.151,"-1,25% | -3,04% | -4,48% | -11,03% | -23,47% | -30,32%",,20ddías,4.877.849,4.939.349 | 5.030.553 | 5.106.703 | 5.482.304 | 6.373.681 | 7.000.000,Mediocampista
Crespo,Racing,0 | 0 | 0 | 0 | 0 | +2.979,"0,00% | 0,00% | 0,00% | 0,00% | 0,00% | +0,37%",,20ddías,802.979,802.979 | 802.979 | 802.979 | 802.979 | 802.979 | 800.000,Defensa
Facundo GonzálezFacu González,Racing,0 | 0 | 0 | 0 | 0 | +13.040,"0,00% | 0,00% | 0,00% | 0,00% | 0,00% | +0,37%",,20ddías,3.513.040,3.513.040 | 3.513.040 | 3.513.040 | 3.513.040 | 3.513.040 | 3.500.000,Defensa
Carlos Sánchez,Racing,0 | 0 | 0 | 0 | 0 | +2.606,"0,00% | 0,00% | 0,00% | 0,00% | 0,00% | +0,37%",,20ddías,702.606,702.606 | 702.606 | 702.606 | 702.606 | 702.606 | 700.000,Defensa
Salinas,Racing,0 | 0 | 0 | 0 | 0 | +22.356,"0,00% | 0,00% | 0,00% | 0,00% | 0,00% | +0,37%",,20ddías,6.022.356,6.022.356 | 6.022.356 | 6.022.356 | 6.022.356 | 6.022.356 | 6.000.000,Defensa
Camara,Racing,-18.396 | -41.258 | -56.264 | -129.175 | -316.792 | -673.669,"-1,76% | -3,86% | -5,20% | -11,18% | -23,59% | -39,63%",,24ddías,1.026.331,1.044.727 | 1.067.589 | 1.082.595 | 1.155.506 | 1.343.123 | 1.700.000,Defensa
Hernando,Racing,-20.850 | -53.736 | -83.621 | -247.858 | -687.418 | -1.423.066,"-0,99% | -2,52% | -3,87% | -10,66% | -24,87% | -40,66%",,24ddías,2.076.934,2.097.784 | 2.130.670 | 2.160.555 | 2.324.792 | 2.764.352 | 3.500.000,Defensa
Sainz-Maza,Racing,-23.537 | -52.860 | -80.301 | -201.285 | -477.948 | -903.881,"-2,10% | -4,60% | -6,83% | -15,51% | -30,36% | -45,19%",,24ddías,1.096.119,1.119.656 | 1.148.979 | 1.176.420 | 1.297.404 | 1.574.067 | 2.000.000,Defensa
Mantilla,Racing,+6.904 | +3.247 | -303 | -23.340 | -278.824 | -859.105,"+0,32% | +0,15% | -0,01% | -1,08% | -11,52% | -28,64%",,1ddías,2.140.895,2.133.991 | 2.137.648 | 2.141.198 | 2.164.235 | 2.419.719 | 3.000.000,Defensa
Laro Gómez,Racing,0 | 0 | 0 | 0 | 0 | +2.234,"0,00% | 0,00% | 0,00% | 0,00% | 0,00% | +0,37%",,20ddías,602.234,602.234 | 602.234 | 602.234 | 602.234 | 602.234 | 600.000,Portero
Jiménez,Racing,0 | 0 | 0 | 0 | 0 | +2.234,"0,00% | 0,00% | 0,00% | 0,00% | 0,00% | +0,37%",,20ddías,602.234,602.234 | 602.234 | 602.234 | 602.234 | 602.234 | 600.000,Portero
Guliashvili,Racing,-105.842 | -219.825 | -329.332 | -809.842 | -1.809.011 | -3.071.335,"-2,99% | -6,03% | -8,76% | -19,11% | -34,54% | -47,25%",,24ddías,3.428.665,3.534.507 | 3.648.490 | 3.757.997 | 4.238.507 | 5.237.676 | 6.500.000,Delantero
Lorenzo,Málaga,-53.807 | -88.893 | -126.517 | -258.194 | -1.229.822 | -2.640.532,"-0,64% | -1,05% | -1,49% | -3,00% | -12,82% | -24,00%",,5ddías,8.359.468,8.413.275 | 8.448.361 | 8.485.985 | 8.617.662 | 9.589.290 | 11.000.000,Mediocampista
Dani Sánchez,Málaga,-21.537 | -47.935 | -74.663 | -186.740 | -436.002 | -949.662,"-2,01% | -4,36% | -6,64% | -15,10% | -29,33% | -47,48%",,24ddías,1.050.338,1.071.875 | 1.098.273 | 1.125.001 | 1.237.078 | 1.486.340 | 2.000.000,Defensa
Recio,Málaga,0 | 0 | 0 | 0 | 0 | +2.810,"0,00% | 0,00% | 0,00% | 0,00% | 0,00% | +0,37%",,20ddías,752.810,752.810 | 752.810 | 752.810 | 752.810 | 752.810 | 750.000,Defensa
Pastor,Málaga,0 | 0 | 0 | 0 | 0 | -10.884,"0,00% | 0,00% | 0,00% | 0,00% | 0,00% | -2,72%",,20ddías,389.116,389.116 | 389.116 | 389.116 | 389.116 | 389.116 | 400.000,Defensa
Arriaza,Málaga,0 | 0 | 0 | 0 | 0 | +1.498,"0,00% | 0,00% | 0,00% | 0,00% | 0,00% | +0,37%",,20ddías,401.498,401.498 | 401.498 | 401.498 | 401.498 | 401.498 | 400.000,Defensa
Moussa,Málaga,0 | 0 | 0 | 0 | 0 | +1.498,"0,00% | 0,00% | 0,00% | 0,00% | 0,00% | +0,37%",,20ddías,401.498,401.498 | 401.498 | 401.498 | 401.498 | 401.498 | 400.000,Defensa
Merino,Málaga,-100.409 | -232.456 | -287.294 | -706.621 | -1.739.047 | -2.528.440,"-1,33% | -3,02% | -3,70% | -8,64% | -18,88% | -25,28%",,20ddías,7.471.560,7.571.969 | 7.704.016 | 7.758.854 | 8.178.181 | 9.210.607 | 10.000.000,Mediocampista
Rafa Rodríguez,Málaga,0 | 0 | 0 | 0 | 0 | -229.574,"0,00% | 0,00% | 0,00% | 0,00% | 0,00% | -3,53%",,20ddías,6.270.426,6.270.426 | 6.270.426 | 6.270.426 | 6.270.426 | 6.270.426 | 6.500.000,Mediocampista
Haitam,Málaga,-5.500 | -11.988 | -16.450 | -38.533 | -86.857 | -207.430,"-1,10% | -2,38% | -3,23% | -7,26% | -14,99% | -29,63%",,24ddías,492.570,498.070 | 504.558 | 509.020 | 531.103 | 579.427 | 700.000,Delantero
Ochoa,Málaga,0 | 0 | 0 | 0 | 0 | +13.040,"0,00% | 0,00% | 0,00% | 0,00% | 0,00% | +0,37%",,20ddías,3.513.040,3.513.040 | 3.513.040 | 3.513.040 | 3.513.040 | 3.513.040 | 3.500.000,Mediocampista
Enríquez,Málaga,-27.256 | -53.958 | -76.565 | -172.869 | -431.365 | -867.090,"-2,35% | -4,55% | -6,33% | -13,24% | -27,58% | -43,35%",,24ddías,1.132.910,1.160.166 | 1.186.868 | 1.209.475 | 1.305.779 | 1.564.275 | 2.000.000,Mediocampista
Juanpe,Málaga,0 | 0 | 0 | 0 | 0 | -18.069,"0,00% | 0,00% | 0,00% | 0,00% | 0,00% | -3,01%",,20ddías,581.931,581.931 | 581.931 | 581.931 | 581.931 | 581.931 | 600.000,Mediocampista
Joaquín,Málaga,-139.230 | -324.142 | -498.978 | -1.231.306 | -2.832.340 | -4.964.696,"-1,52% | -3,46% | -5,23% | -11,99% | -23,87% | -35,46%",,24ddías,9.035.304,9.174.534 | 9.359.446 | 9.534.282 | 10.266.610 | 11.867.644 | 14.000.000,Delantero
Lobete,Málaga,-23.375 | -53.444 | -81.424 | -206.735 | -460.270 | -844.270,"-1,98% | -4,42% | -6,58% | -15,17% | -28,48% | -42,21%",,24ddías,1.155.730,1.179.105 | 1.209.174 | 1.237.154 | 1.362.465 | 1.616.000 | 2.000.000,Delantero
Jauregi,Málaga,0 | 0 | 0 | 0 | 0 | +5.774,"0,00% | 0,00% | 0,00% | 0,00% | 0,00% | +0,37%",,20ddías,1.555.774,1.555.774 | 1.555.774 | 1.555.774 | 1.555.774 | 1.555.774 | 1.550.000,Delantero
Arana,Racing,-10.522 | -25.364 | -39.075 | -105.184 | -278.004 | -515.891,"-1,06% | -2,51% | -3,82% | -9,66% | -22,03% | -34,39%",,24ddías,984.109,994.631 | 1.009.473 | 1.023.184 | 1.089.293 | 1.262.113 | 1.500.000,Delantero
Canales,Racing,0 | 0 | 0 | 0 | 0 | +37.262,"0,00% | 0,00% | 0,00% | 0,00% | 0,00% | +0,37%",,20ddías,10.037.262,10.037.262 | 10.037.262 | 10.037.262 | 10.037.262 | 10.037.262 | 10.000.000,Delantero
Rafa GarridoRafita,Málaga,0 | 0 | 0 | 0 | 0 | +18.744,"0,00% | 0,00% | 0,00% | 0,00% | 0,00% | +0,37%",,20ddías,5.018.744,5.018.744 | 5.018.744 | 5.018.744 | 5.018.744 | 5.018.744 | 5.000.000,Defensa
Manuel Pellegrini,Betis,-262.113 | -529.278 | -818.213 | -989.583 | +494.906 | +513.283,"-3,37% | -6,58% | -9,82% | -11,64% | 0% | +7,33%",,6ddías,7.513.283,7.775.396 | 8.042.561 | 8.331.496 | 8.502.866 | 0 | 7.000.000,
Carlos Corberán,Valencia,-27.601 | -57.112 | -85.557 | -70.206 | +120.656 | +123.017,"-2,63% | -5,29% | -7,72% | -6,42% | 0% | +13,67%",,6ddías,1.023.017,1.050.618 | 1.080.129 | 1.108.574 | 1.093.223 | 0 | 900.000,
Luis García,Sevilla,-41.798 | -86.098 | -129.947 | +391.988 | +561.642 | +563.741,"-2,97% | -5,94% | -8,70% | +40,34% | 0% | +70,47%",,3ddías,1.363.741,1.405.539 | 1.449.839 | 1.493.688 | 971.753 | 0 | 800.000,
Pellegrino Matarazzo,Real Sociedad,-269.460 | -561.544 | -866.986 | +1.093.039 | +2.153.389 | +2.166.515,"-3,62% | -7,27% | -10,79% | +18,00% | 0% | +43,33%",,4ddías,7.166.515,7.435.975 | 7.728.059 | 8.033.501 | 6.073.476 | 0 | 5.000.000,
José Mourinho,Real Madrid,-649.588 | +1.594.997 | +4.057.040 | +11.287.216 | 0 | 0,"-2,56% | +6,89% | +19,61% | +83,85% | 0% | 0%",,1ddías,24.748.491,25.398.079 | 23.153.494 | 20.691.451 | 13.461.275 | 0 | 0,
Beñat San José,Rayo,+238.268 | +440.280 | +661.863 | +1.312.575 | 0 | 0,"+10,42% | +21,13% | +35,54% | +108,34% | 0% | 0%",,8ddías,2.524.089,2.285.821 | 2.083.809 | 1.862.226 | 1.211.514 | 0 | 0,
José Alberto López,Racing,-50.307 | -103.470 | +74.261 | +596.196 | +765.850 | +767.949,"-3,11% | -6,19% | +4,97% | +61,35% | 0% | +95,99%",,2ddías,1.567.949,1.618.256 | 1.671.419 | 1.493.688 | 971.753 | 0 | 800.000,
Luis Miguel Ramis,Osasuna,+238.268 | +440.280 | +661.863 | +1.312.575 | 0 | 0,"+10,42% | +21,13% | +35,54% | +108,34% | 0% | 0%",,8ddías,2.524.089,2.285.821 | 2.083.809 | 1.862.226 | 1.211.514 | 0 | 0,
Juan Funes,Málaga,-77.250 | +125.292 | +347.457 | +999.878 | +1.211.947 | +1.214.572,"-3,37% | +6,00% | +18,61% | +82,32% | 0% | +121,46%",,1ddías,2.214.572,2.291.822 | 2.089.280 | 1.867.115 | 1.214.694 | 0 | 1.000.000,
Luis Castro,Levante,-75.986 | -155.898 | -236.843 | +362.208 | +680.311 | +684.248,"-3,36% | -6,66% | -9,78% | +19,88% | 0% | +45,62%",,4ddías,2.184.248,2.260.234 | 2.340.146 | 2.421.091 | 1.822.040 | 0 | 1.500.000,
Pepe Bordalás,Getafe,+3.578.834 | +26.495.578 | +27.709.575 | +33.263.909 | +32.899.105 | +32.912.231,"+10,42% | +232,08% | +271,59% | +715,61% | 0% | +658,24%",,6ddías,37.912.231,34.333.397 | 11.416.653 | 10.202.656 | 4.648.322 | 0 | 5.000.000,
Manolo González,Espanyol,-63.775 | -130.967 | -198.663 | +69.145 | +387.248 | +391.185,"-3,26% | -6,48% | -9,51% | +3,79% | 0% | +26,08%",,5ddías,1.891.185,1.954.960 | 2.022.152 | 2.089.848 | 1.822.040 | 0 | 1.500.000,
Martín Anselmi,Elche,+238.268 | +440.280 | +661.863 | +1.312.575 | 0 | 0,"+10,42% | +21,13% | +35,54% | +108,34% | 0% | 0%",,8ddías,2.524.089,2.285.821 | 2.083.809 | 1.862.226 | 1.211.514 | 0 | 0,
Antonio Hidalgo,Deportivo,-106.467 | -218.130 | +115.117 | +1.093.749 | +1.411.852 | +1.415.789,"-3,52% | -6,96% | +4,11% | +60,03% | 0% | +94,39%",,2ddías,2.915.789,3.022.256 | 3.133.919 | 2.800.672 | 1.822.040 | 0 | 1.500.000,
Claudio Giráldez,Celta,-143.021 | -304.107 | -470.283 | -1.193.235 | -931.560 | -918.434,"-3,39% | -6,93% | -10,33% | -22,62% | 0% | -18,37%",,8ddías,4.081.566,4.224.587 | 4.385.673 | 4.551.849 | 5.274.801 | 0 | 5.000.000,
Hansi Flick,Barcelona,-420.197 | -887.486 | -1.326.861 | -3.457.506 | -276.456 | -237.074,"-2,77% | -5,67% | -8,25% | -18,98% | 0% | -1,58%",,7ddías,14.762.926,15.183.123 | 15.650.412 | 16.089.787 | 18.220.432 | 0 | 15.000.000,
Santi Franco,Racing,0 | 0 | 0 | 0 | 0 | +2.606,"0,00% | 0,00% | 0,00% | 0,00% | 0,00% | +0,37%",,20ddías,702.606,702.606 | 702.606 | 702.606 | 702.606 | 702.606 | 700.000,Delantero
Dumfries,Real Madrid,+1.833.175 | +3.076.980 | +4.486.264 | +9.792.636 | 0 | 0,"+3,32% | +5,70% | +8,53% | +20,71% | 0% | 0%",,11ddías,57.085.601,55.252.426 | 54.008.621 | 52.599.337 | 47.292.965 | 0 | 0,Defensa
Diego Diaz,Racing,0 | 0 | 0 | 0 | 0 | +2.234,"0,00% | 0,00% | 0,00% | 0,00% | 0,00% | +0,37%",,20ddías,602.234,602.234 | 602.234 | 602.234 | 602.234 | 602.234 | 600.000,Delantero
Santaella,Málaga,0 | 0 | 0 | 0 | 0 | +1.498,"0,00% | 0,00% | 0,00% | 0,00% | 0,00% | +0,37%",,16ddías,401.498,401.498 | 401.498 | 401.498 | 401.498 | 401.498 | 400.000,Defensa
Vallecillo,Racing,0 | 0 | 0 | 0 | 0 | -22.060,"0,00% | 0,00% | 0,00% | 0,00% | 0,00% | -3,15%",,16ddías,677.940,677.940 | 677.940 | 677.940 | 677.940 | 677.940 | 700.000,Mediocampista
Chupete,Málaga,+1.669.554 | +2.730.456 | +4.057.973 | +9.437.484 | +15.507.580 | 0,"+4,38% | +7,36% | +11,35% | +31,07% | +63,80% | 0%",,15ddías,39.812.445,38.142.891 | 37.081.989 | 35.754.472 | 30.374.961 | 24.304.865 | 0,Delantero
Larrubia,Málaga,+1.729.298 | +2.977.825 | +4.317.258 | +9.151.875 | +14.324.841 | 0,"+4,31% | +7,67% | +11,51% | +28,01% | +52,10% | 0%",,14ddías,41.820.685,40.091.387 | 38.842.860 | 37.503.427 | 32.668.810 | 27.495.844 | 0,Mediocampista
Yeremay,Deportivo,+1.833.958 | +3.523.744 | +5.840.303 | +13.597.063 | +19.415.591 | 0,"+3,78% | +7,51% | +13,10% | +36,93% | +62,63% | 0%",,12ddías,50.415.591,48.581.633 | 46.891.847 | 44.575.288 | 36.818.528 | 31.000.000 | 0,Delantero
Hartman,Espanyol,-273.392 | -541.607 | -800.737 | -1.925.687 | 0 | 0,"-2,26% | -4,38% | -6,34% | -14,01% | 0% | 0%",,8ddías,11.819.866,12.093.258 | 12.361.473 | 12.620.603 | 13.745.553 | 0 | 0,Defensa
Diego Simeone,Atlético,-326.864 | -657.253 | -988.837 | -2.647.890 | -527.190 | -500.936,"-3,33% | -6,47% | -9,43% | -21,80% | 0% | -5,01%",,7ddías,9.499.064,9.825.928 | 10.156.317 | 10.487.901 | 12.146.954 | 0 | 10.000.000,
Cucurella,Real Madrid,+2.896.305 | +3.018.877 | +1.409.583 | 0 | 0 | 0,"+5,93% | +6,20% | +2,80% | 0% | 0% | 0%",,2ddías,51.710.364,48.814.059 | 48.691.487 | 50.300.781 | 0 | 0 | 0,Defensa
Konaté,Real Madrid,+757.648 | +597.585 | -351.804 | 0 | 0 | 0,"+2,66% | +2,08% | -1,19% | 0% | 0% | 0%",,1ddías,29.269.767,28.512.119 | 28.672.182 | 29.621.571 | 0 | 0 | 0,Defensa
Aubameyang,Deportivo,-413.618 | 0 | 0 | 0 | 0 | 0,"-3,28% | 0% | 0% | 0% | 0% | 0%",,1ddías,12.201.234,12.614.852 | 0 | 0 | 0 | 0 | 0,Delantero
Calatrava,Espanyol,-3.274 | -42.075 | -149.360 | 0 | 0 | 0,"-0,10% | -1,30% | -4,45% | 0% | 0% | 0%",,3ddías,3.204.025,3.207.299 | 3.246.100 | 3.353.385 | 0 | 0 | 0,Delantero
Quique Sánchez,Alavés,-41.798 | -86.098 | -129.947 | +391.988 | +561.642 | +563.741,"-2,97% | -5,94% | -8,70% | +40,34% | 0% | +70,47%",,3ddías,1.363.741,1.405.539 | 1.449.839 | 1.493.688 | 971.753 | 0 | 800.000,
Edin Terzic,Athletic,+1.429.615 | +2.641.690 | +3.971.192 | +7.875.484 | 0 | 0,"+10,42% | +21,13% | +35,54% | +108,34% | 0% | 0%",,8ddías,15.144.571,13.714.956 | 12.502.881 | 11.173.379 | 7.269.087 | 0 | 0,
Galilea,Málaga,0 | 0 | 0 | 0 | 0 | +15.932,"0,00% | 0,00% | 0,00% | 0,00% | 0,00% | +0,37%",,20ddías,4.265.932,4.265.932 | 4.265.932 | 4.265.932 | 4.265.932 | 4.265.932 | 4.250.000,Defensa
Murillo,Málaga,-99.198 | -204.761 | -310.345 | -750.103 | -1.652.653 | -2.641.980,"-2,87% | -5,75% | -8,46% | -18,26% | -32,98% | -44,03%",,24ddías,3.358.020,3.457.218 | 3.562.781 | 3.668.365 | 4.108.123 | 5.010.673 | 6.000.000,Defensa
Aitor Mañas,Alavés,0 | 0 | 0 | 0 | 0 | -37.836,"0,00% | 0,00% | 0,00% | 0,00% | 0,00% | -6,31%",,21ddías,562.164,562.164 | 562.164 | 562.164 | 562.164 | 562.164 | 600.000,Delantero
Palacios,Real Madrid,0 | 0 | 0 | 0 | 0 | +2.979,"0,00% | 0,00% | 0,00% | 0,00% | 0,00% | +0,37%",,21ddías,802.979,802.979 | 802.979 | 802.979 | 802.979 | 802.979 | 800.000,Mediocampista
Lookman,Atlético,+1.683.313 | +2.812.396 | +4.669.443 | +10.024.337 | +27.005.542 | +27.005.542,"+2,88% | +4,91% | +8,42% | +20,01% | 0% | +81,54%",,11ddías,60.126.807,58.443.494 | 57.314.411 | 55.457.364 | 50.102.470 | 0 | 33.121.265,Delantero
Tete Morente,Elche,-69.919 | -154.729 | -236.160 | -596.272 | -1.356.758 | -2.609.256,"-2,36% | -5,08% | -7,55% | -17,10% | -31,94% | -47,44%",,24ddías,2.890.744,2.960.663 | 3.045.473 | 3.126.904 | 3.487.016 | 4.247.502 | 5.500.000,Delantero
Fidalgo,Betis,-61.516 | -126.193 | -174.800 | -428.335 | -953.589 | -1.556.767,"-1,76% | -3,54% | -4,83% | -11,06% | -21,69% | -31,14%",,21ddías,3.443.233,3.504.749 | 3.569.426 | 3.618.033 | 3.871.568 | 4.396.822 | 5.000.000,Mediocampista
Koski,Alavés,0 | 0 | 0 | 0 | 0 | +3.089,"0,00% | 0,00% | 0,00% | 0,00% | 0,00% | +0,39%",,21ddías,803.089,803.089 | 803.089 | 803.089 | 803.089 | 803.089 | 800.000,Defensa
Freeman,Villarreal,-49.601 | -114.987 | -160.072 | -417.518 | -999.131 | -1.780.574,"-1,52% | -3,45% | -4,74% | -11,48% | -23,68% | -35,61%",,24ddías,3.219.426,3.269.027 | 3.334.413 | 3.379.498 | 3.636.944 | 4.218.557 | 5.000.000,Defensa
Cepeda,Elche,-26.956 | -45.849 | -71.258 | -211.007 | -514.288 | -1.156.507,"-1,97% | -3,30% | -5,04% | -13,57% | -27,68% | -46,26%",,24ddías,1.343.493,1.370.449 | 1.389.342 | 1.414.751 | 1.554.500 | 1.857.781 | 2.500.000,Delantero
Ángel Pérez,Alavés,-188.638 | -398.188 | -571.410 | -1.456.947 | -3.278.309 | -6.370.897,"-2,14% | -4,41% | -6,21% | -14,45% | -27,53% | -42,47%",,24ddías,8.629.103,8.817.741 | 9.027.291 | 9.200.513 | 10.086.050 | 11.907.412 | 15.000.000,Delantero
Boselli,Getafe,0 | 0 | 0 | 0 | 0 | -106.001,"0,00% | 0,00% | 0,00% | 0,00% | 0,00% | -3,53%",,21ddías,2.893.999,2.893.999 | 2.893.999 | 2.893.999 | 2.893.999 | 2.893.999 | 3.000.000,Defensa
Romero,Getafe,0 | 0 | 0 | 0 | 0 | +116.266,"0,00% | 0,00% | 0,00% | 0,00% | 0,00% | +0,39%",,21ddías,30.116.266,30.116.266 | 30.116.266 | 30.116.266 | 30.116.266 | 30.116.266 | 30.000.000,Defensa
Mesonero,Real Madrid,0 | 0 | 0 | 0 | 0 | +2.606,"0,00% | 0,00% | 0,00% | 0,00% | 0,00% | +0,37%",,21ddías,702.606,702.606 | 702.606 | 702.606 | 702.606 | 702.606 | 700.000,Mediocampista
A. Riquelme,Getafe,0 | 0 | 0 | 0 | 0 | +2.324,"0,00% | 0,00% | 0,00% | 0,00% | 0,00% | +0,39%",,21ddías,602.324,602.324 | 602.324 | 602.324 | 602.324 | 602.324 | 600.000,Mediocampista
Álex Sánchez,Elche,0 | 0 | 0 | 0 | 0 | +2.324,"0,00% | 0,00% | 0,00% | 0,00% | 0,00% | +0,39%",,21ddías,602.324,602.324 | 602.324 | 602.324 | 602.324 | 602.324 | 600.000,Mediocampista
Burcio,Celta,0 | 0 | 0 | 0 | 0 | +2.257,"0,00% | 0,00% | 0,00% | 0,00% | 0,00% | +0,38%",,21ddías,602.257,602.257 | 602.257 | 602.257 | 602.257 | 602.257 | 600.000,Mediocampista
Julio Díaz,Sevilla,+2.983 | -1.603 | -3.988 | -16.331 | -40.012 | -144.617,"+0,66% | -0,35% | -0,87% | -3,46% | -8,08% | -24,10%",,1ddías,455.383,452.400 | 456.986 | 459.371 | 471.714 | 495.395 | 600.000,Defensa
Manuel Ángel,Real Madrid,0 | 0 | 0 | 0 | 0 | +2.606,"0,00% | 0,00% | 0,00% | 0,00% | 0,00% | +0,37%",,21ddías,702.606,702.606 | 702.606 | 702.606 | 702.606 | 702.606 | 700.000,Mediocampista
Vecino,Celta,-92.713 | -188.427 | -284.714 | -685.716 | -1.533.859 | -2.878.671,"-2,88% | -5,69% | -8,36% | -18,01% | -32,95% | -47,98%",,24ddías,3.121.329,3.214.042 | 3.309.756 | 3.406.043 | 3.807.045 | 4.655.188 | 6.000.000,Mediocampista
Cestero,Real Madrid,0 | 0 | 0 | 0 | 0 | +2.234,"0,00% | 0,00% | 0,00% | 0,00% | 0,00% | +0,37%",,21ddías,602.234,602.234 | 602.234 | 602.234 | 602.234 | 602.234 | 600.000,Mediocampista
Hierro,Athletic,0 | 0 | 0 | 0 | 0 | +2.257,"0,00% | 0,00% | 0,00% | 0,00% | 0,00% | +0,38%",,21ddías,602.257,602.257 | 602.257 | 602.257 | 602.257 | 602.257 | 600.000,Delantero
Dani Martínez,Atlético,-4.109 | -9.149 | -12.102 | -20.682 | -52.061 | -140.812,"-0,89% | -1,95% | -2,57% | -4,31% | -10,18% | -23,47%",,4ddías,459.188,463.297 | 468.337 | 471.290 | 479.870 | 511.249 | 600.000,Defensa
Boñar,Atlético,-6.222 | -10.405 | -15.523 | -40.515 | -95.226 | -190.102,"-1,21% | -2,00% | -2,95% | -7,36% | -15,74% | -27,16%",,18ddías,509.898,516.120 | 520.303 | 525.421 | 550.413 | 605.124 | 700.000,Defensa
Puric,Atlético,-5.494 | -11.977 | -16.434 | -38.492 | -86.761 | -207.558,"-1,10% | -2,37% | -3,23% | -7,25% | -14,98% | -29,65%",,24ddías,492.442,497.936 | 504.419 | 508.876 | 530.934 | 579.203 | 700.000,Defensa
Marqués,Barcelona,0 | 0 | 0 | 0 | 0 | +2.319,"0,00% | 0,00% | 0,00% | 0,00% | 0,00% | +0,39%",,21ddías,602.319,602.319 | 602.319 | 602.319 | 602.319 | 602.319 | 600.000,Defensa
Arcos,Celta,0 | 0 | 0 | 0 | 0 | +2.257,"0,00% | 0,00% | 0,00% | 0,00% | 0,00% | +0,38%",,21ddías,602.257,602.257 | 602.257 | 602.257 | 602.257 | 602.257 | 600.000,Mediocampista
Montes,Getafe,0 | 0 | 0 | 0 | 0 | +2.319,"0,00% | 0,00% | 0,00% | 0,00% | 0,00% | +0,39%",,21ddías,602.319,602.319 | 602.319 | 602.319 | 602.319 | 602.319 | 600.000,Defensa
Gaitán,Villarreal,0 | 0 | 0 | 0 | 0 | +2.292,"0,00% | 0,00% | 0,00% | 0,00% | 0,00% | +0,38%",,21ddías,602.292,602.292 | 602.292 | 602.292 | 602.292 | 602.292 | 600.000,Mediocampista
Ferran,Espanyol,0 | 0 | 0 | 0 | 0 | +2.248,"0,00% | 0,00% | 0,00% | 0,00% | 0,00% | +0,37%",,21ddías,602.248,602.248 | 602.248 | 602.248 | 602.248 | 602.248 | 600.000,Mediocampista
Tunde,Levante,0 | 0 | 0 | 0 | 0 | +31.892,"0,00% | 0,00% | 0,00% | 0,00% | 0,00% | +0,38%",,21ddías,8.531.892,8.531.892 | 8.531.892 | 8.531.892 | 8.531.892 | 8.531.892 | 8.500.000,Mediocampista
Kita,R. Sociedad B,0 | 0 | 0 | 0 | 0 | +2.234,"0,00% | 0,00% | 0,00% | 0,00% | 0,00% | +0,37%",,21ddías,602.234,602.234 | 602.234 | 602.234 | 602.234 | 602.234 | 600.000,Defensa
Astiazaran,R. Sociedad B,0 | 0 | 0 | 0 | 0 | +2.257,"0,00% | 0,00% | 0,00% | 0,00% | 0,00% | +0,38%",,21ddías,602.257,602.257 | 602.257 | 602.257 | 602.257 | 602.257 | 600.000,Mediocampista
Aguirre,R. Sociedad B,0 | 0 | 0 | 0 | 0 | +2.257,"0,00% | 0,00% | 0,00% | 0,00% | 0,00% | +0,38%",,21ddías,602.257,602.257 | 602.257 | 602.257 | 602.257 | 602.257 | 600.000,Mediocampista
Fontanet,Valencia,0 | 0 | 0 | 0 | 0 | -18.013,"0,00% | 0,00% | 0,00% | 0,00% | 0,00% | -3,00%",,21ddías,581.987,581.987 | 581.987 | 581.987 | 581.987 | 581.987 | 600.000,Defensa
Vargas,Atlético,-29.788 | -61.272 | -91.564 | -229.595 | -497.372 | -917.498,"-2,46% | -4,93% | -7,19% | -16,26% | -29,61% | -43,69%",,24ddías,1.182.502,1.212.290 | 1.243.774 | 1.274.066 | 1.412.097 | 1.679.874 | 2.100.000,Mediocampista
Sangaré,Elche,0 | 0 | 0 | 0 | 0 | +15.501,"0,00% | 0,00% | 0,00% | 0,00% | 0,00% | +0,39%",,21ddías,4.015.501,4.015.501 | 4.015.501 | 4.015.501 | 4.015.501 | 4.015.501 | 4.000.000,Defensa
Puga,Málaga,-137.159 | -252.998 | -347.845 | -753.309 | -1.630.770 | -2.547.810,"-2,08% | -3,77% | -5,12% | -10,45% | -20,18% | -28,31%",,19ddías,6.452.190,6.589.349 | 6.705.188 | 6.800.035 | 7.205.499 | 8.082.960 | 9.000.000,Defensa
Patino,Deportivo,-12.469 | -26.217 | -38.242 | -93.859 | -214.416 | -440.166,"-1,85% | -3,82% | -5,48% | -12,45% | -24,53% | -40,02%",,24ddías,659.834,672.303 | 686.051 | 698.076 | 753.693 | 874.250 | 1.100.000,Mediocampista
Riki,Deportivo,0 | 0 | 0 | 0 | 0 | +5.646,"0,00% | 0,00% | 0,00% | 0,00% | 0,00% | +0,38%",,21ddías,1.505.646,1.505.646 | 1.505.646 | 1.505.646 | 1.505.646 | 1.505.646 | 1.500.000,Mediocampista
Rubén López,Deportivo,0 | 0 | 0 | 0 | 0 | +1.880,"0,00% | 0,00% | 0,00% | 0,00% | 0,00% | +0,38%",,21ddías,501.880,501.880 | 501.880 | 501.880 | 501.880 | 501.880 | 500.000,Mediocampista
Villares,Deportivo,-83.181 | -173.411 | -265.040 | -653.589 | -1.460.836 | -2.479.406,"-2,31% | -4,69% | -7,00% | -15,66% | -29,33% | -41,32%",,24ddías,3.520.594,3.603.775 | 3.694.005 | 3.785.634 | 4.174.183 | 4.981.430 | 6.000.000,Mediocampista
Jurado,Deportivo,-44.093 | -89.950 | -135.900 | -342.207 | -773.583 | -1.436.091,"-2,74% | -5,44% | -8,00% | -17,95% | -33,09% | -47,87%",,24ddías,1.563.909,1.608.002 | 1.653.859 | 1.699.809 | 1.906.116 | 2.337.492 | 3.000.000,Mediocampista
Mella,Deportivo,-50.237 | -116.734 | -171.752 | -403.478 | -898.360 | -444.543,"-1,39% | -3,18% | -4,61% | -10,19% | -20,17% | -11,11%",,14ddías,3.555.457,3.605.694 | 3.672.191 | 3.727.209 | 3.958.935 | 4.453.817 | 4.000.000,Mediocampista
Mario,Deportivo,+384.424 | +671.388 | +1.071.739 | +2.260.079 | +3.849.901 | +5.308.998,"+1,93% | +3,42% | +5,57% | +12,52% | +23,39% | +35,39%",,23ddías,20.308.998,19.924.574 | 19.637.610 | 19.237.259 | 18.048.919 | 16.459.097 | 15.000.000,Mediocampista
Luismi,Deportivo,-146.791 | -297.548 | -411.447 | -1.014.100 | -2.048.988 | -2.016.361,"-2,06% | -4,09% | -5,56% | -12,68% | -22,68% | -22,40%",,19ddías,6.983.639,7.130.430 | 7.281.187 | 7.395.086 | 7.997.739 | 9.032.627 | 9.000.000,Delantero
Pablo García,Deportivo,-6.149 | -8.401 | -728 | -22.786 | -71.055 | -191.852,"-1,20% | -1,63% | -0,14% | -4,29% | -12,27% | -27,41%",,2ddías,508.148,514.297 | 516.549 | 508.876 | 530.934 | 579.203 | 700.000,Defensa
Bil Nsongo,Deportivo,0 | 0 | 0 | 0 | 0 | +24.473,"0,00% | 0,00% | 0,00% | 0,00% | 0,00% | +0,38%",,21ddías,6.524.473,6.524.473 | 6.524.473 | 6.524.473 | 6.524.473 | 6.524.473 | 6.500.000,Delantero
Eddahchouri,Deportivo,-38.461 | -89.218 | -135.059 | -327.238 | -771.380 | -1.443.655,"-1,48% | -3,37% | -5,02% | -11,35% | -23,18% | -36,09%",,24ddías,2.556.345,2.594.806 | 2.645.563 | 2.691.404 | 2.883.583 | 3.327.725 | 4.000.000,Delantero
Osorio,Elche,0 | 0 | 0 | 0 | 0 | +5.425,"0,00% | 0,00% | 0,00% | 0,00% | 0,00% | +0,39%",,20ddías,1.405.425,1.405.425 | 1.405.425 | 1.405.425 | 1.405.425 | 1.405.425 | 1.400.000,Delantero
Herrero,Málaga,+235.425 | +337.492 | +430.248 | +795.095 | +491.056 | +980.705,"+3,49% | +5,08% | +6,57% | +12,85% | +7,57% | +16,35%",,8ddías,6.980.705,6.745.280 | 6.643.213 | 6.550.457 | 6.185.610 | 6.489.649 | 6.000.000,Portero
Carlos López,Málaga,-2.268 | -5.390 | -5.130 | -11.448 | -25.158 | -84.989,"-0,54% | -1,28% | -1,22% | -2,68% | -5,72% | -17,00%",,2ddías,415.011,417.279 | 420.401 | 420.141 | 426.459 | 440.169 | 500.000,Portero
Céspedes,Málaga,0 | 0 | 0 | 0 | 0 | +1.498,"0,00% | 0,00% | 0,00% | 0,00% | 0,00% | +0,37%",,20ddías,401.498,401.498 | 401.498 | 401.498 | 401.498 | 401.498 | 400.000,Portero
Noé Carrillo,Deportivo,0 | 0 | 0 | 0 | 0 | +2.633,"0,00% | 0,00% | 0,00% | 0,00% | 0,00% | +0,38%",,21ddías,702.633,702.633 | 702.633 | 702.633 | 702.633 | 702.633 | 700.000,Mediocampista
Ximo,Deportivo,0 | 0 | 0 | 0 | 0 | +24.473,"0,00% | 0,00% | 0,00% | 0,00% | 0,00% | +0,38%",,21ddías,6.524.473,6.524.473 | 6.524.473 | 6.524.473 | 6.524.473 | 6.524.473 | 6.500.000,Defensa
Lamini Fati,Real Madrid,0 | 0 | 0 | 0 | 0 | -22.045,"0,00% | 0,00% | 0,00% | 0,00% | 0,00% | -3,15%",,21ddías,677.955,677.955 | 677.955 | 677.955 | 677.955 | 677.955 | 700.000,Defensa
Germán Parreño,Deportivo,0 | 0 | 0 | 0 | 0 | +2.633,"0,00% | 0,00% | 0,00% | 0,00% | 0,00% | +0,38%",,21ddías,702.633,702.633 | 702.633 | 702.633 | 702.633 | 702.633 | 700.000,Portero
Antañón,Celta,0 | 0 | 0 | 0 | 0 | -18.300,"0,00% | 0,00% | 0,00% | 0,00% | 0,00% | -3,05%",,21ddías,581.700,581.700 | 581.700 | 581.700 | 581.700 | 581.700 | 600.000,Mediocampista
Ochieng,Real Sociedad,0 | 0 | 0 | 0 | 0 | +2.633,"0,00% | 0,00% | 0,00% | 0,00% | 0,00% | +0,38%",,21ddías,702.633,702.633 | 702.633 | 702.633 | 702.633 | 702.633 | 700.000,Mediocampista
Morcillo,Atlético,0 | 0 | 0 | 0 | 0 | +2.702,"0,00% | 0,00% | 0,00% | 0,00% | 0,00% | +0,39%",,21ddías,702.702,702.702 | 702.702 | 702.702 | 702.702 | 702.702 | 700.000,Mediocampista
Cubo,Atlético,0 | 0 | 0 | 0 | 0 | +2.316,"0,00% | 0,00% | 0,00% | 0,00% | 0,00% | +0,39%",,21ddías,602.316,602.316 | 602.316 | 602.316 | 602.316 | 602.316 | 600.000,Delantero
Hugo Ríos,Deportivo,0 | 0 | 0 | 0 | 0 | +3.386,"0,00% | 0,00% | 0,00% | 0,00% | 0,00% | +0,38%",,21ddías,903.386,903.386 | 903.386 | 903.386 | 903.386 | 903.386 | 900.000,Portero
Puerto,Deportivo,-596 | -1.977 | -1.119 | +390 | +3.864 | -25.106,"-0,16% | -0,52% | -0,30% | +0,10% | +1,04% | -6,28%",,2ddías,374.894,375.490 | 376.871 | 376.013 | 374.504 | 371.030 | 400.000,Portero
Quagliata,Deportivo,+9.705 | +5.776 | +10.980 | -85.140 | -425.703 | -1.131.973,"+0,34% | +0,20% | +0,38% | -2,88% | -12,92% | -28,30%",,1ddías,2.868.027,2.858.322 | 2.862.251 | 2.857.047 | 2.953.167 | 3.293.730 | 4.000.000,Defensa
Barcia,Deportivo,-38.547 | -79.786 | -118.128 | -288.296 | -647.001 | -1.162.928,"-2,06% | -4,16% | -6,04% | -13,56% | -26,05% | -38,76%",,24ddías,1.837.072,1.875.619 | 1.916.858 | 1.955.200 | 2.125.368 | 2.484.073 | 3.000.000,Defensa
Loureiro,Deportivo,-29.849 | -83.166 | -115.181 | -317.102 | -615.841 | -598.898,"-0,76% | -2,09% | -2,87% | -7,52% | -13,63% | -13,31%",,9ddías,3.901.102,3.930.951 | 3.984.268 | 4.016.283 | 4.218.204 | 4.516.943 | 4.500.000,Defensa
Teijo,Deportivo,0 | 0 | 0 | 0 | 0 | +2.257,"0,00% | 0,00% | 0,00% | 0,00% | 0,00% | +0,38%",,21ddías,602.257,602.257 | 602.257 | 602.257 | 602.257 | 602.257 | 600.000,Defensa
Canedo,Deportivo,0 | 0 | 0 | 0 | 0 | +2.257,"0,00% | 0,00% | 0,00% | 0,00% | 0,00% | +0,38%",,21ddías,602.257,602.257 | 602.257 | 602.257 | 602.257 | 602.257 | 600.000,Defensa
Samu Fernández,Deportivo,0 | 0 | 0 | 0 | 0 | +2.633,"0,00% | 0,00% | 0,00% | 0,00% | 0,00% | +0,38%",,21ddías,702.633,702.633 | 702.633 | 702.633 | 702.633 | 702.633 | 700.000,Defensa
Noubi,Deportivo,+187.566 | +310.837 | +465.992 | +666.187 | +334.760 | +1.045.918,"+2,24% | +3,77% | +5,77% | +8,45% | +4,08% | +13,95%",,6ddías,8.545.918,8.358.352 | 8.235.081 | 8.079.926 | 7.879.731 | 8.211.158 | 7.500.000,Defensa
Comas,Deportivo,-24.605 | -55.102 | -83.107 | -213.291 | -489.319 | -944.010,"-2,28% | -4,96% | -7,30% | -16,80% | -31,66% | -47,20%",,24ddías,1.055.990,1.080.595 | 1.111.092 | 1.139.097 | 1.269.281 | 1.545.309 | 2.000.000,Defensa
Rubén Gómez,Villarreal,0 | 0 | 0 | 0 | 0 | +2.292,"0,00% | 0,00% | 0,00% | 0,00% | 0,00% | +0,38%",,21ddías,602.292,602.292 | 602.292 | 602.292 | 602.292 | 602.292 | 600.000,Portero
Iván Romero,Levante,-20.149 | -91.227 | -156.676 | -405.469 | -727.996 | -1.356.078,"-0,28% | -1,26% | -2,15% | -5,37% | -9,25% | -15,95%",,13ddías,7.143.922,7.164.071 | 7.235.149 | 7.300.598 | 7.549.391 | 7.871.918 | 8.500.000,Delantero
Cucho,Betis,+35.375 | +77.298 | +481.625 | +2.465.138 | +8.980.757 | +16.192.186,"+0,06% | +0,14% | +0,86% | +4,59% | +19,02% | +40,48%",,23ddías,56.192.186,56.156.811 | 56.114.888 | 55.710.561 | 53.727.048 | 47.211.429 | 40.000.000,Delantero
Oroz,Osasuna,-326.982 | -729.106 | -1.113.951 | -1.765.498 | -2.965.912 | -4.126.529,"-2,02% | -4,39% | -6,56% | -10,01% | -15,74% | -20,63%",,21ddías,15.873.471,16.200.453 | 16.602.577 | 16.987.422 | 17.638.969 | 18.839.383 | 20.000.000,Mediocampista
Isi,Rayo,-443.902 | -970.402 | -1.411.836 | -1.381.408 | +1.996.130 | +5.373.566,"-2,13% | -4,55% | -6,48% | -6,35% | +10,86% | +35,82%",,5ddías,20.373.566,20.817.468 | 21.343.968 | 21.785.402 | 21.754.974 | 18.377.436 | 15.000.000,Delantero
Pep Chavarría,Rayo,+320.170 | +548.143 | +903.959 | +2.563.662 | +4.566.744 | +6.274.853,"+1,78% | +3,09% | +5,20% | +16,32% | +33,31% | +52,29%",,23ddías,18.274.853,17.954.683 | 17.726.710 | 17.370.894 | 15.711.191 | 13.708.109 | 12.000.000,Defensa
Ratiu,Rayo,-746.791 | -1.642.542 | -2.485.869 | -5.866.619 | -18.923.768 | -18.923.768,"-1,81% | -3,90% | -5,79% | -12,66% | 0% | -31,87%",,10ddías,40.460.209,41.207.000 | 42.102.751 | 42.946.078 | 46.326.828 | 0 | 59.383.977,Defensa
Dimitrievski,Valencia,0 | 0 | 0 | 0 | 0 | +45.877,"0,00% | 0,00% | 0,00% | 0,00% | 0,00% | +0,38%",,21ddías,12.045.877,12.045.877 | 12.045.877 | 12.045.877 | 12.045.877 | 12.045.877 | 12.000.000,Portero
Iker Muñoz,Osasuna,-42.532 | -90.399 | -134.659 | -340.921 | -766.034 | -1.471.630,"-2,40% | -4,97% | -7,23% | -16,48% | -30,71% | -45,99%",,24ddías,1.728.370,1.770.902 | 1.818.769 | 1.863.029 | 2.069.291 | 2.494.404 | 3.200.000,Mediocampista
Herrando,Osasuna,-57.224 | -126.244 | -185.469 | -474.953 | -1.087.547 | -2.102.130,"-2,33% | -5,00% | -7,18% | -16,53% | -31,20% | -46,71%",,24ddías,2.397.870,2.455.094 | 2.524.114 | 2.583.339 | 2.872.823 | 3.485.417 | 4.500.000,Defensa
Catena,Osasuna,+2.549 | +114.959 | +594.306 | +3.448.234 | +7.711.514 | +10.908.952,"+0,01% | +0,28% | +1,47% | +9,20% | +23,23% | +36,36%",,22ddías,40.908.952,40.906.403 | 40.793.993 | 40.314.646 | 37.460.718 | 33.197.438 | 30.000.000,Defensa
Ibáñez,Alavés,-64.567 | -135.214 | -189.525 | -515.049 | -1.260.201 | -2.393.716,"-1,76% | -3,61% | -4,99% | -12,50% | -25,90% | -39,90%",,24ddías,3.606.284,3.670.851 | 3.741.498 | 3.795.809 | 4.121.333 | 4.866.485 | 6.000.000,Mediocampista
Budimir,Osasuna,-739.820 | -1.698.923 | -2.301.190 | -5.305.544 | +11.502.845 | +11.502.845,"-1,45% | -3,27% | -4,38% | -9,55% | 0% | +29,70%",,10ddías,50.227.643,50.967.463 | 51.926.566 | 52.528.833 | 55.533.187 | 0 | 38.724.798,Delantero
Moi Gómez,Osasuna,-65.690 | -132.562 | -187.760 | -488.786 | -1.086.078 | -2.228.920,"-2,32% | -4,57% | -6,35% | -14,99% | -28,16% | -44,58%",,24ddías,2.771.080,2.836.770 | 2.903.642 | 2.958.840 | 3.259.866 | 3.857.158 | 5.000.000,Mediocampista
Rubén GarcíaRubén G.,Osasuna,-113.886 | -305.556 | -476.684 | -1.006.711 | -2.200.566 | -3.738.746,"-0,79% | -2,10% | -3,23% | -6,59% | -13,37% | -20,77%",,21ddías,14.261.254,14.375.140 | 14.566.810 | 14.737.938 | 15.267.965 | 16.461.820 | 18.000.000,Mediocampista
Aitor,Osasuna,-10.724 | -22.655 | -32.787 | -80.009 | -183.525 | -382.039,"-1,71% | -3,54% | -5,04% | -11,46% | -22,90% | -38,20%",,24ddías,617.961,628.685 | 640.616 | 650.748 | 697.970 | 801.486 | 1.000.000,Portero
Areso,Athletic,-25.796 | -70.555 | -103.583 | -277.198 | -657.883 | -1.256.407,"-1,04% | -2,81% | -4,07% | -10,19% | -21,21% | -33,96%",,24ddías,2.443.593,2.469.389 | 2.514.148 | 2.547.176 | 2.720.791 | 3.101.476 | 3.700.000,Defensa
Kike Barja,Osasuna,0 | 0 | 0 | 0 | 0 | +10.828,"0,00% | 0,00% | 0,00% | 0,00% | 0,00% | +0,39%",,21ddías,2.810.828,2.810.828 | 2.810.828 | 2.810.828 | 2.810.828 | 2.810.828 | 2.800.000,Delantero
Moncayola,Osasuna,+7.423 | +9.472 | -18.961 | -112.909 | -368.784 | -484.020,"+0,13% | +0,17% | -0,34% | -2,01% | -6,27% | -8,07%",,2ddías,5.515.980,5.508.557 | 5.506.508 | 5.534.941 | 5.628.889 | 5.884.764 | 6.000.000,Mediocampista
Cárdenas,Rayo,-14.324 | -32.624 | -49.676 | -129.638 | -305.034 | -614.355,"-1,79% | -3,99% | -5,95% | -14,16% | -27,97% | -43,88%",,24ddías,785.645,799.969 | 818.269 | 835.321 | 915.283 | 1.090.679 | 1.400.000,Portero
Miguel Ángel RubioMiguel Rubio,Espanyol,-17.157 | -35.789 | -52.901 | -131.077 | -302.554 | -627.646,"-2,17% | -4,43% | -6,41% | -14,51% | -28,15% | -44,83%",,24ddías,772.354,789.511 | 808.143 | 825.255 | 903.431 | 1.074.908 | 1.400.000,Defensa
Soria,Getafe,0 | 0 | 0 | 0 | 0 | -703.646,"0,00% | 0,00% | 0,00% | 0,00% | 0,00% | -3,52%",,21ddías,19.296.354,19.296.354 | 19.296.354 | 19.296.354 | 19.296.354 | 19.296.354 | 20.000.000,Portero
Mayoral,Getafe,-50.181 | -109.815 | -140.114 | -326.196 | -713.701 | -1.326.381,"-1,47% | -3,15% | -3,99% | -8,82% | -17,46% | -28,22%",,24ddías,3.373.619,3.423.800 | 3.483.434 | 3.513.733 | 3.699.815 | 4.087.320 | 4.700.000,Delantero
Iglesias,Sevilla,0 | 0 | 0 | 0 | 0 | +48.352,"0,00% | 0,00% | 0,00% | 0,00% | 0,00% | +0,39%",,21ddías,12.548.352,12.548.352 | 12.548.352 | 12.548.352 | 12.548.352 | 12.548.352 | 12.500.000,Defensa
Herrera,Real Sociedad,-72.945 | -159.737 | -232.742 | -581.487 | -1.302.667 | -2.200.048,"-1,88% | -4,03% | -5,77% | -13,27% | -25,53% | -36,67%",,21ddías,3.799.952,3.872.897 | 3.959.689 | 4.032.694 | 4.381.439 | 5.102.619 | 6.000.000,Mediocampista
Eric Garcia,Barcelona,0 | 0 | 0 | 0 | 0 | +228.232,"0,00% | 0,00% | 0,00% | 0,00% | 0,00% | +0,39%",,21ddías,59.228.232,59.228.232 | 59.228.232 | 59.228.232 | 59.228.232 | 59.228.232 | 59.000.000,Defensa
Boyé,Alavés,-165.132 | -371.556 | -578.750 | -1.464.334 | -3.299.666 | -4.729.412,"-1,07% | -2,38% | -3,65% | -8,75% | -17,77% | -23,65%",,20ddías,15.270.588,15.435.720 | 15.642.144 | 15.849.338 | 16.734.922 | 18.570.254 | 20.000.000,Delantero
Villar,Elche,0 | 0 | 0 | 0 | 0 | +27.127,"0,00% | 0,00% | 0,00% | 0,00% | 0,00% | +0,39%",,21ddías,7.027.127,7.027.127 | 7.027.127 | 7.027.127 | 7.027.127 | 7.027.127 | 7.000.000,Mediocampista
Torró,Osasuna,-44.460 | -86.858 | -126.509 | -298.456 | -773.806 | -1.291.005,"-1,51% | -2,90% | -4,17% | -9,31% | -21,01% | -30,74%",,20ddías,2.908.995,2.953.455 | 2.995.853 | 3.035.504 | 3.207.451 | 3.682.801 | 4.200.000,Mediocampista
S. Cardona,Villarreal,-22.180 | -85.355 | -114.795 | -174.329 | -596.491 | -407.784,"-0,43% | -1,62% | -2,16% | -3,25% | -10,30% | -7,28%",,17ddías,5.192.216,5.214.396 | 5.277.571 | 5.307.011 | 5.366.545 | 5.788.707 | 5.600.000,Defensa
Javi Muñoz,Getafe,-21.501 | -44.658 | -66.484 | -165.563 | -376.418 | -723.382,"-2,39% | -4,85% | -7,05% | -15,89% | -30,04% | -45,21%",,24ddías,876.618,898.119 | 921.276 | 943.102 | 1.042.181 | 1.253.036 | 1.600.000,Mediocampista
Moleiro,Villarreal,-744.906 | -1.659.258 | -2.403.911 | -5.570.562 | -37.717.596 | -37.717.596,"-1,26% | -2,77% | -3,96% | -8,72% | 0% | -39,26%",,9ddías,58.342.872,59.087.778 | 60.002.130 | 60.746.783 | 63.913.434 | 0 | 96.060.468,Mediocampista
Valles,Betis,+819.756 | +1.351.706 | +2.004.363 | +3.928.757 | +6.790.214 | +9.452.520,"+4,40% | +7,47% | +11,49% | +25,31% | +53,63% | +94,53%",,23ddías,19.452.520,18.632.764 | 18.100.814 | 17.448.157 | 15.523.763 | 12.662.306 | 10.000.000,Portero
Copete,Valencia,-105.225 | -216.036 | -327.297 | -800.014 | -1.800.301 | -2.750.922,"-3,14% | -6,23% | -9,15% | -19,76% | -35,65% | -45,85%",,24ddías,3.249.078,3.354.303 | 3.465.114 | 3.576.375 | 4.049.092 | 5.049.379 | 6.000.000,Defensa
Herrera,Osasuna,+876.587 | +1.627.900 | +2.476.756 | +5.178.693 | +9.481.525 | +13.533.601,"+3,06% | +5,83% | +9,15% | +21,26% | +47,28% | +84,59%",,22ddías,29.533.601,28.657.014 | 27.905.701 | 27.056.845 | 24.354.908 | 20.052.076 | 16.000.000,Portero
Nteka,Rayo,-37.955 | -81.074 | -122.308 | -304.803 | -690.609 | -1.255.189,"-2,13% | -4,44% | -6,55% | -14,87% | -28,36% | -41,84%",,24ddías,1.744.811,1.782.766 | 1.825.885 | 1.867.119 | 2.049.614 | 2.435.420 | 3.000.000,Delantero
Unai López,Rayo,+11.306 | -20.080 | -18.270 | +12.298 | -322.187 | -888.030,"+0,19% | -0,33% | -0,30% | +0,20% | -5,01% | -12,69%",,1ddías,6.111.970,6.100.664 | 6.132.050 | 6.130.240 | 6.099.672 | 6.434.157 | 7.000.000,Mediocampista
Aleñá,Alavés,-73.529 | -152.323 | -219.916 | -572.911 | -1.266.897 | -2.369.039,"-1,56% | -3,18% | -4,53% | -11,01% | -21,48% | -33,84%",,24ddías,4.630.961,4.704.490 | 4.783.284 | 4.850.877 | 5.203.872 | 5.897.858 | 7.000.000,Mediocampista
Brahim,Real Madrid,-334.090 | -668.374 | -990.259 | -2.148.366 | -4.142.540 | -5.431.560,"-2,24% | -4,39% | -6,36% | -12,85% | -22,14% | -27,16%",,20ddías,14.568.440,14.902.530 | 15.236.814 | 15.558.699 | 16.716.806 | 18.710.980 | 20.000.000,Mediocampista
Sadiq,Valencia,-327.201 | -665.534 | -926.484 | -1.820.783 | -3.371.573 | -5.583.548,"-3,05% | -6,01% | -8,17% | -14,88% | -24,45% | -34,90%",,22ddías,10.416.452,10.743.653 | 11.081.986 | 11.342.936 | 12.237.235 | 13.788.025 | 16.000.000,Delantero
Olasagasti,Levante,-39.859 | -99.671 | -156.600 | -459.231 | -1.224.644 | -2.275.181,"-1,06% | -2,61% | -4,03% | -10,98% | -24,74% | -37,92%",,24ddías,3.724.819,3.764.678 | 3.824.490 | 3.881.419 | 4.184.050 | 4.949.463 | 6.000.000,Mediocampista
Kubo,Real Sociedad,-551.333 | -1.177.733 | -1.732.042 | -4.174.646 | -6.988.436 | -3.147.826,"-2,00% | -4,19% | -6,04% | -13,41% | -20,59% | -10,46%",,13ddías,26.952.174,27.503.507 | 28.129.907 | 28.684.216 | 31.126.820 | 33.940.610 | 30.100.000,Mediocampista
Zakharyan,Real Sociedad,-42.647 | -87.328 | -129.911 | -330.853 | -749.481 | -1.436.058,"-2,65% | -5,29% | -7,67% | -17,46% | -32,40% | -47,87%",,24ddías,1.563.942,1.606.589 | 1.651.270 | 1.693.853 | 1.894.795 | 2.313.423 | 3.000.000,Mediocampista
Oyarzabal,Real Sociedad,-1.181.496 | -2.648.106 | -3.944.122 | -9.140.587 | -38.953.814 | -38.953.814,"-1,54% | -3,39% | -4,97% | -10,80% | 0% | -34,05%",,8ddías,75.457.360,76.638.856 | 78.105.466 | 79.401.482 | 84.597.947 | 0 | 114.411.174,Delantero
Marín,Real Sociedad,-82.734 | -170.040 | -256.547 | -623.312 | -1.389.921 | -2.389.125,"-3,07% | -6,11% | -8,95% | -19,27% | -34,74% | -47,78%",,24ddías,2.610.875,2.693.609 | 2.780.915 | 2.867.422 | 3.234.187 | 4.000.796 | 5.000.000,Mediocampista
Barrenetxea,Real Sociedad,-292.900 | -446.679 | -195.515 | +1.164.893 | +5.626.591 | +9.083.097,"-0,71% | -1,08% | -0,47% | +2,92% | +15,87% | +28,38%",,2ddías,41.083.097,41.375.997 | 41.529.776 | 41.278.612 | 39.918.204 | 35.456.506 | 32.000.000,Mediocampista
Zubeldia,Real Sociedad,-87.195 | -233.663 | -337.502 | -918.031 | -2.157.334 | -3.517.192,"-0,82% | -2,18% | -3,12% | -8,05% | -17,07% | -25,12%",,24ddías,10.482.808,10.570.003 | 10.716.471 | 10.820.310 | 11.400.839 | 12.640.142 | 14.000.000,Defensa
Aihen,Real Sociedad,-53.497 | -110.479 | -169.172 | -426.824 | -986.629 | -1.900.309,"-2,48% | -5,00% | -7,46% | -16,89% | -31,97% | -47,51%",,24ddías,2.099.691,2.153.188 | 2.210.170 | 2.268.863 | 2.526.515 | 3.086.320 | 4.000.000,Defensa
Odriozola,Real Sociedad,-19.283 | -40.129 | -59.548 | -147.952 | -341.886 | -676.625,"-2,29% | -4,65% | -6,74% | -15,23% | -29,34% | -45,11%",,24ddías,823.375,842.658 | 863.504 | 882.923 | 971.327 | 1.165.261 | 1.500.000,Defensa
Remiro,Real Sociedad,+1.105.673 | +1.846.459 | +3.071.611 | +6.661.683 | +12.465.292 | +17.597.344,"+3,03% | +5,16% | +8,90% | +21,53% | +49,60% | +87,99%",,22ddías,37.597.344,36.491.671 | 35.750.885 | 34.525.733 | 30.935.661 | 25.132.052 | 20.000.000,Portero
Güler,Real Madrid,-578.097 | -1.686.668 | -2.636.308 | -5.718.867 | -12.125.635 | -16.633.385,"-0,98% | -2,81% | -4,32% | -8,92% | -17,20% | -22,18%",,24ddías,58.366.615,58.944.712 | 60.053.283 | 61.002.923 | 64.085.482 | 70.492.250 | 75.000.000,Mediocampista
Mendy,Real Madrid,-30.535 | -63.103 | -94.731 | -237.278 | -539.203 | -906.568,"-2,72% | -5,46% | -7,97% | -17,83% | -33,03% | -45,33%",,24ddías,1.093.432,1.123.967 | 1.156.535 | 1.188.163 | 1.330.710 | 1.632.635 | 2.000.000,Defensa
Rüdiger,Real Madrid,-467.933 | -969.622 | -1.291.199 | -3.051.122 | -6.422.451 | -9.046.249,"-1,45% | -2,95% | -3,90% | -8,74% | -16,78% | -22,12%",,21ddías,31.853.751,32.321.684 | 32.823.373 | 33.144.950 | 34.904.873 | 38.276.202 | 40.900.000,Defensa
Fran García,Betis,0 | 0 | 0 | 0 | 0 | -408.843,"0,00% | 0,00% | 0,00% | 0,00% | 0,00% | -4,09%",,22ddías,9.591.157,9.591.157 | 9.591.157 | 9.591.157 | 9.591.157 | 9.591.157 | 10.000.000,Defensa
Álvaro García,Rayo,+166.263 | +239.332 | +473.759 | +1.242.049 | +1.962.578 | +3.164.843,"+1,11% | +1,60% | +3,22% | +8,92% | +14,87% | +26,37%",,8ddías,15.164.843,14.998.580 | 14.925.511 | 14.691.084 | 13.922.794 | 13.202.265 | 12.000.000,Mediocampista
Courtois,Real Madrid,-86.751 | -339.734 | -541.429 | -395.755 | +4.345.414 | +19.330.602,"-0,15% | -0,57% | -0,90% | -0,66% | +7,90% | +48,33%",,4ddías,59.330.602,59.417.353 | 59.670.336 | 59.872.031 | 59.726.357 | 54.985.188 | 40.000.000,Portero
Buchanan,Villarreal,+105.090 | +198.893 | +461.368 | +1.548.743 | +3.375.434 | +4.432.873,"+0,54% | +1,03% | +2,43% | +8,66% | +21,02% | +29,55%",,20ddías,19.432.873,19.327.783 | 19.233.980 | 18.971.505 | 17.884.130 | 16.057.439 | 15.000.000,Mediocampista
Balliu,Rayo,-19.465 | -40.981 | -59.916 | -140.496 | -316.115 | -602.731,"-2,12% | -4,37% | -6,26% | -13,54% | -26,05% | -40,18%",,24ddías,897.269,916.734 | 938.250 | 957.185 | 1.037.765 | 1.213.384 | 1.500.000,Defensa
Pathé Ciss,Rayo,-47.186 | -124.597 | -205.012 | -424.315 | -870.399 | +654.882,"-0,44% | -1,16% | -1,89% | -3,83% | -7,55% | +6,55%",,13ddías,10.654.882,10.702.068 | 10.779.479 | 10.859.894 | 11.079.197 | 11.525.281 | 10.000.000,Mediocampista
Valentín,Rayo,-78.018 | -161.098 | -240.312 | -575.358 | -1.265.959 | -2.277.706,"-2,05% | -4,15% | -6,06% | -13,39% | -25,38% | -37,96%",,24ddías,3.722.294,3.800.312 | 3.883.392 | 3.962.606 | 4.297.652 | 4.988.253 | 6.000.000,Mediocampista
Lejeune,Rayo,-859.352 | -1.747.859 | -2.570.446 | -6.673.536 | -31.654.108 | -31.654.108,"-1,90% | -3,79% | -5,48% | -13,08% | 0% | -41,66%",,10ddías,44.327.976,45.187.328 | 46.075.835 | 46.898.422 | 51.001.512 | 0 | 75.982.084,Defensa
Camello,Rayo,-47.002 | -103.622 | -160.486 | -404.667 | -933.004 | -1.703.153,"-1,36% | -2,96% | -4,51% | -10,64% | -21,55% | -33,40%",,24ddías,3.396.847,3.443.849 | 3.500.469 | 3.557.333 | 3.801.514 | 4.329.851 | 5.100.000,Delantero
Militão,Real Madrid,-554.696 | -1.147.101 | -1.699.299 | -4.204.601 | -9.254.232 | -10.876.630,"-2,82% | -5,66% | -8,16% | -18,02% | -32,61% | -36,26%",,24ddías,19.123.370,19.678.066 | 20.270.471 | 20.822.669 | 23.327.971 | 28.377.602 | 30.000.000,Defensa
Tchouaméni,Real Madrid,-883.717 | -1.969.645 | -2.780.157 | -6.261.482 | -4.149.364 | -2.544.686,"-1,62% | -3,54% | -4,93% | -10,45% | -7,18% | -4,53%",,9ddías,53.655.314,54.539.031 | 55.624.959 | 56.435.471 | 59.916.796 | 57.804.678 | 56.200.000,Mediocampista
Bellingham,Real Madrid,-1.103.067 | -2.391.999 | -3.340.469 | -9.726.826 | -32.162.815 | -32.162.815,"-1,09% | -2,33% | -3,22% | -8,84% | 0% | -24,29%",,7ddías,100.273.174,101.376.241 | 102.665.173 | 103.613.643 | 110.000.000 | 0 | 132.435.989,Mediocampista
Vinicius,Real Madrid,-915.495 | -2.931.757 | -4.615.301 | -13.025.309 | -47.521.828 | -47.521.828,"-0,85% | -2,67% | -4,14% | -10,85% | 0% | -30,76%",,7ddías,106.974.691,107.890.186 | 109.906.448 | 111.589.992 | 120.000.000 | 0 | 154.496.519,Delantero
Rodrygo,Real Madrid,-97.679 | -199.322 | -289.964 | -680.112 | -1.328.278 | -674.767,"-2,21% | -4,41% | -6,28% | -13,59% | -23,49% | -13,50%",,14ddías,4.325.233,4.422.912 | 4.524.555 | 4.615.197 | 5.005.345 | 5.653.511 | 5.000.000,Delantero
Camavinga,Real Madrid,-363.179 | -745.816 | -1.034.906 | -2.473.338 | -5.120.291 | -9.154.856,"-2,39% | -4,78% | -6,52% | -14,28% | -25,65% | -38,15%",,24ddías,14.845.144,15.208.323 | 15.590.960 | 15.880.050 | 17.318.482 | 19.965.435 | 24.000.000,Mediocampista
Lunin,Real Madrid,-34.565 | -74.853 | -114.488 | -331.963 | -755.136 | -1.305.545,"-1,27% | -2,70% | -4,08% | -10,97% | -21,89% | -32,64%",,24ddías,2.694.455,2.729.020 | 2.769.308 | 2.808.943 | 3.026.418 | 3.449.591 | 4.000.000,Portero
Valverde,Real Madrid,-831.537 | -1.962.878 | -2.703.940 | -5.635.560 | -16.139.490 | -26.707.802,"-1,05% | -2,45% | -3,34% | -6,71% | -17,09% | -25,44%",,24ddías,78.292.198,79.123.735 | 80.255.076 | 80.996.138 | 83.927.758 | 94.431.688 | 105.000.000,Mediocampista
Carmona,Sevilla,-57.944 | -135.756 | -173.099 | -446.154 | -1.059.491 | -1.002.729,"-1,15% | -2,64% | -3,35% | -8,20% | -17,49% | -16,71%",,19ddías,4.997.271,5.055.215 | 5.133.027 | 5.170.370 | 5.443.425 | 6.056.762 | 6.000.000,Defensa
Djené,Getafe,0 | 0 | 0 | 0 | 0 | +32.492,"0,00% | 0,00% | 0,00% | 0,00% | 0,00% | +0,39%",,21ddías,8.432.492,8.432.492 | 8.432.492 | 8.432.492 | 8.432.492 | 8.432.492 | 8.400.000,Defensa
Turrientes,Real Sociedad,-123.754 | -259.803 | -356.682 | -877.720 | -1.925.451 | -2.183.597,"-1,56% | -3,22% | -4,36% | -10,10% | -19,76% | -21,84%",,21ddías,7.816.403,7.940.157 | 8.076.206 | 8.173.085 | 8.694.123 | 9.741.854 | 10.000.000,Mediocampista
Berenguer,Athletic,-114.131 | -289.213 | -388.341 | -790.575 | -1.392.386 | +1.411.393,"-1,05% | -2,63% | -3,50% | -6,87% | -11,50% | +15,18%",,15ddías,10.711.393,10.825.524 | 11.000.606 | 11.099.734 | 11.501.968 | 12.103.779 | 9.300.000,Delantero
M. Llorente,Atlético,-1.035.759 | -2.051.743 | -2.401.048 | -1.943.720 | +5.477.338 | +14.840.845,"-1,57% | -3,07% | -3,57% | -2,91% | +9,23% | +29,68%",,4ddías,64.840.845,65.876.604 | 66.892.588 | 67.241.893 | 66.784.565 | 59.363.507 | 50.000.000,Defensa
Oblak,Atlético,+576.744 | +867.570 | +1.758.784 | +3.909.510 | +8.467.244 | +16.247.725,"+1,14% | +1,72% | +3,55% | +8,26% | +19,79% | +46,42%",,23ddías,51.247.725,50.670.981 | 50.380.155 | 49.488.941 | 47.338.215 | 42.780.481 | 35.000.000,Portero
Koke,Atlético,0 | 0 | 0 | 0 | 0 | +67.671,"0,00% | 0,00% | 0,00% | 0,00% | 0,00% | +0,38%",,21ddías,17.767.671,17.767.671 | 17.767.671 | 17.767.671 | 17.767.671 | 17.767.671 | 17.700.000,Mediocampista
Giménez,Atlético,-142.138 | -313.809 | -457.595 | -1.124.722 | -2.425.932 | -2.013.666,"-2,08% | -4,48% | -6,41% | -14,40% | -26,62% | -23,15%",,19ddías,6.686.334,6.828.472 | 7.000.143 | 7.143.929 | 7.811.056 | 9.112.266 | 8.700.000,Defensa
Egiluz,Athletic,-5.097 | -11.166 | -15.192 | -35.340 | -79.415 | -217.084,"-1,04% | -2,26% | -3,05% | -6,82% | -14,12% | -31,01%",,24ddías,482.916,488.013 | 494.082 | 498.108 | 518.256 | 562.331 | 700.000,Defensa
Prados,Athletic,-45.112 | -96.141 | -144.923 | -358.813 | -801.059 | -1.687.208,"-2,19% | -4,56% | -6,72% | -15,13% | -28,47% | -45,60%",,24ddías,2.012.792,2.057.904 | 2.108.933 | 2.157.715 | 2.371.605 | 2.813.851 | 3.700.000,Mediocampista
Villalibre,Racing,0 | 0 | 0 | 0 | 0 | +27.946,"0,00% | 0,00% | 0,00% | 0,00% | 0,00% | +0,37%",,20ddías,7.527.946,7.527.946 | 7.527.946 | 7.527.946 | 7.527.946 | 7.527.946 | 7.500.000,Delantero
Yuri,Athletic,-219.994 | -494.049 | -665.120 | -1.636.940 | -2.930.879 | -2.863.104,"-1,43% | -3,16% | -4,21% | -9,76% | -16,22% | -15,91%",,9ddías,15.136.896,15.356.890 | 15.630.945 | 15.802.016 | 16.773.836 | 18.067.775 | 18.000.000,Defensa
R. de Galarreta,Athletic,-26.532 | -121.309 | -200.474 | -594.786 | -1.200.171 | +2.223.651,"-0,25% | -1,15% | -1,89% | -5,40% | -10,33% | +27,12%",,17ddías,10.423.651,10.450.183 | 10.544.960 | 10.624.125 | 11.018.437 | 11.623.822 | 8.200.000,Mediocampista
Agirrezabala,Athletic,0 | 0 | 0 | 0 | 0 | +11.085,"0,00% | 0,00% | 0,00% | 0,00% | 0,00% | +0,38%",,21ddías,2.911.085,2.911.085 | 2.911.085 | 2.911.085 | 2.911.085 | 2.911.085 | 2.900.000,Portero
Guruzeta,Athletic,+5.782 | -51.892 | -107.062 | -311.478 | -1.164.904 | -1.326.762,"+0,05% | -0,44% | -0,90% | -2,58% | -9,00% | -10,13%",,1ddías,11.773.238,11.767.456 | 11.825.130 | 11.880.300 | 12.084.716 | 12.938.142 | 13.100.000,Delantero
N. Williams,Athletic,+1.517.186 | +2.536.710 | +4.134.831 | +9.263.408 | +30.358.615 | +30.358.615,"+2,15% | +3,65% | +6,08% | +14,74% | 0% | +72,71%",,8ddías,72.112.330,70.595.144 | 69.575.620 | 67.977.499 | 62.848.922 | 0 | 41.753.715,Delantero
I. Williams,Athletic,+670.642 | +1.112.352 | +1.655.893 | +3.613.356 | +5.665.090 | +6.507.279,"+2,43% | +4,09% | +6,21% | +14,63% | +25,02% | +29,85%",,22ddías,28.307.279,27.636.637 | 27.194.927 | 26.651.386 | 24.693.923 | 22.642.189 | 21.800.000,Delantero
Sancet,Athletic,+1.254.226 | +2.174.477 | +3.498.182 | +7.667.354 | +13.940.474 | +16.913.528,"+2,91% | +5,15% | +8,55% | +20,87% | +45,75% | +61,50%",,22ddías,44.413.528,43.159.302 | 42.239.051 | 40.915.346 | 36.746.174 | 30.473.054 | 27.500.000,Mediocampista
Vesga,Athletic,-44.083 | -93.385 | -138.928 | -356.496 | -807.372 | -1.545.463,"-2,60% | -5,34% | -7,75% | -17,73% | -32,79% | -48,30%",,24ddías,1.654.537,1.698.620 | 1.747.922 | 1.793.465 | 2.011.033 | 2.461.909 | 3.200.000,Mediocampista
Galán,Celta,0 | 0 | 0 | 0 | 0 | -524.171,"0,00% | 0,00% | 0,00% | 0,00% | 0,00% | -3,49%",,14ddías,14.475.829,14.475.829 | 14.475.829 | 14.475.829 | 14.475.829 | 14.475.829 | 15.000.000,Defensa
Kike García,Espanyol,-139.754 | -291.663 | -421.363 | -980.966 | -2.122.951 | -3.258.207,"-2,38% | -4,83% | -6,84% | -14,59% | -26,99% | -36,20%",,22ddías,5.741.793,5.881.547 | 6.033.456 | 6.163.156 | 6.722.759 | 7.864.744 | 9.000.000,Delantero
Gorosabel,Athletic,-102.304 | -210.823 | -310.754 | -723.668 | -1.500.740 | -2.810.780,"-2,77% | -5,55% | -7,97% | -16,78% | -29,48% | -43,92%",,24ddías,3.589.220,3.691.524 | 3.800.043 | 3.899.974 | 4.312.888 | 5.089.960 | 6.400.000,Defensa
Abqar,Getafe,+43.654 | +46.968 | +63.758 | -80.222 | -717.253 | -1.127.672,"+0,90% | +0,97% | +1,33% | -1,62% | -12,83% | -18,79%",,3ddías,4.872.328,4.828.674 | 4.825.360 | 4.808.570 | 4.952.550 | 5.589.581 | 6.000.000,Defensa
Guevara,Alavés,-43.525 | -86.970 | -127.588 | -317.455 | -729.028 | -1.392.718,"-2,64% | -5,13% | -7,35% | -16,49% | -31,20% | -46,42%",,24ddías,1.607.282,1.650.807 | 1.694.252 | 1.734.870 | 1.924.737 | 2.336.310 | 3.000.000,Mediocampista
Blanco,Alavés,-219.893 | -502.015 | -731.081 | -1.716.139 | -3.818.627 | +15.137.973,"-1,28% | -2,87% | -4,13% | -9,18% | -18,37% | +825,80%",,16ddías,16.971.092,17.190.985 | 17.473.107 | 17.702.173 | 18.687.231 | 20.789.719 | 1.833.119,Mediocampista
Rioja,Valencia,-217.892 | -503.762 | -781.927 | -1.920.636 | -3.786.702 | -6.100.546,"-1,14% | -2,60% | -3,97% | -9,22% | -16,69% | -24,40%",,24ddías,18.899.454,19.117.346 | 19.403.216 | 19.681.381 | 20.820.090 | 22.686.156 | 25.000.000,Mediocampista
Tenaglia,Alavés,-99.812 | -276.628 | -400.217 | -946.511 | -1.811.489 | -2.838.255,"-0,65% | -1,79% | -2,57% | -5,88% | -10,67% | -15,77%",,24ddías,15.161.745,15.261.557 | 15.438.373 | 15.561.962 | 16.108.256 | 16.973.234 | 18.000.000,Defensa
Guridi,Sevilla,0 | 0 | 0 | 0 | 0 | +19.315,"0,00% | 0,00% | 0,00% | 0,00% | 0,00% | +0,39%",,21ddías,5.019.315,5.019.315 | 5.019.315 | 5.019.315 | 5.019.315 | 5.019.315 | 5.000.000,Mediocampista
Yeray,Athletic,-68.725 | -150.529 | -216.191 | -514.304 | -847.983 | -1.028.722,"-1,66% | -3,57% | -5,04% | -11,22% | -17,24% | -20,17%",,9ddías,4.071.278,4.140.003 | 4.221.807 | 4.287.469 | 4.585.582 | 4.919.261 | 5.100.000,Defensa
Rebbach,Alavés,-92.380 | -195.780 | -290.386 | -844.100 | -1.915.558 | -2.872.176,"-1,77% | -3,68% | -5,36% | -14,13% | -27,20% | -35,90%",,22ddías,5.127.824,5.220.204 | 5.323.604 | 5.418.210 | 5.971.924 | 7.043.382 | 8.000.000,Delantero
Carlos BenavidezProtesoni,Alavés,0 | 0 | 0 | 0 | 0 | +11.588,"0,00% | 0,00% | 0,00% | 0,00% | 0,00% | +0,39%",,21ddías,3.011.588,3.011.588 | 3.011.588 | 3.011.588 | 3.011.588 | 3.011.588 | 3.000.000,Mediocampista
Pubill,Atlético,+1.818.138 | +2.651.675 | +4.348.569 | +10.613.201 | +20.176.934 | +30.340.662,"+2,65% | +3,92% | +6,59% | +17,77% | +40,22% | +75,85%",,23ddías,70.340.662,68.522.524 | 67.688.987 | 65.992.093 | 59.727.461 | 50.163.728 | 40.000.000,Defensa
Unai Simón,Athletic,+1.746.603 | +3.163.920 | +4.989.823 | +12.009.528 | +22.254.412 | +29.739.780,"+3,64% | +6,79% | +11,15% | +31,83% | +80,97% | +148,70%",,22ddías,49.739.780,47.993.177 | 46.575.860 | 44.749.957 | 37.730.252 | 27.485.368 | 20.000.000,Portero
Vivian,Athletic,-432.361 | -907.652 | -1.367.322 | -3.410.861 | -5.582.816 | -2.902.767,"-2,47% | -5,04% | -7,41% | -16,63% | -24,62% | -14,51%",,13ddías,17.097.233,17.529.594 | 18.004.885 | 18.464.555 | 20.508.094 | 22.680.049 | 20.000.000,Defensa
Paredes,Athletic,-63.613 | -137.516 | -203.703 | -535.785 | -1.225.878 | -1.919.756,"-1,46% | -3,11% | -4,54% | -11,13% | -22,26% | -30,96%",,24ddías,4.280.244,4.343.857 | 4.417.760 | 4.483.947 | 4.816.029 | 5.506.122 | 6.200.000,Defensa
Molina,Atlético,-58.197 | -141.230 | -191.165 | -440.922 | -815.201 | -784.155,"-1,17% | -2,79% | -3,74% | -8,23% | -14,22% | -13,76%",,19ddías,4.915.845,4.974.042 | 5.057.075 | 5.107.010 | 5.356.767 | 5.731.046 | 5.700.000,Defensa
Barrios,Atlético,+761.465 | +1.147.861 | +2.004.207 | +5.799.174 | +11.741.557 | +14.084.942,"+1,43% | +2,17% | +3,85% | +12,01% | +27,73% | +35,21%",,20ddías,54.084.942,53.323.477 | 52.937.081 | 52.080.735 | 48.285.768 | 42.343.385 | 40.000.000,Mediocampista
Sotelo,Levante,-14.035 | -32.734 | -50.468 | -131.127 | -331.020 | -731.232,"-1,01% | -2,34% | -3,56% | -8,74% | -19,47% | -34,82%",,24ddías,1.368.768,1.382.803 | 1.401.502 | 1.419.236 | 1.499.895 | 1.699.788 | 2.100.000,Mediocampista
Starfelt,Celta,+49.279 | -1.272 | -58.496 | -183.023 | -614.343 | +228.446,"+0,48% | -0,01% | -0,57% | -1,76% | -5,67% | +2,28%",,1ddías,10.228.446,10.179.167 | 10.229.718 | 10.286.942 | 10.411.469 | 10.842.789 | 10.000.000,Defensa
Bartra,Betis,+275.786 | +481.483 | +859.298 | +2.094.123 | +4.350.925 | +4.087.880,"+1,16% | +2,04% | +3,70% | +9,52% | +22,04% | +20,44%",,18ddías,24.087.880,23.812.094 | 23.606.397 | 23.228.582 | 21.993.757 | 19.736.955 | 20.000.000,Defensa
Marc Roca,Betis,+16.023 | -29.257 | -42.556 | -204.288 | -685.748 | -1.786.384,"+0,35% | -0,63% | -0,91% | -4,24% | -12,94% | -27,91%",,1ddías,4.613.616,4.597.593 | 4.642.873 | 4.656.172 | 4.817.904 | 5.299.364 | 6.400.000,Mediocampista
Isco,Betis,-2.078.410 | -4.233.117 | -6.365.733 | -14.554.990 | +59.140.526 | +59.140.526,"-2,88% | -5,70% | -8,33% | -17,21% | 0% | +542,95%",,8ddías,70.033.037,72.111.447 | 74.266.154 | 76.398.770 | 84.588.027 | 0 | 10.892.511,Mediocampista
Ruibal,Betis,-120.883 | -246.067 | -370.359 | -923.967 | -2.058.429 | -3.163.971,"-3,05% | -6,03% | -8,80% | -19,41% | -34,92% | -45,20%",,24ddías,3.836.029,3.956.912 | 4.082.096 | 4.206.388 | 4.759.996 | 5.894.458 | 7.000.000,Delantero
Navarro,Athletic,-34.991 | -64.994 | -91.450 | -223.995 | -532.094 | -1.046.408,"-1,53% | -2,80% | -3,90% | -9,04% | -19,10% | -31,71%",,24ddías,2.253.592,2.288.583 | 2.318.586 | 2.345.042 | 2.477.587 | 2.785.686 | 3.300.000,Mediocampista
Chust,Elche,0 | 0 | 0 | 0 | 0 | +19.376,"0,00% | 0,00% | 0,00% | 0,00% | 0,00% | +0,39%",,21ddías,5.019.376,5.019.376 | 5.019.376 | 5.019.376 | 5.019.376 | 5.019.376 | 5.000.000,Defensa
U. Núñez,Celta,-97.672 | -205.301 | -360.781 | -528.841 | -528.841 | -509.727,"-2,13% | -4,37% | -7,44% | -10,54% | -10,54% | -10,19%",,4ddías,4.490.273,4.587.945 | 4.695.574 | 4.851.054 | 5.019.114 | 5.019.114 | 5.000.000,Defensa
Iglesias,Celta,+348.054 | +644.547 | +1.337.142 | +4.203.322 | +7.737.439 | +13.882.383,"+1,09% | +2,04% | +4,32% | +14,97% | +31,53% | +75,46%",,14ddías,32.278.932,31.930.878 | 31.634.385 | 30.941.790 | 28.075.610 | 24.541.493 | 18.396.549,Delantero
Dotor,Málaga,0 | 0 | 0 | 0 | +4.403 | +14.904,"0,00% | 0,00% | 0,00% | 0,00% | 0% | +0,37%",,8ddías,4.014.904,4.014.904 | 4.014.904 | 4.014.904 | 4.014.904 | 0 | 4.000.000,Mediocampista
Carles Pérez,Celta,-64.557 | +285.875 | +285.875 | +285.875 | +285.875 | +285.875,"-3,27% | 0% | 0% | 0% | 0% | 0%",,1ddías,1.909.941,1.974.498 | 0 | 0 | 0 | 0 | 0,Delantero
Aspas,Celta,-129.630 | -272.136 | -369.384 | -977.298 | -2.212.131 | -1.598.171,"-1,40% | -2,90% | -3,90% | -9,70% | -19,55% | -14,94%",,18ddías,9.101.829,9.231.459 | 9.373.965 | 9.471.213 | 10.079.127 | 11.313.960 | 10.700.000,Delantero
Iván Villar,Celta,-26.383 | -60.482 | -90.494 | -247.546 | -602.516 | -1.144.347,"-1,91% | -4,27% | -6,26% | -15,44% | -30,77% | -45,77%",,24ddías,1.355.653,1.382.036 | 1.416.135 | 1.446.147 | 1.603.199 | 1.958.169 | 2.500.000,Portero
Swedberg,Celta,-103.944 | -284.636 | -412.171 | -1.093.874 | -2.357.649 | -3.126.925,"-1,10% | -2,95% | -4,21% | -10,45% | -20,10% | -25,02%",,21ddías,9.373.075,9.477.019 | 9.657.711 | 9.785.246 | 10.466.949 | 11.730.724 | 12.500.000,Mediocampista
Domínguez,Celta,-21.095 | -43.829 | -65.214 | -162.340 | -374.329 | -733.126,"-2,38% | -4,81% | -7,00% | -15,77% | -30,16% | -45,82%",,24ddías,866.874,887.969 | 910.703 | 932.088 | 1.029.214 | 1.241.203 | 1.600.000,Defensa
Ayoze,Villarreal,-79.867 | -275.756 | -470.431 | -1.055.591 | -1.841.207 | -2.918.935,"-0,47% | -1,59% | -2,68% | -5,82% | -9,73% | -14,59%",,24ddías,17.081.065,17.160.932 | 17.356.821 | 17.551.496 | 18.136.656 | 18.922.272 | 20.000.000,Delantero
Abde,Betis,-1.962.342 | -4.118.297 | -6.335.615 | -16.034.620 | -63.328.710 | -63.328.710,"-2,78% | -5,67% | -8,46% | -18,96% | 0% | -48,02%",,8ddías,68.553.407,70.515.749 | 72.671.704 | 74.889.022 | 84.588.027 | 0 | 131.882.117,Delantero
Riquelme,Betis,-54.819 | -113.292 | -169.136 | -403.183 | -1.002.758 | -1.879.037,"-1,49% | -3,03% | -4,46% | -10,02% | -21,69% | -34,16%",,24ddías,3.620.963,3.675.782 | 3.734.255 | 3.790.099 | 4.024.146 | 4.623.721 | 5.500.000,Mediocampista
Raphinha,Barcelona,-1.533.376 | -3.004.881 | -4.417.767 | -11.057.512 | -24.883.607 | -26.294.727,"-2,02% | -3,88% | -5,60% | -12,92% | -25,04% | -26,09%",,16ddías,74.505.273,76.038.649 | 77.510.154 | 78.923.040 | 85.562.785 | 99.388.880 | 100.800.000,Delantero
Kostis,Atlético,0 | 0 | 0 | 0 | 0 | +2.674,"0,00% | 0,00% | 0,00% | 0,00% | 0,00% | +0,38%",,21ddías,702.674,702.674 | 702.674 | 702.674 | 702.674 | 702.674 | 700.000,Defensa
Balde,Barcelona,-379.324 | -528.840 | -235.245 | +2.351.606 | +6.548.210 | +9.132.667,"-1,32% | -1,83% | -0,82% | +9,05% | +30,06% | +47,57%",,2ddías,28.332.667,28.711.991 | 28.861.507 | 28.567.912 | 25.981.061 | 21.784.457 | 19.200.000,Defensa
Araújo,Barcelona,-163.920 | -336.968 | -505.060 | -1.242.045 | -2.732.681 | -3.832.193,"-2,59% | -5,18% | -7,57% | -16,76% | -30,70% | -38,32%",,22ddías,6.167.807,6.331.727 | 6.504.775 | 6.672.867 | 7.409.852 | 8.900.488 | 10.000.000,Defensa
Gavi,Barcelona,+767.699 | +1.253.743 | +2.203.316 | +4.934.867 | +9.199.626 | +11.139.141,"+2,17% | +3,59% | +6,49% | +15,81% | +34,15% | +44,56%",,20ddías,36.139.141,35.371.442 | 34.885.398 | 33.935.825 | 31.204.274 | 26.939.515 | 25.000.000,Mediocampista
Ferran,Barcelona,+2.015.148 | +3.299.068 | +5.212.403 | +10.529.171 | +8.097.490 | +3.803.011,"+3,26% | +5,45% | +8,90% | +19,76% | +14,54% | +6,34%",,8ddías,63.803.011,61.787.863 | 60.503.943 | 58.590.608 | 53.273.840 | 55.705.521 | 60.000.000,Delantero
Pedri,Barcelona,-1.339.895 | -2.607.881 | -3.529.871 | -9.821.915 | -78.359.507 | -78.359.507,"-1,32% | -2,54% | -3,40% | -8,93% | 0% | -43,89%",,7ddías,100.178.085,101.517.980 | 102.785.966 | 103.707.956 | 110.000.000 | 0 | 178.537.592,Mediocampista
A. Christensen,Barcelona,0 | 0 | 0 | 0 | 0 | +19.340,"0,00% | 0,00% | 0,00% | 0,00% | 0,00% | +0,39%",,21ddías,5.019.340,5.019.340 | 5.019.340 | 5.019.340 | 5.019.340 | 5.019.340 | 5.000.000,Defensa
Bellerín,Betis,+23.626 | +9.020 | -10.677 | -184.349 | -730.777 | +127.087,"+0,23% | +0,09% | -0,11% | -1,79% | -6,73% | +1,27%",,1ddías,10.127.087,10.103.461 | 10.118.067 | 10.137.764 | 10.311.436 | 10.857.864 | 10.000.000,Defensa
F. de Jong,Barcelona,0 | 0 | 0 | 0 | 0 | +172.140,"0,00% | 0,00% | 0,00% | 0,00% | 0,00% | +0,39%",,21ddías,44.672.140,44.672.140 | 44.672.140 | 44.672.140 | 44.672.140 | 44.672.140 | 44.500.000,Mediocampista
Koundé,Barcelona,+249.742 | +311.832 | +851.542 | +3.388.187 | +9.766.617 | +18.030.368,"+0,47% | +0,59% | +1,63% | +6,83% | +22,57% | +51,52%",,23ddías,53.030.368,52.780.626 | 52.718.536 | 52.178.826 | 49.642.181 | 43.263.751 | 35.000.000,Defensa
Yamal,Barcelona,-1.777.561 | -3.761.239 | -5.394.438 | +62.402.812 | +62.402.812 | +62.402.812,"-1,32% | -2,76% | -3,91% | 0% | 0% | +88,77%",,6ddías,132.698.995,134.476.556 | 136.460.234 | 138.093.433 | 0 | 0 | 70.296.183,Delantero
Casadó,Barcelona,-17.223 | -53.059 | -75.137 | -171.402 | -416.503 | -975.960,"-0,80% | -2,44% | -3,42% | -7,47% | -16,39% | -31,48%",,24ddías,2.124.040,2.141.263 | 2.177.099 | 2.199.177 | 2.295.442 | 2.540.543 | 3.100.000,Mediocampista
Cubarsí,Barcelona,+188.588 | +357.409 | +1.509.025 | +8.705.008 | +24.021.125 | +39.310.775,"+0,19% | +0,36% | +1,54% | +9,61% | +31,90% | +65,52%",,22ddías,99.310.775,99.122.187 | 98.953.366 | 97.801.750 | 90.605.767 | 75.289.650 | 60.000.000,Defensa
Fermín,Barcelona,-672.380 | -1.957.161 | -3.448.840 | -9.782.938 | -22.356.044 | -29.205.657,"-1,01% | -2,89% | -4,98% | -12,94% | -25,36% | -30,74%",,24ddías,65.794.343,66.466.723 | 67.751.504 | 69.243.183 | 75.577.281 | 88.150.387 | 95.000.000,Mediocampista
Pacheco,Real Sociedad,0 | 0 | 0 | 0 | 0 | +15.452,"0,00% | 0,00% | 0,00% | 0,00% | 0,00% | +0,39%",,21ddías,4.015.452,4.015.452 | 4.015.452 | 4.015.452 | 4.015.452 | 4.015.452 | 4.000.000,Defensa
De Frutos,Rayo,+1.055.000 | +1.800.188 | +2.824.461 | +6.639.149 | +12.679.521 | +17.556.439,"+2,54% | +4,42% | +7,11% | +18,48% | +42,44% | +70,23%",,23ddías,42.556.439,41.501.439 | 40.756.251 | 39.731.978 | 35.917.290 | 29.876.918 | 25.000.000,Delantero
Le Normand,Atlético,-123.759 | -330.240 | -468.469 | -1.065.187 | -1.825.874 | -3.101.772,"-1,08% | -2,84% | -3,98% | -8,62% | -13,91% | -21,54%",,19ddías,11.298.228,11.421.987 | 11.628.468 | 11.766.697 | 12.363.415 | 13.124.102 | 14.400.000,Defensa
Álvaro,Deportivo,-61.933 | -161.650 | -240.961 | -808.695 | -1.857.631 | -3.427.868,"-1,01% | -2,59% | -3,82% | -11,75% | -23,43% | -36,08%",,24ddías,6.072.132,6.134.065 | 6.233.782 | 6.313.093 | 6.880.827 | 7.929.763 | 9.500.000,Portero
Marrero,Real Sociedad,-35.127 | -76.476 | -117.033 | -311.747 | -726.529 | -1.383.151,"-2,13% | -4,52% | -6,75% | -16,16% | -31,00% | -46,11%",,24ddías,1.616.849,1.651.976 | 1.693.325 | 1.733.882 | 1.928.596 | 2.343.378 | 3.000.000,Portero
Martín,Barcelona,0 | 0 | 0 | 0 | 0 | +117.596,"0,00% | 0,00% | 0,00% | 0,00% | 0,00% | +0,39%",,21ddías,30.517.596,30.517.596 | 30.517.596 | 30.517.596 | 30.517.596 | 30.517.596 | 30.400.000,Defensa
Toni Martinez,Alavés,-312.214 | -717.052 | -1.115.478 | -2.938.835 | +24.387.939 | +24.387.939,"-1,08% | -2,46% | -3,77% | -9,36% | 0% | +597,16%",,13ddías,28.471.932,28.784.146 | 29.188.984 | 29.587.410 | 31.410.767 | 0 | 4.083.993,Delantero
Musso,Atlético,-112.185 | -260.983 | -383.532 | -1.016.473 | -2.207.550 | -3.705.096,"-1,75% | -3,98% | -5,74% | -13,90% | -25,96% | -37,05%",,24ddías,6.294.904,6.407.089 | 6.555.887 | 6.678.436 | 7.311.377 | 8.502.454 | 10.000.000,Portero
Olmo,Barcelona,-1.385.995 | -2.980.756 | -4.429.822 | -10.073.888 | -24.573.105 | -24.573.105,"-1,70% | -3,60% | -5,25% | -11,20% | 0% | -23,52%",,8ddías,79.906.625,81.292.620 | 82.887.381 | 84.336.447 | 89.980.513 | 0 | 104.479.730,Mediocampista
Mario Martín,Getafe,0 | 0 | 0 | 0 | 0 | +15.472,"0,00% | 0,00% | 0,00% | 0,00% | 0,00% | +0,39%",,21ddías,4.015.472,4.015.472 | 4.015.472 | 4.015.472 | 4.015.472 | 4.015.472 | 4.000.000,Mediocampista
Benito,Osasuna,-15.385 | -32.171 | -47.360 | -117.008 | -269.762 | -570.180,"-2,06% | -4,22% | -6,09% | -13,82% | -26,99% | -43,86%",,24ddías,729.820,745.205 | 761.991 | 777.180 | 846.828 | 999.582 | 1.300.000,Delantero
Leo Román,Deportivo,-809.252 | +22.003.559 | +22.003.559 | +22.003.559 | +22.003.559 | +22.003.559,"-3,28% | 0% | 0% | 0% | 0% | +1.177,65%",,1ddías,23.871.981,24.681.233 | 0 | 0 | 0 | 0 | 1.868.422,Portero
Ferrer,Getafe,0 | 0 | 0 | 0 | 0 | +2.705,"0,00% | 0,00% | 0,00% | 0,00% | 0,00% | +0,39%",,21ddías,702.705,702.705 | 702.705 | 702.705 | 702.705 | 702.705 | 700.000,Portero
Boiro,Athletic,-11.157 | -23.539 | -34.140 | -83.444 | -170.540 | -371.648,"-1,74% | -3,61% | -5,15% | -11,72% | -21,35% | -37,16%",,8ddías,628.352,639.509 | 651.891 | 662.492 | 711.796 | 798.892 | 1.000.000,Defensa
Jauregizar,Athletic,+413.091 | +710.367 | +1.156.716 | +3.029.358 | +5.941.695 | +8.256.482,"+1,81% | +3,15% | +5,23% | +14,98% | +34,32% | +55,04%",,23ddías,23.256.482,22.843.391 | 22.546.115 | 22.099.766 | 20.227.124 | 17.314.787 | 15.000.000,Mediocampista
Padilla,Athletic,0 | 0 | 0 | 0 | 0 | +5.588,"0,00% | 0,00% | 0,00% | 0,00% | 0,00% | +0,37%",,21ddías,1.505.588,1.505.588 | 1.505.588 | 1.505.588 | 1.505.588 | 1.505.588 | 1.500.000,Portero
Alvarez,Atlético,-353.853 | -1.023.588 | -1.077.302 | -1.705.722 | +27.152.693 | +27.152.693,"-0,47% | -1,34% | -1,41% | -2,22% | 0% | +56,46%",,5ddías,75.241.087,75.594.940 | 76.264.675 | 76.318.389 | 76.946.809 | 0 | 48.088.394,Delantero
Letácek,Getafe,-23.460 | -46.111 | -73.173 | -195.473 | -461.770 | -899.158,"-2,29% | -4,40% | -6,81% | -16,34% | -31,57% | -47,32%",,24ddías,1.000.842,1.024.302 | 1.046.953 | 1.074.015 | 1.196.315 | 1.462.612 | 1.900.000,Portero
L. Sucic,Real Sociedad,-55.277 | -130.739 | -184.169 | -468.894 | -1.043.442 | -1.544.735,"-1,31% | -3,05% | -4,24% | -10,14% | -20,07% | -27,10%",,21ddías,4.155.265,4.210.542 | 4.286.004 | 4.339.434 | 4.624.159 | 5.198.707 | 5.700.000,Mediocampista
Durán,Celta,-48.326 | -97.490 | -144.688 | -353.523 | -778.738 | -1.366.541,"-2,87% | -5,63% | -8,14% | -17,79% | -32,28% | -45,55%",,24ddías,1.633.459,1.681.785 | 1.730.949 | 1.778.147 | 1.986.982 | 2.412.197 | 3.000.000,Delantero
Kambwala,Villarreal,-39.815 | -81.102 | -122.541 | -313.204 | -712.987 | -1.369.083,"-2,38% | -4,74% | -6,99% | -16,11% | -30,42% | -45,64%",,24ddías,1.630.917,1.670.732 | 1.712.019 | 1.753.458 | 1.944.121 | 2.343.904 | 3.000.000,Defensa
Carlos Martín,Atlético,0 | 0 | 0 | 0 | 0 | -81.510,"0,00% | 0,00% | 0,00% | 0,00% | 0,00% | -3,54%",,21ddías,2.218.490,2.218.490 | 2.218.490 | 2.218.490 | 2.218.490 | 2.218.490 | 2.300.000,Mediocampista
Endrick,Real Madrid,-273.348 | +7.497.435 | +7.497.435 | +7.497.435 | +7.497.435 | +7.497.435,"-3,28% | 0% | 0% | 0% | 0% | 0%",,1ddías,8.063.424,8.336.772 | 0 | 0 | 0 | 0 | 0,Delantero
Carreira,Celta,-103.547 | -219.818 | -308.674 | -777.063 | -1.599.801 | -843.504,"-1,43% | -2,98% | -4,13% | -9,79% | -18,27% | -10,54%",,18ddías,7.156.496,7.260.043 | 7.376.314 | 7.465.170 | 7.933.559 | 8.756.297 | 8.000.000,Defensa
Sergio Gómez,Real Sociedad,-160.643 | -475.437 | -732.835 | -1.713.445 | -3.605.736 | -5.393.370,"-0,81% | -2,37% | -3,60% | -8,04% | -15,53% | -21,57%",,24ddías,19.606.630,19.767.273 | 20.082.067 | 20.339.465 | 21.320.075 | 23.212.366 | 25.000.000,Defensa
Peque,Sevilla,-63.934 | -129.010 | -187.760 | -471.824 | -1.063.489 | -2.036.162,"-2,53% | -4,98% | -7,08% | -16,07% | -30,15% | -45,25%",,24ddías,2.463.838,2.527.772 | 2.592.848 | 2.651.598 | 2.935.662 | 3.527.327 | 4.500.000,Delantero
Ejuke,Sevilla,-55.029 | -114.497 | -162.040 | -391.712 | -913.846 | -1.634.296,"-1,61% | -3,29% | -4,59% | -10,43% | -21,35% | -32,69%",,24ddías,3.365.704,3.420.733 | 3.480.201 | 3.527.744 | 3.757.416 | 4.279.550 | 5.000.000,Delantero
Andrés Martín,Racing,-248.262 | -623.806 | -863.869 | -1.969.123 | -4.783.443 | +21.517.444,"-1,06% | -2,61% | -3,58% | -7,80% | -17,05% | 0%",,15ddías,23.268.752,23.517.014 | 23.892.558 | 24.132.621 | 25.237.875 | 28.052.195 | 0,Delantero
Pedro Díaz,Rayo,-33.138 | -74.862 | -108.899 | -312.003 | -789.279 | -1.738.612,"-1,44% | -3,20% | -4,59% | -12,12% | -25,87% | -43,47%",,25ddías,2.261.388,2.294.526 | 2.336.250 | 2.370.287 | 2.573.391 | 3.050.667 | 4.000.000,Mediocampista
Danjuma,Valencia,-39.086 | -110.015 | -161.697 | -411.695 | -908.930 | -1.550.243,"-0,87% | -2,41% | -3,51% | -8,47% | -16,96% | -25,84%",,24ddías,4.449.757,4.488.843 | 4.559.772 | 4.611.454 | 4.861.452 | 5.358.687 | 6.000.000,Delantero
Pépé,Villarreal,-1.009.727 | -2.246.868 | -3.418.573 | -8.625.790 | -34.350.011 | -34.350.011,"-1,72% | -3,75% | -5,60% | -13,02% | 0% | -37,35%",,9ddías,57.614.926,58.624.653 | 59.861.794 | 61.033.499 | 66.240.716 | 0 | 91.964.937,Delantero
Pape Gueye,Villarreal,-72.976 | -558.414 | -882.231 | -2.581.935 | -6.835.519 | -10.605.606,"-0,18% | -1,40% | -2,19% | -6,15% | -14,79% | -21,21%",,24ddías,39.394.394,39.467.370 | 39.952.808 | 40.276.625 | 41.976.329 | 46.229.913 | 50.000.000,Mediocampista
Losada,Betis,0 | 0 | 0 | 0 | 0 | +9.378,"0,00% | 0,00% | 0,00% | 0,00% | 0,00% | +0,38%",,21ddías,2.509.378,2.509.378 | 2.509.378 | 2.509.378 | 2.509.378 | 2.509.378 | 2.500.000,Delantero
D. Llorente,Betis,+166.722 | +325.589 | +551.198 | +1.180.209 | +812.257 | +2.033.904,"+1,72% | +3,42% | +5,94% | +13,64% | +9,00% | +26,08%",,8ddías,9.833.904,9.667.182 | 9.508.315 | 9.282.706 | 8.653.695 | 9.021.647 | 7.800.000,Defensa
Bretones,Osasuna,+75.941 | +105.865 | +143.507 | +170.820 | +4.632 | -263.978,"+3,87% | +5,48% | +7,58% | +9,16% | +0,23% | -11,48%",,6ddías,2.036.022,1.960.081 | 1.930.157 | 1.892.515 | 1.865.202 | 2.031.390 | 2.300.000,Defensa
Natan,Betis,+913.124 | +1.329.469 | +2.122.273 | +4.722.913 | +9.295.376 | +12.719.133,"+2,48% | +3,65% | +5,96% | +14,31% | +32,70% | +50,88%",,22ddías,37.719.133,36.806.009 | 36.389.664 | 35.596.860 | 32.996.220 | 28.423.757 | 25.000.000,Defensa
Javi Rodríguez,Celta,0 | 0 | 0 | 0 | 0 | +37.652,"0,00% | 0,00% | 0,00% | 0,00% | 0,00% | +0,38%",,21ddías,10.037.652,10.037.652 | 10.037.652 | 10.037.652 | 10.037.652 | 10.037.652 | 10.000.000,Defensa
Romero,Villarreal,-1.112.072 | -2.326.394 | -2.326.394 | -2.326.394 | -2.326.394 | -2.195.174,"-3,28% | -6,62% | -6,62% | -6,62% | -6,62% | -6,27%",,2ddías,32.804.826,33.916.898 | 35.131.220 | 35.131.220 | 35.131.220 | 35.131.220 | 35.000.000,Defensa
Pablo Ramón,Espanyol,-9.225 | -19.594 | -19.594 | -19.594 | -19.594 | -18.020,"-1,56% | 0% | 0% | 0% | 0% | -3,00%",,1ddías,581.980,591.205 | 0 | 0 | 0 | 0 | 600.000,Mediocampista
Serrano,Atlético,-5.092 | -11.156 | -15.177 | -35.300 | -79.324 | -217.203,"-1,04% | -2,26% | -3,05% | -6,81% | -14,11% | -31,03%",,24ddías,482.797,487.889 | 493.953 | 497.974 | 518.097 | 562.121 | 700.000,Mediocampista
Asencio,Real Madrid,-172.501 | -358.268 | -528.385 | -1.227.445 | -2.668.679 | -4.635.243,"-2,26% | -4,58% | -6,61% | -14,12% | -26,34% | -38,31%",,24ddías,7.464.757,7.637.258 | 7.823.025 | 7.993.142 | 8.692.202 | 10.133.436 | 12.100.000,Defensa
Roberto,Espanyol,-53.506 | -116.313 | -180.771 | -442.008 | -906.782 | -1.292.334,"-0,93% | -2,00% | -3,07% | -7,19% | -13,71% | -18,46%",,19ddías,5.707.666,5.761.172 | 5.823.979 | 5.888.437 | 6.149.674 | 6.614.448 | 7.000.000,Delantero
Garcés,Alavés,-21.221 | -44.086 | -65.608 | -163.339 | -377.749 | -630.107,"-2,38% | -4,82% | -7,01% | -15,81% | -30,28% | -42,01%",,24ddías,869.893,891.114 | 913.979 | 935.501 | 1.033.232 | 1.247.642 | 1.500.000,Defensa
Toni Fernández,Barcelona,0 | 0 | 0 | 0 | 0 | +2.319,"0,00% | 0,00% | 0,00% | 0,00% | 0,00% | +0,39%",,21ddías,602.319,602.319 | 602.319 | 602.319 | 602.319 | 602.319 | 600.000,Delantero
Guille,Barcelona,0 | 0 | 0 | 0 | 0 | +2.705,"0,00% | 0,00% | 0,00% | 0,00% | 0,00% | +0,39%",,21ddías,702.705,702.705 | 702.705 | 702.705 | 702.705 | 702.705 | 700.000,Mediocampista
Sannadi,Athletic,-5.688 | -12.373 | -17.040 | -40.030 | -83.140 | -202.906,"-1,13% | -2,43% | -3,31% | -7,45% | -14,33% | -28,99%",,24ddías,497.094,502.782 | 509.467 | 514.134 | 537.124 | 580.234 | 700.000,Delantero
Szczesny,Barcelona,0 | 0 | 0 | 0 | 0 | +8.400,"0,00% | 0,00% | 0,00% | 0,00% | 0,00% | +0,26%",,21ddías,3.208.400,3.208.400 | 3.208.400 | 3.208.400 | 3.208.400 | 3.208.400 | 3.200.000,Portero
Antony,Betis,-1.304.459 | -2.694.952 | -3.899.759 | -8.944.748 | -10.845.131 | -3.855.565,"-1,80% | -3,65% | -5,20% | -11,17% | -13,23% | -5,14%",,11ddías,71.144.435,72.448.894 | 73.839.387 | 75.044.194 | 80.089.183 | 81.989.566 | 75.000.000,Delantero
El-Abdellaoui,Celta,0 | 0 | 0 | 0 | 0 | +4.893,"0,00% | 0,00% | 0,00% | 0,00% | 0,00% | +0,38%",,21ddías,1.304.893,1.304.893 | 1.304.893 | 1.304.893 | 1.304.893 | 1.304.893 | 1.300.000,Delantero
Lago,Celta,0 | 0 | 0 | 0 | 0 | +2.633,"0,00% | 0,00% | 0,00% | 0,00% | 0,00% | +0,38%",,21ddías,702.633,702.633 | 702.633 | 702.633 | 702.633 | 702.633 | 700.000,Defensa
Mestre,Real Madrid,0 | 0 | 0 | 0 | 0 | -22.140,"0,00% | 0,00% | 0,00% | 0,00% | 0,00% | -3,16%",,21ddías,677.860,677.860 | 677.860 | 677.860 | 677.860 | 677.860 | 700.000,Portero
Jiménez,Real Madrid,0 | 0 | 0 | 0 | 0 | +2.248,"0,00% | 0,00% | 0,00% | 0,00% | 0,00% | +0,37%",,21ddías,602.248,602.248 | 602.248 | 602.248 | 602.248 | 602.248 | 600.000,Defensa
Valera,Elche,-282.745 | -604.610 | -845.809 | -1.816.345 | -3.334.981 | -37.444.846,"-1,09% | -2,30% | -3,19% | -6,60% | -11,49% | -59,31%",,15ddías,25.684.531,25.967.276 | 26.289.141 | 26.530.340 | 27.500.876 | 29.019.512 | 63.129.377,Mediocampista
Spina,Atlético,0 | 0 | 0 | 0 | 0 | +2.702,"0,00% | 0,00% | 0,00% | 0,00% | 0,00% | +0,39%",,21ddías,702.702,702.702 | 702.702 | 702.702 | 702.702 | 702.702 | 700.000,Defensa
Etta Eyong,Levante,+705.689 | +1.057.314 | +1.403.632 | +2.783.896 | +4.393.528 | +7.991.709,"+4,33% | +6,64% | +9,00% | +19,59% | +34,87% | +88,80%",,23ddías,16.991.709,16.286.020 | 15.934.395 | 15.588.077 | 14.207.813 | 12.598.181 | 9.000.000,Delantero
Hugo Álvarez,Celta,-82.819 | -173.266 | -273.238 | -647.637 | -1.478.792 | -2.558.691,"-2,06% | -4,21% | -6,48% | -14,11% | -27,28% | -39,36%",,24ddías,3.941.309,4.024.128 | 4.114.575 | 4.214.547 | 4.588.946 | 5.420.101 | 6.500.000,Mediocampista
Otorbi,Valencia,0 | 0 | 0 | 0 | 0 | +2.292,"0,00% | 0,00% | 0,00% | 0,00% | 0,00% | +0,38%",,21ddías,602.292,602.292 | 602.292 | 602.292 | 602.292 | 602.292 | 600.000,Delantero
Jon Martín,Real Sociedad,0 | 0 | 0 | 0 | 0 | +111.790,"0,00% | 0,00% | 0,00% | 0,00% | 0,00% | +0,37%",,21ddías,30.111.790,30.111.790 | 30.111.790 | 30.111.790 | 30.111.790 | 30.111.790 | 30.000.000,Defensa
Aramburu,Real Sociedad,+362.904 | +682.193 | +1.059.518 | +2.096.255 | +3.756.258 | +5.512.361,"+2,99% | +5,77% | +9,25% | +20,13% | +42,90% | +78,75%",,23ddías,12.512.361,12.149.457 | 11.830.168 | 11.452.843 | 10.416.106 | 8.756.103 | 7.000.000,Defensa
Luiz Junior,Villarreal,+1.080.999 | +1.748.632 | +2.678.429 | +5.365.515 | +9.271.443 | +13.683.935,"+3,32% | +5,48% | +8,64% | +18,95% | +37,98% | +68,42%",,23ddías,33.683.935,32.602.936 | 31.935.303 | 31.005.506 | 28.318.420 | 24.412.492 | 20.000.000,Portero
Logan Costa,Villarreal,-41.145 | -83.727 | -124.000 | -312.361 | -701.070 | -1.275.576,"-2,33% | -4,63% | -6,71% | -15,34% | -28,90% | -42,52%",,24ddías,1.724.424,1.765.569 | 1.808.151 | 1.848.424 | 2.036.785 | 2.425.494 | 3.000.000,Defensa
Iturbe,Elche,0 | 0 | 0 | 0 | 0 | +2.099,"0,00% | 0,00% | 0,00% | 0,00% | 0,00% | +0,26%",,21ddías,802.099,802.099 | 802.099 | 802.099 | 802.099 | 802.099 | 800.000,Portero
Lo Celso,Betis,+916.914 | +1.503.957 | +2.413.524 | +6.054.169 | +11.232.479 | +15.366.907,"+2,66% | +4,44% | +7,32% | +20,65% | +46,54% | +76,83%",,23ddías,35.366.907,34.449.993 | 33.862.950 | 32.953.383 | 29.312.738 | 24.134.428 | 20.000.000,Mediocampista
Manu González,Betis,0 | 0 | 0 | 0 | 0 | -18.309,"0,00% | 0,00% | 0,00% | 0,00% | 0,00% | -3,05%",,21ddías,581.691,581.691 | 581.691 | 581.691 | 581.691 | 581.691 | 600.000,Portero
Cabanes,Villarreal,0 | 0 | 0 | 0 | 0 | +2.292,"0,00% | 0,00% | 0,00% | 0,00% | 0,00% | +0,38%",,21ddías,602.292,602.292 | 602.292 | 602.292 | 602.292 | 602.292 | 600.000,Delantero
Alfon,Sevilla,0 | 0 | 0 | 0 | 0 | +26.761,"0,00% | 0,00% | 0,00% | 0,00% | 0,00% | +0,38%",,21ddías,7.026.761,7.026.761 | 7.026.761 | 7.026.761 | 7.026.761 | 7.026.761 | 7.000.000,Delantero
Risco,Getafe,0 | 0 | 0 | 0 | 0 | +2.705,"0,00% | 0,00% | 0,00% | 0,00% | 0,00% | +0,39%",,21ddías,702.705,702.705 | 702.705 | 702.705 | 702.705 | 702.705 | 700.000,Mediocampista
De la Sías,Rayo,0 | 0 | 0 | 0 | 0 | +2.234,"0,00% | 0,00% | 0,00% | 0,00% | 0,00% | +0,37%",,21ddías,602.234,602.234 | 602.234 | 602.234 | 602.234 | 602.234 | 600.000,Defensa
Óskarsson,Real Sociedad,-153.230 | -369.653 | -559.504 | -1.478.239 | -3.079.722 | -4.999.427,"-1,51% | -3,56% | -5,30% | -12,88% | -23,54% | -33,33%",,24ddías,10.000.573,10.153.803 | 10.370.226 | 10.560.077 | 11.478.812 | 13.080.295 | 15.000.000,Delantero
Alberto,Sevilla,0 | 0 | 0 | 0 | 0 | +2.633,"0,00% | 0,00% | 0,00% | 0,00% | 0,00% | +0,38%",,21ddías,702.633,702.633 | 702.633 | 702.633 | 702.633 | 702.633 | 700.000,Portero
Pau Navarro,Villarreal,-172.272 | -395.815 | -591.958 | -1.456.456 | -2.983.823 | -5.190.063,"-1,57% | -3,53% | -5,19% | -11,87% | -21,63% | -32,44%",,24ddías,10.809.937,10.982.209 | 11.205.752 | 11.401.895 | 12.266.393 | 13.793.760 | 16.000.000,Defensa
Mbappé,Real Madrid,-710.707 | -2.339.828 | -2.945.331 | -23.352.954 | -23.352.954 | -23.352.954,"-0,53% | -1,74% | -2,18% | 0% | 0% | -15,02%",,6ddías,132.132.485,132.843.192 | 134.472.313 | 135.077.816 | 0 | 0 | 155.485.439,Delantero
Bernal,Barcelona,0 | 0 | 0 | 0 | 0 | +13.924,"0,00% | 0,00% | 0,00% | 0,00% | 0,00% | +0,39%",,21ddías,3.613.924,3.613.924 | 3.613.924 | 3.613.924 | 3.613.924 | 3.613.924 | 3.600.000,Mediocampista
Rosier,Osasuna,-275.564 | -542.386 | -774.231 | -1.335.080 | -2.042.639 | -1.760.119,"-2,90% | -5,54% | -7,73% | -12,62% | -18,10% | -16,00%",,19ddías,9.239.881,9.515.445 | 9.782.267 | 10.014.112 | 10.574.961 | 11.282.520 | 11.000.000,Defensa
Fran Pérez,Rayo,-28.076 | -58.066 | -82.407 | -204.875 | -455.374 | -888.929,"-2,46% | -4,97% | -6,90% | -15,57% | -29,07% | -44,45%",,24ddías,1.111.071,1.139.147 | 1.169.137 | 1.193.478 | 1.315.946 | 1.566.445 | 2.000.000,Mediocampista
Gayà,Valencia,-121.226 | -365.789 | -551.228 | -1.447.430 | -2.906.494 | -4.969.934,"-0,92% | -2,73% | -4,06% | -10,00% | -18,24% | -27,61%",,24ddías,13.030.066,13.151.292 | 13.395.855 | 13.581.294 | 14.477.496 | 15.936.560 | 18.000.000,Defensa
Mouriño,Villarreal,+596.250 | +914.676 | +1.518.402 | +3.674.422 | +7.643.838 | +10.265.271,"+1,83% | +2,83% | +4,78% | +12,42% | +29,83% | +44,63%",,22ddías,33.265.271,32.669.021 | 32.350.595 | 31.746.869 | 29.590.849 | 25.621.433 | 23.000.000,Defensa
Diego López,Valencia,-103.937 | -215.000 | -324.677 | -808.944 | -1.808.491 | -2.496.553,"-2,88% | -5,78% | -8,48% | -18,76% | -34,05% | -41,61%",,24ddías,3.503.447,3.607.384 | 3.718.447 | 3.828.124 | 4.312.391 | 5.311.938 | 6.000.000,Delantero
Pepelu,Valencia,-124.990 | -270.019 | -392.918 | -801.212 | -1.772.008 | -1.432.891,"-1,44% | -3,06% | -4,39% | -8,55% | -17,14% | -14,33%",,19ddías,8.567.109,8.692.099 | 8.837.128 | 8.960.027 | 9.368.321 | 10.339.117 | 10.000.000,Mediocampista
Foulquier,Valencia,-117.583 | -245.589 | -245.589 | -245.589 | -245.589 | -231.445,"-3,28% | -6,61% | -6,61% | -6,61% | -6,61% | -6,26%",,2ddías,3.468.555,3.586.138 | 3.714.144 | 3.714.144 | 3.714.144 | 3.714.144 | 3.700.000,Defensa
Jesús Vázquez,Valencia,-54.191 | -117.398 | -170.918 | -425.712 | -1.002.894 | -1.926.919,"-2,33% | -4,91% | -6,99% | -15,77% | -30,61% | -45,88%",,24ddías,2.273.081,2.327.272 | 2.390.479 | 2.443.999 | 2.698.793 | 3.275.975 | 4.200.000,Defensa
Hugo González,Celta,0 | 0 | 0 | 0 | 0 | +5.646,"0,00% | 0,00% | 0,00% | 0,00% | 0,00% | +0,38%",,21ddías,1.505.646,1.505.646 | 1.505.646 | 1.505.646 | 1.505.646 | 1.505.646 | 1.500.000,Mediocampista
Almeida,Valencia,-96.002 | -194.470 | -281.802 | -698.365 | -1.528.368 | -2.788.582,"-2,59% | -5,11% | -7,24% | -16,20% | -29,74% | -43,57%",,24ddías,3.611.418,3.707.420 | 3.805.888 | 3.893.220 | 4.309.783 | 5.139.786 | 6.400.000,Mediocampista
Tárrega,Valencia,-140.443 | -240.130 | -316.212 | -869.092 | -1.918.758 | -3.081.396,"-1,47% | -2,49% | -3,25% | -8,45% | -16,92% | -24,65%",,24ddías,9.418.604,9.559.047 | 9.658.734 | 9.734.816 | 10.287.696 | 11.337.362 | 12.500.000,Defensa
Iranzo,Valencia,0 | 0 | 0 | 0 | 0 | +2.292,"0,00% | 0,00% | 0,00% | 0,00% | 0,00% | +0,38%",,21ddías,602.292,602.292 | 602.292 | 602.292 | 602.292 | 602.292 | 600.000,Defensa
Comesaña,Villarreal,-653.608 | -1.371.768 | -2.089.920 | -3.396.861 | -5.784.575 | -8.171.604,"-2,27% | -4,65% | -6,92% | -10,78% | -17,06% | -22,51%",,24ddías,28.128.396,28.782.004 | 29.500.164 | 30.218.316 | 31.525.257 | 33.912.971 | 36.300.000,Mediocampista
Gerard,Villarreal,-377.970 | -776.025 | -1.070.918 | -2.722.999 | -5.959.851 | -8.778.395,"-1,20% | -2,43% | -3,32% | -8,02% | -16,03% | -21,95%",,24ddías,31.221.605,31.599.575 | 31.997.630 | 32.292.523 | 33.944.604 | 37.181.456 | 40.000.000,Delantero
Foyth,Villarreal,0 | 0 | 0 | 0 | 0 | +47.789,"0,00% | 0,00% | 0,00% | 0,00% | 0,00% | +0,38%",,21ddías,12.547.789,12.547.789 | 12.547.789 | 12.547.789 | 12.547.789 | 12.547.789 | 12.500.000,Defensa
Sörloth,Atlético,-536.585 | -1.033.769 | -1.403.515 | -2.882.735 | -6.905.333 | -10.871.668,"-1,81% | -3,43% | -4,60% | -9,01% | -19,16% | -27,18%",,24ddías,29.128.332,29.664.917 | 30.162.101 | 30.531.847 | 32.011.067 | 36.033.665 | 40.000.000,Delantero
Rivero,Valencia,-11.290 | -23.811 | -34.557 | -84.504 | -160.216 | -368.446,"-1,76% | -3,63% | -5,19% | -11,80% | -20,24% | -36,84%",,7ddías,631.554,642.844 | 655.365 | 666.111 | 716.058 | 791.770 | 1.000.000,Portero
Duro,Valencia,-38.295 | -197.598 | -339.701 | -833.325 | -1.841.542 | -2.270.910,"-0,39% | -1,99% | -3,37% | -7,89% | -15,92% | -18,92%",,19ddías,9.729.090,9.767.385 | 9.926.688 | 10.068.791 | 10.562.415 | 11.570.632 | 12.000.000,Delantero
Femenia,Getafe,-46.351 | -112.962 | -171.554 | -468.981 | -1.174.994 | -2.129.419,"-1,18% | -2,84% | -4,24% | -10,81% | -23,29% | -35,49%",,24ddías,3.870.581,3.916.932 | 3.983.543 | 4.042.135 | 4.339.562 | 5.045.575 | 6.000.000,Defensa
Rafa Mir,Sevilla,0 | 0 | 0 | 0 | 0 | +27.127,"0,00% | 0,00% | 0,00% | 0,00% | 0,00% | +0,39%",,21ddías,7.027.127,7.027.127 | 7.027.127 | 7.027.127 | 7.027.127 | 7.027.127 | 7.000.000,Delantero
Fraga,Real Sociedad,0 | 0 | 0 | 0 | 0 | +2.234,"0,00% | 0,00% | 0,00% | 0,00% | 0,00% | +0,37%",,21ddías,602.234,602.234 | 602.234 | 602.234 | 602.234 | 602.234 | 600.000,Portero
Urko,Espanyol,-64.770 | -146.893 | -200.807 | -480.362 | -1.060.385 | -1.793.680,"-1,23% | -2,74% | -3,71% | -8,45% | -16,92% | -25,62%",,21ddías,5.206.320,5.271.090 | 5.353.213 | 5.407.127 | 5.686.682 | 6.266.705 | 7.000.000,Mediocampista
Dmitrovic,Espanyol,+932.503 | +1.605.987 | +2.405.091 | +4.693.615 | +8.367.236 | +11.355.294,"+3,67% | +6,49% | +10,04% | +21,67% | +46,52% | +75,70%",,23ddías,26.355.294,25.422.791 | 24.749.307 | 23.950.203 | 21.661.679 | 17.988.058 | 15.000.000,Portero
Gattoni,Sevilla,-5.513 | -12.015 | -16.492 | -38.638 | -87.100 | -207.117,"-1,11% | -2,38% | -3,24% | -7,27% | -15,02% | -29,59%",,24ddías,492.883,498.396 | 504.898 | 509.375 | 531.521 | 579.983 | 700.000,Defensa
Pedrosa,Sevilla,0 | 0 | 0 | 0 | 0 | +12.788,"0,00% | 0,00% | 0,00% | 0,00% | 0,00% | +0,39%",,21ddías,3.312.788,3.312.788 | 3.312.788 | 3.312.788 | 3.312.788 | 3.312.788 | 3.300.000,Defensa
Jordan,Sevilla,-13.880 | -29.098 | -42.653 | -105.058 | -241.910 | -506.307,"-1,96% | -4,03% | -5,79% | -13,15% | -25,86% | -42,19%",,24ddías,693.693,707.573 | 722.791 | 736.346 | 798.751 | 935.603 | 1.200.000,Mediocampista
Mariano,Alavés,-37.565 | -79.107 | -120.550 | -293.590 | -671.985 | -1.318.767,"-2,65% | -5,42% | -8,03% | -17,53% | -32,73% | -48,84%",,24ddías,1.381.233,1.418.798 | 1.460.340 | 1.501.783 | 1.674.823 | 2.053.218 | 2.700.000,Delantero
Javi Guerra,Valencia,-326.612 | -659.063 | -801.227 | -1.475.235 | -4.189.236 | +22.883.413,"-1,25% | -2,49% | -3,01% | -5,41% | -13,96% | +781,71%",,14ddías,25.810.764,26.137.376 | 26.469.827 | 26.611.991 | 27.285.999 | 30.000.000 | 2.927.351,Mediocampista
Sow,Sevilla,-34.096 | -105.077 | -145.625 | -510.160 | -1.352.269 | -1.419.438,"-0,40% | -1,21% | -1,67% | -5,61% | -13,61% | -14,19%",,19ddías,8.580.562,8.614.658 | 8.685.639 | 8.726.187 | 9.090.722 | 9.932.831 | 10.000.000,Mediocampista
Marcão,Sevilla,-22.149 | -45.980 | -68.508 | -163.572 | -367.669 | -707.849,"-2,42% | -4,90% | -7,13% | -15,49% | -29,18% | -44,24%",,24ddías,892.151,914.300 | 938.131 | 960.659 | 1.055.723 | 1.259.820 | 1.600.000,Defensa
Juanlu,Sevilla,-41.668 | -94.973 | -126.355 | -342.441 | -902.756 | -1.868.899,"-1,31% | -2,94% | -3,88% | -9,86% | -22,38% | -37,38%",,25ddías,3.131.101,3.172.769 | 3.226.074 | 3.257.456 | 3.473.542 | 4.033.857 | 5.000.000,Mediocampista
Manu Bueno,Sevilla,0 | 0 | 0 | 0 | 0 | +2.099,"0,00% | 0,00% | 0,00% | 0,00% | 0,00% | +0,26%",,21ddías,802.099,802.099 | 802.099 | 802.099 | 802.099 | 802.099 | 800.000,Mediocampista
Diakhaby,Valencia,-144.971 | -367.353 | -647.222 | -949.532 | -949.532 | -915.124,"-1,76% | -4,35% | -7,41% | -10,51% | -10,51% | -10,17%",,4ddías,8.084.876,8.229.847 | 8.452.229 | 8.732.098 | 9.034.408 | 9.034.408 | 9.000.000,Defensa
Canós,Valencia,-11.903 | -753.153 | -753.153 | -753.153 | -753.153 | -753.153,"-1,81% | 0% | 0% | 0% | 0% | 0%",,1ddías,646.263,658.166 | 0 | 0 | 0 | 0 | 0,Delantero
Baena,Atlético,+524.827 | +1.049.777 | +2.522.726 | +8.641.951 | +19.705.087 | +26.397.607,"+0,74% | +1,49% | +3,66% | +13,77% | +38,12% | +58,66%",,23ddías,71.397.607,70.872.780 | 70.347.830 | 68.874.881 | 62.755.656 | 51.692.520 | 45.000.000,Mediocampista
Íñigo Pérez,Villarreal,+2.508 | -22.673 | -35.325 | -142.646 | -309.661 | -303.099,"+0,11% | -1,02% | -1,58% | -6,10% | 0% | -12,12%",,1ddías,2.196.901,2.194.393 | 2.219.574 | 2.232.226 | 2.339.547 | 0 | 2.500.000,
Terrats,Getafe,0 | 0 | 0 | 0 | 0 | +10.495,"0,00% | 0,00% | 0,00% | 0,00% | 0,00% | +0,37%",,21ddías,2.810.495,2.810.495 | 2.810.495 | 2.810.495 | 2.810.495 | 2.810.495 | 2.800.000,Mediocampista
Edu Expósito,Espanyol,-237.263 | -598.749 | -929.953 | -2.639.053 | -12.301.166 | -12.301.166,"-0,82% | -2,03% | -3,12% | -8,38% | 0% | -29,88%",,13ddías,28.865.227,29.102.490 | 29.463.976 | 29.795.180 | 31.504.280 | 0 | 41.166.393,Mediocampista
Serrano,Athletic,-37.252 | -77.896 | -119.547 | -302.035 | -670.031 | -1.398.324,"-2,59% | -5,26% | -7,86% | -17,73% | -32,34% | -49,94%",,25ddías,1.401.676,1.438.928 | 1.479.572 | 1.521.223 | 1.703.711 | 2.071.707 | 2.800.000,Delantero
Raba,Valencia,-61.351 | -125.095 | -183.468 | -438.739 | -998.532 | -2.129.079,"-2,52% | -5,01% | -7,18% | -15,62% | -29,63% | -47,31%",,24ddías,2.370.921,2.432.272 | 2.496.016 | 2.554.389 | 2.809.660 | 3.369.453 | 4.500.000,Delantero
Conde,Betis,-82.576 | -171.563 | -260.792 | -460.447 | -901.971 | -1.458.390,"-2,64% | -5,34% | -7,90% | -13,15% | -22,87% | -32,41%",,22ddías,3.041.610,3.124.186 | 3.213.173 | 3.302.402 | 3.502.057 | 3.943.581 | 4.500.000,Portero
Raul Moro,Osasuna,+18.107 | -22.937 | -26.280 | -444.843 | -1.544.028 | -1.597.648,"+0,17% | -0,22% | -0,25% | -4,10% | -12,92% | -13,31%",,1ddías,10.402.352,10.384.245 | 10.425.289 | 10.428.632 | 10.847.195 | 11.946.380 | 12.000.000,Delantero
Boyomo,Osasuna,+603.912 | +910.409 | +1.377.847 | +3.002.057 | +5.219.759 | +5.778.221,"+2,99% | +4,58% | +7,10% | +16,89% | +33,55% | +38,52%",,20ddías,20.778.221,20.174.309 | 19.867.812 | 19.400.374 | 17.776.164 | 15.558.462 | 15.000.000,Defensa
Fortuño,Espanyol,-14.907 | -31.195 | -45.866 | -82.621 | -220.209 | -481.642,"-2,03% | -4,16% | -6,00% | -10,32% | -23,46% | -40,14%",,4ddías,718.358,733.265 | 749.553 | 764.224 | 800.979 | 938.567 | 1.200.000,Portero
Rubén Sánchez,Espanyol,-8.765 | -18.656 | -26.662 | -64.459 | -147.285 | -329.046,"-1,51% | -3,16% | -4,46% | -10,14% | -20,51% | -36,56%",,24ddías,570.954,579.719 | 589.610 | 597.616 | 635.413 | 718.239 | 900.000,Mediocampista
El Hilali,Espanyol,+146.679 | +219.660 | +321.118 | +692.147 | +852.637 | +1.284.434,"+2,21% | +3,35% | +4,97% | +11,36% | +14,37% | +23,35%",,8ddías,6.784.434,6.637.755 | 6.564.774 | 6.463.316 | 6.092.287 | 5.931.797 | 5.500.000,Defensa
Jofre,Espanyol,-39.055 | -80.983 | -119.982 | -292.436 | -667.340 | -1.271.538,"-2,49% | -5,03% | -7,28% | -16,06% | -30,39% | -45,41%",,24ddías,1.528.462,1.567.517 | 1.609.445 | 1.648.444 | 1.820.898 | 2.195.802 | 2.800.000,Delantero
Fort,Barcelona,0 | 0 | 0 | 0 | 0 | +19.376,"0,00% | 0,00% | 0,00% | 0,00% | 0,00% | +0,39%",,21ddías,5.019.376,5.019.376 | 5.019.376 | 5.019.376 | 5.019.376 | 5.019.376 | 5.000.000,Defensa
Pere Milla,Espanyol,-22.285 | -29.639 | +7.652 | +370.953 | +754.808 | +2.783.957,"-0,21% | -0,27% | +0,07% | +3,56% | +7,53% | +34,80%",,2ddías,10.783.957,10.806.242 | 10.813.596 | 10.776.305 | 10.413.004 | 10.029.149 | 8.000.000,Delantero
Lozano,Espanyol,-54.296 | -116.190 | -183.233 | -456.370 | -1.067.746 | -2.011.974,"-1,78% | -3,74% | -5,78% | -13,25% | -26,33% | -40,24%",,24ddías,2.988.026,3.042.322 | 3.104.216 | 3.171.259 | 3.444.396 | 4.055.772 | 5.000.000,Mediocampista
Puado,Espanyol,-325.015 | -663.748 | -1.007.708 | -2.417.770 | -5.176.885 | -4.394.848,"-2,97% | -5,89% | -8,68% | -18,57% | -32,80% | -29,30%",,15ddías,10.605.152,10.930.167 | 11.268.900 | 11.612.860 | 13.022.922 | 15.782.037 | 15.000.000,Mediocampista
Cabrera,Espanyol,-140.693 | -297.036 | -405.324 | -989.654 | -1.938.093 | +5.889.676,"-0,81% | -1,70% | -2,31% | -5,46% | -10,15% | +52,31%",,17ddías,17.148.439,17.289.132 | 17.445.475 | 17.553.763 | 18.138.093 | 19.086.532 | 11.258.763,Defensa
Calero,Málaga,0 | 0 | 0 | 0 | 0 | +13.120,"0,00% | 0,00% | 0,00% | 0,00% | 0,00% | +0,37%",,21ddías,3.513.120,3.513.120 | 3.513.120 | 3.513.120 | 3.513.120 | 3.513.120 | 3.500.000,Defensa
Joan Garcia,Barcelona,0 | 0 | 0 | 0 | 0 | +193.416,"0,00% | 0,00% | 0,00% | 0,00% | 0,00% | +0,39%",,21ddías,50.193.416,50.193.416 | 50.193.416 | 50.193.416 | 50.193.416 | 50.193.416 | 50.000.000,Portero
Juanmi,Getafe,-18.391 | -38.308 | -56.758 | -140.868 | -302.532 | -698.044,"-2,24% | -4,56% | -6,61% | -14,94% | -27,39% | -46,54%",,24ddías,801.956,820.347 | 840.264 | 858.714 | 942.824 | 1.104.488 | 1.500.000,Delantero
Denis Suárez,Alavés,-84.799 | -173.414 | -258.149 | -643.487 | -1.458.827 | -2.630.219,"-2,45% | -4,89% | -7,12% | -16,03% | -30,21% | -43,84%",,24ddías,3.369.781,3.454.580 | 3.543.195 | 3.627.930 | 4.013.268 | 4.828.608 | 6.000.000,Mediocampista
Guedes,Real Sociedad,-1.179.260 | -2.525.029 | -3.848.893 | -9.484.175 | -6.877.671 | -6.877.671,"-2,21% | -4,62% | -6,88% | -15,40% | 0% | -11,66%",,9ddías,52.103.584,53.282.844 | 54.628.613 | 55.952.477 | 61.587.759 | 0 | 58.981.255,Delantero
Fornals,Betis,-1.866.856 | -3.958.161 | -5.967.057 | -14.972.504 | -68.661.804 | -68.661.804,"-2,44% | -5,04% | -7,40% | -16,71% | 0% | -47,92%",,7ddías,74.627.496,76.494.352 | 78.585.657 | 80.594.553 | 89.600.000 | 0 | 143.289.300,Mediocampista
Akhomach,Villarreal,-254.275 | -529.312 | -529.312 | -529.312 | -529.312 | -499.191,"-3,28% | -6,59% | -6,59% | -6,59% | -6,59% | -6,24%",,2ddías,7.500.809,7.755.084 | 8.030.121 | 8.030.121 | 8.030.121 | 8.030.121 | 8.000.000,Delantero
Altimira,Deportivo,-117.868 | -232.786 | -333.964 | -518.067 | -1.169.868 | -1.167.254,"-1,98% | -3,84% | -5,42% | -8,16% | -16,71% | -16,68%",,18ddías,5.832.746,5.950.614 | 6.065.532 | 6.166.710 | 6.350.813 | 7.002.614 | 7.000.000,Defensa
Manu Sánchez,Levante,-55.403 | -153.184 | -339.802 | -539.729 | -539.729 | -517.218,"-1,00% | -2,72% | -5,84% | -8,96% | -8,96% | -8,62%",,4ddías,5.482.782,5.538.185 | 5.635.966 | 5.822.584 | 6.022.511 | 6.022.511 | 6.000.000,Defensa
Raúl García,Osasuna,-65.598 | -131.121 | -202.015 | -482.700 | -1.092.200 | -2.084.101,"-2,45% | -4,77% | -7,17% | -15,58% | -29,45% | -44,34%",,24ddías,2.615.899,2.681.497 | 2.747.020 | 2.817.914 | 3.098.599 | 3.708.099 | 4.700.000,Delantero
Kike Salas,Sevilla,-165.993 | -294.472 | -504.421 | -1.143.913 | -2.351.558 | -3.575.597,"-1,32% | -2,32% | -3,90% | -8,43% | -15,91% | -22,35%",,22ddías,12.424.403,12.590.396 | 12.718.875 | 12.928.824 | 13.568.316 | 14.775.961 | 16.000.000,Defensa
F. Carreras,Real Madrid,-461.773 | -954.611 | -1.423.816 | -3.264.621 | -6.845.006 | -11.448.120,"-2,47% | -4,97% | -7,24% | -15,17% | -27,27% | -38,55%",,24ddías,18.251.880,18.713.653 | 19.206.491 | 19.675.696 | 21.516.501 | 25.096.886 | 29.700.000,Defensa
Giuliano,Atlético,+301.630 | +590.519 | +1.497.270 | +5.175.075 | +12.823.888 | +20.127.407,"+0,55% | +1,08% | +2,79% | +10,36% | +30,31% | +57,51%",,22ddías,55.127.407,54.825.777 | 54.536.888 | 53.630.137 | 49.952.332 | 42.303.519 | 35.000.000,Delantero
Batalla,Rayo,+740.433 | +1.289.054 | +2.316.825 | +5.264.759 | +9.750.105 | +14.557.789,"+2,19% | +3,87% | +7,19% | +17,97% | +39,30% | +72,79%",,23ddías,34.557.789,33.817.356 | 33.268.735 | 32.240.964 | 29.293.030 | 24.807.684 | 20.000.000,Portero
Romero,Sevilla,-58.961 | -145.548 | -245.064 | -570.222 | -1.525.884 | -1.625.125,"-0,92% | -2,23% | -3,70% | -8,21% | -19,31% | -20,31%",,20ddías,6.374.875,6.433.836 | 6.520.423 | 6.619.939 | 6.945.097 | 7.900.759 | 8.000.000,Delantero
Cardoso,Atlético,-241.703 | -505.581 | -769.505 | -1.890.748 | -4.207.518 | -6.102.704,"-2,64% | -5,38% | -7,96% | -17,53% | -32,11% | -40,68%",,21ddías,8.897.296,9.138.999 | 9.402.877 | 9.666.801 | 10.788.044 | 13.104.814 | 15.000.000,Mediocampista
Moriba,Celta,+160.595 | +163.075 | +246.122 | -133.540 | -1.815.692 | -3.142.747,"+1,85% | +1,88% | +2,86% | -1,49% | -17,01% | -26,19%",,3ddías,8.857.253,8.696.658 | 8.694.178 | 8.611.131 | 8.990.793 | 10.672.945 | 12.000.000,Mediocampista
Agoume,Sevilla,-40.174 | -98.569 | -145.306 | -343.652 | -962.379 | -543.543,"-0,67% | -1,63% | -2,38% | -5,45% | -13,91% | -8,36%",,19ddías,5.956.457,5.996.631 | 6.055.026 | 6.101.763 | 6.300.109 | 6.918.836 | 6.500.000,Mediocampista
Carlos Espí,Levante,0 | 0 | 0 | 0 | 0 | 0,"0% | 0% | 0% | 0% | 0% | 0,00%",,30ddías,3.531.129,0 | 0 | 0 | 0 | 0 | 3.531.129,Delantero
Javi López,Real Sociedad,0 | 0 | 0 | 0 | 0 | 0,"0% | 0% | 0% | 0% | 0% | 0,00%",,30ddías,1.656.670,0 | 0 | 0 | 0 | 0 | 1.656.670,Defensa
Lemar,Atlético,0 | 0 | 0 | 0 | 0 | 0,"0% | 0% | 0% | 0% | 0% | 0,00%",,30ddías,1.680.630,0 | 0 | 0 | 0 | 0 | 1.680.630,Mediocampista
Satriano,Getafe,0 | 0 | 0 | 0 | 0 | 0,"0% | 0% | 0% | 0% | 0% | 0,00%",,30ddías,4.336.426,0 | 0 | 0 | 0 | 0 | 4.336.426,Delantero
Ter Stegen,Barcelona,0 | 0 | 0 | 0 | 0 | 0,"0% | 0% | 0% | 0% | 0% | 0,00%",,30ddías,1.683.226,0 | 0 | 0 | 0 | 0 | 1.683.226,Portero
M. Alonso,Celta,0 | 0 | 0 | 0 | 0 | 0,"0% | 0% | 0% | 0% | 0% | 0,00%",,30ddías,71.704.119,0 | 0 | 0 | 0 | 0 | 71.704.119,Defensa
Guido,Valencia,0 | 0 | 0 | 0 | 0 | 0,"0% | 0% | 0% | 0% | 0% | 0,00%",,30ddías,1.925.541,0 | 0 | 0 | 0 | 0 | 1.925.541,Mediocampista
Vargas,Sevilla,0 | 0 | 0 | 0 | 0 | 0,"0% | 0% | 0% | 0% | 0% | 0,00%",,30ddías,4.930.955,0 | 0 | 0 | 0 | 0 | 4.930.955,Delantero
Rincón,Athletic,0 | 0 | 0 | 0 | 0 | 0,"0% | 0% | 0% | 0% | 0% | 0,00%",,30ddías,1.658.593,0 | 0 | 0 | 0 | 0 | 1.658.593,Defensa
Forés,Villarreal,0 | 0 | 0 | 0 | 0 | 0,"0% | 0% | 0% | 0% | 0% | 0,00%",,30ddías,1.653.899,0 | 0 | 0 | 0 | 0 | 1.653.899,Delantero
Thiago,Villarreal,0 | 0 | 0 | 0 | 0 | 0,"0% | 0% | 0% | 0% | 0% | 0,00%",,30ddías,1.660.575,0 | 0 | 0 | 0 | 0 | 1.660.575,Mediocampista
Bambo,Elche,0 | 0 | 0 | 0 | 0 | 0,0% | 0% | 0% | 0% | 0% | 0%,,149ddías,652.470,0 | 0 | 0 | 0 | 0 | 0,Defensa
Neyou,Getafe,0 | 0 | 0 | 0 | 0 | 0,0% | 0% | 0% | 0% | 0% | 0%,,179ddías,604.547,0 | 0 | 0 | 0 | 0 | 0,Mediocampista
Maras,Alavés,0 | 0 | 0 | 0 | 0 | 0,0% | 0% | 0% | 0% | 0% | 0%,,182ddías,590.024,0 | 0 | 0 | 0 | 0 | 0,Defensa
Goti,Real Sociedad,0 | 0 | 0 | 0 | 0 | 0,0% | 0% | 0% | 0% | 0% | 0%,,185ddías,590.263,0 | 0 | 0 | 0 | 0 | 0,Mediocampista
Diarra,Alavés,0 | 0 | 0 | 0 | 0 | 0,0% | 0% | 0% | 0% | 0% | 0%,,185ddías,591.470,0 | 0 | 0 | 0 | 0 | 0,Defensa
Ali Houary,Elche,0 | 0 | 0 | 0 | 0 | 0,0% | 0% | 0% | 0% | 0% | 0%,,189ddías,592.065,0 | 0 | 0 | 0 | 0 | 0,Delantero
Damián,Celta,0 | 0 | 0 | 0 | 0 | 0,0% | 0% | 0% | 0% | 0% | 0%,,192ddías,593.721,0 | 0 | 0 | 0 | 0 | 0,Mediocampista
Javier Hernández,Espanyol,0 | 0 | 0 | 0 | 0 | 0,0% | 0% | 0% | 0% | 0% | 0%,,203ddías,575.023,0 | 0 | 0 | 0 | 0 | 0,Delantero
Bauzà,Espanyol,0 | 0 | 0 | 0 | 0 | 0,0% | 0% | 0% | 0% | 0% | 0%,,331ddías,318.649,0 | 0 | 0 | 0 | 0 | 0,Mediocampista
Uche,Getafe,0 | 0 | 0 | 0 | 0 | 0,0% | 0% | 0% | 0% | 0% | 0%,,332ddías,12.405.015,0 | 0 | 0 | 0 | 0 | 0,Mediocampista
Pablo López,Valencia,0 | 0 | 0 | 0 | 0 | 0,0% | 0% | 0% | 0% | 0% | 0%,,332ddías,441.041,0 | 0 | 0 | 0 | 0 | 0,Delantero
Alberto Marí,Valencia,0 | 0 | 0 | 0 | 0 | 0,0% | 0% | 0% | 0% | 0% | 0%,,333ddías,787.986,0 | 0 | 0 | 0 | 0 | 0,Delantero
Novoa,Alavés,0 | 0 | 0 | 0 | 0 | 0,0% | 0% | 0% | 0% | 0% | 0%,,333ddías,661.162,0 | 0 | 0 | 0 | 0 | 0,Defensa
Pelayo,Rayo,0 | 0 | 0 | 0 | 0 | 0,0% | 0% | 0% | 0% | 0% | 0%,,333ddías,1.722.279,0 | 0 | 0 | 0 | 0 | 0,Defensa
Hinojo,Espanyol,0 | 0 | 0 | 0 | 0 | 0,0% | 0% | 0% | 0% | 0% | 0%,,337ddías,317.496,0 | 0 | 0 | 0 | 0 | 0,Defensa
Djaló,Athletic,0 | 0 | 0 | 0 | 0 | 0,0% | 0% | 0% | 0% | 0% | 0%,,368ddías,8.434.683,0 | 0 | 0 | 0 | 0 | 0,Delantero
Owono,Alavés,0 | 0 | 0 | 0 | 0 | 0,0% | 0% | 0% | 0% | 0% | 0%,,368ddías,828.372,0 | 0 | 0 | 0 | 0 | 0,Portero
Berrocal,Getafe,0 | 0 | 0 | 0 | 0 | 0,0% | 0% | 0% | 0% | 0% | 0%,,368ddías,1.058.833,0 | 0 | 0 | 0 | 0 | 0,Defensa
De Tomás,Rayo,0 | 0 | 0 | 0 | 0 | 0,0% | 0% | 0% | 0% | 0% | 0%,,372ddías,3.229.388,0 | 0 | 0 | 0 | 0 | 0,Delantero
Méndez,Rayo,0 | 0 | 0 | 0 | 0 | 0,0% | 0% | 0% | 0% | 0% | 0%,,392ddías,1.717.735,0 | 0 | 0 | 0 | 0 | 0,Defensa
Raúl Jiménez,Valencia,0 | 0 | 0 | 0 | 0 | 0,0% | 0% | 0% | 0% | 0% | 0%,,392ddías,1.561.503,0 | 0 | 0 | 0 | 0 | 0,Portero
Eneko Ortiz,Villarreal,0 | 0 | 0 | 0 | 0 | 0,0% | 0% | 0% | 0% | 0% | 0%,,392ddías,1.718.986,0 | 0 | 0 | 0 | 0 | 0,Defensa
Serred,Espanyol,0 | 0 | 0 | 0 | 0 | 0,0% | 0% | 0% | 0% | 0% | 0%,,392ddías,1.731.552,0 | 0 | 0 | 0 | 0 | 0,Portero
Eto'o,Rayo,0 | 0 | 0 | 0 | 0 | 0,0% | 0% | 0% | 0% | 0% | 0%,,392ddías,1.718.988,0 | 0 | 0 | 0 | 0 | 0,Delantero
Gorka,Getafe,0 | 0 | 0 | 0 | 0 | 0,0% | 0% | 0% | 0% | 0% | 0%,,392ddías,1.718.986,0 | 0 | 0 | 0 | 0 | 0,Defensa
Carrillo,Celta,0 | 0 | 0 | 0 | 0 | 0,0% | 0% | 0% | 0% | 0% | 0%,,392ddías,1.567.556,0 | 0 | 0 | 0 | 0 | 0,Portero
Adrián,Alavés,0 | 0 | 0 | 0 | 0 | 0,0% | 0% | 0% | 0% | 0% | 0%,,392ddías,1.640.215,0 | 0 | 0 | 0 | 0 | 0,Portero
Solà,Atlético,0 | 0 | 0 | 0 | 0 | 0,0% | 0% | 0% | 0% | 0% | 0%,,392ddías,1.640.523,0 | 0 | 0 | 0 | 0 | 0,Defensa
Córdoba,Valencia,0 | 0 | 0 | 0 | 0 | 0,0% | 0% | 0% | 0% | 0% | 0%,,392ddías,1.548.667,0 | 0 | 0 | 0 | 0 | 0,Defensa
Collado,Sevilla,0 | 0 | 0 | 0 | 0 | 0,0% | 0% | 0% | 0% | 0% | 0%,,392ddías,1.718.988,0 | 0 | 0 | 0 | 0 | 0,Mediocampista
Olabarrieta,Athletic,0 | 0 | 0 | 0 | 0 | 0,0% | 0% | 0% | 0% | 0% | 0%,,392ddías,1.717.797,0 | 0 | 0 | 0 | 0 | 0,Delantero
Medenica,Getafe,0 | 0 | 0 | 0 | 0 | 0,0% | 0% | 0% | 0% | 0% | 0%,,392ddías,1.560.264,0 | 0 | 0 | 0 | 0 | 0,Portero
Isra,Sevilla,0 | 0 | 0 | 0 | 0 | 0,0% | 0% | 0% | 0% | 0% | 0%,,392ddías,1.718.237,0 | 0 | 0 | 0 | 0 | 0,Delantero
Busto,Betis,0 | 0 | 0 | 0 | 0 | 0,0% | 0% | 0% | 0% | 0% | 0%,,392ddías,1.621.161,0 | 0 | 0 | 0 | 0 | 0,Defensa
De Llanos,Real Madrid,0 | 0 | 0 | 0 | 0 | 0,0% | 0% | 0% | 0% | 0% | 0%,,392ddías,1.622.168,0 | 0 | 0 | 0 | 0 | 0,Mediocampista
Rupérez,Real Sociedad,0 | 0 | 0 | 0 | 0 | 0,0% | 0% | 0% | 0% | 0% | 0%,,392ddías,1.626.247,0 | 0 | 0 | 0 | 0 | 0,Defensa
Balda,Real Sociedad,0 | 0 | 0 | 0 | 0 | 0,0% | 0% | 0% | 0% | 0% | 0%,,392ddías,1.718.912,0 | 0 | 0 | 0 | 0 | 0,Defensa
Santana,Valencia,0 | 0 | 0 | 0 | 0 | 0,0% | 0% | 0% | 0% | 0% | 0%,,392ddías,1.723.821,0 | 0 | 0 | 0 | 0 | 0,Delantero
Rivas,Real Madrid,0 | 0 | 0 | 0 | 0 | 0,0% | 0% | 0% | 0% | 0% | 0%,,392ddías,1.718.751,0 | 0 | 0 | 0 | 0 | 0,Defensa
Abril,Valencia,0 | 0 | 0 | 0 | 0 | 0,0% | 0% | 0% | 0% | 0% | 0%,,392ddías,1.728.051,0 | 0 | 0 | 0 | 0 | 0,Portero
Cortés,Barcelona,0 | 0 | 0 | 0 | 0 | 0,0% | 0% | 0% | 0% | 0% | 0%,,392ddías,1.718.327,0 | 0 | 0 | 0 | 0 | 0,Defensa
Requena,Levante,0 | 0 | 0 | 0 | 0 | 0,0% | 0% | 0% | 0% | 0% | 0%,,392ddías,1.621.683,0 | 0 | 0 | 0 | 0 | 0,Mediocampista
Yaakobishvili,Barcelona,0 | 0 | 0 | 0 | 0 | 0,0% | 0% | 0% | 0% | 0% | 0%,,392ddías,1.639.280,0 | 0 | 0 | 0 | 0 | 0,Portero
Canales,Athletic,0 | 0 | 0 | 0 | 0 | 0,0% | 0% | 0% | 0% | 0% | 0%,,392ddías,1.623.251,0 | 0 | 0 | 0 | 0 | 0,Delantero
Carlos,Atlético,0 | 0 | 0 | 0 | 0 | 0,0% | 0% | 0% | 0% | 0% | 0%,,392ddías,1.718.547,0 | 0 | 0 | 0 | 0 | 0,Defensa
Juan Cruz,Málaga,0 | 0 | 0 | 0 | 0 | 0,0% | 0% | 0% | 0% | 0% | 0%,,430ddías,19.968.443,0 | 0 | 0 | 0 | 0 | 0,Mediocampista
Morro,Rayo,0 | 0 | 0 | 0 | 0 | 0,0% | 0% | 0% | 0% | 0% | 0%,,696ddías,723.425,0 | 0 | 0 | 0 | 0 | 0,Portero
Mandi,Levante,0 | 0 | 0 | 0 | 0 | 0,0% | 0% | 0% | 0% | 0% | 0%,,713ddías,1.879.755,0 | 0 | 0 | 0 | 0 | 0,Defensa
Miguel,Alavés,0 | 0 | 0 | 0 | 0 | 0,0% | 0% | 0% | 0% | 0% | 0%,,714ddías,679.761,0 | 0 | 0 | 0 | 0 | 0,Delantero
Joseda,Alavés,0 | 0 | 0 | 0 | 0 | 0,0% | 0% | 0% | 0% | 0% | 0%,,758ddías,300.000,0 | 0 | 0 | 0 | 0 | 0,Defensa
Diallo,Alavés,0 | 0 | 0 | 0 | 0 | 0,0% | 0% | 0% | 0% | 0% | 0%,,759ddías,1.000.000,0 | 0 | 0 | 0 | 0 | 0,Mediocampista
Mendes,Alavés,0 | 0 | 0 | 0 | 0 | 0,0% | 0% | 0% | 0% | 0% | 0%,,759ddías,500.000,0 | 0 | 0 | 0 | 0 | 0,Mediocampista
Ian Forns,Betis,0 | 0 | 0 | 0 | 0 | 0,0% | 0% | 0% | 0% | 0% | 0%,,759ddías,500.000,0 | 0 | 0 | 0 | 0 | 0,Defensa
Mario,Valencia,0 | 0 | 0 | 0 | 0 | 0,0% | 0% | 0% | 0% | 0% | 0%,,759ddías,500.000,0 | 0 | 0 | 0 | 0 | 0,Delantero
Mario,Valencia,0 | 0 | 0 | 0 | 0 | 0,0% | 0% | 0% | 0% | 0% | 0%,,1ddías,760.408,0 | 0 | 0 | 0 | 0 | 0,Mediocampista