Jugador,Equipo,DiferenciaDif.,% Dif,Acel.,Tend.,Valor,Valor ant.Ant.,Posición
Karrikaburu,Real Sociedad,-14.893 | -29.726 | -44.579 | -114.627 | -256.018 | -702.363,"-2,08% | -4,07% | -5,98% | -14,05% | -26,74% | -50,04%",,29ddías,701.312,716.205 | 731.038 | 745.891 | 815.939 | 957.330 | 1.403.675,Delantero
Vlachodimos,Sevilla,0 | 0 | 0 | 0 | 0 | +17.097,"0,00% | 0,00% | 0,00% | 0,00% | 0,00% | +0,11%",,26ddías,15.056.479,15.056.479 | 15.056.479 | 15.056.479 | 15.056.479 | 15.056.479 | 15.039.382,Portero
Diangana,Elche,-26.486 | -56.107 | -83.745 | -206.424 | -479.530 | -1.386.874,"-1,71% | -3,56% | -5,22% | -11,95% | -23,97% | -47,70%",,29ddías,1.520.738,1.547.224 | 1.576.845 | 1.604.483 | 1.727.162 | 2.000.268 | 2.907.612,Delantero
Krug,Levante,0 | 0 | 0 | 0 | 0 | +675,"0,00% | 0,00% | 0,00% | 0,00% | 0,00% | +0,11%",,26ddías,602.249,602.249 | 602.249 | 602.249 | 602.249 | 602.249 | 601.574,Defensa
Hugo López,Villarreal,0 | 0 | 0 | 0 | 0 | +579,"0,00% | 0,00% | 0,00% | 0,00% | 0,00% | +0,12%",,26ddías,485.400,485.400 | 485.400 | 485.400 | 485.400 | 485.400 | 484.821,Mediocampista
Mikautadze,Villarreal,+649.949 | +979.458 | +1.200.009 | +1.623.303 | +3.103.514 | +5.525.436,"+1,23% | +1,86% | +2,29% | +3,12% | +6,13% | +11,47%",,22ddías,53.698.730,53.048.781 | 52.719.272 | 52.498.721 | 52.075.427 | 50.595.216 | 48.173.294,Delantero
Navarro,Valencia,0 | 0 | 0 | 0 | 0 | +598,"0,00% | 0,00% | 0,00% | 0,00% | 0,00% | +0,12%",,26ddías,501.909,501.909 | 501.909 | 501.909 | 501.909 | 501.909 | 501.311,Defensa
Cardoso,Sevilla,-27.546 | -59.385 | -88.926 | -224.094 | -507.468 | -1.300.116,"-2,43% | -5,09% | -7,44% | -16,85% | -31,45% | -54,03%",,29ddías,1.106.183,1.133.729 | 1.165.568 | 1.195.109 | 1.330.277 | 1.613.651 | 2.406.299,Defensa
Oso,Sevilla,0 | 0 | 0 | 0 | 0 | +16.576,"0,00% | 0,00% | 0,00% | 0,00% | 0,00% | +0,12%",,26ddías,14.053.332,14.053.332 | 14.053.332 | 14.053.332 | 14.053.332 | 14.053.332 | 14.036.756,Defensa
Álex Costa,Sevilla,0 | 0 | 0 | 0 | 0 | +710,"0,00% | 0,00% | 0,00% | 0,00% | 0,00% | +0,12%",,26ddías,602.284,602.284 | 602.284 | 602.284 | 602.284 | 602.284 | 601.574,Delantero
Folgado,Real Sociedad,0 | 0 | 0 | 0 | 0 | +770,"0,00% | 0,00% | 0,00% | 0,00% | 0,00% | +0,11%",,26ddías,702.606,702.606 | 702.606 | 702.606 | 702.606 | 702.606 | 701.836,Portero
Carlos Soler,Real Sociedad,-291.064 | -465.093 | -684.002 | -1.880.787 | -4.313.463 | -8.315.970,"-0,91% | -1,44% | -2,11% | -5,59% | -11,95% | -20,74%",,29ddías,31.789.051,32.080.115 | 32.254.144 | 32.473.053 | 33.669.838 | 36.102.514 | 40.105.021,Mediocampista
Sancris,Getafe,-19.020 | -38.152 | -57.483 | -147.034 | -335.275 | -904.101,"-2,32% | -4,55% | -6,70% | -15,52% | -29,52% | -53,04%",,29ddías,800.361,819.381 | 838.513 | 857.844 | 947.395 | 1.135.636 | 1.704.462,Delantero
Riedel,Espanyol,0 | 0 | 0 | 0 | 0 | +6.179,"0,00% | 0,00% | 0,00% | 0,00% | 0,00% | +0,11%",,26ddías,5.520.618,5.520.618 | 5.520.618 | 5.520.618 | 5.520.618 | 5.520.618 | 5.514.439,Defensa
Montero,Alavés,0 | 0 | 0 | 0 | 0 | +742,"0,00% | 0,00% | 0,00% | 0,00% | 0,00% | +0,12%",,26ddías,602.316,602.316 | 602.316 | 602.316 | 602.316 | 602.316 | 601.574,Portero
Oluwaseyi,Villarreal,-77.055 | -159.760 | -237.235 | -588.568 | -1.348.560 | -3.037.787,"-2,17% | -4,39% | -6,38% | -14,47% | -27,93% | -46,61%",,29ddías,3.479.278,3.556.333 | 3.639.038 | 3.716.513 | 4.067.846 | 4.827.838 | 6.517.065,Delantero
Arriaga,Levante,-77.379 | -155.604 | -230.786 | -566.603 | -1.245.598 | -2.808.841,"-2,36% | -4,63% | -6,71% | -15,02% | -27,98% | -46,69%",,29ddías,3.206.911,3.284.290 | 3.362.515 | 3.437.697 | 3.773.514 | 4.452.509 | 6.015.752,Mediocampista
Laporte,Athletic,+1.408.513 | +2.569.856 | +4.131.080 | +10.765.884 | +24.803.107 | +51.351.621,"+2,54% | +4,73% | +7,83% | +23,35% | +77,37% | 0%",,20ddías,56.862.949,55.454.436 | 54.293.093 | 52.731.869 | 46.097.065 | 32.059.842 | 0,Defensa
Thiago,Real Madrid,0 | 0 | 0 | 0 | 0 | +7.705,"0,00% | 0,00% | 0,00% | 0,00% | 0,00% | +0,11%",,26ddías,7.026.082,7.026.082 | 7.026.082 | 7.026.082 | 7.026.082 | 7.026.082 | 7.018.377,Mediocampista
Niculaesei,Elche,0 | 0 | 0 | 0 | 0 | +1.000,"0,00% | 0,00% | 0,00% | 0,00% | 0,00% | +0,12%",,26ddías,803.099,803.099 | 803.099 | 803.099 | 803.099 | 803.099 | 802.099,Defensa
Mendoza,Atlético,-9.994 | -20.248 | -33.898 | -102.985 | -239.712 | -572.731,"-1,06% | -2,13% | -3,51% | -9,96% | -20,47% | -38,08%",,29ddías,931.206,941.200 | 951.454 | 965.104 | 1.034.191 | 1.170.918 | 1.503.937,Mediocampista
Echegoyen,Osasuna,0 | 0 | 0 | 0 | 0 | +696,"0,00% | 0,00% | 0,00% | 0,00% | 0,00% | +0,12%",,26ddías,562.286,562.286 | 562.286 | 562.286 | 562.286 | 562.286 | 561.590,Mediocampista
Josan,Elche,0 | 0 | 0 | 0 | 0 | +1.500,"0,00% | 0,00% | 0,00% | 0,00% | 0,00% | +0,12%",,26ddías,1.204.650,1.204.650 | 1.204.650 | 1.204.650 | 1.204.650 | 1.204.650 | 1.203.150,Mediocampista
Davinchi,Getafe,0 | 0 | 0 | 0 | 0 | +3.728,"0,00% | 0,00% | 0,00% | 0,00% | 0,00% | +0,12%",,26ddías,3.011.603,3.011.603 | 3.011.603 | 3.011.603 | 3.011.603 | 3.011.603 | 3.007.875,Defensa
Mastantuono,Real Madrid,0 | 0 | 0 | 0 | 0 | +11.008,"0,00% | 0,00% | 0,00% | 0,00% | 0,00% | +0,11%",,26ddías,10.037.262,10.037.262 | 10.037.262 | 10.037.262 | 10.037.262 | 10.037.262 | 10.026.254,Delantero
Veiga,Villarreal,+697.364 | +1.272.293 | +2.040.563 | +4.346.869 | +9.240.230 | +18.291.627,"+1,63% | +3,02% | +4,94% | +11,14% | +27,08% | +72,97%",,28ddías,43.357.265,42.659.901 | 42.084.972 | 41.316.702 | 39.010.396 | 34.117.035 | 25.065.638,Defensa
Ryan,Levante,0 | 0 | 0 | 0 | 0 | +15.208,"0,00% | 0,00% | 0,00% | 0,00% | 0,00% | +0,11%",,26ddías,13.550.652,13.550.652 | 13.550.652 | 13.550.652 | 13.550.652 | 13.550.652 | 13.535.444,Portero
Corralejo,Betis,0 | 0 | 0 | 0 | 0 | +674,"0,00% | 0,00% | 0,00% | 0,00% | 0,00% | +0,11%",,26ddías,602.248,602.248 | 602.248 | 602.248 | 602.248 | 602.248 | 601.574,Mediocampista
Nacho Pérez,Levante,0 | 0 | 0 | 0 | 0 | +652,"0,00% | 0,00% | 0,00% | 0,00% | 0,00% | +0,11%",,26ddías,581.692,581.692 | 581.692 | 581.692 | 581.692 | 581.692 | 581.040,Defensa
Altozano,Sevilla,0 | 0 | 0 | 0 | 0 | +710,"0,00% | 0,00% | 0,00% | 0,00% | 0,00% | +0,12%",,26ddías,602.284,602.284 | 602.284 | 602.284 | 602.284 | 602.284 | 601.574,Mediocampista
Sierra,Sevilla,0 | 0 | 0 | 0 | 0 | +710,"0,00% | 0,00% | 0,00% | 0,00% | 0,00% | +0,12%",,26ddías,602.284,602.284 | 602.284 | 602.284 | 602.284 | 602.284 | 601.574,Delantero
Blázquez,Valencia,0 | 0 | 0 | 0 | 0 | +694,"0,00% | 0,00% | 0,00% | 0,00% | 0,00% | +0,12%",,26ddías,581.656,581.656 | 581.656 | 581.656 | 581.656 | 581.656 | 580.962,Delantero
Suazo,Sevilla,-94.323 | -174.518 | -252.787 | -654.598 | -1.396.107 | -3.199.675,"-1,59% | -2,91% | -4,16% | -10,10% | -19,34% | -35,46%",,29ddías,5.823.954,5.918.277 | 5.998.472 | 6.076.741 | 6.478.552 | 7.220.061 | 9.023.629,Defensa
Alemão,Rayo,-72.329 | -151.977 | -228.275 | -523.638 | -1.158.193 | -2.717.046,"-1,65% | -3,41% | -5,04% | -10,85% | -21,21% | -38,71%",,29ddías,4.301.331,4.373.660 | 4.453.308 | 4.529.606 | 4.824.969 | 5.459.524 | 7.018.377,Delantero
Santos,Athletic,0 | 0 | 0 | 0 | 0 | +770,"0,00% | 0,00% | 0,00% | 0,00% | 0,00% | +0,11%",,26ddías,702.606,702.606 | 702.606 | 702.606 | 702.606 | 702.606 | 701.836,Portero
Radu,Celta,+936.859 | +1.689.896 | +2.526.172 | +5.400.571 | +9.474.528 | +16.666.182,"+2,62% | +4,82% | +7,39% | +17,24% | +34,78% | +83,11%",,28ddías,36.718.692,35.781.833 | 35.028.796 | 34.192.520 | 31.318.121 | 27.244.164 | 20.052.510,Portero
Álvaro,Alavés,0 | 0 | 0 | 0 | 0 | +618,"0,00% | 0,00% | 0,00% | 0,00% | 0,00% | +0,12%",,26ddías,501.929,501.929 | 501.929 | 501.929 | 501.929 | 501.929 | 501.311,Defensa
Joan Martínez,Real Madrid,0 | 0 | 0 | 0 | 0 | +786,"0,00% | 0,00% | 0,00% | 0,00% | 0,00% | +0,11%",,26ddías,702.622,702.622 | 702.622 | 702.622 | 702.622 | 702.622 | 701.836,Defensa
Unai Santos,Osasuna,0 | 0 | 0 | 0 | 0 | +745,"0,00% | 0,00% | 0,00% | 0,00% | 0,00% | +0,12%",,26ddías,602.319,602.319 | 602.319 | 602.319 | 602.319 | 602.319 | 601.574,Defensa
Carlos Macià,Villarreal,0 | 0 | 0 | 0 | 0 | +958,"0,00% | 0,00% | 0,00% | 0,00% | 0,00% | +0,12%",,26ddías,803.057,803.057 | 803.057 | 803.057 | 803.057 | 803.057 | 802.099,Mediocampista
Carrera,Real Sociedad,0 | 0 | 0 | 0 | 0 | +797,"0,00% | 0,00% | 0,00% | 0,00% | 0,00% | +0,11%",,26ddías,702.633,702.633 | 702.633 | 702.633 | 702.633 | 702.633 | 701.836,Delantero
Rosón,Levante,0 | 0 | 0 | 0 | 0 | +675,"0,00% | 0,00% | 0,00% | 0,00% | 0,00% | +0,11%",,26ddías,602.249,602.249 | 602.249 | 602.249 | 602.249 | 602.249 | 601.574,Mediocampista
Nakoha,Levante,0 | 0 | 0 | 0 | 0 | +563,"0,00% | 0,00% | 0,00% | 0,00% | 0,00% | +0,11%",,26ddías,501.874,501.874 | 501.874 | 501.874 | 501.874 | 501.874 | 501.311,Defensa
Jurado,Valencia,0 | 0 | 0 | 0 | 0 | +718,"0,00% | 0,00% | 0,00% | 0,00% | 0,00% | +0,12%",,26ddías,602.292,602.292 | 602.292 | 602.292 | 602.292 | 602.292 | 601.574,Defensa
Panach,Valencia,0 | 0 | 0 | 0 | 0 | +598,"0,00% | 0,00% | 0,00% | 0,00% | 0,00% | +0,12%",,26ddías,501.909,501.909 | 501.909 | 501.909 | 501.909 | 501.909 | 501.311,Defensa
Marchal,Real Sociedad,0 | 0 | 0 | 0 | 0 | +660,"0,00% | 0,00% | 0,00% | 0,00% | 0,00% | +0,11%",,26ddías,602.234,602.234 | 602.234 | 602.234 | 602.234 | 602.234 | 601.574,Mediocampista
Yassin,Getafe,0 | 0 | 0 | 0 | 0 | +621,"0,00% | 0,00% | 0,00% | 0,00% | 0,00% | +0,12%",,26ddías,501.932,501.932 | 501.932 | 501.932 | 501.932 | 501.932 | 501.311,Defensa
Al Lal,Elche,0 | 0 | 0 | 0 | 0 | +625,"0,00% | 0,00% | 0,00% | 0,00% | 0,00% | +0,12%",,26ddías,501.936,501.936 | 501.936 | 501.936 | 501.936 | 501.936 | 501.311,Delantero
Óscar Marcos,Celta,0 | 0 | 0 | 0 | 0 | +683,"0,00% | 0,00% | 0,00% | 0,00% | 0,00% | +0,11%",,26ddías,602.257,602.257 | 602.257 | 602.257 | 602.257 | 602.257 | 601.574,Delantero
Meixús,Celta,0 | 0 | 0 | 0 | 0 | +551,"0,00% | 0,00% | 0,00% | 0,00% | 0,00% | +0,11%",,26ddías,485.372,485.372 | 485.372 | 485.372 | 485.372 | 485.372 | 484.821,Defensa
Selton,Athletic,0 | 0 | 0 | 0 | 0 | +683,"0,00% | 0,00% | 0,00% | 0,00% | 0,00% | +0,11%",,26ddías,602.257,602.257 | 602.257 | 602.257 | 602.257 | 602.257 | 601.574,Mediocampista
Delgado,Elche,0 | 0 | 0 | 0 | 0 | +750,"0,00% | 0,00% | 0,00% | 0,00% | 0,00% | +0,12%",,26ddías,602.324,602.324 | 602.324 | 602.324 | 602.324 | 602.324 | 601.574,Defensa
Adam Boayar,Elche,0 | 0 | 0 | 0 | 0 | +875,"0,00% | 0,00% | 0,00% | 0,00% | 0,00% | +0,12%",,26ddías,702.711,702.711 | 702.711 | 702.711 | 702.711 | 702.711 | 701.836,Mediocampista
Adrián Pérez,Athletic,0 | 0 | 0 | 0 | 0 | +683,"0,00% | 0,00% | 0,00% | 0,00% | 0,00% | +0,11%",,26ddías,602.257,602.257 | 602.257 | 602.257 | 602.257 | 602.257 | 601.574,Delantero
Bardghji,Barcelona,-115.442 | -231.539 | -358.967 | -677.478 | -677.478 | -671.513,"-2,71% | -5,30% | -7,98% | -14,06% | -14,06% | -13,95%",,5ddías,4.141.087,4.256.529 | 4.372.626 | 4.500.054 | 4.818.565 | 4.818.565 | 4.812.600,Delantero
Taufik,Atlético,0 | 0 | 0 | 0 | 0 | +742,"0,00% | 0,00% | 0,00% | 0,00% | 0,00% | +0,12%",,26ddías,602.316,602.316 | 602.316 | 602.316 | 602.316 | 602.316 | 601.574,Mediocampista
Martínez Bastida,Elche,0 | 0 | 0 | 0 | 0 | +750,"0,00% | 0,00% | 0,00% | 0,00% | 0,00% | +0,12%",,26ddías,602.324,602.324 | 602.324 | 602.324 | 602.324 | 602.324 | 601.574,Mediocampista
Aller,Barcelona,0 | 0 | 0 | 0 | 0 | +869,"0,00% | 0,00% | 0,00% | 0,00% | 0,00% | +0,12%",,26ddías,702.705,702.705 | 702.705 | 702.705 | 702.705 | 702.705 | 701.836,Portero
Ballestero,Alavés,0 | 0 | 0 | 0 | 0 | +742,"0,00% | 0,00% | 0,00% | 0,00% | 0,00% | +0,12%",,26ddías,602.316,602.316 | 602.316 | 602.316 | 602.316 | 602.316 | 601.574,Defensa
Monreal,Athletic,0 | 0 | 0 | 0 | 0 | +683,"0,00% | 0,00% | 0,00% | 0,00% | 0,00% | +0,11%",,26ddías,602.257,602.257 | 602.257 | 602.257 | 602.257 | 602.257 | 601.574,Defensa
Juan Hernández,Barcelona,0 | 0 | 0 | 0 | 0 | +720,"0,00% | 0,00% | 0,00% | 0,00% | 0,00% | +0,12%",,26ddías,581.760,581.760 | 581.760 | 581.760 | 581.760 | 581.760 | 581.040,Mediocampista
Barry,Villarreal,0 | 0 | 0 | 0 | 0 | +718,"0,00% | 0,00% | 0,00% | 0,00% | 0,00% | +0,12%",,26ddías,602.292,602.292 | 602.292 | 602.292 | 602.292 | 602.292 | 601.574,Mediocampista
Espart,Barcelona,0 | 0 | 0 | 0 | 0 | +869,"0,00% | 0,00% | 0,00% | 0,00% | 0,00% | +0,12%",,26ddías,702.705,702.705 | 702.705 | 702.705 | 702.705 | 702.705 | 701.836,Defensa
Benito,Getafe,0 | 0 | 0 | 0 | 0 | +745,"0,00% | 0,00% | 0,00% | 0,00% | 0,00% | +0,12%",,26ddías,602.319,602.319 | 602.319 | 602.319 | 602.319 | 602.319 | 601.574,Portero
Aleksandrov,Getafe,0 | 0 | 0 | 0 | 0 | +745,"0,00% | 0,00% | 0,00% | 0,00% | 0,00% | +0,12%",,26ddías,602.319,602.319 | 602.319 | 602.319 | 602.319 | 602.319 | 601.574,Delantero
Javi Navarro,Real Madrid,0 | 0 | 0 | 0 | 0 | +786,"0,00% | 0,00% | 0,00% | 0,00% | 0,00% | +0,11%",,26ddías,702.622,702.622 | 702.622 | 702.622 | 702.622 | 702.622 | 701.836,Portero
Beitia,Real Sociedad,0 | 0 | 0 | 0 | 0 | +550,"0,00% | 0,00% | 0,00% | 0,00% | 0,00% | +0,11%",,26ddías,501.861,501.861 | 501.861 | 501.861 | 501.861 | 501.861 | 501.311,Defensa
Lebarbier,Real Sociedad,0 | 0 | 0 | 0 | 0 | +660,"0,00% | 0,00% | 0,00% | 0,00% | 0,00% | +0,11%",,26ddías,602.234,602.234 | 602.234 | 602.234 | 602.234 | 602.234 | 601.574,Defensa
Rueda,Celta,-4.160 | -38.564 | -63.970 | -218.820 | -593.033 | -1.348.914,"-0,11% | -1,04% | -1,72% | -5,64% | -13,93% | -26,91%",,27ddías,3.664.212,3.668.372 | 3.702.776 | 3.728.182 | 3.883.032 | 4.257.245 | 5.013.126,Defensa
Becerra,Rayo,0 | 0 | 0 | 0 | 0 | +660,"0,00% | 0,00% | 0,00% | 0,00% | 0,00% | +0,11%",,26ddías,581.700,581.700 | 581.700 | 581.700 | 581.700 | 581.700 | 581.040,Mediocampista
Oláiz,Alavés,0 | 0 | 0 | 0 | 0 | +742,"0,00% | 0,00% | 0,00% | 0,00% | 0,00% | +0,12%",,26ddías,602.316,602.316 | 602.316 | 602.316 | 602.316 | 602.316 | 601.574,Defensa
Bekhoucha,Getafe,0 | 0 | 0 | 0 | 0 | +1.367,"0,00% | 0,00% | 0,00% | 0,00% | 0,00% | +0,12%",,26ddías,1.104.254,1.104.254 | 1.104.254 | 1.104.254 | 1.104.254 | 1.104.254 | 1.102.887,Defensa
Iván Romero,Levante,-30.362 | -38.456 | -84.225 | -245.734 | -680.925 | -1.532.901,"-0,43% | -0,55% | -1,19% | -3,40% | -8,88% | -17,99%",,18ddías,6.989.415,7.019.777 | 7.027.871 | 7.073.640 | 7.235.149 | 7.670.340 | 8.522.316,Delantero
De la Fuente,Levante,0 | 0 | 0 | 0 | 0 | +15.772,"0,00% | 0,00% | 0,00% | 0,00% | 0,00% | +0,11%",,26ddías,14.052.528,14.052.528 | 14.052.528 | 14.052.528 | 14.052.528 | 14.052.528 | 14.036.756,Defensa
Sivera,Alavés,+746.773 | +1.446.252 | +2.200.584 | +4.511.723 | +7.390.789 | +11.243.894,"+2,99% | +5,96% | +9,36% | +21,29% | +40,35% | +77,75%",,27ddías,25.705.268,24.958.495 | 24.259.016 | 23.504.684 | 21.193.545 | 18.314.479 | 14.461.374,Portero
Santiago,Elche,-13.307 | -26.488 | -39.620 | -102.038 | -230.051 | -640.148,"-1,97% | -3,84% | -5,64% | -13,33% | -25,75% | -49,11%",,29ddías,663.264,676.571 | 689.752 | 702.884 | 765.302 | 893.315 | 1.303.412,Mediocampista
Á. Núñez,Celta,-88.650 | -170.348 | -251.249 | -664.267 | -1.405.904 | -2.644.802,"-1,99% | -3,75% | -5,43% | -13,19% | -24,33% | -37,68%",,26ddías,4.373.575,4.462.225 | 4.543.923 | 4.624.824 | 5.037.842 | 5.779.479 | 7.018.377,Defensa
Affengruber,Elche,+688.921 | +1.319.032 | +2.098.899 | +4.520.334 | +8.093.100 | +21.855.999,"+2,33% | +4,56% | +7,45% | +17,56% | +36,51% | 0%",,21ddías,30.261.253,29.572.332 | 28.942.221 | 28.162.354 | 25.740.919 | 22.168.153 | 0,Defensa
Febas,Celta,0 | 0 | 0 | 0 | 0 | +31.250,"0,00% | 0,00% | 0,00% | 0,00% | 0,00% | +0,12%",,26ddías,25.096.888,25.096.888 | 25.096.888 | 25.096.888 | 25.096.888 | 25.096.888 | 25.065.638,Mediocampista
John ChetauyaJohn C.,Elche,-22.047 | -44.332 | -66.947 | -171.416 | -387.791 | -1.031.979,"-2,46% | -4,83% | -7,12% | -16,41% | -30,76% | -54,17%",,29ddías,873.008,895.055 | 917.340 | 939.955 | 1.044.424 | 1.260.799 | 1.904.987,Defensa
Bambo,Elche,-43.657 | +737.196 | +737.196 | +737.196 | +737.196 | +737.196,"-3,04% | 0% | 0% | 0% | 0% | 0%",,1ddías,1.391.661,1.435.318 | 0 | 0 | 0 | 0 | 0,Defensa
Vencedor,Athletic,0 | 0 | 0 | 0 | 0 | +2.478,"0,00% | 0,00% | 0,00% | 0,00% | 0,00% | +0,11%",,26ddías,2.208.253,2.208.253 | 2.208.253 | 2.208.253 | 2.208.253 | 2.208.253 | 2.205.775,Mediocampista
Youssef,Alavés,-8.182 | -16.025 | -23.596 | -61.353 | -135.221 | -362.106,"-1,49% | -2,88% | -4,18% | -10,20% | -20,02% | -40,13%",,21ddías,540.255,548.437 | 556.280 | 563.851 | 601.608 | 675.476 | 902.361,Defensa
Fortuny,Real Madrid,0 | 0 | 0 | 0 | 0 | +660,"0,00% | 0,00% | 0,00% | 0,00% | 0,00% | +0,11%",,26ddías,602.234,602.234 | 602.234 | 602.234 | 602.234 | 602.234 | 601.574,Mediocampista
Molina,Rayo,0 | 0 | 0 | 0 | 0 | +660,"0,00% | 0,00% | 0,00% | 0,00% | 0,00% | +0,11%",,26ddías,602.234,602.234 | 602.234 | 602.234 | 602.234 | 602.234 | 601.574,Portero
Arguibide,Osasuna,0 | 0 | 0 | 0 | 0 | +720,"0,00% | 0,00% | 0,00% | 0,00% | 0,00% | +0,12%",,26ddías,582.013,582.013 | 582.013 | 582.013 | 582.013 | 582.013 | 581.293,Defensa
Pablo García,Betis,0 | 0 | 0 | 0 | 0 | +2.809,"0,00% | 0,00% | 0,00% | 0,00% | 0,00% | +0,11%",,26ddías,2.509.371,2.509.371 | 2.509.371 | 2.509.371 | 2.509.371 | 2.509.371 | 2.506.562,Delantero
Ruggeri,Atlético,-83.729 | -165.719 | -244.287 | -666.963 | -1.511.869 | -1.540.593,"-1,12% | -2,20% | -3,20% | -8,29% | -17,00% | -17,26%",,23ddías,7.382.774,7.466.503 | 7.548.493 | 7.627.061 | 8.049.737 | 8.894.643 | 8.923.367,Defensa
Juanpe,Rayo,0 | 0 | 0 | 0 | 0 | +660,"0,00% | 0,00% | 0,00% | 0,00% | 0,00% | +0,11%",,26ddías,602.234,602.234 | 602.234 | 602.234 | 602.234 | 602.234 | 601.574,Portero
Valou,Getafe,0 | 0 | 0 | 0 | 0 | +718,"0,00% | 0,00% | 0,00% | 0,00% | 0,00% | +0,12%",,26ddías,602.292,602.292 | 602.292 | 602.292 | 602.292 | 602.292 | 601.574,Defensa
Niño,Málaga,-21.858 | -34.990 | -50.549 | -184.271 | -476.713 | -1.163.891,"-0,76% | -1,21% | -1,74% | -6,08% | -14,34% | -29,02%",,29ddías,2.846.610,2.868.468 | 2.881.600 | 2.897.159 | 3.030.881 | 3.323.323 | 4.010.501,Delantero
Rayane,Atlético,0 | 0 | 0 | 0 | 0 | +809,"0,00% | 0,00% | 0,00% | 0,00% | 0,00% | +0,12%",,26ddías,678.006,678.006 | 678.006 | 678.006 | 678.006 | 678.006 | 677.197,Delantero
Mendy,Rayo,0 | 0 | 0 | 0 | 0 | +6.604,"0,00% | 0,00% | 0,00% | 0,00% | 0,00% | +0,11%",,26ddías,6.022.356,6.022.356 | 6.022.356 | 6.022.356 | 6.022.356 | 6.022.356 | 6.015.752,Defensa
Ortiz,Betis,0 | 0 | 0 | 0 | 0 | +1.910,"0,00% | 0,00% | 0,00% | 0,00% | 0,00% | +0,11%",,26ddías,1.706.372,1.706.372 | 1.706.372 | 1.706.372 | 1.706.372 | 1.706.372 | 1.704.462,Defensa
Osambela,Osasuna,0 | 0 | 0 | 0 | 0 | +621,"0,00% | 0,00% | 0,00% | 0,00% | 0,00% | +0,12%",,26ddías,501.932,501.932 | 501.932 | 501.932 | 501.932 | 501.932 | 501.311,Mediocampista
Yáñez,Real Madrid,0 | 0 | 0 | 0 | 0 | +770,"0,00% | 0,00% | 0,00% | 0,00% | 0,00% | +0,11%",,26ddías,702.606,702.606 | 702.606 | 702.606 | 702.606 | 702.606 | 701.836,Delantero
Swiderski,Alavés,0 | 0 | 0 | 0 | 0 | +742,"0,00% | 0,00% | 0,00% | 0,00% | 0,00% | +0,12%",,26ddías,602.316,602.316 | 602.316 | 602.316 | 602.316 | 602.316 | 601.574,Portero
D. Aguado,Real Madrid,0 | 0 | 0 | 0 | 0 | +866,"0,00% | 0,00% | 0,00% | 0,00% | 0,00% | +0,11%",,26ddías,774.109,774.109 | 774.109 | 774.109 | 774.109 | 774.109 | 773.243,Defensa
Fran González,Sevilla,0 | 0 | 0 | 0 | 0 | +786,"0,00% | 0,00% | 0,00% | 0,00% | 0,00% | +0,11%",,26ddías,702.622,702.622 | 702.622 | 702.622 | 702.622 | 702.622 | 701.836,Portero
Mariezkurrena,Real Sociedad,0 | 0 | 0 | 0 | 0 | +769,"0,00% | 0,00% | 0,00% | 0,00% | 0,00% | +0,11%",,26ddías,677.966,677.966 | 677.966 | 677.966 | 677.966 | 677.966 | 677.197,Delantero
Castrín,Sevilla,0 | 0 | 0 | 0 | 0 | +5.688,"0,00% | 0,00% | 0,00% | 0,00% | 0,00% | +0,12%",,26ddías,4.823.016,4.823.016 | 4.823.016 | 4.823.016 | 4.823.016 | 4.823.016 | 4.817.328,Defensa
Rafa,Sevilla,0 | 0 | 0 | 0 | 0 | +683,"0,00% | 0,00% | 0,00% | 0,00% | 0,00% | +0,11%",,26ddías,602.257,602.257 | 602.257 | 602.257 | 602.257 | 602.257 | 601.574,Portero
Diatta,Villarreal,0 | 0 | 0 | 0 | 0 | +694,"0,00% | 0,00% | 0,00% | 0,00% | 0,00% | +0,12%",,26ddías,581.656,581.656 | 581.656 | 581.656 | 581.656 | 581.656 | 580.962,Mediocampista
Salinas,Málaga,0 | 0 | 0 | -18.620 | -228.947 | -834.917,"0,00% | 0,00% | 0,00% | -1,71% | -17,62% | -43,83%",,4ddías,1.070.070,1.070.070 | 1.070.070 | 1.070.070 | 1.088.690 | 1.299.017 | 1.904.987,Defensa
Huijsen,Real Madrid,-632.728 | -1.175.305 | -1.415.812 | -2.487.800 | -5.227.853 | -14.640.458,"-1,82% | -3,32% | -3,98% | -6,78% | -13,26% | -29,98%",,29ddías,34.187.405,34.820.133 | 35.362.710 | 35.603.217 | 36.675.205 | 39.415.258 | 48.827.863,Defensa
Vertrouwd,Rayo,0 | 0 | 0 | 0 | 0 | +1.100,"0,00% | 0,00% | 0,00% | 0,00% | 0,00% | +0,11%",,26ddías,1.003.725,1.003.725 | 1.003.725 | 1.003.725 | 1.003.725 | 1.003.725 | 1.002.625,Defensa
Torrents,Barcelona,0 | 0 | 0 | 0 | 0 | +745,"0,00% | 0,00% | 0,00% | 0,00% | 0,00% | +0,12%",,26ddías,602.319,602.319 | 602.319 | 602.319 | 602.319 | 602.319 | 601.574,Defensa
Ugrinic,Valencia,-115.806 | -240.992 | -363.871 | -859.222 | -1.846.692 | -3.459.229,"-2,48% | -5,02% | -7,39% | -15,85% | -28,82% | -43,13%",,27ddías,4.561.774,4.677.580 | 4.802.766 | 4.925.645 | 5.420.996 | 6.408.466 | 8.021.003,Mediocampista
Bigas,Elche,-137.655 | -292.028 | -457.016 | -1.094.895 | -1.760.022 | -1.317.667,"-2,01% | -4,17% | -6,38% | -14,04% | -20,80% | -16,43%",,24ddías,6.703.336,6.840.991 | 6.995.364 | 7.160.352 | 7.798.231 | 8.463.358 | 8.021.003,Defensa
Redondo,Elche,-30.483 | -61.919 | -91.556 | -223.459 | -500.421 | -1.294.424,"-2,67% | -5,28% | -7,61% | -16,73% | -31,04% | -53,79%",,29ddías,1.111.875,1.142.358 | 1.173.794 | 1.203.431 | 1.335.334 | 1.612.296 | 2.406.299,Mediocampista
Pinillos,Alavés,0 | 0 | 0 | 0 | 0 | +618,"0,00% | 0,00% | 0,00% | 0,00% | 0,00% | +0,12%",,26ddías,501.929,501.929 | 501.929 | 501.929 | 501.929 | 501.929 | 501.311,Mediocampista
Rego,Athletic,0 | 0 | 0 | 0 | 0 | +5.699,"0,00% | 0,00% | 0,00% | 0,00% | 0,00% | +0,11%",,26ddías,5.018.825,5.018.825 | 5.018.825 | 5.018.825 | 5.018.825 | 5.018.825 | 5.013.126,Defensa
Esquivel,Atlético,0 | 0 | 0 | 0 | 0 | +718,"0,00% | 0,00% | 0,00% | 0,00% | 0,00% | +0,12%",,26ddías,602.292,602.292 | 602.292 | 602.292 | 602.292 | 602.292 | 601.574,Portero
Manu Fernández,Celta,-3.805 | -7.089 | -9.911 | -26.611 | -54.243 | -166.357,"-0,87% | -1,60% | -2,23% | -5,76% | -11,08% | -27,65%",,29ddías,435.217,439.022 | 442.306 | 445.128 | 461.828 | 489.460 | 601.574,Defensa
Elgezabal,Levante,-39.633 | -77.727 | -117.087 | -294.686 | -641.760 | -1.587.162,"-2,71% | -5,19% | -7,61% | -17,18% | -31,12% | -52,77%",,29ddías,1.420.713,1.460.346 | 1.498.440 | 1.537.800 | 1.715.399 | 2.062.473 | 3.007.875,Defensa
Joselu,Getafe,0 | 0 | 0 | 0 | 0 | +745,"0,00% | 0,00% | 0,00% | 0,00% | 0,00% | +0,12%",,26ddías,602.319,602.319 | 602.319 | 602.319 | 602.319 | 602.319 | 601.574,Delantero
Víctor García,Levante,-67.715 | -138.758 | -212.277 | -536.076 | -1.215.029 | -2.958.169,"-2,58% | -5,15% | -7,67% | -17,34% | -32,22% | -53,64%",,29ddías,2.556.270,2.623.985 | 2.695.028 | 2.768.547 | 3.092.346 | 3.771.299 | 5.514.439,Defensa
Pablo CamposCuñat Campos,Levante,-10.505 | -14.433 | -6.444 | +82.938 | -12.379 | -520.449,"-0,81% | -1,11% | -0,50% | +6,90% | -0,95% | -28,84%",,2ddías,1.284.275,1.294.780 | 1.298.708 | 1.290.719 | 1.201.337 | 1.296.654 | 1.804.724,Portero
Toljan,Levante,-49.515 | -92.772 | -154.388 | -467.427 | -1.144.503 | -2.762.076,"-1,03% | -1,91% | -3,14% | -8,95% | -19,39% | -36,73%",,27ddías,4.757.614,4.807.129 | 4.850.386 | 4.912.002 | 5.225.041 | 5.902.117 | 7.519.690,Defensa
Cortés,Levante,0 | 0 | 0 | 0 | 0 | +901,"0,00% | 0,00% | 0,00% | 0,00% | 0,00% | +0,11%",,26ddías,803.000,803.000 | 803.000 | 803.000 | 803.000 | 803.000 | 802.099,Delantero
Primo,Levante,0 | 0 | 0 | 0 | 0 | +1.239,"0,00% | 0,00% | 0,00% | 0,00% | 0,00% | +0,11%",,26ddías,1.104.126,1.104.126 | 1.104.126 | 1.104.126 | 1.104.126 | 1.104.126 | 1.102.887,Portero
Gorrotxategi,Real Sociedad,-108.365 | -190.500 | -293.548 | -719.847 | -1.634.606 | +472.275,"-1,26% | -2,19% | -3,34% | -7,81% | -16,14% | +5,89%",,22ddías,8.493.278,8.601.643 | 8.683.778 | 8.786.826 | 9.213.125 | 10.127.884 | 8.021.003,Mediocampista
Oriol Rey,Levante,-24.228 | -48.786 | -73.502 | -185.099 | -414.470 | -1.079.881,"-2,55% | -5,01% | -7,36% | -16,67% | -30,93% | -53,85%",,29ddías,925.369,949.597 | 974.155 | 998.871 | 1.110.468 | 1.339.839 | 2.005.250,Mediocampista
Alexander-Arnold,Real Madrid,-264.190 | -653.898 | -964.565 | -2.470.459 | -6.057.804 | -14.057.403,"-1,00% | -2,45% | -3,57% | -8,66% | -18,87% | -35,05%",,29ddías,26.047.618,26.311.808 | 26.701.516 | 27.012.183 | 28.518.077 | 32.105.422 | 40.105.021,Defensa
Martim Neto,Elche,-31.687 | -67.215 | -101.331 | -194.484 | -368.411 | -1.073.054,"-1,61% | -3,36% | -4,98% | -9,13% | -16,00% | -35,67%",,29ddías,1.934.821,1.966.508 | 2.002.036 | 2.036.152 | 2.129.305 | 2.303.232 | 3.007.875,Mediocampista
Jonny,Alavés,-45.035 | -102.035 | -176.066 | -568.957 | -1.419.193 | -3.128.673,"-0,76% | -1,70% | -2,90% | -8,80% | -19,40% | -34,67%",,25ddías,5.894.956,5.939.991 | 5.996.991 | 6.071.022 | 6.463.913 | 7.314.149 | 9.023.629,Defensa
Almada,Atlético,-156.825 | -321.084 | -456.409 | -1.134.727 | -2.303.452 | -3.418.263,"-2,32% | -4,63% | -6,46% | -14,66% | -25,85% | -34,09%",,23ddías,6.607.991,6.764.816 | 6.929.075 | 7.064.400 | 7.742.718 | 8.911.443 | 10.026.254,Mediocampista
Luiz Felipe,Rayo,0 | 0 | 0 | 0 | 0 | +4.513,"0,00% | 0,00% | 0,00% | 0,00% | 0,00% | +0,11%",,26ddías,4.115.277,4.115.277 | 4.115.277 | 4.115.277 | 4.115.277 | 4.115.277 | 4.110.764,Defensa
Hancko,Atlético,+177.778 | +122.909 | +94.486 | -767.100 | -3.474.613 | -9.355.605,"+0,58% | +0,40% | +0,31% | -2,43% | -10,15% | -23,33%",,1ddías,30.749.416,30.571.638 | 30.626.507 | 30.654.930 | 31.516.516 | 34.224.029 | 40.105.021,Defensa
Fortea,Real Madrid,0 | 0 | 0 | 0 | 0 | 0,"0,00% | 0,00% | 0,00% | 0,00% | 0,00% | 0,00%",,26ddías,802.099,802.099 | 802.099 | 802.099 | 802.099 | 802.099 | 802.099,Defensa
Jutglà,Celta,-17.835 | -39.877 | -99.632 | -571.048 | -1.647.859 | -1.670.989,"-0,19% | -0,42% | -1,05% | -5,75% | -14,97% | -15,15%",,25ddías,9.357.891,9.375.726 | 9.397.768 | 9.457.523 | 9.928.939 | 11.005.750 | 11.028.880,Delantero
Valentín Gómez,Betis,-41.727 | -84.091 | -125.076 | -323.861 | -741.299 | -1.852.623,"-1,90% | -3,75% | -5,48% | -13,05% | -25,57% | -46,19%",,29ddías,2.157.878,2.199.605 | 2.241.969 | 2.282.954 | 2.481.739 | 2.899.177 | 4.010.501,Defensa
C. Álvarez,Levante,+398.843 | +728.545 | +1.092.022 | +2.282.566 | +4.715.078 | +9.566.939,"+2,32% | +4,32% | +6,62% | +14,91% | +36,63% | +119,27%",,28ddías,17.587.942,17.189.099 | 16.859.397 | 16.495.920 | 15.305.376 | 12.872.864 | 8.021.003,Mediocampista
Deossa,Betis,-40.860 | -84.950 | -126.533 | -324.804 | -765.704 | -2.013.626,"-2,11% | -4,29% | -6,25% | -14,62% | -28,76% | -51,50%",,29ddías,1.896.612,1.937.472 | 1.981.562 | 2.023.145 | 2.221.416 | 2.662.316 | 3.910.238,Mediocampista
Junior,Betis,-99.284 | -206.330 | -300.427 | -749.130 | -1.663.336 | -3.668.468,"-2,23% | -4,53% | -6,46% | -14,68% | -27,65% | -45,74%",,29ddías,4.352.535,4.451.819 | 4.558.865 | 4.652.962 | 5.101.665 | 6.015.871 | 8.021.003,Defensa
Dituro,Elche,-13.952 | -51.171 | -111.598 | -345.856 | -678.642 | -1.447.350,"-0,21% | -0,77% | -1,67% | -5,00% | -9,36% | -18,04%",,29ddías,6.573.653,6.587.605 | 6.624.824 | 6.685.251 | 6.919.509 | 7.252.295 | 8.021.003,Portero
Dolan,Espanyol,-72.984 | -166.161 | -262.273 | -664.147 | -1.383.860 | -1.475.714,"-1,10% | -2,48% | -3,85% | -9,21% | -17,45% | -18,40%",,22ddías,6.545.289,6.618.273 | 6.711.450 | 6.807.562 | 7.209.436 | 7.929.149 | 8.021.003,Delantero
Roger BruguéBrugui,Levante,-85.952 | -176.106 | -259.380 | -655.485 | -1.462.187 | -3.930.421,"-2,71% | -5,40% | -7,75% | -17,51% | -32,13% | -56,00%",,30ddías,3.087.956,3.173.908 | 3.264.062 | 3.347.336 | 3.743.441 | 4.550.143 | 7.018.377,Delantero
Jorge Cabello,Levante,-31.839 | -64.324 | -97.564 | +531.133 | +531.133 | +531.133,"-2,79% | -5,49% | -8,09% | 0% | 0% | 0%",,6ddías,1.108.009,1.139.848 | 1.172.333 | 1.205.573 | 0 | 0 | 0,Defensa
Iker Muñoz,Sevilla,0 | 0 | 0 | 0 | 0 | +710,"0,00% | 0,00% | 0,00% | 0,00% | 0,00% | +0,12%",,26ddías,602.284,602.284 | 602.284 | 602.284 | 602.284 | 602.284 | 601.574,Defensa
Izei,Alavés,0 | 0 | 0 | 0 | 0 | +717,"0,00% | 0,00% | 0,00% | 0,00% | 0,00% | +0,12%",,26ddías,582.010,582.010 | 582.010 | 582.010 | 582.010 | 582.010 | 581.293,Mediocampista
Román,Celta,-58.898 | -121.357 | -169.618 | -532.342 | -1.276.761 | -3.324.335,"-1,12% | -2,28% | -3,16% | -9,29% | -19,72% | -39,01%",,29ddías,5.197.981,5.256.879 | 5.319.338 | 5.367.599 | 5.730.323 | 6.474.742 | 8.522.316,Mediocampista
Laro Gómez,Racing,0 | 0 | 0 | 0 | 0 | +660,"0,00% | 0,00% | 0,00% | 0,00% | 0,00% | +0,11%",,25ddías,602.234,602.234 | 602.234 | 602.234 | 602.234 | 602.234 | 601.574,Portero
Guliashvili,Racing,-93.289 | -189.810 | -285.808 | -709.938 | -1.570.832 | -3.578.513,"-3,08% | -6,07% | -8,86% | -19,46% | -34,83% | -54,91%",,29ddías,2.938.552,3.031.841 | 3.128.362 | 3.224.360 | 3.648.490 | 4.509.384 | 6.517.065,Delantero
Arana,Racing,-11.897 | -22.537 | -34.246 | -86.230 | -216.401 | -580.694,"-1,27% | -2,38% | -3,58% | -8,54% | -18,99% | -38,61%",,29ddías,923.243,935.140 | 945.780 | 957.489 | 1.009.473 | 1.139.644 | 1.503.937,Delantero
Iñigo Vicente,Racing,-63.545 | -153.678 | -218.754 | -1.602.483 | -3.113.316 | -6.162.626,"-0,33% | -0,79% | -1,11% | -7,63% | -13,83% | -24,10%",,25ddías,19.404.324,19.467.869 | 19.558.002 | 19.623.078 | 21.006.807 | 22.517.640 | 25.566.950,Delantero
Solórzano,Racing,0 | 0 | 0 | 0 | 0 | +660,"0,00% | 0,00% | 0,00% | 0,00% | 0,00% | +0,11%",,25ddías,602.234,602.234 | 602.234 | 602.234 | 602.234 | 602.234 | 601.574,Mediocampista
Puerta,Racing,+277.486 | +573.349 | +797.237 | +1.364.451 | +1.176.788 | +656.713,"+2,67% | +5,67% | +8,06% | +14,64% | +12,38% | +6,55%",,8ddías,10.682.967,10.405.481 | 10.109.618 | 9.885.730 | 9.318.516 | 9.506.179 | 10.026.254,Mediocampista
Sergio Martínez,Racing,0 | 0 | 0 | 0 | 0 | +770,"0,00% | 0,00% | 0,00% | 0,00% | 0,00% | +0,11%",,25ddías,702.606,702.606 | 702.606 | 702.606 | 702.606 | 702.606 | 701.836,Mediocampista
Gueye,Racing,-55.859 | -115.786 | -165.844 | -452.531 | -1.120.229 | -2.440.355,"-1,21% | -2,47% | -3,50% | -9,00% | -19,66% | -34,77%",,25ddías,4.578.022,4.633.881 | 4.693.808 | 4.743.866 | 5.030.553 | 5.698.251 | 7.018.377,Mediocampista
Crespo,Racing,0 | 0 | 0 | 0 | 0 | +880,"0,00% | 0,00% | 0,00% | 0,00% | 0,00% | +0,11%",,25ddías,802.979,802.979 | 802.979 | 802.979 | 802.979 | 802.979 | 802.099,Defensa
Facundo GonzálezFacu González,Racing,-16.884 | -26.541 | -79.843 | -311.422 | -311.422 | -307.570,"-0,52% | -0,82% | -2,43% | -8,86% | -8,86% | -8,76%",,5ddías,3.201.618,3.218.502 | 3.228.159 | 3.281.461 | 3.513.040 | 3.513.040 | 3.509.188,Defensa
Carlos Sánchez,Racing,0 | 0 | 0 | 0 | 0 | +770,"0,00% | 0,00% | 0,00% | 0,00% | 0,00% | +0,11%",,25ddías,702.606,702.606 | 702.606 | 702.606 | 702.606 | 702.606 | 701.836,Defensa
Salinas,Racing,0 | 0 | 0 | 0 | 0 | +6.604,"0,00% | 0,00% | 0,00% | 0,00% | 0,00% | +0,11%",,25ddías,6.022.356,6.022.356 | 6.022.356 | 6.022.356 | 6.022.356 | 6.022.356 | 6.015.752,Defensa
Hernando,Racing,-6.657 | -16.555 | -32.944 | -129.290 | -438.920 | -1.507.808,"-0,33% | -0,82% | -1,62% | -6,07% | -17,99% | -42,97%",,29ddías,2.001.380,2.008.037 | 2.017.935 | 2.034.324 | 2.130.670 | 2.440.300 | 3.509.188,Defensa
Sainz-Maza,Racing,-20.383 | -43.764 | -67.525 | -173.604 | -400.037 | -1.029.875,"-2,05% | -4,29% | -6,47% | -15,11% | -29,08% | -51,36%",,29ddías,975.375,995.758 | 1.019.139 | 1.042.900 | 1.148.979 | 1.375.412 | 2.005.250,Defensa
Mantilla,Racing,+38.450 | +66.537 | +93.501 | +125.832 | +83.031 | -744.395,"+1,73% | +3,03% | +4,31% | +5,89% | +3,81% | -24,75%",,6ddías,2.263.480,2.225.030 | 2.196.943 | 2.169.979 | 2.137.648 | 2.180.449 | 3.007.875,Defensa
Eriksson,Racing,+76.963 | +130.683 | +195.083 | +357.259 | +251.175 | -396.261,"+3,04% | +5,27% | +8,07% | +15,85% | +10,64% | -13,17%",,8ddías,2.611.614,2.534.651 | 2.480.931 | 2.416.531 | 2.254.355 | 2.360.439 | 3.007.875,Portero
Santi Franco,Racing,0 | 0 | 0 | 0 | 0 | +770,"0,00% | 0,00% | 0,00% | 0,00% | 0,00% | +0,11%",,25ddías,702.606,702.606 | 702.606 | 702.606 | 702.606 | 702.606 | 701.836,Delantero
Rafa Rodríguez,Málaga,0 | 0 | 0 | 0 | 0 | +6.876,"0,00% | 0,00% | 0,00% | 0,00% | 0,00% | +0,11%",,25ddías,6.270.426,6.270.426 | 6.270.426 | 6.270.426 | 6.270.426 | 6.270.426 | 6.263.550,Mediocampista
Recio,Málaga,0 | 0 | 0 | 0 | 0 | +842,"0,00% | 0,00% | 0,00% | 0,00% | 0,00% | +0,11%",,25ddías,752.810,752.810 | 752.810 | 752.810 | 752.810 | 752.810 | 751.968,Defensa
Pastor,Málaga,0 | 0 | 0 | 0 | 0 | +435,"0,00% | 0,00% | 0,00% | 0,00% | 0,00% | +0,11%",,25ddías,389.116,389.116 | 389.116 | 389.116 | 389.116 | 389.116 | 388.681,Defensa
Arriaza,Málaga,0 | 0 | 0 | 0 | 0 | +449,"0,00% | 0,00% | 0,00% | 0,00% | 0,00% | +0,11%",,25ddías,401.498,401.498 | 401.498 | 401.498 | 401.498 | 401.498 | 401.049,Defensa
Moussa,Málaga,0 | 0 | 0 | 0 | 0 | +449,"0,00% | 0,00% | 0,00% | 0,00% | 0,00% | +0,11%",,25ddías,401.498,401.498 | 401.498 | 401.498 | 401.498 | 401.498 | 401.049,Defensa
Merino,Málaga,-88.947 | -140.936 | -237.608 | -631.630 | -1.360.928 | -2.953.868,"-1,24% | -1,95% | -3,25% | -8,20% | -16,14% | -29,46%",,25ddías,7.072.386,7.161.333 | 7.213.322 | 7.309.994 | 7.704.016 | 8.433.314 | 10.026.254,Mediocampista
Lorenzo,Málaga,+93.541 | +200.129 | +242.202 | +144.742 | -284.294 | -2.435.777,"+1,10% | +2,38% | +2,90% | +1,71% | -3,20% | -22,09%",,4ddías,8.593.103,8.499.562 | 8.392.974 | 8.350.901 | 8.448.361 | 8.877.397 | 11.028.880,Mediocampista
Ochoa,Málaga,0 | 0 | 0 | 0 | 0 | +3.852,"0,00% | 0,00% | 0,00% | 0,00% | 0,00% | +0,11%",,25ddías,3.513.040,3.513.040 | 3.513.040 | 3.513.040 | 3.513.040 | 3.513.040 | 3.509.188,Mediocampista
Jiménez,Racing,0 | 0 | 0 | 0 | 0 | +660,"0,00% | 0,00% | 0,00% | 0,00% | 0,00% | +0,11%",,25ddías,602.234,602.234 | 602.234 | 602.234 | 602.234 | 602.234 | 601.574,Portero
Enríquez,Málaga,-23.979 | -48.046 | -70.811 | -176.386 | -368.465 | -994.768,"-2,32% | -4,54% | -6,55% | -14,86% | -26,72% | -49,61%",,29ddías,1.010.482,1.034.461 | 1.058.528 | 1.081.293 | 1.186.868 | 1.378.947 | 2.005.250,Mediocampista
Juanpe,Málaga,0 | 0 | 0 | 0 | 0 | +638,"0,00% | 0,00% | 0,00% | 0,00% | 0,00% | +0,11%",,25ddías,581.931,581.931 | 581.931 | 581.931 | 581.931 | 581.931 | 581.293,Mediocampista
Joaquín,Málaga,-151.815 | -305.564 | -449.691 | -1.089.160 | -2.422.575 | -5.766.470,"-1,80% | -3,56% | -5,16% | -11,64% | -22,66% | -41,08%",,29ddías,8.270.286,8.422.101 | 8.575.850 | 8.719.977 | 9.359.446 | 10.692.861 | 14.036.756,Delantero
Lobete,Málaga,-26.771 | -52.074 | -78.854 | -189.551 | -415.223 | -985.627,"-2,56% | -4,86% | -7,18% | -15,68% | -28,94% | -49,15%",,29ddías,1.019.623,1.046.394 | 1.071.697 | 1.098.477 | 1.209.174 | 1.434.846 | 2.005.250,Delantero
Jauregi,Málaga,0 | 0 | 0 | 0 | 0 | +1.706,"0,00% | 0,00% | 0,00% | 0,00% | 0,00% | +0,11%",,25ddías,1.555.774,1.555.774 | 1.555.774 | 1.555.774 | 1.555.774 | 1.555.774 | 1.554.068,Delantero
Haitam,Málaga,-5.143 | -9.820 | -14.094 | -37.231 | -78.997 | -234.509,"-1,09% | -2,06% | -2,93% | -7,38% | -14,46% | -33,41%",,29ddías,467.327,472.470 | 477.147 | 481.421 | 504.558 | 546.324 | 701.836,Delantero
Canales,Racing,0 | 0 | 0 | 0 | 0 | +11.008,"0,00% | 0,00% | 0,00% | 0,00% | 0,00% | +0,11%",,25ddías,10.037.262,10.037.262 | 10.037.262 | 10.037.262 | 10.037.262 | 10.037.262 | 10.026.254,Delantero
Diego Diaz,Racing,0 | 0 | 0 | 0 | 0 | +660,"0,00% | 0,00% | 0,00% | 0,00% | 0,00% | +0,11%",,25ddías,602.234,602.234 | 602.234 | 602.234 | 602.234 | 602.234 | 601.574,Delantero
Galilea,Málaga,0 | 0 | 0 | 0 | 0 | +4.775,"0,00% | 0,00% | 0,00% | 0,00% | 0,00% | +0,11%",,25ddías,4.265.932,4.265.932 | 4.265.932 | 4.265.932 | 4.265.932 | 4.265.932 | 4.261.157,Defensa
Manuel Pellegrini,Betis,-223.752 | -439.646 | -667.688 | -1.707.980 | -683.796 | -683.796,"-3,41% | -6,49% | -9,54% | -21,24% | 0% | -9,74%",,11ddías,6.334.581,6.558.333 | 6.774.227 | 7.002.269 | 8.042.561 | 0 | 7.018.377,
Carlos Corberán,Valencia,-23.165 | -46.614 | -70.442 | -180.291 | -2.523 | -2.523,"-2,51% | -4,93% | -7,26% | -16,69% | 0% | -0,28%",,11ddías,899.838,923.003 | 946.452 | 970.280 | 1.080.129 | 0 | 902.361,
Luis García,Sevilla,-34.740 | -70.247 | -106.636 | -272.183 | +375.557 | +375.557,"-2,87% | -5,63% | -8,30% | -18,77% | 0% | +46,82%",,8ddías,1.177.656,1.212.396 | 1.247.903 | 1.284.292 | 1.449.839 | 0 | 802.099,
Pellegrino Matarazzo,Real Sociedad,-221.269 | -455.087 | -694.586 | -1.768.786 | +946.147 | +946.147,"-3,58% | -7,09% | -10,44% | -22,89% | 0% | +18,87%",,9ddías,5.959.273,6.180.542 | 6.414.360 | 6.653.859 | 7.728.059 | 0 | 5.013.126,
José Mourinho,Real Madrid,-750.013 | -1.530.363 | -2.368.630 | -2.601.555 | 0 | 0,"-3,52% | -6,93% | -10,33% | -11,24% | 0% | 0%",,6ddías,20.551.939,21.301.952 | 22.082.302 | 22.920.569 | 23.153.494 | 0 | 0,
Beñat San José,Rayo,-86.136 | -175.181 | -267.338 | +327.341 | 0 | 0,"-3,45% | -6,77% | -9,98% | +15,71% | 0% | 0%",,4ddías,2.411.150,2.497.286 | 2.586.331 | 2.678.488 | 2.083.809 | 0 | 0,
José Alberto López,Racing,-41.678 | -84.412 | -128.329 | -327.257 | +542.063 | +542.063,"-3,01% | -5,91% | -8,72% | -19,58% | 0% | +67,58%",,7ddías,1.344.162,1.385.840 | 1.428.574 | 1.472.491 | 1.671.419 | 0 | 802.099,
Luis Miguel Ramis,Osasuna,-74.157 | -150.723 | -229.881 | +39.835 | 0 | 0,"-3,37% | -6,63% | -9,77% | +1,91% | 0% | 0%",,5ddías,2.123.644,2.197.801 | 2.274.367 | 2.353.525 | 2.083.809 | 0 | 0,
Juan Funes,Málaga,-63.646 | -129.264 | -197.018 | -217.880 | +868.775 | +868.775,"-3,29% | -6,46% | -9,53% | -10,43% | 0% | +86,65%",,6ddías,1.871.400,1.935.046 | 2.000.664 | 2.068.418 | 2.089.280 | 0 | 1.002.625,
Luis Castro,Levante,-62.616 | -127.161 | -193.797 | -493.471 | +342.738 | +342.738,"-3,28% | -6,44% | -9,50% | -21,09% | 0% | +22,79%",,9ddías,1.846.675,1.909.291 | 1.973.836 | 2.040.472 | 2.340.146 | 0 | 1.503.937,
Pepe Bordalás,Getafe,0 | -1.235 | +11.133.340 | +58.276.203 | +64.679.730 | +64.679.730,"0,00% | 0,00% | +19,01% | +510,45% | 0% | +1.290,21%",,1ddías,69.692.856,69.692.856 | 69.694.091 | 58.559.516 | 11.416.653 | 0 | 5.013.126,
Manolo González,Espanyol,-52.660 | -106.833 | -162.665 | -414.432 | +103.783 | +103.783,"-3,17% | -6,23% | -9,19% | -20,49% | 0% | +6,90%",,10ddías,1.607.720,1.660.380 | 1.714.553 | 1.770.385 | 2.022.152 | 0 | 1.503.937,
Martín Anselmi,Elche,-86.136 | -175.181 | -267.338 | +327.341 | 0 | 0,"-3,45% | -6,77% | -9,98% | +15,71% | 0% | 0%",,4ddías,2.411.150,2.497.286 | 2.586.331 | 2.678.488 | 2.083.809 | 0 | 0,
Antonio Hidalgo,Deportivo,-87.470 | -177.904 | -271.507 | -690.766 | +939.216 | +939.216,"-3,46% | -6,79% | -10,00% | -22,04% | 0% | +62,45%",,7ddías,2.443.153,2.530.623 | 2.621.057 | 2.714.660 | 3.133.919 | 0 | 1.503.937,
Claudio Giráldez,Celta,-113.583 | -240.154 | -368.975 | -950.807 | -1.578.260 | -1.578.260,"-3,20% | -6,53% | -9,70% | -21,68% | 0% | -31,48%",,13ddías,3.434.866,3.548.449 | 3.675.020 | 3.803.841 | 4.385.673 | 0 | 5.013.126,
Hansi Flick,Barcelona,-384.320 | -741.811 | -1.132.258 | -2.846.477 | -2.235.447 | -2.235.447,"-2,91% | -5,48% | -8,12% | -18,19% | 0% | -14,86%",,12ddías,12.803.935,13.188.255 | 13.545.746 | 13.936.193 | 15.650.412 | 0 | 15.039.382,
Santaella,Málaga,0 | 0 | 0 | 0 | 0 | +449,"0,00% | 0,00% | 0,00% | 0,00% | 0,00% | +0,11%",,21ddías,401.498,401.498 | 401.498 | 401.498 | 401.498 | 401.498 | 401.049,Defensa
Cucurella,Real Madrid,+3.043.890 | +6.048.548 | +9.265.096 | +18.078.527 | 0 | 0,"+4,78% | +9,96% | +16,11% | +37,13% | 0% | 0%",,7ddías,66.770.014,63.726.124 | 60.721.466 | 57.504.918 | 48.691.487 | 0 | 0,Defensa
Vallecillo,Racing,0 | 0 | 0 | 0 | 0 | +743,"0,00% | 0,00% | 0,00% | 0,00% | 0,00% | +0,11%",,21ddías,677.940,677.940 | 677.940 | 677.940 | 677.940 | 677.940 | 677.197,Mediocampista
Chupete,Málaga,+1.316.274 | +2.618.124 | +4.140.007 | +9.348.605 | +18.181.186 | 0,"+2,92% | +5,98% | +9,79% | +25,21% | +64,36% | 0%",,20ddías,46.430.594,45.114.320 | 43.812.470 | 42.290.587 | 37.081.989 | 28.249.408 | 0,Delantero
Larrubia,Málaga,+1.461.897 | +2.772.600 | +4.151.406 | +9.884.119 | +17.909.699 | 0,"+3,09% | +6,03% | +9,31% | +25,45% | +58,12% | 0%",,19ddías,48.726.979,47.265.082 | 45.954.379 | 44.575.573 | 38.842.860 | 30.817.280 | 0,Mediocampista
Yeremay,Deportivo,+1.340.967 | +2.302.044 | +3.510.406 | +10.189.128 | +23.146.434 | 0,"+2,41% | +4,20% | +6,55% | +21,73% | +68,21% | 0%",,17ddías,57.080.975,55.740.008 | 54.778.931 | 53.570.569 | 46.891.847 | 33.934.541 | 0,Delantero
Dumfries,Real Madrid,+1.267.727 | +2.410.263 | +3.815.713 | +9.720.075 | +18.341.813 | 0,"+2,03% | +3,93% | +6,37% | +18,00% | +40,41% | 0%",,16ddías,63.728.696,62.460.969 | 61.318.433 | 59.912.983 | 54.008.621 | 45.386.883 | 0,Defensa
Hartman,Espanyol,-206.692 | -420.340 | -628.754 | -1.670.492 | 0 | 0,"-1,90% | -3,78% | -5,55% | -13,51% | 0% | 0%",,13ddías,10.690.981,10.897.673 | 11.111.321 | 11.319.735 | 12.361.473 | 0 | 0,Defensa
Konaté,Real Madrid,+1.731.185 | +3.167.146 | +4.685.422 | +7.884.316 | 0 | 0,"+4,97% | +9,49% | +14,70% | +27,50% | 0% | 0%",,6ddías,36.556.498,34.825.313 | 33.389.352 | 31.871.076 | 28.672.182 | 0 | 0,Defensa
Diego Simeone,Atlético,-273.011 | -550.908 | -819.181 | -2.079.909 | -1.949.846 | -1.949.846,"-3,27% | -6,39% | -9,21% | -20,48% | 0% | -19,45%",,12ddías,8.076.408,8.349.419 | 8.627.316 | 8.895.589 | 10.156.317 | 0 | 10.026.254,
Aubameyang,Deportivo,+1.332.612 | +2.574.017 | +3.792.898 | 0 | 0 | 0,"+7,96% | +16,61% | +26,57% | 0% | 0% | 0%",,5ddías,18.067.988,16.735.376 | 15.493.971 | 14.275.090 | 0 | 0 | 0,Delantero
Calatrava,Espanyol,+49.077 | +65.613 | +76.724 | +53.679 | 0 | 0,"+1,51% | +2,03% | +2,38% | +1,65% | 0% | 0%",,4ddías,3.299.779,3.250.702 | 3.234.166 | 3.223.055 | 3.246.100 | 0 | 0,Delantero
Hjulmand,Atlético,-227.587 | -546.417 | -1.069.405 | 0 | 0 | 0,"-0,66% | -1,58% | -3,05% | 0% | 0% | 0%",,4ddías,34.023.994,34.251.581 | 34.570.411 | 35.093.399 | 0 | 0 | 0,Mediocampista
Bernardo Silva,Real Madrid,-1.323.826 | 0 | 0 | 0 | 0 | 0,"-3,31% | 0% | 0% | 0% | 0% | 0%",,1ddías,38.644.276,39.968.102 | 0 | 0 | 0 | 0 | 0,Mediocampista
Quique Sánchez,Alavés,-34.740 | -70.247 | -106.636 | -272.183 | +375.557 | +375.557,"-2,87% | -5,63% | -8,30% | -18,77% | 0% | +46,82%",,8ddías,1.177.656,1.212.396 | 1.247.903 | 1.284.292 | 1.449.839 | 0 | 802.099,
Edin Terzic,Athletic,-502.895 | -1.026.064 | -1.570.433 | -89.508 | 0 | 0,"-3,89% | -7,63% | -11,23% | -0,72% | 0% | 0%",,5ddías,12.413.373,12.916.268 | 13.439.437 | 13.983.806 | 12.502.881 | 0 | 0,
Dani Sánchez,Málaga,-19.228 | -42.155 | -63.955 | -158.118 | -359.885 | -988.027,"-2,00% | -4,29% | -6,37% | -14,40% | -27,68% | -51,24%",,29ddías,940.155,959.383 | 982.310 | 1.004.110 | 1.098.273 | 1.300.040 | 1.928.182,Defensa
Rafa GarridoRafita,Málaga,0 | 0 | 0 | 0 | 0 | +5.618,"0,00% | 0,00% | 0,00% | 0,00% | 0,00% | +0,11%",,25ddías,5.018.744,5.018.744 | 5.018.744 | 5.018.744 | 5.018.744 | 5.018.744 | 5.013.126,Defensa
Aitor Mañas,Alavés,0 | 0 | 0 | 0 | 0 | -19.129,"0,00% | 0,00% | 0,00% | 0,00% | 0,00% | -3,29%",,26ddías,562.164,562.164 | 562.164 | 562.164 | 562.164 | 562.164 | 581.293,Delantero
Julio Díaz,Sevilla,0 | 0 | +8.438 | +21.004 | -1.470 | -102.972,"0,00% | 0,00% | +1,80% | +4,60% | -0,31% | -17,72%",,2ddías,477.990,477.990 | 477.990 | 469.552 | 456.986 | 479.460 | 580.962,Defensa
Vargas,Atlético,-26.739 | -52.585 | -77.659 | -194.209 | -440.002 | -1.055.948,"-2,48% | -4,77% | -6,89% | -15,61% | -29,54% | -50,15%",,29ddías,1.049.565,1.076.304 | 1.102.150 | 1.127.224 | 1.243.774 | 1.489.567 | 2.105.513,Mediocampista
Lookman,Atlético,+2.210.021 | +4.027.601 | +5.762.963 | +12.057.268 | +20.634.596 | +36.250.414,"+3,29% | +6,16% | +9,06% | +21,04% | +42,34% | 0%",,16ddías,69.371.679,67.161.658 | 65.344.078 | 63.608.716 | 57.314.411 | 48.737.083 | 0,Delantero
Tete Morente,Elche,-65.808 | -135.075 | -206.018 | -503.990 | -1.151.361 | -2.972.956,"-2,52% | -5,05% | -7,50% | -16,55% | -31,18% | -53,91%",,29ddías,2.541.483,2.607.291 | 2.676.558 | 2.747.501 | 3.045.473 | 3.692.844 | 5.514.439,Delantero
Fidalgo,Betis,-49.815 | -108.705 | -164.108 | -387.904 | -830.984 | -1.831.604,"-1,54% | -3,30% | -4,91% | -10,87% | -20,71% | -36,54%",,26ddías,3.181.522,3.231.337 | 3.290.227 | 3.345.630 | 3.569.426 | 4.012.506 | 5.013.126,Mediocampista
Koski,Alavés,0 | 0 | 0 | 0 | 0 | +990,"0,00% | 0,00% | 0,00% | 0,00% | 0,00% | +0,12%",,26ddías,803.089,803.089 | 803.089 | 803.089 | 803.089 | 803.089 | 802.099,Defensa
Freeman,Villarreal,-53.490 | -109.258 | -167.089 | -387.628 | -847.162 | -2.066.341,"-1,78% | -3,58% | -5,37% | -11,63% | -22,33% | -41,22%",,29ddías,2.946.785,3.000.275 | 3.056.043 | 3.113.874 | 3.334.413 | 3.793.947 | 5.013.126,Defensa
Cepeda,Elche,-23.164 | -48.636 | -67.839 | -168.024 | -416.135 | -1.187.346,"-1,86% | -3,83% | -5,26% | -12,09% | -25,41% | -49,29%",,29ddías,1.221.318,1.244.482 | 1.269.954 | 1.289.157 | 1.389.342 | 1.637.453 | 2.408.664,Delantero
Ángel Pérez,Alavés,-125.088 | -261.012 | -415.225 | -1.123.605 | -2.705.218 | -7.135.696,"-1,56% | -3,20% | -4,99% | -12,45% | -25,50% | -47,45%",,29ddías,7.903.686,8.028.774 | 8.164.698 | 8.318.911 | 9.027.291 | 10.608.904 | 15.039.382,Delantero
Boselli,Getafe,0 | 0 | 0 | 0 | 0 | +3.603,"0,00% | 0,00% | 0,00% | 0,00% | 0,00% | +0,12%",,26ddías,2.893.999,2.893.999 | 2.893.999 | 2.893.999 | 2.893.999 | 2.893.999 | 2.890.396,Defensa
Romero,Getafe,0 | 0 | 0 | 0 | 0 | +37.500,"0,00% | 0,00% | 0,00% | 0,00% | 0,00% | +0,12%",,26ddías,30.116.266,30.116.266 | 30.116.266 | 30.116.266 | 30.116.266 | 30.116.266 | 30.078.766,Defensa
Mesonero,Real Madrid,0 | 0 | 0 | 0 | 0 | +770,"0,00% | 0,00% | 0,00% | 0,00% | 0,00% | +0,11%",,26ddías,702.606,702.606 | 702.606 | 702.606 | 702.606 | 702.606 | 701.836,Mediocampista
A. Riquelme,Getafe,0 | 0 | 0 | 0 | 0 | +750,"0,00% | 0,00% | 0,00% | 0,00% | 0,00% | +0,12%",,26ddías,602.324,602.324 | 602.324 | 602.324 | 602.324 | 602.324 | 601.574,Mediocampista
Álex Sánchez,Elche,0 | 0 | 0 | 0 | 0 | +750,"0,00% | 0,00% | 0,00% | 0,00% | 0,00% | +0,12%",,26ddías,602.324,602.324 | 602.324 | 602.324 | 602.324 | 602.324 | 601.574,Mediocampista
Burcio,Celta,0 | 0 | 0 | 0 | 0 | +683,"0,00% | 0,00% | 0,00% | 0,00% | 0,00% | +0,11%",,26ddías,602.257,602.257 | 602.257 | 602.257 | 602.257 | 602.257 | 601.574,Mediocampista
Manuel Ángel,Real Madrid,0 | 0 | 0 | 0 | 0 | +770,"0,00% | 0,00% | 0,00% | 0,00% | 0,00% | +0,11%",,26ddías,702.606,702.606 | 702.606 | 702.606 | 702.606 | 702.606 | 701.836,Mediocampista
Sangaré,Elche,0 | 0 | 0 | 0 | 0 | +5.000,"0,00% | 0,00% | 0,00% | 0,00% | 0,00% | +0,12%",,26ddías,4.015.501,4.015.501 | 4.015.501 | 4.015.501 | 4.015.501 | 4.015.501 | 4.010.501,Defensa
Cestero,Real Madrid,0 | 0 | 0 | 0 | 0 | +660,"0,00% | 0,00% | 0,00% | 0,00% | 0,00% | +0,11%",,26ddías,602.234,602.234 | 602.234 | 602.234 | 602.234 | 602.234 | 601.574,Mediocampista
Hierro,Athletic,0 | 0 | 0 | 0 | 0 | +683,"0,00% | 0,00% | 0,00% | 0,00% | 0,00% | +0,11%",,26ddías,602.257,602.257 | 602.257 | 602.257 | 602.257 | 602.257 | 601.574,Delantero
Dani Martínez,Atlético,-4.009 | -7.505 | -10.548 | -28.229 | -50.625 | -161.466,"-0,90% | -1,68% | -2,34% | -6,03% | -10,32% | -26,84%",,9ddías,440.108,444.117 | 447.613 | 450.656 | 468.337 | 490.733 | 601.574,Defensa
Boñar,Atlético,-5.732 | -11.022 | -15.935 | -38.847 | -85.821 | -220.380,"-1,18% | -2,24% | -3,20% | -7,47% | -15,13% | -31,40%",,23ddías,481.456,487.188 | 492.478 | 497.391 | 520.303 | 567.277 | 701.836,Defensa
Puric,Atlético,-5.139 | -9.812 | -14.081 | -37.197 | -78.919 | -234.614,"-1,09% | -2,06% | -2,93% | -7,37% | -14,45% | -33,43%",,29ddías,467.222,472.361 | 477.034 | 481.303 | 504.419 | 546.141 | 701.836,Defensa
Marqués,Barcelona,0 | 0 | 0 | 0 | 0 | +745,"0,00% | 0,00% | 0,00% | 0,00% | 0,00% | +0,12%",,26ddías,602.319,602.319 | 602.319 | 602.319 | 602.319 | 602.319 | 601.574,Defensa
Arcos,Celta,0 | 0 | 0 | 0 | 0 | +683,"0,00% | 0,00% | 0,00% | 0,00% | 0,00% | +0,11%",,26ddías,602.257,602.257 | 602.257 | 602.257 | 602.257 | 602.257 | 601.574,Mediocampista
Montes,Getafe,0 | 0 | 0 | 0 | 0 | +745,"0,00% | 0,00% | 0,00% | 0,00% | 0,00% | +0,12%",,26ddías,602.319,602.319 | 602.319 | 602.319 | 602.319 | 602.319 | 601.574,Defensa
Gaitán,Villarreal,0 | 0 | 0 | 0 | 0 | +718,"0,00% | 0,00% | 0,00% | 0,00% | 0,00% | +0,12%",,26ddías,602.292,602.292 | 602.292 | 602.292 | 602.292 | 602.292 | 601.574,Mediocampista
Ferran,Espanyol,0 | 0 | 0 | 0 | 0 | +674,"0,00% | 0,00% | 0,00% | 0,00% | 0,00% | +0,11%",,26ddías,602.248,602.248 | 602.248 | 602.248 | 602.248 | 602.248 | 601.574,Mediocampista
Tunde,Levante,0 | 0 | 0 | 0 | 0 | +9.576,"0,00% | 0,00% | 0,00% | 0,00% | 0,00% | +0,11%",,26ddías,8.531.892,8.531.892 | 8.531.892 | 8.531.892 | 8.531.892 | 8.531.892 | 8.522.316,Mediocampista
Kita,R. Sociedad B,0 | 0 | 0 | 0 | 0 | +660,"0,00% | 0,00% | 0,00% | 0,00% | 0,00% | +0,11%",,26ddías,602.234,602.234 | 602.234 | 602.234 | 602.234 | 602.234 | 601.574,Defensa
Astiazaran,R. Sociedad B,0 | 0 | 0 | 0 | 0 | +683,"0,00% | 0,00% | 0,00% | 0,00% | 0,00% | +0,11%",,26ddías,602.257,602.257 | 602.257 | 602.257 | 602.257 | 602.257 | 601.574,Mediocampista
Aguirre,R. Sociedad B,0 | 0 | 0 | 0 | 0 | +683,"0,00% | 0,00% | 0,00% | 0,00% | 0,00% | +0,11%",,26ddías,602.257,602.257 | 602.257 | 602.257 | 602.257 | 602.257 | 601.574,Mediocampista
Fontanet,Valencia,0 | 0 | 0 | 0 | 0 | +694,"0,00% | 0,00% | 0,00% | 0,00% | 0,00% | +0,12%",,26ddías,581.987,581.987 | 581.987 | 581.987 | 581.987 | 581.987 | 581.293,Defensa
Vecino,Celta,-79.192 | -158.182 | -235.956 | -596.668 | -1.330.270 | -3.302.664,"-2,84% | -5,51% | -8,00% | -18,03% | -32,90% | -54,90%",,29ddías,2.713.088,2.792.280 | 2.871.270 | 2.949.044 | 3.309.756 | 4.043.358 | 6.015.752,Mediocampista
Lamini Fati,Real Madrid,0 | 0 | 0 | 0 | 0 | +758,"0,00% | 0,00% | 0,00% | 0,00% | 0,00% | +0,11%",,26ddías,677.955,677.955 | 677.955 | 677.955 | 677.955 | 677.955 | 677.197,Defensa
Murillo,Málaga,-88.397 | -178.350 | -269.071 | -663.203 | -1.453.739 | -3.116.174,"-2,96% | -5,79% | -8,49% | -18,61% | -33,39% | -51,80%",,29ddías,2.899.578,2.987.975 | 3.077.928 | 3.168.649 | 3.562.781 | 4.353.317 | 6.015.752,Defensa
Luismi,Deportivo,-91.055 | -212.879 | -331.920 | -911.215 | -1.919.734 | -2.653.657,"-1,41% | -3,23% | -4,95% | -12,51% | -23,16% | -29,41%",,24ddías,6.369.972,6.461.027 | 6.582.851 | 6.701.892 | 7.281.187 | 8.289.706 | 9.023.629,Delantero
Rubén López,Deportivo,0 | 0 | 0 | 0 | 0 | +569,"0,00% | 0,00% | 0,00% | 0,00% | 0,00% | +0,11%",,26ddías,501.880,501.880 | 501.880 | 501.880 | 501.880 | 501.880 | 501.311,Mediocampista
Villares,Deportivo,-76.316 | -150.506 | -227.724 | -569.094 | -1.273.498 | -2.890.841,"-2,38% | -4,60% | -6,79% | -15,41% | -28,95% | -48,05%",,29ddías,3.124.911,3.201.227 | 3.275.417 | 3.352.635 | 3.694.005 | 4.398.409 | 6.015.752,Mediocampista
Jurado,Deportivo,-38.739 | -80.004 | -121.374 | -295.161 | -668.502 | -1.649.177,"-2,77% | -5,56% | -8,20% | -17,85% | -32,98% | -54,83%",,29ddías,1.358.698,1.397.437 | 1.438.702 | 1.480.072 | 1.653.859 | 2.027.200 | 3.007.875,Mediocampista
Mella,Deportivo,-25.506 | -59.551 | -83.054 | -301.896 | -740.721 | -640.206,"-0,75% | -1,74% | -2,41% | -8,22% | -18,02% | -15,96%",,19ddías,3.370.295,3.395.801 | 3.429.846 | 3.453.349 | 3.672.191 | 4.111.016 | 4.010.501,Mediocampista
Mario,Deportivo,+428.566 | +899.093 | +1.297.328 | +2.518.280 | +4.398.288 | +7.116.508,"+1,97% | +4,23% | +6,22% | +12,82% | +24,77% | +47,32%",,28ddías,22.155.890,21.727.324 | 21.256.797 | 20.858.562 | 19.637.610 | 17.757.602 | 15.039.382,Mediocampista
Patino,Deportivo,-10.826 | -21.423 | -31.863 | -82.342 | -184.141 | -499.178,"-1,76% | -3,43% | -5,01% | -12,00% | -23,37% | -45,26%",,29ddías,603.709,614.535 | 625.132 | 635.572 | 686.051 | 787.850 | 1.102.887,Mediocampista
Bil Nsongo,Deportivo,0 | 0 | 0 | 0 | 0 | +7.408,"0,00% | 0,00% | 0,00% | 0,00% | 0,00% | +0,11%",,26ddías,6.524.473,6.524.473 | 6.524.473 | 6.524.473 | 6.524.473 | 6.524.473 | 6.517.065,Delantero
Noé Carrillo,Deportivo,0 | 0 | 0 | 0 | 0 | +797,"0,00% | 0,00% | 0,00% | 0,00% | 0,00% | +0,11%",,26ddías,702.633,702.633 | 702.633 | 702.633 | 702.633 | 702.633 | 701.836,Mediocampista
Eddahchouri,Deportivo,-50.726 | -102.965 | -151.956 | -350.166 | -703.180 | -1.715.104,"-2,16% | -4,29% | -6,21% | -13,24% | -23,45% | -42,77%",,29ddías,2.295.397,2.346.123 | 2.398.362 | 2.447.353 | 2.645.563 | 2.998.577 | 4.010.501,Delantero
Osorio,Elche,0 | 0 | 0 | 0 | 0 | +1.750,"0,00% | 0,00% | 0,00% | 0,00% | 0,00% | +0,12%",,25ddías,1.405.425,1.405.425 | 1.405.425 | 1.405.425 | 1.405.425 | 1.405.425 | 1.403.675,Delantero
Herrero,Málaga,+5.324 | +47.836 | +39.948 | +548.373 | +996.132 | +1.175.834,"+0,07% | +0,67% | +0,56% | +8,25% | +16,08% | +19,55%",,2ddías,7.191.586,7.186.262 | 7.143.750 | 7.151.638 | 6.643.213 | 6.195.454 | 6.015.752,Portero
Carlos López,Málaga,-2.764 | -4.963 | -6.655 | -10.184 | -22.561 | -91.094,"-0,67% | -1,20% | -1,60% | -2,42% | -5,21% | -18,17%",,4ddías,410.217,412.981 | 415.180 | 416.872 | 420.401 | 432.778 | 501.311,Portero
Céspedes,Málaga,0 | 0 | 0 | 0 | 0 | +449,"0,00% | 0,00% | 0,00% | 0,00% | 0,00% | +0,11%",,25ddías,401.498,401.498 | 401.498 | 401.498 | 401.498 | 401.498 | 401.049,Portero
Puga,Málaga,-114.600 | -196.620 | -290.281 | -781.311 | -1.413.602 | -3.099.752,"-1,90% | -3,21% | -4,67% | -11,65% | -19,27% | -34,35%",,24ddías,5.923.877,6.038.477 | 6.120.497 | 6.214.158 | 6.705.188 | 7.337.479 | 9.023.629,Defensa
Riki,Deportivo,-31.761 | -65.588 | -96.229 | -188.372 | -188.372 | -186.663,"-2,35% | -4,74% | -6,81% | -12,51% | -12,51% | -12,41%",,5ddías,1.317.274,1.349.035 | 1.382.862 | 1.413.503 | 1.505.646 | 1.505.646 | 1.503.937,Mediocampista
Pablo García,Deportivo,-5.673 | -10.902 | -15.750 | -36.521 | -66.113 | -221.808,"-1,17% | -2,22% | -3,18% | -7,07% | -12,11% | -31,60%",,7ddías,480.028,485.701 | 490.930 | 495.778 | 516.549 | 546.141 | 701.836,Defensa
Antañón,Celta,0 | 0 | 0 | 0 | 0 | +660,"0,00% | 0,00% | 0,00% | 0,00% | 0,00% | +0,11%",,26ddías,581.700,581.700 | 581.700 | 581.700 | 581.700 | 581.700 | 581.040,Mediocampista
Quagliata,Deportivo,+58.677 | +107.757 | +156.765 | +199.640 | +20.869 | -948.610,"+1,95% | +3,65% | +5,40% | +6,97% | +0,69% | -23,65%",,6ddías,3.061.891,3.003.214 | 2.954.134 | 2.905.126 | 2.862.251 | 3.041.022 | 4.010.501,Defensa
Ochieng,Real Sociedad,0 | 0 | 0 | 0 | 0 | +797,"0,00% | 0,00% | 0,00% | 0,00% | 0,00% | +0,11%",,26ddías,702.633,702.633 | 702.633 | 702.633 | 702.633 | 702.633 | 701.836,Mediocampista
Morcillo,Atlético,0 | 0 | 0 | 0 | 0 | +866,"0,00% | 0,00% | 0,00% | 0,00% | 0,00% | +0,12%",,26ddías,702.702,702.702 | 702.702 | 702.702 | 702.702 | 702.702 | 701.836,Mediocampista
Cubo,Atlético,0 | 0 | 0 | 0 | 0 | +742,"0,00% | 0,00% | 0,00% | 0,00% | 0,00% | +0,12%",,26ddías,602.316,602.316 | 602.316 | 602.316 | 602.316 | 602.316 | 601.574,Delantero
Hugo Ríos,Deportivo,0 | 0 | 0 | 0 | 0 | +1.025,"0,00% | 0,00% | 0,00% | 0,00% | 0,00% | +0,11%",,26ddías,903.386,903.386 | 903.386 | 903.386 | 903.386 | 903.386 | 902.361,Portero
Puerto,Deportivo,-1.145 | -1.658 | -1.594 | -5.494 | -5.026 | -29.672,"-0,31% | -0,44% | -0,43% | -1,46% | -1,34% | -7,40%",,2ddías,371.377,372.522 | 373.035 | 372.971 | 376.871 | 376.403 | 401.049,Portero
Germán Parreño,Deportivo,0 | 0 | 0 | 0 | 0 | +797,"0,00% | 0,00% | 0,00% | 0,00% | 0,00% | +0,11%",,26ddías,702.633,702.633 | 702.633 | 702.633 | 702.633 | 702.633 | 701.836,Portero
Loureiro,Deportivo,-3.380 | -30.287 | -35.457 | -181.933 | -714.608 | -709.479,"-0,09% | -0,79% | -0,92% | -4,57% | -15,82% | -15,72%",,14ddías,3.802.335,3.805.715 | 3.832.622 | 3.837.792 | 3.984.268 | 4.516.943 | 4.511.814,Defensa
Ximo,Deportivo,-55.941 | -131.256 | -250.339 | -681.146 | -681.146 | -673.738,"-0,95% | -2,20% | -4,11% | -10,44% | -10,44% | -10,34%",,5ddías,5.843.327,5.899.268 | 5.974.583 | 6.093.666 | 6.524.473 | 6.524.473 | 6.517.065,Defensa
Teijo,Deportivo,0 | 0 | 0 | 0 | 0 | +683,"0,00% | 0,00% | 0,00% | 0,00% | 0,00% | +0,11%",,26ddías,602.257,602.257 | 602.257 | 602.257 | 602.257 | 602.257 | 601.574,Defensa
Canedo,Deportivo,0 | 0 | 0 | 0 | 0 | +683,"0,00% | 0,00% | 0,00% | 0,00% | 0,00% | +0,11%",,26ddías,602.257,602.257 | 602.257 | 602.257 | 602.257 | 602.257 | 601.574,Defensa
Samu Fernández,Deportivo,0 | 0 | 0 | 0 | 0 | +797,"0,00% | 0,00% | 0,00% | 0,00% | 0,00% | +0,11%",,26ddías,702.633,702.633 | 702.633 | 702.633 | 702.633 | 702.633 | 701.836,Defensa
Noubi,Deportivo,+235.737 | +464.644 | +721.708 | +1.551.125 | +1.778.287 | +2.266.516,"+2,47% | +4,98% | +7,96% | +18,84% | +22,21% | +30,14%",,11ddías,9.786.206,9.550.469 | 9.321.562 | 9.064.498 | 8.235.081 | 8.007.919 | 7.519.690,Defensa
Comas,Deportivo,-24.438 | -48.523 | -73.048 | -180.696 | -413.552 | -1.074.854,"-2,56% | -4,96% | -7,28% | -16,26% | -30,77% | -53,60%",,29ddías,930.396,954.834 | 978.919 | 1.003.444 | 1.111.092 | 1.343.948 | 2.005.250,Defensa
Barcia,Deportivo,-36.518 | -74.497 | -109.935 | -268.207 | -577.745 | -1.359.224,"-2,17% | -4,32% | -6,25% | -13,99% | -25,95% | -45,19%",,29ddías,1.648.651,1.685.169 | 1.723.148 | 1.758.586 | 1.916.858 | 2.226.396 | 3.007.875,Defensa
Rubén Gómez,Villarreal,0 | 0 | 0 | 0 | 0 | +718,"0,00% | 0,00% | 0,00% | 0,00% | 0,00% | +0,12%",,26ddías,602.292,602.292 | 602.292 | 602.292 | 602.292 | 602.292 | 601.574,Portero
Aguado,Elche,-34.144 | -80.207 | -115.073 | -325.607 | -843.496 | -2.378.833,"-0,93% | -2,16% | -3,07% | -8,22% | -18,83% | -39,54%",,29ddías,3.636.919,3.671.063 | 3.717.126 | 3.751.992 | 3.962.526 | 4.480.415 | 6.015.752,Mediocampista
Cucho,Betis,-817.387 | -1.771.257 | -2.621.565 | -3.770.698 | -393.200 | +12.239.169,"-1,54% | -3,27% | -4,77% | -6,72% | -0,75% | +30,52%",,5ddías,52.344.190,53.161.577 | 54.115.447 | 54.965.755 | 56.114.888 | 52.737.390 | 40.105.021,Delantero
Areso,Athletic,+6.398 | +5.555 | -4.993 | -136.574 | -443.364 | -1.332.139,"+0,27% | +0,23% | -0,21% | -5,43% | -15,72% | -35,91%",,1ddías,2.377.574,2.371.176 | 2.372.019 | 2.382.567 | 2.514.148 | 2.820.938 | 3.709.713,Defensa
Cárdenas,Rayo,-14.203 | -27.854 | -39.847 | -101.950 | -246.867 | -687.356,"-1,94% | -3,74% | -5,27% | -12,46% | -25,63% | -48,97%",,29ddías,716.319,730.522 | 744.173 | 756.166 | 818.269 | 963.186 | 1.403.675,Portero
Nteka,Rayo,-34.427 | -70.252 | -106.711 | -266.718 | -597.787 | -1.448.708,"-2,16% | -4,31% | -6,41% | -14,61% | -27,71% | -48,16%",,29ddías,1.559.167,1.593.594 | 1.629.419 | 1.665.878 | 1.825.885 | 2.156.954 | 3.007.875,Delantero
Isi,Rayo,-473.874 | -947.784 | -1.369.307 | -3.332.572 | -2.917.825 | +2.972.014,"-2,56% | -5,00% | -7,07% | -15,61% | -13,94% | +19,76%",,10ddías,18.011.396,18.485.270 | 18.959.180 | 19.380.703 | 21.343.968 | 20.929.221 | 15.039.382,Delantero
Pep Chavarría,Rayo,+10.635 | +284.941 | +679.522 | +1.909.093 | +4.600.050 | +7.604.298,"+0,05% | +1,47% | +3,58% | +10,77% | +30,59% | +63,20%",,28ddías,19.635.803,19.625.168 | 19.350.862 | 18.956.281 | 17.726.710 | 15.035.753 | 12.031.505,Defensa
Ratiu,Rayo,-238.637 | -718.545 | -1.135.632 | -4.199.720 | -10.540.965 | -21.480.946,"-0,63% | -1,86% | -2,91% | -9,97% | -21,76% | 0%",,15ddías,37.903.031,38.141.668 | 38.621.576 | 39.038.663 | 42.102.751 | 48.443.996 | 0,Defensa
Dimitrievski,Valencia,0 | 0 | 0 | 0 | 0 | +14.372,"0,00% | 0,00% | 0,00% | 0,00% | 0,00% | +0,12%",,26ddías,12.045.877,12.045.877 | 12.045.877 | 12.045.877 | 12.045.877 | 12.045.877 | 12.031.505,Portero
Iker Muñoz,Osasuna,-32.075 | -63.977 | -99.636 | -265.517 | -636.147 | -1.655.148,"-2,02% | -3,96% | -6,03% | -14,60% | -29,06% | -51,59%",,29ddías,1.553.252,1.585.327 | 1.617.229 | 1.652.888 | 1.818.769 | 2.189.399 | 3.208.400,Mediocampista
Herrando,Osasuna,-53.152 | -106.705 | -160.992 | -401.464 | -925.364 | -2.389.164,"-2,44% | -4,79% | -7,05% | -15,91% | -30,36% | -52,95%",,29ddías,2.122.650,2.175.802 | 2.229.355 | 2.283.642 | 2.524.114 | 3.048.014 | 4.511.814,Defensa
Catena,Osasuna,-431.306 | -1.120.055 | -1.683.301 | -2.316.331 | +1.850.987 | +8.398.896,"-1,11% | -2,83% | -4,19% | -5,68% | +5,05% | +27,92%",,5ddías,38.477.662,38.908.968 | 39.597.717 | 40.160.963 | 40.793.993 | 36.626.675 | 30.078.766,Defensa
Ibáñez,Alavés,-36.093 | -69.537 | -107.387 | -350.043 | -931.345 | -2.624.297,"-1,05% | -2,01% | -3,07% | -9,36% | -21,54% | -43,62%",,29ddías,3.391.455,3.427.548 | 3.460.992 | 3.498.842 | 3.741.498 | 4.322.800 | 6.015.752,Mediocampista
Budimir,Osasuna,-253.205 | -634.853 | -1.042.471 | -3.990.163 | -10.196.392 | +9.211.605,"-0,53% | -1,31% | -2,13% | -7,68% | -17,54% | 0%",,15ddías,47.936.403,48.189.608 | 48.571.256 | 48.978.874 | 51.926.566 | 58.132.795 | 0,Delantero
Moi Gómez,Osasuna,-57.248 | -117.758 | -175.320 | -431.488 | -937.067 | -2.345.174,"-2,26% | -4,55% | -6,62% | -14,86% | -27,49% | -48,68%",,29ddías,2.472.154,2.529.402 | 2.589.912 | 2.647.474 | 2.903.642 | 3.409.221 | 4.817.328,Mediocampista
Rubén GarcíaRubén G.,Osasuna,-136.119 | -269.325 | -379.705 | -1.025.556 | -2.124.883 | -3.803.964,"-1,00% | -1,95% | -2,73% | -7,04% | -13,56% | -21,93%",,26ddías,13.541.254,13.677.373 | 13.810.579 | 13.920.959 | 14.566.810 | 15.666.137 | 17.345.218,Mediocampista
Aitor,Osasuna,-9.377 | -18.492 | -27.388 | -71.023 | -157.793 | -433.032,"-1,62% | -3,14% | -4,59% | -11,09% | -21,69% | -43,19%",,29ddías,569.593,578.970 | 588.085 | 596.981 | 640.616 | 727.386 | 1.002.625,Portero
Kike Barja,Osasuna,0 | 0 | 0 | 0 | 0 | +3.479,"0,00% | 0,00% | 0,00% | 0,00% | 0,00% | +0,12%",,26ddías,2.810.828,2.810.828 | 2.810.828 | 2.810.828 | 2.810.828 | 2.810.828 | 2.807.349,Delantero
Álvaro García,Rayo,+329.025 | +621.490 | +889.598 | +1.480.080 | +2.554.934 | +4.374.086,"+2,05% | +3,94% | +5,73% | +9,92% | +18,45% | +36,36%",,13ddías,16.405.591,16.076.566 | 15.784.101 | 15.515.993 | 14.925.511 | 13.850.657 | 12.031.505,Mediocampista
S. Cardona,Villarreal,-43.372 | -86.825 | -123.392 | -280.021 | -512.152 | -617.151,"-0,86% | -1,71% | -2,41% | -5,31% | -9,30% | -10,99%",,22ddías,4.997.550,5.040.922 | 5.084.375 | 5.120.942 | 5.277.571 | 5.509.702 | 5.614.701,Defensa
Iglesias,Sevilla,0 | 0 | 0 | 0 | 0 | +15.534,"0,00% | 0,00% | 0,00% | 0,00% | 0,00% | +0,12%",,26ddías,12.548.352,12.548.352 | 12.548.352 | 12.548.352 | 12.548.352 | 12.548.352 | 12.532.818,Defensa
Herrera,Real Sociedad,-67.275 | -128.969 | -200.626 | -492.037 | -1.133.168 | -2.548.100,"-1,90% | -3,59% | -5,47% | -12,43% | -24,63% | -42,36%",,26ddías,3.467.652,3.534.927 | 3.596.621 | 3.668.278 | 3.959.689 | 4.600.820 | 6.015.752,Mediocampista
Eric Garcia,Barcelona,-977.251 | -1.870.330 | -3.138.749 | -7.060.766 | -7.060.766 | -6.987.441,"-1,84% | -3,46% | -5,68% | -11,92% | -11,92% | -11,81%",,5ddías,52.167.466,53.144.717 | 54.037.796 | 55.306.215 | 59.228.232 | 59.228.232 | 59.154.907,Defensa
Boyé,Alavés,-98.462 | -143.616 | -269.191 | -954.278 | -2.669.748 | -5.364.644,"-0,67% | -0,97% | -1,80% | -6,10% | -15,38% | -26,75%",,25ddías,14.687.866,14.786.328 | 14.831.482 | 14.957.057 | 15.642.144 | 17.357.614 | 20.052.510,Delantero
Miguel Ángel RubioMiguel Rubio,Espanyol,-14.649 | -29.228 | -43.816 | -112.689 | -254.872 | -708.221,"-2,06% | -4,03% | -5,93% | -13,94% | -26,82% | -50,45%",,29ddías,695.454,710.103 | 724.682 | 739.270 | 808.143 | 950.326 | 1.403.675,Defensa
Villar,Elche,0 | 0 | 0 | 0 | 0 | +8.750,"0,00% | 0,00% | 0,00% | 0,00% | 0,00% | +0,12%",,26ddías,7.027.127,7.027.127 | 7.027.127 | 7.027.127 | 7.027.127 | 7.027.127 | 7.018.377,Mediocampista
Javi Muñoz,Getafe,-18.191 | -36.459 | -54.890 | -140.807 | -317.666 | -823.730,"-2,28% | -4,46% | -6,57% | -15,28% | -28,93% | -51,35%",,29ddías,780.469,798.660 | 816.928 | 835.359 | 921.276 | 1.098.135 | 1.604.199,Mediocampista
Oroz,Osasuna,-43.298 | -99.099 | -185.539 | -1.545.381 | -3.018.057 | -4.995.314,"-0,29% | -0,65% | -1,22% | -9,31% | -16,70% | -24,91%",,26ddías,15.057.196,15.100.494 | 15.156.295 | 15.242.735 | 16.602.577 | 18.075.253 | 20.052.510,Mediocampista
Moleiro,Villarreal,-95.687 | -281.903 | -590.274 | -3.170.655 | -10.168.525 | -39.228.993,"-0,17% | -0,49% | -1,03% | -5,28% | -15,18% | 0%",,14ddías,56.831.475,56.927.162 | 57.113.378 | 57.421.749 | 60.002.130 | 67.000.000 | 0,Mediocampista
Valles,Betis,+919.844 | +1.857.213 | +2.741.733 | +5.801.096 | +9.122.794 | +13.875.656,"+4,00% | +8,42% | +12,96% | +32,05% | +61,73% | +138,39%",,28ddías,23.901.910,22.982.066 | 22.044.697 | 21.160.177 | 18.100.814 | 14.779.116 | 10.026.254,Portero
Copete,Valencia,-92.034 | -185.659 | -282.330 | -701.455 | -1.551.764 | -3.252.093,"-3,22% | -6,29% | -9,27% | -20,24% | -35,96% | -54,06%",,29ddías,2.763.659,2.855.693 | 2.949.318 | 3.045.989 | 3.465.114 | 4.315.423 | 6.015.752,Defensa
Herrera,Osasuna,+994.479 | +1.870.260 | +2.849.533 | +6.429.805 | +11.025.985 | +18.293.498,"+2,98% | +5,76% | +9,05% | +23,04% | +47,30% | +114,03%",,27ddías,34.335.506,33.341.027 | 32.465.246 | 31.485.973 | 27.905.701 | 23.309.521 | 16.042.008,Portero
Torró,Osasuna,-32.962 | -72.490 | -103.991 | -266.381 | -601.531 | -1.481.554,"-1,19% | -2,59% | -3,67% | -8,89% | -18,06% | -35,18%",,25ddías,2.729.472,2.762.434 | 2.801.962 | 2.833.463 | 2.995.853 | 3.331.003 | 4.211.026,Mediocampista
Moncayola,Osasuna,+108.607 | +217.947 | +295.916 | +360.271 | +163.178 | -148.973,"+1,89% | +3,86% | +5,31% | +6,54% | +2,86% | -2,48%",,4ddías,5.866.779,5.758.172 | 5.648.832 | 5.570.863 | 5.506.508 | 5.703.601 | 6.015.752,Mediocampista
Unai López,Rayo,-61.985 | -90.020 | -118.787 | -212.125 | -162.190 | -1.098.452,"-1,04% | -1,50% | -1,97% | -3,46% | -2,67% | -15,65%",,5ddías,5.919.925,5.981.910 | 6.009.945 | 6.038.712 | 6.132.050 | 6.082.115 | 7.018.377,Mediocampista
De Frutos,Rayo,+858.450 | +1.668.413 | +2.709.093 | +6.141.849 | +12.355.374 | +21.832.462,"+1,86% | +3,69% | +6,13% | +15,07% | +35,77% | +87,10%",,28ddías,46.898.100,46.039.650 | 45.229.687 | 44.189.007 | 40.756.251 | 34.542.726 | 25.065.638,Delantero
Soria,Getafe,0 | 0 | 0 | 0 | 0 | +23.889,"0,00% | 0,00% | 0,00% | 0,00% | 0,00% | +0,12%",,26ddías,19.296.354,19.296.354 | 19.296.354 | 19.296.354 | 19.296.354 | 19.296.354 | 19.272.465,Portero
Mendy,Real Madrid,-25.794 | -51.982 | -78.663 | -193.590 | -448.273 | -1.042.305,"-2,61% | -5,12% | -7,55% | -16,74% | -31,76% | -51,98%",,29ddías,962.945,988.739 | 1.014.927 | 1.041.608 | 1.156.535 | 1.411.218 | 2.005.250,Defensa
Turrientes,Real Sociedad,-90.928 | -201.742 | -311.068 | -774.236 | -1.690.833 | -2.724.284,"-1,23% | -2,69% | -4,09% | -9,59% | -18,80% | -27,17%",,26ddías,7.301.970,7.392.898 | 7.503.712 | 7.613.038 | 8.076.206 | 8.992.803 | 10.026.254,Mediocampista
Pacheco,Real Sociedad,0 | 0 | 0 | 0 | 0 | +4.951,"0,00% | 0,00% | 0,00% | 0,00% | 0,00% | +0,12%",,26ddías,4.015.452,4.015.452 | 4.015.452 | 4.015.452 | 4.015.452 | 4.015.452 | 4.010.501,Defensa
Sadiq,Valencia,-282.767 | -557.665 | -835.725 | -2.111.209 | -3.724.911 | -7.071.231,"-3,06% | -5,85% | -8,52% | -19,05% | -29,34% | -44,08%",,27ddías,8.970.777,9.253.544 | 9.528.442 | 9.806.502 | 11.081.986 | 12.695.688 | 16.042.008,Delantero
Olasagasti,Levante,+10.168 | +3.465 | -10.965 | -150.743 | -716.201 | -2.342.005,"+0,28% | +0,09% | -0,30% | -3,94% | -16,31% | -38,93%",,1ddías,3.673.747,3.663.579 | 3.670.282 | 3.684.712 | 3.824.490 | 4.389.948 | 6.015.752,Mediocampista
Kubo,Real Sociedad,-496.119 | -1.014.901 | -1.467.940 | -3.710.047 | -8.034.988 | -5.759.168,"-1,99% | -3,99% | -5,67% | -13,19% | -24,76% | -19,08%",,18ddías,24.419.860,24.915.979 | 25.434.761 | 25.887.800 | 28.129.907 | 32.454.848 | 30.179.028,Mediocampista
Zakharyan,Real Sociedad,-38.982 | -75.831 | -114.324 | -282.354 | -639.493 | -1.638.959,"-2,77% | -5,25% | -7,71% | -17,10% | -31,84% | -54,49%",,29ddías,1.368.916,1.407.898 | 1.444.747 | 1.483.240 | 1.651.270 | 2.008.409 | 3.007.875,Mediocampista
Oyarzabal,Real Sociedad,-950.750 | -2.099.851 | -3.005.653 | -7.791.739 | -44.097.447 | -44.097.447,"-1,33% | -2,90% | -4,10% | -9,98% | 0% | 0%",,13ddías,70.313.727,71.264.477 | 72.413.578 | 73.319.380 | 78.105.466 | 0 | 0,Delantero
Marín,Real Sociedad,-70.932 | -143.312 | -216.921 | -543.018 | -1.203.321 | -2.775.229,"-3,07% | -6,02% | -8,84% | -19,53% | -34,97% | -55,36%",,29ddías,2.237.897,2.308.829 | 2.381.209 | 2.454.818 | 2.780.915 | 3.441.218 | 5.013.126,Mediocampista
Barrenetxea,Real Sociedad,-623.631 | -1.234.859 | -1.886.611 | -3.737.538 | -1.380.282 | +5.708.221,"-1,62% | -3,16% | -4,75% | -9,00% | -3,52% | +17,79%",,7ddías,37.792.238,38.415.869 | 39.027.097 | 39.678.849 | 41.529.776 | 39.172.520 | 32.084.017,Mediocampista
Zubeldia,Real Sociedad,-31.449 | -76.758 | -145.989 | -597.329 | -1.701.377 | -3.917.614,"-0,31% | -0,75% | -1,42% | -5,57% | -14,39% | -27,91%",,29ddías,10.119.142,10.150.591 | 10.195.900 | 10.265.131 | 10.716.471 | 11.820.519 | 14.036.756,Defensa
Aihen,Real Sociedad,-49.298 | -99.532 | -149.459 | -368.685 | -836.241 | -2.169.016,"-2,61% | -5,13% | -7,51% | -16,68% | -31,23% | -54,08%",,29ddías,1.841.485,1.890.783 | 1.941.017 | 1.990.944 | 2.210.170 | 2.677.726 | 4.010.501,Defensa
Odriozola,Real Sociedad,-16.382 | -32.766 | -49.235 | -126.448 | -286.942 | -766.881,"-2,17% | -4,26% | -6,26% | -14,64% | -28,02% | -50,99%",,29ddías,737.056,753.438 | 769.822 | 786.291 | 863.504 | 1.023.998 | 1.503.937,Defensa
Remiro,Real Sociedad,+1.069.475 | +2.296.215 | +3.495.020 | +7.445.614 | +13.621.530 | +23.143.989,"+2,54% | +5,61% | +8,80% | +20,83% | +46,06% | +115,42%",,27ddías,43.196.499,42.127.024 | 40.900.284 | 39.701.479 | 35.750.885 | 29.574.969 | 20.052.510,Portero
Güler,Real Madrid,-581.068 | -1.334.503 | -2.031.075 | -5.256.084 | -11.230.443 | -20.399.718,"-1,05% | -2,38% | -3,57% | -8,75% | -17,01% | -27,13%",,29ddías,54.797.199,55.378.267 | 56.131.702 | 56.828.274 | 60.053.283 | 66.027.642 | 75.196.917,Mediocampista
Rüdiger,Real Madrid,-375.663 | -859.566 | -1.247.105 | -3.009.101 | -6.301.064 | -11.193.112,"-1,24% | -2,80% | -4,01% | -9,17% | -17,45% | -27,30%",,26ddías,29.814.272,30.189.935 | 30.673.838 | 31.061.377 | 32.823.373 | 36.115.336 | 41.007.384,Defensa
Balliu,Rayo,-2.636 | -16.802 | -34.454 | -115.244 | -265.124 | -680.931,"-0,32% | -2,00% | -4,02% | -12,28% | -24,37% | -45,28%",,29ddías,823.006,825.642 | 839.808 | 857.460 | 938.250 | 1.088.130 | 1.503.937,Defensa
Bellingham,Real Madrid,-842.511 | -1.726.683 | -2.486.801 | -7.099.757 | -36.870.573 | -36.870.573,"-0,87% | -1,77% | -2,54% | -6,92% | 0% | 0%",,12ddías,95.565.416,96.407.927 | 97.292.099 | 98.052.217 | 102.665.173 | 0 | 0,Mediocampista
Pathé Ciss,Rayo,+82.081 | +122.462 | +151.425 | -79.087 | -564.462 | +674.138,"+0,77% | +1,16% | +1,44% | -0,73% | -5,01% | +6,72%",,3ddías,10.700.392,10.618.311 | 10.577.930 | 10.548.967 | 10.779.479 | 11.264.854 | 10.026.254,Mediocampista
Valentín,Rayo,-21.914 | -64.582 | -122.222 | -422.276 | -1.046.901 | -2.554.636,"-0,63% | -1,83% | -3,41% | -10,87% | -23,22% | -42,47%",,29ddías,3.461.116,3.483.030 | 3.525.698 | 3.583.338 | 3.883.392 | 4.508.017 | 6.015.752,Mediocampista
Buchanan,Villarreal,+78.802 | +143.050 | +190.210 | +582.596 | +2.470.042 | +4.777.194,"+0,40% | +0,73% | +0,97% | +3,03% | +14,24% | +31,76%",,25ddías,19.816.576,19.737.774 | 19.673.526 | 19.626.366 | 19.233.980 | 17.346.534 | 15.039.382,Mediocampista
Camello,Rayo,-15.681 | -49.816 | -78.466 | -262.303 | -730.019 | -1.875.223,"-0,48% | -1,52% | -2,37% | -7,49% | -18,40% | -36,67%",,29ddías,3.238.166,3.253.847 | 3.287.982 | 3.316.632 | 3.500.469 | 3.968.185 | 5.113.389,Delantero
Courtois,Real Madrid,-257.907 | -450.049 | -638.212 | -1.513.088 | -1.306.431 | +18.052.227,"-0,44% | -0,77% | -1,09% | -2,54% | -2,20% | +45,01%",,9ddías,58.157.248,58.415.155 | 58.607.297 | 58.795.460 | 59.670.336 | 59.463.679 | 40.105.021,Portero
Militão,Real Madrid,-489.436 | -1.005.254 | -1.508.371 | -3.706.031 | -8.252.823 | -13.514.326,"-2,87% | -5,72% | -8,35% | -18,28% | -33,25% | -44,93%",,29ddías,16.564.440,17.053.876 | 17.569.694 | 18.072.811 | 20.270.471 | 24.817.263 | 30.078.766,Defensa
Vinicius,Real Madrid,-1.194.974 | -2.662.763 | -3.810.759 | -8.857.665 | -53.447.736 | -53.447.736,"-1,17% | -2,57% | -3,63% | -8,06% | 0% | 0%",,12ddías,101.048.783,102.243.757 | 103.711.546 | 104.859.542 | 109.906.448 | 0 | 0,Delantero
Brahim,Real Madrid,-309.719 | -633.842 | -971.905 | -2.293.875 | -4.390.546 | -7.109.571,"-2,34% | -4,67% | -6,98% | -15,05% | -25,33% | -35,45%",,25ddías,12.942.939,13.252.658 | 13.576.781 | 13.914.844 | 15.236.814 | 17.333.485 | 20.052.510,Mediocampista
Rodrygo,Real Madrid,-90.289 | -187.198 | -253.672 | -647.660 | -1.349.745 | -1.136.231,"-2,28% | -4,61% | -6,14% | -14,31% | -25,82% | -22,67%",,19ddías,3.876.895,3.967.184 | 4.064.093 | 4.130.567 | 4.524.555 | 5.226.640 | 5.013.126,Delantero
Camavinga,Real Madrid,-334.863 | -658.663 | -977.094 | -2.450.928 | -4.955.278 | -10.922.980,"-2,49% | -4,77% | -6,92% | -15,72% | -27,38% | -45,39%",,29ddías,13.140.032,13.474.895 | 13.798.695 | 14.117.126 | 15.590.960 | 18.095.310 | 24.063.012,Mediocampista
Lunin,Real Madrid,-29.780 | -70.073 | -103.155 | -253.216 | -627.580 | -1.494.409,"-1,17% | -2,71% | -3,94% | -9,14% | -19,96% | -37,26%",,29ddías,2.516.092,2.545.872 | 2.586.165 | 2.619.247 | 2.769.308 | 3.143.672 | 4.010.501,Portero
Valverde,Real Madrid,-479.974 | -1.011.597 | -1.627.527 | -5.119.156 | -11.938.789 | -30.139.763,"-0,63% | -1,33% | -2,12% | -6,38% | -13,71% | -28,63%",,29ddías,75.135.920,75.615.894 | 76.147.517 | 76.763.447 | 80.255.076 | 87.074.709 | 105.275.683,Mediocampista
Tchouaméni,Real Madrid,-855.530 | -1.777.073 | -2.654.831 | -6.478.305 | -11.564.819 | -7.200.902,"-1,71% | -3,49% | -5,13% | -11,65% | -19,05% | -12,78%",,14ddías,49.146.654,50.002.184 | 50.923.727 | 51.801.485 | 55.624.959 | 60.711.473 | 56.347.556,Mediocampista
Fran García,Betis,0 | 0 | 0 | 0 | 0 | -45.075,"0,00% | 0,00% | 0,00% | 0,00% | 0,00% | -0,47%",,27ddías,9.591.157,9.591.157 | 9.591.157 | 9.591.157 | 9.591.157 | 9.591.157 | 9.636.232,Defensa
Mayoral,Getafe,-40.904 | -75.999 | -109.896 | -293.955 | -619.182 | -1.522.859,"-1,27% | -2,33% | -3,33% | -8,44% | -16,26% | -32,32%",,29ddías,3.189.479,3.230.383 | 3.265.478 | 3.299.375 | 3.483.434 | 3.808.661 | 4.712.338,Delantero
Carmona,Sevilla,-56.465 | -100.694 | -152.455 | -424.498 | -901.661 | -1.307.223,"-1,18% | -2,09% | -3,14% | -8,27% | -16,07% | -21,73%",,24ddías,4.708.529,4.764.994 | 4.809.223 | 4.860.984 | 5.133.027 | 5.610.190 | 6.015.752,Defensa
Marrero,Real Sociedad,-29.818 | -61.127 | -92.650 | -241.826 | -590.500 | -1.556.376,"-2,01% | -4,04% | -6,00% | -14,28% | -28,92% | -51,74%",,29ddías,1.451.499,1.481.317 | 1.512.626 | 1.544.149 | 1.693.325 | 2.041.999 | 3.007.875,Portero
Sancet,Athletic,+1.062.856 | +1.953.990 | +2.922.599 | +6.992.033 | +13.956.185 | +21.658.882,"+2,21% | +4,13% | +6,31% | +16,55% | +39,56% | +78,55%",,27ddías,49.231.084,48.168.228 | 47.277.094 | 46.308.485 | 42.239.051 | 35.274.899 | 27.572.202,Mediocampista
Molina,Atlético,-55.385 | -118.512 | -165.309 | -429.025 | -877.644 | -1.086.914,"-1,18% | -2,50% | -3,45% | -8,48% | -15,94% | -19,02%",,24ddías,4.628.050,4.683.435 | 4.746.562 | 4.793.359 | 5.057.075 | 5.505.694 | 5.714.964,Defensa
M. Llorente,Atlético,-1.096.398 | -2.239.088 | -3.273.027 | -7.376.307 | -6.457.618 | +9.385.004,"-1,81% | -3,63% | -5,21% | -11,03% | -9,79% | +18,72%",,9ddías,59.516.281,60.612.679 | 61.755.369 | 62.789.308 | 66.892.588 | 65.973.899 | 50.131.277,Defensa
Oblak,Atlético,+726.796 | +1.282.687 | +1.762.037 | +3.716.808 | +7.513.257 | +19.005.070,"+1,36% | +2,43% | +3,37% | +7,38% | +16,13% | +54,16%",,28ddías,54.096.963,53.370.167 | 52.814.276 | 52.334.926 | 50.380.155 | 46.583.706 | 35.091.893,Portero
Koke,Atlético,0 | 0 | 0 | 0 | 0 | +21.200,"0,00% | 0,00% | 0,00% | 0,00% | 0,00% | +0,12%",,26ddías,17.767.671,17.767.671 | 17.767.671 | 17.767.671 | 17.767.671 | 17.767.671 | 17.746.471,Mediocampista
Giménez,Atlético,-141.254 | -280.931 | -431.291 | -1.056.673 | -2.219.045 | -2.779.371,"-2,32% | -4,51% | -6,77% | -15,10% | -27,19% | -31,86%",,24ddías,5.943.470,6.084.724 | 6.224.401 | 6.374.761 | 7.000.143 | 8.162.515 | 8.722.841,Defensa
Egiluz,Athletic,-4.815 | -9.151 | -13.069 | -34.627 | -72.929 | -218.044,"-1,04% | -1,95% | -2,77% | -7,01% | -13,70% | -32,18%",,29ddías,459.455,464.270 | 468.606 | 472.524 | 494.082 | 532.384 | 677.499,Defensa
Prados,Athletic,-41.588 | -83.484 | -125.555 | -314.396 | -698.749 | -1.770.868,"-2,26% | -4,45% | -6,54% | -14,91% | -28,03% | -49,67%",,29ddías,1.794.537,1.836.125 | 1.878.021 | 1.920.092 | 2.108.933 | 2.493.286 | 3.565.405,Mediocampista
Villalibre,Racing,0 | 0 | 0 | 0 | 0 | +8.256,"0,00% | 0,00% | 0,00% | 0,00% | 0,00% | +0,11%",,25ddías,7.527.946,7.527.946 | 7.527.946 | 7.527.946 | 7.527.946 | 7.527.946 | 7.519.690,Delantero
Yuri,Athletic,-217.789 | -446.061 | -648.297 | -1.618.839 | -4.055.669 | -4.035.153,"-1,53% | -3,09% | -4,42% | -10,36% | -22,45% | -22,36%",,14ddías,14.012.106,14.229.895 | 14.458.167 | 14.660.403 | 15.630.945 | 18.067.775 | 18.047.259,Defensa
R. de Galarreta,Athletic,+97.284 | +161.883 | +180.037 | -37.899 | -767.118 | +2.285.533,"+0,93% | +1,56% | +1,74% | -0,36% | -6,80% | +27,80%",,4ddías,10.507.061,10.409.777 | 10.345.178 | 10.327.024 | 10.544.960 | 11.274.179 | 8.221.528,Mediocampista
Agirrezabala,Athletic,0 | 0 | 0 | 0 | 0 | +3.473,"0,00% | 0,00% | 0,00% | 0,00% | 0,00% | +0,12%",,26ddías,2.911.085,2.911.085 | 2.911.085 | 2.911.085 | 2.911.085 | 2.911.085 | 2.907.612,Portero
Guruzeta,Athletic,+221.329 | +294.445 | +304.598 | +159.260 | -315.642 | -1.150.004,"+1,88% | +2,52% | +2,61% | +1,35% | -2,57% | -8,76%",,3ddías,11.984.390,11.763.061 | 11.689.945 | 11.679.792 | 11.825.130 | 12.300.032 | 13.134.394,Delantero
N. Williams,Athletic,+576.401 | +1.127.405 | +1.883.348 | +6.303.662 | +12.902.087 | +34.125.567,"+0,77% | +1,51% | +2,55% | +9,06% | +20,49% | 0%",,13ddías,75.879.282,75.302.881 | 74.751.877 | 73.995.934 | 69.575.620 | 62.977.195 | 0,Delantero
I. Williams,Athletic,+272.102 | +587.331 | +907.684 | +2.760.417 | +5.826.652 | +8.098.108,"+0,92% | +2,00% | +3,12% | +10,15% | +24,15% | +37,05%",,27ddías,29.955.344,29.683.242 | 29.368.013 | 29.047.660 | 27.194.927 | 24.128.692 | 21.857.236,Delantero
Berenguer,Athletic,-108.918 | -228.587 | -355.932 | -907.009 | -1.636.837 | +769.181,"-1,07% | -2,21% | -3,41% | -8,25% | -13,95% | +8,25%",,20ddías,10.093.597,10.202.515 | 10.322.184 | 10.449.529 | 11.000.606 | 11.730.434 | 9.324.416,Delantero
Barrios,Atlético,-1.324.671 | -2.562.875 | -3.251.549 | -1.749.486 | +4.086.933 | +11.082.574,"-2,52% | -4,77% | -5,97% | -3,30% | +8,68% | +27,63%",,3ddías,51.187.595,52.512.266 | 53.750.470 | 54.439.144 | 52.937.081 | 47.100.662 | 40.105.021,Mediocampista
Kike García,Espanyol,-114.710 | -239.235 | -352.768 | -896.053 | -1.904.647 | -3.886.226,"-2,18% | -4,45% | -6,43% | -14,85% | -27,05% | -43,07%",,27ddías,5.137.403,5.252.113 | 5.376.638 | 5.490.171 | 6.033.456 | 7.042.050 | 9.023.629,Delantero
Gorosabel,Athletic,-93.367 | -190.092 | -288.203 | -698.224 | -1.414.599 | -3.314.983,"-2,92% | -5,77% | -8,50% | -18,37% | -31,32% | -51,66%",,29ddías,3.101.819,3.195.186 | 3.291.911 | 3.390.022 | 3.800.043 | 4.516.418 | 6.416.802,Defensa
Abqar,Getafe,+158.220 | +291.713 | +413.501 | +583.819 | +264.458 | -606.573,"+3,01% | +5,70% | +8,28% | +12,10% | +5,14% | -10,08%",,8ddías,5.409.179,5.250.959 | 5.117.466 | 4.995.678 | 4.825.360 | 5.144.721 | 6.015.752,Defensa
Guevara,Alavés,-35.147 | -72.932 | -109.301 | -272.570 | -611.856 | -1.586.193,"-2,41% | -4,88% | -7,14% | -16,09% | -30,09% | -52,73%",,29ddías,1.421.682,1.456.829 | 1.494.614 | 1.530.983 | 1.694.252 | 2.033.538 | 3.007.875,Mediocampista
Blanco,Alavés,-189.426 | -378.636 | -549.419 | -1.443.274 | -3.371.633 | +14.196.714,"-1,17% | -2,31% | -3,31% | -8,26% | -17,38% | 0%",,21ddías,16.029.833,16.219.259 | 16.408.469 | 16.579.252 | 17.473.107 | 19.401.466 | 0,Mediocampista
Rioja,Valencia,-226.000 | -440.904 | -624.326 | -1.613.693 | -3.694.390 | -7.276.115,"-1,25% | -2,42% | -3,39% | -8,32% | -17,20% | -29,03%",,29ddías,17.789.523,18.015.523 | 18.230.427 | 18.413.849 | 19.403.216 | 21.483.913 | 25.065.638,Mediocampista
Tenaglia,Alavés,-23.159 | -116.879 | -220.761 | -704.627 | -1.749.797 | -3.313.513,"-0,16% | -0,79% | -1,48% | -4,56% | -10,62% | -18,36%",,29ddías,14.733.746,14.756.905 | 14.850.625 | 14.954.507 | 15.438.373 | 16.483.543 | 18.047.259,Defensa
Guridi,Sevilla,0 | 0 | 0 | 0 | 0 | +6.189,"0,00% | 0,00% | 0,00% | 0,00% | 0,00% | +0,12%",,26ddías,5.019.315,5.019.315 | 5.019.315 | 5.019.315 | 5.019.315 | 5.019.315 | 5.013.126,Mediocampista
Yeray,Athletic,+10.634 | +511 | -15.959 | -243.195 | -940.649 | -935.063,"+0,27% | +0,01% | -0,40% | -5,76% | -19,12% | -19,03%",,1ddías,3.978.612,3.967.978 | 3.978.101 | 3.994.571 | 4.221.807 | 4.919.261 | 4.913.675,Defensa
Rebbach,Alavés,-93.827 | -184.669 | -276.004 | -656.848 | -1.613.594 | -3.354.247,"-1,97% | -3,81% | -5,58% | -12,34% | -25,69% | -41,82%",,27ddías,4.666.756,4.760.583 | 4.851.425 | 4.942.760 | 5.323.604 | 6.280.350 | 8.021.003,Delantero
Carlos BenavidezProtesoni,Alavés,0 | 0 | 0 | 0 | 0 | +3.713,"0,00% | 0,00% | 0,00% | 0,00% | 0,00% | +0,12%",,26ddías,3.011.588,3.011.588 | 3.011.588 | 3.011.588 | 3.011.588 | 3.011.588 | 3.007.875,Mediocampista
Pubill,Atlético,+150.715 | +587.874 | +1.418.239 | +6.034.543 | +16.398.615 | +33.618.509,"+0,20% | +0,80% | +1,96% | +8,92% | +28,61% | +83,83%",,28ddías,73.723.530,73.572.815 | 73.135.656 | 72.305.291 | 67.688.987 | 57.324.915 | 40.105.021,Defensa
Unai Simón,Athletic,+1.191.428 | +2.633.972 | +4.343.565 | +10.410.929 | +22.072.532 | +36.934.279,"+2,14% | +4,85% | +8,25% | +22,35% | +63,22% | +184,19%",,27ddías,56.986.789,55.795.361 | 54.352.817 | 52.643.224 | 46.575.860 | 34.914.257 | 20.052.510,Portero
Vivian,Athletic,-416.909 | -852.811 | -1.283.542 | -3.065.803 | -6.724.420 | -5.113.428,"-2,71% | -5,40% | -7,91% | -17,03% | -31,04% | -25,50%",,18ddías,14.939.082,15.355.991 | 15.791.893 | 16.222.624 | 18.004.885 | 21.663.502 | 20.052.510,Defensa
Paredes,Athletic,+7.869 | +4.807 | -2.401 | -209.034 | -798.975 | -2.007.551,"+0,19% | +0,11% | -0,06% | -4,73% | -15,95% | -32,30%",,1ddías,4.208.726,4.200.857 | 4.203.919 | 4.211.127 | 4.417.760 | 5.007.701 | 6.216.277,Defensa
Galán,Celta,0 | 0 | 0 | 0 | 0 | -563.553,"0,00% | 0,00% | 0,00% | 0,00% | 0,00% | -3,75%",,19ddías,14.475.829,14.475.829 | 14.475.829 | 14.475.829 | 14.475.829 | 14.475.829 | 15.039.382,Defensa
Riquelme,Betis,-32.541 | -67.015 | -104.542 | -297.659 | -749.953 | -2.077.843,"-0,94% | -1,91% | -2,95% | -7,97% | -17,91% | -37,68%",,29ddías,3.436.596,3.469.137 | 3.503.611 | 3.541.138 | 3.734.255 | 4.186.549 | 5.514.439,Mediocampista
Aleñá,Alavés,-66.266 | -123.668 | -177.821 | -475.727 | -1.092.607 | -2.710.820,"-1,52% | -2,79% | -3,96% | -9,95% | -20,23% | -38,62%",,29ddías,4.307.557,4.373.823 | 4.431.225 | 4.485.378 | 4.783.284 | 5.400.164 | 7.018.377,Mediocampista
Dotor,Málaga,0 | 0 | 0 | 0 | +4.403 | +4.403,"0,00% | 0,00% | 0,00% | 0,00% | 0% | +0,11%",,13ddías,4.014.904,4.014.904 | 4.014.904 | 4.014.904 | 4.014.904 | 0 | 4.010.501,Mediocampista
Isco,Betis,-1.066.384 | -2.207.455 | -3.785.633 | -11.926.086 | +51.447.557 | +51.447.557,"-1,68% | -3,42% | -5,72% | -16,06% | 0% | 0%",,13ddías,62.340.068,63.406.452 | 64.547.523 | 66.125.701 | 74.266.154 | 0 | 0,Mediocampista
Ruibal,Betis,-104.795 | -212.216 | -318.577 | -793.143 | -1.784.092 | -3.729.424,"-3,09% | -6,06% | -8,83% | -19,43% | -35,17% | -53,14%",,29ddías,3.288.953,3.393.748 | 3.501.169 | 3.607.530 | 4.082.096 | 5.073.045 | 7.018.377,Delantero
Navarro,Athletic,-10.891 | -36.191 | -62.859 | -178.752 | -425.913 | -1.168.829,"-0,51% | -1,66% | -2,85% | -7,71% | -16,60% | -35,33%",,29ddías,2.139.834,2.150.725 | 2.176.025 | 2.202.693 | 2.318.586 | 2.565.747 | 3.308.663,Mediocampista
Chust,Elche,0 | 0 | 0 | 0 | 0 | +6.250,"0,00% | 0,00% | 0,00% | 0,00% | 0,00% | +0,12%",,26ddías,5.019.376,5.019.376 | 5.019.376 | 5.019.376 | 5.019.376 | 5.019.376 | 5.013.126,Defensa
Starfelt,Celta,+296.493 | +588.317 | +770.682 | +1.105.065 | +755.996 | +1.308.529,"+2,69% | +5,47% | +7,30% | +10,80% | +7,15% | +13,05%",,6ddías,11.334.783,11.038.290 | 10.746.466 | 10.564.101 | 10.229.718 | 10.578.787 | 10.026.254,Defensa
U. Núñez,Celta,-92.688 | -193.674 | -289.649 | -698.100 | -1.021.640 | -1.015.652,"-2,27% | -4,62% | -6,76% | -14,87% | -20,35% | -20,26%",,9ddías,3.997.474,4.090.162 | 4.191.148 | 4.287.123 | 4.695.574 | 5.019.114 | 5.013.126,Defensa
Carles Pérez,Celta,-50.529 | -101.448 | -151.619 | +27.324 | +27.324 | +27.324,"-2,97% | -5,79% | -8,41% | 0% | 0% | 0%",,6ddías,1.651.390,1.701.919 | 1.752.838 | 1.803.009 | 0 | 0 | 0,Delantero
Bartra,Betis,+308.401 | +616.727 | +976.981 | +1.965.507 | +4.061.641 | +5.519.394,"+1,22% | +2,47% | +3,97% | +8,33% | +18,88% | +27,52%",,23ddías,25.571.904,25.263.503 | 24.955.177 | 24.594.923 | 23.606.397 | 21.510.263 | 20.052.510,Defensa
Aspas,Celta,-147.841 | -286.833 | -406.741 | -973.470 | -2.041.611 | -2.327.597,"-1,73% | -3,30% | -4,62% | -10,38% | -19,55% | -21,70%",,23ddías,8.400.495,8.548.336 | 8.687.328 | 8.807.236 | 9.373.965 | 10.442.106 | 10.728.092,Delantero
Iván Villar,Celta,-25.603 | -52.719 | -78.947 | -194.781 | -477.024 | -1.285.208,"-2,05% | -4,14% | -6,07% | -13,75% | -28,09% | -51,27%",,29ddías,1.221.354,1.246.957 | 1.274.073 | 1.300.301 | 1.416.135 | 1.698.378 | 2.506.562,Portero
Swedberg,Celta,-123.879 | -217.468 | -263.949 | -779.284 | -1.981.123 | -3.654.391,"-1,38% | -2,39% | -2,89% | -8,07% | -18,24% | -29,16%",,26ddías,8.878.427,9.002.306 | 9.095.895 | 9.142.376 | 9.657.711 | 10.859.550 | 12.532.818,Mediocampista
Domínguez,Celta,-17.975 | -33.016 | -51.088 | -135.412 | -311.518 | -828.908,"-2,27% | -4,08% | -6,18% | -14,87% | -28,66% | -51,67%",,29ddías,775.291,793.266 | 808.307 | 826.379 | 910.703 | 1.086.809 | 1.604.199,Defensa
Sotelo,Levante,0 | 0 | 0 | -18.699 | -167.469 | -722.710,"0,00% | 0,00% | 0,00% | -1,33% | -10,80% | -34,32%",,4ddías,1.382.803,1.382.803 | 1.382.803 | 1.382.803 | 1.401.502 | 1.550.272 | 2.105.513,Mediocampista
Djené,Getafe,0 | 0 | 0 | 0 | 0 | +10.439,"0,00% | 0,00% | 0,00% | 0,00% | 0,00% | +0,12%",,26ddías,8.432.492,8.432.492 | 8.432.492 | 8.432.492 | 8.432.492 | 8.432.492 | 8.422.053,Defensa
Marc Roca,Betis,+28.464 | +55.709 | +63.105 | +15.188 | -287.268 | -1.508.119,"+0,61% | +1,21% | +1,37% | +0,33% | -5,81% | -24,46%",,3ddías,4.658.061,4.629.597 | 4.602.352 | 4.594.956 | 4.642.873 | 4.945.329 | 6.166.180,Mediocampista
Ayoze,Villarreal,-118.953 | -214.984 | -293.070 | -856.816 | -1.928.339 | -3.552.505,"-0,72% | -1,29% | -1,75% | -4,94% | -10,46% | -17,72%",,29ddías,16.500.005,16.618.958 | 16.714.989 | 16.793.075 | 17.356.821 | 18.428.344 | 20.052.510,Delantero
Balde,Barcelona,-321.060 | -529.304 | -970.599 | -2.506.443 | +1.427.713 | +7.104.655,"-1,20% | -1,97% | -3,55% | -8,68% | +5,73% | +36,91%",,7ddías,26.355.064,26.676.124 | 26.884.368 | 27.325.663 | 28.861.507 | 24.927.351 | 19.250.409,Defensa
F. de Jong,Barcelona,-1.132.605 | -2.214.603 | -3.367.151 | -6.329.298 | -6.329.298 | -6.273.994,"-2,87% | -5,46% | -8,07% | -14,17% | -14,17% | -14,06%",,5ddías,38.342.842,39.475.447 | 40.557.445 | 41.709.993 | 44.672.140 | 44.672.140 | 44.616.836,Mediocampista
Araújo,Barcelona,-137.882 | -281.981 | -430.408 | -1.077.802 | -2.401.708 | -4.599.281,"-2,48% | -4,94% | -7,35% | -16,57% | -30,68% | -45,87%",,27ddías,5.426.973,5.564.855 | 5.708.954 | 5.857.381 | 6.504.775 | 7.828.681 | 10.026.254,Defensa
Gavi,Barcelona,+446.667 | +932.533 | +1.388.082 | +3.667.534 | +8.438.241 | +13.487.294,"+1,17% | +2,48% | +3,73% | +10,51% | +28,02% | +53,81%",,25ddías,38.552.932,38.106.265 | 37.620.399 | 37.164.850 | 34.885.398 | 30.114.691 | 25.065.638,Mediocampista
Ferran,Barcelona,+1.412.344 | +2.948.578 | +4.662.196 | +11.349.315 | +19.055.869 | +11.695.725,"+2,01% | +4,28% | +6,94% | +18,76% | +36,09% | +19,44%",,13ddías,71.853.258,70.440.914 | 68.904.680 | 67.191.062 | 60.503.943 | 52.797.389 | 60.157.533,Delantero
Pedri,Barcelona,-936.432 | -1.836.870 | -2.778.681 | -7.645.769 | -83.397.395 | -83.397.395,"-0,97% | -1,89% | -2,84% | -7,44% | 0% | 0%",,12ddías,95.140.197,96.076.629 | 96.977.067 | 97.918.878 | 102.785.966 | 0 | 0,Mediocampista
Raphinha,Barcelona,-492.889 | -1.064.771 | -1.638.771 | -6.515.379 | -18.472.232 | -30.069.881,"-0,69% | -1,48% | -2,26% | -8,41% | -20,65% | -29,75%",,21ddías,70.994.775,71.487.664 | 72.059.546 | 72.633.546 | 77.510.154 | 89.467.007 | 101.064.656,Delantero
A. Christensen,Barcelona,0 | 0 | 0 | 0 | 0 | +6.214,"0,00% | 0,00% | 0,00% | 0,00% | 0,00% | +0,12%",,26ddías,5.019.340,5.019.340 | 5.019.340 | 5.019.340 | 5.019.340 | 5.019.340 | 5.013.126,Defensa
Koundé,Barcelona,-875.969 | -1.742.082 | -2.509.454 | -2.983.673 | +1.223.896 | +14.642.970,"-1,73% | -3,38% | -4,80% | -5,66% | +2,52% | +41,73%",,5ddías,49.734.863,50.610.832 | 51.476.945 | 52.244.317 | 52.718.536 | 48.510.967 | 35.091.893,Defensa
Iglesias,Celta,-420.886 | -604.170 | -596.234 | +232.488 | +4.995.456 | +13.470.324,"-1,30% | -1,86% | -1,84% | +0,73% | +18,59% | 0%",,2ddías,31.866.873,32.287.759 | 32.471.043 | 32.463.107 | 31.634.385 | 26.871.417 | 0,Delantero
Yamal,Barcelona,-185.914 | -658.382 | -1.124.044 | -7.595.152 | +58.568.899 | +58.568.899,"-0,14% | -0,51% | -0,86% | -5,57% | 0% | 0%",,11ddías,128.865.082,129.050.996 | 129.523.464 | 129.989.126 | 136.460.234 | 0 | 0,Delantero
Casadó,Barcelona,-27.330 | -55.110 | -68.286 | -162.463 | -350.821 | -972.107,"-1,34% | -2,66% | -3,28% | -7,46% | -14,83% | -32,55%",,29ddías,2.014.636,2.041.966 | 2.069.746 | 2.082.922 | 2.177.099 | 2.365.457 | 2.986.743,Mediocampista
Cubarsí,Barcelona,-1.772.088 | -3.519.110 | -4.858.013 | -6.463.413 | +5.265.768 | +32.332.420,"-1,88% | -3,67% | -4,99% | -6,53% | +6,04% | +53,75%",,5ddías,92.489.953,94.262.041 | 96.009.063 | 97.347.966 | 98.953.366 | 87.224.185 | 60.157.533,Defensa
Fermín,Barcelona,-615.835 | -1.353.975 | -1.876.775 | -5.227.287 | -16.599.368 | -32.725.210,"-0,98% | -2,12% | -2,91% | -7,72% | -20,98% | -34,36%",,29ddías,62.524.217,63.140.052 | 63.878.192 | 64.400.992 | 67.751.504 | 79.123.585 | 95.249.427,Mediocampista
Bellerín,Betis,+266.725 | +541.521 | +777.279 | +1.083.319 | +690.955 | +1.175.132,"+2,44% | +5,08% | +7,46% | +10,71% | +6,57% | +11,72%",,6ddías,11.201.386,10.934.661 | 10.659.865 | 10.424.107 | 10.118.067 | 10.510.431 | 10.026.254,Defensa
Abde,Betis,-1.605.591 | -3.308.275 | -4.977.587 | -12.893.424 | -72.103.837 | -72.103.837,"-2,62% | -5,24% | -7,69% | -17,74% | 0% | 0%",,13ddías,59.778.280,61.383.871 | 63.086.555 | 64.755.867 | 72.671.704 | 0 | 0,Delantero
Le Normand,Atlético,-122.418 | -246.275 | -342.812 | -925.138 | -1.881.776 | -3.734.476,"-1,13% | -2,25% | -3,10% | -7,96% | -14,95% | -25,87%",,24ddías,10.703.330,10.825.748 | 10.949.605 | 11.046.142 | 11.628.468 | 12.585.106 | 14.437.806,Defensa
Lejeune,Rayo,-665.461 | -1.334.988 | -1.928.944 | -5.015.990 | -12.228.551 | -34.922.239,"-1,59% | -3,15% | -4,49% | -10,89% | -22,95% | 0%",,15ddías,41.059.845,41.725.306 | 42.394.833 | 42.988.789 | 46.075.835 | 53.288.396 | 0,Defensa
Fraga,Real Sociedad,0 | 0 | 0 | 0 | 0 | +660,"0,00% | 0,00% | 0,00% | 0,00% | 0,00% | +0,11%",,26ddías,602.234,602.234 | 602.234 | 602.234 | 602.234 | 602.234 | 601.574,Portero
Alvarez,Atlético,-796.474 | -1.489.978 | -2.076.339 | -4.418.869 | -8.154.194 | +23.757.412,"-1,10% | -2,03% | -2,81% | -5,79% | -10,19% | 0%",,10ddías,71.845.806,72.642.280 | 73.335.784 | 73.922.145 | 76.264.675 | 80.000.000 | 0,Delantero
Durán,Celta,-41.965 | -85.214 | -127.909 | -307.208 | -678.298 | -1.584.134,"-2,86% | -5,65% | -8,24% | -17,75% | -32,27% | -52,67%",,29ddías,1.423.741,1.465.706 | 1.508.955 | 1.551.650 | 1.730.949 | 2.102.039 | 3.007.875,Delantero
Natan,Betis,+873.591 | +1.533.397 | +2.341.179 | +5.096.280 | +9.458.456 | +16.420.306,"+2,15% | +3,84% | +5,98% | +14,00% | +29,53% | +65,51%",,27ddías,41.485.944,40.612.353 | 39.952.547 | 39.144.765 | 36.389.664 | 32.027.488 | 25.065.638,Defensa
Bernal,Barcelona,+254.609 | +451.873 | +516.372 | +277.249 | +277.249 | +281.723,"+7,00% | +13,14% | +15,30% | +7,67% | +7,67% | +7,81%",,3ddías,3.891.173,3.636.564 | 3.439.300 | 3.374.801 | 3.613.924 | 3.613.924 | 3.609.450,Mediocampista
Urko,Espanyol,-31.159 | -71.029 | -101.983 | -353.452 | -824.263 | -2.018.616,"-0,62% | -1,40% | -2,00% | -6,60% | -14,15% | -28,76%",,26ddías,4.999.761,5.030.920 | 5.070.790 | 5.101.744 | 5.353.213 | 5.824.024 | 7.018.377,Mediocampista
Toni Martinez,Alavés,-238.507 | -424.549 | -742.505 | -2.213.849 | -5.575.705 | +22.891.142,"-0,88% | -1,55% | -2,68% | -7,58% | -17,13% | 0%",,18ddías,26.975.135,27.213.642 | 27.399.684 | 27.717.640 | 29.188.984 | 32.550.840 | 0,Delantero
Musso,Atlético,-125.759 | -235.067 | -350.530 | -865.634 | -1.958.300 | -4.336.001,"-2,16% | -3,97% | -5,80% | -13,20% | -25,60% | -43,25%",,29ddías,5.690.253,5.816.012 | 5.925.320 | 6.040.783 | 6.555.887 | 7.648.553 | 10.026.254,Portero
Olmo,Barcelona,-1.202.638 | -2.526.250 | -3.631.025 | -9.448.512 | -31.040.861 | -31.040.861,"-1,61% | -3,33% | -4,71% | -11,40% | 0% | 0%",,13ddías,73.438.869,74.641.507 | 75.965.119 | 77.069.894 | 82.887.381 | 0 | 0,Mediocampista
Mario Martín,Getafe,0 | 0 | 0 | 0 | 0 | +4.971,"0,00% | 0,00% | 0,00% | 0,00% | 0,00% | +0,12%",,26ddías,4.015.472,4.015.472 | 4.015.472 | 4.015.472 | 4.015.472 | 4.015.472 | 4.010.501,Mediocampista
Benito,Osasuna,-13.204 | -26.277 | -39.297 | -101.217 | -228.134 | -642.638,"-1,96% | -3,82% | -5,61% | -13,28% | -25,66% | -49,30%",,29ddías,660.774,673.978 | 687.051 | 700.071 | 761.991 | 888.908 | 1.303.412,Delantero
Leo Román,Deportivo,+908.149 | +1.782.978 | +2.660.452 | +25.707.680 | +25.707.680 | +25.707.680,"+3,41% | +6,91% | +10,68% | 0% | 0% | 0%",,5ddías,27.576.102,26.667.953 | 25.793.124 | 24.915.650 | 0 | 0 | 0,Portero
Ferrer,Getafe,0 | 0 | 0 | 0 | 0 | +869,"0,00% | 0,00% | 0,00% | 0,00% | 0,00% | +0,12%",,26ddías,702.705,702.705 | 702.705 | 702.705 | 702.705 | 702.705 | 701.836,Portero
Boiro,Athletic,-9.756 | -19.239 | -28.518 | -73.851 | -147.231 | -424.585,"-1,66% | -3,22% | -4,70% | -11,33% | -20,30% | -42,35%",,13ddías,578.040,587.796 | 597.279 | 606.558 | 651.891 | 725.271 | 1.002.625,Defensa
Jauregizar,Athletic,+337.118 | +744.396 | +1.093.646 | +2.561.097 | +5.704.848 | +10.067.830,"+1,36% | +3,06% | +4,55% | +11,36% | +29,40% | +66,94%",,28ddías,25.107.212,24.770.094 | 24.362.816 | 24.013.566 | 22.546.115 | 19.402.364 | 15.039.382,Mediocampista
Padilla,Athletic,0 | 0 | 0 | 0 | 0 | +1.651,"0,00% | 0,00% | 0,00% | 0,00% | 0,00% | +0,11%",,26ddías,1.505.588,1.505.588 | 1.505.588 | 1.505.588 | 1.505.588 | 1.505.588 | 1.503.937,Portero
Letácek,Getafe,-19.292 | -40.616 | -60.711 | -151.783 | -372.309 | -1.009.817,"-2,11% | -4,34% | -6,35% | -14,50% | -29,37% | -53,01%",,29ddías,895.170,914.462 | 935.786 | 955.881 | 1.046.953 | 1.267.479 | 1.904.987,Portero
Hugo Álvarez,Celta,-75.657 | -151.755 | -229.669 | -574.552 | -1.278.138 | -2.977.042,"-2,09% | -4,11% | -6,09% | -13,96% | -26,53% | -45,68%",,29ddías,3.540.023,3.615.680 | 3.691.778 | 3.769.692 | 4.114.575 | 4.818.161 | 6.517.065,Mediocampista
Danjuma,Valencia,+9.819 | +5.282 | -25.553 | -194.893 | -658.433 | -1.650.873,"+0,23% | +0,12% | -0,58% | -4,27% | -13,11% | -27,44%",,1ddías,4.364.879,4.355.060 | 4.359.597 | 4.390.432 | 4.559.772 | 5.023.312 | 6.015.752,Delantero
Carreira,Celta,-27.851 | -44.798 | -83.537 | -437.719 | -1.247.020 | -1.082.408,"-0,40% | -0,64% | -1,19% | -5,93% | -15,23% | -13,49%",,23ddías,6.938.595,6.966.446 | 6.983.393 | 7.022.132 | 7.376.314 | 8.185.615 | 8.021.003,Defensa
Sergio Gómez,Real Sociedad,-162.119 | -314.933 | -437.387 | -1.211.187 | -3.120.934 | -6.194.758,"-0,85% | -1,64% | -2,27% | -6,03% | -14,19% | -24,71%",,29ddías,18.870.880,19.032.999 | 19.185.813 | 19.308.267 | 20.082.067 | 21.991.814 | 25.065.638,Defensa
Peque,Sevilla,-44.601 | -100.054 | -153.480 | -403.983 | -903.142 | -2.322.949,"-2,00% | -4,37% | -6,55% | -15,58% | -29,21% | -51,49%",,29ddías,2.188.865,2.233.466 | 2.288.919 | 2.342.345 | 2.592.848 | 3.092.007 | 4.511.814,Delantero
Ejuke,Sevilla,-43.491 | -93.552 | -139.194 | -355.280 | -769.900 | -1.888.205,"-1,37% | -2,91% | -4,26% | -10,21% | -19,77% | -37,67%",,29ddías,3.124.921,3.168.412 | 3.218.473 | 3.264.115 | 3.480.201 | 3.894.821 | 5.013.126,Delantero
Kambwala,Villarreal,-34.924 | -70.845 | -107.352 | -266.564 | -611.274 | -1.562.420,"-2,36% | -4,67% | -6,91% | -15,57% | -29,72% | -51,94%",,29ddías,1.445.455,1.480.379 | 1.516.300 | 1.552.807 | 1.712.019 | 2.056.729 | 3.007.875,Defensa
Andrés Martín,Racing,-339.486 | -666.509 | -940.785 | -2.257.581 | -4.512.067 | +19.883.669,"-1,54% | -2,99% | -4,17% | -9,45% | -17,26% | 0%",,20ddías,21.634.977,21.974.463 | 22.301.486 | 22.575.762 | 23.892.558 | 26.147.044 | 0,Delantero
Pépé,Villarreal,-793.946 | -1.656.408 | -2.555.415 | -6.791.250 | -16.929.456 | -38.894.393,"-1,47% | -3,03% | -4,59% | -11,34% | -24,18% | 0%",,14ddías,53.070.544,53.864.490 | 54.726.952 | 55.625.959 | 59.861.794 | 70.000.000 | 0,Delantero
Álvaro,Deportivo,-93.461 | -190.376 | -258.478 | -587.159 | -1.539.410 | -3.878.318,"-1,63% | -3,26% | -4,38% | -9,42% | -21,42% | -40,72%",,29ddías,5.646.623,5.740.084 | 5.836.999 | 5.905.101 | 6.233.782 | 7.186.033 | 9.524.941,Portero
Pape Gueye,Villarreal,+910.757 | +1.580.665 | +1.946.603 | +1.318.296 | -2.076.213 | -8.860.173,"+2,26% | +3,98% | +4,95% | +3,30% | -4,79% | -17,67%",,4ddías,41.271.104,40.360.347 | 39.690.439 | 39.324.501 | 39.952.808 | 43.347.317 | 50.131.277,Mediocampista
Losada,Betis,0 | 0 | 0 | 0 | 0 | +2.816,"0,00% | 0,00% | 0,00% | 0,00% | 0,00% | +0,11%",,26ddías,2.509.378,2.509.378 | 2.509.378 | 2.509.378 | 2.509.378 | 2.509.378 | 2.506.562,Delantero
D. Llorente,Betis,+257.097 | +583.341 | +873.338 | +1.585.917 | +2.341.814 | +3.273.755,"+2,37% | +5,55% | +8,54% | +16,68% | +26,76% | +41,86%",,13ddías,11.094.232,10.837.135 | 10.510.891 | 10.220.894 | 9.508.315 | 8.752.418 | 7.820.477,Defensa
Bretones,Osasuna,+100.703 | +192.007 | +274.579 | +512.465 | +534.730 | +136.584,"+4,30% | +8,53% | +12,66% | +26,55% | +28,03% | +5,92%",,11ddías,2.442.622,2.341.919 | 2.250.615 | 2.168.043 | 1.930.157 | 1.907.892 | 2.306.038,Defensa
Pedro Díaz,Rayo,-30.897 | -65.439 | -101.747 | -254.256 | -605.475 | -1.928.507,"-1,46% | -3,05% | -4,66% | -10,88% | -22,53% | -48,09%",,30ddías,2.081.994,2.112.891 | 2.147.433 | 2.183.741 | 2.336.250 | 2.687.469 | 4.010.501,Mediocampista
L. Sucic,Real Sociedad,-36.474 | -89.933 | -126.426 | -370.601 | -887.406 | -1.799.561,"-0,92% | -2,25% | -3,13% | -8,65% | -18,48% | -31,49%",,26ddías,3.915.403,3.951.877 | 4.005.336 | 4.041.829 | 4.286.004 | 4.802.809 | 5.714.964,Mediocampista
Javi Rodríguez,Celta,0 | 0 | 0 | 0 | 0 | +11.398,"0,00% | 0,00% | 0,00% | 0,00% | 0,00% | +0,11%",,26ddías,10.037.652,10.037.652 | 10.037.652 | 10.037.652 | 10.037.652 | 10.037.652 | 10.026.254,Defensa
Jon Martín,Real Sociedad,0 | 0 | 0 | 0 | 0 | +33.024,"0,00% | 0,00% | 0,00% | 0,00% | 0,00% | +0,11%",,26ddías,30.111.790,30.111.790 | 30.111.790 | 30.111.790 | 30.111.790 | 30.111.790 | 30.078.766,Defensa
Carlos Martín,Atlético,0 | 0 | 0 | 0 | 0 | +2.519,"0,00% | 0,00% | 0,00% | 0,00% | 0,00% | +0,11%",,26ddías,2.218.490,2.218.490 | 2.218.490 | 2.218.490 | 2.218.490 | 2.218.490 | 2.215.971,Mediocampista
Serrano,Atlético,-4.811 | -9.142 | -13.056 | -34.595 | -72.855 | -217.839,"-1,04% | -1,95% | -2,76% | -7,00% | -13,69% | -32,17%",,29ddías,459.358,464.169 | 468.500 | 472.414 | 493.953 | 532.213 | 677.197,Mediocampista
Valera,Elche,-145.847 | -390.265 | -622.827 | -1.776.691 | -3.587.559 | -38.616.927,"-0,59% | -1,57% | -2,48% | -6,76% | -12,77% | 0%",,20ddías,24.512.450,24.658.297 | 24.902.715 | 25.135.277 | 26.289.141 | 28.100.009 | 0,Mediocampista
Jiménez,Real Madrid,0 | 0 | 0 | 0 | 0 | +674,"0,00% | 0,00% | 0,00% | 0,00% | 0,00% | +0,11%",,26ddías,602.248,602.248 | 602.248 | 602.248 | 602.248 | 602.248 | 601.574,Defensa
Mestre,Real Madrid,0 | 0 | 0 | 0 | 0 | +758,"0,00% | 0,00% | 0,00% | 0,00% | 0,00% | +0,11%",,26ddías,677.860,677.860 | 677.860 | 677.860 | 677.860 | 677.860 | 677.102,Portero
Lago,Celta,0 | 0 | 0 | 0 | 0 | +797,"0,00% | 0,00% | 0,00% | 0,00% | 0,00% | +0,11%",,26ddías,702.633,702.633 | 702.633 | 702.633 | 702.633 | 702.633 | 701.836,Defensa
El-Abdellaoui,Celta,0 | 0 | 0 | 0 | 0 | +1.481,"0,00% | 0,00% | 0,00% | 0,00% | 0,00% | +0,11%",,26ddías,1.304.893,1.304.893 | 1.304.893 | 1.304.893 | 1.304.893 | 1.304.893 | 1.303.412,Delantero
Antony,Betis,-741.533 | -1.625.922 | -2.920.637 | -8.588.305 | -17.892.569 | -9.945.835,"-1,12% | -2,43% | -4,28% | -11,63% | -21,52% | -13,23%",,16ddías,65.251.082,65.992.615 | 66.877.004 | 68.171.719 | 73.839.387 | 83.143.651 | 75.196.917,Delantero
Sannadi,Athletic,-5.297 | -10.134 | -14.575 | -38.452 | -81.842 | -230.821,"-1,11% | -2,11% | -3,00% | -7,55% | -14,80% | -32,89%",,29ddías,471.015,476.312 | 481.149 | 485.590 | 509.467 | 552.857 | 701.836,Delantero
Pablo Ramón,Espanyol,-8.181 | -16.022 | -23.592 | -61.344 | -61.344 | -61.344,"-1,49% | -2,88% | -4,18% | 0% | 0% | -10,20%",,6ddías,540.230,548.411 | 556.252 | 563.822 | 0 | 0 | 601.574,Mediocampista
Guille,Barcelona,0 | 0 | 0 | 0 | 0 | +869,"0,00% | 0,00% | 0,00% | 0,00% | 0,00% | +0,12%",,26ddías,702.705,702.705 | 702.705 | 702.705 | 702.705 | 702.705 | 701.836,Mediocampista
Toni Fernández,Barcelona,0 | 0 | 0 | 0 | 0 | +745,"0,00% | 0,00% | 0,00% | 0,00% | 0,00% | +0,12%",,26ddías,602.319,602.319 | 602.319 | 602.319 | 602.319 | 602.319 | 601.574,Delantero
Vargas,Sevilla,-977.101 | +23.591.944 | +23.591.944 | +23.591.944 | +23.591.944 | +23.591.944,"-3,31% | 0% | 0% | 0% | 0% | 0%",,1ddías,28.522.899,29.500.000 | 0 | 0 | 0 | 0 | 0,Mediocampista
Garcés,Alavés,-17.963 | -35.993 | -54.177 | -138.994 | -316.184 | -728.952,"-2,27% | -4,44% | -6,53% | -15,21% | -28,98% | -48,47%",,29ddías,774.985,792.948 | 810.978 | 829.162 | 913.979 | 1.091.169 | 1.503.937,Defensa
Roberto,Espanyol,-10.944 | -22.555 | -51.888 | -260.133 | -703.836 | -1.454.531,"-0,20% | -0,40% | -0,92% | -4,47% | -11,23% | -20,72%",,24ddías,5.563.846,5.574.790 | 5.586.401 | 5.615.734 | 5.823.979 | 6.267.682 | 7.018.377,Delantero
Asencio,Real Madrid,-202.951 | -409.905 | -624.546 | -1.400.464 | -2.708.539 | -5.709.207,"-3,06% | -6,00% | -8,86% | -17,90% | -29,66% | -47,06%",,29ddías,6.422.561,6.625.512 | 6.832.466 | 7.047.107 | 7.823.025 | 9.131.100 | 12.131.768,Defensa
Spina,Atlético,0 | 0 | 0 | 0 | 0 | +866,"0,00% | 0,00% | 0,00% | 0,00% | 0,00% | +0,12%",,26ddías,702.702,702.702 | 702.702 | 702.702 | 702.702 | 702.702 | 701.836,Defensa
Aramburu,Real Sociedad,+332.774 | +888.218 | +1.324.564 | +2.772.689 | +4.730.903 | +7.584.480,"+2,33% | +6,48% | +9,98% | +23,44% | +47,92% | +108,07%",,28ddías,14.602.857,14.270.083 | 13.714.639 | 13.278.293 | 11.830.168 | 9.871.954 | 7.018.377,Defensa
Alfon,Sevilla,0 | 0 | 0 | 0 | 0 | +8.384,"0,00% | 0,00% | 0,00% | 0,00% | 0,00% | +0,12%",,26ddías,7.026.761,7.026.761 | 7.026.761 | 7.026.761 | 7.026.761 | 7.026.761 | 7.018.377,Delantero
Luiz Junior,Villarreal,+1.065.478 | +1.953.344 | +3.038.166 | +6.700.746 | +11.117.397 | +18.583.539,"+2,84% | +5,32% | +8,53% | +20,98% | +40,40% | +92,67%",,28ddías,38.636.049,37.570.571 | 36.682.705 | 35.597.883 | 31.935.303 | 27.518.652 | 20.052.510,Portero
Logan Costa,Villarreal,-37.488 | -72.134 | -107.975 | -262.427 | -603.162 | -1.462.151,"-2,37% | -4,46% | -6,53% | -14,51% | -28,07% | -48,61%",,29ddías,1.545.724,1.583.212 | 1.617.858 | 1.653.699 | 1.808.151 | 2.148.886 | 3.007.875,Defensa
Iturbe,Elche,0 | 0 | 0 | 0 | 0 | 0,"0,00% | 0,00% | 0,00% | 0,00% | 0,00% | 0,00%",,26ddías,802.099,802.099 | 802.099 | 802.099 | 802.099 | 802.099 | 802.099,Portero
Lo Celso,Betis,+808.985 | +1.519.548 | +2.258.241 | +5.295.124 | +11.151.121 | +19.105.564,"+2,11% | +4,04% | +6,12% | +15,64% | +39,82% | +95,28%",,28ddías,39.158.074,38.349.089 | 37.638.526 | 36.899.833 | 33.862.950 | 28.006.953 | 20.052.510,Mediocampista
Otorbi,Valencia,0 | 0 | 0 | 0 | 0 | +718,"0,00% | 0,00% | 0,00% | 0,00% | 0,00% | +0,12%",,26ddías,602.292,602.292 | 602.292 | 602.292 | 602.292 | 602.292 | 601.574,Delantero
Manu González,Betis,0 | 0 | 0 | 0 | 0 | +651,"0,00% | 0,00% | 0,00% | 0,00% | 0,00% | +0,11%",,26ddías,581.691,581.691 | 581.691 | 581.691 | 581.691 | 581.691 | 581.040,Portero
Risco,Getafe,0 | 0 | 0 | 0 | 0 | +869,"0,00% | 0,00% | 0,00% | 0,00% | 0,00% | +0,12%",,26ddías,702.705,702.705 | 702.705 | 702.705 | 702.705 | 702.705 | 701.836,Mediocampista
Szczesny,Barcelona,-102.782 | -208.075 | -208.075 | -208.075 | -208.075 | -208.075,"-3,31% | -6,49% | -6,49% | -6,49% | -6,49% | -6,49%",,2ddías,3.000.325,3.103.107 | 3.208.400 | 3.208.400 | 3.208.400 | 3.208.400 | 3.208.400,Portero
De la Sías,Rayo,0 | 0 | 0 | 0 | 0 | +660,"0,00% | 0,00% | 0,00% | 0,00% | 0,00% | +0,11%",,26ddías,602.234,602.234 | 602.234 | 602.234 | 602.234 | 602.234 | 601.574,Defensa
Óskarsson,Real Sociedad,-146.680 | -305.148 | -444.281 | -1.102.888 | -2.676.540 | -5.772.044,"-1,56% | -3,19% | -4,57% | -10,64% | -22,41% | -38,38%",,29ddías,9.267.338,9.414.018 | 9.572.486 | 9.711.619 | 10.370.226 | 11.943.878 | 15.039.382,Delantero
Alberto,Sevilla,0 | 0 | 0 | 0 | 0 | +797,"0,00% | 0,00% | 0,00% | 0,00% | 0,00% | +0,11%",,26ddías,702.633,702.633 | 702.633 | 702.633 | 702.633 | 702.633 | 701.836,Portero
Pau Navarro,Villarreal,-109.578 | -227.610 | -388.115 | -1.136.721 | -2.725.548 | -5.972.977,"-1,08% | -2,21% | -3,71% | -10,14% | -21,30% | -37,23%",,29ddías,10.069.031,10.178.609 | 10.296.641 | 10.457.146 | 11.205.752 | 12.794.579 | 16.042.008,Defensa
Cabanes,Villarreal,0 | 0 | 0 | 0 | 0 | +718,"0,00% | 0,00% | 0,00% | 0,00% | 0,00% | +0,12%",,26ddías,602.292,602.292 | 602.292 | 602.292 | 602.292 | 602.292 | 601.574,Delantero
Etta Eyong,Levante,+705.217 | +1.535.303 | +2.281.085 | +4.319.570 | +6.435.267 | +11.230.336,"+3,61% | +8,20% | +12,69% | +27,11% | +46,57% | +124,45%",,28ddías,20.253.965,19.548.748 | 18.718.662 | 17.972.880 | 15.934.395 | 13.818.698 | 9.023.629,Delantero
Endrick,Real Madrid,-27.497 | -73.122 | -147.905 | +7.112.228 | +7.112.228 | +7.112.228,"-0,36% | -0,94% | -1,89% | 0% | 0% | 0%",,6ddías,7.678.217,7.705.714 | 7.751.339 | 7.826.122 | 0 | 0 | 0,Delantero
Martín,Barcelona,-976.281 | -2.018.636 | -2.018.636 | -2.018.636 | -2.018.636 | -1.980.855,"-3,31% | -6,61% | -6,61% | -6,61% | -6,61% | -6,50%",,2ddías,28.498.960,29.475.241 | 30.517.596 | 30.517.596 | 30.517.596 | 30.517.596 | 30.479.815,Defensa
Mbappé,Real Madrid,-83.679 | -568.300 | -770.550 | -4.189.101 | -25.202.227 | -25.202.227,"-0,06% | -0,43% | -0,59% | -3,12% | 0% | 0%",,11ddías,130.283.212,130.366.891 | 130.851.512 | 131.053.762 | 134.472.313 | 0 | 0,Delantero
Tárrega,Valencia,-37.373 | -65.297 | -124.171 | -471.685 | -1.418.563 | -3.345.769,"-0,41% | -0,71% | -1,33% | -4,88% | -13,38% | -26,70%",,29ddías,9.187.049,9.224.422 | 9.252.346 | 9.311.220 | 9.658.734 | 10.605.612 | 12.532.818,Defensa
Pepelu,Valencia,-89.336 | -172.081 | -247.784 | -753.144 | -1.604.556 | -1.942.270,"-1,09% | -2,08% | -2,97% | -8,52% | -16,56% | -19,37%",,24ddías,8.083.984,8.173.320 | 8.256.065 | 8.331.768 | 8.837.128 | 9.688.540 | 10.026.254,Mediocampista
Romero,Villarreal,+678.011 | +1.059.981 | +1.329.903 | -1.520.023 | -1.520.023 | -1.480.696,"+2,06% | +3,26% | +4,12% | -4,33% | -4,33% | -4,22%",,4ddías,33.611.197,32.933.186 | 32.551.216 | 32.281.294 | 35.131.220 | 35.131.220 | 35.091.893,Defensa
Foulquier,Valencia,-59.739 | -125.360 | -183.514 | -571.296 | -571.296 | -566.865,"-1,87% | -3,84% | -5,52% | -15,38% | -15,38% | -15,28%",,7ddías,3.142.848,3.202.587 | 3.268.208 | 3.326.362 | 3.714.144 | 3.714.144 | 3.709.713,Defensa
Jesús Vázquez,Valencia,-51.059 | -104.628 | -157.163 | -382.807 | -849.190 | -2.203.354,"-2,48% | -4,95% | -7,26% | -16,01% | -29,72% | -52,32%",,29ddías,2.007.672,2.058.731 | 2.112.300 | 2.164.835 | 2.390.479 | 2.856.862 | 4.211.026,Defensa
Fran Pérez,Rayo,-22.249 | -46.312 | -69.972 | -181.477 | -397.116 | -1.017.590,"-2,20% | -4,48% | -6,62% | -15,52% | -28,68% | -50,75%",,29ddías,987.660,1.009.909 | 1.033.972 | 1.057.632 | 1.169.137 | 1.384.776 | 2.005.250,Mediocampista
Hugo González,Celta,0 | 0 | 0 | 0 | 0 | +1.709,"0,00% | 0,00% | 0,00% | 0,00% | 0,00% | +0,11%",,26ddías,1.505.646,1.505.646 | 1.505.646 | 1.505.646 | 1.505.646 | 1.505.646 | 1.503.937,Mediocampista
Iranzo,Valencia,0 | 0 | 0 | 0 | 0 | +718,"0,00% | 0,00% | 0,00% | 0,00% | 0,00% | +0,12%",,26ddías,602.292,602.292 | 602.292 | 602.292 | 602.292 | 602.292 | 601.574,Defensa
Gayà,Valencia,-93.101 | -259.357 | -376.297 | -1.092.632 | -2.625.717 | -5.744.036,"-0,75% | -2,06% | -2,97% | -8,16% | -17,59% | -31,83%",,29ddías,12.303.223,12.396.324 | 12.562.580 | 12.679.520 | 13.395.855 | 14.928.940 | 18.047.259,Defensa
Comesaña,Villarreal,+176.360 | +203.833 | +105.072 | -2.324.702 | -5.185.498 | -9.219.845,"+0,65% | +0,76% | +0,39% | -7,88% | -16,02% | -25,33%",,2ddías,27.175.462,26.999.102 | 26.971.629 | 27.070.390 | 29.500.164 | 32.360.960 | 36.395.307,Mediocampista
Gerard,Villarreal,-171.519 | -494.488 | -790.479 | -2.263.145 | -5.368.424 | -10.370.536,"-0,57% | -1,64% | -2,59% | -7,07% | -15,29% | -25,86%",,29ddías,29.734.485,29.906.004 | 30.228.973 | 30.524.964 | 31.997.630 | 35.102.909 | 40.105.021,Delantero
Foyth,Villarreal,-262.005 | -507.763 | -578.642 | -1.415.274 | -1.415.274 | -1.400.303,"-2,30% | -4,36% | -4,94% | -11,28% | -11,28% | -11,17%",,5ddías,11.132.515,11.394.520 | 11.640.278 | 11.711.157 | 12.547.789 | 12.547.789 | 12.532.818,Defensa
Sörloth,Atlético,-340.314 | -672.693 | -930.215 | -2.654.789 | -5.817.900 | -12.597.709,"-1,22% | -2,39% | -3,27% | -8,80% | -17,46% | -31,41%",,29ddías,27.507.312,27.847.626 | 28.180.005 | 28.437.527 | 30.162.101 | 33.325.212 | 40.105.021,Delantero
Baena,Atlético,-1.453.118 | -2.896.670 | -4.146.035 | -4.130.207 | +6.322.272 | +22.854.575,"-2,15% | -4,19% | -5,89% | -5,87% | +10,56% | +52,71%",,5ddías,66.217.623,67.670.741 | 69.114.293 | 70.363.658 | 70.347.830 | 59.895.351 | 43.363.048,Mediocampista
Femenia,Getafe,-16.808 | -53.012 | -90.751 | -305.633 | -874.964 | -2.337.842,"-0,45% | -1,42% | -2,41% | -7,67% | -19,22% | -38,86%",,29ddías,3.677.910,3.694.718 | 3.730.922 | 3.768.661 | 3.983.543 | 4.552.874 | 6.015.752,Defensa
Diego López,Valencia,-93.237 | -188.554 | -288.723 | -707.158 | -1.570.405 | -3.004.463,"-3,00% | -5,89% | -8,75% | -19,02% | -34,28% | -49,94%",,29ddías,3.011.289,3.104.526 | 3.199.843 | 3.300.012 | 3.718.447 | 4.581.694 | 6.015.752,Delantero
Rivero,Valencia,-9.865 | -19.461 | -28.858 | -74.715 | -138.814 | -421.975,"-1,67% | -3,24% | -4,73% | -11,40% | -19,29% | -42,09%",,12ddías,580.650,590.515 | 600.111 | 609.508 | 655.365 | 719.464 | 1.002.625,Portero
Denis Suárez,Alavés,-63.698 | -133.796 | -207.919 | -531.607 | -1.217.415 | -3.004.164,"-2,07% | -4,25% | -6,46% | -15,00% | -28,79% | -49,94%",,29ddías,3.011.588,3.075.286 | 3.145.384 | 3.219.507 | 3.543.195 | 4.229.003 | 6.015.752,Mediocampista
Sow,Sevilla,+2.823 | +29.111 | +20.428 | -175.301 | -835.591 | -1.515.916,"+0,03% | +0,34% | +0,24% | -2,02% | -8,94% | -15,12%",,2ddías,8.510.338,8.507.515 | 8.481.227 | 8.489.910 | 8.685.639 | 9.345.929 | 10.026.254,Mediocampista
Dmitrovic,Espanyol,+1.006.237 | +1.934.239 | +2.971.833 | +6.506.034 | +10.384.867 | +16.215.959,"+3,33% | +6,60% | +10,51% | +26,29% | +49,76% | +107,82%",,28ddías,31.255.341,30.249.104 | 29.321.102 | 28.283.508 | 24.749.307 | 20.870.474 | 15.039.382,Portero
Gattoni,Sevilla,-5.154 | -9.842 | -14.127 | -37.315 | -79.195 | -234.253,"-1,09% | -2,06% | -2,93% | -7,39% | -14,48% | -33,38%",,29ddías,467.583,472.737 | 477.425 | 481.710 | 504.898 | 546.778 | 701.836,Defensa
Pedrosa,Sevilla,0 | 0 | 0 | 0 | 0 | +4.125,"0,00% | 0,00% | 0,00% | 0,00% | 0,00% | +0,12%",,26ddías,3.312.788,3.312.788 | 3.312.788 | 3.312.788 | 3.312.788 | 3.312.788 | 3.308.663,Defensa
Jordan,Sevilla,-11.976 | -23.771 | -35.459 | -91.474 | -205.424 | -571.833,"-1,86% | -3,63% | -5,32% | -12,66% | -24,55% | -47,53%",,29ddías,631.317,643.293 | 655.088 | 666.776 | 722.791 | 836.741 | 1.203.150,Mediocampista
Rafa Mir,Sevilla,0 | 0 | 0 | 0 | 0 | +8.750,"0,00% | 0,00% | 0,00% | 0,00% | 0,00% | +0,12%",,26ddías,7.027.127,7.027.127 | 7.027.127 | 7.027.127 | 7.027.127 | 7.027.127 | 7.018.377,Delantero
Mariano,Alavés,-33.166 | -67.722 | -100.842 | -254.386 | -570.397 | -1.501.133,"-2,68% | -5,32% | -7,72% | -17,42% | -32,11% | -55,45%",,29ddías,1.205.954,1.239.120 | 1.273.676 | 1.306.796 | 1.460.340 | 1.776.351 | 2.707.087,Delantero
Marcão,Sevilla,-19.007 | -32.402 | -49.828 | -138.078 | -311.491 | -804.146,"-2,32% | -3,89% | -5,86% | -14,72% | -28,02% | -50,13%",,29ddías,800.053,819.060 | 832.455 | 849.881 | 938.131 | 1.111.544 | 1.604.199,Defensa
Almeida,Valencia,-86.560 | -170.139 | -256.401 | -627.850 | -1.363.222 | -3.238.764,"-2,65% | -5,08% | -7,47% | -16,50% | -30,02% | -50,47%",,29ddías,3.178.038,3.264.598 | 3.348.177 | 3.434.439 | 3.805.888 | 4.541.260 | 6.416.802,Mediocampista
Juanlu,Sevilla,-75.785 | -134.985 | -170.544 | -355.621 | -758.329 | -2.142.673,"-2,57% | -4,49% | -5,61% | -11,02% | -20,90% | -42,74%",,30ddías,2.870.453,2.946.238 | 3.005.438 | 3.040.997 | 3.226.074 | 3.628.782 | 5.013.126,Mediocampista
Manu Bueno,Sevilla,0 | 0 | 0 | 0 | 0 | 0,"0,00% | 0,00% | 0,00% | 0,00% | 0,00% | 0,00%",,26ddías,802.099,802.099 | 802.099 | 802.099 | 802.099 | 802.099 | 802.099,Mediocampista
Diakhaby,Valencia,-147.413 | -298.218 | -460.257 | -1.163.341 | -1.745.520 | -1.734.741,"-1,98% | -3,93% | -5,94% | -13,76% | -19,32% | -19,22%",,9ddías,7.288.888,7.436.301 | 7.587.106 | 7.749.145 | 8.452.229 | 9.034.408 | 9.023.629,Defensa
Canós,Valencia,-10.365 | -20.481 | -30.421 | -806.774 | -806.774 | -806.774,"-1,72% | -3,34% | -4,88% | 0% | 0% | 0%",,6ddías,592.642,603.007 | 613.123 | 623.063 | 0 | 0 | 0,Delantero
Javi Guerra,Valencia,-172.531 | -362.784 | -491.952 | -1.656.851 | -3.201.398 | +21.885.625,"-0,69% | -1,44% | -1,94% | -6,26% | -11,43% | 0%",,19ddías,24.812.976,24.985.507 | 25.175.760 | 25.304.928 | 26.469.827 | 28.014.374 | 0,Mediocampista
Duro,Valencia,-123.060 | -204.484 | -292.462 | -678.772 | -1.567.612 | -2.783.589,"-1,31% | -2,16% | -3,07% | -6,84% | -14,49% | -23,14%",,24ddías,9.247.916,9.370.976 | 9.452.400 | 9.540.378 | 9.926.688 | 10.815.528 | 12.031.505,Delantero
Terrats,Getafe,0 | 0 | 0 | 0 | 0 | +3.146,"0,00% | 0,00% | 0,00% | 0,00% | 0,00% | +0,11%",,26ddías,2.810.495,2.810.495 | 2.810.495 | 2.810.495 | 2.810.495 | 2.810.495 | 2.807.349,Mediocampista
Íñigo Pérez,Villarreal,+63.769 | +39.405 | +27.997 | -32.946 | -319.934 | -319.934,"+3,00% | +1,84% | +1,30% | -1,48% | 0% | -12,76%",,1ddías,2.186.628,2.122.859 | 2.147.223 | 2.158.631 | 2.219.574 | 0 | 2.506.562,
Akhomach,Villarreal,-157.896 | -334.494 | -489.879 | -1.379.719 | -1.379.719 | -1.370.601,"-2,32% | -4,79% | -6,86% | -17,18% | -17,18% | -17,09%",,7ddías,6.650.402,6.808.298 | 6.984.896 | 7.140.281 | 8.030.121 | 8.030.121 | 8.021.003,Delantero
Rubén Sánchez,Espanyol,-7.806 | -15.257 | -22.420 | -58.371 | -128.269 | -371.122,"-1,45% | -2,79% | -4,05% | -9,90% | -19,45% | -41,13%",,29ddías,531.239,539.045 | 546.496 | 553.659 | 589.610 | 659.508 | 902.361,Mediocampista
Rosier,Osasuna,-238.749 | -488.907 | -738.687 | -1.824.108 | -2.896.163 | -3.070.721,"-2,91% | -5,79% | -8,49% | -18,65% | -26,68% | -27,84%",,24ddías,7.958.159,8.196.908 | 8.447.066 | 8.696.846 | 9.782.267 | 10.854.322 | 11.028.880,Defensa
Mouriño,Villarreal,+627.870 | +1.327.797 | +1.877.326 | +3.929.371 | +7.557.551 | +13.219.579,"+1,76% | +3,80% | +5,46% | +12,15% | +26,31% | +57,33%",,27ddías,36.279.966,35.652.096 | 34.952.169 | 34.402.640 | 32.350.595 | 28.722.415 | 23.060.387,Defensa
Serrano,Athletic,-35.752 | -72.669 | -110.526 | -269.101 | -598.905 | -1.596.878,"-2,87% | -5,66% | -8,37% | -18,19% | -33,10% | -56,88%",,30ddías,1.210.471,1.246.223 | 1.283.140 | 1.320.997 | 1.479.572 | 1.809.376 | 2.807.349,Delantero
Raba,Valencia,-54.143 | -108.283 | -165.021 | -407.041 | -869.365 | -2.246.621,"-2,53% | -4,93% | -7,32% | -16,31% | -29,39% | -51,82%",,29ddías,2.088.975,2.143.118 | 2.197.258 | 2.253.996 | 2.496.016 | 2.958.340 | 4.335.596,Delantero
Conde,Betis,0 | 0 | 0 | -171.584 | -537.321 | -1.470.225,"0,00% | 0,00% | 0,00% | -5,34% | -15,01% | -32,59%",,3ddías,3.041.589,3.041.589 | 3.041.589 | 3.041.589 | 3.213.173 | 3.578.910 | 4.511.814,Portero
Raul Moro,Osasuna,+244.227 | +558.143 | +768.815 | +882.290 | +152.776 | -723.926,"+2,21% | +5,19% | +7,30% | +8,46% | +1,37% | -6,02%",,6ddías,11.307.579,11.063.352 | 10.749.436 | 10.538.764 | 10.425.289 | 11.154.803 | 12.031.505,Delantero
Boyomo,Osasuna,+585.441 | +1.042.246 | +1.499.313 | +3.343.211 | +5.981.001 | +8.171.641,"+2,59% | +4,70% | +6,91% | +16,83% | +34,71% | +54,33%",,25ddías,23.211.023,22.625.582 | 22.168.777 | 21.711.710 | 19.867.812 | 17.230.022 | 15.039.382,Defensa
Fortuño,Espanyol,-12.814 | -25.482 | -38.079 | -98.124 | -187.729 | -551.721,"-1,93% | -3,76% | -5,52% | -13,09% | -22,37% | -45,86%",,9ddías,651.429,664.243 | 676.911 | 689.508 | 749.553 | 839.158 | 1.203.150,Portero
El Hilali,Espanyol,+115.145 | +268.778 | +402.471 | +877.043 | +1.463.116 | +1.927.378,"+1,57% | +3,75% | +5,72% | +13,36% | +24,47% | +34,95%",,13ddías,7.441.817,7.326.672 | 7.173.039 | 7.039.346 | 6.564.774 | 5.978.701 | 5.514.439,Defensa
Juanmi,Getafe,-15.654 | -31.280 | -46.959 | -120.671 | -254.852 | -726.633,"-2,13% | -4,17% | -6,13% | -14,36% | -26,15% | -50,24%",,29ddías,719.593,735.247 | 750.873 | 766.552 | 840.264 | 974.445 | 1.446.226,Delantero
Edu Expósito,Espanyol,-199.554 | -482.997 | -780.663 | -2.102.959 | -5.192.096 | -13.805.376,"-0,72% | -1,73% | -2,77% | -7,14% | -15,95% | 0%",,18ddías,27.361.017,27.560.571 | 27.844.014 | 28.141.680 | 29.463.976 | 32.553.113 | 0,Mediocampista
Jofre,Espanyol,-30.112 | -57.710 | -85.904 | -230.626 | -547.030 | -1.428.530,"-2,14% | -4,02% | -5,86% | -14,33% | -28,40% | -50,89%",,29ddías,1.378.819,1.408.931 | 1.436.529 | 1.464.723 | 1.609.445 | 1.925.849 | 2.807.349,Delantero
Pere Milla,Espanyol,-113.674 | -212.408 | -267.377 | -447.001 | +208.211 | +2.345.592,"-1,08% | -2,01% | -2,51% | -4,13% | +2,05% | +29,24%",,7ddías,10.366.595,10.480.269 | 10.579.003 | 10.633.972 | 10.813.596 | 10.158.384 | 8.021.003,Delantero
Lozano,Espanyol,-51.298 | -110.738 | -169.027 | -400.867 | -912.278 | -2.309.777,"-1,86% | -3,94% | -5,88% | -12,91% | -25,23% | -46,07%",,29ddías,2.703.349,2.754.647 | 2.814.087 | 2.872.376 | 3.104.216 | 3.615.627 | 5.013.126,Mediocampista
Puado,Espanyol,-292.055 | -585.568 | -882.324 | -2.169.634 | -4.679.859 | -5.940.116,"-3,11% | -6,05% | -8,84% | -19,25% | -33,96% | -39,50%",,20ddías,9.099.266,9.391.321 | 9.684.834 | 9.981.590 | 11.268.900 | 13.779.125 | 15.039.382,Mediocampista
Cabrera,Espanyol,-33.542 | -115.170 | -192.261 | -792.938 | -1.864.567 | +5.393.774,"-0,20% | -0,69% | -1,14% | -4,55% | -10,07% | 0%",,22ddías,16.652.537,16.686.079 | 16.767.707 | 16.844.798 | 17.445.475 | 18.517.104 | 0,Defensa
Calero,Málaga,0 | 0 | 0 | 0 | 0 | +3.932,"0,00% | 0,00% | 0,00% | 0,00% | 0,00% | +0,11%",,26ddías,3.513.120,3.513.120 | 3.513.120 | 3.513.120 | 3.513.120 | 3.513.120 | 3.509.188,Defensa
Altimira,Deportivo,-54.766 | -125.001 | -195.058 | -592.530 | -1.093.361 | -1.545.375,"-0,99% | -2,23% | -3,44% | -9,77% | -16,65% | -22,02%",,23ddías,5.473.002,5.527.768 | 5.598.003 | 5.668.060 | 6.065.532 | 6.566.363 | 7.018.377,Defensa
Fornals,Betis,-1.350.760 | -2.838.490 | -4.408.077 | -11.835.739 | -76.539.382 | -76.539.382,"-1,98% | -4,08% | -6,19% | -15,06% | 0% | 0%",,12ddías,66.749.918,68.100.678 | 69.588.408 | 71.157.995 | 78.585.657 | 0 | 0,Mediocampista
Joan Garcia,Barcelona,-1.605.563 | -3.324.866 | -3.324.866 | -3.324.866 | -3.324.866 | -3.262.727,"-3,31% | -6,62% | -6,62% | -6,62% | -6,62% | -6,51%",,2ddías,46.868.550,48.474.113 | 50.193.416 | 50.193.416 | 50.193.416 | 50.193.416 | 50.131.277,Portero
Fort,Barcelona,-99.579 | -194.088 | -309.364 | -661.283 | -661.283 | -655.033,"-2,23% | -4,26% | -6,63% | -13,17% | -13,17% | -13,07%",,5ddías,4.358.093,4.457.672 | 4.552.181 | 4.667.457 | 5.019.376 | 5.019.376 | 5.013.126,Defensa
Manu Sánchez,Levante,0 | 0 | 0 | -97.781 | -484.326 | -477.567,"0,00% | 0,00% | 0,00% | -1,73% | -8,04% | -7,94%",,4ddías,5.538.185,5.538.185 | 5.538.185 | 5.538.185 | 5.635.966 | 6.022.511 | 6.015.752,Defensa
Raúl García,Osasuna,-55.181 | -112.633 | -162.281 | -410.399 | -931.806 | -2.375.717,"-2,31% | -4,60% | -6,49% | -14,94% | -28,51% | -50,41%",,29ddías,2.336.621,2.391.802 | 2.449.254 | 2.498.902 | 2.747.020 | 3.268.427 | 4.712.338,Delantero
Kike Salas,Sevilla,-52.590 | -134.615 | -222.026 | -786.607 | -1.959.625 | -4.109.740,"-0,44% | -1,12% | -1,83% | -6,18% | -14,11% | -25,62%",,27ddías,11.932.268,11.984.858 | 12.066.883 | 12.154.294 | 12.718.875 | 13.891.893 | 16.042.008,Defensa
F. Carreras,Real Madrid,-380.624 | -790.962 | -1.194.677 | -3.012.506 | -6.387.148 | -13.583.994,"-2,30% | -4,66% | -6,87% | -15,68% | -28,29% | -45,62%",,29ddías,16.193.985,16.574.609 | 16.984.947 | 17.388.662 | 19.206.491 | 22.581.133 | 29.777.979,Defensa
Giuliano,Atlético,-1.035.554 | -1.975.629 | -2.721.351 | -2.571.478 | +3.388.029 | +18.222.203,"-1,95% | -3,66% | -4,98% | -4,72% | +6,97% | +54,00%",,5ddías,51.965.410,53.000.964 | 53.941.039 | 54.686.761 | 54.536.888 | 48.577.381 | 33.743.207,Delantero
Batalla,Rayo,+868.480 | +1.681.510 | +2.578.170 | +5.384.525 | +10.208.727 | +18.600.750,"+2,30% | +4,55% | +7,15% | +16,18% | +35,89% | +92,76%",,28ddías,38.653.260,37.784.780 | 36.971.750 | 36.075.090 | 33.268.735 | 28.444.533 | 20.052.510,Portero
Romero,Sevilla,-31.793 | -69.730 | -111.796 | -389.053 | -1.048.330 | -1.889.633,"-0,52% | -1,12% | -1,79% | -5,97% | -14,60% | -23,56%",,25ddías,6.131.370,6.163.163 | 6.201.100 | 6.243.166 | 6.520.423 | 7.179.700 | 8.021.003,Delantero
Cardoso,Atlético,-231.789 | -464.145 | -685.420 | -1.700.985 | -3.725.839 | -7.337.490,"-2,92% | -5,68% | -8,17% | -18,09% | -32,60% | -48,79%",,26ddías,7.701.892,7.933.681 | 8.166.037 | 8.387.312 | 9.402.877 | 11.427.731 | 15.039.382,Mediocampista
Moriba,Celta,+211.833 | +457.630 | +668.153 | +1.124.245 | +312.035 | -2.213.082,"+2,21% | +4,89% | +7,30% | +12,93% | +3,28% | -18,39%",,8ddías,9.818.423,9.606.590 | 9.360.793 | 9.150.270 | 8.694.178 | 9.506.388 | 12.031.505,Mediocampista
Agoume,Sevilla,-2.931 | -34.766 | -79.639 | -252.846 | -675.692 | -714.885,"-0,05% | -0,60% | -1,35% | -4,18% | -10,43% | -10,97%",,24ddías,5.802.180,5.805.111 | 5.836.946 | 5.881.819 | 6.055.026 | 6.477.872 | 6.517.065,Mediocampista
Guedes,Real Sociedad,-883.793 | -1.779.941 | -2.768.760 | -7.596.432 | -17.967.819 | -11.949.074,"-1,84% | -3,65% | -5,56% | -13,91% | -27,64% | 0%",,14ddías,47.032.181,47.915.974 | 48.812.122 | 49.800.941 | 54.628.613 | 65.000.000 | 0,Delantero
Satriano,Getafe,0 | 0 | 0 | 0 | 0 | 0,0% | 0% | 0% | 0% | 0% | 0%,,35ddías,4.336.426,0 | 0 | 0 | 0 | 0 | 0,Delantero
Javi López,Real Sociedad,0 | 0 | 0 | 0 | 0 | 0,0% | 0% | 0% | 0% | 0% | 0%,,35ddías,1.656.670,0 | 0 | 0 | 0 | 0 | 0,Defensa
Thiago,Villarreal,0 | 0 | 0 | 0 | 0 | 0,0% | 0% | 0% | 0% | 0% | 0%,,35ddías,1.660.575,0 | 0 | 0 | 0 | 0 | 0,Mediocampista
Lemar,Atlético,0 | 0 | 0 | 0 | 0 | 0,0% | 0% | 0% | 0% | 0% | 0%,,35ddías,1.680.630,0 | 0 | 0 | 0 | 0 | 0,Mediocampista
Ter Stegen,Barcelona,0 | 0 | 0 | 0 | 0 | 0,0% | 0% | 0% | 0% | 0% | 0%,,35ddías,1.683.226,0 | 0 | 0 | 0 | 0 | 0,Portero
M. Alonso,Celta,0 | 0 | 0 | 0 | 0 | 0,0% | 0% | 0% | 0% | 0% | 0%,,35ddías,71.704.119,0 | 0 | 0 | 0 | 0 | 0,Defensa
Guido,Valencia,0 | 0 | 0 | 0 | 0 | 0,0% | 0% | 0% | 0% | 0% | 0%,,35ddías,1.925.541,0 | 0 | 0 | 0 | 0 | 0,Mediocampista
Rincón,Athletic,0 | 0 | 0 | 0 | 0 | 0,0% | 0% | 0% | 0% | 0% | 0%,,35ddías,1.658.593,0 | 0 | 0 | 0 | 0 | 0,Defensa
Forés,Villarreal,0 | 0 | 0 | 0 | 0 | 0,0% | 0% | 0% | 0% | 0% | 0%,,35ddías,1.653.899,0 | 0 | 0 | 0 | 0 | 0,Delantero
Carlos Espí,Real Madrid,0 | 0 | 0 | 0 | 0 | 0,0% | 0% | 0% | 0% | 0% | 0%,,35ddías,3.531.129,0 | 0 | 0 | 0 | 0 | 0,Delantero
Neyou,Getafe,0 | 0 | 0 | 0 | 0 | 0,0% | 0% | 0% | 0% | 0% | 0%,,184ddías,604.547,0 | 0 | 0 | 0 | 0 | 0,Mediocampista
Maras,Alavés,0 | 0 | 0 | 0 | 0 | 0,0% | 0% | 0% | 0% | 0% | 0%,,187ddías,590.024,0 | 0 | 0 | 0 | 0 | 0,Defensa
Goti,Real Sociedad,0 | 0 | 0 | 0 | 0 | 0,0% | 0% | 0% | 0% | 0% | 0%,,190ddías,590.263,0 | 0 | 0 | 0 | 0 | 0,Mediocampista
Diarra,Alavés,0 | 0 | 0 | 0 | 0 | 0,0% | 0% | 0% | 0% | 0% | 0%,,190ddías,591.470,0 | 0 | 0 | 0 | 0 | 0,Defensa
Ali Houary,Elche,0 | 0 | 0 | 0 | 0 | 0,0% | 0% | 0% | 0% | 0% | 0%,,194ddías,592.065,0 | 0 | 0 | 0 | 0 | 0,Delantero
Javier Hernández,Espanyol,0 | 0 | 0 | 0 | 0 | 0,0% | 0% | 0% | 0% | 0% | 0%,,208ddías,575.023,0 | 0 | 0 | 0 | 0 | 0,Delantero
Bauzà,Espanyol,0 | 0 | 0 | 0 | 0 | 0,0% | 0% | 0% | 0% | 0% | 0%,,336ddías,318.649,0 | 0 | 0 | 0 | 0 | 0,Mediocampista
Uche,Getafe,0 | 0 | 0 | 0 | 0 | 0,0% | 0% | 0% | 0% | 0% | 0%,,337ddías,12.405.015,0 | 0 | 0 | 0 | 0 | 0,Mediocampista
Pablo López,Valencia,0 | 0 | 0 | 0 | 0 | 0,0% | 0% | 0% | 0% | 0% | 0%,,337ddías,441.041,0 | 0 | 0 | 0 | 0 | 0,Delantero
Alberto Marí,Valencia,0 | 0 | 0 | 0 | 0 | 0,0% | 0% | 0% | 0% | 0% | 0%,,338ddías,787.986,0 | 0 | 0 | 0 | 0 | 0,Delantero
Novoa,Alavés,0 | 0 | 0 | 0 | 0 | 0,0% | 0% | 0% | 0% | 0% | 0%,,338ddías,661.162,0 | 0 | 0 | 0 | 0 | 0,Defensa
Pelayo,Rayo,0 | 0 | 0 | 0 | 0 | 0,0% | 0% | 0% | 0% | 0% | 0%,,338ddías,1.722.279,0 | 0 | 0 | 0 | 0 | 0,Defensa
Hinojo,Espanyol,0 | 0 | 0 | 0 | 0 | 0,0% | 0% | 0% | 0% | 0% | 0%,,342ddías,317.496,0 | 0 | 0 | 0 | 0 | 0,Defensa
Djaló,Athletic,0 | 0 | 0 | 0 | 0 | 0,0% | 0% | 0% | 0% | 0% | 0%,,373ddías,8.434.683,0 | 0 | 0 | 0 | 0 | 0,Delantero
Owono,Alavés,0 | 0 | 0 | 0 | 0 | 0,0% | 0% | 0% | 0% | 0% | 0%,,373ddías,828.372,0 | 0 | 0 | 0 | 0 | 0,Portero
Berrocal,Getafe,0 | 0 | 0 | 0 | 0 | 0,0% | 0% | 0% | 0% | 0% | 0%,,373ddías,1.058.833,0 | 0 | 0 | 0 | 0 | 0,Defensa
De Tomás,Rayo,0 | 0 | 0 | 0 | 0 | 0,0% | 0% | 0% | 0% | 0% | 0%,,377ddías,3.229.388,0 | 0 | 0 | 0 | 0 | 0,Delantero
Eneko Ortiz,Villarreal,0 | 0 | 0 | 0 | 0 | 0,0% | 0% | 0% | 0% | 0% | 0%,,397ddías,1.718.986,0 | 0 | 0 | 0 | 0 | 0,Defensa
Eto'o,Rayo,0 | 0 | 0 | 0 | 0 | 0,0% | 0% | 0% | 0% | 0% | 0%,,397ddías,1.718.988,0 | 0 | 0 | 0 | 0 | 0,Delantero
Raúl Jiménez,Valencia,0 | 0 | 0 | 0 | 0 | 0,0% | 0% | 0% | 0% | 0% | 0%,,397ddías,1.561.503,0 | 0 | 0 | 0 | 0 | 0,Portero
Collado,Sevilla,0 | 0 | 0 | 0 | 0 | 0,0% | 0% | 0% | 0% | 0% | 0%,,397ddías,1.718.988,0 | 0 | 0 | 0 | 0 | 0,Mediocampista
Canales,Athletic,0 | 0 | 0 | 0 | 0 | 0,0% | 0% | 0% | 0% | 0% | 0%,,397ddías,1.623.251,0 | 0 | 0 | 0 | 0 | 0,Delantero
Serred,Espanyol,0 | 0 | 0 | 0 | 0 | 0,0% | 0% | 0% | 0% | 0% | 0%,,397ddías,1.731.552,0 | 0 | 0 | 0 | 0 | 0,Portero
Carrillo,Celta,0 | 0 | 0 | 0 | 0 | 0,0% | 0% | 0% | 0% | 0% | 0%,,397ddías,1.567.556,0 | 0 | 0 | 0 | 0 | 0,Portero
Adrián,Alavés,0 | 0 | 0 | 0 | 0 | 0,0% | 0% | 0% | 0% | 0% | 0%,,397ddías,1.640.215,0 | 0 | 0 | 0 | 0 | 0,Portero
Yaakobishvili,Barcelona,0 | 0 | 0 | 0 | 0 | 0,0% | 0% | 0% | 0% | 0% | 0%,,397ddías,1.639.280,0 | 0 | 0 | 0 | 0 | 0,Portero
Solà,Atlético,0 | 0 | 0 | 0 | 0 | 0,0% | 0% | 0% | 0% | 0% | 0%,,397ddías,1.640.523,0 | 0 | 0 | 0 | 0 | 0,Defensa
Córdoba,Valencia,0 | 0 | 0 | 0 | 0 | 0,0% | 0% | 0% | 0% | 0% | 0%,,397ddías,1.548.667,0 | 0 | 0 | 0 | 0 | 0,Defensa
Rivas,Real Madrid,0 | 0 | 0 | 0 | 0 | 0,0% | 0% | 0% | 0% | 0% | 0%,,397ddías,1.718.751,0 | 0 | 0 | 0 | 0 | 0,Defensa
Abril,Valencia,0 | 0 | 0 | 0 | 0 | 0,0% | 0% | 0% | 0% | 0% | 0%,,397ddías,1.728.051,0 | 0 | 0 | 0 | 0 | 0,Portero
De Llanos,Real Madrid,0 | 0 | 0 | 0 | 0 | 0,0% | 0% | 0% | 0% | 0% | 0%,,397ddías,1.622.168,0 | 0 | 0 | 0 | 0 | 0,Mediocampista
Rupérez,Real Sociedad,0 | 0 | 0 | 0 | 0 | 0,0% | 0% | 0% | 0% | 0% | 0%,,397ddías,1.626.247,0 | 0 | 0 | 0 | 0 | 0,Defensa
Balda,Real Sociedad,0 | 0 | 0 | 0 | 0 | 0,0% | 0% | 0% | 0% | 0% | 0%,,397ddías,1.718.912,0 | 0 | 0 | 0 | 0 | 0,Defensa
Santana,Valencia,0 | 0 | 0 | 0 | 0 | 0,0% | 0% | 0% | 0% | 0% | 0%,,397ddías,1.723.821,0 | 0 | 0 | 0 | 0 | 0,Delantero
Olabarrieta,Athletic,0 | 0 | 0 | 0 | 0 | 0,0% | 0% | 0% | 0% | 0% | 0%,,397ddías,1.717.797,0 | 0 | 0 | 0 | 0 | 0,Delantero
Carlos,Atlético,0 | 0 | 0 | 0 | 0 | 0,0% | 0% | 0% | 0% | 0% | 0%,,397ddías,1.718.547,0 | 0 | 0 | 0 | 0 | 0,Defensa
Requena,Levante,0 | 0 | 0 | 0 | 0 | 0,0% | 0% | 0% | 0% | 0% | 0%,,397ddías,1.621.683,0 | 0 | 0 | 0 | 0 | 0,Mediocampista
Medenica,Getafe,0 | 0 | 0 | 0 | 0 | 0,0% | 0% | 0% | 0% | 0% | 0%,,397ddías,1.560.264,0 | 0 | 0 | 0 | 0 | 0,Portero
Isra,Sevilla,0 | 0 | 0 | 0 | 0 | 0,0% | 0% | 0% | 0% | 0% | 0%,,397ddías,1.718.237,0 | 0 | 0 | 0 | 0 | 0,Delantero
Cortés,Barcelona,0 | 0 | 0 | 0 | 0 | 0,0% | 0% | 0% | 0% | 0% | 0%,,397ddías,1.718.327,0 | 0 | 0 | 0 | 0 | 0,Defensa
Busto,Betis,0 | 0 | 0 | 0 | 0 | 0,0% | 0% | 0% | 0% | 0% | 0%,,397ddías,1.621.161,0 | 0 | 0 | 0 | 0 | 0,Defensa
Juan Cruz,Málaga,0 | 0 | 0 | 0 | 0 | 0,0% | 0% | 0% | 0% | 0% | 0%,,435ddías,19.968.443,0 | 0 | 0 | 0 | 0 | 0,Mediocampista
Morro,Rayo,0 | 0 | 0 | 0 | 0 | 0,0% | 0% | 0% | 0% | 0% | 0%,,701ddías,723.425,0 | 0 | 0 | 0 | 0 | 0,Portero
Mandi,Levante,0 | 0 | 0 | 0 | 0 | 0,0% | 0% | 0% | 0% | 0% | 0%,,718ddías,1.879.755,0 | 0 | 0 | 0 | 0 | 0,Defensa
Miguel,Alavés,0 | 0 | 0 | 0 | 0 | 0,0% | 0% | 0% | 0% | 0% | 0%,,719ddías,679.761,0 | 0 | 0 | 0 | 0 | 0,Delantero
Joseda,Alavés,0 | 0 | 0 | 0 | 0 | 0,0% | 0% | 0% | 0% | 0% | 0%,,763ddías,300.000,0 | 0 | 0 | 0 | 0 | 0,Defensa
Mario,Valencia,0 | 0 | 0 | 0 | 0 | 0,0% | 0% | 0% | 0% | 0% | 0%,,764ddías,500.000,0 | 0 | 0 | 0 | 0 | 0,Delantero
Ian Forns,Betis,0 | 0 | 0 | 0 | 0 | 0,0% | 0% | 0% | 0% | 0% | 0%,,764ddías,500.000,0 | 0 | 0 | 0 | 0 | 0,Defensa
Diallo,Alavés,0 | 0 | 0 | 0 | 0 | 0,0% | 0% | 0% | 0% | 0% | 0%,,764ddías,1.000.000,0 | 0 | 0 | 0 | 0 | 0,Mediocampista
Mendes,Alavés,0 | 0 | 0 | 0 | 0 | 0,0% | 0% | 0% | 0% | 0% | 0%,,764ddías,500.000,0 | 0 | 0 | 0 | 0 | 0,Mediocampista
Mario,Valencia,0 | 0 | 0 | 0 | 0 | 0,0% | 0% | 0% | 0% | 0% | 0%,,1ddías,760.408,0 | 0 | 0 | 0 | 0 | 0,Mediocampista