Jugador,Equipo,DiferenciaDif.,% Dif,Acel.,Tend.,Valor,Valor ant.Ant.,Posición
Karrikaburu,Real Sociedad,-13.549 | -27.798 | -42.691 | -106.017 | -239.478 | -731.821,"-1,97% | -3,96% | -5,96% | -13,60% | -26,23% | -52,07%",,31ddías,673.514,687.063 | 701.312 | 716.205 | 779.531 | 912.992 | 1.405.335,Delantero
Oluwaseyi,Villarreal,-74.170 | -155.349 | -232.404 | -561.832 | -1.252.668 | -3.200.845,"-2,18% | -4,46% | -6,53% | -14,46% | -27,37% | -49,06%",,31ddías,3.323.929,3.398.099 | 3.479.278 | 3.556.333 | 3.885.761 | 4.576.597 | 6.524.774,Delantero
Alemão,Rayo,-72.966 | -150.713 | -223.042 | -533.254 | -1.124.088 | -2.876.061,"-1,73% | -3,50% | -5,10% | -11,38% | -21,31% | -40,93%",,31ddías,4.150.618,4.223.584 | 4.301.331 | 4.373.660 | 4.683.872 | 5.274.706 | 7.026.679,Delantero
Diangana,Elche,-25.118 | -52.982 | -79.468 | -203.583 | -435.153 | -1.443.294,"-1,68% | -3,48% | -5,14% | -12,18% | -22,87% | -49,58%",,31ddías,1.467.756,1.492.874 | 1.520.738 | 1.547.224 | 1.671.339 | 1.902.909 | 2.911.050,Delantero
Krug,Levante,0 | 0 | 0 | 0 | 0 | -1.051.650,"0,00% | 0,00% | 0,00% | 0,00% | 0,00% | -63,59%",,28ddías,602.249,602.249 | 602.249 | 602.249 | 602.249 | 602.249 | 1.653.899,Defensa
Hugo López,Villarreal,0 | 0 | 0 | 0 | 0 | -1.168.499,"0,00% | 0,00% | 0,00% | 0,00% | 0,00% | -70,65%",,28ddías,485.400,485.400 | 485.400 | 485.400 | 485.400 | 485.400 | 1.653.899,Mediocampista
Mikautadze,Villarreal,+620.453 | +1.057.170 | +1.707.119 | +2.495.414 | +3.824.663 | +6.525.621,"+1,15% | +1,97% | +3,22% | +4,77% | +7,51% | +13,53%",,24ddías,54.755.900,54.135.447 | 53.698.730 | 53.048.781 | 52.260.486 | 50.931.237 | 48.230.279,Delantero
Navarro,Valencia,0 | 0 | 0 | 0 | 0 | -1.151.990,"0,00% | 0,00% | 0,00% | 0,00% | 0,00% | -69,65%",,28ddías,501.909,501.909 | 501.909 | 501.909 | 501.909 | 501.909 | 1.653.899,Defensa
Cardoso,Sevilla,-27.577 | -57.154 | -84.700 | -209.693 | -472.942 | -1.360.115,"-2,56% | -5,17% | -7,47% | -16,66% | -31,07% | -56,46%",,31ddías,1.049.029,1.076.606 | 1.106.183 | 1.133.729 | 1.258.722 | 1.521.971 | 2.409.144,Defensa
Oso,Sevilla,0 | 0 | 0 | 0 | 0 | +12.375.353,"0,00% | 0,00% | 0,00% | 0,00% | 0,00% | +737,52%",,28ddías,14.053.332,14.053.332 | 14.053.332 | 14.053.332 | 14.053.332 | 14.053.332 | 1.677.979,Defensa
Álex Costa,Sevilla,0 | 0 | 0 | 0 | 0 | -1.051.615,"0,00% | 0,00% | 0,00% | 0,00% | 0,00% | -63,58%",,28ddías,602.284,602.284 | 602.284 | 602.284 | 602.284 | 602.284 | 1.653.899,Delantero
Folgado,Real Sociedad,0 | 0 | 0 | 0 | 0 | -974.609,"0,00% | 0,00% | 0,00% | 0,00% | 0,00% | -58,11%",,28ddías,702.606,702.606 | 702.606 | 702.606 | 702.606 | 702.606 | 1.677.215,Portero
Carlos Soler,Real Sociedad,-206.720 | -481.886 | -772.950 | -1.752.943 | -3.841.394 | -8.845.297,"-0,66% | -1,52% | -2,41% | -5,30% | -10,93% | -22,03%",,31ddías,31.307.165,31.513.885 | 31.789.051 | 32.080.115 | 33.060.108 | 35.148.559 | 40.152.462,Mediocampista
Sancris,Getafe,-17.353 | -35.563 | -54.583 | -135.883 | -309.415 | -941.679,"-2,22% | -4,44% | -6,66% | -15,09% | -28,80% | -55,18%",,31ddías,764.798,782.151 | 800.361 | 819.381 | 900.681 | 1.074.213 | 1.706.477,Delantero
Riedel,Espanyol,0 | 0 | 0 | 0 | 0 | +3.857.643,"0,00% | 0,00% | 0,00% | 0,00% | 0,00% | +231,97%",,28ddías,5.520.618,5.520.618 | 5.520.618 | 5.520.618 | 5.520.618 | 5.520.618 | 1.662.975,Defensa
Montero,Alavés,0 | 0 | 0 | 0 | 0 | -1.070.603,"0,00% | 0,00% | 0,00% | 0,00% | 0,00% | -64,00%",,28ddías,602.316,602.316 | 602.316 | 602.316 | 602.316 | 602.316 | 1.672.919,Portero
Vlachodimos,Sevilla,+201.368 | -812.535 | -812.535 | -812.535 | -812.535 | +12.471.911,"+1,43% | -5,40% | -5,40% | -5,40% | -5,40% | +703,82%",,1ddías,14.243.944,14.042.576 | 15.056.479 | 15.056.479 | 15.056.479 | 15.056.479 | 1.772.033,Portero
Santos,Athletic,0 | 0 | 0 | 0 | 0 | -974.770,"0,00% | 0,00% | 0,00% | 0,00% | 0,00% | -58,11%",,28ddías,702.606,702.606 | 702.606 | 702.606 | 702.606 | 702.606 | 1.677.376,Portero
Veiga,Villarreal,+264.473 | +737.728 | +1.435.092 | +3.936.751 | +8.411.350 | +18.999.705,"+0,60% | +1,70% | +3,36% | +9,80% | +23,57% | +75,71%",,30ddías,44.094.993,43.830.520 | 43.357.265 | 42.659.901 | 40.158.242 | 35.683.643 | 25.095.288,Defensa
Mendoza,Atlético,-9.430 | -14.335 | -24.329 | -78.969 | -206.818 | -588.844,"-1,02% | -1,54% | -2,58% | -7,93% | -18,41% | -39,11%",,31ddías,916.871,926.301 | 931.206 | 941.200 | 995.840 | 1.123.689 | 1.505.715,Mediocampista
Echegoyen,Osasuna,0 | 0 | 0 | 0 | 0 | -1.091.613,"0,00% | 0,00% | 0,00% | 0,00% | 0,00% | -66,00%",,28ddías,562.286,562.286 | 562.286 | 562.286 | 562.286 | 562.286 | 1.653.899,Mediocampista
Josan,Elche,0 | 0 | 0 | 0 | 0 | -451.852,"0,00% | 0,00% | 0,00% | 0,00% | 0,00% | -27,28%",,28ddías,1.204.650,1.204.650 | 1.204.650 | 1.204.650 | 1.204.650 | 1.204.650 | 1.656.502,Mediocampista
Davinchi,Getafe,0 | 0 | 0 | 0 | 0 | +1.347.341,"0,00% | 0,00% | 0,00% | 0,00% | 0,00% | +80,96%",,28ddías,3.011.603,3.011.603 | 3.011.603 | 3.011.603 | 3.011.603 | 3.011.603 | 1.664.262,Defensa
Mastantuono,Real Madrid,0 | 0 | 0 | 0 | 0 | +8.242.754,"0,00% | 0,00% | 0,00% | 0,00% | 0,00% | +459,33%",,28ddías,10.037.262,10.037.262 | 10.037.262 | 10.037.262 | 10.037.262 | 10.037.262 | 1.794.508,Delantero
Thiago,Real Madrid,0 | 0 | 0 | 0 | 0 | +4.848.243,"0,00% | 0,00% | 0,00% | 0,00% | 0,00% | +222,62%",,28ddías,7.026.082,7.026.082 | 7.026.082 | 7.026.082 | 7.026.082 | 7.026.082 | 2.177.839,Mediocampista
Corralejo,Betis,0 | 0 | 0 | 0 | 0 | -1.051.651,"0,00% | 0,00% | 0,00% | 0,00% | 0,00% | -63,59%",,28ddías,602.248,602.248 | 602.248 | 602.248 | 602.248 | 602.248 | 1.653.899,Mediocampista
Arriaga,Levante,-69.891 | -140.266 | -217.645 | -529.214 | -1.156.763 | -2.956.222,"-2,23% | -4,37% | -6,63% | -14,72% | -27,39% | -49,08%",,31ddías,3.066.645,3.136.536 | 3.206.911 | 3.284.290 | 3.595.859 | 4.223.408 | 6.022.867,Mediocampista
Nacho Pérez,Levante,0 | 0 | 0 | 0 | 0 | -1.072.651,"0,00% | 0,00% | 0,00% | 0,00% | 0,00% | -64,84%",,28ddías,581.692,581.692 | 581.692 | 581.692 | 581.692 | 581.692 | 1.654.343,Defensa
Altozano,Sevilla,0 | 0 | 0 | 0 | 0 | -1.051.654,"0,00% | 0,00% | 0,00% | 0,00% | 0,00% | -63,58%",,28ddías,602.284,602.284 | 602.284 | 602.284 | 602.284 | 602.284 | 1.653.938,Mediocampista
Sierra,Sevilla,0 | 0 | 0 | 0 | 0 | -1.051.615,"0,00% | 0,00% | 0,00% | 0,00% | 0,00% | -63,58%",,28ddías,602.284,602.284 | 602.284 | 602.284 | 602.284 | 602.284 | 1.653.899,Delantero
Blázquez,Valencia,0 | 0 | 0 | 0 | 0 | -1.072.243,"0,00% | 0,00% | 0,00% | 0,00% | 0,00% | -64,83%",,28ddías,581.656,581.656 | 581.656 | 581.656 | 581.656 | 581.656 | 1.653.899,Delantero
Suazo,Sevilla,-70.735 | -137.394 | -231.717 | -602.617 | -1.235.659 | -3.347.743,"-1,23% | -2,36% | -3,92% | -9,58% | -17,85% | -37,06%",,31ddías,5.686.560,5.757.295 | 5.823.954 | 5.918.277 | 6.289.177 | 6.922.219 | 9.034.303,Defensa
Ryan,Levante,0 | 0 | 0 | 0 | 0 | +11.791.282,"0,00% | 0,00% | 0,00% | 0,00% | 0,00% | +670,20%",,28ddías,13.550.652,13.550.652 | 13.550.652 | 13.550.652 | 13.550.652 | 13.550.652 | 1.759.370,Portero
Laporte,Athletic,+964.352 | +2.206.189 | +3.614.702 | +9.723.960 | +23.303.839 | +53.557.810,"+1,66% | +3,88% | +6,52% | +19,71% | +65,16% | +971,78%",,22ddías,59.069.138,58.104.786 | 56.862.949 | 55.454.436 | 49.345.178 | 35.765.299 | 5.511.328,Defensa
Adam Boayar,Elche,0 | 0 | 0 | 0 | 0 | -952.296,"0,00% | 0,00% | 0,00% | 0,00% | 0,00% | -57,54%",,28ddías,702.711,702.711 | 702.711 | 702.711 | 702.711 | 702.711 | 1.655.007,Mediocampista
Rueda,Celta,-1.605 | -8.226 | -12.386 | -154.884 | -465.403 | -1.363.069,"-0,04% | -0,22% | -0,34% | -4,06% | -11,29% | -27,16%",,29ddías,3.655.986,3.657.591 | 3.664.212 | 3.668.372 | 3.810.870 | 4.121.389 | 5.019.055,Defensa
Selton,Athletic,0 | 0 | 0 | 0 | 0 | -1.051.639,"0,00% | 0,00% | 0,00% | 0,00% | 0,00% | -63,59%",,28ddías,602.257,602.257 | 602.257 | 602.257 | 602.257 | 602.257 | 1.653.896,Mediocampista
Iker Muñoz,Sevilla,0 | 0 | 0 | 0 | 0 | -1.051.550,"0,00% | 0,00% | 0,00% | 0,00% | 0,00% | -63,58%",,28ddías,602.284,602.284 | 602.284 | 602.284 | 602.284 | 602.284 | 1.653.834,Defensa
Joan Martínez,Real Madrid,0 | 0 | 0 | 0 | 0 | -951.347,"0,00% | 0,00% | 0,00% | 0,00% | 0,00% | -57,52%",,28ddías,702.622,702.622 | 702.622 | 702.622 | 702.622 | 702.622 | 1.653.969,Defensa
Unai Santos,Osasuna,0 | 0 | 0 | 0 | 0 | -1.051.515,"0,00% | 0,00% | 0,00% | 0,00% | 0,00% | -63,58%",,28ddías,602.319,602.319 | 602.319 | 602.319 | 602.319 | 602.319 | 1.653.834,Defensa
Carlos Macià,Villarreal,0 | 0 | 0 | 0 | 0 | -850.933,"0,00% | 0,00% | 0,00% | 0,00% | 0,00% | -51,45%",,28ddías,803.057,803.057 | 803.057 | 803.057 | 803.057 | 803.057 | 1.653.990,Mediocampista
Carrera,Real Sociedad,0 | 0 | 0 | 0 | 0 | -951.295,"0,00% | 0,00% | 0,00% | 0,00% | 0,00% | -57,52%",,28ddías,702.633,702.633 | 702.633 | 702.633 | 702.633 | 702.633 | 1.653.928,Delantero
Rosón,Levante,0 | 0 | 0 | 0 | 0 | -1.055.081,"0,00% | 0,00% | 0,00% | 0,00% | 0,00% | -63,66%",,28ddías,602.249,602.249 | 602.249 | 602.249 | 602.249 | 602.249 | 1.657.330,Mediocampista
Nakoha,Levante,0 | 0 | 0 | 0 | 0 | -1.152.013,"0,00% | 0,00% | 0,00% | 0,00% | 0,00% | -69,65%",,28ddías,501.874,501.874 | 501.874 | 501.874 | 501.874 | 501.874 | 1.653.887,Defensa
Jurado,Valencia,0 | 0 | 0 | 0 | 0 | -1.051.599,"0,00% | 0,00% | 0,00% | 0,00% | 0,00% | -63,58%",,28ddías,602.292,602.292 | 602.292 | 602.292 | 602.292 | 602.292 | 1.653.891,Defensa
Panach,Valencia,0 | 0 | 0 | 0 | 0 | -1.151.970,"0,00% | 0,00% | 0,00% | 0,00% | 0,00% | -69,65%",,28ddías,501.909,501.909 | 501.909 | 501.909 | 501.909 | 501.909 | 1.653.879,Defensa
Marchal,Real Sociedad,0 | 0 | 0 | 0 | 0 | -1.051.657,"0,00% | 0,00% | 0,00% | 0,00% | 0,00% | -63,59%",,28ddías,602.234,602.234 | 602.234 | 602.234 | 602.234 | 602.234 | 1.653.891,Mediocampista
Yassin,Getafe,0 | 0 | 0 | 0 | 0 | -1.154.179,"0,00% | 0,00% | 0,00% | 0,00% | 0,00% | -69,69%",,28ddías,501.932,501.932 | 501.932 | 501.932 | 501.932 | 501.932 | 1.656.111,Defensa
Al Lal,Elche,0 | 0 | 0 | 0 | 0 | -1.151.951,"0,00% | 0,00% | 0,00% | 0,00% | 0,00% | -69,65%",,28ddías,501.936,501.936 | 501.936 | 501.936 | 501.936 | 501.936 | 1.653.887,Delantero
Óscar Marcos,Celta,0 | 0 | 0 | 0 | 0 | -1.051.642,"0,00% | 0,00% | 0,00% | 0,00% | 0,00% | -63,59%",,28ddías,602.257,602.257 | 602.257 | 602.257 | 602.257 | 602.257 | 1.653.899,Delantero
Meixús,Celta,0 | 0 | 0 | 0 | 0 | -1.169.174,"0,00% | 0,00% | 0,00% | 0,00% | 0,00% | -70,66%",,28ddías,485.372,485.372 | 485.372 | 485.372 | 485.372 | 485.372 | 1.654.546,Defensa
Álvaro,Alavés,0 | 0 | 0 | 0 | 0 | -1.154.040,"0,00% | 0,00% | 0,00% | 0,00% | 0,00% | -69,69%",,28ddías,501.929,501.929 | 501.929 | 501.929 | 501.929 | 501.929 | 1.655.969,Defensa
Bardghji,Barcelona,-110.451 | -222.547 | -337.989 | -900.025 | -900.025 | +1.468.127,"-2,74% | -5,37% | -7,94% | -18,68% | -18,68% | +59,91%",,7ddías,3.918.540,4.028.991 | 4.141.087 | 4.256.529 | 4.818.565 | 4.818.565 | 2.450.413,Delantero
Juan Hernández,Barcelona,0 | 0 | 0 | 0 | 0 | -1.072.140,"0,00% | 0,00% | 0,00% | 0,00% | 0,00% | -64,82%",,28ddías,581.760,581.760 | 581.760 | 581.760 | 581.760 | 581.760 | 1.653.900,Mediocampista
Taufik,Atlético,0 | 0 | 0 | 0 | 0 | -1.052.157,"0,00% | 0,00% | 0,00% | 0,00% | 0,00% | -63,59%",,28ddías,602.316,602.316 | 602.316 | 602.316 | 602.316 | 602.316 | 1.654.473,Mediocampista
Martínez Bastida,Elche,0 | 0 | 0 | 0 | 0 | -1.051.575,"0,00% | 0,00% | 0,00% | 0,00% | 0,00% | -63,58%",,28ddías,602.324,602.324 | 602.324 | 602.324 | 602.324 | 602.324 | 1.653.899,Mediocampista
Aller,Barcelona,0 | 0 | 0 | 0 | 0 | -973.164,"0,00% | 0,00% | 0,00% | 0,00% | 0,00% | -58,07%",,28ddías,702.705,702.705 | 702.705 | 702.705 | 702.705 | 702.705 | 1.675.869,Portero
Ballestero,Alavés,0 | 0 | 0 | 0 | 0 | -1.051.596,"0,00% | 0,00% | 0,00% | 0,00% | 0,00% | -63,58%",,28ddías,602.316,602.316 | 602.316 | 602.316 | 602.316 | 602.316 | 1.653.912,Defensa
Monreal,Athletic,0 | 0 | 0 | 0 | 0 | -1.066.644,"0,00% | 0,00% | 0,00% | 0,00% | 0,00% | -63,91%",,28ddías,602.257,602.257 | 602.257 | 602.257 | 602.257 | 602.257 | 1.668.901,Defensa
Adrián Pérez,Athletic,0 | 0 | 0 | 0 | 0 | -1.052.595,"0,00% | 0,00% | 0,00% | 0,00% | 0,00% | -63,61%",,28ddías,602.257,602.257 | 602.257 | 602.257 | 602.257 | 602.257 | 1.654.852,Delantero
Espart,Barcelona,0 | 0 | 0 | 0 | 0 | -952.925,"0,00% | 0,00% | 0,00% | 0,00% | 0,00% | -57,56%",,28ddías,702.705,702.705 | 702.705 | 702.705 | 702.705 | 702.705 | 1.655.630,Defensa
Delgado,Elche,0 | 0 | 0 | 0 | 0 | -1.051.575,"0,00% | 0,00% | 0,00% | 0,00% | 0,00% | -63,58%",,28ddías,602.324,602.324 | 602.324 | 602.324 | 602.324 | 602.324 | 1.653.899,Defensa
Benito,Getafe,0 | 0 | 0 | 0 | 0 | -1.074.804,"0,00% | 0,00% | 0,00% | 0,00% | 0,00% | -64,09%",,28ddías,602.319,602.319 | 602.319 | 602.319 | 602.319 | 602.319 | 1.677.123,Portero
Aleksandrov,Getafe,0 | 0 | 0 | 0 | 0 | -1.051.581,"0,00% | 0,00% | 0,00% | 0,00% | 0,00% | -63,58%",,28ddías,602.319,602.319 | 602.319 | 602.319 | 602.319 | 602.319 | 1.653.900,Delantero
Javi Navarro,Real Madrid,0 | 0 | 0 | 0 | 0 | -982.729,"0,00% | 0,00% | 0,00% | 0,00% | 0,00% | -58,31%",,28ddías,702.622,702.622 | 702.622 | 702.622 | 702.622 | 702.622 | 1.685.351,Portero
Beitia,Real Sociedad,0 | 0 | 0 | 0 | 0 | -1.152.035,"0,00% | 0,00% | 0,00% | 0,00% | 0,00% | -69,66%",,28ddías,501.861,501.861 | 501.861 | 501.861 | 501.861 | 501.861 | 1.653.896,Defensa
Lebarbier,Real Sociedad,0 | 0 | 0 | 0 | 0 | -1.056.050,"0,00% | 0,00% | 0,00% | 0,00% | 0,00% | -63,68%",,28ddías,602.234,602.234 | 602.234 | 602.234 | 602.234 | 602.234 | 1.658.284,Defensa
Barry,Villarreal,0 | 0 | 0 | 0 | 0 | -1.058.758,"0,00% | 0,00% | 0,00% | 0,00% | 0,00% | -63,74%",,28ddías,602.292,602.292 | 602.292 | 602.292 | 602.292 | 602.292 | 1.661.050,Mediocampista
Niculaesei,Elche,0 | 0 | 0 | 0 | 0 | -850.801,"0,00% | 0,00% | 0,00% | 0,00% | 0,00% | -51,44%",,28ddías,803.099,803.099 | 803.099 | 803.099 | 803.099 | 803.099 | 1.653.900,Defensa
Radu,Celta,+741.315 | +1.516.516 | +2.453.375 | +5.526.149 | +9.987.355 | +18.158.978,"+1,98% | +4,13% | +6,86% | +16,89% | +35,36% | +90,45%",,30ddías,38.235.208,37.493.893 | 36.718.692 | 35.781.833 | 32.709.059 | 28.247.853 | 20.076.230,Portero
Izei,Alavés,0 | 0 | 0 | 0 | 0 | -1.071.809,"0,00% | 0,00% | 0,00% | 0,00% | 0,00% | -64,81%",,28ddías,582.010,582.010 | 582.010 | 582.010 | 582.010 | 582.010 | 1.653.819,Mediocampista
Arguibide,Osasuna,0 | 0 | 0 | 0 | 0 | -1.072.000,"0,00% | 0,00% | 0,00% | 0,00% | 0,00% | -64,81%",,28ddías,582.013,582.013 | 582.013 | 582.013 | 582.013 | 582.013 | 1.654.013,Defensa
Salinas,Málaga,0 | 0 | 0 | +15.131 | -161.992 | -762.746,"0,00% | 0,00% | 0,00% | +1,43% | -13,15% | -41,62%",,6ddías,1.070.070,1.070.070 | 1.070.070 | 1.070.070 | 1.054.939 | 1.232.062 | 1.832.816,Defensa
Iván Romero,Levante,-25.116 | -68.003 | -98.365 | -222.378 | -627.979 | -1.277.158,"-0,36% | -0,97% | -1,40% | -3,11% | -8,32% | -15,58%",,20ddías,6.921.412,6.946.528 | 6.989.415 | 7.019.777 | 7.143.790 | 7.549.391 | 8.198.570,Delantero
De la Fuente,Levante,0 | 0 | 0 | 0 | 0 | +12.236.692,"0,00% | 0,00% | 0,00% | 0,00% | 0,00% | +673,89%",,28ddías,14.052.528,14.052.528 | 14.052.528 | 14.052.528 | 14.052.528 | 14.052.528 | 1.815.836,Defensa
Aguado,Elche,-25.940 | -51.893 | -86.037 | -260.651 | -716.310 | -2.437.841,"-0,72% | -1,43% | -2,34% | -6,78% | -16,65% | -40,48%",,31ddías,3.585.026,3.610.966 | 3.636.919 | 3.671.063 | 3.845.677 | 4.301.336 | 6.022.867,Mediocampista
Sivera,Alavés,+742.176 | +1.495.864 | +2.242.637 | +4.896.379 | +8.168.203 | +12.722.652,"+2,81% | +5,82% | +8,99% | +21,95% | +42,92% | +87,87%",,29ddías,27.201.132,26.458.956 | 25.705.268 | 24.958.495 | 22.304.753 | 19.032.929 | 14.478.480,Portero
Á. Núñez,Celta,-72.426 | -154.192 | -242.842 | -602.850 | -1.338.561 | -2.532.379,"-1,69% | -3,53% | -5,44% | -12,50% | -24,08% | -37,51%",,28ddías,4.219.383,4.291.809 | 4.373.575 | 4.462.225 | 4.822.233 | 5.557.944 | 6.751.762,Defensa
Affengruber,Elche,+516.684 | +1.174.899 | +1.863.820 | +4.524.568 | +8.466.858 | +23.030.898,"+1,67% | +3,88% | +6,30% | +16,81% | +36,86% | +274,01%",,23ddías,31.436.152,30.919.468 | 30.261.253 | 29.572.332 | 26.911.584 | 22.969.294 | 8.405.254,Defensa
Febas,Celta,0 | 0 | 0 | 0 | 0 | +13.622.097,"0,00% | 0,00% | 0,00% | 0,00% | 0,00% | +118,71%",,28ddías,25.096.888,25.096.888 | 25.096.888 | 25.096.888 | 25.096.888 | 25.096.888 | 11.474.791,Mediocampista
John ChetauyaJohn C.,Elche,-20.143 | -41.259 | -63.306 | -158.354 | -357.814 | -1.075.491,"-2,36% | -4,73% | -7,07% | -15,99% | -30,08% | -56,39%",,31ddías,831.749,851.892 | 873.008 | 895.055 | 990.103 | 1.189.563 | 1.907.240,Defensa
Bambo,Elche,-34.042 | -67.104 | -110.761 | +670.092 | +670.092 | +670.092,"-2,51% | -4,82% | -7,72% | 0% | 0% | 0%",,3ddías,1.324.557,1.358.599 | 1.391.661 | 1.435.318 | 0 | 0 | 0,Defensa
Vencedor,Athletic,0 | 0 | 0 | 0 | 0 | +554.351,"0,00% | 0,00% | 0,00% | 0,00% | 0,00% | +33,52%",,28ddías,2.208.253,2.208.253 | 2.208.253 | 2.208.253 | 2.208.253 | 2.208.253 | 1.653.902,Mediocampista
Youssef,Alavés,-7.365 | -15.172 | -23.354 | -56.922 | -125.046 | -378.345,"-1,38% | -2,81% | -4,26% | -9,78% | -19,23% | -41,88%",,23ddías,525.083,532.448 | 540.255 | 548.437 | 582.005 | 650.129 | 903.428,Defensa
Fortuny,Real Madrid,0 | 0 | 0 | 0 | 0 | -1.086.151,"0,00% | 0,00% | 0,00% | 0,00% | 0,00% | -64,33%",,28ddías,602.234,602.234 | 602.234 | 602.234 | 602.234 | 602.234 | 1.688.385,Mediocampista
Molina,Rayo,0 | 0 | 0 | 0 | 0 | -1.068.801,"0,00% | 0,00% | 0,00% | 0,00% | 0,00% | -63,96%",,28ddías,602.234,602.234 | 602.234 | 602.234 | 602.234 | 602.234 | 1.671.035,Portero
Bekhoucha,Getafe,0 | 0 | 0 | 0 | 0 | -549.648,"0,00% | 0,00% | 0,00% | 0,00% | 0,00% | -33,23%",,28ddías,1.104.254,1.104.254 | 1.104.254 | 1.104.254 | 1.104.254 | 1.104.254 | 1.653.902,Defensa
Huijsen,Real Madrid,-663.574 | -1.353.521 | -1.986.249 | -3.220.936 | -5.322.210 | -16.051.739,"-1,98% | -3,96% | -5,70% | -8,93% | -13,95% | -32,84%",,31ddías,32.833.884,33.497.458 | 34.187.405 | 34.820.133 | 36.054.820 | 38.156.094 | 48.885.623,Defensa
Yáñez,Real Madrid,0 | 0 | 0 | 0 | 0 | -951.137,"0,00% | 0,00% | 0,00% | 0,00% | 0,00% | -57,51%",,28ddías,702.606,702.606 | 702.606 | 702.606 | 702.606 | 702.606 | 1.653.743,Delantero
Niño,Málaga,-18.417 | -38.599 | -60.457 | -148.335 | -409.177 | -1.207.233,"-0,65% | -1,36% | -2,11% | -5,02% | -12,72% | -30,07%",,31ddías,2.808.011,2.826.428 | 2.846.610 | 2.868.468 | 2.956.346 | 3.217.188 | 4.015.244,Delantero
Rayane,Atlético,0 | 0 | 0 | 0 | 0 | -976.678,"0,00% | 0,00% | 0,00% | 0,00% | 0,00% | -59,03%",,28ddías,678.006,678.006 | 678.006 | 678.006 | 678.006 | 678.006 | 1.654.684,Delantero
Mendy,Rayo,0 | 0 | 0 | 0 | 0 | +4.260.641,"0,00% | 0,00% | 0,00% | 0,00% | 0,00% | +241,85%",,28ddías,6.022.356,6.022.356 | 6.022.356 | 6.022.356 | 6.022.356 | 6.022.356 | 1.761.715,Defensa
Ortiz,Betis,0 | 0 | 0 | 0 | 0 | +40.366,"0,00% | 0,00% | 0,00% | 0,00% | 0,00% | +2,42%",,28ddías,1.706.372,1.706.372 | 1.706.372 | 1.706.372 | 1.706.372 | 1.706.372 | 1.666.006,Defensa
Osambela,Osasuna,0 | 0 | 0 | 0 | 0 | -1.151.967,"0,00% | 0,00% | 0,00% | 0,00% | 0,00% | -69,65%",,28ddías,501.932,501.932 | 501.932 | 501.932 | 501.932 | 501.932 | 1.653.899,Mediocampista
Juanpe,Rayo,0 | 0 | 0 | 0 | 0 | -1.097.579,"0,00% | 0,00% | 0,00% | 0,00% | 0,00% | -64,57%",,28ddías,602.234,602.234 | 602.234 | 602.234 | 602.234 | 602.234 | 1.699.813,Portero
D. Aguado,Real Madrid,0 | 0 | 0 | 0 | 0 | -879.790,"0,00% | 0,00% | 0,00% | 0,00% | 0,00% | -53,19%",,28ddías,774.109,774.109 | 774.109 | 774.109 | 774.109 | 774.109 | 1.653.899,Defensa
Pablo García,Betis,0 | 0 | 0 | 0 | 0 | +855.442,"0,00% | 0,00% | 0,00% | 0,00% | 0,00% | +51,72%",,28ddías,2.509.371,2.509.371 | 2.509.371 | 2.509.371 | 2.509.371 | 2.509.371 | 1.653.929,Delantero
Fran González,Sevilla,0 | 0 | 0 | 0 | 0 | -971.237,"0,00% | 0,00% | 0,00% | 0,00% | 0,00% | -58,02%",,28ddías,702.622,702.622 | 702.622 | 702.622 | 702.622 | 702.622 | 1.673.859,Portero
Mariezkurrena,Real Sociedad,0 | 0 | 0 | 0 | 0 | -975.968,"0,00% | 0,00% | 0,00% | 0,00% | 0,00% | -59,01%",,28ddías,677.966,677.966 | 677.966 | 677.966 | 677.966 | 677.966 | 1.653.934,Delantero
Castrín,Sevilla,0 | 0 | 0 | 0 | 0 | +3.162.071,"0,00% | 0,00% | 0,00% | 0,00% | 0,00% | +190,38%",,28ddías,4.823.016,4.823.016 | 4.823.016 | 4.823.016 | 4.823.016 | 4.823.016 | 1.660.945,Defensa
Rafa,Sevilla,0 | 0 | 0 | 0 | 0 | -1.095.860,"0,00% | 0,00% | 0,00% | 0,00% | 0,00% | -64,53%",,28ddías,602.257,602.257 | 602.257 | 602.257 | 602.257 | 602.257 | 1.698.117,Portero
Diatta,Villarreal,0 | 0 | 0 | 0 | 0 | -1.072.673,"0,00% | 0,00% | 0,00% | 0,00% | 0,00% | -64,84%",,28ddías,581.656,581.656 | 581.656 | 581.656 | 581.656 | 581.656 | 1.654.329,Mediocampista
Swiderski,Alavés,0 | 0 | 0 | 0 | 0 | -1.094.910,"0,00% | 0,00% | 0,00% | 0,00% | 0,00% | -64,51%",,28ddías,602.316,602.316 | 602.316 | 602.316 | 602.316 | 602.316 | 1.697.226,Portero
Ruggeri,Atlético,-42.192 | -90.468 | -174.197 | -540.553 | -1.337.053 | -1.641.616,"-0,58% | -1,23% | -2,33% | -6,90% | -15,49% | -18,38%",,25ddías,7.292.306,7.334.498 | 7.382.774 | 7.466.503 | 7.832.859 | 8.629.359 | 8.933.922,Defensa
Alexander-Arnold,Real Madrid,-244.004 | -555.509 | -819.699 | -2.204.808 | -5.430.392 | -14.660.353,"-0,95% | -2,13% | -3,12% | -7,96% | -17,56% | -36,51%",,31ddías,25.492.109,25.736.113 | 26.047.618 | 26.311.808 | 27.696.917 | 30.922.501 | 40.152.462,Defensa
Becerra,Rayo,0 | 0 | 0 | 0 | 0 | -1.072.199,"0,00% | 0,00% | 0,00% | 0,00% | 0,00% | -64,83%",,28ddías,581.700,581.700 | 581.700 | 581.700 | 581.700 | 581.700 | 1.653.899,Mediocampista
Ugrinic,Valencia,-105.637 | -218.099 | -333.905 | -821.468 | -1.724.697 | -3.686.816,"-2,37% | -4,78% | -7,14% | -15,90% | -28,42% | -45,91%",,29ddías,4.343.675,4.449.312 | 4.561.774 | 4.677.580 | 5.165.143 | 6.068.372 | 8.030.491,Mediocampista
Vertrouwd,Rayo,0 | 0 | 0 | 0 | 0 | -652.295,"0,00% | 0,00% | 0,00% | 0,00% | 0,00% | -39,39%",,28ddías,1.003.725,1.003.725 | 1.003.725 | 1.003.725 | 1.003.725 | 1.003.725 | 1.656.020,Defensa
Primo,Levante,0 | 0 | 0 | 0 | 0 | -580.673,"0,00% | 0,00% | 0,00% | 0,00% | 0,00% | -34,47%",,28ddías,1.104.126,1.104.126 | 1.104.126 | 1.104.126 | 1.104.126 | 1.104.126 | 1.684.799,Portero
Cortés,Levante,0 | 0 | 0 | 0 | 0 | -850.900,"0,00% | 0,00% | 0,00% | 0,00% | 0,00% | -51,45%",,28ddías,803.000,803.000 | 803.000 | 803.000 | 803.000 | 803.000 | 1.653.900,Delantero
Toljan,Levante,-28.972 | -68.730 | -118.245 | -380.830 | -989.035 | -2.839.701,"-0,61% | -1,44% | -2,46% | -7,51% | -17,42% | -37,72%",,29ddías,4.688.884,4.717.856 | 4.757.614 | 4.807.129 | 5.069.714 | 5.677.919 | 7.528.585,Defensa
Pablo CamposCuñat Campos,Levante,-18.790 | -36.797 | -47.302 | +13.920 | -2.234 | -559.380,"-1,48% | -2,87% | -3,65% | +1,13% | -0,18% | -30,96%",,4ddías,1.247.478,1.266.268 | 1.284.275 | 1.294.780 | 1.233.558 | 1.249.712 | 1.806.858,Portero
Víctor García,Levante,-66.284 | -133.435 | -201.150 | -504.561 | -1.130.116 | -3.098.126,"-2,66% | -5,22% | -7,67% | -17,24% | -31,81% | -56,12%",,31ddías,2.422.835,2.489.119 | 2.556.270 | 2.623.985 | 2.927.396 | 3.552.951 | 5.520.961,Defensa
Joselu,Getafe,0 | 0 | 0 | 0 | 0 | -1.051.580,"0,00% | 0,00% | 0,00% | 0,00% | 0,00% | -63,58%",,28ddías,602.319,602.319 | 602.319 | 602.319 | 602.319 | 602.319 | 1.653.899,Delantero
Manu Fernández,Celta,-3.331 | -6.937 | -10.742 | -24.903 | -50.417 | -174.004,"-0,77% | -1,59% | -2,45% | -5,50% | -10,53% | -28,89%",,31ddías,428.280,431.611 | 435.217 | 439.022 | 453.183 | 478.697 | 602.284,Defensa
Torrents,Barcelona,0 | 0 | 0 | 0 | 0 | -1.055.288,"0,00% | 0,00% | 0,00% | 0,00% | 0,00% | -63,66%",,28ddías,602.319,602.319 | 602.319 | 602.319 | 602.319 | 602.319 | 1.657.607,Defensa
Esquivel,Atlético,0 | 0 | 0 | 0 | 0 | -1.092.478,"0,00% | 0,00% | 0,00% | 0,00% | 0,00% | -64,46%",,28ddías,602.292,602.292 | 602.292 | 602.292 | 602.292 | 602.292 | 1.694.770,Portero
Rego,Athletic,0 | 0 | 0 | 0 | 0 | +3.363.904,"0,00% | 0,00% | 0,00% | 0,00% | 0,00% | +203,27%",,28ddías,5.018.825,5.018.825 | 5.018.825 | 5.018.825 | 5.018.825 | 5.018.825 | 1.654.921,Defensa
Pinillos,Alavés,0 | 0 | 0 | 0 | 0 | -1.151.970,"0,00% | 0,00% | 0,00% | 0,00% | 0,00% | -69,65%",,28ddías,501.929,501.929 | 501.929 | 501.929 | 501.929 | 501.929 | 1.653.899,Mediocampista
Redondo,Elche,-28.182 | -56.158 | -86.641 | -211.033 | -469.844 | -1.353.427,"-2,60% | -5,05% | -7,58% | -16,66% | -30,80% | -56,18%",,31ddías,1.055.717,1.083.899 | 1.111.875 | 1.142.358 | 1.266.750 | 1.525.561 | 2.409.144,Mediocampista
Bigas,Elche,-146.494 | -288.280 | -425.935 | -1.108.370 | -1.796.228 | -1.615.435,"-2,23% | -4,30% | -6,23% | -14,73% | -21,88% | -20,12%",,26ddías,6.415.056,6.561.550 | 6.703.336 | 6.840.991 | 7.523.426 | 8.211.284 | 8.030.491,Defensa
Gorrotxategi,Real Sociedad,-223.479 | -381.945 | -490.310 | -922.946 | -1.695.794 | +80.842,"-2,68% | -4,50% | -5,70% | -10,22% | -17,29% | +1,01%",,24ddías,8.111.333,8.334.812 | 8.493.278 | 8.601.643 | 9.034.279 | 9.807.127 | 8.030.491,Mediocampista
Jonny,Alavés,-65.255 | -114.225 | -159.260 | -461.964 | -1.275.297 | -3.253.572,"-1,12% | -1,94% | -2,68% | -7,40% | -18,07% | -36,01%",,27ddías,5.780.731,5.845.986 | 5.894.956 | 5.939.991 | 6.242.695 | 7.056.028 | 9.034.303,Defensa
Valentín Gómez,Betis,-40.515 | -84.779 | -126.506 | -307.564 | -683.541 | -1.942.145,"-1,92% | -3,93% | -5,75% | -12,92% | -24,80% | -48,37%",,31ddías,2.073.099,2.113.614 | 2.157.878 | 2.199.605 | 2.380.663 | 2.756.640 | 4.015.244,Defensa
Almada,Atlético,-152.034 | -318.855 | -475.680 | -1.102.790 | -2.227.551 | -3.356.240,"-2,36% | -4,83% | -7,03% | -14,92% | -26,16% | -34,80%",,25ddías,6.289.136,6.441.170 | 6.607.991 | 6.764.816 | 7.391.926 | 8.516.687 | 9.645.376,Mediocampista
Luiz Felipe,Rayo,0 | 0 | 0 | 0 | 0 | +2.461.343,"0,00% | 0,00% | 0,00% | 0,00% | 0,00% | +148,82%",,28ddías,4.115.277,4.115.277 | 4.115.277 | 4.115.277 | 4.115.277 | 4.115.277 | 1.653.934,Defensa
Hancko,Atlético,+490.047 | +821.731 | +999.509 | +500.512 | -1.661.706 | -8.581.315,"+1,58% | +2,67% | +3,27% | +1,61% | -5,00% | -21,37%",,3ddías,31.571.147,31.081.100 | 30.749.416 | 30.571.638 | 31.070.635 | 33.232.853 | 40.152.462,Defensa
Fortea,Real Madrid,0 | 0 | 0 | 0 | 0 | -851.800,"0,00% | 0,00% | 0,00% | 0,00% | 0,00% | -51,50%",,28ddías,802.099,802.099 | 802.099 | 802.099 | 802.099 | 802.099 | 1.653.899,Defensa
Jutglà,Celta,-64.935 | -105.541 | -123.376 | -403.734 | -1.350.287 | -1.789.575,"-0,70% | -1,13% | -1,32% | -4,18% | -12,74% | -16,21%",,27ddías,9.252.350,9.317.285 | 9.357.891 | 9.375.726 | 9.656.084 | 10.602.637 | 11.041.925,Delantero
Martim Neto,Elche,-26.753 | -58.149 | -89.836 | -225.746 | -362.675 | -1.134.760,"-1,41% | -3,01% | -4,57% | -10,74% | -16,20% | -37,68%",,31ddías,1.876.672,1.903.425 | 1.934.821 | 1.966.508 | 2.102.418 | 2.239.347 | 3.011.432,Mediocampista
Deossa,Betis,-35.837 | -75.801 | -116.661 | -287.555 | -696.449 | -2.094.051,"-1,93% | -4,00% | -6,02% | -13,64% | -27,67% | -53,49%",,31ddías,1.820.811,1.856.648 | 1.896.612 | 1.937.472 | 2.108.366 | 2.517.260 | 3.914.862,Mediocampista
Oriol Rey,Levante,-22.057 | -45.269 | -69.497 | -172.346 | -385.234 | -1.127.521,"-2,44% | -4,89% | -7,32% | -16,38% | -30,45% | -56,16%",,31ddías,880.100,902.157 | 925.369 | 949.597 | 1.052.446 | 1.265.334 | 2.007.621,Mediocampista
Junior,Betis,-97.875 | -198.609 | -297.893 | -718.589 | -1.592.978 | -3.876.565,"-2,30% | -4,56% | -6,69% | -14,75% | -27,72% | -48,27%",,31ddías,4.153.926,4.251.801 | 4.352.535 | 4.451.819 | 4.872.515 | 5.746.904 | 8.030.491,Defensa
Dituro,Elche,-28.218 | -6.949 | -20.901 | -271.023 | -521.674 | -1.463.787,"-0,43% | -0,11% | -0,32% | -3,96% | -7,36% | -18,23%",,1ddías,6.566.704,6.594.922 | 6.573.653 | 6.587.605 | 6.837.727 | 7.088.378 | 8.030.491,Portero
Dolan,Espanyol,-62.560 | -138.530 | -211.514 | -628.918 | -1.259.342 | -1.623.732,"-0,97% | -2,12% | -3,20% | -8,94% | -16,43% | -20,22%",,24ddías,6.406.759,6.469.319 | 6.545.289 | 6.618.273 | 7.035.677 | 7.666.101 | 8.030.491,Delantero
Roger BruguéBrugui,Levante,-77.998 | -158.655 | -244.607 | -610.517 | -1.350.047 | -3.822.461,"-2,59% | -5,14% | -7,71% | -17,25% | -31,55% | -56,61%",,32ddías,2.929.301,3.007.299 | 3.087.956 | 3.173.908 | 3.539.818 | 4.279.348 | 6.751.762,Delantero
Jorge Cabello,Levante,-29.167 | -59.683 | -91.522 | -229.769 | +471.450 | +471.450,"-2,71% | -5,39% | -8,03% | -17,98% | 0% | 0%",,8ddías,1.048.326,1.077.493 | 1.108.009 | 1.139.848 | 1.278.095 | 0 | 0,Defensa
C. Álvarez,Levante,+269.842 | +623.638 | +1.022.481 | +2.293.322 | +4.921.662 | +10.181.089,"+1,50% | +3,55% | +5,95% | +14,41% | +37,03% | +126,78%",,30ddías,18.211.580,17.941.738 | 17.587.942 | 17.189.099 | 15.918.258 | 13.289.918 | 8.030.491,Mediocampista
Oláiz,Alavés,0 | 0 | 0 | 0 | 0 | -1.059.678,"0,00% | 0,00% | 0,00% | 0,00% | 0,00% | -63,76%",,28ddías,602.316,602.316 | 602.316 | 602.316 | 602.316 | 602.316 | 1.661.994,Defensa
Aitor Mañas,Alavés,0 | 0 | 0 | 0 | 0 | -1.091.655,"0,00% | 0,00% | 0,00% | 0,00% | 0,00% | -66,01%",,28ddías,562.164,562.164 | 562.164 | 562.164 | 562.164 | 562.164 | 1.653.819,Delantero
Rubén Gómez,Villarreal,0 | 0 | 0 | 0 | 0 | -1.072.379,"0,00% | 0,00% | 0,00% | 0,00% | 0,00% | -64,04%",,28ddías,602.292,602.292 | 602.292 | 602.292 | 602.292 | 602.292 | 1.674.671,Portero
Laro Gómez,Racing,0 | 0 | 0 | 0 | 0 | +660,"0,00% | 0,00% | 0,00% | 0,00% | 0,00% | 0%",,27ddías,602.234,602.234 | 602.234 | 602.234 | 602.234 | 602.234 | 0,Portero
Guliashvili,Racing,-87.482 | -179.608 | -272.897 | -669.703 | -1.479.563 | -3.765.830,"-3,07% | -6,11% | -9,00% | -19,53% | -34,91% | -57,72%",,31ddías,2.758.944,2.846.426 | 2.938.552 | 3.031.841 | 3.428.647 | 4.238.507 | 6.524.774,Delantero
Arana,Racing,-11.777 | -22.691 | -34.588 | -83.542 | -188.741 | -605.163,"-1,29% | -2,46% | -3,70% | -8,49% | -17,33% | -40,19%",,31ddías,900.552,912.329 | 923.243 | 935.140 | 984.094 | 1.089.293 | 1.505.715,Delantero
Iñigo Vicente,Racing,-152.583 | -228.333 | -291.878 | -1.177.980 | -2.692.384 | -6.421.202,"-0,79% | -1,18% | -1,50% | -5,79% | -12,31% | -25,09%",,27ddías,19.175.991,19.328.574 | 19.404.324 | 19.467.869 | 20.353.971 | 21.868.375 | 25.597.193,Delantero
Solórzano,Racing,0 | 0 | 0 | 0 | 0 | +660,"0,00% | 0,00% | 0,00% | 0,00% | 0,00% | 0%",,27ddías,602.234,602.234 | 602.234 | 602.234 | 602.234 | 602.234 | 0,Mediocampista
Puerta,Racing,+128.301 | +266.829 | +544.315 | +1.396.373 | +1.598.393 | +911.683,"+1,19% | +2,50% | +5,23% | +14,62% | +17,09% | +9,08%",,10ddías,10.949.796,10.821.495 | 10.682.967 | 10.405.481 | 9.553.423 | 9.351.403 | 10.038.113,Mediocampista
Sergio Martínez,Racing,0 | 0 | 0 | 0 | 0 | +770,"0,00% | 0,00% | 0,00% | 0,00% | 0,00% | 0%",,27ddías,702.606,702.606 | 702.606 | 702.606 | 702.606 | 702.606 | 0,Mediocampista
Gueye,Racing,-61.497 | -121.467 | -177.326 | -421.226 | -1.025.749 | -2.570.124,"-1,36% | -2,65% | -3,83% | -8,64% | -18,71% | -36,58%",,27ddías,4.456.555,4.518.052 | 4.578.022 | 4.633.881 | 4.877.781 | 5.482.304 | 7.026.679,Mediocampista
Crespo,Racing,0 | 0 | 0 | 0 | 0 | +880,"0,00% | 0,00% | 0,00% | 0,00% | 0,00% | 0%",,27ddías,802.979,802.979 | 802.979 | 802.979 | 802.979 | 802.979 | 0,Defensa
Facundo GonzálezFacu González,Racing,-15.065 | -29.533 | -46.417 | -340.955 | -340.955 | -337.103,"-0,47% | -0,92% | -1,44% | -9,71% | -9,71% | 0%",,7ddías,3.172.085,3.187.150 | 3.201.618 | 3.218.502 | 3.513.040 | 3.513.040 | 0,Defensa
Carlos Sánchez,Racing,0 | 0 | 0 | 0 | 0 | +770,"0,00% | 0,00% | 0,00% | 0,00% | 0,00% | 0%",,27ddías,702.606,702.606 | 702.606 | 702.606 | 702.606 | 702.606 | 0,Defensa
Salinas,Racing,0 | 0 | 0 | 0 | 0 | +6.604,"0,00% | 0,00% | 0,00% | 0,00% | 0,00% | 0%",,27ddías,6.022.356,6.022.356 | 6.022.356 | 6.022.356 | 6.022.356 | 6.022.356 | 0,Defensa
Hernando,Racing,-10.853 | -21.563 | -28.220 | -97.085 | -344.975 | -1.533.521,"-0,55% | -1,08% | -1,41% | -4,67% | -14,84% | -43,65%",,31ddías,1.979.817,1.990.670 | 2.001.380 | 2.008.037 | 2.076.902 | 2.324.792 | 3.513.338,Defensa
Sainz-Maza,Racing,-23.826 | -46.884 | -67.267 | -167.618 | -368.913 | -1.079.130,"-2,50% | -4,81% | -6,76% | -15,29% | -28,43% | -53,75%",,31ddías,928.491,952.317 | 975.375 | 995.758 | 1.096.109 | 1.297.404 | 2.007.621,Defensa
Mantilla,Racing,+49.844 | +95.100 | +133.550 | +217.731 | +194.345 | -652.852,"+2,16% | +4,20% | +6,00% | +10,17% | +8,98% | -21,68%",,8ddías,2.358.580,2.308.736 | 2.263.480 | 2.225.030 | 2.140.849 | 2.164.235 | 3.011.432,Defensa
Eriksson,Racing,+70.331 | +127.789 | +204.752 | +411.446 | +449.278 | -272.029,"+2,64% | +4,89% | +8,08% | +17,67% | +19,62% | -9,03%",,10ddías,2.739.403,2.669.072 | 2.611.614 | 2.534.651 | 2.327.957 | 2.290.125 | 3.011.432,Portero
Santi Franco,Racing,0 | 0 | 0 | 0 | 0 | +770,"0,00% | 0,00% | 0,00% | 0,00% | 0,00% | 0%",,27ddías,702.606,702.606 | 702.606 | 702.606 | 702.606 | 702.606 | 0,Delantero
Rafa Rodríguez,Málaga,0 | 0 | 0 | 0 | 0 | +6.876,"0,00% | 0,00% | 0,00% | 0,00% | 0,00% | 0%",,27ddías,6.270.426,6.270.426 | 6.270.426 | 6.270.426 | 6.270.426 | 6.270.426 | 0,Mediocampista
Recio,Málaga,0 | 0 | 0 | 0 | 0 | +842,"0,00% | 0,00% | 0,00% | 0,00% | 0,00% | 0%",,27ddías,752.810,752.810 | 752.810 | 752.810 | 752.810 | 752.810 | 0,Defensa
Pastor,Málaga,0 | 0 | 0 | 0 | 0 | +435,"0,00% | 0,00% | 0,00% | 0,00% | 0,00% | 0%",,27ddías,389.116,389.116 | 389.116 | 389.116 | 389.116 | 389.116 | 0,Defensa
Arriaza,Málaga,0 | 0 | 0 | 0 | 0 | +449,"0,00% | 0,00% | 0,00% | 0,00% | 0,00% | 0%",,27ddías,401.498,401.498 | 401.498 | 401.498 | 401.498 | 401.498 | 0,Defensa
Moussa,Málaga,0 | 0 | 0 | 0 | 0 | +449,"0,00% | 0,00% | 0,00% | 0,00% | 0,00% | 0%",,27ddías,401.498,401.498 | 401.498 | 401.498 | 401.498 | 401.498 | 0,Defensa
Merino,Málaga,-75.667 | -153.162 | -242.109 | -552.236 | -1.258.957 | -3.118.889,"-1,08% | -2,17% | -3,38% | -7,39% | -15,39% | -31,07%",,27ddías,6.919.224,6.994.891 | 7.072.386 | 7.161.333 | 7.471.460 | 8.178.181 | 10.038.113,Mediocampista
Lorenzo,Málaga,+185.927 | +345.406 | +438.947 | +579.181 | +320.847 | -2.103.416,"+2,12% | +4,02% | +5,16% | +6,93% | +3,72% | -19,05%",,6ddías,8.938.509,8.752.582 | 8.593.103 | 8.499.562 | 8.359.328 | 8.617.662 | 11.041.925,Mediocampista
Ochoa,Málaga,0 | 0 | 0 | 0 | 0 | +3.852,"0,00% | 0,00% | 0,00% | 0,00% | 0,00% | 0%",,27ddías,3.513.040,3.513.040 | 3.513.040 | 3.513.040 | 3.513.040 | 3.513.040 | 0,Mediocampista
Jiménez,Racing,0 | 0 | 0 | 0 | 0 | +660,"0,00% | 0,00% | 0,00% | 0,00% | 0,00% | 0%",,27ddías,602.234,602.234 | 602.234 | 602.234 | 602.234 | 602.234 | 0,Portero
Enríquez,Málaga,-23.643 | -46.210 | -70.189 | -168.628 | -341.507 | -1.043.349,"-2,39% | -4,57% | -6,79% | -14,88% | -26,15% | -51,97%",,31ddías,964.272,987.915 | 1.010.482 | 1.034.461 | 1.132.900 | 1.305.779 | 2.007.621,Mediocampista
Juanpe,Málaga,0 | 0 | 0 | 0 | 0 | +638,"0,00% | 0,00% | 0,00% | 0,00% | 0,00% | 0%",,27ddías,581.931,581.931 | 581.931 | 581.931 | 581.931 | 581.931 | 0,Mediocampista
Joaquín,Málaga,-174.177 | -336.412 | -488.227 | -1.101.316 | -2.332.736 | -6.119.486,"-2,15% | -4,07% | -5,80% | -12,19% | -22,72% | -43,54%",,31ddías,7.933.874,8.108.051 | 8.270.286 | 8.422.101 | 9.035.190 | 10.266.610 | 14.053.360,Delantero
Lobete,Málaga,-25.651 | -51.218 | -77.989 | -187.313 | -394.060 | -1.039.216,"-2,58% | -5,02% | -7,45% | -16,21% | -28,92% | -51,76%",,31ddías,968.405,994.056 | 1.019.623 | 1.046.394 | 1.155.718 | 1.362.465 | 2.007.621,Delantero
Jauregi,Málaga,0 | 0 | 0 | 0 | 0 | +1.706,"0,00% | 0,00% | 0,00% | 0,00% | 0,00% | 0%",,27ddías,1.555.774,1.555.774 | 1.555.774 | 1.555.774 | 1.555.774 | 1.555.774 | 0,Delantero
Haitam,Málaga,-4.564 | -9.454 | -14.597 | -34.690 | -73.230 | -244.792,"-0,99% | -2,02% | -3,09% | -7,04% | -13,79% | -34,84%",,31ddías,457.873,462.437 | 467.327 | 472.470 | 492.563 | 531.103 | 702.665,Delantero
Canales,Racing,0 | 0 | 0 | 0 | 0 | +11.008,"0,00% | 0,00% | 0,00% | 0,00% | 0,00% | 0%",,27ddías,10.037.262,10.037.262 | 10.037.262 | 10.037.262 | 10.037.262 | 10.037.262 | 0,Delantero
Diego Diaz,Racing,0 | 0 | 0 | 0 | 0 | +660,"0,00% | 0,00% | 0,00% | 0,00% | 0,00% | 0%",,27ddías,602.234,602.234 | 602.234 | 602.234 | 602.234 | 602.234 | 0,Delantero
Galilea,Málaga,0 | 0 | 0 | 0 | 0 | +4.775,"0,00% | 0,00% | 0,00% | 0,00% | 0,00% | 0%",,27ddías,4.265.932,4.265.932 | 4.265.932 | 4.265.932 | 4.265.932 | 4.265.932 | 0,Defensa
Manuel Pellegrini,Betis,-205.211 | -421.131 | -644.883 | -1.599.808 | -2.589.416 | -1.104.927,"-3,35% | -6,65% | -9,83% | -21,29% | -30,45% | 0%",,13ddías,5.913.450,6.118.661 | 6.334.581 | 6.558.333 | 7.513.258 | 8.502.866 | 0,
Carlos Corberán,Valencia,-21.172 | -43.362 | -66.527 | -166.533 | -236.747 | -45.885,"-2,41% | -4,82% | -7,21% | -16,28% | -21,66% | 0%",,13ddías,856.476,877.648 | 899.838 | 923.003 | 1.023.009 | 1.093.223 | 0,
Luis García,Sevilla,-31.841 | -65.144 | -99.884 | -251.222 | +140.759 | +310.413,"-2,78% | -5,53% | -8,24% | -18,42% | +14,49% | 0%",,10ddías,1.112.512,1.144.353 | 1.177.656 | 1.212.396 | 1.363.734 | 971.753 | 0,
Pellegrino Matarazzo,Real Sociedad,-213.487 | -432.269 | -653.538 | -1.639.497 | -546.472 | +513.878,"-3,72% | -7,25% | -10,57% | -22,88% | -9,00% | 0%",,11ddías,5.527.004,5.740.491 | 5.959.273 | 6.180.542 | 7.166.501 | 6.073.476 | 0,
José Mourinho,Real Madrid,-696.829 | -1.421.577 | -2.171.590 | -5.617.947 | +5.669.087 | 0,"-3,51% | -6,92% | -10,19% | -22,70% | +42,11% | 0%",,8ddías,19.130.362,19.827.191 | 20.551.939 | 21.301.952 | 24.748.309 | 13.461.275 | 0,
Beñat San José,Rayo,-79.207 | -161.850 | -247.986 | -274.625 | +1.037.786 | 0,"-3,40% | -6,71% | -9,93% | -10,88% | +85,66% | 0%",,6ddías,2.249.300,2.328.507 | 2.411.150 | 2.497.286 | 2.523.925 | 1.211.514 | 0,
José Alberto López,Racing,-38.235 | -78.198 | -119.876 | -301.978 | +294.211 | +463.865,"-2,93% | -5,82% | -8,65% | -19,26% | +30,28% | 0%",,9ddías,1.265.964,1.304.199 | 1.344.162 | 1.385.840 | 1.567.942 | 971.753 | 0,
Luis Miguel Ramis,Osasuna,-68.166 | -139.308 | -213.465 | -539.589 | +772.822 | 0,"-3,32% | -6,56% | -9,71% | -21,38% | +63,79% | 0%",,7ddías,1.984.336,2.052.502 | 2.123.644 | 2.197.801 | 2.523.925 | 1.211.514 | 0,
Juan Funes,Málaga,-58.480 | -119.533 | -183.179 | -462.698 | +537.173 | +749.242,"-3,23% | -6,39% | -9,47% | -20,89% | +44,22% | 0%",,8ddías,1.751.867,1.810.347 | 1.871.400 | 1.935.046 | 2.214.565 | 1.214.694 | 0,
Luis Castro,Levante,-57.531 | -117.595 | -180.211 | -455.161 | -92.960 | +225.143,"-3,22% | -6,37% | -9,44% | -20,84% | -5,10% | 0%",,11ddías,1.729.080,1.786.611 | 1.846.675 | 1.909.291 | 2.184.241 | 1.822.040 | 0,
Pepe Bordalás,Getafe,0 | 0 | 0 | +31.783.086 | +65.044.534 | +64.679.730,"0,00% | 0,00% | 0,00% | +83,84% | +1.399,31% | 0%",,3ddías,69.692.856,69.692.856 | 69.692.856 | 69.692.856 | 37.909.770 | 4.648.322 | 0,
Manolo González,Espanyol,-48.355 | -98.860 | -151.520 | -382.318 | -313.180 | +4.923,"-3,11% | -6,15% | -9,13% | -20,22% | -17,19% | 0%",,12ddías,1.508.860,1.557.215 | 1.607.720 | 1.660.380 | 1.891.178 | 1.822.040 | 0,
Martín Anselmi,Elche,-79.207 | -161.850 | -247.986 | -274.625 | +1.037.786 | 0,"-3,40% | -6,71% | -9,93% | -10,88% | +85,66% | 0%",,6ddías,2.249.300,2.328.507 | 2.411.150 | 2.497.286 | 2.523.925 | 1.211.514 | 0,
Antonio Hidalgo,Deportivo,-80.436 | -164.358 | -251.828 | -636.987 | +456.755 | +774.858,"-3,41% | -6,73% | -9,95% | -21,85% | +25,07% | 0%",,9ddías,2.278.795,2.359.231 | 2.443.153 | 2.530.623 | 2.915.782 | 1.822.040 | 0,
Claudio Giráldez,Celta,-109.236 | -222.182 | -335.765 | -868.870 | -2.062.117 | -1.800.442,"-3,29% | -6,47% | -9,46% | -21,29% | -39,09% | 0%",,15ddías,3.212.684,3.321.920 | 3.434.866 | 3.548.449 | 4.081.554 | 5.274.801 | 0,
Hansi Flick,Barcelona,-316.549 | -641.437 | -1.025.757 | -2.600.335 | -6.057.934 | -2.876.884,"-2,54% | -5,01% | -7,78% | -17,61% | -33,25% | 0%",,14ddías,12.162.498,12.479.047 | 12.803.935 | 13.188.255 | 14.762.833 | 18.220.432 | 0,
Santaella,Málaga,0 | 0 | 0 | 0 | 0 | +449,"0,00% | 0,00% | 0,00% | 0,00% | 0,00% | 0%",,23ddías,401.498,401.498 | 401.498 | 401.498 | 401.498 | 401.498 | 0,Defensa
Cucurella,Real Madrid,+2.848.796 | +5.850.158 | +8.894.048 | +20.917.965 | 0 | 0,"+4,08% | +8,76% | +13,96% | +40,46% | 0% | 0%",,9ddías,72.620.172,69.771.376 | 66.770.014 | 63.726.124 | 51.702.207 | 0 | 0,Defensa
Vallecillo,Racing,0 | 0 | 0 | 0 | 0 | +743,"0,00% | 0,00% | 0,00% | 0,00% | 0,00% | 0%",,23ddías,677.940,677.940 | 677.940 | 677.940 | 677.940 | 677.940 | 0,Mediocampista
Chupete,Málaga,+1.256.781 | +2.521.566 | +3.837.840 | +9.141.303 | +18.577.199 | 0,"+2,64% | +5,43% | +8,51% | +22,96% | +61,16% | 0%",,22ddías,48.952.160,47.695.379 | 46.430.594 | 45.114.320 | 39.810.857 | 30.374.961 | 0,Delantero
Larrubia,Málaga,+1.412.466 | +2.629.491 | +4.091.388 | +9.537.442 | +18.687.660 | 0,"+2,83% | +5,40% | +8,66% | +22,81% | +57,20% | 0%",,21ddías,51.356.470,49.944.004 | 48.726.979 | 47.265.082 | 41.819.028 | 32.668.810 | 0,Mediocampista
Yeremay,Deportivo,+649.093 | +1.544.267 | +2.885.234 | +8.214.838 | +21.806.714 | 0,"+1,12% | +2,71% | +5,18% | +16,30% | +59,23% | 0%",,19ddías,58.625.242,57.976.149 | 57.080.975 | 55.740.008 | 50.410.404 | 36.818.528 | 0,Delantero
Dumfries,Real Madrid,+849.420 | +1.966.195 | +3.233.922 | +8.615.094 | +18.401.926 | 0,"+1,31% | +3,09% | +5,18% | +15,09% | +38,91% | 0%",,18ddías,65.694.891,64.845.471 | 63.728.696 | 62.460.969 | 57.079.797 | 47.292.965 | 0,Defensa
Hartman,Espanyol,-182.117 | -359.346 | -566.038 | -1.488.127 | -3.413.918 | 0,"-1,73% | -3,36% | -5,19% | -12,59% | -24,84% | 0%",,15ddías,10.331.635,10.513.752 | 10.690.981 | 10.897.673 | 11.819.762 | 13.745.553 | 0,Defensa
Konaté,Real Madrid,+1.470.720 | +3.154.729 | +4.885.914 | +10.443.394 | 0 | 0,"+3,85% | +8,63% | +14,03% | +35,68% | 0% | 0%",,8ddías,39.711.227,38.240.507 | 36.556.498 | 34.825.313 | 29.267.833 | 0 | 0,Defensa
Diego Simeone,Atlético,-235.572 | -493.507 | -766.518 | -1.916.130 | -4.564.053 | -2.443.353,"-3,01% | -6,11% | -9,18% | -20,17% | -37,57% | 0%",,14ddías,7.582.901,7.818.473 | 8.076.408 | 8.349.419 | 9.499.031 | 12.146.954 | 0,
Aubameyang,Deportivo,+1.236.069 | +2.570.268 | +3.902.880 | +8.437.067 | 0 | 0,"+6,37% | +14,23% | +23,32% | +69,15% | 0% | 0%",,7ddías,20.638.256,19.402.187 | 18.067.988 | 16.735.376 | 12.201.189 | 0 | 0,Delantero
Calatrava,Espanyol,+62.729 | +113.123 | +162.200 | +209.065 | 0 | 0,"+1,87% | +3,43% | +4,99% | +6,53% | 0% | 0%",,6ddías,3.412.902,3.350.173 | 3.299.779 | 3.250.702 | 3.203.837 | 0 | 0,Delantero
Hjulmand,Atlético,-250.434 | -515.689 | -743.276 | 0 | 0 | 0,"-0,74% | -1,52% | -2,17% | 0% | 0% | 0%",,6ddías,33.508.305,33.758.739 | 34.023.994 | 34.251.581 | 0 | 0 | 0,Mediocampista
Bernardo Silva,Real Madrid,+977.070 | +1.277.931 | -45.895 | 0 | 0 | 0,"+2,51% | +3,31% | -0,11% | 0% | 0% | 0%",,2ddías,39.922.207,38.945.137 | 38.644.276 | 39.968.102 | 0 | 0 | 0,Mediocampista
Quique Sánchez,Alavés,-31.841 | -65.144 | -99.884 | -251.222 | +140.759 | +310.413,"-2,78% | -5,53% | -8,24% | -18,42% | +14,49% | 0%",,10ddías,1.112.512,1.144.353 | 1.177.656 | 1.212.396 | 1.363.734 | 971.753 | 0,
Edin Terzic,Athletic,-463.375 | -944.031 | -1.446.926 | -3.674.246 | +4.200.255 | 0,"-3,88% | -7,60% | -11,20% | -24,26% | +57,78% | 0%",,7ddías,11.469.342,11.932.717 | 12.413.373 | 12.916.268 | 15.143.588 | 7.269.087 | 0,
Dani Sánchez,Málaga,-22.769 | -45.354 | -64.582 | -155.526 | -342.277 | -1.035.661,"-2,48% | -4,82% | -6,73% | -14,81% | -27,67% | -53,65%",,31ddías,894.801,917.570 | 940.155 | 959.383 | 1.050.327 | 1.237.078 | 1.930.462,Defensa
Rafa GarridoRafita,Málaga,0 | 0 | 0 | 0 | 0 | +5.618,"0,00% | 0,00% | 0,00% | 0,00% | 0,00% | 0%",,27ddías,5.018.744,5.018.744 | 5.018.744 | 5.018.744 | 5.018.744 | 5.018.744 | 0,Defensa
Hierro,Athletic,0 | 0 | 0 | 0 | 0 | -1.051.609,"0,00% | 0,00% | 0,00% | 0,00% | 0,00% | -63,58%",,28ddías,602.257,602.257 | 602.257 | 602.257 | 602.257 | 602.257 | 1.653.866,Delantero
Burcio,Celta,0 | 0 | 0 | 0 | 0 | -1.051.514,"0,00% | 0,00% | 0,00% | 0,00% | 0,00% | -63,58%",,28ddías,602.257,602.257 | 602.257 | 602.257 | 602.257 | 602.257 | 1.653.771,Mediocampista
Vecino,Celta,-70.909 | -146.671 | -225.863 | -554.878 | -1.240.628 | -3.456.450,"-2,69% | -5,41% | -8,09% | -17,78% | -32,59% | -57,39%",,31ddías,2.566.417,2.637.326 | 2.713.088 | 2.792.280 | 3.121.295 | 3.807.045 | 6.022.867,Mediocampista
Vargas,Atlético,-24.444 | -49.693 | -76.432 | -182.610 | -412.225 | -1.108.131,"-2,39% | -4,73% | -7,10% | -15,44% | -29,19% | -52,57%",,31ddías,999.872,1.024.316 | 1.049.565 | 1.076.304 | 1.182.482 | 1.412.097 | 2.108.003,Mediocampista
Lookman,Atlético,+1.895.126 | +3.605.047 | +5.815.068 | +12.858.979 | +22.874.256 | +39.855.461,"+2,67% | +5,20% | +8,66% | +21,39% | +45,65% | +120,33%",,18ddías,72.976.726,71.081.600 | 69.371.679 | 67.161.658 | 60.117.747 | 50.102.470 | 33.121.265,Delantero
Tete Morente,Elche,-61.563 | -124.805 | -190.613 | -474.042 | -1.070.338 | -3.104.283,"-2,48% | -4,91% | -7,31% | -16,40% | -30,69% | -56,23%",,31ddías,2.416.678,2.478.241 | 2.541.483 | 2.607.291 | 2.890.720 | 3.487.016 | 5.520.961,Delantero
Fidalgo,Betis,-52.954 | -113.763 | -163.578 | -375.435 | -803.809 | -1.951.296,"-1,70% | -3,58% | -5,06% | -10,90% | -20,76% | -38,88%",,28ddías,3.067.759,3.120.713 | 3.181.522 | 3.231.337 | 3.443.194 | 3.871.568 | 5.019.055,Mediocampista
Koski,Alavés,0 | 0 | 0 | 0 | 0 | -868.667,"0,00% | 0,00% | 0,00% | 0,00% | 0,00% | -51,96%",,28ddías,803.089,803.089 | 803.089 | 803.089 | 803.089 | 803.089 | 1.671.756,Defensa
Freeman,Villarreal,-42.124 | -97.337 | -150.827 | -369.937 | -787.496 | -2.169.607,"-1,46% | -3,30% | -5,03% | -11,49% | -21,65% | -43,23%",,31ddías,2.849.448,2.891.572 | 2.946.785 | 3.000.275 | 3.219.385 | 3.636.944 | 5.019.055,Defensa
Cepeda,Elche,-16.753 | -33.823 | -56.987 | -155.965 | -367.005 | -1.224.017,"-1,39% | -2,77% | -4,58% | -11,61% | -23,61% | -50,76%",,31ddías,1.187.495,1.204.248 | 1.221.318 | 1.244.482 | 1.343.460 | 1.554.500 | 2.411.512,Delantero
Ángel Pérez,Alavés,-150.039 | -292.070 | -417.158 | -1.017.405 | -2.474.434 | -7.445.556,"-1,93% | -3,70% | -5,20% | -11,79% | -24,53% | -49,45%",,31ddías,7.611.616,7.761.655 | 7.903.686 | 8.028.774 | 8.629.021 | 10.086.050 | 15.057.172,Delantero
Boselli,Getafe,0 | 0 | 0 | 0 | 0 | +1.239.224,"0,00% | 0,00% | 0,00% | 0,00% | 0,00% | +74,89%",,28ddías,2.893.999,2.893.999 | 2.893.999 | 2.893.999 | 2.893.999 | 2.893.999 | 1.654.775,Defensa
Romero,Getafe,0 | 0 | 0 | 0 | 0 | +28.134.755,"0,00% | 0,00% | 0,00% | 0,00% | 0,00% | +1.419,86%",,28ddías,30.116.266,30.116.266 | 30.116.266 | 30.116.266 | 30.116.266 | 30.116.266 | 1.981.511,Defensa
Mesonero,Real Madrid,0 | 0 | 0 | 0 | 0 | -958.796,"0,00% | 0,00% | 0,00% | 0,00% | 0,00% | -57,71%",,28ddías,702.606,702.606 | 702.606 | 702.606 | 702.606 | 702.606 | 1.661.402,Mediocampista
A. Riquelme,Getafe,0 | 0 | 0 | 0 | 0 | -1.051.299,"0,00% | 0,00% | 0,00% | 0,00% | 0,00% | -63,58%",,28ddías,602.324,602.324 | 602.324 | 602.324 | 602.324 | 602.324 | 1.653.623,Mediocampista
Álex Sánchez,Elche,0 | 0 | 0 | 0 | 0 | -1.051.306,"0,00% | 0,00% | 0,00% | 0,00% | 0,00% | -63,58%",,28ddías,602.324,602.324 | 602.324 | 602.324 | 602.324 | 602.324 | 1.653.630,Mediocampista
Julio Díaz,Sevilla,0 | 0 | 0 | +22.617 | +6.276 | -103.658,"0,00% | 0,00% | 0,00% | +4,97% | +1,33% | -17,82%",,4ddías,477.990,477.990 | 477.990 | 477.990 | 455.373 | 471.714 | 581.648,Defensa
Lamini Fati,Real Madrid,0 | 0 | 0 | 0 | 0 | -980.812,"0,00% | 0,00% | 0,00% | 0,00% | 0,00% | -59,13%",,28ddías,677.955,677.955 | 677.955 | 677.955 | 677.955 | 677.955 | 1.658.767,Defensa
Montes,Getafe,0 | 0 | 0 | 0 | 0 | -1.051.810,"0,00% | 0,00% | 0,00% | 0,00% | 0,00% | -63,59%",,28ddías,602.319,602.319 | 602.319 | 602.319 | 602.319 | 602.319 | 1.654.129,Defensa
Dani Martínez,Atlético,-3.520 | -7.321 | -11.330 | -26.394 | -47.083 | -169.497,"-0,81% | -1,66% | -2,55% | -5,75% | -9,81% | -28,14%",,11ddías,432.787,436.307 | 440.108 | 444.117 | 459.181 | 479.870 | 602.284,Defensa
Boñar,Atlético,-5.107 | -10.562 | -16.294 | -38.997 | -79.519 | -231.771,"-1,07% | -2,19% | -3,34% | -7,65% | -14,45% | -32,98%",,25ddías,470.894,476.001 | 481.456 | 487.188 | 509.891 | 550.413 | 702.665,Defensa
Puric,Atlético,-4.560 | -9.446 | -14.585 | -34.659 | -73.158 | -244.889,"-0,99% | -2,02% | -3,09% | -7,04% | -13,78% | -34,85%",,31ddías,457.776,462.336 | 467.222 | 472.361 | 492.435 | 530.934 | 702.665,Defensa
Marqués,Barcelona,0 | 0 | 0 | 0 | 0 | -1.051.557,"0,00% | 0,00% | 0,00% | 0,00% | 0,00% | -63,58%",,28ddías,602.319,602.319 | 602.319 | 602.319 | 602.319 | 602.319 | 1.653.876,Defensa
Arcos,Celta,0 | 0 | 0 | 0 | 0 | -1.051.562,"0,00% | 0,00% | 0,00% | 0,00% | 0,00% | -63,58%",,28ddías,602.257,602.257 | 602.257 | 602.257 | 602.257 | 602.257 | 1.653.819,Mediocampista
Cestero,Real Madrid,0 | 0 | 0 | 0 | 0 | -1.055.795,"0,00% | 0,00% | 0,00% | 0,00% | 0,00% | -63,68%",,28ddías,602.234,602.234 | 602.234 | 602.234 | 602.234 | 602.234 | 1.658.029,Mediocampista
Ferran,Espanyol,0 | 0 | 0 | 0 | 0 | -1.051.560,"0,00% | 0,00% | 0,00% | 0,00% | 0,00% | -63,58%",,28ddías,602.248,602.248 | 602.248 | 602.248 | 602.248 | 602.248 | 1.653.808,Mediocampista
Manuel Ángel,Real Madrid,0 | 0 | 0 | 0 | 0 | -951.424,"0,00% | 0,00% | 0,00% | 0,00% | 0,00% | -57,52%",,28ddías,702.606,702.606 | 702.606 | 702.606 | 702.606 | 702.606 | 1.654.030,Mediocampista
Tunde,Levante,0 | 0 | 0 | 0 | 0 | +6.877.885,"0,00% | 0,00% | 0,00% | 0,00% | 0,00% | +415,83%",,28ddías,8.531.892,8.531.892 | 8.531.892 | 8.531.892 | 8.531.892 | 8.531.892 | 1.654.007,Mediocampista
Kita,R. Sociedad B,0 | 0 | 0 | 0 | 0 | -1.058.499,"0,00% | 0,00% | 0,00% | 0,00% | 0,00% | -63,74%",,28ddías,602.234,602.234 | 602.234 | 602.234 | 602.234 | 602.234 | 1.660.733,Defensa
Astiazaran,R. Sociedad B,0 | 0 | 0 | 0 | 0 | -1.051.500,"0,00% | 0,00% | 0,00% | 0,00% | 0,00% | -63,58%",,28ddías,602.257,602.257 | 602.257 | 602.257 | 602.257 | 602.257 | 1.653.757,Mediocampista
Aguirre,R. Sociedad B,0 | 0 | 0 | 0 | 0 | -1.051.500,"0,00% | 0,00% | 0,00% | 0,00% | 0,00% | -63,58%",,28ddías,602.257,602.257 | 602.257 | 602.257 | 602.257 | 602.257 | 1.653.757,Mediocampista
Fontanet,Valencia,0 | 0 | 0 | 0 | 0 | -1.071.770,"0,00% | 0,00% | 0,00% | 0,00% | 0,00% | -64,81%",,28ddías,581.987,581.987 | 581.987 | 581.987 | 581.987 | 581.987 | 1.653.757,Defensa
Gaitán,Villarreal,0 | 0 | 0 | 0 | 0 | -1.051.465,"0,00% | 0,00% | 0,00% | 0,00% | 0,00% | -63,58%",,28ddías,602.292,602.292 | 602.292 | 602.292 | 602.292 | 602.292 | 1.653.757,Mediocampista
Sangaré,Elche,0 | 0 | 0 | 0 | 0 | +2.358.751,"0,00% | 0,00% | 0,00% | 0,00% | 0,00% | +142,37%",,28ddías,4.015.501,4.015.501 | 4.015.501 | 4.015.501 | 4.015.501 | 4.015.501 | 1.656.750,Defensa
Antañón,Celta,0 | 0 | 0 | 0 | 0 | -1.069.337,"0,00% | 0,00% | 0,00% | 0,00% | 0,00% | -64,77%",,28ddías,581.700,581.700 | 581.700 | 581.700 | 581.700 | 581.700 | 1.651.037,Mediocampista
Murillo,Málaga,-84.079 | -166.587 | -254.984 | -624.993 | -1.375.132 | -3.289.876,"-2,98% | -5,75% | -8,53% | -18,61% | -33,47% | -54,62%",,31ddías,2.732.991,2.817.070 | 2.899.578 | 2.987.975 | 3.357.984 | 4.108.123 | 6.022.867,Defensa
Riki,Deportivo,-31.665 | -64.651 | -96.412 | -253.023 | -253.023 | -251.314,"-2,47% | -4,91% | -7,15% | -16,80% | -16,80% | 0%",,7ddías,1.252.623,1.284.288 | 1.317.274 | 1.349.035 | 1.505.646 | 1.505.646 | 0,Mediocampista
Puga,Málaga,-72.731 | -139.660 | -254.260 | -667.910 | -1.421.282 | -3.250.086,"-1,24% | -2,36% | -4,21% | -10,35% | -19,72% | -35,97%",,26ddías,5.784.217,5.856.948 | 5.923.877 | 6.038.477 | 6.452.127 | 7.205.499 | 9.034.303,Defensa
Céspedes,Málaga,0 | 0 | 0 | 0 | 0 | +449,"0,00% | 0,00% | 0,00% | 0,00% | 0,00% | 0%",,27ddías,401.498,401.498 | 401.498 | 401.498 | 401.498 | 401.498 | 0,Portero
Carlos López,Málaga,-2.371 | -4.976 | -7.740 | -9.763 | -21.218 | -96.662,"-0,58% | -1,21% | -1,87% | -2,35% | -4,98% | -19,26%",,6ddías,405.241,407.612 | 410.217 | 412.981 | 415.004 | 426.459 | 501.903,Portero
Herrero,Málaga,-4.140 | +26.121 | +31.445 | +238.645 | +1.032.097 | +1.194.840,"-0,06% | +0,36% | +0,44% | +3,42% | +16,69% | +19,84%",,1ddías,7.217.707,7.221.847 | 7.191.586 | 7.186.262 | 6.979.062 | 6.185.610 | 6.022.867,Portero
Osorio,Elche,0 | 0 | 0 | 0 | 0 | +1.750,"0,00% | 0,00% | 0,00% | 0,00% | 0,00% | 0%",,27ddías,1.405.425,1.405.425 | 1.405.425 | 1.405.425 | 1.405.425 | 1.405.425 | 0,Delantero
Eddahchouri,Deportivo,-45.160 | -96.799 | -147.525 | -358.106 | -684.985 | -1.816.646,"-2,01% | -4,22% | -6,29% | -14,01% | -23,75% | -45,24%",,31ddías,2.198.598,2.243.758 | 2.295.397 | 2.346.123 | 2.556.704 | 2.883.583 | 4.015.244,Delantero
Bil Nsongo,Deportivo,0 | 0 | 0 | 0 | 0 | +7.408,"0,00% | 0,00% | 0,00% | 0,00% | 0,00% | 0%",,28ddías,6.524.473,6.524.473 | 6.524.473 | 6.524.473 | 6.524.473 | 6.524.473 | 0,Delantero
Luismi,Deportivo,-102.684 | -211.196 | -302.251 | -824.615 | -1.838.963 | -2.875.527,"-1,64% | -3,32% | -4,68% | -11,81% | -22,99% | -31,83%",,26ddías,6.158.776,6.261.460 | 6.369.972 | 6.461.027 | 6.983.391 | 7.997.739 | 9.034.303,Delantero
Patino,Deportivo,-9.802 | -20.147 | -30.973 | -76.265 | -170.131 | -520.628,"-1,65% | -3,34% | -5,04% | -11,56% | -22,57% | -47,15%",,31ddías,583.562,593.364 | 603.709 | 614.535 | 659.827 | 753.693 | 1.104.190,Mediocampista
Mario,Deportivo,+326.574 | +705.937 | +1.134.503 | +2.553.416 | +4.812.908 | +7.804.655,"+1,45% | +3,19% | +5,22% | +12,57% | +26,67% | +51,83%",,30ddías,22.861.827,22.535.253 | 22.155.890 | 21.727.324 | 20.308.411 | 18.048.919 | 15.057.172,Mediocampista
Mella,Deportivo,-36.961 | -76.837 | -102.343 | -261.952 | -665.477 | -721.786,"-1,11% | -2,28% | -3,01% | -7,37% | -16,81% | -17,98%",,21ddías,3.293.458,3.330.419 | 3.370.295 | 3.395.801 | 3.555.410 | 3.958.935 | 4.015.244,Mediocampista
Jurado,Deportivo,-36.954 | -74.186 | -112.925 | -279.387 | -621.604 | -1.726.920,"-2,80% | -5,46% | -8,08% | -17,86% | -32,61% | -57,35%",,31ddías,1.284.512,1.321.466 | 1.358.698 | 1.397.437 | 1.563.899 | 1.906.116 | 3.011.432,Mediocampista
Villares,Deportivo,-67.518 | -139.145 | -215.461 | -534.797 | -1.188.417 | -3.037.101,"-2,21% | -4,45% | -6,73% | -15,19% | -28,47% | -50,43%",,31ddías,2.985.766,3.053.284 | 3.124.911 | 3.201.227 | 3.520.563 | 4.174.183 | 6.022.867,Mediocampista
Rubén López,Deportivo,0 | 0 | 0 | 0 | 0 | +569,"0,00% | 0,00% | 0,00% | 0,00% | 0,00% | 0%",,28ddías,501.880,501.880 | 501.880 | 501.880 | 501.880 | 501.880 | 0,Mediocampista
Noé Carrillo,Deportivo,0 | 0 | 0 | 0 | 0 | +797,"0,00% | 0,00% | 0,00% | 0,00% | 0,00% | 0%",,28ddías,702.633,702.633 | 702.633 | 702.633 | 702.633 | 702.633 | 0,Mediocampista
Ochieng,Real Sociedad,0 | 0 | 0 | 0 | 0 | -953.146,"0,00% | 0,00% | 0,00% | 0,00% | 0,00% | -57,56%",,28ddías,702.633,702.633 | 702.633 | 702.633 | 702.633 | 702.633 | 1.655.779,Mediocampista
Loureiro,Deportivo,-3.310 | -9.983 | -13.363 | -108.687 | -425.852 | -719.462,"-0,09% | -0,26% | -0,35% | -2,79% | -10,10% | 0%",,16ddías,3.792.352,3.795.662 | 3.802.335 | 3.805.715 | 3.901.039 | 4.218.204 | 0,Defensa
Morcillo,Atlético,0 | 0 | 0 | 0 | 0 | -947.217,"0,00% | 0,00% | 0,00% | 0,00% | 0,00% | -57,41%",,28ddías,702.702,702.702 | 702.702 | 702.702 | 702.702 | 702.702 | 1.649.919,Mediocampista
Cubo,Atlético,0 | 0 | 0 | 0 | 0 | -1.018.214,"0,00% | 0,00% | 0,00% | 0,00% | 0,00% | -62,83%",,28ddías,602.316,602.316 | 602.316 | 602.316 | 602.316 | 602.316 | 1.620.530,Delantero
Hugo Ríos,Deportivo,0 | 0 | 0 | 0 | 0 | +1.025,"0,00% | 0,00% | 0,00% | 0,00% | 0,00% | 0%",,28ddías,903.386,903.386 | 903.386 | 903.386 | 903.386 | 903.386 | 0,Portero
Puerto,Deportivo,-879 | -1.931 | -3.076 | -5.441 | -5.058 | -32.077,"-0,24% | -0,52% | -0,83% | -1,45% | -1,35% | -7,99%",,4ddías,369.446,370.325 | 371.377 | 372.522 | 374.887 | 374.504 | 401.523,Portero
Germán Parreño,Deportivo,0 | 0 | 0 | 0 | 0 | +797,"0,00% | 0,00% | 0,00% | 0,00% | 0,00% | 0%",,28ddías,702.633,702.633 | 702.633 | 702.633 | 702.633 | 702.633 | 0,Portero
Quagliata,Deportivo,+60.191 | +115.605 | +174.282 | +309.530 | +224.329 | -680.653,"+1,93% | +3,78% | +5,80% | +10,79% | +7,60% | -17,64%",,8ddías,3.177.496,3.117.305 | 3.061.891 | 3.003.214 | 2.867.966 | 2.953.167 | 3.858.149,Defensa
Teijo,Deportivo,0 | 0 | 0 | 0 | 0 | +683,"0,00% | 0,00% | 0,00% | 0,00% | 0,00% | 0%",,28ddías,602.257,602.257 | 602.257 | 602.257 | 602.257 | 602.257 | 0,Defensa
Pablo García,Deportivo,-5.052 | -10.449 | -16.122 | -38.562 | -61.355 | -233.086,"-1,06% | -2,18% | -3,32% | -7,59% | -11,56% | -33,17%",,9ddías,469.579,474.631 | 480.028 | 485.701 | 508.141 | 530.934 | 702.665,Defensa
Canedo,Deportivo,0 | 0 | 0 | 0 | 0 | +683,"0,00% | 0,00% | 0,00% | 0,00% | 0,00% | 0%",,28ddías,602.257,602.257 | 602.257 | 602.257 | 602.257 | 602.257 | 0,Defensa
Samu Fernández,Deportivo,0 | 0 | 0 | 0 | 0 | +797,"0,00% | 0,00% | 0,00% | 0,00% | 0,00% | 0%",,28ddías,702.633,702.633 | 702.633 | 702.633 | 702.633 | 702.633 | 0,Defensa
Noubi,Deportivo,+245.473 | +492.299 | +728.036 | +1.732.846 | +2.398.774 | +2.749.920,"+2,45% | +5,03% | +7,62% | +20,28% | +30,44% | +36,53%",,13ddías,10.278.505,10.033.032 | 9.786.206 | 9.550.469 | 8.545.659 | 7.879.731 | 7.528.585,Defensa
Comas,Deportivo,-22.346 | -45.759 | -70.197 | -171.343 | -384.644 | -1.122.984,"-2,46% | -4,92% | -7,35% | -16,23% | -30,30% | -55,94%",,31ddías,884.637,906.983 | 930.396 | 954.834 | 1.055.980 | 1.269.281 | 2.007.621,Defensa
Barcia,Deportivo,-35.534 | -72.378 | -108.896 | -260.781 | -549.095 | -1.435.159,"-2,20% | -4,39% | -6,46% | -14,20% | -25,84% | -47,66%",,31ddías,1.576.273,1.611.807 | 1.648.651 | 1.685.169 | 1.837.054 | 2.125.368 | 3.011.432,Defensa
Ximo,Deportivo,-54.874 | -109.590 | -165.531 | -790.736 | -790.736 | -783.328,"-0,95% | -1,88% | -2,81% | -12,12% | -12,12% | 0%",,7ddías,5.733.737,5.788.611 | 5.843.327 | 5.899.268 | 6.524.473 | 6.524.473 | 0,Defensa
Valou,Getafe,0 | 0 | 0 | 0 | 0 | -1.063.409,"0,00% | 0,00% | 0,00% | 0,00% | 0,00% | -63,84%",,28ddías,602.292,602.292 | 602.292 | 602.292 | 602.292 | 602.292 | 1.665.701,Defensa
Santiago,Elche,-12.088 | -24.816 | -38.123 | -94.417 | -212.441 | -666.505,"-1,86% | -3,74% | -5,63% | -12,88% | -24,97% | -51,08%",,31ddías,638.448,650.536 | 663.264 | 676.571 | 732.865 | 850.889 | 1.304.953,Mediocampista
Román,Celta,-37.013 | -100.435 | -159.333 | -436.949 | -1.165.555 | -3.434.851,"-0,72% | -1,93% | -3,03% | -7,90% | -18,61% | -40,26%",,31ddías,5.097.546,5.134.559 | 5.197.981 | 5.256.879 | 5.534.495 | 6.263.101 | 8.532.397,Mediocampista
Kike Barja,Osasuna,0 | 0 | 0 | 0 | 0 | +1.153.504,"0,00% | 0,00% | 0,00% | 0,00% | 0,00% | +69,60%",,28ddías,2.810.828,2.810.828 | 2.810.828 | 2.810.828 | 2.810.828 | 2.810.828 | 1.657.324,Delantero
Nteka,Rayo,-33.668 | -64.817 | -99.244 | -250.444 | -555.264 | -1.517.082,"-2,20% | -4,16% | -6,23% | -14,35% | -27,09% | -50,38%",,31ddías,1.494.350,1.528.018 | 1.559.167 | 1.593.594 | 1.744.794 | 2.049.614 | 3.011.432,Delantero
Isi,Rayo,-425.180 | -867.702 | -1.341.576 | -3.229.679 | -4.611.280 | +2.086.522,"-2,42% | -4,82% | -7,26% | -15,85% | -21,20% | +13,86%",,12ddías,17.143.694,17.568.874 | 18.011.396 | 18.485.270 | 20.373.373 | 21.754.974 | 15.057.172,Delantero
Pep Chavarría,Rayo,-263.706 | -357.498 | -346.863 | +1.003.968 | +3.567.114 | +7.232.569,"-1,35% | -1,82% | -1,77% | +5,49% | +22,70% | +60,04%",,2ddías,19.278.305,19.542.011 | 19.635.803 | 19.625.168 | 18.274.337 | 15.711.191 | 12.045.736,Defensa
Ratiu,Rayo,-334.107 | -668.635 | -907.272 | -3.224.800 | -9.092.432 | -22.149.581,"-0,89% | -1,76% | -2,38% | -7,97% | -19,63% | -37,30%",,17ddías,37.234.396,37.568.503 | 37.903.031 | 38.141.668 | 40.459.196 | 46.326.828 | 59.383.977,Defensa
Dimitrievski,Valencia,0 | 0 | 0 | 0 | 0 | +10.332.258,"0,00% | 0,00% | 0,00% | 0,00% | 0,00% | +602,95%",,28ddías,12.045.877,12.045.877 | 12.045.877 | 12.045.877 | 12.045.877 | 12.045.877 | 1.713.619,Portero
Iker Muñoz,Osasuna,-29.624 | -58.247 | -90.322 | -233.351 | -574.286 | -1.717.190,"-1,94% | -3,75% | -5,70% | -13,50% | -27,75% | -53,46%",,31ddías,1.495.005,1.524.629 | 1.553.252 | 1.585.327 | 1.728.356 | 2.069.291 | 3.212.195,Mediocampista
Herrando,Osasuna,-49.497 | -97.792 | -150.944 | -372.992 | -847.965 | -2.492.292,"-2,39% | -4,61% | -6,94% | -15,56% | -29,52% | -55,17%",,31ddías,2.024.858,2.074.355 | 2.122.650 | 2.175.802 | 2.397.850 | 2.872.823 | 4.517.150,Defensa
Catena,Osasuna,-421.919 | -876.132 | -1.307.438 | -3.312.377 | +140.812 | +7.487.184,"-1,11% | -2,28% | -3,36% | -8,10% | +0,38% | +24,86%",,7ddías,37.601.530,38.023.449 | 38.477.662 | 38.908.968 | 40.913.907 | 37.460.718 | 30.114.346,Defensa
Ibáñez,Alavés,-28.283 | -48.239 | -84.332 | -263.027 | -778.117 | -2.679.651,"-0,84% | -1,42% | -2,46% | -7,29% | -18,88% | -44,49%",,31ddías,3.343.216,3.371.499 | 3.391.455 | 3.427.548 | 3.606.243 | 4.121.333 | 6.022.867,Mediocampista
Budimir,Osasuna,-180.078 | -445.919 | -699.124 | -2.736.514 | -8.042.703 | +8.765.686,"-0,38% | -0,93% | -1,45% | -5,45% | -14,48% | +22,64%",,17ddías,47.490.484,47.670.562 | 47.936.403 | 48.189.608 | 50.226.998 | 55.533.187 | 38.724.798,Delantero
Moi Gómez,Osasuna,-50.174 | -109.104 | -166.352 | -407.973 | -896.816 | -2.459.975,"-2,08% | -4,41% | -6,58% | -14,72% | -27,51% | -51,00%",,31ddías,2.363.050,2.413.224 | 2.472.154 | 2.529.402 | 2.771.023 | 3.259.866 | 4.823.025,Mediocampista
Rubén GarcíaRubén G.,Osasuna,-102.787 | -234.198 | -370.317 | -953.969 | -1.960.909 | -4.058.680,"-0,77% | -1,73% | -2,71% | -6,69% | -12,84% | -23,37%",,28ddías,13.307.056,13.409.843 | 13.541.254 | 13.677.373 | 14.261.025 | 15.267.965 | 17.365.736,Mediocampista
Aitor,Osasuna,-8.509 | -17.144 | -26.521 | -65.505 | -145.521 | -451.361,"-1,52% | -3,01% | -4,58% | -10,60% | -20,85% | -44,96%",,31ddías,552.449,560.958 | 569.593 | 578.970 | 617.954 | 697.970 | 1.003.810,Portero
Areso,Athletic,+36.820 | +58.281 | +64.679 | -7.638 | -284.936 | -1.278.246,"+1,53% | +2,45% | +2,73% | -0,31% | -10,47% | -34,42%",,3ddías,2.435.855,2.399.035 | 2.377.574 | 2.371.176 | 2.443.493 | 2.720.791 | 3.714.101,Defensa
Oroz,Osasuna,-19.077 | -115.058 | -158.356 | -930.849 | -2.696.831 | -5.134.092,"-0,13% | -0,76% | -1,05% | -5,86% | -15,29% | -25,57%",,28ddías,14.942.138,14.961.215 | 15.057.196 | 15.100.494 | 15.872.987 | 17.638.969 | 20.076.230,Mediocampista
Unai López,Rayo,-22.612 | -54.505 | -116.490 | -245.797 | -234.252 | -1.161.259,"-0,38% | -0,92% | -1,95% | -4,02% | -3,84% | -16,53%",,7ddías,5.865.420,5.888.032 | 5.919.925 | 5.981.910 | 6.111.217 | 6.099.672 | 7.026.679,Mediocampista
Villar,Elche,0 | 0 | 0 | 0 | 0 | +5.355.354,"0,00% | 0,00% | 0,00% | 0,00% | 0,00% | +320,34%",,28ddías,7.027.127,7.027.127 | 7.027.127 | 7.027.127 | 7.027.127 | 7.027.127 | 1.671.773,Mediocampista
Mayoral,Getafe,-35.197 | -72.596 | -113.500 | -256.626 | -582.932 | -1.601.029,"-1,12% | -2,28% | -3,51% | -7,61% | -15,76% | -33,94%",,31ddías,3.116.883,3.152.080 | 3.189.479 | 3.230.383 | 3.373.509 | 3.699.815 | 4.717.912,Delantero
Iglesias,Sevilla,0 | 0 | 0 | 0 | 0 | +10.761.632,"0,00% | 0,00% | 0,00% | 0,00% | 0,00% | +602,31%",,28ddías,12.548.352,12.548.352 | 12.548.352 | 12.548.352 | 12.548.352 | 12.548.352 | 1.786.720,Defensa
Herrera,Real Sociedad,-59.453 | -122.241 | -189.516 | -454.500 | -1.036.028 | -2.677.456,"-1,75% | -3,53% | -5,36% | -11,96% | -23,65% | -44,45%",,28ddías,3.345.411,3.404.864 | 3.467.652 | 3.534.927 | 3.799.911 | 4.381.439 | 6.022.867,Mediocampista
Eric Garcia,Barcelona,-932.600 | -1.866.088 | -2.843.339 | -8.926.854 | -8.926.854 | -52.153.813,"-1,82% | -3,58% | -5,35% | -15,07% | -15,07% | -50,90%",,7ddías,50.301.378,51.233.978 | 52.167.466 | 53.144.717 | 59.228.232 | 59.228.232 | 102.455.191,Defensa
Boyé,Alavés,-90.336 | -210.161 | -308.623 | -792.658 | -2.257.217 | -5.598.525,"-0,62% | -1,43% | -2,09% | -5,19% | -13,49% | -27,89%",,27ddías,14.477.705,14.568.041 | 14.687.866 | 14.786.328 | 15.270.363 | 16.734.922 | 20.076.230,Delantero
Miguel Ángel RubioMiguel Rubio,Espanyol,-13.325 | -27.339 | -41.988 | -104.232 | -235.316 | -737.220,"-1,96% | -3,93% | -5,91% | -13,50% | -26,05% | -52,46%",,31ddías,668.115,681.440 | 695.454 | 710.103 | 772.347 | 903.431 | 1.405.335,Defensa
S. Cardona,Villarreal,-34.219 | -83.118 | -126.490 | -277.450 | -452.113 | -706.910,"-0,69% | -1,66% | -2,51% | -5,34% | -8,42% | -12,58%",,24ddías,4.914.432,4.948.651 | 4.997.550 | 5.040.922 | 5.191.882 | 5.366.545 | 5.621.342,Defensa
Moncayola,Osasuna,+106.536 | +204.028 | +312.635 | +554.940 | +441.918 | +47.940,"+1,79% | +3,48% | +5,43% | +10,06% | +7,85% | +0,80%",,6ddías,6.070.807,5.964.271 | 5.866.779 | 5.758.172 | 5.515.867 | 5.628.889 | 6.022.867,Mediocampista
Javi Muñoz,Getafe,-16.645 | -32.658 | -50.849 | -128.799 | -294.370 | -858.285,"-2,18% | -4,18% | -6,37% | -14,69% | -28,25% | -53,44%",,31ddías,747.811,764.456 | 780.469 | 798.660 | 876.610 | 1.042.181 | 1.606.096,Mediocampista
Moleiro,Villarreal,+455.040 | +484.233 | +388.546 | -1.026.359 | -6.597.726 | -38.744.760,"+0,80% | +0,85% | +0,68% | -1,76% | -10,32% | -40,33%",,2ddías,57.315.708,56.860.668 | 56.831.475 | 56.927.162 | 58.342.067 | 63.913.434 | 96.060.468,Mediocampista
Valles,Betis,+904.900 | +1.884.553 | +2.804.397 | +6.336.216 | +10.262.700 | +15.748.350,"+3,64% | +7,88% | +12,20% | +32,58% | +66,11% | +156,89%",,30ddías,25.786.463,24.881.563 | 23.901.910 | 22.982.066 | 19.450.247 | 15.523.763 | 10.038.113,Portero
Copete,Valencia,-84.329 | -173.042 | -265.076 | -658.442 | -1.458.475 | -3.432.250,"-3,15% | -6,26% | -9,28% | -20,27% | -36,02% | -56,99%",,31ddías,2.590.617,2.674.946 | 2.763.659 | 2.855.693 | 3.249.059 | 4.049.092 | 6.022.867,Defensa
Herrera,Osasuna,+888.624 | +1.748.191 | +2.742.670 | +6.551.102 | +11.728.789 | +20.022.713,"+2,52% | +5,09% | +8,23% | +22,18% | +48,16% | +124,67%",,29ddías,36.083.697,35.195.073 | 34.335.506 | 33.341.027 | 29.532.595 | 24.354.908 | 16.060.984,Portero
Torró,Osasuna,-25.466 | -54.421 | -87.383 | -233.907 | -532.400 | -1.540.956,"-0,94% | -1,99% | -3,16% | -8,04% | -16,60% | -36,55%",,27ddías,2.675.051,2.700.517 | 2.729.472 | 2.762.434 | 2.908.958 | 3.207.451 | 4.216.007,Mediocampista
Cárdenas,Rayo,-13.442 | -25.248 | -39.451 | -94.565 | -224.212 | -714.264,"-1,91% | -3,52% | -5,40% | -12,04% | -24,50% | -50,83%",,31ddías,691.071,704.513 | 716.319 | 730.522 | 785.636 | 915.283 | 1.405.335,Portero
Álvaro García,Rayo,+177.611 | +380.014 | +709.039 | +1.625.105 | +2.862.811 | +4.739.869,"+1,07% | +2,32% | +4,41% | +10,72% | +20,56% | +39,35%",,15ddías,16.785.605,16.607.994 | 16.405.591 | 16.076.566 | 15.160.500 | 13.922.794 | 12.045.736,Mediocampista
Carmona,Sevilla,-44.378 | -85.591 | -142.056 | -373.894 | -820.487 | -1.399.929,"-0,95% | -1,82% | -2,98% | -7,48% | -15,07% | -23,24%",,26ddías,4.622.938,4.667.316 | 4.708.529 | 4.764.994 | 4.996.832 | 5.443.425 | 6.022.867,Defensa
Rüdiger,Real Madrid,-359.503 | -734.913 | -1.110.576 | -2.778.487 | -5.825.514 | -11.976.533,"-1,22% | -2,46% | -3,68% | -8,72% | -16,69% | -29,17%",,28ddías,29.079.359,29.438.862 | 29.814.272 | 30.189.935 | 31.857.846 | 34.904.873 | 41.055.892,Defensa
Pacheco,Real Sociedad,0 | 0 | 0 | 0 | 0 | +2.361.473,"0,00% | 0,00% | 0,00% | 0,00% | 0,00% | +142,78%",,28ddías,4.015.452,4.015.452 | 4.015.452 | 4.015.452 | 4.015.452 | 4.015.452 | 1.653.979,Defensa
Sadiq,Valencia,-255.644 | -519.954 | -802.721 | -1.965.578 | -3.786.412 | -7.610.161,"-2,94% | -5,80% | -8,67% | -18,87% | -30,94% | -47,38%",,29ddías,8.450.823,8.706.467 | 8.970.777 | 9.253.544 | 10.416.401 | 12.237.235 | 16.060.984,Delantero
Olasagasti,Levante,+24.115 | +46.422 | +56.590 | -4.595 | -463.881 | -2.302.698,"+0,65% | +1,26% | +1,54% | -0,12% | -11,09% | -38,23%",,3ddías,3.720.169,3.696.054 | 3.673.747 | 3.663.579 | 3.724.764 | 4.184.050 | 6.022.867,Mediocampista
Kubo,Real Sociedad,-492.676 | -987.644 | -1.483.763 | -3.519.685 | -7.694.604 | -6.782.511,"-2,06% | -4,04% | -5,96% | -13,06% | -24,72% | -22,45%",,20ddías,23.432.216,23.924.892 | 24.419.860 | 24.915.979 | 26.951.901 | 31.126.820 | 30.214.727,Mediocampista
Zakharyan,Real Sociedad,-35.049 | -72.131 | -111.113 | -267.146 | -598.010 | -1.714.647,"-2,63% | -5,27% | -7,89% | -17,08% | -31,56% | -56,94%",,31ddías,1.296.785,1.331.834 | 1.368.916 | 1.407.898 | 1.563.931 | 1.894.795 | 3.011.432,Mediocampista
Oyarzabal,Real Sociedad,-1.050.972 | -2.031.848 | -2.982.598 | -7.174.544 | -16.316.068 | -46.129.295,"-1,52% | -2,89% | -4,19% | -9,51% | -19,29% | -40,32%",,15ddías,68.281.879,69.332.851 | 70.313.727 | 71.264.477 | 75.456.423 | 84.597.947 | 114.411.174,Delantero
Marín,Real Sociedad,-66.962 | -135.612 | -206.544 | -508.572 | -1.131.902 | -2.916.770,"-3,09% | -6,06% | -8,95% | -19,48% | -35,00% | -58,11%",,31ddías,2.102.285,2.169.247 | 2.237.897 | 2.308.829 | 2.610.857 | 3.234.187 | 5.019.055,Mediocampista
Barrenetxea,Real Sociedad,-598.036 | -1.263.723 | -1.887.354 | -4.553.905 | -3.389.689 | +4.406.546,"-1,61% | -3,34% | -4,91% | -11,08% | -8,49% | +13,72%",,9ddías,36.528.515,37.126.551 | 37.792.238 | 38.415.869 | 41.082.420 | 39.918.204 | 32.121.969,Mediocampista
Zubeldia,Real Sociedad,-94.667 | -165.955 | -197.404 | -529.454 | -1.447.652 | -4.100.173,"-0,94% | -1,64% | -1,94% | -5,05% | -12,70% | -29,18%",,31ddías,9.953.187,10.047.854 | 10.119.142 | 10.150.591 | 10.482.641 | 11.400.839 | 14.053.360,Defensa
Aihen,Real Sociedad,-47.013 | -95.260 | -144.558 | -353.431 | -780.290 | -2.269.019,"-2,62% | -5,17% | -7,65% | -16,83% | -30,88% | -56,51%",,31ddías,1.746.225,1.793.238 | 1.841.485 | 1.890.783 | 2.099.656 | 2.526.515 | 4.015.244,Defensa
Odriozola,Real Sociedad,-14.922 | -30.601 | -46.983 | -116.913 | -264.872 | -799.260,"-2,07% | -4,15% | -6,24% | -14,20% | -27,27% | -53,08%",,31ddías,706.455,721.377 | 737.056 | 753.438 | 823.368 | 971.327 | 1.505.715,Defensa
Remiro,Real Sociedad,+635.891 | +1.414.723 | +2.484.198 | +7.015.153 | +13.675.561 | +24.534.992,"+1,45% | +3,28% | +5,90% | +18,66% | +44,21% | +122,21%",,29ddías,44.611.222,43.975.331 | 43.196.499 | 42.127.024 | 37.596.069 | 30.935.661 | 20.076.230,Portero
Güler,Real Madrid,-630.959 | -1.239.991 | -1.821.059 | -4.807.058 | -10.528.274 | -21.728.661,"-1,16% | -2,26% | -3,29% | -8,24% | -16,43% | -28,86%",,31ddías,53.557.208,54.188.167 | 54.797.199 | 55.378.267 | 58.364.266 | 64.085.482 | 75.285.869,Mediocampista
Mendy,Real Madrid,-23.596 | -48.311 | -74.105 | -178.790 | -416.076 | -1.092.987,"-2,51% | -5,02% | -7,49% | -16,35% | -31,27% | -54,44%",,31ddías,914.634,938.230 | 962.945 | 988.739 | 1.093.424 | 1.330.710 | 2.007.621,Defensa
Brahim,Real Madrid,-267.193 | -570.846 | -880.565 | -2.196.217 | -4.344.713 | -7.704.137,"-2,11% | -4,41% | -6,64% | -15,08% | -25,99% | -38,37%",,27ddías,12.372.093,12.639.286 | 12.942.939 | 13.252.658 | 14.568.310 | 16.716.806 | 20.076.230,Mediocampista
De Frutos,Rayo,+719.016 | +1.508.040 | +2.366.490 | +5.851.050 | +12.488.850 | +23.310.852,"+1,51% | +3,22% | +5,14% | +13,75% | +34,77% | +92,89%",,30ddías,48.406.140,47.687.124 | 46.898.100 | 46.039.650 | 42.555.090 | 35.917.290 | 25.095.288,Delantero
Militão,Real Madrid,-464.363 | -947.954 | -1.437.390 | -3.506.769 | -7.711.485 | -14.497.860,"-2,89% | -5,72% | -8,43% | -18,34% | -33,06% | -48,14%",,31ddías,15.616.486,16.080.849 | 16.564.440 | 17.053.876 | 19.123.255 | 23.327.971 | 30.114.346,Defensa
Balliu,Rayo,-1.491 | -2.936 | -5.572 | -77.168 | -217.695 | -685.645,"-0,18% | -0,36% | -0,67% | -8,60% | -20,98% | -45,54%",,31ddías,820.070,821.561 | 823.006 | 825.642 | 897.238 | 1.037.765 | 1.505.715,Defensa
Pathé Ciss,Rayo,+66.612 | +86.325 | +168.406 | +132.024 | -292.480 | +1.141.341,"+0,62% | +0,81% | +1,59% | +1,24% | -2,64% | +11,83%",,5ddías,10.786.717,10.720.105 | 10.700.392 | 10.618.311 | 10.654.693 | 11.079.197 | 9.645.376,Mediocampista
Valentín,Rayo,-18.406 | -34.644 | -56.558 | -295.786 | -871.180 | -2.596.395,"-0,53% | -1,00% | -1,62% | -7,95% | -20,27% | -43,11%",,31ddías,3.426.472,3.444.878 | 3.461.116 | 3.483.030 | 3.722.258 | 4.297.652 | 6.022.867,Mediocampista
Lejeune,Rayo,-528.882 | -1.175.821 | -1.841.282 | -4.443.481 | -11.117.488 | -36.098.060,"-1,31% | -2,86% | -4,41% | -10,02% | -21,80% | -47,51%",,17ddías,39.884.024,40.412.906 | 41.059.845 | 41.725.306 | 44.327.505 | 51.001.512 | 75.982.084,Defensa
Cucho,Betis,-900.282 | -1.819.045 | -2.636.432 | -5.665.907 | -3.201.903 | +10.372.683,"-1,75% | -3,48% | -4,96% | -10,08% | -5,96% | +25,83%",,7ddías,50.525.145,51.425.427 | 52.344.190 | 53.161.577 | 56.191.052 | 53.727.048 | 40.152.462,Delantero
Courtois,Real Madrid,-430.417 | -648.404 | -906.311 | -1.829.770 | -2.217.513 | +17.356.382,"-0,74% | -1,11% | -1,55% | -3,08% | -3,71% | +43,23%",,11ddías,57.508.844,57.939.261 | 58.157.248 | 58.415.155 | 59.338.614 | 59.726.357 | 40.152.462,Portero
Bellingham,Real Madrid,-742.633 | -1.628.543 | -2.471.054 | -6.334.834 | -16.063.127 | -38.499.116,"-0,78% | -1,70% | -2,56% | -6,32% | -14,60% | -29,07%",,14ddías,93.936.873,94.679.506 | 95.565.416 | 96.407.927 | 100.271.707 | 110.000.000 | 132.435.989,Mediocampista
Fran García,Betis,0 | 0 | 0 | 0 | 0 | -56.473,"0,00% | 0,00% | 0,00% | 0,00% | 0,00% | -0,59%",,29ddías,9.591.157,9.591.157 | 9.591.157 | 9.591.157 | 9.591.157 | 9.591.157 | 9.647.630,Defensa
Vinicius,Real Madrid,-967.835 | -2.083.534 | -3.278.508 | -8.007.752 | -21.034.751 | -55.531.270,"-0,97% | -2,06% | -3,21% | -7,49% | -17,53% | -35,94%",,14ddías,98.965.249,99.933.084 | 101.048.783 | 102.243.757 | 106.973.001 | 120.000.000 | 154.496.519,Delantero
Rodrygo,Real Madrid,-77.432 | -161.042 | -251.331 | -609.340 | -1.289.492 | -1.303.202,"-2,04% | -4,15% | -6,34% | -14,09% | -25,76% | -25,97%",,21ddías,3.715.853,3.793.285 | 3.876.895 | 3.967.184 | 4.325.193 | 5.005.345 | 5.019.055,Delantero
Camavinga,Real Madrid,-332.428 | -657.643 | -992.506 | -2.362.633 | -4.836.093 | -11.609.087,"-2,59% | -5,00% | -7,37% | -15,92% | -27,92% | -48,19%",,31ddías,12.482.389,12.814.817 | 13.140.032 | 13.474.895 | 14.845.022 | 17.318.482 | 24.091.476,Mediocampista
Lunin,Real Madrid,-40.357 | -78.601 | -108.381 | -256.926 | -588.927 | -1.577.753,"-1,63% | -3,12% | -4,26% | -9,54% | -19,46% | -39,29%",,31ddías,2.437.491,2.477.848 | 2.516.092 | 2.545.872 | 2.694.417 | 3.026.418 | 4.015.244,Portero
Valverde,Real Madrid,-597.802 | -1.172.743 | -1.652.717 | -4.327.862 | -9.964.581 | -31.437.039,"-0,80% | -1,56% | -2,19% | -5,53% | -11,87% | -29,83%",,31ddías,73.963.177,74.560.979 | 75.135.920 | 75.615.894 | 78.291.039 | 83.927.758 | 105.400.216,Mediocampista
Tchouaméni,Real Madrid,-815.503 | -1.728.672 | -2.584.202 | -6.236.687 | -12.498.814 | -8.996.229,"-1,69% | -3,52% | -5,17% | -11,62% | -20,86% | -15,95%",,16ddías,47.417.982,48.233.485 | 49.146.654 | 50.002.184 | 53.654.669 | 59.916.796 | 56.414.211,Mediocampista
Soria,Getafe,0 | 0 | 0 | 0 | 0 | +15.118.047,"0,00% | 0,00% | 0,00% | 0,00% | 0,00% | +361,82%",,28ddías,19.296.354,19.296.354 | 19.296.354 | 19.296.354 | 19.296.354 | 19.296.354 | 4.178.307,Portero
Aleñá,Alavés,-63.286 | -120.935 | -187.201 | -444.282 | -1.017.250 | -2.840.057,"-1,49% | -2,81% | -4,28% | -9,59% | -19,55% | -40,42%",,31ddías,4.186.622,4.249.908 | 4.307.557 | 4.373.823 | 4.630.904 | 5.203.872 | 7.026.679,Mediocampista
Le Normand,Atlético,-96.730 | -160.912 | -283.330 | -755.645 | -1.820.997 | -3.346.924,"-0,91% | -1,50% | -2,62% | -6,69% | -14,73% | -24,10%",,26ddías,10.542.418,10.639.148 | 10.703.330 | 10.825.748 | 11.298.063 | 12.363.415 | 13.889.342,Defensa
Sancet,Athletic,+847.421 | +1.764.046 | +2.826.902 | +6.583.084 | +14.248.956 | +24.470.341,"+1,69% | +3,58% | +5,87% | +14,82% | +38,78% | +92,25%",,29ddías,50.995.130,50.147.709 | 49.231.084 | 48.168.228 | 44.412.046 | 36.746.174 | 26.524.789,Mediocampista
Molina,Atlético,-71.658 | -129.071 | -184.456 | -416.641 | -857.788 | -1.222.744,"-1,57% | -2,79% | -3,94% | -8,48% | -16,01% | -21,37%",,26ddías,4.498.979,4.570.637 | 4.628.050 | 4.683.435 | 4.915.620 | 5.356.767 | 5.721.723,Defensa
M. Llorente,Atlético,-989.482 | -2.049.061 | -3.145.459 | -7.372.830 | -9.317.345 | +7.276.642,"-1,69% | -3,44% | -5,19% | -11,37% | -13,95% | +14,50%",,11ddías,57.467.220,58.456.702 | 59.516.281 | 60.612.679 | 64.840.050 | 66.784.565 | 50.190.578,Defensa
Oblak,Atlético,+458.324 | +948.589 | +1.675.385 | +3.799.121 | +7.707.337 | +19.912.148,"+0,84% | +1,75% | +3,14% | +7,41% | +16,28% | +56,68%",,30ddías,55.045.552,54.587.228 | 54.096.963 | 53.370.167 | 51.246.431 | 47.338.215 | 35.133.404,Portero
Koke,Atlético,0 | 0 | 0 | 0 | 0 | +7.822.116,"0,00% | 0,00% | 0,00% | 0,00% | 0,00% | +78,65%",,28ddías,17.767.671,17.767.671 | 17.767.671 | 17.767.671 | 17.767.671 | 17.767.671 | 9.945.555,Mediocampista
Giménez,Atlético,-125.871 | -268.841 | -410.095 | -1.011.640 | -2.136.427 | -3.058.529,"-2,17% | -4,52% | -6,74% | -15,13% | -27,35% | -35,02%",,26ddías,5.674.629,5.800.500 | 5.943.470 | 6.084.724 | 6.686.269 | 7.811.056 | 8.733.158,Defensa
Egiluz,Athletic,-4.263 | -8.838 | -13.653 | -32.292 | -67.639 | -227.682,"-0,94% | -1,92% | -2,94% | -6,69% | -13,05% | -33,57%",,31ddías,450.617,454.880 | 459.455 | 464.270 | 482.909 | 518.256 | 678.299,Defensa
Prados,Athletic,-37.704 | -69.070 | -110.658 | -287.306 | -646.138 | -1.844.155,"-2,14% | -3,85% | -6,03% | -14,27% | -27,24% | -51,66%",,31ddías,1.725.467,1.763.171 | 1.794.537 | 1.836.125 | 2.012.773 | 2.371.605 | 3.569.622,Mediocampista
Villalibre,Racing,0 | 0 | 0 | 0 | 0 | +8.256,"0,00% | 0,00% | 0,00% | 0,00% | 0,00% | 0%",,27ddías,7.527.946,7.527.946 | 7.527.946 | 7.527.946 | 7.527.946 | 7.527.946 | 0,Delantero
Yuri,Athletic,-199.464 | -405.979 | -623.768 | -1.530.276 | -3.167.709 | +3.266.392,"-1,44% | -2,90% | -4,38% | -10,11% | -18,88% | +31,59%",,16ddías,13.606.127,13.805.591 | 14.012.106 | 14.229.895 | 15.136.403 | 16.773.836 | 10.339.735,Defensa
R. de Galarreta,Athletic,+141.624 | +274.134 | +371.418 | +357.739 | -237.242 | +2.549.943,"+1,33% | +2,61% | +3,57% | +3,43% | -2,15% | +30,98%",,6ddías,10.781.195,10.639.571 | 10.507.061 | 10.409.777 | 10.423.456 | 11.018.437 | 8.231.252,Mediocampista
Agirrezabala,Athletic,0 | 0 | 0 | 0 | 0 | +1.213.405,"0,00% | 0,00% | 0,00% | 0,00% | 0,00% | +71,47%",,28ddías,2.911.085,2.911.085 | 2.911.085 | 2.911.085 | 2.911.085 | 2.911.085 | 1.697.680,Portero
Guruzeta,Athletic,+153.080 | +301.085 | +522.414 | +512.474 | +200.759 | -864.455,"+1,26% | +2,51% | +4,44% | +4,35% | +1,66% | -6,57%",,5ddías,12.285.475,12.132.395 | 11.984.390 | 11.763.061 | 11.773.001 | 12.084.716 | 13.149.930,Delantero
N. Williams,Athletic,-257.761 | -107.222 | +469.179 | +3.661.887 | +12.923.138 | +34.018.345,"-0,34% | -0,14% | +0,62% | +5,08% | +20,56% | +81,47%",,1ddías,75.772.060,76.029.821 | 75.879.282 | 75.302.881 | 72.110.173 | 62.848.922 | 41.753.715,Delantero
I. Williams,Athletic,+106.108 | +294.272 | +566.374 | +1.943.220 | +5.555.693 | +8.366.525,"+0,35% | +0,98% | +1,91% | +6,86% | +22,50% | +38,23%",,29ddías,30.249.616,30.143.508 | 29.955.344 | 29.683.242 | 28.306.396 | 24.693.923 | 21.883.091,Delantero
Berenguer,Athletic,-129.862 | -236.246 | -345.164 | -853.883 | -1.644.617 | +521.906,"-1,30% | -2,34% | -3,38% | -7,97% | -14,30% | +5,59%",,22ddías,9.857.351,9.987.213 | 10.093.597 | 10.202.515 | 10.711.234 | 11.501.968 | 9.335.445,Delantero
Barrios,Atlético,-1.300.098 | -2.597.864 | -3.922.535 | -5.493.772 | +303.963 | +8.437.269,"-2,61% | -5,08% | -7,47% | -10,16% | +0,63% | +21,01%",,5ddías,48.589.731,49.889.829 | 51.187.595 | 52.512.266 | 54.083.503 | 48.285.768 | 40.152.462,Mediocampista
Kike García,Espanyol,-152.404 | -275.193 | -389.903 | -879.535 | -1.860.549 | -4.172.093,"-3,04% | -5,36% | -7,42% | -15,32% | -27,68% | -46,18%",,29ddías,4.862.210,5.014.614 | 5.137.403 | 5.252.113 | 5.741.745 | 6.722.759 | 9.034.303,Delantero
Gorosabel,Athletic,-89.780 | -181.806 | -275.173 | -669.161 | -1.392.875 | -3.504.379,"-2,98% | -5,86% | -8,61% | -18,64% | -32,30% | -54,55%",,31ddías,2.920.013,3.009.793 | 3.101.819 | 3.195.186 | 3.589.174 | 4.312.888 | 6.424.392,Defensa
Abqar,Getafe,+155.570 | +328.998 | +487.218 | +865.967 | +785.627 | -284.690,"+2,79% | +6,08% | +9,28% | +17,77% | +15,86% | -4,73%",,10ddías,5.738.177,5.582.607 | 5.409.179 | 5.250.959 | 4.872.210 | 4.952.550 | 6.022.867,Defensa
Guevara,Alavés,-33.488 | -68.179 | -103.326 | -253.768 | -571.234 | -1.657.929,"-2,41% | -4,80% | -7,09% | -15,79% | -29,68% | -55,05%",,31ddías,1.353.503,1.386.991 | 1.421.682 | 1.456.829 | 1.607.271 | 1.924.737 | 3.011.432,Mediocampista
Blanco,Alavés,-125.403 | -313.731 | -503.157 | -1.254.255 | -2.971.129 | +13.882.983,"-0,79% | -1,96% | -3,10% | -7,39% | -15,90% | +757,34%",,23ddías,15.716.102,15.841.505 | 16.029.833 | 16.219.259 | 16.970.357 | 18.687.231 | 1.833.119,Mediocampista
Rioja,Valencia,-548.442 | -966.196 | -1.192.196 | -2.080.272 | -3.996.763 | -8.271.961,"-3,16% | -5,43% | -6,62% | -11,00% | -19,20% | -32,96%",,31ddías,16.823.327,17.371.769 | 17.789.523 | 18.015.523 | 18.903.599 | 20.820.090 | 25.095.288,Mediocampista
Tenaglia,Alavés,-25.292 | -94.240 | -117.399 | -521.985 | -1.468.750 | -3.429.101,"-0,17% | -0,64% | -0,80% | -3,44% | -9,12% | -18,98%",,31ddías,14.639.506,14.664.798 | 14.733.746 | 14.756.905 | 15.161.491 | 16.108.256 | 18.068.607,Defensa
Guridi,Sevilla,0 | 0 | 0 | 0 | 0 | +3.343.139,"0,00% | 0,00% | 0,00% | 0,00% | 0,00% | +199,45%",,28ddías,5.019.315,5.019.315 | 5.019.315 | 5.019.315 | 5.019.315 | 5.019.315 | 1.676.176,Mediocampista
Yeray,Athletic,+39.569 | +54.660 | +65.294 | -37.897 | -552.310 | +2.198.770,"+0,99% | +1,37% | +1,65% | -0,93% | -12,04% | +119,86%",,3ddías,4.033.272,3.993.703 | 3.978.612 | 3.967.978 | 4.071.169 | 4.585.582 | 1.834.502,Defensa
Rebbach,Alavés,-86.844 | -177.258 | -271.085 | -638.150 | -1.482.426 | -3.540.993,"-1,90% | -3,80% | -5,69% | -12,45% | -24,82% | -44,09%",,29ddías,4.489.498,4.576.342 | 4.666.756 | 4.760.583 | 5.127.648 | 5.971.924 | 8.030.491,Delantero
Carlos BenavidezProtesoni,Alavés,0 | 0 | 0 | 0 | 0 | +1.357.684,"0,00% | 0,00% | 0,00% | 0,00% | 0,00% | +82,09%",,28ddías,3.011.588,3.011.588 | 3.011.588 | 3.011.588 | 3.011.588 | 3.011.588 | 1.653.904,Mediocampista
Pubill,Atlético,-1.213.640 | -1.716.567 | -1.565.852 | +1.657.438 | +12.279.502 | +31.854.501,"-1,66% | -2,33% | -2,13% | +2,36% | +20,56% | +79,33%",,2ddías,72.006.963,73.220.603 | 73.723.530 | 73.572.815 | 70.349.525 | 59.727.461 | 40.152.462,Defensa
Unai Simón,Athletic,+842.799 | +2.032.541 | +3.223.969 | +9.280.940 | +21.289.078 | +38.943.100,"+1,45% | +3,57% | +5,78% | +18,66% | +56,42% | +193,98%",,29ddías,59.019.330,58.176.531 | 56.986.789 | 55.795.361 | 49.738.390 | 37.730.252 | 20.076.230,Portero
Vivian,Athletic,-405.086 | -840.111 | -1.257.020 | -2.998.128 | -6.409.123 | -5.977.259,"-2,79% | -5,62% | -8,19% | -17,54% | -31,25% | -29,77%",,20ddías,14.098.971,14.504.057 | 14.939.082 | 15.355.991 | 17.097.099 | 20.508.094 | 20.076.230,Defensa
Paredes,Athletic,+34.781 | +56.569 | +64.438 | -14.894 | -550.734 | -1.958.334,"+0,82% | +1,34% | +1,53% | -0,35% | -11,44% | -31,47%",,3ddías,4.265.295,4.230.514 | 4.208.726 | 4.200.857 | 4.280.189 | 4.816.029 | 6.223.629,Defensa
Galán,Celta,0 | 0 | 0 | 0 | 0 | -581.343,"0,00% | 0,00% | 0,00% | 0,00% | 0,00% | -3,86%",,21ddías,14.475.829,14.475.829 | 14.475.829 | 14.475.829 | 14.475.829 | 14.475.829 | 15.057.172,Defensa
Riquelme,Betis,-32.379 | -70.884 | -103.425 | -255.205 | -658.434 | -2.155.249,"-0,95% | -2,06% | -2,98% | -7,05% | -16,36% | -39,04%",,31ddías,3.365.712,3.398.091 | 3.436.596 | 3.469.137 | 3.620.917 | 4.024.146 | 5.520.961,Mediocampista
Djené,Getafe,0 | 0 | 0 | 0 | 0 | +6.285.480,"0,00% | 0,00% | 0,00% | 0,00% | 0,00% | +292,75%",,28ddías,8.432.492,8.432.492 | 8.432.492 | 8.432.492 | 8.432.492 | 8.432.492 | 2.147.012,Defensa
Bartra,Betis,+272.698 | +504.559 | +812.960 | +1.989.193 | +4.082.706 | +6.000.233,"+1,06% | +1,97% | +3,22% | +8,26% | +18,56% | +29,89%",,25ddías,26.076.463,25.803.765 | 25.571.904 | 25.263.503 | 24.087.270 | 21.993.757 | 20.076.230,Defensa
Sotelo,Levante,0 | 0 | 0 | +14.035 | -117.092 | -725.200,"0,00% | 0,00% | 0,00% | +1,03% | -7,81% | -34,40%",,6ddías,1.382.803,1.382.803 | 1.382.803 | 1.382.803 | 1.368.768 | 1.499.895 | 2.108.003,Mediocampista
Domínguez,Celta,-16.390 | -33.599 | -51.574 | -125.174 | -287.522 | -864.404,"-2,16% | -4,33% | -6,50% | -14,44% | -27,94% | -53,82%",,31ddías,741.692,758.082 | 775.291 | 793.266 | 866.866 | 1.029.214 | 1.606.096,Defensa
Swedberg,Celta,-93.315 | -212.692 | -336.571 | -707.204 | -1.801.214 | -3.881.907,"-1,07% | -2,40% | -3,74% | -7,55% | -17,21% | -30,94%",,28ddías,8.665.735,8.759.050 | 8.878.427 | 9.002.306 | 9.372.939 | 10.466.949 | 12.547.642,Mediocampista
Iván Villar,Celta,-25.358 | -52.269 | -77.872 | -186.529 | -434.114 | -1.340.441,"-2,12% | -4,28% | -6,24% | -13,76% | -27,08% | -53,41%",,31ddías,1.169.085,1.194.443 | 1.221.354 | 1.246.957 | 1.355.614 | 1.603.199 | 2.509.526,Portero
Aspas,Celta,-119.687 | -235.136 | -382.977 | -936.351 | -1.913.768 | -2.575.423,"-1,44% | -2,80% | -4,48% | -10,29% | -18,99% | -23,98%",,25ddías,8.165.359,8.285.046 | 8.400.495 | 8.548.336 | 9.101.710 | 10.079.127 | 10.740.782,Delantero
Carles Pérez,Celta,-47.044 | -94.925 | -145.454 | -353.469 | -67.601 | -67.601,"-2,93% | -5,75% | -8,55% | -18,51% | 0% | 0%",,8ddías,1.556.465,1.603.509 | 1.651.390 | 1.701.919 | 1.909.934 | 0 | 0,Delantero
Dotor,Málaga,0 | 0 | 0 | 0 | 0 | +4.403,"0,00% | 0,00% | 0,00% | 0,00% | 0,00% | 0%",,15ddías,4.014.904,4.014.904 | 4.014.904 | 4.014.904 | 4.014.904 | 4.014.904 | 0,Mediocampista
U. Núñez,Celta,-91.354 | -185.084 | -277.772 | -677.841 | -1.206.724 | +2.144.291,"-2,34% | -4,63% | -6,79% | -15,10% | -24,04% | +128,55%",,11ddías,3.812.390,3.903.744 | 3.997.474 | 4.090.162 | 4.490.231 | 5.019.114 | 1.668.099,Defensa
Starfelt,Celta,+291.894 | +628.114 | +924.607 | +1.734.678 | +1.551.428 | +1.924.784,"+2,50% | +5,54% | +8,38% | +16,96% | +14,90% | +19,17%",,8ddías,11.962.897,11.671.003 | 11.334.783 | 11.038.290 | 10.228.219 | 10.411.469 | 10.038.113,Defensa
Chust,Elche,0 | 0 | 0 | 0 | 0 | +3.344.848,"0,00% | 0,00% | 0,00% | 0,00% | 0,00% | +199,75%",,28ddías,5.019.376,5.019.376 | 5.019.376 | 5.019.376 | 5.019.376 | 5.019.376 | 1.674.528,Defensa
Navarro,Athletic,-15.656 | -28.425 | -39.316 | -142.108 | -366.178 | -1.201.167,"-0,74% | -1,33% | -1,83% | -6,31% | -14,78% | -36,26%",,31ddías,2.111.409,2.127.065 | 2.139.834 | 2.150.725 | 2.253.517 | 2.477.587 | 3.312.576,Mediocampista
Ruibal,Betis,-98.457 | -199.515 | -304.310 | -746.573 | -1.670.558 | -3.937.241,"-3,09% | -6,07% | -8,97% | -19,46% | -35,10% | -56,03%",,31ddías,3.089.438,3.187.895 | 3.288.953 | 3.393.748 | 3.836.011 | 4.759.996 | 7.026.679,Delantero
Isco,Betis,-909.048 | -2.082.903 | -3.149.287 | -9.775.472 | -24.330.862 | +49.364.654,"-1,49% | -3,34% | -4,97% | -13,96% | -28,76% | +453,20%",,15ddías,60.257.165,61.166.213 | 62.340.068 | 63.406.452 | 70.032.637 | 84.588.027 | 10.892.511,Mediocampista
Marc Roca,Betis,+65.842 | +152.102 | +180.566 | +196.646 | -7.741 | -1.363.311,"+1,39% | +3,27% | +3,90% | +4,26% | -0,16% | -22,08%",,5ddías,4.810.163,4.744.321 | 4.658.061 | 4.629.597 | 4.613.517 | 4.817.904 | 6.173.474,Mediocampista
Ayoze,Villarreal,-125.337 | -244.295 | -363.248 | -825.053 | -1.880.946 | -3.820.520,"-0,77% | -1,48% | -2,19% | -4,83% | -10,37% | -19,03%",,31ddías,16.255.710,16.381.047 | 16.500.005 | 16.618.958 | 17.080.763 | 18.136.656 | 20.076.230,Delantero
Balde,Barcelona,-560.577 | -1.106.523 | -1.427.583 | -3.082.509 | -732.520 | +5.975.361,"-2,17% | -4,20% | -5,35% | -10,88% | -2,82% | +31,00%",,9ddías,25.248.541,25.809.118 | 26.355.064 | 26.676.124 | 28.331.050 | 25.981.061 | 19.273.180,Defensa
F. de Jong,Barcelona,-1.191.853 | -2.421.614 | -3.554.219 | -8.750.912 | -8.750.912 | -5.762.537,"-3,21% | -6,32% | -9,00% | -19,59% | -19,59% | -13,82%",,7ddías,35.921.228,37.113.081 | 38.342.842 | 39.475.447 | 44.672.140 | 44.672.140 | 41.683.765,Mediocampista
Araújo,Barcelona,-130.702 | -262.235 | -400.117 | -1.003.025 | -2.245.114 | -4.873.375,"-2,47% | -4,83% | -7,19% | -16,26% | -30,30% | -48,55%",,29ddías,5.164.738,5.295.440 | 5.426.973 | 5.564.855 | 6.167.763 | 7.409.852 | 10.038.113,Defensa
Gavi,Barcelona,+110.007 | +360.098 | +806.765 | +2.774.974 | +7.708.756 | +13.817.742,"+0,28% | +0,93% | +2,12% | +7,68% | +24,70% | +55,06%",,27ddías,38.913.030,38.803.023 | 38.552.932 | 38.106.265 | 36.138.056 | 31.204.274 | 25.095.288,Mediocampista
Ferran,Barcelona,+296.548 | +1.114.336 | +2.526.680 | +9.171.003 | +19.693.754 | +12.738.899,"+0,41% | +1,55% | +3,59% | +14,38% | +36,97% | +21,15%",,15ddías,72.967.594,72.671.046 | 71.853.258 | 70.440.914 | 63.796.591 | 53.273.840 | 60.228.695,Delantero
Pedri,Barcelona,-1.050.783 | -1.971.931 | -2.908.363 | -7.008.467 | -16.831.734 | -85.369.326,"-1,12% | -2,07% | -3,03% | -7,00% | -15,30% | -47,82%",,14ddías,93.168.266,94.219.049 | 95.140.197 | 96.076.629 | 100.176.733 | 110.000.000 | 178.537.592,Mediocampista
Raphinha,Barcelona,-381.755 | -894.708 | -1.387.597 | -4.404.456 | -15.462.718 | -31.084.141,"-0,54% | -1,26% | -1,94% | -5,91% | -18,07% | -30,72%",,23ddías,70.100.067,70.481.822 | 70.994.775 | 71.487.664 | 74.504.523 | 85.562.785 | 101.184.208,Delantero
A. Christensen,Barcelona,0 | 0 | 0 | 0 | 0 | +3.360.947,"0,00% | 0,00% | 0,00% | 0,00% | 0,00% | +202,66%",,28ddías,5.019.340,5.019.340 | 5.019.340 | 5.019.340 | 5.019.340 | 5.019.340 | 1.658.393,Defensa
Koundé,Barcelona,-904.909 | -1.830.091 | -2.706.060 | -5.124.422 | -1.737.409 | +12.771.368,"-1,85% | -3,68% | -5,35% | -9,66% | -3,50% | +36,35%",,7ddías,47.904.772,48.809.681 | 49.734.863 | 50.610.832 | 53.029.194 | 49.642.181 | 35.133.404,Defensa
Iglesias,Celta,-540.715 | -1.088.134 | -1.509.020 | -1.499.385 | +2.703.129 | +12.382.190,"-1,73% | -3,41% | -4,67% | -4,65% | +9,63% | +67,31%",,4ddías,30.778.739,31.319.454 | 31.866.873 | 32.287.759 | 32.278.124 | 28.075.610 | 18.396.549,Delantero
Yamal,Barcelona,-301.339 | -590.942 | -776.856 | -4.423.065 | +57.977.957 | +57.977.957,"-0,23% | -0,46% | -0,60% | -3,33% | 0% | +82,48%",,13ddías,128.274.140,128.575.479 | 128.865.082 | 129.050.996 | 132.697.205 | 0 | 70.296.183,Delantero
Casadó,Barcelona,-22.013 | -46.020 | -73.350 | -155.390 | -326.826 | -1.021.659,"-1,11% | -2,28% | -3,59% | -7,32% | -14,24% | -34,17%",,31ddías,1.968.616,1.990.629 | 2.014.636 | 2.041.966 | 2.124.006 | 2.295.442 | 2.990.275,Mediocampista
Cubarsí,Barcelona,-1.485.301 | -3.255.295 | -5.027.383 | -10.088.357 | -1.371.109 | +29.005.963,"-1,64% | -3,52% | -5,33% | -10,16% | -1,51% | +48,16%",,7ddías,89.234.658,90.719.959 | 92.489.953 | 94.262.041 | 99.323.015 | 90.605.767 | 60.228.695,Defensa
Fermín,Barcelona,-732.259 | -1.373.600 | -1.989.435 | -4.642.739 | -14.426.664 | -34.211.483,"-1,18% | -2,20% | -3,15% | -7,06% | -19,09% | -35,88%",,31ddías,61.150.617,61.882.876 | 62.524.217 | 63.140.052 | 65.793.356 | 75.577.281 | 95.362.100,Mediocampista
Bellerín,Betis,+222.709 | +484.640 | +751.365 | +1.559.151 | +1.374.590 | +1.647.913,"+1,94% | +4,33% | +6,87% | +15,40% | +13,33% | +16,42%",,8ddías,11.686.026,11.463.317 | 11.201.386 | 10.934.661 | 10.126.875 | 10.311.436 | 10.038.113,Defensa
Abde,Betis,-1.509.939 | -3.113.793 | -4.719.384 | -11.888.200 | -27.923.540 | -75.217.630,"-2,60% | -5,21% | -7,69% | -17,34% | -33,01% | -57,03%",,15ddías,56.664.487,58.174.426 | 59.778.280 | 61.383.871 | 68.552.687 | 84.588.027 | 131.882.117,Delantero
Turrientes,Real Sociedad,-86.619 | -191.148 | -282.076 | -705.485 | -1.583.301 | -2.927.291,"-1,20% | -2,62% | -3,82% | -9,03% | -18,21% | -29,16%",,28ddías,7.110.822,7.197.441 | 7.301.970 | 7.392.898 | 7.816.307 | 8.694.123 | 10.038.113,Mediocampista
Camello,Rayo,-23.429 | -48.170 | -63.851 | -206.729 | -611.518 | -1.929.441,"-0,73% | -1,49% | -1,96% | -6,09% | -16,09% | -37,69%",,31ddías,3.189.996,3.213.425 | 3.238.166 | 3.253.847 | 3.396.725 | 3.801.514 | 5.119.437,Delantero
Marrero,Real Sociedad,-30.136 | -65.591 | -95.409 | -230.899 | -542.688 | -1.625.524,"-2,13% | -4,52% | -6,44% | -14,28% | -28,14% | -53,98%",,31ddías,1.385.908,1.416.044 | 1.451.499 | 1.481.317 | 1.616.807 | 1.928.596 | 3.011.432,Portero
Alvarez,Atlético,-584.689 | -1.373.615 | -2.170.089 | -4.767.569 | -6.474.618 | +22.383.797,"-0,82% | -1,91% | -2,99% | -6,34% | -8,41% | +46,55%",,12ddías,70.472.191,71.056.880 | 71.845.806 | 72.642.280 | 75.239.760 | 76.946.809 | 48.088.394,Delantero
Durán,Celta,-39.162 | -79.226 | -121.191 | -288.935 | -642.467 | -1.666.917,"-2,83% | -5,56% | -8,27% | -17,69% | -32,33% | -55,35%",,31ddías,1.344.515,1.383.677 | 1.423.741 | 1.465.706 | 1.633.450 | 1.986.982 | 3.011.432,Delantero
Natan,Betis,+616.880 | +1.181.052 | +2.054.643 | +4.953.585 | +9.670.776 | +17.571.708,"+1,47% | +2,85% | +5,06% | +13,13% | +29,31% | +70,02%",,29ddías,42.666.996,42.050.116 | 41.485.944 | 40.612.353 | 37.713.411 | 32.996.220 | 25.095.288,Defensa
Bernal,Barcelona,+298.720 | +570.989 | +825.598 | +848.238 | +848.238 | -129.823,"+7,17% | +14,67% | +22,70% | +23,47% | +23,47% | -2,83%",,5ddías,4.462.162,4.163.442 | 3.891.173 | 3.636.564 | 3.613.924 | 3.613.924 | 4.591.985,Mediocampista
Martín,Barcelona,+179.019 | +167.164 | -809.117 | -1.851.472 | -1.851.472 | -22.448.035,"+0,63% | +0,59% | -2,75% | -6,07% | -6,07% | -43,92%",,1ddías,28.666.124,28.487.105 | 28.498.960 | 29.475.241 | 30.517.596 | 30.517.596 | 51.114.159,Defensa
Fraga,Real Sociedad,0 | 0 | 0 | 0 | 0 | -1.073.967,"0,00% | 0,00% | 0,00% | 0,00% | 0,00% | -64,07%",,28ddías,602.234,602.234 | 602.234 | 602.234 | 602.234 | 602.234 | 1.676.201,Portero
Musso,Atlético,-116.646 | -248.442 | -374.201 | -852.838 | -1.869.566 | -4.596.302,"-2,10% | -4,37% | -6,43% | -13,55% | -25,57% | -45,79%",,31ddías,5.441.811,5.558.457 | 5.690.253 | 5.816.012 | 6.294.649 | 7.311.377 | 10.038.113,Portero
Olmo,Barcelona,-1.311.843 | -2.612.482 | -3.815.120 | -9.079.311 | -19.154.126 | -33.653.343,"-1,82% | -3,56% | -5,11% | -11,36% | -21,29% | -32,21%",,15ddías,70.826.387,72.138.230 | 73.438.869 | 74.641.507 | 79.905.698 | 89.980.513 | 104.479.730,Mediocampista
Mario Martín,Getafe,0 | 0 | 0 | 0 | 0 | +2.347.111,"0,00% | 0,00% | 0,00% | 0,00% | 0,00% | +140,68%",,28ddías,4.015.472,4.015.472 | 4.015.472 | 4.015.472 | 4.015.472 | 4.015.472 | 1.668.361,Mediocampista
Benito,Osasuna,-11.992 | -24.619 | -37.823 | -93.658 | -210.673 | -668.798,"-1,85% | -3,73% | -5,61% | -12,83% | -24,88% | -51,25%",,31ddías,636.155,648.147 | 660.774 | 673.978 | 729.813 | 846.828 | 1.304.953,Delantero
Leo Román,Deportivo,+911.657 | +1.968.068 | +2.876.217 | +5.672.277 | +27.675.748 | +27.675.748,"+3,18% | +7,14% | +10,79% | +23,76% | 0% | 0%",,7ddías,29.544.170,28.632.513 | 27.576.102 | 26.667.953 | 23.871.893 | 0 | 0,Portero
Ferrer,Getafe,0 | 0 | 0 | 0 | 0 | -987.428,"0,00% | 0,00% | 0,00% | 0,00% | 0,00% | -58,42%",,28ddías,702.705,702.705 | 702.705 | 702.705 | 702.705 | 702.705 | 1.690.133,Portero
Boiro,Athletic,-8.815 | -18.134 | -27.890 | -68.439 | -151.890 | -443.904,"-1,55% | -3,14% | -4,74% | -10,89% | -21,34% | -44,22%",,15ddías,559.906,568.721 | 578.040 | 587.796 | 628.345 | 711.796 | 1.003.810,Defensa
Jauregizar,Athletic,+383.384 | +788.723 | +1.125.841 | +2.640.113 | +5.668.811 | +10.838.763,"+1,50% | +3,14% | +4,55% | +11,35% | +28,03% | +71,98%",,30ddías,25.895.935,25.512.551 | 25.107.212 | 24.770.094 | 23.255.822 | 20.227.124 | 15.057.172,Mediocampista
Padilla,Athletic,0 | 0 | 0 | 0 | 0 | -163.092,"0,00% | 0,00% | 0,00% | 0,00% | 0,00% | -9,77%",,28ddías,1.505.588,1.505.588 | 1.505.588 | 1.505.588 | 1.505.588 | 1.505.588 | 1.668.680,Portero
Letácek,Getafe,-19.269 | -38.307 | -57.599 | -143.971 | -339.452 | -1.050.377,"-2,20% | -4,28% | -6,30% | -14,39% | -28,37% | -55,07%",,31ddías,856.863,876.132 | 895.170 | 914.462 | 1.000.834 | 1.196.315 | 1.907.240,Portero
Hugo Álvarez,Celta,-68.706 | -132.502 | -208.159 | -533.749 | -1.181.425 | -3.117.253,"-1,98% | -3,74% | -5,76% | -13,54% | -25,75% | -47,78%",,31ddías,3.407.521,3.476.227 | 3.540.023 | 3.615.680 | 3.941.270 | 4.588.946 | 6.524.774,Mediocampista
Danjuma,Valencia,+71.602 | +102.322 | +112.141 | +17.661 | -394.251 | -1.555.666,"+1,63% | +2,34% | +2,57% | +0,40% | -8,11% | -25,83%",,3ddías,4.467.201,4.395.599 | 4.364.879 | 4.355.060 | 4.449.540 | 4.861.452 | 6.022.867,Delantero
Carreira,Celta,-30.198 | -37.563 | -65.414 | -255.371 | -1.032.527 | -1.129.459,"-0,44% | -0,54% | -0,94% | -3,57% | -13,01% | -14,06%",,25ddías,6.901.032,6.931.230 | 6.938.595 | 6.966.446 | 7.156.403 | 7.933.559 | 8.030.491,Defensa
Sergio Gómez,Real Sociedad,-105.818 | -257.946 | -420.065 | -995.493 | -2.707.141 | -6.482.354,"-0,57% | -1,37% | -2,21% | -5,08% | -12,70% | -25,83%",,31ddías,18.612.934,18.718.752 | 18.870.880 | 19.032.999 | 19.608.427 | 21.320.075 | 25.095.288,Defensa
Peque,Sevilla,-42.010 | -88.080 | -132.681 | -363.015 | -834.877 | -2.416.365,"-1,96% | -4,02% | -5,94% | -14,73% | -28,44% | -53,49%",,31ddías,2.100.785,2.142.795 | 2.188.865 | 2.233.466 | 2.463.800 | 2.935.662 | 4.517.150,Delantero
Ejuke,Sevilla,-42.388 | -87.462 | -130.953 | -328.729 | -719.957 | -1.981.596,"-1,38% | -2,80% | -4,13% | -9,77% | -19,16% | -39,48%",,31ddías,3.037.459,3.079.847 | 3.124.921 | 3.168.412 | 3.366.188 | 3.757.416 | 5.019.055,Delantero
Kambwala,Villarreal,-31.905 | -64.449 | -99.373 | -249.898 | -563.115 | -1.630.426,"-2,26% | -4,46% | -6,71% | -15,32% | -28,97% | -54,14%",,31ddías,1.381.006,1.412.911 | 1.445.455 | 1.480.379 | 1.630.904 | 1.944.121 | 3.011.432,Defensa
Andrés Martín,Racing,-301.891 | -609.214 | -948.700 | -2.242.645 | -4.212.112 | +19.274.455,"-1,42% | -2,82% | -4,32% | -9,64% | -16,69% | 0%",,22ddías,21.025.763,21.327.654 | 21.634.977 | 21.974.463 | 23.268.408 | 25.237.875 | 0,Delantero
Pépé,Villarreal,-716.458 | -1.457.966 | -2.251.912 | -6.000.507 | -14.628.138 | -40.352.359,"-1,37% | -2,75% | -4,18% | -10,42% | -22,08% | -43,88%",,16ddías,51.612.578,52.329.036 | 53.070.544 | 53.864.490 | 57.613.085 | 66.240.716 | 91.964.937,Delantero
Álvaro,Deportivo,-80.641 | -176.715 | -270.176 | -602.133 | -1.410.919 | -4.066.299,"-1,45% | -3,13% | -4,71% | -9,92% | -20,51% | -42,64%",,31ddías,5.469.908,5.550.549 | 5.646.623 | 5.740.084 | 6.072.041 | 6.880.827 | 9.536.207,Portero
Pape Gueye,Villarreal,+856.552 | +1.752.152 | +2.662.909 | +3.629.610 | +1.046.927 | -7.167.322,"+2,03% | +4,25% | +6,60% | +9,21% | +2,49% | -14,28%",,6ddías,43.023.256,42.166.704 | 41.271.104 | 40.360.347 | 39.393.646 | 41.976.329 | 50.190.578,Mediocampista
Losada,Betis,0 | 0 | 0 | 0 | 0 | +851.636,"0,00% | 0,00% | 0,00% | 0,00% | 0,00% | +51,37%",,28ddías,2.509.378,2.509.378 | 2.509.378 | 2.509.378 | 2.509.378 | 2.509.378 | 1.657.742,Delantero
D. Llorente,Betis,+282.027 | +529.553 | +786.650 | +1.790.156 | +2.970.090 | +3.794.058,"+2,49% | +4,77% | +7,26% | +18,20% | +34,32% | +48,46%",,15ddías,11.623.785,11.341.758 | 11.094.232 | 10.837.135 | 9.833.629 | 8.653.695 | 7.829.727,Defensa
Bretones,Osasuna,+112.553 | +232.807 | +333.510 | +639.484 | +810.227 | +366.664,"+4,39% | +9,53% | +14,24% | +31,41% | +43,44% | +15,88%",,13ddías,2.675.429,2.562.876 | 2.442.622 | 2.341.919 | 2.035.945 | 1.865.202 | 2.308.765,Defensa
Pedro Díaz,Rayo,-26.552 | -52.119 | -83.016 | -231.435 | -543.516 | -1.828.274,"-1,29% | -2,50% | -3,93% | -10,23% | -21,12% | -47,39%",,32ddías,2.029.875,2.056.427 | 2.081.994 | 2.112.891 | 2.261.310 | 2.573.391 | 3.858.149,Mediocampista
L. Sucic,Real Sociedad,-42.287 | -79.961 | -116.435 | -319.767 | -788.717 | -1.886.281,"-1,09% | -2,04% | -2,95% | -7,70% | -17,06% | -32,97%",,28ddías,3.835.442,3.877.729 | 3.915.403 | 3.951.877 | 4.155.209 | 4.624.159 | 5.721.723,Mediocampista
Javi Rodríguez,Celta,0 | 0 | 0 | 0 | 0 | +8.332.739,"0,00% | 0,00% | 0,00% | 0,00% | 0,00% | +488,75%",,28ddías,10.037.652,10.037.652 | 10.037.652 | 10.037.652 | 10.037.652 | 10.037.652 | 1.704.913,Defensa
Jon Martín,Real Sociedad,0 | 0 | 0 | 0 | 0 | +28.412.163,"0,00% | 0,00% | 0,00% | 0,00% | 0,00% | +1.671,67%",,28ddías,30.111.790,30.111.790 | 30.111.790 | 30.111.790 | 30.111.790 | 30.111.790 | 1.699.627,Defensa
Carlos Martín,Atlético,0 | 0 | 0 | 0 | 0 | +561.949,"0,00% | 0,00% | 0,00% | 0,00% | 0,00% | +33,92%",,28ddías,2.218.490,2.218.490 | 2.218.490 | 2.218.490 | 2.218.490 | 2.218.490 | 1.656.541,Mediocampista
Asencio,Real Madrid,-190.709 | -388.934 | -591.885 | -1.431.064 | -2.658.575 | -6.112.491,"-3,06% | -6,06% | -8,93% | -19,17% | -30,59% | -50,32%",,31ddías,6.033.627,6.224.336 | 6.422.561 | 6.625.512 | 7.464.691 | 8.692.202 | 12.146.118,Defensa
Buchanan,Villarreal,+63.170 | +80.711 | +159.513 | +465.989 | +2.013.157 | +4.840.115,"+0,32% | +0,41% | +0,81% | +2,40% | +11,26% | +32,14%",,27ddías,19.897.287,19.834.117 | 19.816.576 | 19.737.774 | 19.431.298 | 17.884.130 | 15.057.172,Mediocampista
Valera,Elche,-142.072 | -281.535 | -427.382 | -1.453.240 | -3.269.961 | -38.898.462,"-0,58% | -1,15% | -1,73% | -5,66% | -11,89% | -61,62%",,22ddías,24.230.915,24.372.987 | 24.512.450 | 24.658.297 | 25.684.155 | 27.500.876 | 63.129.377,Mediocampista
Jiménez,Real Madrid,0 | 0 | 0 | 0 | 0 | -1.051.652,"0,00% | 0,00% | 0,00% | 0,00% | 0,00% | -63,59%",,28ddías,602.248,602.248 | 602.248 | 602.248 | 602.248 | 602.248 | 1.653.900,Defensa
Mestre,Real Madrid,0 | 0 | 0 | 0 | 0 | -1.039.129,"0,00% | 0,00% | 0,00% | 0,00% | 0,00% | -60,52%",,28ddías,677.860,677.860 | 677.860 | 677.860 | 677.860 | 677.860 | 1.716.989,Portero
Lago,Celta,0 | 0 | 0 | 0 | 0 | -981.618,"0,00% | 0,00% | 0,00% | 0,00% | 0,00% | -58,28%",,28ddías,702.633,702.633 | 702.633 | 702.633 | 702.633 | 702.633 | 1.684.251,Defensa
El-Abdellaoui,Celta,0 | 0 | 0 | 0 | 0 | -350.267,"0,00% | 0,00% | 0,00% | 0,00% | 0,00% | -21,16%",,28ddías,1.304.893,1.304.893 | 1.304.893 | 1.304.893 | 1.304.893 | 1.304.893 | 1.655.160,Delantero
Antony,Betis,-886.783 | -1.687.812 | -2.429.345 | -7.579.214 | -16.525.913 | -11.722.599,"-1,38% | -2,59% | -3,68% | -10,65% | -20,63% | -15,57%",,18ddías,63.563.270,64.450.053 | 65.251.082 | 65.992.615 | 71.142.484 | 80.089.183 | 75.285.869,Delantero
Sannadi,Athletic,-4.705 | -9.743 | -15.040 | -35.815 | -75.852 | -241.393,"-1,01% | -2,07% | -3,16% | -7,20% | -14,12% | -34,35%",,31ddías,461.272,465.977 | 471.015 | 476.312 | 497.087 | 537.124 | 702.665,Delantero
Pablo Ramón,Racing,+7.793 | -13 | -8.194 | -41.756 | -61.357 | -61.357,"+1,46% | 0,00% | -1,49% | -7,17% | 0% | 0%",,1ddías,540.217,532.424 | 540.230 | 548.411 | 581.973 | 0 | 0,Defensa
Guille,Barcelona,0 | 0 | 0 | 0 | 0 | -953.007,"0,00% | 0,00% | 0,00% | 0,00% | 0,00% | -57,56%",,28ddías,702.705,702.705 | 702.705 | 702.705 | 702.705 | 702.705 | 1.655.712,Mediocampista
Toni Fernández,Barcelona,0 | 0 | 0 | 0 | 0 | -1.051.580,"0,00% | 0,00% | 0,00% | 0,00% | 0,00% | -63,58%",,28ddías,602.319,602.319 | 602.319 | 602.319 | 602.319 | 602.319 | 1.653.899,Delantero
Vargas,Sevilla,-106.914 | -338.495 | -1.315.596 | +23.253.449 | +23.253.449 | +23.253.449,"-0,38% | -1,19% | -4,46% | 0% | 0% | +471,58%",,3ddías,28.184.404,28.291.318 | 28.522.899 | 29.500.000 | 0 | 0 | 4.930.955,Mediocampista
Garcés,Alavés,-16.379 | -33.574 | -51.537 | -128.475 | -291.821 | -764.304,"-2,16% | -4,33% | -6,50% | -14,77% | -28,24% | -50,76%",,31ddías,741.411,757.790 | 774.985 | 792.948 | 869.886 | 1.033.232 | 1.505.715,Defensa
Roberto,Espanyol,+46.468 | +42.854 | +31.910 | -100.878 | -542.974 | -1.419.979,"+0,84% | +0,77% | +0,57% | -1,77% | -8,83% | -20,21%",,1ddías,5.606.700,5.560.232 | 5.563.846 | 5.574.790 | 5.707.578 | 6.149.674 | 7.026.679,Delantero
Serrano,Atlético,-4.259 | -8.830 | -13.641 | -32.262 | -67.569 | -227.470,"-0,94% | -1,92% | -2,94% | -6,68% | -13,04% | -33,55%",,31ddías,450.528,454.787 | 459.358 | 464.169 | 482.790 | 518.097 | 677.998,Mediocampista
Aramburu,Real Sociedad,+312.990 | +729.151 | +1.061.925 | +2.820.068 | +4.915.902 | +8.305.329,"+2,08% | +4,99% | +7,44% | +22,54% | +47,20% | +118,20%",,30ddías,15.332.008,15.019.018 | 14.602.857 | 14.270.083 | 12.511.940 | 10.416.106 | 7.026.679,Defensa
Alfon,Sevilla,0 | 0 | 0 | 0 | 0 | +5.371.948,"0,00% | 0,00% | 0,00% | 0,00% | 0,00% | +324,63%",,28ddías,7.026.761,7.026.761 | 7.026.761 | 7.026.761 | 7.026.761 | 7.026.761 | 1.654.813,Delantero
Luiz Junior,Villarreal,+754.863 | +1.639.498 | +2.704.976 | +6.592.797 | +11.957.127 | +20.199.317,"+1,91% | +4,24% | +7,20% | +19,57% | +42,22% | +100,61%",,30ddías,40.275.547,39.520.684 | 38.636.049 | 37.570.571 | 33.682.750 | 28.318.420 | 20.076.230,Portero
Logan Costa,Villarreal,-27.238 | -58.669 | -96.157 | -237.354 | -549.730 | -1.524.377,"-1,80% | -3,80% | -6,07% | -13,76% | -26,99% | -50,62%",,31ddías,1.487.055,1.514.293 | 1.545.724 | 1.583.212 | 1.724.409 | 2.036.785 | 3.011.432,Defensa
Iturbe,Elche,0 | 0 | 0 | 0 | 0 | -897.886,"0,00% | 0,00% | 0,00% | 0,00% | 0,00% | -52,82%",,28ddías,802.099,802.099 | 802.099 | 802.099 | 802.099 | 802.099 | 1.699.985,Portero
Lo Celso,Betis,+651.574 | +1.365.254 | +2.174.239 | +5.157.562 | +11.210.590 | +20.447.098,"+1,63% | +3,49% | +5,67% | +14,58% | +38,24% | +101,85%",,30ddías,40.523.328,39.871.754 | 39.158.074 | 38.349.089 | 35.365.766 | 29.312.738 | 20.076.230,Mediocampista
Otorbi,Valencia,0 | 0 | 0 | 0 | 0 | -1.051.607,"0,00% | 0,00% | 0,00% | 0,00% | 0,00% | -63,58%",,28ddías,602.292,602.292 | 602.292 | 602.292 | 602.292 | 602.292 | 1.653.899,Delantero
Manu González,Betis,0 | 0 | 0 | 0 | 0 | -1.088.069,"0,00% | 0,00% | 0,00% | 0,00% | 0,00% | -65,16%",,28ddías,581.691,581.691 | 581.691 | 581.691 | 581.691 | 581.691 | 1.669.760,Portero
Risco,Getafe,0 | 0 | 0 | 0 | 0 | -956.132,"0,00% | 0,00% | 0,00% | 0,00% | 0,00% | -57,64%",,28ddías,702.705,702.705 | 702.705 | 702.705 | 702.705 | 702.705 | 1.658.837,Mediocampista
Spina,Atlético,0 | 0 | 0 | 0 | 0 | -947.812,"0,00% | 0,00% | 0,00% | 0,00% | 0,00% | -57,43%",,28ddías,702.702,702.702 | 702.702 | 702.702 | 702.702 | 702.702 | 1.650.514,Defensa
De la Sías,Rayo,0 | 0 | 0 | 0 | 0 | -1.051.665,"0,00% | 0,00% | 0,00% | 0,00% | 0,00% | -63,59%",,28ddías,602.234,602.234 | 602.234 | 602.234 | 602.234 | 602.234 | 1.653.899,Defensa
Óskarsson,Real Sociedad,-158.130 | -316.389 | -463.069 | -1.049.055 | -2.527.863 | -6.106.223,"-1,74% | -3,41% | -4,92% | -10,49% | -22,02% | -40,55%",,31ddías,8.950.949,9.109.079 | 9.267.338 | 9.414.018 | 10.000.004 | 11.478.812 | 15.057.172,Delantero
Alberto,Sevilla,0 | 0 | 0 | 0 | 0 | -982.564,"0,00% | 0,00% | 0,00% | 0,00% | 0,00% | -58,31%",,28ddías,702.633,702.633 | 702.633 | 702.633 | 702.633 | 702.633 | 1.685.197,Portero
Pau Navarro,Villarreal,-98.586 | -187.371 | -296.949 | -928.145 | -2.384.733 | -6.179.324,"-0,99% | -1,86% | -2,92% | -8,59% | -19,44% | -38,47%",,31ddías,9.881.660,9.980.246 | 10.069.031 | 10.178.609 | 10.809.805 | 12.266.393 | 16.060.984,Defensa
Etta Eyong,Levante,+571.722 | +1.238.094 | +1.943.311 | +4.501.025 | +7.284.246 | +12.457.756,"+2,73% | +6,11% | +9,94% | +26,49% | +51,27% | +137,89%",,30ddías,21.492.059,20.920.337 | 20.253.965 | 19.548.748 | 16.991.034 | 14.207.813 | 9.034.303,Delantero
Szczesny,Barcelona,-64.716 | -129.400 | -232.182 | -337.475 | -337.475 | +1.072.408,"-2,20% | -4,31% | -7,48% | -10,52% | -10,52% | +59,63%",,4ddías,2.870.925,2.935.641 | 3.000.325 | 3.103.107 | 3.208.400 | 3.208.400 | 1.798.517,Portero
Endrick,Real Madrid,-80.695 | -142.533 | -170.030 | -527.711 | +6.969.695 | +6.969.695,"-1,06% | -1,86% | -2,21% | -6,54% | 0% | 0%",,8ddías,7.535.684,7.616.379 | 7.678.217 | 7.705.714 | 8.063.395 | 0 | 0,Delantero
Toni Martinez,Alavés,-218.051 | -516.744 | -755.251 | -2.013.124 | -4.952.376 | +22.374.398,"-0,82% | -1,92% | -2,78% | -7,07% | -15,77% | +547,86%",,20ddías,26.458.391,26.676.442 | 26.975.135 | 27.213.642 | 28.471.515 | 31.410.767 | 4.083.993,Delantero
Mbappé,Real Madrid,+135.639 | +133.281 | +49.602 | -1.710.869 | -25.068.946 | -25.068.946,"+0,10% | +0,10% | +0,04% | -1,29% | 0% | -16,12%",,1ddías,130.416.493,130.280.854 | 130.283.212 | 130.366.891 | 132.127.362 | 0 | 155.485.439,Delantero
Tárrega,Valencia,-51.057 | -99.115 | -136.488 | -330.550 | -1.199.762 | -3.459.708,"-0,56% | -1,08% | -1,48% | -3,51% | -11,66% | -27,57%",,31ddías,9.087.934,9.138.991 | 9.187.049 | 9.224.422 | 9.418.484 | 10.287.696 | 12.547.642,Defensa
Pepelu,Valencia,-109.429 | -223.303 | -312.639 | -706.318 | -1.507.640 | -2.177.432,"-1,37% | -2,76% | -3,83% | -8,24% | -16,09% | -21,69%",,26ddías,7.860.681,7.970.110 | 8.083.984 | 8.173.320 | 8.566.999 | 9.368.321 | 10.038.113,Mediocampista
Romero,Villarreal,+762.113 | +1.542.789 | +2.220.800 | +2.349.281 | +22.766 | +7.378.874,"+2,22% | +4,59% | +6,74% | +7,16% | +0,06% | +26,57%",,6ddías,35.153.986,34.391.873 | 33.611.197 | 32.933.186 | 32.804.705 | 35.131.220 | 27.775.112,Defensa
Foulquier,Valencia,-85.288 | -153.744 | -213.483 | -479.438 | -725.040 | +1.330.856,"-2,77% | -4,89% | -6,67% | -13,82% | -19,52% | +80,26%",,9ddías,2.989.104,3.074.392 | 3.142.848 | 3.202.587 | 3.468.542 | 3.714.144 | 1.658.248,Defensa
Jesús Vázquez,Valencia,-47.460 | -93.782 | -144.841 | -359.172 | -784.903 | -2.302.117,"-2,42% | -4,67% | -7,04% | -15,80% | -29,08% | -54,60%",,31ddías,1.913.890,1.961.350 | 2.007.672 | 2.058.731 | 2.273.062 | 2.698.793 | 4.216.007,Defensa
Fran Pérez,Rayo,-17.675 | -40.196 | -62.445 | -163.598 | -368.482 | -1.060.157,"-1,83% | -4,07% | -6,18% | -14,72% | -28,00% | -52,81%",,31ddías,947.464,965.139 | 987.660 | 1.009.909 | 1.111.062 | 1.315.946 | 2.007.621,Mediocampista
Hugo González,Celta,0 | 0 | 0 | 0 | 0 | -148.241,"0,00% | 0,00% | 0,00% | 0,00% | 0,00% | -8,96%",,28ddías,1.505.646,1.505.646 | 1.505.646 | 1.505.646 | 1.505.646 | 1.505.646 | 1.653.887,Mediocampista
Iranzo,Valencia,0 | 0 | 0 | 0 | 0 | -1.052.147,"0,00% | 0,00% | 0,00% | 0,00% | 0,00% | -63,60%",,28ddías,602.292,602.292 | 602.292 | 602.292 | 602.292 | 602.292 | 1.654.439,Defensa
Gayà,Valencia,-165.995 | -333.477 | -426.578 | -1.060.119 | -2.507.750 | -6.098.861,"-1,37% | -2,71% | -3,44% | -8,14% | -17,32% | -33,75%",,31ddías,11.969.746,12.135.741 | 12.303.223 | 12.396.324 | 13.029.865 | 14.477.496 | 18.068.607,Defensa
Comesaña,Villarreal,+509.995 | +957.617 | +1.133.977 | +4.930 | -3.392.178 | -8.305.280,"+1,85% | +3,52% | +4,20% | +0,02% | -10,76% | -22,79%",,4ddías,28.133.079,27.623.084 | 27.175.462 | 26.999.102 | 28.128.149 | 31.525.257 | 36.438.359,Mediocampista
Gerard,Villarreal,-166.694 | -305.494 | -477.013 | -1.792.173 | -4.515.613 | -10.723.471,"-0,56% | -1,03% | -1,60% | -5,74% | -13,30% | -26,71%",,31ddías,29.428.991,29.595.685 | 29.734.485 | 29.906.004 | 31.221.164 | 33.944.604 | 40.152.462,Delantero
Foyth,Villarreal,-187.462 | -442.982 | -704.987 | -1.858.256 | -1.858.256 | +9.005.715,"-1,72% | -3,98% | -6,19% | -14,81% | -14,81% | +534,84%",,7ddías,10.689.533,10.876.995 | 11.132.515 | 11.394.520 | 12.547.789 | 12.547.789 | 1.683.818,Defensa
Sörloth,Atlético,-253.323 | -559.517 | -899.831 | -2.180.214 | -5.063.272 | -13.204.667,"-0,93% | -2,03% | -3,23% | -7,48% | -15,82% | -32,89%",,31ddías,26.947.795,27.201.118 | 27.507.312 | 27.847.626 | 29.128.009 | 32.011.067 | 40.152.462,Delantero
Baena,Atlético,-1.329.282 | -2.747.801 | -4.200.919 | -7.926.115 | +714.166 | +20.055.479,"-2,05% | -4,15% | -6,21% | -11,10% | +1,14% | +46,20%",,7ddías,63.469.822,64.799.104 | 66.217.623 | 67.670.741 | 71.395.937 | 62.755.656 | 43.414.343,Mediocampista
Femenia,Getafe,-21.746 | -45.634 | -62.442 | -238.250 | -707.286 | -2.390.591,"-0,60% | -1,24% | -1,69% | -6,16% | -16,30% | -39,69%",,31ddías,3.632.276,3.654.022 | 3.677.910 | 3.694.718 | 3.870.526 | 4.339.562 | 6.022.867,Defensa
Diego López,Valencia,-90.903 | -182.968 | -276.205 | -675.106 | -1.484.070 | -3.194.546,"-3,11% | -6,08% | -8,90% | -19,27% | -34,41% | -53,04%",,31ddías,2.828.321,2.919.224 | 3.011.289 | 3.104.526 | 3.503.427 | 4.312.391 | 6.022.867,Delantero
Rivero,Valencia,-8.915 | -18.338 | -28.203 | -69.234 | -153.746 | -441.498,"-1,56% | -3,16% | -4,78% | -10,96% | -21,47% | -43,98%",,14ddías,562.312,571.227 | 580.650 | 590.515 | 631.546 | 716.058 | 1.003.810,Portero
Denis Suárez,Alavés,-60.605 | -125.543 | -189.241 | -483.710 | -1.127.223 | -3.136.822,"-2,06% | -4,17% | -6,15% | -14,35% | -28,09% | -52,08%",,31ddías,2.886.045,2.946.650 | 3.011.588 | 3.075.286 | 3.369.755 | 4.013.268 | 6.022.867,Mediocampista
Sow,Sevilla,-89.349 | -96.238 | -93.415 | -166.307 | -676.622 | -1.624.013,"-1,05% | -1,13% | -1,10% | -1,94% | -7,44% | -16,18%",,2ddías,8.414.100,8.503.449 | 8.510.338 | 8.507.515 | 8.580.407 | 9.090.722 | 10.038.113,Mediocampista
Urko,Espanyol,-42.087 | -91.659 | -122.818 | -298.145 | -778.580 | -2.118.577,"-0,85% | -1,83% | -2,44% | -5,73% | -13,69% | -30,15%",,28ddías,4.908.102,4.950.189 | 4.999.761 | 5.030.920 | 5.206.247 | 5.686.682 | 7.026.679,Mediocampista
Dmitrovic,Espanyol,+815.594 | +1.635.651 | +2.641.888 | +6.538.527 | +11.229.313 | +18.422.927,"+2,54% | +5,23% | +8,73% | +24,81% | +51,84% | +127,34%",,30ddías,32.890.992,32.075.398 | 31.255.341 | 30.249.104 | 26.352.465 | 21.661.679 | 14.468.065,Portero
Gattoni,Sevilla,-4.575 | -9.475 | -14.629 | -34.768 | -73.413 | -244.557,"-0,99% | -2,03% | -3,09% | -7,05% | -13,81% | -34,80%",,31ddías,458.108,462.683 | 467.583 | 472.737 | 492.876 | 531.521 | 702.665,Defensa
Pedrosa,Sevilla,0 | 0 | 0 | 0 | 0 | +1.657.838,"0,00% | 0,00% | 0,00% | 0,00% | 0,00% | +100,17%",,28ddías,3.312.788,3.312.788 | 3.312.788 | 3.312.788 | 3.312.788 | 3.312.788 | 1.654.950,Defensa
Jordan,Sevilla,-10.861 | -22.311 | -34.287 | -84.680 | -189.745 | -595.566,"-1,75% | -3,53% | -5,33% | -12,21% | -23,76% | -49,44%",,31ddías,609.006,619.867 | 631.317 | 643.293 | 693.686 | 798.751 | 1.204.572,Mediocampista
Mariano,Alavés,-27.143 | -57.957 | -91.123 | -233.226 | -526.826 | -1.562.292,"-2,31% | -4,81% | -7,35% | -16,89% | -31,46% | -57,64%",,31ddías,1.147.997,1.175.140 | 1.205.954 | 1.239.120 | 1.381.223 | 1.674.823 | 2.710.289,Delantero
Marcão,Sevilla,-17.341 | -35.540 | -54.547 | -127.631 | -291.210 | -841.583,"-2,22% | -4,44% | -6,66% | -14,31% | -27,58% | -52,40%",,31ddías,764.513,781.854 | 800.053 | 819.060 | 892.144 | 1.055.723 | 1.606.096,Defensa
Almeida,Valencia,-74.003 | -156.242 | -242.802 | -589.596 | -1.287.987 | -3.402.596,"-2,39% | -4,92% | -7,44% | -16,33% | -29,89% | -52,96%",,31ddías,3.021.796,3.095.799 | 3.178.038 | 3.264.598 | 3.611.392 | 4.309.783 | 6.424.392,Mediocampista
Juanlu,Sevilla,-66.124 | -137.468 | -213.253 | -398.074 | -740.557 | -2.089.701,"-2,36% | -4,79% | -7,24% | -12,71% | -21,32% | -43,33%",,32ddías,2.732.985,2.799.109 | 2.870.453 | 2.946.238 | 3.131.059 | 3.473.542 | 4.822.686,Mediocampista
Manu Bueno,Sevilla,0 | 0 | 0 | 0 | 0 | -851.801,"0,00% | 0,00% | 0,00% | 0,00% | 0,00% | -51,50%",,28ddías,802.099,802.099 | 802.099 | 802.099 | 802.099 | 802.099 | 1.653.900,Mediocampista
Diakhaby,Valencia,-154.723 | -327.704 | -475.117 | -1.123.516 | -2.073.224 | +5.307.067,"-2,17% | -4,50% | -6,39% | -13,90% | -22,95% | +320,84%",,11ddías,6.961.184,7.115.907 | 7.288.888 | 7.436.301 | 8.084.700 | 9.034.408 | 1.654.117,Defensa
Canós,Valencia,-9.376 | -19.279 | -29.644 | -72.892 | -826.053 | -826.053,"-1,61% | -3,25% | -4,92% | -11,28% | 0% | 0%",,8ddías,573.363,582.739 | 592.642 | 603.007 | 646.255 | 0 | 0,Delantero
Javi Guerra,Valencia,-190.690 | -349.996 | -522.527 | -1.347.427 | -2.823.019 | +21.535.629,"-0,77% | -1,41% | -2,09% | -5,22% | -10,35% | +735,67%",,21ddías,24.462.980,24.653.670 | 24.812.976 | 24.985.507 | 25.810.407 | 27.285.999 | 2.927.351,Mediocampista
Duro,Valencia,-109.367 | -233.159 | -356.219 | -714.157 | -1.547.658 | -3.030.979,"-1,20% | -2,52% | -3,80% | -7,34% | -14,65% | -25,16%",,26ddías,9.014.757,9.124.124 | 9.247.916 | 9.370.976 | 9.728.914 | 10.562.415 | 12.045.736,Delantero
Terrats,Getafe,0 | 0 | 0 | 0 | 0 | +1.153.132,"0,00% | 0,00% | 0,00% | 0,00% | 0,00% | +69,58%",,28ddías,2.810.495,2.810.495 | 2.810.495 | 2.810.495 | 2.810.495 | 2.810.495 | 1.657.363,Mediocampista
Íñigo Pérez,Villarreal,-2.781 | +7.200 | +70.969 | -3.028 | -145.719 | -312.734,"-0,13% | +0,33% | +3,34% | -0,14% | -6,23% | 0%",,1ddías,2.193.828,2.196.609 | 2.186.628 | 2.122.859 | 2.196.856 | 2.339.547 | 0,
Akhomach,Villarreal,-154.662 | -316.710 | -474.606 | -1.167.089 | -1.696.429 | +4.678.881,"-2,38% | -4,76% | -6,97% | -15,56% | -21,13% | +282,74%",,9ddías,6.333.692,6.488.354 | 6.650.402 | 6.808.298 | 7.500.781 | 8.030.121 | 1.654.811,Delantero
Rubén Sánchez,Espanyol,-7.018 | -14.465 | -22.271 | -54.172 | -118.639 | -386.654,"-1,34% | -2,72% | -4,13% | -9,49% | -18,67% | -42,80%",,31ddías,516.774,523.792 | 531.239 | 539.045 | 570.946 | 635.413 | 903.428,Mediocampista
Rosier,Osasuna,-224.410 | -462.972 | -701.721 | -1.744.641 | -3.079.774 | -3.546.738,"-2,91% | -5,82% | -8,56% | -18,88% | -29,12% | -32,12%",,26ddías,7.495.187,7.719.597 | 7.958.159 | 8.196.908 | 9.239.828 | 10.574.961 | 11.041.925,Defensa
Mouriño,Villarreal,+570.522 | +1.121.370 | +1.749.240 | +4.138.740 | +7.810.487 | +14.313.671,"+1,55% | +3,09% | +4,91% | +12,44% | +26,39% | +62,00%",,29ddías,37.401.336,36.830.814 | 36.279.966 | 35.652.096 | 33.262.596 | 29.590.849 | 23.087.665,Defensa
Serrano,Athletic,-32.187 | -66.655 | -102.407 | -257.839 | -559.895 | -1.556.887,"-2,74% | -5,51% | -8,22% | -18,40% | -32,86% | -57,65%",,32ddías,1.143.816,1.176.003 | 1.210.471 | 1.246.223 | 1.401.655 | 1.703.711 | 2.700.703,Delantero
Raba,Valencia,-48.788 | -101.278 | -155.421 | -383.206 | -821.963 | -2.353.026,"-2,40% | -4,85% | -7,25% | -16,16% | -29,25% | -54,21%",,31ddías,1.987.697,2.036.485 | 2.088.975 | 2.143.118 | 2.370.903 | 2.809.660 | 4.340.723,Delantero
Conde,Betis,0 | 0 | 0 | 0 | -460.468 | -1.475.561,"0,00% | 0,00% | 0,00% | 0,00% | -13,15% | -32,67%",,5ddías,3.041.589,3.041.589 | 3.041.589 | 3.041.589 | 3.041.589 | 3.502.057 | 4.517.150,Portero
Raul Moro,Osasuna,+263.188 | +488.663 | +732.890 | +1.394.106 | +949.047 | -249.494,"+2,28% | +4,32% | +6,62% | +13,40% | +8,75% | -2,07%",,8ddías,11.796.242,11.533.054 | 11.307.579 | 11.063.352 | 10.402.136 | 10.847.195 | 12.045.736,Delantero
Boyomo,Osasuna,+565.038 | +1.054.177 | +1.639.618 | +3.487.680 | +6.489.036 | +9.208.028,"+2,38% | +4,54% | +7,25% | +16,79% | +36,50% | +61,15%",,27ddías,24.265.200,23.700.162 | 23.211.023 | 22.625.582 | 20.777.520 | 17.776.164 | 15.057.172,Defensa
Fortuño,Espanyol,-12.049 | -13.933 | -26.747 | -80.855 | -163.483 | -567.076,"-1,85% | -2,14% | -4,03% | -11,26% | -20,41% | -47,08%",,11ddías,637.496,649.545 | 651.429 | 664.243 | 718.351 | 800.979 | 1.204.572,Portero
El Hilali,Espanyol,+159.055 | +358.202 | +473.347 | +1.015.790 | +1.707.732 | +2.279.058,"+2,08% | +4,81% | +6,46% | +14,97% | +28,03% | +41,28%",,15ddías,7.800.019,7.640.964 | 7.441.817 | 7.326.672 | 6.784.229 | 6.092.287 | 5.520.961,Defensa
Juanmi,Getafe,-14.251 | -29.232 | -44.886 | -111.588 | -252.463 | -757.575,"-2,02% | -4,06% | -6,10% | -13,91% | -26,78% | -52,32%",,31ddías,690.361,704.612 | 719.593 | 735.247 | 801.949 | 942.824 | 1.447.936,Delantero
Edu Expósito,Espanyol,-137.245 | -354.706 | -554.260 | -1.863.478 | -4.497.969 | -14.160.082,"-0,51% | -1,30% | -2,01% | -6,45% | -14,28% | -34,40%",,20ddías,27.006.311,27.143.556 | 27.361.017 | 27.560.571 | 28.869.789 | 31.504.280 | 41.166.393,Mediocampista
Jofre,Espanyol,-28.894 | -58.915 | -89.027 | -208.533 | -500.994 | -1.490.765,"-2,14% | -4,27% | -6,32% | -13,64% | -27,51% | -53,04%",,31ddías,1.319.904,1.348.798 | 1.378.819 | 1.408.931 | 1.528.437 | 1.820.898 | 2.810.669,Delantero
Pere Milla,Espanyol,-136.994 | -242.171 | -355.845 | -659.329 | -288.580 | +2.093.933,"-1,34% | -2,34% | -3,40% | -6,11% | -2,77% | +26,07%",,9ddías,10.124.424,10.261.418 | 10.366.595 | 10.480.269 | 10.783.753 | 10.413.004 | 8.030.491,Delantero
Lozano,Espanyol,-41.554 | -84.943 | -136.241 | -369.586 | -825.990 | -2.400.649,"-1,56% | -3,14% | -4,95% | -12,37% | -23,98% | -47,83%",,31ddías,2.618.406,2.659.960 | 2.703.349 | 2.754.647 | 2.987.992 | 3.444.396 | 5.019.055,Mediocampista
Puado,Espanyol,-269.154 | -546.183 | -838.238 | -2.052.013 | -4.469.839 | -6.504.089,"-3,05% | -6,00% | -8,93% | -19,35% | -34,32% | -43,20%",,22ddías,8.553.083,8.822.237 | 9.099.266 | 9.391.321 | 10.605.096 | 13.022.922 | 15.057.172,Mediocampista
Cabrera,Espanyol,+64 | +10.144 | -23.398 | -484.929 | -1.475.412 | +5.403.918,"+0,00% | +0,06% | -0,14% | -2,83% | -8,13% | +48,00%",,2ddías,16.662.681,16.662.617 | 16.652.537 | 16.686.079 | 17.147.610 | 18.138.093 | 11.258.763,Defensa
Calero,Málaga,0 | 0 | 0 | 0 | 0 | +1.835.701,"0,00% | 0,00% | 0,00% | 0,00% | 0,00% | +109,44%",,28ddías,3.513.120,3.513.120 | 3.513.120 | 3.513.120 | 3.513.120 | 3.513.120 | 1.677.419,Defensa
Altimira,Deportivo,-52.068 | -119.564 | -174.330 | -479.114 | -997.375 | -1.673.241,"-0,96% | -2,18% | -3,15% | -8,21% | -15,70% | -23,81%",,25ddías,5.353.438,5.405.506 | 5.473.002 | 5.527.768 | 5.832.552 | 6.350.813 | 7.026.679,Defensa
Fornals,Betis,-1.157.474 | -2.413.415 | -3.764.175 | -10.289.915 | -25.263.497 | -78.952.797,"-1,77% | -3,62% | -5,53% | -13,79% | -28,20% | -55,10%",,14ddías,64.336.503,65.493.977 | 66.749.918 | 68.100.678 | 74.626.418 | 89.600.000 | 143.289.300,Mediocampista
Joan Garcia,Barcelona,+2.108.546 | +3.648.303 | +2.042.740 | +323.437 | +323.437 | -100.206,"+4,36% | +7,78% | +4,21% | +0,64% | +0,64% | -0,20%",,2ddías,50.516.853,48.408.307 | 46.868.550 | 48.474.113 | 50.193.416 | 50.193.416 | 50.617.059,Portero
Fort,Barcelona,-93.904 | -195.017 | -294.596 | -856.300 | -856.300 | +2.479.730,"-2,21% | -4,47% | -6,61% | -17,06% | -17,06% | +147,31%",,7ddías,4.163.076,4.256.980 | 4.358.093 | 4.457.672 | 5.019.376 | 5.019.376 | 1.683.346,Defensa
Guedes,Real Sociedad,-1.080.456 | -1.994.044 | -2.877.837 | -7.064.974 | -16.549.622 | -13.943.118,"-2,34% | -4,24% | -6,01% | -13,56% | -26,87% | -23,64%",,16ddías,45.038.137,46.118.593 | 47.032.181 | 47.915.974 | 52.103.111 | 61.587.759 | 58.981.255,Delantero
Manu Sánchez,Levante,0 | 0 | 0 | +55.403 | -484.326 | +3.868.999,"0,00% | 0,00% | 0,00% | +1,01% | -8,04% | +231,79%",,6ddías,5.538.185,5.538.185 | 5.538.185 | 5.538.185 | 5.482.782 | 6.022.511 | 1.669.186,Defensa
Raúl García,Osasuna,-48.862 | -100.783 | -155.964 | -380.017 | -862.761 | -2.482.074,"-2,14% | -4,31% | -6,52% | -14,53% | -27,84% | -52,61%",,31ddías,2.235.838,2.284.700 | 2.336.621 | 2.391.802 | 2.615.855 | 3.098.599 | 4.717.912,Delantero
Kike Salas,Sevilla,-90.214 | -118.121 | -170.711 | -609.594 | -1.754.169 | -4.246.837,"-0,76% | -0,99% | -1,42% | -4,91% | -12,93% | -26,44%",,29ddías,11.814.147,11.904.361 | 11.932.268 | 11.984.858 | 12.423.741 | 13.568.316 | 16.060.984,Defensa
F. Carreras,Real Madrid,-386.252 | -756.124 | -1.136.748 | -2.813.327 | -6.078.640 | -14.375.343,"-2,44% | -4,67% | -6,86% | -15,41% | -28,25% | -48,22%",,31ddías,15.437.861,15.824.113 | 16.193.985 | 16.574.609 | 18.251.188 | 21.516.501 | 29.813.204,Defensa
Giuliano,Atlético,-1.043.250 | -2.061.768 | -3.097.322 | -5.222.525 | -48.690 | +16.120.519,"-2,05% | -3,97% | -5,84% | -9,47% | -0,10% | +47,72%",,7ddías,49.903.642,50.946.892 | 51.965.410 | 53.000.964 | 55.126.167 | 49.952.332 | 33.783.123,Delantero
Batalla,Rayo,+939.456 | +1.739.356 | +2.607.836 | +5.832.884 | +11.099.586 | +20.316.386,"+2,38% | +4,50% | +6,90% | +16,88% | +37,89% | +101,20%",,30ddías,40.392.616,39.453.160 | 38.653.260 | 37.784.780 | 34.559.732 | 29.293.030 | 20.076.230,Portero
Romero,Sevilla,-22.428 | -41.625 | -73.418 | -285.031 | -855.352 | -1.940.746,"-0,37% | -0,68% | -1,19% | -4,47% | -12,32% | -24,17%",,27ddías,6.089.745,6.112.173 | 6.131.370 | 6.163.163 | 6.374.776 | 6.945.097 | 8.030.491,Delantero
Cardoso,Atlético,-209.497 | -421.872 | -653.661 | -1.617.215 | -3.508.024 | -7.777.152,"-2,80% | -5,48% | -8,24% | -18,18% | -32,52% | -51,65%",,28ddías,7.280.020,7.489.517 | 7.701.892 | 7.933.681 | 8.897.235 | 10.788.044 | 15.057.172,Mediocampista
Moriba,Celta,+182.911 | +426.917 | +638.750 | +1.388.340 | +1.254.547 | -1.800.396,"+1,82% | +4,35% | +6,65% | +15,68% | +13,95% | -14,95%",,10ddías,10.245.340,10.062.429 | 9.818.423 | 9.606.590 | 8.857.000 | 8.990.793 | 12.045.736,Mediocampista
Agoume,Sevilla,-35.156 | -66.012 | -68.943 | -220.190 | -563.941 | -788.606,"-0,61% | -1,14% | -1,19% | -3,70% | -8,95% | -12,09%",,26ddías,5.736.168,5.771.324 | 5.802.180 | 5.805.111 | 5.956.358 | 6.300.109 | 6.524.774,Mediocampista
Thiago,Villarreal,0 | 0 | 0 | 0 | 0 | 0,0% | 0% | 0% | 0% | 0% | 0%,,37ddías,1.660.575,0 | 0 | 0 | 0 | 0 | 0,Mediocampista
Javi López,Real Sociedad,0 | 0 | 0 | 0 | 0 | 0,0% | 0% | 0% | 0% | 0% | 0%,,37ddías,1.656.670,0 | 0 | 0 | 0 | 0 | 0,Defensa
Lemar,Atlético,0 | 0 | 0 | 0 | 0 | 0,0% | 0% | 0% | 0% | 0% | 0%,,37ddías,1.680.630,0 | 0 | 0 | 0 | 0 | 0,Mediocampista
M. Alonso,Celta,0 | 0 | 0 | 0 | 0 | 0,"0% | 0% | 0% | 0% | 0% | 0,00%",,37ddías,71.704.119,0 | 0 | 0 | 0 | 0 | 71.704.119,Defensa
Guido,Valencia,0 | 0 | 0 | 0 | 0 | 0,"0% | 0% | 0% | 0% | 0% | 0,00%",,37ddías,1.925.541,0 | 0 | 0 | 0 | 0 | 1.925.541,Mediocampista
Rincón,Athletic,0 | 0 | 0 | 0 | 0 | 0,0% | 0% | 0% | 0% | 0% | 0%,,37ddías,1.658.593,0 | 0 | 0 | 0 | 0 | 0,Defensa
Forés,Villarreal,0 | 0 | 0 | 0 | 0 | 0,0% | 0% | 0% | 0% | 0% | 0%,,37ddías,1.653.899,0 | 0 | 0 | 0 | 0 | 0,Delantero
Carlos Espí,Real Madrid,0 | 0 | 0 | 0 | 0 | 0,"0% | 0% | 0% | 0% | 0% | 0,00%",,37ddías,3.531.129,0 | 0 | 0 | 0 | 0 | 3.531.129,Delantero
Satriano,Getafe,0 | 0 | 0 | 0 | 0 | 0,"0% | 0% | 0% | 0% | 0% | 0,00%",,37ddías,4.336.426,0 | 0 | 0 | 0 | 0 | 4.336.426,Delantero
Neyou,Getafe,0 | 0 | 0 | 0 | 0 | 0,0% | 0% | 0% | 0% | 0% | 0%,,186ddías,604.547,0 | 0 | 0 | 0 | 0 | 0,Mediocampista
Maras,Alavés,0 | 0 | 0 | 0 | 0 | 0,0% | 0% | 0% | 0% | 0% | 0%,,189ddías,590.024,0 | 0 | 0 | 0 | 0 | 0,Defensa
Goti,Real Sociedad,0 | 0 | 0 | 0 | 0 | 0,0% | 0% | 0% | 0% | 0% | 0%,,192ddías,590.263,0 | 0 | 0 | 0 | 0 | 0,Mediocampista
Diarra,Alavés,0 | 0 | 0 | 0 | 0 | 0,0% | 0% | 0% | 0% | 0% | 0%,,192ddías,591.470,0 | 0 | 0 | 0 | 0 | 0,Defensa
Ali Houary,Elche,0 | 0 | 0 | 0 | 0 | 0,0% | 0% | 0% | 0% | 0% | 0%,,196ddías,592.065,0 | 0 | 0 | 0 | 0 | 0,Delantero
Javier Hernández,Espanyol,0 | 0 | 0 | 0 | 0 | 0,0% | 0% | 0% | 0% | 0% | 0%,,210ddías,575.023,0 | 0 | 0 | 0 | 0 | 0,Delantero
Bauzà,Espanyol,0 | 0 | 0 | 0 | 0 | 0,0% | 0% | 0% | 0% | 0% | 0%,,338ddías,318.649,0 | 0 | 0 | 0 | 0 | 0,Mediocampista
Uche,Getafe,0 | 0 | 0 | 0 | 0 | 0,0% | 0% | 0% | 0% | 0% | 0%,,339ddías,12.405.015,0 | 0 | 0 | 0 | 0 | 0,Mediocampista
Pablo López,Valencia,0 | 0 | 0 | 0 | 0 | 0,0% | 0% | 0% | 0% | 0% | 0%,,339ddías,441.041,0 | 0 | 0 | 0 | 0 | 0,Delantero
Alberto Marí,Valencia,0 | 0 | 0 | 0 | 0 | 0,0% | 0% | 0% | 0% | 0% | 0%,,340ddías,787.986,0 | 0 | 0 | 0 | 0 | 0,Delantero
Novoa,Alavés,0 | 0 | 0 | 0 | 0 | 0,0% | 0% | 0% | 0% | 0% | 0%,,340ddías,661.162,0 | 0 | 0 | 0 | 0 | 0,Defensa
Pelayo,Rayo,0 | 0 | 0 | 0 | 0 | 0,0% | 0% | 0% | 0% | 0% | 0%,,340ddías,1.722.279,0 | 0 | 0 | 0 | 0 | 0,Defensa
Hinojo,Espanyol,0 | 0 | 0 | 0 | 0 | 0,0% | 0% | 0% | 0% | 0% | 0%,,344ddías,317.496,0 | 0 | 0 | 0 | 0 | 0,Defensa
Djaló,Athletic,0 | 0 | 0 | 0 | 0 | 0,0% | 0% | 0% | 0% | 0% | 0%,,375ddías,8.434.683,0 | 0 | 0 | 0 | 0 | 0,Delantero
Owono,Alavés,0 | 0 | 0 | 0 | 0 | 0,0% | 0% | 0% | 0% | 0% | 0%,,375ddías,828.372,0 | 0 | 0 | 0 | 0 | 0,Portero
Berrocal,Getafe,0 | 0 | 0 | 0 | 0 | 0,0% | 0% | 0% | 0% | 0% | 0%,,375ddías,1.058.833,0 | 0 | 0 | 0 | 0 | 0,Defensa
De Tomás,Rayo,0 | 0 | 0 | 0 | 0 | 0,0% | 0% | 0% | 0% | 0% | 0%,,379ddías,3.229.388,0 | 0 | 0 | 0 | 0 | 0,Delantero
Eneko Ortiz,Villarreal,0 | 0 | 0 | 0 | 0 | 0,0% | 0% | 0% | 0% | 0% | 0%,,399ddías,1.718.986,0 | 0 | 0 | 0 | 0 | 0,Defensa
Eto'o,Rayo,0 | 0 | 0 | 0 | 0 | 0,0% | 0% | 0% | 0% | 0% | 0%,,399ddías,1.718.988,0 | 0 | 0 | 0 | 0 | 0,Delantero
Raúl Jiménez,Valencia,0 | 0 | 0 | 0 | 0 | 0,0% | 0% | 0% | 0% | 0% | 0%,,399ddías,1.561.503,0 | 0 | 0 | 0 | 0 | 0,Portero
Collado,Sevilla,0 | 0 | 0 | 0 | 0 | 0,0% | 0% | 0% | 0% | 0% | 0%,,399ddías,1.718.988,0 | 0 | 0 | 0 | 0 | 0,Mediocampista
Canales,Athletic,0 | 0 | 0 | 0 | 0 | 0,0% | 0% | 0% | 0% | 0% | 0%,,399ddías,1.623.251,0 | 0 | 0 | 0 | 0 | 0,Delantero
Serred,Espanyol,0 | 0 | 0 | 0 | 0 | 0,0% | 0% | 0% | 0% | 0% | 0%,,399ddías,1.731.552,0 | 0 | 0 | 0 | 0 | 0,Portero
Carrillo,Celta,0 | 0 | 0 | 0 | 0 | 0,0% | 0% | 0% | 0% | 0% | 0%,,399ddías,1.567.556,0 | 0 | 0 | 0 | 0 | 0,Portero
Adrián,Alavés,0 | 0 | 0 | 0 | 0 | 0,0% | 0% | 0% | 0% | 0% | 0%,,399ddías,1.640.215,0 | 0 | 0 | 0 | 0 | 0,Portero
Yaakobishvili,Barcelona,0 | 0 | 0 | 0 | 0 | 0,0% | 0% | 0% | 0% | 0% | 0%,,399ddías,1.639.280,0 | 0 | 0 | 0 | 0 | 0,Portero
Solà,Atlético,0 | 0 | 0 | 0 | 0 | 0,0% | 0% | 0% | 0% | 0% | 0%,,399ddías,1.640.523,0 | 0 | 0 | 0 | 0 | 0,Defensa
Córdoba,Valencia,0 | 0 | 0 | 0 | 0 | 0,0% | 0% | 0% | 0% | 0% | 0%,,399ddías,1.548.667,0 | 0 | 0 | 0 | 0 | 0,Defensa
Olabarrieta,Athletic,0 | 0 | 0 | 0 | 0 | 0,0% | 0% | 0% | 0% | 0% | 0%,,399ddías,1.717.797,0 | 0 | 0 | 0 | 0 | 0,Delantero
Abril,Valencia,0 | 0 | 0 | 0 | 0 | 0,0% | 0% | 0% | 0% | 0% | 0%,,399ddías,1.728.051,0 | 0 | 0 | 0 | 0 | 0,Portero
De Llanos,Real Madrid,0 | 0 | 0 | 0 | 0 | 0,0% | 0% | 0% | 0% | 0% | 0%,,399ddías,1.622.168,0 | 0 | 0 | 0 | 0 | 0,Mediocampista
Rupérez,Real Sociedad,0 | 0 | 0 | 0 | 0 | 0,0% | 0% | 0% | 0% | 0% | 0%,,399ddías,1.626.247,0 | 0 | 0 | 0 | 0 | 0,Defensa
Balda,Real Sociedad,0 | 0 | 0 | 0 | 0 | 0,0% | 0% | 0% | 0% | 0% | 0%,,399ddías,1.718.912,0 | 0 | 0 | 0 | 0 | 0,Defensa
Santana,Valencia,0 | 0 | 0 | 0 | 0 | 0,0% | 0% | 0% | 0% | 0% | 0%,,399ddías,1.723.821,0 | 0 | 0 | 0 | 0 | 0,Delantero
Carlos,Atlético,0 | 0 | 0 | 0 | 0 | 0,0% | 0% | 0% | 0% | 0% | 0%,,399ddías,1.718.547,0 | 0 | 0 | 0 | 0 | 0,Defensa
Rivas,Real Madrid,0 | 0 | 0 | 0 | 0 | 0,0% | 0% | 0% | 0% | 0% | 0%,,399ddías,1.718.751,0 | 0 | 0 | 0 | 0 | 0,Defensa
Requena,Levante,0 | 0 | 0 | 0 | 0 | 0,0% | 0% | 0% | 0% | 0% | 0%,,399ddías,1.621.683,0 | 0 | 0 | 0 | 0 | 0,Mediocampista
Isra,Sevilla,0 | 0 | 0 | 0 | 0 | 0,0% | 0% | 0% | 0% | 0% | 0%,,399ddías,1.718.237,0 | 0 | 0 | 0 | 0 | 0,Delantero
Medenica,Getafe,0 | 0 | 0 | 0 | 0 | 0,0% | 0% | 0% | 0% | 0% | 0%,,399ddías,1.560.264,0 | 0 | 0 | 0 | 0 | 0,Portero
Cortés,Barcelona,0 | 0 | 0 | 0 | 0 | 0,0% | 0% | 0% | 0% | 0% | 0%,,399ddías,1.718.327,0 | 0 | 0 | 0 | 0 | 0,Defensa
Busto,Betis,0 | 0 | 0 | 0 | 0 | 0,0% | 0% | 0% | 0% | 0% | 0%,,399ddías,1.621.161,0 | 0 | 0 | 0 | 0 | 0,Defensa
Juan Cruz,Málaga,0 | 0 | 0 | 0 | 0 | 0,0% | 0% | 0% | 0% | 0% | 0%,,437ddías,19.968.443,0 | 0 | 0 | 0 | 0 | 0,Mediocampista
Mandi,Levante,0 | 0 | 0 | 0 | 0 | 0,0% | 0% | 0% | 0% | 0% | 0%,,720ddías,1.879.755,0 | 0 | 0 | 0 | 0 | 0,Defensa
Miguel,Alavés,0 | 0 | 0 | 0 | 0 | 0,0% | 0% | 0% | 0% | 0% | 0%,,721ddías,679.761,0 | 0 | 0 | 0 | 0 | 0,Delantero
Joseda,Alavés,0 | 0 | 0 | 0 | 0 | 0,0% | 0% | 0% | 0% | 0% | 0%,,765ddías,300.000,0 | 0 | 0 | 0 | 0 | 0,Defensa
Mendes,Alavés,0 | 0 | 0 | 0 | 0 | 0,0% | 0% | 0% | 0% | 0% | 0%,,766ddías,500.000,0 | 0 | 0 | 0 | 0 | 0,Mediocampista
Mario,Valencia,0 | 0 | 0 | 0 | 0 | 0,0% | 0% | 0% | 0% | 0% | 0%,,766ddías,500.000,0 | 0 | 0 | 0 | 0 | 0,Delantero
Diallo,Alavés,0 | 0 | 0 | 0 | 0 | 0,0% | 0% | 0% | 0% | 0% | 0%,,766ddías,1.000.000,0 | 0 | 0 | 0 | 0 | 0,Mediocampista
Ian Forns,Betis,0 | 0 | 0 | 0 | 0 | 0,0% | 0% | 0% | 0% | 0% | 0%,,766ddías,500.000,0 | 0 | 0 | 0 | 0 | 0,Defensa
Mario,Valencia,0 | 0 | 0 | 0 | 0 | 0,0% | 0% | 0% | 0% | 0% | 0%,,1ddías,760.408,0 | 0 | 0 | 0 | 0 | 0,Mediocampista