Jugador,Equipo,DiferenciaDif.,% Dif,Acel.,Tend.,Valor,Valor ant.Ant.,Posición
Karrikaburu,Real Sociedad,-12.476 | -25.975 | -40.138 | -98.967 | -223.381 | -679.606,"-1,89% | -3,86% | -5,84% | -13,27% | -25,67% | -51,23%",,33ddías,646.924,659.400 | 672.899 | 687.062 | 745.891 | 870.305 | 1.326.530,Delantero
Alexander-Arnold,Real Madrid,-274.617 | -533.201 | -811.834 | -2.087.974 | -4.894.846 | -14.332.616,"-1,09% | -2,09% | -3,15% | -7,73% | -16,42% | -36,51%",,33ddías,24.924.209,25.198.826 | 25.457.410 | 25.736.043 | 27.012.183 | 29.819.055 | 39.256.825,Defensa
Deossa,Betis,+27.957 | +35.694 | -1.837 | -168.345 | -539.111 | -1.884.505,"+1,53% | +1,96% | -0,10% | -8,32% | -22,52% | -50,40%",,2ddías,1.854.800,1.826.843 | 1.819.106 | 1.856.637 | 2.023.145 | 2.393.911 | 3.739.305,Mediocampista
Valentín Gómez,Betis,-41.420 | -80.707 | -123.154 | -292.516 | -655.023 | -1.900.082,"-2,04% | -3,90% | -5,83% | -12,81% | -24,76% | -48,84%",,33ddías,1.990.438,2.031.858 | 2.071.145 | 2.113.592 | 2.282.954 | 2.645.461 | 3.890.520,Defensa
Martim Neto,Elche,-24.891 | -57.563 | -86.493 | -219.225 | -370.987 | -1.125.308,"-1,35% | -3,07% | -4,54% | -10,77% | -16,96% | -38,25%",,33ddías,1.816.927,1.841.818 | 1.874.490 | 1.903.420 | 2.036.152 | 2.187.914 | 2.942.235,Mediocampista
Jutglà,Celta,-30.587 | -101.373 | -180.148 | -320.651 | -1.196.720 | -3.957.943,"-0,33% | -1,10% | -1,93% | -3,39% | -11,58% | -30,23%",,29ddías,9.136.872,9.167.459 | 9.238.245 | 9.317.020 | 9.457.523 | 10.333.592 | 13.094.815,Delantero
Hancko,Atlético,+785.496 | +1.372.987 | +1.787.052 | +2.212.613 | +491.431 | -6.822.173,"+2,45% | +4,36% | +5,75% | +7,22% | +1,52% | -17,19%",,5ddías,32.867.543,32.082.047 | 31.494.556 | 31.080.491 | 30.654.930 | 32.376.112 | 39.689.716,Defensa
Almada,Atlético,-166.070 | -332.062 | -488.753 | -1.111.992 | -2.258.306 | -4.250.950,"-2,71% | -5,28% | -7,59% | -15,74% | -27,50% | -41,66%",,27ddías,5.952.408,6.118.478 | 6.284.470 | 6.441.161 | 7.064.400 | 8.210.714 | 10.203.358,Mediocampista
Jonny,Alavés,-58.789 | -107.644 | -180.162 | -405.390 | -1.116.432 | -3.492.660,"-1,03% | -1,86% | -3,08% | -6,68% | -16,46% | -38,14%",,29ddías,5.665.632,5.724.421 | 5.773.276 | 5.845.794 | 6.071.022 | 6.782.064 | 9.158.292,Defensa
Huijsen,Real Madrid,-549.219 | -1.119.562 | -1.813.065 | -3.918.889 | -5.832.974 | -15.705.088,"-1,70% | -3,41% | -5,41% | -11,01% | -15,55% | -33,14%",,33ddías,31.684.328,32.233.547 | 32.803.890 | 33.497.393 | 35.603.217 | 37.517.302 | 47.389.416,Defensa
Dituro,Elche,+6.832 | +20.288 | -19.515 | -108.734 | -413.754 | -1.333.635,"+0,10% | +0,31% | -0,30% | -1,63% | -5,92% | -16,86%",,2ddías,6.576.517,6.569.685 | 6.556.229 | 6.596.032 | 6.685.251 | 6.990.271 | 7.910.152,Portero
Ruggeri,Atlético,-128.546 | -267.892 | -321.924 | -613.828 | -1.363.538 | -2.592.394,"-1,80% | -3,68% | -4,39% | -8,05% | -16,28% | -26,99%",,27ddías,7.013.233,7.141.779 | 7.281.125 | 7.335.157 | 7.627.061 | 8.376.771 | 9.605.627,Defensa
Iván Romero,Levante,-29.753 | -61.466 | -97.623 | -224.864 | -571.728 | -1.400.022,"-0,43% | -0,89% | -1,41% | -3,18% | -7,70% | -16,97%",,22ddías,6.848.776,6.878.529 | 6.910.242 | 6.946.399 | 7.073.640 | 7.420.504 | 8.248.798,Delantero
Aguado,Elche,-19.590 | -38.696 | -69.893 | -210.930 | -605.406 | -2.281.545,"-0,55% | -1,08% | -1,94% | -5,62% | -14,60% | -39,18%",,33ddías,3.541.062,3.560.652 | 3.579.758 | 3.610.955 | 3.751.992 | 4.146.468 | 5.822.607,Mediocampista
Santiago,Elche,-11.130 | -23.226 | -35.928 | -88.277 | -198.464 | -616.917,"-1,78% | -3,64% | -5,52% | -12,56% | -24,41% | -50,09%",,33ddías,614.607,625.737 | 637.833 | 650.535 | 702.884 | 813.071 | 1.231.524,Mediocampista
Á. Núñez,Celta,-76.079 | -149.436 | -226.237 | -559.261 | -1.272.213 | -2.913.423,"-1,84% | -3,55% | -5,27% | -12,09% | -23,83% | -41,75%",,30ddías,4.065.563,4.141.642 | 4.214.999 | 4.291.800 | 4.624.824 | 5.337.776 | 6.978.986,Defensa
Febas,Celta,-245.288 | -1.051.816 | -1.922.272 | -1.922.272 | -1.922.272 | -1.922.272,"-1,05% | -4,34% | -7,66% | -7,66% | -7,66% | -7,66%",,3ddías,23.174.616,23.419.904 | 24.226.432 | 25.096.888 | 25.096.888 | 25.096.888 | 25.096.888,Mediocampista
John ChetauyaJohn C.,Elche,-18.715 | -34.487 | -55.244 | -143.309 | -329.842 | -998.786,"-2,30% | -4,15% | -6,48% | -15,25% | -29,28% | -55,63%",,33ddías,796.646,815.361 | 831.133 | 851.890 | 939.955 | 1.126.488 | 1.795.432,Defensa
Bambo,Elche,-31.567 | -64.870 | -99.808 | +604.322 | +604.322 | +604.322,"-2,45% | -4,90% | -7,35% | 0% | 0% | 0%",,5ddías,1.258.787,1.290.354 | 1.323.657 | 1.358.595 | 0 | 0 | 0,Defensa
Junior,Betis,-89.195 | -186.403 | -287.443 | -688.629 | -1.501.013 | -3.927.898,"-2,20% | -4,49% | -6,76% | -14,80% | -27,46% | -49,77%",,33ddías,3.964.333,4.053.528 | 4.150.736 | 4.251.776 | 4.652.962 | 5.465.346 | 7.892.231,Defensa
Dolan,Espanyol,-73.718 | -149.645 | -219.553 | -557.888 | -1.258.815 | -2.646.053,"-1,17% | -2,34% | -3,39% | -8,20% | -16,77% | -29,75%",,26ddías,6.249.674,6.323.392 | 6.399.319 | 6.469.227 | 6.807.562 | 7.508.489 | 8.895.727,Delantero
Niño,Málaga,-14.005 | -30.250 | -52.881 | -123.621 | -361.074 | -1.109.646,"-0,50% | -1,08% | -1,87% | -4,27% | -11,52% | -28,58%",,33ddías,2.773.538,2.787.543 | 2.803.788 | 2.826.419 | 2.897.159 | 3.134.612 | 3.883.184,Delantero
Pablo CamposCuñat Campos,Levante,-22.134 | -38.090 | -58.285 | -82.739 | -8.563 | -535.600,"-1,80% | -3,06% | -4,60% | -6,41% | -0,70% | -30,72%",,6ddías,1.207.980,1.230.114 | 1.246.070 | 1.266.265 | 1.290.719 | 1.216.543 | 1.743.580,Portero
Oluwaseyi,Villarreal,-66.372 | -138.490 | -215.371 | -533.803 | -1.166.137 | -3.288.032,"-2,04% | -4,17% | -6,34% | -14,36% | -26,81% | -50,81%",,33ddías,3.182.710,3.249.082 | 3.321.200 | 3.398.081 | 3.716.513 | 4.348.847 | 6.470.742,Delantero
Arriaga,Levante,-59.920 | -123.007 | -195.359 | -496.525 | -1.097.594 | -2.917.903,"-2,00% | -4,01% | -6,23% | -14,44% | -27,18% | -49,80%",,33ddías,2.941.172,3.001.092 | 3.064.179 | 3.136.531 | 3.437.697 | 4.038.766 | 5.859.075,Mediocampista
Suazo,Sevilla,-64.159 | -137.916 | -215.684 | -535.146 | -1.145.691 | -3.337.470,"-1,14% | -2,43% | -3,75% | -8,81% | -17,13% | -37,59%",,33ddías,5.541.595,5.605.754 | 5.679.511 | 5.757.279 | 6.076.741 | 6.687.286 | 8.879.065,Defensa
Veiga,Villarreal,-152.824 | -21.846 | +154.821 | +2.668.428 | +7.001.755 | +18.749.876,"-0,35% | -0,05% | +0,35% | +6,46% | +18,93% | +74,30%",,1ddías,43.985.130,44.137.954 | 44.006.976 | 43.830.309 | 41.316.702 | 36.983.375 | 25.235.254,Defensa
Mendoza,Atlético,-11.363 | -23.738 | -34.374 | -73.198 | -196.366 | -572.909,"-1,26% | -2,59% | -3,71% | -7,58% | -18,04% | -39,11%",,33ddías,891.906,903.269 | 915.644 | 926.280 | 965.104 | 1.088.272 | 1.464.815,Mediocampista
Rueda,Celta,+24.084 | +26.697 | +18.543 | -51.883 | -328.839 | -1.366.422,"+0,66% | +0,73% | +0,51% | -1,39% | -8,21% | -27,10%",,2ddías,3.676.299,3.652.215 | 3.649.602 | 3.657.756 | 3.728.182 | 4.005.138 | 5.042.721,Defensa
Radu,Celta,+542.154 | +1.095.107 | +1.737.632 | +5.038.791 | +10.065.369 | +18.974.822,"+1,40% | +2,87% | +4,63% | +14,74% | +34,51% | +93,67%",,32ddías,39.231.311,38.689.157 | 38.136.204 | 37.493.679 | 34.192.520 | 29.165.942 | 20.256.489,Portero
Toljan,Levante,-39.836 | -68.570 | -104.632 | -298.792 | -871.736 | -2.882.714,"-0,86% | -1,46% | -2,22% | -6,08% | -15,89% | -38,46%",,31ddías,4.613.210,4.653.046 | 4.681.780 | 4.717.842 | 4.912.002 | 5.484.946 | 7.495.924,Defensa
Víctor García,Levante,-58.533 | -118.120 | -185.783 | -465.215 | -1.056.388 | -3.009.708,"-2,48% | -4,88% | -7,46% | -16,80% | -31,44% | -56,65%",,33ddías,2.303.332,2.361.865 | 2.421.452 | 2.489.115 | 2.768.547 | 3.359.720 | 5.313.040,Defensa
Roger BruguéBrugui,Levante,-73.589 | -151.154 | -231.014 | -571.070 | -1.275.212 | -3.687.062,"-2,58% | -5,16% | -7,68% | -17,06% | -31,48% | -57,05%",,34ddías,2.776.266,2.849.855 | 2.927.420 | 3.007.280 | 3.347.336 | 4.051.478 | 6.463.328,Delantero
Manu Fernández,Celta,-3.059 | -6.749 | -10.694 | -24.212 | -49.143 | -153.380,"-0,72% | -1,58% | -2,48% | -5,44% | -10,45% | -26,71%",,33ddías,420.916,423.975 | 427.665 | 431.610 | 445.128 | 470.059 | 574.296,Defensa
Redondo,Elche,-25.076 | -51.586 | -80.438 | -199.971 | -439.717 | -1.276.538,"-2,44% | -4,89% | -7,42% | -16,62% | -30,47% | -55,99%",,33ddías,1.003.460,1.028.536 | 1.055.046 | 1.083.898 | 1.203.431 | 1.443.177 | 2.279.998,Mediocampista
Bigas,Elche,-137.612 | -277.519 | -429.124 | -1.027.938 | -1.921.022 | -3.444.434,"-2,19% | -4,33% | -6,54% | -14,36% | -23,85% | -35,97%",,28ddías,6.132.414,6.270.026 | 6.409.933 | 6.561.538 | 7.160.352 | 8.053.436 | 9.576.848,Defensa
Ugrinic,Valencia,-91.259 | -197.363 | -306.188 | -782.528 | -1.670.895 | -4.343.511,"-2,16% | -4,55% | -6,88% | -15,89% | -28,74% | -51,18%",,31ddías,4.143.117,4.234.376 | 4.340.480 | 4.449.305 | 4.925.645 | 5.814.012 | 8.486.628,Mediocampista
Gorrotxategi,Real Sociedad,-210.085 | -421.964 | -650.320 | -1.102.352 | -1.838.046 | -2.085.181,"-2,66% | -5,21% | -7,80% | -12,55% | -19,30% | -21,34%",,26ddías,7.684.474,7.894.559 | 8.106.438 | 8.334.794 | 8.786.826 | 9.522.520 | 9.769.655,Mediocampista
Oriol Rey,Levante,-19.189 | -40.951 | -63.627 | -160.342 | -360.346 | -1.059.401,"-2,24% | -4,66% | -7,05% | -16,05% | -30,06% | -55,82%",,33ddías,838.529,857.718 | 879.480 | 902.156 | 998.871 | 1.198.875 | 1.897.930,Mediocampista
C. Álvarez,Levante,+274.726 | +507.922 | +735.138 | +2.179.916 | +4.568.208 | +9.741.039,"+1,49% | +2,80% | +4,10% | +13,21% | +32,38% | +109,02%",,32ddías,18.675.836,18.401.110 | 18.167.914 | 17.940.698 | 16.495.920 | 14.107.628 | 8.934.797,Mediocampista
Jorge Cabello,Levante,-26.869 | -55.360 | -85.141 | -213.223 | +415.474 | +415.474,"-2,64% | -5,28% | -7,90% | -17,69% | 0% | 0%",,10ddías,992.350,1.019.219 | 1.047.710 | 1.077.491 | 1.205.573 | 0 | 0,Defensa
Youssef,Alavés,-6.777 | -14.339 | -22.318 | -53.723 | -117.922 | -344.411,"-1,31% | -2,73% | -4,19% | -9,53% | -18,78% | -40,30%",,25ddías,510.128,516.905 | 524.467 | 532.446 | 563.851 | 628.050 | 854.539,Defensa
Román,Celta,+12.806 | +193 | -43.811 | -276.865 | -968.901 | -3.259.152,"+0,25% | +0,00% | -0,85% | -5,16% | -15,99% | -39,03%",,1ddías,5.090.734,5.077.928 | 5.090.541 | 5.134.545 | 5.367.599 | 6.059.635 | 8.349.886,Mediocampista
Sancris,Getafe,-15.982 | -33.132 | -51.099 | -126.794 | -287.836 | -872.486,"-2,14% | -4,34% | -6,53% | -14,78% | -28,25% | -54,41%",,33ddías,731.050,747.032 | 764.182 | 782.149 | 857.844 | 1.018.886 | 1.603.536,Delantero
L. Sucic,Real Sociedad,-27.755 | -63.091 | -110.664 | -274.448 | -706.251 | -1.980.697,"-0,73% | -1,65% | -2,85% | -6,79% | -15,79% | -34,46%",,30ddías,3.767.381,3.795.136 | 3.830.472 | 3.878.045 | 4.041.829 | 4.473.632 | 5.748.078,Mediocampista
Olmo,Barcelona,-947.124 | -2.305.705 | -3.686.913 | -8.618.733 | -18.513.768 | -36.028.569,"-1,36% | -3,26% | -5,11% | -11,18% | -21,29% | 0%",,17ddías,68.451.161,69.398.285 | 70.756.866 | 72.138.074 | 77.069.894 | 86.964.929 | 0,Mediocampista
Benito,Osasuna,-11.042 | -23.046 | -35.653 | -87.578 | -196.835 | -613.669,"-1,77% | -3,63% | -5,50% | -12,51% | -24,32% | -50,05%",,33ddías,612.493,623.535 | 635.539 | 648.146 | 700.071 | 809.328 | 1.226.162,Delantero
Leo Román,Deportivo,+1.040.676 | +2.103.957 | +2.924.563 | +6.641.173 | +29.688.401 | +29.688.401,"+3,41% | +7,14% | +10,21% | +26,65% | 0% | 0%",,9ddías,31.556.823,30.516.147 | 29.452.866 | 28.632.260 | 24.915.650 | 0 | 0,Portero
Boiro,Athletic,-8.156 | -16.065 | -25.495 | -63.333 | -141.658 | -415.936,"-1,48% | -2,87% | -4,48% | -10,44% | -20,68% | -43,36%",,17ddías,543.225,551.381 | 559.290 | 568.720 | 606.558 | 684.883 | 959.161,Defensa
Jauregizar,Athletic,+349.318 | +642.081 | +963.680 | +2.461.947 | +5.233.319 | +11.310.998,"+1,34% | +2,49% | +3,78% | +10,25% | +24,64% | +74,59%",,32ddías,26.475.513,26.126.195 | 25.833.432 | 25.511.833 | 24.013.566 | 21.242.194 | 15.164.515,Mediocampista
Alvarez,Atlético,-267.183 | -598.562 | -1.281.850 | -4.148.291 | -6.847.616 | +21.685.460,"-0,38% | -0,85% | -1,80% | -5,61% | -8,94% | 0%",,14ddías,69.773.854,70.041.037 | 70.372.416 | 71.055.704 | 73.922.145 | 76.621.470 | 0,Delantero
Uche,Getafe,-908.665 | +13.901.586 | +13.901.586 | +13.901.586 | +13.901.586 | +13.901.586,"-3,30% | 0% | 0% | 0% | 0% | 0%",,1ddías,26.596.335,27.505.000 | 0 | 0 | 0 | 0 | 0,Delantero
Álvaro,Deportivo,-74.783 | -165.612 | -252.856 | -607.034 | -1.294.691 | -3.809.618,"-1,39% | -3,03% | -4,56% | -10,28% | -19,64% | -41,83%",,33ddías,5.298.067,5.372.850 | 5.463.679 | 5.550.923 | 5.905.101 | 6.592.758 | 9.107.685,Portero
Pedro Díaz,Rayo,-21.858 | -47.892 | -76.900 | -204.219 | -483.403 | -1.702.201,"-1,09% | -2,36% | -3,74% | -9,35% | -19,63% | -46,23%",,34ddías,1.979.522,2.001.380 | 2.027.414 | 2.056.422 | 2.183.741 | 2.462.925 | 3.681.723,Mediocampista
Toni Martinez,Alavés,-253.247 | -543.699 | -799.174 | -1.840.695 | -4.565.196 | +21.792.952,"-0,97% | -2,06% | -3,00% | -6,64% | -15,00% | 0%",,22ddías,25.876.945,26.130.192 | 26.420.644 | 26.676.119 | 27.717.640 | 30.442.141 | 0,Delantero
Bretones,Osasuna,+138.109 | +263.492 | +366.660 | +761.472 | +1.073.692 | +669.132,"+4,95% | +9,88% | +14,31% | +35,12% | +57,86% | +29,60%",,15ddías,2.929.515,2.791.406 | 2.666.023 | 2.562.855 | 2.168.043 | 1.855.823 | 2.260.383,Defensa
D. Llorente,Betis,+217.154 | +424.923 | +674.515 | +1.795.313 | +3.125.231 | +3.089.253,"+1,84% | +3,67% | +5,95% | +17,57% | +35,15% | +34,61%",,17ddías,12.016.207,11.799.053 | 11.591.284 | 11.341.692 | 10.220.894 | 8.890.976 | 8.926.954,Defensa
Pape Gueye,Villarreal,+914.528 | +1.661.006 | +2.407.009 | +5.248.969 | +3.455.965 | -5.078.935,"+2,09% | +3,87% | +5,71% | +13,35% | +8,41% | -10,23%",,8ddías,44.573.470,43.658.942 | 42.912.464 | 42.166.461 | 39.324.501 | 41.117.505 | 49.652.405,Mediocampista
Pépé,Villarreal,-485.935 | -1.088.562 | -1.865.401 | -5.162.776 | -13.051.678 | -41.501.754,"-0,95% | -2,11% | -3,56% | -9,28% | -20,55% | 0%",,18ddías,50.463.183,50.949.118 | 51.551.745 | 52.328.584 | 55.625.959 | 63.514.861 | 0,Delantero
Danjuma,Valencia,+114.924 | +192.275 | +252.941 | +258.114 | -79.248 | -1.261.731,"+2,53% | +4,31% | +5,75% | +5,88% | -1,68% | -21,35%",,5ddías,4.648.546,4.533.622 | 4.456.271 | 4.395.605 | 4.390.432 | 4.727.794 | 5.910.277,Delantero
Andrés Martín,Racing,-303.372 | -618.573 | -944.921 | -2.193.083 | -4.273.773 | +18.631.371,"-1,47% | -2,95% | -4,43% | -9,71% | -17,33% | 0%",,24ddías,20.382.679,20.686.051 | 21.001.252 | 21.327.600 | 22.575.762 | 24.656.452 | 0,Delantero
Kambwala,Villarreal,-27.954 | -60.411 | -93.401 | -233.304 | -525.461 | -1.540.740,"-2,07% | -4,38% | -6,61% | -15,02% | -28,48% | -53,87%",,33ddías,1.319.503,1.347.457 | 1.379.914 | 1.412.904 | 1.552.807 | 1.844.964 | 2.860.243,Defensa
Ejuke,Sevilla,-42.022 | -86.416 | -132.364 | -316.659 | -691.575 | -1.917.889,"-1,41% | -2,85% | -4,30% | -9,70% | -19,00% | -39,42%",,33ddías,2.947.456,2.989.478 | 3.033.872 | 3.079.820 | 3.264.115 | 3.639.031 | 4.865.345,Delantero
Musso,Atlético,-110.054 | -233.272 | -354.578 | -836.913 | -1.784.324 | -4.649.949,"-2,07% | -4,29% | -6,38% | -13,85% | -25,53% | -47,19%",,33ddías,5.203.870,5.313.924 | 5.437.142 | 5.558.448 | 6.040.783 | 6.988.194 | 9.853.819,Portero
Martín,Barcelona,+678.144 | +1.107.110 | +1.228.537 | -802.210 | -802.210 | -802.210,"+2,34% | +3,87% | +4,31% | -2,63% | -2,63% | -2,63%",,3ddías,29.715.386,29.037.242 | 28.608.276 | 28.486.849 | 30.517.596 | 30.517.596 | 30.517.596,Defensa
Cucho,Betis,-788.402 | -1.708.406 | -2.661.915 | -6.200.018 | -6.056.629 | +8.366.023,"-1,59% | -3,38% | -5,18% | -11,28% | -11,05% | +20,71%",,9ddías,48.765.737,49.554.139 | 50.474.143 | 51.427.652 | 54.965.755 | 54.822.366 | 40.399.714,Delantero
Szczesny,Barcelona,-60.773 | -127.730 | -194.768 | -467.539 | -467.539 | -467.539,"-2,17% | -4,45% | -6,63% | -14,57% | -14,57% | -14,57%",,6ddías,2.740.861,2.801.634 | 2.868.591 | 2.935.629 | 3.208.400 | 3.208.400 | 3.208.400,Portero
Buchanan,Villarreal,-76.720 | -120.928 | -95.819 | +111.855 | +1.310.446 | +4.588.731,"-0,39% | -0,61% | -0,48% | +0,57% | +7,11% | +30,29%",,2ddías,19.738.221,19.814.941 | 19.859.149 | 19.834.040 | 19.626.366 | 18.427.775 | 15.149.490,Mediocampista
Valera,Elche,-136.590 | -363.031 | -542.532 | -1.304.391 | -3.186.911 | -39.298.491,"-0,57% | -1,50% | -2,23% | -5,19% | -11,80% | 0%",,24ddías,23.830.886,23.967.476 | 24.193.917 | 24.373.418 | 25.135.277 | 27.017.797 | 0,Mediocampista
Antony,Betis,-718.321 | -1.589.161 | -2.550.485 | -6.272.324 | -15.355.558 | -12.575.517,"-1,15% | -2,50% | -3,96% | -9,20% | -19,88% | -16,89%",,20ddías,61.899.395,62.617.716 | 63.488.556 | 64.449.880 | 68.171.719 | 77.254.953 | 74.474.912,Delantero
Sannadi,Athletic,-4.326 | -9.335 | -14.655 | -34.269 | -72.584 | -216.856,"-0,95% | -2,03% | -3,15% | -7,06% | -13,85% | -32,45%",,33ddías,451.321,455.647 | 460.656 | 465.976 | 485.590 | 523.905 | 668.177,Delantero
Vargas,Sevilla,-14.799 | -127.194 | -279.306 | +23.080.858 | +23.080.858 | +23.080.858,"-0,05% | -0,45% | -0,99% | 0% | 0% | 0%",,5ddías,28.011.813,28.026.612 | 28.139.007 | 28.291.119 | 0 | 0 | 0,Delantero
Roberto,Espanyol,+126.481 | +206.717 | +241.596 | +186.073 | -191.304 | -1.234.930,"+2,23% | +3,69% | +4,35% | +3,31% | -3,19% | -17,55%",,3ddías,5.801.807,5.675.326 | 5.595.090 | 5.560.211 | 5.615.734 | 5.993.111 | 7.036.737,Delantero
Asencio,Real Madrid,-180.139 | -370.541 | -563.806 | -1.386.596 | -2.674.441 | -6.146.100,"-3,08% | -6,14% | -9,06% | -19,68% | -32,09% | -52,06%",,33ddías,5.660.511,5.840.650 | 6.031.052 | 6.224.317 | 7.047.107 | 8.334.952 | 11.806.611,Defensa
Serrano,Atlético,-3.914 | -8.493 | -13.365 | -30.994 | -64.950 | -202.653,"-0,88% | -1,89% | -2,94% | -6,56% | -12,83% | -31,46%",,33ddías,441.420,445.334 | 449.913 | 454.785 | 472.414 | 506.370 | 644.073,Mediocampista
Etta Eyong,Levante,+622.595 | +1.250.382 | +1.761.150 | +4.707.285 | +7.841.545 | +12.321.499,"+2,82% | +5,83% | +8,42% | +26,19% | +52,85% | +118,95%",,32ddías,22.680.165,22.057.570 | 21.429.783 | 20.919.015 | 17.972.880 | 14.838.620 | 10.358.666,Delantero
Bernal,Barcelona,+295.302 | +611.367 | +889.833 | +1.678.341 | +1.439.218 | +1.439.218,"+6,21% | +13,76% | +21,37% | +49,73% | +39,82% | +39,82%",,7ddías,5.053.142,4.757.840 | 4.441.775 | 4.163.309 | 3.374.801 | 3.613.924 | 3.613.924,Mediocampista
Pau Navarro,Villarreal,-91.151 | -221.131 | -331.461 | -808.391 | -2.133.834 | -5.898.902,"-0,94% | -2,24% | -3,32% | -7,73% | -18,11% | -37,94%",,33ddías,9.648.755,9.739.906 | 9.869.886 | 9.980.216 | 10.457.146 | 11.782.589 | 15.547.657,Defensa
Óskarsson,Real Sociedad,-156.978 | -305.718 | -472.939 | -1.075.499 | -2.397.350 | -6.362.790,"-1,79% | -3,42% | -5,19% | -11,07% | -21,73% | -42,42%",,33ddías,8.636.120,8.793.098 | 8.941.838 | 9.109.059 | 9.711.619 | 11.033.470 | 14.998.910,Delantero
Lo Celso,Betis,+448.615 | +960.846 | +1.514.058 | +4.485.070 | +10.216.691 | +20.931.703,"+1,10% | +2,38% | +3,80% | +12,15% | +32,78% | +102,34%",,32ddías,41.384.903,40.936.288 | 40.424.057 | 39.870.845 | 36.899.833 | 31.168.212 | 20.453.200,Mediocampista
Logan Costa,Villarreal,-24.808 | -52.470 | -81.171 | -220.586 | -506.030 | -1.453.083,"-1,70% | -3,53% | -5,36% | -13,34% | -26,10% | -50,35%",,33ddías,1.433.113,1.457.921 | 1.485.583 | 1.514.284 | 1.653.699 | 1.939.143 | 2.886.196,Defensa
Aramburu,Real Sociedad,+269.448 | +542.617 | +814.551 | +2.555.181 | +4.944.960 | +8.290.215,"+1,73% | +3,55% | +5,42% | +19,24% | +45,41% | +109,90%",,32ddías,15.833.474,15.564.026 | 15.290.857 | 15.018.923 | 13.278.293 | 10.888.514 | 7.543.259,Defensa
Hugo Álvarez,Celta,-48.825 | -106.010 | -177.833 | -471.305 | -1.098.138 | -3.050.035,"-1,46% | -3,11% | -5,12% | -12,50% | -24,98% | -48,04%",,33ddías,3.298.387,3.347.212 | 3.404.397 | 3.476.220 | 3.769.692 | 4.396.525 | 6.348.422,Mediocampista
Durán,Celta,-36.431 | -74.752 | -114.629 | -282.604 | -607.054 | -1.597.529,"-2,79% | -5,56% | -8,28% | -18,21% | -32,36% | -55,73%",,33ddías,1.269.046,1.305.477 | 1.343.798 | 1.383.675 | 1.551.650 | 1.876.100 | 2.866.575,Delantero
Natan,Betis,+428.011 | +814.525 | +1.330.118 | +4.234.628 | +9.267.030 | +18.319.215,"+1,00% | +1,91% | +3,16% | +10,82% | +27,17% | +73,10%",,31ddías,43.379.393,42.951.382 | 42.564.868 | 42.049.275 | 39.144.765 | 34.112.363 | 25.060.178,Defensa
Riedel,Espanyol,-57.676 | -235.062 | -427.390 | -427.390 | -427.390 | -427.390,"-1,12% | -4,41% | -7,74% | -7,74% | -7,74% | -7,74%",,3ddías,5.093.228,5.150.904 | 5.328.290 | 5.520.618 | 5.520.618 | 5.520.618 | 5.520.618,Defensa
Carlos Soler,Real Sociedad,-98.282 | -353.049 | -606.482 | -1.565.745 | -3.613.411 | -7.810.873,"-0,32% | -1,13% | -1,92% | -4,82% | -10,47% | -20,17%",,33ddías,30.907.308,31.005.590 | 31.260.357 | 31.513.790 | 32.473.053 | 34.520.719 | 38.718.181,Mediocampista
Sergio Gómez,Real Sociedad,-103.440 | -215.740 | -350.070 | -939.642 | -2.415.252 | -6.527.732,"-0,56% | -1,16% | -1,87% | -4,87% | -11,62% | -26,22%",,33ddías,18.368.625,18.472.065 | 18.584.365 | 18.718.695 | 19.308.267 | 20.783.877 | 24.896.357,Defensa
Dumfries,Real Madrid,+322.825 | +855.412 | +1.552.495 | +6.483.577 | +16.515.392 | 0,"+0,49% | +1,31% | +2,39% | +10,82% | +33,11% | 0%",,20ddías,66.396.560,66.073.735 | 65.541.148 | 64.844.065 | 59.912.983 | 49.881.168 | 0,Defensa
Bernardo Silva,Real Madrid,+1.674.796 | +2.887.263 | +3.748.862 | 0 | 0 | 0,"+4,08% | +7,25% | +9,63% | 0% | 0% | 0%",,4ddías,42.695.953,41.021.157 | 39.808.690 | 38.947.091 | 0 | 0 | 0,Mediocampista
Hjulmand,Atlético,-35.939 | -267.945 | -565.017 | -1.899.967 | 0 | 0,"-0,11% | -0,80% | -1,67% | -5,41% | 0% | 0%",,8ddías,33.193.432,33.229.371 | 33.461.377 | 33.758.449 | 35.093.399 | 0 | 0,Mediocampista
Calatrava,Espanyol,+73.636 | +115.484 | +169.458 | +296.559 | 0 | 0,"+2,14% | +3,39% | +5,06% | +9,20% | 0% | 0%",,8ddías,3.519.614,3.445.978 | 3.404.130 | 3.350.156 | 3.223.055 | 0 | 0,Delantero
Aubameyang,Deportivo,+1.465.870 | +2.884.450 | +4.030.592 | +9.158.081 | 0 | 0,"+6,67% | +14,04% | +20,77% | +64,15% | 0% | 0%",,9ddías,23.433.171,21.967.301 | 20.548.721 | 19.402.579 | 14.275.090 | 0 | 0,Delantero
Konaté,Real Madrid,+1.749.827 | +3.324.725 | +4.661.944 | +11.031.074 | 0 | 0,"+4,25% | +8,40% | +12,19% | +34,61% | 0% | 0%",,10ddías,42.902.150,41.152.323 | 39.577.425 | 38.240.206 | 31.871.076 | 0 | 0,Defensa
Cucurella,Real Madrid,+2.756.187 | +5.530.221 | +8.130.414 | +20.396.331 | 0 | 0,"+3,67% | +7,64% | +11,65% | +35,47% | 0% | 0%",,11ddías,77.901.249,75.145.062 | 72.371.028 | 69.770.835 | 57.504.918 | 0 | 0,Defensa
Hartman,Espanyol,-147.616 | -305.165 | -497.976 | -1.303.983 | -3.099.222 | 0,"-1,45% | -2,96% | -4,74% | -11,52% | -23,63% | 0%",,17ddías,10.015.752,10.163.368 | 10.320.917 | 10.513.728 | 11.319.735 | 13.114.974 | 0,Defensa
Yeremay,Deportivo,+238.341 | +593.846 | +1.109.082 | +5.516.811 | +18.479.095 | 0,"+0,41% | +1,02% | +1,91% | +10,30% | +45,51% | 0%",,21ddías,59.087.380,58.849.039 | 58.493.534 | 57.978.298 | 53.570.569 | 40.608.285 | 0,Delantero
De Haas,Valencia,-31.099 | -322.250 | 0 | 0 | 0 | 0,"-0,37% | -3,68% | 0% | 0% | 0% | 0%",,2ddías,8.423.308,8.454.407 | 8.745.558 | 0 | 0 | 0 | 0,Defensa
Larrubia,Málaga,+1.308.334 | +2.481.410 | +3.748.469 | +9.115.659 | +18.808.119 | 0,"+2,50% | +4,85% | +7,51% | +20,45% | +53,92% | 0%",,23ddías,53.691.232,52.382.898 | 51.209.822 | 49.942.763 | 44.575.573 | 34.883.113 | 0,Mediocampista
Chupete,Málaga,+1.248.776 | +2.526.159 | +3.644.663 | +9.049.158 | +18.304.813 | 0,"+2,49% | +5,18% | +7,64% | +21,40% | +55,41% | 0%",,24ddías,51.339.745,50.090.969 | 48.813.586 | 47.695.082 | 42.290.587 | 33.034.932 | 0,Delantero
Guliashvili,Racing,-78.827 | -165.879 | -254.526 | -632.464 | -1.399.001 | -3.695.337,"-2,95% | -6,01% | -8,94% | -19,62% | -35,05% | -58,78%",,33ddías,2.591.896,2.670.723 | 2.757.775 | 2.846.422 | 3.224.360 | 3.990.897 | 6.287.233,Delantero
Arana,Racing,-15.856 | -31.562 | -44.428 | -89.591 | -186.869 | -574.937,"-1,79% | -3,51% | -4,87% | -9,36% | -17,72% | -39,85%",,33ddías,867.898,883.754 | 899.460 | 912.326 | 957.489 | 1.054.767 | 1.442.835,Delantero
Sivera,Alavés,+799.398 | +1.579.359 | +2.241.243 | +5.195.399 | +8.889.284 | +14.079.001,"+2,87% | +5,82% | +8,47% | +22,10% | +44,87% | +96,29%",,31ddías,28.700.083,27.900.685 | 27.120.724 | 26.458.840 | 23.504.684 | 19.810.799 | 14.621.082,Portero
Puerta,Racing,+128.129 | +325.882 | +429.446 | +1.365.157 | +2.008.980 | +319.621,"+1,15% | +2,98% | +3,97% | +13,81% | +21,74% | +2,92%",,12ddías,11.250.887,11.122.758 | 10.925.005 | 10.821.441 | 9.885.730 | 9.241.907 | 10.931.266,Mediocampista
Gueye,Racing,-47.445 | -105.840 | -172.593 | -398.419 | -929.885 | -2.853.896,"-1,08% | -2,38% | -3,82% | -8,40% | -17,63% | -39,64%",,29ddías,4.345.447,4.392.892 | 4.451.287 | 4.518.040 | 4.743.866 | 5.275.332 | 7.199.343,Mediocampista
Facundo GonzálezFacu González,Racing,-18.756 | -42.474 | -62.476 | -156.817 | -388.396 | -384.544,"-0,60% | -1,34% | -1,96% | -4,78% | -11,06% | 0%",,9ddías,3.124.644,3.143.400 | 3.167.118 | 3.187.120 | 3.281.461 | 3.513.040 | 0,Defensa
Amatucci,Deportivo,-102.179 | -520.482 | 0 | 0 | 0 | 0,"-0,84% | -4,14% | 0% | 0% | 0% | 0%",,2ddías,12.051.258,12.153.437 | 12.571.740 | 0 | 0 | 0 | 0,Mediocampista
Dieng,Valencia,-95.131 | -284.379 | 0 | 0 | 0 | 0,"-1,73% | -5,00% | 0% | 0% | 0% | 0%",,2ddías,5.400.234,5.495.365 | 5.684.613 | 0 | 0 | 0 | 0,Mediocampista
Sainz-Maza,Racing,-21.659 | -43.520 | -67.973 | -158.561 | -350.029 | -1.017.507,"-2,39% | -4,69% | -7,14% | -15,20% | -28,36% | -53,50%",,33ddías,884.339,905.998 | 927.859 | 952.312 | 1.042.900 | 1.234.368 | 1.901.846,Defensa
Luis Castro,Levante,-53.010 | -108.732 | -166.877 | -420.739 | -613.930 | +115.796,"-3,17% | -6,29% | -9,34% | -20,62% | -27,49% | 0%",,13ddías,1.619.733,1.672.743 | 1.728.465 | 1.786.610 | 2.040.472 | 2.233.663 | 0,
Carlos Corberán,Valencia,-19.511 | -40.098 | -61.885 | -154.518 | -353.152 | -86.599,"-2,34% | -4,69% | -7,05% | -15,93% | -30,21% | 0%",,15ddías,815.762,835.273 | 855.860 | 877.647 | 970.280 | 1.168.914 | 0,
Luis García,Sevilla,-29.334 | -60.393 | -92.848 | -232.789 | -139.781 | +249.404,"-2,71% | -5,43% | -8,11% | -18,13% | -11,73% | 0%",,12ddías,1.051.503,1.080.837 | 1.111.896 | 1.144.351 | 1.284.292 | 1.191.284 | 0,
Pellegrino Matarazzo,Real Sociedad,-189.532 | -382.876 | -597.074 | -1.510.444 | -2.302.142 | +130.289,"-3,55% | -6,93% | -10,40% | -22,70% | -30,92% | 0%",,13ddías,5.143.415,5.332.947 | 5.526.291 | 5.740.489 | 6.653.859 | 7.445.557 | 0,
José Mourinho,Real Madrid,-626.028 | -1.306.840 | -2.007.911 | -5.101.299 | +1.316.908 | 0,"-3,39% | -6,83% | -10,13% | -22,26% | +7,98% | 0%",,10ddías,17.819.270,18.445.298 | 19.126.110 | 19.827.181 | 22.920.569 | 16.502.362 | 0,
Beñat San José,Rayo,-72.987 | -149.517 | -229.338 | -579.320 | +613.958 | 0,"-3,36% | -6,65% | -9,85% | -21,63% | +41,34% | 0%",,8ddías,2.099.168,2.172.155 | 2.248.685 | 2.328.506 | 2.678.488 | 1.485.210 | 0,
José Alberto López,Racing,-35.226 | -72.423 | -111.272 | -279.566 | +1.641 | +390.826,"-2,87% | -5,72% | -8,53% | -18,99% | +0,14% | 0%",,11ddías,1.192.925,1.228.151 | 1.265.348 | 1.304.197 | 1.472.491 | 1.191.284 | 0,
Luis Miguel Ramis,Osasuna,-62.812 | -128.744 | -197.525 | -498.549 | +369.766 | 0,"-3,28% | -6,49% | -9,62% | -21,18% | +24,90% | 0%",,9ddías,1.854.976,1.917.788 | 1.983.720 | 2.052.501 | 2.353.525 | 1.485.210 | 0,
Juan Funes,Málaga,-53.885 | -110.518 | -169.613 | -427.685 | +151.624 | +638.108,"-3,18% | -6,31% | -9,37% | -20,68% | +10,18% | 0%",,10ddías,1.640.733,1.694.618 | 1.751.251 | 1.810.346 | 2.068.418 | 1.489.109 | 0,
Pepe Bordalás,Getafe,-2.430.413 | -4.949.576 | -11.015.464 | +117.876 | +50.540.315 | +53.664.266,"-3,98% | -7,78% | -15,81% | +0,20% | +621,11% | 0%",,3ddías,58.677.392,61.107.805 | 63.626.968 | 69.692.856 | 58.559.516 | 8.137.077 | 0,
Moscardo,Espanyol,-380.075 | 0 | 0 | 0 | 0 | 0,"-3,31% | 0% | 0% | 0% | 0% | 0%",,1ddías,11.119.925,11.500.000 | 0 | 0 | 0 | 0 | 0,Mediocampista
Manolo González,Espanyol,-44.594 | -90.499 | -139.469 | -352.640 | -815.918 | -86.192,"-3,05% | -6,00% | -8,96% | -19,92% | -36,53% | 0%",,14ddías,1.417.745,1.462.339 | 1.508.244 | 1.557.214 | 1.770.385 | 2.233.663 | 0,
Antonio Hidalgo,Deportivo,-74.119 | -151.829 | -232.879 | -588.309 | -107.312 | +622.414,"-3,37% | -6,66% | -9,87% | -21,67% | -4,80% | 0%",,11ddías,2.126.351,2.200.470 | 2.278.180 | 2.359.230 | 2.714.660 | 2.233.663 | 0,
Claudio Giráldez,Celta,-112.240 | -101.425 | -211.583 | -693.587 | -1.782.368 | -1.902.872,"-3,48% | -3,16% | -6,37% | -18,23% | -36,43% | 0%",,1ddías,3.110.254,3.222.494 | 3.211.679 | 3.321.837 | 3.803.841 | 4.892.622 | 0,
Manuel Pellegrini,Betis,-184.834 | -304.355 | -511.349 | -1.394.960 | -3.378.869 | -1.411.068,"-3,19% | -5,15% | -8,36% | -19,92% | -37,60% | 0%",,15ddías,5.607.309,5.792.143 | 5.911.664 | 6.118.658 | 7.002.269 | 8.986.178 | 0,
Hansi Flick,Barcelona,-331.968 | -160.092 | -484.690 | -1.941.854 | -4.989.382 | -3.045.043,"-2,69% | -1,32% | -3,88% | -13,93% | -29,38% | 0%",,1ddías,11.994.339,12.326.307 | 12.154.431 | 12.479.029 | 13.936.193 | 16.983.721 | 0,
Diego Simeone,Atlético,-223.077 | -248.119 | -486.964 | -1.564.086 | -3.903.345 | -2.694.751,"-2,95% | -3,27% | -6,23% | -17,58% | -34,74% | 0%",,16ddías,7.331.503,7.554.580 | 7.579.622 | 7.818.467 | 8.895.589 | 11.234.848 | 0,
Edin Terzic,Athletic,-427.036 | -872.368 | -1.336.358 | -3.387.448 | +1.685.085 | 0,"-3,87% | -7,61% | -11,20% | -24,22% | +18,91% | 0%",,9ddías,10.596.358,11.023.394 | 11.468.726 | 11.932.716 | 13.983.806 | 8.911.273 | 0,
Quique Sánchez,Alavés,-29.334 | -60.393 | -92.848 | -232.789 | -139.781 | +249.404,"-2,71% | -5,43% | -8,11% | -18,13% | -11,73% | 0%",,12ddías,1.051.503,1.080.837 | 1.111.896 | 1.144.351 | 1.284.292 | 1.191.284 | 0,
Hernando,Racing,-11.064 | -26.006 | -39.873 | -83.552 | -281.050 | -1.394.435,"-0,56% | -1,32% | -2,00% | -4,11% | -12,59% | -41,68%",,33ddías,1.950.772,1.961.836 | 1.976.778 | 1.990.645 | 2.034.324 | 2.231.822 | 3.345.207,Defensa
Mantilla,Racing,+42.589 | +79.292 | +122.701 | +261.544 | +278.574 | -460.391,"+1,78% | +3,37% | +5,31% | +12,05% | +12,94% | -15,92%",,10ddías,2.431.523,2.388.934 | 2.352.231 | 2.308.822 | 2.169.979 | 2.152.949 | 2.891.914,Defensa
Mikautadze,Villarreal,+837.205 | +1.522.647 | +2.018.009 | +3.656.855 | +4.821.031 | +8.863.202,"+1,51% | +2,79% | +3,73% | +6,97% | +9,39% | +18,74%",,26ddías,56.155.576,55.318.371 | 54.632.929 | 54.137.567 | 52.498.721 | 51.334.545 | 47.292.374,Delantero
Freeman,Villarreal,-42.773 | -84.572 | -129.925 | -352.248 | -738.639 | -2.175.441,"-1,53% | -2,97% | -4,49% | -11,31% | -21,10% | -44,06%",,33ddías,2.761.626,2.804.399 | 2.846.198 | 2.891.551 | 3.113.874 | 3.500.265 | 4.937.067,Defensa
Loureiro,Deportivo,+13.436 | +7.697 | -2.276 | -44.334 | -285.079 | -723.485,"+0,36% | +0,20% | -0,06% | -1,16% | -6,99% | -16,02%",,1ddías,3.793.458,3.780.022 | 3.785.761 | 3.795.734 | 3.837.792 | 4.078.537 | 4.516.943,Defensa
Quagliata,Deportivo,+26.842 | +71.964 | +124.067 | +336.116 | +344.538 | -530.458,"+0,84% | +2,27% | +3,98% | +11,57% | +11,89% | -14,06%",,10ddías,3.241.242,3.214.400 | 3.169.278 | 3.117.175 | 2.905.126 | 2.896.704 | 3.771.700,Defensa
Germán Parreño,Deportivo,-13.588 | -29.041 | -29.041 | -29.041 | -29.041 | -29.041,"-1,98% | -4,13% | -4,13% | -4,13% | -4,13% | -4,13%",,2ddías,673.592,687.180 | 702.633 | 702.633 | 702.633 | 702.633 | 702.633,Portero
Vecino,Celta,-65.999 | -135.917 | -208.351 | -520.072 | -1.168.361 | -3.335.081,"-2,65% | -5,30% | -7,90% | -17,64% | -32,48% | -57,86%",,33ddías,2.428.972,2.494.971 | 2.564.889 | 2.637.323 | 2.949.044 | 3.597.333 | 5.764.053,Mediocampista
Vargas,Atlético,-7.724 | -32.763 | -57.933 | -160.846 | -373.468 | -1.050.593,"-0,79% | -3,28% | -5,66% | -14,27% | -27,87% | -52,09%",,33ddías,966.378,974.102 | 999.141 | 1.024.311 | 1.127.224 | 1.339.846 | 2.016.971,Mediocampista
Lookman,Atlético,+1.673.189 | +3.157.197 | +4.844.745 | +12.314.627 | +23.552.914 | +42.802.078,"+2,25% | +4,34% | +6,82% | +19,36% | +44,97% | 0%",,20ddías,75.923.343,74.250.154 | 72.766.146 | 71.078.598 | 63.608.716 | 52.370.429 | 0,Delantero
Tete Morente,Elche,-55.311 | -116.714 | -179.944 | -449.208 | -1.001.372 | -2.943.582,"-2,35% | -4,83% | -7,26% | -16,35% | -30,35% | -56,16%",,33ddías,2.298.293,2.353.604 | 2.415.007 | 2.478.237 | 2.747.501 | 3.299.665 | 5.241.875,Delantero
Fidalgo,Betis,-48.647 | -107.294 | -163.434 | -388.357 | -789.191 | -2.006.762,"-1,62% | -3,50% | -5,24% | -11,61% | -21,06% | -40,43%",,30ddías,2.957.273,3.005.920 | 3.064.567 | 3.120.707 | 3.345.630 | 3.746.464 | 4.964.035,Mediocampista
Cepeda,Elche,-18.129 | -37.781 | -55.919 | -140.831 | -332.194 | -1.132.946,"-1,55% | -3,19% | -4,64% | -10,92% | -22,44% | -49,66%",,33ddías,1.148.326,1.166.455 | 1.186.107 | 1.204.245 | 1.289.157 | 1.480.520 | 2.281.272,Delantero
Comas,Deportivo,-20.678 | -40.264 | -63.224 | -159.686 | -357.209 | -1.055.405,"-2,39% | -4,55% | -6,97% | -15,91% | -29,74% | -55,57%",,33ddías,843.758,864.436 | 884.022 | 906.982 | 1.003.444 | 1.200.967 | 1.899.163,Defensa
Ángel Pérez,Alavés,-132.298 | -274.949 | -431.852 | -989.340 | -2.304.285 | -7.164.242,"-1,77% | -3,62% | -5,56% | -11,89% | -23,92% | -49,43%",,33ddías,7.329.571,7.461.869 | 7.604.520 | 7.761.423 | 8.318.911 | 9.633.856 | 14.493.813,Delantero
Puric,Atlético,-4.192 | -9.061 | -14.235 | -33.203 | -70.100 | -218.706,"-0,93% | -1,98% | -3,08% | -6,90% | -13,53% | -32,80%",,33ddías,448.100,452.292 | 457.161 | 462.335 | 481.303 | 518.200 | 666.806,Defensa
Boñar,Atlético,-4.696 | -10.090 | -15.811 | -37.203 | -75.964 | -206.849,"-1,01% | -2,15% | -3,32% | -7,48% | -14,17% | -31,01%",,27ddías,460.188,464.884 | 470.278 | 475.999 | 497.391 | 536.152 | 667.037,Defensa
Dani Martínez,Atlético,-3.233 | -7.103 | -11.236 | -25.587 | -46.071 | -151.305,"-0,75% | -1,64% | -2,58% | -5,68% | -9,78% | -26,25%",,13ddías,425.069,428.302 | 432.172 | 436.305 | 450.656 | 471.140 | 576.374,Defensa
Bardghji,Barcelona,-103.764 | -209.944 | -322.624 | -793.698 | -1.112.209 | -1.112.209,"-2,72% | -5,36% | -8,01% | -17,64% | -23,08% | -23,08%",,9ddías,3.706.356,3.810.120 | 3.916.300 | 4.028.980 | 4.500.054 | 4.818.565 | 4.818.565,Delantero
Laporte,Athletic,+717.027 | +1.598.226 | +2.416.867 | +7.789.449 | +20.879.702 | +55.009.990,"+1,20% | +2,71% | +4,16% | +14,77% | +52,67% | 0%",,24ddías,60.521.318,59.804.291 | 58.923.092 | 58.104.451 | 52.731.869 | 39.641.616 | 0,Defensa
Alemão,Rayo,-66.794 | -137.550 | -214.747 | -520.778 | -1.070.931 | -2.839.400,"-1,64% | -3,32% | -5,08% | -11,50% | -21,08% | -41,46%",,33ddías,4.008.828,4.075.622 | 4.146.378 | 4.223.575 | 4.529.606 | 5.079.759 | 6.848.228,Delantero
Diangana,Elche,-23.705 | -49.584 | -76.241 | -187.853 | -406.919 | -1.347.352,"-1,65% | -3,38% | -5,11% | -11,71% | -22,31% | -48,75%",,33ddías,1.416.630,1.440.335 | 1.466.214 | 1.492.871 | 1.604.483 | 1.823.549 | 2.763.982,Delantero
Noubi,Deportivo,+265.964 | +540.137 | +757.097 | +1.725.570 | +2.896.361 | +2.811.666,"+2,53% | +5,27% | +7,55% | +19,04% | +36,69% | +35,24%",,15ddías,10.790.068,10.524.104 | 10.249.931 | 10.032.971 | 9.064.498 | 7.893.707 | 7.978.402,Defensa
Barcia,Deportivo,-30.883 | -61.650 | -98.453 | -245.241 | -519.440 | -1.379.833,"-2,00% | -3,91% | -6,11% | -13,95% | -25,55% | -47,69%",,33ddías,1.513.345,1.544.228 | 1.574.995 | 1.611.798 | 1.758.586 | 2.032.785 | 2.893.178,Defensa
Eriksson,Racing,+56.713 | +103.640 | +166.313 | +418.839 | +574.704 | -150.412,"+2,04% | +3,79% | +6,23% | +17,33% | +25,42% | -5,04%",,12ddías,2.835.370,2.778.657 | 2.731.730 | 2.669.057 | 2.416.531 | 2.260.666 | 2.985.782,Portero
Puga,Málaga,-51.757 | -118.790 | -198.697 | -555.924 | -1.367.745 | -3.140.862,"-0,91% | -2,06% | -3,39% | -8,95% | -19,47% | -35,70%",,28ddías,5.658.234,5.709.991 | 5.777.024 | 5.856.931 | 6.214.158 | 7.025.979 | 8.799.096,Defensa
Haitam,Málaga,-4.196 | -9.069 | -14.247 | -33.232 | -70.167 | -218.914,"-0,93% | -1,98% | -3,08% | -6,90% | -13,54% | -32,82%",,33ddías,448.189,452.385 | 457.258 | 462.436 | 481.421 | 518.356 | 667.103,Delantero
Lobete,Málaga,-23.853 | -47.826 | -74.102 | -178.525 | -377.958 | -1.012.408,"-2,53% | -4,94% | -7,45% | -16,25% | -29,12% | -52,39%",,33ddías,919.952,943.805 | 967.778 | 994.054 | 1.098.477 | 1.297.910 | 1.932.360,Delantero
Joaquín,Málaga,-143.148 | -295.463 | -476.257 | -1.088.199 | -2.260.909 | -6.170.223,"-1,84% | -3,73% | -5,87% | -12,48% | -22,85% | -44,71%",,33ddías,7.631.778,7.774.926 | 7.927.241 | 8.108.035 | 8.719.977 | 9.892.687 | 13.802.001,Delantero
Enríquez,Málaga,-21.509 | -44.003 | -68.343 | -161.726 | -337.719 | -983.693,"-2,29% | -4,57% | -6,92% | -14,96% | -26,86% | -51,68%",,33ddías,919.567,941.076 | 963.570 | 987.910 | 1.081.293 | 1.257.286 | 1.903.260,Mediocampista
Lorenzo,Málaga,+137.342 | +242.128 | +402.466 | +805.645 | +614.088 | -1.719.177,"+1,52% | +2,72% | +4,60% | +9,65% | +7,19% | -15,81%",,8ddías,9.156.546,9.019.204 | 8.914.418 | 8.754.080 | 8.350.901 | 8.542.458 | 10.875.723,Mediocampista
Merino,Málaga,-78.372 | -144.603 | -229.269 | -544.391 | -1.205.993 | -3.383.444,"-1,15% | -2,09% | -3,28% | -7,45% | -15,13% | -33,34%",,29ddías,6.765.603,6.843.975 | 6.910.206 | 6.994.872 | 7.309.994 | 7.971.596 | 10.149.047,Mediocampista
Dani Sánchez,Málaga,-18.773 | -41.123 | -64.507 | -151.048 | -325.496 | -970.531,"-2,15% | -4,60% | -7,03% | -15,04% | -27,62% | -53,22%",,33ddías,853.062,871.835 | 894.185 | 917.569 | 1.004.110 | 1.178.558 | 1.823.593,Defensa
Murillo,Málaga,-77.399 | -158.293 | -243.633 | -595.215 | -1.303.054 | -3.359.475,"-2,92% | -5,79% | -8,65% | -18,78% | -33,61% | -56,62%",,33ddías,2.573.434,2.650.833 | 2.731.727 | 2.817.067 | 3.168.649 | 3.876.488 | 5.932.909,Defensa
Carlos López,Málaga,-2.175 | -4.943 | -7.928 | -17.189 | -22.233 | -82.101,"-0,54% | -1,22% | -1,94% | -4,12% | -5,27% | -17,04%",,8ddías,399.683,401.858 | 404.626 | 407.611 | 416.872 | 421.916 | 481.784,Portero
Ximo,Deportivo,-54.249 | -112.013 | -174.705 | -479.777 | -910.584 | -910.584,"-0,96% | -1,96% | -3,02% | -7,87% | -13,96% | -13,96%",,9ddías,5.613.889,5.668.138 | 5.725.902 | 5.788.594 | 6.093.666 | 6.524.473 | 6.524.473,Defensa
Herrero,Málaga,+31.643 | +3.813 | -11.892 | +58.030 | +909.251 | +1.213.744,"+0,44% | +0,05% | -0,16% | +0,81% | +14,43% | +20,24%",,1ddías,7.209.668,7.178.025 | 7.205.855 | 7.221.560 | 7.151.638 | 6.300.417 | 5.995.924,Portero
Eddahchouri,Deportivo,-37.849 | -82.323 | -129.450 | -333.056 | -666.593 | -1.756.631,"-1,76% | -3,75% | -5,77% | -13,61% | -23,97% | -45,38%",,33ddías,2.114.297,2.152.146 | 2.196.620 | 2.243.747 | 2.447.353 | 2.780.890 | 3.870.928,Delantero
Luismi,Deportivo,-66.769 | -160.879 | -270.120 | -710.565 | -1.700.836 | -3.430.664,"-1,10% | -2,61% | -4,31% | -10,60% | -22,11% | -36,41%",,28ddías,5.991.327,6.058.096 | 6.152.206 | 6.261.447 | 6.701.892 | 7.692.163 | 9.421.991,Delantero
Patino,Deportivo,-9.022 | -18.923 | -29.338 | -71.548 | -159.471 | -481.905,"-1,57% | -3,25% | -4,94% | -11,26% | -22,04% | -46,07%",,33ddías,564.024,573.046 | 582.947 | 593.362 | 635.572 | 723.495 | 1.045.929,Mediocampista
Mario,Deportivo,+353.488 | +666.235 | +938.680 | +2.615.251 | +4.950.230 | +8.048.333,"+1,53% | +2,92% | +4,17% | +12,54% | +26,72% | +52,18%",,32ddías,23.473.813,23.120.325 | 22.807.578 | 22.535.133 | 20.858.562 | 18.523.583 | 15.425.480,Mediocampista
Jurado,Deportivo,-31.483 | -65.707 | -103.364 | -261.972 | -579.788 | -1.671.796,"-2,52% | -5,12% | -7,82% | -17,70% | -32,25% | -57,85%",,33ddías,1.218.100,1.249.583 | 1.283.807 | 1.321.464 | 1.480.072 | 1.797.888 | 2.889.896,Mediocampista
Villares,Deportivo,-65.276 | -133.099 | -203.024 | -502.380 | -1.124.414 | -3.009.731,"-2,24% | -4,46% | -6,65% | -14,98% | -28,29% | -51,36%",,33ddías,2.850.255,2.915.531 | 2.983.354 | 3.053.279 | 3.352.635 | 3.974.669 | 5.859.986,Mediocampista
Riki,Deportivo,-28.938 | -60.945 | -93.481 | -222.700 | -314.843 | -314.843,"-2,37% | -4,87% | -7,28% | -15,76% | -20,91% | -20,91%",,9ddías,1.190.803,1.219.741 | 1.251.748 | 1.284.284 | 1.413.503 | 1.505.646 | 1.505.646,Mediocampista
Peque,Sevilla,-38.369 | -75.707 | -119.644 | -319.198 | -766.407 | -2.258.899,"-1,86% | -3,61% | -5,58% | -13,63% | -27,47% | -52,75%",,33ddías,2.023.147,2.061.516 | 2.098.854 | 2.142.791 | 2.342.345 | 2.789.554 | 4.282.046,Delantero
Iñigo Vicente,Racing,-124.200 | -298.316 | -478.247 | -772.818 | -2.617.982 | -6.736.300,"-0,65% | -1,56% | -2,47% | -3,94% | -12,19% | -26,33%",,29ddías,18.850.260,18.974.460 | 19.148.576 | 19.328.507 | 19.623.078 | 21.468.242 | 25.586.560,Delantero
Carreira,Celta,-37.391 | -70.810 | -111.731 | -202.832 | -877.291 | -1.954.887,"-0,55% | -1,03% | -1,61% | -2,89% | -11,40% | -22,28%",,27ddías,6.819.300,6.856.691 | 6.890.110 | 6.931.031 | 7.022.132 | 7.696.591 | 8.774.187,Defensa
Domínguez,Celta,-15.094 | -31.320 | -48.324 | -116.622 | -267.658 | -815.227,"-2,08% | -4,23% | -6,37% | -14,11% | -27,38% | -53,46%",,33ddías,709.757,724.851 | 741.077 | 758.081 | 826.379 | 977.415 | 1.524.984,Defensa
Miguel Ángel RubioMiguel Rubio,Espanyol,-12.269 | -25.552 | -39.491 | -97.323 | -219.546 | -684.057,"-1,88% | -3,83% | -5,80% | -13,16% | -25,48% | -51,59%",,33ddías,641.947,654.216 | 667.499 | 681.438 | 739.270 | 861.493 | 1.326.004,Defensa
Boyé,Alavés,-81.110 | -221.438 | -333.481 | -722.542 | -2.016.881 | -5.613.563,"-0,57% | -1,53% | -2,29% | -4,83% | -12,41% | -28,28%",,29ddías,14.234.515,14.315.625 | 14.455.953 | 14.567.996 | 14.957.057 | 16.251.396 | 19.848.078,Delantero
Eric Garcia,Barcelona,-798.078 | -1.735.412 | -2.717.215 | -6.789.732 | -10.711.749 | -10.711.749,"-1,62% | -3,45% | -5,30% | -12,28% | -18,09% | -18,09%",,9ddías,48.516.483,49.314.561 | 50.251.895 | 51.233.698 | 55.306.215 | 59.228.232 | 59.228.232,Defensa
Herrera,Real Sociedad,-47.848 | -102.019 | -164.834 | -428.277 | -946.349 | -2.776.361,"-1,46% | -3,05% | -4,84% | -11,68% | -22,61% | -46,15%",,30ddías,3.240.001,3.287.849 | 3.342.020 | 3.404.835 | 3.668.278 | 4.186.350 | 6.016.362,Mediocampista
Mayoral,Getafe,-22.683 | -57.877 | -97.034 | -244.386 | -554.055 | -1.520.754,"-0,74% | -1,86% | -3,08% | -7,41% | -15,35% | -33,24%",,33ddías,3.054.989,3.077.672 | 3.112.866 | 3.152.023 | 3.299.375 | 3.609.044 | 4.575.743,Delantero
Carmona,Sevilla,-36.058 | -79.374 | -129.965 | -323.750 | -765.797 | -1.723.637,"-0,79% | -1,72% | -2,78% | -6,66% | -14,44% | -27,53%",,28ddías,4.537.234,4.573.292 | 4.616.608 | 4.667.199 | 4.860.984 | 5.303.031 | 6.260.871,Defensa
Aleñá,Alavés,-50.862 | -109.534 | -177.513 | -413.039 | -938.416 | -2.633.328,"-1,23% | -2,62% | -4,18% | -9,21% | -18,73% | -39,27%",,33ddías,4.072.339,4.123.201 | 4.181.873 | 4.249.852 | 4.485.378 | 5.010.755 | 6.705.667,Mediocampista
Swedberg,Celta,-48.186 | -153.049 | -257.697 | -641.046 | -1.590.408 | -4.550.168,"-0,56% | -1,77% | -2,94% | -7,01% | -15,76% | -34,86%",,30ddías,8.501.330,8.549.516 | 8.654.379 | 8.759.027 | 9.142.376 | 10.091.738 | 13.051.498,Mediocampista
Javi Muñoz,Getafe,-15.382 | -30.541 | -47.800 | -118.704 | -272.710 | -827.121,"-2,10% | -4,09% | -6,25% | -14,21% | -27,56% | -53,58%",,33ddías,716.655,732.037 | 747.196 | 764.455 | 835.359 | 989.365 | 1.543.776,Mediocampista
Iván Villar,Celta,-23.306 | -48.304 | -74.601 | -180.461 | -403.421 | -1.263.047,"-2,04% | -4,14% | -6,25% | -13,88% | -26,48% | -53,00%",,33ddías,1.119.840,1.143.146 | 1.168.144 | 1.194.441 | 1.300.301 | 1.523.261 | 2.382.887,Portero
Aspas,Celta,-112.933 | -235.161 | -363.247 | -885.562 | -1.816.077 | -3.260.240,"-1,41% | -2,88% | -4,38% | -10,05% | -18,65% | -29,16%",,27ddías,7.921.674,8.034.607 | 8.156.835 | 8.284.921 | 8.807.236 | 9.737.751 | 11.181.914,Delantero
Carles Pérez,Celta,-43.875 | -89.418 | -137.218 | -336.721 | -157.778 | -157.778,"-2,91% | -5,75% | -8,56% | -18,68% | 0% | 0%",,10ddías,1.466.288,1.510.163 | 1.555.706 | 1.603.506 | 1.803.009 | 0 | 0,Delantero
U. Núñez,Espanyol,-30.717 | -99.319 | -193.536 | -576.933 | -1.308.924 | -1.308.924,"-0,82% | -2,61% | -4,96% | -13,46% | -26,08% | -26,08%",,13ddías,3.710.190,3.740.907 | 3.809.509 | 3.903.726 | 4.287.123 | 5.019.114 | 5.019.114,Defensa
Starfelt,Celta,+240.356 | +539.841 | +798.292 | +1.905.118 | +2.086.363 | +1.571.662,"+1,97% | +4,53% | +6,84% | +18,03% | +20,09% | +14,42%",,10ddías,12.469.219,12.228.863 | 11.929.378 | 11.670.927 | 10.564.101 | 10.382.856 | 10.897.557,Defensa
Navarro,Athletic,-4.201 | -21.350 | -40.046 | -115.702 | -319.394 | -1.102.794,"-0,20% | -1,01% | -1,88% | -5,25% | -13,27% | -34,57%",,33ddías,2.086.991,2.091.192 | 2.108.341 | 2.127.037 | 2.202.693 | 2.406.385 | 3.189.785,Mediocampista
Ruibal,Betis,-90.373 | -184.627 | -284.364 | -704.002 | -1.568.363 | -3.997.789,"-3,02% | -5,98% | -8,92% | -19,51% | -35,07% | -57,93%",,33ddías,2.903.528,2.993.901 | 3.088.155 | 3.187.892 | 3.607.530 | 4.471.891 | 6.901.317,Delantero
Isco,Betis,-673.847 | -1.571.237 | -2.550.415 | -7.507.595 | -22.097.269 | +47.725.595,"-1,14% | -2,61% | -4,17% | -11,35% | -27,38% | 0%",,17ddías,58.618.106,59.291.953 | 60.189.343 | 61.168.521 | 66.125.701 | 80.715.375 | 0,Mediocampista
S. Cardona,Villarreal,-32.375 | -68.061 | -109.498 | -281.804 | -503.904 | -882.010,"-0,66% | -1,39% | -2,21% | -5,50% | -9,43% | -15,42%",,26ddías,4.839.138,4.871.513 | 4.907.199 | 4.948.636 | 5.120.942 | 5.343.042 | 5.721.148,Defensa
Moleiro,Villarreal,+1.300.328 | +2.199.111 | +2.535.328 | +1.973.419 | -3.022.047 | -36.665.300,"+2,24% | +3,84% | +4,46% | +3,44% | -4,84% | 0%",,4ddías,59.395.168,58.094.840 | 57.196.057 | 56.859.840 | 57.421.749 | 62.417.215 | 0,Mediocampista
Bartra,Betis,+314.362 | +616.322 | +830.715 | +2.040.253 | +4.055.036 | +6.823.039,"+1,19% | +2,37% | +3,22% | +8,30% | +17,96% | +34,44%",,27ddías,26.635.176,26.320.814 | 26.018.854 | 25.804.461 | 24.594.923 | 22.580.140 | 19.812.137,Defensa
Catena,Osasuna,-428.819 | -892.043 | -1.362.146 | -3.500.039 | -2.136.945 | +6.835.962,"-1,16% | -2,38% | -3,58% | -8,72% | -5,51% | +22,92%",,9ddías,36.660.924,37.089.743 | 37.552.967 | 38.023.070 | 40.160.963 | 38.797.869 | 29.824.962,Defensa
Cárdenas,Rayo,-11.419 | -25.619 | -39.712 | -91.366 | -207.616 | -668.488,"-1,69% | -3,71% | -5,64% | -12,08% | -23,80% | -50,14%",,33ddías,664.800,676.219 | 690.419 | 704.512 | 756.166 | 872.416 | 1.333.288,Portero
Nteka,Rayo,-32.641 | -62.442 | -97.320 | -235.183 | -520.935 | -1.466.728,"-2,23% | -4,18% | -6,37% | -14,12% | -26,69% | -50,62%",,33ddías,1.430.695,1.463.336 | 1.493.137 | 1.528.015 | 1.665.878 | 1.951.630 | 2.897.423,Delantero
Isi,Rayo,-402.111 | -867.829 | -1.305.171 | -3.117.104 | -6.169.533 | +367.606,"-2,41% | -5,07% | -7,43% | -16,08% | -27,50% | +2,31%",,14ddías,16.263.599,16.665.710 | 17.131.428 | 17.568.770 | 19.380.703 | 22.433.132 | 15.895.993,Delantero
Pep Chavarría,Rayo,-353.181 | -715.942 | -1.002.465 | -416.801 | +1.950.838 | +6.042.558,"-1,87% | -3,72% | -5,13% | -2,20% | +11,76% | +48,35%",,4ddías,18.539.480,18.892.661 | 19.255.422 | 19.541.945 | 18.956.281 | 16.588.642 | 12.496.922,Defensa
Ratiu,Rayo,-307.243 | -662.079 | -1.047.701 | -2.517.973 | -8.095.411 | -22.863.287,"-0,83% | -1,78% | -2,79% | -6,45% | -18,14% | 0%",,19ddías,36.520.690,36.827.933 | 37.182.769 | 37.568.391 | 39.038.663 | 44.616.101 | 0,Defensa
Dimitrievski,Valencia,-411.713 | -411.713 | -411.713 | -411.713 | -411.713 | -411.713,"-3,42% | -3,42% | -3,42% | -3,42% | -3,42% | -3,42%",,1ddías,11.634.164,12.045.877 | 12.045.877 | 12.045.877 | 12.045.877 | 12.045.877 | 12.045.877,Portero
Iker Muñoz,Osasuna,-22.524 | -46.774 | -77.786 | -206.048 | -514.960 | -1.609.026,"-1,53% | -3,13% | -5,10% | -12,47% | -26,25% | -52,65%",,33ddías,1.446.840,1.469.364 | 1.493.614 | 1.524.626 | 1.652.888 | 1.961.800 | 3.055.866,Mediocampista
Herrando,Osasuna,-44.761 | -88.611 | -139.584 | -348.874 | -783.807 | -2.378.010,"-2,26% | -4,38% | -6,73% | -15,28% | -28,83% | -55,14%",,33ddías,1.934.768,1.979.529 | 2.023.379 | 2.074.352 | 2.283.642 | 2.718.575 | 4.312.778,Defensa
Ibáñez,Alavés,-29.174 | -49.942 | -82.951 | -210.305 | -654.859 | -2.517.771,"-0,88% | -1,50% | -2,46% | -6,01% | -16,61% | -43,36%",,33ddías,3.288.537,3.317.711 | 3.338.479 | 3.371.488 | 3.498.842 | 3.943.396 | 5.806.308,Mediocampista
Herrera,Osasuna,+792.897 | +1.691.874 | +2.481.169 | +6.188.064 | +11.946.829 | +21.292.949,"+2,15% | +4,70% | +7,05% | +19,65% | +46,44% | +129,98%",,31ddías,37.674.037,36.881.140 | 35.982.163 | 35.192.868 | 31.485.973 | 25.727.208 | 16.381.088,Portero
Budimir,Osasuna,-69.797 | -427.969 | -684.173 | -1.992.642 | -7.008.279 | +8.261.434,"-0,15% | -0,90% | -1,44% | -4,07% | -12,98% | 0%",,19ddías,46.986.232,47.056.029 | 47.414.201 | 47.670.405 | 48.978.874 | 53.994.511 | 0,Delantero
Moi Gómez,Osasuna,-47.861 | -96.002 | -148.213 | -382.475 | -835.397 | -2.400.572,"-2,07% | -4,07% | -6,14% | -14,45% | -26,94% | -51,45%",,33ddías,2.264.999,2.312.860 | 2.361.001 | 2.413.212 | 2.647.474 | 3.100.396 | 4.665.571,Mediocampista
Rubén GarcíaRubén G.,Osasuna,-91.550 | -230.638 | -352.542 | -863.697 | -1.948.015 | -4.490.336,"-0,70% | -1,74% | -2,63% | -6,20% | -12,98% | -25,59%",,30ddías,13.057.262,13.148.812 | 13.287.900 | 13.409.804 | 13.920.959 | 15.005.277 | 17.547.598,Mediocampista
Aitor,Osasuna,-7.851 | -15.914 | -25.033 | -61.061 | -136.221 | -426.692,"-1,44% | -2,88% | -4,46% | -10,23% | -20,27% | -44,33%",,33ddías,535.920,543.771 | 551.834 | 560.953 | 596.981 | 672.141 | 962.612,Portero
Areso,Athletic,+51.130 | +98.326 | +129.315 | +145.772 | -99.658 | -1.036.729,"+2,06% | +4,05% | +5,39% | +6,12% | -3,79% | -29,08%",,5ddías,2.528.339,2.477.209 | 2.430.013 | 2.399.024 | 2.382.567 | 2.627.997 | 3.565.068,Defensa
Oroz,Osasuna,+38.082 | +24.536 | -20.088 | -301.656 | -2.408.379 | -5.173.291,"+0,26% | +0,16% | -0,13% | -1,98% | -13,88% | -25,72%",,1ddías,14.941.079,14.902.997 | 14.916.543 | 14.961.167 | 15.242.735 | 17.349.458 | 20.114.370,Mediocampista
Moncayola,Osasuna,+68.787 | +114.406 | +205.727 | +599.104 | +590.313 | +67.738,"+1,13% | +1,89% | +3,45% | +10,75% | +10,58% | +1,11%",,8ddías,6.169.967,6.101.180 | 6.055.561 | 5.964.240 | 5.570.863 | 5.579.654 | 6.102.229,Mediocampista
Torró,Osasuna,-25.216 | -51.447 | -80.573 | -213.526 | -493.406 | -1.572.291,"-0,95% | -1,93% | -2,98% | -7,54% | -15,85% | -37,50%",,29ddías,2.619.937,2.645.153 | 2.671.384 | 2.700.510 | 2.833.463 | 3.113.343 | 4.192.228,Mediocampista
Marc Roca,Betis,+73.382 | +128.787 | +183.363 | +332.702 | +219.039 | -1.061.137,"+1,51% | +2,68% | +3,86% | +7,24% | +4,65% | -17,72%",,7ddías,4.927.658,4.854.276 | 4.798.871 | 4.744.295 | 4.594.956 | 4.708.619 | 5.988.795,Mediocampista
Ayoze,Villarreal,-100.937 | -193.774 | -341.213 | -753.293 | -1.776.047 | -3.875.627,"-0,63% | -1,19% | -2,08% | -4,49% | -9,97% | -19,46%",,33ddías,16.039.782,16.140.719 | 16.233.556 | 16.380.995 | 16.793.075 | 17.815.829 | 19.915.409,Delantero
Álvaro García,Rayo,+247.554 | +370.897 | +511.396 | +1.603.315 | +2.819.833 | +4.885.178,"+1,47% | +2,21% | +3,08% | +10,33% | +19,72% | +39,93%",,17ddías,17.119.308,16.871.754 | 16.748.411 | 16.607.912 | 15.515.993 | 14.299.475 | 12.234.130,Mediocampista
Unai Simón,Athletic,+189.064 | +624.343 | +1.327.562 | +6.859.498 | +18.233.333 | +38.854.199,"+0,32% | +1,06% | +2,28% | +13,03% | +44,18% | +188,17%",,31ddías,59.502.722,59.313.658 | 58.878.379 | 58.175.160 | 52.643.224 | 41.269.389 | 20.648.523,Portero
Yuri,Athletic,-168.397 | -380.176 | -595.173 | -1.450.151 | -2.964.746 | -4.857.523,"-1,26% | -2,80% | -4,31% | -9,89% | -18,33% | -26,89%",,18ddías,13.210.252,13.378.649 | 13.590.428 | 13.805.425 | 14.660.403 | 16.174.998 | 18.067.775,Defensa
R. de Galarreta,Athletic,+233.304 | +333.266 | +450.981 | +763.475 | +248.430 | +1.278.515,"+2,15% | +3,10% | +4,24% | +7,39% | +2,29% | +13,03%",,8ddías,11.090.499,10.857.195 | 10.757.233 | 10.639.518 | 10.327.024 | 10.842.069 | 9.811.984,Mediocampista
Guruzeta,Athletic,+110.425 | +249.261 | +374.199 | +826.742 | +535.659 | -968.092,"+0,89% | +2,03% | +3,08% | +7,08% | +4,47% | -7,18%",,7ddías,12.506.534,12.396.109 | 12.257.273 | 12.132.335 | 11.679.792 | 11.970.875 | 13.474.626,Delantero
N. Williams,Athletic,-1.407.646 | -2.540.979 | -2.922.001 | -888.418 | +8.005.494 | +31.353.801,"-1,89% | -3,36% | -3,84% | -1,20% | +12,30% | 0%",,3ddías,73.107.516,74.515.162 | 75.648.495 | 76.029.517 | 73.995.934 | 65.102.022 | 0,Delantero
Berenguer,Athletic,-115.597 | -268.273 | -410.019 | -872.363 | -1.741.018 | -1.229.575,"-1,19% | -2,72% | -4,11% | -8,35% | -15,38% | -11,38%",,24ddías,9.577.166,9.692.763 | 9.845.439 | 9.987.185 | 10.449.529 | 11.318.184 | 10.806.741,Delantero
Yeray,Athletic,+57.603 | +125.151 | +155.978 | +154.997 | -256.443 | -769.693,"+1,41% | +3,11% | +3,91% | +3,88% | -5,82% | -15,65%",,5ddías,4.149.568,4.091.965 | 4.024.417 | 3.993.590 | 3.994.571 | 4.406.011 | 4.919.261,Defensa
Paredes,Athletic,+56.681 | +114.939 | +140.671 | +160.040 | -262.848 | -1.838.763,"+1,31% | +2,70% | +3,33% | +3,80% | -5,67% | -29,61%",,5ddías,4.371.167,4.314.486 | 4.256.228 | 4.230.496 | 4.211.127 | 4.634.015 | 6.209.930,Defensa
Vivian,Athletic,-380.744 | -782.324 | -1.195.128 | -2.913.711 | -6.091.733 | -6.666.787,"-2,78% | -5,55% | -8,24% | -17,96% | -31,40% | -33,37%",,22ddías,13.308.913,13.689.657 | 14.091.237 | 14.504.041 | 16.222.624 | 19.400.646 | 19.975.700,Defensa
Pubill,Atlético,-1.549.855 | -3.256.753 | -4.545.622 | -3.631.220 | +5.772.577 | +27.352.717,"-2,21% | -4,53% | -6,21% | -5,02% | +9,18% | +66,20%",,4ddías,68.674.071,70.223.926 | 71.930.824 | 73.219.693 | 72.305.291 | 62.901.494 | 41.321.354,Defensa
Prados,Athletic,-35.208 | -73.563 | -112.695 | -269.639 | -612.545 | -1.776.048,"-2,09% | -4,27% | -6,39% | -14,04% | -27,07% | -51,83%",,33ddías,1.650.453,1.685.661 | 1.724.016 | 1.763.148 | 1.920.092 | 2.262.998 | 3.426.501,Mediocampista
Rebbach,Alavés,-84.732 | -166.543 | -257.577 | -624.057 | -1.362.054 | -4.062.882,"-1,92% | -3,71% | -5,63% | -12,63% | -23,98% | -48,47%",,31ddías,4.318.703,4.403.435 | 4.485.246 | 4.576.280 | 4.942.760 | 5.680.757 | 8.381.585,Delantero
Kike García,Espanyol,-150.334 | -308.860 | -463.389 | -938.954 | -1.889.869 | -4.504.774,"-3,20% | -6,36% | -9,24% | -17,10% | -29,34% | -49,74%",,31ddías,4.551.217,4.701.551 | 4.860.077 | 5.014.606 | 5.490.171 | 6.441.086 | 9.055.991,Delantero
Tenaglia,Alavés,-19.529 | -84.142 | -134.181 | -423.940 | -1.283.113 | -3.198.700,"-0,13% | -0,58% | -0,91% | -2,83% | -8,11% | -18,04%",,33ddías,14.530.567,14.550.096 | 14.614.709 | 14.664.748 | 14.954.507 | 15.813.680 | 17.729.267,Defensa
Rioja,Valencia,-512.236 | -1.046.700 | -1.601.593 | -2.643.701 | -4.483.165 | -8.828.702,"-3,15% | -6,22% | -9,22% | -14,36% | -22,14% | -35,89%",,33ddías,15.770.148,16.282.384 | 16.816.848 | 17.371.741 | 18.413.849 | 20.253.313 | 24.598.850,Mediocampista
Blanco,Alavés,-135.940 | -303.389 | -451.202 | -1.188.992 | -2.783.744 | +13.557.141,"-0,88% | -1,93% | -2,85% | -7,17% | -15,32% | 0%",,25ddías,15.390.260,15.526.200 | 15.693.649 | 15.841.462 | 16.579.252 | 18.174.004 | 0,Mediocampista
Guevara,Alavés,-27.926 | -59.530 | -93.994 | -237.988 | -529.921 | -1.573.149,"-2,11% | -4,40% | -6,78% | -15,54% | -29,07% | -54,89%",,33ddías,1.292.995,1.320.921 | 1.352.525 | 1.386.989 | 1.530.983 | 1.822.916 | 2.866.144,Mediocampista
Abqar,Getafe,+151.272 | +266.702 | +405.597 | +992.326 | +1.138.186 | -242.614,"+2,59% | +4,66% | +7,27% | +19,86% | +23,47% | -3,89%",,12ddías,5.988.004,5.836.732 | 5.721.302 | 5.582.407 | 4.995.678 | 4.849.818 | 6.230.618,Defensa
Gorosabel,Athletic,-85.239 | -172.902 | -264.028 | -644.264 | -1.359.192 | -3.377.270,"-3,01% | -5,92% | -8,77% | -19,00% | -33,11% | -55,16%",,33ddías,2.745.758,2.830.997 | 2.918.660 | 3.009.786 | 3.390.022 | 4.104.950 | 6.123.028,Defensa
Endrick,Real Madrid,-85.714 | -185.614 | -276.071 | -485.951 | +6.774.182 | +6.774.182,"-1,15% | -2,47% | -3,62% | -6,21% | 0% | 0%",,10ddías,7.340.171,7.425.885 | 7.525.785 | 7.616.242 | 7.826.122 | 0 | 0,Delantero
Egiluz,Athletic,-3.917 | -8.500 | -13.376 | -31.022 | -65.014 | -202.849,"-0,88% | -1,89% | -2,94% | -6,57% | -12,84% | -31,48%",,33ddías,441.502,445.419 | 450.002 | 454.878 | 472.524 | 506.516 | 644.351,Defensa
Abde,Betis,-1.316.865 | -2.814.334 | -4.360.293 | -10.941.809 | -25.742.330 | -78.068.059,"-2,39% | -4,97% | -7,50% | -16,90% | -32,36% | 0%",,17ddías,53.814.058,55.130.923 | 56.628.392 | 58.174.351 | 64.755.867 | 79.556.388 | 0,Delantero
Raphinha,Barcelona,+9.189 | -341.300 | -831.046 | -2.982.992 | -12.502.671 | -30.530.400,"+0,01% | -0,49% | -1,18% | -4,11% | -15,22% | -30,48%",,1ddías,69.650.554,69.641.365 | 69.991.854 | 70.481.600 | 72.633.546 | 82.153.225 | 100.180.954,Delantero
Guido,Valencia,-941.925 | +25.632.534 | +25.632.534 | +25.632.534 | +25.632.534 | +25.632.534,"-3,31% | 0% | 0% | 0% | 0% | 0%",,1ddías,27.558.075,28.500.000 | 0 | 0 | 0 | 0 | 0,Mediocampista
Bellerín,Betis,+264.466 | +526.132 | +719.645 | +1.757.918 | +1.999.424 | +1.602.102,"+2,22% | +4,51% | +6,28% | +16,86% | +19,64% | +15,14%",,10ddías,12.182.025,11.917.559 | 11.655.893 | 11.462.380 | 10.424.107 | 10.182.601 | 10.579.923,Defensa
Cubarsí,Barcelona,-1.338.163 | -2.879.783 | -4.460.422 | -11.089.044 | -8.629.911 | +25.190.880,"-1,53% | -3,23% | -4,92% | -11,39% | -9,09% | +41,25%",,9ddías,86.258.922,87.597.085 | 89.138.705 | 90.719.344 | 97.347.966 | 94.888.833 | 61.068.042,Defensa
Casadó,Barcelona,-23.096 | -48.939 | -73.504 | -165.803 | -323.621 | -974.649,"-1,19% | -2,49% | -3,69% | -7,96% | -14,44% | -33,70%",,33ddías,1.917.119,1.940.215 | 1.966.058 | 1.990.623 | 2.082.922 | 2.240.740 | 2.891.768,Mediocampista
Yamal,Barcelona,+130.613 | -168.788 | -682.429 | -2.097.715 | -15.688.835 | +57.595.228,"+0,10% | -0,13% | -0,53% | -1,61% | -10,93% | 0%",,1ddías,127.891.411,127.760.798 | 128.060.199 | 128.573.840 | 129.989.126 | 143.580.246 | 0,Delantero
Koundé,Barcelona,-803.957 | -1.617.698 | -2.567.459 | -6.002.197 | -4.870.908 | +10.487.981,"-1,71% | -3,38% | -5,26% | -11,49% | -9,53% | +29,33%",,9ddías,46.242.120,47.046.077 | 47.859.818 | 48.809.579 | 52.244.317 | 51.113.028 | 35.754.139,Defensa
F. de Jong,Barcelona,-1.106.865 | -2.264.538 | -3.469.289 | -8.066.239 | -11.028.386 | -11.028.386,"-3,19% | -6,31% | -9,35% | -19,34% | -24,69% | -24,69%",,9ddías,33.643.754,34.750.619 | 35.908.292 | 37.113.043 | 41.709.993 | 44.672.140 | 44.672.140,Mediocampista
M. Alonso,Celta,-1.068.602 | -40.439.831 | -40.439.831 | -40.439.831 | -40.439.831 | -40.439.831,"-3,30% | 0% | 0% | 0% | 0% | 0%",,1ddías,31.264.288,32.332.890 | 0 | 0 | 0 | 0 | 0,Defensa
Ferran,Barcelona,-1.715.285 | -2.539.402 | -2.382.103 | +3.097.529 | +14.805.659 | +10.208.906,"-2,38% | -3,49% | -3,28% | +4,61% | +26,69% | +16,99%",,2ddías,70.288.591,72.003.876 | 72.827.993 | 72.670.694 | 67.191.062 | 55.482.932 | 60.079.685,Delantero
Giménez,Atlético,-126.071 | -247.315 | -377.867 | -952.165 | -2.046.305 | -3.669.687,"-2,27% | -4,36% | -6,51% | -14,94% | -27,40% | -40,36%",,28ddías,5.422.596,5.548.667 | 5.669.911 | 5.800.463 | 6.374.761 | 7.468.901 | 9.092.283,Defensa
Gavi,Barcelona,-544.715 | -665.473 | -627.293 | +1.009.215 | +5.625.843 | +12.792.797,"-1,41% | -1,71% | -1,62% | +2,72% | +17,28% | +50,40%",,2ddías,38.174.065,38.718.780 | 38.839.538 | 38.801.358 | 37.164.850 | 32.548.222 | 25.381.268,Mediocampista
Araújo,Barcelona,-123.309 | -248.461 | -382.733 | -944.705 | -2.104.723 | -5.266.582,"-2,45% | -4,81% | -7,23% | -16,13% | -29,99% | -51,74%",,31ddías,4.912.676,5.035.985 | 5.161.137 | 5.295.409 | 5.857.381 | 7.017.399 | 10.179.258,Defensa
Balde,Barcelona,-498.114 | -1.065.471 | -1.647.091 | -3.163.684 | -3.112.547 | +5.011.751,"-2,02% | -4,22% | -6,38% | -11,58% | -11,41% | +26,17%",,11ddías,24.161.979,24.660.093 | 25.227.450 | 25.809.070 | 27.325.663 | 27.274.526 | 19.150.228,Defensa
Riquelme,Betis,+23.566 | +23.316 | -13.655 | -156.712 | -510.077 | -1.990.727,"+0,70% | +0,69% | -0,40% | -4,43% | -13,10% | -37,04%",,1ddías,3.384.426,3.360.860 | 3.361.110 | 3.398.081 | 3.541.138 | 3.894.503 | 5.375.153,Mediocampista
Barrios,Atlético,-1.188.727 | -2.339.096 | -3.669.812 | -8.219.334 | -3.853.891 | +6.039.629,"-2,51% | -4,82% | -7,36% | -15,10% | -7,70% | +15,03%",,7ddías,46.219.810,47.408.537 | 48.558.906 | 49.889.622 | 54.439.144 | 50.073.701 | 40.180.181,Mediocampista
Molina,Atlético,-87.962 | -179.210 | -255.601 | -478.335 | -915.672 | -1.506.822,"-2,00% | -3,99% | -5,59% | -9,98% | -17,51% | -25,88%",,28ddías,4.315.024,4.402.986 | 4.494.234 | 4.570.625 | 4.793.359 | 5.230.696 | 5.821.846,Defensa
M. Llorente,Atlético,-831.156 | -1.701.598 | -2.753.230 | -7.083.667 | -11.517.819 | +5.006.268,"-1,47% | -2,96% | -4,71% | -11,28% | -17,13% | +9,87%",,13ddías,55.705.641,56.536.797 | 57.407.239 | 58.458.871 | 62.789.308 | 67.223.460 | 50.699.373,Defensa
Oblak,Atlético,+106.193 | +465.204 | +807.818 | +3.059.090 | +7.005.004 | +19.343.286,"+0,19% | +0,85% | +1,48% | +5,85% | +14,48% | +53,66%",,32ddías,55.394.016,55.287.823 | 54.928.812 | 54.586.198 | 52.334.926 | 48.389.012 | 36.050.730,Portero
Unai López,Rayo,-19.032 | -24.575 | -57.098 | -207.250 | -298.085 | -1.111.829,"-0,33% | -0,42% | -0,97% | -3,43% | -4,86% | -16,01%",,9ddías,5.831.462,5.850.494 | 5.856.037 | 5.888.560 | 6.038.712 | 6.129.547 | 6.943.291,Mediocampista
Íñigo Pérez,Villarreal,-67.937 | +631.568 | +625.037 | +663.006 | +565.437 | +315.075,"-2,35% | +28,84% | +28,45% | +30,71% | +25,06% | 0%",,1ddías,2.821.637,2.889.574 | 2.190.069 | 2.196.600 | 2.158.631 | 2.256.200 | 0,
De Frutos,Rayo,+493.952 | +951.776 | +1.554.386 | +5.052.248 | +11.410.321 | +23.658.851,"+1,01% | +1,97% | +3,26% | +11,43% | +30,16% | +92,48%",,32ddías,49.241.255,48.747.303 | 48.289.479 | 47.686.869 | 44.189.007 | 37.830.934 | 25.582.404,Delantero
Kike Salas,Sevilla,-26.449 | -105.177 | -212.609 | -462.585 | -1.522.726 | -4.360.426,"-0,23% | -0,89% | -1,79% | -3,81% | -11,52% | -27,16%",,31ddías,11.691.709,11.718.158 | 11.796.886 | 11.904.318 | 12.154.294 | 13.214.435 | 16.052.135,Defensa
Agoume,Sevilla,-7.259 | -22.725 | -66.612 | -177.126 | -520.332 | -1.137.998,"-0,13% | -0,40% | -1,15% | -3,01% | -8,36% | -16,63%",,28ddías,5.704.693,5.711.952 | 5.727.418 | 5.771.305 | 5.881.819 | 6.225.025 | 6.842.691,Mediocampista
Moriba,Celta,+102.374 | +203.847 | +361.121 | +1.272.535 | +1.803.855 | -1.481.270,"+0,99% | +1,99% | +3,59% | +13,91% | +20,93% | -12,44%",,12ddías,10.422.805,10.320.431 | 10.218.958 | 10.061.684 | 9.150.270 | 8.618.950 | 11.904.075,Mediocampista
Cardoso,Atlético,-202.137 | -413.393 | -626.833 | -1.524.665 | -3.340.975 | -8.119.604,"-2,86% | -5,68% | -8,37% | -18,18% | -32,74% | -54,19%",,30ddías,6.862.647,7.064.784 | 7.276.040 | 7.489.480 | 8.387.312 | 10.203.622 | 14.982.251,Mediocampista
Boyomo,Osasuna,+499.243 | +980.984 | +1.480.267 | +3.467.590 | +6.531.223 | +10.214.192,"+2,02% | +4,05% | +6,25% | +15,97% | +35,02% | +68,25%",,29ddías,25.179.300,24.680.057 | 24.198.316 | 23.699.033 | 21.711.710 | 18.648.077 | 14.965.108,Defensa
Batalla,Rayo,+532.031 | +1.228.059 | +2.056.520 | +5.434.366 | +10.742.409 | +21.252.243,"+1,30% | +3,05% | +5,21% | +15,06% | +34,92% | +104,91%",,32ddías,41.509.456,40.977.425 | 40.281.397 | 39.452.936 | 36.075.090 | 30.767.047 | 20.257.213,Portero
Giuliano,Atlético,-694.831 | -1.684.729 | -2.771.871 | -6.512.313 | -3.736.395 | +14.030.670,"-1,42% | -3,38% | -5,44% | -11,91% | -7,20% | +41,09%",,9ddías,48.174.448,48.869.279 | 49.859.177 | 50.946.319 | 54.686.761 | 51.910.843 | 34.143.778,Delantero
F. Carreras,Real Madrid,-386.305 | -765.006 | -1.162.063 | -2.726.710 | -5.906.231 | -14.178.559,"-2,57% | -4,96% | -7,34% | -15,68% | -28,72% | -49,16%",,33ddías,14.661.952,15.048.257 | 15.426.958 | 15.824.015 | 17.388.662 | 20.568.183 | 28.840.511,Defensa
Raúl García,Osasuna,-45.944 | -94.209 | -144.853 | -359.068 | -810.665 | -2.358.014,"-2,10% | -4,22% | -6,34% | -14,37% | -27,48% | -52,43%",,33ddías,2.139.834,2.185.778 | 2.234.043 | 2.284.687 | 2.498.902 | 2.950.499 | 4.497.848,Delantero
Fort,Barcelona,-92.515 | -189.604 | -286.756 | -697.249 | -1.049.168 | -1.049.168,"-2,28% | -4,56% | -6,74% | -14,94% | -20,90% | -20,90%",,9ddías,3.970.208,4.062.723 | 4.159.812 | 4.256.964 | 4.667.457 | 5.019.376 | 5.019.376,Defensa
Altimira,Deportivo,-58.055 | -129.136 | -188.547 | -451.116 | -1.038.474 | -1.854.034,"-1,10% | -2,42% | -3,49% | -7,96% | -16,60% | -26,22%",,27ddías,5.216.944,5.274.999 | 5.346.080 | 5.405.491 | 5.668.060 | 6.255.418 | 7.070.978,Defensa
Akhomach,Villarreal,-142.383 | -297.664 | -456.949 | -1.108.902 | -1.998.742 | -1.998.742,"-2,31% | -4,70% | -7,04% | -15,53% | -24,89% | -24,89%",,11ddías,6.031.379,6.173.762 | 6.329.043 | 6.488.328 | 7.140.281 | 8.030.121 | 8.030.121,Delantero
Denis Suárez,Alavés,-51.576 | -106.244 | -169.386 | -442.248 | -1.035.982 | -3.103.606,"-1,82% | -3,68% | -5,75% | -13,74% | -27,17% | -52,77%",,33ddías,2.777.259,2.828.835 | 2.883.503 | 2.946.645 | 3.219.507 | 3.813.241 | 5.880.865,Mediocampista
Femenia,Getafe,-16.957 | -29.225 | -56.516 | -171.167 | -576.658 | -2.252.836,"-0,47% | -0,81% | -1,55% | -4,54% | -13,81% | -38,51%",,33ddías,3.597.494,3.614.451 | 3.626.719 | 3.654.010 | 3.768.661 | 4.174.152 | 5.850.330,Defensa
Baena,Atlético,-1.370.572 | -2.684.908 | -4.069.615 | -9.634.536 | -5.049.113 | +16.882.963,"-2,21% | -4,23% | -6,28% | -13,69% | -7,68% | +38,50%",,9ddías,60.729.122,62.099.694 | 63.414.030 | 64.798.737 | 70.363.658 | 65.778.235 | 43.846.159,Mediocampista
Sörloth,Atlético,-229.903 | -582.413 | -872.536 | -2.109.021 | -4.907.971 | -12.645.627,"-0,87% | -2,16% | -3,21% | -7,42% | -15,71% | -32,45%",,33ddías,26.328.506,26.558.409 | 26.910.919 | 27.201.042 | 28.437.527 | 31.236.477 | 38.974.133,Delantero
Foyth,Villarreal,+58 | -42.880 | -240.813 | -1.075.088 | -1.911.720 | -1.911.720,"+0,00% | -0,40% | -2,21% | -9,18% | -15,24% | -15,24%",,1ddías,10.636.069,10.636.011 | 10.678.949 | 10.876.882 | 11.711.157 | 12.547.789 | 12.547.789,Defensa
Gerard,Villarreal,-94.707 | -269.098 | -480.626 | -1.410.005 | -3.943.825 | -10.538.636,"-0,32% | -0,92% | -1,62% | -4,62% | -11,93% | -26,58%",,33ddías,29.114.959,29.209.666 | 29.384.057 | 29.595.585 | 30.524.964 | 33.058.784 | 39.653.595,Delantero
Guedes,Real Sociedad,-1.298.484 | -2.668.309 | -3.782.669 | -7.465.109 | -16.431.852 | -16.645.423,"-2,98% | -5,93% | -8,20% | -14,99% | -27,96% | 0%",,18ddías,42.335.832,43.634.316 | 45.004.141 | 46.118.501 | 49.800.941 | 58.767.684 | 0,Delantero
Fornals,Betis,-844.247 | -1.866.925 | -3.088.586 | -8.753.029 | -22.254.561 | -80.884.334,"-1,33% | -2,90% | -4,72% | -12,30% | -26,29% | 0%",,16ddías,62.404.966,63.249.213 | 64.271.891 | 65.493.552 | 71.157.995 | 84.659.527 | 0,Mediocampista
Fran Pérez,Rayo,-20.604 | -42.188 | -60.783 | -153.285 | -346.163 | -976.740,"-2,23% | -4,46% | -6,30% | -14,49% | -27,68% | -51,92%",,33ddías,904.347,924.951 | 946.535 | 965.130 | 1.057.632 | 1.250.510 | 1.881.087,Mediocampista
Rubén Sánchez,Espanyol,-6.458 | -13.687 | -21.320 | -51.188 | -112.017 | -349.359,"-1,27% | -2,65% | -4,07% | -9,25% | -18,23% | -41,01%",,33ddías,502.471,508.929 | 516.158 | 523.791 | 553.659 | 614.488 | 851.830,Mediocampista
Raba,Valencia,-44.966 | -94.416 | -144.644 | -362.163 | -782.448 | -2.235.353,"-2,32% | -4,75% | -7,10% | -16,07% | -29,26% | -54,16%",,33ddías,1.891.833,1.936.799 | 1.986.249 | 2.036.477 | 2.253.996 | 2.674.281 | 4.127.186,Delantero
Serrano,Athletic,-30.536 | -62.847 | -95.651 | -240.647 | -528.498 | -1.464.021,"-2,75% | -5,50% | -8,13% | -18,22% | -32,85% | -57,54%",,34ddías,1.080.350,1.110.886 | 1.143.197 | 1.176.001 | 1.320.997 | 1.608.848 | 2.544.371,Delantero
Mouriño,Villarreal,+560.379 | +1.048.691 | +1.528.700 | +3.956.104 | +7.821.406 | +15.457.009,"+1,48% | +2,81% | +4,15% | +11,50% | +25,61% | +67,49%",,31ddías,38.358.744,37.798.365 | 37.310.053 | 36.830.044 | 34.402.640 | 30.537.338 | 22.901.735,Defensa
Rosier,Osasuna,-206.450 | -428.397 | -656.526 | -1.633.783 | -3.299.655 | -4.362.827,"-2,84% | -5,72% | -8,50% | -18,79% | -31,84% | -38,18%",,28ddías,7.063.063,7.269.513 | 7.491.460 | 7.719.589 | 8.696.846 | 10.362.718 | 11.425.890,Defensa
Djaló,Athletic,-38.621 | -6.907.321 | -6.907.321 | -6.907.321 | -6.907.321 | -6.907.321,"-2,94% | 0% | 0% | 0% | 0% | 0%",,1ddías,1.274.389,1.313.010 | 0 | 0 | 0 | 0 | 0,Delantero
Romero,Villarreal,+1.236.782 | +2.056.554 | +2.724.039 | +4.834.415 | +1.984.489 | +1.984.489,"+3,45% | +5,87% | +7,92% | +14,98% | +5,65% | +5,65%",,8ddías,37.115.709,35.878.927 | 35.059.155 | 34.391.670 | 32.281.294 | 35.131.220 | 35.131.220,Defensa
Mbappé,Real Madrid,+331.203 | +367.671 | +268.834 | -505.862 | -7.714.559 | -24.937.539,"+0,25% | +0,28% | +0,21% | -0,39% | -5,58% | 0%",,2ddías,130.547.900,130.216.697 | 130.180.229 | 130.279.066 | 131.053.762 | 138.262.459 | 0,Delantero
Fortuño,Espanyol,-11.093 | -23.151 | -35.814 | -75.779 | -153.344 | -531.305,"-1,78% | -3,64% | -5,51% | -10,99% | -19,99% | -46,40%",,13ddías,613.729,624.822 | 636.880 | 649.543 | 689.508 | 767.073 | 1.145.034,Portero
El Hilali,Espanyol,+138.206 | +231.398 | +369.971 | +971.542 | +1.738.979 | +2.357.506,"+1,76% | +2,97% | +4,84% | +13,80% | +27,73% | +41,70%",,17ddías,8.010.888,7.872.682 | 7.779.490 | 7.640.917 | 7.039.346 | 6.271.909 | 5.653.382,Defensa
Juanmi,Getafe,-13.123 | -27.296 | -42.161 | -104.102 | -235.348 | -694.546,"-1,94% | -3,96% | -5,98% | -13,58% | -26,21% | -51,18%",,33ddías,662.450,675.573 | 689.746 | 704.611 | 766.552 | 897.798 | 1.356.996,Delantero
Edu Expósito,Espanyol,-46.077 | -182.304 | -360.264 | -1.358.472 | -3.829.768 | -14.383.185,"-0,17% | -0,68% | -1,33% | -4,83% | -12,51% | 0%",,22ddías,26.783.208,26.829.285 | 26.965.512 | 27.143.472 | 28.141.680 | 30.612.976 | 0,Mediocampista
Jofre,Espanyol,-27.549 | -52.959 | -82.952 | -198.885 | -464.619 | -1.394.644,"-2,13% | -4,02% | -6,15% | -13,58% | -26,85% | -52,42%",,33ddías,1.265.838,1.293.387 | 1.318.797 | 1.348.790 | 1.464.723 | 1.730.457 | 2.660.482,Delantero
Pere Milla,Espanyol,-55.550 | -150.893 | -299.703 | -672.532 | -705.211 | +517.649,"-0,55% | -1,49% | -2,92% | -6,32% | -6,61% | +5,48%",,11ddías,9.961.440,10.016.990 | 10.112.333 | 10.261.143 | 10.633.972 | 10.666.651 | 9.443.791,Delantero
Lozano,Espanyol,-37.511 | -84.709 | -129.119 | -341.559 | -769.745 | -2.307.050,"-1,46% | -3,24% | -4,85% | -11,89% | -23,32% | -47,69%",,33ddías,2.530.817,2.568.328 | 2.615.526 | 2.659.936 | 2.872.376 | 3.300.562 | 4.837.867,Mediocampista
Puado,Espanyol,-249.991 | -504.959 | -777.805 | -1.937.166 | -4.247.076 | -7.091.367,"-3,01% | -5,91% | -8,82% | -19,41% | -34,55% | -46,85%",,24ddías,8.044.424,8.294.415 | 8.549.383 | 8.822.229 | 9.981.590 | 12.291.500 | 15.135.791,Mediocampista
Cabrera,Espanyol,-61.191 | -82.032 | -111.562 | -293.808 | -1.274.167 | +5.292.227,"-0,37% | -0,49% | -0,67% | -1,74% | -7,15% | 0%",,3ddías,16.550.990,16.612.181 | 16.633.022 | 16.662.552 | 16.844.798 | 17.825.157 | 0,Defensa
Joan Garcia,Barcelona,+2.606.491 | +4.903.872 | +6.836.361 | +5.050.927 | +5.050.927 | +5.050.927,"+4,95% | +9,74% | +14,12% | +10,06% | +10,06% | +10,06%",,4ddías,55.244.343,52.637.852 | 50.340.471 | 48.407.982 | 50.193.416 | 50.193.416 | 50.193.416,Portero
Balliu,Rayo,+1.102 | -325 | -3.181 | -39.101 | -175.699 | -615.922,"+0,13% | -0,04% | -0,39% | -4,56% | -17,67% | -42,94%",,1ddías,818.359,817.257 | 818.684 | 821.540 | 857.460 | 994.058 | 1.434.281,Defensa
Tárrega,Valencia,-21.017 | -87.272 | -152.408 | -324.668 | -986.702 | -3.479.946,"-0,23% | -0,96% | -1,67% | -3,49% | -9,89% | -27,91%",,33ddías,8.986.552,9.007.569 | 9.073.824 | 9.138.960 | 9.311.220 | 9.973.254 | 12.466.498,Defensa
Romero,Sevilla,+11.156 | +3.704 | -28.429 | -159.531 | -683.817 | -2.426.922,"+0,18% | +0,06% | -0,47% | -2,56% | -10,10% | -28,52%",,1ddías,6.083.635,6.072.479 | 6.079.931 | 6.112.064 | 6.243.166 | 6.767.452 | 8.510.557,Delantero
Jesús Vázquez,Valencia,-46.096 | -91.895 | -140.724 | -344.219 | -743.653 | -2.204.521,"-2,47% | -4,80% | -7,17% | -15,90% | -29,00% | -54,77%",,33ddías,1.820.616,1.866.712 | 1.912.511 | 1.961.340 | 2.164.835 | 2.564.269 | 4.025.137,Defensa
Lunin,Real Madrid,-34.345 | -68.195 | -111.304 | -252.540 | -542.880 | -1.583.398,"-1,43% | -2,80% | -4,49% | -9,64% | -18,66% | -40,08%",,33ddías,2.366.707,2.401.052 | 2.434.902 | 2.478.011 | 2.619.247 | 2.909.587 | 3.950.105,Portero
Aihen,Real Sociedad,-42.988 | -86.505 | -134.604 | -332.316 | -735.460 | -2.162.393,"-2,53% | -4,96% | -7,51% | -16,69% | -30,72% | -56,59%",,33ddías,1.658.628,1.701.616 | 1.745.133 | 1.793.232 | 1.990.944 | 2.394.088 | 3.821.021,Defensa
Odriozola,Real Sociedad,-13.741 | -28.557 | -44.093 | -109.009 | -246.785 | -747.014,"-1,99% | -4,05% | -6,11% | -13,86% | -26,71% | -52,45%",,33ddías,677.282,691.023 | 705.839 | 721.375 | 786.291 | 924.067 | 1.424.296,Defensa
Remiro,Real Sociedad,+345.458 | +819.027 | +1.349.901 | +5.624.669 | +12.701.554 | +25.114.746,"+0,77% | +1,84% | +3,07% | +14,17% | +38,93% | +124,26%",,31ddías,45.326.148,44.980.690 | 44.507.121 | 43.976.247 | 39.701.479 | 32.624.594 | 20.211.402,Portero
Güler,Real Madrid,-788.358 | -1.481.903 | -2.180.214 | -4.820.868 | -10.616.573 | -22.573.461,"-1,49% | -2,77% | -4,02% | -8,48% | -16,95% | -30,27%",,33ddías,52.007.406,52.795.764 | 53.489.309 | 54.187.620 | 56.828.274 | 62.623.979 | 74.580.867,Mediocampista
Mendy,Real Madrid,-21.735 | -44.879 | -69.089 | -172.468 | -386.133 | -1.059.132,"-2,44% | -4,91% | -7,36% | -16,56% | -30,76% | -54,93%",,33ddías,869.140,890.875 | 914.019 | 938.229 | 1.041.608 | 1.255.273 | 1.928.272,Defensa
Brahim,Real Madrid,-272.136 | -586.176 | -863.880 | -2.139.458 | -4.361.368 | -8.098.723,"-2,26% | -4,74% | -6,83% | -15,38% | -27,03% | -40,75%",,29ddías,11.775.386,12.047.522 | 12.361.562 | 12.639.266 | 13.914.844 | 16.136.754 | 19.874.109,Mediocampista
Tchouaméni,Real Madrid,-604.365 | -1.378.123 | -2.242.925 | -5.811.266 | -12.336.784 | -9.713.107,"-1,30% | -2,91% | -4,65% | -11,22% | -21,15% | -17,44%",,18ddías,45.990.219,46.594.584 | 47.368.342 | 48.233.144 | 51.801.485 | 58.327.003 | 55.703.326,Mediocampista
Valverde,Real Madrid,-700.562 | -1.331.195 | -2.034.004 | -4.237.337 | -9.919.570 | -31.085.421,"-0,96% | -1,80% | -2,73% | -5,52% | -12,03% | -30,00%",,33ddías,72.526.110,73.226.672 | 73.857.305 | 74.560.114 | 76.763.447 | 82.445.680 | 103.611.531,Mediocampista
Camavinga,Real Madrid,-305.346 | -619.811 | -960.115 | -2.262.510 | -4.743.535 | -11.262.083,"-2,51% | -4,97% | -7,49% | -16,03% | -28,58% | -48,72%",,33ddías,11.854.616,12.159.962 | 12.474.427 | 12.814.731 | 14.117.126 | 16.598.151 | 23.116.699,Mediocampista
Zubeldia,Real Sociedad,-34.946 | -125.454 | -233.662 | -450.971 | -1.327.616 | -4.000.231,"-0,35% | -1,26% | -2,33% | -4,39% | -11,92% | -28,96%",,33ddías,9.814.160,9.849.106 | 9.939.614 | 10.047.822 | 10.265.131 | 11.141.776 | 13.814.391,Defensa
Rodrygo,Real Madrid,-68.809 | -153.313 | -234.005 | -571.310 | -1.254.717 | -1.537.190,"-1,90% | -4,13% | -6,17% | -13,83% | -26,06% | -30,16%",,23ddías,3.559.257,3.628.066 | 3.712.570 | 3.793.262 | 4.130.567 | 4.813.974 | 5.096.447,Delantero
Bellingham,Real Madrid,-760.939 | -1.570.494 | -2.447.943 | -5.820.934 | -13.063.827 | -40.204.706,"-0,82% | -1,67% | -2,59% | -5,94% | -12,41% | 0%",,16ddías,92.231.283,92.992.222 | 93.801.777 | 94.679.226 | 98.052.217 | 105.295.110 | 0,Mediocampista
Militão,Real Madrid,-419.655 | -867.102 | -1.339.350 | -3.331.329 | -7.322.220 | -15.029.027,"-2,77% | -5,56% | -8,33% | -18,43% | -33,19% | -50,48%",,33ddías,14.741.482,15.161.137 | 15.608.584 | 16.080.832 | 18.072.811 | 22.063.702 | 29.770.509,Defensa
Courtois,Real Madrid,-179.331 | -487.685 | -1.004.182 | -1.857.954 | -2.916.187 | +14.743.312,"-0,31% | -0,85% | -1,73% | -3,16% | -4,87% | +34,94%",,13ddías,56.937.506,57.116.837 | 57.425.191 | 57.941.688 | 58.795.460 | 59.853.693 | 42.194.194,Portero
Camello,Rayo,-12.792 | -33.751 | -61.666 | -164.912 | -524.320 | -1.849.661,"-0,40% | -1,06% | -1,92% | -4,97% | -14,26% | -36,98%",,33ddías,3.151.720,3.164.512 | 3.185.471 | 3.213.386 | 3.316.632 | 3.676.040 | 5.001.381,Delantero
Lejeune,Rayo,-323.532 | -764.164 | -1.341.000 | -3.916.977 | -9.697.689 | -36.910.272,"-0,82% | -1,92% | -3,32% | -9,11% | -19,88% | 0%",,19ddías,39.071.812,39.395.344 | 39.835.976 | 40.412.812 | 42.988.789 | 48.769.501 | 0,Defensa
Valentín,Rayo,+11.528 | +4.987 | -18.716 | -157.187 | -693.426 | -2.502.498,"+0,34% | +0,15% | -0,54% | -4,39% | -16,83% | -42,21%",,1ddías,3.426.151,3.414.623 | 3.421.164 | 3.444.867 | 3.583.338 | 4.119.577 | 5.928.649,Mediocampista
Pathé Ciss,Rayo,+183.544 | +276.760 | +322.006 | +492.603 | +123.057 | +501.484,"+1,69% | +2,57% | +3,00% | +4,67% | +1,13% | +4,76%",,7ddías,11.041.570,10.858.026 | 10.764.810 | 10.719.564 | 10.548.967 | 10.918.513 | 10.540.086,Mediocampista
Pepelu,Valencia,-77.791 | -170.544 | -289.318 | -650.996 | -1.482.358 | -2.847.615,"-1,00% | -2,17% | -3,63% | -7,81% | -16,18% | -27,05%",,28ddías,7.680.772,7.758.563 | 7.851.316 | 7.970.090 | 8.331.768 | 9.163.130 | 10.528.387,Mediocampista
Raul Moro,Osasuna,+287.468 | +489.407 | +718.851 | +1.714.959 | +1.630.836 | -43.593,"+2,40% | +4,16% | +6,23% | +16,27% | +15,35% | -0,35%",,10ddías,12.253.723,11.966.255 | 11.764.316 | 11.534.872 | 10.538.764 | 10.622.887 | 12.297.316,Delantero
Barrenetxea,Real Sociedad,-480.466 | -1.064.584 | -1.701.542 | -4.254.112 | -5.342.833 | +2.993.940,"-1,34% | -2,92% | -4,58% | -10,72% | -13,11% | +9,23%",,11ddías,35.424.737,35.905.203 | 36.489.321 | 37.126.279 | 39.678.849 | 40.767.570 | 32.430.797,Mediocampista
Mariano,Alavés,-25.940 | -50.859 | -78.878 | -210.535 | -489.859 | -1.460.030,"-2,31% | -4,43% | -6,71% | -16,11% | -30,88% | -57,12%",,33ddías,1.096.261,1.122.201 | 1.147.120 | 1.175.139 | 1.306.796 | 1.586.120 | 2.556.291,Delantero
Olasagasti,Levante,+34.265 | +81.460 | +97.742 | +109.277 | -239.381 | -2.102.805,"+0,91% | +2,19% | +2,64% | +2,97% | -5,94% | -35,66%",,5ddías,3.793.989,3.759.724 | 3.712.529 | 3.696.247 | 3.684.712 | 4.033.370 | 5.896.794,Mediocampista
Sadiq,Valencia,-238.907 | -485.419 | -745.145 | -1.845.189 | -3.823.400 | -7.875.594,"-2,91% | -5,75% | -8,56% | -18,82% | -32,44% | -49,73%",,31ddías,7.961.313,8.200.220 | 8.446.732 | 8.706.458 | 9.806.502 | 11.784.713 | 15.836.907,Delantero
Turrientes,Real Sociedad,-110.040 | -193.118 | -288.719 | -704.334 | -1.549.769 | -3.764.335,"-1,57% | -2,72% | -4,01% | -9,25% | -18,32% | -35,27%",,30ddías,6.908.704,7.018.744 | 7.101.822 | 7.197.423 | 7.613.038 | 8.458.473 | 10.673.039,Mediocampista
Le Normand,Atlético,-105.637 | -237.698 | -349.264 | -756.292 | -1.792.736 | -3.423.371,"-1,02% | -2,26% | -3,28% | -6,85% | -14,84% | -24,96%",,28ddías,10.289.850,10.395.487 | 10.527.548 | 10.639.114 | 11.046.142 | 12.082.586 | 13.713.221,Defensa
Urko,Espanyol,-34.642 | -75.444 | -124.327 | -275.978 | -728.115 | -2.211.581,"-0,71% | -1,54% | -2,51% | -5,41% | -13,11% | -31,43%",,30ddías,4.825.766,4.860.408 | 4.901.210 | 4.950.093 | 5.101.744 | 5.553.881 | 7.037.347,Mediocampista
Dmitrovic,Espanyol,+793.985 | +1.561.666 | +2.284.324 | +6.075.389 | +11.638.980 | +19.586.830,"+2,37% | +4,76% | +7,12% | +21,48% | +51,23% | +132,59%",,32ddías,34.358.897,33.564.912 | 32.797.231 | 32.074.573 | 28.283.508 | 22.719.917 | 14.772.067,Portero
Zakharyan,Real Sociedad,-33.406 | -69.608 | -105.455 | -256.868 | -564.261 | -1.621.667,"-2,65% | -5,37% | -7,92% | -17,32% | -31,51% | -56,94%",,33ddías,1.226.372,1.259.778 | 1.295.980 | 1.331.827 | 1.483.240 | 1.790.633 | 2.848.039,Mediocampista
Gattoni,Sevilla,-4.205 | -9.088 | -14.276 | -33.305 | -70.336 | -219.437,"-0,93% | -1,99% | -3,09% | -6,91% | -13,56% | -32,86%",,33ddías,448.405,452.610 | 457.493 | 462.681 | 481.710 | 518.741 | 667.842,Defensa
Jordan,Sevilla,-9.999 | -20.918 | -32.394 | -79.304 | -177.549 | -553.618,"-1,67% | -3,44% | -5,23% | -11,89% | -23,21% | -48,52%",,33ddías,587.472,597.471 | 608.390 | 619.866 | 666.776 | 765.021 | 1.141.090,Mediocampista
Oyarzabal,Real Sociedad,-497.228 | -1.323.722 | -2.450.921 | -6.437.624 | -15.044.447 | -47.529.418,"-0,74% | -1,94% | -3,54% | -8,78% | -18,36% | 0%",,17ddías,66.881.756,67.378.984 | 68.205.478 | 69.332.677 | 73.319.380 | 81.926.203 | 0,Delantero
Marcão,Sevilla,-15.971 | -33.110 | -51.065 | -119.093 | -277.516 | -791.160,"-2,14% | -4,33% | -6,53% | -14,01% | -27,52% | -51,98%",,33ddías,730.788,746.759 | 763.898 | 781.853 | 849.881 | 1.008.304 | 1.521.948,Defensa
Diakhaby,Valencia,-137.395 | -290.453 | -450.988 | -1.084.237 | -2.369.500 | -2.369.500,"-2,02% | -4,18% | -6,34% | -13,99% | -26,23% | -26,23%",,13ddías,6.664.908,6.802.303 | 6.955.361 | 7.115.896 | 7.749.145 | 9.034.408 | 9.034.408,Defensa
Canós,Valencia,-8.631 | -18.124 | -28.115 | -68.440 | -844.793 | -844.793,"-1,53% | -3,16% | -4,82% | -10,98% | 0% | 0%",,10ddías,554.623,563.254 | 572.747 | 582.738 | 623.063 | 0 | 0,Delantero
Javi Guerra,Valencia,-99.892 | -212.200 | -437.952 | -1.089.290 | -2.628.944 | +21.288.287,"-0,41% | -0,87% | -1,78% | -4,30% | -9,79% | 0%",,23ddías,24.215.638,24.315.530 | 24.427.838 | 24.653.590 | 25.304.928 | 26.844.582 | 0,Mediocampista
Duro,Valencia,-106.373 | -187.217 | -307.852 | -724.130 | -1.486.076 | -3.242.533,"-1,19% | -2,08% | -3,37% | -7,59% | -14,42% | -26,89%",,28ddías,8.816.248,8.922.621 | 9.003.465 | 9.124.100 | 9.540.378 | 10.302.324 | 12.058.781,Delantero
Almeida,Valencia,-68.622 | -146.099 | -222.291 | -560.954 | -1.217.406 | -3.341.702,"-2,33% | -4,84% | -7,18% | -16,33% | -29,76% | -53,77%",,33ddías,2.873.485,2.942.107 | 3.019.584 | 3.095.776 | 3.434.439 | 4.090.891 | 6.215.187,Mediocampista
Rivero,Valencia,-8.206 | -17.257 | -26.787 | -65.069 | -144.371 | -405.245,"-1,48% | -3,07% | -4,69% | -10,68% | -20,96% | -42,67%",,16ddías,544.439,552.645 | 561.696 | 571.226 | 609.508 | 688.810 | 949.684,Portero
Gayà,Valencia,-138.009 | -310.328 | -491.757 | -1.034.153 | -2.421.350 | -5.833.529,"-1,17% | -2,60% | -4,05% | -8,16% | -17,21% | -33,37%",,33ddías,11.645.367,11.783.376 | 11.955.695 | 12.137.124 | 12.679.520 | 14.066.717 | 17.478.896,Defensa
Diego López,Valencia,-81.024 | -166.813 | -258.858 | -639.648 | -1.396.608 | -3.307.325,"-2,96% | -5,90% | -8,87% | -19,38% | -34,42% | -55,42%",,33ddías,2.660.364,2.741.388 | 2.827.177 | 2.919.222 | 3.300.012 | 4.056.972 | 5.967.689,Delantero
Mella,Deportivo,0 | -35.946 | -77.147 | -200.114 | -580.365 | -789.485,"0,00% | -1,09% | -2,32% | -5,79% | -15,14% | -19,53%",,1ddías,3.253.235,3.253.235 | 3.289.181 | 3.330.382 | 3.453.349 | 3.833.600 | 4.042.720,Mediocampista
Martín Anselmi,Elche,0 | -76.530 | -156.351 | -506.333 | +686.945 | 0,"0,00% | -3,40% | -6,71% | -18,90% | +46,25% | 0%",,1ddías,2.172.155,2.172.155 | 2.248.685 | 2.328.506 | 2.678.488 | 1.485.210 | 0,
Comesaña,Villarreal,0 | +543.284 | +981.171 | +1.533.719 | -2.276.993 | -7.128.608,"0,00% | +1,94% | +3,55% | +5,67% | -7,37% | -19,95%",,1ddías,28.604.109,28.604.109 | 28.060.825 | 27.622.938 | 27.070.390 | 30.881.102 | 35.732.717,Mediocampista
Pablo García,Deportivo,0 | -5.341 | -11.007 | -32.155 | -54.577 | -203.183,"0,00% | -1,14% | -2,32% | -6,49% | -10,53% | -30,47%",,1ddías,463.623,463.623 | 468.964 | 474.630 | 495.778 | 518.200 | 666.806,Defensa
Foulquier,Valencia,0 | -83.431 | -170.378 | -422.354 | -810.136 | -810.136,"0,00% | -2,79% | -5,54% | -12,70% | -21,81% | -21,81%",,1ddías,2.904.008,2.904.008 | 2.987.439 | 3.074.386 | 3.326.362 | 3.714.144 | 3.714.144,Defensa
Sancet,Athletic,0 | +533.269 | +1.258.438 | +5.094.862 | +12.535.263 | +24.964.706,"0,00% | +1,05% | +2,51% | +11,00% | +32,25% | +94,43%",,1ddías,51.403.347,51.403.347 | 50.870.078 | 50.144.909 | 46.308.485 | 38.868.084 | 26.438.641,Mediocampista
I. Williams,Athletic,0 | -162.473 | -113.575 | +981.092 | +4.420.119 | +8.484.301,"0,00% | -0,54% | -0,38% | +3,38% | +17,26% | +39,38%",,1ddías,30.028.752,30.028.752 | 30.191.225 | 30.142.327 | 29.047.660 | 25.608.633 | 21.544.451,Delantero
Pedri,Barcelona,0 | -932.562 | -2.102.494 | -5.803.276 | -13.361.208 | -86.421.990,"0,00% | -1,00% | -2,23% | -5,93% | -12,67% | 0%",,1ddías,92.115.602,92.115.602 | 93.048.164 | 94.218.096 | 97.918.878 | 105.476.810 | 0,Mediocampista
Fermín,Barcelona,0 | -667.200 | -1.476.285 | -3.994.578 | -11.806.093 | -34.036.039,"0,00% | -1,09% | -2,39% | -6,20% | -16,35% | -36,04%",,1ddías,60.406.414,60.406.414 | 61.073.614 | 61.882.699 | 64.400.992 | 72.212.507 | 94.442.453,Mediocampista
Iglesias,Celta,0 | -564.619 | -1.136.872 | -2.280.594 | +613.302 | +11.785.964,"0,00% | -1,84% | -3,63% | -7,03% | +2,07% | 0%",,1ddías,30.182.513,30.182.513 | 30.747.132 | 31.319.385 | 32.463.107 | 29.569.211 | 0,Delantero
Valles,Betis,0 | +925.048 | +1.746.189 | +5.467.390 | +10.173.291 | +16.341.776,"0,00% | +3,60% | +7,02% | +25,84% | +61,83% | +158,88%",,1ddías,26.627.567,26.627.567 | 25.702.519 | 24.881.378 | 21.160.177 | 16.454.276 | 10.285.791,Portero
Copete,Valencia,0 | -84.246 | -169.575 | -540.621 | -1.294.070 | -3.463.957,"0,00% | -3,25% | -6,34% | -17,75% | -34,06% | -58,03%",,1ddías,2.505.368,2.505.368 | 2.589.614 | 2.674.943 | 3.045.989 | 3.799.438 | 5.969.325,Defensa
Vinicius,Real Madrid,0 | -829.801 | -1.931.315 | -6.858.727 | -16.334.600 | -56.495.704,"0,00% | -0,84% | -1,93% | -6,54% | -14,29% | 0%",,1ddías,98.000.815,98.000.815 | 98.830.616 | 99.932.130 | 104.859.542 | 114.335.415 | 0,Delantero
Rüdiger,Real Madrid,0 | -281.142 | -676.290 | -2.299.317 | -5.219.227 | -12.199.827,"0,00% | -0,97% | -2,30% | -7,40% | -15,36% | -29,78%",,1ddías,28.762.060,28.762.060 | 29.043.202 | 29.438.350 | 31.061.377 | 33.981.287 | 40.961.887,Defensa
Marín,Real Sociedad,0 | -65.156 | -132.993 | -418.566 | -1.010.644 | -2.800.841,"0,00% | -3,10% | -6,13% | -17,05% | -33,17% | -57,90%",,1ddías,2.036.252,2.036.252 | 2.101.408 | 2.169.245 | 2.454.818 | 3.046.896 | 4.837.093,Mediocampista
Kubo,Real Sociedad,0 | -480.720 | -993.959 | -2.956.913 | -6.906.578 | -7.345.038,"0,00% | -2,05% | -4,15% | -11,42% | -23,15% | -24,26%",,1ddías,22.930.887,22.930.887 | 23.411.607 | 23.924.846 | 25.887.800 | 29.837.465 | 30.275.925,Mediocampista
Marrero,Real Sociedad,0 | -31.591 | -62.902 | -191.009 | -472.750 | -1.531.038,"0,00% | -2,28% | -4,44% | -12,37% | -25,89% | -53,08%",,1ddías,1.353.140,1.353.140 | 1.384.731 | 1.416.042 | 1.544.149 | 1.825.890 | 2.884.178,Portero
Letácek,Getafe,0 | -18.342 | -38.269 | -118.023 | -293.557 | -967.389,"0,00% | -2,14% | -4,37% | -12,35% | -25,95% | -53,59%",,1ddías,837.858,837.858 | 856.200 | 876.127 | 955.881 | 1.131.415 | 1.805.247,Portero
Luiz Junior,Villarreal,0 | +414.754 | +1.066.533 | +4.990.851 | +11.025.261 | +19.979.686,"0,00% | +1,03% | +2,70% | +14,02% | +37,29% | +96,95%",,1ddías,40.588.734,40.588.734 | 40.173.980 | 39.522.201 | 35.597.883 | 29.563.473 | 20.609.048,Portero
Garcés,Alavés,0 | -14.887 | -31.880 | -103.254 | -255.210 | -723.452,"0,00% | -2,01% | -4,21% | -12,45% | -26,01% | -49,92%",,1ddías,725.908,725.908 | 740.795 | 757.788 | 829.162 | 981.118 | 1.449.360,Defensa
Affengruber,Elche,0 | +539.719 | +979.685 | +3.736.028 | +7.820.064 | +23.493.128,"0,00% | +1,72% | +3,17% | +13,27% | +32,48% | 0%",,1ddías,31.898.382,31.898.382 | 31.358.663 | 30.918.697 | 28.162.354 | 24.078.318 | 0,Defensa
Vlachodimos,Sevilla,0 | +326.342 | +493.687 | -519.975 | -519.975 | -519.975,"0,00% | +2,30% | +3,52% | -3,45% | -3,45% | -3,45%",,1ddías,14.536.504,14.536.504 | 14.210.162 | 14.042.817 | 15.056.479 | 15.056.479 | 15.056.479,Portero
Cardoso,Sevilla,0 | -25.602 | -53.865 | -172.369 | -416.495 | -1.242.684,"0,00% | -2,44% | -5,00% | -14,42% | -28,94% | -54,85%",,1ddías,1.022.740,1.022.740 | 1.048.342 | 1.076.605 | 1.195.109 | 1.439.235 | 2.265.424,Defensa
Puerto,Deportivo,0 | -1.336 | -2.830 | -5.477 | -6.540 | -22.280,"0,00% | -0,36% | -0,76% | -1,47% | -1,75% | -5,72%",,1ddías,367.494,367.494 | 368.830 | 370.324 | 372.971 | 374.034 | 389.774,Portero
Pablo Ramón,Racing,0 | 0 | 0 | -23.605 | -61.357 | -61.357,"0,00% | 0,00% | 0,00% | -4,19% | 0% | 0%",,4ddías,540.217,540.217 | 540.217 | 532.424 | 563.822 | 0 | 0,Defensa
Julio Díaz,Sevilla,0 | 0 | 0 | 0 | +5.069 | -85.725,"0,00% | 0,00% | 0,00% | 0,00% | +1,09% | -15,44%",,7ddías,469.552,477.990 | 477.990 | 477.990 | 469.552 | 464.483 | 555.277,Defensa
Conde,Betis,0 | 0 | 0 | 0 | -368.152 | -1.520.181,"0,00% | 0,00% | 0,00% | 0,00% | -10,80% | -33,32%",,9ddías,3.041.589,3.041.589 | 3.041.589 | 3.041.589 | 3.041.589 | 3.409.741 | 4.561.770,Portero
Salinas,Málaga,0 | 0 | 0 | 0 | -96.827 | -674.492,"0,00% | 0,00% | 0,00% | 0,00% | -8,30% | -38,66%",,10ddías,1.070.070,1.070.070 | 1.070.070 | 1.070.070 | 1.070.070 | 1.166.897 | 1.744.562,Defensa
Manu Sánchez,Levante,0 | 0 | 0 | 0 | -484.326 | -484.326,"0,00% | 0,00% | 0,00% | 0,00% | -8,04% | -8,04%",,10ddías,5.538.185,5.538.185 | 5.538.185 | 5.538.185 | 5.538.185 | 6.022.511 | 6.022.511,Defensa
Sotelo,Levante,0 | 0 | 0 | 0 | -73.951 | -613.079,"0,00% | 0,00% | 0,00% | 0,00% | -5,08% | -30,72%",,10ddías,1.382.803,1.382.803 | 1.382.803 | 1.382.803 | 1.382.803 | 1.456.754 | 1.995.882,Mediocampista
Galán,Celta,0 | 0 | 0 | 0 | 0 | -575.935,"0,00% | 0,00% | 0,00% | 0,00% | 0,00% | -3,83%",,25ddías,14.475.829,14.475.829 | 14.475.829 | 14.475.829 | 14.475.829 | 14.475.829 | 15.051.764,Defensa
Fran García,Betis,0 | 0 | 0 | 0 | 0 | 0,"0,00% | 0,00% | 0,00% | 0,00% | 0,00% | 0,00%",,31ddías,9.591.157,9.591.157 | 9.591.157 | 9.591.157 | 9.591.157 | 9.591.157 | 9.591.157,Defensa
Montero,Alavés,0 | 0 | 0 | 0 | 0 | 0,"0,00% | 0,00% | 0,00% | 0,00% | 0,00% | 0,00%",,33ddías,602.316,602.316 | 602.316 | 602.316 | 602.316 | 602.316 | 602.316,Portero
Koski,Alavés,0 | 0 | 0 | 0 | 0 | 0,"0,00% | 0,00% | 0,00% | 0,00% | 0,00% | 0,00%",,33ddías,803.089,803.089 | 803.089 | 803.089 | 803.089 | 803.089 | 803.089,Defensa
Pinillos,Alavés,0 | 0 | 0 | 0 | 0 | 0,"0,00% | 0,00% | 0,00% | 0,00% | 0,00% | 0,00%",,33ddías,501.929,501.929 | 501.929 | 501.929 | 501.929 | 501.929 | 501.929,Mediocampista
Guridi,Sevilla,0 | 0 | 0 | 0 | 0 | 0,"0,00% | 0,00% | 0,00% | 0,00% | 0,00% | 0,00%",,33ddías,5.019.315,5.019.315 | 5.019.315 | 5.019.315 | 5.019.315 | 5.019.315 | 5.019.315,Mediocampista
Aitor Mañas,Alavés,0 | 0 | 0 | 0 | 0 | 0,"0,00% | 0,00% | 0,00% | 0,00% | 0,00% | 0,00%",,33ddías,562.164,562.164 | 562.164 | 562.164 | 562.164 | 562.164 | 562.164,Delantero
Pacheco,Real Sociedad,0 | 0 | 0 | 0 | 0 | 0,"0,00% | 0,00% | 0,00% | 0,00% | 0,00% | 0,00%",,33ddías,4.015.452,4.015.452 | 4.015.452 | 4.015.452 | 4.015.452 | 4.015.452 | 4.015.452,Defensa
Carlos BenavidezProtesoni,Alavés,0 | 0 | 0 | 0 | 0 | 0,"0,00% | 0,00% | 0,00% | 0,00% | 0,00% | 0,00%",,33ddías,3.011.588,3.011.588 | 3.011.588 | 3.011.588 | 3.011.588 | 3.011.588 | 3.011.588,Mediocampista
Swiderski,Alavés,0 | 0 | 0 | 0 | 0 | 0,"0,00% | 0,00% | 0,00% | 0,00% | 0,00% | 0,00%",,33ddías,602.316,602.316 | 602.316 | 602.316 | 602.316 | 602.316 | 602.316,Portero
Ballestero,Alavés,0 | 0 | 0 | 0 | 0 | 0,"0,00% | 0,00% | 0,00% | 0,00% | 0,00% | 0,00%",,33ddías,602.316,602.316 | 602.316 | 602.316 | 602.316 | 602.316 | 602.316,Defensa
Álvaro,Alavés,0 | 0 | 0 | 0 | 0 | 0,"0,00% | 0,00% | 0,00% | 0,00% | 0,00% | 0,00%",,33ddías,501.929,501.929 | 501.929 | 501.929 | 501.929 | 501.929 | 501.929,Defensa
Oláiz,Alavés,0 | 0 | 0 | 0 | 0 | 0,"0,00% | 0,00% | 0,00% | 0,00% | 0,00% | 0,00%",,33ddías,602.316,602.316 | 602.316 | 602.316 | 602.316 | 602.316 | 602.316,Defensa
Izei,Alavés,0 | 0 | 0 | 0 | 0 | 0,"0,00% | 0,00% | 0,00% | 0,00% | 0,00% | 0,00%",,33ddías,582.010,582.010 | 582.010 | 582.010 | 582.010 | 582.010 | 582.010,Mediocampista
Arcos,Celta,0 | 0 | 0 | 0 | 0 | 0,"0,00% | 0,00% | 0,00% | 0,00% | 0,00% | 0,00%",,34ddías,601.574,602.257 | 602.257 | 602.257 | 602.257 | 602.257 | 602.257,Mediocampista
Cestero,Real Madrid,0 | 0 | 0 | 0 | 0 | 0,"0,00% | 0,00% | 0,00% | 0,00% | 0,00% | 0,00%",,34ddías,601.574,602.234 | 602.234 | 602.234 | 602.234 | 602.234 | 602.234,Mediocampista
Montes,Getafe,0 | 0 | 0 | 0 | 0 | 0,"0,00% | 0,00% | 0,00% | 0,00% | 0,00% | 0,00%",,34ddías,601.574,602.319 | 602.319 | 602.319 | 602.319 | 602.319 | 602.319,Defensa
Ferran,Espanyol,0 | 0 | 0 | 0 | 0 | 0,"0,00% | 0,00% | 0,00% | 0,00% | 0,00% | 0,00%",,34ddías,601.574,602.248 | 602.248 | 602.248 | 602.248 | 602.248 | 602.248,Mediocampista
Tunde,Levante,0 | 0 | 0 | 0 | 0 | 0,"0,00% | 0,00% | 0,00% | 0,00% | 0,00% | 0,00%",,34ddías,8.522.316,8.531.892 | 8.531.892 | 8.531.892 | 8.531.892 | 8.531.892 | 8.531.892,Mediocampista
Kita,R. Sociedad B,0 | 0 | 0 | 0 | 0 | 0,"0,00% | 0,00% | 0,00% | 0,00% | 0,00% | 0,00%",,34ddías,601.574,602.234 | 602.234 | 602.234 | 602.234 | 602.234 | 602.234,Defensa
Manuel Ángel,Real Madrid,0 | 0 | 0 | 0 | 0 | 0,"0,00% | 0,00% | 0,00% | 0,00% | 0,00% | 0,00%",,34ddías,701.836,702.606 | 702.606 | 702.606 | 702.606 | 702.606 | 702.606,Mediocampista
Astiazaran,R. Sociedad B,0 | 0 | 0 | 0 | 0 | 0,"0,00% | 0,00% | 0,00% | 0,00% | 0,00% | 0,00%",,34ddías,601.574,602.257 | 602.257 | 602.257 | 602.257 | 602.257 | 602.257,Mediocampista
Aguirre,R. Sociedad B,0 | 0 | 0 | 0 | 0 | 0,"0,00% | 0,00% | 0,00% | 0,00% | 0,00% | 0,00%",,34ddías,601.574,602.257 | 602.257 | 602.257 | 602.257 | 602.257 | 602.257,Mediocampista
Fontanet,Valencia,0 | 0 | 0 | 0 | 0 | 0,"0,00% | 0,00% | 0,00% | 0,00% | 0,00% | 0,00%",,34ddías,581.293,581.987 | 581.987 | 581.987 | 581.987 | 581.987 | 581.987,Defensa
Gaitán,Villarreal,0 | 0 | 0 | 0 | 0 | 0,"0,00% | 0,00% | 0,00% | 0,00% | 0,00% | 0,00%",,34ddías,601.574,602.292 | 602.292 | 602.292 | 602.292 | 602.292 | 602.292,Mediocampista
Hierro,Athletic,0 | 0 | 0 | 0 | 0 | 0,"0,00% | 0,00% | 0,00% | 0,00% | 0,00% | 0,00%",,34ddías,601.574,602.257 | 602.257 | 602.257 | 602.257 | 602.257 | 602.257,Delantero
Burcio,Celta,0 | 0 | 0 | 0 | 0 | 0,"0,00% | 0,00% | 0,00% | 0,00% | 0,00% | 0,00%",,34ddías,601.574,602.257 | 602.257 | 602.257 | 602.257 | 602.257 | 602.257,Mediocampista
Álex Sánchez,Elche,0 | 0 | 0 | 0 | 0 | 0,"0,00% | 0,00% | 0,00% | 0,00% | 0,00% | 0,00%",,34ddías,601.574,602.324 | 602.324 | 602.324 | 602.324 | 602.324 | 602.324,Mediocampista
A. Riquelme,Getafe,0 | 0 | 0 | 0 | 0 | 0,"0,00% | 0,00% | 0,00% | 0,00% | 0,00% | 0,00%",,34ddías,601.574,602.324 | 602.324 | 602.324 | 602.324 | 602.324 | 602.324,Mediocampista
Marqués,Barcelona,0 | 0 | 0 | 0 | 0 | 0,"0,00% | 0,00% | 0,00% | 0,00% | 0,00% | 0,00%",,34ddías,601.574,602.319 | 602.319 | 602.319 | 602.319 | 602.319 | 602.319,Defensa
Carrera,Real Sociedad,0 | 0 | 0 | 0 | 0 | 0,"0,00% | 0,00% | 0,00% | 0,00% | 0,00% | 0,00%",,34ddías,701.836,702.633 | 702.633 | 702.633 | 702.633 | 702.633 | 702.633,Delantero
Iker Muñoz,Sevilla,0 | 0 | 0 | 0 | 0 | 0,"0,00% | 0,00% | 0,00% | 0,00% | 0,00% | 0,00%",,34ddías,601.574,602.284 | 602.284 | 602.284 | 602.284 | 602.284 | 602.284,Defensa
Yassin,Getafe,0 | 0 | 0 | 0 | 0 | 0,"0,00% | 0,00% | 0,00% | 0,00% | 0,00% | 0,00%",,34ddías,501.311,501.932 | 501.932 | 501.932 | 501.932 | 501.932 | 501.932,Defensa
Lebarbier,Real Sociedad,0 | 0 | 0 | 0 | 0 | 0,"0,00% | 0,00% | 0,00% | 0,00% | 0,00% | 0,00%",,34ddías,601.574,602.234 | 602.234 | 602.234 | 602.234 | 602.234 | 602.234,Defensa
Barry,Villarreal,0 | 0 | 0 | 0 | 0 | 0,"0,00% | 0,00% | 0,00% | 0,00% | 0,00% | 0,00%",,34ddías,601.574,602.292 | 602.292 | 602.292 | 602.292 | 602.292 | 602.292,Mediocampista
Delgado,Elche,0 | 0 | 0 | 0 | 0 | 0,"0,00% | 0,00% | 0,00% | 0,00% | 0,00% | 0,00%",,34ddías,601.574,602.324 | 602.324 | 602.324 | 602.324 | 602.324 | 602.324,Defensa
Selton,Athletic,0 | 0 | 0 | 0 | 0 | 0,"0,00% | 0,00% | 0,00% | 0,00% | 0,00% | 0,00%",,34ddías,601.574,602.257 | 602.257 | 602.257 | 602.257 | 602.257 | 602.257,Mediocampista
Meixús,Celta,0 | 0 | 0 | 0 | 0 | 0,"0,00% | 0,00% | 0,00% | 0,00% | 0,00% | 0,00%",,34ddías,484.821,485.372 | 485.372 | 485.372 | 485.372 | 485.372 | 485.372,Defensa
Óscar Marcos,Celta,0 | 0 | 0 | 0 | 0 | 0,"0,00% | 0,00% | 0,00% | 0,00% | 0,00% | 0,00%",,34ddías,601.574,602.257 | 602.257 | 602.257 | 602.257 | 602.257 | 602.257,Delantero
Al Lal,Elche,0 | 0 | 0 | 0 | 0 | 0,"0,00% | 0,00% | 0,00% | 0,00% | 0,00% | 0,00%",,34ddías,501.311,501.936 | 501.936 | 501.936 | 501.936 | 501.936 | 501.936,Delantero
Marchal,Real Sociedad,0 | 0 | 0 | 0 | 0 | 0,"0,00% | 0,00% | 0,00% | 0,00% | 0,00% | 0,00%",,34ddías,601.574,602.234 | 602.234 | 602.234 | 602.234 | 602.234 | 602.234,Mediocampista
Joan Martínez,Real Madrid,0 | 0 | 0 | 0 | 0 | 0,"0,00% | 0,00% | 0,00% | 0,00% | 0,00% | 0,00%",,34ddías,701.836,702.622 | 702.622 | 702.622 | 702.622 | 702.622 | 702.622,Defensa
Panach,Valencia,0 | 0 | 0 | 0 | 0 | 0,"0,00% | 0,00% | 0,00% | 0,00% | 0,00% | 0,00%",,34ddías,501.311,501.909 | 501.909 | 501.909 | 501.909 | 501.909 | 501.909,Defensa
Jurado,Valencia,0 | 0 | 0 | 0 | 0 | 0,"0,00% | 0,00% | 0,00% | 0,00% | 0,00% | 0,00%",,34ddías,601.574,602.292 | 602.292 | 602.292 | 602.292 | 602.292 | 602.292,Defensa
Nakoha,Levante,0 | 0 | 0 | 0 | 0 | 0,"0,00% | 0,00% | 0,00% | 0,00% | 0,00% | 0,00%",,34ddías,501.311,501.874 | 501.874 | 501.874 | 501.874 | 501.874 | 501.874,Defensa
Rosón,Levante,0 | 0 | 0 | 0 | 0 | 0,"0,00% | 0,00% | 0,00% | 0,00% | 0,00% | 0,00%",,34ddías,601.574,602.249 | 602.249 | 602.249 | 602.249 | 602.249 | 602.249,Mediocampista
Romero,Getafe,0 | 0 | 0 | 0 | 0 | 0,"0,00% | 0,00% | 0,00% | 0,00% | 0,00% | 0,00%",,34ddías,30.078.766,30.116.266 | 30.116.266 | 30.116.266 | 30.116.266 | 30.116.266 | 30.116.266,Defensa
Carlos Macià,Villarreal,0 | 0 | 0 | 0 | 0 | 0,"0,00% | 0,00% | 0,00% | 0,00% | 0,00% | 0,00%",,34ddías,802.099,803.057 | 803.057 | 803.057 | 803.057 | 803.057 | 803.057,Mediocampista
Unai Santos,Osasuna,0 | 0 | 0 | 0 | 0 | 0,"0,00% | 0,00% | 0,00% | 0,00% | 0,00% | 0,00%",,34ddías,601.574,602.319 | 602.319 | 602.319 | 602.319 | 602.319 | 602.319,Defensa
Mesonero,Real Madrid,0 | 0 | 0 | 0 | 0 | 0,"0,00% | 0,00% | 0,00% | 0,00% | 0,00% | 0,00%",,34ddías,701.836,702.606 | 702.606 | 702.606 | 702.606 | 702.606 | 702.606,Mediocampista
Morcillo,Elche,0 | 0 | 0 | 0 | 0 | 0,"0,00% | 0,00% | 0,00% | 0,00% | 0,00% | 0,00%",,34ddías,701.836,702.702 | 702.702 | 702.702 | 702.702 | 702.702 | 702.702,Mediocampista
Boselli,Getafe,0 | 0 | 0 | 0 | 0 | 0,"0,00% | 0,00% | 0,00% | 0,00% | 0,00% | 0,00%",,34ddías,2.890.396,2.893.999 | 2.893.999 | 2.893.999 | 2.893.999 | 2.893.999 | 2.893.999,Defensa
Crespo,Racing,0 | 0 | 0 | 0 | 0 | 0,"0,00% | 0,00% | 0,00% | 0,00% | 0,00% | 0%",,34ddías,802.099,802.979 | 802.979 | 802.979 | 802.979 | 802.979 | 0,Defensa
Ochoa,Málaga,0 | 0 | 0 | 0 | 0 | 0,"0,00% | 0,00% | 0,00% | 0,00% | 0,00% | 0%",,34ddías,3.509.188,3.513.040 | 3.513.040 | 3.513.040 | 3.513.040 | 3.513.040 | 0,Mediocampista
Juanpe,Málaga,0 | 0 | 0 | 0 | 0 | 0,"0,00% | 0,00% | 0,00% | 0,00% | 0,00% | 0%",,34ddías,581.293,581.931 | 581.931 | 581.931 | 581.931 | 581.931 | 0,Mediocampista
Jauregi,Málaga,0 | 0 | 0 | 0 | 0 | 0,"0,00% | 0,00% | 0,00% | 0,00% | 0,00% | 0%",,34ddías,1.554.068,1.555.774 | 1.555.774 | 1.555.774 | 1.555.774 | 1.555.774 | 0,Delantero
Jiménez,Racing,0 | 0 | 0 | 0 | 0 | 0,"0,00% | 0,00% | 0,00% | 0,00% | 0,00% | 0%",,34ddías,601.574,602.234 | 602.234 | 602.234 | 602.234 | 602.234 | 0,Portero
Laro Gómez,Racing,0 | 0 | 0 | 0 | 0 | 0,"0,00% | 0,00% | 0,00% | 0,00% | 0,00% | 0%",,34ddías,601.574,602.234 | 602.234 | 602.234 | 602.234 | 602.234 | 0,Portero
Salinas,Racing,0 | 0 | 0 | 0 | 0 | 0,"0,00% | 0,00% | 0,00% | 0,00% | 0,00% | 0%",,34ddías,6.015.752,6.022.356 | 6.022.356 | 6.022.356 | 6.022.356 | 6.022.356 | 0,Defensa
Carlos Sánchez,Racing,0 | 0 | 0 | 0 | 0 | 0,"0,00% | 0,00% | 0,00% | 0,00% | 0,00% | 0%",,34ddías,701.836,702.606 | 702.606 | 702.606 | 702.606 | 702.606 | 0,Defensa
Sergio Martínez,Racing,0 | 0 | 0 | 0 | 0 | 0,"0,00% | 0,00% | 0,00% | 0,00% | 0,00% | 0%",,34ddías,701.836,702.606 | 702.606 | 702.606 | 702.606 | 702.606 | 0,Mediocampista
Moussa,Málaga,0 | 0 | 0 | 0 | 0 | 0,"0,00% | 0,00% | 0,00% | 0,00% | 0,00% | 0%",,34ddías,401.049,401.498 | 401.498 | 401.498 | 401.498 | 401.498 | 0,Defensa
Solórzano,Racing,0 | 0 | 0 | 0 | 0 | 0,"0,00% | 0,00% | 0,00% | 0,00% | 0,00% | 0%",,34ddías,601.574,602.234 | 602.234 | 602.234 | 602.234 | 602.234 | 0,Mediocampista
Canales,Racing,0 | 0 | 0 | 0 | 0 | 0,"0,00% | 0,00% | 0,00% | 0,00% | 0,00% | 0%",,34ddías,10.026.254,10.037.262 | 10.037.262 | 10.037.262 | 10.037.262 | 10.037.262 | 0,Delantero
Santi Franco,Racing,0 | 0 | 0 | 0 | 0 | 0,"0,00% | 0,00% | 0,00% | 0,00% | 0,00% | 0%",,34ddías,701.836,702.606 | 702.606 | 702.606 | 702.606 | 702.606 | 0,Delantero
Diego Diaz,Racing,0 | 0 | 0 | 0 | 0 | 0,"0,00% | 0,00% | 0,00% | 0,00% | 0,00% | 0%",,34ddías,601.574,602.234 | 602.234 | 602.234 | 602.234 | 602.234 | 0,Delantero
Santaella,Málaga,0 | 0 | 0 | 0 | 0 | 0,"0,00% | 0,00% | 0,00% | 0,00% | 0,00% | 0%",,34ddías,401.049,401.498 | 401.498 | 401.498 | 401.498 | 401.498 | 0,Defensa
Vallecillo,Racing,0 | 0 | 0 | 0 | 0 | 0,"0,00% | 0,00% | 0,00% | 0,00% | 0,00% | 0%",,34ddías,677.197,677.940 | 677.940 | 677.940 | 677.940 | 677.940 | 0,Mediocampista
Javi Navarro,Real Madrid,0 | 0 | 0 | 0 | 0 | 0,"0,00% | 0,00% | 0,00% | 0,00% | 0,00% | 0,00%",,34ddías,701.836,702.622 | 702.622 | 702.622 | 702.622 | 702.622 | 702.622,Portero
Rafa Rodríguez,Málaga,0 | 0 | 0 | 0 | 0 | 0,"0,00% | 0,00% | 0,00% | 0,00% | 0,00% | 0%",,34ddías,6.263.550,6.270.426 | 6.270.426 | 6.270.426 | 6.270.426 | 6.270.426 | 0,Mediocampista
Arriaza,Málaga,0 | 0 | 0 | 0 | 0 | 0,"0,00% | 0,00% | 0,00% | 0,00% | 0,00% | 0%",,34ddías,401.049,401.498 | 401.498 | 401.498 | 401.498 | 401.498 | 0,Defensa
Sangaré,Elche,0 | 0 | 0 | 0 | 0 | 0,"0,00% | 0,00% | 0,00% | 0,00% | 0,00% | 0,00%",,34ddías,4.010.501,4.015.501 | 4.015.501 | 4.015.501 | 4.015.501 | 4.015.501 | 4.015.501,Defensa
Samu Fernández,Deportivo,0 | 0 | 0 | 0 | 0 | 0,"0,00% | 0,00% | 0,00% | 0,00% | 0,00% | 0,00%",,34ddías,701.836,702.633 | 702.633 | 702.633 | 702.633 | 702.633 | 702.633,Defensa
Lamini Fati,Real Madrid,0 | 0 | 0 | 0 | 0 | 0,"0,00% | 0,00% | 0,00% | 0,00% | 0,00% | 0,00%",,34ddías,677.197,677.955 | 677.955 | 677.955 | 677.955 | 677.955 | 677.955,Defensa
Antañón,Celta,0 | 0 | 0 | 0 | 0 | 0,"0,00% | 0,00% | 0,00% | 0,00% | 0,00% | 0,00%",,34ddías,581.040,581.700 | 581.700 | 581.700 | 581.700 | 581.700 | 581.700,Mediocampista
Ochieng,Real Sociedad,0 | 0 | 0 | 0 | 0 | 0,"0,00% | 0,00% | 0,00% | 0,00% | 0,00% | 0,00%",,34ddías,701.836,702.633 | 702.633 | 702.633 | 702.633 | 702.633 | 702.633,Mediocampista
Cubo,Atlético,0 | 0 | 0 | 0 | 0 | 0,"0,00% | 0,00% | 0,00% | 0,00% | 0,00% | 0,00%",,34ddías,601.574,602.316 | 602.316 | 602.316 | 602.316 | 602.316 | 602.316,Delantero
Hugo Ríos,Deportivo,0 | 0 | 0 | 0 | 0 | 0,"0,00% | 0,00% | 0,00% | 0,00% | 0,00% | 0,00%",,34ddías,902.361,903.386 | 903.386 | 903.386 | 903.386 | 903.386 | 903.386,Portero
Teijo,Deportivo,0 | 0 | 0 | 0 | 0 | 0,"0,00% | 0,00% | 0,00% | 0,00% | 0,00% | 0,00%",,34ddías,601.574,602.257 | 602.257 | 602.257 | 602.257 | 602.257 | 602.257,Defensa
Canedo,Deportivo,0 | 0 | 0 | 0 | 0 | 0,"0,00% | 0,00% | 0,00% | 0,00% | 0,00% | 0,00%",,34ddías,601.574,602.257 | 602.257 | 602.257 | 602.257 | 602.257 | 602.257,Defensa
Noé Carrillo,Deportivo,0 | 0 | 0 | 0 | 0 | 0,"0,00% | 0,00% | 0,00% | 0,00% | 0,00% | 0,00%",,34ddías,701.836,702.633 | 702.633 | 702.633 | 702.633 | 702.633 | 702.633,Mediocampista
Pastor,Málaga,0 | 0 | 0 | 0 | 0 | 0,"0,00% | 0,00% | 0,00% | 0,00% | 0,00% | 0%",,34ddías,388.681,389.116 | 389.116 | 389.116 | 389.116 | 389.116 | 0,Defensa
Rubén López,Deportivo,0 | 0 | 0 | 0 | 0 | 0,"0,00% | 0,00% | 0,00% | 0,00% | 0,00% | 0,00%",,34ddías,501.311,501.880 | 501.880 | 501.880 | 501.880 | 501.880 | 501.880,Mediocampista
Bil Nsongo,Deportivo,0 | 0 | 0 | 0 | 0 | 0,"0,00% | 0,00% | 0,00% | 0,00% | 0,00% | 0,00%",,34ddías,6.517.065,6.524.473 | 6.524.473 | 6.524.473 | 6.524.473 | 6.524.473 | 6.524.473,Delantero
Osorio,Elche,0 | 0 | 0 | 0 | 0 | 0,"0,00% | 0,00% | 0,00% | 0,00% | 0,00% | 0%",,34ddías,1.403.675,1.405.425 | 1.405.425 | 1.405.425 | 1.405.425 | 1.405.425 | 0,Delantero
Céspedes,Málaga,0 | 0 | 0 | 0 | 0 | 0,"0,00% | 0,00% | 0,00% | 0,00% | 0,00% | 0%",,34ddías,401.049,401.498 | 401.498 | 401.498 | 401.498 | 401.498 | 0,Portero
Rafa GarridoRafita,Málaga,0 | 0 | 0 | 0 | 0 | 0,"0,00% | 0,00% | 0,00% | 0,00% | 0,00% | 0%",,34ddías,5.013.126,5.018.744 | 5.018.744 | 5.018.744 | 5.018.744 | 5.018.744 | 0,Defensa
Galilea,Málaga,0 | 0 | 0 | 0 | 0 | 0,"0,00% | 0,00% | 0,00% | 0,00% | 0,00% | 0%",,34ddías,4.261.157,4.265.932 | 4.265.932 | 4.265.932 | 4.265.932 | 4.265.932 | 0,Defensa
Recio,Málaga,0 | 0 | 0 | 0 | 0 | 0,"0,00% | 0,00% | 0,00% | 0,00% | 0,00% | 0%",,34ddías,751.968,752.810 | 752.810 | 752.810 | 752.810 | 752.810 | 0,Defensa
Beitia,Real Sociedad,0 | 0 | 0 | 0 | 0 | 0,"0,00% | 0,00% | 0,00% | 0,00% | 0,00% | 0,00%",,34ddías,501.311,501.861 | 501.861 | 501.861 | 501.861 | 501.861 | 501.861,Defensa
Becerra,Rayo,0 | 0 | 0 | 0 | 0 | 0,"0,00% | 0,00% | 0,00% | 0,00% | 0,00% | 0,00%",,34ddías,581.040,581.700 | 581.700 | 581.700 | 581.700 | 581.700 | 581.700,Mediocampista
Aleksandrov,Getafe,0 | 0 | 0 | 0 | 0 | 0,"0,00% | 0,00% | 0,00% | 0,00% | 0,00% | 0,00%",,34ddías,601.574,602.319 | 602.319 | 602.319 | 602.319 | 602.319 | 602.319,Delantero
El-Abdellaoui,Celta,0 | 0 | 0 | 0 | 0 | 0,"0,00% | 0,00% | 0,00% | 0,00% | 0,00% | 0,00%",,34ddías,1.303.412,1.304.893 | 1.304.893 | 1.304.893 | 1.304.893 | 1.304.893 | 1.304.893,Delantero
Iturbe,Elche,0 | 0 | 0 | 0 | 0 | 0,"0,00% | 0,00% | 0,00% | 0,00% | 0,00% | 0,00%",,34ddías,802.099,802.099 | 802.099 | 802.099 | 802.099 | 802.099 | 802.099,Portero
Manu González,Betis,0 | 0 | 0 | 0 | 0 | 0,"0,00% | 0,00% | 0,00% | 0,00% | 0,00% | 0,00%",,34ddías,581.040,581.691 | 581.691 | 581.691 | 581.691 | 581.691 | 581.691,Portero
Alfon,Sevilla,0 | 0 | 0 | 0 | 0 | 0,"0,00% | 0,00% | 0,00% | 0,00% | 0,00% | 0,00%",,34ddías,7.018.377,7.026.761 | 7.026.761 | 7.026.761 | 7.026.761 | 7.026.761 | 7.026.761,Delantero
Risco,Getafe,0 | 0 | 0 | 0 | 0 | 0,"0,00% | 0,00% | 0,00% | 0,00% | 0,00% | 0,00%",,34ddías,701.836,702.705 | 702.705 | 702.705 | 702.705 | 702.705 | 702.705,Mediocampista
De la Sías,Rayo,0 | 0 | 0 | 0 | 0 | 0,"0,00% | 0,00% | 0,00% | 0,00% | 0,00% | 0,00%",,34ddías,601.574,602.234 | 602.234 | 602.234 | 602.234 | 602.234 | 602.234,Defensa
Alberto,Sevilla,0 | 0 | 0 | 0 | 0 | 0,"0,00% | 0,00% | 0,00% | 0,00% | 0,00% | 0,00%",,34ddías,701.836,702.633 | 702.633 | 702.633 | 702.633 | 702.633 | 702.633,Portero
Spina,Atlético,0 | 0 | 0 | 0 | 0 | 0,"0,00% | 0,00% | 0,00% | 0,00% | 0,00% | 0,00%",,34ddías,701.836,702.702 | 702.702 | 702.702 | 702.702 | 702.702 | 702.702,Defensa
Toni Fernández,Barcelona,0 | 0 | 0 | 0 | 0 | 0,"0,00% | 0,00% | 0,00% | 0,00% | 0,00% | 0,00%",,34ddías,601.574,602.319 | 602.319 | 602.319 | 602.319 | 602.319 | 602.319,Delantero
Guille,Barcelona,0 | 0 | 0 | 0 | 0 | 0,"0,00% | 0,00% | 0,00% | 0,00% | 0,00% | 0,00%",,34ddías,701.836,702.705 | 702.705 | 702.705 | 702.705 | 702.705 | 702.705,Mediocampista
Lago,Celta,0 | 0 | 0 | 0 | 0 | 0,"0,00% | 0,00% | 0,00% | 0,00% | 0,00% | 0,00%",,34ddías,701.836,702.633 | 702.633 | 702.633 | 702.633 | 702.633 | 702.633,Defensa
Javi Rodríguez,Celta,0 | 0 | 0 | 0 | 0 | 0,"0,00% | 0,00% | 0,00% | 0,00% | 0,00% | 0,00%",,34ddías,10.026.254,10.037.652 | 10.037.652 | 10.037.652 | 10.037.652 | 10.037.652 | 10.037.652,Defensa
Mestre,Real Madrid,0 | 0 | 0 | 0 | 0 | 0,"0,00% | 0,00% | 0,00% | 0,00% | 0,00% | 0,00%",,34ddías,677.102,677.860 | 677.860 | 677.860 | 677.860 | 677.860 | 677.860,Portero
Jiménez,Real Madrid,0 | 0 | 0 | 0 | 0 | 0,"0,00% | 0,00% | 0,00% | 0,00% | 0,00% | 0,00%",,34ddías,601.574,602.248 | 602.248 | 602.248 | 602.248 | 602.248 | 602.248,Defensa
Rubén Gómez,Villarreal,0 | 0 | 0 | 0 | 0 | 0,"0,00% | 0,00% | 0,00% | 0,00% | 0,00% | 0,00%",,34ddías,601.574,602.292 | 602.292 | 602.292 | 602.292 | 602.292 | 602.292,Portero
Valou,Getafe,0 | 0 | 0 | 0 | 0 | 0,"0,00% | 0,00% | 0,00% | 0,00% | 0,00% | 0,00%",,34ddías,601.574,602.292 | 602.292 | 602.292 | 602.292 | 602.292 | 602.292,Defensa
Rayane,Atlético,0 | 0 | 0 | 0 | 0 | 0,"0,00% | 0,00% | 0,00% | 0,00% | 0,00% | 0,00%",,34ddías,677.197,678.006 | 678.006 | 678.006 | 678.006 | 678.006 | 678.006,Delantero
Mendy,Rayo,0 | 0 | 0 | 0 | 0 | 0,"0,00% | 0,00% | 0,00% | 0,00% | 0,00% | 0,00%",,34ddías,6.015.752,6.022.356 | 6.022.356 | 6.022.356 | 6.022.356 | 6.022.356 | 6.022.356,Defensa
Ortiz,Betis,0 | 0 | 0 | 0 | 0 | 0,"0,00% | 0,00% | 0,00% | 0,00% | 0,00% | 0,00%",,34ddías,1.704.462,1.706.372 | 1.706.372 | 1.706.372 | 1.706.372 | 1.706.372 | 1.706.372,Defensa
Osambela,Osasuna,0 | 0 | 0 | 0 | 0 | 0,"0,00% | 0,00% | 0,00% | 0,00% | 0,00% | 0,00%",,34ddías,501.311,501.932 | 501.932 | 501.932 | 501.932 | 501.932 | 501.932,Mediocampista
Juanpe,Rayo,0 | 0 | 0 | 0 | 0 | 0,"0,00% | 0,00% | 0,00% | 0,00% | 0,00% | 0,00%",,34ddías,601.574,602.234 | 602.234 | 602.234 | 602.234 | 602.234 | 602.234,Portero
Jon Martín,Real Sociedad,0 | 0 | 0 | 0 | 0 | 0,"0,00% | 0,00% | 0,00% | 0,00% | 0,00% | 0,00%",,34ddías,30.078.766,30.111.790 | 30.111.790 | 30.111.790 | 30.111.790 | 30.111.790 | 30.111.790,Defensa
Mario Martín,Getafe,0 | 0 | 0 | 0 | 0 | 0,"0,00% | 0,00% | 0,00% | 0,00% | 0,00% | 0,00%",,34ddías,4.010.501,4.015.472 | 4.015.472 | 4.015.472 | 4.015.472 | 4.015.472 | 4.015.472,Mediocampista
D. Aguado,Real Madrid,0 | 0 | 0 | 0 | 0 | 0,"0,00% | 0,00% | 0,00% | 0,00% | 0,00% | 0,00%",,34ddías,773.243,774.109 | 774.109 | 774.109 | 774.109 | 774.109 | 774.109,Defensa
Villar,Elche,0 | 0 | 0 | 0 | 0 | 0,"0,00% | 0,00% | 0,00% | 0,00% | 0,00% | 0,00%",,34ddías,7.018.377,7.027.127 | 7.027.127 | 7.027.127 | 7.027.127 | 7.027.127 | 7.027.127,Mediocampista
Agirrezabala,Athletic,0 | 0 | 0 | 0 | 0 | 0,"0,00% | 0,00% | 0,00% | 0,00% | 0,00% | 0,00%",,34ddías,2.907.612,2.911.085 | 2.911.085 | 2.911.085 | 2.911.085 | 2.911.085 | 2.911.085,Portero
Villalibre,Racing,0 | 0 | 0 | 0 | 0 | 0,"0,00% | 0,00% | 0,00% | 0,00% | 0,00% | 0%",,34ddías,7.519.690,7.527.946 | 7.527.946 | 7.527.946 | 7.527.946 | 7.527.946 | 0,Delantero
Koke,Atlético,0 | 0 | 0 | 0 | 0 | 0,"0,00% | 0,00% | 0,00% | 0,00% | 0,00% | 0,00%",,34ddías,17.746.471,17.767.671 | 17.767.671 | 17.767.671 | 17.767.671 | 17.767.671 | 17.767.671,Mediocampista
A. Christensen,Barcelona,0 | 0 | 0 | 0 | 0 | 0,"0,00% | 0,00% | 0,00% | 0,00% | 0,00% | 0,00%",,34ddías,5.013.126,5.019.340 | 5.019.340 | 5.019.340 | 5.019.340 | 5.019.340 | 5.019.340,Defensa
Chust,Elche,0 | 0 | 0 | 0 | 0 | 0,"0,00% | 0,00% | 0,00% | 0,00% | 0,00% | 0,00%",,34ddías,5.013.126,5.019.376 | 5.019.376 | 5.019.376 | 5.019.376 | 5.019.376 | 5.019.376,Defensa
Dotor,Málaga,0 | 0 | 0 | 0 | 0 | 0,"0,00% | 0,00% | 0,00% | 0,00% | 0,00% | 0%",,34ddías,4.010.501,4.014.904 | 4.014.904 | 4.014.904 | 4.014.904 | 4.014.904 | 0,Mediocampista
Djené,Getafe,0 | 0 | 0 | 0 | 0 | 0,"0,00% | 0,00% | 0,00% | 0,00% | 0,00% | 0,00%",,34ddías,8.422.053,8.432.492 | 8.432.492 | 8.432.492 | 8.432.492 | 8.432.492 | 8.432.492,Defensa
Soria,Getafe,0 | 0 | 0 | 0 | 0 | 0,"0,00% | 0,00% | 0,00% | 0,00% | 0,00% | 0,00%",,34ddías,19.272.465,19.296.354 | 19.296.354 | 19.296.354 | 19.296.354 | 19.296.354 | 19.296.354,Portero
Iglesias,Sevilla,0 | 0 | 0 | 0 | 0 | 0,"0,00% | 0,00% | 0,00% | 0,00% | 0,00% | 0,00%",,34ddías,12.532.818,12.548.352 | 12.548.352 | 12.548.352 | 12.548.352 | 12.548.352 | 12.548.352,Defensa
Kike Barja,Osasuna,0 | 0 | 0 | 0 | 0 | 0,"0,00% | 0,00% | 0,00% | 0,00% | 0,00% | 0,00%",,34ddías,2.807.349,2.810.828 | 2.810.828 | 2.810.828 | 2.810.828 | 2.810.828 | 2.810.828,Delantero
Ferrer,Getafe,0 | 0 | 0 | 0 | 0 | 0,"0,00% | 0,00% | 0,00% | 0,00% | 0,00% | 0,00%",,34ddías,701.836,702.705 | 702.705 | 702.705 | 702.705 | 702.705 | 702.705,Portero
Fraga,Real Sociedad,0 | 0 | 0 | 0 | 0 | 0,"0,00% | 0,00% | 0,00% | 0,00% | 0,00% | 0,00%",,34ddías,601.574,602.234 | 602.234 | 602.234 | 602.234 | 602.234 | 602.234,Portero
Pedrosa,Sevilla,0 | 0 | 0 | 0 | 0 | 0,"0,00% | 0,00% | 0,00% | 0,00% | 0,00% | 0,00%",,34ddías,3.308.663,3.312.788 | 3.312.788 | 3.312.788 | 3.312.788 | 3.312.788 | 3.312.788,Defensa
Manu Bueno,Sevilla,0 | 0 | 0 | 0 | 0 | 0,"0,00% | 0,00% | 0,00% | 0,00% | 0,00% | 0,00%",,34ddías,802.099,802.099 | 802.099 | 802.099 | 802.099 | 802.099 | 802.099,Mediocampista
Hugo González,Celta,0 | 0 | 0 | 0 | 0 | 0,"0,00% | 0,00% | 0,00% | 0,00% | 0,00% | 0,00%",,34ddías,1.503.937,1.505.646 | 1.505.646 | 1.505.646 | 1.505.646 | 1.505.646 | 1.505.646,Mediocampista
Iranzo,Valencia,0 | 0 | 0 | 0 | 0 | 0,"0,00% | 0,00% | 0,00% | 0,00% | 0,00% | 0,00%",,34ddías,601.574,602.292 | 602.292 | 602.292 | 602.292 | 602.292 | 602.292,Defensa
Terrats,Getafe,0 | 0 | 0 | 0 | 0 | 0,"0,00% | 0,00% | 0,00% | 0,00% | 0,00% | 0,00%",,34ddías,2.807.349,2.810.495 | 2.810.495 | 2.810.495 | 2.810.495 | 2.810.495 | 2.810.495,Mediocampista
Calero,Málaga,0 | 0 | 0 | 0 | 0 | 0,"0,00% | 0,00% | 0,00% | 0,00% | 0,00% | 0,00%",,34ddías,3.509.188,3.513.120 | 3.513.120 | 3.513.120 | 3.513.120 | 3.513.120 | 3.513.120,Defensa
Carlos Martín,Atlético,0 | 0 | 0 | 0 | 0 | 0,"0,00% | 0,00% | 0,00% | 0,00% | 0,00% | 0,00%",,34ddías,2.215.971,2.218.490 | 2.218.490 | 2.218.490 | 2.218.490 | 2.218.490 | 2.218.490,Mediocampista
Benito,Getafe,0 | 0 | 0 | 0 | 0 | 0,"0,00% | 0,00% | 0,00% | 0,00% | 0,00% | 0,00%",,34ddías,601.574,602.319 | 602.319 | 602.319 | 602.319 | 602.319 | 602.319,Portero
Padilla,Athletic,0 | 0 | 0 | 0 | 0 | 0,"0,00% | 0,00% | 0,00% | 0,00% | 0,00% | 0,00%",,34ddías,1.503.937,1.505.588 | 1.505.588 | 1.505.588 | 1.505.588 | 1.505.588 | 1.505.588,Portero
Yáñez,Real Madrid,0 | 0 | 0 | 0 | 0 | 0,"0,00% | 0,00% | 0,00% | 0,00% | 0,00% | 0,00%",,34ddías,701.836,702.606 | 702.606 | 702.606 | 702.606 | 702.606 | 702.606,Delantero
Losada,Betis,0 | 0 | 0 | 0 | 0 | 0,"0,00% | 0,00% | 0,00% | 0,00% | 0,00% | 0,00%",,34ddías,2.506.562,2.509.378 | 2.509.378 | 2.509.378 | 2.509.378 | 2.509.378 | 2.509.378,Delantero
Fran González,Sevilla,0 | 0 | 0 | 0 | 0 | 0,"0,00% | 0,00% | 0,00% | 0,00% | 0,00% | 0,00%",,34ddías,701.836,702.622 | 702.622 | 702.622 | 702.622 | 702.622 | 702.622,Portero
Navarro,Valencia,0 | 0 | 0 | 0 | 0 | 0,"0,00% | 0,00% | 0,00% | 0,00% | 0,00% | 0,00%",,34ddías,501.311,501.909 | 501.909 | 501.909 | 501.909 | 501.909 | 501.909,Defensa
Nacho Pérez,Levante,0 | 0 | 0 | 0 | 0 | 0,"0,00% | 0,00% | 0,00% | 0,00% | 0,00% | 0,00%",,34ddías,581.040,581.692 | 581.692 | 581.692 | 581.692 | 581.692 | 581.692,Defensa
Mariezkurrena,Real Sociedad,0 | 0 | 0 | 0 | 0 | 0,"0,00% | 0,00% | 0,00% | 0,00% | 0,00% | 0,00%",,34ddías,677.197,677.966 | 677.966 | 677.966 | 677.966 | 677.966 | 677.966,Delantero
Altozano,Sevilla,0 | 0 | 0 | 0 | 0 | 0,"0,00% | 0,00% | 0,00% | 0,00% | 0,00% | 0,00%",,34ddías,601.574,602.284 | 602.284 | 602.284 | 602.284 | 602.284 | 602.284,Mediocampista
Sierra,Sevilla,0 | 0 | 0 | 0 | 0 | 0,"0,00% | 0,00% | 0,00% | 0,00% | 0,00% | 0,00%",,34ddías,601.574,602.284 | 602.284 | 602.284 | 602.284 | 602.284 | 602.284,Delantero
Blázquez,Valencia,0 | 0 | 0 | 0 | 0 | 0,"0,00% | 0,00% | 0,00% | 0,00% | 0,00% | 0,00%",,34ddías,580.962,581.656 | 581.656 | 581.656 | 581.656 | 581.656 | 581.656,Delantero
Ryan,Levante,0 | 0 | 0 | 0 | 0 | 0,"0,00% | 0,00% | 0,00% | 0,00% | 0,00% | 0,00%",,34ddías,13.535.444,13.550.652 | 13.550.652 | 13.550.652 | 13.550.652 | 13.550.652 | 13.550.652,Portero
Folgado,Real Sociedad,0 | 0 | 0 | 0 | 0 | 0,"0,00% | 0,00% | 0,00% | 0,00% | 0,00% | 0,00%",,34ddías,701.836,702.606 | 702.606 | 702.606 | 702.606 | 702.606 | 702.606,Portero
Álex Costa,Sevilla,0 | 0 | 0 | 0 | 0 | 0,"0,00% | 0,00% | 0,00% | 0,00% | 0,00% | 0,00%",,34ddías,601.574,602.284 | 602.284 | 602.284 | 602.284 | 602.284 | 602.284,Delantero
Oso,Sevilla,0 | 0 | 0 | 0 | 0 | 0,"0,00% | 0,00% | 0,00% | 0,00% | 0,00% | 0,00%",,34ddías,14.036.756,14.053.332 | 14.053.332 | 14.053.332 | 14.053.332 | 14.053.332 | 14.053.332,Defensa
Hugo López,Villarreal,0 | 0 | 0 | 0 | 0 | 0,"0,00% | 0,00% | 0,00% | 0,00% | 0,00% | 0,00%",,34ddías,484.821,485.400 | 485.400 | 485.400 | 485.400 | 485.400 | 485.400,Mediocampista
Thiago,Real Madrid,0 | 0 | 0 | 0 | 0 | 0,"0,00% | 0,00% | 0,00% | 0,00% | 0,00% | 0,00%",,34ddías,7.018.377,7.026.082 | 7.026.082 | 7.026.082 | 7.026.082 | 7.026.082 | 7.026.082,Mediocampista
Krug,Levante,0 | 0 | 0 | 0 | 0 | 0,"0,00% | 0,00% | 0,00% | 0,00% | 0,00% | 0,00%",,34ddías,601.574,602.249 | 602.249 | 602.249 | 602.249 | 602.249 | 602.249,Defensa
Santos,Athletic,0 | 0 | 0 | 0 | 0 | 0,"0,00% | 0,00% | 0,00% | 0,00% | 0,00% | 0,00%",,34ddías,701.836,702.606 | 702.606 | 702.606 | 702.606 | 702.606 | 702.606,Portero
Adam Boayar,Elche,0 | 0 | 0 | 0 | 0 | 0,"0,00% | 0,00% | 0,00% | 0,00% | 0,00% | 0,00%",,34ddías,701.836,702.711 | 702.711 | 702.711 | 702.711 | 702.711 | 702.711,Mediocampista
Taufik,Atlético,0 | 0 | 0 | 0 | 0 | 0,"0,00% | 0,00% | 0,00% | 0,00% | 0,00% | 0,00%",,34ddías,601.574,602.316 | 602.316 | 602.316 | 602.316 | 602.316 | 602.316,Mediocampista
Martínez Bastida,Elche,0 | 0 | 0 | 0 | 0 | 0,"0,00% | 0,00% | 0,00% | 0,00% | 0,00% | 0,00%",,34ddías,601.574,602.324 | 602.324 | 602.324 | 602.324 | 602.324 | 602.324,Mediocampista
Aller,Barcelona,0 | 0 | 0 | 0 | 0 | 0,"0,00% | 0,00% | 0,00% | 0,00% | 0,00% | 0,00%",,34ddías,701.836,702.705 | 702.705 | 702.705 | 702.705 | 702.705 | 702.705,Portero
Monreal,Athletic,0 | 0 | 0 | 0 | 0 | 0,"0,00% | 0,00% | 0,00% | 0,00% | 0,00% | 0,00%",,34ddías,601.574,602.257 | 602.257 | 602.257 | 602.257 | 602.257 | 602.257,Defensa
Adrián Pérez,Athletic,0 | 0 | 0 | 0 | 0 | 0,"0,00% | 0,00% | 0,00% | 0,00% | 0,00% | 0,00%",,34ddías,601.574,602.257 | 602.257 | 602.257 | 602.257 | 602.257 | 602.257,Delantero
Juan Hernández,Barcelona,0 | 0 | 0 | 0 | 0 | 0,"0,00% | 0,00% | 0,00% | 0,00% | 0,00% | 0,00%",,34ddías,581.040,581.760 | 581.760 | 581.760 | 581.760 | 581.760 | 581.760,Mediocampista
Espart,Barcelona,0 | 0 | 0 | 0 | 0 | 0,"0,00% | 0,00% | 0,00% | 0,00% | 0,00% | 0,00%",,34ddías,701.836,702.705 | 702.705 | 702.705 | 702.705 | 702.705 | 702.705,Defensa
Corralejo,Betis,0 | 0 | 0 | 0 | 0 | 0,"0,00% | 0,00% | 0,00% | 0,00% | 0,00% | 0,00%",,34ddías,601.574,602.248 | 602.248 | 602.248 | 602.248 | 602.248 | 602.248,Mediocampista
Otorbi,Valencia,0 | 0 | 0 | 0 | 0 | 0,"0,00% | 0,00% | 0,00% | 0,00% | 0,00% | 0,00%",,34ddías,601.574,602.292 | 602.292 | 602.292 | 602.292 | 602.292 | 602.292,Delantero
Davinchi,Getafe,0 | 0 | 0 | 0 | 0 | 0,"0,00% | 0,00% | 0,00% | 0,00% | 0,00% | 0,00%",,34ddías,3.007.875,3.011.603 | 3.011.603 | 3.011.603 | 3.011.603 | 3.011.603 | 3.011.603,Defensa
De la Fuente,Levante,0 | 0 | 0 | 0 | 0 | 0,"0,00% | 0,00% | 0,00% | 0,00% | 0,00% | 0,00%",,34ddías,14.036.756,14.052.528 | 14.052.528 | 14.052.528 | 14.052.528 | 14.052.528 | 14.052.528,Defensa
Rafa,Sevilla,0 | 0 | 0 | 0 | 0 | 0,"0,00% | 0,00% | 0,00% | 0,00% | 0,00% | 0,00%",,34ddías,601.574,602.257 | 602.257 | 602.257 | 602.257 | 602.257 | 602.257,Portero
Diatta,Villarreal,0 | 0 | 0 | 0 | 0 | 0,"0,00% | 0,00% | 0,00% | 0,00% | 0,00% | 0,00%",,34ddías,580.962,581.656 | 581.656 | 581.656 | 581.656 | 581.656 | 581.656,Mediocampista
Pablo García,Betis,0 | 0 | 0 | 0 | 0 | 0,"0,00% | 0,00% | 0,00% | 0,00% | 0,00% | 0,00%",,34ddías,2.506.562,2.509.371 | 2.509.371 | 2.509.371 | 2.509.371 | 2.509.371 | 2.509.371,Delantero
Bekhoucha,Getafe,0 | 0 | 0 | 0 | 0 | 0,"0,00% | 0,00% | 0,00% | 0,00% | 0,00% | 0,00%",,34ddías,1.102.887,1.104.254 | 1.104.254 | 1.104.254 | 1.104.254 | 1.104.254 | 1.104.254,Defensa
Arguibide,Osasuna,0 | 0 | 0 | 0 | 0 | 0,"0,00% | 0,00% | 0,00% | 0,00% | 0,00% | 0,00%",,34ddías,581.293,582.013 | 582.013 | 582.013 | 582.013 | 582.013 | 582.013,Defensa
Molina,Rayo,0 | 0 | 0 | 0 | 0 | 0,"0,00% | 0,00% | 0,00% | 0,00% | 0,00% | 0,00%",,34ddías,601.574,602.234 | 602.234 | 602.234 | 602.234 | 602.234 | 602.234,Portero
Fortuny,Real Madrid,0 | 0 | 0 | 0 | 0 | 0,"0,00% | 0,00% | 0,00% | 0,00% | 0,00% | 0,00%",,34ddías,601.574,602.234 | 602.234 | 602.234 | 602.234 | 602.234 | 602.234,Mediocampista
Vencedor,Athletic,0 | 0 | 0 | 0 | 0 | 0,"0,00% | 0,00% | 0,00% | 0,00% | 0,00% | 0,00%",,34ddías,2.205.775,2.208.253 | 2.208.253 | 2.208.253 | 2.208.253 | 2.208.253 | 2.208.253,Mediocampista
Luiz Felipe,Rayo,0 | 0 | 0 | 0 | 0 | 0,"0,00% | 0,00% | 0,00% | 0,00% | 0,00% | 0,00%",,34ddías,4.110.764,4.115.277 | 4.115.277 | 4.115.277 | 4.115.277 | 4.115.277 | 4.115.277,Defensa
Castrín,Sevilla,0 | 0 | 0 | 0 | 0 | 0,"0,00% | 0,00% | 0,00% | 0,00% | 0,00% | 0,00%",,34ddías,4.817.328,4.823.016 | 4.823.016 | 4.823.016 | 4.823.016 | 4.823.016 | 4.823.016,Defensa
Fortea,Real Madrid,0 | 0 | 0 | 0 | 0 | 0,"0,00% | 0,00% | 0,00% | 0,00% | 0,00% | 0,00%",,34ddías,802.099,802.099 | 802.099 | 802.099 | 802.099 | 802.099 | 802.099,Defensa
Rego,Athletic,0 | 0 | 0 | 0 | 0 | 0,"0,00% | 0,00% | 0,00% | 0,00% | 0,00% | 0,00%",,34ddías,5.013.126,5.018.825 | 5.018.825 | 5.018.825 | 5.018.825 | 5.018.825 | 5.018.825,Defensa
Josan,Elche,0 | 0 | 0 | 0 | 0 | 0,"0,00% | 0,00% | 0,00% | 0,00% | 0,00% | 0,00%",,34ddías,1.203.150,1.204.650 | 1.204.650 | 1.204.650 | 1.204.650 | 1.204.650 | 1.204.650,Mediocampista
Esquivel,Atlético,0 | 0 | 0 | 0 | 0 | 0,"0,00% | 0,00% | 0,00% | 0,00% | 0,00% | 0,00%",,34ddías,601.574,602.292 | 602.292 | 602.292 | 602.292 | 602.292 | 602.292,Portero
Torrents,Barcelona,0 | 0 | 0 | 0 | 0 | 0,"0,00% | 0,00% | 0,00% | 0,00% | 0,00% | 0,00%",,34ddías,601.574,602.319 | 602.319 | 602.319 | 602.319 | 602.319 | 602.319,Defensa
Joselu,Getafe,0 | 0 | 0 | 0 | 0 | 0,"0,00% | 0,00% | 0,00% | 0,00% | 0,00% | 0,00%",,34ddías,601.574,602.319 | 602.319 | 602.319 | 602.319 | 602.319 | 602.319,Delantero
Cortés,Levante,0 | 0 | 0 | 0 | 0 | 0,"0,00% | 0,00% | 0,00% | 0,00% | 0,00% | 0,00%",,34ddías,802.099,803.000 | 803.000 | 803.000 | 803.000 | 803.000 | 803.000,Delantero
Primo,Levante,0 | 0 | 0 | 0 | 0 | 0,"0,00% | 0,00% | 0,00% | 0,00% | 0,00% | 0,00%",,34ddías,1.102.887,1.104.126 | 1.104.126 | 1.104.126 | 1.104.126 | 1.104.126 | 1.104.126,Portero
Niculaesei,Elche,0 | 0 | 0 | 0 | 0 | 0,"0,00% | 0,00% | 0,00% | 0,00% | 0,00% | 0,00%",,34ddías,802.099,803.099 | 803.099 | 803.099 | 803.099 | 803.099 | 803.099,Defensa
Vertrouwd,Rayo,0 | 0 | 0 | 0 | 0 | 0,"0,00% | 0,00% | 0,00% | 0,00% | 0,00% | 0,00%",,34ddías,1.002.625,1.003.725 | 1.003.725 | 1.003.725 | 1.003.725 | 1.003.725 | 1.003.725,Defensa
Echegoyen,Osasuna,0 | 0 | 0 | 0 | 0 | 0,"0,00% | 0,00% | 0,00% | 0,00% | 0,00% | 0,00%",,34ddías,561.590,562.286 | 562.286 | 562.286 | 562.286 | 562.286 | 562.286,Mediocampista
Rincón,Athletic,0 | 0 | 0 | 0 | 0 | 0,0% | 0% | 0% | 0% | 0% | 0%,,39ddías,1.658.593,0 | 0 | 0 | 0 | 0 | 0,Defensa
Lemar,Atlético,0 | 0 | 0 | 0 | 0 | 0,0% | 0% | 0% | 0% | 0% | 0%,,39ddías,1.680.630,0 | 0 | 0 | 0 | 0 | 0,Mediocampista
Carlos Espí,Real Madrid,0 | 0 | 0 | 0 | 0 | 0,0% | 0% | 0% | 0% | 0% | 0%,,39ddías,3.531.129,0 | 0 | 0 | 0 | 0 | 0,Delantero
Satriano,Getafe,0 | 0 | 0 | 0 | 0 | 0,0% | 0% | 0% | 0% | 0% | 0%,,39ddías,4.336.426,0 | 0 | 0 | 0 | 0 | 0,Delantero
Thiago,Villarreal,0 | 0 | 0 | 0 | 0 | 0,0% | 0% | 0% | 0% | 0% | 0%,,39ddías,1.660.575,0 | 0 | 0 | 0 | 0 | 0,Mediocampista
Javi López,Real Sociedad,0 | 0 | 0 | 0 | 0 | 0,0% | 0% | 0% | 0% | 0% | 0%,,39ddías,1.656.670,0 | 0 | 0 | 0 | 0 | 0,Defensa
Kumbulla,Rayo,0 | 0 | 0 | 0 | 0 | 0,0% | 0% | 0% | 0% | 0% | 0%,,75ddías,897.151,0 | 0 | 0 | 0 | 0 | 0,Defensa
Neyou,Getafe,0 | 0 | 0 | 0 | 0 | 0,0% | 0% | 0% | 0% | 0% | 0%,,188ddías,604.547,0 | 0 | 0 | 0 | 0 | 0,Mediocampista
Maras,Alavés,0 | 0 | 0 | 0 | 0 | 0,0% | 0% | 0% | 0% | 0% | 0%,,191ddías,590.024,0 | 0 | 0 | 0 | 0 | 0,Defensa
Diarra,Alavés,0 | 0 | 0 | 0 | 0 | 0,0% | 0% | 0% | 0% | 0% | 0%,,194ddías,591.470,0 | 0 | 0 | 0 | 0 | 0,Defensa
Goti,Real Sociedad,0 | 0 | 0 | 0 | 0 | 0,0% | 0% | 0% | 0% | 0% | 0%,,194ddías,590.263,0 | 0 | 0 | 0 | 0 | 0,Mediocampista
Ali Houary,Elche,0 | 0 | 0 | 0 | 0 | 0,0% | 0% | 0% | 0% | 0% | 0%,,198ddías,592.065,0 | 0 | 0 | 0 | 0 | 0,Delantero
Javier Hernández,Espanyol,0 | 0 | 0 | 0 | 0 | 0,0% | 0% | 0% | 0% | 0% | 0%,,212ddías,575.023,0 | 0 | 0 | 0 | 0 | 0,Delantero
Bauzà,Espanyol,0 | 0 | 0 | 0 | 0 | 0,0% | 0% | 0% | 0% | 0% | 0%,,340ddías,318.649,0 | 0 | 0 | 0 | 0 | 0,Mediocampista
Pablo López,Valencia,0 | 0 | 0 | 0 | 0 | 0,0% | 0% | 0% | 0% | 0% | 0%,,341ddías,441.041,0 | 0 | 0 | 0 | 0 | 0,Delantero
Alberto Marí,Valencia,0 | 0 | 0 | 0 | 0 | 0,0% | 0% | 0% | 0% | 0% | 0%,,342ddías,787.986,0 | 0 | 0 | 0 | 0 | 0,Delantero
Novoa,Alavés,0 | 0 | 0 | 0 | 0 | 0,0% | 0% | 0% | 0% | 0% | 0%,,342ddías,661.162,0 | 0 | 0 | 0 | 0 | 0,Defensa
Pelayo,Rayo,0 | 0 | 0 | 0 | 0 | 0,0% | 0% | 0% | 0% | 0% | 0%,,342ddías,1.722.279,0 | 0 | 0 | 0 | 0 | 0,Defensa
Hinojo,Espanyol,0 | 0 | 0 | 0 | 0 | 0,0% | 0% | 0% | 0% | 0% | 0%,,346ddías,317.496,0 | 0 | 0 | 0 | 0 | 0,Defensa
Owono,Alavés,0 | 0 | 0 | 0 | 0 | 0,0% | 0% | 0% | 0% | 0% | 0%,,377ddías,828.372,0 | 0 | 0 | 0 | 0 | 0,Portero
Berrocal,Getafe,0 | 0 | 0 | 0 | 0 | 0,0% | 0% | 0% | 0% | 0% | 0%,,377ddías,1.058.833,0 | 0 | 0 | 0 | 0 | 0,Defensa
De Tomás,Rayo,0 | 0 | 0 | 0 | 0 | 0,0% | 0% | 0% | 0% | 0% | 0%,,381ddías,3.229.388,0 | 0 | 0 | 0 | 0 | 0,Delantero
Requena,Levante,0 | 0 | 0 | 0 | 0 | 0,0% | 0% | 0% | 0% | 0% | 0%,,401ddías,1.621.683,0 | 0 | 0 | 0 | 0 | 0,Mediocampista
Isra,Sevilla,0 | 0 | 0 | 0 | 0 | 0,0% | 0% | 0% | 0% | 0% | 0%,,401ddías,1.718.237,0 | 0 | 0 | 0 | 0 | 0,Delantero
Abril,Valencia,0 | 0 | 0 | 0 | 0 | 0,0% | 0% | 0% | 0% | 0% | 0%,,401ddías,1.728.051,0 | 0 | 0 | 0 | 0 | 0,Portero
Busto,Betis,0 | 0 | 0 | 0 | 0 | 0,0% | 0% | 0% | 0% | 0% | 0%,,401ddías,1.621.161,0 | 0 | 0 | 0 | 0 | 0,Defensa
Adrián,Alavés,0 | 0 | 0 | 0 | 0 | 0,0% | 0% | 0% | 0% | 0% | 0%,,401ddías,1.640.215,0 | 0 | 0 | 0 | 0 | 0,Portero
Serred,Espanyol,0 | 0 | 0 | 0 | 0 | 0,0% | 0% | 0% | 0% | 0% | 0%,,401ddías,1.731.552,0 | 0 | 0 | 0 | 0 | 0,Portero
Eneko Ortiz,Villarreal,0 | 0 | 0 | 0 | 0 | 0,0% | 0% | 0% | 0% | 0% | 0%,,401ddías,1.718.986,0 | 0 | 0 | 0 | 0 | 0,Defensa
Collado,Sevilla,0 | 0 | 0 | 0 | 0 | 0,0% | 0% | 0% | 0% | 0% | 0%,,401ddías,1.718.988,0 | 0 | 0 | 0 | 0 | 0,Mediocampista
Raúl Jiménez,Valencia,0 | 0 | 0 | 0 | 0 | 0,0% | 0% | 0% | 0% | 0% | 0%,,401ddías,1.561.503,0 | 0 | 0 | 0 | 0 | 0,Portero
Córdoba,Valencia,0 | 0 | 0 | 0 | 0 | 0,0% | 0% | 0% | 0% | 0% | 0%,,401ddías,1.548.667,0 | 0 | 0 | 0 | 0 | 0,Defensa
Eto'o,Rayo,0 | 0 | 0 | 0 | 0 | 0,0% | 0% | 0% | 0% | 0% | 0%,,401ddías,1.718.988,0 | 0 | 0 | 0 | 0 | 0,Delantero
Solà,Atlético,0 | 0 | 0 | 0 | 0 | 0,0% | 0% | 0% | 0% | 0% | 0%,,401ddías,1.640.523,0 | 0 | 0 | 0 | 0 | 0,Defensa
Canales,Athletic,0 | 0 | 0 | 0 | 0 | 0,0% | 0% | 0% | 0% | 0% | 0%,,401ddías,1.623.251,0 | 0 | 0 | 0 | 0 | 0,Delantero
Yaakobishvili,Barcelona,0 | 0 | 0 | 0 | 0 | 0,0% | 0% | 0% | 0% | 0% | 0%,,401ddías,1.639.280,0 | 0 | 0 | 0 | 0 | 0,Portero
Cortés,Barcelona,0 | 0 | 0 | 0 | 0 | 0,0% | 0% | 0% | 0% | 0% | 0%,,401ddías,1.718.327,0 | 0 | 0 | 0 | 0 | 0,Defensa
Medenica,Getafe,0 | 0 | 0 | 0 | 0 | 0,0% | 0% | 0% | 0% | 0% | 0%,,401ddías,1.560.264,0 | 0 | 0 | 0 | 0 | 0,Portero
Carlos,Atlético,0 | 0 | 0 | 0 | 0 | 0,0% | 0% | 0% | 0% | 0% | 0%,,401ddías,1.718.547,0 | 0 | 0 | 0 | 0 | 0,Defensa
De Llanos,Real Madrid,0 | 0 | 0 | 0 | 0 | 0,0% | 0% | 0% | 0% | 0% | 0%,,401ddías,1.622.168,0 | 0 | 0 | 0 | 0 | 0,Mediocampista
Rivas,Real Madrid,0 | 0 | 0 | 0 | 0 | 0,0% | 0% | 0% | 0% | 0% | 0%,,401ddías,1.718.751,0 | 0 | 0 | 0 | 0 | 0,Defensa
Rupérez,Real Sociedad,0 | 0 | 0 | 0 | 0 | 0,0% | 0% | 0% | 0% | 0% | 0%,,401ddías,1.626.247,0 | 0 | 0 | 0 | 0 | 0,Defensa
Balda,Real Sociedad,0 | 0 | 0 | 0 | 0 | 0,0% | 0% | 0% | 0% | 0% | 0%,,401ddías,1.718.912,0 | 0 | 0 | 0 | 0 | 0,Defensa
Santana,Valencia,0 | 0 | 0 | 0 | 0 | 0,0% | 0% | 0% | 0% | 0% | 0%,,401ddías,1.723.821,0 | 0 | 0 | 0 | 0 | 0,Delantero
Olabarrieta,Athletic,0 | 0 | 0 | 0 | 0 | 0,0% | 0% | 0% | 0% | 0% | 0%,,401ddías,1.717.797,0 | 0 | 0 | 0 | 0 | 0,Delantero
Carrillo,Celta,0 | 0 | 0 | 0 | 0 | 0,0% | 0% | 0% | 0% | 0% | 0%,,401ddías,1.567.556,0 | 0 | 0 | 0 | 0 | 0,Portero
Juan Cruz,Málaga,0 | 0 | 0 | 0 | 0 | 0,0% | 0% | 0% | 0% | 0% | 0%,,439ddías,19.968.443,0 | 0 | 0 | 0 | 0 | 0,Mediocampista
Mandi,Levante,0 | 0 | 0 | 0 | 0 | 0,0% | 0% | 0% | 0% | 0% | 0%,,722ddías,1.879.755,0 | 0 | 0 | 0 | 0 | 0,Defensa
Miguel,Alavés,0 | 0 | 0 | 0 | 0 | 0,0% | 0% | 0% | 0% | 0% | 0%,,723ddías,679.761,0 | 0 | 0 | 0 | 0 | 0,Delantero
Joseda,Alavés,0 | 0 | 0 | 0 | 0 | 0,0% | 0% | 0% | 0% | 0% | 0%,,767ddías,300.000,0 | 0 | 0 | 0 | 0 | 0,Defensa
Ian Forns,Betis,0 | 0 | 0 | 0 | 0 | 0,0% | 0% | 0% | 0% | 0% | 0%,,768ddías,500.000,0 | 0 | 0 | 0 | 0 | 0,Defensa
Mendes,Alavés,0 | 0 | 0 | 0 | 0 | 0,0% | 0% | 0% | 0% | 0% | 0%,,768ddías,500.000,0 | 0 | 0 | 0 | 0 | 0,Mediocampista
Mario,Valencia,0 | 0 | 0 | 0 | 0 | 0,0% | 0% | 0% | 0% | 0% | 0%,,768ddías,500.000,0 | 0 | 0 | 0 | 0 | 0,Delantero
Diallo,Alavés,0 | 0 | 0 | 0 | 0 | 0,0% | 0% | 0% | 0% | 0% | 0%,,768ddías,1.000.000,0 | 0 | 0 | 0 | 0 | 0,Mediocampista
Mario,Valencia,0 | 0 | 0 | 0 | 0 | 0,0% | 0% | 0% | 0% | 0% | 0%,,1ddías,760.408,0 | 0 | 0 | 0 | 0 | 0,Mediocampista