Jugador,Equipo,DiferenciaDif.,% Dif,Acel.,Tend.,Valor,Valor ant.Ant.,Posición
Karrikaburu,Real Sociedad,-15.574 | -32.273 | -49.221 | -121.347 | -272.262 | -670.348,"-2,09% | -4,23% | -6,31% | -14,25% | -27,16% | -47,86%",,27ddías,730.317,745.891 | 762.590 | 779.538 | 851.664 | 1.002.579 | 1.400.665,Delantero
Oluwaseyi,Villarreal,-80.901 | -164.432 | -250.183 | -613.687 | -1.423.901 | -2.867.475,"-2,18% | -4,33% | -6,44% | -14,44% | -28,14% | -44,09%",,27ddías,3.635.612,3.716.513 | 3.800.044 | 3.885.795 | 4.249.299 | 5.059.513 | 6.503.087,Delantero
Alemão,Rayo,-81.346 | -162.022 | -235.673 | -534.063 | -1.211.637 | -2.555.064,"-1,80% | -3,51% | -5,03% | -10,72% | -21,41% | -36,48%",,27ddías,4.448.260,4.529.606 | 4.610.282 | 4.683.933 | 4.982.323 | 5.659.897 | 7.003.324,Delantero
Diangana,Elche,-29.397 | -62.947 | -96.275 | -208.151 | -530.212 | -1.326.291,"-1,83% | -3,84% | -5,76% | -11,67% | -25,18% | -45,71%",,27ddías,1.575.086,1.604.483 | 1.638.033 | 1.671.361 | 1.783.237 | 2.105.298 | 2.901.377,Delantero
Krug,Levante,0 | 0 | 0 | 0 | 0 | +1.964,"0,00% | 0,00% | 0,00% | 0,00% | 0,00% | +0,33%",,24ddías,602.249,602.249 | 602.249 | 602.249 | 602.249 | 602.249 | 600.285,Defensa
Hugo López,Villarreal,0 | 0 | 0 | 0 | 0 | -14.837,"0,00% | 0,00% | 0,00% | 0,00% | 0,00% | -2,97%",,24ddías,485.400,485.400 | 485.400 | 485.400 | 485.400 | 485.400 | 500.237,Mediocampista
Mikautadze,Villarreal,+109.433 | +277.550 | +346.567 | +1.082.074 | +3.160.298 | +2.584.405,"+0,21% | +0,53% | +0,66% | +2,10% | +6,39% | +5,17%",,20ddías,52.608.154,52.498.721 | 52.330.604 | 52.261.587 | 51.526.080 | 49.447.856 | 50.023.749,Delantero
Navarro,Valencia,0 | 0 | 0 | 0 | 0 | +1.672,"0,00% | 0,00% | 0,00% | 0,00% | 0,00% | +0,33%",,24ddías,501.909,501.909 | 501.909 | 501.909 | 501.909 | 501.909 | 500.237,Defensa
Cardoso,Sevilla,-30.417 | -61.229 | -94.039 | -237.406 | -541.544 | -1.236.447,"-2,55% | -4,99% | -7,47% | -16,93% | -31,74% | -51,49%",,27ddías,1.164.692,1.195.109 | 1.225.921 | 1.258.731 | 1.402.098 | 1.706.236 | 2.401.139,Defensa
Oso,Sevilla,0 | 0 | 0 | 0 | 0 | +46.683,"0,00% | 0,00% | 0,00% | 0,00% | 0,00% | +0,33%",,24ddías,14.053.332,14.053.332 | 14.053.332 | 14.053.332 | 14.053.332 | 14.053.332 | 14.006.649,Defensa
Álex Costa,Sevilla,0 | 0 | 0 | 0 | 0 | +1.999,"0,00% | 0,00% | 0,00% | 0,00% | 0,00% | +0,33%",,24ddías,602.284,602.284 | 602.284 | 602.284 | 602.284 | 602.284 | 600.285,Delantero
Folgado,Real Sociedad,0 | 0 | 0 | 0 | 0 | +2.274,"0,00% | 0,00% | 0,00% | 0,00% | 0,00% | +0,32%",,24ddías,702.606,702.606 | 702.606 | 702.606 | 702.606 | 702.606 | 700.332,Portero
Carlos Soler,Real Sociedad,-270.888 | -556.533 | -858.502 | -2.077.097 | -4.558.823 | -7.816.834,"-0,83% | -1,70% | -2,60% | -6,06% | -12,40% | -19,53%",,27ddías,32.202.165,32.473.053 | 32.758.698 | 33.060.667 | 34.279.262 | 36.760.988 | 40.018.999,Mediocampista
Sancris,Getafe,-20.052 | -41.102 | -62.897 | -156.510 | -358.262 | -863.015,"-2,34% | -4,68% | -6,98% | -15,74% | -29,95% | -50,74%",,27ddías,837.792,857.844 | 878.894 | 900.689 | 994.302 | 1.196.054 | 1.700.807,Delantero
Riedel,Espanyol,0 | 0 | 0 | 0 | 0 | +18.006,"0,00% | 0,00% | 0,00% | 0,00% | 0,00% | +0,33%",,24ddías,5.520.618,5.520.618 | 5.520.618 | 5.520.618 | 5.520.618 | 5.520.618 | 5.502.612,Defensa
Montero,Alavés,0 | 0 | 0 | 0 | 0 | +2.031,"0,00% | 0,00% | 0,00% | 0,00% | 0,00% | +0,34%",,24ddías,602.316,602.316 | 602.316 | 602.316 | 602.316 | 602.316 | 600.285,Portero
Vlachodimos,Sevilla,0 | 0 | 0 | 0 | 0 | +49.355,"0,00% | 0,00% | 0,00% | 0,00% | 0,00% | +0,33%",,24ddías,15.056.479,15.056.479 | 15.056.479 | 15.056.479 | 15.056.479 | 15.056.479 | 15.007.124,Portero
Santos,Athletic,0 | 0 | 0 | 0 | 0 | +2.274,"0,00% | 0,00% | 0,00% | 0,00% | 0,00% | +0,32%",,24ddías,702.606,702.606 | 702.606 | 702.606 | 702.606 | 702.606 | 700.332,Portero
Veiga,Villarreal,+652.396 | +1.131.364 | +1.809.721 | +4.348.332 | +9.761.845 | +16.957.224,"+1,58% | +2,77% | +4,51% | +11,56% | +30,31% | +67,80%",,26ddías,41.969.098,41.316.702 | 40.837.734 | 40.159.377 | 37.620.766 | 32.207.253 | 25.011.874,Defensa
Mendoza,Atlético,-14.851 | -30.671 | -45.598 | -119.028 | -264.314 | -550.459,"-1,54% | -3,13% | -4,58% | -11,13% | -21,76% | -36,68%",,27ddías,950.253,965.104 | 980.924 | 995.851 | 1.069.281 | 1.214.567 | 1.500.712,Mediocampista
Echegoyen,Osasuna,0 | 0 | 0 | 0 | 0 | -17.761,"0,00% | 0,00% | 0,00% | 0,00% | 0,00% | -3,06%",,24ddías,562.286,562.286 | 562.286 | 562.286 | 562.286 | 562.286 | 580.047,Mediocampista
Josan,Elche,0 | 0 | 0 | 0 | 0 | +4.080,"0,00% | 0,00% | 0,00% | 0,00% | 0,00% | +0,34%",,24ddías,1.204.650,1.204.650 | 1.204.650 | 1.204.650 | 1.204.650 | 1.204.650 | 1.200.570,Mediocampista
Davinchi,Getafe,0 | 0 | 0 | 0 | 0 | +10.179,"0,00% | 0,00% | 0,00% | 0,00% | 0,00% | +0,34%",,24ddías,3.011.603,3.011.603 | 3.011.603 | 3.011.603 | 3.011.603 | 3.011.603 | 3.001.424,Defensa
Mastantuono,Real Madrid,0 | 0 | 0 | 0 | 0 | +32.513,"0,00% | 0,00% | 0,00% | 0,00% | 0,00% | +0,32%",,24ddías,10.037.262,10.037.262 | 10.037.262 | 10.037.262 | 10.037.262 | 10.037.262 | 10.004.749,Delantero
Thiago,Real Madrid,0 | 0 | 0 | 0 | 0 | +22.758,"0,00% | 0,00% | 0,00% | 0,00% | 0,00% | +0,32%",,24ddías,7.026.082,7.026.082 | 7.026.082 | 7.026.082 | 7.026.082 | 7.026.082 | 7.003.324,Mediocampista
Corralejo,Betis,0 | 0 | 0 | 0 | 0 | +1.963,"0,00% | 0,00% | 0,00% | 0,00% | 0,00% | +0,33%",,24ddías,602.248,602.248 | 602.248 | 602.248 | 602.248 | 602.248 | 600.285,Mediocampista
Arriaga,Levante,-78.181 | -155.737 | -236.422 | -579.771 | -1.331.532 | -2.643.333,"-2,27% | -4,43% | -6,57% | -14,72% | -28,38% | -44,03%",,27ddías,3.359.516,3.437.697 | 3.515.253 | 3.595.938 | 3.939.287 | 4.691.048 | 6.002.849,Mediocampista
Nacho Pérez,Levante,0 | 0 | 0 | 0 | 0 | -18.593,"0,00% | 0,00% | 0,00% | 0,00% | 0,00% | -3,10%",,24ddías,581.692,581.692 | 581.692 | 581.692 | 581.692 | 581.692 | 600.285,Defensa
Altozano,Sevilla,0 | 0 | 0 | 0 | 0 | +1.999,"0,00% | 0,00% | 0,00% | 0,00% | 0,00% | +0,33%",,24ddías,602.284,602.284 | 602.284 | 602.284 | 602.284 | 602.284 | 600.285,Mediocampista
Sierra,Sevilla,0 | 0 | 0 | 0 | 0 | +1.999,"0,00% | 0,00% | 0,00% | 0,00% | 0,00% | +0,33%",,24ddías,602.284,602.284 | 602.284 | 602.284 | 602.284 | 602.284 | 600.285,Delantero
Blázquez,Valencia,0 | 0 | 0 | 0 | 0 | -18.629,"0,00% | 0,00% | 0,00% | 0,00% | 0,00% | -3,10%",,24ddías,581.656,581.656 | 581.656 | 581.656 | 581.656 | 581.656 | 600.285,Delantero
Suazo,Sevilla,-86.201 | -197.587 | -298.977 | -627.469 | -1.526.680 | -3.013.734,"-1,42% | -3,19% | -4,75% | -9,48% | -20,31% | -33,47%",,27ddías,5.990.540,6.076.741 | 6.188.127 | 6.289.517 | 6.618.009 | 7.517.220 | 9.004.274,Defensa
Ryan,Levante,0 | 0 | 0 | 0 | 0 | +11.791.282,"0,00% | 0,00% | 0,00% | 0,00% | 0,00% | 0%",,24ddías,13.550.652,13.550.652 | 13.550.652 | 13.550.652 | 13.550.652 | 13.550.652 | 0,Portero
Laporte,Athletic,+1.385.557 | +3.055.740 | +4.770.366 | +12.296.714 | +25.490.800 | +48.606.098,"+2,63% | +5,98% | +9,67% | +29,40% | +89,05% | 0%",,18ddías,54.117.426,52.731.869 | 51.061.686 | 49.347.060 | 41.820.712 | 28.626.626 | 0,Defensa
Adam Boayar,Elche,0 | 0 | 0 | 0 | 0 | +2.379,"0,00% | 0,00% | 0,00% | 0,00% | 0,00% | +0,34%",,24ddías,702.711,702.711 | 702.711 | 702.711 | 702.711 | 702.711 | 700.332,Mediocampista
Rueda,Celta,-31.361 | -68.558 | -114.369 | -266.234 | -668.027 | -1.305.553,"-0,84% | -1,82% | -3,00% | -6,72% | -15,30% | -26,10%",,25ddías,3.696.821,3.728.182 | 3.765.379 | 3.811.190 | 3.963.055 | 4.364.848 | 5.002.374,Defensa
Selton,Athletic,0 | 0 | 0 | 0 | 0 | +1.972,"0,00% | 0,00% | 0,00% | 0,00% | 0,00% | +0,33%",,24ddías,602.257,602.257 | 602.257 | 602.257 | 602.257 | 602.257 | 600.285,Mediocampista
Iker Muñoz,Sevilla,0 | 0 | 0 | 0 | 0 | +1.999,"0,00% | 0,00% | 0,00% | 0,00% | 0,00% | +0,33%",,24ddías,602.284,602.284 | 602.284 | 602.284 | 602.284 | 602.284 | 600.285,Defensa
Joan Martínez,Real Madrid,0 | 0 | 0 | 0 | 0 | +2.290,"0,00% | 0,00% | 0,00% | 0,00% | 0,00% | +0,33%",,24ddías,702.622,702.622 | 702.622 | 702.622 | 702.622 | 702.622 | 700.332,Defensa
Unai Santos,Osasuna,0 | 0 | 0 | 0 | 0 | +2.034,"0,00% | 0,00% | 0,00% | 0,00% | 0,00% | +0,34%",,24ddías,602.319,602.319 | 602.319 | 602.319 | 602.319 | 602.319 | 600.285,Defensa
Carlos Macià,Villarreal,0 | 0 | 0 | 0 | 0 | +2.677,"0,00% | 0,00% | 0,00% | 0,00% | 0,00% | +0,33%",,24ddías,803.057,803.057 | 803.057 | 803.057 | 803.057 | 803.057 | 800.380,Mediocampista
Carrera,Real Sociedad,0 | 0 | 0 | 0 | 0 | +2.301,"0,00% | 0,00% | 0,00% | 0,00% | 0,00% | +0,33%",,24ddías,702.633,702.633 | 702.633 | 702.633 | 702.633 | 702.633 | 700.332,Delantero
Rosón,Levante,0 | 0 | 0 | 0 | 0 | +1.964,"0,00% | 0,00% | 0,00% | 0,00% | 0,00% | +0,33%",,24ddías,602.249,602.249 | 602.249 | 602.249 | 602.249 | 602.249 | 600.285,Mediocampista
Nakoha,Levante,0 | 0 | 0 | 0 | 0 | +1.637,"0,00% | 0,00% | 0,00% | 0,00% | 0,00% | +0,33%",,24ddías,501.874,501.874 | 501.874 | 501.874 | 501.874 | 501.874 | 500.237,Defensa
Jurado,Valencia,0 | 0 | 0 | 0 | 0 | +2.007,"0,00% | 0,00% | 0,00% | 0,00% | 0,00% | +0,33%",,24ddías,602.292,602.292 | 602.292 | 602.292 | 602.292 | 602.292 | 600.285,Defensa
Panach,Valencia,0 | 0 | 0 | 0 | 0 | +1.672,"0,00% | 0,00% | 0,00% | 0,00% | 0,00% | +0,33%",,24ddías,501.909,501.909 | 501.909 | 501.909 | 501.909 | 501.909 | 500.237,Defensa
Marchal,Real Sociedad,0 | 0 | 0 | 0 | 0 | +1.949,"0,00% | 0,00% | 0,00% | 0,00% | 0,00% | +0,32%",,24ddías,602.234,602.234 | 602.234 | 602.234 | 602.234 | 602.234 | 600.285,Mediocampista
Yassin,Getafe,0 | 0 | 0 | 0 | 0 | +1.695,"0,00% | 0,00% | 0,00% | 0,00% | 0,00% | +0,34%",,24ddías,501.932,501.932 | 501.932 | 501.932 | 501.932 | 501.932 | 500.237,Defensa
Al Lal,Elche,0 | 0 | 0 | 0 | 0 | +1.699,"0,00% | 0,00% | 0,00% | 0,00% | 0,00% | +0,34%",,24ddías,501.936,501.936 | 501.936 | 501.936 | 501.936 | 501.936 | 500.237,Delantero
Óscar Marcos,Celta,0 | 0 | 0 | 0 | 0 | +1.972,"0,00% | 0,00% | 0,00% | 0,00% | 0,00% | +0,33%",,24ddías,602.257,602.257 | 602.257 | 602.257 | 602.257 | 602.257 | 600.285,Delantero
Meixús,Celta,0 | 0 | 0 | 0 | 0 | -14.865,"0,00% | 0,00% | 0,00% | 0,00% | 0,00% | -2,97%",,24ddías,485.372,485.372 | 485.372 | 485.372 | 485.372 | 485.372 | 500.237,Defensa
Álvaro,Alavés,0 | 0 | 0 | 0 | 0 | +1.692,"0,00% | 0,00% | 0,00% | 0,00% | 0,00% | +0,34%",,24ddías,501.929,501.929 | 501.929 | 501.929 | 501.929 | 501.929 | 500.237,Defensa
Bardghji,Barcelona,-129.958 | -448.469 | -448.469 | -448.469 | -448.469 | -432.183,"-2,89% | -9,31% | -9,31% | -9,31% | -9,31% | -9,00%",,2ddías,4.370.096,4.500.054 | 4.818.565 | 4.818.565 | 4.818.565 | 4.818.565 | 4.802.279,Delantero
Juan Hernández,Barcelona,0 | 0 | 0 | 0 | 0 | -18.525,"0,00% | 0,00% | 0,00% | 0,00% | 0,00% | -3,09%",,24ddías,581.760,581.760 | 581.760 | 581.760 | 581.760 | 581.760 | 600.285,Mediocampista
Taufik,Atlético,0 | 0 | 0 | 0 | 0 | +2.031,"0,00% | 0,00% | 0,00% | 0,00% | 0,00% | +0,34%",,24ddías,602.316,602.316 | 602.316 | 602.316 | 602.316 | 602.316 | 600.285,Mediocampista
Martínez Bastida,Elche,0 | 0 | 0 | 0 | 0 | +2.039,"0,00% | 0,00% | 0,00% | 0,00% | 0,00% | +0,34%",,24ddías,602.324,602.324 | 602.324 | 602.324 | 602.324 | 602.324 | 600.285,Mediocampista
Aller,Barcelona,0 | 0 | 0 | 0 | 0 | +2.373,"0,00% | 0,00% | 0,00% | 0,00% | 0,00% | +0,34%",,24ddías,702.705,702.705 | 702.705 | 702.705 | 702.705 | 702.705 | 700.332,Portero
Ballestero,Alavés,0 | 0 | 0 | 0 | 0 | +2.031,"0,00% | 0,00% | 0,00% | 0,00% | 0,00% | +0,34%",,24ddías,602.316,602.316 | 602.316 | 602.316 | 602.316 | 602.316 | 600.285,Defensa
Monreal,Athletic,0 | 0 | 0 | 0 | 0 | +1.972,"0,00% | 0,00% | 0,00% | 0,00% | 0,00% | +0,33%",,24ddías,602.257,602.257 | 602.257 | 602.257 | 602.257 | 602.257 | 600.285,Defensa
Adrián Pérez,Athletic,0 | 0 | 0 | 0 | 0 | +1.972,"0,00% | 0,00% | 0,00% | 0,00% | 0,00% | +0,33%",,24ddías,602.257,602.257 | 602.257 | 602.257 | 602.257 | 602.257 | 600.285,Delantero
Espart,Barcelona,0 | 0 | 0 | 0 | 0 | +2.373,"0,00% | 0,00% | 0,00% | 0,00% | 0,00% | +0,34%",,24ddías,702.705,702.705 | 702.705 | 702.705 | 702.705 | 702.705 | 700.332,Defensa
Delgado,Elche,0 | 0 | 0 | 0 | 0 | +2.039,"0,00% | 0,00% | 0,00% | 0,00% | 0,00% | +0,34%",,24ddías,602.324,602.324 | 602.324 | 602.324 | 602.324 | 602.324 | 600.285,Defensa
Benito,Getafe,0 | 0 | 0 | 0 | 0 | +2.034,"0,00% | 0,00% | 0,00% | 0,00% | 0,00% | +0,34%",,24ddías,602.319,602.319 | 602.319 | 602.319 | 602.319 | 602.319 | 600.285,Portero
Aleksandrov,Getafe,0 | 0 | 0 | 0 | 0 | +2.034,"0,00% | 0,00% | 0,00% | 0,00% | 0,00% | +0,34%",,24ddías,602.319,602.319 | 602.319 | 602.319 | 602.319 | 602.319 | 600.285,Delantero
Javi Navarro,Real Madrid,0 | 0 | 0 | 0 | 0 | +2.290,"0,00% | 0,00% | 0,00% | 0,00% | 0,00% | +0,33%",,24ddías,702.622,702.622 | 702.622 | 702.622 | 702.622 | 702.622 | 700.332,Portero
Beitia,Real Sociedad,0 | 0 | 0 | 0 | 0 | +1.624,"0,00% | 0,00% | 0,00% | 0,00% | 0,00% | +0,32%",,24ddías,501.861,501.861 | 501.861 | 501.861 | 501.861 | 501.861 | 500.237,Defensa
Lebarbier,Real Sociedad,0 | 0 | 0 | 0 | 0 | +1.949,"0,00% | 0,00% | 0,00% | 0,00% | 0,00% | +0,32%",,24ddías,602.234,602.234 | 602.234 | 602.234 | 602.234 | 602.234 | 600.285,Defensa
Barry,Villarreal,0 | 0 | 0 | 0 | 0 | +2.007,"0,00% | 0,00% | 0,00% | 0,00% | 0,00% | +0,33%",,24ddías,602.292,602.292 | 602.292 | 602.292 | 602.292 | 602.292 | 600.285,Mediocampista
Niculaesei,Elche,0 | 0 | 0 | 0 | 0 | +2.719,"0,00% | 0,00% | 0,00% | 0,00% | 0,00% | +0,34%",,24ddías,803.099,803.099 | 803.099 | 803.099 | 803.099 | 803.099 | 800.380,Defensa
Radu,Celta,+730.776 | +1.524.992 | +2.211.194 | +5.096.323 | +8.960.549 | +14.913.797,"+2,14% | +4,57% | +6,76% | +17,09% | +34,51% | +74,53%",,26ddías,34.923.296,34.192.520 | 33.398.304 | 32.712.102 | 29.826.973 | 25.962.747 | 20.009.499,Portero
Izei,Alavés,0 | 0 | 0 | 0 | 0 | +1.963,"0,00% | 0,00% | 0,00% | 0,00% | 0,00% | +0,34%",,24ddías,582.010,582.010 | 582.010 | 582.010 | 582.010 | 582.010 | 580.047,Mediocampista
Bekhoucha,Getafe,0 | 0 | 0 | 0 | 0 | +3.732,"0,00% | 0,00% | 0,00% | 0,00% | 0,00% | +0,34%",,24ddías,1.104.254,1.104.254 | 1.104.254 | 1.104.254 | 1.104.254 | 1.104.254 | 1.100.522,Defensa
Salinas,Málaga,0 | 0 | +15.131 | -70.184 | -288.263 | -830.832,"0,00% | 0,00% | +1,43% | -6,16% | -21,22% | -43,71%",,2ddías,1.070.070,1.070.070 | 1.070.070 | 1.054.939 | 1.140.254 | 1.358.333 | 1.900.902,Defensa
Sivera,Alavés,+673.230 | +1.340.510 | +1.875.657 | +3.945.898 | +6.609.298 | +9.747.558,"+2,86% | +5,87% | +8,41% | +19,50% | +37,62% | +67,55%",,25ddías,24.177.914,23.504.684 | 22.837.404 | 22.302.257 | 20.232.016 | 17.568.616 | 14.430.356,Portero
De la Fuente,Levante,0 | 0 | 0 | 0 | 0 | +45.879,"0,00% | 0,00% | 0,00% | 0,00% | 0,00% | +0,33%",,24ddías,14.052.528,14.052.528 | 14.052.528 | 14.052.528 | 14.052.528 | 14.052.528 | 14.006.649,Defensa
Aguado,Elche,-40.339 | -75.343 | -134.185 | -372.357 | -956.909 | -2.291.196,"-1,08% | -1,99% | -3,49% | -9,12% | -20,50% | -38,17%",,27ddías,3.711.653,3.751.992 | 3.786.996 | 3.845.838 | 4.084.010 | 4.668.562 | 6.002.849,Mediocampista
Santiago,Elche,-13.854 | -28.760 | -43.842 | -107.689 | -244.089 | -611.587,"-1,97% | -4,01% | -5,98% | -13,52% | -26,16% | -47,02%",,27ddías,689.030,702.884 | 717.790 | 732.872 | 796.719 | 933.119 | 1.300.617,Mediocampista
Á. Núñez,Celta,-85.883 | -176.263 | -283.428 | -696.407 | -1.469.027 | -2.464.383,"-1,86% | -3,74% | -5,88% | -13,30% | -24,45% | -35,19%",,24ddías,4.538.941,4.624.824 | 4.715.204 | 4.822.369 | 5.235.348 | 6.007.968 | 7.003.324,Defensa
Affengruber,Elche,+687.387 | +1.360.494 | +1.937.291 | +4.272.984 | +7.625.906 | +20.444.487,"+2,44% | +4,95% | +7,20% | +17,39% | +35,93% | 0%",,19ddías,28.849.741,28.162.354 | 27.489.247 | 26.912.450 | 24.576.757 | 21.223.835 | 0,Defensa
Febas,Celta,0 | 0 | 0 | 0 | 0 | +85.014,"0,00% | 0,00% | 0,00% | 0,00% | 0,00% | +0,34%",,24ddías,25.096.888,25.096.888 | 25.096.888 | 25.096.888 | 25.096.888 | 25.096.888 | 25.011.874,Mediocampista
John ChetauyaJohn C.,Elche,-23.336 | -48.120 | -73.492 | -180.981 | -415.246 | -984.283,"-2,48% | -4,99% | -7,42% | -16,49% | -31,18% | -51,78%",,27ddías,916.619,939.955 | 964.739 | 990.111 | 1.097.600 | 1.331.865 | 1.900.902,Defensa
Vencedor,Athletic,0 | 0 | 0 | 0 | 0 | +7.209,"0,00% | 0,00% | 0,00% | 0,00% | 0,00% | +0,33%",,24ddías,2.208.253,2.208.253 | 2.208.253 | 2.208.253 | 2.208.253 | 2.208.253 | 2.201.044,Mediocampista
Youssef,Alavés,-8.292 | -17.406 | -26.453 | -63.540 | -141.189 | -344.868,"-1,47% | -3,04% | -4,55% | -10,26% | -20,26% | -38,30%",,19ddías,555.559,563.851 | 572.965 | 582.012 | 619.099 | 696.748 | 900.427,Defensa
Fortuny,Real Madrid,0 | 0 | 0 | 0 | 0 | +1.949,"0,00% | 0,00% | 0,00% | 0,00% | 0,00% | +0,32%",,24ddías,602.234,602.234 | 602.234 | 602.234 | 602.234 | 602.234 | 600.285,Mediocampista
Molina,Rayo,0 | 0 | 0 | 0 | 0 | +1.949,"0,00% | 0,00% | 0,00% | 0,00% | 0,00% | +0,32%",,24ddías,602.234,602.234 | 602.234 | 602.234 | 602.234 | 602.234 | 600.285,Portero
Arguibide,Osasuna,0 | 0 | 0 | 0 | 0 | +1.966,"0,00% | 0,00% | 0,00% | 0,00% | 0,00% | +0,34%",,24ddías,582.013,582.013 | 582.013 | 582.013 | 582.013 | 582.013 | 580.047,Defensa
Pablo García,Betis,0 | 0 | 0 | 0 | 0 | +8.184,"0,00% | 0,00% | 0,00% | 0,00% | 0,00% | +0,33%",,24ddías,2.509.371,2.509.371 | 2.509.371 | 2.509.371 | 2.509.371 | 2.509.371 | 2.501.187,Delantero
Huijsen,Real Madrid,-297.472 | -538.865 | -749.716 | -2.017.408 | -5.466.215 | -13.417.386,"-0,84% | -1,50% | -2,08% | -5,41% | -13,41% | -27,54%",,27ddías,35.305.745,35.603.217 | 35.844.610 | 36.055.461 | 37.323.153 | 40.771.960 | 48.723.131,Defensa
Juanpe,Rayo,0 | 0 | 0 | 0 | 0 | +1.949,"0,00% | 0,00% | 0,00% | 0,00% | 0,00% | +0,32%",,24ddías,602.234,602.234 | 602.234 | 602.234 | 602.234 | 602.234 | 600.285,Portero
Gonzalo,Real Madrid,-110.733 | -232.776 | -324.404 | -552.157 | -1.006.190 | -1.869.520,"-2,74% | -5,59% | -7,62% | -12,31% | -20,37% | -32,22%",,27ddías,3.933.234,4.043.967 | 4.166.010 | 4.257.638 | 4.485.391 | 4.939.424 | 5.802.754,Delantero
Niño,Málaga,-20.318 | -44.227 | -79.551 | -225.833 | -521.539 | -1.125.058,"-0,70% | -1,51% | -2,69% | -7,28% | -15,35% | -28,11%",,27ddías,2.876.841,2.897.159 | 2.921.068 | 2.956.392 | 3.102.674 | 3.398.380 | 4.001.899,Delantero
Rayane,Atlético,0 | 0 | 0 | 0 | 0 | -22.326,"0,00% | 0,00% | 0,00% | 0,00% | 0,00% | -3,19%",,24ddías,678.006,678.006 | 678.006 | 678.006 | 678.006 | 678.006 | 700.332,Delantero
Mendy,Rayo,0 | 0 | 0 | 0 | 0 | +19.507,"0,00% | 0,00% | 0,00% | 0,00% | 0,00% | +0,32%",,24ddías,6.022.356,6.022.356 | 6.022.356 | 6.022.356 | 6.022.356 | 6.022.356 | 6.002.849,Defensa
Ortiz,Betis,0 | 0 | 0 | 0 | 0 | +5.565,"0,00% | 0,00% | 0,00% | 0,00% | 0,00% | +0,33%",,24ddías,1.706.372,1.706.372 | 1.706.372 | 1.706.372 | 1.706.372 | 1.706.372 | 1.700.807,Defensa
Osambela,Osasuna,0 | 0 | 0 | 0 | 0 | +1.695,"0,00% | 0,00% | 0,00% | 0,00% | 0,00% | +0,34%",,24ddías,501.932,501.932 | 501.932 | 501.932 | 501.932 | 501.932 | 500.237,Mediocampista
Yáñez,Real Madrid,0 | 0 | 0 | 0 | 0 | +2.274,"0,00% | 0,00% | 0,00% | 0,00% | 0,00% | +0,32%",,24ddías,702.606,702.606 | 702.606 | 702.606 | 702.606 | 702.606 | 700.332,Delantero
Swiderski,Alavés,0 | 0 | 0 | 0 | 0 | +2.031,"0,00% | 0,00% | 0,00% | 0,00% | 0,00% | +0,34%",,24ddías,602.316,602.316 | 602.316 | 602.316 | 602.316 | 602.316 | 600.285,Portero
D. Aguado,Real Madrid,0 | 0 | 0 | 0 | 0 | -26.271,"0,00% | 0,00% | 0,00% | 0,00% | 0,00% | -3,28%",,24ddías,774.109,774.109 | 774.109 | 774.109 | 774.109 | 774.109 | 800.380,Defensa
Fran González,Real Madrid,0 | 0 | 0 | 0 | 0 | +2.290,"0,00% | 0,00% | 0,00% | 0,00% | 0,00% | +0,33%",,24ddías,702.622,702.622 | 702.622 | 702.622 | 702.622 | 702.622 | 700.332,Portero
Mariezkurrena,Real Sociedad,0 | 0 | 0 | 0 | 0 | -22.366,"0,00% | 0,00% | 0,00% | 0,00% | 0,00% | -3,19%",,24ddías,677.966,677.966 | 677.966 | 677.966 | 677.966 | 677.966 | 700.332,Delantero
Castrín,Sevilla,0 | 0 | 0 | 0 | 0 | -179.358,"0,00% | 0,00% | 0,00% | 0,00% | 0,00% | -3,59%",,24ddías,4.823.016,4.823.016 | 4.823.016 | 4.823.016 | 4.823.016 | 4.823.016 | 5.002.374,Defensa
Rafa,Sevilla,0 | 0 | 0 | 0 | 0 | +1.972,"0,00% | 0,00% | 0,00% | 0,00% | 0,00% | +0,33%",,24ddías,602.257,602.257 | 602.257 | 602.257 | 602.257 | 602.257 | 600.285,Portero
Diatta,Villarreal,0 | 0 | 0 | 0 | 0 | -18.629,"0,00% | 0,00% | 0,00% | 0,00% | 0,00% | -3,10%",,24ddías,581.656,581.656 | 581.656 | 581.656 | 581.656 | 581.656 | 600.285,Mediocampista
Ruggeri,Atlético,-89.470 | -158.651 | -295.379 | -735.903 | -1.592.851 | -1.366.636,"-1,17% | -2,06% | -3,77% | -8,89% | -17,45% | -15,35%",,21ddías,7.537.591,7.627.061 | 7.696.242 | 7.832.970 | 8.273.494 | 9.130.442 | 8.904.227,Defensa
Alexander-Arnold,Real Madrid,-347.542 | -662.342 | -1.033.294 | -2.713.097 | -6.541.593 | -13.354.358,"-1,29% | -2,42% | -3,73% | -9,24% | -19,70% | -33,37%",,27ddías,26.664.641,27.012.183 | 27.326.983 | 27.697.935 | 29.377.738 | 33.206.234 | 40.018.999,Defensa
Becerra,Rayo,0 | 0 | 0 | 0 | 0 | -18.585,"0,00% | 0,00% | 0,00% | 0,00% | 0,00% | -3,10%",,24ddías,581.700,581.700 | 581.700 | 581.700 | 581.700 | 581.700 | 600.285,Mediocampista
Manu Fernández,Celta,-3.543 | -7.711 | -11.605 | -25.843 | -53.324 | -158.700,"-0,80% | -1,72% | -2,56% | -5,53% | -10,77% | -26,44%",,27ddías,441.585,445.128 | 449.296 | 453.190 | 467.428 | 494.909 | 600.285,Defensa
Bigas,Elche,-170.832 | -351.596 | -533.970 | -1.015.300 | -1.743.947 | -1.014.279,"-2,39% | -4,79% | -7,10% | -12,68% | -19,97% | -12,67%",,22ddías,6.989.520,7.160.352 | 7.341.116 | 7.523.490 | 8.004.820 | 8.733.467 | 8.003.799,Defensa
Redondo,Elche,-30.527 | -60.247 | -93.855 | -232.669 | -531.854 | -1.228.235,"-2,54% | -4,89% | -7,41% | -16,55% | -31,20% | -51,15%",,27ddías,1.172.904,1.203.431 | 1.233.151 | 1.266.759 | 1.405.573 | 1.704.758 | 2.401.139,Mediocampista
Pinillos,Alavés,0 | 0 | 0 | 0 | 0 | +1.692,"0,00% | 0,00% | 0,00% | 0,00% | 0,00% | +0,34%",,24ddías,501.929,501.929 | 501.929 | 501.929 | 501.929 | 501.929 | 500.237,Mediocampista
Rego,Athletic,0 | 0 | 0 | 0 | 0 | +16.451,"0,00% | 0,00% | 0,00% | 0,00% | 0,00% | +0,33%",,24ddías,5.018.825,5.018.825 | 5.018.825 | 5.018.825 | 5.018.825 | 5.018.825 | 5.002.374,Defensa
Esquivel,Atlético,0 | 0 | 0 | 0 | 0 | +2.007,"0,00% | 0,00% | 0,00% | 0,00% | 0,00% | +0,33%",,24ddías,602.292,602.292 | 602.292 | 602.292 | 602.292 | 602.292 | 600.285,Portero
Torrents,Barcelona,0 | 0 | 0 | 0 | 0 | +2.034,"0,00% | 0,00% | 0,00% | 0,00% | 0,00% | +0,34%",,24ddías,602.319,602.319 | 602.319 | 602.319 | 602.319 | 602.319 | 600.285,Defensa
Joselu,Getafe,0 | 0 | 0 | 0 | 0 | +2.034,"0,00% | 0,00% | 0,00% | 0,00% | 0,00% | +0,34%",,24ddías,602.319,602.319 | 602.319 | 602.319 | 602.319 | 602.319 | 600.285,Delantero
Gorrotxategi,Real Sociedad,-115.004 | -223.874 | -362.621 | -757.700 | -1.689.881 | +668.023,"-1,31% | -2,52% | -4,01% | -8,04% | -16,31% | +8,35%",,20ddías,8.671.822,8.786.826 | 8.895.696 | 9.034.443 | 9.429.522 | 10.361.703 | 8.003.799,Mediocampista
Víctor García,Levante,-75.311 | -154.169 | -234.203 | -571.003 | -1.284.874 | -2.809.376,"-2,72% | -5,41% | -8,00% | -17,49% | -32,30% | -51,06%",,27ddías,2.693.236,2.768.547 | 2.847.405 | 2.927.439 | 3.264.239 | 3.978.110 | 5.502.612,Defensa
Pablo CamposCuñat Campos,Levante,+5.120 | +40.493 | +62.244 | +90.695 | -56.855 | -505.015,"+0,40% | +3,23% | +5,05% | +7,53% | -4,20% | -28,04%",,6ddías,1.295.839,1.290.719 | 1.255.346 | 1.233.595 | 1.205.144 | 1.352.694 | 1.800.854,Portero
Toljan,Levante,-68.107 | -136.159 | -226.086 | -541.652 | -1.296.399 | -2.659.667,"-1,39% | -2,73% | -4,46% | -10,06% | -21,11% | -35,45%",,25ddías,4.843.895,4.912.002 | 4.980.054 | 5.069.981 | 5.385.547 | 6.140.294 | 7.503.562,Defensa
Cortés,Levante,0 | 0 | 0 | 0 | 0 | +2.620,"0,00% | 0,00% | 0,00% | 0,00% | 0,00% | +0,33%",,24ddías,803.000,803.000 | 803.000 | 803.000 | 803.000 | 803.000 | 800.380,Delantero
Primo,Levante,0 | 0 | 0 | 0 | 0 | +3.604,"0,00% | 0,00% | 0,00% | 0,00% | 0,00% | +0,33%",,24ddías,1.104.126,1.104.126 | 1.104.126 | 1.104.126 | 1.104.126 | 1.104.126 | 1.100.522,Portero
Vertrouwd,Rayo,0 | 0 | 0 | 0 | 0 | +3.250,"0,00% | 0,00% | 0,00% | 0,00% | 0,00% | +0,32%",,24ddías,1.003.725,1.003.725 | 1.003.725 | 1.003.725 | 1.003.725 | 1.003.725 | 1.000.475,Defensa
Ugrinic,Valencia,-126.448 | -234.779 | -365.989 | -872.818 | -1.908.106 | -3.204.602,"-2,57% | -4,66% | -7,09% | -15,39% | -28,45% | -40,04%",,25ddías,4.799.197,4.925.645 | 5.033.976 | 5.165.186 | 5.672.015 | 6.707.303 | 8.003.799,Mediocampista
Elgezabal,Levante,-40.423 | -79.986 | -124.402 | -311.190 | -678.551 | -1.504.047,"-2,63% | -5,07% | -7,67% | -17,21% | -31,18% | -50,11%",,27ddías,1.497.377,1.537.800 | 1.577.363 | 1.621.779 | 1.808.567 | 2.175.928 | 3.001.424,Defensa
Jonny,Alavés,-82.021 | -151.937 | -253.764 | -675.007 | -1.632.541 | -3.015.273,"-1,35% | -2,47% | -4,06% | -10,13% | -21,42% | -33,49%",,23ddías,5.989.001,6.071.022 | 6.140.938 | 6.242.765 | 6.664.008 | 7.621.542 | 9.004.274,Defensa
Valentín Gómez,Betis,-43.408 | -93.273 | -141.183 | -347.215 | -798.740 | -1.762.353,"-1,90% | -4,00% | -5,93% | -13,42% | -26,29% | -44,04%",,27ddías,2.239.546,2.282.954 | 2.332.819 | 2.380.729 | 2.586.761 | 3.038.286 | 4.001.899,Defensa
Almada,Atlético,-142.412 | -289.992 | -470.009 | -1.143.540 | -2.335.924 | -3.082.761,"-2,02% | -4,02% | -6,36% | -14,18% | -25,23% | -30,81%",,21ddías,6.921.988,7.064.400 | 7.211.980 | 7.391.997 | 8.065.528 | 9.257.912 | 10.004.749,Mediocampista
Luiz Felipe,Rayo,0 | 0 | 0 | 0 | 0 | +13.330,"0,00% | 0,00% | 0,00% | 0,00% | 0,00% | +0,32%",,24ddías,4.115.277,4.115.277 | 4.115.277 | 4.115.277 | 4.115.277 | 4.115.277 | 4.101.947,Defensa
Hancko,Atlético,-85.767 | -217.318 | -502.006 | -1.500.531 | -4.587.053 | -9.449.836,"-0,28% | -0,71% | -1,62% | -4,68% | -13,05% | -23,61%",,25ddías,30.569.163,30.654.930 | 30.786.481 | 31.071.169 | 32.069.694 | 35.156.216 | 40.018.999,Defensa
Fortea,Real Madrid,0 | 0 | 0 | 0 | 0 | +1.719,"0,00% | 0,00% | 0,00% | 0,00% | 0,00% | +0,21%",,24ddías,802.099,802.099 | 802.099 | 802.099 | 802.099 | 802.099 | 800.380,Defensa
Jutglà,Celta,-74.920 | -158.559 | -273.607 | -815.948 | -2.026.797 | -1.622.621,"-0,79% | -1,66% | -2,83% | -8,00% | -17,76% | -14,74%",,23ddías,9.382.603,9.457.523 | 9.541.162 | 9.656.210 | 10.198.551 | 11.409.400 | 11.005.224,Delantero
Martim Neto,Elche,-36.384 | -75.683 | -102.687 | -167.935 | -393.549 | -1.001.656,"-1,79% | -3,65% | -4,88% | -7,75% | -16,44% | -33,37%",,27ddías,1.999.768,2.036.152 | 2.075.451 | 2.102.455 | 2.167.703 | 2.393.317 | 3.001.424,Mediocampista
Deossa,Betis,-43.477 | -83.008 | -128.715 | -355.478 | -823.207 | -1.922.184,"-2,15% | -4,02% | -6,10% | -15,22% | -29,37% | -49,26%",,27ddías,1.979.668,2.023.145 | 2.062.676 | 2.108.383 | 2.335.146 | 2.802.875 | 3.901.852,Mediocampista
Oriol Rey,Levante,-25.449 | -51.166 | -79.032 | -195.748 | -440.133 | -1.027.527,"-2,55% | -4,99% | -7,51% | -16,74% | -31,14% | -51,35%",,27ddías,973.422,998.871 | 1.024.588 | 1.052.454 | 1.169.170 | 1.413.555 | 2.000.949,Mediocampista
Junior,Betis,-98.502 | -210.224 | -318.095 | -788.378 | -1.744.269 | -3.449.339,"-2,12% | -4,41% | -6,53% | -14,76% | -27,69% | -43,10%",,27ddías,4.554.460,4.652.962 | 4.764.684 | 4.872.555 | 5.342.838 | 6.298.729 | 8.003.799,Defensa
Dituro,Elche,-70.388 | -122.663 | -222.963 | -350.937 | -813.752 | -1.388.936,"-1,05% | -1,82% | -3,26% | -5,04% | -10,95% | -17,35%",,27ddías,6.614.863,6.685.251 | 6.737.526 | 6.837.826 | 6.965.800 | 7.428.615 | 8.003.799,Portero
Dolan,Espanyol,-104.592 | -212.166 | -332.813 | -700.207 | -1.468.527 | -1.300.829,"-1,54% | -3,07% | -4,73% | -9,46% | -17,97% | -16,25%",,20ddías,6.702.970,6.807.562 | 6.915.136 | 7.035.783 | 7.403.177 | 8.171.497 | 8.003.799,Delantero
Roger BruguéBrugui,Levante,-85.702 | -179.119 | -278.237 | -681.224 | -1.566.984 | -3.741.690,"-2,56% | -5,21% | -7,86% | -17,28% | -32,45% | -53,43%",,28ddías,3.261.634,3.347.336 | 3.440.753 | 3.539.871 | 3.942.858 | 4.828.618 | 7.003.324,Delantero
Jorge Cabello,Levante,-33.961 | -69.599 | -106.490 | +594.736 | +594.736 | +594.736,"-2,82% | -5,61% | -8,33% | 0% | 0% | 0%",,4ddías,1.171.612,1.205.573 | 1.241.211 | 1.278.102 | 0 | 0 | 0,Defensa
C. Álvarez,Levante,+315.014 | +601.961 | +888.778 | +2.236.273 | +4.584.799 | +8.807.135,"+1,91% | +3,71% | +5,58% | +15,34% | +37,50% | +110,04%",,26ddías,16.810.934,16.495.920 | 16.208.973 | 15.922.156 | 14.574.661 | 12.226.135 | 8.003.799,Mediocampista
Oláiz,Alavés,0 | 0 | 0 | 0 | 0 | +2.031,"0,00% | 0,00% | 0,00% | 0,00% | 0,00% | +0,34%",,24ddías,602.316,602.316 | 602.316 | 602.316 | 602.316 | 602.316 | 600.285,Defensa
Aitor Mañas,Alavés,0 | 0 | 0 | 0 | 0 | -17.883,"0,00% | 0,00% | 0,00% | 0,00% | 0,00% | -3,08%",,24ddías,562.164,562.164 | 562.164 | 562.164 | 562.164 | 562.164 | 580.047,Delantero
Rubén Gómez,Villarreal,0 | 0 | 0 | 0 | 0 | +2.007,"0,00% | 0,00% | 0,00% | 0,00% | 0,00% | +0,33%",,24ddías,602.292,602.292 | 602.292 | 602.292 | 602.292 | 602.292 | 600.285,Portero
Laro Gómez,Racing,0 | 0 | 0 | 0 | 0 | +1.949,"0,00% | 0,00% | 0,00% | 0,00% | 0,00% | +0,32%",,23ddías,602.234,602.234 | 602.234 | 602.234 | 602.234 | 602.234 | 600.285,Portero
Arana,Racing,-12.983 | -25.607 | -39.603 | -95.424 | -237.914 | -556.206,"-1,36% | -2,64% | -4,02% | -9,18% | -20,12% | -37,06%",,27ddías,944.506,957.489 | 970.113 | 984.109 | 1.039.930 | 1.182.420 | 1.500.712,Delantero
Iñigo Vicente,Racing,-100.972 | -394.741 | -832.112 | -1.817.194 | -3.557.381 | -5.990.006,"-0,51% | -1,98% | -4,09% | -8,52% | -15,41% | -23,48%",,23ddías,19.522.106,19.623.078 | 19.916.847 | 20.354.218 | 21.339.300 | 23.079.487 | 25.512.112,Delantero
Solórzano,Racing,0 | 0 | 0 | 0 | 0 | +1.949,"0,00% | 0,00% | 0,00% | 0,00% | 0,00% | +0,32%",,23ddías,602.234,602.234 | 602.234 | 602.234 | 602.234 | 602.234 | 600.285,Mediocampista
Puerta,Racing,+194.081 | +380.136 | +526.103 | +832.123 | +355.565 | +75.062,"+1,96% | +3,92% | +5,51% | +9,00% | +3,66% | +0,75%",,6ddías,10.079.811,9.885.730 | 9.699.675 | 9.553.708 | 9.247.688 | 9.724.246 | 10.004.749,Mediocampista
Sergio Martínez,Racing,0 | 0 | 0 | 0 | 0 | +2.274,"0,00% | 0,00% | 0,00% | 0,00% | 0,00% | +0,32%",,23ddías,702.606,702.606 | 702.606 | 702.606 | 702.606 | 702.606 | 700.332,Mediocampista
Gueye,Racing,-56.726 | -136.487 | -190.709 | -508.619 | -1.270.896 | -2.316.184,"-1,20% | -2,83% | -3,91% | -9,79% | -21,33% | -33,07%",,23ddías,4.687.140,4.743.866 | 4.823.627 | 4.877.849 | 5.195.759 | 5.958.036 | 7.003.324,Mediocampista
Crespo,Racing,0 | 0 | 0 | 0 | 0 | +2.599,"0,00% | 0,00% | 0,00% | 0,00% | 0,00% | +0,32%",,23ddías,802.979,802.979 | 802.979 | 802.979 | 802.979 | 802.979 | 800.380,Defensa
Facundo GonzálezFacu González,Racing,-57.054 | -288.633 | -288.633 | -288.633 | -288.633 | -277.255,"-1,74% | -8,22% | -8,22% | -8,22% | -8,22% | -7,92%",,2ddías,3.224.407,3.281.461 | 3.513.040 | 3.513.040 | 3.513.040 | 3.513.040 | 3.501.662,Defensa
Carlos Sánchez,Racing,0 | 0 | 0 | 0 | 0 | +2.274,"0,00% | 0,00% | 0,00% | 0,00% | 0,00% | +0,32%",,23ddías,702.606,702.606 | 702.606 | 702.606 | 702.606 | 702.606 | 700.332,Defensa
Salinas,Racing,0 | 0 | 0 | 0 | 0 | +19.507,"0,00% | 0,00% | 0,00% | 0,00% | 0,00% | +0,32%",,23ddías,6.022.356,6.022.356 | 6.022.356 | 6.022.356 | 6.022.356 | 6.022.356 | 6.002.849,Defensa
Camara,Racing,-19.192 | -34.385 | -52.619 | -114.065 | -282.782 | -727.095,"-1,93% | -3,41% | -5,13% | -10,49% | -22,51% | -42,75%",,27ddías,973.712,992.904 | 1.008.097 | 1.026.331 | 1.087.777 | 1.256.494 | 1.700.807,Defensa
Hernando,Racing,-19.602 | -35.820 | -62.212 | -179.291 | -544.462 | -1.486.940,"-0,96% | -1,75% | -3,00% | -8,17% | -21,27% | -42,46%",,27ddías,2.014.722,2.034.324 | 2.050.542 | 2.076.934 | 2.194.013 | 2.559.184 | 3.501.662,Defensa
Sainz-Maza,Racing,-24.625 | -49.778 | -77.844 | -187.944 | -432.433 | -982.674,"-2,36% | -4,66% | -7,10% | -15,58% | -29,81% | -49,11%",,27ddías,1.018.275,1.042.900 | 1.068.053 | 1.096.119 | 1.206.219 | 1.450.708 | 2.000.949,Defensa
Mantilla,Racing,+21.489 | +38.147 | +50.573 | +42.662 | -67.293 | -809.956,"+0,99% | +1,77% | +2,36% | +1,99% | -2,98% | -26,99%",,4ddías,2.191.468,2.169.979 | 2.153.321 | 2.140.895 | 2.148.806 | 2.258.761 | 3.001.424,Defensa
Eriksson,Racing,+56.707 | +93.220 | +145.209 | +218.618 | +22.179 | -528.186,"+2,35% | +3,92% | +6,24% | +9,70% | +0,90% | -17,60%",,6ddías,2.473.238,2.416.531 | 2.380.018 | 2.328.029 | 2.254.620 | 2.451.059 | 3.001.424,Portero
Canales,Racing,0 | 0 | 0 | 0 | 0 | +32.513,"0,00% | 0,00% | 0,00% | 0,00% | 0,00% | +0,32%",,23ddías,10.037.262,10.037.262 | 10.037.262 | 10.037.262 | 10.037.262 | 10.037.262 | 10.004.749,Delantero
Rafa Rodríguez,Málaga,0 | 0 | 0 | 0 | 0 | -232.661,"0,00% | 0,00% | 0,00% | 0,00% | 0,00% | -3,58%",,23ddías,6.270.426,6.270.426 | 6.270.426 | 6.270.426 | 6.270.426 | 6.270.426 | 6.503.087,Mediocampista
Recio,Málaga,0 | 0 | 0 | 0 | 0 | +2.454,"0,00% | 0,00% | 0,00% | 0,00% | 0,00% | +0,33%",,23ddías,752.810,752.810 | 752.810 | 752.810 | 752.810 | 752.810 | 750.356,Defensa
Pastor,Málaga,0 | 0 | 0 | 0 | 0 | -11.074,"0,00% | 0,00% | 0,00% | 0,00% | 0,00% | -2,77%",,23ddías,389.116,389.116 | 389.116 | 389.116 | 389.116 | 389.116 | 400.190,Defensa
Arriaza,Málaga,0 | 0 | 0 | 0 | 0 | +1.308,"0,00% | 0,00% | 0,00% | 0,00% | 0,00% | +0,33%",,23ddías,401.498,401.498 | 401.498 | 401.498 | 401.498 | 401.498 | 400.190,Defensa
Moussa,Málaga,0 | 0 | 0 | 0 | 0 | +1.308,"0,00% | 0,00% | 0,00% | 0,00% | 0,00% | +0,33%",,23ddías,401.498,401.498 | 401.498 | 401.498 | 401.498 | 401.498 | 400.190,Defensa
Merino,Málaga,-106.092 | -194.441 | -267.658 | -668.515 | -1.525.357 | -2.800.847,"-1,45% | -2,63% | -3,58% | -8,49% | -17,47% | -28,00%",,23ddías,7.203.902,7.309.994 | 7.398.343 | 7.471.560 | 7.872.417 | 8.729.259 | 10.004.749,Mediocampista
Lorenzo,Málaga,+23.972 | +34.543 | +15.405 | -140.207 | -786.850 | -2.630.351,"+0,29% | +0,41% | +0,18% | -1,65% | -8,59% | -23,90%",,2ddías,8.374.873,8.350.901 | 8.340.330 | 8.359.468 | 8.515.080 | 9.161.723 | 11.005.224,Mediocampista
Ochoa,Málaga,0 | 0 | 0 | 0 | 0 | +11.378,"0,00% | 0,00% | 0,00% | 0,00% | 0,00% | +0,32%",,23ddías,3.513.040,3.513.040 | 3.513.040 | 3.513.040 | 3.513.040 | 3.513.040 | 3.501.662,Mediocampista
Jiménez,Racing,0 | 0 | 0 | 0 | 0 | +1.949,"0,00% | 0,00% | 0,00% | 0,00% | 0,00% | +0,32%",,23ddías,602.234,602.234 | 602.234 | 602.234 | 602.234 | 602.234 | 600.285,Portero
Enríquez,Málaga,-23.747 | -48.407 | -75.364 | -175.375 | -394.646 | -943.403,"-2,20% | -4,38% | -6,65% | -14,22% | -27,18% | -47,15%",,27ddías,1.057.546,1.081.293 | 1.105.953 | 1.132.910 | 1.232.921 | 1.452.192 | 2.000.949,Mediocampista
Juanpe,Málaga,0 | 0 | 0 | 0 | 0 | +1.884,"0,00% | 0,00% | 0,00% | 0,00% | 0,00% | +0,32%",,23ddías,581.931,581.931 | 581.931 | 581.931 | 581.931 | 581.931 | 580.047,Mediocampista
Joaquín,Málaga,-153.898 | -305.718 | -469.225 | -1.150.653 | -2.575.897 | -5.440.570,"-1,76% | -3,45% | -5,19% | -11,84% | -23,12% | -38,84%",,27ddías,8.566.079,8.719.977 | 8.871.797 | 9.035.304 | 9.716.732 | 11.141.976 | 14.006.649,Delantero
Lobete,Málaga,-27.603 | -55.951 | -84.856 | -197.049 | -433.632 | -930.075,"-2,51% | -4,97% | -7,34% | -15,54% | -28,82% | -46,48%",,27ddías,1.070.874,1.098.477 | 1.126.825 | 1.155.730 | 1.267.923 | 1.504.506 | 2.000.949,Delantero
Jauregi,Málaga,0 | 0 | 0 | 0 | 0 | +5.038,"0,00% | 0,00% | 0,00% | 0,00% | 0,00% | +0,32%",,23ddías,1.555.774,1.555.774 | 1.555.774 | 1.555.774 | 1.555.774 | 1.555.774 | 1.550.736,Delantero
Haitam,Málaga,-4.995 | -10.675 | -16.144 | -37.367 | -80.184 | -223.906,"-1,04% | -2,19% | -3,28% | -7,27% | -14,41% | -31,97%",,27ddías,476.426,481.421 | 487.101 | 492.570 | 513.793 | 556.610 | 700.332,Delantero
Guliashvili,Racing,-97.583 | -200.437 | -301.888 | -746.741 | -1.653.047 | -3.376.310,"-3,03% | -6,02% | -8,80% | -19,28% | -34,58% | -51,92%",,27ddías,3.126.777,3.224.360 | 3.327.214 | 3.428.665 | 3.873.518 | 4.779.824 | 6.503.087,Delantero
Santi Franco,Racing,0 | 0 | 0 | 0 | 0 | +2.274,"0,00% | 0,00% | 0,00% | 0,00% | 0,00% | +0,32%",,23ddías,702.606,702.606 | 702.606 | 702.606 | 702.606 | 702.606 | 700.332,Delantero
Galilea,Málaga,0 | 0 | 0 | 0 | 0 | +13.914,"0,00% | 0,00% | 0,00% | 0,00% | 0,00% | +0,33%",,23ddías,4.265.932,4.265.932 | 4.265.932 | 4.265.932 | 4.265.932 | 4.265.932 | 4.252.018,Defensa
Manuel Pellegrini,Betis,-230.547 | -483.382 | -741.561 | -1.872.308 | -246.655 | -231.602,"-3,29% | -6,66% | -9,87% | -21,66% | 0% | -3,31%",,9ddías,6.771.722,7.002.269 | 7.255.104 | 7.513.283 | 8.644.030 | 0 | 7.003.324,
Carlos Corberán,Valencia,-24.549 | -50.598 | -77.286 | -192.597 | +43.370 | +45.304,"-2,53% | -5,08% | -7,55% | -16,92% | 0% | +5,03%",,9ddías,945.731,970.280 | 996.329 | 1.023.017 | 1.138.328 | 0 | 900.427,
Luis García,Sevilla,-37.110 | -76.243 | -116.559 | -89.099 | +445.083 | +446.802,"-2,89% | -5,76% | -8,55% | -6,67% | 0% | +55,82%",,6ddías,1.247.182,1.284.292 | 1.323.425 | 1.363.741 | 1.336.281 | 0 | 800.380,
Pellegrino Matarazzo,Real Sociedad,-240.782 | -496.821 | -753.438 | -1.938.717 | +1.399.951 | +1.410.703,"-3,62% | -7,19% | -10,51% | -23,21% | 0% | +28,20%",,7ddías,6.413.077,6.653.859 | 6.909.898 | 7.166.515 | 8.351.794 | 0 | 5.002.374,
José Mourinho,Real Madrid,-842.048 | -1.740.943 | -2.669.970 | +3.567.570 | 0 | 0,"-3,67% | -7,31% | -10,79% | +19,27% | 0% | 0%",,4ddías,22.078.521,22.920.569 | 23.819.464 | 24.748.491 | 18.510.951 | 0 | 0,
Beñat San José,Rayo,-92.878 | -196.778 | +61.521 | +919.628 | 0 | 0,"-3,47% | -7,07% | +2,44% | +55,20% | 0% | 0%",,2ddías,2.585.610,2.678.488 | 2.782.388 | 2.524.089 | 1.665.982 | 0 | 0,
José Alberto López,Racing,-44.638 | -91.611 | -140.096 | +91.572 | +625.754 | +627.473,"-3,03% | -6,03% | -8,93% | +6,85% | 0% | +78,40%",,5ddías,1.427.853,1.472.491 | 1.519.464 | 1.567.949 | 1.336.281 | 0 | 800.380,
Luis Miguel Ramis,Osasuna,-79.879 | -163.562 | -250.443 | +607.664 | 0 | 0,"-3,39% | -6,71% | -9,92% | +36,47% | 0% | 0%",,3ddías,2.273.646,2.353.525 | 2.437.208 | 2.524.089 | 1.665.982 | 0 | 0,
Juan Funes,Málaga,-68.475 | -140.279 | -214.629 | +329.587 | +997.318 | +999.468,"-3,31% | -6,55% | -9,69% | +19,73% | 0% | +99,90%",,4ddías,1.999.943,2.068.418 | 2.140.222 | 2.214.572 | 1.670.356 | 0 | 1.000.475,
Luis Castro,Levante,-67.357 | -137.996 | -211.133 | -532.418 | +469.178 | +472.403,"-3,30% | -6,54% | -9,67% | -21,25% | 0% | +31,48%",,7ddías,1.973.115,2.040.472 | 2.111.111 | 2.184.248 | 2.505.533 | 0 | 1.500.712,
Pepe Bordalás,Getafe,+11.134.575 | +16.160.314 | +31.781.860 | +60.566.608 | +64.680.965 | +64.691.717,"+19,01% | +30,19% | +83,83% | +663,56% | 0% | +1.293,22%",,9ddías,69.694.091,58.559.516 | 53.533.777 | 37.912.231 | 9.127.483 | 0 | 5.002.374,
Manolo González,Espanyol,-56.554 | -115.940 | -177.354 | -446.657 | +209.894 | +213.119,"-3,19% | -6,34% | -9,38% | -20,67% | 0% | +14,20%",,8ddías,1.713.831,1.770.385 | 1.829.771 | 1.891.185 | 2.160.488 | 0 | 1.500.712,
Martín Anselmi,Elche,-92.878 | -196.778 | +61.521 | +919.628 | 0 | 0,"-3,47% | -7,07% | +2,44% | +55,20% | 0% | 0%",,2ddías,2.585.610,2.678.488 | 2.782.388 | 2.524.089 | 1.665.982 | 0 | 0,
Antonio Hidalgo,Deportivo,-94.325 | -193.056 | -295.454 | +114.802 | +1.116.398 | +1.119.623,"-3,47% | -6,86% | -10,13% | +4,58% | 0% | +74,61%",,5ddías,2.620.335,2.714.660 | 2.813.391 | 2.915.789 | 2.505.533 | 0 | 1.500.712,
Claudio Giráldez,Celta,-129.944 | -264.738 | -407.669 | -1.044.545 | -1.339.229 | -1.328.477,"-3,42% | -6,72% | -9,99% | -22,14% | 0% | -26,56%",,11ddías,3.673.897,3.803.841 | 3.938.635 | 4.081.566 | 4.718.442 | 0 | 5.002.374,
Hansi Flick,Barcelona,-398.485 | -798.764 | -1.225.218 | -2.975.159 | -1.501.674 | -1.469.416,"-2,86% | -5,57% | -8,30% | -18,02% | 0% | -9,79%",,10ddías,13.537.708,13.936.193 | 14.336.472 | 14.762.926 | 16.512.867 | 0 | 15.007.124,
Diego Diaz,Racing,0 | 0 | 0 | 0 | 0 | +1.949,"0,00% | 0,00% | 0,00% | 0,00% | 0,00% | +0,32%",,23ddías,602.234,602.234 | 602.234 | 602.234 | 602.234 | 602.234 | 600.285,Delantero
Hartman,Espanyol,-220.033 | -457.186 | -720.164 | -1.780.838 | 0 | 0,"-1,94% | -3,96% | -6,09% | -13,83% | 0% | 0%",,11ddías,11.099.702,11.319.735 | 11.556.888 | 11.819.866 | 12.880.540 | 0 | 0,Defensa
Santaella,Málaga,0 | 0 | 0 | 0 | 0 | +1.308,"0,00% | 0,00% | 0,00% | 0,00% | 0,00% | +0,33%",,19ddías,401.498,401.498 | 401.498 | 401.498 | 401.498 | 401.498 | 400.190,Defensa
Vallecillo,Racing,0 | 0 | 0 | 0 | 0 | -22.392,"0,00% | 0,00% | 0,00% | 0,00% | 0,00% | -3,20%",,19ddías,677.940,677.940 | 677.940 | 677.940 | 677.940 | 677.940 | 700.332,Mediocampista
Chupete,Málaga,+1.367.224 | +2.631.960 | +3.845.366 | +9.213.450 | +17.346.463 | 0,"+3,23% | +6,42% | +9,66% | +26,75% | +65,93% | 0%",,18ddías,43.657.811,42.290.587 | 41.025.851 | 39.812.445 | 34.444.361 | 26.311.348 | 0,Delantero
Larrubia,Málaga,+1.227.484 | +2.792.769 | +3.982.372 | +9.726.090 | +17.013.367 | 0,"+2,75% | +6,49% | +9,52% | +26,96% | +59,10% | 0%",,17ddías,45.803.057,44.575.573 | 43.010.288 | 41.820.685 | 36.076.967 | 28.789.690 | 0,Mediocampista
Yeremay,Deportivo,+1.047.077 | +2.431.218 | +4.202.055 | +11.823.904 | +23.721.710 | 0,"+1,95% | +4,66% | +8,33% | +27,63% | +76,78% | 0%",,15ddías,54.617.646,53.570.569 | 52.186.428 | 50.415.591 | 42.793.742 | 30.895.936 | 0,Delantero
Dumfries,Real Madrid,+1.223.399 | +2.674.357 | +4.050.781 | +9.767.494 | +17.078.431 | 0,"+2,04% | +4,57% | +7,10% | +19,01% | +38,76% | 0%",,14ddías,61.136.382,59.912.983 | 58.462.025 | 57.085.601 | 51.368.888 | 44.057.951 | 0,Defensa
Cucurella,Real Madrid,+2.951.040 | +5.968.239 | +8.745.594 | 0 | 0 | 0,"+5,13% | +10,95% | +16,91% | 0% | 0% | 0%",,5ddías,60.455.958,57.504.918 | 54.487.719 | 51.710.364 | 0 | 0 | 0,Defensa
Diego Simeone,Atlético,-272.253 | -573.875 | -875.728 | -2.211.154 | -1.402.918 | -1.381.413,"-3,06% | -6,24% | -9,22% | -20,41% | 0% | -13,81%",,10ddías,8.623.336,8.895.589 | 9.197.211 | 9.499.064 | 10.834.490 | 0 | 10.004.749,
Konaté,Real Madrid,+1.384.888 | +2.918.886 | +3.986.197 | 0 | 0 | 0,"+4,35% | +9,62% | +13,62% | 0% | 0% | 0%",,4ddías,33.255.964,31.871.076 | 30.337.078 | 29.269.767 | 0 | 0 | 0,Defensa
Aubameyang,Deportivo,+1.132.738 | +2.297.747 | +3.206.594 | 0 | 0 | 0,"+7,94% | +17,53% | +26,28% | 0% | 0% | 0%",,3ddías,15.407.828,14.275.090 | 13.110.081 | 12.201.234 | 0 | 0 | 0,Delantero
Calatrava,Espanyol,+4.400 | +23.320 | +23.430 | 0 | 0 | 0,"+0,14% | +0,73% | +0,73% | 0% | 0% | 0%",,3ddías,3.227.455,3.223.055 | 3.204.135 | 3.204.025 | 0 | 0 | 0,Delantero
Hjulmand,Atlético,-565.922 | 0 | 0 | 0 | 0 | 0,"-1,61% | 0% | 0% | 0% | 0% | 0%",,1ddías,34.527.477,35.093.399 | 0 | 0 | 0 | 0 | 0,Mediocampista
Quique Sánchez,Alavés,-37.110 | -76.243 | -116.559 | -89.099 | +445.083 | +446.802,"-2,89% | -5,76% | -8,55% | -6,67% | 0% | +55,82%",,6ddías,1.247.182,1.284.292 | 1.323.425 | 1.363.741 | 1.336.281 | 0 | 800.380,
Edin Terzic,Athletic,-545.090 | -1.113.369 | -1.705.855 | +3.442.806 | 0 | 0,"-3,90% | -7,65% | -11,26% | +34,44% | 0% | 0%",,3ddías,13.438.716,13.983.806 | 14.552.085 | 15.144.571 | 9.995.910 | 0 | 0,
Dani Sánchez,Málaga,-22.680 | -45.051 | -68.908 | -169.058 | -388.878 | -942.617,"-2,26% | -4,39% | -6,56% | -14,69% | -28,38% | -48,99%",,27ddías,981.430,1.004.110 | 1.026.481 | 1.050.338 | 1.150.488 | 1.370.308 | 1.924.047,Defensa
Rafa GarridoRafita,Málaga,0 | 0 | 0 | 0 | 0 | +16.370,"0,00% | 0,00% | 0,00% | 0,00% | 0,00% | +0,33%",,23ddías,5.018.744,5.018.744 | 5.018.744 | 5.018.744 | 5.018.744 | 5.018.744 | 5.002.374,Defensa
Hierro,Athletic,0 | 0 | 0 | 0 | 0 | +1.972,"0,00% | 0,00% | 0,00% | 0,00% | 0,00% | +0,33%",,24ddías,602.257,602.257 | 602.257 | 602.257 | 602.257 | 602.257 | 600.285,Delantero
Julio Díaz,Sevilla,+8.438 | +18.058 | +22.607 | +15.915 | -4.275 | -122.295,"+1,80% | +3,93% | +4,96% | +3,44% | -0,89% | -20,37%",,4ddías,477.990,469.552 | 459.932 | 455.383 | 462.075 | 482.265 | 600.285,Defensa
Vargas,Atlético,-26.083 | -51.413 | -81.361 | -206.462 | -461.801 | -999.856,"-2,31% | -4,46% | -6,88% | -15,79% | -29,55% | -47,59%",,27ddías,1.101.141,1.127.224 | 1.152.554 | 1.182.502 | 1.307.603 | 1.562.942 | 2.100.997,Mediocampista
Lookman,Atlético,+1.529.390 | +3.496.932 | +5.011.299 | +11.091.109 | +17.379.174 | +32.016.841,"+2,40% | +5,67% | +8,33% | +20,52% | +36,39% | 0%",,14ddías,65.138.106,63.608.716 | 61.641.174 | 60.126.807 | 54.046.997 | 47.758.932 | 0,Delantero
Tete Morente,Elche,-72.812 | -144.143 | -216.055 | -536.152 | -1.230.986 | -2.827.923,"-2,65% | -5,11% | -7,47% | -16,70% | -31,52% | -51,39%",,27ddías,2.674.689,2.747.501 | 2.818.832 | 2.890.744 | 3.210.841 | 3.905.675 | 5.502.612,Delantero
Fidalgo,Betis,-59.371 | -108.641 | -156.974 | -392.652 | -860.549 | -1.716.115,"-1,77% | -3,20% | -4,56% | -10,67% | -20,75% | -34,31%",,24ddías,3.286.259,3.345.630 | 3.394.900 | 3.443.233 | 3.678.911 | 4.146.808 | 5.002.374,Mediocampista
Koski,Alavés,0 | 0 | 0 | 0 | 0 | +2.709,"0,00% | 0,00% | 0,00% | 0,00% | 0,00% | +0,34%",,24ddías,803.089,803.089 | 803.089 | 803.089 | 803.089 | 803.089 | 800.380,Defensa
Freeman,Villarreal,-61.042 | -111.863 | -166.594 | -384.040 | -891.099 | -1.949.542,"-1,96% | -3,53% | -5,17% | -11,17% | -22,59% | -38,97%",,27ddías,3.052.832,3.113.874 | 3.164.695 | 3.219.426 | 3.436.872 | 3.943.931 | 5.002.374,Defensa
Cepeda,Elche,-20.760 | -47.186 | -75.096 | -179.151 | -451.694 | -1.232.790,"-1,61% | -3,59% | -5,59% | -12,38% | -26,26% | -49,29%",,27ddías,1.268.397,1.289.157 | 1.315.583 | 1.343.493 | 1.447.548 | 1.720.091 | 2.501.187,Delantero
Ángel Pérez,Alavés,-162.806 | -312.807 | -472.998 | -1.268.362 | -2.960.101 | -6.851.019,"-1,96% | -3,69% | -5,48% | -13,46% | -26,63% | -45,65%",,27ddías,8.156.105,8.318.911 | 8.468.912 | 8.629.103 | 9.424.467 | 11.116.206 | 15.007.124,Delantero
Boselli,Getafe,0 | 0 | 0 | 0 | 0 | -107.425,"0,00% | 0,00% | 0,00% | 0,00% | 0,00% | -3,58%",,24ddías,2.893.999,2.893.999 | 2.893.999 | 2.893.999 | 2.893.999 | 2.893.999 | 3.001.424,Defensa
Romero,Getafe,0 | 0 | 0 | 0 | 0 | +102.017,"0,00% | 0,00% | 0,00% | 0,00% | 0,00% | +0,34%",,24ddías,30.116.266,30.116.266 | 30.116.266 | 30.116.266 | 30.116.266 | 30.116.266 | 30.014.249,Defensa
Mesonero,Real Madrid,0 | 0 | 0 | 0 | 0 | +2.274,"0,00% | 0,00% | 0,00% | 0,00% | 0,00% | +0,32%",,24ddías,702.606,702.606 | 702.606 | 702.606 | 702.606 | 702.606 | 700.332,Mediocampista
A. Riquelme,Getafe,0 | 0 | 0 | 0 | 0 | +2.039,"0,00% | 0,00% | 0,00% | 0,00% | 0,00% | +0,34%",,24ddías,602.324,602.324 | 602.324 | 602.324 | 602.324 | 602.324 | 600.285,Mediocampista
Álex Sánchez,Elche,0 | 0 | 0 | 0 | 0 | +2.039,"0,00% | 0,00% | 0,00% | 0,00% | 0,00% | +0,34%",,24ddías,602.324,602.324 | 602.324 | 602.324 | 602.324 | 602.324 | 600.285,Mediocampista
Burcio,Celta,0 | 0 | 0 | 0 | 0 | +1.972,"0,00% | 0,00% | 0,00% | 0,00% | 0,00% | +0,33%",,24ddías,602.257,602.257 | 602.257 | 602.257 | 602.257 | 602.257 | 600.285,Mediocampista
Palacios,Real Madrid,0 | 0 | 0 | 0 | 0 | +2.599,"0,00% | 0,00% | 0,00% | 0,00% | 0,00% | +0,32%",,24ddías,802.979,802.979 | 802.979 | 802.979 | 802.979 | 802.979 | 800.380,Mediocampista
Sangaré,Elche,0 | 0 | 0 | 0 | 0 | +13.602,"0,00% | 0,00% | 0,00% | 0,00% | 0,00% | +0,34%",,24ddías,4.015.501,4.015.501 | 4.015.501 | 4.015.501 | 4.015.501 | 4.015.501 | 4.001.899,Defensa
Montes,Getafe,0 | 0 | 0 | 0 | 0 | +2.034,"0,00% | 0,00% | 0,00% | 0,00% | 0,00% | +0,34%",,24ddías,602.319,602.319 | 602.319 | 602.319 | 602.319 | 602.319 | 600.285,Defensa
Dani Martínez,Atlético,-3.764 | -8.162 | -12.296 | -27.599 | -49.398 | -153.393,"-0,84% | -1,79% | -2,68% | -5,82% | -9,95% | -25,55%",,7ddías,446.892,450.656 | 455.054 | 459.188 | 474.491 | 496.290 | 600.285,Defensa
Boñar,Atlético,-5.634 | -11.978 | -18.141 | -39.120 | -87.588 | -208.575,"-1,13% | -2,38% | -3,56% | -7,37% | -15,12% | -29,78%",,21ddías,491.757,497.391 | 503.735 | 509.898 | 530.877 | 579.345 | 700.332,Defensa
Puric,Atlético,-4.990 | -10.665 | -16.129 | -37.330 | -80.098 | -224.019,"-1,04% | -2,19% | -3,28% | -7,27% | -14,40% | -31,99%",,27ddías,476.313,481.303 | 486.978 | 492.442 | 513.643 | 556.411 | 700.332,Defensa
Marqués,Barcelona,0 | 0 | 0 | 0 | 0 | +2.034,"0,00% | 0,00% | 0,00% | 0,00% | 0,00% | +0,34%",,24ddías,602.319,602.319 | 602.319 | 602.319 | 602.319 | 602.319 | 600.285,Defensa
Arcos,Celta,0 | 0 | 0 | 0 | 0 | +1.972,"0,00% | 0,00% | 0,00% | 0,00% | 0,00% | +0,33%",,24ddías,602.257,602.257 | 602.257 | 602.257 | 602.257 | 602.257 | 600.285,Mediocampista
Cestero,Real Madrid,0 | 0 | 0 | 0 | 0 | +1.949,"0,00% | 0,00% | 0,00% | 0,00% | 0,00% | +0,32%",,24ddías,602.234,602.234 | 602.234 | 602.234 | 602.234 | 602.234 | 600.285,Mediocampista
Ferran,Espanyol,0 | 0 | 0 | 0 | 0 | +1.963,"0,00% | 0,00% | 0,00% | 0,00% | 0,00% | +0,33%",,24ddías,602.248,602.248 | 602.248 | 602.248 | 602.248 | 602.248 | 600.285,Mediocampista
Manuel Ángel,Real Madrid,0 | 0 | 0 | 0 | 0 | +2.274,"0,00% | 0,00% | 0,00% | 0,00% | 0,00% | +0,32%",,24ddías,702.606,702.606 | 702.606 | 702.606 | 702.606 | 702.606 | 700.332,Mediocampista
Tunde,Levante,0 | 0 | 0 | 0 | 0 | +27.855,"0,00% | 0,00% | 0,00% | 0,00% | 0,00% | +0,33%",,24ddías,8.531.892,8.531.892 | 8.531.892 | 8.531.892 | 8.531.892 | 8.531.892 | 8.504.037,Mediocampista
Kita,R. Sociedad B,0 | 0 | 0 | 0 | 0 | +1.949,"0,00% | 0,00% | 0,00% | 0,00% | 0,00% | +0,32%",,24ddías,602.234,602.234 | 602.234 | 602.234 | 602.234 | 602.234 | 600.285,Defensa
Astiazaran,R. Sociedad B,0 | 0 | 0 | 0 | 0 | +1.972,"0,00% | 0,00% | 0,00% | 0,00% | 0,00% | +0,33%",,24ddías,602.257,602.257 | 602.257 | 602.257 | 602.257 | 602.257 | 600.285,Mediocampista
Aguirre,R. Sociedad B,0 | 0 | 0 | 0 | 0 | +1.972,"0,00% | 0,00% | 0,00% | 0,00% | 0,00% | +0,33%",,24ddías,602.257,602.257 | 602.257 | 602.257 | 602.257 | 602.257 | 600.285,Mediocampista
Fontanet,Valencia,0 | 0 | 0 | 0 | 0 | +1.940,"0,00% | 0,00% | 0,00% | 0,00% | 0,00% | +0,33%",,24ddías,581.987,581.987 | 581.987 | 581.987 | 581.987 | 581.987 | 580.047,Defensa
Gaitán,Villarreal,0 | 0 | 0 | 0 | 0 | +2.007,"0,00% | 0,00% | 0,00% | 0,00% | 0,00% | +0,33%",,24ddías,602.292,602.292 | 602.292 | 602.292 | 602.292 | 602.292 | 600.285,Mediocampista
Vecino,Celta,-79.708 | -165.007 | -251.993 | -631.833 | -1.416.891 | -3.133.513,"-2,70% | -5,44% | -8,07% | -18,05% | -33,06% | -52,20%",,27ddías,2.869.336,2.949.044 | 3.034.343 | 3.121.329 | 3.501.169 | 4.286.227 | 6.002.849,Mediocampista
Lamini Fati,Real Madrid,0 | 0 | 0 | 0 | 0 | -22.377,"0,00% | 0,00% | 0,00% | 0,00% | 0,00% | -3,20%",,24ddías,677.955,677.955 | 677.955 | 677.955 | 677.955 | 677.955 | 700.332,Defensa
Murillo,Málaga,-92.451 | -186.696 | -281.822 | -692.341 | -1.519.823 | -2.926.651,"-2,92% | -5,72% | -8,39% | -18,37% | -33,07% | -48,75%",,27ddías,3.076.198,3.168.649 | 3.262.894 | 3.358.020 | 3.768.539 | 4.596.021 | 6.002.849,Defensa
Luismi,Deportivo,-126.213 | -255.457 | -407.960 | -974.005 | -1.981.633 | -2.428.595,"-1,88% | -3,74% | -5,84% | -12,90% | -23,16% | -26,97%",,22ddías,6.575.679,6.701.892 | 6.831.136 | 6.983.639 | 7.549.684 | 8.557.312 | 9.004.274,Delantero
Rubén López,Deportivo,0 | 0 | 0 | 0 | 0 | +1.643,"0,00% | 0,00% | 0,00% | 0,00% | 0,00% | +0,33%",,24ddías,501.880,501.880 | 501.880 | 501.880 | 501.880 | 501.880 | 500.237,Mediocampista
Villares,Deportivo,-79.932 | -163.277 | -247.891 | -603.950 | -1.342.298 | -2.730.146,"-2,38% | -4,75% | -7,04% | -15,58% | -29,09% | -45,48%",,27ddías,3.272.703,3.352.635 | 3.435.980 | 3.520.594 | 3.876.653 | 4.615.001 | 6.002.849,Mediocampista
Jurado,Deportivo,-42.224 | -84.222 | -126.061 | -308.784 | -705.021 | -1.563.576,"-2,85% | -5,53% | -8,06% | -17,68% | -32,90% | -52,09%",,27ddías,1.437.848,1.480.072 | 1.522.070 | 1.563.909 | 1.746.632 | 2.142.869 | 3.001.424,Mediocampista
Mella,Deportivo,-29.020 | -69.333 | -131.128 | -367.603 | -828.138 | -577.570,"-0,84% | -1,98% | -3,69% | -9,69% | -19,47% | -14,43%",,17ddías,3.424.329,3.453.349 | 3.493.662 | 3.555.457 | 3.791.932 | 4.252.467 | 4.001.899,Mediocampista
Mario,Deportivo,+338.914 | +610.485 | +888.478 | +2.276.129 | +3.882.943 | +6.190.352,"+1,62% | +2,97% | +4,37% | +12,03% | +22,43% | +41,25%",,26ddías,21.197.476,20.858.562 | 20.586.991 | 20.308.998 | 18.921.347 | 17.314.533 | 15.007.124,Mediocampista
Patino,Deportivo,-11.161 | -23.263 | -35.423 | -86.315 | -194.271 | -476.111,"-1,76% | -3,59% | -5,37% | -12,14% | -23,73% | -43,26%",,27ddías,624.411,635.572 | 647.674 | 659.834 | 710.726 | 818.682 | 1.100.522,Mediocampista
Bil Nsongo,Deportivo,0 | 0 | 0 | 0 | 0 | +21.386,"0,00% | 0,00% | 0,00% | 0,00% | 0,00% | +0,33%",,24ddías,6.524.473,6.524.473 | 6.524.473 | 6.524.473 | 6.524.473 | 6.524.473 | 6.503.087,Delantero
Noé Carrillo,Deportivo,0 | 0 | 0 | 0 | 0 | +2.301,"0,00% | 0,00% | 0,00% | 0,00% | 0,00% | +0,33%",,24ddías,702.633,702.633 | 702.633 | 702.633 | 702.633 | 702.633 | 700.332,Mediocampista
Eddahchouri,Deportivo,-51.345 | -103.377 | -160.337 | -341.098 | -712.725 | -1.605.891,"-2,10% | -4,14% | -6,27% | -12,46% | -22,93% | -40,13%",,27ddías,2.396.008,2.447.353 | 2.499.385 | 2.556.345 | 2.737.106 | 3.108.733 | 4.001.899,Delantero
Osorio,Elche,0 | 0 | 0 | 0 | 0 | +4.760,"0,00% | 0,00% | 0,00% | 0,00% | 0,00% | +0,34%",,23ddías,1.405.425,1.405.425 | 1.405.425 | 1.405.425 | 1.405.425 | 1.405.425 | 1.400.665,Delantero
Herrero,Málaga,-21.276 | -4.009 | +149.657 | +693.757 | +827.547 | +1.127.513,"-0,30% | -0,06% | +2,14% | +10,78% | +13,13% | +18,78%",,1ddías,7.130.362,7.151.638 | 7.134.371 | 6.980.705 | 6.436.605 | 6.302.815 | 6.002.849,Portero
Carlos López,Málaga,-2.413 | -5.304 | -552 | -6.751 | -18.945 | -85.778,"-0,58% | -1,26% | -0,13% | -1,60% | -4,37% | -17,15%",,2ddías,414.459,416.872 | 419.763 | 415.011 | 421.210 | 433.404 | 500.237,Portero
Céspedes,Málaga,0 | 0 | 0 | 0 | 0 | +1.308,"0,00% | 0,00% | 0,00% | 0,00% | 0,00% | +0,33%",,23ddías,401.498,401.498 | 401.498 | 401.498 | 401.498 | 401.498 | 400.190,Portero
Puga,Málaga,-101.116 | -200.179 | -339.148 | -796.411 | -1.506.943 | -2.891.232,"-1,63% | -3,17% | -5,26% | -11,53% | -19,78% | -32,11%",,22ddías,6.113.042,6.214.158 | 6.313.221 | 6.452.190 | 6.909.453 | 7.619.985 | 9.004.274,Defensa
Riki,Deportivo,-31.887 | -124.030 | -124.030 | -124.030 | -124.030 | -119.096,"-2,26% | -8,24% | -8,24% | -8,24% | -8,24% | -7,94%",,2ddías,1.381.616,1.413.503 | 1.505.646 | 1.505.646 | 1.505.646 | 1.505.646 | 1.500.712,Mediocampista
Pablo García,Deportivo,-5.569 | -11.846 | -17.939 | -23.434 | -66.202 | -210.123,"-1,12% | -2,36% | -3,53% | -4,56% | -11,90% | -30,00%",,5ddías,490.209,495.778 | 502.055 | 508.148 | 513.643 | 556.411 | 700.332,Defensa
Antañón,Celta,0 | 0 | 0 | 0 | 0 | -18.585,"0,00% | 0,00% | 0,00% | 0,00% | 0,00% | -3,10%",,24ddías,581.700,581.700 | 581.700 | 581.700 | 581.700 | 581.700 | 600.285,Mediocampista
Quagliata,Deportivo,+41.104 | +69.328 | +78.203 | +69.034 | -183.658 | -1.055.669,"+1,41% | +2,41% | +2,73% | +2,40% | -5,87% | -26,38%",,4ddías,2.946.230,2.905.126 | 2.876.902 | 2.868.027 | 2.877.196 | 3.129.888 | 4.001.899,Defensa
Ochieng,Real Sociedad,0 | 0 | 0 | 0 | 0 | +2.301,"0,00% | 0,00% | 0,00% | 0,00% | 0,00% | +0,33%",,24ddías,702.633,702.633 | 702.633 | 702.633 | 702.633 | 702.633 | 700.332,Mediocampista
Morcillo,Atlético,0 | 0 | 0 | 0 | 0 | +2.370,"0,00% | 0,00% | 0,00% | 0,00% | 0,00% | +0,34%",,24ddías,702.702,702.702 | 702.702 | 702.702 | 702.702 | 702.702 | 700.332,Mediocampista
Cubo,Atlético,0 | 0 | 0 | 0 | 0 | +2.031,"0,00% | 0,00% | 0,00% | 0,00% | 0,00% | +0,34%",,24ddías,602.316,602.316 | 602.316 | 602.316 | 602.316 | 602.316 | 600.285,Delantero
Hugo Ríos,Deportivo,0 | 0 | 0 | 0 | 0 | +2.959,"0,00% | 0,00% | 0,00% | 0,00% | 0,00% | +0,33%",,24ddías,903.386,903.386 | 903.386 | 903.386 | 903.386 | 903.386 | 900.427,Portero
Puerto,Deportivo,-657 | -1.818 | -2.580 | -2.930 | +80 | -27.876,"-0,18% | -0,49% | -0,69% | -0,78% | +0,02% | -6,97%",,5ddías,372.314,372.971 | 374.132 | 374.894 | 375.244 | 372.234 | 400.190,Portero
Germán Parreño,Deportivo,0 | 0 | 0 | 0 | 0 | +2.301,"0,00% | 0,00% | 0,00% | 0,00% | 0,00% | +0,33%",,24ddías,702.633,702.633 | 702.633 | 702.633 | 702.633 | 702.633 | 700.332,Portero
Loureiro,Deportivo,-12.274 | -43.853 | -75.584 | -216.429 | -691.425 | -676.619,"-0,32% | -1,13% | -1,94% | -5,35% | -15,31% | -15,03%",,12ddías,3.825.518,3.837.792 | 3.869.371 | 3.901.102 | 4.041.947 | 4.516.943 | 4.502.137,Defensa
Ximo,Deportivo,-125.083 | -555.890 | -555.890 | -555.890 | -555.890 | -534.504,"-2,05% | -8,52% | -8,52% | -8,52% | -8,52% | -8,22%",,2ddías,5.968.583,6.093.666 | 6.524.473 | 6.524.473 | 6.524.473 | 6.524.473 | 6.503.087,Defensa
Teijo,Deportivo,0 | 0 | 0 | 0 | 0 | +1.972,"0,00% | 0,00% | 0,00% | 0,00% | 0,00% | +0,33%",,24ddías,602.257,602.257 | 602.257 | 602.257 | 602.257 | 602.257 | 600.285,Defensa
Canedo,Deportivo,0 | 0 | 0 | 0 | 0 | +1.972,"0,00% | 0,00% | 0,00% | 0,00% | 0,00% | +0,33%",,24ddías,602.257,602.257 | 602.257 | 602.257 | 602.257 | 602.257 | 600.285,Defensa
Samu Fernández,Deportivo,0 | 0 | 0 | 0 | 0 | +2.301,"0,00% | 0,00% | 0,00% | 0,00% | 0,00% | +0,33%",,24ddías,702.633,702.633 | 702.633 | 702.633 | 702.633 | 702.633 | 700.332,Defensa
Noubi,Deportivo,+227.743 | +511.079 | +746.323 | +1.327.962 | +1.220.491 | +1.788.679,"+2,51% | +5,82% | +8,73% | +16,67% | +15,12% | +23,84%",,9ddías,9.292.241,9.064.498 | 8.781.162 | 8.545.918 | 7.964.279 | 8.071.750 | 7.503.562,Defensa
Comas,Deportivo,-25.272 | -51.748 | -77.818 | -191.202 | -441.811 | -1.022.777,"-2,52% | -5,02% | -7,37% | -16,35% | -31,11% | -51,11%",,27ddías,978.172,1.003.444 | 1.029.920 | 1.055.990 | 1.169.374 | 1.419.983 | 2.000.949,Defensa
Barcia,Deportivo,-37.118 | -73.323 | -115.604 | -271.437 | -598.697 | -1.279.956,"-2,11% | -4,09% | -6,29% | -13,62% | -25,80% | -42,64%",,27ddías,1.721.468,1.758.586 | 1.794.791 | 1.837.072 | 1.992.905 | 2.320.165 | 3.001.424,Defensa
Valou,Getafe,0 | 0 | 0 | 0 | 0 | +2.007,"0,00% | 0,00% | 0,00% | 0,00% | 0,00% | +0,33%",,24ddías,602.292,602.292 | 602.292 | 602.292 | 602.292 | 602.292 | 600.285,Defensa
Iván Romero,Levante,-57.183 | -100.857 | -127.465 | -351.097 | -774.389 | -1.487.580,"-0,81% | -1,42% | -1,78% | -4,77% | -9,94% | -17,49%",,16ddías,7.016.457,7.073.640 | 7.117.314 | 7.143.922 | 7.367.554 | 7.790.846 | 8.504.037,Delantero
Román,Celta,-56.188 | -129.898 | -223.150 | -651.954 | -1.436.201 | -3.192.626,"-1,05% | -2,39% | -4,03% | -10,93% | -21,28% | -37,54%",,27ddías,5.311.411,5.367.599 | 5.441.309 | 5.534.561 | 5.963.365 | 6.747.612 | 8.504.037,Mediocampista
Kike Barja,Osasuna,0 | 0 | 0 | 0 | 0 | +9.499,"0,00% | 0,00% | 0,00% | 0,00% | 0,00% | +0,34%",,24ddías,2.810.828,2.810.828 | 2.810.828 | 2.810.828 | 2.810.828 | 2.810.828 | 2.801.329,Delantero
Nteka,Rayo,-37.906 | -76.179 | -116.839 | -279.210 | -635.629 | -1.373.452,"-2,28% | -4,47% | -6,70% | -14,64% | -28,08% | -45,76%",,27ddías,1.627.972,1.665.878 | 1.704.151 | 1.744.811 | 1.907.182 | 2.263.601 | 3.001.424,Delantero
Isi,Rayo,-438.546 | -915.621 | -1.431.409 | -3.288.291 | -937.681 | +3.935.033,"-2,26% | -4,61% | -7,03% | -14,79% | -4,72% | +26,22%",,8ddías,18.942.157,19.380.703 | 19.857.778 | 20.373.566 | 22.230.448 | 19.879.838 | 15.007.124,Delantero
Pep Chavarría,Rayo,+339.098 | +739.506 | +1.020.526 | +2.310.902 | +4.789.097 | +7.289.680,"+1,79% | +3,99% | +5,58% | +13,61% | +33,01% | +60,72%",,26ddías,19.295.379,18.956.281 | 18.555.873 | 18.274.853 | 16.984.477 | 14.506.282 | 12.005.699,Defensa
Ratiu,Rayo,-472.167 | -1.139.415 | -1.893.713 | -5.220.973 | -20.817.481 | -20.817.481,"-1,21% | -2,87% | -4,68% | -11,92% | 0% | 0%",,13ddías,38.566.496,39.038.663 | 39.705.911 | 40.460.209 | 43.787.469 | 0 | 0,Defensa
Dimitrievski,Valencia,0 | 0 | 0 | 0 | 0 | +40.178,"0,00% | 0,00% | 0,00% | 0,00% | 0,00% | +0,33%",,24ddías,12.045.877,12.045.877 | 12.045.877 | 12.045.877 | 12.045.877 | 12.045.877 | 12.005.699,Portero
Iker Muñoz,Osasuna,-37.125 | -73.011 | -112.607 | -296.758 | -694.903 | -1.585.756,"-2,25% | -4,32% | -6,52% | -15,52% | -30,07% | -49,53%",,27ddías,1.615.763,1.652.888 | 1.688.774 | 1.728.370 | 1.912.521 | 2.310.666 | 3.201.519,Mediocampista
Herrando,Osasuna,-56.064 | -108.312 | -170.292 | -421.706 | -983.293 | -2.274.559,"-2,46% | -4,64% | -7,10% | -15,92% | -30,62% | -50,52%",,27ddías,2.227.578,2.283.642 | 2.335.890 | 2.397.870 | 2.649.284 | 3.210.871 | 4.502.137,Defensa
Catena,Osasuna,-613.234 | -1.076.399 | -1.361.223 | -15.699 | +4.320.567 | +9.533.480,"-1,53% | -2,65% | -3,33% | -0,04% | +12,26% | +31,76%",,3ddías,39.547.729,40.160.963 | 40.624.128 | 40.908.952 | 39.563.428 | 35.227.162 | 30.014.249,Defensa
Ibáñez,Alavés,-42.765 | -95.219 | -150.207 | -413.502 | -1.080.177 | -2.546.772,"-1,22% | -2,68% | -4,17% | -10,69% | -23,81% | -42,43%",,27ddías,3.456.077,3.498.842 | 3.551.296 | 3.606.284 | 3.869.579 | 4.536.254 | 6.002.849,Mediocampista
Budimir,Osasuna,-482.290 | -1.031.235 | -1.731.059 | -4.772.629 | +9.771.786 | +9.771.786,"-0,98% | -2,08% | -3,45% | -8,96% | 0% | 0%",,13ddías,48.496.584,48.978.874 | 49.527.819 | 50.227.643 | 53.269.213 | 0 | 0,Delantero
Moi Gómez,Osasuna,-59.888 | -121.715 | -183.494 | -441.692 | -992.606 | -2.414.788,"-2,26% | -4,49% | -6,62% | -14,58% | -27,72% | -48,27%",,27ddías,2.587.586,2.647.474 | 2.709.301 | 2.771.080 | 3.029.278 | 3.580.192 | 5.002.374,Mediocampista
Rubén GarcíaRubén G.,Osasuna,-131.600 | -298.382 | -471.895 | -1.115.241 | -2.192.352 | -4.219.190,"-0,95% | -2,12% | -3,31% | -7,48% | -13,72% | -23,43%",,24ddías,13.789.359,13.920.959 | 14.087.741 | 14.261.254 | 14.904.600 | 15.981.711 | 18.008.549,Mediocampista
Aitor,Osasuna,-9.617 | -20.112 | -30.597 | -74.062 | -165.710 | -413.111,"-1,61% | -3,31% | -4,95% | -11,20% | -22,00% | -41,29%",,27ddías,587.364,596.981 | 607.476 | 617.961 | 661.426 | 753.074 | 1.000.475,Portero
Areso,Athletic,-14.627 | -35.833 | -75.653 | -219.741 | -554.372 | -1.333.817,"-0,61% | -1,49% | -3,10% | -8,49% | -18,97% | -36,03%",,27ddías,2.367.940,2.382.567 | 2.403.773 | 2.443.593 | 2.587.681 | 2.922.312 | 3.701.757,Defensa
Oroz,Osasuna,-111.623 | -403.811 | -742.359 | -2.110.019 | -3.203.246 | -4.878.387,"-0,73% | -2,60% | -4,68% | -12,24% | -17,47% | -24,38%",,24ddías,15.131.112,15.242.735 | 15.534.923 | 15.873.471 | 17.241.131 | 18.334.358 | 20.009.499,Mediocampista
Unai López,Rayo,-39.008 | -83.471 | -112.266 | -133.714 | -224.970 | -1.003.620,"-0,65% | -1,37% | -1,84% | -2,18% | -3,61% | -14,33%",,3ddías,5.999.704,6.038.712 | 6.083.175 | 6.111.970 | 6.133.418 | 6.224.674 | 7.003.324,Mediocampista
Villar,Elche,0 | 0 | 0 | 0 | 0 | +23.803,"0,00% | 0,00% | 0,00% | 0,00% | 0,00% | +0,34%",,24ddías,7.027.127,7.027.127 | 7.027.127 | 7.027.127 | 7.027.127 | 7.027.127 | 7.003.324,Mediocampista
Mayoral,Getafe,-38.617 | -76.399 | -112.861 | -304.798 | -648.506 | -1.441.474,"-1,17% | -2,29% | -3,35% | -8,55% | -16,59% | -30,66%",,27ddías,3.260.758,3.299.375 | 3.337.157 | 3.373.619 | 3.565.556 | 3.909.264 | 4.702.232,Delantero
Iglesias,Sevilla,0 | 0 | 0 | 0 | 0 | +42.415,"0,00% | 0,00% | 0,00% | 0,00% | 0,00% | +0,34%",,24ddías,12.548.352,12.548.352 | 12.548.352 | 12.548.352 | 12.548.352 | 12.548.352 | 12.505.937,Defensa
Herrera,Real Sociedad,-75.270 | -135.889 | -206.944 | -520.536 | -1.200.999 | -2.409.841,"-2,05% | -3,64% | -5,45% | -12,65% | -25,05% | -40,14%",,24ddías,3.593.008,3.668.278 | 3.728.897 | 3.799.952 | 4.113.544 | 4.794.007 | 6.002.849,Mediocampista
Eric Garcia,Barcelona,-1.313.711 | -5.235.728 | -5.235.728 | -5.235.728 | -5.235.728 | -5.035.520,"-2,38% | -8,84% | -8,84% | -8,84% | -8,84% | -8,53%",,2ddías,53.992.504,55.306.215 | 59.228.232 | 59.228.232 | 59.228.232 | 59.228.232 | 59.028.024,Defensa
Boyé,Alavés,-148.326 | -300.591 | -461.857 | -1.276.468 | -3.069.210 | -5.200.768,"-0,99% | -1,99% | -3,02% | -7,94% | -17,17% | -25,99%",,23ddías,14.808.731,14.957.057 | 15.109.322 | 15.270.588 | 16.085.199 | 17.877.941 | 20.009.499,Delantero
Miguel Ángel RubioMiguel Rubio,Espanyol,-15.309 | -31.732 | -48.393 | -119.243 | -271.019 | -676.704,"-2,07% | -4,20% | -6,27% | -14,14% | -27,24% | -48,31%",,27ddías,723.961,739.270 | 755.693 | 772.354 | 843.204 | 994.980 | 1.400.665,Defensa
S. Cardona,Villarreal,-44.606 | -70.443 | -115.880 | -244.929 | -554.952 | -526.323,"-0,87% | -1,37% | -2,23% | -4,60% | -9,85% | -9,39%",,20ddías,5.076.336,5.120.942 | 5.146.779 | 5.192.216 | 5.321.265 | 5.631.288 | 5.602.659,Defensa
Moncayola,Osasuna,+63.492 | +115.766 | +118.375 | +81.547 | -143.654 | -368.494,"+1,14% | +2,10% | +2,15% | +1,47% | -2,49% | -6,14%",,5ddías,5.634.355,5.570.863 | 5.518.589 | 5.515.980 | 5.552.808 | 5.778.009 | 6.002.849,Mediocampista
Javi Muñoz,Getafe,-19.153 | -39.580 | -60.412 | -149.755 | -339.157 | -784.553,"-2,29% | -4,62% | -6,89% | -15,50% | -29,36% | -49,01%",,27ddías,816.206,835.359 | 855.786 | 876.618 | 965.961 | 1.155.363 | 1.600.759,Mediocampista
Moleiro,Villarreal,-404.073 | -793.598 | -1.325.196 | -4.572.463 | -39.042.792 | -39.042.792,"-0,70% | -1,37% | -2,27% | -7,42% | 0% | 0%",,12ddías,57.017.676,57.421.749 | 57.811.274 | 58.342.872 | 61.590.139 | 0 | 0,Mediocampista
Valles,Betis,+802.132 | +1.759.801 | +2.509.789 | +5.012.766 | +8.067.327 | +11.957.560,"+3,79% | +8,71% | +12,90% | +29,57% | +58,06% | +119,52%",,26ddías,21.962.309,21.160.177 | 20.202.508 | 19.452.520 | 16.949.543 | 13.894.982 | 10.004.749,Portero
Copete,Valencia,-97.883 | -199.023 | -300.972 | -735.929 | -1.642.895 | -3.054.743,"-3,21% | -6,32% | -9,26% | -19,98% | -35,79% | -50,89%",,27ddías,2.948.106,3.045.989 | 3.147.129 | 3.249.078 | 3.684.035 | 4.591.001 | 6.002.849,Defensa
Herrera,Osasuna,+872.142 | +1.830.102 | +2.824.514 | +6.031.979 | +10.185.582 | +16.350.516,"+2,77% | +5,99% | +9,56% | +22,91% | +45,94% | +102,14%",,25ddías,32.358.115,31.485.973 | 30.528.013 | 29.533.601 | 26.326.136 | 22.172.533 | 16.007.599,Portero
Torró,Osasuna,-35.440 | -74.902 | -110.972 | -279.658 | -659.182 | -1.403.971,"-1,25% | -2,61% | -3,81% | -9,09% | -19,07% | -33,41%",,23ddías,2.798.023,2.833.463 | 2.872.925 | 2.908.995 | 3.077.681 | 3.457.205 | 4.201.994,Mediocampista
Cárdenas,Rayo,-12.863 | -26.940 | -42.342 | -110.387 | -265.630 | -657.362,"-1,70% | -3,50% | -5,39% | -12,93% | -26,33% | -46,93%",,27ddías,743.303,756.166 | 770.243 | 785.645 | 853.690 | 1.008.933 | 1.400.665,Portero
Álvaro García,Rayo,+225.971 | +411.302 | +577.121 | +1.167.371 | +2.121.891 | +3.736.265,"+1,46% | +2,68% | +3,81% | +8,01% | +15,58% | +31,12%",,11ddías,15.741.964,15.515.993 | 15.330.662 | 15.164.843 | 14.574.593 | 13.620.073 | 12.005.699,Mediocampista
Carmona,Sevilla,-58.584 | -129.356 | -194.871 | -433.240 | -973.754 | -1.200.449,"-1,21% | -2,62% | -3,90% | -8,27% | -16,86% | -20,00%",,22ddías,4.802.400,4.860.984 | 4.931.756 | 4.997.271 | 5.235.640 | 5.776.154 | 6.002.849,Defensa
Rüdiger,Real Madrid,-428.684 | -765.194 | -1.221.058 | -2.970.887 | -6.494.006 | -10.286.733,"-1,38% | -2,44% | -3,83% | -8,84% | -17,49% | -25,14%",,24ddías,30.632.693,31.061.377 | 31.397.887 | 31.853.751 | 33.603.580 | 37.126.699 | 40.919.426,Defensa
Pacheco,Real Sociedad,0 | 0 | 0 | 0 | 0 | +13.553,"0,00% | 0,00% | 0,00% | 0,00% | 0,00% | +0,34%",,24ddías,4.015.452,4.015.452 | 4.015.452 | 4.015.452 | 4.015.452 | 4.015.452 | 4.001.899,Defensa
Sadiq,Valencia,-283.556 | -583.921 | -893.506 | -2.053.171 | -3.611.105 | -6.484.653,"-2,89% | -5,78% | -8,58% | -17,74% | -27,49% | -40,51%",,25ddías,9.522.946,9.806.502 | 10.106.867 | 10.416.452 | 11.576.117 | 13.134.051 | 16.007.599,Delantero
Olasagasti,Levante,-20.829 | -39.407 | -60.936 | -292.490 | -942.763 | -2.338.966,"-0,57% | -1,06% | -1,64% | -7,39% | -20,47% | -38,96%",,27ddías,3.663.883,3.684.712 | 3.703.290 | 3.724.819 | 3.956.373 | 4.606.646 | 6.002.849,Mediocampista
Kubo,Real Sociedad,-480.940 | -975.803 | -1.545.314 | -3.837.564 | -8.292.020 | -4.707.437,"-1,86% | -3,70% | -5,73% | -13,12% | -24,61% | -15,63%",,16ddías,25.406.860,25.887.800 | 26.382.663 | 26.952.174 | 29.244.424 | 33.698.880 | 30.114.297,Mediocampista
Zakharyan,Real Sociedad,-39.493 | -79.440 | -120.195 | -297.810 | -677.164 | -1.557.677,"-2,66% | -5,22% | -7,69% | -17,10% | -31,93% | -51,90%",,27ddías,1.443.747,1.483.240 | 1.523.187 | 1.563.942 | 1.741.557 | 2.120.911 | 3.001.424,Mediocampista
Oyarzabal,Real Sociedad,-1.002.978 | -1.982.759 | -3.140.958 | -8.423.547 | -42.094.772 | -42.094.772,"-1,37% | -2,67% | -4,16% | -10,43% | 0% | 0%",,11ddías,72.316.402,73.319.380 | 74.299.161 | 75.457.360 | 80.739.949 | 0 | 0,Delantero
Marín,Real Sociedad,-74.793 | -151.483 | -230.850 | -576.774 | -1.275.731 | -2.622.349,"-3,05% | -5,98% | -8,84% | -19,51% | -34,90% | -52,42%",,27ddías,2.380.025,2.454.818 | 2.531.508 | 2.610.875 | 2.956.799 | 3.655.756 | 5.002.374,Mediocampista
Barrenetxea,Real Sociedad,-696.771 | -1.418.339 | -2.101.019 | -2.034.712 | +1.196.716 | +6.966.879,"-1,76% | -3,51% | -5,11% | -4,96% | +3,17% | +21,76%",,5ddías,38.982.078,39.678.849 | 40.400.417 | 41.083.097 | 41.016.790 | 37.785.362 | 32.015.199,Mediocampista
Zubeldia,Real Sociedad,-85.661 | -194.042 | -303.338 | -798.586 | -1.992.674 | -3.827.179,"-0,83% | -1,87% | -2,89% | -7,27% | -16,37% | -27,32%",,27ddías,10.179.470,10.265.131 | 10.373.512 | 10.482.808 | 10.978.056 | 12.172.144 | 14.006.649,Defensa
Aihen,Real Sociedad,-51.357 | -103.376 | -160.104 | -390.161 | -892.182 | -2.062.312,"-2,58% | -5,06% | -7,63% | -16,75% | -31,51% | -51,53%",,27ddías,1.939.587,1.990.944 | 2.042.963 | 2.099.691 | 2.329.748 | 2.831.769 | 4.001.899,Defensa
Odriozola,Real Sociedad,-17.190 | -35.572 | -54.274 | -134.174 | -305.818 | -731.611,"-2,19% | -4,42% | -6,59% | -14,85% | -28,45% | -48,75%",,27ddías,769.101,786.291 | 804.673 | 823.375 | 903.275 | 1.074.919 | 1.500.712,Defensa
Remiro,Real Sociedad,+1.064.679 | +2.276.731 | +3.168.814 | +7.176.837 | +13.100.994 | +20.756.659,"+2,68% | +5,92% | +8,43% | +21,37% | +47,36% | +103,73%",,25ddías,40.766.158,39.701.479 | 38.489.427 | 37.597.344 | 33.589.321 | 27.665.164 | 20.009.499,Portero
Güler,Real Madrid,-772.448 | -1.549.694 | -2.310.789 | -5.772.198 | -11.604.991 | -18.979.798,"-1,36% | -2,69% | -3,96% | -9,34% | -17,15% | -25,29%",,27ddías,56.055.826,56.828.274 | 57.605.520 | 58.366.615 | 61.828.024 | 67.660.817 | 75.035.624,Mediocampista
Mendy,Real Madrid,-27.403 | -49.722 | -79.227 | -207.028 | -480.625 | -986.744,"-2,63% | -4,67% | -7,25% | -16,95% | -32,15% | -49,31%",,27ddías,1.014.205,1.041.608 | 1.063.927 | 1.093.432 | 1.221.233 | 1.494.830 | 2.000.949,Defensa
Brahim,Real Madrid,-348.516 | -665.095 | -1.002.112 | -2.287.331 | -4.284.022 | -6.443.171,"-2,50% | -4,67% | -6,88% | -14,43% | -24,00% | -32,20%",,23ddías,13.566.328,13.914.844 | 14.231.423 | 14.568.440 | 15.853.659 | 17.850.350 | 20.009.499,Mediocampista
De Frutos,Rayo,+905.526 | +1.778.356 | +2.538.094 | +6.192.901 | +12.407.447 | +20.082.659,"+2,05% | +4,11% | +5,96% | +15,92% | +37,96% | +80,29%",,26ddías,45.094.533,44.189.007 | 43.316.177 | 42.556.439 | 38.901.632 | 32.687.086 | 25.011.874,Delantero
Militão,Real Madrid,-513.696 | -1.020.676 | -1.564.255 | -3.878.491 | -8.663.030 | -12.455.134,"-2,84% | -5,49% | -8,18% | -18,09% | -33,04% | -41,50%",,27ddías,17.559.115,18.072.811 | 18.579.791 | 19.123.370 | 21.437.606 | 26.222.145 | 30.014.249,Defensa
Balliu,Rayo,-18.453 | -37.286 | -58.262 | -135.619 | -297.552 | -661.705,"-2,15% | -4,25% | -6,49% | -13,91% | -26,18% | -44,09%",,27ddías,839.007,857.460 | 876.293 | 897.269 | 974.626 | 1.136.559 | 1.500.712,Defensa
Cucho,Betis,-914.663 | -1.648.054 | -2.141.094 | -1.288.171 | +3.104.234 | +14.032.093,"-1,66% | -2,96% | -3,81% | -2,33% | +6,09% | +35,06%",,3ddías,54.051.092,54.965.755 | 55.699.146 | 56.192.186 | 55.339.263 | 50.946.858 | 40.018.999,Delantero
Valentín,Rayo,-61.741 | -126.978 | -200.697 | -520.459 | -1.176.048 | -2.481.252,"-1,72% | -3,48% | -5,39% | -12,88% | -25,03% | -41,33%",,27ddías,3.521.597,3.583.338 | 3.648.575 | 3.722.294 | 4.042.056 | 4.697.645 | 6.002.849,Mediocampista
Lejeune,Rayo,-648.129 | -1.201.015 | -1.987.316 | -5.459.361 | -33.641.424 | -33.641.424,"-1,51% | -2,76% | -4,48% | -11,42% | 0% | 0%",,13ddías,42.340.660,42.988.789 | 43.541.675 | 44.327.976 | 47.800.021 | 0 | 0,Defensa
Camello,Rayo,-33.656 | -65.686 | -113.871 | -340.704 | -829.135 | -1.819.446,"-1,01% | -1,96% | -3,35% | -9,40% | -20,16% | -35,66%",,27ddías,3.282.976,3.316.632 | 3.348.662 | 3.396.847 | 3.623.680 | 4.112.111 | 5.102.422,Delantero
Courtois,Real Madrid,-291.293 | -472.408 | -826.435 | -1.572.180 | +271.122 | +18.485.168,"-0,50% | -0,80% | -1,39% | -2,62% | +0,47% | +46,19%",,7ddías,58.504.167,58.795.460 | 58.976.575 | 59.330.602 | 60.076.347 | 58.233.045 | 40.018.999,Portero
Bellingham,Real Madrid,-911.083 | -1.874.340 | -3.132.040 | -7.454.908 | -35.294.855 | -35.294.855,"-0,93% | -1,89% | -3,12% | -7,13% | 0% | 0%",,10ddías,97.141.134,98.052.217 | 99.015.474 | 100.273.174 | 104.596.042 | 0 | 0,Mediocampista
Fran García,Betis,0 | 0 | 0 | 0 | 0 | -413.592,"0,00% | 0,00% | 0,00% | 0,00% | 0,00% | -4,13%",,25ddías,9.591.157,9.591.157 | 9.591.157 | 9.591.157 | 9.591.157 | 9.591.157 | 10.004.749,Defensa
Vinicius,Real Madrid,-1.293.522 | -2.140.670 | -3.408.671 | -9.569.361 | -50.930.499 | -50.930.499,"-1,23% | -2,03% | -3,19% | -8,46% | 0% | 0%",,10ddías,103.566.020,104.859.542 | 105.706.690 | 106.974.691 | 113.135.381 | 0 | 0,Delantero
Rodrygo,Real Madrid,-71.204 | -166.315 | -265.870 | -653.799 | -1.354.317 | -943.011,"-1,72% | -3,94% | -6,15% | -13,87% | -25,02% | -18,85%",,17ddías,4.059.363,4.130.567 | 4.225.678 | 4.325.233 | 4.713.162 | 5.413.680 | 5.002.374,Delantero
Camavinga,Real Madrid,-330.210 | -690.629 | -1.058.228 | -2.459.275 | -5.078.464 | -10.224.483,"-2,34% | -4,77% | -7,13% | -15,14% | -26,92% | -42,58%",,27ddías,13.786.916,14.117.126 | 14.477.545 | 14.845.144 | 16.246.191 | 18.865.380 | 24.011.399,Mediocampista
Lunin,Real Madrid,-36.532 | -71.702 | -111.740 | -279.990 | -674.844 | -1.419.184,"-1,39% | -2,70% | -4,15% | -9,78% | -20,72% | -35,46%",,27ddías,2.582.715,2.619.247 | 2.654.417 | 2.694.455 | 2.862.705 | 3.257.559 | 4.001.899,Portero
Valverde,Real Madrid,-733.504 | -1.487.089 | -2.262.255 | -5.926.801 | -13.663.638 | -29.019.930,"-0,96% | -1,92% | -2,89% | -7,23% | -15,23% | -27,62%",,27ddías,76.029.943,76.763.447 | 77.517.032 | 78.292.198 | 81.956.744 | 89.693.581 | 105.049.873,Mediocampista
Tchouaméni,Real Madrid,-936.925 | -1.876.257 | -2.790.754 | -6.589.419 | -8.957.452 | -5.362.134,"-1,81% | -3,56% | -5,20% | -11,47% | -14,97% | -9,54%",,12ddías,50.864.560,51.801.485 | 52.740.817 | 53.655.314 | 57.453.979 | 59.822.012 | 56.226.694,Mediocampista
Soria,Getafe,0 | 0 | 0 | 0 | 0 | -713.145,"0,00% | 0,00% | 0,00% | 0,00% | 0,00% | -3,56%",,24ddías,19.296.354,19.296.354 | 19.296.354 | 19.296.354 | 19.296.354 | 19.296.354 | 20.009.499,Portero
Aleñá,Alavés,-60.181 | -119.335 | -205.764 | -509.267 | -1.155.718 | -2.578.127,"-1,34% | -2,63% | -4,44% | -10,32% | -20,71% | -36,81%",,27ddías,4.425.197,4.485.378 | 4.544.532 | 4.630.961 | 4.934.464 | 5.580.915 | 7.003.324,Mediocampista
Le Normand,Atlético,-113.156 | -213.892 | -365.242 | -1.017.088 | -1.897.213 | -3.473.853,"-1,02% | -1,92% | -3,23% | -8,51% | -14,79% | -24,11%",,22ddías,10.932.986,11.046.142 | 11.146.878 | 11.298.228 | 11.950.074 | 12.830.199 | 14.406.839,Defensa
Berenguer,Athletic,-141.333 | -267.452 | -403.197 | -945.974 | -1.629.441 | +1.003.779,"-1,35% | -2,53% | -3,76% | -8,41% | -13,65% | +10,79%",,18ddías,10.308.196,10.449.529 | 10.575.648 | 10.711.393 | 11.254.170 | 11.937.637 | 9.304.417,Delantero
M. Llorente,Atlético,-1.105.055 | -2.204.030 | -3.156.592 | -5.777.153 | -2.194.737 | +11.660.504,"-1,76% | -3,45% | -4,87% | -8,56% | -3,44% | +23,31%",,7ddías,61.684.253,62.789.308 | 63.888.283 | 64.840.845 | 67.461.406 | 63.878.990 | 50.023.749,Defensa
Oblak,Atlético,+355.530 | +856.776 | +1.442.731 | +3.686.024 | +7.627.643 | +17.673.832,"+0,68% | +1,65% | +2,82% | +7,52% | +16,93% | +50,47%",,26ddías,52.690.456,52.334.926 | 51.833.680 | 51.247.725 | 49.004.432 | 45.062.813 | 35.016.624,Portero
Koke,Atlético,0 | 0 | 0 | 0 | 0 | +59.264,"0,00% | 0,00% | 0,00% | 0,00% | 0,00% | +0,33%",,24ddías,17.767.671,17.767.671 | 17.767.671 | 17.767.671 | 17.767.671 | 17.767.671 | 17.708.407,Mediocampista
Giménez,Atlético,-155.395 | -301.905 | -466.968 | -1.079.074 | -2.335.314 | -2.484.766,"-2,44% | -4,63% | -6,98% | -14,78% | -27,30% | -28,55%",,22ddías,6.219.366,6.374.761 | 6.521.271 | 6.686.334 | 7.298.440 | 8.554.680 | 8.704.132,Defensa
Egiluz,Athletic,-4.639 | -9.948 | -15.031 | -34.541 | -73.599 | -208.162,"-0,98% | -2,08% | -3,11% | -6,87% | -13,59% | -30,79%",,27ddías,467.885,472.524 | 477.833 | 482.916 | 502.426 | 541.484 | 676.047,Defensa
Prados,Athletic,-43.742 | -89.842 | -136.442 | -330.551 | -732.174 | -1.825.407,"-2,28% | -4,57% | -6,78% | -14,98% | -28,07% | -49,31%",,27ddías,1.876.350,1.920.092 | 1.966.192 | 2.012.792 | 2.206.901 | 2.608.524 | 3.701.757,Mediocampista
Villalibre,Racing,0 | 0 | 0 | 0 | 0 | +24.384,"0,00% | 0,00% | 0,00% | 0,00% | 0,00% | +0,32%",,23ddías,7.527.946,7.527.946 | 7.527.946 | 7.527.946 | 7.527.946 | 7.527.946 | 7.503.562,Delantero
Yuri,Athletic,-220.726 | -435.801 | -697.219 | -1.574.915 | -3.628.098 | -3.568.872,"-1,51% | -2,93% | -4,61% | -9,83% | -20,08% | -19,82%",,12ddías,14.439.677,14.660.403 | 14.875.478 | 15.136.896 | 16.014.592 | 18.067.775 | 18.008.549,Defensa
R. de Galarreta,Athletic,-1.859 | +11.059 | -98.486 | -418.352 | -1.085.173 | +2.121.271,"-0,02% | +0,11% | -0,94% | -3,89% | -9,51% | +25,86%",,1ddías,10.325.165,10.327.024 | 10.314.106 | 10.423.651 | 10.743.517 | 11.410.338 | 8.203.894,Mediocampista
Agirrezabala,Athletic,0 | 0 | 0 | 0 | 0 | +9.708,"0,00% | 0,00% | 0,00% | 0,00% | 0,00% | +0,33%",,24ddías,2.911.085,2.911.085 | 2.911.085 | 2.911.085 | 2.911.085 | 2.911.085 | 2.901.377,Portero
Guruzeta,Athletic,-12.821 | -28.410 | -106.267 | -266.427 | -881.207 | -1.439.251,"-0,11% | -0,24% | -0,90% | -2,23% | -7,02% | -10,98%",,3ddías,11.666.971,11.679.792 | 11.695.381 | 11.773.238 | 11.933.398 | 12.548.178 | 13.106.222,Delantero
N. Williams,Athletic,+577.111 | +1.336.356 | +2.460.715 | +7.961.494 | +32.819.330 | +32.819.330,"+0,78% | +1,82% | +3,41% | +11,95% | 0% | 0%",,11ddías,74.573.045,73.995.934 | 73.236.689 | 72.112.330 | 66.611.551 | 0 | 0,Delantero
I. Williams,Athletic,+249.015 | +638.458 | +989.396 | +3.075.059 | +5.723.758 | +7.486.321,"+0,86% | +2,23% | +3,50% | +11,73% | +24,28% | +34,32%",,25ddías,29.296.675,29.047.660 | 28.658.217 | 28.307.279 | 26.221.616 | 23.572.917 | 21.810.354,Delantero
Sancet,Athletic,+832.844 | +1.811.263 | +2.727.801 | +7.271.850 | +13.737.117 | +19.628.267,"+1,80% | +4,00% | +6,14% | +18,24% | +41,12% | +71,34%",,25ddías,47.141.329,46.308.485 | 45.330.066 | 44.413.528 | 39.869.479 | 33.404.212 | 27.513.062,Mediocampista
Vesga,Athletic,-44.871 | -87.134 | -133.367 | -324.145 | -736.210 | -1.680.349,"-2,87% | -5,42% | -8,06% | -17,57% | -32,61% | -52,49%",,27ddías,1.521.170,1.566.041 | 1.608.304 | 1.654.537 | 1.845.315 | 2.257.380 | 3.201.519,Mediocampista
Galán,Celta,0 | 0 | 0 | 0 | 0 | -531.295,"0,00% | 0,00% | 0,00% | 0,00% | 0,00% | -3,54%",,17ddías,14.475.829,14.475.829 | 14.475.829 | 14.475.829 | 14.475.829 | 14.475.829 | 15.007.124,Defensa
Kike García,Espanyol,-118.638 | -239.838 | -370.260 | -932.044 | -1.995.144 | -3.632.741,"-2,16% | -4,27% | -6,45% | -14,79% | -27,08% | -40,34%",,25ddías,5.371.533,5.490.171 | 5.611.371 | 5.741.793 | 6.303.577 | 7.366.677 | 9.004.274,Delantero
Gorosabel,Athletic,-99.915 | -201.267 | -299.113 | -709.960 | -1.428.344 | -3.112.932,"-2,95% | -5,76% | -8,33% | -17,75% | -30,27% | -48,62%",,27ddías,3.290.107,3.390.022 | 3.491.374 | 3.589.220 | 4.000.067 | 4.718.451 | 6.403.039,Defensa
Abqar,Getafe,+106.310 | +180.102 | +229.660 | +275.083 | -219.612 | -900.861,"+2,13% | +3,66% | +4,71% | +5,70% | -4,13% | -15,01%",,6ddías,5.101.988,4.995.678 | 4.921.886 | 4.872.328 | 4.826.905 | 5.321.600 | 6.002.849,Defensa
Guevara,Alavés,-37.566 | -73.019 | -113.865 | -283.438 | -652.745 | -1.508.007,"-2,45% | -4,66% | -7,08% | -15,95% | -30,41% | -50,24%",,27ddías,1.493.417,1.530.983 | 1.566.436 | 1.607.282 | 1.776.855 | 2.146.162 | 3.001.424,Mediocampista
Blanco,Alavés,-194.319 | -363.591 | -586.159 | -1.576.572 | -3.557.141 | +14.551.814,"-1,17% | -2,17% | -3,45% | -8,78% | -17,84% | 0%",,19ddías,16.384.933,16.579.252 | 16.748.524 | 16.971.092 | 17.961.505 | 19.942.074 | 0,Mediocampista
Rioja,Valencia,-210.043 | -442.064 | -695.648 | -1.785.897 | -3.732.534 | -6.808.068,"-1,14% | -2,37% | -3,68% | -8,93% | -17,02% | -27,22%",,27ddías,18.203.806,18.413.849 | 18.645.870 | 18.899.454 | 19.989.703 | 21.936.340 | 25.011.874,Mediocampista
Tenaglia,Alavés,-127.478 | -261.844 | -334.716 | -911.333 | -1.853.079 | -3.181.520,"-0,85% | -1,74% | -2,21% | -5,79% | -11,11% | -17,67%",,27ddías,14.827.029,14.954.507 | 15.088.873 | 15.161.745 | 15.738.362 | 16.680.108 | 18.008.549,Defensa
Guridi,Sevilla,0 | 0 | 0 | 0 | 0 | +16.941,"0,00% | 0,00% | 0,00% | 0,00% | 0,00% | +0,34%",,24ddías,5.019.315,5.019.315 | 5.019.315 | 5.019.315 | 5.019.315 | 5.019.315 | 5.002.374,Mediocampista
Yeray,Athletic,-23.367 | -40.670 | -100.074 | -381.924 | -948.057 | -1.131.218,"-0,58% | -1,01% | -2,46% | -8,77% | -19,27% | -22,17%",,12ddías,3.971.204,3.994.571 | 4.011.874 | 4.071.278 | 4.353.128 | 4.919.261 | 5.102.422,Defensa
Rebbach,Alavés,-96.731 | -194.209 | -281.795 | -699.383 | -1.726.292 | -3.157.770,"-1,96% | -3,85% | -5,50% | -12,61% | -26,27% | -39,45%",,25ddías,4.846.029,4.942.760 | 5.040.238 | 5.127.824 | 5.545.412 | 6.572.321 | 8.003.799,Delantero
Carlos BenavidezProtesoni,Alavés,0 | 0 | 0 | 0 | 0 | +10.164,"0,00% | 0,00% | 0,00% | 0,00% | 0,00% | +0,34%",,24ddías,3.011.588,3.011.588 | 3.011.588 | 3.011.588 | 3.011.588 | 3.011.588 | 3.001.424,Mediocampista
Pubill,Atlético,+651.206 | +1.559.423 | +2.615.835 | +8.640.246 | +18.468.360 | +32.937.498,"+0,90% | +2,18% | +3,72% | +13,43% | +33,89% | +82,30%",,26ddías,72.956.497,72.305.291 | 71.397.074 | 70.340.662 | 64.316.251 | 54.488.137 | 40.018.999,Defensa
Unai Simón,Athletic,+1.528.090 | +2.841.268 | +4.431.534 | +11.006.624 | +22.287.944 | +34.161.815,"+2,90% | +5,54% | +8,91% | +25,50% | +69,90% | +170,73%",,25ddías,54.171.314,52.643.224 | 51.330.046 | 49.739.780 | 43.164.690 | 31.883.370 | 20.009.499,Portero
Vivian,Athletic,-441.996 | -883.545 | -1.316.605 | -3.154.003 | -6.971.342 | -4.228.871,"-2,72% | -5,30% | -7,70% | -16,66% | -30,64% | -21,13%",,16ddías,15.780.628,16.222.624 | 16.664.173 | 17.097.233 | 18.934.631 | 22.751.970 | 20.009.499,Defensa
Paredes,Athletic,-14.921 | -22.460 | -84.038 | -375.307 | -1.012.333 | -2.006.738,"-0,35% | -0,53% | -1,96% | -8,21% | -19,44% | -32,35%",,27ddías,4.196.206,4.211.127 | 4.218.666 | 4.280.244 | 4.571.513 | 5.208.539 | 6.202.944,Defensa
Molina,Atlético,-53.773 | -100.513 | -176.259 | -432.084 | -867.042 | -963.121,"-1,12% | -2,08% | -3,59% | -8,35% | -15,46% | -16,89%",,22ddías,4.739.586,4.793.359 | 4.840.099 | 4.915.845 | 5.171.670 | 5.606.628 | 5.702.707,Defensa
Barrios,Atlético,-760.331 | -803.173 | -406.129 | +2.492.102 | +8.546.448 | +13.659.814,"-1,40% | -1,47% | -0,75% | +4,87% | +18,94% | +34,13%",,2ddías,53.678.813,54.439.144 | 54.481.986 | 54.084.942 | 51.186.711 | 45.132.365 | 40.018.999,Mediocampista
Djené,Getafe,0 | 0 | 0 | 0 | 0 | +28.503,"0,00% | 0,00% | 0,00% | 0,00% | 0,00% | +0,34%",,24ddías,8.432.492,8.432.492 | 8.432.492 | 8.432.492 | 8.432.492 | 8.432.492 | 8.403.989,Defensa
U. Núñez,Celta,-99.591 | -200.561 | -302.741 | -831.582 | -831.582 | -814.842,"-2,32% | -4,57% | -6,74% | -16,57% | -16,57% | -16,29%",,7ddías,4.187.532,4.287.123 | 4.388.093 | 4.490.273 | 5.019.114 | 5.019.114 | 5.002.374,Defensa
Marc Roca,Betis,-1.806 | -18.824 | -20.466 | -85.086 | -483.950 | -1.809.889,"-0,04% | -0,41% | -0,44% | -1,82% | -9,53% | -28,27%",,3ddías,4.593.150,4.594.956 | 4.611.974 | 4.613.616 | 4.678.236 | 5.077.100 | 6.403.039,Mediocampista
Isco,Betis,-1.629.383 | -3.511.099 | -5.536.719 | -14.041.950 | +53.603.807 | +53.603.807,"-2,46% | -5,16% | -7,91% | -17,88% | 0% | 0%",,11ddías,64.496.318,66.125.701 | 68.007.417 | 70.033.037 | 78.538.268 | 0 | 0,Mediocampista
Ruibal,Betis,-108.187 | -221.033 | -336.686 | -836.642 | -1.880.862 | -3.503.981,"-3,00% | -5,94% | -8,78% | -19,30% | -34,96% | -50,03%",,27ddías,3.499.343,3.607.530 | 3.720.376 | 3.836.029 | 4.335.985 | 5.380.205 | 7.003.324,Delantero
Navarro,Athletic,-29.625 | -54.471 | -80.524 | -207.050 | -483.327 | -1.128.499,"-1,34% | -2,45% | -3,57% | -8,70% | -18,19% | -34,18%",,27ddías,2.173.068,2.202.693 | 2.227.539 | 2.253.592 | 2.380.118 | 2.656.395 | 3.301.567,Mediocampista
Chust,Elche,0 | 0 | 0 | 0 | 0 | +17.002,"0,00% | 0,00% | 0,00% | 0,00% | 0,00% | +0,34%",,24ddías,5.019.376,5.019.376 | 5.019.376 | 5.019.376 | 5.019.376 | 5.019.376 | 5.002.374,Defensa
Starfelt,Celta,+153.251 | +387.424 | +488.906 | +344.185 | -3.529 | +712.603,"+1,45% | +3,75% | +4,78% | +3,32% | -0,03% | +7,12%",,4ddías,10.717.352,10.564.101 | 10.329.928 | 10.228.446 | 10.373.167 | 10.720.881 | 10.004.749,Defensa
Dotor,Málaga,0 | 0 | 0 | 0 | +4.403 | +13.005,"0,00% | 0,00% | 0,00% | 0,00% | 0% | +0,32%",,11ddías,4.014.904,4.014.904 | 4.014.904 | 4.014.904 | 4.014.904 | 0 | 4.001.899,Mediocampista
Ayoze,Villarreal,-106.656 | -243.998 | -394.646 | -1.024.360 | -1.939.575 | -3.323.080,"-0,64% | -1,44% | -2,31% | -5,78% | -10,41% | -16,61%",,27ddías,16.686.419,16.793.075 | 16.930.417 | 17.081.065 | 17.710.779 | 18.625.994 | 20.009.499,Delantero
Carles Pérez,Celta,-51.227 | -103.198 | -158.159 | +127.716 | +127.716 | +127.716,"-2,84% | -5,56% | -8,28% | 0% | 0% | 0%",,4ddías,1.751.782,1.803.009 | 1.854.980 | 1.909.941 | 0 | 0 | 0,Delantero
Aspas,Celta,-130.994 | -274.541 | -425.587 | -970.425 | -2.104.163 | -2.028.840,"-1,49% | -3,07% | -4,68% | -10,06% | -19,52% | -18,95%",,21ddías,8.676.242,8.807.236 | 8.950.783 | 9.101.829 | 9.646.667 | 10.780.405 | 10.705.082,Delantero
Iván Villar,Celta,-27.465 | -54.142 | -82.817 | -212.133 | -522.252 | -1.228.351,"-2,11% | -4,08% | -6,11% | -14,29% | -29,09% | -49,11%",,27ddías,1.272.836,1.300.301 | 1.326.978 | 1.355.653 | 1.484.969 | 1.795.088 | 2.501.187,Portero
Swedberg,Celta,-61.616 | -190.966 | -292.315 | -887.970 | -2.153.854 | -3.425.177,"-0,67% | -2,06% | -3,12% | -8,91% | -19,17% | -27,39%",,24ddías,9.080.760,9.142.376 | 9.271.726 | 9.373.075 | 9.968.730 | 11.234.614 | 12.505.937,Mediocampista
Domínguez,Celta,-18.793 | -38.845 | -59.288 | -146.903 | -335.355 | -793.173,"-2,27% | -4,59% | -6,84% | -15,39% | -29,34% | -49,55%",,27ddías,807.586,826.379 | 846.431 | 866.874 | 954.489 | 1.142.941 | 1.600.759,Defensa
Sotelo,Levante,0 | 0 | +14.035 | -53.692 | -224.678 | -718.194,"0,00% | 0,00% | +1,03% | -3,74% | -13,98% | -34,18%",,2ddías,1.382.803,1.382.803 | 1.382.803 | 1.368.768 | 1.436.495 | 1.607.481 | 2.100.997,Mediocampista
Bartra,Betis,+295.957 | +606.583 | +803.000 | +1.944.440 | +4.188.399 | +4.881.381,"+1,20% | +2,50% | +3,33% | +8,47% | +20,23% | +24,40%",,21ddías,24.890.880,24.594.923 | 24.284.297 | 24.087.880 | 22.946.440 | 20.702.481 | 20.009.499,Defensa
Iglesias,Celta,-54.941 | +18.224 | +129.234 | +2.070.847 | +6.749.493 | +14.011.617,"-0,17% | +0,06% | +0,40% | +6,83% | +26,30% | 0%",,1ddías,32.408.166,32.463.107 | 32.389.942 | 32.278.932 | 30.337.319 | 25.658.673 | 0,Delantero
Riquelme,Betis,-42.538 | -75.817 | -122.363 | -346.162 | -849.632 | -2.004.012,"-1,20% | -2,12% | -3,38% | -9,00% | -19,54% | -36,42%",,27ddías,3.498.600,3.541.138 | 3.574.417 | 3.620.963 | 3.844.762 | 4.348.232 | 5.502.612,Mediocampista
A. Christensen,Barcelona,0 | 0 | 0 | 0 | 0 | +16.966,"0,00% | 0,00% | 0,00% | 0,00% | 0,00% | +0,34%",,24ddías,5.019.340,5.019.340 | 5.019.340 | 5.019.340 | 5.019.340 | 5.019.340 | 5.002.374,Defensa
Balde,Barcelona,-472.662 | -987.090 | -1.479.666 | -1.186.707 | +3.176.566 | +7.643.882,"-1,73% | -3,55% | -5,22% | -4,23% | +13,42% | +39,79%",,5ddías,26.853.001,27.325.663 | 27.840.091 | 28.332.667 | 28.039.708 | 23.676.435 | 19.209.119,Defensa
Araújo,Barcelona,-152.559 | -303.336 | -462.985 | -1.134.066 | -2.551.003 | -4.299.927,"-2,60% | -5,05% | -7,51% | -16,58% | -30,90% | -42,98%",,25ddías,5.704.822,5.857.381 | 6.008.158 | 6.167.807 | 6.838.888 | 8.255.825 | 10.004.749,Defensa
Gavi,Barcelona,+362.557 | +802.520 | +1.388.266 | +4.221.901 | +8.783.207 | +12.515.533,"+0,98% | +2,19% | +3,84% | +12,68% | +30,56% | +50,04%",,23ddías,37.527.407,37.164.850 | 36.724.887 | 36.139.141 | 33.305.506 | 28.744.200 | 25.011.874,Mediocampista
Ferran,Barcelona,+1.502.941 | +3.454.530 | +4.890.992 | +11.700.627 | +15.056.399 | +8.665.504,"+2,24% | +5,30% | +7,67% | +20,53% | +28,07% | +14,44%",,11ddías,68.694.003,67.191.062 | 65.239.473 | 63.803.011 | 56.993.376 | 53.637.604 | 60.028.499,Delantero
Pedri,Barcelona,-1.084.988 | -2.103.139 | -3.344.195 | -7.833.818 | -81.703.702 | -81.703.702,"-1,11% | -2,13% | -3,34% | -7,48% | 0% | 0%",,10ddías,96.833.890,97.918.878 | 98.937.029 | 100.178.085 | 104.667.708 | 0 | 0,Mediocampista
Raphinha,Barcelona,-686.202 | -1.446.959 | -2.557.929 | -8.514.980 | -21.462.820 | -28.900.534,"-0,94% | -1,97% | -3,43% | -10,58% | -22,98% | -28,66%",,19ddías,71.947.344,72.633.546 | 73.394.303 | 74.505.273 | 80.462.324 | 93.410.164 | 100.847.878,Delantero
F. de Jong,Barcelona,-1.177.349 | -4.139.496 | -4.139.496 | -4.139.496 | -4.139.496 | -3.988.492,"-2,82% | -9,27% | -9,27% | -9,27% | -9,27% | -8,96%",,2ddías,40.532.644,41.709.993 | 44.672.140 | 44.672.140 | 44.672.140 | 44.672.140 | 44.521.136,Mediocampista
Abde,Betis,-1.713.524 | -3.527.547 | -5.511.064 | -14.151.786 | -68.839.774 | -68.839.774,"-2,65% | -5,30% | -8,04% | -18,33% | 0% | 0%",,11ddías,63.042.343,64.755.867 | 66.569.890 | 68.553.407 | 77.194.129 | 0 | 0,Delantero
Koundé,Barcelona,-831.017 | -1.364.379 | -1.617.068 | -250.052 | +5.003.194 | +16.396.676,"-1,59% | -2,59% | -3,05% | -0,48% | +10,78% | +46,83%",,3ddías,51.413.300,52.244.317 | 52.777.679 | 53.030.368 | 51.663.352 | 46.410.106 | 35.016.624,Defensa
Yamal,Barcelona,-692.592 | -1.832.385 | -3.402.461 | -11.231.094 | +59.000.351 | +59.000.351,"-0,53% | -1,40% | -2,56% | -7,99% | 0% | 0%",,9ddías,129.296.534,129.989.126 | 131.128.919 | 132.698.995 | 140.527.628 | 0 | 0,Delantero
Casadó,Barcelona,-16.534 | -33.975 | -57.652 | -156.461 | -361.741 | -1.035.084,"-0,79% | -1,62% | -2,71% | -7,04% | -14,90% | -33,37%",,27ddías,2.066.388,2.082.922 | 2.100.363 | 2.124.040 | 2.222.849 | 2.428.129 | 3.101.472,Mediocampista
Cubarsí,Barcelona,-1.461.323 | -2.753.976 | -3.424.132 | -747.252 | +13.063.153 | +35.858.144,"-1,50% | -2,79% | -3,45% | -0,77% | +15,77% | +59,74%",,3ddías,95.886.643,97.347.966 | 98.640.619 | 99.310.775 | 96.633.895 | 82.823.490 | 60.028.499,Defensa
Fermín,Barcelona,-621.618 | -1.255.874 | -2.014.969 | -6.927.162 | -18.704.619 | -31.265.749,"-0,97% | -1,93% | -3,06% | -9,80% | -22,68% | -32,90%",,27ddías,63.779.374,64.400.992 | 65.035.248 | 65.794.343 | 70.706.536 | 82.483.993 | 95.045.123,Mediocampista
Bellerín,Betis,+204.344 | +368.427 | +501.364 | +451.958 | -63.812 | +623.702,"+1,96% | +3,59% | +4,95% | +4,44% | -0,60% | +6,23%",,4ddías,10.628.451,10.424.107 | 10.260.024 | 10.127.087 | 10.176.493 | 10.692.263 | 10.004.749,Defensa
Turrientes,Real Sociedad,-118.721 | -218.161 | -322.086 | -816.287 | -1.828.524 | -2.510.432,"-1,56% | -2,83% | -4,12% | -9,82% | -19,61% | -25,09%",,24ddías,7.494.317,7.613.038 | 7.712.478 | 7.816.403 | 8.310.604 | 9.322.841 | 10.004.749,Mediocampista
Pathé Ciss,Rayo,+7.261 | -49.910 | -98.654 | -346.259 | -886.317 | +551.479,"+0,07% | -0,47% | -0,93% | -3,18% | -7,75% | +5,51%",,1ddías,10.556.228,10.548.967 | 10.606.138 | 10.654.882 | 10.902.487 | 11.442.545 | 10.004.749,Mediocampista
Marrero,Real Sociedad,-32.979 | -66.842 | -105.679 | -266.638 | -646.871 | -1.490.254,"-2,14% | -4,24% | -6,54% | -15,00% | -29,97% | -49,65%",,27ddías,1.511.170,1.544.149 | 1.578.012 | 1.616.849 | 1.777.808 | 2.158.041 | 3.001.424,Portero
Letácek,Getafe,-20.965 | -42.840 | -65.926 | -167.413 | -404.197 | -965.986,"-2,19% | -4,38% | -6,59% | -15,19% | -30,18% | -50,82%",,27ddías,934.916,955.881 | 977.756 | 1.000.842 | 1.102.329 | 1.339.113 | 1.900.902,Portero
Natan,Betis,+694.176 | +1.363.601 | +2.119.808 | +4.925.915 | +9.197.860 | +14.827.067,"+1,77% | +3,54% | +5,62% | +14,11% | +30,02% | +59,28%",,25ddías,39.838.941,39.144.765 | 38.475.340 | 37.719.133 | 34.913.026 | 30.641.081 | 25.011.874,Defensa
Fraga,Real Sociedad,0 | 0 | 0 | 0 | 0 | +1.949,"0,00% | 0,00% | 0,00% | 0,00% | 0,00% | +0,32%",,24ddías,602.234,602.234 | 602.234 | 602.234 | 602.234 | 602.234 | 600.285,Portero
Martín,Barcelona,0 | 0 | 0 | 0 | 0 | +103.157,"0,00% | 0,00% | 0,00% | 0,00% | 0,00% | +0,34%",,24ddías,30.517.596,30.517.596 | 30.517.596 | 30.517.596 | 30.517.596 | 30.517.596 | 30.414.439,Defensa
Toni Martinez,Alavés,-356.012 | -680.350 | -1.110.304 | -2.662.277 | -5.980.904 | +23.277.635,"-1,28% | -2,43% | -3,90% | -8,87% | -17,94% | 0%",,16ddías,27.361.628,27.717.640 | 28.041.978 | 28.471.932 | 30.023.905 | 33.342.532 | 0,Delantero
Musso,Atlético,-122.047 | -249.607 | -376.168 | -914.660 | -2.057.598 | -4.086.013,"-2,02% | -4,05% | -5,98% | -13,39% | -25,80% | -40,84%",,27ddías,5.918.736,6.040.783 | 6.168.343 | 6.294.904 | 6.833.396 | 7.976.334 | 10.004.749,Portero
Olmo,Barcelona,-1.199.614 | -2.601.820 | -4.036.345 | -9.929.891 | -28.609.450 | -28.609.450,"-1,56% | -3,32% | -5,05% | -11,57% | 0% | 0%",,11ddías,75.870.280,77.069.894 | 78.472.100 | 79.906.625 | 85.800.171 | 0 | 0,Mediocampista
Mario Martín,Getafe,0 | 0 | 0 | 0 | 0 | +13.573,"0,00% | 0,00% | 0,00% | 0,00% | 0,00% | +0,34%",,24ddías,4.015.472,4.015.472 | 4.015.472 | 4.015.472 | 4.015.472 | 4.015.472 | 4.001.899,Mediocampista
Benito,Osasuna,-13.741 | -28.531 | -43.490 | -106.796 | -242.007 | -614.287,"-1,96% | -3,99% | -5,96% | -13,47% | -26,07% | -47,23%",,27ddías,686.330,700.071 | 714.861 | 729.820 | 793.126 | 928.337 | 1.300.617,Delantero
Leo Román,Deportivo,+787.839 | +1.529.549 | +1.831.508 | +23.835.067 | +23.835.067 | +23.835.067,"+3,16% | +6,33% | +7,67% | 0% | 0% | 0%",,3ddías,25.703.489,24.915.650 | 24.173.940 | 23.871.981 | 0 | 0 | 0,Portero
Ferrer,Getafe,0 | 0 | 0 | 0 | 0 | +2.373,"0,00% | 0,00% | 0,00% | 0,00% | 0,00% | +0,34%",,24ddías,702.705,702.705 | 702.705 | 702.705 | 702.705 | 702.705 | 700.332,Portero
Boiro,Athletic,-10.001 | -20.894 | -31.795 | -77.102 | -154.222 | -403.918,"-1,65% | -3,38% | -5,06% | -11,45% | -20,54% | -40,37%",,11ddías,596.557,606.558 | 617.451 | 628.352 | 673.659 | 750.779 | 1.000.475,Defensa
Jauregizar,Athletic,+286.213 | +727.698 | +1.043.297 | +2.679.605 | +5.786.102 | +9.292.655,"+1,19% | +3,09% | +4,49% | +12,39% | +31,25% | +61,92%",,26ddías,24.299.779,24.013.566 | 23.572.081 | 23.256.482 | 21.620.174 | 18.513.677 | 15.007.124,Mediocampista
Padilla,Athletic,0 | 0 | 0 | 0 | 0 | +4.876,"0,00% | 0,00% | 0,00% | 0,00% | 0,00% | +0,32%",,24ddías,1.505.588,1.505.588 | 1.505.588 | 1.505.588 | 1.505.588 | 1.505.588 | 1.500.712,Portero
Alvarez,Atlético,-699.495 | -1.378.627 | -2.018.437 | -3.351.183 | +25.134.256 | +25.134.256,"-0,95% | -1,85% | -2,68% | -4,38% | 0% | 0%",,8ddías,73.222.650,73.922.145 | 74.601.277 | 75.241.087 | 76.573.833 | 0 | 0,Delantero
Álvaro,Deportivo,-76.192 | -159.196 | -243.223 | -628.580 | -1.664.567 | -3.675.603,"-1,29% | -2,66% | -4,01% | -9,73% | -22,21% | -38,67%",,27ddías,5.828.909,5.905.101 | 5.988.105 | 6.072.132 | 6.457.489 | 7.493.476 | 9.504.512,Portero
Javi Rodríguez,Celta,0 | 0 | 0 | 0 | 0 | +32.903,"0,00% | 0,00% | 0,00% | 0,00% | 0,00% | +0,33%",,24ddías,10.037.652,10.037.652 | 10.037.652 | 10.037.652 | 10.037.652 | 10.037.652 | 10.004.749,Defensa
Andrés Martín,Racing,-304.537 | -638.098 | -997.527 | -2.083.455 | -4.555.097 | +20.519.917,"-1,35% | -2,79% | -4,29% | -8,55% | -16,98% | 0%",,18ddías,22.271.225,22.575.762 | 22.909.323 | 23.268.752 | 24.354.680 | 26.826.322 | 0,Delantero
Endrick,Real Madrid,-86.218 | -172.612 | -323.520 | +7.173.915 | +7.173.915 | +7.173.915,"-1,10% | -2,18% | -4,01% | 0% | 0% | 0%",,4ddías,7.739.904,7.826.122 | 7.912.516 | 8.063.424 | 0 | 0 | 0,Delantero
Carreira,Celta,-50.393 | -112.684 | -184.757 | -608.965 | -1.433.125 | -1.032.060,"-0,72% | -1,59% | -2,58% | -8,03% | -17,05% | -12,89%",,21ddías,6.971.739,7.022.132 | 7.084.423 | 7.156.496 | 7.580.704 | 8.404.864 | 8.003.799,Defensa
Sergio Gómez,Real Sociedad,-153.731 | -320.527 | -452.094 | -1.422.871 | -3.378.110 | -5.857.338,"-0,80% | -1,65% | -2,31% | -6,91% | -14,99% | -23,42%",,27ddías,19.154.536,19.308.267 | 19.475.063 | 19.606.630 | 20.577.407 | 22.532.646 | 25.011.874,Defensa
Peque,Sevilla,-55.364 | -117.330 | -176.857 | -437.134 | -965.058 | -2.215.156,"-2,36% | -4,88% | -7,18% | -16,05% | -29,68% | -49,20%",,27ddías,2.286.981,2.342.345 | 2.404.311 | 2.463.838 | 2.724.115 | 3.252.039 | 4.502.137,Delantero
Ejuke,Sevilla,-49.729 | -100.018 | -151.318 | -374.170 | -847.136 | -1.787.988,"-1,52% | -3,02% | -4,50% | -10,43% | -20,86% | -35,74%",,27ddías,3.214.386,3.264.115 | 3.314.404 | 3.365.704 | 3.588.556 | 4.061.522 | 5.002.374,Delantero
Kambwala,Villarreal,-37.735 | -76.265 | -115.845 | -280.379 | -650.110 | -1.486.352,"-2,43% | -4,79% | -7,10% | -15,62% | -30,03% | -49,52%",,27ddías,1.515.072,1.552.807 | 1.591.337 | 1.630.917 | 1.795.451 | 2.165.182 | 3.001.424,Defensa
Danjuma,Valencia,-37.766 | -55.828 | -97.091 | -306.634 | -790.956 | -1.650.183,"-0,86% | -1,27% | -2,18% | -6,58% | -15,38% | -27,49%",,27ddías,4.352.666,4.390.432 | 4.408.494 | 4.449.757 | 4.659.300 | 5.143.622 | 6.002.849,Delantero
L. Sucic,Real Sociedad,-42.518 | -99.157 | -155.954 | -402.533 | -942.918 | -1.703.396,"-1,05% | -2,42% | -3,75% | -9,14% | -19,08% | -29,87%",,24ddías,3.999.311,4.041.829 | 4.098.468 | 4.155.265 | 4.401.844 | 4.942.229 | 5.702.707,Mediocampista
Pépé,Villarreal,-962.826 | -1.898.481 | -2.951.793 | -7.613.872 | -37.301.804 | -37.301.804,"-1,73% | -3,36% | -5,12% | -12,23% | 0% | 0%",,12ddías,54.663.133,55.625.959 | 56.561.614 | 57.614.926 | 62.277.005 | 0 | 0,Delantero
Pape Gueye,Villarreal,+273.572 | +334.903 | +203.679 | -1.112.274 | -4.884.549 | -10.425.676,"+0,70% | +0,85% | +0,52% | -2,73% | -10,98% | -20,84%",,2ddías,39.598.073,39.324.501 | 39.263.170 | 39.394.394 | 40.710.347 | 44.482.622 | 50.023.749,Mediocampista
Losada,Betis,0 | 0 | 0 | 0 | 0 | +8.191,"0,00% | 0,00% | 0,00% | 0,00% | 0,00% | +0,33%",,24ddías,2.509.378,2.509.378 | 2.509.378 | 2.509.378 | 2.509.378 | 2.509.378 | 2.501.187,Delantero
D. Llorente,Betis,+257.077 | +488.828 | +644.067 | +1.340.343 | +1.633.878 | +2.674.267,"+2,52% | +4,89% | +6,55% | +14,67% | +18,47% | +34,27%",,11ddías,10.477.971,10.220.894 | 9.989.143 | 9.833.904 | 9.137.628 | 8.844.093 | 7.803.704,Defensa
Bretones,Osasuna,+73.968 | +145.319 | +205.989 | +370.820 | +287.276 | -59.081,"+3,41% | +6,93% | +10,12% | +19,82% | +14,70% | -2,57%",,9ddías,2.242.011,2.168.043 | 2.096.692 | 2.036.022 | 1.871.191 | 1.954.735 | 2.301.092,Defensa
Pedro Díaz,Rayo,-38.764 | -73.269 | -116.411 | -267.537 | -679.981 | -1.856.922,"-1,78% | -3,30% | -5,15% | -11,09% | -24,07% | -46,40%",,28ddías,2.144.977,2.183.741 | 2.218.246 | 2.261.388 | 2.412.514 | 2.824.958 | 4.001.899,Mediocampista
Durán,Celta,-43.627 | -88.166 | -125.436 | -318.522 | -708.422 | -1.493.401,"-2,81% | -5,52% | -7,68% | -17,44% | -31,96% | -49,76%",,27ddías,1.508.023,1.551.650 | 1.596.189 | 1.633.459 | 1.826.545 | 2.216.445 | 3.001.424,Delantero
Hugo Álvarez,Celta,-81.421 | -166.105 | -253.038 | -612.931 | -1.361.222 | -2.814.816,"-2,16% | -4,31% | -6,42% | -14,25% | -26,96% | -43,28%",,27ddías,3.688.271,3.769.692 | 3.854.376 | 3.941.309 | 4.301.202 | 5.049.493 | 6.503.087,Mediocampista
Mbappé,Real Madrid,-444.809 | -867.042 | -1.523.532 | -5.607.268 | -24.876.486 | -24.876.486,"-0,34% | -0,66% | -1,15% | -4,12% | 0% | 0%",,9ddías,130.608.953,131.053.762 | 131.475.995 | 132.132.485 | 136.216.221 | 0 | 0,Delantero
Sannadi,Athletic,-5.162 | -11.016 | -16.666 | -38.692 | -83.270 | -219.904,"-1,06% | -2,24% | -3,35% | -7,45% | -14,77% | -31,40%",,27ddías,480.428,485.590 | 491.444 | 497.094 | 519.120 | 563.698 | 700.332,Delantero
Asencio,Real Madrid,-217.871 | -446.704 | -635.521 | -1.338.136 | -2.686.917 | -5.276.511,"-3,09% | -6,14% | -8,51% | -16,38% | -28,24% | -43,59%",,27ddías,6.829.236,7.047.107 | 7.275.940 | 7.464.757 | 8.167.372 | 9.516.153 | 12.105.747,Defensa
Roberto,Espanyol,-38.732 | -89.128 | -130.664 | -376.214 | -832.161 | -1.426.322,"-0,69% | -1,57% | -2,29% | -6,32% | -12,98% | -20,37%",,22ddías,5.577.002,5.615.734 | 5.666.130 | 5.707.666 | 5.953.216 | 6.409.163 | 7.003.324,Delantero
Garcés,Alavés,-18.905 | -39.074 | -59.636 | -147.787 | -337.547 | -690.455,"-2,28% | -4,60% | -6,86% | -15,43% | -29,41% | -46,01%",,27ddías,810.257,829.162 | 849.331 | 869.893 | 958.044 | 1.147.804 | 1.500.712,Defensa
Toni Fernández,Barcelona,0 | 0 | 0 | 0 | 0 | +2.034,"0,00% | 0,00% | 0,00% | 0,00% | 0,00% | +0,34%",,24ddías,602.319,602.319 | 602.319 | 602.319 | 602.319 | 602.319 | 600.285,Delantero
Guille,Barcelona,0 | 0 | 0 | 0 | 0 | +2.373,"0,00% | 0,00% | 0,00% | 0,00% | 0,00% | +0,34%",,24ddías,702.705,702.705 | 702.705 | 702.705 | 702.705 | 702.705 | 700.332,Mediocampista
Pablo Ramón,Espanyol,-8.291 | -17.403 | -26.449 | -46.043 | -46.043 | -44.754,"-1,47% | -3,04% | -4,54% | 0% | 0% | -7,46%",,4ddías,555.531,563.822 | 572.934 | 581.980 | 0 | 0 | 600.285,Mediocampista
Antony,Betis,-1.363.097 | -3.053.099 | -4.335.813 | -9.340.199 | -16.997.959 | -8.227.002,"-2,00% | -4,37% | -6,09% | -12,27% | -20,28% | -10,96%",,14ddías,66.808.622,68.171.719 | 69.861.721 | 71.144.435 | 76.148.821 | 83.806.581 | 75.035.624,Delantero
Spina,Atlético,0 | 0 | 0 | 0 | 0 | +2.370,"0,00% | 0,00% | 0,00% | 0,00% | 0,00% | +0,34%",,24ddías,702.702,702.702 | 702.702 | 702.702 | 702.702 | 702.702 | 700.332,Defensa
El-Abdellaoui,Celta,0 | 0 | 0 | 0 | 0 | +4.276,"0,00% | 0,00% | 0,00% | 0,00% | 0,00% | +0,33%",,24ddías,1.304.893,1.304.893 | 1.304.893 | 1.304.893 | 1.304.893 | 1.304.893 | 1.300.617,Delantero
Lago,Celta,0 | 0 | 0 | 0 | 0 | +2.301,"0,00% | 0,00% | 0,00% | 0,00% | 0,00% | +0,33%",,24ddías,702.633,702.633 | 702.633 | 702.633 | 702.633 | 702.633 | 700.332,Defensa
Mestre,Real Madrid,0 | 0 | 0 | 0 | 0 | -22.472,"0,00% | 0,00% | 0,00% | 0,00% | 0,00% | -3,21%",,24ddías,677.860,677.860 | 677.860 | 677.860 | 677.860 | 677.860 | 700.332,Portero
Jiménez,Real Madrid,0 | 0 | 0 | 0 | 0 | +1.963,"0,00% | 0,00% | 0,00% | 0,00% | 0,00% | +0,33%",,24ddías,602.248,602.248 | 602.248 | 602.248 | 602.248 | 602.248 | 600.285,Defensa
Valera,Elche,-269.757 | -547.101 | -819.011 | -1.955.439 | -3.401.479 | -38.263.857,"-1,07% | -2,15% | -3,19% | -7,29% | -12,03% | 0%",,18ddías,24.865.520,25.135.277 | 25.412.621 | 25.684.531 | 26.820.959 | 28.266.999 | 0,Mediocampista
Buchanan,Villarreal,+7.409 | +101.160 | +200.902 | +894.006 | +2.753.454 | +4.626.651,"+0,04% | +0,52% | +1,03% | +4,77% | +16,31% | +30,83%",,23ddías,19.633.775,19.626.366 | 19.532.615 | 19.432.873 | 18.739.769 | 16.880.321 | 15.007.124,Mediocampista
Serrano,Atlético,-4.635 | -9.939 | -15.018 | -34.507 | -73.519 | -232.553,"-0,98% | -2,08% | -3,11% | -6,87% | -13,58% | -33,21%",,27ddías,467.779,472.414 | 477.718 | 482.797 | 502.286 | 541.298 | 700.332,Mediocampista
Szczesny,Barcelona,0 | 0 | 0 | 0 | 0 | +6.881,"0,00% | 0,00% | 0,00% | 0,00% | 0,00% | +0,21%",,24ddías,3.208.400,3.208.400 | 3.208.400 | 3.208.400 | 3.208.400 | 3.208.400 | 3.201.519,Portero
Jon Martín,Real Sociedad,0 | 0 | 0 | 0 | 0 | +97.541,"0,00% | 0,00% | 0,00% | 0,00% | 0,00% | +0,32%",,24ddías,30.111.790,30.111.790 | 30.111.790 | 30.111.790 | 30.111.790 | 30.111.790 | 30.014.249,Defensa
Manu González,Betis,0 | 0 | 0 | 0 | 0 | -18.594,"0,00% | 0,00% | 0,00% | 0,00% | 0,00% | -3,10%",,24ddías,581.691,581.691 | 581.691 | 581.691 | 581.691 | 581.691 | 600.285,Portero
Aramburu,Real Sociedad,+389.784 | +802.664 | +1.155.716 | +2.475.226 | +4.241.779 | +6.664.753,"+2,94% | +6,24% | +9,24% | +22,11% | +45,00% | +95,17%",,26ddías,13.668.077,13.278.293 | 12.865.413 | 12.512.361 | 11.192.851 | 9.426.298 | 7.003.324,Defensa
Luiz Junior,Villarreal,+964.082 | +2.048.009 | +2.878.030 | +6.173.107 | +10.386.020 | +16.552.466,"+2,71% | +5,93% | +8,54% | +20,31% | +39,68% | +82,72%",,26ddías,36.561.965,35.597.883 | 34.513.956 | 33.683.935 | 30.388.858 | 26.175.945 | 20.009.499,Portero
Logan Costa,Villarreal,-37.300 | -71.672 | -108.025 | -277.696 | -636.987 | -1.385.025,"-2,26% | -4,25% | -6,26% | -14,66% | -28,27% | -46,15%",,27ddías,1.616.399,1.653.699 | 1.688.071 | 1.724.424 | 1.894.095 | 2.253.386 | 3.001.424,Defensa
Iturbe,Elche,0 | 0 | 0 | 0 | 0 | +1.719,"0,00% | 0,00% | 0,00% | 0,00% | 0,00% | +0,21%",,24ddías,802.099,802.099 | 802.099 | 802.099 | 802.099 | 802.099 | 800.380,Portero
Lo Celso,Betis,+632.105 | +1.379.563 | +2.165.031 | +5.452.660 | +11.162.577 | +17.522.439,"+1,71% | +3,82% | +6,12% | +17,00% | +42,33% | +87,57%",,26ddías,37.531.938,36.899.833 | 36.152.375 | 35.366.907 | 32.079.278 | 26.369.361 | 20.009.499,Mediocampista
Otorbi,Valencia,0 | 0 | 0 | 0 | 0 | +2.007,"0,00% | 0,00% | 0,00% | 0,00% | 0,00% | +0,33%",,24ddías,602.292,602.292 | 602.292 | 602.292 | 602.292 | 602.292 | 600.285,Delantero
Alfon,Sevilla,0 | 0 | 0 | 0 | 0 | +23.437,"0,00% | 0,00% | 0,00% | 0,00% | 0,00% | +0,33%",,24ddías,7.026.761,7.026.761 | 7.026.761 | 7.026.761 | 7.026.761 | 7.026.761 | 7.003.324,Delantero
Etta Eyong,Levante,+675.289 | +1.353.506 | +1.656.460 | +3.419.412 | +5.312.807 | +9.643.895,"+3,76% | +7,83% | +9,75% | +22,45% | +39,84% | +107,10%",,26ddías,18.648.169,17.972.880 | 17.294.663 | 16.991.709 | 15.228.757 | 13.335.362 | 9.004.274,Delantero
Risco,Getafe,0 | 0 | 0 | 0 | 0 | +2.373,"0,00% | 0,00% | 0,00% | 0,00% | 0,00% | +0,34%",,24ddías,702.705,702.705 | 702.705 | 702.705 | 702.705 | 702.705 | 700.332,Mediocampista
De la Sías,Rayo,0 | 0 | 0 | 0 | 0 | +1.949,"0,00% | 0,00% | 0,00% | 0,00% | 0,00% | +0,32%",,24ddías,602.234,602.234 | 602.234 | 602.234 | 602.234 | 602.234 | 600.285,Defensa
Óskarsson,Real Sociedad,-152.016 | -289.234 | -440.970 | -1.224.489 | -2.812.941 | -5.447.521,"-1,57% | -2,94% | -4,41% | -11,35% | -22,74% | -36,30%",,27ddías,9.559.603,9.711.619 | 9.848.837 | 10.000.573 | 10.784.092 | 12.372.544 | 15.007.124,Delantero
Alberto,Sevilla,0 | 0 | 0 | 0 | 0 | +2.301,"0,00% | 0,00% | 0,00% | 0,00% | 0,00% | +0,33%",,24ddías,702.633,702.633 | 702.633 | 702.633 | 702.633 | 702.633 | 700.332,Portero
Pau Navarro,Villarreal,-172.641 | -324.012 | -525.432 | -1.301.984 | -2.894.435 | -5.723.094,"-1,65% | -3,05% | -4,86% | -11,24% | -21,96% | -35,75%",,27ddías,10.284.505,10.457.146 | 10.608.517 | 10.809.937 | 11.586.489 | 13.178.940 | 16.007.599,Defensa
Cabanes,Villarreal,0 | 0 | 0 | 0 | 0 | +2.007,"0,00% | 0,00% | 0,00% | 0,00% | 0,00% | +0,33%",,24ddías,602.292,602.292 | 602.292 | 602.292 | 602.292 | 602.292 | 600.285,Delantero
Carlos Martín,Atlético,0 | 0 | 0 | 0 | 0 | -82.602,"0,00% | 0,00% | 0,00% | 0,00% | 0,00% | -3,59%",,24ddías,2.218.490,2.218.490 | 2.218.490 | 2.218.490 | 2.218.490 | 2.218.490 | 2.301.092,Mediocampista
Bernal,Barcelona,+54.898 | -184.225 | -184.225 | -184.225 | -184.225 | -172.010,"+1,63% | -5,10% | -5,10% | -5,10% | -5,10% | -4,78%",,1ddías,3.429.699,3.374.801 | 3.613.924 | 3.613.924 | 3.613.924 | 3.613.924 | 3.601.709,Mediocampista
Romero,Villarreal,+195.004 | +183.652 | -328.528 | -2.654.922 | -2.654.922 | -2.540.326,"+0,60% | +0,57% | -1,00% | -7,56% | -7,56% | -7,25%",,1ddías,32.476.298,32.281.294 | 32.292.646 | 32.804.826 | 35.131.220 | 35.131.220 | 35.016.624,Defensa
Hugo González,Celta,0 | 0 | 0 | 0 | 0 | +4.934,"0,00% | 0,00% | 0,00% | 0,00% | 0,00% | +0,33%",,24ddías,1.505.646,1.505.646 | 1.505.646 | 1.505.646 | 1.505.646 | 1.505.646 | 1.500.712,Mediocampista
Diego López,Valencia,-101.699 | -201.087 | -305.134 | -744.471 | -1.655.042 | -2.804.536,"-3,08% | -5,92% | -8,71% | -18,88% | -34,10% | -46,72%",,27ddías,3.198.313,3.300.012 | 3.399.400 | 3.503.447 | 3.942.784 | 4.853.355 | 6.002.849,Delantero
Rosier,Osasuna,-254.466 | -521.644 | -797.501 | -1.803.649 | -2.600.268 | -2.562.844,"-2,93% | -5,82% | -8,63% | -17,60% | -23,55% | -23,29%",,22ddías,8.442.380,8.696.846 | 8.964.024 | 9.239.881 | 10.246.029 | 11.042.648 | 11.005.224,Defensa
Pepelu,Valencia,-87.929 | -186.333 | -323.270 | -879.264 | -1.651.890 | -1.760.910,"-1,06% | -2,21% | -3,77% | -9,64% | -16,69% | -17,60%",,22ddías,8.243.839,8.331.768 | 8.430.172 | 8.567.109 | 9.123.103 | 9.895.729 | 10.004.749,Mediocampista
Foulquier,Valencia,-61.742 | -125.607 | -203.935 | -449.524 | -449.524 | -437.137,"-1,86% | -3,70% | -5,88% | -12,10% | -12,10% | -11,81%",,5ddías,3.264.620,3.326.362 | 3.390.227 | 3.468.555 | 3.714.144 | 3.714.144 | 3.701.757,Defensa
Jesús Vázquez,Valencia,-54.174 | -105.908 | -162.420 | -392.898 | -897.120 | -2.091.333,"-2,50% | -4,78% | -7,15% | -15,69% | -29,83% | -49,77%",,27ddías,2.110.661,2.164.835 | 2.216.569 | 2.273.081 | 2.503.559 | 3.007.781 | 4.201.994,Defensa
Fran Pérez,Rayo,-24.551 | -50.843 | -77.990 | -189.353 | -420.133 | -967.868,"-2,32% | -4,69% | -7,02% | -15,49% | -28,91% | -48,37%",,27ddías,1.033.081,1.057.632 | 1.083.924 | 1.111.071 | 1.222.434 | 1.453.214 | 2.000.949,Mediocampista
Tárrega,Valencia,-73.760 | -131.514 | -181.144 | -593.837 | -1.680.222 | -3.268.477,"-0,79% | -1,40% | -1,92% | -6,04% | -15,39% | -26,14%",,27ddías,9.237.460,9.311.220 | 9.368.974 | 9.418.604 | 9.831.297 | 10.917.682 | 12.505.937,Defensa
Rivero,Valencia,-10.119 | -21.135 | -32.165 | -78.040 | -145.089 | -401.086,"-1,66% | -3,41% | -5,09% | -11,52% | -19,49% | -40,09%",,10ddías,599.389,609.508 | 620.524 | 631.554 | 677.429 | 744.478 | 1.000.475,Portero
Iranzo,Valencia,0 | 0 | 0 | 0 | 0 | +2.007,"0,00% | 0,00% | 0,00% | 0,00% | 0,00% | +0,33%",,24ddías,602.292,602.292 | 602.292 | 602.292 | 602.292 | 602.292 | 600.285,Defensa
Comesaña,Villarreal,-146.122 | -606.758 | -1.204.128 | -3.682.339 | -5.958.888 | -9.392.974,"-0,54% | -2,20% | -4,28% | -12,03% | -18,12% | -25,86%",,27ddías,26.924.268,27.070.390 | 27.531.026 | 28.128.396 | 30.606.607 | 32.883.156 | 36.317.242,Mediocampista
Gerard,Villarreal,-340.281 | -726.641 | -1.036.922 | -2.504.324 | -5.749.756 | -9.834.316,"-1,11% | -2,35% | -3,32% | -7,66% | -16,00% | -24,57%",,27ddías,30.184.683,30.524.964 | 30.911.324 | 31.221.605 | 32.689.007 | 35.934.439 | 40.018.999,Delantero
Foyth,Villarreal,-90.215 | -926.847 | -926.847 | -926.847 | -926.847 | -884.995,"-0,77% | -7,39% | -7,39% | -7,39% | -7,39% | -7,08%",,2ddías,11.620.942,11.711.157 | 12.547.789 | 12.547.789 | 12.547.789 | 12.547.789 | 12.505.937,Defensa
Sörloth,Atlético,-299.874 | -650.493 | -990.679 | -2.753.111 | -6.250.817 | -11.881.346,"-1,05% | -2,26% | -3,40% | -8,91% | -18,18% | -29,69%",,27ddías,28.137.653,28.437.527 | 28.788.146 | 29.128.332 | 30.890.764 | 34.388.470 | 40.018.999,Delantero
Baena,Atlético,-1.324.694 | -2.270.125 | -2.358.643 | +1.613.796 | +12.230.037 | +24.017.590,"-1,88% | -3,18% | -3,30% | +2,39% | +21,53% | +53,35%",,3ddías,69.038.964,70.363.658 | 71.309.089 | 71.397.607 | 67.425.168 | 56.808.927 | 45.021.374,Mediocampista
Gayà,Valencia,-135.722 | -296.573 | -486.268 | -1.279.928 | -2.806.336 | -5.464.751,"-1,07% | -2,31% | -3,73% | -9,26% | -18,28% | -30,35%",,27ddías,12.543.798,12.679.520 | 12.840.371 | 13.030.066 | 13.823.726 | 15.350.134 | 18.008.549,Defensa
Almeida,Valencia,-88.722 | -177.179 | -265.701 | -644.621 | -1.435.958 | -3.057.322,"-2,58% | -5,03% | -7,36% | -16,15% | -30,03% | -47,75%",,27ddías,3.345.717,3.434.439 | 3.522.896 | 3.611.418 | 3.990.338 | 4.781.675 | 6.403.039,Mediocampista
Terrats,Getafe,0 | 0 | 0 | 0 | 0 | +9.166,"0,00% | 0,00% | 0,00% | 0,00% | 0,00% | +0,33%",,24ddías,2.810.495,2.810.495 | 2.810.495 | 2.810.495 | 2.810.495 | 2.810.495 | 2.801.329,Mediocampista
Mariano,Alavés,-34.041 | -70.273 | -108.478 | -271.410 | -606.596 | -1.428.527,"-2,60% | -5,23% | -7,85% | -17,58% | -32,28% | -52,88%",,27ddías,1.272.755,1.306.796 | 1.343.028 | 1.381.233 | 1.544.165 | 1.879.351 | 2.701.282,Delantero
Urko,Espanyol,-39.286 | -81.795 | -143.862 | -418.200 | -867.810 | -1.940.866,"-0,77% | -1,59% | -2,76% | -7,63% | -14,63% | -27,71%",,24ddías,5.062.458,5.101.744 | 5.144.253 | 5.206.320 | 5.480.658 | 5.930.268 | 7.003.324,Mediocampista
Dmitrovic,Espanyol,+933.208 | +1.907.624 | +2.861.422 | +5.857.346 | +9.420.056 | +14.209.592,"+3,30% | +6,99% | +10,86% | +25,07% | +47,58% | +94,69%",,26ddías,29.216.716,28.283.508 | 27.309.092 | 26.355.294 | 23.359.370 | 19.796.660 | 15.007.124,Portero
Gattoni,Sevilla,-5.007 | -10.698 | -16.180 | -37.459 | -80.399 | -223.629,"-1,04% | -2,19% | -3,28% | -7,29% | -14,43% | -31,93%",,27ddías,476.703,481.710 | 487.401 | 492.883 | 514.162 | 557.102 | 700.332,Defensa
Pedrosa,Sevilla,0 | 0 | 0 | 0 | 0 | +11.221,"0,00% | 0,00% | 0,00% | 0,00% | 0,00% | +0,34%",,24ddías,3.312.788,3.312.788 | 3.312.788 | 3.312.788 | 3.312.788 | 3.312.788 | 3.301.567,Defensa
Jordan,Sevilla,-12.409 | -25.812 | -39.326 | -96.224 | -217.365 | -546.203,"-1,86% | -3,79% | -5,67% | -12,82% | -24,93% | -45,50%",,27ddías,654.367,666.776 | 680.179 | 693.693 | 750.591 | 871.732 | 1.200.570,Mediocampista
Rafa Mir,Sevilla,0 | 0 | 0 | 0 | 0 | +23.803,"0,00% | 0,00% | 0,00% | 0,00% | 0,00% | +0,34%",,24ddías,7.027.127,7.027.127 | 7.027.127 | 7.027.127 | 7.027.127 | 7.027.127 | 7.003.324,Delantero
Sow,Sevilla,-24.609 | -31.440 | -115.261 | -325.627 | -1.156.040 | -1.539.448,"-0,29% | -0,37% | -1,34% | -3,70% | -12,02% | -15,39%",,22ddías,8.465.301,8.489.910 | 8.496.741 | 8.580.562 | 8.790.928 | 9.621.341 | 10.004.749,Mediocampista
Duro,Valencia,-101.959 | -166.894 | -290.671 | -743.960 | -1.691.920 | -2.567.280,"-1,07% | -1,74% | -2,99% | -7,31% | -15,20% | -21,38%",,22ddías,9.438.419,9.540.378 | 9.605.313 | 9.729.090 | 10.182.379 | 11.130.339 | 12.005.699,Delantero
Marcão,Sevilla,-18.224 | -39.041 | -60.494 | -152.593 | -333.139 | -769.102,"-2,14% | -4,48% | -6,78% | -15,50% | -28,60% | -48,05%",,27ddías,831.657,849.881 | 870.698 | 892.151 | 984.250 | 1.164.796 | 1.600.759,Defensa
Juanlu,Sevilla,-39.680 | -83.194 | -129.784 | -302.882 | -780.237 | -2.001.057,"-1,30% | -2,70% | -4,14% | -9,17% | -20,63% | -40,00%",,28ddías,3.001.317,3.040.997 | 3.084.511 | 3.131.101 | 3.304.199 | 3.781.554 | 5.002.374,Mediocampista
Manu Bueno,Sevilla,0 | 0 | 0 | 0 | 0 | +1.719,"0,00% | 0,00% | 0,00% | 0,00% | 0,00% | +0,21%",,24ddías,802.099,802.099 | 802.099 | 802.099 | 802.099 | 802.099 | 800.380,Mediocampista
Diakhaby,Valencia,-169.158 | -340.480 | -504.889 | -1.454.421 | -1.454.421 | -1.424.287,"-2,18% | -4,30% | -6,24% | -16,10% | -16,10% | -15,82%",,7ddías,7.579.987,7.749.145 | 7.920.467 | 8.084.876 | 9.034.408 | 9.034.408 | 9.004.274,Defensa
Canós,Valencia,-10.661 | -22.243 | -33.861 | -787.014 | -787.014 | -787.014,"-1,71% | -3,50% | -5,24% | 0% | 0% | 0%",,4ddías,612.402,623.063 | 634.645 | 646.263 | 0 | 0 | 0,Delantero
Javi Guerra,Valencia,-171.666 | -374.300 | -677.502 | -1.608.153 | -3.169.528 | +22.205.911,"-0,68% | -1,47% | -2,62% | -6,01% | -11,20% | 0%",,17ddías,25.133.262,25.304.928 | 25.507.562 | 25.810.764 | 26.741.415 | 28.302.790 | 0,Mediocampista
Femenia,Getafe,-43.178 | -82.730 | -145.098 | -379.661 | -1.041.453 | -2.277.366,"-1,15% | -2,17% | -3,75% | -9,25% | -21,85% | -37,94%",,27ddías,3.725.483,3.768.661 | 3.808.213 | 3.870.581 | 4.105.144 | 4.766.936 | 6.002.849,Defensa
Íñigo Pérez,Villarreal,-15.014 | -34.578 | -53.284 | -97.935 | -362.945 | -357.570,"-0,70% | -1,59% | -2,43% | -4,37% | 0% | -14,30%",,3ddías,2.143.617,2.158.631 | 2.178.195 | 2.196.901 | 2.241.552 | 0 | 2.501.187,
Denis Suárez,Alavés,-76.743 | -150.878 | -227.017 | -578.911 | -1.308.851 | -2.860.085,"-2,38% | -4,58% | -6,74% | -15,56% | -29,40% | -47,65%",,27ddías,3.142.764,3.219.507 | 3.293.642 | 3.369.781 | 3.721.675 | 4.451.615 | 6.002.849,Mediocampista
El Hilali,Espanyol,+113.707 | +271.552 | +368.619 | +773.338 | +1.203.454 | +1.650.441,"+1,62% | +3,95% | +5,43% | +12,12% | +20,23% | +29,99%",,11ddías,7.153.053,7.039.346 | 6.881.501 | 6.784.434 | 6.379.715 | 5.949.599 | 5.502.612,Defensa
Mouriño,Villarreal,+457.350 | +1.084.671 | +1.594.719 | +3.729.461 | +7.222.821 | +11.849.066,"+1,33% | +3,21% | +4,79% | +11,98% | +26,13% | +51,49%",,25ddías,34.859.990,34.402.640 | 33.775.319 | 33.265.271 | 31.130.529 | 27.637.169 | 23.010.924,Defensa
Serrano,Athletic,-38.578 | -78.407 | -119.257 | -282.774 | -629.418 | -1.518.910,"-2,92% | -5,76% | -8,51% | -18,07% | -32,92% | -54,22%",,28ddías,1.282.419,1.320.997 | 1.360.826 | 1.401.676 | 1.565.193 | 1.911.837 | 2.801.329,Delantero
Raba,Valencia,-58.341 | -115.825 | -175.266 | -418.490 | -923.412 | -2.306.482,"-2,59% | -5,01% | -7,39% | -16,01% | -29,61% | -51,23%",,27ddías,2.195.655,2.253.996 | 2.311.480 | 2.370.921 | 2.614.145 | 3.119.067 | 4.502.137,Delantero
Conde,Betis,0 | +86.068 | -21 | -324.417 | -676.897 | -1.460.548,"0,00% | +2,91% | 0,00% | -9,64% | -18,20% | -32,44%",,1ddías,3.041.589,3.041.589 | 2.955.521 | 3.041.610 | 3.366.006 | 3.718.486 | 4.502.137,Portero
Raul Moro,Osasuna,+180.244 | +295.222 | +316.656 | +194.032 | -753.719 | -1.286.691,"+1,71% | +2,83% | +3,04% | +1,84% | -6,57% | -10,72%",,4ddías,10.719.008,10.538.764 | 10.423.786 | 10.402.352 | 10.524.976 | 11.472.727 | 12.005.699,Delantero
Boyomo,Osasuna,+393.272 | +939.125 | +1.326.761 | +3.097.302 | +5.508.625 | +7.097.858,"+1,81% | +4,44% | +6,39% | +16,30% | +33,19% | +47,30%",,23ddías,22.104.982,21.711.710 | 21.165.857 | 20.778.221 | 19.007.680 | 16.596.357 | 15.007.124,Defensa
Fortuño,Espanyol,-13.319 | -27.668 | -42.169 | -103.441 | -198.166 | -524.381,"-1,93% | -3,93% | -5,87% | -13,27% | -22,66% | -43,68%",,7ddías,676.189,689.508 | 703.857 | 718.358 | 779.630 | 874.355 | 1.200.570,Portero
Rubén Sánchez,Espanyol,-7.885 | -16.574 | -25.180 | -60.306 | -133.648 | -354.653,"-1,42% | -2,95% | -4,41% | -9,95% | -19,67% | -39,39%",,27ddías,545.774,553.659 | 562.348 | 570.954 | 606.080 | 679.422 | 900.427,Mediocampista
Edu Expósito,Espanyol,-337.142 | -720.650 | -1.060.689 | -2.428.474 | -5.574.926 | -13.361.855,"-1,20% | -2,53% | -3,67% | -8,03% | -16,70% | 0%",,16ddías,27.804.538,28.141.680 | 28.525.188 | 28.865.227 | 30.233.012 | 33.379.464 | 0,Mediocampista
Fornals,Betis,-1.630.848 | -3.301.463 | -5.100.349 | -13.128.647 | -73.762.153 | -73.762.153,"-2,29% | -4,53% | -6,83% | -15,88% | 0% | 0%",,10ddías,69.527.147,71.157.995 | 72.828.610 | 74.627.496 | 82.655.794 | 0 | 0,Mediocampista
Jofre,Espanyol,-29.657 | -58.641 | -93.396 | -255.472 | -593.049 | -1.366.263,"-2,02% | -3,93% | -6,11% | -15,11% | -29,24% | -48,77%",,27ddías,1.435.066,1.464.723 | 1.493.707 | 1.528.462 | 1.690.538 | 2.028.115 | 2.801.329,Delantero
Pere Milla,Espanyol,-72.795 | -166.878 | -222.780 | -183.996 | +471.096 | +2.557.378,"-0,68% | -1,56% | -2,07% | -1,71% | +4,67% | +31,95%",,5ddías,10.561.177,10.633.972 | 10.728.055 | 10.783.957 | 10.745.173 | 10.090.081 | 8.003.799,Delantero
Lozano,Espanyol,-61.013 | -116.684 | -176.663 | -424.984 | -965.288 | -2.191.011,"-2,12% | -3,99% | -5,91% | -13,13% | -25,56% | -43,80%",,27ddías,2.811.363,2.872.376 | 2.928.047 | 2.988.026 | 3.236.347 | 3.776.651 | 5.002.374,Mediocampista
Puado,Espanyol,-301.690 | -616.094 | -925.252 | -2.274.954 | -4.902.919 | -5.327.224,"-3,02% | -5,98% | -8,72% | -19,03% | -33,62% | -35,50%",,18ddías,9.679.900,9.981.590 | 10.295.994 | 10.605.152 | 11.954.854 | 14.582.819 | 15.007.124,Mediocampista
Cabrera,Espanyol,-105.809 | -259.766 | -409.450 | -962.565 | -2.048.125 | +5.480.226,"-0,63% | -1,53% | -2,39% | -5,44% | -10,90% | 0%",,20ddías,16.738.989,16.844.798 | 16.998.755 | 17.148.439 | 17.701.554 | 18.787.114 | 0,Defensa
Calero,Málaga,0 | 0 | 0 | 0 | 0 | +11.458,"0,00% | 0,00% | 0,00% | 0,00% | 0,00% | +0,33%",,24ddías,3.513.120,3.513.120 | 3.513.120 | 3.513.120 | 3.513.120 | 3.513.120 | 3.501.662,Defensa
Joan Garcia,Barcelona,0 | 0 | 0 | 0 | 0 | +169.667,"0,00% | 0,00% | 0,00% | 0,00% | 0,00% | +0,34%",,24ddías,50.193.416,50.193.416 | 50.193.416 | 50.193.416 | 50.193.416 | 50.193.416 | 50.023.749,Portero
Akhomach,Villarreal,-161.653 | -331.658 | -522.181 | -1.051.493 | -1.051.493 | -1.025.171,"-2,26% | -4,54% | -6,96% | -13,09% | -13,09% | -12,81%",,5ddías,6.978.628,7.140.281 | 7.310.286 | 7.500.809 | 8.030.121 | 8.030.121 | 8.003.799,Delantero
Fort,Barcelona,-118.709 | -470.628 | -470.628 | -470.628 | -470.628 | -453.626,"-2,54% | -9,38% | -9,38% | -9,38% | -9,38% | -9,07%",,2ddías,4.548.748,4.667.457 | 5.019.376 | 5.019.376 | 5.019.376 | 5.019.376 | 5.002.374,Defensa
Juanmi,Getafe,-16.400 | -33.959 | -51.804 | -127.905 | -270.998 | -750.560,"-2,14% | -4,33% | -6,46% | -14,57% | -26,54% | -50,01%",,27ddías,750.152,766.552 | 784.111 | 801.956 | 878.057 | 1.021.150 | 1.500.712,Delantero
Altimira,Deportivo,-77.545 | -149.450 | -242.231 | -638.256 | -1.181.515 | -1.412.809,"-1,37% | -2,60% | -4,15% | -10,25% | -17,45% | -20,17%",,21ddías,5.590.515,5.668.060 | 5.739.965 | 5.832.746 | 6.228.771 | 6.772.030 | 7.003.324,Defensa
Manu Sánchez,Levante,0 | 0 | +55.403 | -484.326 | -484.326 | -464.664,"0,00% | 0,00% | +1,01% | -8,04% | -8,04% | -7,74%",,2ddías,5.538.185,5.538.185 | 5.538.185 | 5.482.782 | 6.022.511 | 6.022.511 | 6.002.849,Defensa
Raúl García,Osasuna,-52.070 | -109.248 | -169.067 | -438.283 | -985.181 | -2.255.400,"-2,08% | -4,27% | -6,46% | -15,19% | -28,71% | -47,96%",,27ddías,2.446.832,2.498.902 | 2.556.080 | 2.615.899 | 2.885.115 | 3.432.013 | 4.702.232,Delantero
Kike Salas,Sevilla,-106.603 | -237.762 | -376.712 | -1.068.388 | -2.191.208 | -3.959.908,"-0,88% | -1,94% | -3,03% | -8,15% | -15,39% | -24,74%",,25ddías,12.047.691,12.154.294 | 12.285.453 | 12.424.403 | 13.116.079 | 14.238.899 | 16.007.599,Defensa
F. Carreras,Real Madrid,-417.704 | -820.202 | -1.280.922 | -3.161.689 | -6.565.365 | -12.743.149,"-2,40% | -4,61% | -7,02% | -15,70% | -27,89% | -42,89%",,27ddías,16.970.958,17.388.662 | 17.791.160 | 18.251.880 | 20.132.647 | 23.536.323 | 29.714.107,Defensa
Giuliano,Atlético,-815.110 | -1.250.635 | -1.255.756 | +1.034.047 | +7.753.764 | +20.200.820,"-1,49% | -2,27% | -2,28% | +1,96% | +16,81% | +60,00%",,3ddías,53.871.651,54.686.761 | 55.122.286 | 55.127.407 | 52.837.604 | 46.117.887 | 33.670.831,Delantero
Batalla,Rayo,+785.330 | +1.609.231 | +2.302.631 | +5.370.742 | +9.828.839 | +16.850.921,"+2,18% | +4,57% | +6,66% | +17,06% | +36,36% | +84,21%",,26ddías,36.860.420,36.075.090 | 35.251.189 | 34.557.789 | 31.489.678 | 27.031.581 | 20.009.499,Portero
Romero,Sevilla,-52.060 | -121.463 | -183.769 | -507.757 | -1.258.888 | -1.812.693,"-0,83% | -1,92% | -2,88% | -7,58% | -16,90% | -22,65%",,23ddías,6.191.106,6.243.166 | 6.312.569 | 6.374.875 | 6.698.863 | 7.449.994 | 8.003.799,Delantero
Cardoso,Atlético,-226.772 | -478.749 | -736.756 | -1.768.740 | -3.922.114 | -6.846.584,"-2,70% | -5,54% | -8,28% | -17,81% | -32,46% | -45,62%",,24ddías,8.160.540,8.387.312 | 8.639.289 | 8.897.296 | 9.929.280 | 12.082.654 | 15.007.124,Mediocampista
Moriba,Celta,+182.776 | +344.920 | +475.793 | +718.044 | -735.928 | -2.672.653,"+2,00% | +3,84% | +5,37% | +8,33% | -7,31% | -22,26%",,6ddías,9.333.046,9.150.270 | 8.988.126 | 8.857.253 | 8.615.002 | 10.068.974 | 12.005.699,Mediocampista
Agoume,Sevilla,-54.036 | -73.955 | -128.674 | -337.422 | -797.403 | -675.304,"-0,92% | -1,25% | -2,16% | -5,47% | -12,04% | -10,38%",,22ddías,5.827.783,5.881.819 | 5.901.738 | 5.956.457 | 6.165.205 | 6.625.186 | 6.503.087,Mediocampista
Guedes,Real Sociedad,-1.036.938 | -2.120.407 | -3.339.581 | -8.594.638 | -10.217.252 | -10.217.252,"-2,08% | -4,17% | -6,41% | -14,98% | 0% | 0%",,12ddías,48.764.003,49.800.941 | 50.884.410 | 52.103.584 | 57.358.641 | 0 | 0,Delantero
Carlos Espí,Real Madrid,0 | 0 | 0 | 0 | 0 | 0,0% | 0% | 0% | 0% | 0% | 0%,,33ddías,3.531.129,0 | 0 | 0 | 0 | 0 | 0,Delantero
Javi López,Real Sociedad,0 | 0 | 0 | 0 | 0 | 0,0% | 0% | 0% | 0% | 0% | 0%,,33ddías,1.656.670,0 | 0 | 0 | 0 | 0 | 0,Defensa
Lemar,Atlético,0 | 0 | 0 | 0 | 0 | 0,0% | 0% | 0% | 0% | 0% | 0%,,33ddías,1.680.630,0 | 0 | 0 | 0 | 0 | 0,Mediocampista
Satriano,Getafe,0 | 0 | 0 | 0 | 0 | 0,0% | 0% | 0% | 0% | 0% | 0%,,33ddías,4.336.426,0 | 0 | 0 | 0 | 0 | 0,Delantero
Ter Stegen,Barcelona,0 | 0 | 0 | 0 | 0 | 0,0% | 0% | 0% | 0% | 0% | 0%,,33ddías,1.683.226,0 | 0 | 0 | 0 | 0 | 0,Portero
M. Alonso,Celta,0 | 0 | 0 | 0 | 0 | 0,0% | 0% | 0% | 0% | 0% | 0%,,33ddías,71.704.119,0 | 0 | 0 | 0 | 0 | 0,Defensa
Guido,Valencia,0 | 0 | 0 | 0 | 0 | 0,0% | 0% | 0% | 0% | 0% | 0%,,33ddías,1.925.541,0 | 0 | 0 | 0 | 0 | 0,Mediocampista
Vargas,Sevilla,0 | 0 | 0 | 0 | 0 | 0,0% | 0% | 0% | 0% | 0% | 0%,,33ddías,4.930.955,0 | 0 | 0 | 0 | 0 | 0,Delantero
Rincón,Athletic,0 | 0 | 0 | 0 | 0 | 0,0% | 0% | 0% | 0% | 0% | 0%,,33ddías,1.658.593,0 | 0 | 0 | 0 | 0 | 0,Defensa
Forés,Villarreal,0 | 0 | 0 | 0 | 0 | 0,0% | 0% | 0% | 0% | 0% | 0%,,33ddías,1.653.899,0 | 0 | 0 | 0 | 0 | 0,Delantero
Thiago,Villarreal,0 | 0 | 0 | 0 | 0 | 0,0% | 0% | 0% | 0% | 0% | 0%,,33ddías,1.660.575,0 | 0 | 0 | 0 | 0 | 0,Mediocampista
Bambo,Elche,0 | 0 | 0 | 0 | 0 | 0,0% | 0% | 0% | 0% | 0% | 0%,,152ddías,652.470,0 | 0 | 0 | 0 | 0 | 0,Defensa
Neyou,Getafe,0 | 0 | 0 | 0 | 0 | 0,0% | 0% | 0% | 0% | 0% | 0%,,182ddías,604.547,0 | 0 | 0 | 0 | 0 | 0,Mediocampista
Maras,Alavés,0 | 0 | 0 | 0 | 0 | 0,0% | 0% | 0% | 0% | 0% | 0%,,185ddías,590.024,0 | 0 | 0 | 0 | 0 | 0,Defensa
Goti,Real Sociedad,0 | 0 | 0 | 0 | 0 | 0,0% | 0% | 0% | 0% | 0% | 0%,,188ddías,590.263,0 | 0 | 0 | 0 | 0 | 0,Mediocampista
Diarra,Alavés,0 | 0 | 0 | 0 | 0 | 0,0% | 0% | 0% | 0% | 0% | 0%,,188ddías,591.470,0 | 0 | 0 | 0 | 0 | 0,Defensa
Ali Houary,Elche,0 | 0 | 0 | 0 | 0 | 0,0% | 0% | 0% | 0% | 0% | 0%,,192ddías,592.065,0 | 0 | 0 | 0 | 0 | 0,Delantero
Javier Hernández,Espanyol,0 | 0 | 0 | 0 | 0 | 0,0% | 0% | 0% | 0% | 0% | 0%,,206ddías,575.023,0 | 0 | 0 | 0 | 0 | 0,Delantero
Bauzà,Espanyol,0 | 0 | 0 | 0 | 0 | 0,0% | 0% | 0% | 0% | 0% | 0%,,334ddías,318.649,0 | 0 | 0 | 0 | 0 | 0,Mediocampista
Uche,Getafe,0 | 0 | 0 | 0 | 0 | 0,0% | 0% | 0% | 0% | 0% | 0%,,335ddías,12.405.015,0 | 0 | 0 | 0 | 0 | 0,Mediocampista
Pablo López,Valencia,0 | 0 | 0 | 0 | 0 | 0,0% | 0% | 0% | 0% | 0% | 0%,,335ddías,441.041,0 | 0 | 0 | 0 | 0 | 0,Delantero
Alberto Marí,Valencia,0 | 0 | 0 | 0 | 0 | 0,0% | 0% | 0% | 0% | 0% | 0%,,336ddías,787.986,0 | 0 | 0 | 0 | 0 | 0,Delantero
Novoa,Alavés,0 | 0 | 0 | 0 | 0 | 0,0% | 0% | 0% | 0% | 0% | 0%,,336ddías,661.162,0 | 0 | 0 | 0 | 0 | 0,Defensa
Pelayo,Rayo,0 | 0 | 0 | 0 | 0 | 0,0% | 0% | 0% | 0% | 0% | 0%,,336ddías,1.722.279,0 | 0 | 0 | 0 | 0 | 0,Defensa
Hinojo,Espanyol,0 | 0 | 0 | 0 | 0 | 0,0% | 0% | 0% | 0% | 0% | 0%,,340ddías,317.496,0 | 0 | 0 | 0 | 0 | 0,Defensa
Djaló,Athletic,0 | 0 | 0 | 0 | 0 | 0,0% | 0% | 0% | 0% | 0% | 0%,,371ddías,8.434.683,0 | 0 | 0 | 0 | 0 | 0,Delantero
Owono,Alavés,0 | 0 | 0 | 0 | 0 | 0,0% | 0% | 0% | 0% | 0% | 0%,,371ddías,828.372,0 | 0 | 0 | 0 | 0 | 0,Portero
Berrocal,Getafe,0 | 0 | 0 | 0 | 0 | 0,0% | 0% | 0% | 0% | 0% | 0%,,371ddías,1.058.833,0 | 0 | 0 | 0 | 0 | 0,Defensa
De Tomás,Rayo,0 | 0 | 0 | 0 | 0 | 0,0% | 0% | 0% | 0% | 0% | 0%,,375ddías,3.229.388,0 | 0 | 0 | 0 | 0 | 0,Delantero
Serred,Espanyol,0 | 0 | 0 | 0 | 0 | 0,0% | 0% | 0% | 0% | 0% | 0%,,395ddías,1.731.552,0 | 0 | 0 | 0 | 0 | 0,Portero
Córdoba,Valencia,0 | 0 | 0 | 0 | 0 | 0,0% | 0% | 0% | 0% | 0% | 0%,,395ddías,1.548.667,0 | 0 | 0 | 0 | 0 | 0,Defensa
Collado,Sevilla,0 | 0 | 0 | 0 | 0 | 0,0% | 0% | 0% | 0% | 0% | 0%,,395ddías,1.718.988,0 | 0 | 0 | 0 | 0 | 0,Mediocampista
Eneko Ortiz,Villarreal,0 | 0 | 0 | 0 | 0 | 0,0% | 0% | 0% | 0% | 0% | 0%,,395ddías,1.718.986,0 | 0 | 0 | 0 | 0 | 0,Defensa
Solà,Atlético,0 | 0 | 0 | 0 | 0 | 0,0% | 0% | 0% | 0% | 0% | 0%,,395ddías,1.640.523,0 | 0 | 0 | 0 | 0 | 0,Defensa
Gorka,Getafe,0 | 0 | 0 | 0 | 0 | 0,0% | 0% | 0% | 0% | 0% | 0%,,395ddías,1.718.986,0 | 0 | 0 | 0 | 0 | 0,Defensa
Carrillo,Celta,0 | 0 | 0 | 0 | 0 | 0,0% | 0% | 0% | 0% | 0% | 0%,,395ddías,1.567.556,0 | 0 | 0 | 0 | 0 | 0,Portero
Adrián,Alavés,0 | 0 | 0 | 0 | 0 | 0,0% | 0% | 0% | 0% | 0% | 0%,,395ddías,1.640.215,0 | 0 | 0 | 0 | 0 | 0,Portero
Canales,Athletic,0 | 0 | 0 | 0 | 0 | 0,0% | 0% | 0% | 0% | 0% | 0%,,395ddías,1.623.251,0 | 0 | 0 | 0 | 0 | 0,Delantero
Eto'o,Rayo,0 | 0 | 0 | 0 | 0 | 0,0% | 0% | 0% | 0% | 0% | 0%,,395ddías,1.718.988,0 | 0 | 0 | 0 | 0 | 0,Delantero
Raúl Jiménez,Valencia,0 | 0 | 0 | 0 | 0 | 0,0% | 0% | 0% | 0% | 0% | 0%,,395ddías,1.561.503,0 | 0 | 0 | 0 | 0 | 0,Portero
Olabarrieta,Athletic,0 | 0 | 0 | 0 | 0 | 0,0% | 0% | 0% | 0% | 0% | 0%,,395ddías,1.717.797,0 | 0 | 0 | 0 | 0 | 0,Delantero
Abril,Valencia,0 | 0 | 0 | 0 | 0 | 0,0% | 0% | 0% | 0% | 0% | 0%,,395ddías,1.728.051,0 | 0 | 0 | 0 | 0 | 0,Portero
Busto,Betis,0 | 0 | 0 | 0 | 0 | 0,0% | 0% | 0% | 0% | 0% | 0%,,395ddías,1.621.161,0 | 0 | 0 | 0 | 0 | 0,Defensa
De Llanos,Real Madrid,0 | 0 | 0 | 0 | 0 | 0,0% | 0% | 0% | 0% | 0% | 0%,,395ddías,1.622.168,0 | 0 | 0 | 0 | 0 | 0,Mediocampista
Rupérez,Real Sociedad,0 | 0 | 0 | 0 | 0 | 0,0% | 0% | 0% | 0% | 0% | 0%,,395ddías,1.626.247,0 | 0 | 0 | 0 | 0 | 0,Defensa
Balda,Real Sociedad,0 | 0 | 0 | 0 | 0 | 0,0% | 0% | 0% | 0% | 0% | 0%,,395ddías,1.718.912,0 | 0 | 0 | 0 | 0 | 0,Defensa
Santana,Valencia,0 | 0 | 0 | 0 | 0 | 0,0% | 0% | 0% | 0% | 0% | 0%,,395ddías,1.723.821,0 | 0 | 0 | 0 | 0 | 0,Delantero
Medenica,Getafe,0 | 0 | 0 | 0 | 0 | 0,0% | 0% | 0% | 0% | 0% | 0%,,395ddías,1.560.264,0 | 0 | 0 | 0 | 0 | 0,Portero
Rivas,Real Madrid,0 | 0 | 0 | 0 | 0 | 0,0% | 0% | 0% | 0% | 0% | 0%,,395ddías,1.718.751,0 | 0 | 0 | 0 | 0 | 0,Defensa
Requena,Levante,0 | 0 | 0 | 0 | 0 | 0,0% | 0% | 0% | 0% | 0% | 0%,,395ddías,1.621.683,0 | 0 | 0 | 0 | 0 | 0,Mediocampista
Cortés,Barcelona,0 | 0 | 0 | 0 | 0 | 0,0% | 0% | 0% | 0% | 0% | 0%,,395ddías,1.718.327,0 | 0 | 0 | 0 | 0 | 0,Defensa
Carlos,Atlético,0 | 0 | 0 | 0 | 0 | 0,0% | 0% | 0% | 0% | 0% | 0%,,395ddías,1.718.547,0 | 0 | 0 | 0 | 0 | 0,Defensa
Yaakobishvili,Barcelona,0 | 0 | 0 | 0 | 0 | 0,0% | 0% | 0% | 0% | 0% | 0%,,395ddías,1.639.280,0 | 0 | 0 | 0 | 0 | 0,Portero
Isra,Sevilla,0 | 0 | 0 | 0 | 0 | 0,0% | 0% | 0% | 0% | 0% | 0%,,395ddías,1.718.237,0 | 0 | 0 | 0 | 0 | 0,Delantero
Juan Cruz,Málaga,0 | 0 | 0 | 0 | 0 | 0,0% | 0% | 0% | 0% | 0% | 0%,,433ddías,19.968.443,0 | 0 | 0 | 0 | 0 | 0,Mediocampista
Morro,Rayo,0 | 0 | 0 | 0 | 0 | 0,0% | 0% | 0% | 0% | 0% | 0%,,699ddías,723.425,0 | 0 | 0 | 0 | 0 | 0,Portero
Mandi,Levante,0 | 0 | 0 | 0 | 0 | 0,0% | 0% | 0% | 0% | 0% | 0%,,716ddías,1.879.755,0 | 0 | 0 | 0 | 0 | 0,Defensa
Miguel,Alavés,0 | 0 | 0 | 0 | 0 | 0,0% | 0% | 0% | 0% | 0% | 0%,,717ddías,679.761,0 | 0 | 0 | 0 | 0 | 0,Delantero
Joseda,Alavés,0 | 0 | 0 | 0 | 0 | 0,0% | 0% | 0% | 0% | 0% | 0%,,761ddías,300.000,0 | 0 | 0 | 0 | 0 | 0,Defensa
Mario,Valencia,0 | 0 | 0 | 0 | 0 | 0,0% | 0% | 0% | 0% | 0% | 0%,,762ddías,500.000,0 | 0 | 0 | 0 | 0 | 0,Delantero
Diallo,Alavés,0 | 0 | 0 | 0 | 0 | 0,0% | 0% | 0% | 0% | 0% | 0%,,762ddías,1.000.000,0 | 0 | 0 | 0 | 0 | 0,Mediocampista
Ian Forns,Betis,0 | 0 | 0 | 0 | 0 | 0,0% | 0% | 0% | 0% | 0% | 0%,,762ddías,500.000,0 | 0 | 0 | 0 | 0 | 0,Defensa
Mendes,Alavés,0 | 0 | 0 | 0 | 0 | 0,0% | 0% | 0% | 0% | 0% | 0%,,762ddías,500.000,0 | 0 | 0 | 0 | 0 | 0,Mediocampista
Mario,Valencia,0 | 0 | 0 | 0 | 0 | 0,0% | 0% | 0% | 0% | 0% | 0%,,1ddías,760.408,0 | 0 | 0 | 0 | 0 | 0,Mediocampista