Jugador,Equipo,DiferenciaDif.,% Dif,Acel.,Tend.,Valor,Valor ant.Ant.,Posición
Karrikaburu,Real Sociedad,-11.325 | -22.970 | -33.871 | -78.592 | -181.506 | -532.592,"-1,91% | -3,80% | -5,51% | -11,92% | -23,81% | -47,83%",,39ddías,580.808,592.133 | 603.778 | 614.679 | 659.400 | 762.314 | 1.113.400,Delantero
Mikautadze,Villarreal,+988.675 | +1.782.084 | +2.867.380 | +6.819.508 | +9.849.061 | +14.956.812,"+1,62% | +2,95% | +4,84% | +12,33% | +18,84% | +31,70%",,32ddías,62.137.879,61.149.204 | 60.355.795 | 59.270.499 | 55.318.371 | 52.288.818 | 47.181.067,Delantero
Juan Hernández,Barcelona,0 | 0 | 0 | 0 | 0 | 0,"0,00% | 0,00% | 0,00% | 0,00% | 0,00% | 0,00%",,36ddías,581.760,581.760 | 581.760 | 581.760 | 581.760 | 581.760 | 581.760,Mediocampista
Adrián Pérez,Athletic,0 | 0 | 0 | 0 | 0 | 0,"0,00% | 0,00% | 0,00% | 0,00% | 0,00% | 0,00%",,36ddías,602.257,602.257 | 602.257 | 602.257 | 602.257 | 602.257 | 602.257,Delantero
Monreal,Athletic,0 | 0 | 0 | 0 | 0 | 0,"0,00% | 0,00% | 0,00% | 0,00% | 0,00% | 0,00%",,36ddías,602.257,602.257 | 602.257 | 602.257 | 602.257 | 602.257 | 602.257,Defensa
Ballestero,Alavés,0 | 0 | 0 | 0 | 0 | 0,"0,00% | 0,00% | 0,00% | 0,00% | 0,00% | 0,00%",,36ddías,602.316,602.316 | 602.316 | 602.316 | 602.316 | 602.316 | 602.316,Defensa
Aller,Barcelona,0 | 0 | 0 | 0 | 0 | 0,"0,00% | 0,00% | 0,00% | 0,00% | 0,00% | 0,00%",,36ddías,702.705,702.705 | 702.705 | 702.705 | 702.705 | 702.705 | 702.705,Portero
Martínez Bastida,Elche,0 | 0 | 0 | 0 | 0 | 0,"0,00% | 0,00% | 0,00% | 0,00% | 0,00% | 0,00%",,36ddías,602.324,602.324 | 602.324 | 602.324 | 602.324 | 602.324 | 602.324,Mediocampista
Taufik,Atlético,0 | 0 | 0 | 0 | 0 | 0,"0,00% | 0,00% | 0,00% | 0,00% | 0,00% | 0,00%",,36ddías,602.316,602.316 | 602.316 | 602.316 | 602.316 | 602.316 | 602.316,Mediocampista
Bardghji,Barcelona,-105.605 | -214.370 | -324.684 | -712.210 | -1.555.547 | -1.720.655,"-3,30% | -6,47% | -9,49% | -18,69% | -33,43% | -35,71%",,15ddías,3.097.910,3.203.515 | 3.312.280 | 3.422.594 | 3.810.120 | 4.653.457 | 4.818.565,Delantero
Adam Boayar,Elche,0 | 0 | 0 | 0 | 0 | 0,"0,00% | 0,00% | 0,00% | 0,00% | 0,00% | 0,00%",,36ddías,702.711,702.711 | 702.711 | 702.711 | 702.711 | 702.711 | 702.711,Mediocampista
Santos,Athletic,0 | 0 | 0 | 0 | 0 | 0,"0,00% | 0,00% | 0,00% | 0,00% | 0,00% | 0,00%",,36ddías,702.606,702.606 | 702.606 | 702.606 | 702.606 | 702.606 | 702.606,Portero
Laporte,Athletic,-1.279.645 | -2.636.121 | -4.061.864 | -4.595.728 | +4.218.251 | +32.078.789,"-2,27% | -4,56% | -6,85% | -7,68% | +8,27% | +138,69%",,5ddías,55.208.563,56.488.208 | 57.844.684 | 59.270.427 | 59.804.291 | 50.990.312 | 23.129.774,Defensa
Alemão,Rayo,-16.536 | -67.425 | -116.245 | -364.469 | -896.929 | -2.376.197,"-0,44% | -1,78% | -3,04% | -8,94% | -19,46% | -39,03%",,39ddías,3.711.153,3.727.689 | 3.778.578 | 3.827.398 | 4.075.622 | 4.608.082 | 6.087.350,Delantero
Diangana,Elche,-37.560 | -75.214 | -106.066 | -206.717 | -403.767 | -1.100.168,"-2,95% | -5,75% | -7,92% | -14,35% | -24,66% | -47,14%",,39ddías,1.233.618,1.271.178 | 1.308.832 | 1.339.684 | 1.440.335 | 1.637.385 | 2.333.786,Delantero
Krug,Levante,0 | 0 | 0 | 0 | 0 | 0,"0,00% | 0,00% | 0,00% | 0,00% | 0,00% | 0,00%",,36ddías,602.249,602.249 | 602.249 | 602.249 | 602.249 | 602.249 | 602.249,Defensa
Navarro,Valencia,0 | 0 | 0 | 0 | 0 | 0,"0,00% | 0,00% | 0,00% | 0,00% | 0,00% | 0,00%",,36ddías,501.909,501.909 | 501.909 | 501.909 | 501.909 | 501.909 | 501.909,Defensa
Benito,Getafe,0 | 0 | 0 | 0 | 0 | 0,"0,00% | 0,00% | 0,00% | 0,00% | 0,00% | 0,00%",,36ddías,602.319,602.319 | 602.319 | 602.319 | 602.319 | 602.319 | 602.319,Portero
Oluwaseyi,Villarreal,-51.002 | -110.898 | -172.001 | -421.025 | -970.638 | -2.735.919,"-1,77% | -3,77% | -5,73% | -12,96% | -25,55% | -49,17%",,39ddías,2.828.057,2.879.059 | 2.938.955 | 3.000.058 | 3.249.082 | 3.798.695 | 5.563.976,Delantero
Sierra,Sevilla,0 | 0 | 0 | 0 | 0 | 0,"0,00% | 0,00% | 0,00% | 0,00% | 0,00% | 0,00%",,36ddías,602.284,602.284 | 602.284 | 602.284 | 602.284 | 602.284 | 602.284,Delantero
Blázquez,Valencia,0 | 0 | 0 | 0 | 0 | 0,"0,00% | 0,00% | 0,00% | 0,00% | 0,00% | 0,00%",,36ddías,581.656,581.656 | 581.656 | 581.656 | 581.656 | 581.656 | 581.656,Delantero
Suazo,Sevilla,+4.248 | -12.685 | -22.245 | -220.346 | -799.685 | -2.605.843,"+0,08% | -0,23% | -0,41% | -3,93% | -12,93% | -32,61%",,1ddías,5.385.408,5.381.160 | 5.398.093 | 5.407.653 | 5.605.754 | 6.185.093 | 7.991.251,Defensa
Ryan,Levante,0 | 0 | 0 | 0 | 0 | 0,"0,00% | 0,00% | 0,00% | 0,00% | 0,00% | 0,00%",,36ddías,13.550.652,13.550.652 | 13.550.652 | 13.550.652 | 13.550.652 | 13.550.652 | 13.550.652,Portero
Arriaga,Levante,-44.442 | -99.304 | -147.658 | -378.639 | -891.577 | -2.535.091,"-1,67% | -3,65% | -5,33% | -12,62% | -25,37% | -49,15%",,39ddías,2.622.453,2.666.895 | 2.721.757 | 2.770.111 | 3.001.092 | 3.514.030 | 5.157.544,Mediocampista
Vlachodimos,Sevilla,+557.624 | +915.485 | +1.458.659 | +3.219.428 | +2.699.453 | +2.699.453,"+3,24% | +5,44% | +8,95% | +22,15% | +17,93% | +17,93%",,9ddías,17.755.932,17.198.308 | 16.840.447 | 16.297.273 | 14.536.504 | 15.056.479 | 15.056.479,Portero
Montero,Alavés,0 | 0 | 0 | 0 | 0 | 0,"0,00% | 0,00% | 0,00% | 0,00% | 0,00% | 0,00%",,36ddías,602.316,602.316 | 602.316 | 602.316 | 602.316 | 602.316 | 602.316,Portero
Cardoso,Sevilla,-19.202 | -41.788 | -65.116 | -162.513 | -365.355 | -1.048.208,"-2,18% | -4,63% | -7,04% | -15,89% | -29,81% | -54,93%",,39ddías,860.227,879.429 | 902.015 | 925.343 | 1.022.740 | 1.225.582 | 1.908.435,Defensa
Riedel,Espanyol,-75.547 | -161.579 | -242.774 | -493.487 | -863.201 | -863.201,"-1,60% | -3,35% | -4,95% | -9,58% | -15,64% | -15,64%",,9ddías,4.657.417,4.732.964 | 4.818.996 | 4.900.191 | 5.150.904 | 5.520.618 | 5.520.618,Defensa
Sancris,Getafe,-14.069 | -28.572 | -42.450 | -100.373 | -231.959 | -692.300,"-2,13% | -4,23% | -6,16% | -13,44% | -26,40% | -51,70%",,39ddías,646.659,660.728 | 675.231 | 689.109 | 747.032 | 878.618 | 1.338.959,Delantero
Carlos Soler,Real Sociedad,+466.598 | +583.220 | +721.473 | +436.431 | -1.296.931 | -6.409.599,"+1,51% | +1,89% | +2,35% | +1,41% | -3,96% | -16,93%",,3ddías,31.442.021,30.975.423 | 30.858.801 | 30.720.548 | 31.005.590 | 32.738.952 | 37.851.620,Mediocampista
Folgado,Real Sociedad,0 | 0 | 0 | 0 | 0 | 0,"0,00% | 0,00% | 0,00% | 0,00% | 0,00% | 0,00%",,36ddías,702.606,702.606 | 702.606 | 702.606 | 702.606 | 702.606 | 702.606,Portero
Álex Costa,Sevilla,0 | 0 | 0 | 0 | 0 | 0,"0,00% | 0,00% | 0,00% | 0,00% | 0,00% | 0,00%",,36ddías,602.284,602.284 | 602.284 | 602.284 | 602.284 | 602.284 | 602.284,Delantero
Oso,Sevilla,-458.673 | -949.652 | -949.652 | -949.652 | -949.652 | -949.652,"-3,38% | -6,76% | -6,76% | -6,76% | -6,76% | -6,76%",,2ddías,13.103.680,13.562.353 | 14.053.332 | 14.053.332 | 14.053.332 | 14.053.332 | 14.053.332,Defensa
Espart,Barcelona,0 | 0 | 0 | 0 | 0 | 0,"0,00% | 0,00% | 0,00% | 0,00% | 0,00% | 0,00%",,36ddías,702.705,702.705 | 702.705 | 702.705 | 702.705 | 702.705 | 702.705,Defensa
Aleksandrov,Getafe,0 | 0 | 0 | 0 | 0 | 0,"0,00% | 0,00% | 0,00% | 0,00% | 0,00% | 0,00%",,36ddías,602.319,602.319 | 602.319 | 602.319 | 602.319 | 602.319 | 602.319,Delantero
Nacho Pérez,Levante,0 | 0 | 0 | 0 | 0 | 0,"0,00% | 0,00% | 0,00% | 0,00% | 0,00% | 0,00%",,36ddías,581.692,581.692 | 581.692 | 581.692 | 581.692 | 581.692 | 581.692,Defensa
Dani Martínez,Atlético,0 | -35 | -3.085 | -12.991 | -39.467 | -101.997,"0,00% | -0,01% | -0,74% | -3,03% | -8,68% | -19,72%",,1ddías,415.311,415.311 | 415.346 | 418.396 | 428.302 | 454.778 | 517.308,Defensa
Joan Martínez,Real Madrid,0 | 0 | 0 | 0 | 0 | 0,"0,00% | 0,00% | 0,00% | 0,00% | 0,00% | 0,00%",,36ddías,702.622,702.622 | 702.622 | 702.622 | 702.622 | 702.622 | 702.622,Defensa
Iker Muñoz,Sevilla,0 | 0 | 0 | 0 | 0 | 0,"0,00% | 0,00% | 0,00% | 0,00% | 0,00% | 0,00%",,36ddías,602.284,602.284 | 602.284 | 602.284 | 602.284 | 602.284 | 602.284,Defensa
Oláiz,Alavés,0 | 0 | 0 | 0 | 0 | 0,"0,00% | 0,00% | 0,00% | 0,00% | 0,00% | 0,00%",,36ddías,602.316,602.316 | 602.316 | 602.316 | 602.316 | 602.316 | 602.316,Defensa
Izei,Alavés,0 | 0 | 0 | 0 | 0 | 0,"0,00% | 0,00% | 0,00% | 0,00% | 0,00% | 0,00%",,36ddías,582.010,582.010 | 582.010 | 582.010 | 582.010 | 582.010 | 582.010,Mediocampista
Aitor Mañas,Alavés,0 | 0 | 0 | 0 | 0 | 0,"0,00% | 0,00% | 0,00% | 0,00% | 0,00% | 0,00%",,36ddías,562.164,562.164 | 562.164 | 562.164 | 562.164 | 562.164 | 562.164,Delantero
Hierro,Athletic,0 | 0 | 0 | 0 | 0 | 0,"0,00% | 0,00% | 0,00% | 0,00% | 0,00% | 0,00%",,36ddías,602.257,602.257 | 602.257 | 602.257 | 602.257 | 602.257 | 602.257,Delantero
Boñar,Atlético,0 | -35 | -4.328 | -19.744 | -58.320 | -169.954,"0,00% | -0,01% | -0,96% | -4,25% | -11,58% | -27,63%",,1ddías,445.140,445.140 | 445.175 | 449.468 | 464.884 | 503.460 | 615.094,Defensa
Carlos Macià,Villarreal,0 | 0 | 0 | 0 | 0 | 0,"0,00% | 0,00% | 0,00% | 0,00% | 0,00% | 0,00%",,36ddías,803.057,803.057 | 803.057 | 803.057 | 803.057 | 803.057 | 803.057,Mediocampista
Puric,Atlético,0 | -35 | -3.900 | -17.420 | -51.830 | -153.221,"0,00% | -0,01% | -0,89% | -3,85% | -10,65% | -26,05%",,1ddías,434.872,434.872 | 434.907 | 438.772 | 452.292 | 486.702 | 588.093,Defensa
Marqués,Barcelona,0 | 0 | 0 | 0 | 0 | 0,"0,00% | 0,00% | 0,00% | 0,00% | 0,00% | 0,00%",,36ddías,602.319,602.319 | 602.319 | 602.319 | 602.319 | 602.319 | 602.319,Defensa
Arcos,Celta,0 | 0 | 0 | 0 | 0 | 0,"0,00% | 0,00% | 0,00% | 0,00% | 0,00% | 0,00%",,36ddías,602.257,602.257 | 602.257 | 602.257 | 602.257 | 602.257 | 602.257,Mediocampista
Cestero,Real Madrid,0 | 0 | 0 | 0 | 0 | 0,"0,00% | 0,00% | 0,00% | 0,00% | 0,00% | 0,00%",,36ddías,602.234,602.234 | 602.234 | 602.234 | 602.234 | 602.234 | 602.234,Mediocampista
Montes,Getafe,0 | 0 | 0 | 0 | 0 | 0,"0,00% | 0,00% | 0,00% | 0,00% | 0,00% | 0,00%",,36ddías,602.319,602.319 | 602.319 | 602.319 | 602.319 | 602.319 | 602.319,Defensa
Ferran,Espanyol,0 | 0 | 0 | 0 | 0 | 0,"0,00% | 0,00% | 0,00% | 0,00% | 0,00% | 0,00%",,36ddías,602.248,602.248 | 602.248 | 602.248 | 602.248 | 602.248 | 602.248,Mediocampista
Unai Santos,Osasuna,0 | 0 | 0 | 0 | 0 | 0,"0,00% | 0,00% | 0,00% | 0,00% | 0,00% | 0,00%",,36ddías,602.319,602.319 | 602.319 | 602.319 | 602.319 | 602.319 | 602.319,Defensa
Carrera,Real Sociedad,0 | 0 | 0 | 0 | 0 | 0,"0,00% | 0,00% | 0,00% | 0,00% | 0,00% | 0,00%",,36ddías,702.633,702.633 | 702.633 | 702.633 | 702.633 | 702.633 | 702.633,Delantero
Javi Navarro,Real Madrid,0 | 0 | 0 | 0 | 0 | 0,"0,00% | 0,00% | 0,00% | 0,00% | 0,00% | 0,00%",,36ddías,702.622,702.622 | 702.622 | 702.622 | 702.622 | 702.622 | 702.622,Portero
Meixús,Celta,0 | 0 | 0 | 0 | 0 | 0,"0,00% | 0,00% | 0,00% | 0,00% | 0,00% | 0,00%",,36ddías,485.372,485.372 | 485.372 | 485.372 | 485.372 | 485.372 | 485.372,Defensa
Beitia,Real Sociedad,0 | 0 | 0 | 0 | 0 | 0,"0,00% | 0,00% | 0,00% | 0,00% | 0,00% | 0,00%",,36ddías,501.861,501.861 | 501.861 | 501.861 | 501.861 | 501.861 | 501.861,Defensa
Lebarbier,Real Sociedad,0 | 0 | 0 | 0 | 0 | 0,"0,00% | 0,00% | 0,00% | 0,00% | 0,00% | 0,00%",,36ddías,602.234,602.234 | 602.234 | 602.234 | 602.234 | 602.234 | 602.234,Defensa
Barry,Villarreal,0 | 0 | 0 | 0 | 0 | 0,"0,00% | 0,00% | 0,00% | 0,00% | 0,00% | 0,00%",,36ddías,602.292,602.292 | 602.292 | 602.292 | 602.292 | 602.292 | 602.292,Mediocampista
Delgado,Elche,0 | 0 | 0 | 0 | 0 | 0,"0,00% | 0,00% | 0,00% | 0,00% | 0,00% | 0,00%",,36ddías,602.324,602.324 | 602.324 | 602.324 | 602.324 | 602.324 | 602.324,Defensa
Álvaro,Villarreal,0 | 0 | 0 | 0 | 0 | 0,"0,00% | 0,00% | 0,00% | 0,00% | 0,00% | 0,00%",,36ddías,501.929,501.929 | 501.929 | 501.929 | 501.929 | 501.929 | 501.929,Defensa
Selton,Athletic,0 | 0 | 0 | 0 | 0 | 0,"0,00% | 0,00% | 0,00% | 0,00% | 0,00% | 0,00%",,36ddías,602.257,602.257 | 602.257 | 602.257 | 602.257 | 602.257 | 602.257,Mediocampista
Óscar Marcos,Celta,0 | 0 | 0 | 0 | 0 | 0,"0,00% | 0,00% | 0,00% | 0,00% | 0,00% | 0,00%",,36ddías,602.257,602.257 | 602.257 | 602.257 | 602.257 | 602.257 | 602.257,Delantero
Rosón,Levante,0 | 0 | 0 | 0 | 0 | 0,"0,00% | 0,00% | 0,00% | 0,00% | 0,00% | 0,00%",,36ddías,602.249,602.249 | 602.249 | 602.249 | 602.249 | 602.249 | 602.249,Mediocampista
Al Lal,Elche,0 | 0 | 0 | 0 | 0 | 0,"0,00% | 0,00% | 0,00% | 0,00% | 0,00% | 0,00%",,36ddías,501.936,501.936 | 501.936 | 501.936 | 501.936 | 501.936 | 501.936,Delantero
Yassin,Getafe,0 | 0 | 0 | 0 | 0 | 0,"0,00% | 0,00% | 0,00% | 0,00% | 0,00% | 0,00%",,36ddías,501.932,501.932 | 501.932 | 501.932 | 501.932 | 501.932 | 501.932,Defensa
Marchal,Real Sociedad,0 | 0 | 0 | 0 | 0 | 0,"0,00% | 0,00% | 0,00% | 0,00% | 0,00% | 0,00%",,36ddías,602.234,602.234 | 602.234 | 602.234 | 602.234 | 602.234 | 602.234,Mediocampista
Panach,Valencia,0 | 0 | 0 | 0 | 0 | 0,"0,00% | 0,00% | 0,00% | 0,00% | 0,00% | 0,00%",,36ddías,501.909,501.909 | 501.909 | 501.909 | 501.909 | 501.909 | 501.909,Defensa
Jurado,Valencia,0 | 0 | 0 | 0 | 0 | 0,"0,00% | 0,00% | 0,00% | 0,00% | 0,00% | 0,00%",,36ddías,602.292,602.292 | 602.292 | 602.292 | 602.292 | 602.292 | 602.292,Defensa
Nakoha,Levante,0 | 0 | 0 | 0 | 0 | 0,"0,00% | 0,00% | 0,00% | 0,00% | 0,00% | 0,00%",,36ddías,501.874,501.874 | 501.874 | 501.874 | 501.874 | 501.874 | 501.874,Defensa
Altozano,Sevilla,0 | 0 | 0 | 0 | 0 | 0,"0,00% | 0,00% | 0,00% | 0,00% | 0,00% | 0,00%",,36ddías,602.284,602.284 | 602.284 | 602.284 | 602.284 | 602.284 | 602.284,Mediocampista
Corralejo,Betis,0 | 0 | 0 | 0 | 0 | 0,"0,00% | 0,00% | 0,00% | 0,00% | 0,00% | 0,00%",,36ddías,602.248,602.248 | 602.248 | 602.248 | 602.248 | 602.248 | 602.248,Mediocampista
Kita,R. Sociedad B,0 | 0 | 0 | 0 | 0 | 0,"0,00% | 0,00% | 0,00% | 0,00% | 0,00% | 0,00%",,36ddías,602.234,602.234 | 602.234 | 602.234 | 602.234 | 602.234 | 602.234,Defensa
Ruggeri,Atlético,-126.039 | -275.462 | -419.512 | -958.576 | -1.509.622 | -3.430.285,"-2,00% | -4,26% | -6,35% | -13,42% | -19,62% | -35,68%",,33ddías,6.183.203,6.309.242 | 6.458.665 | 6.602.715 | 7.141.779 | 7.692.825 | 9.613.488,Defensa
Á. Núñez,Celta,-49.245 | -109.042 | -164.877 | -429.811 | -1.001.713 | -2.734.625,"-1,31% | -2,85% | -4,25% | -10,38% | -21,25% | -42,42%",,36ddías,3.711.831,3.761.076 | 3.820.873 | 3.876.708 | 4.141.642 | 4.713.544 | 6.446.456,Defensa
Santiago,Elche,-10.271 | -20.817 | -30.575 | -70.225 | -162.003 | -476.107,"-1,82% | -3,61% | -5,22% | -11,22% | -22,58% | -46,15%",,39ddías,555.512,565.783 | 576.329 | 586.087 | 625.737 | 717.515 | 1.031.619,Mediocampista
Aguado,Elche,+5.891 | -3.637 | -13.469 | -77.058 | -301.504 | -1.617.463,"+0,17% | -0,10% | -0,39% | -2,16% | -7,97% | -31,71%",,1ddías,3.483.594,3.477.703 | 3.487.231 | 3.497.063 | 3.560.652 | 3.785.098 | 5.101.057,Mediocampista
Sivera,Alavés,+298.947 | +469.259 | +929.865 | +3.486.120 | +8.577.707 | +15.204.878,"+0,96% | +1,52% | +3,05% | +12,49% | +37,61% | +93,96%",,37ddías,31.386.805,31.087.858 | 30.917.546 | 30.456.940 | 27.900.685 | 22.809.098 | 16.181.927,Portero
Iván Romero,Levante,+112.117 | +207.455 | +306.863 | +291.922 | +58.392 | -781.355,"+1,59% | +2,98% | +4,47% | +4,24% | +0,82% | -9,83%",,4ddías,7.170.451,7.058.334 | 6.962.996 | 6.863.588 | 6.878.529 | 7.112.059 | 7.951.806,Delantero
Salinas,Málaga,-29.519 | -52.598 | -52.598 | -52.598 | -52.598 | -476.955,"-2,82% | -4,92% | -4,92% | -4,92% | -4,92% | -31,92%",,2ddías,1.017.472,1.046.991 | 1.070.070 | 1.070.070 | 1.070.070 | 1.070.070 | 1.494.427,Defensa
Huijsen,Real Madrid,+738.023 | +1.001.898 | +1.082.064 | -787.956 | -4.377.423 | -11.904.114,"+2,40% | +3,29% | +3,56% | -2,44% | -12,22% | -27,46%",,3ddías,31.445.591,30.707.568 | 30.443.693 | 30.363.527 | 32.233.547 | 35.823.014 | 43.349.705,Defensa
Febas,Celta,+364.122 | +642.933 | +849.533 | +618.614 | -1.058.370 | -1.058.370,"+1,54% | +2,75% | +3,66% | +2,64% | -4,22% | -4,22%",,4ddías,24.038.518,23.674.396 | 23.395.585 | 23.188.985 | 23.419.904 | 25.096.888 | 25.096.888,Mediocampista
Alexander-Arnold,Real Madrid,-317.781 | -654.999 | -920.834 | -1.978.506 | -4.092.061 | -12.251.102,"-1,35% | -2,74% | -3,81% | -7,85% | -14,98% | -34,54%",,39ddías,23.220.320,23.538.101 | 23.875.319 | 24.141.154 | 25.198.826 | 27.312.381 | 35.471.422,Defensa
Jonny,Alavés,+1.855 | -31.516 | -47.691 | -261.165 | -674.820 | -2.805.008,"+0,03% | -0,57% | -0,87% | -4,56% | -10,99% | -33,92%",,1ddías,5.463.256,5.461.401 | 5.494.772 | 5.510.947 | 5.724.421 | 6.138.076 | 8.268.264,Defensa
Luiz Felipe,Rayo,0 | 0 | 0 | 0 | 0 | 0,"0,00% | 0,00% | 0,00% | 0,00% | 0,00% | 0,00%",,36ddías,4.115.277,4.115.277 | 4.115.277 | 4.115.277 | 4.115.277 | 4.115.277 | 4.115.277,Defensa
Hancko,Atlético,+747.927 | +1.513.419 | +2.390.876 | +5.556.587 | +6.871.109 | +611.215,"+2,03% | +4,19% | +6,78% | +17,32% | +22,33% | +1,65%",,11ddías,37.638.634,36.890.707 | 36.125.215 | 35.247.758 | 32.082.047 | 30.767.525 | 37.027.419,Defensa
Fortea,Real Madrid,0 | 0 | 0 | 0 | 0 | 0,"0,00% | 0,00% | 0,00% | 0,00% | 0,00% | 0,00%",,36ddías,802.099,802.099 | 802.099 | 802.099 | 802.099 | 802.099 | 802.099,Defensa
Jutglà,Celta,+99.158 | +126.466 | +258.311 | +206.590 | -161.579 | -2.903.519,"+1,07% | +1,37% | +2,83% | +2,25% | -1,69% | -23,65%",,4ddías,9.374.049,9.274.891 | 9.247.583 | 9.115.738 | 9.167.459 | 9.535.628 | 12.277.568,Delantero
Affengruber,Elche,-103.937 | -137.499 | +43.407 | +1.395.333 | +5.836.460 | +13.851.895,"-0,31% | -0,41% | +0,13% | +4,37% | +21,26% | +71,25%",,2ddías,33.293.715,33.397.652 | 33.431.214 | 33.250.308 | 31.898.382 | 27.457.255 | 19.441.820,Defensa
John ChetauyaJohn C.,Elche,-14.431 | -31.281 | -47.604 | -112.752 | -261.855 | -795.020,"-2,01% | -4,26% | -6,35% | -13,83% | -27,15% | -53,09%",,39ddías,702.609,717.040 | 733.890 | 750.213 | 815.361 | 964.464 | 1.497.629,Defensa
Valentín Gómez,Betis,-23.493 | -58.790 | -90.157 | -234.072 | -534.098 | -1.556.127,"-1,29% | -3,17% | -4,78% | -11,52% | -22,90% | -46,40%",,39ddías,1.797.786,1.821.279 | 1.856.576 | 1.887.943 | 2.031.858 | 2.331.884 | 3.353.913,Defensa
Swiderski,Alavés,0 | 0 | 0 | 0 | 0 | 0,"0,00% | 0,00% | 0,00% | 0,00% | 0,00% | 0,00%",,36ddías,602.316,602.316 | 602.316 | 602.316 | 602.316 | 602.316 | 602.316,Portero
D. Aguado,Real Madrid,0 | 0 | 0 | 0 | 0 | 0,"0,00% | 0,00% | 0,00% | 0,00% | 0,00% | 0,00%",,36ddías,774.109,774.109 | 774.109 | 774.109 | 774.109 | 774.109 | 774.109,Defensa
Fran González,Sevilla,+80 | -2.444 | -3.414 | -30.649 | -30.649 | -30.649,"+0,01% | -0,36% | -0,51% | -4,36% | -4,36% | -4,36%",,1ddías,671.973,671.893 | 674.417 | 675.387 | 702.622 | 702.622 | 702.622,Portero
Mariezkurrena,Real Sociedad,0 | 0 | 0 | 0 | 0 | 0,"0,00% | 0,00% | 0,00% | 0,00% | 0,00% | 0,00%",,36ddías,677.966,677.966 | 677.966 | 677.966 | 677.966 | 677.966 | 677.966,Delantero
Castrín,Sevilla,-157.419 | -325.762 | -325.762 | -325.762 | -325.762 | -325.762,"-3,38% | -6,75% | -6,75% | -6,75% | -6,75% | -6,75%",,2ddías,4.497.254,4.654.673 | 4.823.016 | 4.823.016 | 4.823.016 | 4.823.016 | 4.823.016,Defensa
Rafa,Sevilla,0 | 0 | 0 | 0 | 0 | 0,"0,00% | 0,00% | 0,00% | 0,00% | 0,00% | 0,00%",,36ddías,602.257,602.257 | 602.257 | 602.257 | 602.257 | 602.257 | 602.257,Portero
Diatta,Villarreal,0 | 0 | 0 | 0 | 0 | 0,"0,00% | 0,00% | 0,00% | 0,00% | 0,00% | 0,00%",,36ddías,581.656,581.656 | 581.656 | 581.656 | 581.656 | 581.656 | 581.656,Mediocampista
Pablo García,Betis,0 | 0 | 0 | 0 | 0 | 0,"0,00% | 0,00% | 0,00% | 0,00% | 0,00% | 0,00%",,36ddías,2.509.371,2.509.371 | 2.509.371 | 2.509.371 | 2.509.371 | 2.509.371 | 2.509.371,Delantero
Bambo,Elche,-16.002 | -42.639 | -69.955 | -186.984 | +448.905 | +448.905,"-1,43% | -3,72% | -5,96% | -14,49% | 0% | 0%",,11ddías,1.103.370,1.119.372 | 1.146.009 | 1.173.325 | 1.290.354 | 0 | 0,Defensa
Bekhoucha,Getafe,0 | 0 | 0 | 0 | 0 | 0,"0,00% | 0,00% | 0,00% | 0,00% | 0,00% | 0,00%",,36ddías,1.104.254,1.104.254 | 1.104.254 | 1.104.254 | 1.104.254 | 1.104.254 | 1.104.254,Defensa
Arguibide,Osasuna,0 | 0 | 0 | 0 | 0 | 0,"0,00% | 0,00% | 0,00% | 0,00% | 0,00% | 0,00%",,36ddías,582.013,582.013 | 582.013 | 582.013 | 582.013 | 582.013 | 582.013,Defensa
Molina,Rayo,0 | 0 | 0 | 0 | 0 | 0,"0,00% | 0,00% | 0,00% | 0,00% | 0,00% | 0,00%",,36ddías,602.234,602.234 | 602.234 | 602.234 | 602.234 | 602.234 | 602.234,Portero
Fortuny,Real Madrid,0 | 0 | 0 | 0 | 0 | 0,"0,00% | 0,00% | 0,00% | 0,00% | 0,00% | 0,00%",,36ddías,602.234,602.234 | 602.234 | 602.234 | 602.234 | 602.234 | 602.234,Mediocampista
Youssef,Alavés,+4.432 | +1.655 | -254 | -20.799 | -76.583 | -257.216,"+0,90% | +0,33% | -0,05% | -4,02% | -13,37% | -34,14%",,1ddías,496.106,491.674 | 494.451 | 496.360 | 516.905 | 572.689 | 753.322,Defensa
Vencedor,Athletic,0 | 0 | 0 | 0 | 0 | 0,"0,00% | 0,00% | 0,00% | 0,00% | 0,00% | 0,00%",,36ddías,2.208.253,2.208.253 | 2.208.253 | 2.208.253 | 2.208.253 | 2.208.253 | 2.208.253,Mediocampista
Martim Neto,Elche,-20.907 | -46.158 | -69.287 | -167.393 | -399.921 | -908.199,"-1,23% | -2,68% | -3,97% | -9,09% | -19,28% | -35,17%",,39ddías,1.674.425,1.695.332 | 1.720.583 | 1.743.712 | 1.841.818 | 2.074.346 | 2.582.624,Mediocampista
Deossa,Betis,+44.875 | +71.247 | +111.926 | +231.034 | -4.052 | -1.071.821,"+2,23% | +3,59% | +5,75% | +12,65% | -0,20% | -34,25%",,8ddías,2.057.877,2.013.002 | 1.986.630 | 1.945.951 | 1.826.843 | 2.061.929 | 3.129.698,Mediocampista
Veiga,Villarreal,-599.295 | -1.360.795 | -2.188.284 | -4.114.425 | -769.995 | +11.393.472,"-1,48% | -3,29% | -5,18% | -9,32% | -1,89% | +39,80%",,7ddías,40.023.529,40.622.824 | 41.384.324 | 42.211.813 | 44.137.954 | 40.793.524 | 28.630.057,Defensa
Radu,Celta,-349.911 | -604.998 | -505.010 | +1.022.550 | +6.353.084 | +16.670.057,"-0,87% | -1,50% | -1,26% | +2,64% | +19,04% | +72,35%",,2ddías,39.711.707,40.061.618 | 40.316.705 | 40.216.717 | 38.689.157 | 33.358.623 | 23.041.650,Portero
Toljan,Levante,-41.157 | -108.854 | -184.213 | -364.428 | -689.172 | -2.323.176,"-0,95% | -2,48% | -4,12% | -7,83% | -13,84% | -35,14%",,37ddías,4.288.618,4.329.775 | 4.397.472 | 4.472.831 | 4.653.046 | 4.977.790 | 6.611.794,Defensa
Carlos Espí,Real Madrid,+245.191 | +405.134 | +544.088 | +5.073.301 | +5.073.301 | +5.073.301,"+2,93% | +4,94% | +6,75% | 0% | 0% | 0%",,3ddías,8.604.430,8.359.239 | 8.199.296 | 8.060.342 | 0 | 0 | 0,Delantero
Cortés,Levante,0 | 0 | 0 | 0 | 0 | 0,"0,00% | 0,00% | 0,00% | 0,00% | 0,00% | 0,00%",,36ddías,803.000,803.000 | 803.000 | 803.000 | 803.000 | 803.000 | 803.000,Delantero
Primo,Levante,0 | 0 | 0 | 0 | 0 | 0,"0,00% | 0,00% | 0,00% | 0,00% | 0,00% | 0,00%",,36ddías,1.104.126,1.104.126 | 1.104.126 | 1.104.126 | 1.104.126 | 1.104.126 | 1.104.126,Portero
Vertrouwd,Rayo,0 | 0 | 0 | 0 | 0 | 0,"0,00% | 0,00% | 0,00% | 0,00% | 0,00% | 0,00%",,36ddías,1.003.725,1.003.725 | 1.003.725 | 1.003.725 | 1.003.725 | 1.003.725 | 1.003.725,Defensa
Becerra,Rayo,0 | 0 | 0 | 0 | 0 | 0,"0,00% | 0,00% | 0,00% | 0,00% | 0,00% | 0,00%",,36ddías,581.700,581.700 | 581.700 | 581.700 | 581.700 | 581.700 | 581.700,Mediocampista
Rueda,Celta,+129.311 | +220.163 | +320.023 | +487.665 | +376.570 | -496.306,"+3,22% | +5,62% | +8,38% | +13,35% | +10,01% | -10,71%",,8ddías,4.139.880,4.010.569 | 3.919.717 | 3.819.857 | 3.652.215 | 3.763.310 | 4.636.186,Defensa
Víctor García,Levante,-26.936 | -73.693 | -114.774 | -332.410 | -817.221 | -2.407.729,"-1,31% | -3,50% | -5,35% | -14,07% | -28,71% | -54,26%",,39ddías,2.029.455,2.056.391 | 2.103.148 | 2.144.229 | 2.361.865 | 2.846.676 | 4.437.184,Defensa
Niculaesei,Elche,0 | 0 | 0 | 0 | 0 | 0,"0,00% | 0,00% | 0,00% | 0,00% | 0,00% | 0,00%",,36ddías,803.099,803.099 | 803.099 | 803.099 | 803.099 | 803.099 | 803.099,Defensa
Mendoza,Atlético,-2.580 | -9.910 | -16.083 | -48.824 | -125.998 | -462.010,"-0,30% | -1,15% | -1,85% | -5,41% | -12,85% | -35,10%",,39ddías,854.445,857.025 | 864.355 | 870.528 | 903.269 | 980.443 | 1.316.455,Mediocampista
Echegoyen,Osasuna,0 | 0 | 0 | 0 | 0 | 0,"0,00% | 0,00% | 0,00% | 0,00% | 0,00% | 0,00%",,36ddías,562.286,562.286 | 562.286 | 562.286 | 562.286 | 562.286 | 562.286,Mediocampista
Josan,Elche,-34.342 | -71.428 | -71.428 | -71.428 | -71.428 | -71.428,"-2,94% | -5,93% | -5,93% | -5,93% | -5,93% | -5,93%",,2ddías,1.133.222,1.167.564 | 1.204.650 | 1.204.650 | 1.204.650 | 1.204.650 | 1.204.650,Mediocampista
Davinchi,Getafe,+116.743 | -89.705 | -89.705 | -89.705 | -89.705 | -89.705,"+4,16% | -2,98% | -2,98% | -2,98% | -2,98% | -2,98%",,1ddías,2.921.898,2.805.155 | 3.011.603 | 3.011.603 | 3.011.603 | 3.011.603 | 3.011.603,Defensa
Thiago,Real Madrid,0 | 0 | 0 | 0 | 0 | 0,"0,00% | 0,00% | 0,00% | 0,00% | 0,00% | 0,00%",,36ddías,7.026.082,7.026.082 | 7.026.082 | 7.026.082 | 7.026.082 | 7.026.082 | 7.026.082,Mediocampista
Pablo CamposCuñat Campos,Levante,-18.059 | -36.409 | -56.152 | -143.968 | -167.896 | -405.242,"-1,64% | -3,24% | -4,92% | -11,70% | -13,39% | -27,17%",,12ddías,1.086.146,1.104.205 | 1.122.555 | 1.142.298 | 1.230.114 | 1.254.042 | 1.491.388,Portero
Joselu,Getafe,0 | 0 | 0 | 0 | 0 | 0,"0,00% | 0,00% | 0,00% | 0,00% | 0,00% | 0,00%",,36ddías,602.319,602.319 | 602.319 | 602.319 | 602.319 | 602.319 | 602.319,Delantero
Junior,Betis,-60.136 | -132.096 | -207.786 | -514.121 | -1.223.549 | -3.390.133,"-1,67% | -3,60% | -5,55% | -12,68% | -25,69% | -48,92%",,39ddías,3.539.407,3.599.543 | 3.671.503 | 3.747.193 | 4.053.528 | 4.762.956 | 6.929.540,Defensa
Gorrotxategi,Real Sociedad,-179.824 | -375.056 | -565.405 | -1.357.434 | -2.354.262 | -4.139.676,"-2,68% | -5,43% | -7,96% | -17,19% | -26,48% | -38,77%",,32ddías,6.537.125,6.716.949 | 6.912.181 | 7.102.530 | 7.894.559 | 8.891.387 | 10.676.801,Mediocampista
Dituro,Elche,+138.889 | +270.794 | +436.957 | +727.554 | +563.065 | -372.950,"+1,94% | +3,85% | +6,37% | +11,07% | +8,36% | -4,86%",,8ddías,7.297.239,7.158.350 | 7.026.445 | 6.860.282 | 6.569.685 | 6.734.174 | 7.670.189,Portero
Dolan,Espanyol,+1.912 | -27.493 | -61.713 | -303.355 | -891.871 | -2.624.822,"+0,03% | -0,45% | -1,01% | -4,80% | -12,90% | -30,36%",,1ddías,6.020.037,6.018.125 | 6.047.530 | 6.081.750 | 6.323.392 | 6.911.908 | 8.644.859,Delantero
Roger BruguéBrugui,Levante,-75.923 | -156.271 | -235.426 | -521.992 | -1.112.056 | -3.093.927,"-3,16% | -6,29% | -9,18% | -18,32% | -32,33% | -57,06%",,40ddías,2.327.863,2.403.786 | 2.484.134 | 2.563.289 | 2.849.855 | 3.439.919 | 5.421.790,Delantero
Jorge Cabello,Levante,-19.253 | -42.633 | -65.759 | -164.688 | -386.405 | +277.655,"-2,20% | -4,75% | -7,15% | -16,16% | -31,14% | 0%",,16ddías,854.531,873.784 | 897.164 | 920.290 | 1.019.219 | 1.240.936 | 0,Defensa
C. Álvarez,Levante,+55.080 | +139.757 | +276.839 | +1.276.475 | +3.486.550 | +8.433.038,"+0,28% | +0,72% | +1,43% | +6,94% | +21,53% | +75,00%",,38ddías,19.677.585,19.622.505 | 19.537.828 | 19.400.746 | 18.401.110 | 16.191.035 | 11.244.547,Mediocampista
Oriol Rey,Levante,-11.250 | -28.165 | -45.936 | -115.752 | -282.347 | -838.706,"-1,49% | -3,66% | -5,83% | -13,50% | -27,56% | -53,06%",,39ddías,741.966,753.216 | 770.131 | 787.902 | 857.718 | 1.024.313 | 1.580.672,Mediocampista
Ugrinic,Valencia,-19.932 | -67.670 | -93.042 | -397.863 | -1.196.004 | -3.520.368,"-0,52% | -1,73% | -2,37% | -9,40% | -23,77% | -47,85%",,37ddías,3.836.513,3.856.445 | 3.904.183 | 3.929.555 | 4.234.376 | 5.032.517 | 7.356.881,Mediocampista
Manu Fernández,Celta,-3.954 | -7.921 | -10.824 | -20.077 | -45.122 | -111.782,"-0,97% | -1,92% | -2,61% | -4,74% | -10,05% | -21,68%",,39ddías,403.898,407.852 | 411.819 | 414.722 | 423.975 | 449.020 | 515.680,Defensa
Bigas,Elche,-127.614 | -265.936 | -411.549 | -971.693 | -2.040.488 | -3.999.456,"-2,35% | -4,78% | -7,21% | -15,50% | -27,80% | -43,02%",,34ddías,5.298.333,5.425.947 | 5.564.269 | 5.709.882 | 6.270.026 | 7.338.821 | 9.297.789,Defensa
Redondo,Elche,-14.623 | -32.419 | -48.606 | -137.202 | -341.487 | -1.021.489,"-1,61% | -3,51% | -5,17% | -13,34% | -27,70% | -53,40%",,39ddías,891.334,905.957 | 923.753 | 939.940 | 1.028.536 | 1.232.821 | 1.912.823,Mediocampista
Pinillos,Alavés,0 | 0 | 0 | 0 | 0 | 0,"0,00% | 0,00% | 0,00% | 0,00% | 0,00% | 0,00%",,36ddías,501.929,501.929 | 501.929 | 501.929 | 501.929 | 501.929 | 501.929,Mediocampista
Rego,Athletic,0 | 0 | 0 | 0 | 0 | 0,"0,00% | 0,00% | 0,00% | 0,00% | 0,00% | 0,00%",,36ddías,5.018.825,5.018.825 | 5.018.825 | 5.018.825 | 5.018.825 | 5.018.825 | 5.018.825,Defensa
Esquivel,Atlético,0 | 0 | 0 | 0 | 0 | 0,"0,00% | 0,00% | 0,00% | 0,00% | 0,00% | 0,00%",,36ddías,602.292,602.292 | 602.292 | 602.292 | 602.292 | 602.292 | 602.292,Portero
Torrents,Barcelona,0 | 0 | 0 | 0 | 0 | 0,"0,00% | 0,00% | 0,00% | 0,00% | 0,00% | 0,00%",,36ddías,602.319,602.319 | 602.319 | 602.319 | 602.319 | 602.319 | 602.319,Defensa
Tunde,Levante,0 | 0 | 0 | 0 | 0 | 0,"0,00% | 0,00% | 0,00% | 0,00% | 0,00% | 0,00%",,36ddías,8.531.892,8.531.892 | 8.531.892 | 8.531.892 | 8.531.892 | 8.531.892 | 8.531.892,Mediocampista
Astiazaran,R. Sociedad B,0 | 0 | 0 | 0 | 0 | 0,"0,00% | 0,00% | 0,00% | 0,00% | 0,00% | 0,00%",,36ddías,602.257,602.257 | 602.257 | 602.257 | 602.257 | 602.257 | 602.257,Mediocampista
Juanpe,Rayo,0 | 0 | 0 | 0 | 0 | 0,"0,00% | 0,00% | 0,00% | 0,00% | 0,00% | 0,00%",,36ddías,602.234,602.234 | 602.234 | 602.234 | 602.234 | 602.234 | 602.234,Portero
Arana,Racing,-10.077 | -18.812 | -30.963 | -84.128 | -169.953 | -492.453,"-1,24% | -2,30% | -3,73% | -9,52% | -17,53% | -38,11%",,39ddías,799.626,809.703 | 818.438 | 830.589 | 883.754 | 969.579 | 1.292.079,Delantero
Aubameyang,Deportivo,+1.236.028 | +2.208.836 | +3.529.236 | +8.738.927 | +17.623.118 | 0,"+4,19% | +7,75% | +12,99% | +39,78% | +134,70% | 0%",,15ddías,30.706.228,29.470.200 | 28.497.392 | 27.176.992 | 21.967.301 | 13.083.110 | 0,Delantero
Konaté,Real Madrid,+478.376 | +1.123.794 | +2.140.742 | +7.880.603 | +18.738.427 | 0,"+0,99% | +2,35% | +4,57% | +19,15% | +61,85% | 0%",,16ddías,49.032.926,48.554.550 | 47.909.132 | 46.892.184 | 41.152.323 | 30.294.499 | 0,Defensa
Cucurella,Real Madrid,-675.616 | -807.783 | +18.386 | +8.196.086 | +28.946.332 | 0,"-0,80% | -0,96% | +0,02% | +10,91% | +53,22% | 0%",,2ddías,83.341.148,84.016.764 | 84.148.931 | 83.322.762 | 75.145.062 | 54.394.816 | 0,Defensa
Hartman,Espanyol,-154.961 | -348.548 | -540.237 | -1.111.269 | -2.500.729 | 0,"-1,68% | -3,71% | -5,63% | -10,93% | -21,65% | 0%",,23ddías,9.052.099,9.207.060 | 9.400.647 | 9.592.336 | 10.163.368 | 11.552.828 | 0,Defensa
Dumfries,Real Madrid,-1.288.793 | -2.797.611 | -4.237.414 | -6.828.830 | +844.473 | 0,"-2,13% | -4,51% | -6,67% | -10,34% | +1,45% | 0%",,6ddías,59.244.905,60.533.698 | 62.042.516 | 63.482.319 | 66.073.735 | 58.400.432 | 0,Defensa
Yeremay,Deportivo,-1.306.004 | -2.613.003 | -3.877.164 | -6.040.605 | +690.630 | 0,"-2,41% | -4,71% | -6,84% | -10,26% | +1,33% | 0%",,6ddías,52.808.434,54.114.438 | 55.421.437 | 56.685.598 | 58.849.039 | 52.117.804 | 0,Delantero
Larrubia,Málaga,-602.312 | -868.235 | -478.540 | +3.078.524 | +12.506.526 | +27.036.571,"-1,07% | -1,54% | -0,86% | +5,88% | +29,12% | +95,12%",,2ddías,55.461.422,56.063.734 | 56.329.657 | 55.939.962 | 52.382.898 | 42.954.896 | 28.424.851,Mediocampista
Chupete,Málaga,-749.759 | -1.383.053 | -1.259.561 | +2.352.584 | +11.472.000 | +28.276.974,"-1,41% | -2,57% | -2,35% | +4,70% | +28,00% | +117,01%",,2ddías,52.443.553,53.193.312 | 53.826.606 | 53.703.114 | 50.090.969 | 40.971.553 | 24.166.579,Delantero
Vallecillo,Racing,0 | 0 | 0 | 0 | 0 | 0,"0,00% | 0,00% | 0,00% | 0,00% | 0,00% | 0,00%",,31ddías,677.940,677.940 | 677.940 | 677.940 | 677.940 | 677.940 | 677.940,Mediocampista
Santaella,Málaga,0 | 0 | 0 | 0 | 0 | 0,"0,00% | 0,00% | 0,00% | 0,00% | 0,00% | 0,00%",,31ddías,401.498,401.498 | 401.498 | 401.498 | 401.498 | 401.498 | 401.498,Defensa
Diego Diaz,Racing,0 | 0 | 0 | 0 | 0 | 0,"0,00% | 0,00% | 0,00% | 0,00% | 0,00% | 0,00%",,35ddías,602.234,602.234 | 602.234 | 602.234 | 602.234 | 602.234 | 602.234,Delantero
Santi Franco,Racing,0 | 0 | 0 | 0 | 0 | 0,"0,00% | 0,00% | 0,00% | 0,00% | 0,00% | 0,00%",,35ddías,702.606,702.606 | 702.606 | 702.606 | 702.606 | 702.606 | 702.606,Delantero
Canales,Racing,+903.074 | +1.582.982 | +2.463.104 | +3.502.370 | +12.613.181 | +12.613.181,"+4,15% | +7,51% | +12,20% | +18,29% | +125,66% | +125,66%",,6ddías,22.650.443,21.747.369 | 21.067.461 | 20.187.339 | 19.148.073 | 10.037.262 | 10.037.262,Mediocampista
Guliashvili,Racing,-68.639 | -141.794 | -215.870 | -525.355 | -1.181.155 | -3.245.096,"-3,10% | -6,20% | -9,14% | -19,67% | -35,51% | -60,20%",,39ddías,2.145.368,2.214.007 | 2.287.162 | 2.361.238 | 2.670.723 | 3.326.523 | 5.390.464,Delantero
Iñigo Vicente,Racing,+214.385 | +236.252 | +330.312 | +115.380 | -819.715 | -5.105.099,"+1,14% | +1,25% | +1,76% | +0,61% | -4,12% | -21,10%",,4ddías,19.089.840,18.875.455 | 18.853.588 | 18.759.528 | 18.974.460 | 19.909.555 | 24.194.939,Delantero
Hjulmand,Atlético,+811.579 | +1.354.386 | +2.007.803 | +2.710.950 | -348.163 | 0,"+2,31% | +3,92% | +5,92% | +8,16% | -0,96% | 0%",,6ddías,35.940.321,35.128.742 | 34.585.935 | 33.932.518 | 33.229.371 | 36.288.484 | 0,Mediocampista
Hernando,Racing,-22.919 | -58.107 | -89.247 | -170.181 | -257.790 | -1.048.944,"-1,26% | -3,14% | -4,74% | -8,67% | -12,58% | -36,93%",,39ddías,1.791.655,1.814.574 | 1.849.762 | 1.880.902 | 1.961.836 | 2.049.445 | 2.840.599,Defensa
Haitam,Málaga,-4.843 | -9.736 | -13.604 | -27.137 | -61.577 | -163.078,"-1,13% | -2,24% | -3,10% | -6,00% | -12,65% | -27,72%",,39ddías,425.248,430.091 | 434.984 | 438.852 | 452.385 | 486.825 | 588.326,Delantero
Jiménez,Racing,0 | 0 | 0 | 0 | 0 | 0,"0,00% | 0,00% | 0,00% | 0,00% | 0,00% | 0,00%",,35ddías,602.234,602.234 | 602.234 | 602.234 | 602.234 | 602.234 | 602.234,Portero
Eriksson,Racing,-12.982 | -27.037 | -16.551 | +155.206 | +556.653 | +269.083,"-0,44% | -0,91% | -0,56% | +5,59% | +23,42% | +10,10%",,2ddías,2.933.863,2.946.845 | 2.960.900 | 2.950.414 | 2.778.657 | 2.377.210 | 2.664.780,Portero
Laro Gómez,Racing,0 | 0 | 0 | 0 | 0 | 0,"0,00% | 0,00% | 0,00% | 0,00% | 0,00% | 0,00%",,35ddías,602.234,602.234 | 602.234 | 602.234 | 602.234 | 602.234 | 602.234,Portero
Mantilla,Racing,+62.447 | +104.473 | +155.917 | +344.064 | +581.625 | +245.815,"+2,34% | +3,97% | +6,05% | +14,40% | +27,04% | +9,88%",,16ddías,2.732.998,2.670.551 | 2.628.525 | 2.577.081 | 2.388.934 | 2.151.373 | 2.487.183,Defensa
Sainz-Maza,Racing,-14.759 | -32.291 | -49.747 | -128.994 | -290.744 | -842.468,"-1,86% | -3,99% | -6,02% | -14,24% | -27,23% | -52,02%",,39ddías,777.004,791.763 | 809.295 | 826.751 | 905.998 | 1.067.748 | 1.619.472,Defensa
Salinas,Racing,0 | 0 | 0 | 0 | 0 | 0,"0,00% | 0,00% | 0,00% | 0,00% | 0,00% | 0,00%",,35ddías,6.022.356,6.022.356 | 6.022.356 | 6.022.356 | 6.022.356 | 6.022.356 | 6.022.356,Defensa
Solórzano,Racing,0 | 0 | 0 | 0 | 0 | 0,"0,00% | 0,00% | 0,00% | 0,00% | 0,00% | 0,00%",,35ddías,602.234,602.234 | 602.234 | 602.234 | 602.234 | 602.234 | 602.234,Mediocampista
Carlos Sánchez,Racing,0 | 0 | 0 | 0 | 0 | 0,"0,00% | 0,00% | 0,00% | 0,00% | 0,00% | 0,00%",,35ddías,702.606,702.606 | 702.606 | 702.606 | 702.606 | 702.606 | 702.606,Defensa
Facundo GonzálezFacu González,Racing,+5.400 | -11.509 | -27.595 | -83.862 | -333.785 | -453.502,"+0,18% | -0,37% | -0,89% | -2,67% | -9,84% | -12,91%",,1ddías,3.059.538,3.054.138 | 3.071.047 | 3.087.133 | 3.143.400 | 3.393.323 | 3.513.040,Defensa
Crespo,Racing,0 | 0 | 0 | 0 | 0 | 0,"0,00% | 0,00% | 0,00% | 0,00% | 0,00% | 0,00%",,35ddías,802.979,802.979 | 802.979 | 802.979 | 802.979 | 802.979 | 802.979,Defensa
Gueye,Racing,-32.700 | -65.479 | -93.960 | -243.939 | -671.947 | -2.358.648,"-0,78% | -1,55% | -2,21% | -5,55% | -13,94% | -36,24%",,35ddías,4.148.953,4.181.653 | 4.214.432 | 4.242.913 | 4.392.892 | 4.820.900 | 6.507.601,Mediocampista
Sergio Martínez,Racing,0 | 0 | 0 | 0 | 0 | 0,"0,00% | 0,00% | 0,00% | 0,00% | 0,00% | 0,00%",,35ddías,702.606,702.606 | 702.606 | 702.606 | 702.606 | 702.606 | 702.606,Mediocampista
Puerta,Racing,+230.051 | +365.207 | +717.582 | +1.428.590 | +2.861.893 | +2.208.340,"+1,87% | +3,00% | +6,06% | +12,84% | +29,54% | +21,35%",,18ddías,12.551.348,12.321.297 | 12.186.141 | 11.833.766 | 11.122.758 | 9.689.455 | 10.343.008,Mediocampista
Calatrava,Espanyol,+84.495 | +124.993 | +182.046 | +451.783 | +695.944 | 0,"+2,22% | +3,31% | +4,90% | +13,11% | +21,74% | 0%",,14ddías,3.897.761,3.813.266 | 3.772.768 | 3.715.715 | 3.445.978 | 3.201.817 | 0,Delantero
Bernardo Silva,Real Madrid,+1.637.350 | +2.983.147 | +4.617.478 | +11.567.683 | 0 | 0,"+3,21% | +6,01% | +9,63% | +28,20% | 0% | 0%",,10ddías,52.588.840,50.951.490 | 49.605.693 | 47.971.362 | 41.021.157 | 0 | 0,Mediocampista
Lobete,Málaga,-19.214 | -32.699 | -53.500 | -135.139 | -317.824 | -848.870,"-2,32% | -3,89% | -6,21% | -14,32% | -28,21% | -51,21%",,39ddías,808.666,827.880 | 841.365 | 862.166 | 943.805 | 1.126.490 | 1.657.536,Delantero
Juan Funes,Málaga,-43.738 | -89.147 | -135.219 | -335.899 | -781.228 | +356.094,"-3,12% | -6,16% | -9,05% | -19,82% | -36,51% | 0%",,16ddías,1.358.719,1.402.457 | 1.447.866 | 1.493.938 | 1.694.618 | 2.139.947 | 0,
Claudio Giráldez,Celta,-89.303 | -178.152 | -271.537 | -687.382 | -1.403.035 | -2.478.014,"-3,40% | -6,57% | -9,67% | -21,33% | -35,63% | 0%",,7ddías,2.535.112,2.624.415 | 2.713.264 | 2.806.649 | 3.222.494 | 3.938.147 | 0,
Antonio Hidalgo,Deportivo,-59.576 | -121.483 | -184.740 | -461.629 | -1.074.274 | +234.904,"-3,31% | -6,53% | -9,60% | -20,98% | -38,19% | 0%",,17ddías,1.738.841,1.798.417 | 1.860.324 | 1.923.581 | 2.200.470 | 2.813.115 | 0,
Martín Anselmi,Elche,-58.690 | -119.673 | -181.968 | -454.591 | -1.057.872 | 0,"-3,30% | -6,51% | -9,58% | -20,93% | -38,12% | 0%",,14ddías,1.717.564,1.776.254 | 1.837.237 | 1.899.532 | 2.172.155 | 2.775.436 | 0,
Manolo González,Espanyol,-36.465 | -74.298 | -112.478 | -278.164 | -645.321 | -319.762,"-2,99% | -5,90% | -8,67% | -19,02% | -35,27% | 0%",,20ddías,1.184.175,1.220.640 | 1.258.473 | 1.296.653 | 1.462.339 | 1.829.496 | 0,
Pepe Bordalás,Getafe,-1.903.983 | -3.887.147 | -5.951.714 | -15.103.195 | -7.197.660 | +40.991.484,"-3,97% | -7,79% | -11,46% | -24,72% | -13,53% | 0%",,9ddías,46.004.610,47.908.593 | 49.891.757 | 51.956.324 | 61.107.805 | 53.202.270 | 0,
Luis Castro,Levante,-43.053 | -87.748 | -133.076 | -330.461 | -768.554 | -161.655,"-3,11% | -6,14% | -9,02% | -19,76% | -36,41% | 0%",,19ddías,1.342.282,1.385.335 | 1.430.030 | 1.475.358 | 1.672.743 | 2.110.836 | 0,
Luis Miguel Ramis,Osasuna,-50.725 | -103.412 | -157.065 | -391.367 | -910.512 | 0,"-3,22% | -6,34% | -9,33% | -20,41% | -37,36% | 0%",,15ddías,1.526.421,1.577.146 | 1.629.833 | 1.683.486 | 1.917.788 | 2.436.933 | 0,
Hansi Flick,Barcelona,-303.555 | -603.221 | -889.168 | -2.060.426 | -4.066.684 | -4.773.501,"-2,87% | -5,55% | -7,97% | -16,72% | -28,37% | 0%",,7ddías,10.265.881,10.569.436 | 10.869.102 | 11.155.049 | 12.326.307 | 14.332.565 | 0,
José Alberto López,Racing,-29.133 | -59.328 | -89.552 | -219.957 | -510.995 | +206.095,"-2,81% | -5,56% | -8,16% | -17,91% | -33,64% | 0%",,17ddías,1.008.194,1.037.327 | 1.067.522 | 1.097.746 | 1.228.151 | 1.519.189 | 0,
Beñat San José,Rayo,-58.690 | -119.673 | -181.968 | -454.591 | -1.057.872 | 0,"-3,30% | -6,51% | -9,58% | -20,93% | -38,12% | 0%",,14ddías,1.717.564,1.776.254 | 1.837.237 | 1.899.532 | 2.172.155 | 2.775.436 | 0,
José Mourinho,Real Madrid,-496.467 | -1.016.961 | -1.527.574 | -3.820.139 | -9.193.123 | 0,"-3,28% | -6,50% | -9,46% | -20,71% | -38,60% | 0%",,16ddías,14.625.159,15.121.626 | 15.642.120 | 16.152.733 | 18.445.298 | 23.818.282 | 0,
Pellegrino Matarazzo,Real Sociedad,-152.237 | -311.698 | -470.846 | -1.184.032 | -2.760.201 | -864.211,"-3,54% | -6,99% | -10,19% | -22,20% | -39,95% | 0%",,19ddías,4.148.915,4.301.152 | 4.460.613 | 4.619.761 | 5.332.947 | 6.909.116 | 0,
Luis García,Sevilla,-24.520 | -49.910 | -75.129 | -183.342 | -425.654 | +95.396,"-2,66% | -5,27% | -7,72% | -16,96% | -32,17% | 0%",,18ddías,897.495,922.015 | 947.405 | 972.624 | 1.080.837 | 1.323.149 | 0,
Carlos Corberán,Valencia,-16.831 | -34.212 | -51.088 | -122.304 | -283.084 | -189.392,"-2,31% | -4,58% | -6,69% | -14,64% | -28,42% | 0%",,21ddías,712.969,729.800 | 747.181 | 764.057 | 835.273 | 996.053 | 0,
Manuel Pellegrini,Betis,-153.749 | -314.479 | -476.468 | -1.168.499 | -2.630.640 | -2.394.733,"-3,22% | -6,37% | -9,34% | -20,17% | -36,26% | 0%",,21ddías,4.623.644,4.777.393 | 4.938.123 | 5.100.112 | 5.792.143 | 7.254.284 | 0,
Diego Simeone,Atlético,-198.431 | -395.660 | -593.726 | -1.451.469 | -3.092.589 | -3.923.143,"-3,15% | -6,09% | -8,87% | -19,21% | -33,63% | 0%",,22ddías,6.103.111,6.301.542 | 6.498.771 | 6.696.837 | 7.554.580 | 9.195.700 | 0,
Amatucci,Deportivo,+246.469 | +376.473 | +501.302 | +391.984 | 0 | 0,"+2,00% | +3,09% | +4,16% | +3,23% | 0% | 0%",,4ddías,12.545.421,12.298.952 | 12.168.948 | 12.044.119 | 12.153.437 | 0 | 0,Mediocampista
Marcos,Espanyol,-27.288 | 0 | 0 | 0 | 0 | 0,"-1,84% | 0% | 0% | 0% | 0% | 0%",,1ddías,1.458.967,1.486.255 | 0 | 0 | 0 | 0 | 0,Delantero
De Haas,Valencia,+125.891 | +224.893 | +335.730 | +540.063 | 0 | 0,"+1,42% | +2,56% | +3,88% | +6,39% | 0% | 0%",,6ddías,8.994.470,8.868.579 | 8.769.577 | 8.658.740 | 8.454.407 | 0 | 0,Defensa
Dieng,Valencia,-97.546 | -202.794 | -299.758 | -690.543 | 0 | 0,"-1,99% | -4,05% | -5,87% | -12,57% | 0% | 0%",,8ddías,4.804.822,4.902.368 | 5.007.616 | 5.104.580 | 5.495.365 | 0 | 0,Mediocampista
Moscardo,Espanyol,-232.711 | -474.612 | -714.071 | -1.848.332 | 0 | 0,"-2,35% | -4,69% | -6,89% | -16,07% | 0% | 0%",,7ddías,9.651.668,9.884.379 | 10.126.280 | 10.365.739 | 11.500.000 | 0 | 0,Mediocampista
Gulacsi,Villarreal,+71.956 | +17.902 | -124.400 | 0 | 0 | 0,"+1,76% | +0,43% | -2,90% | 0% | 0% | 0%",,1ddías,4.167.379,4.095.423 | 4.149.477 | 4.291.779 | 0 | 0 | 0,Portero
Mikel Rodriguez,Alavés,-22.372 | 0 | 0 | 0 | 0 | 0,"-2,58% | 0% | 0% | 0% | 0% | 0%",,1ddías,845.949,868.321 | 0 | 0 | 0 | 0 | 0,Mediocampista
Angeliño,Deportivo,-532.263 | 0 | 0 | 0 | 0 | 0,"-3,38% | 0% | 0% | 0% | 0% | 0%",,1ddías,15.206.060,15.738.323 | 0 | 0 | 0 | 0 | 0,Defensa
Sazonov,Getafe,-39.739 | 0 | 0 | 0 | 0 | 0,"-3,05% | 0% | 0% | 0% | 0% | 0%",,1ddías,1.262.742,1.302.481 | 0 | 0 | 0 | 0 | 0,Defensa
Edin Terzic,Athletic,-331.610 | -680.799 | -1.040.984 | -2.639.279 | -6.167.694 | 0,"-3,80% | -7,51% | -11,04% | -23,94% | -42,38% | 0%",,15ddías,8.384.115,8.715.725 | 9.064.914 | 9.425.099 | 11.023.394 | 14.551.809 | 0,
Mangala,Getafe,-385.432 | 0 | 0 | 0 | 0 | 0,"-3,38% | 0% | 0% | 0% | 0% | 0%",,1ddías,11.011.284,11.396.716 | 0 | 0 | 0 | 0 | 0,Mediocampista
Andrés García,Getafe,-312.016 | 0 | 0 | 0 | 0 | 0,"-3,38% | 0% | 0% | 0% | 0% | 0%",,1ddías,8.913.897,9.225.913 | 0 | 0 | 0 | 0 | 0,Mediocampista
Pedro Felipe,Racing,-91.770 | 0 | 0 | 0 | 0 | 0,"-3,38% | 0% | 0% | 0% | 0% | 0%",,1ddías,2.621.733,2.713.503 | 0 | 0 | 0 | 0 | 0,Defensa
Y. Diomande,Real Madrid,-3.120.159 | 0 | 0 | 0 | 0 | 0,"-3,38% | 0% | 0% | 0% | 0% | 0%",,1ddías,89.138.975,92.259.134 | 0 | 0 | 0 | 0 | 0,Delantero
Sangante,Sevilla,-308.346 | 0 | 0 | 0 | 0 | 0,"-3,38% | 0% | 0% | 0% | 0% | 0%",,1ddías,8.809.027,9.117.373 | 0 | 0 | 0 | 0 | 0,Defensa
Quique Sánchez,Alavés,-24.520 | -49.910 | -75.129 | -183.342 | -425.654 | +95.396,"-2,66% | -5,27% | -7,72% | -16,96% | -32,17% | 0%",,18ddías,897.495,922.015 | 947.405 | 972.624 | 1.080.837 | 1.323.149 | 0,
Jauregi,Málaga,-30.175 | -66.898 | -102.594 | -197.563 | -197.563 | -197.563,"-2,17% | -4,69% | -7,02% | -12,70% | -12,70% | -12,70%",,5ddías,1.358.211,1.388.386 | 1.425.109 | 1.460.805 | 1.555.774 | 1.555.774 | 1.555.774,Delantero
Joaquín,Málaga,-96.571 | -212.693 | -347.127 | -898.582 | -1.991.623 | -5.217.756,"-1,38% | -3,00% | -4,81% | -11,56% | -22,46% | -43,14%",,39ddías,6.876.344,6.972.915 | 7.089.037 | 7.223.471 | 7.774.926 | 8.867.967 | 12.094.100,Delantero
Aguirre,R. Sociedad B,0 | 0 | 0 | 0 | 0 | 0,"0,00% | 0,00% | 0,00% | 0,00% | 0,00% | 0,00%",,36ddías,602.257,602.257 | 602.257 | 602.257 | 602.257 | 602.257 | 602.257,Mediocampista
Morcillo,Elche,0 | 0 | 0 | 0 | 0 | 0,"0,00% | 0,00% | 0,00% | 0,00% | 0,00% | 0,00%",,36ddías,702.702,702.702 | 702.702 | 702.702 | 702.702 | 702.702 | 702.702,Mediocampista
Vargas,Atlético,-15.643 | -35.717 | -54.679 | -123.704 | -301.815 | -870.278,"-1,81% | -4,03% | -6,04% | -12,70% | -26,19% | -50,58%",,39ddías,850.398,866.041 | 886.115 | 905.077 | 974.102 | 1.152.213 | 1.720.676,Mediocampista
Vecino,Celta,-49.325 | -106.658 | -165.446 | -414.801 | -953.440 | -2.712.620,"-2,32% | -4,88% | -7,37% | -16,63% | -31,43% | -56,60%",,39ddías,2.080.170,2.129.495 | 2.186.828 | 2.245.616 | 2.494.971 | 3.033.610 | 4.792.790,Mediocampista
Sangaré,Elche,-131.019 | -272.463 | -272.463 | -272.463 | -272.463 | -272.463,"-3,38% | -6,79% | -6,79% | -6,79% | -6,79% | -6,79%",,2ddías,3.743.038,3.874.057 | 4.015.501 | 4.015.501 | 4.015.501 | 4.015.501 | 4.015.501,Defensa
Lamini Fati,Real Madrid,0 | 0 | 0 | 0 | 0 | 0,"0,00% | 0,00% | 0,00% | 0,00% | 0,00% | 0,00%",,36ddías,677.955,677.955 | 677.955 | 677.955 | 677.955 | 677.955 | 677.955,Defensa
Antañón,Celta,0 | 0 | 0 | 0 | 0 | 0,"0,00% | 0,00% | 0,00% | 0,00% | 0,00% | 0,00%",,36ddías,581.700,581.700 | 581.700 | 581.700 | 581.700 | 581.700 | 581.700,Mediocampista
Ochieng,Real Sociedad,0 | 0 | 0 | 0 | 0 | 0,"0,00% | 0,00% | 0,00% | 0,00% | 0,00% | 0,00%",,36ddías,702.633,702.633 | 702.633 | 702.633 | 702.633 | 702.633 | 702.633,Mediocampista
Cubo,Atlético,0 | 0 | 0 | 0 | 0 | 0,"0,00% | 0,00% | 0,00% | 0,00% | 0,00% | 0,00%",,36ddías,602.316,602.316 | 602.316 | 602.316 | 602.316 | 602.316 | 602.316,Delantero
Tete Morente,Elche,-47.506 | -97.338 | -150.153 | -367.459 | -831.841 | -2.389.981,"-2,34% | -4,67% | -7,03% | -15,61% | -29,52% | -54,61%",,39ddías,1.986.145,2.033.651 | 2.083.483 | 2.136.298 | 2.353.604 | 2.817.986 | 4.376.126,Delantero
Hugo Ríos,Deportivo,0 | 0 | 0 | 0 | 0 | 0,"0,00% | 0,00% | 0,00% | 0,00% | 0,00% | 0,00%",,36ddías,903.386,903.386 | 903.386 | 903.386 | 903.386 | 903.386 | 903.386,Portero
Puerto,Deportivo,0 | -35 | -1.094 | +29 | -6.333 | -3.723,"0,00% | -0,01% | -0,30% | +0,01% | -1,69% | -1,00%",,1ddías,367.523,367.523 | 367.558 | 368.617 | 367.494 | 373.856 | 371.246,Portero
Germán Parreño,Deportivo,-9.513 | -20.050 | -30.720 | -79.393 | -94.846 | -94.846,"-1,54% | -3,19% | -4,81% | -11,55% | -13,50% | -13,50%",,8ddías,607.787,617.300 | 627.837 | 638.507 | 687.180 | 702.633 | 702.633,Portero
Quagliata,Deportivo,-5.685 | -12.750 | -3.131 | +71.263 | +411.153 | -66.303,"-0,17% | -0,39% | -0,10% | +2,22% | +14,30% | -1,98%",,2ddías,3.285.663,3.291.348 | 3.298.413 | 3.288.794 | 3.214.400 | 2.874.510 | 3.351.966,Defensa
Loureiro,Deportivo,-19.505 | -44.668 | -28.205 | -128 | -87.347 | -737.049,"-0,51% | -1,17% | -0,74% | 0,00% | -2,26% | -16,32%",,2ddías,3.779.894,3.799.399 | 3.824.562 | 3.808.099 | 3.780.022 | 3.867.241 | 4.516.943,Defensa
Teijo,Deportivo,0 | 0 | 0 | 0 | 0 | 0,"0,00% | 0,00% | 0,00% | 0,00% | 0,00% | 0,00%",,36ddías,602.257,602.257 | 602.257 | 602.257 | 602.257 | 602.257 | 602.257,Defensa
Lookman,Atlético,-796.348 | -1.261.872 | -1.149.385 | +3.680.147 | +16.365.100 | +44.809.036,"-1,01% | -1,59% | -1,45% | +4,96% | +26,58% | 0%",,2ddías,77.930.301,78.726.649 | 79.192.173 | 79.079.686 | 74.250.154 | 61.565.201 | 0,Delantero
Fidalgo,Betis,-38.040 | -84.536 | -126.819 | -308.980 | -696.230 | -1.783.433,"-1,39% | -3,04% | -4,49% | -10,28% | -20,52% | -39,81%",,36ddías,2.696.940,2.734.980 | 2.781.476 | 2.823.759 | 3.005.920 | 3.393.170 | 4.480.373,Mediocampista
Samu Fernández,Deportivo,0 | 0 | 0 | 0 | 0 | 0,"0,00% | 0,00% | 0,00% | 0,00% | 0,00% | 0,00%",,36ddías,702.633,702.633 | 702.633 | 702.633 | 702.633 | 702.633 | 702.633,Defensa
Satriano,Getafe,-1.101.233 | +27.124.388 | +27.124.388 | +27.124.388 | +27.124.388 | +27.124.388,"-3,38% | 0% | 0% | 0% | 0% | 0%",,1ddías,31.460.814,32.562.047 | 0 | 0 | 0 | 0 | 0,Delantero
Fontanet,Valencia,0 | 0 | 0 | 0 | 0 | 0,"0,00% | 0,00% | 0,00% | 0,00% | 0,00% | 0,00%",,36ddías,581.987,581.987 | 581.987 | 581.987 | 581.987 | 581.987 | 581.987,Defensa
Gaitán,Villarreal,0 | 0 | 0 | 0 | 0 | 0,"0,00% | 0,00% | 0,00% | 0,00% | 0,00% | 0,00%",,36ddías,602.292,602.292 | 602.292 | 602.292 | 602.292 | 602.292 | 602.292,Mediocampista
Manuel Ángel,Real Madrid,0 | 0 | 0 | 0 | 0 | 0,"0,00% | 0,00% | 0,00% | 0,00% | 0,00% | 0,00%",,36ddías,702.606,702.606 | 702.606 | 702.606 | 702.606 | 702.606 | 702.606,Mediocampista
Julio Díaz,Sevilla,0 | 0 | 0 | 0 | +18.499 | -22.803,"0,00% | 0,00% | 0,00% | 0,00% | +4,03% | -4,55%",,12ddías,477.990,477.990 | 477.990 | 477.990 | 477.990 | 459.491 | 500.793,Defensa
Burcio,Celta,0 | 0 | 0 | 0 | 0 | 0,"0,00% | 0,00% | 0,00% | 0,00% | 0,00% | 0,00%",,36ddías,602.257,602.257 | 602.257 | 602.257 | 602.257 | 602.257 | 602.257,Mediocampista
Álex Sánchez,Elche,0 | 0 | 0 | 0 | 0 | 0,"0,00% | 0,00% | 0,00% | 0,00% | 0,00% | 0,00%",,36ddías,602.324,602.324 | 602.324 | 602.324 | 602.324 | 602.324 | 602.324,Mediocampista
A. Riquelme,Getafe,0 | 0 | 0 | 0 | 0 | 0,"0,00% | 0,00% | 0,00% | 0,00% | 0,00% | 0,00%",,36ddías,602.324,602.324 | 602.324 | 602.324 | 602.324 | 602.324 | 602.324,Mediocampista
Koski,Alavés,-18.980 | -38.564 | -38.564 | -38.564 | -38.564 | -38.564,"-2,42% | -4,80% | -4,80% | -4,80% | -4,80% | -4,80%",,2ddías,764.525,783.505 | 803.089 | 803.089 | 803.089 | 803.089 | 803.089,Defensa
Mesonero,Real Madrid,0 | 0 | 0 | 0 | 0 | 0,"0,00% | 0,00% | 0,00% | 0,00% | 0,00% | 0,00%",,36ddías,702.606,702.606 | 702.606 | 702.606 | 702.606 | 702.606 | 702.606,Mediocampista
Romero,Getafe,-982.863 | -2.037.137 | -2.037.137 | -2.037.137 | -2.037.137 | -2.037.137,"-3,38% | -6,76% | -6,76% | -6,76% | -6,76% | -6,76%",,2ddías,28.079.129,29.061.992 | 30.116.266 | 30.116.266 | 30.116.266 | 30.116.266 | 30.116.266,Defensa
Boselli,Getafe,-94.430 | -196.281 | -196.281 | -196.281 | -196.281 | -196.281,"-3,38% | -6,78% | -6,78% | -6,78% | -6,78% | -6,78%",,2ddías,2.697.718,2.792.148 | 2.893.999 | 2.893.999 | 2.893.999 | 2.893.999 | 2.893.999,Defensa
Ángel Pérez,Alavés,-69.182 | -169.181 | -255.322 | -722.474 | -1.725.938 | -5.511.561,"-1,02% | -2,45% | -3,65% | -9,68% | -20,39% | -44,99%",,39ddías,6.739.395,6.808.577 | 6.908.576 | 6.994.717 | 7.461.869 | 8.465.333 | 12.250.956,Delantero
Cepeda,Elche,-3.936 | -12.269 | -21.272 | -82.481 | -231.099 | -827.318,"-0,36% | -1,12% | -1,92% | -7,07% | -17,57% | -43,29%",,39ddías,1.083.974,1.087.910 | 1.096.243 | 1.105.246 | 1.166.455 | 1.315.073 | 1.911.292,Delantero
Freeman,Villarreal,-41.674 | -95.180 | -147.394 | -325.978 | -684.841 | -1.847.415,"-1,65% | -3,70% | -5,61% | -11,62% | -21,65% | -42,71%",,39ddías,2.478.421,2.520.095 | 2.573.601 | 2.625.815 | 2.804.399 | 3.163.262 | 4.325.836,Defensa
Canedo,Deportivo,0 | 0 | 0 | 0 | 0 | 0,"0,00% | 0,00% | 0,00% | 0,00% | 0,00% | 0,00%",,36ddías,602.257,602.257 | 602.257 | 602.257 | 602.257 | 602.257 | 602.257,Defensa
Noubi,Deportivo,+257.399 | +493.977 | +674.866 | +1.521.859 | +3.275.967 | +3.728.501,"+2,18% | +4,28% | +5,93% | +14,46% | +37,35% | +44,83%",,21ddías,12.045.963,11.788.564 | 11.551.986 | 11.371.097 | 10.524.104 | 8.769.996 | 8.317.462,Defensa
Juanpe,Málaga,0 | 0 | 0 | 0 | 0 | 0,"0,00% | 0,00% | 0,00% | 0,00% | 0,00% | 0,00%",,35ddías,581.931,581.931 | 581.931 | 581.931 | 581.931 | 581.931 | 581.931,Mediocampista
Pastor,Málaga,-2.924 | -5.818 | -7.603 | -9.936 | -9.936 | -9.936,"-0,77% | -1,51% | -1,97% | -2,55% | -2,55% | -2,55%",,5ddías,379.180,382.104 | 384.998 | 386.783 | 389.116 | 389.116 | 389.116,Defensa
Puga,Málaga,-22.290 | -79.693 | -127.995 | -388.051 | -988.893 | -2.882.689,"-0,42% | -1,48% | -2,35% | -6,80% | -15,67% | -35,13%",,34ddías,5.321.940,5.344.230 | 5.401.633 | 5.449.935 | 5.709.991 | 6.310.833 | 8.204.629,Defensa
Murillo,Málaga,-63.775 | -132.488 | -205.372 | -508.088 | -1.119.390 | -2.999.056,"-2,89% | -5,82% | -8,75% | -19,17% | -34,31% | -58,33%",,39ddías,2.142.745,2.206.520 | 2.275.233 | 2.348.117 | 2.650.833 | 3.262.135 | 5.141.801,Defensa
Rafa GarridoRafita,Málaga,0 | 0 | 0 | 0 | 0 | 0,"0,00% | 0,00% | 0,00% | 0,00% | 0,00% | 0,00%",,35ddías,5.018.744,5.018.744 | 5.018.744 | 5.018.744 | 5.018.744 | 5.018.744 | 5.018.744,Defensa
Galilea,Málaga,-7.774 | -34.295 | -54.064 | -333.216 | -333.216 | -333.216,"-0,20% | -0,86% | -1,36% | -7,81% | -7,81% | -7,81%",,5ddías,3.932.716,3.940.490 | 3.967.011 | 3.986.780 | 4.265.932 | 4.265.932 | 4.265.932,Defensa
Dani Sánchez,Málaga,-16.544 | -35.342 | -53.695 | -124.564 | -278.859 | -785.010,"-2,17% | -4,52% | -6,70% | -14,29% | -27,18% | -51,23%",,39ddías,747.271,763.815 | 782.613 | 800.966 | 871.835 | 1.026.130 | 1.532.281,Defensa
Recio,Málaga,0 | 0 | 0 | 0 | 0 | 0,"0,00% | 0,00% | 0,00% | 0,00% | 0,00% | 0,00%",,35ddías,752.810,752.810 | 752.810 | 752.810 | 752.810 | 752.810 | 752.810,Defensa
Arriaza,Málaga,0 | 0 | 0 | 0 | 0 | 0,"0,00% | 0,00% | 0,00% | 0,00% | 0,00% | 0,00%",,35ddías,401.498,401.498 | 401.498 | 401.498 | 401.498 | 401.498 | 401.498,Defensa
Carlos López,Málaga,-3.261 | -6.506 | -8.657 | -14.579 | -32.060 | -55.987,"-0,83% | -1,65% | -2,19% | -3,63% | -7,65% | -12,63%",,14ddías,387.279,390.540 | 393.785 | 395.936 | 401.858 | 419.339 | 443.266,Portero
Moussa,Málaga,0 | 0 | 0 | 0 | 0 | 0,"0,00% | 0,00% | 0,00% | 0,00% | 0,00% | 0,00%",,35ddías,401.498,401.498 | 401.498 | 401.498 | 401.498 | 401.498 | 401.498,Defensa
Merino,Málaga,-44.875 | -116.570 | -175.978 | -402.269 | -952.271 | -2.953.097,"-0,69% | -1,78% | -2,66% | -5,88% | -12,88% | -31,43%",,35ddías,6.441.706,6.486.581 | 6.558.276 | 6.617.684 | 6.843.975 | 7.393.977 | 9.394.803,Mediocampista
Lorenzo,Málaga,+108.652 | +146.251 | +230.244 | +638.591 | +1.323.564 | -124.367,"+1,14% | +1,54% | +2,44% | +7,08% | +15,88% | -1,27%",,14ddías,9.657.795,9.549.143 | 9.511.544 | 9.427.551 | 9.019.204 | 8.334.231 | 9.782.162,Mediocampista
Rafa Rodríguez,Málaga,0 | 0 | 0 | 0 | 0 | 0,"0,00% | 0,00% | 0,00% | 0,00% | 0,00% | 0,00%",,35ddías,6.270.426,6.270.426 | 6.270.426 | 6.270.426 | 6.270.426 | 6.270.426 | 6.270.426,Mediocampista
Ochoa,Málaga,0 | 0 | 0 | 0 | 0 | 0,"0,00% | 0,00% | 0,00% | 0,00% | 0,00% | 0,00%",,35ddías,3.513.040,3.513.040 | 3.513.040 | 3.513.040 | 3.513.040 | 3.513.040 | 3.513.040,Mediocampista
Enríquez,Málaga,-8.045 | -18.474 | -26.893 | -103.823 | -268.345 | -767.254,"-0,95% | -2,16% | -3,11% | -11,03% | -24,27% | -47,82%",,39ddías,837.253,845.298 | 855.727 | 864.146 | 941.076 | 1.105.598 | 1.604.507,Mediocampista
Céspedes,Málaga,0 | 0 | 0 | 0 | 0 | 0,"0,00% | 0,00% | 0,00% | 0,00% | 0,00% | 0,00%",,35ddías,401.498,401.498 | 401.498 | 401.498 | 401.498 | 401.498 | 401.498,Portero
Herrero,Málaga,+149.709 | +266.088 | +453.149 | +917.868 | +969.925 | +1.558.982,"+1,88% | +3,40% | +5,93% | +12,79% | +13,61% | +23,85%",,7ddías,8.095.893,7.946.184 | 7.829.805 | 7.642.744 | 7.178.025 | 7.125.968 | 6.536.911,Portero
Comas,Deportivo,-17.339 | -35.671 | -53.538 | -129.148 | -294.314 | -856.195,"-2,30% | -4,63% | -6,79% | -14,94% | -28,59% | -53,80%",,39ddías,735.288,752.627 | 770.959 | 788.826 | 864.436 | 1.029.602 | 1.591.483,Defensa
Villares,Deportivo,-33.095 | -88.110 | -142.845 | -382.007 | -901.369 | -2.559.861,"-1,29% | -3,36% | -5,34% | -13,10% | -26,24% | -50,26%",,39ddías,2.533.524,2.566.619 | 2.621.634 | 2.676.369 | 2.915.531 | 3.434.893 | 5.093.385,Mediocampista
Barcia,Deportivo,-22.618 | -51.031 | -80.024 | -200.488 | -450.447 | -1.198.490,"-1,66% | -3,66% | -5,62% | -12,98% | -25,11% | -47,14%",,39ddías,1.343.740,1.366.358 | 1.394.771 | 1.423.764 | 1.544.228 | 1.794.187 | 2.542.230,Defensa
Ximo,Deportivo,+48.014 | +39.548 | +26.533 | -199.628 | -832.883 | -1.055.963,"+0,89% | +0,73% | +0,49% | -3,52% | -13,22% | -16,18%",,1ddías,5.468.510,5.420.496 | 5.428.962 | 5.441.977 | 5.668.138 | 6.301.393 | 6.524.473,Defensa
Pablo García,Deportivo,0 | 0 | 0 | +5.341 | -32.816 | -119.129,"0,00% | 0,00% | 0,00% | +1,15% | -6,54% | -20,26%",,6ddías,468.964,468.964 | 468.964 | 468.964 | 463.623 | 501.780 | 588.093,Defensa
Noé Carrillo,Deportivo,0 | 0 | 0 | 0 | 0 | 0,"0,00% | 0,00% | 0,00% | 0,00% | 0,00% | 0,00%",,36ddías,702.633,702.633 | 702.633 | 702.633 | 702.633 | 702.633 | 702.633,Mediocampista
Riki,Deportivo,-21.467 | -47.737 | -72.100 | -178.711 | -416.714 | -464.616,"-2,02% | -4,38% | -6,48% | -14,65% | -28,59% | -30,86%",,15ddías,1.041.030,1.062.497 | 1.088.767 | 1.113.130 | 1.219.741 | 1.457.744 | 1.505.646,Mediocampista
Rubén López,Deportivo,0 | 0 | 0 | 0 | 0 | 0,"0,00% | 0,00% | 0,00% | 0,00% | 0,00% | 0,00%",,36ddías,501.880,501.880 | 501.880 | 501.880 | 501.880 | 501.880 | 501.880,Mediocampista
Jurado,Deportivo,-25.327 | -53.891 | -81.229 | -201.488 | -473.574 | -1.362.413,"-2,36% | -4,89% | -7,19% | -16,12% | -31,12% | -56,52%",,39ddías,1.048.095,1.073.422 | 1.101.986 | 1.129.324 | 1.249.583 | 1.521.669 | 2.410.508,Mediocampista
Osorio,Elche,0 | 0 | 0 | 0 | 0 | 0,"0,00% | 0,00% | 0,00% | 0,00% | 0,00% | 0,00%",,35ddías,1.405.425,1.405.425 | 1.405.425 | 1.405.425 | 1.405.425 | 1.405.425 | 1.405.425,Delantero
Mella,Deportivo,+53.941 | +87.266 | +117.961 | +47.339 | -191.532 | -1.134.903,"+1,66% | +2,72% | +3,71% | +1,46% | -5,48% | -25,59%",,4ddías,3.300.574,3.246.633 | 3.213.308 | 3.182.613 | 3.253.235 | 3.492.106 | 4.435.477,Mediocampista
Mario,Deportivo,+515.118 | +824.934 | +1.268.195 | +2.705.255 | +5.259.688 | +9.613.308,"+2,04% | +3,30% | +5,16% | +11,70% | +25,57% | +59,30%",,38ddías,25.825.580,25.310.462 | 25.000.646 | 24.557.385 | 23.120.325 | 20.565.892 | 16.212.272,Mediocampista
Patino,Deportivo,-8.841 | -14.718 | -22.792 | -51.844 | -126.197 | -374.232,"-1,67% | -2,75% | -4,19% | -9,05% | -19,49% | -41,79%",,39ddías,521.202,530.043 | 535.920 | 543.994 | 573.046 | 647.399 | 895.434,Mediocampista
Luismi,Deportivo,+46.739 | +43.061 | +45.491 | -103.031 | -873.613 | -3.235.105,"+0,79% | +0,73% | +0,77% | -1,70% | -12,79% | -35,20%",,1ddías,5.955.065,5.908.326 | 5.912.004 | 5.909.574 | 6.058.096 | 6.828.678 | 9.190.170,Delantero
Bil Nsongo,Deportivo,0 | 0 | 0 | 0 | 0 | 0,"0,00% | 0,00% | 0,00% | 0,00% | 0,00% | 0,00%",,36ddías,6.524.473,6.524.473 | 6.524.473 | 6.524.473 | 6.524.473 | 6.524.473 | 6.524.473,Delantero
Eddahchouri,Deportivo,-27.452 | -65.095 | -93.867 | -245.907 | -592.467 | -1.495.009,"-1,42% | -3,30% | -4,69% | -11,43% | -23,71% | -43,95%",,39ddías,1.906.239,1.933.691 | 1.971.334 | 2.000.106 | 2.152.146 | 2.498.706 | 3.401.248,Delantero
Yáñez,Real Madrid,0 | 0 | 0 | 0 | 0 | 0,"0,00% | 0,00% | 0,00% | 0,00% | 0,00% | 0,00%",,36ddías,702.606,702.606 | 702.606 | 702.606 | 702.606 | 702.606 | 702.606,Delantero
De la Fuente,Levante,0 | 0 | 0 | 0 | 0 | 0,"0,00% | 0,00% | 0,00% | 0,00% | 0,00% | 0,00%",,36ddías,14.052.528,14.052.528 | 14.052.528 | 14.052.528 | 14.052.528 | 14.052.528 | 14.052.528,Defensa
Osambela,Osasuna,0 | 0 | 0 | 0 | 0 | 0,"0,00% | 0,00% | 0,00% | 0,00% | 0,00% | 0,00%",,36ddías,501.932,501.932 | 501.932 | 501.932 | 501.932 | 501.932 | 501.932,Mediocampista
Kike Barja,Osasuna,-91.731 | -190.191 | -190.191 | -190.191 | -190.191 | -190.191,"-3,38% | -6,77% | -6,77% | -6,77% | -6,77% | -6,77%",,2ddías,2.620.637,2.712.368 | 2.810.828 | 2.810.828 | 2.810.828 | 2.810.828 | 2.810.828,Delantero
Cárdenas,Rayo,-9.370 | -20.883 | -31.678 | -77.402 | -171.116 | -522.064,"-1,54% | -3,37% | -5,02% | -11,45% | -22,22% | -46,58%",,39ddías,598.817,608.187 | 619.700 | 630.495 | 676.219 | 769.933 | 1.120.881,Portero
Nteka,Rayo,-19.557 | -45.576 | -68.974 | -183.103 | -423.344 | -1.209.824,"-1,50% | -3,44% | -5,11% | -12,51% | -24,85% | -48,59%",,39ddías,1.280.233,1.299.790 | 1.325.809 | 1.349.207 | 1.463.336 | 1.703.577 | 2.490.057,Delantero
Isi,Rayo,+751.535 | +1.295.436 | +1.813.443 | +1.491.189 | -1.695.090 | +207.438,"+4,32% | +7,68% | +11,10% | +8,95% | -8,54% | +1,16%",,4ddías,18.156.899,17.405.364 | 16.861.463 | 16.343.456 | 16.665.710 | 19.851.989 | 17.949.461,Delantero
Ratiu,Rayo,-42.376 | -238.358 | -404.331 | -1.415.774 | -4.276.728 | -23.971.818,"-0,12% | -0,67% | -1,13% | -3,84% | -10,78% | 0%",,25ddías,35.412.159,35.454.535 | 35.650.517 | 35.816.490 | 36.827.933 | 39.688.887 | 0,Defensa
Dimitrievski,Valencia,+485.432 | +855.561 | +1.320.574 | +1.716.600 | +1.716.600 | +1.716.600,"+3,66% | +6,63% | +10,61% | +14,25% | +14,25% | +14,25%",,6ddías,13.762.477,13.277.045 | 12.906.916 | 12.441.903 | 12.045.877 | 12.045.877 | 12.045.877,Portero
Iker Muñoz,Osasuna,-1.543 | -12.053 | -20.502 | -95.914 | -314.742 | -1.198.567,"-0,11% | -0,87% | -1,47% | -6,53% | -18,64% | -46,60%",,39ddías,1.373.450,1.374.993 | 1.385.503 | 1.393.952 | 1.469.364 | 1.688.192 | 2.572.017,Mediocampista
Herrando,Osasuna,-25.498 | -60.861 | -98.914 | -258.056 | -613.740 | -1.875.149,"-1,46% | -3,41% | -5,43% | -13,04% | -26,28% | -52,14%",,39ddías,1.721.473,1.746.971 | 1.782.334 | 1.820.387 | 1.979.529 | 2.335.213 | 3.596.622,Defensa
Catena,Osasuna,-252.466 | -632.472 | -980.059 | -2.669.512 | -6.177.849 | +1.997.760,"-0,73% | -1,80% | -2,77% | -7,20% | -15,22% | +6,16%",,15ddías,34.420.231,34.672.697 | 35.052.703 | 35.400.290 | 37.089.743 | 40.598.080 | 32.422.471,Defensa
Ibáñez,Alavés,+23.975 | +15.212 | +16.941 | -66.593 | -298.401 | -1.731.996,"+0,74% | +0,47% | +0,52% | -2,01% | -8,41% | -34,76%",,1ddías,3.251.118,3.227.143 | 3.235.906 | 3.234.177 | 3.317.711 | 3.549.519 | 4.983.114,Mediocampista
Budimir,Osasuna,+986.705 | +1.547.461 | +2.320.841 | +2.789.016 | +343.065 | +11.120.247,"+2,02% | +3,20% | +4,88% | +5,93% | +0,69% | 0%",,5ddías,49.845.045,48.858.340 | 48.297.584 | 47.524.204 | 47.056.029 | 49.501.980 | 0,Delantero
Moi Gómez,Osasuna,-30.404 | -64.357 | -97.595 | -264.090 | -659.581 | -1.913.573,"-1,46% | -3,05% | -4,55% | -11,42% | -24,35% | -48,29%",,39ddías,2.048.770,2.079.174 | 2.113.127 | 2.146.365 | 2.312.860 | 2.708.351 | 3.962.343,Mediocampista
Rubén GarcíaRubén G.,Osasuna,+168.889 | +316.561 | +496.342 | +432.282 | -498.965 | -3.134.653,"+1,26% | +2,39% | +3,79% | +3,29% | -3,54% | -18,75%",,4ddías,13.581.094,13.412.205 | 13.264.533 | 13.084.752 | 13.148.812 | 14.080.059 | 16.715.747,Mediocampista
Aitor,Osasuna,-6.502 | -14.436 | -20.320 | -37.227 | -100.656 | -313.094,"-1,27% | -2,77% | -3,86% | -6,85% | -16,58% | -38,20%",,4ddías,506.544,513.046 | 520.980 | 526.864 | 543.771 | 607.200 | 819.638,Portero
Areso,Athletic,+48.534 | +82.641 | +123.442 | +332.288 | +406.846 | -364.580,"+1,76% | +3,03% | +4,60% | +13,41% | +16,93% | -11,49%",,11ddías,2.809.497,2.760.963 | 2.726.856 | 2.686.055 | 2.477.209 | 2.402.651 | 3.174.077,Defensa
Oroz,Osasuna,+153.434 | +228.016 | +388.027 | +854.451 | +228.267 | -3.298.174,"+0,98% | +1,47% | +2,52% | +5,73% | +1,47% | -17,31%",,7ddías,15.757.448,15.604.014 | 15.529.432 | 15.369.421 | 14.902.997 | 15.529.181 | 19.055.622,Mediocampista
Álvaro García,Rayo,+127.788 | +251.104 | +362.998 | +1.071.250 | +2.627.362 | +4.935.521,"+0,72% | +1,42% | +2,06% | +6,35% | +17,15% | +37,94%",,23ddías,17.943.004,17.815.216 | 17.691.900 | 17.580.006 | 16.871.754 | 15.315.642 | 13.007.483,Mediocampista
Villar,Elche,0 | 0 | 0 | 0 | 0 | 0,"0,00% | 0,00% | 0,00% | 0,00% | 0,00% | 0,00%",,36ddías,7.027.127,7.027.127 | 7.027.127 | 7.027.127 | 7.027.127 | 7.027.127 | 7.027.127,Mediocampista
Mayoral,Getafe,-3.799 | -25.087 | -34.493 | -97.852 | -355.430 | -1.182.130,"-0,13% | -0,83% | -1,14% | -3,18% | -10,66% | -28,40%",,39ddías,2.979.820,2.983.619 | 3.004.907 | 3.014.313 | 3.077.672 | 3.335.250 | 4.161.950,Delantero
Iglesias,Sevilla,-407.432 | -908.563 | -908.563 | -908.563 | -908.563 | -908.563,"-3,38% | -7,24% | -7,24% | -7,24% | -7,24% | -7,24%",,2ddías,11.639.789,12.047.221 | 12.548.352 | 12.548.352 | 12.548.352 | 12.548.352 | 12.548.352,Defensa
Herrera,Real Sociedad,-12.832 | -39.085 | -53.490 | -202.905 | -642.387 | -2.121.318,"-0,41% | -1,25% | -1,70% | -6,17% | -17,23% | -40,75%",,36ddías,3.084.944,3.097.776 | 3.124.029 | 3.138.434 | 3.287.849 | 3.727.331 | 5.206.262,Mediocampista
Eric Garcia,Barcelona,-449.872 | -982.791 | -1.592.486 | -4.205.876 | -12.080.929 | -14.119.547,"-0,99% | -2,13% | -3,41% | -8,53% | -21,12% | -23,84%",,15ddías,45.108.685,45.558.557 | 46.091.476 | 46.701.171 | 49.314.561 | 57.189.614 | 59.228.232,Defensa
Boyé,Alavés,-297.863 | -633.356 | -976.691 | -1.804.432 | -2.589.430 | -6.360.866,"-2,33% | -4,82% | -7,24% | -12,60% | -17,15% | -33,71%",,35ddías,12.511.193,12.809.056 | 13.144.549 | 13.487.884 | 14.315.625 | 15.100.623 | 18.872.059,Delantero
Miguel Ángel RubioMiguel Rubio,Espanyol,-11.162 | -22.638 | -33.363 | -77.304 | -178.506 | -527.540,"-1,90% | -3,78% | -5,47% | -11,82% | -23,63% | -47,76%",,39ddías,576.912,588.074 | 599.550 | 610.275 | 654.216 | 755.418 | 1.104.452,Defensa
S. Cardona,Villarreal,-3.716 | -40.876 | -72.227 | -178.254 | -450.256 | -1.100.887,"-0,08% | -0,86% | -1,52% | -3,66% | -8,75% | -19,00%",,32ddías,4.693.259,4.696.975 | 4.734.135 | 4.765.486 | 4.871.513 | 5.143.515 | 5.794.146,Defensa
Moncayola,Osasuna,+102.995 | +158.791 | +239.917 | +582.028 | +1.168.939 | +744.927,"+1,57% | +2,43% | +3,72% | +9,54% | +21,20% | +12,54%",,14ddías,6.683.208,6.580.213 | 6.524.417 | 6.443.291 | 6.101.180 | 5.514.269 | 5.938.281,Mediocampista
Javi Muñoz,Getafe,-13.684 | -27.797 | -38.936 | -94.600 | -218.073 | -651.280,"-2,10% | -4,18% | -5,76% | -12,92% | -25,49% | -50,54%",,39ddías,637.437,651.121 | 665.234 | 676.373 | 732.037 | 855.510 | 1.288.717,Mediocampista
Moleiro,Villarreal,+870.318 | +1.691.481 | +2.913.300 | +8.660.913 | +8.980.752 | -29.304.715,"+1,32% | +2,60% | +4,56% | +14,91% | +15,54% | 0%",,10ddías,66.755.753,65.885.435 | 65.064.272 | 63.842.453 | 58.094.840 | 57.775.001 | 0,Mediocampista
Valles,Betis,+679.656 | +1.202.502 | +2.072.044 | +5.853.380 | +12.308.119 | +20.124.623,"+2,14% | +3,84% | +6,81% | +21,98% | +61,01% | +162,87%",,38ddías,32.480.947,31.801.291 | 31.278.445 | 30.408.903 | 26.627.567 | 20.172.828 | 12.356.324,Portero
Copete,Valencia,-67.215 | -136.370 | -206.837 | -507.729 | -1.148.944 | -3.182.293,"-3,26% | -6,39% | -9,38% | -20,27% | -36,51% | -61,44%",,39ddías,1.997.639,2.064.854 | 2.134.009 | 2.204.476 | 2.505.368 | 3.146.583 | 5.179.932,Defensa
Herrera,Osasuna,-56.706 | +57.198 | +515.643 | +3.280.721 | +9.675.947 | +20.758.005,"-0,14% | +0,14% | +1,30% | +8,90% | +31,74% | +106,98%",,1ddías,40.161.861,40.218.567 | 40.104.663 | 39.646.218 | 36.881.140 | 30.485.914 | 19.403.856,Portero
Torró,Osasuna,-11.557 | -33.820 | -52.787 | -143.110 | -369.328 | -1.260.823,"-0,46% | -1,33% | -2,07% | -5,41% | -12,86% | -33,51%",,35ddías,2.502.043,2.513.600 | 2.535.863 | 2.554.830 | 2.645.153 | 2.871.371 | 3.762.866,Mediocampista
Unai López,Rayo,+39.836 | +38.225 | +51.616 | -41.887 | -270.382 | -681.049,"+0,69% | +0,66% | +0,90% | -0,72% | -4,45% | -10,49%",,1ddías,5.808.607,5.768.771 | 5.770.382 | 5.756.991 | 5.850.494 | 6.078.989 | 6.489.656,Mediocampista
De Frutos,Rayo,-726.990 | -1.613.430 | -2.304.684 | -1.774.721 | +3.706.754 | +17.745.009,"-1,52% | -3,32% | -4,68% | -3,64% | +8,57% | +60,71%",,4ddías,46.972.582,47.699.572 | 48.586.012 | 49.277.266 | 48.747.303 | 43.265.828 | 29.227.573,Delantero
Soria,Getafe,+870.746 | +884.382 | +266.949 | -394.706 | -394.706 | -394.706,"+4,83% | +4,91% | +1,43% | -2,05% | -2,05% | -2,05%",,2ddías,18.901.648,18.030.902 | 18.017.266 | 18.634.699 | 19.296.354 | 19.296.354 | 19.296.354,Portero
Oyarzabal,Real Sociedad,-611.707 | -1.253.201 | -1.792.905 | -3.735.931 | -10.620.115 | -50.768.121,"-0,95% | -1,93% | -2,74% | -5,54% | -14,30% | 0%",,23ddías,63.643.053,64.254.760 | 64.896.254 | 65.435.958 | 67.378.984 | 74.263.168 | 0,Delantero
Remiro,Real Sociedad,-407.520 | -1.016.829 | -1.379.630 | -1.358.735 | +5.180.131 | +19.337.191,"-0,93% | -2,28% | -3,07% | -3,02% | +13,48% | +79,63%",,5ddías,43.621.955,44.029.475 | 44.638.784 | 45.001.585 | 44.980.690 | 38.441.824 | 24.284.764,Portero
Odriozola,Real Sociedad,-12.315 | -24.991 | -36.967 | -86.452 | -199.827 | -593.999,"-2,00% | -3,97% | -5,76% | -12,51% | -24,84% | -49,56%",,39ddías,604.571,616.886 | 629.562 | 641.538 | 691.023 | 804.398 | 1.198.570,Defensa
Aihen,Real Sociedad,-30.992 | -67.570 | -104.655 | -261.898 | -602.717 | -1.738.990,"-2,11% | -4,48% | -6,78% | -15,39% | -29,51% | -54,71%",,39ddías,1.439.718,1.470.710 | 1.507.288 | 1.544.373 | 1.701.616 | 2.042.435 | 3.178.708,Defensa
Zubeldia,Real Sociedad,+98.499 | +128.533 | +141.243 | +10.261 | -508.146 | -2.913.804,"+1,01% | +1,32% | +1,45% | +0,10% | -4,90% | -22,81%",,3ddías,9.859.367,9.760.868 | 9.730.834 | 9.718.124 | 9.849.106 | 10.367.513 | 12.773.171,Defensa
Barrenetxea,Real Sociedad,-223.109 | -609.764 | -966.667 | -2.837.539 | -7.314.161 | -1.478.081,"-0,67% | -1,81% | -2,84% | -7,90% | -18,11% | -4,28%",,17ddías,33.067.664,33.290.773 | 33.677.428 | 34.034.331 | 35.905.203 | 40.381.825 | 34.545.745,Mediocampista
Marín,Real Sociedad,-50.852 | -105.197 | -153.612 | -390.846 | -885.617 | -2.483.092,"-3,00% | -6,01% | -8,54% | -19,19% | -34,99% | -60,15%",,39ddías,1.645.406,1.696.258 | 1.750.603 | 1.799.018 | 2.036.252 | 2.531.023 | 4.128.498,Mediocampista
Zakharyan,Real Sociedad,-23.427 | -51.520 | -79.465 | -200.500 | -463.487 | -1.320.643,"-2,16% | -4,64% | -6,98% | -15,92% | -30,44% | -55,49%",,39ddías,1.059.278,1.082.705 | 1.110.798 | 1.138.743 | 1.259.778 | 1.522.765 | 2.379.921,Mediocampista
Mendy,Real Madrid,-18.572 | -37.767 | -56.532 | -136.125 | -308.902 | -921.047,"-2,40% | -4,77% | -6,97% | -15,28% | -29,04% | -54,96%",,39ddías,754.750,773.322 | 792.517 | 811.282 | 890.875 | 1.063.652 | 1.675.797,Defensa
Kubo,Real Sociedad,+462.965 | +703.536 | +1.025.989 | +316.621 | -3.125.314 | -10.178.661,"+2,03% | +3,12% | +4,62% | +1,38% | -11,85% | -30,45%",,4ddías,23.247.508,22.784.543 | 22.543.972 | 22.221.519 | 22.930.887 | 26.372.822 | 33.426.169,Mediocampista
Olasagasti,Levante,+91.192 | +163.862 | +251.654 | +486.390 | +544.983 | -827.678,"+2,19% | +4,01% | +6,30% | +12,94% | +14,72% | -16,31%",,11ddías,4.246.114,4.154.922 | 4.082.252 | 3.994.460 | 3.759.724 | 3.701.131 | 5.073.792,Mediocampista
Sadiq,Valencia,-75.959 | -163.218 | -335.369 | -1.261.511 | -3.166.087 | -7.147.124,"-1,08% | -2,30% | -4,61% | -15,38% | -31,33% | -50,74%",,37ddías,6.938.709,7.014.668 | 7.101.927 | 7.274.078 | 8.200.220 | 10.104.796 | 14.085.833,Delantero
Pacheco,Real Sociedad,0 | 0 | 0 | 0 | 0 | 0,"0,00% | 0,00% | 0,00% | 0,00% | 0,00% | 0,00%",,36ddías,4.015.452,4.015.452 | 4.015.452 | 4.015.452 | 4.015.452 | 4.015.452 | 4.015.452,Defensa
Turrientes,Real Sociedad,+70.131 | +125.739 | +192.480 | -33.367 | -723.062 | -2.968.442,"+1,01% | +1,83% | +2,83% | -0,48% | -9,38% | -29,82%",,4ddías,6.985.377,6.915.246 | 6.859.638 | 6.792.897 | 7.018.744 | 7.708.439 | 9.953.819,Mediocampista
Le Normand,Atlético,+12.022 | -92.933 | -189.905 | -552.113 | -1.297.365 | -3.408.148,"+0,12% | -0,94% | -1,89% | -5,31% | -11,65% | -25,72%",,1ddías,9.843.374,9.831.352 | 9.936.307 | 10.033.279 | 10.395.487 | 11.140.739 | 13.251.522,Defensa
Güler,Real Madrid,+605.626 | +640.842 | +582.757 | -1.513.351 | -6.297.496 | -20.037.130,"+1,20% | +1,27% | +1,15% | -2,87% | -10,94% | -28,09%",,2ddías,51.282.413,50.676.787 | 50.641.571 | 50.699.656 | 52.795.764 | 57.579.909 | 71.319.543,Mediocampista
Rüdiger,Real Madrid,-22.572 | -225.266 | -324.645 | -1.164.831 | -3.787.577 | -11.166.040,"-0,08% | -0,81% | -1,16% | -4,05% | -12,07% | -28,81%",,36ddías,27.597.229,27.619.801 | 27.822.495 | 27.921.874 | 28.762.060 | 31.384.806 | 38.763.269,Defensa
Balliu,Rayo,+27.247 | +42.952 | +62.973 | +95.106 | +36.359 | -331.323,"+3,08% | +4,94% | +7,41% | +11,64% | +4,15% | -26,64%",,7ddías,912.363,885.116 | 869.411 | 849.390 | 817.257 | 876.004 | 1.243.686,Defensa
Bellingham,Real Madrid,-362.598 | -1.235.378 | -2.012.816 | -4.408.231 | -10.378.207 | -43.851.998,"-0,41% | -1,38% | -2,22% | -4,74% | -10,49% | 0%",,22ddías,88.583.991,88.946.589 | 89.819.369 | 90.596.807 | 92.992.222 | 98.962.198 | 0,Mediocampista
Pathé Ciss,Rayo,+152.764 | +256.163 | +385.722 | +1.000.426 | +1.259.618 | +287.134,"+1,31% | +2,21% | +3,36% | +9,21% | +11,88% | +2,48%",,13ddías,11.858.452,11.705.688 | 11.602.289 | 11.472.730 | 10.858.026 | 10.598.834 | 11.571.318,Mediocampista
Valentín,Rayo,+55.030 | +72.801 | +119.760 | +178.684 | -53.813 | -1.516.363,"+1,56% | +2,07% | +3,45% | +5,23% | -1,48% | -29,68%",,7ddías,3.593.307,3.538.277 | 3.520.506 | 3.473.547 | 3.414.623 | 3.647.120 | 5.109.670,Mediocampista
Lejeune,Rayo,+40.135 | -103.902 | -182.852 | -1.187.452 | -5.314.689 | -37.774.192,"+0,11% | -0,27% | -0,48% | -3,01% | -12,21% | 0%",,1ddías,38.207.892,38.167.757 | 38.311.794 | 38.390.744 | 39.395.344 | 43.522.581 | 0,Defensa
Camello,Rayo,+535 | -12.981 | -25.800 | -74.736 | -257.188 | -1.330.482,"+0,02% | -0,42% | -0,83% | -2,36% | -7,68% | -30,10%",,1ddías,3.089.776,3.089.241 | 3.102.757 | 3.115.576 | 3.164.512 | 3.346.964 | 4.420.258,Delantero
Courtois,Real Madrid,+1.049.850 | +1.952.644 | +2.745.320 | +2.638.718 | +817.884 | +6.567.638,"+1,79% | +3,38% | +4,82% | +4,62% | +1,39% | +12,35%",,4ddías,59.755.555,58.705.705 | 57.802.911 | 57.010.235 | 57.116.837 | 58.937.671 | 53.187.917,Portero
Militão,Real Madrid,-382.568 | -763.332 | -1.150.665 | -2.762.619 | -6.176.990 | -16.326.668,"-2,99% | -5,80% | -8,49% | -18,22% | -33,25% | -56,84%",,39ddías,12.398.518,12.781.086 | 13.161.850 | 13.549.183 | 15.161.137 | 18.575.508 | 28.725.186,Defensa
Vinicius,Real Madrid,+1.029.829 | +2.040.646 | +3.883.340 | +9.578.603 | +1.930.994 | -46.917.101,"+0,97% | +1,93% | +3,74% | +9,77% | +1,83% | 0%",,7ddías,107.579.418,106.549.589 | 105.538.772 | 103.696.078 | 98.000.815 | 105.648.424 | 0,Delantero
Brahim,Real Madrid,-53.688 | -296.810 | -517.289 | -1.525.948 | -3.705.094 | -8.484.735,"-0,51% | -2,74% | -4,69% | -12,67% | -26,04% | -44,64%",,35ddías,10.521.574,10.575.262 | 10.818.384 | 11.038.863 | 12.047.522 | 14.226.668 | 19.006.309,Mediocampista
Rodrygo,Real Madrid,-66.528 | -141.574 | -217.934 | -522.248 | -1.118.381 | -2.466.213,"-2,10% | -4,36% | -6,56% | -14,39% | -26,48% | -44,26%",,29ddías,3.105.818,3.172.346 | 3.247.392 | 3.323.752 | 3.628.066 | 4.224.199 | 5.572.031,Delantero
Camavinga,Real Madrid,-167.587 | -420.037 | -660.069 | -1.682.727 | -3.995.819 | -9.896.289,"-1,57% | -3,85% | -5,93% | -13,84% | -27,61% | -48,57%",,39ddías,10.477.235,10.644.822 | 10.897.272 | 11.137.304 | 12.159.962 | 14.473.054 | 20.373.524,Mediocampista
Ortiz,Betis,0 | 0 | 0 | 0 | 0 | 0,"0,00% | 0,00% | 0,00% | 0,00% | 0,00% | 0,00%",,36ddías,1.706.372,1.706.372 | 1.706.372 | 1.706.372 | 1.706.372 | 1.706.372 | 1.706.372,Defensa
Valverde,Real Madrid,-353.165 | -940.770 | -1.354.354 | -4.135.268 | -8.380.029 | -26.952.723,"-0,51% | -1,34% | -1,92% | -5,65% | -10,82% | -28,06%",,39ddías,69.091.404,69.444.569 | 70.032.174 | 70.445.758 | 73.226.672 | 77.471.433 | 96.044.127,Mediocampista
Tchouaméni,Real Madrid,-627.553 | -1.273.099 | -1.894.806 | -4.108.143 | -10.235.410 | -14.688.210,"-1,46% | -2,91% | -4,27% | -8,82% | -19,41% | -25,69%",,24ddías,42.486.441,43.113.994 | 43.759.540 | 44.381.247 | 46.594.584 | 52.721.851 | 57.174.651,Mediocampista
Fran García,Betis,0 | 0 | 0 | 0 | 0 | 0,"0,00% | 0,00% | 0,00% | 0,00% | 0,00% | 0,00%",,37ddías,9.591.157,9.591.157 | 9.591.157 | 9.591.157 | 9.591.157 | 9.591.157 | 9.591.157,Defensa
Diego Rico,Osasuna,0 | 0 | 0 | 0 | 0 | 0,"0,00% | 0,00% | 0,00% | 0,00% | 0,00% | 0,00%",,36ddías,4.918.952,4.918.952 | 4.918.952 | 4.918.952 | 4.918.952 | 4.918.952 | 4.918.952,Defensa
Carmona,Sevilla,-6.180 | -40.038 | -71.757 | -200.921 | -556.681 | -1.779.998,"-0,14% | -0,91% | -1,61% | -4,39% | -11,29% | -28,93%",,34ddías,4.372.371,4.378.551 | 4.412.409 | 4.444.128 | 4.573.292 | 4.929.052 | 6.152.369,Defensa
Fraga,Real Sociedad,0 | 0 | 0 | 0 | 0 | 0,"0,00% | 0,00% | 0,00% | 0,00% | 0,00% | 0,00%",,36ddías,602.234,602.234 | 602.234 | 602.234 | 602.234 | 602.234 | 602.234,Portero
Villalibre,Racing,+113.459 | +22.826 | -218.274 | -474.713 | -474.713 | -474.713,"+1,63% | +0,32% | -3,00% | -6,31% | -6,31% | -6,31%",,1ddías,7.053.233,6.939.774 | 7.030.407 | 7.271.507 | 7.527.946 | 7.527.946 | 7.527.946,Delantero
I. Williams,Athletic,-200.931 | -561.619 | -879.700 | -2.375.904 | -976.666 | +5.136.988,"-0,72% | -1,99% | -3,08% | -7,91% | -3,41% | +22,81%",,8ddías,27.652.848,27.853.779 | 28.214.467 | 28.532.548 | 30.028.752 | 28.629.514 | 22.515.860,Delantero
N. Williams,Athletic,-1.069.356 | -2.302.150 | -3.682.798 | -9.301.606 | -7.941.724 | +23.459.841,"-1,61% | -3,41% | -5,35% | -12,48% | -10,86% | 0%",,9ddías,65.213.556,66.282.912 | 67.515.706 | 68.896.354 | 74.515.162 | 73.155.280 | 0,Delantero
Guruzeta,Athletic,+175.511 | +294.722 | +532.195 | +1.135.819 | +1.844.154 | +426.334,"+1,31% | +2,23% | +4,09% | +9,16% | +15,78% | +3,25%",,13ddías,13.531.928,13.356.417 | 13.237.206 | 12.999.733 | 12.396.109 | 11.687.774 | 13.105.594,Delantero
Agirrezabala,Racing,0 | 0 | 0 | 0 | 0 | 0,"0,00% | 0,00% | 0,00% | 0,00% | 0,00% | 0,00%",,36ddías,2.911.085,2.911.085 | 2.911.085 | 2.911.085 | 2.911.085 | 2.911.085 | 2.911.085,Portero
R. de Galarreta,Athletic,+226.885 | +283.837 | +457.833 | +1.319.026 | +1.868.064 | +455.671,"+1,90% | +2,39% | +3,91% | +12,15% | +18,12% | +3,89%",,14ddías,12.176.221,11.949.336 | 11.892.384 | 11.718.388 | 10.857.195 | 10.308.157 | 11.720.550,Mediocampista
Yuri,Athletic,-40.209 | -135.793 | -168.408 | -824.104 | -2.314.269 | -5.513.230,"-0,32% | -1,07% | -1,32% | -6,16% | -15,56% | -30,51%",,24ddías,12.554.545,12.594.754 | 12.690.338 | 12.722.953 | 13.378.649 | 14.868.814 | 18.067.775,Defensa
Prados,Athletic,-27.874 | -59.776 | -91.721 | -219.664 | -499.538 | -1.425.017,"-1,87% | -3,92% | -5,89% | -13,03% | -25,41% | -49,29%",,39ddías,1.465.997,1.493.871 | 1.525.773 | 1.557.718 | 1.685.661 | 1.965.535 | 2.891.014,Mediocampista
Berenguer,Athletic,-51.709 | -178.840 | -270.479 | -658.274 | -1.535.494 | -3.128.602,"-0,57% | -1,94% | -2,91% | -6,79% | -14,53% | -25,72%",,30ddías,9.034.489,9.086.198 | 9.213.329 | 9.304.968 | 9.692.763 | 10.569.983 | 12.163.091,Delantero
Egiluz,Athletic,-4.625 | -9.291 | -12.922 | -25.407 | -57.545 | -150.506,"-1,09% | -2,16% | -2,98% | -5,70% | -12,05% | -26,38%",,39ddías,420.012,424.637 | 429.303 | 432.934 | 445.419 | 477.557 | 570.518,Defensa
Giménez,Atlético,-100.165 | -205.646 | -319.170 | -794.900 | -1.765.522 | -4.535.569,"-2,06% | -4,15% | -6,29% | -14,33% | -27,08% | -48,83%",,34ddías,4.753.767,4.853.932 | 4.959.413 | 5.072.937 | 5.548.667 | 6.519.289 | 9.289.336,Defensa
Koke,Atlético,-579.888 | -1.201.016 | -1.201.016 | -1.201.016 | -1.201.016 | -1.201.016,"-3,38% | -6,76% | -6,76% | -6,76% | -6,76% | -6,76%",,2ddías,16.566.655,17.146.543 | 17.767.671 | 17.767.671 | 17.767.671 | 17.767.671 | 17.767.671,Mediocampista
Oblak,Atlético,-446.535 | -1.029.272 | -1.394.567 | -2.329.922 | +1.175.225 | +11.047.719,"-0,84% | -1,91% | -2,57% | -4,21% | +2,27% | +26,36%",,6ddías,52.957.901,53.404.436 | 53.987.173 | 54.352.468 | 55.287.823 | 51.782.676 | 41.910.182,Portero
M. Llorente,Atlético,-556.334 | -1.277.494 | -1.952.640 | -5.139.513 | -12.459.245 | -6.365.516,"-1,07% | -2,43% | -3,66% | -9,09% | -19,51% | -11,02%",,19ddías,51.397.284,51.953.618 | 52.674.778 | 53.349.924 | 56.536.797 | 63.856.529 | 57.762.800,Defensa
Galán,Celta,-315.739 | -714.111 | -1.184.709 | -1.467.448 | -1.467.448 | -1.346.437,"-2,37% | -5,20% | -8,35% | -10,14% | -10,14% | -9,38%",,4ddías,13.008.381,13.324.120 | 13.722.492 | 14.193.090 | 14.475.829 | 14.475.829 | 14.354.818,Defensa
Sancet,Athletic,-926.621 | -2.046.505 | -3.039.966 | -2.987.248 | +3.139.619 | +18.847.528,"-1,88% | -4,06% | -5,91% | -5,81% | +6,93% | +63,74%",,5ddías,48.416.099,49.342.720 | 50.462.604 | 51.456.065 | 51.403.347 | 45.276.480 | 29.568.571,Mediocampista
Yeray,Athletic,+81.742 | +141.724 | +221.227 | +483.216 | +565.310 | -344.080,"+1,82% | +3,20% | +5,08% | +11,81% | +14,10% | -6,99%",,11ddías,4.575.181,4.493.439 | 4.433.457 | 4.353.954 | 4.091.965 | 4.009.871 | 4.919.261,Defensa
Riquelme,Betis,+128.657 | +229.222 | +359.733 | +516.554 | +304.899 | -859.388,"+3,43% | +6,28% | +10,23% | +15,37% | +8,53% | -18,14%",,7ddías,3.877.414,3.748.757 | 3.648.192 | 3.517.681 | 3.360.860 | 3.572.515 | 4.736.802,Mediocampista
Kike García,Espanyol,-127.617 | -260.343 | -392.362 | -961.420 | -1.869.219 | -4.298.549,"-3,30% | -6,51% | -9,49% | -20,45% | -33,32% | -53,47%",,37ddías,3.740.131,3.867.748 | 4.000.474 | 4.132.493 | 4.701.551 | 5.609.350 | 8.038.680,Delantero
Gorosabel,Athletic,-47.514 | -103.920 | -169.743 | -482.547 | -1.142.039 | -2.864.182,"-1,98% | -4,24% | -6,74% | -17,05% | -32,72% | -54,95%",,39ddías,2.348.450,2.395.964 | 2.452.370 | 2.518.193 | 2.830.997 | 3.490.489 | 5.212.632,Defensa
Abqar,Getafe,+170.241 | +292.856 | +476.259 | +1.086.230 | +2.005.977 | +1.232.479,"+2,52% | +4,42% | +7,39% | +18,61% | +40,80% | +21,66%",,18ddías,6.922.962,6.752.721 | 6.630.106 | 6.446.703 | 5.836.732 | 4.916.985 | 5.690.483,Defensa
Guevara,Alavés,-18.236 | -43.916 | -66.613 | -171.198 | -416.245 | -1.255.218,"-1,56% | -3,68% | -5,48% | -12,96% | -26,58% | -52,19%",,39ddías,1.149.723,1.167.959 | 1.193.639 | 1.216.336 | 1.320.921 | 1.565.968 | 2.404.941,Mediocampista
Blanco,Alavés,-7.191 | -92.877 | -122.619 | -571.253 | -1.784.739 | -6.072.120,"-0,05% | -0,62% | -0,81% | -3,68% | -10,66% | -28,88%",,31ddías,14.954.947,14.962.138 | 15.047.824 | 15.077.566 | 15.526.200 | 16.739.686 | 21.027.067,Mediocampista
Rioja,Valencia,-427.166 | -874.803 | -1.328.473 | -3.263.572 | -5.617.419 | -9.891.191,"-3,18% | -6,30% | -9,26% | -20,04% | -30,14% | -43,17%",,39ddías,13.018.812,13.445.978 | 13.893.615 | 14.347.285 | 16.282.384 | 18.636.231 | 22.910.003,Mediocampista
Tenaglia,Alavés,+28.153 | +5.077 | -19.690 | -179.121 | -707.574 | -2.730.712,"+0,20% | +0,04% | -0,14% | -1,23% | -4,69% | -15,97%",,1ddías,14.370.975,14.342.822 | 14.365.898 | 14.390.665 | 14.550.096 | 15.078.549 | 17.101.687,Defensa
Guridi,Sevilla,-164.006 | -333.883 | -333.883 | -333.883 | -333.883 | -333.883,"-3,38% | -6,65% | -6,65% | -6,65% | -6,65% | -6,65%",,2ddías,4.685.432,4.849.438 | 5.019.315 | 5.019.315 | 5.019.315 | 5.019.315 | 5.019.315,Mediocampista
Paredes,Athletic,+155.553 | +251.912 | +345.562 | +647.440 | +745.382 | -656.983,"+3,24% | +5,35% | +7,49% | +15,01% | +17,68% | -11,69%",,11ddías,4.961.926,4.806.373 | 4.710.014 | 4.616.364 | 4.314.486 | 4.216.544 | 5.618.909,Defensa
Rebbach,Alavés,-77.902 | -165.994 | -258.939 | -590.573 | -1.225.100 | -3.413.999,"-2,00% | -4,17% | -6,36% | -13,41% | -24,32% | -47,24%",,37ddías,3.812.862,3.890.764 | 3.978.856 | 4.071.801 | 4.403.435 | 5.037.962 | 7.226.861,Delantero
Carlos BenavidezProtesoni,Alavés,-98.414 | -200.036 | -200.036 | -200.036 | -200.036 | -200.036,"-3,38% | -6,64% | -6,64% | -6,64% | -6,64% | -6,64%",,2ddías,2.811.552,2.909.966 | 3.011.588 | 3.011.588 | 3.011.588 | 3.011.588 | 3.011.588,Mediocampista
Owono,Alavés,-26.714 | +140.079 | +140.079 | +140.079 | +140.079 | +140.079,"-2,73% | 0% | 0% | 0% | 0% | 0%",,1ddías,950.147,976.861 | 0 | 0 | 0 | 0 | 0,Portero
Pubill,Atlético,-1.103.262 | -2.397.763 | -3.730.413 | -9.549.865 | -10.644.341 | +12.157.986,"-1,79% | -3,80% | -5,79% | -13,60% | -14,93% | +25,06%",,10ddías,60.674.061,61.777.323 | 63.071.824 | 64.404.474 | 70.223.926 | 71.318.402 | 48.516.075,Defensa
Unai Simón,Athletic,-637.412 | -1.649.527 | -2.503.500 | -4.202.581 | +3.850.294 | +29.039.973,"-1,14% | -2,91% | -4,35% | -7,09% | +7,51% | +111,39%",,6ddías,55.111.077,55.748.489 | 56.760.604 | 57.614.577 | 59.313.658 | 51.260.783 | 26.071.104,Portero
Vivian,Athletic,-346.329 | -711.068 | -1.071.466 | -2.551.468 | -5.521.130 | -10.932.050,"-3,02% | -6,00% | -8,78% | -18,64% | -33,14% | -49,53%",,28ddías,11.138.189,11.484.518 | 11.849.257 | 12.209.655 | 13.689.657 | 16.659.319 | 22.070.239,Defensa
Barrios,Atlético,-257.810 | -779.622 | -1.433.917 | -5.890.599 | -12.914.501 | -186.375,"-0,62% | -1,84% | -3,34% | -12,43% | -23,73% | -0,45%",,13ddías,41.517.938,41.775.748 | 42.297.560 | 42.951.855 | 47.408.537 | 54.432.439 | 41.704.313,Mediocampista
Balde,Barcelona,+35.329 | -82.112 | -180.382 | -1.735.122 | -4.902.697 | +1.738.940,"+0,15% | -0,36% | -0,78% | -7,04% | -17,62% | +8,21%",,1ddías,22.924.971,22.889.642 | 23.007.083 | 23.105.353 | 24.660.093 | 27.827.668 | 21.186.031,Defensa
Aleñá,Alavés,-3.676 | -36.080 | -54.590 | -221.906 | -641.325 | -2.108.221,"-0,09% | -0,92% | -1,38% | -5,38% | -14,12% | -35,08%",,39ddías,3.901.295,3.904.971 | 3.937.375 | 3.955.885 | 4.123.201 | 4.542.620 | 6.009.516,Mediocampista
U. Núñez,Espanyol,+31.290 | +12.406 | -10.804 | -137.408 | -783.078 | -1.415.615,"+0,88% | +0,35% | -0,30% | -3,67% | -17,85% | -28,20%",,1ddías,3.603.499,3.572.209 | 3.591.093 | 3.614.303 | 3.740.907 | 4.386.577 | 5.019.114,Defensa
Marc Roca,Betis,+64.754 | +102.379 | +171.455 | +480.060 | +725.902 | -52.485,"+1,23% | +1,96% | +3,32% | +9,89% | +15,75% | -0,97%",,13ddías,5.334.336,5.269.582 | 5.231.957 | 5.162.881 | 4.854.276 | 4.608.434 | 5.386.821,Mediocampista
Isco,Betis,-404.635 | -1.012.459 | -1.407.105 | -3.632.875 | -12.333.329 | +44.766.567,"-0,72% | -1,79% | -2,47% | -6,13% | -18,14% | 0%",,23ddías,55.659.078,56.063.713 | 56.671.537 | 57.066.183 | 59.291.953 | 67.992.407 | 0,Mediocampista
Ruibal,Betis,-75.673 | -154.681 | -234.678 | -577.934 | -1.303.678 | -3.643.044,"-3,04% | -6,02% | -8,85% | -19,30% | -35,05% | -60,13%",,39ddías,2.415.967,2.491.640 | 2.570.648 | 2.650.645 | 2.993.901 | 3.719.645 | 6.059.011,Delantero
Navarro,Athletic,+20.659 | +23.218 | +31.734 | +7.405 | -127.669 | -747.310,"+0,99% | +1,12% | +1,54% | +0,35% | -5,73% | -26,26%",,4ddías,2.098.597,2.077.938 | 2.075.379 | 2.066.863 | 2.091.192 | 2.226.266 | 2.845.907,Mediocampista
Chust,Elche,0 | 0 | 0 | 0 | 0 | 0,"0,00% | 0,00% | 0,00% | 0,00% | 0,00% | 0,00%",,36ddías,5.019.376,5.019.376 | 5.019.376 | 5.019.376 | 5.019.376 | 5.019.376 | 5.019.376,Defensa
Starfelt,Celta,+205.303 | +263.651 | +547.677 | +1.549.188 | +3.458.003 | +2.827.461,"+1,51% | +1,95% | +4,14% | +12,67% | +33,51% | +25,82%",,16ddías,13.778.051,13.572.748 | 13.514.400 | 13.230.374 | 12.228.863 | 10.320.048 | 10.950.590,Defensa
Dotor,Málaga,-131.059 | -270.736 | -270.736 | -270.736 | -270.736 | -266.333,"-3,38% | -6,74% | -6,74% | -6,74% | -6,74% | 0%",,2ddías,3.744.168,3.875.227 | 4.014.904 | 4.014.904 | 4.014.904 | 4.014.904 | 0,Mediocampista
Bartra,Betis,+115.797 | +188.868 | +413.330 | +1.594.419 | +3.653.382 | +8.335.069,"+0,42% | +0,68% | +1,50% | +6,06% | +15,06% | +42,57%",,33ddías,27.915.233,27.799.436 | 27.726.365 | 27.501.903 | 26.320.814 | 24.261.851 | 19.580.164,Defensa
Carles Pérez,Celta,-34.395 | -72.435 | -109.912 | -274.953 | -619.356 | -388.856,"-2,71% | -5,54% | -8,17% | -18,21% | -33,40% | 0%",,16ddías,1.235.210,1.269.605 | 1.307.645 | 1.345.122 | 1.510.163 | 1.854.566 | 0,Delantero
Aspas,Celta,-91.749 | -210.638 | -323.456 | -787.211 | -1.699.264 | -4.298.435,"-1,25% | -2,82% | -4,27% | -9,80% | -18,99% | -37,23%",,33ddías,7.247.396,7.339.145 | 7.458.034 | 7.570.852 | 8.034.607 | 8.946.660 | 11.545.831,Delantero
Iván Villar,Celta,-12.856 | -34.310 | -53.060 | -145.102 | -328.439 | -1.018.422,"-1,27% | -3,32% | -5,05% | -12,69% | -24,76% | -50,51%",,39ddías,998.044,1.010.900 | 1.032.354 | 1.051.104 | 1.143.146 | 1.326.483 | 2.016.466,Portero
Swedberg,Celta,-32.190 | -102.111 | -188.419 | -476.899 | -1.193.815 | -3.904.469,"-0,40% | -1,25% | -2,28% | -5,58% | -12,88% | -32,60%",,36ddías,8.072.617,8.104.807 | 8.174.728 | 8.261.036 | 8.549.516 | 9.266.432 | 11.977.086,Mediocampista
Sotelo,Levante,0 | 0 | 0 | 0 | 0 | -352.754,"0,00% | 0,00% | 0,00% | 0,00% | 0,00% | -20,33%",,14ddías,1.382.803,1.382.803 | 1.382.803 | 1.382.803 | 1.382.803 | 1.382.803 | 1.735.557,Mediocampista
Djené,Getafe,+374.527 | -191.757 | -191.757 | -191.757 | -191.757 | -191.757,"+4,76% | -2,27% | -2,27% | -2,27% | -2,27% | -2,27%",,1ddías,8.240.735,7.866.208 | 8.432.492 | 8.432.492 | 8.432.492 | 8.432.492 | 8.432.492,Defensa
Juan Cruz,Málaga,-550.617 | -4.238.037 | -4.238.037 | -4.238.037 | -4.238.037 | -4.238.037,"-3,38% | 0% | 0% | 0% | 0% | 0%",,1ddías,15.730.406,16.281.023 | 0 | 0 | 0 | 0 | 0,Mediocampista
Ayoze,Villarreal,+397.324 | +614.302 | +849.981 | +677.877 | -101.086 | -2.157.965,"+2,42% | +3,79% | +5,32% | +4,20% | -0,60% | -11,37%",,4ddías,16.818.596,16.421.272 | 16.204.294 | 15.968.615 | 16.140.719 | 16.919.682 | 18.976.561,Delantero
Gavi,Barcelona,-751.884 | -1.609.460 | -2.432.146 | -5.318.458 | -3.284.144 | +6.973.046,"-2,20% | -4,60% | -6,79% | -13,74% | -8,95% | +26,39%",,8ddías,33.400.322,34.152.206 | 35.009.782 | 35.832.468 | 38.718.780 | 36.684.466 | 26.427.276,Mediocampista
Koundé,Barcelona,-668.136 | -1.415.158 | -2.061.219 | -5.111.366 | -10.811.089 | -366.471,"-1,57% | -3,26% | -4,69% | -10,86% | -20,50% | -0,87%",,15ddías,41.934.711,42.602.847 | 43.349.869 | 43.995.930 | 47.046.077 | 52.745.800 | 42.301.182,Defensa
Ferran,Barcelona,-1.883.343 | -3.809.720 | -5.725.550 | -13.316.966 | -6.473.268 | +2.048.204,"-3,11% | -6,10% | -8,89% | -18,49% | -9,93% | +3,62%",,8ddías,58.686.910,60.570.253 | 62.496.630 | 64.412.460 | 72.003.876 | 65.160.178 | 56.638.706,Delantero
Pedri,Barcelona,-112.634 | -680.571 | -1.333.635 | -3.970.443 | -10.736.438 | -90.392.433,"-0,13% | -0,77% | -1,49% | -4,31% | -10,86% | 0%",,22ddías,88.145.159,88.257.793 | 88.825.730 | 89.478.794 | 92.115.602 | 98.881.597 | 0,Mediocampista
Raphinha,Barcelona,+2.908.222 | +5.192.469 | +7.678.017 | +12.338.230 | +8.621.458 | -18.503.276,"+3,68% | +6,76% | +10,33% | +17,72% | +11,75% | -18,41%",,7ddías,81.979.595,79.071.373 | 76.787.126 | 74.301.578 | 69.641.365 | 73.358.137 | 100.482.871,Delantero
A. Christensen,Barcelona,0 | 0 | 0 | 0 | 0 | 0,"0,00% | 0,00% | 0,00% | 0,00% | 0,00% | 0,00%",,36ddías,5.019.340,5.019.340 | 5.019.340 | 5.019.340 | 5.019.340 | 5.019.340 | 5.019.340,Defensa
M. Alonso,Celta,-88.816 | -394.856 | -629.313 | -2.886.458 | -42.257.687 | -42.257.687,"-0,30% | -1,32% | -2,09% | -8,93% | 0% | 0%",,7ddías,29.446.432,29.535.248 | 29.841.288 | 30.075.745 | 32.332.890 | 0 | 0,Defensa
F. de Jong,Barcelona,-926.766 | -1.897.064 | -2.878.665 | -7.081.718 | -15.462.943 | -17.003.239,"-3,24% | -6,42% | -9,42% | -20,38% | -35,85% | -38,06%",,15ddías,27.668.901,28.595.667 | 29.565.965 | 30.547.566 | 34.750.619 | 43.131.844 | 44.672.140,Mediocampista
Yamal,Barcelona,-464.981 | -1.397.473 | -1.623.209 | -446.296 | -3.757.403 | +57.018.319,"-0,36% | -1,09% | -1,26% | -0,35% | -2,87% | 0%",,3ddías,127.314.502,127.779.483 | 128.711.975 | 128.937.711 | 127.760.798 | 131.071.905 | 0,Delantero
Iglesias,Celta,-260.074 | -690.193 | -980.435 | -2.872.903 | -5.052.444 | +2.659.699,"-0,94% | -2,46% | -3,47% | -9,52% | -15,61% | +10,79%",,12ddías,27.309.610,27.569.684 | 27.999.803 | 28.290.045 | 30.182.513 | 32.362.054 | 24.649.911,Delantero
Casadó,Barcelona,-22.805 | -53.755 | -78.368 | -191.330 | -350.292 | -839.878,"-1,29% | -2,98% | -4,29% | -9,86% | -16,69% | -32,44%",,39ddías,1.748.885,1.771.690 | 1.802.640 | 1.827.253 | 1.940.215 | 2.099.177 | 2.588.763,Mediocampista
Cubarsí,Barcelona,-1.146.320 | -2.494.072 | -3.665.065 | -8.887.959 | -19.867.852 | +5.713.472,"-1,44% | -3,07% | -4,45% | -10,15% | -20,15% | +7,83%",,15ddías,78.709.126,79.855.446 | 81.203.198 | 82.374.191 | 87.597.085 | 98.576.978 | 72.995.654,Defensa
Fermín,Barcelona,+1.629.831 | +2.787.857 | +3.794.002 | +2.500.382 | -2.091.395 | -26.534.213,"+2,66% | +4,64% | +6,42% | +4,14% | -3,22% | -29,67%",,4ddías,62.906.796,61.276.965 | 60.118.939 | 59.112.794 | 60.406.414 | 64.998.191 | 89.441.009,Mediocampista
Bellerín,Betis,+295.184 | +458.694 | +804.407 | +1.837.324 | +3.505.269 | +2.817.259,"+2,19% | +3,45% | +6,21% | +15,42% | +34,20% | +25,76%",,16ddías,13.754.883,13.459.699 | 13.296.189 | 12.950.476 | 11.917.559 | 10.249.614 | 10.937.624,Defensa
Guido,Valencia,-149.625 | -397.579 | -629.640 | -2.593.867 | +23.980.592 | +23.980.592,"-0,57% | -1,51% | -2,37% | -9,10% | 0% | 0%",,7ddías,25.906.133,26.055.758 | 26.303.712 | 26.535.773 | 28.500.000 | 0 | 0,Mediocampista
Abde,Betis,-1.106.973 | -2.339.848 | -3.626.980 | -8.766.040 | -20.190.187 | -85.517.234,"-2,33% | -4,80% | -7,26% | -15,90% | -30,34% | 0%",,23ddías,46.364.883,47.471.856 | 48.704.731 | 49.991.863 | 55.130.923 | 66.555.070 | 0,Delantero
Marrero,Real Sociedad,-19.886 | -47.318 | -72.441 | -188.645 | -413.017 | -1.249.921,"-1,68% | -3,90% | -5,86% | -13,94% | -26,18% | -51,77%",,39ddías,1.164.495,1.184.381 | 1.211.813 | 1.236.936 | 1.353.140 | 1.577.512 | 2.414.416,Portero
Lunin,Real Madrid,-25.736 | -65.954 | -102.859 | -236.014 | -488.357 | -1.354.909,"-1,17% | -2,96% | -4,54% | -9,83% | -18,40% | -38,49%",,39ddías,2.165.038,2.190.774 | 2.230.992 | 2.267.897 | 2.401.052 | 2.653.395 | 3.519.947,Portero
Urko,Espanyol,-652 | -17.414 | -26.187 | -125.282 | -406.298 | -1.629.689,"-0,01% | -0,37% | -0,55% | -2,58% | -7,90% | -25,60%",,36ddías,4.735.126,4.735.778 | 4.752.540 | 4.761.313 | 4.860.408 | 5.141.424 | 6.364.815,Mediocampista
Bernal,Barcelona,+303.597 | +560.875 | +816.668 | +1.900.422 | +3.168.417 | +3.044.338,"+4,78% | +9,20% | +13,98% | +39,94% | +90,79% | +84,24%",,13ddías,6.658.262,6.354.665 | 6.097.387 | 5.841.594 | 4.757.840 | 3.489.845 | 3.613.924,Mediocampista
Benito,Osasuna,-10.202 | -20.677 | -30.360 | -69.678 | -160.728 | -472.131,"-1,81% | -3,60% | -5,20% | -11,17% | -22,49% | -46,02%",,39ddías,553.857,564.059 | 574.534 | 584.217 | 623.535 | 714.585 | 1.025.988,Delantero
Mario Martín,Getafe,-131.033 | -272.048 | -272.048 | -272.048 | -272.048 | -272.048,"-3,38% | -6,77% | -6,77% | -6,77% | -6,77% | -6,77%",,2ddías,3.743.424,3.874.457 | 4.015.472 | 4.015.472 | 4.015.472 | 4.015.472 | 4.015.472,Mediocampista
Olmo,Barcelona,-801.514 | -1.662.276 | -2.513.588 | -5.804.302 | -14.844.027 | -40.885.747,"-1,24% | -2,55% | -3,80% | -8,36% | -18,92% | 0%",,23ddías,63.593.983,64.395.497 | 65.256.259 | 66.107.571 | 69.398.285 | 78.438.010 | 0,Mediocampista
Musso,Atlético,-97.460 | -203.586 | -311.169 | -740.924 | -1.592.916 | -4.118.384,"-2,09% | -4,26% | -6,37% | -13,94% | -25,83% | -47,38%",,39ddías,4.573.000,4.670.460 | 4.776.586 | 4.884.169 | 5.313.924 | 6.165.916 | 8.691.384,Portero
Dmitrovic,Espanyol,+326.606 | +583.770 | +1.077.955 | +3.854.406 | +10.150.212 | +19.978.438,"+0,88% | +1,58% | +2,97% | +11,48% | +37,22% | +114,55%",,38ddías,37.419.318,37.092.712 | 36.835.548 | 36.341.363 | 33.564.912 | 27.269.106 | 17.440.880,Portero
Martín,Barcelona,+938.766 | +1.643.704 | +2.563.152 | +5.763.187 | +4.282.833 | +4.282.833,"+2,77% | +4,96% | +7,95% | +19,85% | +14,03% | +14,03%",,9ddías,34.800.429,33.861.663 | 33.156.725 | 32.237.277 | 29.037.242 | 30.517.596 | 30.517.596,Defensa
Natan,Betis,-635.388 | -1.437.585 | -2.075.623 | -1.935.139 | +2.584.816 | +13.237.030,"-1,53% | -3,39% | -4,82% | -4,51% | +6,73% | +47,65%",,5ddías,41.016.243,41.651.631 | 42.453.828 | 43.091.866 | 42.951.382 | 38.431.427 | 27.779.213,Defensa
Ferrer,Getafe,0 | 0 | 0 | 0 | 0 | 0,"0,00% | 0,00% | 0,00% | 0,00% | 0,00% | 0,00%",,36ddías,702.705,702.705 | 702.705 | 702.705 | 702.705 | 702.705 | 702.705,Portero
Durán,Celta,-29.669 | -62.169 | -94.316 | -233.309 | -523.468 | -1.405.002,"-2,69% | -5,48% | -8,09% | -17,87% | -32,81% | -56,72%",,39ddías,1.072.168,1.101.837 | 1.134.337 | 1.166.484 | 1.305.477 | 1.595.636 | 2.477.170,Delantero
Javi Rodríguez,Celta,0 | 0 | 0 | 0 | 0 | 0,"0,00% | 0,00% | 0,00% | 0,00% | 0,00% | 0,00%",,36ddías,10.037.652,10.037.652 | 10.037.652 | 10.037.652 | 10.037.652 | 10.037.652 | 10.037.652,Defensa
Hugo Álvarez,Celta,-34.674 | -74.755 | -118.040 | -303.052 | -808.848 | -2.536.937,"-1,13% | -2,40% | -3,73% | -9,05% | -20,99% | -45,46%",,39ddías,3.044.160,3.078.834 | 3.118.915 | 3.162.200 | 3.347.212 | 3.853.008 | 5.581.097,Mediocampista
Berrocal,Getafe,-57.105 | +648.227 | +648.227 | +648.227 | +648.227 | +648.227,"-3,29% | 0% | 0% | 0% | 0% | 0%",,1ddías,1.679.537,1.736.642 | 0 | 0 | 0 | 0 | 0,Defensa
Jon Martín,Real Sociedad,0 | 0 | 0 | 0 | 0 | 0,"0,00% | 0,00% | 0,00% | 0,00% | 0,00% | 0,00%",,36ddías,30.111.790,30.111.790 | 30.111.790 | 30.111.790 | 30.111.790 | 30.111.790 | 30.111.790,Defensa
Aramburu,Real Sociedad,+267.620 | +459.259 | +618.912 | +1.611.200 | +4.328.889 | +8.569.941,"+1,58% | +2,75% | +3,74% | +10,35% | +33,70% | +99,59%",,38ddías,17.175.226,16.907.606 | 16.715.967 | 16.556.314 | 15.564.026 | 12.846.337 | 8.605.285,Defensa
Leo Román,Deportivo,+796.940 | +1.248.273 | +1.897.656 | +5.469.119 | +11.835.636 | +34.116.844,"+2,26% | +3,59% | +5,57% | +17,92% | +49,01% | 0%",,15ddías,35.985.266,35.188.326 | 34.736.993 | 34.087.610 | 30.516.147 | 24.149.630 | 0,Portero
Boiro,Athletic,-8.028 | -14.012 | -21.243 | -49.691 | -115.486 | -315.246,"-1,57% | -2,72% | -4,06% | -9,01% | -18,71% | -38,59%",,23ddías,501.690,509.718 | 515.702 | 522.933 | 551.381 | 617.176 | 816.936,Defensa
Logan Costa,Villarreal,-18.729 | -45.341 | -68.487 | -169.683 | -399.342 | -1.199.443,"-1,43% | -3,40% | -5,05% | -11,64% | -23,66% | -48,22%",,39ddías,1.288.238,1.306.967 | 1.333.579 | 1.356.725 | 1.457.921 | 1.687.580 | 2.487.681,Defensa
Bretones,Osasuna,+153.047 | +259.195 | +397.495 | +888.866 | +1.585.680 | +1.615.048,"+4,34% | +7,58% | +12,11% | +31,84% | +75,70% | +78,20%",,21ddías,3.680.272,3.527.225 | 3.421.077 | 3.282.777 | 2.791.406 | 2.094.592 | 2.065.224,Defensa
Andrés Martín,Racing,-92.437 | -259.743 | -415.708 | -1.433.172 | -3.645.387 | -9.747.121,"-0,48% | -1,33% | -2,11% | -6,93% | -15,92% | -33,61%",,30ddías,19.252.879,19.345.316 | 19.512.622 | 19.668.587 | 20.686.051 | 22.898.266 | 29.000.000,Delantero
Danjuma,Valencia,+51.815 | +87.147 | +169.284 | +593.454 | +721.307 | -302.532,"+1,02% | +1,73% | +3,41% | +13,09% | +16,37% | -5,57%",,11ddías,5.127.076,5.075.261 | 5.039.929 | 4.957.792 | 4.533.622 | 4.405.769 | 5.429.608,Delantero
Pépé,Villarreal,+494.489 | +480.809 | +452.852 | -1.315.316 | -6.903.147 | -42.331.135,"+1,01% | +0,98% | +0,92% | -2,58% | -12,21% | 0%",,1ddías,49.633.802,49.139.313 | 49.152.993 | 49.180.950 | 50.949.118 | 56.536.949 | 0,Delantero
Pape Gueye,Villarreal,+626.479 | +1.056.899 | +1.761.437 | +5.090.210 | +9.513.935 | +1.987.662,"+1,30% | +2,22% | +3,75% | +11,66% | +24,25% | +4,25%",,14ddías,48.749.152,48.122.673 | 47.692.253 | 46.987.715 | 43.658.942 | 39.235.217 | 46.761.490,Mediocampista
Losada,Betis,0 | 0 | 0 | 0 | 0 | 0,"0,00% | 0,00% | 0,00% | 0,00% | 0,00% | 0,00%",,36ddías,2.509.378,2.509.378 | 2.509.378 | 2.509.378 | 2.509.378 | 2.509.378 | 2.509.378,Delantero
D. Llorente,Betis,+101.855 | +201.138 | +348.292 | +1.240.725 | +3.061.251 | +3.909.035,"+0,79% | +1,57% | +2,74% | +10,52% | +30,68% | +42,81%",,23ddías,13.039.778,12.937.923 | 12.838.640 | 12.691.486 | 11.799.053 | 9.978.527 | 9.130.743,Defensa
Pedro Díaz,Rayo,-25.225 | -60.253 | -90.157 | -196.940 | -412.890 | -1.314.748,"-1,38% | -3,23% | -4,76% | -9,84% | -18,62% | -42,15%",,40ddías,1.804.440,1.829.665 | 1.864.693 | 1.894.597 | 2.001.380 | 2.217.330 | 3.119.188,Mediocampista
Jauregizar,Athletic,+243.267 | +428.554 | +711.602 | +2.071.227 | +4.649.449 | +11.237.910,"+0,87% | +1,54% | +2,59% | +7,93% | +19,74% | +66,26%",,38ddías,28.197.422,27.954.155 | 27.768.868 | 27.485.820 | 26.126.195 | 23.547.973 | 16.959.512,Mediocampista
L. Sucic,Real Sociedad,-25.199 | -64.636 | -90.217 | -220.454 | -521.669 | -1.706.138,"-0,70% | -1,78% | -2,46% | -5,81% | -12,73% | -32,31%",,36ddías,3.574.682,3.599.881 | 3.639.318 | 3.664.899 | 3.795.136 | 4.096.351 | 5.280.820,Mediocampista
Álvaro,Deportivo,-77.005 | -170.930 | -250.554 | -575.943 | -1.188.124 | -3.297.500,"-1,58% | -3,44% | -4,96% | -10,72% | -19,85% | -40,74%",,39ddías,4.796.907,4.873.912 | 4.967.837 | 5.047.461 | 5.372.850 | 5.985.031 | 8.094.407,Portero
Letácek,Getafe,-14.592 | -31.070 | -46.479 | -115.980 | -255.543 | -784.541,"-1,98% | -4,13% | -6,05% | -13,84% | -26,14% | -52,08%",,39ddías,721.878,736.470 | 752.948 | 768.357 | 837.858 | 977.421 | 1.506.419,Portero
Uche,Getafe,-754.111 | -1.531.316 | -2.323.618 | -5.706.045 | +9.104.206 | +9.104.206,"-3,34% | -6,56% | -9,63% | -20,75% | 0% | 0%",,7ddías,21.798.955,22.553.066 | 23.330.271 | 24.122.573 | 27.505.000 | 0 | 0,Delantero
Alvarez,Atlético,+515.550 | +649.211 | +817.464 | +222.598 | -4.291.783 | +22.175.241,"+0,74% | +0,93% | +1,18% | +0,32% | -5,76% | 0%",,3ddías,70.263.635,69.748.085 | 69.614.424 | 69.446.171 | 70.041.037 | 74.555.418 | 0,Delantero
Padilla,Athletic,0 | 0 | 0 | 0 | 0 | 0,"0,00% | 0,00% | 0,00% | 0,00% | 0,00% | 0,00%",,36ddías,1.505.588,1.505.588 | 1.505.588 | 1.505.588 | 1.505.588 | 1.505.588 | 1.505.588,Portero
Luiz Junior,Villarreal,-458.901 | -1.102.394 | -1.743.117 | -1.940.746 | +4.174.196 | +14.810.299,"-1,17% | -2,77% | -4,32% | -4,78% | +12,11% | +62,13%",,5ddías,38.647.988,39.106.889 | 39.750.382 | 40.391.105 | 40.588.734 | 34.473.792 | 23.837.689,Portero
Iturbe,Elche,0 | 0 | 0 | 0 | 0 | 0,"0,00% | 0,00% | 0,00% | 0,00% | 0,00% | 0,00%",,36ddías,802.099,802.099 | 802.099 | 802.099 | 802.099 | 802.099 | 802.099,Portero
Ejuke,Sevilla,-21.774 | -61.889 | -97.933 | -237.884 | -561.207 | -1.618.752,"-0,79% | -2,20% | -3,44% | -7,96% | -16,94% | -37,04%",,39ddías,2.751.594,2.773.368 | 2.813.483 | 2.849.527 | 2.989.478 | 3.312.801 | 4.370.346,Delantero
Valera,Elche,-39.484 | -149.035 | -271.150 | -680.661 | -2.111.187 | -6.713.185,"-0,17% | -0,64% | -1,15% | -2,84% | -8,31% | -22,38%",,30ddías,23.286.815,23.326.299 | 23.435.850 | 23.557.965 | 23.967.476 | 25.398.002 | 30.000.000,Mediocampista
Sannadi,Athletic,-4.945 | -9.945 | -13.924 | -27.950 | -63.471 | -161.470,"-1,14% | -2,27% | -3,15% | -6,13% | -12,92% | -27,41%",,39ddías,427.697,432.642 | 437.642 | 441.621 | 455.647 | 491.168 | 589.167,Delantero
Antony,Betis,-130.155 | -533.619 | -1.025.679 | -3.824.170 | -11.037.908 | -21.607.560,"-0,22% | -0,90% | -1,71% | -6,11% | -15,81% | -26,87%",,26ddías,58.793.546,58.923.701 | 59.327.165 | 59.819.225 | 62.617.716 | 69.831.454 | 80.401.106,Delantero
El-Abdellaoui,Celta,0 | 0 | 0 | 0 | 0 | 0,"0,00% | 0,00% | 0,00% | 0,00% | 0,00% | 0,00%",,36ddías,1.304.893,1.304.893 | 1.304.893 | 1.304.893 | 1.304.893 | 1.304.893 | 1.304.893,Delantero
Lago,Celta,0 | 0 | 0 | 0 | 0 | 0,"0,00% | 0,00% | 0,00% | 0,00% | 0,00% | 0,00%",,36ddías,702.633,702.633 | 702.633 | 702.633 | 702.633 | 702.633 | 702.633,Defensa
Mestre,Real Madrid,0 | 0 | 0 | 0 | 0 | 0,"0,00% | 0,00% | 0,00% | 0,00% | 0,00% | 0,00%",,36ddías,677.860,677.860 | 677.860 | 677.860 | 677.860 | 677.860 | 677.860,Portero
Jiménez,Real Madrid,0 | 0 | 0 | 0 | 0 | 0,"0,00% | 0,00% | 0,00% | 0,00% | 0,00% | 0,00%",,36ddías,602.248,602.248 | 602.248 | 602.248 | 602.248 | 602.248 | 602.248,Defensa
Buchanan,Villarreal,-180.495 | -424.001 | -642.825 | -1.323.193 | -1.023.875 | +2.587.322,"-0,97% | -2,24% | -3,36% | -6,68% | -5,25% | +16,27%",,8ddías,18.491.748,18.672.243 | 18.915.749 | 19.134.573 | 19.814.941 | 19.515.623 | 15.904.426,Mediocampista
Guille,Barcelona,0 | 0 | 0 | 0 | 0 | 0,"0,00% | 0,00% | 0,00% | 0,00% | 0,00% | 0,00%",,36ddías,702.705,702.705 | 702.705 | 702.705 | 702.705 | 702.705 | 702.705,Mediocampista
Cucho,Betis,-394.618 | -1.046.419 | -1.635.123 | -4.511.938 | -10.622.988 | -851.945,"-0,87% | -2,27% | -3,50% | -9,11% | -19,08% | -1,86%",,15ddías,45.042.201,45.436.819 | 46.088.620 | 46.677.324 | 49.554.139 | 55.665.189 | 45.894.146,Delantero
Román,Celta,+83.394 | +117.481 | +178.537 | +307.124 | -53.657 | -1.881.136,"+1,57% | +2,23% | +3,43% | +6,05% | -0,99% | -25,89%",,7ddías,5.385.052,5.301.658 | 5.267.571 | 5.206.515 | 5.077.928 | 5.438.709 | 7.266.188,Mediocampista
Rubén Gómez,Villarreal,-11.242 | -23.483 | -23.483 | -23.483 | -23.483 | -23.483,"-1,91% | -3,90% | -3,90% | -3,90% | -3,90% | -3,90%",,2ddías,578.809,590.051 | 602.292 | 602.292 | 602.292 | 602.292 | 602.292,Portero
Valou,Getafe,0 | 0 | 0 | 0 | 0 | 0,"0,00% | 0,00% | 0,00% | 0,00% | 0,00% | 0,00%",,36ddías,602.292,602.292 | 602.292 | 602.292 | 602.292 | 602.292 | 602.292,Defensa
Niño,Málaga,-63.685 | -90.391 | -105.225 | -164.426 | -296.346 | -970.362,"-2,37% | -3,33% | -3,86% | -5,90% | -10,15% | -27,00%",,39ddías,2.623.117,2.686.802 | 2.713.508 | 2.728.342 | 2.787.543 | 2.919.463 | 3.593.479,Delantero
Rayane,Atlético,0 | 0 | 0 | 0 | 0 | 0,"0,00% | 0,00% | 0,00% | 0,00% | 0,00% | 0,00%",,36ddías,678.006,678.006 | 678.006 | 678.006 | 678.006 | 678.006 | 678.006,Delantero
Pablo Ramón,Racing,-3.196 | -11.691 | -19.311 | -26.875 | -59.317 | -88.232,"-0,62% | -2,23% | -3,63% | -4,97% | -10,36% | 0%",,4ddías,513.342,516.538 | 525.033 | 532.653 | 540.217 | 572.659 | 0,Defensa
Toni Fernández,Barcelona,0 | 0 | 0 | 0 | 0 | 0,"0,00% | 0,00% | 0,00% | 0,00% | 0,00% | 0,00%",,36ddías,602.319,602.319 | 602.319 | 602.319 | 602.319 | 602.319 | 602.319,Delantero
Lo Celso,Betis,-947.081 | -1.798.151 | -2.503.802 | -2.038.261 | +2.788.225 | +15.438.226,"-2,38% | -4,42% | -6,05% | -4,98% | +7,72% | +65,81%",,4ddías,38.898.027,39.845.108 | 40.696.178 | 41.401.829 | 40.936.288 | 36.109.802 | 23.459.801,Mediocampista
Pau Navarro,Villarreal,-77.863 | -204.247 | -310.098 | -619.462 | -1.483.603 | -4.940.260,"-0,85% | -2,19% | -3,29% | -6,36% | -13,99% | -35,14%",,39ddías,9.120.444,9.198.307 | 9.324.691 | 9.430.542 | 9.739.906 | 10.604.047 | 14.060.704,Defensa
Otorbi,Valencia,0 | 0 | 0 | 0 | 0 | 0,"0,00% | 0,00% | 0,00% | 0,00% | 0,00% | 0,00%",,36ddías,602.292,602.292 | 602.292 | 602.292 | 602.292 | 602.292 | 602.292,Delantero
Manu González,Betis,0 | 0 | 0 | 0 | 0 | 0,"0,00% | 0,00% | 0,00% | 0,00% | 0,00% | 0,00%",,36ddías,581.691,581.691 | 581.691 | 581.691 | 581.691 | 581.691 | 581.691,Portero
Alfon,Sevilla,-202.571 | -672.661 | -672.661 | -672.661 | -672.661 | -672.661,"-3,09% | -9,57% | -9,57% | -9,57% | -9,57% | -9,57%",,2ddías,6.354.100,6.556.671 | 7.026.761 | 7.026.761 | 7.026.761 | 7.026.761 | 7.026.761,Delantero
Risco,Getafe,0 | 0 | 0 | 0 | 0 | 0,"0,00% | 0,00% | 0,00% | 0,00% | 0,00% | 0,00%",,36ddías,702.705,702.705 | 702.705 | 702.705 | 702.705 | 702.705 | 702.705,Mediocampista
De la Sías,Rayo,0 | 0 | 0 | 0 | 0 | 0,"0,00% | 0,00% | 0,00% | 0,00% | 0,00% | 0,00%",,36ddías,602.234,602.234 | 602.234 | 602.234 | 602.234 | 602.234 | 602.234,Defensa
Óskarsson,Real Sociedad,-110.693 | -252.383 | -390.534 | -917.567 | -1.968.494 | -5.459.343,"-1,39% | -3,11% | -4,72% | -10,44% | -20,00% | -40,94%",,39ddías,7.875.531,7.986.224 | 8.127.914 | 8.266.065 | 8.793.098 | 9.844.025 | 13.334.874,Delantero
Etta Eyong,Levante,+287.632 | +551.479 | +972.729 | +3.424.036 | +8.205.961 | +13.036.194,"+1,14% | +2,21% | +3,97% | +15,52% | +47,50% | +104,75%",,38ddías,25.481.606,25.193.974 | 24.930.127 | 24.508.877 | 22.057.570 | 17.275.645 | 12.445.412,Delantero
Vargas,Sevilla,-324.642 | -674.874 | -990.993 | -1.568.328 | +21.527.329 | +21.527.329,"-1,21% | -2,49% | -3,61% | -5,60% | 0% | 0%",,11ddías,26.458.284,26.782.926 | 27.133.158 | 27.449.277 | 28.026.612 | 0 | 0,Delantero
Szczesny,Barcelona,-48.457 | -101.194 | -162.426 | -403.423 | -810.189 | -810.189,"-1,98% | -4,05% | -6,34% | -14,40% | -25,25% | -25,25%",,12ddías,2.398.211,2.446.668 | 2.499.405 | 2.560.637 | 2.801.634 | 3.208.400 | 3.208.400,Portero
Spina,Atlético,0 | 0 | 0 | 0 | 0 | 0,"0,00% | 0,00% | 0,00% | 0,00% | 0,00% | 0,00%",,36ddías,702.702,702.702 | 702.702 | 702.702 | 702.702 | 702.702 | 702.702,Defensa
Serrano,Atlético,0 | -35 | -3.664 | -16.135 | -48.244 | -141.100,"0,00% | -0,01% | -0,85% | -3,62% | -10,10% | -24,74%",,1ddías,429.199,429.199 | 429.234 | 432.863 | 445.334 | 477.443 | 570.299,Mediocampista
Asencio,Real Madrid,-148.933 | -304.578 | -458.739 | -1.131.378 | -2.564.485 | -5.620.079,"-3,07% | -6,07% | -8,88% | -19,37% | -35,26% | -54,41%",,39ddías,4.709.272,4.858.205 | 5.013.850 | 5.168.011 | 5.840.650 | 7.273.757 | 10.329.351,Defensa
Roberto,Espanyol,+195.822 | +334.119 | +512.956 | +1.148.151 | +1.161.347 | +111.697,"+2,95% | +5,15% | +8,13% | +20,23% | +20,51% | +1,66%",,9ddías,6.823.477,6.627.655 | 6.489.358 | 6.310.521 | 5.675.326 | 5.662.130 | 6.711.780,Delantero
Garcés,Alavés,-13.407 | -27.221 | -40.382 | -95.124 | -218.271 | -647.657,"-2,08% | -4,14% | -6,02% | -13,10% | -25,71% | -50,66%",,39ddías,630.784,644.191 | 658.005 | 671.166 | 725.908 | 849.055 | 1.278.441,Defensa
Kambwala,Villarreal,-20.986 | -46.514 | -71.485 | -172.695 | -416.070 | -1.238.928,"-1,76% | -3,81% | -5,74% | -12,82% | -26,15% | -51,33%",,39ddías,1.174.762,1.195.748 | 1.221.276 | 1.246.247 | 1.347.457 | 1.590.832 | 2.413.690,Defensa
Toni Martinez,Alavés,-77.597 | -188.778 | -308.887 | -1.075.152 | -2.972.891 | +20.971.047,"-0,31% | -0,75% | -1,22% | -4,11% | -10,61% | 0%",,28ddías,25.055.040,25.132.637 | 25.243.818 | 25.363.927 | 26.130.192 | 28.027.931 | 0,Delantero
Peque,Sevilla,-23.214 | -58.681 | -88.802 | -232.406 | -574.446 | -1.806.990,"-1,25% | -3,11% | -4,63% | -11,27% | -23,90% | -49,70%",,39ddías,1.829.110,1.852.324 | 1.887.791 | 1.917.912 | 2.061.516 | 2.403.556 | 3.636.100,Delantero
Baena,Atlético,-855.266 | -1.881.320 | -2.877.501 | -7.593.382 | -16.749.222 | +4.685.674,"-1,54% | -3,34% | -5,01% | -12,23% | -23,51% | +9,41%",,15ddías,54.506.312,55.361.578 | 56.387.632 | 57.383.813 | 62.099.694 | 71.255.534 | 49.820.638,Mediocampista
Iranzo,Valencia,0 | 0 | 0 | 0 | 0 | 0,"0,00% | 0,00% | 0,00% | 0,00% | 0,00% | 0,00%",,36ddías,602.292,602.292 | 602.292 | 602.292 | 602.292 | 602.292 | 602.292,Defensa
Sergio Gómez,Real Sociedad,-29.802 | -133.284 | -193.121 | -543.380 | -1.533.788 | -5.479.655,"-0,17% | -0,74% | -1,07% | -2,94% | -7,88% | -23,41%",,39ddías,17.928.685,17.958.487 | 18.061.969 | 18.121.806 | 18.472.065 | 19.462.473 | 23.408.340,Defensa
Comesaña,Villarreal,+680.440 | +1.364.735 | +2.108.366 | +5.068.603 | +6.151.898 | -596.872,"+2,06% | +4,22% | +6,68% | +17,72% | +22,35% | -1,74%",,12ddías,33.672.712,32.992.272 | 32.307.977 | 31.564.346 | 28.604.109 | 27.520.814 | 34.269.584,Mediocampista
Gerard,Villarreal,-154.646 | -420.395 | -653.286 | -1.215.698 | -2.899.195 | -9.494.317,"-0,55% | -1,48% | -2,28% | -4,16% | -9,38% | -25,33%",,39ddías,27.993.968,28.148.614 | 28.414.363 | 28.647.254 | 29.209.666 | 30.893.163 | 37.488.285,Delantero
Foyth,Villarreal,+268.180 | +503.494 | +743.440 | +1.090.569 | -382.975 | -821.209,"+2,34% | +4,49% | +6,77% | +10,25% | -3,16% | -6,54%",,7ddías,11.726.580,11.458.400 | 11.223.086 | 10.983.140 | 10.636.011 | 12.109.555 | 12.547.789,Defensa
Sörloth,Atlético,-781.242 | -1.361.909 | -1.466.638 | -2.472.366 | -4.685.722 | -12.458.805,"-3,14% | -5,35% | -5,74% | -9,31% | -16,29% | -34,09%",,39ddías,24.086.043,24.867.285 | 25.447.952 | 25.552.681 | 26.558.409 | 28.771.765 | 36.544.848,Delantero
Femenia,Getafe,+92.911 | +146.591 | +206.301 | +214.327 | +21.965 | -1.325.708,"+2,49% | +3,98% | +5,70% | +5,93% | +0,58% | -25,72%",,5ddías,3.828.778,3.735.867 | 3.682.187 | 3.622.477 | 3.614.451 | 3.806.813 | 5.154.486,Defensa
Hugo González,Celta,0 | 0 | 0 | 0 | 0 | 0,"0,00% | 0,00% | 0,00% | 0,00% | 0,00% | 0,00%",,36ddías,1.505.646,1.505.646 | 1.505.646 | 1.505.646 | 1.505.646 | 1.505.646 | 1.505.646,Mediocampista
Terrats,Getafe,+164.042 | -23.579 | -23.579 | -23.579 | -23.579 | -23.579,"+6,25% | -0,84% | -0,84% | -0,84% | -0,84% | -0,84%",,1ddías,2.786.916,2.622.874 | 2.810.495 | 2.810.495 | 2.810.495 | 2.810.495 | 2.810.495,Mediocampista
Denis Suárez,Alavés,-31.456 | -74.116 | -106.873 | -284.759 | -748.431 | -2.421.272,"-1,22% | -2,83% | -4,03% | -10,07% | -22,73% | -48,76%",,39ddías,2.544.076,2.575.532 | 2.618.192 | 2.650.949 | 2.828.835 | 3.292.507 | 4.965.348,Mediocampista
Akhomach,Villarreal,-113.254 | -236.245 | -347.757 | -873.707 | -2.008.096 | -2.730.066,"-2,09% | -4,27% | -6,16% | -14,15% | -27,48% | -34,00%",,17ddías,5.300.055,5.413.309 | 5.536.300 | 5.647.812 | 6.173.762 | 7.308.151 | 8.030.121,Delantero
Altimira,Deportivo,-106.212 | -205.433 | -302.939 | -603.618 | -1.065.862 | -2.431.661,"-2,22% | -4,21% | -6,09% | -11,44% | -18,58% | -34,23%",,33ddías,4.671.381,4.777.593 | 4.876.814 | 4.974.320 | 5.274.999 | 5.737.243 | 7.103.042,Defensa
Manu Sánchez,Levante,0 | 0 | 0 | 0 | 0 | -484.326,"0,00% | 0,00% | 0,00% | 0,00% | 0,00% | -8,04%",,14ddías,5.538.185,5.538.185 | 5.538.185 | 5.538.185 | 5.538.185 | 5.538.185 | 6.022.511,Defensa
Raúl García,Osasuna,-34.843 | -72.481 | -112.413 | -283.863 | -653.298 | -1.911.416,"-1,80% | -3,67% | -5,58% | -12,99% | -25,57% | -50,12%",,39ddías,1.901.915,1.936.758 | 1.974.396 | 2.014.328 | 2.185.778 | 2.555.213 | 3.813.331,Delantero
Tárrega,Valencia,+69.638 | +69.390 | +53.029 | -65.182 | -422.547 | -2.573.910,"+0,78% | +0,78% | +0,60% | -0,72% | -4,51% | -22,35%",,1ddías,8.942.387,8.872.749 | 8.872.997 | 8.889.358 | 9.007.569 | 9.364.934 | 11.516.297,Defensa
Fran Pérez,Rayo,-14.897 | -31.833 | -48.839 | -125.303 | -283.941 | -808.330,"-1,83% | -3,83% | -5,76% | -13,55% | -26,20% | -50,27%",,39ddías,799.648,814.545 | 831.481 | 848.487 | 924.951 | 1.083.589 | 1.607.978,Mediocampista
F. Carreras,Real Madrid,-267.530 | -604.385 | -920.682 | -2.312.630 | -5.050.311 | -12.849.500,"-2,06% | -4,53% | -6,74% | -15,37% | -28,39% | -50,22%",,39ddías,12.735.627,13.003.157 | 13.340.012 | 13.656.309 | 15.048.257 | 17.785.938 | 25.585.127,Defensa
Javi Guerra,Valencia,+58.344 | +11.919 | -13.605 | -395.486 | -1.575.385 | +20.992.693,"+0,24% | +0,05% | -0,06% | -1,63% | -6,18% | 0%",,1ddías,23.920.044,23.861.700 | 23.908.125 | 23.933.649 | 24.315.530 | 25.495.429 | 0,Mediocampista
Pedrosa,Sevilla,0 | 0 | 0 | 0 | 0 | 0,"0,00% | 0,00% | 0,00% | 0,00% | 0,00% | 0,00%",,36ddías,3.312.788,3.312.788 | 3.312.788 | 3.312.788 | 3.312.788 | 3.312.788 | 3.312.788,Defensa
Mariano,Alavés,-21.402 | -44.375 | -66.602 | -163.990 | -384.483 | -1.160.195,"-2,18% | -4,43% | -6,50% | -14,61% | -28,64% | -54,77%",,39ddías,958.211,979.613 | 1.002.586 | 1.024.813 | 1.122.201 | 1.342.694 | 2.118.406,Delantero
Marcão,Sevilla,-11.239 | -25.559 | -39.428 | -97.310 | -220.974 | -642.910,"-1,70% | -3,79% | -5,72% | -13,03% | -25,39% | -49,75%",,39ddías,649.449,660.688 | 675.008 | 688.877 | 746.759 | 870.423 | 1.292.359,Defensa
Manu Bueno,Sevilla,0 | 0 | 0 | 0 | 0 | 0,"0,00% | 0,00% | 0,00% | 0,00% | 0,00% | 0,00%",,36ddías,802.099,802.099 | 802.099 | 802.099 | 802.099 | 802.099 | 802.099,Mediocampista
Diakhaby,Valencia,-94.861 | -220.300 | -331.828 | -868.303 | -1.983.344 | -3.100.408,"-1,57% | -3,58% | -5,30% | -12,76% | -25,05% | -34,32%",,19ddías,5.934.000,6.028.861 | 6.154.300 | 6.265.828 | 6.802.303 | 7.917.344 | 9.034.408,Defensa
Canós,Valencia,-8.314 | -16.823 | -24.458 | -54.695 | -125.810 | -890.857,"-1,61% | -3,20% | -4,59% | -9,71% | -19,83% | 0%",,16ddías,508.559,516.873 | 525.382 | 533.017 | 563.254 | 634.369 | 0,Delantero
Duro,Valencia,-46.612 | -112.704 | -163.626 | -500.075 | -1.177.631 | -3.347.328,"-0,55% | -1,32% | -1,91% | -5,60% | -12,27% | -28,44%",,34ddías,8.422.546,8.469.158 | 8.535.250 | 8.586.172 | 8.922.621 | 9.600.177 | 11.769.874,Delantero
Jesús Vázquez,Valencia,-3.943 | -22.378 | -42.428 | -176.338 | -525.529 | -1.682.683,"-0,23% | -1,31% | -2,45% | -9,45% | -23,72% | -49,89%",,39ddías,1.690.374,1.694.317 | 1.712.752 | 1.732.802 | 1.866.712 | 2.215.903 | 3.373.057,Defensa
Almeida,Valencia,-46.883 | -105.377 | -166.301 | -421.690 | -1.001.373 | -2.747.917,"-1,83% | -4,01% | -6,19% | -14,33% | -28,43% | -52,16%",,39ddías,2.520.417,2.567.300 | 2.625.794 | 2.686.718 | 2.942.107 | 3.521.790 | 5.268.334,Mediocampista
Rivero,Valencia,-7.982 | -16.145 | -23.419 | -52.056 | -119.660 | -308.928,"-1,57% | -3,12% | -4,47% | -9,42% | -19,29% | -38,16%",,22ddías,500.589,508.571 | 516.734 | 524.008 | 552.645 | 620.249 | 809.517,Portero
Gayà,Valencia,-95.010 | -212.617 | -279.414 | -732.767 | -1.783.347 | -5.096.427,"-0,85% | -1,89% | -2,47% | -6,22% | -13,90% | -31,56%",,39ddías,11.050.609,11.145.619 | 11.263.226 | 11.330.023 | 11.783.376 | 12.833.956 | 16.147.036,Defensa
Diego López,Valencia,-71.069 | -146.171 | -220.777 | -536.390 | -1.193.704 | -3.225.742,"-3,12% | -6,22% | -9,10% | -19,57% | -35,12% | -59,40%",,39ddías,2.204.998,2.276.067 | 2.351.169 | 2.425.775 | 2.741.388 | 3.398.702 | 5.430.740,Delantero
Pepelu,Valencia,-25.721 | -85.344 | -106.320 | -388.372 | -1.056.000 | -3.191.710,"-0,35% | -1,14% | -1,42% | -5,01% | -12,53% | -30,22%",,34ddías,7.370.191,7.395.912 | 7.455.535 | 7.476.511 | 7.758.563 | 8.426.191 | 10.561.901,Mediocampista
Foulquier,Valencia,-65.456 | -137.638 | -211.350 | -516.045 | -1.001.085 | -1.326.181,"-2,67% | -5,45% | -8,13% | -17,77% | -29,54% | -35,71%",,17ddías,2.387.963,2.453.419 | 2.525.601 | 2.599.313 | 2.904.008 | 3.389.048 | 3.714.144,Defensa
Kike Salas,Sevilla,+180.611 | +242.413 | +299.329 | +222.463 | -337.895 | -3.081.510,"+1,54% | +2,07% | +2,57% | +1,90% | -2,75% | -20,51%",,4ddías,11.940.621,11.760.010 | 11.698.208 | 11.641.292 | 11.718.158 | 12.278.516 | 15.022.131,Defensa
Íñigo Pérez,Villarreal,-63.075 | -131.476 | -189.731 | -448.776 | +263.942 | -65.764,"-2,52% | -5,11% | -7,21% | -15,53% | +12,12% | 0%",,7ddías,2.440.798,2.503.873 | 2.572.274 | 2.630.529 | 2.889.574 | 2.176.856 | 0,
Giuliano,Atlético,-492.987 | -1.146.506 | -1.755.755 | -4.709.966 | -10.920.401 | +3.381.707,"-1,10% | -2,53% | -3,82% | -9,64% | -19,83% | +8,29%",,15ddías,44.159.313,44.652.300 | 45.305.819 | 45.915.068 | 48.869.279 | 55.079.714 | 40.777.606,Delantero
Serrano,Athletic,-24.894 | -47.344 | -73.584 | -186.323 | -435.962 | -1.209.810,"-2,62% | -4,87% | -7,37% | -16,77% | -32,04% | -56,68%",,40ddías,924.563,949.457 | 971.907 | 998.147 | 1.110.886 | 1.360.525 | 2.134.373,Delantero
Carreira,Celta,+12.714 | +9.172 | +9.155 | -129.710 | -353.298 | -2.155.924,"+0,19% | +0,14% | +0,14% | -1,89% | -4,99% | -24,27%",,1ddías,6.726.981,6.714.267 | 6.717.809 | 6.717.826 | 6.856.691 | 7.080.279 | 8.882.905,Defensa
Endrick,Real Madrid,-54.774 | -145.905 | -234.040 | -650.332 | -1.133.577 | +6.209.564,"-0,80% | -2,11% | -3,34% | -8,76% | -14,33% | 0%",,16ddías,6.775.553,6.830.327 | 6.921.458 | 7.009.593 | 7.425.885 | 7.909.130 | 0,Delantero
Carlos Martín,Atlético,0 | 0 | 0 | 0 | 0 | 0,"0,00% | 0,00% | 0,00% | 0,00% | 0,00% | 0,00%",,36ddías,2.218.490,2.218.490 | 2.218.490 | 2.218.490 | 2.218.490 | 2.218.490 | 2.218.490,Mediocampista
Mbappé,Real Madrid,-173.382 | -841.514 | -829.827 | +140.477 | -1.025.737 | -25.128.265,"-0,13% | -0,64% | -0,63% | +0,11% | -0,78% | 0%",,2ddías,130.357.174,130.530.556 | 131.198.688 | 131.187.001 | 130.216.697 | 131.382.911 | 0,Delantero
Romero,Villarreal,+936.845 | +1.629.174 | +2.655.484 | +7.351.286 | +10.953.203 | +8.098.993,"+2,22% | +3,92% | +6,54% | +20,49% | +33,93% | +23,05%",,14ddías,43.230.213,42.293.368 | 41.601.039 | 40.574.729 | 35.878.927 | 32.277.010 | 35.131.220,Defensa
Djaló,Athletic,-24.708 | -54.786 | -85.682 | -222.277 | -7.090.977 | -7.090.977,"-2,22% | -4,78% | -7,28% | -16,93% | 0% | 0%",,7ddías,1.090.733,1.115.441 | 1.145.519 | 1.176.415 | 1.313.010 | 0 | 0,Delantero
Rosier,Osasuna,-184.616 | -376.935 | -568.445 | -1.375.950 | -3.068.647 | -5.546.294,"-3,04% | -6,01% | -8,80% | -18,93% | -34,24% | -48,48%",,34ddías,5.893.563,6.078.179 | 6.270.498 | 6.462.008 | 7.269.513 | 8.962.210 | 11.439.857,Defensa
Mouriño,Villarreal,+200.312 | +409.039 | +830.601 | +2.799.128 | +6.857.823 | +15.673.689,"+0,50% | +1,02% | +2,09% | +7,41% | +20,33% | +62,89%",,37ddías,40.597.493,40.397.181 | 40.188.454 | 39.766.892 | 37.798.365 | 33.739.670 | 24.923.804,Defensa
Raba,Valencia,-36.855 | -77.246 | -116.814 | -289.091 | -663.087 | -1.820.059,"-2,19% | -4,48% | -6,62% | -14,93% | -28,70% | -52,49%",,39ddías,1.647.708,1.684.563 | 1.724.954 | 1.764.522 | 1.936.799 | 2.310.795 | 3.467.767,Delantero
Jofre,Espanyol,-16.377 | -36.018 | -57.088 | -157.181 | -356.982 | -1.115.397,"-1,42% | -3,07% | -4,78% | -12,15% | -23,91% | -49,54%",,39ddías,1.136.206,1.152.583 | 1.172.224 | 1.193.294 | 1.293.387 | 1.493.188 | 2.251.603,Delantero
Conde,Betis,0 | 0 | 0 | 0 | +86.068 | -993.982,"0,00% | 0,00% | 0,00% | 0,00% | +2,91% | -24,63%",,13ddías,3.041.589,3.041.589 | 3.041.589 | 3.041.589 | 3.041.589 | 2.955.521 | 4.035.571,Portero
Raul Moro,Osasuna,+156.045 | +233.107 | +358.199 | +1.247.124 | +2.798.059 | +1.160.679,"+1,20% | +1,80% | +2,79% | +10,42% | +26,86% | +9,63%",,16ddías,13.213.379,13.057.334 | 12.980.272 | 12.855.180 | 11.966.255 | 10.415.320 | 12.052.700,Delantero
Boyomo,Osasuna,+369.734 | +660.925 | +1.107.762 | +3.113.910 | +6.651.695 | +12.442.914,"+1,35% | +2,44% | +4,15% | +12,62% | +31,46% | +81,06%",,35ddías,27.793.967,27.424.233 | 27.133.042 | 26.686.205 | 24.680.057 | 21.142.272 | 15.351.053,Defensa
Neyou,Getafe,-110.124 | +2.539.578 | +2.539.578 | +2.539.578 | +2.539.578 | +2.539.578,"-3,38% | 0% | 0% | 0% | 0% | 0%",,1ddías,3.146.080,3.256.204 | 0 | 0 | 0 | 0 | 0,Mediocampista
Fortuño,Espanyol,-10.242 | -20.759 | -30.485 | -69.997 | -148.757 | -407.606,"-1,81% | -3,61% | -5,21% | -11,20% | -21,14% | -42,35%",,19ddías,554.825,565.067 | 575.584 | 585.310 | 624.822 | 703.582 | 962.431,Portero
Rubén Sánchez,Espanyol,-6.613 | -13.350 | -19.139 | -41.192 | -94.336 | -265.185,"-1,39% | -2,77% | -3,93% | -8,09% | -16,78% | -36,18%",,39ddías,467.737,474.350 | 481.087 | 486.876 | 508.929 | 562.073 | 732.922,Mediocampista
El Hilali,Espanyol,+140.026 | +220.540 | +306.848 | +905.371 | +1.903.681 | +2.855.144,"+1,62% | +2,58% | +3,62% | +11,50% | +27,69% | +48,21%",,23ddías,8.778.053,8.638.027 | 8.557.513 | 8.471.205 | 7.872.682 | 6.874.372 | 5.922.909,Defensa
Batalla,Rayo,-363.054 | -892.721 | -1.261.486 | -326.091 | +5.441.368 | +16.575.308,"-0,89% | -2,15% | -3,01% | -0,80% | +15,45% | +68,85%",,4ddías,40.651.334,41.014.388 | 41.544.055 | 41.912.820 | 40.977.425 | 35.209.966 | 24.076.026,Portero
Pere Milla,Espanyol,-60.497 | -164.274 | -181.058 | -422.169 | -1.125.969 | -338.079,"-0,63% | -1,68% | -1,85% | -4,21% | -10,50% | -3,40%",,17ddías,9.594.821,9.655.318 | 9.759.095 | 9.775.879 | 10.016.990 | 10.720.790 | 9.932.900,Delantero
Edu Expósito,Espanyol,+501.818 | +880.318 | +1.358.656 | +1.912.834 | +232.970 | -12.424.274,"+1,78% | +3,16% | +4,96% | +7,13% | +0,82% | 0%",,6ddías,28.742.119,28.240.301 | 27.861.801 | 27.383.463 | 26.829.285 | 28.509.149 | 0,Mediocampista
Calero,Málaga,-94.443 | -192.192 | -250.681 | -480.638 | -480.638 | -480.638,"-3,02% | -5,96% | -7,64% | -13,68% | -13,68% | -13,68%",,5ddías,3.032.482,3.126.925 | 3.224.674 | 3.283.163 | 3.513.120 | 3.513.120 | 3.513.120,Defensa
Cabrera,Espanyol,+184.747 | +256.104 | +321.259 | +182.829 | -193.358 | -2.330.282,"+1,11% | +1,55% | +1,95% | +1,10% | -1,14% | -12,18%",,4ddías,16.795.010,16.610.263 | 16.538.906 | 16.473.751 | 16.612.181 | 16.988.368 | 19.125.292,Defensa
Agoume,Sevilla,+20.805 | +37.798 | +63.481 | +79.574 | -106.661 | -1.228.245,"+0,36% | +0,66% | +1,11% | +1,39% | -1,81% | -17,50%",,4ddías,5.791.526,5.770.721 | 5.753.728 | 5.728.045 | 5.711.952 | 5.898.187 | 7.019.771,Mediocampista
Guedes,Real Sociedad,-1.119.932 | -2.271.334 | -3.442.707 | -8.405.491 | -15.638.847 | -23.752.430,"-3,08% | -6,06% | -8,90% | -19,26% | -30,74% | 0%",,24ddías,35.228.825,36.348.757 | 37.500.159 | 38.671.532 | 43.634.316 | 50.867.672 | 0,Delantero
Fort,Barcelona,-80.655 | -163.770 | -244.000 | -586.202 | -1.350.045 | -1.542.855,"-2,27% | -4,50% | -6,56% | -14,43% | -27,97% | -30,74%",,15ddías,3.476.521,3.557.176 | 3.640.291 | 3.720.521 | 4.062.723 | 4.826.566 | 5.019.376,Defensa
Fornals,Betis,-465.953 | -1.195.385 | -1.833.066 | -4.945.438 | -14.501.619 | -84.985.525,"-0,79% | -2,01% | -3,05% | -7,82% | -19,92% | 0%",,22ddías,58.303.775,58.769.728 | 59.499.160 | 60.136.841 | 63.249.213 | 72.805.394 | 0,Mediocampista
Juanmi,Getafe,-11.831 | -24.003 | -35.454 | -82.612 | -190.875 | -540.521,"-1,96% | -3,89% | -5,64% | -12,23% | -24,35% | -47,69%",,39ddías,592.961,604.792 | 616.964 | 628.415 | 675.573 | 783.836 | 1.133.482,Delantero
Joan Garcia,Barcelona,+1.435.163 | +2.826.319 | +4.768.696 | +14.828.208 | +17.272.644 | +17.272.644,"+2,17% | +4,37% | +7,61% | +28,17% | +34,41% | +34,41%",,10ddías,67.466.060,66.030.897 | 64.639.741 | 62.697.364 | 52.637.852 | 50.193.416 | 50.193.416,Portero
Romero,Sevilla,+68.186 | +95.983 | +156.214 | +302.866 | +66.658 | -1.672.874,"+1,08% | +1,53% | +2,51% | +4,99% | +1,06% | -20,79%",,7ddías,6.375.345,6.307.159 | 6.279.362 | 6.219.131 | 6.072.479 | 6.308.687 | 8.048.219,Delantero
Puado,Espanyol,-215.832 | -439.537 | -666.063 | -1.633.513 | -3.632.866 | -9.253.739,"-3,14% | -6,19% | -9,09% | -19,69% | -35,29% | -58,15%",,30ddías,6.660.902,6.876.734 | 7.100.439 | 7.326.965 | 8.294.415 | 10.293.768 | 15.914.641,Mediocampista
Cardoso,Atlético,-110.969 | -241.538 | -382.479 | -1.140.696 | -2.713.266 | -7.508.700,"-1,84% | -3,92% | -6,06% | -16,15% | -31,41% | -55,90%",,36ddías,5.924.088,6.035.057 | 6.165.626 | 6.306.567 | 7.064.784 | 8.637.354 | 13.432.788,Mediocampista
Lozano,Espanyol,-28.648 | -67.347 | -95.766 | -251.152 | -609.719 | -1.838.689,"-1,22% | -2,82% | -3,97% | -9,78% | -20,83% | -44,24%",,39ddías,2.317.176,2.345.824 | 2.384.523 | 2.412.942 | 2.568.328 | 2.926.895 | 4.155.865,Mediocampista
Moriba,Celta,-103.828 | -216.143 | -294.708 | -74.517 | +1.267.176 | -622.272,"-1,00% | -2,07% | -2,80% | -0,72% | +14,11% | -5,73%",,3ddías,10.245.914,10.349.742 | 10.462.057 | 10.540.622 | 10.320.431 | 8.978.738 | 10.868.186,Mediocampista
Javi López,Real Sociedad,0 | 0 | 0 | 0 | 0 | 0,0% | 0% | 0% | 0% | 0% | 0%,,45ddías,1.656.670,0 | 0 | 0 | 0 | 0 | 0,Defensa
Lemar,Atlético,0 | 0 | 0 | 0 | 0 | 0,0% | 0% | 0% | 0% | 0% | 0%,,45ddías,1.680.630,0 | 0 | 0 | 0 | 0 | 0,Mediocampista
Rincón,Athletic,0 | 0 | 0 | 0 | 0 | 0,0% | 0% | 0% | 0% | 0% | 0%,,45ddías,1.658.593,0 | 0 | 0 | 0 | 0 | 0,Defensa
Thiago,Levante,0 | 0 | 0 | 0 | 0 | 0,0% | 0% | 0% | 0% | 0% | 0%,,45ddías,1.660.575,0 | 0 | 0 | 0 | 0 | 0,Mediocampista
Mojica,Getafe,0 | 0 | 0 | 0 | 0 | 0,0% | 0% | 0% | 0% | 0% | 0%,,81ddías,2.347.974,0 | 0 | 0 | 0 | 0 | 0,Defensa
Kumbulla,Rayo,0 | 0 | 0 | 0 | 0 | 0,0% | 0% | 0% | 0% | 0% | 0%,,81ddías,897.151,0 | 0 | 0 | 0 | 0 | 0,Defensa
Diarra,Alavés,0 | 0 | 0 | 0 | 0 | 0,0% | 0% | 0% | 0% | 0% | 0%,,200ddías,591.470,0 | 0 | 0 | 0 | 0 | 0,Defensa
Goti,Real Sociedad,0 | 0 | 0 | 0 | 0 | 0,0% | 0% | 0% | 0% | 0% | 0%,,200ddías,590.263,0 | 0 | 0 | 0 | 0 | 0,Mediocampista
Ali Houary,Elche,0 | 0 | 0 | 0 | 0 | 0,0% | 0% | 0% | 0% | 0% | 0%,,204ddías,592.065,0 | 0 | 0 | 0 | 0 | 0,Delantero
Javier Hernández,Espanyol,0 | 0 | 0 | 0 | 0 | 0,0% | 0% | 0% | 0% | 0% | 0%,,218ddías,575.023,0 | 0 | 0 | 0 | 0 | 0,Delantero
Bauzà,Espanyol,0 | 0 | 0 | 0 | 0 | 0,0% | 0% | 0% | 0% | 0% | 0%,,346ddías,318.649,0 | 0 | 0 | 0 | 0 | 0,Mediocampista
Pablo López,Valencia,0 | 0 | 0 | 0 | 0 | 0,0% | 0% | 0% | 0% | 0% | 0%,,347ddías,441.041,0 | 0 | 0 | 0 | 0 | 0,Delantero
Alberto Marí,Valencia,0 | 0 | 0 | 0 | 0 | 0,0% | 0% | 0% | 0% | 0% | 0%,,348ddías,787.986,0 | 0 | 0 | 0 | 0 | 0,Delantero
Novoa,Alavés,0 | 0 | 0 | 0 | 0 | 0,0% | 0% | 0% | 0% | 0% | 0%,,348ddías,661.162,0 | 0 | 0 | 0 | 0 | 0,Defensa
Pelayo,Rayo,0 | 0 | 0 | 0 | 0 | 0,0% | 0% | 0% | 0% | 0% | 0%,,348ddías,1.722.279,0 | 0 | 0 | 0 | 0 | 0,Defensa
Hinojo,Espanyol,0 | 0 | 0 | 0 | 0 | 0,0% | 0% | 0% | 0% | 0% | 0%,,352ddías,317.496,0 | 0 | 0 | 0 | 0 | 0,Defensa
De Tomás,Rayo,0 | 0 | 0 | 0 | 0 | 0,0% | 0% | 0% | 0% | 0% | 0%,,387ddías,3.229.388,0 | 0 | 0 | 0 | 0 | 0,Delantero
Carlos,Atlético,0 | 0 | 0 | 0 | 0 | 0,0% | 0% | 0% | 0% | 0% | 0%,,407ddías,1.718.547,0 | 0 | 0 | 0 | 0 | 0,Defensa
Raúl Jiménez,Valencia,0 | 0 | 0 | 0 | 0 | 0,0% | 0% | 0% | 0% | 0% | 0%,,407ddías,1.561.503,0 | 0 | 0 | 0 | 0 | 0,Portero
Solà,Atlético,0 | 0 | 0 | 0 | 0 | 0,0% | 0% | 0% | 0% | 0% | 0%,,407ddías,1.640.523,0 | 0 | 0 | 0 | 0 | 0,Defensa
Eto'o,Rayo,0 | 0 | 0 | 0 | 0 | 0,0% | 0% | 0% | 0% | 0% | 0%,,407ddías,1.718.988,0 | 0 | 0 | 0 | 0 | 0,Delantero
Córdoba,Valencia,0 | 0 | 0 | 0 | 0 | 0,0% | 0% | 0% | 0% | 0% | 0%,,407ddías,1.548.667,0 | 0 | 0 | 0 | 0 | 0,Defensa
Adrián,Alavés,0 | 0 | 0 | 0 | 0 | 0,0% | 0% | 0% | 0% | 0% | 0%,,407ddías,1.640.215,0 | 0 | 0 | 0 | 0 | 0,Portero
Collado,Sevilla,0 | 0 | 0 | 0 | 0 | 0,0% | 0% | 0% | 0% | 0% | 0%,,407ddías,1.718.988,0 | 0 | 0 | 0 | 0 | 0,Mediocampista
Eneko Ortiz,Villarreal,0 | 0 | 0 | 0 | 0 | 0,0% | 0% | 0% | 0% | 0% | 0%,,407ddías,1.718.986,0 | 0 | 0 | 0 | 0 | 0,Defensa
Serred,Espanyol,0 | 0 | 0 | 0 | 0 | 0,0% | 0% | 0% | 0% | 0% | 0%,,407ddías,1.731.552,0 | 0 | 0 | 0 | 0 | 0,Portero
Carrillo,Celta,0 | 0 | 0 | 0 | 0 | 0,0% | 0% | 0% | 0% | 0% | 0%,,407ddías,1.567.556,0 | 0 | 0 | 0 | 0 | 0,Portero
Cortés,Barcelona,0 | 0 | 0 | 0 | 0 | 0,0% | 0% | 0% | 0% | 0% | 0%,,407ddías,1.718.327,0 | 0 | 0 | 0 | 0 | 0,Defensa
Canales,Athletic,0 | 0 | 0 | 0 | 0 | 0,0% | 0% | 0% | 0% | 0% | 0%,,407ddías,1.623.251,0 | 0 | 0 | 0 | 0 | 0,Delantero
Medenica,Getafe,0 | 0 | 0 | 0 | 0 | 0,0% | 0% | 0% | 0% | 0% | 0%,,407ddías,1.560.264,0 | 0 | 0 | 0 | 0 | 0,Portero
Isra,Sevilla,0 | 0 | 0 | 0 | 0 | 0,0% | 0% | 0% | 0% | 0% | 0%,,407ddías,1.718.237,0 | 0 | 0 | 0 | 0 | 0,Delantero
Abril,Valencia,0 | 0 | 0 | 0 | 0 | 0,0% | 0% | 0% | 0% | 0% | 0%,,407ddías,1.728.051,0 | 0 | 0 | 0 | 0 | 0,Portero
Busto,Betis,0 | 0 | 0 | 0 | 0 | 0,0% | 0% | 0% | 0% | 0% | 0%,,407ddías,1.621.161,0 | 0 | 0 | 0 | 0 | 0,Defensa
De Llanos,Real Madrid,0 | 0 | 0 | 0 | 0 | 0,0% | 0% | 0% | 0% | 0% | 0%,,407ddías,1.622.168,0 | 0 | 0 | 0 | 0 | 0,Mediocampista
Rupérez,Real Sociedad,0 | 0 | 0 | 0 | 0 | 0,0% | 0% | 0% | 0% | 0% | 0%,,407ddías,1.626.247,0 | 0 | 0 | 0 | 0 | 0,Defensa
Balda,Real Sociedad,0 | 0 | 0 | 0 | 0 | 0,0% | 0% | 0% | 0% | 0% | 0%,,407ddías,1.718.912,0 | 0 | 0 | 0 | 0 | 0,Defensa
Santana,Valencia,0 | 0 | 0 | 0 | 0 | 0,0% | 0% | 0% | 0% | 0% | 0%,,407ddías,1.723.821,0 | 0 | 0 | 0 | 0 | 0,Delantero
Olabarrieta,Athletic,0 | 0 | 0 | 0 | 0 | 0,0% | 0% | 0% | 0% | 0% | 0%,,407ddías,1.717.797,0 | 0 | 0 | 0 | 0 | 0,Delantero
Rivas,Real Madrid,0 | 0 | 0 | 0 | 0 | 0,0% | 0% | 0% | 0% | 0% | 0%,,407ddías,1.718.751,0 | 0 | 0 | 0 | 0 | 0,Defensa
Requena,Levante,0 | 0 | 0 | 0 | 0 | 0,0% | 0% | 0% | 0% | 0% | 0%,,407ddías,1.621.683,0 | 0 | 0 | 0 | 0 | 0,Mediocampista
Yaakobishvili,Barcelona,0 | 0 | 0 | 0 | 0 | 0,0% | 0% | 0% | 0% | 0% | 0%,,407ddías,1.639.280,0 | 0 | 0 | 0 | 0 | 0,Portero
Mandi,Levante,0 | 0 | 0 | 0 | 0 | 0,0% | 0% | 0% | 0% | 0% | 0%,,728ddías,1.879.755,0 | 0 | 0 | 0 | 0 | 0,Defensa
Miguel,Alavés,0 | 0 | 0 | 0 | 0 | 0,0% | 0% | 0% | 0% | 0% | 0%,,729ddías,679.761,0 | 0 | 0 | 0 | 0 | 0,Delantero
Joseda,Alavés,0 | 0 | 0 | 0 | 0 | 0,0% | 0% | 0% | 0% | 0% | 0%,,773ddías,300.000,0 | 0 | 0 | 0 | 0 | 0,Defensa
Diallo,Alavés,0 | 0 | 0 | 0 | 0 | 0,0% | 0% | 0% | 0% | 0% | 0%,,774ddías,1.000.000,0 | 0 | 0 | 0 | 0 | 0,Mediocampista
Mendes,Alavés,0 | 0 | 0 | 0 | 0 | 0,0% | 0% | 0% | 0% | 0% | 0%,,774ddías,500.000,0 | 0 | 0 | 0 | 0 | 0,Mediocampista
Ian Forns,Betis,0 | 0 | 0 | 0 | 0 | 0,0% | 0% | 0% | 0% | 0% | 0%,,774ddías,500.000,0 | 0 | 0 | 0 | 0 | 0,Defensa
Mario,Valencia,0 | 0 | 0 | 0 | 0 | 0,0% | 0% | 0% | 0% | 0% | 0%,,1ddías,760.408,0 | 0 | 0 | 0 | 0 | 0,Mediocampista
Enes Ünal,Getafe,0 | 0 | 0 | 0 | 0 | 0,0% | 0% | 0% | 0% | 0% | 0%,,1ddías,1.643.165,0 | 0 | 0 | 0 | 0 | 0,Delantero