Jugador,Equipo,DiferenciaDif.,% Dif,Acel.,Tend.,Valor,Valor ant.Ant.,Posición
Karrikaburu,Real Sociedad,-10.783 | -22.108 | -33.753 | -76.899 | -175.866 | -513.473,"-1,86% | -3,73% | -5,59% | -11,89% | -23,58% | -47,39%",,40ddías,570.025,580.808 | 592.133 | 603.778 | 646.924 | 745.891 | 1.083.498,Delantero
Mikautadze,Villarreal,+300.826 | +1.289.501 | +2.082.910 | +6.283.129 | +9.939.984 | +14.870.070,"+0,48% | +2,11% | +3,45% | +11,19% | +18,93% | +31,26%",,33ddías,62.438.705,62.137.879 | 61.149.204 | 60.355.795 | 56.155.576 | 52.498.721 | 47.568.635,Delantero
Juan Hernández,Barcelona,0 | 0 | 0 | 0 | 0 | 0,"0,00% | 0,00% | 0,00% | 0,00% | 0,00% | 0,00%",,37ddías,581.760,581.760 | 581.760 | 581.760 | 581.760 | 581.760 | 581.760,Mediocampista
Adrián Pérez,Athletic,0 | 0 | 0 | 0 | 0 | 0,"0,00% | 0,00% | 0,00% | 0,00% | 0,00% | 0,00%",,37ddías,602.257,602.257 | 602.257 | 602.257 | 602.257 | 602.257 | 602.257,Delantero
Monreal,Athletic,0 | 0 | 0 | 0 | 0 | 0,"0,00% | 0,00% | 0,00% | 0,00% | 0,00% | 0,00%",,37ddías,602.257,602.257 | 602.257 | 602.257 | 602.257 | 602.257 | 602.257,Defensa
Ballestero,Alavés,0 | 0 | 0 | 0 | 0 | 0,"0,00% | 0,00% | 0,00% | 0,00% | 0,00% | 0,00%",,37ddías,602.316,602.316 | 602.316 | 602.316 | 602.316 | 602.316 | 602.316,Defensa
Aller,Barcelona,0 | 0 | 0 | 0 | 0 | 0,"0,00% | 0,00% | 0,00% | 0,00% | 0,00% | 0,00%",,37ddías,702.705,702.705 | 702.705 | 702.705 | 702.705 | 702.705 | 702.705,Portero
Martínez Bastida,Elche,0 | 0 | 0 | 0 | 0 | 0,"0,00% | 0,00% | 0,00% | 0,00% | 0,00% | 0,00%",,37ddías,602.324,602.324 | 602.324 | 602.324 | 602.324 | 602.324 | 602.324,Mediocampista
Taufik,Atlético,0 | 0 | 0 | 0 | 0 | 0,"0,00% | 0,00% | 0,00% | 0,00% | 0,00% | 0,00%",,37ddías,602.316,602.316 | 602.316 | 602.316 | 602.316 | 602.316 | 602.316,Mediocampista
Bardghji,Barcelona,-98.759 | -204.364 | -313.129 | -707.205 | -1.500.903 | -1.819.414,"-3,19% | -6,38% | -9,45% | -19,08% | -33,35% | -37,76%",,16ddías,2.999.151,3.097.910 | 3.203.515 | 3.312.280 | 3.706.356 | 4.500.054 | 4.818.565,Delantero
Adam Boayar,Elche,0 | 0 | 0 | 0 | 0 | 0,"0,00% | 0,00% | 0,00% | 0,00% | 0,00% | 0,00%",,37ddías,702.711,702.711 | 702.711 | 702.711 | 702.711 | 702.711 | 702.711,Mediocampista
Santos,Athletic,0 | 0 | 0 | 0 | 0 | 0,"0,00% | 0,00% | 0,00% | 0,00% | 0,00% | 0,00%",,37ddías,702.606,702.606 | 702.606 | 702.606 | 702.606 | 702.606 | 702.606,Portero
Laporte,Athletic,-1.114.260 | -2.393.905 | -3.750.381 | -6.427.015 | +1.362.434 | +29.982.721,"-2,02% | -4,24% | -6,48% | -10,62% | +2,58% | +124,35%",,6ddías,54.094.303,55.208.563 | 56.488.208 | 57.844.684 | 60.521.318 | 52.731.869 | 24.111.582,Defensa
Alemão,Rayo,-27.144 | -43.680 | -94.569 | -324.819 | -845.597 | -2.277.111,"-0,73% | -1,17% | -2,50% | -8,10% | -18,67% | -38,20%",,40ddías,3.684.009,3.711.153 | 3.727.689 | 3.778.578 | 4.008.828 | 4.529.606 | 5.961.120,Delantero
Diangana,Elche,-36.935 | -74.495 | -112.149 | -219.947 | -407.800 | -1.072.468,"-2,99% | -5,86% | -8,57% | -15,53% | -25,42% | -47,26%",,40ddías,1.196.683,1.233.618 | 1.271.178 | 1.308.832 | 1.416.630 | 1.604.483 | 2.269.151,Delantero
Krug,Levante,0 | 0 | 0 | 0 | 0 | 0,"0,00% | 0,00% | 0,00% | 0,00% | 0,00% | 0,00%",,37ddías,602.249,602.249 | 602.249 | 602.249 | 602.249 | 602.249 | 602.249,Defensa
Navarro,Valencia,0 | 0 | 0 | 0 | 0 | 0,"0,00% | 0,00% | 0,00% | 0,00% | 0,00% | 0,00%",,37ddías,501.909,501.909 | 501.909 | 501.909 | 501.909 | 501.909 | 501.909,Defensa
Benito,Getafe,0 | 0 | 0 | 0 | 0 | 0,"0,00% | 0,00% | 0,00% | 0,00% | 0,00% | 0,00%",,37ddías,602.319,602.319 | 602.319 | 602.319 | 602.319 | 602.319 | 602.319,Portero
Oluwaseyi,Villarreal,-44.105 | -95.107 | -155.003 | -398.758 | -932.561 | -2.639.274,"-1,56% | -3,30% | -5,27% | -12,53% | -25,09% | -48,67%",,40ddías,2.783.952,2.828.057 | 2.879.059 | 2.938.955 | 3.182.710 | 3.716.513 | 5.423.226,Delantero
Sierra,Sevilla,0 | 0 | 0 | 0 | 0 | 0,"0,00% | 0,00% | 0,00% | 0,00% | 0,00% | 0,00%",,37ddías,602.284,602.284 | 602.284 | 602.284 | 602.284 | 602.284 | 602.284,Delantero
Blázquez,Valencia,0 | 0 | 0 | 0 | 0 | 0,"0,00% | 0,00% | 0,00% | 0,00% | 0,00% | 0,00%",,37ddías,581.656,581.656 | 581.656 | 581.656 | 581.656 | 581.656 | 581.656,Delantero
Suazo,Sevilla,+17.676 | +21.924 | +4.991 | -138.511 | -673.657 | -2.483.839,"+0,33% | +0,41% | +0,09% | -2,50% | -11,09% | -31,49%",,2ddías,5.403.084,5.385.408 | 5.381.160 | 5.398.093 | 5.541.595 | 6.076.741 | 7.886.923,Defensa
Ryan,Levante,0 | 0 | 0 | 0 | 0 | 0,"0,00% | 0,00% | 0,00% | 0,00% | 0,00% | 0,00%",,37ddías,13.550.652,13.550.652 | 13.550.652 | 13.550.652 | 13.550.652 | 13.550.652 | 13.550.652,Portero
Arriaga,Levante,-37.868 | -82.310 | -137.172 | -356.587 | -853.112 | -2.445.890,"-1,44% | -3,09% | -5,04% | -12,12% | -24,82% | -48,62%",,40ddías,2.584.585,2.622.453 | 2.666.895 | 2.721.757 | 2.941.172 | 3.437.697 | 5.030.475,Mediocampista
Vlachodimos,Sevilla,+268.929 | +826.553 | +1.184.414 | +3.064.606 | +2.968.382 | +2.968.382,"+1,51% | +4,81% | +7,03% | +20,48% | +19,71% | +19,71%",,10ddías,18.024.861,17.755.932 | 17.198.308 | 16.840.447 | 14.960.255 | 15.056.479 | 15.056.479,Portero
Montero,Alavés,0 | 0 | 0 | 0 | 0 | 0,"0,00% | 0,00% | 0,00% | 0,00% | 0,00% | 0,00%",,37ddías,602.316,602.316 | 602.316 | 602.316 | 602.316 | 602.316 | 602.316,Portero
Cardoso,Sevilla,-18.313 | -37.515 | -60.101 | -155.869 | -353.195 | -1.012.294,"-2,13% | -4,27% | -6,66% | -15,62% | -29,55% | -54,59%",,40ddías,841.914,860.227 | 879.429 | 902.015 | 997.783 | 1.195.109 | 1.854.208,Defensa
Riedel,Espanyol,-57.791 | -133.338 | -219.370 | -493.602 | -920.992 | -920.992,"-1,24% | -2,82% | -4,55% | -9,69% | -16,68% | -16,68%",,10ddías,4.599.626,4.657.417 | 4.732.964 | 4.818.996 | 5.093.228 | 5.520.618 | 5.520.618,Defensa
Sancris,Getafe,-13.417 | -27.486 | -41.989 | -97.808 | -224.602 | -668.483,"-2,07% | -4,16% | -6,22% | -13,38% | -26,18% | -51,35%",,40ddías,633.242,646.659 | 660.728 | 675.231 | 731.050 | 857.844 | 1.301.725,Delantero
Carlos Soler,Real Sociedad,+278.275 | +744.873 | +861.495 | +812.988 | -752.757 | -5.865.049,"+0,89% | +2,40% | +2,79% | +2,63% | -2,32% | -15,60%",,4ddías,31.720.296,31.442.021 | 30.975.423 | 30.858.801 | 30.907.308 | 32.473.053 | 37.585.345,Mediocampista
Folgado,Real Sociedad,0 | 0 | 0 | 0 | 0 | 0,"0,00% | 0,00% | 0,00% | 0,00% | 0,00% | 0,00%",,37ddías,702.606,702.606 | 702.606 | 702.606 | 702.606 | 702.606 | 702.606,Portero
Álex Costa,Sevilla,0 | 0 | 0 | 0 | 0 | 0,"0,00% | 0,00% | 0,00% | 0,00% | 0,00% | 0,00%",,37ddías,602.284,602.284 | 602.284 | 602.284 | 602.284 | 602.284 | 602.284,Delantero
Oso,Sevilla,+17.551 | -441.122 | -932.101 | -932.101 | -932.101 | -932.101,"+0,13% | -3,25% | -6,63% | -6,63% | -6,63% | -6,63%",,1ddías,13.121.231,13.103.680 | 13.562.353 | 14.053.332 | 14.053.332 | 14.053.332 | 14.053.332,Defensa
Espart,Barcelona,0 | 0 | 0 | 0 | 0 | 0,"0,00% | 0,00% | 0,00% | 0,00% | 0,00% | 0,00%",,37ddías,702.705,702.705 | 702.705 | 702.705 | 702.705 | 702.705 | 702.705,Defensa
Aleksandrov,Getafe,0 | 0 | 0 | 0 | 0 | 0,"0,00% | 0,00% | 0,00% | 0,00% | 0,00% | 0,00%",,37ddías,602.319,602.319 | 602.319 | 602.319 | 602.319 | 602.319 | 602.319,Delantero
Nacho Pérez,Levante,0 | 0 | 0 | 0 | 0 | 0,"0,00% | 0,00% | 0,00% | 0,00% | 0,00% | 0,00%",,37ddías,581.692,581.692 | 581.692 | 581.692 | 581.692 | 581.692 | 581.692,Defensa
Dani Martínez,Atlético,0 | 0 | -35 | -9.758 | -35.345 | -95.938,"0,00% | 0,00% | -0,01% | -2,30% | -7,84% | -18,77%",,2ddías,415.311,415.311 | 415.311 | 415.346 | 425.069 | 450.656 | 511.249,Defensa
Joan Martínez,Real Madrid,0 | 0 | 0 | 0 | 0 | 0,"0,00% | 0,00% | 0,00% | 0,00% | 0,00% | 0,00%",,37ddías,702.622,702.622 | 702.622 | 702.622 | 702.622 | 702.622 | 702.622,Defensa
Iker Muñoz,Sevilla,0 | 0 | 0 | 0 | 0 | 0,"0,00% | 0,00% | 0,00% | 0,00% | 0,00% | 0,00%",,37ddías,602.284,602.284 | 602.284 | 602.284 | 602.284 | 602.284 | 602.284,Defensa
Oláiz,Alavés,0 | 0 | 0 | 0 | 0 | 0,"0,00% | 0,00% | 0,00% | 0,00% | 0,00% | 0,00%",,37ddías,602.316,602.316 | 602.316 | 602.316 | 602.316 | 602.316 | 602.316,Defensa
Izei,Alavés,0 | 0 | 0 | 0 | 0 | 0,"0,00% | 0,00% | 0,00% | 0,00% | 0,00% | 0,00%",,37ddías,582.010,582.010 | 582.010 | 582.010 | 582.010 | 582.010 | 582.010,Mediocampista
Aitor Mañas,Alavés,-19.759 | -19.759 | -19.759 | -19.759 | -19.759 | -19.759,"-3,51% | -3,51% | -3,51% | -3,51% | -3,51% | -3,51%",,1ddías,542.405,562.164 | 562.164 | 562.164 | 562.164 | 562.164 | 562.164,Delantero
Hierro,Athletic,0 | 0 | 0 | 0 | 0 | 0,"0,00% | 0,00% | 0,00% | 0,00% | 0,00% | 0,00%",,37ddías,602.257,602.257 | 602.257 | 602.257 | 602.257 | 602.257 | 602.257,Delantero
Boñar,Atlético,0 | 0 | -35 | -15.048 | -52.251 | -159.984,"0,00% | 0,00% | -0,01% | -3,27% | -10,51% | -26,44%",,2ddías,445.140,445.140 | 445.140 | 445.175 | 460.188 | 497.391 | 605.124,Defensa
Carlos Macià,Villarreal,0 | 0 | 0 | 0 | 0 | 0,"0,00% | 0,00% | 0,00% | 0,00% | 0,00% | 0,00%",,37ddías,803.057,803.057 | 803.057 | 803.057 | 803.057 | 803.057 | 803.057,Mediocampista
Puric,Atlético,0 | 0 | -35 | -13.228 | -46.431 | -144.331,"0,00% | 0,00% | -0,01% | -2,95% | -9,65% | -24,92%",,2ddías,434.872,434.872 | 434.872 | 434.907 | 448.100 | 481.303 | 579.203,Defensa
Marqués,Barcelona,0 | 0 | 0 | 0 | 0 | 0,"0,00% | 0,00% | 0,00% | 0,00% | 0,00% | 0,00%",,37ddías,602.319,602.319 | 602.319 | 602.319 | 602.319 | 602.319 | 602.319,Defensa
Arcos,Celta,0 | 0 | 0 | 0 | 0 | 0,"0,00% | 0,00% | 0,00% | 0,00% | 0,00% | 0,00%",,37ddías,602.257,602.257 | 602.257 | 602.257 | 602.257 | 602.257 | 602.257,Mediocampista
Cestero,Real Madrid,0 | 0 | 0 | 0 | 0 | 0,"0,00% | 0,00% | 0,00% | 0,00% | 0,00% | 0,00%",,37ddías,602.234,602.234 | 602.234 | 602.234 | 602.234 | 602.234 | 602.234,Mediocampista
Montes,Getafe,0 | 0 | 0 | 0 | 0 | 0,"0,00% | 0,00% | 0,00% | 0,00% | 0,00% | 0,00%",,37ddías,602.319,602.319 | 602.319 | 602.319 | 602.319 | 602.319 | 602.319,Defensa
Ferran,Espanyol,0 | 0 | 0 | 0 | 0 | 0,"0,00% | 0,00% | 0,00% | 0,00% | 0,00% | 0,00%",,37ddías,602.248,602.248 | 602.248 | 602.248 | 602.248 | 602.248 | 602.248,Mediocampista
Unai Santos,Osasuna,0 | 0 | 0 | 0 | 0 | 0,"0,00% | 0,00% | 0,00% | 0,00% | 0,00% | 0,00%",,37ddías,602.319,602.319 | 602.319 | 602.319 | 602.319 | 602.319 | 602.319,Defensa
Carrera,Real Sociedad,0 | 0 | 0 | 0 | 0 | 0,"0,00% | 0,00% | 0,00% | 0,00% | 0,00% | 0,00%",,37ddías,702.633,702.633 | 702.633 | 702.633 | 702.633 | 702.633 | 702.633,Delantero
Javi Navarro,Real Madrid,0 | 0 | 0 | 0 | 0 | 0,"0,00% | 0,00% | 0,00% | 0,00% | 0,00% | 0,00%",,37ddías,702.622,702.622 | 702.622 | 702.622 | 702.622 | 702.622 | 702.622,Portero
Meixús,Celta,0 | 0 | 0 | 0 | 0 | 0,"0,00% | 0,00% | 0,00% | 0,00% | 0,00% | 0,00%",,37ddías,485.372,485.372 | 485.372 | 485.372 | 485.372 | 485.372 | 485.372,Defensa
Beitia,Real Sociedad,0 | 0 | 0 | 0 | 0 | 0,"0,00% | 0,00% | 0,00% | 0,00% | 0,00% | 0,00%",,37ddías,501.861,501.861 | 501.861 | 501.861 | 501.861 | 501.861 | 501.861,Defensa
Lebarbier,Real Sociedad,0 | 0 | 0 | 0 | 0 | 0,"0,00% | 0,00% | 0,00% | 0,00% | 0,00% | 0,00%",,37ddías,602.234,602.234 | 602.234 | 602.234 | 602.234 | 602.234 | 602.234,Defensa
Barry,Villarreal,0 | 0 | 0 | 0 | 0 | 0,"0,00% | 0,00% | 0,00% | 0,00% | 0,00% | 0,00%",,37ddías,602.292,602.292 | 602.292 | 602.292 | 602.292 | 602.292 | 602.292,Mediocampista
Delgado,Elche,0 | 0 | 0 | 0 | 0 | 0,"0,00% | 0,00% | 0,00% | 0,00% | 0,00% | 0,00%",,37ddías,602.324,602.324 | 602.324 | 602.324 | 602.324 | 602.324 | 602.324,Defensa
Álvaro,Villarreal,0 | 0 | 0 | 0 | 0 | 0,"0,00% | 0,00% | 0,00% | 0,00% | 0,00% | 0,00%",,37ddías,501.929,501.929 | 501.929 | 501.929 | 501.929 | 501.929 | 501.929,Defensa
Selton,Athletic,0 | 0 | 0 | 0 | 0 | 0,"0,00% | 0,00% | 0,00% | 0,00% | 0,00% | 0,00%",,37ddías,602.257,602.257 | 602.257 | 602.257 | 602.257 | 602.257 | 602.257,Mediocampista
Óscar Marcos,Celta,0 | 0 | 0 | 0 | 0 | 0,"0,00% | 0,00% | 0,00% | 0,00% | 0,00% | 0,00%",,37ddías,602.257,602.257 | 602.257 | 602.257 | 602.257 | 602.257 | 602.257,Delantero
Rosón,Levante,0 | 0 | 0 | 0 | 0 | 0,"0,00% | 0,00% | 0,00% | 0,00% | 0,00% | 0,00%",,37ddías,602.249,602.249 | 602.249 | 602.249 | 602.249 | 602.249 | 602.249,Mediocampista
Al Lal,Elche,0 | 0 | 0 | 0 | 0 | 0,"0,00% | 0,00% | 0,00% | 0,00% | 0,00% | 0,00%",,37ddías,501.936,501.936 | 501.936 | 501.936 | 501.936 | 501.936 | 501.936,Delantero
Yassin,Getafe,0 | 0 | 0 | 0 | 0 | 0,"0,00% | 0,00% | 0,00% | 0,00% | 0,00% | 0,00%",,37ddías,501.932,501.932 | 501.932 | 501.932 | 501.932 | 501.932 | 501.932,Defensa
Marchal,Real Sociedad,0 | 0 | 0 | 0 | 0 | 0,"0,00% | 0,00% | 0,00% | 0,00% | 0,00% | 0,00%",,37ddías,602.234,602.234 | 602.234 | 602.234 | 602.234 | 602.234 | 602.234,Mediocampista
Panach,Valencia,0 | 0 | 0 | 0 | 0 | 0,"0,00% | 0,00% | 0,00% | 0,00% | 0,00% | 0,00%",,37ddías,501.909,501.909 | 501.909 | 501.909 | 501.909 | 501.909 | 501.909,Defensa
Jurado,Valencia,0 | 0 | 0 | 0 | 0 | 0,"0,00% | 0,00% | 0,00% | 0,00% | 0,00% | 0,00%",,37ddías,602.292,602.292 | 602.292 | 602.292 | 602.292 | 602.292 | 602.292,Defensa
Nakoha,Levante,0 | 0 | 0 | 0 | 0 | 0,"0,00% | 0,00% | 0,00% | 0,00% | 0,00% | 0,00%",,37ddías,501.874,501.874 | 501.874 | 501.874 | 501.874 | 501.874 | 501.874,Defensa
Altozano,Sevilla,0 | 0 | 0 | 0 | 0 | 0,"0,00% | 0,00% | 0,00% | 0,00% | 0,00% | 0,00%",,37ddías,602.284,602.284 | 602.284 | 602.284 | 602.284 | 602.284 | 602.284,Mediocampista
Corralejo,Betis,0 | 0 | 0 | 0 | 0 | 0,"0,00% | 0,00% | 0,00% | 0,00% | 0,00% | 0,00%",,37ddías,602.248,602.248 | 602.248 | 602.248 | 602.248 | 602.248 | 602.248,Mediocampista
Kita,R. Sociedad B,0 | 0 | 0 | 0 | 0 | 0,"0,00% | 0,00% | 0,00% | 0,00% | 0,00% | 0,00%",,37ddías,602.234,602.234 | 602.234 | 602.234 | 602.234 | 602.234 | 602.234,Defensa
Ruggeri,Atlético,-117.904 | -243.943 | -393.366 | -947.934 | -1.561.762 | -3.480.306,"-1,91% | -3,87% | -6,09% | -13,52% | -20,48% | -36,46%",,34ddías,6.065.299,6.183.203 | 6.309.242 | 6.458.665 | 7.013.233 | 7.627.061 | 9.545.605,Defensa
Á. Núñez,Celta,-40.542 | -89.787 | -149.584 | -394.274 | -953.535 | -2.683.608,"-1,09% | -2,39% | -3,91% | -9,70% | -20,62% | -42,23%",,37ddías,3.671.289,3.711.831 | 3.761.076 | 3.820.873 | 4.065.563 | 4.624.824 | 6.354.897,Defensa
Santiago,Elche,-9.771 | -20.042 | -30.588 | -68.866 | -157.143 | -459.247,"-1,76% | -3,54% | -5,31% | -11,20% | -22,36% | -45,70%",,40ddías,545.741,555.512 | 565.783 | 576.329 | 614.607 | 702.884 | 1.004.988,Mediocampista
Aguado,Elche,+22.407 | +28.298 | +18.770 | -35.061 | -245.991 | -1.466.643,"+0,64% | +0,81% | +0,54% | -0,99% | -6,56% | -29,49%",,2ddías,3.506.001,3.483.594 | 3.477.703 | 3.487.231 | 3.541.062 | 3.751.992 | 4.972.644,Mediocampista
Sivera,Alavés,+87.921 | +386.868 | +557.180 | +2.774.643 | +7.970.042 | +14.935.408,"+0,28% | +1,24% | +1,80% | +9,67% | +33,91% | +90,30%",,38ddías,31.474.726,31.386.805 | 31.087.858 | 30.917.546 | 28.700.083 | 23.504.684 | 16.539.318,Portero
Iván Romero,Levante,+96.763 | +208.880 | +304.218 | +418.438 | +193.574 | -604.704,"+1,35% | +2,96% | +4,37% | +6,11% | +2,74% | -7,68%",,5ddías,7.267.214,7.170.451 | 7.058.334 | 6.962.996 | 6.848.776 | 7.073.640 | 7.871.918,Delantero
Salinas,Málaga,+9.666 | -19.853 | -42.932 | -42.932 | -42.932 | -427.745,"+0,95% | -1,90% | -4,01% | -4,01% | -4,01% | -29,40%",,1ddías,1.027.138,1.017.472 | 1.046.991 | 1.070.070 | 1.070.070 | 1.070.070 | 1.454.883,Defensa
Huijsen,Real Madrid,+480.352 | +1.218.375 | +1.482.250 | +241.615 | -3.677.274 | -10.727.577,"+1,53% | +3,97% | +4,87% | +0,76% | -10,33% | -25,15%",,4ddías,31.925.943,31.445.591 | 30.707.568 | 30.443.693 | 31.684.328 | 35.603.217 | 42.653.520,Defensa
Febas,Celta,+205.856 | +569.978 | +848.789 | +1.069.758 | -852.514 | -852.514,"+0,86% | +2,41% | +3,63% | +4,62% | -3,40% | -3,40%",,5ddías,24.244.374,24.038.518 | 23.674.396 | 23.395.585 | 23.174.616 | 25.096.888 | 25.096.888,Mediocampista
Alexander-Arnold,Real Madrid,-265.541 | -583.322 | -920.540 | -1.969.430 | -4.057.404 | -11.952.803,"-1,14% | -2,48% | -3,86% | -7,90% | -15,02% | -34,24%",,40ddías,22.954.779,23.220.320 | 23.538.101 | 23.875.319 | 24.924.209 | 27.012.183 | 34.907.582,Defensa
Jonny,Alavés,-27.451 | -25.596 | -58.967 | -229.827 | -635.217 | -2.642.980,"-0,50% | -0,47% | -1,07% | -4,06% | -10,46% | -32,72%",,1ddías,5.435.805,5.463.256 | 5.461.401 | 5.494.772 | 5.665.632 | 6.071.022 | 8.078.785,Defensa
Luiz Felipe,Rayo,-278.343 | -278.343 | -278.343 | -278.343 | -278.343 | -278.343,"-6,76% | -6,76% | -6,76% | -6,76% | -6,76% | -6,76%",,1ddías,3.836.934,4.115.277 | 4.115.277 | 4.115.277 | 4.115.277 | 4.115.277 | 4.115.277,Defensa
Hancko,Atlético,+440.517 | +1.188.444 | +1.953.936 | +5.211.608 | +7.424.221 | +1.616.434,"+1,17% | +3,22% | +5,41% | +15,86% | +24,22% | +4,43%",,12ddías,38.079.151,37.638.634 | 36.890.707 | 36.125.215 | 32.867.543 | 30.654.930 | 36.462.717,Defensa
Fortea,Real Madrid,0 | 0 | 0 | 0 | 0 | 0,"0,00% | 0,00% | 0,00% | 0,00% | 0,00% | 0,00%",,37ddías,802.099,802.099 | 802.099 | 802.099 | 802.099 | 802.099 | 802.099,Defensa
Jutglà,Celta,+83.811 | +182.969 | +210.277 | +320.988 | +337 | -2.582.318,"+0,89% | +1,97% | +2,27% | +3,51% | +0,00% | -21,45%",,5ddías,9.457.860,9.374.049 | 9.274.891 | 9.247.583 | 9.136.872 | 9.457.523 | 12.040.178,Delantero
Affengruber,Elche,-190.901 | -294.838 | -328.400 | +775.855 | +4.940.460 | +13.333.834,"-0,57% | -0,88% | -0,98% | +2,40% | +17,54% | +67,45%",,3ddías,33.102.814,33.293.715 | 33.397.652 | 33.431.214 | 32.326.959 | 28.162.354 | 19.768.980,Defensa
John ChetauyaJohn C.,Elche,-12.358 | -26.789 | -43.639 | -106.395 | -249.704 | -762.451,"-1,76% | -3,74% | -5,95% | -13,36% | -26,57% | -52,49%",,40ddías,690.251,702.609 | 717.040 | 733.890 | 796.646 | 939.955 | 1.452.702,Defensa
Valentín Gómez,Betis,-23.903 | -47.396 | -82.693 | -216.555 | -509.071 | -1.488.326,"-1,33% | -2,60% | -4,45% | -10,88% | -22,30% | -45,62%",,40ddías,1.773.883,1.797.786 | 1.821.279 | 1.856.576 | 1.990.438 | 2.282.954 | 3.262.209,Defensa
Swiderski,Alavés,0 | 0 | 0 | 0 | 0 | 0,"0,00% | 0,00% | 0,00% | 0,00% | 0,00% | 0,00%",,37ddías,602.316,602.316 | 602.316 | 602.316 | 602.316 | 602.316 | 602.316,Portero
D. Aguado,Real Madrid,0 | 0 | 0 | 0 | 0 | 0,"0,00% | 0,00% | 0,00% | 0,00% | 0,00% | 0,00%",,37ddías,774.109,774.109 | 774.109 | 774.109 | 774.109 | 774.109 | 774.109,Defensa
Fran González,Sevilla,-1.766 | -1.686 | -4.210 | -32.415 | -32.415 | -32.415,"-0,26% | -0,25% | -0,62% | -4,61% | -4,61% | -4,61%",,1ddías,670.207,671.973 | 671.893 | 674.417 | 702.622 | 702.622 | 702.622,Portero
Mariezkurrena,Real Sociedad,0 | 0 | 0 | 0 | 0 | 0,"0,00% | 0,00% | 0,00% | 0,00% | 0,00% | 0,00%",,37ddías,677.966,677.966 | 677.966 | 677.966 | 677.966 | 677.966 | 677.966,Delantero
Castrín,Sevilla,-56.241 | -213.660 | -382.003 | -382.003 | -382.003 | -382.003,"-1,25% | -4,59% | -7,92% | -7,92% | -7,92% | -7,92%",,3ddías,4.441.013,4.497.254 | 4.654.673 | 4.823.016 | 4.823.016 | 4.823.016 | 4.823.016,Defensa
Rafa,Sevilla,0 | 0 | 0 | 0 | 0 | 0,"0,00% | 0,00% | 0,00% | 0,00% | 0,00% | 0,00%",,37ddías,602.257,602.257 | 602.257 | 602.257 | 602.257 | 602.257 | 602.257,Portero
Diatta,Villarreal,-21.927 | -21.927 | -21.927 | -21.927 | -21.927 | -21.927,"-3,77% | -3,77% | -3,77% | -3,77% | -3,77% | -3,77%",,1ddías,559.729,581.656 | 581.656 | 581.656 | 581.656 | 581.656 | 581.656,Mediocampista
Pablo García,Betis,0 | 0 | 0 | 0 | 0 | 0,"0,00% | 0,00% | 0,00% | 0,00% | 0,00% | 0,00%",,37ddías,2.509.371,2.509.371 | 2.509.371 | 2.509.371 | 2.509.371 | 2.509.371 | 2.509.371,Delantero
Bambo,Elche,-17.400 | -33.402 | -60.039 | -172.817 | +431.505 | +431.505,"-1,58% | -2,98% | -5,24% | -13,73% | 0% | 0%",,12ddías,1.085.970,1.103.370 | 1.119.372 | 1.146.009 | 1.258.787 | 0 | 0,Defensa
Bekhoucha,Getafe,0 | 0 | 0 | 0 | 0 | 0,"0,00% | 0,00% | 0,00% | 0,00% | 0,00% | 0,00%",,37ddías,1.104.254,1.104.254 | 1.104.254 | 1.104.254 | 1.104.254 | 1.104.254 | 1.104.254,Defensa
Arguibide,Osasuna,0 | 0 | 0 | 0 | 0 | 0,"0,00% | 0,00% | 0,00% | 0,00% | 0,00% | 0,00%",,37ddías,582.013,582.013 | 582.013 | 582.013 | 582.013 | 582.013 | 582.013,Defensa
Molina,Rayo,0 | 0 | 0 | 0 | 0 | 0,"0,00% | 0,00% | 0,00% | 0,00% | 0,00% | 0,00%",,37ddías,602.234,602.234 | 602.234 | 602.234 | 602.234 | 602.234 | 602.234,Portero
Fortuny,Real Madrid,0 | 0 | 0 | 0 | 0 | 0,"0,00% | 0,00% | 0,00% | 0,00% | 0,00% | 0,00%",,37ddías,602.234,602.234 | 602.234 | 602.234 | 602.234 | 602.234 | 602.234,Mediocampista
Youssef,Alavés,+3.939 | +8.371 | +5.594 | -10.083 | -63.806 | -237.778,"+0,79% | +1,70% | +1,13% | -1,98% | -11,32% | -32,23%",,2ddías,500.045,496.106 | 491.674 | 494.451 | 510.128 | 563.851 | 737.823,Defensa
Vencedor,Athletic,0 | 0 | 0 | 0 | 0 | 0,"0,00% | 0,00% | 0,00% | 0,00% | 0,00% | 0,00%",,37ddías,2.208.253,2.208.253 | 2.208.253 | 2.208.253 | 2.208.253 | 2.208.253 | 2.208.253,Mediocampista
Martim Neto,Elche,-14.539 | -35.446 | -60.697 | -157.041 | -376.266 | -879.068,"-0,87% | -2,09% | -3,53% | -8,64% | -18,48% | -34,62%",,40ddías,1.659.886,1.674.425 | 1.695.332 | 1.720.583 | 1.816.927 | 2.036.152 | 2.538.954,Mediocampista
Deossa,Betis,+29.783 | +74.658 | +101.030 | +232.860 | +64.515 | -958.438,"+1,45% | +3,71% | +5,09% | +12,55% | +3,19% | -31,46%",,9ddías,2.087.660,2.057.877 | 2.013.002 | 1.986.630 | 1.854.800 | 2.023.145 | 3.046.098,Mediocampista
Veiga,Villarreal,-484.347 | -1.083.642 | -1.845.142 | -4.445.948 | -1.777.520 | +9.916.487,"-1,21% | -2,67% | -4,46% | -10,11% | -4,30% | +33,48%",,8ddías,39.539.182,40.023.529 | 40.622.824 | 41.384.324 | 43.985.130 | 41.316.702 | 29.622.695,Defensa
Radu,Celta,-463.592 | -813.503 | -1.068.590 | +16.804 | +5.055.595 | +15.499.390,"-1,17% | -2,03% | -2,65% | +0,04% | +14,79% | +65,26%",,3ddías,39.248.115,39.711.707 | 40.061.618 | 40.316.705 | 39.231.311 | 34.192.520 | 23.748.725,Portero
Toljan,Levante,-34.932 | -76.089 | -143.786 | -359.524 | -658.316 | -2.220.592,"-0,81% | -1,76% | -3,27% | -7,79% | -13,40% | -34,30%",,38ddías,4.253.686,4.288.618 | 4.329.775 | 4.397.472 | 4.613.210 | 4.912.002 | 6.474.278,Defensa
Carlos Espí,Real Madrid,+137.753 | +382.944 | +542.887 | +5.211.054 | +5.211.054 | +5.211.054,"+1,60% | +4,58% | +6,62% | 0% | 0% | 0%",,4ddías,8.742.183,8.604.430 | 8.359.239 | 8.199.296 | 0 | 0 | 0,Delantero
Cortés,Levante,0 | 0 | 0 | 0 | 0 | 0,"0,00% | 0,00% | 0,00% | 0,00% | 0,00% | 0,00%",,37ddías,803.000,803.000 | 803.000 | 803.000 | 803.000 | 803.000 | 803.000,Delantero
Primo,Levante,0 | 0 | 0 | 0 | 0 | 0,"0,00% | 0,00% | 0,00% | 0,00% | 0,00% | 0,00%",,37ddías,1.104.126,1.104.126 | 1.104.126 | 1.104.126 | 1.104.126 | 1.104.126 | 1.104.126,Portero
Vertrouwd,Rayo,0 | 0 | 0 | 0 | 0 | 0,"0,00% | 0,00% | 0,00% | 0,00% | 0,00% | 0,00%",,37ddías,1.003.725,1.003.725 | 1.003.725 | 1.003.725 | 1.003.725 | 1.003.725 | 1.003.725,Defensa
Becerra,Rayo,0 | 0 | 0 | 0 | 0 | 0,"0,00% | 0,00% | 0,00% | 0,00% | 0,00% | 0,00%",,37ddías,581.700,581.700 | 581.700 | 581.700 | 581.700 | 581.700 | 581.700,Mediocampista
Rueda,Celta,+78.113 | +207.424 | +298.276 | +541.694 | +489.811 | -339.075,"+1,89% | +5,17% | +7,61% | +14,73% | +13,14% | -7,44%",,9ddías,4.217.993,4.139.880 | 4.010.569 | 3.919.717 | 3.676.299 | 3.728.182 | 4.557.068,Defensa
Víctor García,Levante,-19.978 | -46.914 | -93.671 | -293.855 | -759.070 | -2.303.618,"-0,98% | -2,28% | -4,45% | -12,76% | -27,42% | -53,41%",,40ddías,2.009.477,2.029.455 | 2.056.391 | 2.103.148 | 2.303.332 | 2.768.547 | 4.313.095,Defensa
Niculaesei,Elche,0 | 0 | 0 | 0 | 0 | 0,"0,00% | 0,00% | 0,00% | 0,00% | 0,00% | 0,00%",,37ddías,803.099,803.099 | 803.099 | 803.099 | 803.099 | 803.099 | 803.099,Defensa
Mendoza,Atlético,-4.845 | -7.425 | -14.755 | -42.306 | -115.504 | -440.450,"-0,57% | -0,87% | -1,71% | -4,74% | -11,97% | -34,14%",,40ddías,849.600,854.445 | 857.025 | 864.355 | 891.906 | 965.104 | 1.290.050,Mediocampista
Echegoyen,Osasuna,0 | 0 | 0 | 0 | 0 | 0,"0,00% | 0,00% | 0,00% | 0,00% | 0,00% | 0,00%",,37ddías,562.286,562.286 | 562.286 | 562.286 | 562.286 | 562.286 | 562.286,Mediocampista
Josan,Elche,-15.144 | -49.486 | -86.572 | -86.572 | -86.572 | -86.572,"-1,34% | -4,24% | -7,19% | -7,19% | -7,19% | -7,19%",,3ddías,1.118.078,1.133.222 | 1.167.564 | 1.204.650 | 1.204.650 | 1.204.650 | 1.204.650,Mediocampista
Davinchi,Getafe,+89.338 | +206.081 | -367 | -367 | -367 | -367,"+3,06% | +7,35% | -0,01% | -0,01% | -0,01% | -0,01%",,2ddías,3.011.236,2.921.898 | 2.805.155 | 3.011.603 | 3.011.603 | 3.011.603 | 3.011.603,Defensa
Thiago,Real Madrid,0 | 0 | 0 | 0 | 0 | 0,"0,00% | 0,00% | 0,00% | 0,00% | 0,00% | 0,00%",,37ddías,7.026.082,7.026.082 | 7.026.082 | 7.026.082 | 7.026.082 | 7.026.082 | 7.026.082,Mediocampista
Pablo CamposCuñat Campos,Levante,-13.944 | -32.003 | -50.353 | -135.778 | -218.517 | -381.089,"-1,28% | -2,90% | -4,49% | -11,24% | -16,93% | -26,22%",,13ddías,1.072.202,1.086.146 | 1.104.205 | 1.122.555 | 1.207.980 | 1.290.719 | 1.453.291,Portero
Joselu,Getafe,0 | 0 | 0 | 0 | 0 | 0,"0,00% | 0,00% | 0,00% | 0,00% | 0,00% | 0,00%",,37ddías,602.319,602.319 | 602.319 | 602.319 | 602.319 | 602.319 | 602.319,Delantero
Junior,Betis,-47.382 | -107.518 | -179.478 | -472.308 | -1.160.937 | -3.252.462,"-1,34% | -2,99% | -4,89% | -11,91% | -24,95% | -48,22%",,40ddías,3.492.025,3.539.407 | 3.599.543 | 3.671.503 | 3.964.333 | 4.652.962 | 6.744.487,Defensa
Gorrotxategi,Real Sociedad,-157.745 | -337.569 | -532.801 | -1.305.094 | -2.407.446 | -4.169.657,"-2,41% | -5,03% | -7,71% | -16,98% | -27,40% | -39,53%",,33ddías,6.379.380,6.537.125 | 6.716.949 | 6.912.181 | 7.684.474 | 8.786.826 | 10.549.037,Mediocampista
Dituro,Elche,+186.510 | +325.399 | +457.304 | +907.232 | +798.498 | -124.940,"+2,56% | +4,55% | +6,51% | +13,80% | +11,94% | -1,64%",,9ddías,7.483.749,7.297.239 | 7.158.350 | 7.026.445 | 6.576.517 | 6.685.251 | 7.608.689,Portero
Dolan,Espanyol,-5.180 | -3.268 | -32.673 | -234.817 | -792.705 | -2.512.402,"-0,09% | -0,05% | -0,54% | -3,76% | -11,64% | -29,46%",,1ddías,6.014.857,6.020.037 | 6.018.125 | 6.047.530 | 6.249.674 | 6.807.562 | 8.527.259,Delantero
Roger BruguéBrugui,Levante,-71.826 | -147.749 | -228.097 | -520.229 | -1.091.299 | -3.002.110,"-3,09% | -6,15% | -9,18% | -18,74% | -32,60% | -57,09%",,41ddías,2.256.037,2.327.863 | 2.403.786 | 2.484.134 | 2.776.266 | 3.347.336 | 5.258.147,Delantero
Jorge Cabello,Levante,-17.235 | -36.488 | -59.868 | -155.054 | -368.277 | +260.420,"-2,02% | -4,18% | -6,67% | -15,62% | -30,55% | 0%",,17ddías,837.296,854.531 | 873.784 | 897.164 | 992.350 | 1.205.573 | 0,Defensa
C. Álvarez,Levante,-2.267 | +52.813 | +137.490 | +999.482 | +3.179.398 | +8.158.135,"-0,01% | +0,27% | +0,70% | +5,35% | +19,27% | +70,83%",,1ddías,19.675.318,19.677.585 | 19.622.505 | 19.537.828 | 18.675.836 | 16.495.920 | 11.517.183,Mediocampista
Oriol Rey,Levante,-7.770 | -19.020 | -35.935 | -104.333 | -264.675 | -804.841,"-1,05% | -2,53% | -4,67% | -12,44% | -26,50% | -52,30%",,40ddías,734.196,741.966 | 753.216 | 770.131 | 838.529 | 998.871 | 1.539.037,Mediocampista
Ugrinic,Valencia,-293 | -20.225 | -67.963 | -306.897 | -1.089.425 | -3.325.359,"-0,01% | -0,52% | -1,74% | -7,41% | -22,12% | -46,43%",,38ddías,3.836.220,3.836.513 | 3.856.445 | 3.904.183 | 4.143.117 | 4.925.645 | 7.161.579,Mediocampista
Manu Fernández,Celta,-3.707 | -7.661 | -11.628 | -20.725 | -44.937 | -109.496,"-0,92% | -1,88% | -2,82% | -4,92% | -10,10% | -21,48%",,40ddías,400.191,403.898 | 407.852 | 411.819 | 420.916 | 445.128 | 509.687,Defensa
Bigas,Elche,-124.373 | -251.987 | -390.309 | -958.454 | -1.986.392 | -3.963.648,"-2,35% | -4,64% | -7,01% | -15,63% | -27,74% | -43,38%",,35ddías,5.173.960,5.298.333 | 5.425.947 | 5.564.269 | 6.132.414 | 7.160.352 | 9.137.608,Defensa
Redondo,Elche,-8.785 | -23.408 | -41.204 | -120.911 | -320.882 | -975.968,"-0,99% | -2,58% | -4,46% | -12,05% | -26,66% | -52,51%",,40ddías,882.549,891.334 | 905.957 | 923.753 | 1.003.460 | 1.203.431 | 1.858.517,Mediocampista
Pinillos,Alavés,0 | 0 | 0 | 0 | 0 | 0,"0,00% | 0,00% | 0,00% | 0,00% | 0,00% | 0,00%",,37ddías,501.929,501.929 | 501.929 | 501.929 | 501.929 | 501.929 | 501.929,Mediocampista
Rego,Athletic,0 | 0 | 0 | 0 | 0 | 0,"0,00% | 0,00% | 0,00% | 0,00% | 0,00% | 0,00%",,37ddías,5.018.825,5.018.825 | 5.018.825 | 5.018.825 | 5.018.825 | 5.018.825 | 5.018.825,Defensa
Esquivel,Atlético,0 | 0 | 0 | 0 | 0 | 0,"0,00% | 0,00% | 0,00% | 0,00% | 0,00% | 0,00%",,37ddías,602.292,602.292 | 602.292 | 602.292 | 602.292 | 602.292 | 602.292,Portero
Torrents,Barcelona,0 | 0 | 0 | 0 | 0 | 0,"0,00% | 0,00% | 0,00% | 0,00% | 0,00% | 0,00%",,37ddías,602.319,602.319 | 602.319 | 602.319 | 602.319 | 602.319 | 602.319,Defensa
Tunde,Levante,0 | 0 | 0 | 0 | 0 | 0,"0,00% | 0,00% | 0,00% | 0,00% | 0,00% | 0,00%",,37ddías,8.531.892,8.531.892 | 8.531.892 | 8.531.892 | 8.531.892 | 8.531.892 | 8.531.892,Mediocampista
Astiazaran,R. Sociedad B,0 | 0 | 0 | 0 | 0 | 0,"0,00% | 0,00% | 0,00% | 0,00% | 0,00% | 0,00%",,37ddías,602.257,602.257 | 602.257 | 602.257 | 602.257 | 602.257 | 602.257,Mediocampista
Juanpe,Rayo,0 | 0 | 0 | 0 | 0 | 0,"0,00% | 0,00% | 0,00% | 0,00% | 0,00% | 0,00%",,37ddías,602.234,602.234 | 602.234 | 602.234 | 602.234 | 602.234 | 602.234,Portero
Arana,Racing,-8.099 | -18.176 | -26.911 | -76.371 | -165.962 | -470.586,"-1,01% | -2,24% | -3,29% | -8,80% | -17,33% | -37,29%",,40ddías,791.527,799.626 | 809.703 | 818.438 | 867.898 | 957.489 | 1.262.113,Delantero
Aubameyang,Deportivo,+951.196 | +2.187.224 | +3.160.032 | +8.224.253 | +17.382.334 | 0,"+3,10% | +7,42% | +11,09% | +35,10% | +121,77% | 0%",,16ddías,31.657.424,30.706.228 | 29.470.200 | 28.497.392 | 23.433.171 | 14.275.090 | 0,Delantero
Konaté,Real Madrid,-85.621 | +392.755 | +1.038.173 | +6.045.155 | +17.076.229 | 0,"-0,17% | +0,81% | +2,17% | +14,09% | +53,58% | 0%",,1ddías,48.947.305,49.032.926 | 48.554.550 | 47.909.132 | 42.902.150 | 31.871.076 | 0,Defensa
Cucurella,Real Madrid,-948.932 | -1.624.548 | -1.756.715 | +4.490.967 | +24.887.298 | 0,"-1,14% | -1,93% | -2,09% | +5,76% | +43,28% | 0%",,3ddías,82.392.216,83.341.148 | 84.016.764 | 84.148.931 | 77.901.249 | 57.504.918 | 0,Defensa
Hartman,Espanyol,-164.315 | -319.276 | -512.863 | -1.127.968 | -2.431.951 | 0,"-1,82% | -3,47% | -5,46% | -11,26% | -21,48% | 0%",,24ddías,8.887.784,9.052.099 | 9.207.060 | 9.400.647 | 10.015.752 | 11.319.735 | 0,Defensa
Dumfries,Real Madrid,-1.261.556 | -2.550.349 | -4.059.167 | -8.413.211 | -1.929.634 | 0,"-2,13% | -4,21% | -6,54% | -12,67% | -3,22% | 0%",,7ddías,57.983.349,59.244.905 | 60.533.698 | 62.042.516 | 66.396.560 | 59.912.983 | 0,Defensa
Yeremay,Deportivo,-1.235.228 | -2.541.232 | -3.848.231 | -7.514.174 | -1.997.363 | +20.573.206,"-2,34% | -4,70% | -6,94% | -12,72% | -3,73% | +66,37%",,7ddías,51.573.206,52.808.434 | 54.114.438 | 55.421.437 | 59.087.380 | 53.570.569 | 31.000.000,Delantero
Larrubia,Málaga,-1.061.408 | -1.663.720 | -1.929.643 | +708.782 | +9.824.441 | +26.904.170,"-1,91% | -2,97% | -3,43% | +1,32% | +22,04% | +97,85%",,3ddías,54.400.014,55.461.422 | 56.063.734 | 56.329.657 | 53.691.232 | 44.575.573 | 27.495.844,Mediocampista
Chupete,Málaga,-895.624 | -1.645.383 | -2.278.677 | +208.184 | +9.257.342 | +27.243.064,"-1,71% | -3,09% | -4,23% | +0,41% | +21,89% | +112,09%",,3ddías,51.547.929,52.443.553 | 53.193.312 | 53.826.606 | 51.339.745 | 42.290.587 | 24.304.865,Delantero
Vallecillo,Racing,0 | 0 | 0 | 0 | 0 | 0,"0,00% | 0,00% | 0,00% | 0,00% | 0,00% | 0,00%",,32ddías,677.940,677.940 | 677.940 | 677.940 | 677.940 | 677.940 | 677.940,Mediocampista
Santaella,Málaga,0 | 0 | 0 | 0 | 0 | 0,"0,00% | 0,00% | 0,00% | 0,00% | 0,00% | 0,00%",,32ddías,401.498,401.498 | 401.498 | 401.498 | 401.498 | 401.498 | 401.498,Defensa
Diego Diaz,Racing,0 | 0 | 0 | 0 | 0 | 0,"0,00% | 0,00% | 0,00% | 0,00% | 0,00% | 0,00%",,36ddías,602.234,602.234 | 602.234 | 602.234 | 602.234 | 602.234 | 602.234,Delantero
Santi Franco,Racing,0 | 0 | 0 | 0 | 0 | 0,"0,00% | 0,00% | 0,00% | 0,00% | 0,00% | 0,00%",,36ddías,702.606,702.606 | 702.606 | 702.606 | 702.606 | 702.606 | 702.606,Delantero
Canales,Racing,+508.004 | +1.411.078 | +2.090.986 | +4.642.663 | +13.121.185 | +13.121.185,"+2,24% | +6,49% | +9,93% | +25,07% | +130,72% | +130,72%",,7ddías,23.158.447,22.650.443 | 21.747.369 | 21.067.461 | 18.515.784 | 10.037.262 | 10.037.262,Mediocampista
Guliashvili,Racing,-64.042 | -132.681 | -205.836 | -510.570 | -1.143.034 | -3.156.350,"-2,99% | -5,99% | -9,00% | -19,70% | -35,45% | -60,26%",,40ddías,2.081.326,2.145.368 | 2.214.007 | 2.287.162 | 2.591.896 | 3.224.360 | 5.237.676,Delantero
Iñigo Vicente,Racing,+75.207 | +289.592 | +311.459 | +314.787 | -458.031 | -4.598.155,"+0,39% | +1,53% | +1,65% | +1,67% | -2,33% | -19,35%",,5ddías,19.165.047,19.089.840 | 18.875.455 | 18.853.588 | 18.850.260 | 19.623.078 | 23.763.202,Delantero
Hjulmand,Atlético,+307.421 | +1.119.000 | +1.661.807 | +3.054.310 | +1.154.343 | 0,"+0,86% | +3,19% | +4,80% | +9,20% | +3,29% | 0%",,7ddías,36.247.742,35.940.321 | 35.128.742 | 34.585.935 | 33.193.432 | 35.093.399 | 0,Mediocampista
Hernando,Racing,-21.465 | -44.384 | -79.572 | -180.582 | -264.134 | -994.162,"-1,20% | -2,45% | -4,30% | -9,26% | -12,98% | -35,96%",,40ddías,1.770.190,1.791.655 | 1.814.574 | 1.849.762 | 1.950.772 | 2.034.324 | 2.764.352,Defensa
Haitam,Málaga,-4.562 | -9.405 | -14.298 | -27.503 | -60.735 | -158.741,"-1,07% | -2,19% | -3,29% | -6,14% | -12,62% | -27,40%",,40ddías,420.686,425.248 | 430.091 | 434.984 | 448.189 | 481.421 | 579.427,Delantero
Jiménez,Racing,0 | 0 | 0 | 0 | 0 | 0,"0,00% | 0,00% | 0,00% | 0,00% | 0,00% | 0,00%",,36ddías,602.234,602.234 | 602.234 | 602.234 | 602.234 | 602.234 | 602.234,Portero
Eriksson,Racing,-10.810 | -23.792 | -37.847 | +87.683 | +506.522 | +305.139,"-0,37% | -0,81% | -1,28% | +3,09% | +20,96% | +11,66%",,3ddías,2.923.053,2.933.863 | 2.946.845 | 2.960.900 | 2.835.370 | 2.416.531 | 2.617.914,Portero
Laro Gómez,Racing,0 | 0 | 0 | 0 | 0 | 0,"0,00% | 0,00% | 0,00% | 0,00% | 0,00% | 0,00%",,36ddías,602.234,602.234 | 602.234 | 602.234 | 602.234 | 602.234 | 602.234,Portero
Mantilla,Racing,+33.813 | +96.260 | +138.286 | +335.288 | +596.832 | +347.092,"+1,24% | +3,60% | +5,26% | +13,79% | +27,50% | +14,34%",,17ddías,2.766.811,2.732.998 | 2.670.551 | 2.628.525 | 2.431.523 | 2.169.979 | 2.419.719,Defensa
Sainz-Maza,Racing,-13.502 | -28.261 | -45.793 | -120.837 | -279.398 | -810.565,"-1,74% | -3,57% | -5,66% | -13,66% | -26,79% | -51,49%",,40ddías,763.502,777.004 | 791.763 | 809.295 | 884.339 | 1.042.900 | 1.574.067,Defensa
Salinas,Racing,-406.550 | -406.550 | -406.550 | -406.550 | -406.550 | -406.550,"-6,75% | -6,75% | -6,75% | -6,75% | -6,75% | -6,75%",,1ddías,5.615.806,6.022.356 | 6.022.356 | 6.022.356 | 6.022.356 | 6.022.356 | 6.022.356,Defensa
Solórzano,Racing,0 | 0 | 0 | 0 | 0 | 0,"0,00% | 0,00% | 0,00% | 0,00% | 0,00% | 0,00%",,36ddías,602.234,602.234 | 602.234 | 602.234 | 602.234 | 602.234 | 602.234,Mediocampista
Carlos Sánchez,Racing,0 | 0 | 0 | 0 | 0 | 0,"0,00% | 0,00% | 0,00% | 0,00% | 0,00% | 0,00%",,36ddías,702.606,702.606 | 702.606 | 702.606 | 702.606 | 702.606 | 702.606,Defensa
Facundo GonzálezFacu González,Racing,+10.384 | +15.784 | -1.125 | -54.722 | -211.539 | -443.118,"+0,34% | +0,52% | -0,04% | -1,75% | -6,45% | -12,61%",,2ddías,3.069.922,3.059.538 | 3.054.138 | 3.071.047 | 3.124.644 | 3.281.461 | 3.513.040,Defensa
Crespo,Racing,0 | 0 | 0 | 0 | 0 | 0,"0,00% | 0,00% | 0,00% | 0,00% | 0,00% | 0,00%",,36ddías,802.979,802.979 | 802.979 | 802.979 | 802.979 | 802.979 | 802.979,Defensa
Gueye,Racing,-31.548 | -64.248 | -97.027 | -228.042 | -626.461 | -2.256.276,"-0,76% | -1,54% | -2,30% | -5,25% | -13,21% | -35,40%",,36ddías,4.117.405,4.148.953 | 4.181.653 | 4.214.432 | 4.345.447 | 4.743.866 | 6.373.681,Mediocampista
Sergio Martínez,Racing,0 | 0 | 0 | 0 | 0 | 0,"0,00% | 0,00% | 0,00% | 0,00% | 0,00% | 0,00%",,36ddías,702.606,702.606 | 702.606 | 702.606 | 702.606 | 702.606 | 702.606,Mediocampista
Puerta,Racing,+88.494 | +318.545 | +453.701 | +1.388.955 | +2.754.112 | +2.447.797,"+0,71% | +2,59% | +3,72% | +12,35% | +27,86% | +24,02%",,19ddías,12.639.842,12.551.348 | 12.321.297 | 12.186.141 | 11.250.887 | 9.885.730 | 10.192.045,Mediocampista
Calatrava,Espanyol,+39.001 | +123.496 | +163.994 | +417.148 | +713.707 | 0,"+1,00% | +3,24% | +4,35% | +11,85% | +22,14% | 0%",,15ddías,3.936.762,3.897.761 | 3.813.266 | 3.772.768 | 3.519.614 | 3.223.055 | 0,Delantero
Bernardo Silva,Real Madrid,+1.080.997 | +2.718.347 | +4.064.144 | +10.973.884 | 0 | 0,"+2,06% | +5,34% | +8,19% | +25,70% | 0% | 0%",,11ddías,53.669.837,52.588.840 | 50.951.490 | 49.605.693 | 42.695.953 | 0 | 0,Mediocampista
Lobete,Málaga,-17.365 | -36.579 | -50.064 | -128.651 | -307.176 | -824.699,"-2,15% | -4,42% | -5,95% | -13,98% | -27,96% | -51,03%",,40ddías,791.301,808.666 | 827.880 | 841.365 | 919.952 | 1.098.477 | 1.616.000,Delantero
Juan Funes,Málaga,-41.900 | -85.638 | -131.047 | -323.914 | -751.599 | +314.194,"-3,08% | -6,11% | -9,05% | -19,74% | -36,34% | 0%",,17ddías,1.316.819,1.358.719 | 1.402.457 | 1.447.866 | 1.640.733 | 2.068.418 | 0,
Claudio Giráldez,Celta,-88.504 | -177.807 | -266.656 | -663.646 | -1.357.233 | -2.566.518,"-3,49% | -6,78% | -9,83% | -21,34% | -35,68% | 0%",,8ddías,2.446.608,2.535.112 | 2.624.415 | 2.713.264 | 3.110.254 | 3.803.841 | 0,
Antonio Hidalgo,Deportivo,-57.106 | -116.682 | -178.589 | -444.616 | -1.032.925 | +177.798,"-3,28% | -6,49% | -9,60% | -20,91% | -38,05% | 0%",,18ddías,1.681.735,1.738.841 | 1.798.417 | 1.860.324 | 2.126.351 | 2.714.660 | 0,
Martín Anselmi,Elche,-56.253 | -114.943 | -175.926 | -437.857 | -1.017.177 | 0,"-3,28% | -6,47% | -9,58% | -20,86% | -37,98% | 0%",,15ddías,1.661.311,1.717.564 | 1.776.254 | 1.837.237 | 2.099.168 | 2.678.488 | 0,
Manolo González,Espanyol,-34.919 | -71.384 | -109.217 | -268.489 | -621.129 | -354.681,"-2,95% | -5,85% | -8,68% | -18,94% | -35,08% | 0%",,21ddías,1.149.256,1.184.175 | 1.220.640 | 1.258.473 | 1.417.745 | 1.770.385 | 0,
Pepe Bordalás,Getafe,-1.827.736 | -3.731.719 | -5.714.883 | -14.500.518 | -14.382.642 | +39.163.748,"-3,97% | -7,79% | -11,45% | -24,71% | -24,56% | 0%",,10ddías,44.176.874,46.004.610 | 47.908.593 | 49.891.757 | 58.677.392 | 58.559.516 | 0,
Luis Castro,Levante,-41.242 | -84.295 | -128.990 | -318.693 | -739.432 | -202.897,"-3,07% | -6,08% | -9,02% | -19,68% | -36,24% | 0%",,20ddías,1.301.040,1.342.282 | 1.385.335 | 1.430.030 | 1.619.733 | 2.040.472 | 0,
Luis Miguel Ramis,Osasuna,-48.609 | -99.334 | -152.021 | -377.164 | -875.713 | 0,"-3,18% | -6,30% | -9,33% | -20,33% | -37,21% | 0%",,16ddías,1.477.812,1.526.421 | 1.577.146 | 1.629.833 | 1.854.976 | 2.353.525 | 0,
Hansi Flick,Barcelona,-300.434 | -603.989 | -903.655 | -2.028.892 | -3.970.746 | -5.073.935,"-2,93% | -5,71% | -8,31% | -16,92% | -28,49% | 0%",,8ddías,9.965.447,10.265.881 | 10.569.436 | 10.869.102 | 11.994.339 | 13.936.193 | 0,
José Alberto López,Racing,-27.879 | -57.012 | -87.207 | -212.610 | -492.176 | +178.216,"-2,77% | -5,50% | -8,17% | -17,82% | -33,42% | 0%",,18ddías,980.315,1.008.194 | 1.037.327 | 1.067.522 | 1.192.925 | 1.472.491 | 0,
Beñat San José,Rayo,-56.253 | -114.943 | -175.926 | -437.857 | -1.017.177 | 0,"-3,28% | -6,47% | -9,58% | -20,86% | -37,98% | 0%",,15ddías,1.661.311,1.717.564 | 1.776.254 | 1.837.237 | 2.099.168 | 2.678.488 | 0,
José Mourinho,Real Madrid,-500.491 | -996.958 | -1.517.452 | -3.694.602 | -8.795.901 | 0,"-3,42% | -6,59% | -9,70% | -20,73% | -38,38% | 0%",,17ddías,14.124.668,14.625.159 | 15.121.626 | 15.642.120 | 17.819.270 | 22.920.569 | 0,
Pellegrino Matarazzo,Real Sociedad,-151.677 | -303.914 | -463.375 | -1.146.177 | -2.656.621 | -1.015.888,"-3,66% | -7,07% | -10,39% | -22,28% | -39,93% | 0%",,20ddías,3.997.238,4.148.915 | 4.301.152 | 4.460.613 | 5.143.415 | 6.653.859 | 0,
Luis García,Sevilla,-23.452 | -47.972 | -73.362 | -177.460 | -410.249 | +71.944,"-2,61% | -5,20% | -7,74% | -16,88% | -31,94% | 0%",,19ddías,874.043,897.495 | 922.015 | 947.405 | 1.051.503 | 1.284.292 | 0,
Carlos Corberán,Valencia,-16.071 | -32.902 | -50.283 | -118.864 | -273.382 | -205.463,"-2,25% | -4,51% | -6,73% | -14,57% | -28,18% | 0%",,22ddías,696.898,712.969 | 729.800 | 747.181 | 815.762 | 970.280 | 0,
Manuel Pellegrini,Betis,-155.572 | -309.321 | -470.051 | -1.139.237 | -2.534.197 | -2.550.305,"-3,36% | -6,47% | -9,52% | -20,32% | -36,19% | 0%",,22ddías,4.468.072,4.623.644 | 4.777.393 | 4.938.123 | 5.607.309 | 7.002.269 | 0,
Diego Simeone,Atlético,-195.933 | -394.364 | -591.593 | -1.424.325 | -2.988.411 | -4.119.076,"-3,21% | -6,26% | -9,10% | -19,43% | -33,59% | 0%",,23ddías,5.907.178,6.103.111 | 6.301.542 | 6.498.771 | 7.331.503 | 8.895.589 | 0,
Amatucci,Deportivo,+290.133 | +536.602 | +666.606 | +784.296 | 0 | 0,"+2,31% | +4,36% | +5,48% | +6,51% | 0% | 0%",,5ddías,12.835.554,12.545.421 | 12.298.952 | 12.168.948 | 12.051.258 | 0 | 0,Mediocampista
Marcos,Espanyol,-28.543 | -55.831 | 0 | 0 | 0 | 0,"-1,96% | -3,76% | 0% | 0% | 0% | 0%",,2ddías,1.430.424,1.458.967 | 1.486.255 | 0 | 0 | 0 | 0,Delantero
De Haas,Valencia,+118.447 | +244.338 | +343.340 | +689.609 | 0 | 0,"+1,32% | +2,76% | +3,92% | +8,19% | 0% | 0%",,7ddías,9.112.917,8.994.470 | 8.868.579 | 8.769.577 | 8.423.308 | 0 | 0,Defensa
Dieng,Valencia,-106.223 | -203.769 | -309.017 | -701.635 | 0 | 0,"-2,21% | -4,16% | -6,17% | -12,99% | 0% | 0%",,9ddías,4.698.599,4.804.822 | 4.902.368 | 5.007.616 | 5.400.234 | 0 | 0,Mediocampista
Moscardo,Espanyol,-200.898 | -433.609 | -675.510 | -1.669.155 | 0 | 0,"-2,08% | -4,39% | -6,67% | -15,01% | 0% | 0%",,8ddías,9.450.770,9.651.668 | 9.884.379 | 10.126.280 | 11.119.925 | 0 | 0,Mediocampista
Gulacsi,Villarreal,+42.118 | +114.074 | +60.020 | 0 | 0 | 0,"+1,01% | +2,79% | +1,45% | 0% | 0% | 0%",,2ddías,4.209.497,4.167.379 | 4.095.423 | 4.149.477 | 0 | 0 | 0,Portero
Mikel Rodriguez,Alavés,-11.554 | -33.926 | 0 | 0 | 0 | 0,"-1,37% | -3,91% | 0% | 0% | 0% | 0%",,2ddías,834.395,845.949 | 868.321 | 0 | 0 | 0 | 0,Mediocampista
Angeliño,Deportivo,+106.279 | -425.984 | 0 | 0 | 0 | 0,"+0,70% | -2,71% | 0% | 0% | 0% | 0%",,1ddías,15.312.339,15.206.060 | 15.738.323 | 0 | 0 | 0 | 0,Defensa
Sazonov,Getafe,-16.287 | -56.026 | 0 | 0 | 0 | 0,"-1,29% | -4,30% | 0% | 0% | 0% | 0%",,2ddías,1.246.455,1.262.742 | 1.302.481 | 0 | 0 | 0 | 0,Defensa
Edin Terzic,Athletic,-321.585 | -653.195 | -1.002.384 | -2.533.828 | -5.921.276 | 0,"-3,84% | -7,49% | -11,06% | -23,91% | -42,34% | 0%",,16ddías,8.062.530,8.384.115 | 8.715.725 | 9.064.914 | 10.596.358 | 13.983.806 | 0,
Mangala,Getafe,-91.900 | -477.332 | 0 | 0 | 0 | 0,"-0,83% | -4,19% | 0% | 0% | 0% | 0%",,2ddías,10.919.384,11.011.284 | 11.396.716 | 0 | 0 | 0 | 0,Mediocampista
Andrés García,Getafe,+28.605 | -283.411 | 0 | 0 | 0 | 0,"+0,32% | -3,07% | 0% | 0% | 0% | 0%",,1ddías,8.942.502,8.913.897 | 9.225.913 | 0 | 0 | 0 | 0,Mediocampista
Pedro Felipe,Racing,-14.022 | -105.792 | 0 | 0 | 0 | 0,"-0,53% | -3,90% | 0% | 0% | 0% | 0%",,2ddías,2.607.711,2.621.733 | 2.713.503 | 0 | 0 | 0 | 0,Defensa
Y. Diomande,Real Madrid,-1.248.352 | -4.368.511 | 0 | 0 | 0 | 0,"-1,40% | -4,74% | 0% | 0% | 0% | 0%",,2ddías,87.890.623,89.138.975 | 92.259.134 | 0 | 0 | 0 | 0,Delantero
Sangante,Sevilla,-17.040 | -325.386 | 0 | 0 | 0 | 0,"-0,19% | -3,57% | 0% | 0% | 0% | 0%",,2ddías,8.791.987,8.809.027 | 9.117.373 | 0 | 0 | 0 | 0,Defensa
Quique Sánchez,Alavés,-23.452 | -47.972 | -73.362 | -177.460 | -410.249 | +71.944,"-2,61% | -5,20% | -7,74% | -16,88% | -31,94% | 0%",,19ddías,874.043,897.495 | 922.015 | 947.405 | 1.051.503 | 1.284.292 | 0,
Jauregi,Málaga,-24.916 | -55.091 | -91.814 | -222.479 | -222.479 | -222.479,"-1,83% | -3,97% | -6,44% | -14,30% | -14,30% | -14,30%",,6ddías,1.333.295,1.358.211 | 1.388.386 | 1.425.109 | 1.555.774 | 1.555.774 | 1.555.774,Delantero
Joaquín,Málaga,-83.294 | -179.865 | -295.987 | -838.728 | -1.926.927 | -5.074.594,"-1,21% | -2,58% | -4,18% | -10,99% | -22,10% | -42,76%",,40ddías,6.793.050,6.876.344 | 6.972.915 | 7.089.037 | 7.631.778 | 8.719.977 | 11.867.644,Delantero
Aguirre,R. Sociedad B,0 | 0 | 0 | 0 | 0 | 0,"0,00% | 0,00% | 0,00% | 0,00% | 0,00% | 0,00%",,37ddías,602.257,602.257 | 602.257 | 602.257 | 602.257 | 602.257 | 602.257,Mediocampista
Morcillo,Elche,0 | 0 | 0 | 0 | 0 | 0,"0,00% | 0,00% | 0,00% | 0,00% | 0,00% | 0,00%",,37ddías,702.702,702.702 | 702.702 | 702.702 | 702.702 | 702.702 | 702.702,Mediocampista
Vargas,Atlético,-15.625 | -31.268 | -51.342 | -131.605 | -292.451 | -845.101,"-1,84% | -3,61% | -5,79% | -13,62% | -25,94% | -50,31%",,40ddías,834.773,850.398 | 866.041 | 886.115 | 966.378 | 1.127.224 | 1.679.874,Mediocampista
Vecino,Celta,-45.818 | -95.143 | -152.476 | -394.620 | -914.692 | -2.620.836,"-2,20% | -4,47% | -6,97% | -16,25% | -31,02% | -56,30%",,40ddías,2.034.352,2.080.170 | 2.129.495 | 2.186.828 | 2.428.972 | 2.949.044 | 4.655.188,Mediocampista
Sangaré,Elche,+27.905 | -103.114 | -244.558 | -244.558 | -244.558 | -244.558,"+0,75% | -2,66% | -6,09% | -6,09% | -6,09% | -6,09%",,1ddías,3.770.943,3.743.038 | 3.874.057 | 4.015.501 | 4.015.501 | 4.015.501 | 4.015.501,Defensa
Lamini Fati,Real Madrid,0 | 0 | 0 | 0 | 0 | 0,"0,00% | 0,00% | 0,00% | 0,00% | 0,00% | 0,00%",,37ddías,677.955,677.955 | 677.955 | 677.955 | 677.955 | 677.955 | 677.955,Defensa
Antañón,Celta,0 | 0 | 0 | 0 | 0 | 0,"0,00% | 0,00% | 0,00% | 0,00% | 0,00% | 0,00%",,37ddías,581.700,581.700 | 581.700 | 581.700 | 581.700 | 581.700 | 581.700,Mediocampista
Ochieng,Real Sociedad,0 | 0 | 0 | 0 | 0 | 0,"0,00% | 0,00% | 0,00% | 0,00% | 0,00% | 0,00%",,37ddías,702.633,702.633 | 702.633 | 702.633 | 702.633 | 702.633 | 702.633,Mediocampista
Cubo,Atlético,0 | 0 | 0 | 0 | 0 | 0,"0,00% | 0,00% | 0,00% | 0,00% | 0,00% | 0,00%",,37ddías,602.316,602.316 | 602.316 | 602.316 | 602.316 | 602.316 | 602.316,Delantero
Tete Morente,Elche,-42.221 | -89.727 | -139.559 | -354.369 | -803.577 | -2.303.578,"-2,13% | -4,41% | -6,70% | -15,42% | -29,25% | -54,23%",,40ddías,1.943.924,1.986.145 | 2.033.651 | 2.083.483 | 2.298.293 | 2.747.501 | 4.247.502,Delantero
Hugo Ríos,Deportivo,0 | 0 | 0 | 0 | 0 | 0,"0,00% | 0,00% | 0,00% | 0,00% | 0,00% | 0,00%",,37ddías,903.386,903.386 | 903.386 | 903.386 | 903.386 | 903.386 | 903.386,Portero
Puerto,Deportivo,0 | 0 | -35 | +829 | -5.448 | -3.507,"0,00% | 0,00% | -0,01% | +0,23% | -1,46% | -0,95%",,2ddías,367.523,367.523 | 367.523 | 367.558 | 366.694 | 372.971 | 371.030,Portero
Germán Parreño,Deportivo,-5.430 | -14.943 | -25.480 | -71.235 | -100.276 | -100.276,"-0,89% | -2,42% | -4,06% | -10,58% | -14,27% | -14,27%",,9ddías,602.357,607.787 | 617.300 | 627.837 | 673.592 | 702.633 | 702.633,Portero
Quagliata,Deportivo,-15.626 | -21.311 | -28.376 | +28.795 | +364.911 | -23.693,"-0,48% | -0,65% | -0,86% | +0,89% | +12,56% | -0,72%",,3ddías,3.270.037,3.285.663 | 3.291.348 | 3.298.413 | 3.241.242 | 2.905.126 | 3.293.730,Defensa
Loureiro,Deportivo,-25.343 | -44.848 | -70.011 | -38.907 | -83.241 | -762.392,"-0,67% | -1,18% | -1,83% | -1,03% | -2,17% | -16,88%",,3ddías,3.754.551,3.779.894 | 3.799.399 | 3.824.562 | 3.793.458 | 3.837.792 | 4.516.943,Defensa
Teijo,Deportivo,0 | 0 | 0 | 0 | 0 | 0,"0,00% | 0,00% | 0,00% | 0,00% | 0,00% | 0,00%",,37ddías,602.257,602.257 | 602.257 | 602.257 | 602.257 | 602.257 | 602.257,Defensa
Lookman,Atlético,-968.047 | -1.764.395 | -2.229.919 | +1.038.911 | +13.353.538 | +43.840.989,"-1,24% | -2,24% | -2,82% | +1,37% | +20,99% | 0%",,3ddías,76.962.254,77.930.301 | 78.726.649 | 79.192.173 | 75.923.343 | 63.608.716 | 0,Delantero
Fidalgo,Betis,-17.092 | -55.132 | -101.628 | -277.425 | -665.782 | -1.716.974,"-0,63% | -2,02% | -3,65% | -9,38% | -19,90% | -39,05%",,37ddías,2.679.848,2.696.940 | 2.734.980 | 2.781.476 | 2.957.273 | 3.345.630 | 4.396.822,Mediocampista
Samu Fernández,Deportivo,0 | 0 | 0 | 0 | 0 | 0,"0,00% | 0,00% | 0,00% | 0,00% | 0,00% | 0,00%",,37ddías,702.633,702.633 | 702.633 | 702.633 | 702.633 | 702.633 | 702.633,Defensa
Satriano,Getafe,-210.247 | -1.311.480 | +26.914.141 | +26.914.141 | +26.914.141 | +26.914.141,"-0,67% | -4,03% | 0% | 0% | 0% | 0%",,2ddías,31.250.567,31.460.814 | 32.562.047 | 0 | 0 | 0 | 0,Delantero
Fontanet,Valencia,0 | 0 | 0 | 0 | 0 | 0,"0,00% | 0,00% | 0,00% | 0,00% | 0,00% | 0,00%",,37ddías,581.987,581.987 | 581.987 | 581.987 | 581.987 | 581.987 | 581.987,Defensa
Gaitán,Villarreal,0 | 0 | 0 | 0 | 0 | 0,"0,00% | 0,00% | 0,00% | 0,00% | 0,00% | 0,00%",,37ddías,602.292,602.292 | 602.292 | 602.292 | 602.292 | 602.292 | 602.292,Mediocampista
Manuel Ángel,Real Madrid,0 | 0 | 0 | 0 | 0 | 0,"0,00% | 0,00% | 0,00% | 0,00% | 0,00% | 0,00%",,37ddías,702.606,702.606 | 702.606 | 702.606 | 702.606 | 702.606 | 702.606,Mediocampista
Julio Díaz,Sevilla,-12.711 | -12.711 | -12.711 | -12.711 | -4.273 | -30.116,"-2,66% | -2,66% | -2,66% | -2,66% | -0,91% | -6,08%",,1ddías,465.279,477.990 | 477.990 | 477.990 | 477.990 | 469.552 | 495.395,Defensa
Burcio,Celta,0 | 0 | 0 | 0 | 0 | 0,"0,00% | 0,00% | 0,00% | 0,00% | 0,00% | 0,00%",,37ddías,602.257,602.257 | 602.257 | 602.257 | 602.257 | 602.257 | 602.257,Mediocampista
Álex Sánchez,Elche,0 | 0 | 0 | 0 | 0 | 0,"0,00% | 0,00% | 0,00% | 0,00% | 0,00% | 0,00%",,37ddías,602.324,602.324 | 602.324 | 602.324 | 602.324 | 602.324 | 602.324,Mediocampista
A. Riquelme,Getafe,0 | 0 | 0 | 0 | 0 | 0,"0,00% | 0,00% | 0,00% | 0,00% | 0,00% | 0,00%",,37ddías,602.324,602.324 | 602.324 | 602.324 | 602.324 | 602.324 | 602.324,Mediocampista
Koski,Alavés,+16.177 | -2.803 | -22.387 | -22.387 | -22.387 | -22.387,"+2,12% | -0,36% | -2,79% | -2,79% | -2,79% | -2,79%",,1ddías,780.702,764.525 | 783.505 | 803.089 | 803.089 | 803.089 | 803.089,Defensa
Mesonero,Real Madrid,0 | 0 | 0 | 0 | 0 | 0,"0,00% | 0,00% | 0,00% | 0,00% | 0,00% | 0,00%",,37ddías,702.606,702.606 | 702.606 | 702.606 | 702.606 | 702.606 | 702.606,Mediocampista
Romero,Getafe,-57.057 | -1.039.920 | -2.094.194 | -2.094.194 | -2.094.194 | -2.094.194,"-0,20% | -3,58% | -6,95% | -6,95% | -6,95% | -6,95%",,3ddías,28.022.072,28.079.129 | 29.061.992 | 30.116.266 | 30.116.266 | 30.116.266 | 30.116.266,Defensa
Boselli,Getafe,-17.473 | -111.903 | -213.754 | -213.754 | -213.754 | -213.754,"-0,65% | -4,01% | -7,39% | -7,39% | -7,39% | -7,39%",,3ddías,2.680.245,2.697.718 | 2.792.148 | 2.893.999 | 2.893.999 | 2.893.999 | 2.893.999,Defensa
Ángel Pérez,Alavés,-78.258 | -147.440 | -247.439 | -668.434 | -1.657.774 | -5.246.275,"-1,16% | -2,17% | -3,58% | -9,12% | -19,93% | -44,06%",,40ddías,6.661.137,6.739.395 | 6.808.577 | 6.908.576 | 7.329.571 | 8.318.911 | 11.907.412,Delantero
Cepeda,Elche,+2.391 | -1.545 | -9.878 | -61.961 | -202.792 | -771.416,"+0,22% | -0,14% | -0,90% | -5,40% | -15,73% | -41,52%",,1ddías,1.086.365,1.083.974 | 1.087.910 | 1.096.243 | 1.148.326 | 1.289.157 | 1.857.781,Delantero
Freeman,Villarreal,-32.251 | -73.925 | -127.431 | -315.456 | -667.704 | -1.772.387,"-1,30% | -2,93% | -4,95% | -11,42% | -21,44% | -42,01%",,40ddías,2.446.170,2.478.421 | 2.520.095 | 2.573.601 | 2.761.626 | 3.113.874 | 4.218.557,Defensa
Canedo,Deportivo,0 | 0 | 0 | 0 | 0 | 0,"0,00% | 0,00% | 0,00% | 0,00% | 0,00% | 0,00%",,37ddías,602.257,602.257 | 602.257 | 602.257 | 602.257 | 602.257 | 602.257,Defensa
Noubi,Deportivo,+247.858 | +505.257 | +741.835 | +1.503.753 | +3.229.323 | +4.082.663,"+2,06% | +4,29% | +6,42% | +13,94% | +35,63% | +49,72%",,22ddías,12.293.821,12.045.963 | 11.788.564 | 11.551.986 | 10.790.068 | 9.064.498 | 8.211.158,Defensa
Juanpe,Málaga,0 | 0 | 0 | 0 | 0 | 0,"0,00% | 0,00% | 0,00% | 0,00% | 0,00% | 0,00%",,36ddías,581.931,581.931 | 581.931 | 581.931 | 581.931 | 581.931 | 581.931,Mediocampista
Pastor,Málaga,-2.718 | -5.642 | -8.536 | -12.654 | -12.654 | -12.654,"-0,72% | -1,48% | -2,22% | -3,25% | -3,25% | -3,25%",,6ddías,376.462,379.180 | 382.104 | 384.998 | 389.116 | 389.116 | 389.116,Defensa
Puga,Málaga,-40.285 | -62.575 | -119.978 | -376.579 | -932.503 | -2.801.305,"-0,76% | -1,17% | -2,22% | -6,66% | -15,01% | -34,66%",,35ddías,5.281.655,5.321.940 | 5.344.230 | 5.401.633 | 5.658.234 | 6.214.158 | 8.082.960,Defensa
Murillo,Málaga,-63.749 | -127.524 | -196.237 | -494.438 | -1.089.653 | -2.931.677,"-2,98% | -5,78% | -8,62% | -19,21% | -34,39% | -58,51%",,40ddías,2.078.996,2.142.745 | 2.206.520 | 2.275.233 | 2.573.434 | 3.168.649 | 5.010.673,Defensa
Rafa GarridoRafita,Málaga,0 | 0 | 0 | 0 | 0 | 0,"0,00% | 0,00% | 0,00% | 0,00% | 0,00% | 0,00%",,36ddías,5.018.744,5.018.744 | 5.018.744 | 5.018.744 | 5.018.744 | 5.018.744 | 5.018.744,Defensa
Galilea,Málaga,-8.195 | -15.969 | -42.490 | -341.411 | -341.411 | -341.411,"-0,21% | -0,41% | -1,07% | -8,00% | -8,00% | -8,00%",,6ddías,3.924.521,3.932.716 | 3.940.490 | 3.967.011 | 4.265.932 | 4.265.932 | 4.265.932,Defensa
Dani Sánchez,Málaga,-14.747 | -31.291 | -50.089 | -120.538 | -271.586 | -753.816,"-1,97% | -4,10% | -6,40% | -14,13% | -27,05% | -50,72%",,40ddías,732.524,747.271 | 763.815 | 782.613 | 853.062 | 1.004.110 | 1.486.340,Defensa
Recio,Málaga,0 | 0 | 0 | 0 | 0 | 0,"0,00% | 0,00% | 0,00% | 0,00% | 0,00% | 0,00%",,36ddías,752.810,752.810 | 752.810 | 752.810 | 752.810 | 752.810 | 752.810,Defensa
Arriaza,Málaga,0 | 0 | 0 | 0 | 0 | 0,"0,00% | 0,00% | 0,00% | 0,00% | 0,00% | 0,00%",,36ddías,401.498,401.498 | 401.498 | 401.498 | 401.498 | 401.498 | 401.498,Defensa
Carlos López,Málaga,-3.043 | -6.304 | -9.549 | -15.447 | -32.636 | -55.933,"-0,79% | -1,61% | -2,42% | -3,86% | -7,83% | -12,71%",,15ddías,384.236,387.279 | 390.540 | 393.785 | 399.683 | 416.872 | 440.169,Portero
Moussa,Málaga,0 | 0 | 0 | 0 | 0 | 0,"0,00% | 0,00% | 0,00% | 0,00% | 0,00% | 0,00%",,36ddías,401.498,401.498 | 401.498 | 401.498 | 401.498 | 401.498 | 401.498,Defensa
Merino,Málaga,-46.529 | -91.404 | -163.099 | -370.426 | -914.817 | -2.815.430,"-0,72% | -1,41% | -2,49% | -5,48% | -12,51% | -30,57%",,36ddías,6.395.177,6.441.706 | 6.486.581 | 6.558.276 | 6.765.603 | 7.309.994 | 9.210.607,Mediocampista
Lorenzo,Málaga,+33.342 | +141.994 | +179.593 | +534.591 | +1.340.236 | +101.847,"+0,35% | +1,49% | +1,89% | +5,84% | +16,05% | +1,06%",,15ddías,9.691.137,9.657.795 | 9.549.143 | 9.511.544 | 9.156.546 | 8.350.901 | 9.589.290,Mediocampista
Rafa Rodríguez,Málaga,0 | 0 | 0 | 0 | 0 | 0,"0,00% | 0,00% | 0,00% | 0,00% | 0,00% | 0,00%",,36ddías,6.270.426,6.270.426 | 6.270.426 | 6.270.426 | 6.270.426 | 6.270.426 | 6.270.426,Mediocampista
Ochoa,Málaga,0 | 0 | 0 | 0 | 0 | 0,"0,00% | 0,00% | 0,00% | 0,00% | 0,00% | 0,00%",,36ddías,3.513.040,3.513.040 | 3.513.040 | 3.513.040 | 3.513.040 | 3.513.040 | 3.513.040,Mediocampista
Enríquez,Málaga,-4.492 | -12.537 | -22.966 | -86.806 | -248.532 | -731.514,"-0,54% | -1,48% | -2,68% | -9,44% | -22,98% | -46,76%",,40ddías,832.761,837.253 | 845.298 | 855.727 | 919.567 | 1.081.293 | 1.564.275,Mediocampista
Céspedes,Málaga,0 | 0 | 0 | 0 | 0 | 0,"0,00% | 0,00% | 0,00% | 0,00% | 0,00% | 0,00%",,36ddías,401.498,401.498 | 401.498 | 401.498 | 401.498 | 401.498 | 401.498,Portero
Herrero,Málaga,+103.298 | +253.007 | +369.386 | +989.523 | +1.047.553 | +1.709.542,"+1,28% | +3,18% | +4,72% | +13,72% | +14,65% | +26,34%",,8ddías,8.199.191,8.095.893 | 7.946.184 | 7.829.805 | 7.209.668 | 7.151.638 | 6.489.649,Portero
Comas,Deportivo,-13.625 | -30.964 | -49.296 | -122.095 | -281.781 | -823.646,"-1,85% | -4,11% | -6,39% | -14,47% | -28,08% | -53,30%",,40ddías,721.663,735.288 | 752.627 | 770.959 | 843.758 | 1.003.444 | 1.545.309,Defensa
Villares,Deportivo,-16.482 | -49.577 | -104.592 | -333.213 | -835.593 | -2.464.388,"-0,65% | -1,93% | -3,99% | -11,69% | -24,92% | -49,47%",,40ddías,2.517.042,2.533.524 | 2.566.619 | 2.621.634 | 2.850.255 | 3.352.635 | 4.981.430,Mediocampista
Barcia,Deportivo,-21.219 | -43.837 | -72.250 | -190.824 | -436.065 | -1.161.552,"-1,58% | -3,21% | -5,18% | -12,61% | -24,80% | -46,76%",,40ddías,1.322.521,1.343.740 | 1.366.358 | 1.394.771 | 1.513.345 | 1.758.586 | 2.484.073,Defensa
Ximo,Deportivo,+45.844 | +93.858 | +85.392 | -99.535 | -579.312 | -1.010.119,"+0,84% | +1,73% | +1,57% | -1,77% | -9,51% | -15,48%",,2ddías,5.514.354,5.468.510 | 5.420.496 | 5.428.962 | 5.613.889 | 6.093.666 | 6.524.473,Defensa
Pablo García,Deportivo,0 | 0 | 0 | 0 | -26.814 | -110.239,"0,00% | 0,00% | 0,00% | 0,00% | -5,41% | -19,03%",,7ddías,468.964,468.964 | 468.964 | 468.964 | 468.964 | 495.778 | 579.203,Defensa
Noé Carrillo,Deportivo,0 | 0 | 0 | 0 | 0 | 0,"0,00% | 0,00% | 0,00% | 0,00% | 0,00% | 0,00%",,37ddías,702.633,702.633 | 702.633 | 702.633 | 702.633 | 702.633 | 702.633,Mediocampista
Riki,Deportivo,-18.542 | -40.009 | -66.279 | -168.315 | -391.015 | -483.158,"-1,78% | -3,77% | -6,09% | -14,13% | -27,66% | -32,09%",,16ddías,1.022.488,1.041.030 | 1.062.497 | 1.088.767 | 1.190.803 | 1.413.503 | 1.505.646,Mediocampista
Rubén López,Deportivo,0 | 0 | 0 | 0 | 0 | 0,"0,00% | 0,00% | 0,00% | 0,00% | 0,00% | 0,00%",,37ddías,501.880,501.880 | 501.880 | 501.880 | 501.880 | 501.880 | 501.880,Mediocampista
Jurado,Deportivo,-22.703 | -48.030 | -76.594 | -192.708 | -454.680 | -1.312.100,"-2,17% | -4,47% | -6,95% | -15,82% | -30,72% | -56,13%",,40ddías,1.025.392,1.048.095 | 1.073.422 | 1.101.986 | 1.218.100 | 1.480.072 | 2.337.492,Mediocampista
Osorio,Elche,0 | 0 | 0 | 0 | 0 | 0,"0,00% | 0,00% | 0,00% | 0,00% | 0,00% | 0,00%",,36ddías,1.405.425,1.405.425 | 1.405.425 | 1.405.425 | 1.405.425 | 1.405.425 | 1.405.425,Delantero
Mella,Deportivo,+34.664 | +88.605 | +121.930 | +116.938 | -118.111 | -1.118.579,"+1,05% | +2,73% | +3,79% | +3,63% | -3,42% | -25,12%",,5ddías,3.335.238,3.300.574 | 3.246.633 | 3.213.308 | 3.218.300 | 3.453.349 | 4.453.817,Mediocampista
Mario,Deportivo,+289.839 | +804.957 | +1.114.773 | +2.641.606 | +5.256.857 | +9.656.322,"+1,12% | +3,18% | +4,46% | +11,25% | +25,20% | +58,67%",,39ddías,26.115.419,25.825.580 | 25.310.462 | 25.000.646 | 23.473.813 | 20.858.562 | 16.459.097,Mediocampista
Patino,Deportivo,-8.096 | -16.937 | -22.814 | -50.918 | -122.466 | -361.144,"-1,55% | -3,20% | -4,26% | -9,03% | -19,27% | -41,31%",,40ddías,513.106,521.202 | 530.043 | 535.920 | 564.024 | 635.572 | 874.250,Mediocampista
Luismi,Deportivo,+15.282 | +62.021 | +58.343 | -20.980 | -731.545 | -3.062.280,"+0,26% | +1,05% | +0,99% | -0,35% | -10,92% | -33,90%",,2ddías,5.970.347,5.955.065 | 5.908.326 | 5.912.004 | 5.991.327 | 6.701.892 | 9.032.627,Delantero
Bil Nsongo,Deportivo,0 | 0 | 0 | 0 | 0 | 0,"0,00% | 0,00% | 0,00% | 0,00% | 0,00% | 0,00%",,37ddías,6.524.473,6.524.473 | 6.524.473 | 6.524.473 | 6.524.473 | 6.524.473 | 6.524.473,Delantero
Eddahchouri,Deportivo,-25.291 | -52.743 | -90.386 | -233.349 | -566.405 | -1.446.777,"-1,33% | -2,73% | -4,59% | -11,04% | -23,14% | -43,48%",,40ddías,1.880.948,1.906.239 | 1.933.691 | 1.971.334 | 2.114.297 | 2.447.353 | 3.327.725,Delantero
Yáñez,Real Madrid,0 | 0 | 0 | 0 | 0 | 0,"0,00% | 0,00% | 0,00% | 0,00% | 0,00% | 0,00%",,37ddías,702.606,702.606 | 702.606 | 702.606 | 702.606 | 702.606 | 702.606,Delantero
De la Fuente,Levante,0 | 0 | 0 | 0 | 0 | 0,"0,00% | 0,00% | 0,00% | 0,00% | 0,00% | 0,00%",,37ddías,14.052.528,14.052.528 | 14.052.528 | 14.052.528 | 14.052.528 | 14.052.528 | 14.052.528,Defensa
Osambela,Osasuna,0 | 0 | 0 | 0 | 0 | 0,"0,00% | 0,00% | 0,00% | 0,00% | 0,00% | 0,00%",,37ddías,501.932,501.932 | 501.932 | 501.932 | 501.932 | 501.932 | 501.932,Mediocampista
Kike Barja,Osasuna,-51.066 | -142.797 | -241.257 | -241.257 | -241.257 | -241.257,"-1,95% | -5,26% | -8,58% | -8,58% | -8,58% | -8,58%",,3ddías,2.569.571,2.620.637 | 2.712.368 | 2.810.828 | 2.810.828 | 2.810.828 | 2.810.828,Delantero
Cárdenas,Rayo,-4.076 | -13.446 | -24.959 | -70.059 | -161.425 | -495.938,"-0,68% | -2,21% | -4,03% | -10,54% | -21,35% | -45,47%",,40ddías,594.741,598.817 | 608.187 | 619.700 | 664.800 | 756.166 | 1.090.679,Portero
Nteka,Rayo,-11.261 | -30.818 | -56.837 | -161.723 | -396.906 | -1.166.448,"-0,88% | -2,37% | -4,29% | -11,30% | -23,83% | -47,90%",,40ddías,1.268.972,1.280.233 | 1.299.790 | 1.325.809 | 1.430.695 | 1.665.878 | 2.435.420,Delantero
Isi,Rayo,+661.312 | +1.412.847 | +1.956.748 | +2.554.612 | -562.492 | +440.775,"+3,64% | +8,12% | +11,60% | +15,71% | -2,90% | +2,40%",,5ddías,18.818.211,18.156.899 | 17.405.364 | 16.861.463 | 16.263.599 | 19.380.703 | 18.377.436,Delantero
Ratiu,Rayo,+34.801 | -7.575 | -203.557 | -1.073.730 | -3.591.703 | -23.937.017,"+0,10% | -0,02% | -0,57% | -2,94% | -9,20% | 0%",,1ddías,35.446.960,35.412.159 | 35.454.535 | 35.650.517 | 36.520.690 | 39.038.663 | 0,Defensa
Dimitrievski,Valencia,+344.254 | +829.686 | +1.199.815 | +2.472.567 | +2.060.854 | +2.060.854,"+2,50% | +6,25% | +9,30% | +21,25% | +17,11% | +17,11%",,7ddías,14.106.731,13.762.477 | 13.277.045 | 12.906.916 | 11.634.164 | 12.045.877 | 12.045.877,Portero
Iker Muñoz,Osasuna,-2.280 | -3.823 | -14.333 | -75.670 | -281.718 | -1.123.234,"-0,17% | -0,28% | -1,03% | -5,23% | -17,04% | -45,03%",,40ddías,1.371.170,1.373.450 | 1.374.993 | 1.385.503 | 1.446.840 | 1.652.888 | 2.494.404,Mediocampista
Herrando,Osasuna,-26.607 | -52.105 | -87.468 | -239.902 | -588.776 | -1.790.551,"-1,55% | -2,98% | -4,91% | -12,40% | -25,78% | -51,37%",,40ddías,1.694.866,1.721.473 | 1.746.971 | 1.782.334 | 1.934.768 | 2.283.642 | 3.485.417,Defensa
Catena,Osasuna,-287.511 | -539.977 | -919.983 | -2.528.204 | -6.028.243 | +935.282,"-0,84% | -1,56% | -2,62% | -6,90% | -15,01% | +2,82%",,16ddías,34.132.720,34.420.231 | 34.672.697 | 35.052.703 | 36.660.924 | 40.160.963 | 33.197.438,Defensa
Ibáñez,Alavés,+18.079 | +42.054 | +33.291 | -19.340 | -229.645 | -1.597.288,"+0,56% | +1,30% | +1,03% | -0,59% | -6,56% | -32,82%",,2ddías,3.269.197,3.251.118 | 3.227.143 | 3.235.906 | 3.288.537 | 3.498.842 | 4.866.485,Mediocampista
Budimir,Osasuna,+570.561 | +1.557.266 | +2.118.022 | +3.429.374 | +1.436.732 | +11.690.808,"+1,14% | +3,19% | +4,39% | +7,30% | +2,93% | 0%",,6ddías,50.415.606,49.845.045 | 48.858.340 | 48.297.584 | 46.986.232 | 48.978.874 | 0,Delantero
Moi Gómez,Osasuna,-26.420 | -56.824 | -90.777 | -242.649 | -625.124 | -1.834.808,"-1,29% | -2,73% | -4,30% | -10,71% | -23,61% | -47,57%",,40ddías,2.022.350,2.048.770 | 2.079.174 | 2.113.127 | 2.264.999 | 2.647.474 | 3.857.158,Mediocampista
Rubén GarcíaRubén G.,Osasuna,+173.155 | +342.044 | +489.716 | +696.987 | -166.710 | -2.707.571,"+1,27% | +2,55% | +3,69% | +5,34% | -1,20% | -16,45%",,5ddías,13.754.249,13.581.094 | 13.412.205 | 13.264.533 | 13.057.262 | 13.920.959 | 16.461.820,Mediocampista
Aitor,Osasuna,-2.849 | -9.351 | -17.285 | -32.225 | -93.286 | -297.791,"-0,56% | -1,82% | -3,32% | -6,01% | -15,63% | -37,15%",,5ddías,503.695,506.544 | 513.046 | 520.980 | 535.920 | 596.981 | 801.486,Portero
Areso,Athletic,+33.575 | +82.109 | +116.216 | +314.733 | +460.505 | -258.404,"+1,20% | +2,97% | +4,26% | +12,45% | +19,33% | -8,33%",,12ddías,2.843.072,2.809.497 | 2.760.963 | 2.726.856 | 2.528.339 | 2.382.567 | 3.101.476,Defensa
Oroz,Osasuna,+42.044 | +195.478 | +270.060 | +858.413 | +556.757 | -3.039.891,"+0,27% | +1,25% | +1,74% | +5,75% | +3,65% | -16,14%",,8ddías,15.799.492,15.757.448 | 15.604.014 | 15.529.432 | 14.941.079 | 15.242.735 | 18.839.383,Mediocampista
Álvaro García,Rayo,+85.767 | +213.555 | +336.871 | +909.463 | +2.512.778 | +4.826.506,"+0,48% | +1,20% | +1,90% | +5,31% | +16,19% | +36,56%",,24ddías,18.028.771,17.943.004 | 17.815.216 | 17.691.900 | 17.119.308 | 15.515.993 | 13.202.265,Mediocampista
Villar,Elche,0 | 0 | 0 | 0 | 0 | 0,"0,00% | 0,00% | 0,00% | 0,00% | 0,00% | 0,00%",,37ddías,7.027.127,7.027.127 | 7.027.127 | 7.027.127 | 7.027.127 | 7.027.127 | 7.027.127,Mediocampista
Mayoral,Getafe,-8.815 | -12.614 | -33.902 | -83.984 | -328.370 | -1.116.315,"-0,30% | -0,42% | -1,13% | -2,75% | -9,95% | -27,31%",,40ddías,2.971.005,2.979.820 | 2.983.619 | 3.004.907 | 3.054.989 | 3.299.375 | 4.087.320,Delantero
Iglesias,Sevilla,+71.278 | -336.154 | -837.285 | -837.285 | -837.285 | -837.285,"+0,61% | -2,79% | -6,67% | -6,67% | -6,67% | -6,67%",,1ddías,11.711.067,11.639.789 | 12.047.221 | 12.548.352 | 12.548.352 | 12.548.352 | 12.548.352,Defensa
Herrera,Real Sociedad,-12.686 | -25.518 | -51.771 | -167.743 | -596.020 | -2.030.361,"-0,41% | -0,82% | -1,66% | -5,18% | -16,25% | -39,79%",,37ddías,3.072.258,3.084.944 | 3.097.776 | 3.124.029 | 3.240.001 | 3.668.278 | 5.102.619,Mediocampista
Eric Garcia,Barcelona,-361.143 | -811.015 | -1.343.934 | -3.768.941 | -10.558.673 | -14.480.690,"-0,80% | -1,78% | -2,92% | -7,77% | -19,09% | -24,45%",,16ddías,44.747.542,45.108.685 | 45.558.557 | 46.091.476 | 48.516.483 | 55.306.215 | 59.228.232,Defensa
Boyé,Alavés,-289.930 | -587.793 | -923.286 | -2.013.252 | -2.735.794 | -6.348.991,"-2,32% | -4,59% | -7,02% | -14,14% | -18,29% | -34,19%",,36ddías,12.221.263,12.511.193 | 12.809.056 | 13.144.549 | 14.234.515 | 14.957.057 | 18.570.254,Delantero
Miguel Ángel RubioMiguel Rubio,Espanyol,-10.628 | -21.790 | -33.266 | -75.663 | -172.986 | -508.624,"-1,84% | -3,71% | -5,55% | -11,79% | -23,40% | -47,32%",,40ddías,566.284,576.912 | 588.074 | 599.550 | 641.947 | 739.270 | 1.074.908,Defensa
S. Cardona,Villarreal,-2.437 | -6.153 | -43.313 | -148.316 | -430.120 | -1.097.885,"-0,05% | -0,13% | -0,91% | -3,06% | -8,40% | -18,97%",,33ddías,4.690.822,4.693.259 | 4.696.975 | 4.734.135 | 4.839.138 | 5.120.942 | 5.788.707,Defensa
Moncayola,Osasuna,+107.491 | +210.486 | +266.282 | +620.732 | +1.219.836 | +905.935,"+1,61% | +3,20% | +4,08% | +10,06% | +21,90% | +15,39%",,15ddías,6.790.699,6.683.208 | 6.580.213 | 6.524.417 | 6.169.967 | 5.570.863 | 5.884.764,Mediocampista
Javi Muñoz,Getafe,-10.085 | -23.769 | -37.882 | -89.303 | -208.007 | -625.684,"-1,58% | -3,65% | -5,69% | -12,46% | -24,90% | -49,93%",,40ddías,627.352,637.437 | 651.121 | 665.234 | 716.655 | 835.359 | 1.253.036,Mediocampista
Moleiro,Villarreal,+358.489 | +1.228.807 | +2.049.970 | +7.719.074 | +9.692.493 | -28.946.226,"+0,54% | +1,87% | +3,15% | +13,00% | +16,88% | 0%",,11ddías,67.114.242,66.755.753 | 65.885.435 | 65.064.272 | 59.395.168 | 57.421.749 | 0,Mediocampista
Valles,Betis,+254.780 | +934.436 | +1.457.282 | +4.986.772 | +11.575.550 | +20.073.421,"+0,78% | +2,94% | +4,66% | +17,97% | +54,70% | +158,53%",,39ddías,32.735.727,32.480.947 | 31.801.291 | 31.278.445 | 27.748.955 | 21.160.177 | 12.662.306,Portero
Copete,Valencia,-63.553 | -130.768 | -199.923 | -491.215 | -1.111.903 | -3.115.293,"-3,18% | -6,33% | -9,37% | -20,25% | -36,50% | -61,70%",,40ddías,1.934.086,1.997.639 | 2.064.854 | 2.134.009 | 2.425.301 | 3.045.989 | 5.049.379,Defensa
Herrera,Osasuna,-295.136 | -351.842 | -237.938 | +2.192.688 | +8.380.752 | +19.814.649,"-0,73% | -0,87% | -0,59% | +5,82% | +26,62% | +98,82%",,2ddías,39.866.725,40.161.861 | 40.218.567 | 40.104.663 | 37.674.037 | 31.485.973 | 20.052.076,Portero
Torró,Osasuna,-18.531 | -30.088 | -52.351 | -136.425 | -349.951 | -1.199.289,"-0,74% | -1,20% | -2,06% | -5,21% | -12,35% | -32,56%",,36ddías,2.483.512,2.502.043 | 2.513.600 | 2.535.863 | 2.619.937 | 2.833.463 | 3.682.801,Mediocampista
Unai López,Rayo,+67.917 | +107.753 | +106.142 | +45.062 | -162.188 | -557.633,"+1,17% | +1,87% | +1,84% | +0,77% | -2,69% | -8,67%",,2ddías,5.876.524,5.808.607 | 5.768.771 | 5.770.382 | 5.831.462 | 6.038.712 | 6.434.157,Mediocampista
De Frutos,Rayo,-589.004 | -1.315.994 | -2.202.434 | -2.857.677 | +2.194.571 | +16.506.660,"-1,25% | -2,76% | -4,53% | -5,80% | +4,97% | +55,25%",,5ddías,46.383.578,46.972.582 | 47.699.572 | 48.586.012 | 49.241.255 | 44.189.007 | 29.876.918,Delantero
Soria,Getafe,+579.789 | +1.450.535 | +1.464.171 | +185.083 | +185.083 | +185.083,"+3,07% | +8,04% | +8,13% | +0,96% | +0,96% | +0,96%",,3ddías,19.481.437,18.901.648 | 18.030.902 | 18.017.266 | 19.296.354 | 19.296.354 | 19.296.354,Portero
Oyarzabal,Real Sociedad,-444.112 | -1.055.819 | -1.697.313 | -3.682.815 | -10.120.439 | -51.212.233,"-0,70% | -1,64% | -2,62% | -5,51% | -13,80% | 0%",,24ddías,63.198.941,63.643.053 | 64.254.760 | 64.896.254 | 66.881.756 | 73.319.380 | 0,Delantero
Remiro,Real Sociedad,-357.806 | -765.326 | -1.374.635 | -2.061.999 | +3.562.670 | +18.132.097,"-0,82% | -1,74% | -3,08% | -4,55% | +8,97% | +72,15%",,6ddías,43.264.149,43.621.955 | 44.029.475 | 44.638.784 | 45.326.148 | 39.701.479 | 25.132.052,Portero
Odriozola,Real Sociedad,-5.296 | -17.611 | -30.287 | -78.007 | -187.016 | -565.986,"-0,88% | -2,85% | -4,81% | -11,52% | -23,78% | -48,57%",,40ddías,599.275,604.571 | 616.886 | 629.562 | 677.282 | 786.291 | 1.165.261,Defensa
Aihen,Real Sociedad,-26.173 | -57.165 | -93.743 | -245.083 | -577.399 | -1.672.775,"-1,82% | -3,89% | -6,22% | -14,78% | -29,00% | -54,20%",,40ddías,1.413.545,1.439.718 | 1.470.710 | 1.507.288 | 1.658.628 | 1.990.944 | 3.086.320,Defensa
Zubeldia,Real Sociedad,+77.941 | +176.440 | +206.474 | +123.148 | -327.823 | -2.702.834,"+0,79% | +1,81% | +2,12% | +1,25% | -3,19% | -21,38%",,4ddías,9.937.308,9.859.367 | 9.760.868 | 9.730.834 | 9.814.160 | 10.265.131 | 12.640.142,Defensa
Barrenetxea,Real Sociedad,-134.786 | -357.895 | -744.550 | -2.491.859 | -6.745.971 | -2.523.628,"-0,41% | -1,08% | -2,21% | -7,03% | -17,00% | -7,12%",,18ddías,32.932.878,33.067.664 | 33.290.773 | 33.677.428 | 35.424.737 | 39.678.849 | 35.456.506,Mediocampista
Marín,Real Sociedad,-48.684 | -99.536 | -153.881 | -377.294 | -858.096 | -2.404.074,"-2,96% | -5,87% | -8,79% | -19,11% | -34,96% | -60,09%",,40ddías,1.596.722,1.645.406 | 1.696.258 | 1.750.603 | 1.974.016 | 2.454.818 | 4.000.796,Mediocampista
Zakharyan,Real Sociedad,-20.166 | -43.593 | -71.686 | -187.260 | -444.128 | -1.274.311,"-1,90% | -4,03% | -6,45% | -15,27% | -29,94% | -55,08%",,40ddías,1.039.112,1.059.278 | 1.082.705 | 1.110.798 | 1.226.372 | 1.483.240 | 2.313.423,Mediocampista
Mendy,Real Madrid,-8.180 | -26.752 | -45.947 | -122.570 | -295.038 | -886.065,"-1,08% | -3,46% | -5,80% | -14,10% | -28,33% | -54,27%",,40ddías,746.570,754.750 | 773.322 | 792.517 | 869.140 | 1.041.608 | 1.632.635,Defensa
Kubo,Real Sociedad,+398.027 | +860.992 | +1.101.563 | +1.134.073 | -2.242.265 | -10.295.075,"+1,71% | +3,78% | +4,89% | +5,04% | -8,66% | -30,33%",,5ddías,23.645.535,23.247.508 | 22.784.543 | 22.543.972 | 22.511.462 | 25.887.800 | 33.940.610,Mediocampista
Olasagasti,Levante,+80.385 | +171.577 | +244.247 | +532.510 | +641.787 | -622.964,"+1,89% | +4,13% | +5,98% | +14,04% | +17,42% | -12,59%",,12ddías,4.326.499,4.246.114 | 4.154.922 | 4.082.252 | 3.793.989 | 3.684.712 | 4.949.463,Mediocampista
Sadiq,Valencia,-63.547 | -139.506 | -226.765 | -1.086.151 | -2.931.340 | -6.912.863,"-0,92% | -1,99% | -3,19% | -13,64% | -29,89% | -50,14%",,38ddías,6.875.162,6.938.709 | 7.014.668 | 7.101.927 | 7.961.313 | 9.806.502 | 13.788.025,Delantero
Pacheco,Real Sociedad,0 | 0 | 0 | 0 | 0 | 0,"0,00% | 0,00% | 0,00% | 0,00% | 0,00% | 0,00%",,37ddías,4.015.452,4.015.452 | 4.015.452 | 4.015.452 | 4.015.452 | 4.015.452 | 4.015.452,Defensa
Turrientes,Real Sociedad,+78.412 | +148.543 | +204.151 | +155.085 | -549.249 | -2.678.065,"+1,12% | +2,15% | +2,98% | +2,24% | -7,21% | -27,49%",,5ddías,7.063.789,6.985.377 | 6.915.246 | 6.859.638 | 6.908.704 | 7.613.038 | 9.741.854,Mediocampista
Le Normand,Atlético,+140.331 | +152.353 | +47.398 | -306.145 | -1.062.437 | -3.140.397,"+1,43% | +1,55% | +0,48% | -2,98% | -9,62% | -23,93%",,2ddías,9.983.705,9.843.374 | 9.831.352 | 9.936.307 | 10.289.850 | 11.046.142 | 13.124.102,Defensa
Güler,Real Madrid,+697.291 | +1.302.917 | +1.338.133 | -27.702 | -4.848.570 | -18.512.546,"+1,36% | +2,57% | +2,64% | -0,05% | -8,53% | -26,26%",,3ddías,51.979.704,51.282.413 | 50.676.787 | 50.641.571 | 52.007.406 | 56.828.274 | 70.492.250,Mediocampista
Rüdiger,Real Madrid,+141.120 | +118.548 | -84.146 | -738.089 | -3.323.028 | -10.537.853,"+0,51% | +0,43% | -0,30% | -2,59% | -10,70% | -27,53%",,1ddías,27.738.349,27.597.229 | 27.619.801 | 27.822.495 | 28.476.438 | 31.061.377 | 38.276.202,Defensa
Balliu,Rayo,+30.709 | +57.956 | +73.661 | +124.713 | +85.612 | -270.312,"+3,37% | +6,55% | +8,47% | +15,24% | +9,98% | -22,28%",,8ddías,943.072,912.363 | 885.116 | 869.411 | 818.359 | 857.460 | 1.213.384,Defensa
Bellingham,Real Madrid,+16.689 | -345.909 | -1.218.689 | -3.630.603 | -9.451.537 | -43.835.309,"+0,02% | -0,39% | -1,36% | -3,94% | -9,64% | 0%",,1ddías,88.600.680,88.583.991 | 88.946.589 | 89.819.369 | 92.231.283 | 98.052.217 | 0,Mediocampista
Pathé Ciss,Rayo,+96.633 | +249.397 | +352.796 | +913.515 | +1.406.118 | +429.804,"+0,81% | +2,13% | +3,04% | +8,27% | +13,33% | +3,73%",,14ddías,11.955.085,11.858.452 | 11.705.688 | 11.602.289 | 11.041.570 | 10.548.967 | 11.525.281,Mediocampista
Valentín,Rayo,+33.302 | +88.332 | +106.103 | +200.458 | +43.271 | -1.361.644,"+0,93% | +2,50% | +3,01% | +5,85% | +1,21% | -27,30%",,8ddías,3.626.609,3.593.307 | 3.538.277 | 3.520.506 | 3.426.151 | 3.583.338 | 4.988.253,Mediocampista
Lejeune,Rayo,+4.252 | +44.387 | -99.650 | -859.668 | -4.776.645 | -37.769.940,"+0,01% | +0,12% | -0,26% | -2,20% | -11,11% | 0%",,2ddías,38.212.144,38.207.892 | 38.167.757 | 38.311.794 | 39.071.812 | 42.988.789 | 0,Defensa
Camello,Rayo,+10.942 | +11.477 | -2.039 | -51.002 | -215.914 | -1.229.133,"+0,35% | +0,37% | -0,07% | -1,62% | -6,51% | -28,39%",,2ddías,3.100.718,3.089.776 | 3.089.241 | 3.102.757 | 3.151.720 | 3.316.632 | 4.329.851,Delantero
Courtois,Real Madrid,+474.159 | +1.524.009 | +2.426.803 | +3.292.208 | +1.434.254 | +5.244.526,"+0,79% | +2,60% | +4,20% | +5,78% | +2,44% | +9,54%",,5ddías,60.229.714,59.755.555 | 58.705.705 | 57.802.911 | 56.937.506 | 58.795.460 | 54.985.188,Portero
Militão,Real Madrid,-356.727 | -739.295 | -1.120.059 | -2.699.691 | -6.031.020 | -16.335.811,"-2,88% | -5,78% | -8,51% | -18,31% | -33,37% | -57,57%",,40ddías,12.041.791,12.398.518 | 12.781.086 | 13.161.850 | 14.741.482 | 18.072.811 | 28.377.602,Defensa
Vinicius,Real Madrid,-45.100 | +984.729 | +1.995.546 | +8.952.535 | +2.674.776 | -46.962.201,"-0,04% | +0,92% | +1,89% | +9,08% | +2,55% | 0%",,1ddías,107.534.318,107.579.418 | 106.549.589 | 105.538.772 | 98.581.783 | 104.859.542 | 0,Delantero
Brahim,Real Madrid,+65.138 | +11.450 | -231.672 | -1.188.674 | -3.328.132 | -8.124.268,"+0,62% | +0,11% | -2,14% | -10,09% | -23,92% | -43,42%",,1ddías,10.586.712,10.521.574 | 10.575.262 | 10.818.384 | 11.775.386 | 13.914.844 | 18.710.980,Mediocampista
Rodrygo,Real Madrid,-77.225 | -143.753 | -218.799 | -530.664 | -1.101.974 | -2.624.918,"-2,49% | -4,53% | -6,74% | -14,91% | -26,68% | -46,43%",,30ddías,3.028.593,3.105.818 | 3.172.346 | 3.247.392 | 3.559.257 | 4.130.567 | 5.653.511,Delantero
Camavinga,Real Madrid,-151.025 | -318.612 | -571.062 | -1.528.406 | -3.790.916 | -9.639.225,"-1,44% | -2,99% | -5,24% | -12,89% | -26,85% | -48,28%",,40ddías,10.326.210,10.477.235 | 10.644.822 | 10.897.272 | 11.854.616 | 14.117.126 | 19.965.435,Mediocampista
Ortiz,Betis,0 | 0 | 0 | 0 | 0 | 0,"0,00% | 0,00% | 0,00% | 0,00% | 0,00% | 0,00%",,37ddías,1.706.372,1.706.372 | 1.706.372 | 1.706.372 | 1.706.372 | 1.706.372 | 1.706.372,Defensa
Valverde,Real Madrid,-240.770 | -593.935 | -1.181.540 | -3.675.476 | -7.912.813 | -25.581.054,"-0,35% | -0,86% | -1,69% | -5,07% | -10,31% | -27,09%",,40ddías,68.850.634,69.091.404 | 69.444.569 | 70.032.174 | 72.526.110 | 76.763.447 | 94.431.688,Mediocampista
Tchouaméni,Real Madrid,-537.964 | -1.165.517 | -1.811.063 | -4.041.742 | -9.853.008 | -15.856.201,"-1,27% | -2,70% | -4,14% | -8,79% | -19,02% | -27,43%",,25ddías,41.948.477,42.486.441 | 43.113.994 | 43.759.540 | 45.990.219 | 51.801.485 | 57.804.678,Mediocampista
Fran García,Betis,0 | 0 | 0 | 0 | 0 | 0,"0,00% | 0,00% | 0,00% | 0,00% | 0,00% | 0,00%",,38ddías,9.591.157,9.591.157 | 9.591.157 | 9.591.157 | 9.591.157 | 9.591.157 | 9.591.157,Defensa
Diego Rico,Osasuna,0 | 0 | 0 | 0 | 0 | 0,"0,00% | 0,00% | 0,00% | 0,00% | 0,00% | 0,00%",,37ddías,4.918.952,4.918.952 | 4.918.952 | 4.918.952 | 4.918.952 | 4.918.952 | 4.918.952,Defensa
Carmona,Sevilla,-15.352 | -21.532 | -55.390 | -180.215 | -503.965 | -1.699.743,"-0,35% | -0,49% | -1,26% | -3,97% | -10,37% | -28,06%",,35ddías,4.357.019,4.372.371 | 4.378.551 | 4.412.409 | 4.537.234 | 4.860.984 | 6.056.762,Defensa
Fraga,Real Sociedad,0 | 0 | 0 | 0 | 0 | 0,"0,00% | 0,00% | 0,00% | 0,00% | 0,00% | 0,00%",,37ddías,602.234,602.234 | 602.234 | 602.234 | 602.234 | 602.234 | 602.234,Portero
Villalibre,Racing,+117.055 | +230.514 | +139.881 | -357.658 | -357.658 | -357.658,"+1,66% | +3,32% | +1,99% | -4,75% | -4,75% | -4,75%",,2ddías,7.170.288,7.053.233 | 6.939.774 | 7.030.407 | 7.527.946 | 7.527.946 | 7.527.946,Delantero
I. Williams,Athletic,-184.246 | -385.177 | -745.865 | -2.240.834 | -1.579.058 | +4.826.413,"-0,67% | -1,38% | -2,64% | -7,54% | -5,44% | +21,32%",,9ddías,27.468.602,27.652.848 | 27.853.779 | 28.214.467 | 29.709.436 | 29.047.660 | 22.642.189,Delantero
N. Williams,Athletic,-918.524 | -1.987.880 | -3.220.674 | -8.812.484 | -9.700.902 | +22.541.317,"-1,41% | -3,00% | -4,77% | -12,05% | -13,11% | 0%",,10ddías,64.295.032,65.213.556 | 66.282.912 | 67.515.706 | 73.107.516 | 73.995.934 | 0,Delantero
Guruzeta,Athletic,+77.814 | +253.325 | +372.536 | +1.103.208 | +1.929.950 | +671.600,"+0,58% | +1,90% | +2,81% | +8,82% | +16,52% | +5,19%",,14ddías,13.609.742,13.531.928 | 13.356.417 | 13.237.206 | 12.506.534 | 11.679.792 | 12.938.142,Delantero
Agirrezabala,Racing,-197.621 | -197.621 | -197.621 | -197.621 | -197.621 | -197.621,"-6,79% | -6,79% | -6,79% | -6,79% | -6,79% | -6,79%",,1ddías,2.713.464,2.911.085 | 2.911.085 | 2.911.085 | 2.911.085 | 2.911.085 | 2.911.085,Portero
R. de Galarreta,Athletic,+60.134 | +287.019 | +343.971 | +1.145.856 | +1.909.331 | +612.533,"+0,49% | +2,40% | +2,89% | +10,33% | +18,49% | +5,27%",,15ddías,12.236.355,12.176.221 | 11.949.336 | 11.892.384 | 11.090.499 | 10.327.024 | 11.623.822,Mediocampista
Yuri,Athletic,-41.967 | -82.176 | -177.760 | -697.674 | -2.147.825 | -5.555.197,"-0,33% | -0,65% | -1,40% | -5,28% | -14,65% | -30,75%",,25ddías,12.512.578,12.554.545 | 12.594.754 | 12.690.338 | 13.210.252 | 14.660.403 | 18.067.775,Defensa
Prados,Athletic,-20.598 | -48.472 | -80.374 | -205.054 | -474.693 | -1.368.452,"-1,41% | -3,24% | -5,27% | -12,42% | -24,72% | -48,63%",,40ddías,1.445.399,1.465.997 | 1.493.871 | 1.525.773 | 1.650.453 | 1.920.092 | 2.813.851,Mediocampista
Berenguer,Athletic,-62.239 | -113.948 | -241.079 | -604.916 | -1.477.279 | -3.131.529,"-0,69% | -1,25% | -2,62% | -6,32% | -14,14% | -25,87%",,31ddías,8.972.250,9.034.489 | 9.086.198 | 9.213.329 | 9.577.166 | 10.449.529 | 12.103.779,Delantero
Egiluz,Athletic,-4.352 | -8.977 | -13.643 | -25.842 | -56.864 | -146.671,"-1,04% | -2,11% | -3,18% | -5,85% | -12,03% | -26,08%",,40ddías,415.660,420.012 | 424.637 | 429.303 | 441.502 | 472.524 | 562.331,Defensa
Giménez,Atlético,-79.487 | -179.652 | -285.133 | -748.316 | -1.700.481 | -4.437.986,"-1,67% | -3,70% | -5,75% | -13,80% | -26,68% | -48,70%",,35ddías,4.674.280,4.753.767 | 4.853.932 | 4.959.413 | 5.422.596 | 6.374.761 | 9.112.266,Defensa
Koke,Atlético,-171.362 | -751.250 | -1.372.378 | -1.372.378 | -1.372.378 | -1.372.378,"-1,03% | -4,38% | -7,72% | -7,72% | -7,72% | -7,72%",,3ddías,16.395.293,16.566.655 | 17.146.543 | 17.767.671 | 17.767.671 | 17.767.671 | 17.767.671,Mediocampista
Oblak,Atlético,-361.525 | -808.060 | -1.390.797 | -2.797.640 | +261.450 | +9.815.895,"-0,68% | -1,51% | -2,58% | -5,05% | +0,50% | +22,94%",,7ddías,52.596.376,52.957.901 | 53.404.436 | 53.987.173 | 55.394.016 | 52.334.926 | 42.780.481,Portero
M. Llorente,Atlético,-563.667 | -1.120.001 | -1.841.161 | -4.872.024 | -11.955.691 | -8.529.890,"-1,10% | -2,16% | -3,50% | -8,75% | -19,04% | -14,37%",,20ddías,50.833.617,51.397.284 | 51.953.618 | 52.674.778 | 55.705.641 | 62.789.308 | 59.363.507,Defensa
Galán,Celta,-328.930 | -644.669 | -1.043.041 | -1.796.378 | -1.796.378 | -1.796.378,"-2,53% | -4,84% | -7,60% | -12,41% | -12,41% | -12,41%",,5ddías,12.679.451,13.008.381 | 13.324.120 | 13.722.492 | 14.475.829 | 14.475.829 | 14.475.829,Defensa
Sancet,Athletic,-730.171 | -1.656.792 | -2.776.676 | -4.230.854 | +1.377.443 | +17.212.874,"-1,51% | -3,36% | -5,50% | -8,15% | +2,97% | +56,49%",,6ddías,47.685.928,48.416.099 | 49.342.720 | 50.462.604 | 51.916.782 | 46.308.485 | 30.473.054,Mediocampista
Yeray,Athletic,+75.772 | +157.514 | +217.496 | +501.385 | +656.382 | -268.308,"+1,66% | +3,51% | +4,91% | +12,08% | +16,43% | -5,45%",,12ddías,4.650.953,4.575.181 | 4.493.439 | 4.433.457 | 4.149.568 | 3.994.571 | 4.919.261,Defensa
Riquelme,Betis,+120.098 | +248.755 | +349.320 | +613.086 | +456.374 | -626.209,"+3,10% | +6,64% | +9,58% | +18,11% | +12,89% | -13,54%",,8ddías,3.997.512,3.877.414 | 3.748.757 | 3.648.192 | 3.384.426 | 3.541.138 | 4.623.721,Mediocampista
Kike García,Espanyol,-119.677 | -247.294 | -380.020 | -930.763 | -1.869.717 | -4.244.290,"-3,20% | -6,39% | -9,50% | -20,45% | -34,06% | -53,97%",,38ddías,3.620.454,3.740.131 | 3.867.748 | 4.000.474 | 4.551.217 | 5.490.171 | 7.864.744,Delantero
Gorosabel,Athletic,-35.876 | -83.390 | -139.796 | -433.184 | -1.077.448 | -2.777.386,"-1,53% | -3,48% | -5,70% | -15,78% | -31,78% | -54,57%",,40ddías,2.312.574,2.348.450 | 2.395.964 | 2.452.370 | 2.745.758 | 3.390.022 | 5.089.960,Defensa
Abqar,Getafe,+124.407 | +294.648 | +417.263 | +1.059.365 | +2.051.691 | +1.457.788,"+1,80% | +4,36% | +6,29% | +17,69% | +41,07% | +26,08%",,19ddías,7.047.369,6.922.962 | 6.752.721 | 6.630.106 | 5.988.004 | 4.995.678 | 5.589.581,Defensa
Guevara,Alavés,-19.198 | -37.434 | -63.114 | -162.470 | -400.458 | -1.205.785,"-1,67% | -3,21% | -5,29% | -12,57% | -26,16% | -51,61%",,40ddías,1.130.525,1.149.723 | 1.167.959 | 1.193.639 | 1.292.995 | 1.530.983 | 2.336.310,Mediocampista
Blanco,Alavés,-7.271 | -14.462 | -100.148 | -442.584 | -1.631.576 | -5.842.043,"-0,05% | -0,10% | -0,67% | -2,88% | -9,84% | -28,10%",,32ddías,14.947.676,14.954.947 | 14.962.138 | 15.047.824 | 15.390.260 | 16.579.252 | 20.789.719,Mediocampista
Rioja,Valencia,-411.550 | -838.716 | -1.286.353 | -3.162.886 | -5.806.587 | -10.078.894,"-3,16% | -6,24% | -9,26% | -20,06% | -31,53% | -44,43%",,40ddías,12.607.262,13.018.812 | 13.445.978 | 13.893.615 | 15.770.148 | 18.413.849 | 22.686.156,Mediocampista
Tenaglia,Alavés,+24.349 | +52.502 | +29.426 | -135.243 | -559.183 | -2.577.910,"+0,17% | +0,37% | +0,20% | -0,93% | -3,74% | -15,19%",,2ddías,14.395.324,14.370.975 | 14.342.822 | 14.365.898 | 14.530.567 | 14.954.507 | 16.973.234,Defensa
Guridi,Sevilla,+101.954 | -62.052 | -231.929 | -231.929 | -231.929 | -231.929,"+2,18% | -1,28% | -4,62% | -4,62% | -4,62% | -4,62%",,1ddías,4.787.386,4.685.432 | 4.849.438 | 5.019.315 | 5.019.315 | 5.019.315 | 5.019.315,Mediocampista
Paredes,Athletic,+104.198 | +259.751 | +356.110 | +694.957 | +854.997 | -439.998,"+2,10% | +5,40% | +7,56% | +15,90% | +20,30% | -7,99%",,12ddías,5.066.124,4.961.926 | 4.806.373 | 4.710.014 | 4.371.167 | 4.211.127 | 5.506.122,Defensa
Rebbach,Alavés,-59.061 | -136.963 | -225.055 | -564.902 | -1.188.959 | -3.289.581,"-1,55% | -3,52% | -5,66% | -13,08% | -24,05% | -46,70%",,38ddías,3.753.801,3.812.862 | 3.890.764 | 3.978.856 | 4.318.703 | 4.942.760 | 7.043.382,Delantero
Carlos BenavidezProtesoni,Alavés,-54.756 | -153.170 | -254.792 | -254.792 | -254.792 | -254.792,"-1,95% | -5,26% | -8,46% | -8,46% | -8,46% | -8,46%",,3ddías,2.756.796,2.811.552 | 2.909.966 | 3.011.588 | 3.011.588 | 3.011.588 | 3.011.588,Mediocampista
Owono,Alavés,-15.963 | -42.677 | +124.116 | +124.116 | +124.116 | +124.116,"-1,68% | -4,37% | 0% | 0% | 0% | 0%",,2ddías,934.184,950.147 | 976.861 | 0 | 0 | 0 | 0,Portero
Pubill,Atlético,-1.043.973 | -2.147.235 | -3.441.736 | -9.043.983 | -12.675.203 | +9.466.360,"-1,72% | -3,48% | -5,46% | -13,17% | -17,53% | +18,87%",,11ddías,59.630.088,60.674.061 | 61.777.323 | 63.071.824 | 68.674.071 | 72.305.291 | 50.163.728,Defensa
Unai Simón,Athletic,-640.994 | -1.278.406 | -2.290.521 | -5.032.639 | +1.826.859 | +26.984.715,"-1,16% | -2,29% | -4,04% | -8,46% | +3,47% | +98,18%",,7ddías,54.470.083,55.111.077 | 55.748.489 | 56.760.604 | 59.502.722 | 52.643.224 | 27.485.368,Portero
Vivian,Athletic,-318.256 | -664.585 | -1.029.324 | -2.488.980 | -5.402.691 | -11.860.116,"-2,86% | -5,79% | -8,69% | -18,70% | -33,30% | -52,29%",,29ddías,10.819.933,11.138.189 | 11.484.518 | 11.849.257 | 13.308.913 | 16.222.624 | 22.680.049,Defensa
Barrios,Atlético,+108.171 | -149.639 | -671.451 | -4.593.701 | -12.813.035 | -717.276,"+0,26% | -0,36% | -1,59% | -9,94% | -23,54% | -1,69%",,1ddías,41.626.109,41.517.938 | 41.775.748 | 42.297.560 | 46.219.810 | 54.439.144 | 42.343.385,Mediocampista
Balde,Barcelona,+153.352 | +188.681 | +71.240 | -1.083.656 | -4.247.340 | +1.293.866,"+0,67% | +0,82% | +0,31% | -4,48% | -15,54% | +5,94%",,2ddías,23.078.323,22.924.971 | 22.889.642 | 23.007.083 | 24.161.979 | 27.325.663 | 21.784.457,Defensa
Aleñá,Alavés,-9.557 | -13.233 | -45.637 | -180.601 | -593.640 | -2.006.120,"-0,24% | -0,34% | -1,16% | -4,43% | -13,24% | -34,01%",,40ddías,3.891.738,3.901.295 | 3.904.971 | 3.937.375 | 4.072.339 | 4.485.378 | 5.897.858,Mediocampista
U. Núñez,Espanyol,+32.463 | +63.753 | +44.869 | -74.228 | -651.161 | -1.383.152,"+0,90% | +1,78% | +1,25% | -2,00% | -15,19% | -27,56%",,2ddías,3.635.962,3.603.499 | 3.572.209 | 3.591.093 | 3.710.190 | 4.287.123 | 5.019.114,Defensa
Marc Roca,Betis,+15.732 | +80.486 | +118.111 | +422.410 | +755.112 | +50.704,"+0,29% | +1,53% | +2,26% | +8,57% | +16,43% | +0,96%",,14ddías,5.350.068,5.334.336 | 5.269.582 | 5.231.957 | 4.927.658 | 4.594.956 | 5.299.364,Mediocampista
Isco,Betis,-489.548 | -894.183 | -1.502.007 | -3.448.576 | -10.956.171 | +44.277.019,"-0,88% | -1,59% | -2,65% | -5,88% | -16,57% | 0%",,24ddías,55.169.530,55.659.078 | 56.063.713 | 56.671.537 | 58.618.106 | 66.125.701 | 0,Mediocampista
Ruibal,Betis,-70.423 | -146.096 | -225.104 | -557.984 | -1.261.986 | -3.548.914,"-2,91% | -5,86% | -8,76% | -19,22% | -34,98% | -60,21%",,40ddías,2.345.544,2.415.967 | 2.491.640 | 2.570.648 | 2.903.528 | 3.607.530 | 5.894.458,Delantero
Navarro,Athletic,+13.205 | +33.864 | +36.423 | +24.811 | -90.891 | -673.884,"+0,63% | +1,63% | +1,76% | +1,19% | -4,13% | -24,19%",,5ddías,2.111.802,2.098.597 | 2.077.938 | 2.075.379 | 2.086.991 | 2.202.693 | 2.785.686,Mediocampista
Chust,Elche,-339.999 | -339.999 | -339.999 | -339.999 | -339.999 | -339.999,"-6,77% | -6,77% | -6,77% | -6,77% | -6,77% | -6,77%",,1ddías,4.679.377,5.019.376 | 5.019.376 | 5.019.376 | 5.019.376 | 5.019.376 | 5.019.376,Defensa
Starfelt,Celta,+69.724 | +275.027 | +333.375 | +1.378.556 | +3.283.674 | +3.004.986,"+0,51% | +2,03% | +2,47% | +11,06% | +31,08% | +27,71%",,17ddías,13.847.775,13.778.051 | 13.572.748 | 13.514.400 | 12.469.219 | 10.564.101 | 10.842.789,Defensa
Dotor,Málaga,-96.928 | -227.987 | -367.664 | -367.664 | -367.664 | -363.261,"-2,59% | -5,88% | -9,16% | -9,16% | -9,16% | 0%",,3ddías,3.647.240,3.744.168 | 3.875.227 | 4.014.904 | 4.014.904 | 4.014.904 | 0,Mediocampista
Bartra,Betis,+9.261 | +125.058 | +198.129 | +1.289.318 | +3.329.571 | +8.187.539,"+0,03% | +0,45% | +0,71% | +4,84% | +13,54% | +41,48%",,34ddías,27.924.494,27.915.233 | 27.799.436 | 27.726.365 | 26.635.176 | 24.594.923 | 19.736.955,Defensa
Carles Pérez,Celta,-31.647 | -66.042 | -104.082 | -262.725 | -599.446 | -420.503,"-2,56% | -5,20% | -7,96% | -17,92% | -33,25% | 0%",,17ddías,1.203.563,1.235.210 | 1.269.605 | 1.307.645 | 1.466.288 | 1.803.009 | 0,Delantero
Aspas,Celta,-48.581 | -140.330 | -259.219 | -722.859 | -1.608.421 | -4.115.145,"-0,67% | -1,91% | -3,48% | -9,13% | -18,26% | -36,37%",,34ddías,7.198.815,7.247.396 | 7.339.145 | 7.458.034 | 7.921.674 | 8.807.236 | 11.313.960,Delantero
Iván Villar,Celta,-19.598 | -32.454 | -53.908 | -141.394 | -321.855 | -979.723,"-1,96% | -3,21% | -5,22% | -12,63% | -24,75% | -50,03%",,40ddías,978.446,998.044 | 1.010.900 | 1.032.354 | 1.119.840 | 1.300.301 | 1.958.169,Portero
Swedberg,Celta,-8.375 | -40.565 | -110.486 | -437.088 | -1.078.134 | -3.666.482,"-0,10% | -0,50% | -1,35% | -5,14% | -11,79% | -31,26%",,37ddías,8.064.242,8.072.617 | 8.104.807 | 8.174.728 | 8.501.330 | 9.142.376 | 11.730.724,Mediocampista
Sotelo,Levante,0 | 0 | 0 | 0 | 0 | -316.985,"0,00% | 0,00% | 0,00% | 0,00% | 0,00% | -18,65%",,15ddías,1.382.803,1.382.803 | 1.382.803 | 1.382.803 | 1.382.803 | 1.382.803 | 1.699.788,Mediocampista
Djené,Getafe,+225.031 | +599.558 | +33.274 | +33.274 | +33.274 | +33.274,"+2,73% | +7,62% | +0,39% | +0,39% | +0,39% | +0,39%",,2ddías,8.465.766,8.240.735 | 7.866.208 | 8.432.492 | 8.432.492 | 8.432.492 | 8.432.492,Defensa
Juan Cruz,Málaga,-78.146 | -628.763 | -4.316.183 | -4.316.183 | -4.316.183 | -4.316.183,"-0,50% | -3,86% | 0% | 0% | 0% | 0%",,2ddías,15.652.260,15.730.406 | 16.281.023 | 0 | 0 | 0 | 0,Mediocampista
Ayoze,Villarreal,+225.759 | +623.083 | +840.061 | +1.004.573 | +251.280 | -1.877.917,"+1,34% | +3,79% | +5,18% | +6,26% | +1,50% | -9,92%",,5ddías,17.044.355,16.818.596 | 16.421.272 | 16.204.294 | 16.039.782 | 16.793.075 | 18.922.272,Delantero
Gavi,Barcelona,-707.111 | -1.458.995 | -2.316.571 | -5.480.854 | -4.471.639 | +5.753.696,"-2,12% | -4,27% | -6,62% | -14,36% | -12,03% | +21,36%",,9ddías,32.693.211,33.400.322 | 34.152.206 | 35.009.782 | 38.174.065 | 37.164.850 | 26.939.515,Mediocampista
Koundé,Barcelona,-546.173 | -1.214.309 | -1.961.331 | -4.853.582 | -10.855.779 | -1.875.213,"-1,30% | -2,85% | -4,52% | -10,50% | -20,78% | -4,33%",,16ddías,41.388.538,41.934.711 | 42.602.847 | 43.349.869 | 46.242.120 | 52.244.317 | 43.263.751,Defensa
Ferran,Barcelona,-1.788.057 | -3.671.400 | -5.597.777 | -13.389.738 | -10.292.209 | +1.193.332,"-3,05% | -6,06% | -8,96% | -19,05% | -15,32% | +2,14%",,9ddías,56.898.853,58.686.910 | 60.570.253 | 62.496.630 | 70.288.591 | 67.191.062 | 55.705.521,Delantero
Pedri,Barcelona,+131.752 | +19.118 | -548.819 | -3.046.707 | -9.641.967 | -90.260.681,"+0,15% | +0,02% | -0,62% | -3,34% | -9,85% | 0%",,1ddías,88.276.911,88.145.159 | 88.257.793 | 88.825.730 | 91.323.618 | 97.918.878 | 0,Mediocampista
Raphinha,Barcelona,+1.530.941 | +4.439.163 | +6.723.410 | +13.859.982 | +10.876.990 | -15.878.344,"+1,87% | +5,61% | +8,76% | +19,90% | +14,98% | -15,98%",,8ddías,83.510.536,81.979.595 | 79.071.373 | 76.787.126 | 69.650.554 | 72.633.546 | 99.388.880,Delantero
A. Christensen,Barcelona,0 | 0 | 0 | 0 | 0 | 0,"0,00% | 0,00% | 0,00% | 0,00% | 0,00% | 0,00%",,37ddías,5.019.340,5.019.340 | 5.019.340 | 5.019.340 | 5.019.340 | 5.019.340 | 5.019.340,Defensa
M. Alonso,Celta,-118.989 | -207.805 | -513.845 | -1.936.845 | -42.376.676 | -42.376.676,"-0,40% | -0,70% | -1,72% | -6,20% | 0% | 0%",,8ddías,29.327.443,29.446.432 | 29.535.248 | 29.841.288 | 31.264.288 | 0 | 0,Defensa
F. de Jong,Barcelona,-898.576 | -1.825.342 | -2.795.640 | -6.873.429 | -14.939.668 | -17.901.815,"-3,25% | -6,38% | -9,46% | -20,43% | -35,82% | -40,07%",,16ddías,26.770.325,27.668.901 | 28.595.667 | 29.565.965 | 33.643.754 | 41.709.993 | 44.672.140,Mediocampista
Yamal,Barcelona,-508.197 | -973.178 | -1.905.670 | -1.085.106 | -3.182.821 | +56.510.122,"-0,40% | -0,76% | -1,48% | -0,85% | -2,45% | 0%",,4ddías,126.806.305,127.314.502 | 127.779.483 | 128.711.975 | 127.891.411 | 129.989.126 | 0,Delantero
Iglesias,Celta,-272.576 | -532.650 | -962.769 | -2.582.679 | -5.426.073 | +2.495.541,"-1,00% | -1,93% | -3,44% | -8,72% | -16,71% | +10,17%",,13ddías,27.037.034,27.309.610 | 27.569.684 | 27.999.803 | 29.619.713 | 32.463.107 | 24.541.493,Delantero
Casadó,Barcelona,-17.927 | -40.732 | -71.682 | -186.161 | -351.964 | -809.585,"-1,03% | -2,30% | -3,98% | -9,71% | -16,90% | -31,87%",,40ddías,1.730.958,1.748.885 | 1.771.690 | 1.802.640 | 1.917.119 | 2.082.922 | 2.540.543,Mediocampista
Cubarsí,Barcelona,-784.565 | -1.930.885 | -3.278.637 | -8.334.361 | -19.423.405 | +2.634.911,"-1,00% | -2,42% | -4,04% | -9,66% | -19,95% | +3,50%",,16ddías,77.924.561,78.709.126 | 79.855.446 | 81.203.198 | 86.258.922 | 97.347.966 | 75.289.650,Defensa
Fermín,Barcelona,+1.270.841 | +2.900.672 | +4.058.698 | +4.472.240 | -223.355 | -23.972.750,"+2,02% | +4,73% | +6,75% | +7,49% | -0,35% | -27,20%",,5ddías,64.177.637,62.906.796 | 61.276.965 | 60.118.939 | 59.705.397 | 64.400.992 | 88.150.387,Mediocampista
Bellerín,Betis,+305.804 | +600.988 | +764.498 | +1.878.662 | +3.636.580 | +3.202.823,"+2,22% | +4,47% | +5,75% | +15,42% | +34,89% | +29,50%",,17ddías,14.060.687,13.754.883 | 13.459.699 | 13.296.189 | 12.182.025 | 10.424.107 | 10.857.864,Defensa
Guido,Valencia,-170.017 | -319.642 | -567.596 | -1.821.959 | +23.810.575 | +23.810.575,"-0,66% | -1,23% | -2,16% | -6,61% | 0% | 0%",,8ddías,25.736.116,25.906.133 | 26.055.758 | 26.303.712 | 27.558.075 | 0 | 0,Mediocampista
Abde,Betis,-1.083.055 | -2.190.028 | -3.422.903 | -8.532.230 | -19.474.039 | -86.600.289,"-2,34% | -4,61% | -7,03% | -15,86% | -30,07% | 0%",,24ddías,45.281.828,46.364.883 | 47.471.856 | 48.704.731 | 53.814.058 | 64.755.867 | 0,Delantero
Marrero,Real Sociedad,-19.154 | -39.040 | -66.472 | -178.864 | -398.808 | -1.198.037,"-1,64% | -3,30% | -5,49% | -13,51% | -25,83% | -51,12%",,40ddías,1.145.341,1.164.495 | 1.184.381 | 1.211.813 | 1.324.205 | 1.544.149 | 2.343.378,Portero
Lunin,Real Madrid,-7.077 | -32.813 | -73.031 | -208.746 | -461.286 | -1.291.630,"-0,33% | -1,50% | -3,27% | -8,82% | -17,61% | -37,44%",,40ddías,2.157.961,2.165.038 | 2.190.774 | 2.230.992 | 2.366.707 | 2.619.247 | 3.449.591,Portero
Urko,Espanyol,+3.419 | +2.767 | -13.995 | -87.221 | -363.199 | -1.528.160,"+0,07% | +0,06% | -0,29% | -1,81% | -7,12% | -24,39%",,1ddías,4.738.545,4.735.126 | 4.735.778 | 4.752.540 | 4.825.766 | 5.101.744 | 6.266.705,Mediocampista
Bernal,Barcelona,+244.609 | +548.206 | +805.484 | +1.849.729 | +3.528.070 | +3.288.947,"+3,67% | +8,63% | +13,21% | +36,61% | +104,54% | +91,01%",,14ddías,6.902.871,6.658.262 | 6.354.665 | 6.097.387 | 5.053.142 | 3.374.801 | 3.613.924,Mediocampista
Benito,Osasuna,-9.705 | -19.907 | -30.382 | -68.341 | -155.919 | -455.430,"-1,75% | -3,53% | -5,29% | -11,16% | -22,27% | -45,56%",,40ddías,544.152,553.857 | 564.059 | 574.534 | 612.493 | 700.071 | 999.582,Delantero
Mario Martín,Getafe,+88.008 | -43.025 | -184.040 | -184.040 | -184.040 | -184.040,"+2,35% | -1,11% | -4,58% | -4,58% | -4,58% | -4,58%",,1ddías,3.831.432,3.743.424 | 3.874.457 | 4.015.472 | 4.015.472 | 4.015.472 | 4.015.472,Mediocampista
Olmo,Barcelona,-699.087 | -1.500.601 | -2.361.363 | -5.556.265 | -14.174.998 | -41.584.834,"-1,10% | -2,33% | -3,62% | -8,12% | -18,39% | 0%",,24ddías,62.894.896,63.593.983 | 64.395.497 | 65.256.259 | 68.451.161 | 77.069.894 | 0,Mediocampista
Musso,Atlético,-78.289 | -175.749 | -281.875 | -709.159 | -1.546.072 | -4.007.743,"-1,71% | -3,76% | -5,90% | -13,63% | -25,59% | -47,14%",,40ddías,4.494.711,4.573.000 | 4.670.460 | 4.776.586 | 5.203.870 | 6.040.783 | 8.502.454,Portero
Dmitrovic,Espanyol,+13.706 | +340.312 | +597.476 | +3.074.127 | +9.149.516 | +19.444.966,"+0,04% | +0,92% | +1,62% | +8,95% | +32,35% | +108,10%",,39ddías,37.433.024,37.419.318 | 37.092.712 | 36.835.548 | 34.358.897 | 28.283.508 | 17.988.058,Portero
Martín,Barcelona,+502.232 | +1.440.998 | +2.145.936 | +5.587.275 | +4.785.065 | +4.785.065,"+1,44% | +4,26% | +6,47% | +18,80% | +15,68% | +15,68%",,10ddías,35.302.661,34.800.429 | 33.861.663 | 33.156.725 | 29.715.386 | 30.517.596 | 30.517.596,Defensa
Natan,Betis,-611.051 | -1.246.439 | -2.048.636 | -2.974.201 | +1.260.427 | +11.981.435,"-1,49% | -2,99% | -4,83% | -6,86% | +3,22% | +42,15%",,6ddías,40.405.192,41.016.243 | 41.651.631 | 42.453.828 | 43.379.393 | 39.144.765 | 28.423.757,Defensa
Ferrer,Getafe,0 | 0 | 0 | 0 | 0 | 0,"0,00% | 0,00% | 0,00% | 0,00% | 0,00% | 0,00%",,37ddías,702.705,702.705 | 702.705 | 702.705 | 702.705 | 702.705 | 702.705,Portero
Durán,Celta,-25.678 | -55.347 | -87.847 | -222.556 | -505.160 | -1.365.707,"-2,39% | -5,02% | -7,74% | -17,54% | -32,56% | -56,62%",,40ddías,1.046.490,1.072.168 | 1.101.837 | 1.134.337 | 1.269.046 | 1.551.650 | 2.412.197,Delantero
Javi Rodríguez,Celta,-678.857 | -678.857 | -678.857 | -678.857 | -678.857 | -678.857,"-6,76% | -6,76% | -6,76% | -6,76% | -6,76% | -6,76%",,1ddías,9.358.795,10.037.652 | 10.037.652 | 10.037.652 | 10.037.652 | 10.037.652 | 10.037.652,Defensa
Hugo Álvarez,Celta,-40.307 | -74.981 | -115.062 | -294.534 | -765.839 | -2.416.248,"-1,32% | -2,44% | -3,69% | -8,93% | -20,32% | -44,58%",,40ddías,3.003.853,3.044.160 | 3.078.834 | 3.118.915 | 3.298.387 | 3.769.692 | 5.420.101,Mediocampista
Berrocal,Getafe,-32.287 | -89.392 | +615.940 | +615.940 | +615.940 | +615.940,"-1,92% | -5,15% | 0% | 0% | 0% | 0%",,2ddías,1.647.250,1.679.537 | 1.736.642 | 0 | 0 | 0 | 0,Defensa
Jon Martín,Real Sociedad,0 | 0 | 0 | 0 | 0 | 0,"0,00% | 0,00% | 0,00% | 0,00% | 0,00% | 0,00%",,37ddías,30.111.790,30.111.790 | 30.111.790 | 30.111.790 | 30.111.790 | 30.111.790 | 30.111.790,Defensa
Aramburu,Real Sociedad,+127.385 | +395.005 | +586.644 | +1.469.137 | +4.024.318 | +8.546.508,"+0,74% | +2,34% | +3,51% | +9,28% | +30,31% | +97,61%",,39ddías,17.302.611,17.175.226 | 16.907.606 | 16.715.967 | 15.833.474 | 13.278.293 | 8.756.103,Defensa
Leo Román,Deportivo,+487.393 | +1.284.333 | +1.735.666 | +4.915.836 | +11.557.009 | +34.604.237,"+1,35% | +3,65% | +5,00% | +15,58% | +46,38% | 0%",,16ddías,36.472.659,35.985.266 | 35.188.326 | 34.736.993 | 31.556.823 | 24.915.650 | 0,Portero
Boiro,Athletic,-6.917 | -14.945 | -20.929 | -48.452 | -111.785 | -304.119,"-1,38% | -2,93% | -4,06% | -8,92% | -18,43% | -38,07%",,24ddías,494.773,501.690 | 509.718 | 515.702 | 543.225 | 606.558 | 798.892,Defensa
Logan Costa,Villarreal,-20.125 | -38.854 | -65.466 | -165.000 | -385.586 | -1.157.381,"-1,56% | -2,97% | -4,91% | -11,51% | -23,32% | -47,72%",,40ddías,1.268.113,1.288.238 | 1.306.967 | 1.333.579 | 1.433.113 | 1.653.699 | 2.425.494,Defensa
Bretones,Osasuna,+91.705 | +244.752 | +350.900 | +842.462 | +1.603.934 | +1.740.587,"+2,49% | +6,94% | +10,26% | +28,76% | +73,98% | +85,68%",,22ddías,3.771.977,3.680.272 | 3.527.225 | 3.421.077 | 2.929.515 | 2.168.043 | 2.031.390,Defensa
Andrés Martín,Racing,-134.625 | -227.062 | -394.368 | -1.264.425 | -3.457.508 | -8.933.941,"-0,70% | -1,17% | -2,02% | -6,20% | -15,32% | -31,85%",,31ddías,19.118.254,19.252.879 | 19.345.316 | 19.512.622 | 20.382.679 | 22.575.762 | 28.052.195,Delantero
Danjuma,Valencia,+38.350 | +90.165 | +125.497 | +516.880 | +774.994 | -193.261,"+0,75% | +1,78% | +2,49% | +11,12% | +17,65% | -3,61%",,12ddías,5.165.426,5.127.076 | 5.075.261 | 5.039.929 | 4.648.546 | 4.390.432 | 5.358.687,Delantero
Pépé,Villarreal,+458.204 | +952.693 | +939.013 | -371.177 | -5.533.953 | -41.872.931,"+0,92% | +1,94% | +1,91% | -0,74% | -9,95% | 0%",,2ddías,50.092.006,49.633.802 | 49.139.313 | 49.152.993 | 50.463.183 | 55.625.959 | 0,Delantero
Pape Gueye,Villarreal,+219.131 | +845.610 | +1.276.030 | +4.394.813 | +9.643.782 | +2.738.370,"+0,45% | +1,76% | +2,68% | +9,86% | +24,52% | +5,92%",,15ddías,48.968.283,48.749.152 | 48.122.673 | 47.692.253 | 44.573.470 | 39.324.501 | 46.229.913,Mediocampista
Losada,Betis,0 | 0 | 0 | 0 | 0 | 0,"0,00% | 0,00% | 0,00% | 0,00% | 0,00% | 0,00%",,37ddías,2.509.378,2.509.378 | 2.509.378 | 2.509.378 | 2.509.378 | 2.509.378 | 2.509.378,Delantero
D. Llorente,Betis,+96.912 | +198.767 | +298.050 | +1.120.483 | +2.915.796 | +4.115.043,"+0,74% | +1,54% | +2,32% | +9,32% | +28,53% | +45,61%",,24ddías,13.136.690,13.039.778 | 12.937.923 | 12.838.640 | 12.016.207 | 10.220.894 | 9.021.647,Defensa
Pedro Díaz,Rayo,-21.199 | -46.424 | -81.452 | -196.281 | -400.500 | -1.267.426,"-1,17% | -2,54% | -4,37% | -9,92% | -18,34% | -41,55%",,41ddías,1.783.241,1.804.440 | 1.829.665 | 1.864.693 | 1.979.522 | 2.183.741 | 3.050.667,Mediocampista
Jauregizar,Athletic,+46.024 | +289.291 | +474.578 | +1.767.933 | +4.229.880 | +10.928.659,"+0,16% | +1,03% | +1,71% | +6,68% | +17,61% | +63,12%",,39ddías,28.243.446,28.197.422 | 27.954.155 | 27.768.868 | 26.475.513 | 24.013.566 | 17.314.787,Mediocampista
L. Sucic,Real Sociedad,-9.386 | -34.585 | -74.022 | -202.085 | -476.533 | -1.633.411,"-0,26% | -0,96% | -2,03% | -5,36% | -11,79% | -31,42%",,37ddías,3.565.296,3.574.682 | 3.599.881 | 3.639.318 | 3.767.381 | 4.041.829 | 5.198.707,Mediocampista
Álvaro,Deportivo,-68.101 | -145.106 | -239.031 | -569.261 | -1.176.295 | -3.200.957,"-1,42% | -2,98% | -4,81% | -10,74% | -19,92% | -40,37%",,40ddías,4.728.806,4.796.907 | 4.873.912 | 4.967.837 | 5.298.067 | 5.905.101 | 7.929.763,Portero
Letácek,Getafe,-13.228 | -27.820 | -44.298 | -110.787 | -247.231 | -753.962,"-1,83% | -3,78% | -5,88% | -13,52% | -25,86% | -51,55%",,40ddías,708.650,721.878 | 736.470 | 752.948 | 819.437 | 955.881 | 1.462.612,Portero
Uche,Getafe,-721.410 | -1.475.521 | -2.252.726 | -5.518.790 | +8.382.796 | +8.382.796,"-3,31% | -6,54% | -9,66% | -20,75% | 0% | 0%",,8ddías,21.077.545,21.798.955 | 22.553.066 | 23.330.271 | 26.596.335 | 0 | 0,Delantero
Alvarez,Atlético,+166.504 | +682.054 | +815.715 | +656.285 | -3.492.006 | +22.341.745,"+0,24% | +0,98% | +1,17% | +0,94% | -4,72% | 0%",,4ddías,70.430.139,70.263.635 | 69.748.085 | 69.614.424 | 69.773.854 | 73.922.145 | 0,Delantero
Padilla,Athletic,0 | 0 | 0 | 0 | 0 | 0,"0,00% | 0,00% | 0,00% | 0,00% | 0,00% | 0,00%",,37ddías,1.505.588,1.505.588 | 1.505.588 | 1.505.588 | 1.505.588 | 1.505.588 | 1.505.588,Portero
Luiz Junior,Villarreal,-387.392 | -846.293 | -1.489.786 | -2.683.915 | +2.662.713 | +13.848.104,"-1,00% | -2,16% | -3,75% | -6,56% | +7,48% | +56,73%",,6ddías,38.260.596,38.647.988 | 39.106.889 | 39.750.382 | 40.944.511 | 35.597.883 | 24.412.492,Portero
Iturbe,Elche,0 | 0 | 0 | 0 | 0 | 0,"0,00% | 0,00% | 0,00% | 0,00% | 0,00% | 0,00%",,37ddías,802.099,802.099 | 802.099 | 802.099 | 802.099 | 802.099 | 802.099,Portero
Ejuke,Sevilla,-23.567 | -45.341 | -85.456 | -219.429 | -536.088 | -1.551.523,"-0,86% | -1,63% | -3,04% | -7,44% | -16,42% | -36,25%",,40ddías,2.728.027,2.751.594 | 2.773.368 | 2.813.483 | 2.947.456 | 3.264.115 | 4.279.550,Delantero
Valera,Elche,-15.603 | -55.087 | -164.638 | -559.674 | -1.864.065 | -5.748.300,"-0,07% | -0,24% | -0,70% | -2,35% | -7,42% | -19,81%",,31ddías,23.271.212,23.286.815 | 23.326.299 | 23.435.850 | 23.830.886 | 25.135.277 | 29.019.512,Mediocampista
Sannadi,Athletic,-4.660 | -9.605 | -14.605 | -28.284 | -62.553 | -157.197,"-1,09% | -2,22% | -3,34% | -6,27% | -12,88% | -27,09%",,40ddías,423.037,427.697 | 432.642 | 437.642 | 451.321 | 485.590 | 580.234,Delantero
Antony,Betis,-167.734 | -297.889 | -701.353 | -3.273.583 | -9.545.907 | -23.363.754,"-0,29% | -0,51% | -1,18% | -5,29% | -14,00% | -28,50%",,27ddías,58.625.812,58.793.546 | 58.923.701 | 59.327.165 | 61.899.395 | 68.171.719 | 81.989.566,Delantero
El-Abdellaoui,Celta,0 | 0 | 0 | 0 | 0 | 0,"0,00% | 0,00% | 0,00% | 0,00% | 0,00% | 0,00%",,37ddías,1.304.893,1.304.893 | 1.304.893 | 1.304.893 | 1.304.893 | 1.304.893 | 1.304.893,Delantero
Lago,Celta,0 | 0 | 0 | 0 | 0 | 0,"0,00% | 0,00% | 0,00% | 0,00% | 0,00% | 0,00%",,37ddías,702.633,702.633 | 702.633 | 702.633 | 702.633 | 702.633 | 702.633,Defensa
Mestre,Real Madrid,0 | 0 | 0 | 0 | 0 | 0,"0,00% | 0,00% | 0,00% | 0,00% | 0,00% | 0,00%",,37ddías,677.860,677.860 | 677.860 | 677.860 | 677.860 | 677.860 | 677.860,Portero
Jiménez,Real Madrid,0 | 0 | 0 | 0 | 0 | 0,"0,00% | 0,00% | 0,00% | 0,00% | 0,00% | 0,00%",,37ddías,602.248,602.248 | 602.248 | 602.248 | 602.248 | 602.248 | 602.248,Defensa
Buchanan,Villarreal,-118.979 | -299.474 | -542.980 | -1.365.452 | -1.253.597 | +2.315.330,"-0,64% | -1,60% | -2,87% | -6,92% | -6,39% | +14,42%",,9ddías,18.372.769,18.491.748 | 18.672.243 | 18.915.749 | 19.738.221 | 19.626.366 | 16.057.439,Mediocampista
Guille,Barcelona,0 | 0 | 0 | 0 | 0 | 0,"0,00% | 0,00% | 0,00% | 0,00% | 0,00% | 0,00%",,37ddías,702.705,702.705 | 702.705 | 702.705 | 702.705 | 702.705 | 702.705,Mediocampista
Cucho,Betis,-377.063 | -771.681 | -1.423.482 | -4.100.599 | -10.300.617 | -2.546.291,"-0,84% | -1,70% | -3,09% | -8,41% | -18,74% | -5,39%",,16ddías,44.665.138,45.042.201 | 45.436.819 | 46.088.620 | 48.765.737 | 54.965.755 | 47.211.429,Delantero
Román,Celta,+38.828 | +122.222 | +156.309 | +333.146 | +56.281 | -1.718.261,"+0,72% | +2,31% | +2,97% | +6,54% | +1,05% | -24,06%",,8ddías,5.423.880,5.385.052 | 5.301.658 | 5.267.571 | 5.090.734 | 5.367.599 | 7.142.141,Mediocampista
Rubén Gómez,Villarreal,-5.722 | -16.964 | -29.205 | -29.205 | -29.205 | -29.205,"-0,99% | -2,88% | -4,85% | -4,85% | -4,85% | -4,85%",,3ddías,573.087,578.809 | 590.051 | 602.292 | 602.292 | 602.292 | 602.292,Portero
Valou,Getafe,0 | 0 | 0 | 0 | 0 | 0,"0,00% | 0,00% | 0,00% | 0,00% | 0,00% | 0,00%",,37ddías,602.292,602.292 | 602.292 | 602.292 | 602.292 | 602.292 | 602.292,Defensa
Niño,Málaga,-69.852 | -133.537 | -160.243 | -220.273 | -343.894 | -987.613,"-2,66% | -4,97% | -5,91% | -7,94% | -11,87% | -27,89%",,40ddías,2.553.265,2.623.117 | 2.686.802 | 2.713.508 | 2.773.538 | 2.897.159 | 3.540.878,Delantero
Rayane,Atlético,0 | 0 | 0 | 0 | 0 | 0,"0,00% | 0,00% | 0,00% | 0,00% | 0,00% | 0,00%",,37ddías,678.006,678.006 | 678.006 | 678.006 | 678.006 | 678.006 | 678.006,Delantero
Pablo Ramón,Racing,+1.551 | -1.645 | -10.140 | -25.324 | -48.929 | -86.681,"+0,30% | -0,32% | -1,93% | -4,69% | -8,68% | 0%",,1ddías,514.893,513.342 | 516.538 | 525.033 | 540.217 | 563.822 | 0,Defensa
Toni Fernández,Barcelona,0 | 0 | 0 | 0 | 0 | 0,"0,00% | 0,00% | 0,00% | 0,00% | 0,00% | 0,00%",,37ddías,602.319,602.319 | 602.319 | 602.319 | 602.319 | 602.319 | 602.319,Delantero
Lo Celso,Betis,-1.151.202 | -2.098.283 | -2.949.353 | -3.638.078 | +846.992 | +13.612.397,"-2,96% | -5,27% | -7,25% | -8,79% | +2,30% | +56,40%",,5ddías,37.746.825,38.898.027 | 39.845.108 | 40.696.178 | 41.384.903 | 36.899.833 | 24.134.428,Mediocampista
Pau Navarro,Villarreal,-68.210 | -146.073 | -272.457 | -596.521 | -1.404.912 | -4.741.526,"-0,75% | -1,59% | -2,92% | -6,18% | -13,43% | -34,37%",,40ddías,9.052.234,9.120.444 | 9.198.307 | 9.324.691 | 9.648.755 | 10.457.146 | 13.793.760,Defensa
Otorbi,Valencia,0 | 0 | 0 | 0 | 0 | 0,"0,00% | 0,00% | 0,00% | 0,00% | 0,00% | 0,00%",,37ddías,602.292,602.292 | 602.292 | 602.292 | 602.292 | 602.292 | 602.292,Delantero
Manu González,Betis,0 | 0 | 0 | 0 | 0 | 0,"0,00% | 0,00% | 0,00% | 0,00% | 0,00% | 0,00%",,37ddías,581.691,581.691 | 581.691 | 581.691 | 581.691 | 581.691 | 581.691,Portero
Alfon,Sevilla,-192.681 | -395.252 | -865.342 | -865.342 | -865.342 | -865.342,"-3,03% | -6,03% | -12,31% | -12,31% | -12,31% | -12,31%",,3ddías,6.161.419,6.354.100 | 6.556.671 | 7.026.761 | 7.026.761 | 7.026.761 | 7.026.761,Delantero
Risco,Getafe,0 | 0 | 0 | 0 | 0 | 0,"0,00% | 0,00% | 0,00% | 0,00% | 0,00% | 0,00%",,37ddías,702.705,702.705 | 702.705 | 702.705 | 702.705 | 702.705 | 702.705,Mediocampista
De la Sías,Rayo,0 | 0 | 0 | 0 | 0 | 0,"0,00% | 0,00% | 0,00% | 0,00% | 0,00% | 0,00%",,37ddías,602.234,602.234 | 602.234 | 602.234 | 602.234 | 602.234 | 602.234,Defensa
Óskarsson,Real Sociedad,-97.567 | -208.260 | -349.950 | -858.156 | -1.933.655 | -5.302.331,"-1,24% | -2,61% | -4,31% | -9,94% | -19,91% | -40,54%",,40ddías,7.777.964,7.875.531 | 7.986.224 | 8.127.914 | 8.636.120 | 9.711.619 | 13.080.295,Delantero
Etta Eyong,Levante,+20.439 | +308.071 | +571.918 | +2.821.880 | +7.529.165 | +12.903.864,"+0,08% | +1,22% | +2,29% | +12,44% | +41,89% | +102,43%",,39ddías,25.502.045,25.481.606 | 25.193.974 | 24.930.127 | 22.680.165 | 17.972.880 | 12.598.181,Delantero
Vargas,Sevilla,-309.285 | -633.927 | -984.159 | -1.862.814 | +21.218.044 | +21.218.044,"-1,17% | -2,37% | -3,63% | -6,65% | 0% | 0%",,12ddías,26.148.999,26.458.284 | 26.782.926 | 27.133.158 | 28.011.813 | 0 | 0,Delantero
Szczesny,Barcelona,-46.161 | -94.618 | -147.355 | -388.811 | -856.350 | -856.350,"-1,92% | -3,87% | -5,90% | -14,19% | -26,69% | -26,69%",,13ddías,2.352.050,2.398.211 | 2.446.668 | 2.499.405 | 2.740.861 | 3.208.400 | 3.208.400,Portero
Spina,Atlético,0 | 0 | 0 | 0 | 0 | 0,"0,00% | 0,00% | 0,00% | 0,00% | 0,00% | 0,00%",,37ddías,702.702,702.702 | 702.702 | 702.702 | 702.702 | 702.702 | 702.702,Defensa
Serrano,Atlético,0 | 0 | -35 | -12.221 | -43.215 | -132.922,"0,00% | 0,00% | -0,01% | -2,77% | -9,15% | -23,65%",,2ddías,429.199,429.199 | 429.199 | 429.234 | 441.420 | 472.414 | 562.121,Mediocampista
Asencio,Real Madrid,-137.955 | -286.888 | -442.533 | -1.089.194 | -2.475.790 | -5.562.119,"-2,93% | -5,91% | -8,83% | -19,24% | -35,13% | -54,89%",,40ddías,4.571.317,4.709.272 | 4.858.205 | 5.013.850 | 5.660.511 | 7.047.107 | 10.133.436,Defensa
Roberto,Espanyol,+170.961 | +366.783 | +505.080 | +1.192.631 | +1.378.704 | +379.990,"+2,51% | +5,53% | +7,78% | +20,56% | +24,55% | +5,74%",,10ddías,6.994.438,6.823.477 | 6.627.655 | 6.489.358 | 5.801.807 | 5.615.734 | 6.614.448,Delantero
Garcés,Alavés,-12.783 | -26.190 | -40.004 | -92.770 | -211.161 | -629.641,"-2,03% | -4,07% | -6,08% | -13,05% | -25,47% | -50,47%",,40ddías,618.001,630.784 | 644.191 | 658.005 | 710.771 | 829.162 | 1.247.642,Defensa
Kambwala,Villarreal,-18.216 | -39.202 | -64.730 | -162.957 | -396.261 | -1.187.358,"-1,55% | -3,28% | -5,30% | -12,35% | -25,52% | -50,66%",,40ddías,1.156.546,1.174.762 | 1.195.748 | 1.221.276 | 1.319.503 | 1.552.807 | 2.343.904,Defensa
Toni Martinez,Alavés,-31.302 | -108.899 | -220.080 | -853.207 | -2.693.902 | +20.939.745,"-0,12% | -0,43% | -0,87% | -3,30% | -9,72% | 0%",,29ddías,25.023.738,25.055.040 | 25.132.637 | 25.243.818 | 25.876.945 | 27.717.640 | 0,Delantero
Peque,Sevilla,-19.629 | -42.843 | -78.310 | -213.666 | -532.864 | -1.717.846,"-1,07% | -2,31% | -4,15% | -10,56% | -22,75% | -48,70%",,40ddías,1.809.481,1.829.110 | 1.852.324 | 1.887.791 | 2.023.147 | 2.342.345 | 3.527.327,Delantero
Baena,Atlético,-717.243 | -1.572.509 | -2.598.563 | -6.940.053 | -16.574.589 | +2.096.549,"-1,32% | -2,84% | -4,61% | -11,43% | -23,56% | +4,06%",,16ddías,53.789.069,54.506.312 | 55.361.578 | 56.387.632 | 60.729.122 | 70.363.658 | 51.692.520,Mediocampista
Iranzo,Valencia,0 | 0 | 0 | 0 | 0 | 0,"0,00% | 0,00% | 0,00% | 0,00% | 0,00% | 0,00%",,37ddías,602.292,602.292 | 602.292 | 602.292 | 602.292 | 602.292 | 602.292,Defensa
Sergio Gómez,Real Sociedad,-20.389 | -50.191 | -153.673 | -460.329 | -1.399.971 | -5.304.070,"-0,11% | -0,28% | -0,85% | -2,51% | -7,25% | -22,85%",,40ddías,17.908.296,17.928.685 | 17.958.487 | 18.061.969 | 18.368.625 | 19.308.267 | 23.212.366,Defensa
Comesaña,Villarreal,+534.752 | +1.215.192 | +1.899.487 | +4.950.614 | +7.137.074 | +294.493,"+1,59% | +3,68% | +5,88% | +16,92% | +26,36% | +0,87%",,13ddías,34.207.464,33.672.712 | 32.992.272 | 32.307.977 | 29.256.850 | 27.070.390 | 33.912.971,Mediocampista
Gerard,Villarreal,-80.154 | -234.800 | -500.549 | -1.201.145 | -2.611.150 | -9.267.642,"-0,29% | -0,83% | -1,76% | -4,13% | -8,55% | -24,93%",,40ddías,27.913.814,27.993.968 | 28.148.614 | 28.414.363 | 29.114.959 | 30.524.964 | 37.181.456,Delantero
Foyth,Villarreal,+264.350 | +532.530 | +767.844 | +1.354.861 | +279.773 | -556.859,"+2,25% | +4,65% | +6,84% | +12,74% | +2,39% | -4,44%",,8ddías,11.990.930,11.726.580 | 11.458.400 | 11.223.086 | 10.636.069 | 11.711.157 | 12.547.789,Defensa
Sörloth,Atlético,-740.594 | -1.521.836 | -2.102.503 | -2.983.057 | -5.092.078 | -12.688.216,"-3,07% | -6,12% | -8,26% | -11,33% | -17,91% | -35,21%",,40ddías,23.345.449,24.086.043 | 24.867.285 | 25.447.952 | 26.328.506 | 28.437.527 | 36.033.665,Delantero
Femenia,Getafe,+72.415 | +165.326 | +219.006 | +303.699 | +132.532 | -1.144.382,"+1,89% | +4,43% | +5,95% | +8,44% | +3,52% | -22,68%",,6ddías,3.901.193,3.828.778 | 3.735.867 | 3.682.187 | 3.597.494 | 3.768.661 | 5.045.575,Defensa
Hugo González,Celta,-95.303 | -95.303 | -95.303 | -95.303 | -95.303 | -95.303,"-6,33% | -6,33% | -6,33% | -6,33% | -6,33% | -6,33%",,1ddías,1.410.343,1.505.646 | 1.505.646 | 1.505.646 | 1.505.646 | 1.505.646 | 1.505.646,Mediocampista
Terrats,Getafe,+117.342 | +281.384 | +93.763 | +93.763 | +93.763 | +93.763,"+4,21% | +10,73% | +3,34% | +3,34% | +3,34% | +3,34%",,2ddías,2.904.258,2.786.916 | 2.622.874 | 2.810.495 | 2.810.495 | 2.810.495 | 2.810.495,Mediocampista
Denis Suárez,Alavés,-30.730 | -62.186 | -104.846 | -263.913 | -706.161 | -2.315.262,"-1,21% | -2,41% | -4,00% | -9,50% | -21,93% | -47,95%",,40ddías,2.513.346,2.544.076 | 2.575.532 | 2.618.192 | 2.777.259 | 3.219.507 | 4.828.608,Mediocampista
Akhomach,Villarreal,-96.746 | -210.000 | -332.991 | -828.070 | -1.936.972 | -2.826.812,"-1,83% | -3,88% | -6,01% | -13,73% | -27,13% | -35,20%",,18ddías,5.203.309,5.300.055 | 5.413.309 | 5.536.300 | 6.031.379 | 7.140.281 | 8.030.121,Delantero
Altimira,Deportivo,-108.674 | -214.886 | -314.107 | -654.237 | -1.105.353 | -2.439.907,"-2,33% | -4,50% | -6,44% | -12,54% | -19,50% | -34,84%",,34ddías,4.562.707,4.671.381 | 4.777.593 | 4.876.814 | 5.216.944 | 5.668.060 | 7.002.614,Defensa
Manu Sánchez,Levante,0 | 0 | 0 | 0 | 0 | -484.326,"0,00% | 0,00% | 0,00% | 0,00% | 0,00% | -8,04%",,15ddías,5.538.185,5.538.185 | 5.538.185 | 5.538.185 | 5.538.185 | 5.538.185 | 6.022.511,Defensa
Raúl García,Osasuna,-26.689 | -61.532 | -99.170 | -264.608 | -623.676 | -1.832.873,"-1,40% | -3,18% | -5,02% | -12,37% | -24,96% | -49,43%",,40ddías,1.875.226,1.901.915 | 1.936.758 | 1.974.396 | 2.139.834 | 2.498.902 | 3.708.099,Delantero
Tárrega,Valencia,+58.649 | +128.287 | +128.039 | +14.484 | -310.184 | -2.336.326,"+0,66% | +1,45% | +1,44% | +0,16% | -3,33% | -20,61%",,2ddías,9.001.036,8.942.387 | 8.872.749 | 8.872.997 | 8.986.552 | 9.311.220 | 11.337.362,Defensa
Fran Pérez,Rayo,-11.245 | -26.142 | -43.078 | -115.944 | -269.229 | -778.042,"-1,41% | -3,21% | -5,18% | -12,82% | -25,46% | -49,67%",,40ddías,788.403,799.648 | 814.545 | 831.481 | 904.347 | 1.057.632 | 1.566.445,Mediocampista
F. Carreras,Real Madrid,-270.170 | -537.700 | -874.555 | -2.196.495 | -4.923.205 | -12.631.429,"-2,12% | -4,14% | -6,56% | -14,98% | -28,31% | -50,33%",,40ddías,12.465.457,12.735.627 | 13.003.157 | 13.340.012 | 14.661.952 | 17.388.662 | 25.096.886,Defensa
Javi Guerra,Valencia,+95.230 | +153.574 | +107.149 | -200.364 | -1.289.654 | -5.984.726,"+0,40% | +0,64% | +0,45% | -0,83% | -5,10% | -19,95%",,2ddías,24.015.274,23.920.044 | 23.861.700 | 23.908.125 | 24.215.638 | 25.304.928 | 30.000.000,Mediocampista
Pedrosa,Sevilla,0 | 0 | 0 | 0 | 0 | 0,"0,00% | 0,00% | 0,00% | 0,00% | 0,00% | 0,00%",,37ddías,3.312.788,3.312.788 | 3.312.788 | 3.312.788 | 3.312.788 | 3.312.788 | 3.312.788,Defensa
Mariano,Alavés,-13.128 | -34.530 | -57.503 | -151.178 | -361.713 | -1.108.135,"-1,37% | -3,52% | -5,74% | -13,79% | -27,68% | -53,97%",,40ddías,945.083,958.211 | 979.613 | 1.002.586 | 1.096.261 | 1.306.796 | 2.053.218,Delantero
Marcão,Sevilla,-10.011 | -21.250 | -35.570 | -91.350 | -210.443 | -620.382,"-1,54% | -3,22% | -5,27% | -12,50% | -24,76% | -49,24%",,40ddías,639.438,649.449 | 660.688 | 675.008 | 730.788 | 849.881 | 1.259.820,Defensa
Manu Bueno,Sevilla,0 | 0 | 0 | 0 | 0 | 0,"0,00% | 0,00% | 0,00% | 0,00% | 0,00% | 0,00%",,37ddías,802.099,802.099 | 802.099 | 802.099 | 802.099 | 802.099 | 802.099,Mediocampista
Diakhaby,Valencia,-91.212 | -186.073 | -311.512 | -822.120 | -1.906.357 | -3.191.620,"-1,54% | -3,09% | -5,06% | -12,34% | -24,60% | -35,33%",,20ddías,5.842.788,5.934.000 | 6.028.861 | 6.154.300 | 6.664.908 | 7.749.145 | 9.034.408,Defensa
Canós,Valencia,-7.894 | -16.208 | -24.717 | -53.958 | -122.398 | -898.751,"-1,55% | -3,14% | -4,70% | -9,73% | -19,64% | 0%",,17ddías,500.665,508.559 | 516.873 | 525.382 | 554.623 | 623.063 | 0,Delantero
Duro,Valencia,+18.608 | -28.004 | -94.096 | -375.094 | -1.099.224 | -3.129.478,"+0,22% | -0,33% | -1,10% | -4,25% | -11,52% | -27,05%",,1ddías,8.441.154,8.422.546 | 8.469.158 | 8.535.250 | 8.816.248 | 9.540.378 | 11.570.632,Delantero
Jesús Vázquez,Valencia,+14.451 | +10.508 | -7.927 | -115.791 | -460.010 | -1.571.150,"+0,85% | +0,62% | -0,46% | -6,36% | -21,25% | -47,96%",,1ddías,1.704.825,1.690.374 | 1.694.317 | 1.712.752 | 1.820.616 | 2.164.835 | 3.275.975,Defensa
Almeida,Valencia,-31.808 | -78.691 | -137.185 | -384.876 | -945.830 | -2.651.177,"-1,26% | -3,07% | -5,22% | -13,39% | -27,54% | -51,58%",,40ddías,2.488.609,2.520.417 | 2.567.300 | 2.625.794 | 2.873.485 | 3.434.439 | 5.139.786,Mediocampista
Rivero,Valencia,-5.615 | -13.597 | -21.760 | -49.465 | -114.534 | -296.796,"-1,12% | -2,67% | -4,21% | -9,09% | -18,79% | -37,49%",,23ddías,494.974,500.589 | 508.571 | 516.734 | 544.439 | 609.508 | 791.770,Portero
Gayà,Valencia,-72.269 | -167.279 | -284.886 | -667.027 | -1.701.180 | -4.958.220,"-0,65% | -1,50% | -2,53% | -5,73% | -13,42% | -31,11%",,40ddías,10.978.340,11.050.609 | 11.145.619 | 11.263.226 | 11.645.367 | 12.679.520 | 15.936.560,Defensa
Diego López,Valencia,-67.600 | -138.669 | -213.771 | -522.966 | -1.162.614 | -3.174.540,"-3,07% | -6,09% | -9,09% | -19,66% | -35,23% | -59,76%",,40ddías,2.137.398,2.204.998 | 2.276.067 | 2.351.169 | 2.660.364 | 3.300.012 | 5.311.938,Delantero
Pepelu,Valencia,+98.857 | +73.136 | +13.513 | -211.724 | -862.720 | -2.870.069,"+1,34% | +0,99% | +0,18% | -2,76% | -10,35% | -27,76%",,1ddías,7.469.048,7.370.191 | 7.395.912 | 7.455.535 | 7.680.772 | 8.331.768 | 10.339.117,Mediocampista
Foulquier,Valencia,-64.183 | -129.639 | -201.821 | -502.429 | -1.002.582 | -1.390.364,"-2,69% | -5,28% | -7,99% | -17,78% | -30,14% | -37,43%",,18ddías,2.323.780,2.387.963 | 2.453.419 | 2.525.601 | 2.826.209 | 3.326.362 | 3.714.144,Defensa
Kike Salas,Sevilla,+120.986 | +301.597 | +363.399 | +369.898 | -92.687 | -2.714.354,"+1,01% | +2,56% | +3,11% | +3,16% | -0,76% | -18,37%",,5ddías,12.061.607,11.940.621 | 11.760.010 | 11.698.208 | 11.691.709 | 12.154.294 | 14.775.961,Defensa
Íñigo Pérez,Villarreal,-74.418 | -137.493 | -205.894 | -455.257 | +207.749 | -140.182,"-3,05% | -5,49% | -8,00% | -16,13% | +9,62% | 0%",,8ddías,2.366.380,2.440.798 | 2.503.873 | 2.572.274 | 2.821.637 | 2.158.631 | 0,
Giuliano,Atlético,-307.743 | -800.730 | -1.454.249 | -4.322.878 | -10.835.191 | +1.548.051,"-0,70% | -1,79% | -3,21% | -8,97% | -19,81% | +3,66%",,16ddías,43.851.570,44.159.313 | 44.652.300 | 45.305.819 | 48.174.448 | 54.686.761 | 42.303.519,Delantero
Serrano,Athletic,-22.556 | -47.450 | -69.900 | -178.343 | -418.990 | -1.169.700,"-2,44% | -5,00% | -7,19% | -16,51% | -31,72% | -56,46%",,41ddías,902.007,924.563 | 949.457 | 971.907 | 1.080.350 | 1.320.997 | 2.071.707,Delantero
Carreira,Celta,+7.195 | +19.909 | +16.367 | -85.124 | -287.956 | -2.022.121,"+0,11% | +0,30% | +0,24% | -1,25% | -4,10% | -23,09%",,2ddías,6.734.176,6.726.981 | 6.714.267 | 6.717.809 | 6.819.300 | 7.022.132 | 8.756.297,Defensa
Endrick,Real Madrid,-55.574 | -110.348 | -201.479 | -620.192 | -1.106.143 | +6.153.990,"-0,82% | -1,62% | -2,91% | -8,45% | -14,13% | 0%",,17ddías,6.719.979,6.775.553 | 6.830.327 | 6.921.458 | 7.340.171 | 7.826.122 | 0,Delantero
Carlos Martín,Atlético,0 | 0 | 0 | 0 | 0 | 0,"0,00% | 0,00% | 0,00% | 0,00% | 0,00% | 0,00%",,37ddías,2.218.490,2.218.490 | 2.218.490 | 2.218.490 | 2.218.490 | 2.218.490 | 2.218.490,Mediocampista
Mbappé,Real Madrid,-776.312 | -949.694 | -1.617.826 | -967.038 | -1.472.900 | -25.904.577,"-0,60% | -0,73% | -1,23% | -0,74% | -1,12% | 0%",,3ddías,129.580.862,130.357.174 | 130.530.556 | 131.198.688 | 130.547.900 | 131.053.762 | 0,Delantero
Romero,Villarreal,+459.820 | +1.396.665 | +2.088.994 | +6.574.324 | +11.408.739 | +8.558.813,"+1,06% | +3,30% | +5,02% | +17,71% | +35,34% | +24,36%",,15ddías,43.690.033,43.230.213 | 42.293.368 | 41.601.039 | 37.115.709 | 32.281.294 | 35.131.220,Defensa
Djaló,Athletic,-25.015 | -49.723 | -79.801 | -208.671 | -7.115.992 | -7.115.992,"-2,29% | -4,46% | -6,97% | -16,37% | 0% | 0%",,8ddías,1.065.718,1.090.733 | 1.115.441 | 1.145.519 | 1.274.389 | 0 | 0,Delantero
Rosier,Osasuna,-177.041 | -361.657 | -553.976 | -1.346.541 | -2.980.324 | -5.565.998,"-3,00% | -5,95% | -8,83% | -19,06% | -34,27% | -49,33%",,35ddías,5.716.522,5.893.563 | 6.078.179 | 6.270.498 | 7.063.063 | 8.696.846 | 11.282.520,Defensa
Mouriño,Villarreal,-117.870 | +82.442 | +291.169 | +2.120.879 | +6.076.983 | +14.858.190,"-0,29% | +0,20% | +0,72% | +5,53% | +17,66% | +57,99%",,1ddías,40.479.623,40.597.493 | 40.397.181 | 40.188.454 | 38.358.744 | 34.402.640 | 25.621.433,Defensa
Raba,Valencia,-31.287 | -68.142 | -108.533 | -275.412 | -637.575 | -1.753.032,"-1,90% | -4,05% | -6,29% | -14,56% | -28,29% | -52,03%",,40ddías,1.616.421,1.647.708 | 1.684.563 | 1.724.954 | 1.891.833 | 2.253.996 | 3.369.453,Delantero
Jofre,Espanyol,-13.859 | -30.236 | -49.877 | -143.491 | -342.376 | -1.073.455,"-1,22% | -2,62% | -4,25% | -11,34% | -23,37% | -48,89%",,40ddías,1.122.347,1.136.206 | 1.152.583 | 1.172.224 | 1.265.838 | 1.464.723 | 2.195.802,Delantero
Conde,Betis,0 | 0 | 0 | 0 | 0 | -901.992,"0,00% | 0,00% | 0,00% | 0,00% | 0,00% | -22,87%",,14ddías,3.041.589,3.041.589 | 3.041.589 | 3.041.589 | 3.041.589 | 3.041.589 | 3.943.581,Portero
Raul Moro,Osasuna,+102.499 | +258.544 | +335.606 | +1.062.155 | +2.777.114 | +1.369.498,"+0,78% | +1,98% | +2,59% | +8,67% | +26,35% | +11,46%",,17ddías,13.315.878,13.213.379 | 13.057.334 | 12.980.272 | 12.253.723 | 10.538.764 | 11.946.380,Delantero
Boyomo,Osasuna,+211.895 | +581.629 | +872.820 | +2.826.562 | +6.294.152 | +12.447.400,"+0,76% | +2,12% | +3,22% | +11,23% | +28,99% | +80,00%",,36ddías,28.005.862,27.793.967 | 27.424.233 | 27.133.042 | 25.179.300 | 21.711.710 | 15.558.462,Defensa
Neyou,Getafe,-52.346 | -162.470 | +2.487.232 | +2.487.232 | +2.487.232 | +2.487.232,"-1,66% | -4,99% | 0% | 0% | 0% | 0%",,2ddías,3.093.734,3.146.080 | 3.256.204 | 0 | 0 | 0 | 0,Mediocampista
Fortuño,Espanyol,-9.038 | -19.280 | -29.797 | -67.942 | -143.721 | -392.780,"-1,63% | -3,41% | -5,18% | -11,07% | -20,84% | -41,85%",,20ddías,545.787,554.825 | 565.067 | 575.584 | 613.729 | 689.508 | 938.567,Portero
Rubén Sánchez,Espanyol,-6.261 | -12.874 | -19.611 | -40.995 | -92.183 | -256.763,"-1,34% | -2,71% | -4,08% | -8,16% | -16,65% | -35,75%",,40ddías,461.476,467.737 | 474.350 | 481.087 | 502.471 | 553.659 | 718.239,Mediocampista
El Hilali,Espanyol,+60.505 | +200.531 | +281.045 | +827.670 | +1.799.212 | +2.906.761,"+0,69% | +2,32% | +3,28% | +10,33% | +25,56% | +49,00%",,24ddías,8.838.558,8.778.053 | 8.638.027 | 8.557.513 | 8.010.888 | 7.039.346 | 5.931.797,Defensa
Batalla,Rayo,-304.786 | -667.840 | -1.197.507 | -1.162.908 | +4.271.458 | +15.538.864,"-0,75% | -1,63% | -2,88% | -2,80% | +11,84% | +62,64%",,5ddías,40.346.548,40.651.334 | 41.014.388 | 41.544.055 | 41.509.456 | 36.075.090 | 24.807.684,Portero
Pere Milla,Espanyol,-10.709 | -71.206 | -174.983 | -377.328 | -1.049.860 | -445.037,"-0,11% | -0,74% | -1,79% | -3,79% | -9,87% | -4,44%",,18ddías,9.584.112,9.594.821 | 9.655.318 | 9.759.095 | 9.961.440 | 10.633.972 | 10.029.149,Delantero
Edu Expósito,Espanyol,+335.282 | +837.100 | +1.215.600 | +2.294.193 | +935.721 | -12.088.992,"+1,17% | +2,96% | +4,36% | +8,57% | +3,33% | 0%",,7ddías,29.077.401,28.742.119 | 28.240.301 | 27.861.801 | 26.783.208 | 28.141.680 | 0,Mediocampista
Calero,Málaga,-89.119 | -183.562 | -281.311 | -569.757 | -569.757 | -569.757,"-2,94% | -5,87% | -8,72% | -16,22% | -16,22% | -16,22%",,6ddías,2.943.363,3.032.482 | 3.126.925 | 3.224.674 | 3.513.120 | 3.513.120 | 3.513.120,Defensa
Cabrera,Espanyol,+113.533 | +298.280 | +369.637 | +357.553 | +63.745 | -2.177.989,"+0,68% | +1,80% | +2,23% | +2,16% | +0,38% | -11,41%",,5ddías,16.908.543,16.795.010 | 16.610.263 | 16.538.906 | 16.550.990 | 16.844.798 | 19.086.532,Defensa
Agoume,Sevilla,+27.687 | +48.492 | +65.485 | +114.520 | -62.606 | -1.099.623,"+0,48% | +0,84% | +1,14% | +2,01% | -1,06% | -15,89%",,5ddías,5.819.213,5.791.526 | 5.770.721 | 5.753.728 | 5.704.693 | 5.881.819 | 6.918.836,Mediocampista
Guedes,Real Sociedad,-1.101.157 | -2.221.089 | -3.372.491 | -8.208.164 | -15.673.273 | -24.853.587,"-3,13% | -6,11% | -8,99% | -19,39% | -31,47% | 0%",,25ddías,34.127.668,35.228.825 | 36.348.757 | 37.500.159 | 42.335.832 | 49.800.941 | 0,Delantero
Fort,Barcelona,-72.529 | -153.184 | -236.299 | -566.216 | -1.263.465 | -1.615.384,"-2,09% | -4,31% | -6,49% | -14,26% | -27,07% | -32,18%",,16ddías,3.403.992,3.476.521 | 3.557.176 | 3.640.291 | 3.970.208 | 4.667.457 | 5.019.376,Defensa
Fornals,Betis,-376.392 | -842.345 | -1.571.777 | -4.477.583 | -13.230.612 | -85.361.917,"-0,65% | -1,43% | -2,64% | -7,18% | -18,59% | 0%",,23ddías,57.927.383,58.303.775 | 58.769.728 | 59.499.160 | 62.404.966 | 71.157.995 | 0,Mediocampista
Juanmi,Getafe,-11.270 | -23.101 | -35.273 | -80.759 | -184.861 | -522.797,"-1,90% | -3,82% | -5,72% | -12,19% | -24,12% | -47,33%",,40ddías,581.691,592.961 | 604.792 | 616.964 | 662.450 | 766.552 | 1.104.488,Delantero
Joan Garcia,Barcelona,+592.212 | +2.027.375 | +3.418.531 | +12.813.929 | +17.864.856 | +17.864.856,"+0,88% | +3,07% | +5,29% | +23,20% | +35,59% | +35,59%",,11ddías,68.058.272,67.466.060 | 66.030.897 | 64.639.741 | 55.244.343 | 50.193.416 | 50.193.416,Portero
Romero,Sevilla,+66.118 | +134.304 | +162.101 | +357.828 | +198.297 | -1.459.296,"+1,04% | +2,13% | +2,58% | +5,88% | +3,18% | -18,47%",,8ddías,6.441.463,6.375.345 | 6.307.159 | 6.279.362 | 6.083.635 | 6.243.166 | 7.900.759,Delantero
Puado,Espanyol,-196.811 | -412.643 | -636.348 | -1.580.333 | -3.517.499 | -9.317.946,"-2,95% | -6,00% | -8,96% | -19,65% | -35,24% | -59,04%",,31ddías,6.464.091,6.660.902 | 6.876.734 | 7.100.439 | 8.044.424 | 9.981.590 | 15.782.037,Mediocampista
Cardoso,Atlético,-112.898 | -223.867 | -354.436 | -1.051.457 | -2.576.122 | -7.293.624,"-1,91% | -3,71% | -5,75% | -15,32% | -30,71% | -55,66%",,37ddías,5.811.190,5.924.088 | 6.035.057 | 6.165.626 | 6.862.647 | 8.387.312 | 13.104.814,Mediocampista
Lozano,Espanyol,-21.746 | -50.394 | -89.093 | -235.387 | -576.946 | -1.760.342,"-0,94% | -2,15% | -3,74% | -9,30% | -20,09% | -43,40%",,40ddías,2.295.430,2.317.176 | 2.345.824 | 2.384.523 | 2.530.817 | 2.872.376 | 4.055.772,Mediocampista
Moriba,Celta,-76.857 | -180.685 | -293.000 | -253.748 | +1.018.787 | -503.888,"-0,75% | -1,75% | -2,80% | -2,43% | +11,13% | -4,72%",,4ddías,10.169.057,10.245.914 | 10.349.742 | 10.462.057 | 10.422.805 | 9.150.270 | 10.672.945,Mediocampista
Javi López,Real Sociedad,0 | 0 | 0 | 0 | 0 | 0,0% | 0% | 0% | 0% | 0% | 0%,,46ddías,1.656.670,0 | 0 | 0 | 0 | 0 | 0,Defensa
Lemar,Atlético,0 | 0 | 0 | 0 | 0 | 0,0% | 0% | 0% | 0% | 0% | 0%,,46ddías,1.680.630,0 | 0 | 0 | 0 | 0 | 0,Mediocampista
Rincón,Athletic,0 | 0 | 0 | 0 | 0 | 0,0% | 0% | 0% | 0% | 0% | 0%,,46ddías,1.658.593,0 | 0 | 0 | 0 | 0 | 0,Defensa
Thiago,Levante,0 | 0 | 0 | 0 | 0 | 0,0% | 0% | 0% | 0% | 0% | 0%,,46ddías,1.660.575,0 | 0 | 0 | 0 | 0 | 0,Mediocampista
Mojica,Getafe,0 | 0 | 0 | 0 | 0 | 0,0% | 0% | 0% | 0% | 0% | 0%,,82ddías,2.347.974,0 | 0 | 0 | 0 | 0 | 0,Defensa
Kumbulla,Rayo,0 | 0 | 0 | 0 | 0 | 0,0% | 0% | 0% | 0% | 0% | 0%,,82ddías,897.151,0 | 0 | 0 | 0 | 0 | 0,Defensa
Diarra,Alavés,0 | 0 | 0 | 0 | 0 | 0,0% | 0% | 0% | 0% | 0% | 0%,,201ddías,591.470,0 | 0 | 0 | 0 | 0 | 0,Defensa
Goti,Real Sociedad,0 | 0 | 0 | 0 | 0 | 0,0% | 0% | 0% | 0% | 0% | 0%,,201ddías,590.263,0 | 0 | 0 | 0 | 0 | 0,Mediocampista
Ali Houary,Elche,0 | 0 | 0 | 0 | 0 | 0,0% | 0% | 0% | 0% | 0% | 0%,,205ddías,592.065,0 | 0 | 0 | 0 | 0 | 0,Delantero
Javier Hernández,Espanyol,0 | 0 | 0 | 0 | 0 | 0,0% | 0% | 0% | 0% | 0% | 0%,,219ddías,575.023,0 | 0 | 0 | 0 | 0 | 0,Delantero
Bauzà,Espanyol,0 | 0 | 0 | 0 | 0 | 0,0% | 0% | 0% | 0% | 0% | 0%,,347ddías,318.649,0 | 0 | 0 | 0 | 0 | 0,Mediocampista
Pablo López,Valencia,0 | 0 | 0 | 0 | 0 | 0,0% | 0% | 0% | 0% | 0% | 0%,,348ddías,441.041,0 | 0 | 0 | 0 | 0 | 0,Delantero
Alberto Marí,Valencia,0 | 0 | 0 | 0 | 0 | 0,0% | 0% | 0% | 0% | 0% | 0%,,349ddías,787.986,0 | 0 | 0 | 0 | 0 | 0,Delantero
Novoa,Alavés,0 | 0 | 0 | 0 | 0 | 0,0% | 0% | 0% | 0% | 0% | 0%,,349ddías,661.162,0 | 0 | 0 | 0 | 0 | 0,Defensa
Pelayo,Rayo,0 | 0 | 0 | 0 | 0 | 0,0% | 0% | 0% | 0% | 0% | 0%,,349ddías,1.722.279,0 | 0 | 0 | 0 | 0 | 0,Defensa
Hinojo,Espanyol,0 | 0 | 0 | 0 | 0 | 0,0% | 0% | 0% | 0% | 0% | 0%,,353ddías,317.496,0 | 0 | 0 | 0 | 0 | 0,Defensa
De Tomás,Rayo,0 | 0 | 0 | 0 | 0 | 0,0% | 0% | 0% | 0% | 0% | 0%,,388ddías,3.229.388,0 | 0 | 0 | 0 | 0 | 0,Delantero
Carlos,Atlético,0 | 0 | 0 | 0 | 0 | 0,0% | 0% | 0% | 0% | 0% | 0%,,408ddías,1.718.547,0 | 0 | 0 | 0 | 0 | 0,Defensa
Raúl Jiménez,Valencia,0 | 0 | 0 | 0 | 0 | 0,0% | 0% | 0% | 0% | 0% | 0%,,408ddías,1.561.503,0 | 0 | 0 | 0 | 0 | 0,Portero
Solà,Atlético,0 | 0 | 0 | 0 | 0 | 0,0% | 0% | 0% | 0% | 0% | 0%,,408ddías,1.640.523,0 | 0 | 0 | 0 | 0 | 0,Defensa
Eto'o,Rayo,0 | 0 | 0 | 0 | 0 | 0,0% | 0% | 0% | 0% | 0% | 0%,,408ddías,1.718.988,0 | 0 | 0 | 0 | 0 | 0,Delantero
Córdoba,Valencia,0 | 0 | 0 | 0 | 0 | 0,0% | 0% | 0% | 0% | 0% | 0%,,408ddías,1.548.667,0 | 0 | 0 | 0 | 0 | 0,Defensa
Adrián,Alavés,0 | 0 | 0 | 0 | 0 | 0,0% | 0% | 0% | 0% | 0% | 0%,,408ddías,1.640.215,0 | 0 | 0 | 0 | 0 | 0,Portero
Collado,Sevilla,0 | 0 | 0 | 0 | 0 | 0,0% | 0% | 0% | 0% | 0% | 0%,,408ddías,1.718.988,0 | 0 | 0 | 0 | 0 | 0,Mediocampista
Eneko Ortiz,Villarreal,0 | 0 | 0 | 0 | 0 | 0,0% | 0% | 0% | 0% | 0% | 0%,,408ddías,1.718.986,0 | 0 | 0 | 0 | 0 | 0,Defensa
Serred,Espanyol,0 | 0 | 0 | 0 | 0 | 0,0% | 0% | 0% | 0% | 0% | 0%,,408ddías,1.731.552,0 | 0 | 0 | 0 | 0 | 0,Portero
Carrillo,Celta,0 | 0 | 0 | 0 | 0 | 0,0% | 0% | 0% | 0% | 0% | 0%,,408ddías,1.567.556,0 | 0 | 0 | 0 | 0 | 0,Portero
Cortés,Barcelona,0 | 0 | 0 | 0 | 0 | 0,0% | 0% | 0% | 0% | 0% | 0%,,408ddías,1.718.327,0 | 0 | 0 | 0 | 0 | 0,Defensa
Canales,Athletic,0 | 0 | 0 | 0 | 0 | 0,0% | 0% | 0% | 0% | 0% | 0%,,408ddías,1.623.251,0 | 0 | 0 | 0 | 0 | 0,Delantero
Medenica,Getafe,0 | 0 | 0 | 0 | 0 | 0,0% | 0% | 0% | 0% | 0% | 0%,,408ddías,1.560.264,0 | 0 | 0 | 0 | 0 | 0,Portero
Isra,Sevilla,0 | 0 | 0 | 0 | 0 | 0,0% | 0% | 0% | 0% | 0% | 0%,,408ddías,1.718.237,0 | 0 | 0 | 0 | 0 | 0,Delantero
Abril,Valencia,0 | 0 | 0 | 0 | 0 | 0,0% | 0% | 0% | 0% | 0% | 0%,,408ddías,1.728.051,0 | 0 | 0 | 0 | 0 | 0,Portero
Busto,Betis,0 | 0 | 0 | 0 | 0 | 0,0% | 0% | 0% | 0% | 0% | 0%,,408ddías,1.621.161,0 | 0 | 0 | 0 | 0 | 0,Defensa
De Llanos,Real Madrid,0 | 0 | 0 | 0 | 0 | 0,0% | 0% | 0% | 0% | 0% | 0%,,408ddías,1.622.168,0 | 0 | 0 | 0 | 0 | 0,Mediocampista
Rupérez,Real Sociedad,0 | 0 | 0 | 0 | 0 | 0,0% | 0% | 0% | 0% | 0% | 0%,,408ddías,1.626.247,0 | 0 | 0 | 0 | 0 | 0,Defensa
Balda,Real Sociedad,0 | 0 | 0 | 0 | 0 | 0,0% | 0% | 0% | 0% | 0% | 0%,,408ddías,1.718.912,0 | 0 | 0 | 0 | 0 | 0,Defensa
Santana,Valencia,0 | 0 | 0 | 0 | 0 | 0,0% | 0% | 0% | 0% | 0% | 0%,,408ddías,1.723.821,0 | 0 | 0 | 0 | 0 | 0,Delantero
Olabarrieta,Athletic,0 | 0 | 0 | 0 | 0 | 0,0% | 0% | 0% | 0% | 0% | 0%,,408ddías,1.717.797,0 | 0 | 0 | 0 | 0 | 0,Delantero
Rivas,Real Madrid,0 | 0 | 0 | 0 | 0 | 0,0% | 0% | 0% | 0% | 0% | 0%,,408ddías,1.718.751,0 | 0 | 0 | 0 | 0 | 0,Defensa
Requena,Levante,0 | 0 | 0 | 0 | 0 | 0,0% | 0% | 0% | 0% | 0% | 0%,,408ddías,1.621.683,0 | 0 | 0 | 0 | 0 | 0,Mediocampista
Yaakobishvili,Barcelona,0 | 0 | 0 | 0 | 0 | 0,0% | 0% | 0% | 0% | 0% | 0%,,408ddías,1.639.280,0 | 0 | 0 | 0 | 0 | 0,Portero
Mandi,Levante,0 | 0 | 0 | 0 | 0 | 0,0% | 0% | 0% | 0% | 0% | 0%,,729ddías,1.879.755,0 | 0 | 0 | 0 | 0 | 0,Defensa
Miguel,Alavés,0 | 0 | 0 | 0 | 0 | 0,0% | 0% | 0% | 0% | 0% | 0%,,730ddías,679.761,0 | 0 | 0 | 0 | 0 | 0,Delantero
Joseda,Alavés,0 | 0 | 0 | 0 | 0 | 0,0% | 0% | 0% | 0% | 0% | 0%,,774ddías,300.000,0 | 0 | 0 | 0 | 0 | 0,Defensa
Diallo,Alavés,0 | 0 | 0 | 0 | 0 | 0,0% | 0% | 0% | 0% | 0% | 0%,,775ddías,1.000.000,0 | 0 | 0 | 0 | 0 | 0,Mediocampista
Mendes,Alavés,0 | 0 | 0 | 0 | 0 | 0,0% | 0% | 0% | 0% | 0% | 0%,,775ddías,500.000,0 | 0 | 0 | 0 | 0 | 0,Mediocampista
Ian Forns,Betis,0 | 0 | 0 | 0 | 0 | 0,0% | 0% | 0% | 0% | 0% | 0%,,775ddías,500.000,0 | 0 | 0 | 0 | 0 | 0,Defensa
Mario,Valencia,0 | 0 | 0 | 0 | 0 | 0,0% | 0% | 0% | 0% | 0% | 0%,,1ddías,760.408,0 | 0 | 0 | 0 | 0 | 0,Mediocampista
Enes Ünal,Getafe,0 | 0 | 0 | 0 | 0 | 0,0% | 0% | 0% | 0% | 0% | 0%,,1ddías,1.643.165,0 | 0 | 0 | 0 | 0 | 0,Delantero