Jugador,Equipo,DiferenciaDif.,% Dif,Acel.,Tend.,Valor,Valor ant.Ant.,Posición
Karrikaburu,Real Sociedad,-8.404 | -16.244 | -23.496 | -65.096 | -148.415 | -440.072,"-1,54% | -2,93% | -4,18% | -10,78% | -21,60% | -44,96%",,44ddías,538.647,547.051 | 554.891 | 562.143 | 603.743 | 687.062 | 978.719,Delantero
Al Lal,Elche,-6.346 | -12.668 | -12.668 | -12.668 | -12.668 | -12.668,"-1,28% | -2,52% | -2,52% | -2,52% | -2,52% | -2,52%",,2ddías,489.268,495.614 | 501.936 | 501.936 | 501.936 | 501.936 | 501.936,Delantero
Barry,Villarreal,0 | 0 | 0 | 0 | 0 | 0,"0,00% | 0,00% | 0,00% | 0,00% | 0,00% | 0,00%",,41ddías,602.292,602.292 | 602.292 | 602.292 | 602.292 | 602.292 | 602.292,Mediocampista
Delgado,Elche,0 | 0 | 0 | 0 | 0 | 0,"0,00% | 0,00% | 0,00% | 0,00% | 0,00% | 0,00%",,41ddías,602.324,602.324 | 602.324 | 602.324 | 602.324 | 602.324 | 602.324,Defensa
Álvaro,Villarreal,0 | 0 | 0 | 0 | 0 | 0,"0,00% | 0,00% | 0,00% | 0,00% | 0,00% | 0,00%",,41ddías,501.929,501.929 | 501.929 | 501.929 | 501.929 | 501.929 | 501.929,Defensa
Selton,Athletic,0 | 0 | 0 | 0 | 0 | 0,"0,00% | 0,00% | 0,00% | 0,00% | 0,00% | 0,00%",,41ddías,602.257,602.257 | 602.257 | 602.257 | 602.257 | 602.257 | 602.257,Mediocampista
Meixús,Celta,0 | 0 | 0 | 0 | 0 | 0,"0,00% | 0,00% | 0,00% | 0,00% | 0,00% | 0,00%",,41ddías,485.372,485.372 | 485.372 | 485.372 | 485.372 | 485.372 | 485.372,Defensa
Óscar Marcos,Celta,0 | 0 | 0 | 0 | 0 | 0,"0,00% | 0,00% | 0,00% | 0,00% | 0,00% | 0,00%",,41ddías,602.257,602.257 | 602.257 | 602.257 | 602.257 | 602.257 | 602.257,Mediocampista
Yassin,Getafe,0 | 0 | 0 | 0 | 0 | 0,"0,00% | 0,00% | 0,00% | 0,00% | 0,00% | 0,00%",,41ddías,501.932,501.932 | 501.932 | 501.932 | 501.932 | 501.932 | 501.932,Defensa
Beitia,Real Sociedad,0 | 0 | 0 | 0 | 0 | 0,"0,00% | 0,00% | 0,00% | 0,00% | 0,00% | 0,00%",,41ddías,501.861,501.861 | 501.861 | 501.861 | 501.861 | 501.861 | 501.861,Defensa
Marchal,Real Sociedad,0 | 0 | 0 | 0 | 0 | 0,"0,00% | 0,00% | 0,00% | 0,00% | 0,00% | 0,00%",,41ddías,602.234,602.234 | 602.234 | 602.234 | 602.234 | 602.234 | 602.234,Mediocampista
Panach,Valencia,0 | 0 | 0 | 0 | 0 | 0,"0,00% | 0,00% | 0,00% | 0,00% | 0,00% | 0,00%",,41ddías,501.909,501.909 | 501.909 | 501.909 | 501.909 | 501.909 | 501.909,Defensa
Jurado,Valencia,0 | 0 | 0 | 0 | 0 | 0,"0,00% | 0,00% | 0,00% | 0,00% | 0,00% | 0,00%",,41ddías,602.292,602.292 | 602.292 | 602.292 | 602.292 | 602.292 | 602.292,Defensa
Nakoha,Levante,0 | 0 | 0 | 0 | 0 | 0,"0,00% | 0,00% | 0,00% | 0,00% | 0,00% | 0,00%",,41ddías,501.874,501.874 | 501.874 | 501.874 | 501.874 | 501.874 | 501.874,Defensa
Rosón,Levante,0 | 0 | 0 | 0 | 0 | 0,"0,00% | 0,00% | 0,00% | 0,00% | 0,00% | 0,00%",,41ddías,602.249,602.249 | 602.249 | 602.249 | 602.249 | 602.249 | 602.249,Mediocampista
Carrera,Real Sociedad,0 | 0 | 0 | 0 | 0 | 0,"0,00% | 0,00% | 0,00% | 0,00% | 0,00% | 0,00%",,41ddías,702.633,702.633 | 702.633 | 702.633 | 702.633 | 702.633 | 702.633,Delantero
Carlos Macià,Villarreal,+8.536 | -8.519 | -26.328 | -26.328 | -26.328 | -26.328,"+1,11% | -1,08% | -3,28% | -3,28% | -3,28% | -3,28%",,1ddías,776.729,768.193 | 785.248 | 803.057 | 803.057 | 803.057 | 803.057,Mediocampista
Lebarbier,Real Sociedad,0 | 0 | 0 | 0 | 0 | 0,"0,00% | 0,00% | 0,00% | 0,00% | 0,00% | 0,00%",,41ddías,602.234,602.234 | 602.234 | 602.234 | 602.234 | 602.234 | 602.234,Defensa
Javi Navarro,Real Madrid,0 | 0 | 0 | 0 | 0 | 0,"0,00% | 0,00% | 0,00% | 0,00% | 0,00% | 0,00%",,41ddías,702.622,702.622 | 702.622 | 702.622 | 702.622 | 702.622 | 702.622,Portero
Joan Martínez,Real Madrid,0 | 0 | 0 | 0 | 0 | 0,"0,00% | 0,00% | 0,00% | 0,00% | 0,00% | 0,00%",,41ddías,702.622,702.622 | 702.622 | 702.622 | 702.622 | 702.622 | 702.622,Defensa
Taufik,Atlético,0 | 0 | 0 | 0 | 0 | 0,"0,00% | 0,00% | 0,00% | 0,00% | 0,00% | 0,00%",,41ddías,602.316,602.316 | 602.316 | 602.316 | 602.316 | 602.316 | 602.316,Mediocampista
Alemão,Rayo,-84.166 | -167.684 | -244.746 | -363.686 | -808.987 | -2.142.070,"-2,41% | -4,68% | -6,69% | -9,63% | -19,15% | -38,55%",,44ddías,3.414.588,3.498.754 | 3.582.272 | 3.659.334 | 3.778.274 | 4.223.575 | 5.556.658,Delantero
Laporte,Athletic,-975.973 | -1.825.881 | -2.643.558 | -7.309.724 | -7.572.373 | +20.387.358,"-1,89% | -3,49% | -4,97% | -12,64% | -13,03% | +67,63%",,10ddías,50.532.078,51.508.051 | 52.357.959 | 53.175.636 | 57.841.802 | 58.104.451 | 30.144.720,Defensa
Santos,Athletic,0 | 0 | 0 | 0 | 0 | 0,"0,00% | 0,00% | 0,00% | 0,00% | 0,00% | 0,00%",,41ddías,702.606,702.606 | 702.606 | 702.606 | 702.606 | 702.606 | 702.606,Portero
Javier Hernández,Espanyol,-183.923 | -530.762 | +9.460.331 | +9.460.331 | +9.460.331 | +9.460.331,"-1,80% | -5,02% | 0% | 0% | 0% | 0%",,2ddías,10.036.442,10.220.365 | 10.567.204 | 0 | 0 | 0 | 0,Mediocampista
Adam Boayar,Elche,0 | 0 | 0 | 0 | 0 | 0,"0,00% | 0,00% | 0,00% | 0,00% | 0,00% | 0,00%",,41ddías,702.711,702.711 | 702.711 | 702.711 | 702.711 | 702.711 | 702.711,Mediocampista
Bardghji,Barcelona,-86.987 | -174.302 | -264.637 | -670.016 | -1.386.784 | -2.176.369,"-3,19% | -6,19% | -9,10% | -20,23% | -34,42% | -45,17%",,20ddías,2.642.196,2.729.183 | 2.816.498 | 2.906.833 | 3.312.212 | 4.028.980 | 4.818.565,Delantero
Martínez Bastida,Elche,0 | 0 | 0 | 0 | 0 | 0,"0,00% | 0,00% | 0,00% | 0,00% | 0,00% | 0,00%",,41ddías,602.324,602.324 | 602.324 | 602.324 | 602.324 | 602.324 | 602.324,Mediocampista
Aleksandrov,Getafe,0 | 0 | 0 | 0 | 0 | 0,"0,00% | 0,00% | 0,00% | 0,00% | 0,00% | 0,00%",,41ddías,602.319,602.319 | 602.319 | 602.319 | 602.319 | 602.319 | 602.319,Delantero
Aller,Barcelona,0 | 0 | 0 | 0 | 0 | 0,"0,00% | 0,00% | 0,00% | 0,00% | 0,00% | 0,00%",,41ddías,702.705,702.705 | 702.705 | 702.705 | 702.705 | 702.705 | 702.705,Portero
Ballestero,Alavés,0 | 0 | 0 | 0 | 0 | 0,"0,00% | 0,00% | 0,00% | 0,00% | 0,00% | 0,00%",,41ddías,602.316,602.316 | 602.316 | 602.316 | 602.316 | 602.316 | 602.316,Defensa
Monreal,Athletic,0 | 0 | 0 | 0 | 0 | 0,"0,00% | 0,00% | 0,00% | 0,00% | 0,00% | 0,00%",,41ddías,602.257,602.257 | 602.257 | 602.257 | 602.257 | 602.257 | 602.257,Defensa
Adrián Pérez,Athletic,0 | 0 | 0 | 0 | 0 | 0,"0,00% | 0,00% | 0,00% | 0,00% | 0,00% | 0,00%",,41ddías,602.257,602.257 | 602.257 | 602.257 | 602.257 | 602.257 | 602.257,Delantero
Juan Hernández,Barcelona,0 | 0 | 0 | 0 | 0 | 0,"0,00% | 0,00% | 0,00% | 0,00% | 0,00% | 0,00%",,41ddías,581.760,581.760 | 581.760 | 581.760 | 581.760 | 581.760 | 581.760,Mediocampista
Espart,Barcelona,0 | 0 | 0 | 0 | 0 | 0,"0,00% | 0,00% | 0,00% | 0,00% | 0,00% | 0,00%",,41ddías,702.705,702.705 | 702.705 | 702.705 | 702.705 | 702.705 | 702.705,Defensa
Benito,Getafe,0 | 0 | 0 | 0 | 0 | 0,"0,00% | 0,00% | 0,00% | 0,00% | 0,00% | 0,00%",,41ddías,602.319,602.319 | 602.319 | 602.319 | 602.319 | 602.319 | 602.319,Portero
Unai Santos,Osasuna,0 | 0 | 0 | 0 | 0 | 0,"0,00% | 0,00% | 0,00% | 0,00% | 0,00% | 0,00%",,41ddías,602.319,602.319 | 602.319 | 602.319 | 602.319 | 602.319 | 602.319,Defensa
Iker Muñoz,Sevilla,-9.857 | -19.212 | -28.752 | -28.752 | -28.752 | -28.752,"-1,69% | -3,24% | -4,77% | -4,77% | -4,77% | -4,77%",,3ddías,573.532,583.389 | 592.744 | 602.284 | 602.284 | 602.284 | 602.284,Defensa
Krug,Levante,0 | 0 | 0 | 0 | 0 | 0,"0,00% | 0,00% | 0,00% | 0,00% | 0,00% | 0,00%",,41ddías,602.249,602.249 | 602.249 | 602.249 | 602.249 | 602.249 | 602.249,Defensa
Ángel Pérez,Alavés,-36.101 | -103.238 | -174.330 | -484.093 | -1.337.534 | -4.409.406,"-0,56% | -1,58% | -2,64% | -7,01% | -17,23% | -40,70%",,44ddías,6.423.889,6.459.990 | 6.527.127 | 6.598.219 | 6.907.982 | 7.761.423 | 10.833.295,Delantero
Álex Sánchez,Elche,0 | 0 | 0 | 0 | 0 | 0,"0,00% | 0,00% | 0,00% | 0,00% | 0,00% | 0,00%",,41ddías,602.324,602.324 | 602.324 | 602.324 | 602.324 | 602.324 | 602.324,Mediocampista
Satriano,Getafe,-655.344 | -1.279.091 | -1.892.668 | +24.842.169 | +24.842.169 | +24.842.169,"-2,20% | -4,20% | -6,09% | 0% | 0% | 0%",,6ddías,29.178.595,29.833.939 | 30.457.686 | 31.071.263 | 0 | 0 | 0,Delantero
A. Riquelme,Getafe,0 | 0 | 0 | 0 | 0 | 0,"0,00% | 0,00% | 0,00% | 0,00% | 0,00% | 0,00%",,41ddías,602.324,602.324 | 602.324 | 602.324 | 602.324 | 602.324 | 602.324,Mediocampista
Mesonero,Real Madrid,0 | 0 | 0 | 0 | 0 | 0,"0,00% | 0,00% | 0,00% | 0,00% | 0,00% | 0,00%",,41ddías,702.606,702.606 | 702.606 | 702.606 | 702.606 | 702.606 | 702.606,Mediocampista
Romero,Getafe,-146.923 | -347.810 | -484.545 | -2.538.976 | -2.538.976 | -2.538.976,"-0,53% | -1,25% | -1,73% | -8,43% | -8,43% | -8,43%",,3ddías,27.577.290,27.724.213 | 27.925.100 | 28.061.835 | 30.116.266 | 30.116.266 | 30.116.266,Defensa
Boselli,Getafe,-73.626 | -147.806 | -218.545 | -462.612 | -462.612 | -462.612,"-2,94% | -5,73% | -8,25% | -15,99% | -15,99% | -15,99%",,7ddías,2.431.387,2.505.013 | 2.579.193 | 2.649.932 | 2.893.999 | 2.893.999 | 2.893.999,Defensa
Cepeda,Elche,-14.219 | -27.236 | -47.742 | -60.533 | -168.636 | -642.192,"-1,35% | -2,56% | -4,41% | -5,52% | -14,00% | -38,28%",,4ddías,1.035.609,1.049.828 | 1.062.845 | 1.083.351 | 1.096.142 | 1.204.245 | 1.677.801,Delantero
Julio Díaz,Sevilla,-4.697 | -8.676 | -11.906 | -28.310 | -28.310 | -31.258,"-1,03% | -1,89% | -2,58% | -5,92% | -5,92% | -6,50%",,6ddías,449.680,454.377 | 458.356 | 461.586 | 477.990 | 477.990 | 480.938,Defensa
Freeman,Villarreal,-56.264 | -113.140 | -160.876 | -323.005 | -641.090 | -1.621.587,"-2,44% | -4,79% | -6,67% | -12,55% | -22,17% | -41,88%",,44ddías,2.250.461,2.306.725 | 2.363.601 | 2.411.337 | 2.573.466 | 2.891.551 | 3.872.048,Defensa
Koski,Alavés,+126.588 | +198.643 | +245.272 | +238.519 | +238.519 | +238.519,"+13,83% | +23,56% | +30,80% | +29,70% | +29,70% | +29,70%",,5ddías,1.041.608,915.020 | 842.965 | 796.336 | 803.089 | 803.089 | 803.089,Defensa
Fidalgo,Betis,-53.614 | -87.989 | -131.808 | -263.697 | -603.108 | -1.564.684,"-2,09% | -3,38% | -4,98% | -9,48% | -19,33% | -38,33%",,41ddías,2.517.599,2.571.213 | 2.605.588 | 2.649.407 | 2.781.296 | 3.120.707 | 4.082.283,Mediocampista
Tete Morente,Elche,-38.363 | -84.609 | -134.501 | -313.448 | -708.286 | -2.023.351,"-2,12% | -4,56% | -7,06% | -15,05% | -28,58% | -53,34%",,44ddías,1.769.951,1.808.314 | 1.854.560 | 1.904.452 | 2.083.399 | 2.478.237 | 3.793.302,Delantero
Lookman,Atlético,-1.149.043 | -2.300.010 | -3.406.250 | -6.403.934 | +1.700.153 | +24.707.348,"-1,55% | -3,06% | -4,47% | -8,09% | +2,39% | +51,40%",,7ddías,72.778.751,73.927.794 | 75.078.761 | 76.185.001 | 79.182.685 | 71.078.598 | 48.071.403,Delantero
Vargas,Atlético,-18.428 | -35.427 | -43.469 | -106.832 | -245.077 | -746.653,"-2,31% | -4,35% | -5,28% | -12,06% | -23,93% | -48,93%",,44ddías,779.234,797.662 | 814.661 | 822.703 | 886.066 | 1.024.311 | 1.525.887,Mediocampista
Vecino,Celta,-53.364 | -105.505 | -158.850 | -358.762 | -809.336 | -2.331.945,"-2,84% | -5,46% | -8,00% | -16,41% | -30,69% | -56,06%",,44ddías,1.827.987,1.881.351 | 1.933.492 | 1.986.837 | 2.186.749 | 2.637.323 | 4.159.932,Mediocampista
Burcio,Celta,0 | 0 | 0 | 0 | 0 | 0,"0,00% | 0,00% | 0,00% | 0,00% | 0,00% | 0,00%",,41ddías,602.257,602.257 | 602.257 | 602.257 | 602.257 | 602.257 | 602.257,Mediocampista
Manuel Ángel,Real Madrid,0 | 0 | 0 | 0 | 0 | 0,"0,00% | 0,00% | 0,00% | 0,00% | 0,00% | 0,00%",,41ddías,702.606,702.606 | 702.606 | 702.606 | 702.606 | 702.606 | 702.606,Mediocampista
Oláiz,Alavés,-9.884 | -19.267 | -28.126 | -28.126 | -28.126 | -28.126,"-1,69% | -3,25% | -4,67% | -4,67% | -4,67% | -4,67%",,3ddías,574.190,584.074 | 593.457 | 602.316 | 602.316 | 602.316 | 602.316,Defensa
Arcos,Celta,0 | 0 | 0 | 0 | 0 | 0,"0,00% | 0,00% | 0,00% | 0,00% | 0,00% | 0,00%",,41ddías,602.257,602.257 | 602.257 | 602.257 | 602.257 | 602.257 | 602.257,Mediocampista
Izei,Alavés,0 | 0 | 0 | 0 | 0 | 0,"0,00% | 0,00% | 0,00% | 0,00% | 0,00% | 0,00%",,41ddías,582.010,582.010 | 582.010 | 582.010 | 582.010 | 582.010 | 582.010,Mediocampista
Aitor Mañas,Alavés,-7.426 | -14.248 | -20.440 | -46.977 | -46.977 | -46.977,"-1,42% | -2,69% | -3,82% | -8,36% | -8,36% | -8,36%",,6ddías,515.187,522.613 | 529.435 | 535.627 | 562.164 | 562.164 | 562.164,Delantero
Hierro,Athletic,0 | 0 | 0 | 0 | 0 | 0,"0,00% | 0,00% | 0,00% | 0,00% | 0,00% | 0,00%",,41ddías,602.257,602.257 | 602.257 | 602.257 | 602.257 | 602.257 | 602.257,Delantero
Dani Martínez,Atlético,0 | 0 | 0 | 0 | -20.994 | -77.370,"0,00% | 0,00% | 0,00% | 0,00% | -4,81% | -15,70%",,7ddías,415.311,415.311 | 415.311 | 415.311 | 415.311 | 436.305 | 492.681,Defensa
Boñar,Atlético,0 | 0 | 0 | 0 | -30.859 | -127.274,"0,00% | 0,00% | 0,00% | 0,00% | -6,48% | -22,23%",,7ddías,445.140,445.140 | 445.140 | 445.140 | 445.140 | 475.999 | 572.414,Defensa
Puric,Atlético,0 | 0 | 0 | 0 | -27.463 | -115.525,"0,00% | 0,00% | 0,00% | 0,00% | -5,94% | -20,99%",,7ddías,434.872,434.872 | 434.872 | 434.872 | 434.872 | 462.335 | 550.397,Defensa
Marqués,Barcelona,0 | 0 | 0 | 0 | 0 | 0,"0,00% | 0,00% | 0,00% | 0,00% | 0,00% | 0,00%",,41ddías,602.319,602.319 | 602.319 | 602.319 | 602.319 | 602.319 | 602.319,Defensa
Cestero,Real Madrid,0 | 0 | 0 | 0 | 0 | 0,"0,00% | 0,00% | 0,00% | 0,00% | 0,00% | 0,00%",,41ddías,602.234,602.234 | 602.234 | 602.234 | 602.234 | 602.234 | 602.234,Mediocampista
Gaitán,Villarreal,0 | 0 | 0 | 0 | 0 | 0,"0,00% | 0,00% | 0,00% | 0,00% | 0,00% | 0,00%",,41ddías,602.292,602.292 | 602.292 | 602.292 | 602.292 | 602.292 | 602.292,Mediocampista
Montes,Getafe,0 | 0 | 0 | 0 | 0 | 0,"0,00% | 0,00% | 0,00% | 0,00% | 0,00% | 0,00%",,41ddías,602.319,602.319 | 602.319 | 602.319 | 602.319 | 602.319 | 602.319,Defensa
Ferran,Espanyol,0 | 0 | 0 | 0 | 0 | 0,"0,00% | 0,00% | 0,00% | 0,00% | 0,00% | 0,00%",,41ddías,602.248,602.248 | 602.248 | 602.248 | 602.248 | 602.248 | 602.248,Mediocampista
Tunde,Levante,-242.698 | -513.343 | -799.444 | -799.444 | -799.444 | -799.444,"-3,04% | -6,23% | -9,37% | -9,37% | -9,37% | -9,37%",,3ddías,7.732.448,7.975.146 | 8.245.791 | 8.531.892 | 8.531.892 | 8.531.892 | 8.531.892,Mediocampista
Kita,R. Sociedad B,0 | 0 | 0 | 0 | 0 | 0,"0,00% | 0,00% | 0,00% | 0,00% | 0,00% | 0,00%",,41ddías,602.234,602.234 | 602.234 | 602.234 | 602.234 | 602.234 | 602.234,Defensa
Astiazaran,R. Sociedad B,0 | 0 | 0 | 0 | 0 | 0,"0,00% | 0,00% | 0,00% | 0,00% | 0,00% | 0,00%",,41ddías,602.257,602.257 | 602.257 | 602.257 | 602.257 | 602.257 | 602.257,Mediocampista
Aguirre,R. Sociedad B,0 | 0 | 0 | 0 | 0 | 0,"0,00% | 0,00% | 0,00% | 0,00% | 0,00% | 0,00%",,41ddías,602.257,602.257 | 602.257 | 602.257 | 602.257 | 602.257 | 602.257,Mediocampista
Fontanet,Valencia,0 | 0 | 0 | 0 | 0 | 0,"0,00% | 0,00% | 0,00% | 0,00% | 0,00% | 0,00%",,41ddías,581.987,581.987 | 581.987 | 581.987 | 581.987 | 581.987 | 581.987,Defensa
Diangana,Elche,-30.581 | -61.523 | -92.839 | -237.873 | -421.976 | -980.449,"-2,78% | -5,43% | -7,98% | -18,18% | -28,27% | -47,80%",,44ddías,1.070.895,1.101.476 | 1.132.418 | 1.163.734 | 1.308.768 | 1.492.871 | 2.051.344,Delantero
Mikautadze,Villarreal,+649.628 | +1.119.091 | +1.290.849 | +3.733.423 | +9.942.829 | +14.023.053,"+1,02% | +1,78% | +2,06% | +6,19% | +18,37% | +28,01%",,37ddías,64.080.396,63.430.768 | 62.961.305 | 62.789.547 | 60.346.973 | 54.137.567 | 50.057.343,Delantero
Lamini Fati,Real Madrid,0 | 0 | 0 | 0 | 0 | 0,"0,00% | 0,00% | 0,00% | 0,00% | 0,00% | 0,00%",,41ddías,677.955,677.955 | 677.955 | 677.955 | 677.955 | 677.955 | 677.955,Defensa
Jorge Cabello,Levante,-17.875 | -35.582 | -53.112 | -131.168 | -311.530 | +189.085,"-2,28% | -4,44% | -6,48% | -14,62% | -28,91% | 0%",,21ddías,765.961,783.836 | 801.543 | 819.073 | 897.129 | 1.077.491 | 0,Defensa
Valentín Gómez,Betis,-36.195 | -67.728 | -99.356 | -203.607 | -460.649 | -1.310.397,"-2,14% | -3,94% | -5,67% | -10,97% | -21,79% | -44,22%",,44ddías,1.652.943,1.689.138 | 1.720.671 | 1.752.299 | 1.856.550 | 2.113.592 | 2.963.340,Defensa
Deossa,Betis,-10.287 | -13.776 | -7.785 | +116.354 | +245.997 | -629.871,"-0,49% | -0,65% | -0,37% | +5,86% | +13,25% | -23,05%",,2ddías,2.102.634,2.112.921 | 2.116.410 | 2.110.419 | 1.986.280 | 1.856.637 | 2.732.505,Mediocampista
Junior,Betis,-64.258 | -130.940 | -196.036 | -422.739 | -1.003.202 | -2.915.644,"-1,94% | -3,87% | -5,69% | -11,51% | -23,59% | -47,30%",,44ddías,3.248.574,3.312.832 | 3.379.514 | 3.444.610 | 3.671.313 | 4.251.776 | 6.164.218,Defensa
Dituro,Elche,+155.139 | +257.846 | +316.593 | +863.587 | +1.292.876 | +528.862,"+2,01% | +3,38% | +4,18% | +12,29% | +19,60% | +7,19%",,13ddías,7.888.908,7.733.769 | 7.631.062 | 7.572.315 | 7.025.321 | 6.596.032 | 7.360.046,Portero
Dolan,Espanyol,+420.915 | +722.083 | +708.890 | +667.468 | +244.936 | -1.344.171,"+6,69% | +12,05% | +11,80% | +11,04% | +3,79% | -16,68%",,2ddías,6.714.163,6.293.248 | 5.992.080 | 6.005.273 | 6.046.695 | 6.469.227 | 8.058.334,Delantero
Roger BruguéBrugui,Levante,-61.804 | -124.996 | -190.570 | -484.162 | -1.007.370 | -2.685.036,"-3,00% | -5,88% | -8,70% | -19,49% | -33,50% | -57,31%",,45ddías,1.999.910,2.061.714 | 2.124.906 | 2.190.480 | 2.484.072 | 3.007.280 | 4.684.946,Delantero
C. Álvarez,Levante,-405.418 | -723.835 | -730.004 | -522.082 | +1.072.007 | +6.445.035,"-2,09% | -3,67% | -3,70% | -2,67% | +5,98% | +51,28%",,3ddías,19.012.705,19.418.123 | 19.736.540 | 19.742.709 | 19.534.787 | 17.940.698 | 12.567.670,Mediocampista
Jutglà,Celta,+18.629 | +37.736 | +59.830 | +320.065 | +249.361 | -1.636.489,"+0,20% | +0,40% | +0,63% | +3,46% | +2,68% | -14,61%",,9ddías,9.566.381,9.547.752 | 9.528.645 | 9.506.551 | 9.246.316 | 9.317.020 | 11.202.870,Delantero
Oriol Rey,Levante,+12.924 | +24.638 | +12.159 | -32.055 | -164.115 | -638.180,"+1,78% | +3,45% | +1,68% | -4,16% | -18,19% | -46,37%",,2ddías,738.041,725.117 | 713.403 | 725.882 | 770.096 | 902.156 | 1.376.221,Mediocampista
Gorrotxategi,Real Sociedad,-145.702 | -322.807 | -488.161 | -1.178.488 | -2.601.341 | -4.525.981,"-2,48% | -5,33% | -7,85% | -17,05% | -31,21% | -44,12%",,37ddías,5.733.453,5.879.155 | 6.056.260 | 6.221.614 | 6.911.941 | 8.334.794 | 10.259.434,Mediocampista
Ugrinic,Valencia,-54.178 | -111.890 | -155.405 | -225.025 | -770.484 | -2.895.293,"-1,45% | -2,95% | -4,05% | -5,76% | -17,32% | -44,04%",,4ddías,3.678.821,3.732.999 | 3.790.711 | 3.834.226 | 3.903.846 | 4.449.305 | 6.574.114,Mediocampista
Bigas,Elche,-142.638 | -271.017 | -408.789 | -921.204 | -1.918.684 | -3.970.179,"-2,98% | -5,52% | -8,09% | -16,56% | -29,24% | -46,10%",,39ddías,4.642.854,4.785.492 | 4.913.871 | 5.051.643 | 5.564.058 | 6.561.538 | 8.613.033,Defensa
Redondo,Elche,+29.435 | +13.990 | -1.900 | -57.030 | -217.230 | -790.248,"+3,52% | +1,64% | -0,22% | -6,17% | -20,04% | -47,69%",,1ddías,866.668,837.233 | 852.678 | 868.568 | 923.698 | 1.083.898 | 1.656.916,Mediocampista
Pinillos,Alavés,0 | 0 | 0 | 0 | 0 | 0,"0,00% | 0,00% | 0,00% | 0,00% | 0,00% | 0,00%",,41ddías,501.929,501.929 | 501.929 | 501.929 | 501.929 | 501.929 | 501.929,Mediocampista
Rego,Athletic,-161.262 | -331.649 | -331.649 | -331.649 | -331.649 | -331.649,"-3,33% | -6,61% | -6,61% | -6,61% | -6,61% | -6,61%",,2ddías,4.687.176,4.848.438 | 5.018.825 | 5.018.825 | 5.018.825 | 5.018.825 | 5.018.825,Defensa
Martim Neto,Elche,+4.076 | -21.101 | -52.666 | -130.114 | -313.085 | -755.702,"+0,26% | -1,31% | -3,21% | -7,56% | -16,45% | -32,21%",,1ddías,1.590.335,1.586.259 | 1.611.436 | 1.643.001 | 1.720.449 | 1.903.420 | 2.346.037,Mediocampista
Fortea,Real Madrid,0 | 0 | 0 | 0 | 0 | 0,"0,00% | 0,00% | 0,00% | 0,00% | 0,00% | 0,00%",,41ddías,802.099,802.099 | 802.099 | 802.099 | 802.099 | 802.099 | 802.099,Defensa
Manu Fernández,Celta,-2.393 | -3.973 | -4.704 | -17.386 | -37.212 | -96.957,"-0,60% | -1,00% | -1,18% | -4,22% | -8,62% | -19,73%",,44ddías,394.398,396.791 | 398.371 | 399.102 | 411.784 | 431.610 | 491.355,Defensa
De la Fuente,Levante,-303.097 | -748.872 | -1.219.904 | -1.219.904 | -1.219.904 | -1.219.904,"-2,31% | -5,51% | -8,68% | -8,68% | -8,68% | -8,68%",,3ddías,12.832.624,13.135.721 | 13.581.496 | 14.052.528 | 14.052.528 | 14.052.528 | 14.052.528,Defensa
Bambo,Elche,-27.244 | -52.199 | -76.480 | -155.132 | -367.772 | +336.358,"-2,68% | -5,00% | -7,17% | -13,54% | -27,07% | 0%",,16ddías,990.823,1.018.067 | 1.043.022 | 1.067.303 | 1.145.955 | 1.358.595 | 0,Defensa
John ChetauyaJohn C.,Elche,-12.658 | -24.930 | -36.799 | -93.094 | -211.129 | -654.072,"-1,94% | -3,74% | -5,43% | -12,69% | -24,78% | -50,51%",,44ddías,640.761,653.419 | 665.691 | 677.560 | 733.855 | 851.890 | 1.294.833,Defensa
Febas,Celta,-16.974 | +77.076 | +164.710 | +1.150.473 | -553.725 | -553.725,"-0,07% | +0,32% | +0,68% | +4,92% | -2,21% | -2,21%",,1ddías,24.543.163,24.560.137 | 24.466.087 | 24.378.453 | 23.392.690 | 25.096.888 | 25.096.888,Mediocampista
Affengruber,Elche,-385.180 | -938.132 | -1.443.966 | -2.118.447 | +390.214 | +9.664.235,"-1,22% | -2,91% | -4,41% | -6,34% | +1,26% | +44,65%",,7ddías,31.308.911,31.694.091 | 32.247.043 | 32.752.877 | 33.427.358 | 30.918.697 | 21.644.676,Defensa
Á. Núñez,Celta,-68.467 | -126.272 | -189.864 | -380.403 | -851.583 | -2.448.030,"-1,95% | -3,54% | -5,23% | -9,96% | -19,84% | -41,57%",,41ddías,3.440.217,3.508.684 | 3.566.489 | 3.630.081 | 3.820.620 | 4.291.800 | 5.888.247,Defensa
Santiago,Elche,-7.544 | -14.489 | -20.809 | -58.274 | -132.514 | -394.016,"-1,44% | -2,72% | -3,86% | -10,11% | -20,37% | -43,20%",,44ddías,518.021,525.565 | 532.510 | 538.830 | 576.295 | 650.535 | 912.037,Mediocampista
Aguado,Elche,+202.547 | +182.803 | +152.714 | +191.197 | +67.141 | -903.341,"+5,83% | +5,23% | +4,33% | +5,48% | +1,86% | -19,72%",,1ddías,3.678.096,3.475.549 | 3.495.293 | 3.525.382 | 3.486.899 | 3.610.955 | 4.581.437,Mediocampista
Iván Romero,Levante,-100.494 | -169.971 | -131.495 | +270.743 | +286.172 | -508.851,"-1,37% | -2,30% | -1,79% | +3,89% | +4,12% | -6,57%",,2ddías,7.232.571,7.333.065 | 7.402.542 | 7.364.066 | 6.961.828 | 6.946.399 | 7.741.422,Delantero
Hancko,Atlético,+298.817 | +596.218 | +1.012.909 | +3.390.807 | +8.429.692 | +4.772.149,"+0,76% | +1,53% | +2,63% | +9,39% | +27,12% | +13,74%",,16ddías,39.510.183,39.211.366 | 38.913.965 | 38.497.274 | 36.119.376 | 31.080.491 | 34.738.034,Defensa
Salinas,Málaga,-12.330 | -20.496 | -28.473 | -66.413 | -66.413 | -324.015,"-1,21% | -2,00% | -2,76% | -6,21% | -6,21% | -24,40%",,3ddías,1.003.657,1.015.987 | 1.024.153 | 1.032.130 | 1.070.070 | 1.070.070 | 1.327.672,Defensa
Ruggeri,Atlético,0 | 0 | -110.314 | -612.302 | -1.489.101 | -3.167.788,"0,00% | 0,00% | -1,85% | -9,48% | -20,30% | -35,14%",,2ddías,5.846.056,5.846.056 | 5.846.056 | 5.956.370 | 6.458.358 | 7.335.157 | 9.013.844,Defensa
Huijsen,Real Madrid,+1.094.028 | +1.946.875 | +2.588.696 | +4.609.228 | +1.551.762 | -5.034.310,"+3,22% | +5,88% | +7,97% | +15,14% | +4,63% | -12,56%",,8ddías,35.049.155,33.955.127 | 33.102.280 | 32.460.459 | 30.439.927 | 33.497.393 | 40.083.465,Defensa
Alexander-Arnold,Real Madrid,-91.154 | -256.579 | -417.219 | -1.509.514 | -3.372.025 | -10.285.491,"-0,41% | -1,13% | -1,83% | -6,32% | -13,10% | -31,50%",,44ddías,22.364.018,22.455.172 | 22.620.597 | 22.781.237 | 23.873.532 | 25.736.043 | 32.649.509,Defensa
Sivera,Alavés,+669.006 | +1.196.514 | +1.614.617 | +2.294.961 | +6.748.748 | +15.269.452,"+2,06% | +3,74% | +5,11% | +7,42% | +25,51% | +85,12%",,42ddías,33.207.588,32.538.582 | 32.011.074 | 31.592.971 | 30.912.627 | 26.458.840 | 17.938.136,Portero
Rincón,Athletic,-102.774 | +1.328.591 | +1.328.591 | +1.328.591 | +1.328.591 | +1.328.591,"-3,33% | 0% | 0% | 0% | 0% | 0%",,1ddías,2.987.184,3.089.958 | 0 | 0 | 0 | 0 | 0,Defensa
Luiz Felipe,Rayo,-84.622 | -174.670 | -254.731 | -635.134 | -635.134 | -635.134,"-2,37% | -4,78% | -6,82% | -15,43% | -15,43% | -15,43%",,6ddías,3.480.143,3.564.765 | 3.654.813 | 3.734.874 | 4.115.277 | 4.115.277 | 4.115.277,Defensa
Esquivel,Atlético,0 | 0 | 0 | 0 | 0 | 0,"0,00% | 0,00% | 0,00% | 0,00% | 0,00% | 0,00%",,41ddías,602.292,602.292 | 602.292 | 602.292 | 602.292 | 602.292 | 602.292,Portero
Ali Houary,Elche,-77.081 | +1.649.499 | +1.649.499 | +1.649.499 | +1.649.499 | +1.649.499,"-3,33% | 0% | 0% | 0% | 0% | 0%",,1ddías,2.240.388,2.317.469 | 0 | 0 | 0 | 0 | 0,Delantero
Navarro,Valencia,0 | 0 | 0 | 0 | 0 | 0,"0,00% | 0,00% | 0,00% | 0,00% | 0,00% | 0,00%",,41ddías,501.909,501.909 | 501.909 | 501.909 | 501.909 | 501.909 | 501.909,Defensa
Oluwaseyi,Villarreal,-71.883 | -146.060 | -201.735 | -398.765 | -858.042 | -2.400.383,"-2,75% | -5,44% | -7,36% | -13,57% | -25,25% | -48,59%",,44ddías,2.540.039,2.611.922 | 2.686.099 | 2.741.774 | 2.938.804 | 3.398.081 | 4.940.422,Delantero
Altozano,Sevilla,-9.857 | -19.212 | -28.752 | -28.752 | -28.752 | -28.752,"-1,69% | -3,24% | -4,77% | -4,77% | -4,77% | -4,77%",,3ddías,573.532,583.389 | 592.744 | 602.284 | 602.284 | 602.284 | 602.284,Mediocampista
Sierra,Sevilla,+76.000 | +66.645 | +57.105 | +57.105 | +57.105 | +57.105,"+13,03% | +11,24% | +9,48% | +9,48% | +9,48% | +9,48%",,1ddías,659.389,583.389 | 592.744 | 602.284 | 602.284 | 602.284 | 602.284,Delantero
Blázquez,Valencia,0 | 0 | 0 | 0 | 0 | 0,"0,00% | 0,00% | 0,00% | 0,00% | 0,00% | 0,00%",,41ddías,581.656,581.656 | 581.656 | 581.656 | 581.656 | 581.656 | 581.656,Delantero
Suazo,Sevilla,-86.104 | -149.781 | -217.980 | -182.813 | -542.527 | -2.170.508,"-1,62% | -2,79% | -4,01% | -3,39% | -9,42% | -29,39%",,3ddías,5.214.752,5.300.856 | 5.364.533 | 5.432.732 | 5.397.565 | 5.757.279 | 7.385.260,Defensa
Ryan,Levante,+100.991 | -328.864 | -783.037 | -783.037 | -783.037 | -783.037,"+0,80% | -2,51% | -5,78% | -5,78% | -5,78% | -5,78%",,1ddías,12.767.615,12.666.624 | 13.096.479 | 13.550.652 | 13.550.652 | 13.550.652 | 13.550.652,Portero
Vlachodimos,Sevilla,+580.014 | +974.501 | +1.299.831 | +2.806.036 | +5.600.615 | +4.586.953,"+3,04% | +5,22% | +7,09% | +16,67% | +39,88% | +30,46%",,14ddías,19.643.432,19.063.418 | 18.668.931 | 18.343.601 | 16.837.396 | 14.042.817 | 15.056.479,Portero
Montero,Alavés,0 | 0 | 0 | 0 | 0 | 0,"0,00% | 0,00% | 0,00% | 0,00% | 0,00% | 0,00%",,41ddías,602.316,602.316 | 602.316 | 602.316 | 602.316 | 602.316 | 602.316,Portero
Corralejo,Betis,0 | 0 | 0 | 0 | 0 | 0,"0,00% | 0,00% | 0,00% | 0,00% | 0,00% | 0,00%",,41ddías,602.248,602.248 | 602.248 | 602.248 | 602.248 | 602.248 | 602.248,Mediocampista
Riedel,Espanyol,+218.458 | +329.514 | +256.424 | -29.604 | -731.544 | -731.544,"+4,78% | +7,39% | +5,66% | -0,61% | -13,25% | -13,25%",,2ddías,4.789.074,4.570.616 | 4.459.560 | 4.532.650 | 4.818.678 | 5.520.618 | 5.520.618,Defensa
Sancris,Getafe,-10.641 | -20.812 | -30.492 | -82.857 | -189.810 | -572.116,"-1,76% | -3,39% | -4,90% | -12,27% | -24,27% | -49,13%",,44ddías,592.339,602.980 | 613.151 | 622.831 | 675.196 | 782.149 | 1.164.455,Delantero
Carlos Soler,Real Sociedad,+318.711 | +582.901 | +830.120 | +1.931.972 | +1.271.911 | -3.656.068,"+0,98% | +1,81% | +2,60% | +6,26% | +4,04% | -10,03%",,8ddías,32.785.701,32.466.990 | 32.202.800 | 31.955.581 | 30.853.729 | 31.513.790 | 36.441.769,Mediocampista
Folgado,Real Sociedad,0 | 0 | 0 | 0 | 0 | 0,"0,00% | 0,00% | 0,00% | 0,00% | 0,00% | 0,00%",,41ddías,702.606,702.606 | 702.606 | 702.606 | 702.606 | 702.606 | 702.606,Portero
Álex Costa,Sevilla,0 | 0 | 0 | 0 | 0 | 0,"0,00% | 0,00% | 0,00% | 0,00% | 0,00% | 0,00%",,41ddías,602.284,602.284 | 602.284 | 602.284 | 602.284 | 602.284 | 602.284,Delantero
Oso,Sevilla,-244.446 | -458.191 | -613.935 | -1.460.517 | -1.460.517 | -1.460.517,"-1,90% | -3,51% | -4,65% | -10,39% | -10,39% | -10,39%",,3ddías,12.592.815,12.837.261 | 13.051.006 | 13.206.750 | 14.053.332 | 14.053.332 | 14.053.332,Defensa
Cardoso,Sevilla,-18.090 | -36.020 | -53.783 | -130.861 | -305.486 | -888.315,"-2,29% | -4,46% | -6,52% | -14,51% | -28,37% | -53,53%",,44ddías,771.119,789.209 | 807.139 | 824.902 | 901.980 | 1.076.605 | 1.659.434,Defensa
Nacho Pérez,Levante,+8.349 | -217 | -8.877 | -8.877 | -8.877 | -8.877,"+1,48% | -0,04% | -1,53% | -1,53% | -1,53% | -1,53%",,1ddías,572.815,564.466 | 573.032 | 581.692 | 581.692 | 581.692 | 581.692,Defensa
Veiga,Villarreal,-831.794 | -1.623.021 | -2.138.195 | -4.326.714 | -6.774.897 | +3.880.976,"-2,20% | -4,20% | -5,46% | -10,46% | -15,46% | +11,70%",,12ddías,37.055.412,37.887.206 | 38.678.433 | 39.193.607 | 41.382.126 | 43.830.309 | 33.174.436,Defensa
Hinojo,Espanyol,-160.957 | -420.174 | +7.161.295 | +7.161.295 | +7.161.295 | +7.161.295,"-2,11% | -5,32% | 0% | 0% | 0% | 0%",,2ddías,7.477.421,7.638.378 | 7.897.595 | 0 | 0 | 0 | 0,Defensa
Vertrouwd,Rayo,-24.641 | -49.396 | -75.368 | -75.368 | -75.368 | -75.368,"-2,59% | -5,05% | -7,51% | -7,51% | -7,51% | -7,51%",,3ddías,928.357,952.998 | 977.753 | 1.003.725 | 1.003.725 | 1.003.725 | 1.003.725,Defensa
Joselu,Getafe,0 | 0 | 0 | 0 | 0 | 0,"0,00% | 0,00% | 0,00% | 0,00% | 0,00% | 0,00%",,41ddías,602.319,602.319 | 602.319 | 602.319 | 602.319 | 602.319 | 602.319,Delantero
Víctor García,Levante,-46.396 | -88.958 | -129.915 | -245.927 | -632.008 | -2.017.955,"-2,44% | -4,57% | -6,54% | -11,69% | -25,39% | -52,08%",,44ddías,1.857.107,1.903.503 | 1.946.065 | 1.987.022 | 2.103.034 | 2.489.115 | 3.875.062,Defensa
Pablo CamposCuñat Campos,Levante,-26.720 | -42.478 | -64.929 | -131.341 | -275.127 | -334.028,"-2,63% | -4,11% | -6,15% | -11,70% | -21,73% | -25,21%",,17ddías,991.138,1.017.858 | 1.033.616 | 1.056.067 | 1.122.479 | 1.266.265 | 1.325.166,Portero
Toljan,Levante,-101.903 | -207.817 | -290.238 | -486.760 | -807.394 | -2.128.121,"-2,54% | -5,05% | -6,91% | -11,07% | -17,11% | -35,24%",,42ddías,3.910.448,4.012.351 | 4.118.265 | 4.200.686 | 4.397.208 | 4.717.842 | 6.038.569,Defensa
Carlos Espí,Real Madrid,+281.540 | +540.499 | +694.282 | +1.365.735 | +6.032.724 | +6.032.724,"+3,03% | +5,99% | +7,83% | +16,66% | 0% | 0%",,8ddías,9.563.853,9.282.313 | 9.023.354 | 8.869.571 | 8.198.118 | 0 | 0,Delantero
Cortés,Levante,-14.606 | -31.661 | -49.413 | -49.413 | -49.413 | -49.413,"-1,90% | -4,03% | -6,15% | -6,15% | -6,15% | -6,15%",,3ddías,753.587,768.193 | 785.248 | 803.000 | 803.000 | 803.000 | 803.000,Delantero
Primo,Levante,0 | 0 | 0 | 0 | 0 | 0,"0,00% | 0,00% | 0,00% | 0,00% | 0,00% | 0,00%",,41ddías,1.104.126,1.104.126 | 1.104.126 | 1.104.126 | 1.104.126 | 1.104.126 | 1.104.126,Portero
Becerra,Rayo,0 | 0 | 0 | 0 | 0 | 0,"0,00% | 0,00% | 0,00% | 0,00% | 0,00% | 0,00%",,41ddías,581.700,581.700 | 581.700 | 581.700 | 581.700 | 581.700 | 581.700,Mediocampista
Thiago,Real Madrid,0 | 0 | 0 | 0 | 0 | 0,"0,00% | 0,00% | 0,00% | 0,00% | 0,00% | 0,00%",,41ddías,7.026.082,7.026.082 | 7.026.082 | 7.026.082 | 7.026.082 | 7.026.082 | 7.026.082,Mediocampista
Radu,Celta,-523.902 | -1.021.455 | -1.497.725 | -2.875.197 | -56.533 | +10.933.199,"-1,38% | -2,66% | -3,85% | -7,13% | -0,15% | +41,25%",,7ddías,37.437.146,37.961.048 | 38.458.601 | 38.934.871 | 40.312.343 | 37.493.679 | 26.503.947,Portero
Rueda,Celta,+27.504 | +57.638 | +90.663 | +467.373 | +728.481 | +84.738,"+0,63% | +1,33% | +2,11% | +11,93% | +19,92% | +1,97%",,13ddías,4.386.237,4.358.733 | 4.328.599 | 4.295.574 | 3.918.864 | 3.657.756 | 4.301.499,Defensa
Niculaesei,Elche,0 | 0 | 0 | 0 | 0 | 0,"0,00% | 0,00% | 0,00% | 0,00% | 0,00% | 0,00%",,41ddías,803.099,803.099 | 803.099 | 803.099 | 803.099 | 803.099 | 803.099,Defensa
Mendoza,Atlético,-10.103 | -21.921 | -29.246 | -44.306 | -106.304 | -373.800,"-1,22% | -2,60% | -3,44% | -5,13% | -11,48% | -31,31%",,44ddías,819.976,830.079 | 841.897 | 849.222 | 864.282 | 926.280 | 1.193.776,Mediocampista
Echegoyen,Osasuna,0 | 0 | 0 | 0 | 0 | 0,"0,00% | 0,00% | 0,00% | 0,00% | 0,00% | 0,00%",,41ddías,562.286,562.286 | 562.286 | 562.286 | 562.286 | 562.286 | 562.286,Mediocampista
Josan,Elche,-28.177 | -56.615 | -85.323 | -191.435 | -191.435 | -191.435,"-2,71% | -5,29% | -7,77% | -15,89% | -15,89% | -15,89%",,7ddías,1.013.215,1.041.392 | 1.069.830 | 1.098.538 | 1.204.650 | 1.204.650 | 1.204.650,Mediocampista
Davinchi,Getafe,-30.867 | -65.361 | -80.705 | +91.412 | -17.233 | -17.233,"-1,02% | -2,14% | -2,62% | +3,15% | -0,57% | -0,57%",,3ddías,2.994.370,3.025.237 | 3.059.731 | 3.075.075 | 2.902.958 | 3.011.603 | 3.011.603,Defensa
Sangaré,Elche,+26.065 | -6.241 | -47.330 | -279.765 | -279.765 | -279.765,"+0,70% | -0,17% | -1,25% | -6,97% | -6,97% | -6,97%",,1ddías,3.735.736,3.709.671 | 3.741.977 | 3.783.066 | 4.015.501 | 4.015.501 | 4.015.501,Defensa
Antañón,Celta,0 | 0 | 0 | 0 | 0 | 0,"0,00% | 0,00% | 0,00% | 0,00% | 0,00% | 0,00%",,41ddías,581.700,581.700 | 581.700 | 581.700 | 581.700 | 581.700 | 581.700,Mediocampista
Youssef,Alavés,+1.727 | -2.649 | -7.372 | -1.743 | -39.792 | -192.467,"+0,35% | -0,53% | -1,47% | -0,35% | -7,47% | -28,09%",,1ddías,492.654,490.927 | 495.303 | 500.026 | 494.397 | 532.446 | 685.121,Defensa
Ure,Sevilla,+87.029 | +117.775 | +90.857 | 0 | 0 | 0,"+0,73% | +0,99% | +0,76% | 0% | 0% | 0%",,2ddías,11.982.540,11.895.511 | 11.864.765 | 11.891.683 | 0 | 0 | 0,Delantero
Grimaldo,Atlético,-19.930 | -156.445 | -385.533 | 0 | 0 | 0,"-0,04% | -0,34% | -0,83% | 0% | 0% | 0%",,5ddías,46.334.613,46.354.543 | 46.491.058 | 46.720.146 | 0 | 0 | 0,Defensa
Ede,Deportivo,+114.506 | +109.543 | +75.386 | 0 | 0 | 0,"+4,15% | +3,96% | +2,69% | 0% | 0% | 0%",,1ddías,2.876.275,2.761.769 | 2.766.732 | 2.800.889 | 0 | 0 | 0,Defensa
Asp Jensen,Deportivo,+6.912 | -92.747 | -232.773 | 0 | 0 | 0,"+0,11% | -1,49% | -3,67% | 0% | 0% | 0%",,1ddías,6.115.246,6.108.334 | 6.207.993 | 6.348.019 | 0 | 0 | 0,Mediocampista
Buonanotte,Elche,-175.059 | -308.782 | -431.892 | 0 | 0 | 0,"-2,62% | -4,52% | -6,21% | 0% | 0% | 0%",,5ddías,6.517.941,6.693.000 | 6.826.723 | 6.949.833 | 0 | 0 | 0,Mediocampista
Fernando NiñoFer Niño,Elche,-315.038 | -558.638 | -837.765 | 0 | 0 | 0,"-2,19% | -3,82% | -5,62% | 0% | 0% | 0%",,5ddías,14.073.061,14.388.099 | 14.631.699 | 14.910.826 | 0 | 0 | 0,Delantero
Zabiri,Racing,-152.984 | -301.272 | -430.850 | 0 | 0 | 0,"-2,88% | -5,52% | -7,71% | 0% | 0% | 0%",,5ddías,5.159.048,5.312.032 | 5.460.320 | 5.589.898 | 0 | 0 | 0,Delantero
Drkusic,Espanyol,-111.515 | -239.298 | 0 | 0 | 0 | 0,"-2,96% | -6,15% | 0% | 0% | 0% | 0%",,2ddías,3.653.882,3.765.397 | 3.893.180 | 0 | 0 | 0 | 0,Defensa
Sangante,Sevilla,+110.292 | +172.769 | +150.494 | 0 | 0 | 0,"+1,26% | +1,98% | +1,72% | 0% | 0% | 0%",,2ddías,8.888.737,8.778.445 | 8.715.968 | 8.738.243 | 0 | 0 | 0,Defensa
Timera,Espanyol,-12.724 | -25.065 | 0 | 0 | 0 | 0,"-1,94% | -3,76% | 0% | 0% | 0% | 0%",,2ddías,642.337,655.061 | 667.402 | 0 | 0 | 0 | 0,Defensa
José Ángel,Espanyol,-12.724 | -25.065 | 0 | 0 | 0 | 0,"-1,94% | -3,76% | 0% | 0% | 0% | 0%",,2ddías,642.337,655.061 | 667.402 | 0 | 0 | 0 | 0,Defensa
Enzo BardelliBardeli,Levante,-117.680 | -252.765 | 0 | 0 | 0 | 0,"-2,96% | -6,14% | 0% | 0% | 0% | 0%",,2ddías,3.862.883,3.980.563 | 4.115.648 | 0 | 0 | 0 | 0,Mediocampista
Usedo,Levante,-16.995 | -33.785 | 0 | 0 | 0 | 0,"-2,23% | -4,34% | 0% | 0% | 0% | 0%",,2ddías,744.851,761.846 | 778.636 | 0 | 0 | 0 | 0,Mediocampista
Calatrava,Levante,-25.538 | -51.227 | 0 | 0 | 0 | 0,"-2,62% | -5,12% | 0% | 0% | 0% | 0%",,2ddías,949.876,975.414 | 1.001.103 | 0 | 0 | 0 | 0,Mediocampista
Marc Santos,Levante,-21.267 | -42.507 | 0 | 0 | 0 | 0,"-2,45% | -4,78% | 0% | 0% | 0% | 0%",,2ddías,847.362,868.629 | 889.869 | 0 | 0 | 0 | 0,Defensa
Galdin,Levante,-12.724 | -25.065 | 0 | 0 | 0 | 0,"-1,94% | -3,76% | 0% | 0% | 0% | 0%",,2ddías,642.337,655.061 | 667.402 | 0 | 0 | 0 | 0,Portero
Valentini,Alavés,-32.645 | -65.737 | -99.293 | 0 | 0 | 0,"-2,83% | -5,54% | -8,14% | 0% | 0% | 0%",,5ddías,1.120.440,1.153.085 | 1.186.177 | 1.219.733 | 0 | 0 | 0,Defensa
Y. Diomande,Real Madrid,-808.481 | -1.739.867 | -2.667.017 | 0 | 0 | 0,"-0,95% | -2,03% | -3,07% | 0% | 0% | 0%",,6ddías,84.156.216,84.964.697 | 85.896.083 | 86.823.233 | 0 | 0 | 0,Delantero
Román,Rayo,-16.995 | -33.785 | 0 | 0 | 0 | 0,"-2,23% | -4,34% | 0% | 0% | 0% | 0%",,2ddías,744.851,761.846 | 778.636 | 0 | 0 | 0 | 0,Mediocampista
Dieng,Valencia,-124.703 | -249.768 | -369.970 | -781.246 | 0 | 0,"-2,87% | -5,58% | -8,05% | -15,60% | 0% | 0%",,13ddías,4.226.071,4.350.774 | 4.475.839 | 4.596.041 | 5.007.317 | 0 | 0,Mediocampista
Aubameyang,Deportivo,+2.318.445 | +3.324.272 | +4.356.099 | +8.474.353 | +17.563.020 | 0,"+6,69% | +9,88% | +13,36% | +29,74% | +90,52% | 0%",,20ddías,36.965.599,34.647.154 | 33.641.327 | 32.609.500 | 28.491.246 | 19.402.579 | 0,Delantero
Calatrava,Espanyol,+32.121 | +63.384 | +72.546 | +279.487 | +701.497 | 0,"+0,80% | +1,59% | +1,82% | +7,41% | +20,94% | 0%",,19ddías,4.051.653,4.019.532 | 3.988.269 | 3.979.107 | 3.772.166 | 3.350.156 | 0,Delantero
Hjulmand,Atlético,-120.151 | -102.172 | +112.579 | +2.106.989 | +2.929.342 | 0,"-0,33% | -0,28% | +0,31% | +6,09% | +8,68% | 0%",,1ddías,36.687.791,36.807.942 | 36.789.963 | 36.575.212 | 34.580.802 | 33.758.449 | 0,Mediocampista
Bernardo Silva,Real Madrid,+1.327.091 | +2.443.253 | +3.484.895 | +8.514.713 | +19.164.245 | 0,"+2,34% | +4,39% | +6,38% | +17,17% | +49,21% | 0%",,15ddías,58.111.336,56.784.245 | 55.668.083 | 54.626.441 | 49.596.623 | 38.947.091 | 0,Mediocampista
Amatucci,Deportivo,+155.984 | +230.349 | +292.207 | +1.153.189 | 0 | 0,"+1,18% | +1,76% | +2,24% | +9,48% | 0% | 0%",,9ddías,13.320.588,13.164.604 | 13.090.239 | 13.028.381 | 12.167.399 | 0 | 0,Mediocampista
De Haas,Valencia,-93.802 | -148.960 | -165.010 | +253.780 | 0 | 0,"-1,03% | -1,62% | -1,80% | +2,89% | 0% | 0%",,3ddías,9.022.190,9.115.992 | 9.171.150 | 9.187.200 | 8.768.410 | 0 | 0,Defensa
Moscardo,Espanyol,-274.949 | -547.029 | -795.058 | -1.671.181 | 0 | 0,"-3,15% | -6,08% | -8,60% | -16,50% | 0% | 0%",,12ddías,8.454.617,8.729.566 | 9.001.646 | 9.249.675 | 10.125.798 | 0 | 0,Mediocampista
Pedro Felipe,Racing,-78.228 | -151.297 | -203.395 | 0 | 0 | 0,"-3,18% | -5,98% | -7,88% | 0% | 0% | 0%",,6ddías,2.378.913,2.457.141 | 2.530.210 | 2.582.308 | 0 | 0 | 0,Defensa
Gulacsi,Villarreal,-75.469 | -135.203 | -144.687 | -41.920 | 0 | 0,"-1,80% | -3,19% | -3,40% | -1,01% | 0% | 0%",,3ddías,4.107.482,4.182.951 | 4.242.685 | 4.252.169 | 4.149.402 | 0 | 0,Portero
Mikel Rodriguez,Alavés,+59.118 | +94.753 | +114.056 | 0 | 0 | 0,"+6,75% | +11,28% | +13,89% | 0% | 0% | 0%",,3ddías,935.015,875.897 | 840.262 | 820.959 | 0 | 0 | 0,Mediocampista
Angeliño,Deportivo,-185.305 | -167.515 | -86.219 | 0 | 0 | 0,"-1,19% | -1,08% | -0,56% | 0% | 0% | 0%",,1ddías,15.324.151,15.509.456 | 15.491.666 | 15.410.370 | 0 | 0 | 0,Defensa
Marcos,Espanyol,-36.284 | -71.994 | -107.841 | -242.594 | 0 | 0,"-2,73% | -5,28% | -7,70% | -15,80% | 0% | 0%",,7ddías,1.292.526,1.328.810 | 1.364.520 | 1.400.367 | 1.535.120 | 0 | 0,Delantero
Sazonov,Getafe,-32.839 | -66.133 | -99.899 | 0 | 0 | 0,"-2,84% | -5,55% | -8,16% | 0% | 0% | 0%",,6ddías,1.125.090,1.157.929 | 1.191.223 | 1.224.989 | 0 | 0 | 0,Defensa
Mangala,Getafe,-8.671 | -80.000 | -195.978 | 0 | 0 | 0,"-0,08% | -0,75% | -1,81% | 0% | 0% | 0%",,6ddías,10.638.376,10.647.047 | 10.718.376 | 10.834.354 | 0 | 0 | 0,Mediocampista
Andrés García,Getafe,-167.095 | -329.378 | -469.468 | 0 | 0 | 0,"-1,93% | -3,73% | -5,24% | 0% | 0% | 0%",,3ddías,8.491.592,8.658.687 | 8.820.970 | 8.961.060 | 0 | 0 | 0,Mediocampista
Iván Alonso,Rayo,-8.453 | -16.345 | 0 | 0 | 0 | 0,"-1,54% | -2,94% | 0% | 0% | 0% | 0%",,2ddías,539.823,548.276 | 556.168 | 0 | 0 | 0 | 0,Delantero
Ibra,Sevilla,-16.995 | -33.785 | 0 | 0 | 0 | 0,"-2,23% | -4,34% | 0% | 0% | 0% | 0%",,2ddías,744.851,761.846 | 778.636 | 0 | 0 | 0 | 0,Delantero
Cucurella,Real Madrid,-750.003 | -1.781.093 | -2.496.228 | -5.037.513 | +9.334.396 | 0,"-0,94% | -2,20% | -3,06% | -5,99% | +13,38% | 0%",,7ddías,79.105.231,79.855.234 | 80.886.324 | 81.601.459 | 84.142.744 | 69.770.835 | 0,Defensa
Luis Castro,Levante,-34.274 | -69.063 | -104.386 | -270.464 | -627.079 | -344.406,"-2,87% | -5,62% | -8,26% | -18,91% | -35,10% | 0%",,24ddías,1.159.531,1.193.805 | 1.228.594 | 1.263.917 | 1.429.995 | 1.786.610 | 0,
Manuel Pellegrini,Betis,-141.930 | -281.571 | -425.157 | -1.042.027 | -2.222.670 | -3.122.389,"-3,51% | -6,74% | -9,84% | -21,10% | -36,33% | 0%",,26ddías,3.895.988,4.037.918 | 4.177.559 | 4.321.145 | 4.938.015 | 6.118.658 | 0,
Claudio Giráldez,Celta,-74.815 | -151.834 | -231.147 | -580.700 | -1.189.322 | -2.880.611,"-3,39% | -6,65% | -9,78% | -21,40% | -35,80% | 0%",,12ddías,2.132.515,2.207.330 | 2.284.349 | 2.363.662 | 2.713.215 | 3.321.837 | 0,
Antonio Hidalgo,Deportivo,-47.746 | -96.568 | -146.510 | -377.415 | -876.356 | -21.063,"-3,12% | -6,11% | -8,99% | -20,29% | -37,15% | 0%",,22ddías,1.482.874,1.530.620 | 1.579.442 | 1.629.384 | 1.860.289 | 2.359.230 | 0,
Martín Anselmi,Elche,-47.023 | -95.093 | -144.251 | -371.676 | -862.980 | 0,"-3,11% | -6,09% | -8,96% | -20,23% | -37,06% | 0%",,19ddías,1.465.526,1.512.549 | 1.560.619 | 1.609.777 | 1.837.202 | 2.328.506 | 0,
Manolo González,Espanyol,-28.902 | -58.095 | -87.590 | -227.824 | -526.600 | -473.323,"-2,73% | -5,34% | -7,83% | -18,10% | -33,82% | 0%",,25ddías,1.030.614,1.059.516 | 1.088.709 | 1.118.204 | 1.258.438 | 1.557.214 | 0,
Pepe Bordalás,Getafe,-1.551.626 | -3.166.989 | -4.848.744 | -12.315.748 | -32.116.882 | +32.562.848,"-3,97% | -7,77% | -11,43% | -24,68% | -46,08% | 0%",,14ddías,37.575.974,39.127.600 | 40.742.963 | 42.424.718 | 49.891.722 | 69.692.856 | 0,
Juan Funes,Málaga,-34.832 | -70.202 | -106.131 | -274.897 | -637.412 | +170.309,"-2,88% | -5,65% | -8,30% | -18,99% | -35,21% | 0%",,21ddías,1.172.934,1.207.766 | 1.243.136 | 1.279.065 | 1.447.831 | 1.810.346 | 0,
Diego Simeone,Atlético,-175.807 | -343.579 | -515.988 | -1.289.477 | -2.609.352 | -4.817.139,"-3,26% | -6,19% | -9,01% | -19,84% | -33,37% | 0%",,27ddías,5.209.115,5.384.922 | 5.552.694 | 5.725.103 | 6.498.592 | 7.818.467 | 0,
Luis Miguel Ramis,Osasuna,-40.530 | -81.835 | -123.946 | -320.126 | -742.829 | 0,"-3,00% | -5,88% | -8,65% | -19,64% | -36,19% | 0%",,20ddías,1.309.672,1.350.202 | 1.391.507 | 1.433.618 | 1.629.798 | 2.052.501 | 0,
José Alberto López,Racing,-22.923 | -45.888 | -68.896 | -180.362 | -417.072 | +85.026,"-2,52% | -4,92% | -7,21% | -16,90% | -31,98% | 0%",,22ddías,887.125,910.048 | 933.013 | 956.021 | 1.067.487 | 1.304.197 | 0,
Beñat San José,Rayo,-47.023 | -95.093 | -144.251 | -371.676 | -862.980 | 0,"-3,11% | -6,09% | -8,96% | -20,23% | -37,06% | 0%",,19ddías,1.465.526,1.512.549 | 1.560.619 | 1.609.777 | 1.837.202 | 2.328.506 | 0,
José Mourinho,Real Madrid,-413.724 | -827.455 | -1.242.514 | -3.213.495 | -7.399.522 | 0,"-3,22% | -6,24% | -9,09% | -20,55% | -37,32% | 0%",,21ddías,12.427.659,12.841.383 | 13.255.114 | 13.670.173 | 15.641.154 | 19.827.181 | 0,
Pellegrino Matarazzo,Real Sociedad,-129.938 | -264.376 | -401.541 | -1.005.081 | -2.285.023 | -1.557.660,"-3,62% | -7,11% | -10,41% | -22,53% | -39,81% | 0%",,24ddías,3.455.466,3.585.404 | 3.719.842 | 3.857.007 | 4.460.547 | 5.740.489 | 0,
Luis García,Sevilla,-19.163 | -38.211 | -57.138 | -150.508 | -347.489 | -5.237,"-2,35% | -4,58% | -6,69% | -15,89% | -30,37% | 0%",,23ddías,796.862,816.025 | 835.073 | 854.000 | 947.370 | 1.144.351 | 0,
Carlos Corberán,Valencia,-12.894 | -25.411 | -37.535 | -100.740 | -231.241 | -255.955,"-1,96% | -3,78% | -5,49% | -13,48% | -26,35% | 0%",,26ddías,646.406,659.300 | 671.817 | 683.941 | 747.146 | 877.647 | 0,
Hansi Flick,Barcelona,-265.134 | -527.738 | -784.288 | -1.962.178 | -3.572.514 | -6.132.867,"-2,89% | -5,59% | -8,09% | -18,05% | -28,63% | 0%",,12ddías,8.906.515,9.171.649 | 9.434.253 | 9.690.803 | 10.868.693 | 12.479.029 | 0,
Edin Terzic,Athletic,-273.671 | -557.832 | -852.918 | -2.159.802 | -5.027.647 | 0,"-3,81% | -7,47% | -10,99% | -23,83% | -42,13% | 0%",,20ddías,6.905.069,7.178.740 | 7.462.901 | 7.757.987 | 9.064.871 | 11.932.716 | 0,
Guillén,Sevilla,-143.511 | -307.803 | 0 | 0 | 0 | 0,"-2,96% | -6,15% | 0% | 0% | 0% | 0%",,2ddías,4.697.714,4.841.225 | 5.005.517 | 0 | 0 | 0 | 0,Mediocampista
Kevin Sánchez,Deportivo,-21.835 | 0 | 0 | 0 | 0 | 0,"-2,47% | 0% | 0% | 0% | 0% | 0%",,1ddías,861.010,882.845 | 0 | 0 | 0 | 0 | 0,Delantero
Thiam,Villarreal,-25.538 | -51.227 | 0 | 0 | 0 | 0,"-2,62% | -5,12% | 0% | 0% | 0% | 0%",,2ddías,949.876,975.414 | 1.001.103 | 0 | 0 | 0 | 0,Mediocampista
Gerenabarrena,Athletic,-39.492 | 0 | 0 | 0 | 0 | 0,"-2,98% | 0% | 0% | 0% | 0% | 0%",,1ddías,1.284.776,1.324.268 | 0 | 0 | 0 | 0 | 0,Mediocampista
Kang-In Lee,Atlético,-1.375.230 | 0 | 0 | 0 | 0 | 0,"-3,32% | 0% | 0% | 0% | 0% | 0%",,1ddías,40.008.147,41.383.377 | 0 | 0 | 0 | 0 | 0,Mediocampista
Ortiz,Atlético,-35.078 | 0 | 0 | 0 | 0 | 0,"-2,89% | 0% | 0% | 0% | 0% | 0%",,1ddías,1.178.834,1.213.912 | 0 | 0 | 0 | 0 | 0,Delantero
Bayindir,Celta,-77.081 | 0 | 0 | 0 | 0 | 0,"-3,33% | 0% | 0% | 0% | 0% | 0%",,1ddías,2.240.388,2.317.469 | 0 | 0 | 0 | 0 | 0,Portero
Faye,Celta,-150.490 | 0 | 0 | 0 | 0 | 0,"-3,33% | 0% | 0% | 0% | 0% | 0%",,1ddías,4.374.092,4.524.582 | 0 | 0 | 0 | 0 | 0,Defensa
Gijselhart,Deportivo,-91.763 | 0 | 0 | 0 | 0 | 0,"-3,33% | 0% | 0% | 0% | 0% | 0%",,1ddías,2.667.128,2.758.891 | 0 | 0 | 0 | 0 | 0,Mediocampista
Barzic,Elche,-17.421 | 0 | 0 | 0 | 0 | 0,"-2,26% | 0% | 0% | 0% | 0% | 0%",,1ddías,755.068,772.489 | 0 | 0 | 0 | 0 | 0,Defensa
Quique Sánchez,Alavés,-19.163 | -38.211 | -57.138 | -150.508 | -347.489 | -5.237,"-2,35% | -4,58% | -6,69% | -15,89% | -30,37% | 0%",,23ddías,796.862,816.025 | 835.073 | 854.000 | 947.370 | 1.144.351 | 0,
Ponce,Elche,-61.563 | 0 | 0 | 0 | 0 | 0,"-3,28% | 0% | 0% | 0% | 0% | 0%",,1ddías,1.814.483,1.876.046 | 0 | 0 | 0 | 0 | 0,Delantero
Padilla,Elche,-32.871 | 0 | 0 | 0 | 0 | 0,"-2,84% | 0% | 0% | 0% | 0% | 0%",,1ddías,1.125.863,1.158.734 | 0 | 0 | 0 | 0 | 0,Delantero
Umaru,Elche,-17.421 | 0 | 0 | 0 | 0 | 0,"-2,26% | 0% | 0% | 0% | 0% | 0%",,1ddías,755.068,772.489 | 0 | 0 | 0 | 0 | 0,Delantero
Danfakha,Getafe,-12.724 | 0 | 0 | 0 | 0 | 0,"-1,94% | 0% | 0% | 0% | 0% | 0%",,1ddías,642.337,655.061 | 0 | 0 | 0 | 0 | 0,Delantero
Dubasin,Osasuna,-495.516 | 0 | 0 | 0 | 0 | 0,"-3,33% | 0% | 0% | 0% | 0% | 0%",,1ddías,14.402.499,14.898.015 | 0 | 0 | 0 | 0 | 0,Delantero
Castellanos,Racing,-12.724 | 0 | 0 | 0 | 0 | 0,"-1,94% | 0% | 0% | 0% | 0% | 0%",,1ddías,642.337,655.061 | 0 | 0 | 0 | 0 | 0,Mediocampista
Lozano,Rayo,-12.724 | 0 | 0 | 0 | 0 | 0,"-1,94% | 0% | 0% | 0% | 0% | 0%",,1ddías,642.337,655.061 | 0 | 0 | 0 | 0 | 0,Defensa
Konaté,Real Madrid,-439.374 | -807.049 | -1.057.231 | -226.347 | +9.437.779 | 0,"-0,91% | -1,66% | -2,17% | -0,47% | +24,68% | 0%",,4ddías,47.677.985,48.117.359 | 48.485.034 | 48.735.216 | 47.904.332 | 38.240.206 | 0,Defensa
Hartman,Espanyol,-236.846 | -496.416 | -704.214 | -1.351.238 | -2.464.809 | 0,"-2,86% | -5,81% | -8,05% | -14,37% | -23,44% | 0%",,28ddías,8.048.919,8.285.765 | 8.545.335 | 8.753.133 | 9.400.157 | 10.513.728 | 0,Defensa
Ochieng,Real Sociedad,0 | 0 | 0 | 0 | 0 | 0,"0,00% | 0,00% | 0,00% | 0,00% | 0,00% | 0,00%",,41ddías,702.633,702.633 | 702.633 | 702.633 | 702.633 | 702.633 | 702.633,Mediocampista
Osorio,Elche,-40.997 | -84.539 | -84.539 | -84.539 | -84.539 | -84.539,"-3,01% | -6,02% | -6,02% | -6,02% | -6,02% | -6,02%",,2ddías,1.320.886,1.361.883 | 1.405.425 | 1.405.425 | 1.405.425 | 1.405.425 | 1.405.425,Delantero
Mella,Deportivo,-19.559 | +4.539 | +37.984 | +212.578 | +95.101 | -760.165,"-0,57% | +0,13% | +1,12% | +6,62% | +2,86% | -18,16%",,1ddías,3.425.483,3.445.042 | 3.420.944 | 3.387.499 | 3.212.905 | 3.330.382 | 4.185.648,Mediocampista
Mario,Deportivo,+387.987 | +747.618 | +1.072.926 | +2.552.301 | +5.014.175 | +10.023.690,"+1,43% | +2,79% | +4,05% | +10,21% | +22,25% | +57,19%",,43ddías,27.549.308,27.161.321 | 26.801.690 | 26.476.382 | 24.997.007 | 22.535.133 | 17.525.618,Mediocampista
Patino,Deportivo,-6.389 | -12.131 | -17.198 | -45.583 | -103.060 | -311.876,"-1,29% | -2,41% | -3,39% | -8,51% | -17,37% | -38,88%",,44ddías,490.302,496.691 | 502.433 | 507.500 | 535.885 | 593.362 | 802.178,Mediocampista
Luismi,Deportivo,-149.727 | -202.429 | -222.190 | -129.241 | -479.294 | -2.625.211,"-2,52% | -3,38% | -3,70% | -2,19% | -7,65% | -31,23%",,3ddías,5.782.153,5.931.880 | 5.984.582 | 6.004.343 | 5.911.394 | 6.261.447 | 8.407.364,Delantero
Bil Nsongo,Deportivo,-209.611 | -431.997 | -431.997 | -431.997 | -431.997 | -431.997,"-3,33% | -6,62% | -6,62% | -6,62% | -6,62% | -6,62%",,2ddías,6.092.476,6.302.087 | 6.524.473 | 6.524.473 | 6.524.473 | 6.524.473 | 6.524.473,Delantero
Eddahchouri,Deportivo,-45.266 | -82.428 | -116.711 | -232.014 | -504.558 | -1.314.156,"-2,54% | -4,52% | -6,29% | -11,77% | -22,49% | -43,04%",,44ddías,1.739.189,1.784.455 | 1.821.617 | 1.855.900 | 1.971.203 | 2.243.747 | 3.053.345,Delantero
Herrero,Málaga,+42.501 | +122.153 | +168.993 | +662.391 | +1.270.715 | +2.224.973,"+0,50% | +1,46% | +2,03% | +8,46% | +17,60% | +35,50%",,12ddías,8.492.275,8.449.774 | 8.370.122 | 8.323.282 | 7.829.884 | 7.221.560 | 6.267.302,Portero
Villares,Deportivo,-61.401 | -110.894 | -160.841 | -291.622 | -723.417 | -2.175.511,"-2,57% | -4,54% | -6,46% | -11,12% | -23,69% | -48,29%",,44ddías,2.329.862,2.391.263 | 2.440.756 | 2.490.703 | 2.621.484 | 3.053.279 | 4.505.373,Mediocampista
Carlos López,Málaga,-1.929 | -412 | -530 | -10.495 | -24.356 | -49.056,"-0,50% | -0,11% | -0,14% | -2,67% | -5,98% | -11,35%",,1ddías,383.255,385.184 | 383.667 | 383.785 | 393.750 | 407.611 | 432.311,Portero
Céspedes,Málaga,0 | 0 | 0 | 0 | 0 | 0,"0,00% | 0,00% | 0,00% | 0,00% | 0,00% | 0,00%",,40ddías,401.498,401.498 | 401.498 | 401.498 | 401.498 | 401.498 | 401.498,Portero
Puga,Málaga,-84.019 | -154.748 | -230.837 | -388.891 | -844.623 | -2.462.383,"-1,65% | -2,99% | -4,40% | -7,20% | -14,42% | -32,94%",,39ddías,5.012.308,5.096.327 | 5.167.056 | 5.243.145 | 5.401.199 | 5.856.931 | 7.474.691,Defensa
Murillo,Málaga,-59.330 | -111.220 | -170.427 | -427.611 | -969.499 | -2.623.264,"-3,11% | -5,68% | -8,45% | -18,79% | -34,42% | -58,68%",,44ddías,1.847.568,1.906.898 | 1.958.788 | 2.017.995 | 2.275.179 | 2.817.067 | 4.470.832,Defensa
Rafa GarridoRafita,Málaga,0 | 0 | 0 | 0 | 0 | 0,"0,00% | 0,00% | 0,00% | 0,00% | 0,00% | 0,00%",,40ddías,5.018.744,5.018.744 | 5.018.744 | 5.018.744 | 5.018.744 | 5.018.744 | 5.018.744,Defensa
Galilea,Málaga,-61.938 | -113.308 | -175.980 | -241.288 | -540.588 | -540.588,"-1,64% | -2,95% | -4,51% | -6,08% | -12,67% | -12,67%",,10ddías,3.725.344,3.787.282 | 3.838.652 | 3.901.324 | 3.966.632 | 4.265.932 | 4.265.932,Defensa
Dani Sánchez,Málaga,-14.154 | -27.985 | -41.477 | -105.913 | -240.904 | -658.310,"-2,05% | -3,97% | -5,78% | -13,53% | -26,25% | -49,31%",,44ddías,676.665,690.819 | 704.650 | 718.142 | 782.578 | 917.569 | 1.334.975,Defensa
Jurado,Deportivo,-24.667 | -49.449 | -74.349 | -172.970 | -392.493 | -1.152.737,"-2,59% | -5,05% | -7,41% | -15,70% | -29,70% | -55,37%",,44ddías,928.971,953.638 | 978.420 | 1.003.320 | 1.101.941 | 1.321.464 | 2.081.708,Mediocampista
Rubén López,Deportivo,0 | 0 | 0 | 0 | 0 | 0,"0,00% | 0,00% | 0,00% | 0,00% | 0,00% | 0,00%",,41ddías,501.880,501.880 | 501.880 | 501.880 | 501.880 | 501.880 | 501.880,Mediocampista
Pastor,Málaga,-1.581 | -2.315 | -1.410 | -10.051 | -14.204 | -14.204,"-0,42% | -0,61% | -0,37% | -2,61% | -3,65% | -3,65%",,2ddías,374.912,376.493 | 377.227 | 376.322 | 384.963 | 389.116 | 389.116,Defensa
Teijo,Deportivo,0 | 0 | 0 | 0 | 0 | 0,"0,00% | 0,00% | 0,00% | 0,00% | 0,00% | 0,00%",,41ddías,602.257,602.257 | 602.257 | 602.257 | 602.257 | 602.257 | 602.257,Defensa
Morcillo,Elche,0 | 0 | 0 | 0 | 0 | 0,"0,00% | 0,00% | 0,00% | 0,00% | 0,00% | 0,00%",,41ddías,702.702,702.702 | 702.702 | 702.702 | 702.702 | 702.702 | 702.702,Mediocampista
Cubo,Atlético,0 | 0 | 0 | 0 | 0 | 0,"0,00% | 0,00% | 0,00% | 0,00% | 0,00% | 0,00%",,41ddías,602.316,602.316 | 602.316 | 602.316 | 602.316 | 602.316 | 602.316,Delantero
Hugo Ríos,Deportivo,0 | 0 | 0 | 0 | 0 | 0,"0,00% | 0,00% | 0,00% | 0,00% | 0,00% | 0,00%",,41ddías,903.386,903.386 | 903.386 | 903.386 | 903.386 | 903.386 | 903.386,Portero
Puerto,Deportivo,0 | 0 | 0 | 0 | -2.801 | -6.064,"0,00% | 0,00% | 0,00% | 0,00% | -0,76% | -1,62%",,7ddías,367.523,367.523 | 367.523 | 367.523 | 367.523 | 370.324 | 373.587,Portero
Germán Parreño,Deportivo,-9.564 | -18.614 | -27.126 | -61.290 | -136.124 | -136.124,"-1,66% | -3,18% | -4,57% | -9,76% | -19,37% | -19,37%",,13ddías,566.509,576.073 | 585.123 | 593.635 | 627.799 | 702.633 | 702.633,Portero
Quagliata,Deportivo,-23.287 | -72.869 | -131.178 | -184.321 | -3.497 | +32.389,"-0,74% | -2,29% | -4,04% | -5,59% | -0,11% | +1,05%",,7ddías,3.113.678,3.136.965 | 3.186.547 | 3.244.856 | 3.297.999 | 3.117.175 | 3.081.289,Defensa
Loureiro,Deportivo,-98.592 | -172.827 | -244.801 | -353.833 | -325.436 | -1.046.645,"-2,76% | -4,74% | -6,59% | -9,25% | -8,57% | -23,17%",,7ddías,3.470.298,3.568.890 | 3.643.125 | 3.715.099 | 3.824.131 | 3.795.734 | 4.516.943,Defensa
Canedo,Deportivo,0 | 0 | 0 | 0 | 0 | 0,"0,00% | 0,00% | 0,00% | 0,00% | 0,00% | 0,00%",,41ddías,602.257,602.257 | 602.257 | 602.257 | 602.257 | 602.257 | 602.257,Defensa
Riki,Deportivo,-24.646 | -49.406 | -74.283 | -160.229 | -355.807 | -577.169,"-2,59% | -5,05% | -7,41% | -14,72% | -27,70% | -38,33%",,20ddías,928.477,953.123 | 977.883 | 1.002.760 | 1.088.706 | 1.284.284 | 1.505.646,Mediocampista
Samu Fernández,Deportivo,0 | 0 | 0 | 0 | 0 | 0,"0,00% | 0,00% | 0,00% | 0,00% | 0,00% | 0,00%",,41ddías,702.633,702.633 | 702.633 | 702.633 | 702.633 | 702.633 | 702.633,Defensa
Noubi,Deportivo,+83.222 | +384.276 | +607.324 | +1.584.111 | +3.101.503 | +5.079.634,"+0,64% | +3,01% | +4,85% | +13,71% | +30,91% | +63,06%",,26ddías,13.134.474,13.051.252 | 12.750.198 | 12.527.150 | 11.550.363 | 10.032.971 | 8.054.840,Defensa
Comas,Deportivo,-13.770 | -27.200 | -40.275 | -103.484 | -239.542 | -712.186,"-2,02% | -3,92% | -5,69% | -13,42% | -26,41% | -51,62%",,44ddías,667.440,681.210 | 694.640 | 707.715 | 770.924 | 906.982 | 1.379.626,Defensa
Barcia,Deportivo,-34.134 | -61.498 | -88.126 | -179.506 | -396.612 | -1.055.651,"-2,73% | -4,82% | -6,76% | -12,87% | -24,61% | -46,49%",,44ddías,1.215.186,1.249.320 | 1.276.684 | 1.303.312 | 1.394.692 | 1.611.798 | 2.270.837,Defensa
Ximo,Deportivo,-44.130 | -49.255 | -51.515 | +76.724 | -283.513 | -1.019.392,"-0,80% | -0,89% | -0,93% | +1,41% | -4,90% | -15,62%",,3ddías,5.505.081,5.549.211 | 5.554.336 | 5.556.596 | 5.428.357 | 5.788.594 | 6.524.473,Defensa
Pablo García,Deportivo,0 | 0 | 0 | 0 | -5.666 | -81.433,"0,00% | 0,00% | 0,00% | 0,00% | -1,19% | -14,80%",,11ddías,468.964,468.964 | 468.964 | 468.964 | 468.964 | 474.630 | 550.397,Defensa
Noé Carrillo,Deportivo,0 | 0 | 0 | 0 | 0 | 0,"0,00% | 0,00% | 0,00% | 0,00% | 0,00% | 0,00%",,41ddías,702.633,702.633 | 702.633 | 702.633 | 702.633 | 702.633 | 702.633,Mediocampista
Recio,Málaga,-15.971 | -32.537 | -32.537 | -32.537 | -32.537 | -32.537,"-2,17% | -4,32% | -4,32% | -4,32% | -4,32% | -4,32%",,2ddías,720.273,736.244 | 752.810 | 752.810 | 752.810 | 752.810 | 752.810,Defensa
Arriaza,Málaga,0 | 0 | 0 | 0 | 0 | 0,"0,00% | 0,00% | 0,00% | 0,00% | 0,00% | 0,00%",,40ddías,401.498,401.498 | 401.498 | 401.498 | 401.498 | 401.498 | 401.498,Defensa
Dumfries,Real Madrid,-943.938 | -1.960.001 | -2.911.277 | -7.915.708 | -10.720.622 | +9.674.926,"-1,71% | -3,49% | -5,10% | -12,76% | -16,53% | +21,77%",,11ddías,54.123.443,55.067.381 | 56.083.444 | 57.034.720 | 62.039.151 | 64.844.065 | 44.448.517,Defensa
Guliashvili,Racing,-60.890 | -120.113 | -181.674 | -449.656 | -1.008.970 | -2.805.679,"-3,21% | -6,14% | -9,00% | -19,66% | -35,45% | -60,43%",,44ddías,1.837.452,1.898.342 | 1.957.565 | 2.019.126 | 2.287.108 | 2.846.422 | 4.643.131,Delantero
Maguette,Racing,-100.653 | -200.905 | -281.273 | -407.121 | -711.090 | -2.037.646,"-2,58% | -5,01% | -6,88% | -9,66% | -15,74% | -34,86%",,40ddías,3.806.950,3.907.603 | 4.007.855 | 4.088.223 | 4.214.071 | 4.518.040 | 5.844.596,Mediocampista
Sergio Martínez,Racing,+114.911 | +101.706 | +88.096 | +88.096 | +88.096 | +88.096,"+17,00% | +14,76% | +12,54% | +12,54% | +12,54% | +12,54%",,1ddías,790.702,675.791 | 688.996 | 702.606 | 702.606 | 702.606 | 702.606,Mediocampista
Puerta,Racing,+309.957 | +630.191 | +759.509 | +1.384.131 | +2.746.723 | +3.952.107,"+2,34% | +4,87% | +5,93% | +11,36% | +25,38% | +41,10%",,23ddías,13.568.164,13.258.207 | 12.937.973 | 12.808.655 | 12.184.033 | 10.821.441 | 9.616.057,Mediocampista
Solórzano,Racing,0 | 0 | 0 | 0 | 0 | 0,"0,00% | 0,00% | 0,00% | 0,00% | 0,00% | 0,00%",,40ddías,602.234,602.234 | 602.234 | 602.234 | 602.234 | 602.234 | 602.234,Mediocampista
Iñigo Vicente,Racing,+252.816 | +528.900 | +575.909 | +994.160 | +517.086 | -2.940.912,"+1,29% | +2,74% | +2,99% | +5,27% | +2,68% | -12,91%",,9ddías,19.845.593,19.592.777 | 19.316.693 | 19.269.684 | 18.851.433 | 19.328.507 | 22.786.505,Delantero
Arana,Racing,-16.642 | -33.064 | -46.165 | -82.013 | -175.955 | -425.515,"-2,21% | -4,30% | -5,90% | -10,02% | -19,29% | -36,62%",,44ddías,736.371,753.013 | 769.435 | 782.536 | 818.384 | 912.326 | 1.161.886,Delantero
Canales,Racing,+672.151 | +948.860 | +1.440.377 | +3.967.594 | +14.992.560 | +14.992.560,"+2,76% | +3,94% | +6,11% | +18,84% | +149,37% | +149,37%",,11ddías,25.029.822,24.357.671 | 24.080.962 | 23.589.445 | 21.062.228 | 10.037.262 | 10.037.262,Mediocampista
Facundo GonzálezFacu González,Racing,-80.123 | -158.753 | -216.238 | -227.229 | -343.576 | -669.496,"-2,74% | -5,29% | -7,07% | -7,40% | -10,78% | -19,06%",,4ddías,2.843.544,2.923.667 | 3.002.297 | 3.059.782 | 3.070.773 | 3.187.120 | 3.513.040,Defensa
Santi Franco,Racing,0 | 0 | 0 | 0 | 0 | 0,"0,00% | 0,00% | 0,00% | 0,00% | 0,00% | 0,00%",,40ddías,702.606,702.606 | 702.606 | 702.606 | 702.606 | 702.606 | 702.606,Delantero
Diego Diaz,Racing,-9.857 | -19.212 | -28.702 | -28.702 | -28.702 | -28.702,"-1,69% | -3,24% | -4,77% | -4,77% | -4,77% | -4,77%",,3ddías,573.532,583.389 | 592.744 | 602.234 | 602.234 | 602.234 | 602.234,Delantero
Santaella,Málaga,0 | 0 | 0 | 0 | 0 | 0,"0,00% | 0,00% | 0,00% | 0,00% | 0,00% | 0,00%",,36ddías,401.498,401.498 | 401.498 | 401.498 | 401.498 | 401.498 | 401.498,Defensa
Vallecillo,Racing,-12.645 | -24.903 | -37.501 | -37.501 | -37.501 | -37.501,"-1,94% | -3,74% | -5,53% | -5,53% | -5,53% | -5,53%",,3ddías,640.439,653.084 | 665.342 | 677.940 | 677.940 | 677.940 | 677.940,Mediocampista
Chupete,Málaga,-905.224 | -1.916.420 | -2.820.243 | -5.971.384 | +154.341 | +20.607.866,"-1,86% | -3,85% | -5,57% | -11,09% | +0,32% | +75,65%",,7ddías,47.849.423,48.754.647 | 49.765.843 | 50.669.666 | 53.820.807 | 47.695.082 | 27.241.557,Delantero
Larrubia,Málaga,-1.005.991 | -1.950.606 | -2.847.669 | -5.617.801 | +762.387 | +20.943.181,"-1,95% | -3,70% | -5,32% | -9,97% | +1,53% | +70,37%",,7ddías,50.705.150,51.711.141 | 52.655.756 | 53.552.819 | 56.322.951 | 49.942.763 | 29.761.969,Mediocampista
Yeremay,Deportivo,-1.038.660 | -1.590.264 | -2.169.698 | -6.971.948 | -9.531.628 | +16.279.428,"-2,10% | -3,18% | -4,29% | -12,58% | -16,44% | +50,61%",,11ddías,48.446.670,49.485.330 | 50.036.934 | 50.616.368 | 55.418.618 | 57.978.298 | 32.167.242,Delantero
Crespo,Racing,0 | 0 | 0 | 0 | 0 | 0,"0,00% | 0,00% | 0,00% | 0,00% | 0,00% | 0,00%",,40ddías,802.979,802.979 | 802.979 | 802.979 | 802.979 | 802.979 | 802.979,Defensa
Carlos Sánchez,Racing,-13.553 | -26.758 | -40.368 | -40.368 | -40.368 | -40.368,"-2,01% | -3,88% | -5,75% | -5,75% | -5,75% | -5,75%",,3ddías,662.238,675.791 | 688.996 | 702.606 | 702.606 | 702.606 | 702.606,Defensa
Moussa,Málaga,0 | 0 | 0 | 0 | 0 | 0,"0,00% | 0,00% | 0,00% | 0,00% | 0,00% | 0,00%",,40ddías,401.498,401.498 | 401.498 | 401.498 | 401.498 | 401.498 | 401.498,Defensa
Lobete,Málaga,-16.234 | -32.232 | -47.981 | -114.743 | -267.467 | -743.494,"-2,19% | -4,25% | -6,19% | -13,64% | -26,91% | -50,58%",,44ddías,726.587,742.821 | 758.819 | 774.568 | 841.330 | 994.054 | 1.470.081,Delantero
Merino,Málaga,-129.556 | -211.920 | -316.240 | -542.238 | -979.533 | -2.592.323,"-2,11% | -3,40% | -4,99% | -8,27% | -14,00% | -30,12%",,40ddías,6.015.339,6.144.895 | 6.227.259 | 6.331.579 | 6.557.577 | 6.994.872 | 8.607.662,Mediocampista
Lorenzo,Málaga,-144.293 | -225.644 | -269.794 | -65.871 | +692.592 | +402.912,"-1,50% | -2,33% | -2,78% | -0,69% | +7,91% | +4,46%",,3ddías,9.446.672,9.590.965 | 9.672.316 | 9.716.466 | 9.512.543 | 8.754.080 | 9.043.760,Mediocampista
Rafa Rodríguez,Málaga,-201.492 | -413.952 | -413.952 | -413.952 | -413.952 | -413.952,"-3,33% | -6,60% | -6,60% | -6,60% | -6,60% | -6,60%",,2ddías,5.856.474,6.057.966 | 6.270.426 | 6.270.426 | 6.270.426 | 6.270.426 | 6.270.426,Mediocampista
Ochoa,Málaga,0 | 0 | 0 | 0 | 0 | 0,"0,00% | 0,00% | 0,00% | 0,00% | 0,00% | 0,00%",,40ddías,3.513.040,3.513.040 | 3.513.040 | 3.513.040 | 3.513.040 | 3.513.040 | 3.513.040,Mediocampista
Enríquez,Málaga,-17.952 | -34.838 | -52.414 | -87.829 | -220.088 | -646.446,"-2,28% | -4,34% | -6,39% | -10,26% | -22,28% | -45,71%",,44ddías,767.822,785.774 | 802.660 | 820.236 | 855.651 | 987.910 | 1.414.268,Mediocampista
Juanpe,Málaga,0 | 0 | 0 | 0 | 0 | 0,"0,00% | 0,00% | 0,00% | 0,00% | 0,00% | 0,00%",,40ddías,581.931,581.931 | 581.931 | 581.931 | 581.931 | 581.931 | 581.931,Mediocampista
Joaquín,Málaga,-133.381 | -241.889 | -367.951 | -752.038 | -1.771.431 | -4.586.869,"-2,06% | -3,68% | -5,49% | -10,61% | -21,85% | -41,99%",,44ddías,6.336.604,6.469.985 | 6.578.493 | 6.704.555 | 7.088.642 | 8.108.035 | 10.923.473,Delantero
Jauregi,Málaga,-34.260 | -66.761 | -100.299 | -218.757 | -349.480 | -349.480,"-2,76% | -5,24% | -7,68% | -15,35% | -22,46% | -22,46%",,10ddías,1.206.294,1.240.554 | 1.273.055 | 1.306.593 | 1.425.051 | 1.555.774 | 1.555.774,Delantero
Salinas,Racing,+125.663 | +189.160 | +209.869 | -237.990 | -237.990 | -237.990,"+2,22% | +3,38% | +3,76% | -3,95% | -3,95% | -3,95%",,3ddías,5.784.366,5.658.703 | 5.595.206 | 5.574.497 | 6.022.356 | 6.022.356 | 6.022.356,Defensa
Haitam,Málaga,-3.118 | -5.453 | -6.971 | -23.143 | -50.630 | -138.782,"-0,75% | -1,31% | -1,66% | -5,32% | -10,95% | -25,21%",,44ddías,411.806,414.924 | 417.259 | 418.777 | 434.949 | 462.436 | 550.588,Delantero
Jiménez,Racing,0 | 0 | 0 | 0 | 0 | 0,"0,00% | 0,00% | 0,00% | 0,00% | 0,00% | 0,00%",,40ddías,602.234,602.234 | 602.234 | 602.234 | 602.234 | 602.234 | 602.234,Portero
Eriksson,Racing,-77.807 | -157.779 | -208.778 | -261.169 | +30.269 | +293.451,"-2,80% | -5,52% | -7,18% | -8,82% | +1,13% | +12,20%",,7ddías,2.699.326,2.777.133 | 2.857.105 | 2.908.104 | 2.960.495 | 2.669.057 | 2.405.875,Portero
Laro Gómez,Racing,0 | 0 | 0 | 0 | 0 | 0,"0,00% | 0,00% | 0,00% | 0,00% | 0,00% | 0,00%",,40ddías,602.234,602.234 | 602.234 | 602.234 | 602.234 | 602.234 | 602.234,Portero
Mantilla,Racing,-46.557 | -91.929 | -93.766 | +71.211 | +390.460 | +481.237,"-1,70% | -3,29% | -3,36% | +2,71% | +16,91% | +21,70%",,3ddías,2.699.282,2.745.839 | 2.791.211 | 2.793.048 | 2.628.071 | 2.308.822 | 2.218.045,Defensa
Sainz-Maza,Racing,-15.329 | -30.383 | -45.150 | -104.405 | -247.466 | -706.049,"-2,13% | -4,13% | -6,02% | -12,90% | -25,99% | -50,04%",,44ddías,704.846,720.175 | 735.229 | 749.996 | 809.251 | 952.312 | 1.410.895,Defensa
Hernando,Racing,+51.192 | +77.955 | +51.812 | -54.413 | -195.409 | -705.981,"+2,94% | +4,54% | +2,97% | -2,94% | -9,82% | -28,23%",,2ddías,1.795.236,1.744.044 | 1.717.281 | 1.743.424 | 1.849.649 | 1.990.645 | 2.501.217,Defensa
Vencedor,Athletic,0 | 0 | 0 | 0 | 0 | 0,"0,00% | 0,00% | 0,00% | 0,00% | 0,00% | 0,00%",,41ddías,2.208.253,2.208.253 | 2.208.253 | 2.208.253 | 2.208.253 | 2.208.253 | 2.208.253,Mediocampista
Jonny,Alavés,+197.770 | +327.510 | +386.159 | +291.647 | -59.896 | -1.687.600,"+3,54% | +6,00% | +7,15% | +5,31% | -1,02% | -22,58%",,3ddías,5.785.898,5.588.128 | 5.458.388 | 5.399.739 | 5.494.251 | 5.845.794 | 7.473.498,Defensa
Fortuny,Real Madrid,0 | 0 | 0 | 0 | 0 | 0,"0,00% | 0,00% | 0,00% | 0,00% | 0,00% | 0,00%",,41ddías,602.234,602.234 | 602.234 | 602.234 | 602.234 | 602.234 | 602.234,Mediocampista
Ratiu,Rayo,+45.865 | +88.832 | +132.860 | +81.316 | -1.837.833 | -14.269.442,"+0,13% | +0,25% | +0,37% | +0,23% | -4,89% | -28,54%",,5ddías,35.730.558,35.684.693 | 35.641.726 | 35.597.698 | 35.649.242 | 37.568.391 | 50.000.000,Defensa
Ibáñez,Alavés,+62.472 | +104.589 | +127.306 | +180.540 | +44.624 | -1.001.232,"+1,86% | +3,16% | +3,87% | +5,58% | +1,32% | -22,67%",,6ddías,3.416.112,3.353.640 | 3.311.523 | 3.288.806 | 3.235.572 | 3.371.488 | 4.417.344,Mediocampista
Mojica,Getafe,-76.634 | -268.373 | -456.281 | +8.917.805 | +8.917.805 | +8.917.805,"-0,68% | -2,33% | -3,89% | 0% | 0% | 0%",,5ddías,11.265.779,11.342.413 | 11.534.152 | 11.722.060 | 0 | 0 | 0,Defensa
Catena,Osasuna,-365.433 | -641.936 | -952.358 | -2.054.823 | -5.026.268 | -2.831.222,"-1,10% | -1,91% | -2,81% | -5,86% | -13,22% | -7,90%",,20ddías,32.996.802,33.362.235 | 33.638.738 | 33.949.160 | 35.051.625 | 38.023.070 | 35.828.024,Defensa
Herrando,Osasuna,-36.169 | -73.106 | -109.495 | -220.010 | -512.136 | -1.561.344,"-2,26% | -4,47% | -6,55% | -12,34% | -24,69% | -49,99%",,44ddías,1.562.216,1.598.385 | 1.635.322 | 1.671.711 | 1.782.226 | 2.074.352 | 3.123.560,Defensa
Iker Muñoz,Osasuna,-22.873 | -44.993 | -67.896 | -91.401 | -230.645 | -956.430,"-1,74% | -3,36% | -4,99% | -6,60% | -15,13% | -42,50%",,4ddías,1.293.981,1.316.854 | 1.338.974 | 1.361.877 | 1.385.382 | 1.524.626 | 2.250.411,Mediocampista
Dimitrievski,Valencia,+279.293 | +534.250 | +791.616 | +2.284.888 | +3.143.667 | +3.143.667,"+1,87% | +3,65% | +5,50% | +17,71% | +26,10% | +26,10%",,11ddías,15.189.544,14.910.251 | 14.655.294 | 14.397.928 | 12.904.656 | 12.045.877 | 12.045.877,Portero
Isi,Rayo,+327.149 | +792.915 | +1.154.309 | +3.613.848 | +2.902.705 | +92.895,"+1,62% | +4,03% | +5,98% | +21,44% | +16,52% | +0,46%",,9ddías,20.471.475,20.144.326 | 19.678.560 | 19.317.166 | 16.857.627 | 17.568.770 | 20.378.580,Delantero
Moi Gómez,Osasuna,-44.226 | -79.740 | -120.003 | -236.431 | -536.668 | -1.615.806,"-2,30% | -4,08% | -6,01% | -11,19% | -22,24% | -46,27%",,44ddías,1.876.544,1.920.770 | 1.956.284 | 1.996.547 | 2.112.975 | 2.413.212 | 3.492.350,Mediocampista
Nteka,Rayo,-5.642 | -15.714 | -20.661 | -90.045 | -292.338 | -974.475,"-0,45% | -1,26% | -1,64% | -6,79% | -19,13% | -44,09%",,44ddías,1.235.677,1.241.319 | 1.251.391 | 1.256.338 | 1.325.722 | 1.528.015 | 2.210.152,Delantero
Cárdenas,Rayo,-9.701 | -8.937 | -17.182 | -49.881 | -134.734 | -415.041,"-1,67% | -1,54% | -2,93% | -8,05% | -19,12% | -42,14%",,1ddías,569.778,579.479 | 578.715 | 586.960 | 619.659 | 704.512 | 984.819,Portero
Unai López,Rayo,+49.051 | +88.592 | +101.139 | +241.983 | +123.183 | -146.246,"+0,82% | +1,50% | +1,71% | +4,19% | +2,09% | -2,37%",,6ddías,6.011.743,5.962.692 | 5.923.151 | 5.910.604 | 5.769.760 | 5.888.560 | 6.157.989,Mediocampista
Álvaro García,Rayo,+573.190 | +1.082.053 | +1.548.805 | +2.070.339 | +3.152.246 | +5.987.215,"+2,99% | +5,79% | +8,50% | +11,70% | +18,98% | +43,47%",,28ddías,19.760.158,19.186.968 | 18.678.105 | 18.211.353 | 17.689.819 | 16.607.912 | 13.772.943,Mediocampista
De Frutos,Rayo,-939.301 | -1.913.050 | -2.772.953 | -5.475.508 | -4.580.434 | +9.675.264,"-2,13% | -4,25% | -6,04% | -11,27% | -9,61% | +28,94%",,9ddías,43.106.435,44.045.736 | 45.019.485 | 45.879.388 | 48.581.943 | 47.686.869 | 33.431.171,Delantero
Balliu,Rayo,-1.753 | -2.720 | -2.491 | +97.043 | +144.755 | -145.384,"-0,18% | -0,28% | -0,26% | +11,16% | +17,62% | -13,08%",,2ddías,966.295,968.048 | 969.015 | 968.786 | 869.252 | 821.540 | 1.111.679,Defensa
Pathé Ciss,Rayo,+499.976 | +994.095 | +1.224.276 | +1.658.021 | +2.538.372 | +1.863.703,"+3,92% | +8,11% | +10,17% | +14,29% | +23,68% | +16,36%",,18ddías,13.257.936,12.757.960 | 12.263.841 | 12.033.660 | 11.599.915 | 10.719.564 | 11.394.233,Mediocampista
Budimir,Osasuna,+253.096 | +464.525 | +915.959 | +3.605.726 | +4.224.015 | -8.105.580,"+0,49% | +0,90% | +1,80% | +7,47% | +8,86% | -13,51%",,10ddías,51.894.420,51.641.324 | 51.429.895 | 50.978.461 | 48.288.694 | 47.670.405 | 60.000.000,Delantero
Rubén GarcíaRubén G.,Osasuna,+25.497 | +85.778 | +166.838 | +763.051 | +615.228 | -1.795.208,"+0,18% | +0,62% | +1,20% | +5,75% | +4,59% | -11,35%",,9ddías,14.025.032,13.999.535 | 13.939.254 | 13.858.194 | 13.261.981 | 13.409.804 | 15.820.240,Mediocampista
Lejeune,Rayo,-714.702 | -1.270.358 | -1.552.038 | -1.544.299 | -3.649.036 | -18.236.224,"-1,91% | -3,34% | -4,05% | -4,03% | -9,03% | -33,16%",,3ddías,36.763.776,37.478.478 | 38.034.134 | 38.315.814 | 38.308.075 | 40.412.812 | 55.000.000,Defensa
Moleiro,Villarreal,-622.523 | -1.019.557 | -965.648 | +1.380.237 | +9.575.032 | -29.625.596,"-0,93% | -1,51% | -1,43% | +2,12% | +16,84% | 0%",,2ddías,66.434.872,67.057.395 | 67.454.429 | 67.400.520 | 65.054.635 | 56.859.840 | 0,Mediocampista
Eric Garcia,Barcelona,+180.930 | +228.573 | +209.576 | -1.343.936 | -6.489.370 | -14.483.904,"+0,41% | +0,51% | +0,47% | -2,92% | -12,67% | -24,45%",,2ddías,44.744.328,44.563.398 | 44.515.755 | 44.534.752 | 46.088.264 | 51.233.698 | 59.228.232,Defensa
Boyé,Alavés,-286.282 | -601.824 | -935.840 | -2.085.666 | -3.509.715 | -6.566.687,"-2,52% | -5,16% | -7,80% | -15,87% | -24,09% | -37,26%",,40ddías,11.058.281,11.344.563 | 11.660.105 | 11.994.121 | 13.143.947 | 14.567.996 | 17.624.968,Delantero
Miguel Ángel RubioMiguel Rubio,Espanyol,-8.271 | -15.973 | -23.082 | -64.046 | -145.969 | -435.955,"-1,52% | -2,90% | -4,13% | -10,68% | -21,42% | -44,88%",,44ddías,535.469,543.740 | 551.442 | 558.551 | 599.515 | 681.438 | 971.424,Defensa
Villar,Elche,0 | 0 | 0 | 0 | 0 | 0,"0,00% | 0,00% | 0,00% | 0,00% | 0,00% | 0,00%",,41ddías,7.027.127,7.027.127 | 7.027.127 | 7.027.127 | 7.027.127 | 7.027.127 | 7.027.127,Mediocampista
S. Cardona,Villarreal,-77.159 | -164.316 | -195.898 | -244.991 | -459.899 | -1.100.892,"-1,69% | -3,53% | -4,18% | -5,18% | -9,29% | -19,70%",,4ddías,4.488.737,4.565.896 | 4.653.053 | 4.684.635 | 4.733.728 | 4.948.636 | 5.589.629,Defensa
Javi Muñoz,Getafe,-10.432 | -20.386 | -29.840 | -77.852 | -177.118 | -538.054,"-1,75% | -3,35% | -4,83% | -11,70% | -23,17% | -47,81%",,44ddías,587.337,597.769 | 607.723 | 617.177 | 665.189 | 764.455 | 1.125.391,Mediocampista
Valles,Betis,+243.137 | +393.705 | +657.094 | +2.499.118 | +8.889.224 | +19.453.961,"+0,73% | +1,18% | +1,98% | +7,99% | +35,73% | +135,88%",,43ddías,33.770.602,33.527.465 | 33.376.897 | 33.113.508 | 31.271.484 | 24.881.378 | 14.316.641,Portero
Aitor,Osasuna,-6.056 | -11.451 | -16.156 | -38.632 | -78.643 | -256.884,"-1,24% | -2,32% | -3,24% | -7,42% | -14,02% | -34,75%",,9ddías,482.310,488.366 | 493.761 | 498.466 | 520.942 | 560.953 | 739.194,Portero
Copete,Valencia,-56.967 | -114.590 | -173.480 | -429.785 | -970.766 | -2.747.265,"-3,23% | -6,30% | -9,24% | -20,14% | -36,29% | -61,72%",,44ddías,1.704.177,1.761.144 | 1.818.767 | 1.877.657 | 2.133.962 | 2.674.943 | 4.451.442,Defensa
Herrera,Osasuna,-357.943 | -688.506 | -986.918 | -1.483.098 | +3.422.723 | +15.895.042,"-0,92% | -1,75% | -2,49% | -3,70% | +9,73% | +69,96%",,6ddías,38.615.591,38.973.534 | 39.304.097 | 39.602.509 | 40.098.689 | 35.192.868 | 22.720.549,Portero
Torró,Osasuna,-30.668 | -63.310 | -100.104 | -168.736 | -333.628 | -1.021.894,"-1,28% | -2,61% | -4,06% | -6,65% | -12,35% | -30,16%",,40ddías,2.366.882,2.397.550 | 2.430.192 | 2.466.986 | 2.535.618 | 2.700.510 | 3.388.776,Mediocampista
Moncayola,Osasuna,-8.152 | +21.498 | +55.283 | +387.999 | +947.311 | +1.182.163,"-0,12% | +0,31% | +0,81% | +5,95% | +15,88% | +20,63%",,1ddías,6.911.551,6.919.703 | 6.890.053 | 6.856.268 | 6.523.552 | 5.964.240 | 5.729.388,Mediocampista
Oroz,Osasuna,+44.765 | +53.090 | +107.410 | +586.885 | +1.153.172 | -2.087.063,"+0,28% | +0,33% | +0,67% | +3,78% | +7,71% | -11,47%",,12ddías,16.114.339,16.069.574 | 16.061.249 | 16.006.929 | 15.527.454 | 14.961.167 | 18.201.402,Mediocampista
Kike Barja,Osasuna,-68.482 | -137.400 | -201.423 | -498.891 | -498.891 | -498.891,"-2,88% | -5,61% | -8,01% | -17,75% | -17,75% | -17,75%",,7ddías,2.311.937,2.380.419 | 2.449.337 | 2.513.360 | 2.810.828 | 2.810.828 | 2.810.828,Delantero
Areso,Athletic,+19.324 | +39.816 | +51.410 | +205.819 | +533.217 | +56.552,"+0,66% | +1,38% | +1,78% | +7,55% | +22,23% | +1,97%",,16ddías,2.932.241,2.912.917 | 2.892.425 | 2.880.831 | 2.726.422 | 2.399.024 | 2.875.689,Defensa
Valentín,Rayo,+123.977 | +199.612 | +252.826 | +387.771 | +462.935 | -690.438,"+3,28% | +5,38% | +6,92% | +11,02% | +13,44% | -15,02%",,12ddías,3.907.802,3.783.825 | 3.708.190 | 3.654.976 | 3.520.031 | 3.444.867 | 4.598.240,Mediocampista
Camello,Rayo,-40.094 | -74.889 | -101.815 | -94.294 | -205.209 | -1.038.613,"-1,32% | -2,43% | -3,27% | -3,04% | -6,39% | -25,67%",,3ddías,3.008.177,3.048.271 | 3.083.066 | 3.109.992 | 3.102.471 | 3.213.386 | 4.046.790,Delantero
Iglesias,Sevilla,+147.845 | +232.130 | +253.557 | -486.833 | -486.833 | -486.833,"+1,24% | +1,96% | +2,15% | -3,88% | -3,88% | -3,88%",,5ddías,12.061.519,11.913.674 | 11.829.389 | 11.807.962 | 12.548.352 | 12.548.352 | 12.548.352,Defensa
Le Normand,Atlético,+206.913 | +355.553 | +462.590 | +671.221 | -32.363 | -2.110.773,"+1,99% | +3,47% | +4,56% | +6,76% | -0,30% | -16,60%",,5ddías,10.606.751,10.399.838 | 10.251.198 | 10.144.161 | 9.935.530 | 10.639.114 | 12.717.524,Defensa
Zakharyan,Real Sociedad,-19.085 | -44.481 | -70.021 | -161.448 | -382.522 | -1.115.155,"-1,97% | -4,48% | -6,87% | -14,54% | -28,72% | -54,02%",,44ddías,949.305,968.390 | 993.786 | 1.019.326 | 1.110.753 | 1.331.827 | 2.064.460,Mediocampista
Molina,Rayo,0 | 0 | 0 | 0 | 0 | 0,"0,00% | 0,00% | 0,00% | 0,00% | 0,00% | 0,00%",,41ddías,602.234,602.234 | 602.234 | 602.234 | 602.234 | 602.234 | 602.234,Portero
Olasagasti,Levante,-72.892 | -138.221 | -143.880 | +157.266 | +542.639 | -255.261,"-1,69% | -3,16% | -3,28% | +3,85% | +14,68% | -5,68%",,3ddías,4.238.886,4.311.778 | 4.377.107 | 4.382.766 | 4.081.620 | 3.696.247 | 4.494.147,Mediocampista
Sadiq,Valencia,-113.321 | -219.831 | -312.435 | -606.792 | -2.211.667 | -6.377.464,"-1,71% | -3,27% | -4,59% | -8,54% | -25,40% | -49,54%",,42ddías,6.494.791,6.608.112 | 6.714.622 | 6.807.226 | 7.101.583 | 8.706.458 | 12.872.255,Delantero
Pacheco,Real Sociedad,0 | 0 | 0 | 0 | 0 | 0,"0,00% | 0,00% | 0,00% | 0,00% | 0,00% | 0,00%",,41ddías,4.015.452,4.015.452 | 4.015.452 | 4.015.452 | 4.015.452 | 4.015.452 | 4.015.452,Defensa
Turrientes,Real Sociedad,-107.626 | -187.488 | -179.806 | +97.463 | -241.186 | -2.164.326,"-1,52% | -2,62% | -2,52% | +1,42% | -3,35% | -23,73%",,2ddías,6.956.237,7.063.863 | 7.143.725 | 7.136.043 | 6.858.774 | 7.197.423 | 9.120.563,Mediocampista
Marrero,Real Sociedad,-26.538 | -54.062 | -81.631 | -168.525 | -372.816 | -1.053.246,"-2,48% | -4,93% | -7,26% | -13,91% | -26,33% | -50,24%",,44ddías,1.043.226,1.069.764 | 1.097.288 | 1.124.857 | 1.211.751 | 1.416.042 | 2.096.472,Portero
Marín,Real Sociedad,-41.631 | -87.489 | -134.343 | -332.696 | -751.403 | -2.126.239,"-2,85% | -5,81% | -8,66% | -19,01% | -34,64% | -59,99%",,44ddías,1.417.842,1.459.473 | 1.505.331 | 1.552.185 | 1.750.538 | 2.169.245 | 3.544.081,Mediocampista
Fraga,Real Sociedad,0 | 0 | 0 | 0 | 0 | 0,"0,00% | 0,00% | 0,00% | 0,00% | 0,00% | 0,00%",,41ddías,602.234,602.234 | 602.234 | 602.234 | 602.234 | 602.234 | 602.234,Portero
Urko,Espanyol,+78.294 | +137.397 | +105.082 | +103.683 | -94.334 | -993.594,"+1,64% | +2,91% | +2,21% | +2,18% | -1,91% | -16,99%",,2ddías,4.855.759,4.777.465 | 4.718.362 | 4.750.677 | 4.752.076 | 4.950.093 | 5.849.353,Mediocampista
Dmitrovic,Espanyol,+689.819 | +1.125.975 | +1.132.520 | +1.862.080 | +6.618.082 | +18.292.912,"+1,82% | +3,00% | +3,02% | +5,06% | +20,63% | +89,67%",,43ddías,38.692.655,38.002.836 | 37.566.680 | 37.560.135 | 36.830.575 | 32.074.573 | 20.399.743,Portero
Pedrosa,Sevilla,0 | 0 | 0 | 0 | 0 | 0,"0,00% | 0,00% | 0,00% | 0,00% | 0,00% | 0,00%",,41ddías,3.312.788,3.312.788 | 3.312.788 | 3.312.788 | 3.312.788 | 3.312.788 | 3.312.788,Defensa
Mariano,Alavés,+339.240 | +501.790 | +649.684 | +585.843 | +413.232 | -238.324,"+27,16% | +46,18% | +69,21% | +58,44% | +35,16% | -13,05%",,3ddías,1.588.371,1.249.131 | 1.086.581 | 938.687 | 1.002.528 | 1.175.139 | 1.826.695,Delantero
Marcão,Sevilla,-10.870 | -21.280 | -31.209 | -77.127 | -184.007 | -539.506,"-1,79% | -3,44% | -4,96% | -11,43% | -23,53% | -47,44%",,44ddías,597.846,608.716 | 619.126 | 629.055 | 674.973 | 781.853 | 1.137.352,Defensa
Manu Bueno,Sevilla,-14.216 | -31.271 | -48.122 | -48.122 | -48.122 | -48.122,"-1,85% | -3,98% | -6,00% | -6,00% | -6,00% | -6,00%",,3ddías,753.977,768.193 | 785.248 | 802.099 | 802.099 | 802.099 | 802.099,Mediocampista
Oyarzabal,Real Sociedad,+331.051 | +532.491 | +488.078 | -1.496.871 | -5.939.281 | -51.017.778,"+0,52% | +0,85% | +0,78% | -2,31% | -8,57% | 0%",,2ddías,63.393.396,63.062.345 | 62.860.905 | 62.905.318 | 64.890.267 | 69.332.677 | 0,Delantero
Barrenetxea,Real Sociedad,-295.423 | -533.172 | -769.593 | -1.581.519 | -5.033.251 | -6.378.189,"-0,91% | -1,63% | -2,34% | -4,70% | -13,56% | -16,58%",,22ddías,32.093.028,32.388.451 | 32.626.200 | 32.862.621 | 33.674.547 | 37.126.279 | 38.471.217,Mediocampista
Courtois,Real Madrid,+1.214.929 | +1.755.619 | +2.628.508 | +5.655.548 | +5.512.088 | +4.666.323,"+1,95% | +2,85% | +4,32% | +9,78% | +9,51% | +7,94%",,9ddías,63.453.776,62.238.847 | 61.698.157 | 60.825.268 | 57.798.228 | 57.941.688 | 58.787.453,Portero
Tchouaméni,Real Madrid,-582.548 | -1.112.177 | -1.585.556 | -3.797.073 | -8.273.977 | -20.229.431,"-1,44% | -2,71% | -3,82% | -8,68% | -17,15% | -33,61%",,29ddías,39.959.167,40.541.715 | 41.071.344 | 41.544.723 | 43.756.240 | 48.233.144 | 60.188.598,Mediocampista
Militão,Real Madrid,-323.735 | -645.038 | -956.077 | -2.389.049 | -5.308.426 | -14.741.693,"-2,92% | -5,65% | -8,15% | -18,15% | -33,01% | -57,78%",,44ddías,10.772.406,11.096.141 | 11.417.444 | 11.728.483 | 13.161.455 | 16.080.832 | 25.514.099,Defensa
Bellingham,Real Madrid,+938.798 | +1.864.135 | +2.539.686 | +1.632.794 | -3.235.247 | -40.992.010,"+1,04% | +2,08% | +2,86% | +1,82% | -3,42% | 0%",,5ddías,91.443.979,90.505.181 | 89.579.844 | 88.904.293 | 89.811.185 | 94.679.226 | 0,Mediocampista
Vinicius,Real Madrid,+167.387 | +138.164 | +283.957 | +2.343.792 | +7.935.142 | -46.629.247,"+0,16% | +0,13% | +0,26% | +2,22% | +7,94% | 0%",,1ddías,107.867.272,107.699.885 | 107.729.108 | 107.583.315 | 105.523.480 | 99.932.130 | 0,Delantero
Rodrygo,Real Madrid,-54.852 | -117.135 | -177.128 | -451.574 | -997.589 | -2.523.603,"-1,92% | -4,02% | -5,96% | -13,91% | -26,30% | -47,44%",,34ddías,2.795.673,2.850.525 | 2.912.808 | 2.972.801 | 3.247.247 | 3.793.262 | 5.319.276,Delantero
Camavinga,Real Madrid,-202.403 | -378.055 | -544.379 | -1.241.288 | -3.159.272 | -8.773.262,"-2,05% | -3,77% | -5,34% | -11,39% | -24,65% | -47,61%",,44ddías,9.655.459,9.857.862 | 10.033.514 | 10.199.838 | 10.896.747 | 12.814.731 | 18.428.721,Mediocampista
Lunin,Real Madrid,-43.428 | -74.685 | -107.740 | -194.432 | -441.589 | -1.163.523,"-2,09% | -3,54% | -5,02% | -8,72% | -17,82% | -36,36%",,44ddías,2.036.422,2.079.850 | 2.111.107 | 2.144.162 | 2.230.854 | 2.478.011 | 3.199.945,Portero
Valverde,Real Madrid,+863.680 | +1.572.735 | +2.084.922 | +1.090.755 | -3.443.533 | -17.141.680,"+1,23% | +2,26% | +3,02% | +1,56% | -4,62% | -19,42%",,4ddías,71.116.581,70.252.901 | 69.543.846 | 69.031.659 | 70.025.826 | 74.560.114 | 88.258.261,Mediocampista
Fran García,Betis,0 | 0 | 0 | 0 | 0 | 0,"0,00% | 0,00% | 0,00% | 0,00% | 0,00% | 0,00%",,42ddías,9.591.157,9.591.157 | 9.591.157 | 9.591.157 | 9.591.157 | 9.591.157 | 9.591.157,Defensa
Zubeldia,Real Sociedad,-329 | +134.262 | +248.043 | +565.482 | +247.469 | -1.719.883,"0,00% | +1,32% | +2,47% | +5,81% | +2,46% | -14,31%",,1ddías,10.295.291,10.295.620 | 10.161.029 | 10.047.248 | 9.729.809 | 10.047.822 | 12.015.174,Defensa
Brahim,Real Madrid,+72.714 | +191.169 | +243.032 | +94.681 | -1.726.765 | -6.693.889,"+0,67% | +1,78% | +2,28% | +0,88% | -13,66% | -38,02%",,5ddías,10.912.501,10.839.787 | 10.721.332 | 10.669.469 | 10.817.820 | 12.639.266 | 17.606.390,Mediocampista
Rüdiger,Real Madrid,+380.210 | +732.103 | +1.019.301 | +1.172.753 | -446.068 | -7.628.440,"+1,33% | +2,59% | +3,64% | +4,22% | -1,52% | -20,83%",,5ddías,28.992.282,28.612.072 | 28.260.179 | 27.972.981 | 27.819.529 | 29.438.350 | 36.620.722,Defensa
Mendy,Real Madrid,-14.651 | -29.000 | -43.032 | -103.888 | -249.635 | -762.843,"-2,08% | -4,04% | -5,88% | -13,11% | -26,61% | -52,56%",,44ddías,688.594,703.245 | 717.594 | 731.626 | 792.482 | 938.229 | 1.451.437,Defensa
Güler,Real Madrid,+1.670.296 | +2.529.651 | +3.438.066 | +5.453.518 | +1.902.441 | -10.814.817,"+3,07% | +4,72% | +6,53% | +10,77% | +3,51% | -16,16%",,7ddías,56.090.061,54.419.765 | 53.560.410 | 52.651.995 | 50.636.543 | 54.187.620 | 66.904.878,Mediocampista
Remiro,Real Sociedad,-406.020 | -828.341 | -1.259.093 | -2.853.449 | -2.195.054 | +13.083.955,"-0,96% | -1,94% | -2,93% | -6,39% | -4,99% | +45,59%",,10ddías,41.781.193,42.187.213 | 42.609.534 | 43.040.286 | 44.634.642 | 43.976.247 | 28.697.238,Portero
Odriozola,Real Sociedad,-9.439 | -18.358 | -26.734 | -66.038 | -157.886 | -484.676,"-1,65% | -3,16% | -4,53% | -10,49% | -21,89% | -46,24%",,44ddías,563.489,572.928 | 581.847 | 590.223 | 629.527 | 721.375 | 1.048.165,Defensa
Aihen,Real Sociedad,-34.758 | -67.970 | -102.778 | -222.725 | -508.732 | -1.465.949,"-2,63% | -5,03% | -7,41% | -14,78% | -28,37% | -53,30%",,44ddías,1.284.500,1.319.258 | 1.352.470 | 1.387.278 | 1.507.225 | 1.793.232 | 2.750.449,Defensa
Herrera,Real Sociedad,-37.462 | -61.071 | -94.231 | -161.447 | -442.583 | -1.731.053,"-1,25% | -2,02% | -3,08% | -5,17% | -13,00% | -36,88%",,41ddías,2.962.252,2.999.714 | 3.023.323 | 3.056.483 | 3.123.699 | 3.404.835 | 4.693.305,Mediocampista
Mayoral,Getafe,-53.113 | -108.854 | -163.541 | -202.797 | -350.196 | -1.066.758,"-1,86% | -3,74% | -5,52% | -6,75% | -11,11% | -27,57%",,44ddías,2.801.827,2.854.940 | 2.910.681 | 2.965.368 | 3.004.624 | 3.152.023 | 3.868.585,Delantero
Canós,Valencia,-5.949 | -11.233 | -15.822 | -45.612 | -103.003 | -919.681,"-1,22% | -2,29% | -3,19% | -8,68% | -17,68% | 0%",,21ddías,479.735,485.684 | 490.968 | 495.557 | 525.347 | 582.738 | 0,Delantero
Prados,Athletic,-32.211 | -64.735 | -92.710 | -192.774 | -430.235 | -1.214.343,"-2,36% | -4,63% | -6,50% | -12,64% | -24,40% | -47,67%",,44ddías,1.332.913,1.365.124 | 1.397.648 | 1.425.623 | 1.525.687 | 1.763.148 | 2.547.256,Mediocampista
N. Williams,Athletic,-628.333 | -1.221.923 | -1.876.108 | -5.792.886 | -14.310.207 | -3.280.690,"-1,01% | -1,94% | -2,95% | -8,58% | -18,82% | -5,05%",,14ddías,61.719.310,62.347.643 | 62.941.233 | 63.595.418 | 67.512.196 | 76.029.517 | 65.000.000,Delantero
Guruzeta,Athletic,+383.707 | +788.154 | +985.291 | +1.537.801 | +2.640.739 | +2.320.196,"+2,67% | +5,64% | +7,15% | +11,62% | +21,77% | +18,63%",,18ddías,14.773.074,14.389.367 | 13.984.920 | 13.787.783 | 13.235.273 | 12.132.335 | 12.452.878,Delantero
Agirrezabala,Racing,+392.698 | +610.935 | +751.825 | +643.465 | +643.465 | +643.465,"+12,42% | +20,75% | +26,82% | +22,10% | +22,10% | +22,10%",,4ddías,3.554.550,3.161.852 | 2.943.615 | 2.802.725 | 2.911.085 | 2.911.085 | 2.911.085,Portero
R. de Galarreta,Athletic,+165.876 | +334.772 | +361.888 | +896.088 | +2.147.313 | +1.439.657,"+1,31% | +2,69% | +2,91% | +7,54% | +20,18% | +12,69%",,19ddías,12.786.831,12.620.955 | 12.452.059 | 12.424.943 | 11.890.743 | 10.639.518 | 11.347.174,Mediocampista
Yuri,Athletic,-97.689 | -162.684 | -200.246 | -394.789 | -1.511.091 | -5.773.441,"-0,79% | -1,31% | -1,60% | -3,11% | -10,95% | -31,95%",,29ddías,12.294.334,12.392.023 | 12.457.018 | 12.494.580 | 12.689.123 | 13.805.425 | 18.067.775,Defensa
Villalibre,Racing,-88.083 | -142.589 | -113.482 | +106.214 | -391.452 | -391.452,"-1,22% | -1,96% | -1,57% | +1,51% | -5,20% | -5,20%",,2ddías,7.136.494,7.224.577 | 7.279.083 | 7.249.976 | 7.030.280 | 7.527.946 | 7.527.946,Delantero
Egiluz,Athletic,-2.941 | -5.091 | -6.416 | -21.732 | -47.342 | -128.531,"-0,72% | -1,23% | -1,55% | -5,06% | -10,41% | -23,98%",,44ddías,407.536,410.477 | 412.627 | 413.952 | 429.268 | 454.878 | 536.067,Defensa
Sancet,Athletic,-837.470 | -1.631.569 | -2.445.954 | -5.900.502 | -5.585.525 | +10.262.335,"-1,84% | -3,53% | -5,20% | -11,69% | -11,14% | +29,92%",,10ddías,44.559.384,45.396.854 | 46.190.953 | 47.005.338 | 50.459.886 | 50.144.909 | 34.297.049,Mediocampista
Giménez,Atlético,-82.061 | -162.307 | -248.403 | -613.682 | -1.454.961 | -4.000.258,"-1,85% | -3,60% | -5,41% | -12,37% | -25,08% | -47,93%",,39ddías,4.345.502,4.427.563 | 4.507.809 | 4.593.905 | 4.959.184 | 5.800.463 | 8.345.760,Defensa
Koke,Atlético,-210.042 | -455.109 | -697.253 | -2.233.705 | -2.233.705 | -2.233.705,"-1,33% | -2,85% | -4,30% | -12,57% | -12,57% | -12,57%",,7ddías,15.533.966,15.744.008 | 15.989.075 | 16.231.219 | 17.767.671 | 17.767.671 | 17.767.671,Mediocampista
Lemar,Atlético,-165.172 | +3.120.203 | +3.120.203 | +3.120.203 | +3.120.203 | +3.120.203,"-3,33% | 0% | 0% | 0% | 0% | 0%",,1ddías,4.800.833,4.966.005 | 0 | 0 | 0 | 0 | 0,Mediocampista
Oblak,Atlético,-456.356 | -942.488 | -1.391.657 | -3.042.725 | -3.647.583 | +5.077.352,"-0,89% | -1,82% | -2,66% | -5,64% | -6,68% | +11,07%",,11ddías,50.938.615,51.394.971 | 51.881.103 | 52.330.272 | 53.981.340 | 54.586.198 | 45.861.263,Portero
M. Llorente,Atlético,-425.102 | -961.640 | -1.331.554 | -3.589.458 | -9.377.743 | -15.807.430,"-0,86% | -1,92% | -2,64% | -6,81% | -16,04% | -24,36%",,24ddías,49.081.128,49.506.230 | 50.042.768 | 50.412.682 | 52.670.586 | 58.458.871 | 64.888.558,Defensa
Galán,Celta,-256.444 | -561.286 | -866.501 | -2.214.601 | -2.968.186 | -2.968.186,"-2,18% | -4,65% | -7,00% | -16,14% | -20,50% | -20,50%",,9ddías,11.507.643,11.764.087 | 12.068.929 | 12.374.144 | 13.722.244 | 14.475.829 | 14.475.829,Defensa
Barrios,Atlético,+84.230 | +113.795 | +182.469 | -367.177 | -7.959.547 | -4.087.009,"+0,20% | +0,27% | +0,44% | -0,87% | -15,95% | -8,88%",,5ddías,41.930.075,41.845.845 | 41.816.280 | 41.747.606 | 42.297.252 | 49.889.622 | 46.017.084,Mediocampista
I. Williams,Athletic,-148.079 | -318.725 | -457.389 | -1.308.785 | -3.239.056 | +3.034.469,"-0,55% | -1,17% | -1,67% | -4,64% | -10,75% | +12,71%",,13ddías,26.903.271,27.051.350 | 27.221.996 | 27.360.660 | 28.212.056 | 30.142.327 | 23.868.802,Delantero
Berenguer,Athletic,-107.104 | -183.685 | -282.451 | -564.471 | -1.339.043 | -3.175.277,"-1,22% | -2,08% | -3,16% | -6,13% | -13,41% | -26,86%",,35ddías,8.648.142,8.755.246 | 8.831.827 | 8.930.593 | 9.212.613 | 9.987.185 | 11.823.419,Delantero
Balde,Barcelona,+81.311 | +162.676 | +388.172 | +667.188 | -2.136.908 | -515.864,"+0,34% | +0,69% | +1,67% | +2,90% | -8,28% | -2,13%",,5ddías,23.672.162,23.590.851 | 23.509.486 | 23.283.990 | 23.004.974 | 25.809.070 | 24.188.026,Defensa
Guridi,Sevilla,+397.717 | +590.379 | +749.527 | +578.747 | +578.747 | +578.747,"+7,65% | +11,79% | +15,46% | +11,53% | +11,53% | +11,53%",,5ddías,5.598.062,5.200.345 | 5.007.683 | 4.848.535 | 5.019.315 | 5.019.315 | 5.019.315,Mediocampista
Gorosabel,Athletic,-49.365 | -96.496 | -141.996 | -317.644 | -875.149 | -2.489.103,"-2,26% | -4,32% | -6,24% | -12,95% | -29,08% | -53,83%",,44ddías,2.134.637,2.184.002 | 2.231.133 | 2.276.633 | 2.452.281 | 3.009.786 | 4.623.740,Defensa
Abqar,Getafe,-7.735 | +9.979 | +47.325 | +595.588 | +1.642.161 | +1.995.716,"-0,11% | +0,14% | +0,66% | +8,98% | +29,42% | +38,17%",,1ddías,7.224.568,7.232.303 | 7.214.589 | 7.177.243 | 6.628.980 | 5.582.407 | 5.228.852,Defensa
Guevara,Alavés,-28.688 | -57.253 | -85.933 | -168.094 | -361.511 | -1.064.004,"-2,72% | -5,29% | -7,73% | -14,08% | -26,06% | -50,92%",,44ddías,1.025.478,1.054.166 | 1.082.731 | 1.111.411 | 1.193.572 | 1.386.989 | 2.089.482,Mediocampista
Blanco,Alavés,-53.684 | -157.998 | -239.523 | -315.146 | -1.110.329 | -4.931.621,"-0,36% | -1,06% | -1,60% | -2,09% | -7,01% | -25,08%",,3ddías,14.731.133,14.784.817 | 14.889.131 | 14.970.656 | 15.046.279 | 15.841.462 | 19.662.754,Mediocampista
Rioja,Valencia,-360.284 | -730.583 | -1.099.647 | -2.763.902 | -6.242.335 | -10.634.528,"-3,14% | -6,16% | -8,99% | -19,89% | -35,93% | -48,86%",,44ddías,11.129.406,11.489.690 | 11.859.989 | 12.229.053 | 13.893.308 | 17.371.741 | 21.763.934,Mediocampista
Tenaglia,Alavés,+839.606 | +1.422.172 | +1.942.274 | +2.049.875 | +1.749.619 | -224.728,"+5,39% | +9,49% | +13,42% | +14,27% | +11,93% | -1,35%",,6ddías,16.414.367,15.574.761 | 14.992.195 | 14.472.093 | 14.364.492 | 14.664.748 | 16.639.095,Defensa
Kike García,Espanyol,-107.049 | -216.041 | -324.581 | -815.917 | -1.830.136 | -4.015.720,"-3,25% | -6,35% | -9,25% | -20,40% | -36,50% | -55,77%",,42ddías,3.184.470,3.291.519 | 3.400.511 | 3.509.051 | 4.000.387 | 5.014.606 | 7.200.190,Delantero
Rebbach,Alavés,-5.389 | -28.328 | -69.667 | -359.280 | -956.883 | -2.798.603,"-0,15% | -0,78% | -1,89% | -9,03% | -20,91% | -43,61%",,42ddías,3.619.397,3.624.786 | 3.647.725 | 3.689.064 | 3.978.677 | 4.576.280 | 6.418.000,Delantero
Yeray,Athletic,+30.652 | +41.857 | +65.665 | +344.836 | +783.955 | -141.716,"+0,65% | +0,88% | +1,39% | +7,78% | +19,63% | -2,88%",,16ddías,4.777.545,4.746.893 | 4.735.688 | 4.711.880 | 4.432.709 | 3.993.590 | 4.919.261,Defensa
Carlos BenavidezProtesoni,Alavés,-78.294 | -156.958 | -235.802 | -548.389 | -548.389 | -548.389,"-3,08% | -5,99% | -8,74% | -18,21% | -18,21% | -18,21%",,7ddías,2.463.199,2.541.493 | 2.620.157 | 2.699.001 | 3.011.588 | 3.011.588 | 3.011.588,Mediocampista
Owono,Alavés,-21.614 | -43.215 | -63.984 | +45.623 | +45.623 | +45.623,"-2,46% | -4,81% | -6,96% | 0% | 0% | 0%",,6ddías,855.691,877.305 | 898.906 | 919.675 | 0 | 0 | 0,Portero
Adrián,Alavés,-25.071 | -50.532 | -76.139 | -695.347 | -695.347 | -695.347,"-2,58% | -5,08% | -7,46% | 0% | 0% | 0%",,5ddías,944.868,969.939 | 995.400 | 1.021.007 | 0 | 0 | 0,Portero
Pubill,Atlético,-652.687 | -1.406.686 | -2.051.842 | -6.337.531 | -16.488.574 | +1.002.145,"-1,14% | -2,42% | -3,49% | -10,05% | -22,52% | +1,80%",,15ddías,56.731.119,57.383.806 | 58.137.805 | 58.782.961 | 63.068.650 | 73.219.693 | 55.728.974,Defensa
Unai Simón,Athletic,-669.781 | -1.488.533 | -2.146.617 | -4.870.779 | -6.289.492 | +18.597.048,"-1,27% | -2,79% | -3,97% | -8,58% | -10,81% | +55,87%",,11ddías,51.885.668,52.555.449 | 53.374.201 | 54.032.285 | 56.756.447 | 58.175.160 | 33.288.620,Portero
Vivian,Athletic,-287.956 | -590.582 | -889.834 | -2.226.224 | -4.881.334 | -12.587.073,"-2,91% | -5,78% | -8,46% | -18,79% | -33,65% | -56,67%",,33ddías,9.622.707,9.910.663 | 10.213.289 | 10.512.541 | 11.848.931 | 14.504.041 | 22.209.780,Defensa
Paredes,Athletic,+105.580 | +171.806 | +244.210 | +676.175 | +1.155.317 | +271.894,"+2,00% | +3,30% | +4,75% | +14,36% | +27,31% | +5,32%",,16ddías,5.385.813,5.280.233 | 5.214.007 | 5.141.603 | 4.709.638 | 4.230.496 | 5.113.919,Defensa
Riquelme,Betis,+75.621 | +152.644 | +217.944 | +659.920 | +909.734 | +51.971,"+1,79% | +3,67% | +5,33% | +18,09% | +26,77% | +1,22%",,12ddías,4.307.815,4.232.194 | 4.155.171 | 4.089.871 | 3.647.895 | 3.398.081 | 4.255.844,Mediocampista
Gavi,Barcelona,-681.463 | -1.281.334 | -1.880.791 | -4.777.688 | -8.570.823 | +949.808,"-2,20% | -4,07% | -5,86% | -13,65% | -22,09% | +3,24%",,13ddías,30.230.535,30.911.998 | 31.511.869 | 32.111.326 | 35.008.223 | 38.801.358 | 29.280.727,Mediocampista
Diego Rico,Osasuna,-157.970 | -327.447 | -327.447 | -327.447 | -327.447 | -327.447,"-3,33% | -6,66% | -6,66% | -6,66% | -6,66% | -6,66%",,2ddías,4.591.505,4.749.475 | 4.918.952 | 4.918.952 | 4.918.952 | 4.918.952 | 4.918.952,Defensa
Iván Villar,Celta,-22.714 | -45.986 | -69.313 | -137.602 | -299.757 | -850.295,"-2,48% | -4,89% | -7,19% | -13,33% | -25,10% | -48,73%",,44ddías,894.684,917.398 | 940.670 | 963.997 | 1.032.286 | 1.194.441 | 1.744.979,Portero
Chust,Elche,+155.397 | +132.238 | +84.491 | -271.882 | -271.882 | -271.882,"+3,38% | +2,87% | +1,81% | -5,42% | -5,42% | -5,42%",,1ddías,4.747.494,4.592.097 | 4.615.256 | 4.663.003 | 5.019.376 | 5.019.376 | 5.019.376,Defensa
Starfelt,Celta,+13.699 | +25.007 | +96.242 | +567.153 | +2.408.550 | +3.424.081,"+0,10% | +0,18% | +0,69% | +4,20% | +20,64% | +32,13%",,21ddías,14.079.477,14.065.778 | 14.054.470 | 13.983.235 | 13.512.324 | 11.670.927 | 10.655.396,Defensa
U. Núñez,Espanyol,+340.983 | +530.890 | +559.064 | +642.557 | +329.615 | -785.773,"+8,76% | +14,34% | +15,22% | +17,89% | +8,44% | -15,66%",,6ddías,4.233.341,3.892.358 | 3.702.451 | 3.674.277 | 3.590.784 | 3.903.726 | 5.019.114,Defensa
Dotor,Málaga,-100.678 | -200.665 | -304.141 | -770.260 | -770.260 | -765.857,"-3,01% | -5,82% | -8,57% | -19,19% | -19,19% | 0%",,7ddías,3.244.644,3.345.322 | 3.445.309 | 3.548.785 | 4.014.904 | 4.014.904 | 0,Mediocampista
Carles Pérez,Celta,-30.963 | -62.303 | -94.035 | -227.509 | -523.420 | -543.980,"-2,79% | -5,45% | -8,01% | -17,40% | -32,64% | 0%",,21ddías,1.080.086,1.111.049 | 1.142.389 | 1.174.121 | 1.307.595 | 1.603.506 | 0,Delantero
Aspas,Celta,-75.637 | -155.760 | -227.651 | -527.099 | -1.354.471 | -3.658.618,"-1,08% | -2,20% | -3,18% | -7,07% | -16,35% | -34,55%",,38ddías,6.930.450,7.006.087 | 7.086.210 | 7.158.101 | 7.457.549 | 8.284.921 | 10.589.068,Delantero
Swedberg,Celta,-81.494 | -177.077 | -267.445 | -409.046 | -993.968 | -3.299.247,"-1,04% | -2,23% | -3,33% | -5,00% | -11,35% | -29,82%",,4ddías,7.765.059,7.846.553 | 7.942.136 | 8.032.504 | 8.174.105 | 8.759.027 | 11.064.306,Mediocampista
Ruibal,Betis,-65.325 | -131.297 | -197.826 | -489.955 | -1.107.266 | -3.144.211,"-3,04% | -5,94% | -8,68% | -19,06% | -34,73% | -60,18%",,44ddías,2.080.626,2.145.951 | 2.211.923 | 2.278.452 | 2.570.581 | 3.187.892 | 5.224.837,Delantero
Miguel,Alavés,-89.926 | -181.070 | -271.552 | +2.193.930 | +2.193.930 | +2.193.930,"-3,03% | -5,93% | -8,63% | 0% | 0% | 0%",,5ddías,2.873.691,2.963.617 | 3.054.761 | 3.145.243 | 0 | 0 | 0,Delantero
Sotelo,Levante,0 | 0 | 0 | 0 | 0 | -200.243,"0,00% | 0,00% | 0,00% | 0,00% | 0,00% | -12,65%",,19ddías,1.382.803,1.382.803 | 1.382.803 | 1.382.803 | 1.382.803 | 1.382.803 | 1.583.046,Mediocampista
Djené,Getafe,+226.911 | +392.641 | +506.283 | +1.019.111 | +727.338 | +727.338,"+2,54% | +4,48% | +5,85% | +12,52% | +8,63% | +8,63%",,6ddías,9.159.830,8.932.919 | 8.767.189 | 8.653.547 | 8.140.719 | 8.432.492 | 8.432.492,Defensa
Enes Ünal,Getafe,-27.343 | -73.725 | -125.172 | +10.677.922 | +10.677.922 | +10.677.922,"-0,22% | -0,59% | -1,01% | 0% | 0% | 0%",,5ddías,12.321.087,12.348.430 | 12.394.812 | 12.446.259 | 0 | 0 | 0,Delantero
Aleñá,Alavés,-82.963 | -160.069 | -237.387 | -293.589 | -606.423 | -1.841.504,"-2,23% | -4,21% | -6,12% | -7,46% | -14,27% | -33,57%",,44ddías,3.643.429,3.726.392 | 3.803.498 | 3.880.816 | 3.937.018 | 4.249.852 | 5.484.933,Mediocampista
Carmona,Sevilla,-97.245 | -194.260 | -269.487 | -344.150 | -599.371 | -1.614.930,"-2,33% | -4,56% | -6,21% | -7,80% | -12,84% | -28,42%",,39ddías,4.067.828,4.165.073 | 4.262.088 | 4.337.315 | 4.411.978 | 4.667.199 | 5.682.758,Defensa
Soria,Getafe,+649.774 | +1.083.777 | +1.532.864 | +3.492.645 | +2.213.230 | +2.213.230,"+3,11% | +5,31% | +7,67% | +19,39% | +11,47% | +11,47%",,7ddías,21.509.584,20.859.810 | 20.425.807 | 19.976.720 | 18.016.939 | 19.296.354 | 19.296.354,Portero
Navarro,Athletic,-13.147 | -21.459 | -26.800 | +28.956 | -22.969 | -506.492,"-0,62% | -1,01% | -1,26% | +1,40% | -1,08% | -19,40%",,3ddías,2.104.068,2.117.215 | 2.125.527 | 2.130.868 | 2.075.112 | 2.127.037 | 2.610.560,Mediocampista
Isco,Betis,-422.124 | -1.009.502 | -1.353.862 | -3.120.146 | -7.623.181 | +42.652.829,"-0,78% | -1,85% | -2,47% | -5,51% | -12,46% | 0%",,28ddías,53.545.340,53.967.464 | 54.554.842 | 54.899.202 | 56.665.486 | 61.168.521 | 0,Mediocampista
Pedri,Barcelona,+1.122.048 | +1.948.516 | +2.606.665 | +2.356.020 | -3.043.815 | -87.363.311,"+1,25% | +2,18% | +2,94% | +2,65% | -3,23% | 0%",,5ddías,91.174.281,90.052.233 | 89.225.765 | 88.567.616 | 88.818.261 | 94.218.096 | 0,Mediocampista
Cubarsí,Barcelona,-274.514 | -587.918 | -771.578 | -4.448.210 | -13.969.778 | -7.730.233,"-0,36% | -0,76% | -1,00% | -5,48% | -15,40% | -9,15%",,20ddías,76.749.566,77.024.080 | 77.337.484 | 77.521.144 | 81.197.776 | 90.719.344 | 84.479.799,Defensa
Raphinha,Barcelona,+2.395.852 | +3.948.145 | +5.690.191 | +13.807.418 | +20.096.955 | -787.519,"+2,72% | +4,56% | +6,70% | +17,99% | +28,51% | -0,86%",,12ddías,90.578.555,88.182.703 | 86.630.410 | 84.888.364 | 76.771.137 | 70.481.600 | 91.366.074,Delantero
A. Christensen,Barcelona,0 | 0 | 0 | 0 | 0 | 0,"0,00% | 0,00% | 0,00% | 0,00% | 0,00% | 0,00%",,41ddías,5.019.340,5.019.340 | 5.019.340 | 5.019.340 | 5.019.340 | 5.019.340 | 5.019.340,Defensa
M. Alonso,Celta,-228.306 | -578.382 | -868.806 | -1.512.231 | -43.377.951 | -43.377.951,"-0,80% | -2,00% | -2,98% | -5,07% | 0% | 0%",,12ddías,28.326.168,28.554.474 | 28.904.550 | 29.194.974 | 29.838.399 | 0 | 0,Defensa
F. de Jong,Barcelona,-774.346 | -1.541.295 | -2.314.654 | -5.926.780 | -13.474.483 | -21.033.580,"-3,17% | -6,12% | -8,92% | -20,05% | -36,31% | -47,08%",,20ddías,23.638.560,24.412.906 | 25.179.855 | 25.953.214 | 29.565.340 | 37.113.043 | 44.672.140,Mediocampista
Koundé,Barcelona,-411.253 | -803.126 | -1.226.444 | -3.618.106 | -9.080.659 | -7.662.000,"-1,02% | -1,98% | -2,99% | -8,35% | -18,60% | -16,17%",,20ddías,39.728.920,40.140.173 | 40.532.046 | 40.955.364 | 43.347.026 | 48.809.579 | 47.390.920,Defensa
Yamal,Barcelona,+593.997 | +297.109 | +78.324 | -2.497.050 | -2.373.195 | +55.904.462,"+0,47% | +0,24% | +0,06% | -1,94% | -1,85% | 0%",,1ddías,126.200.645,125.606.648 | 125.903.536 | 126.122.321 | 128.697.695 | 128.573.840 | 0,Delantero
Casadó,Barcelona,-28.700 | -53.186 | -75.162 | -162.040 | -350.147 | -754.405,"-1,72% | -3,14% | -4,38% | -8,99% | -17,59% | -31,50%",,44ddías,1.640.476,1.669.176 | 1.693.662 | 1.715.638 | 1.802.516 | 1.990.623 | 2.394.881,Mediocampista
Fermín,Barcelona,+1.510.581 | +2.711.215 | +4.169.686 | +9.335.411 | +7.561.781 | -11.298.085,"+2,22% | +4,06% | +6,39% | +15,53% | +12,22% | -13,99%",,9ddías,69.444.480,67.933.899 | 66.733.265 | 65.274.794 | 60.109.069 | 61.882.699 | 80.742.565,Mediocampista
Marc Roca,Betis,-26.488 | -55.346 | -55.184 | +117.297 | +604.256 | +326.975,"-0,49% | -1,02% | -1,02% | +2,24% | +12,74% | +6,51%",,2ddías,5.348.551,5.375.039 | 5.403.897 | 5.403.735 | 5.231.254 | 4.744.295 | 5.021.576,Mediocampista
Bellerín,Betis,+45.209 | +117.833 | +228.186 | +1.225.662 | +3.057.266 | +3.903.479,"+0,31% | +0,82% | +1,60% | +9,22% | +26,67% | +36,77%",,21ddías,14.519.646,14.474.437 | 14.401.813 | 14.291.460 | 13.293.984 | 11.462.380 | 10.616.167,Defensa
Guido,Valencia,-396.983 | -754.970 | -1.092.421 | -1.831.818 | +22.544.060 | +22.544.060,"-1,60% | -2,99% | -4,27% | -6,96% | 0% | 0%",,12ddías,24.469.601,24.866.584 | 25.224.571 | 25.562.022 | 26.301.419 | 0 | 0,Mediocampista
Abde,Betis,-793.836 | -1.522.138 | -2.305.611 | -6.612.741 | -16.084.335 | -89.792.101,"-1,85% | -3,49% | -5,19% | -13,58% | -27,65% | 0%",,28ddías,42.090.016,42.883.852 | 43.612.154 | 44.395.627 | 48.702.757 | 58.174.351 | 0,Delantero
Iglesias,Celta,-299.879 | -589.451 | -839.597 | -1.989.808 | -5.311.538 | -103.441,"-1,14% | -2,22% | -3,13% | -7,11% | -16,96% | -0,40%",,17ddías,26.007.847,26.307.726 | 26.597.298 | 26.847.444 | 27.997.655 | 31.319.385 | 26.111.288,Delantero
Ayoze,Villarreal,-9.690 | -17.985 | +312.446 | +1.462.408 | +1.283.475 | -849.839,"-0,05% | -0,10% | +1,80% | +9,03% | +7,84% | -4,59%",,2ddías,17.664.470,17.674.160 | 17.682.455 | 17.352.024 | 16.202.062 | 16.380.995 | 18.514.309,Delantero
Bartra,Betis,-342.458 | -539.107 | -674.211 | -510.876 | +1.407.647 | +6.180.286,"-1,24% | -1,94% | -2,42% | -1,84% | +5,46% | +29,39%",,4ddías,27.212.108,27.554.566 | 27.751.215 | 27.886.319 | 27.722.984 | 25.804.461 | 21.031.822,Defensa
Juan Cruz,Málaga,-160.039 | -296.248 | -424.269 | -4.823.080 | -4.823.080 | -4.823.080,"-1,05% | -1,92% | -2,72% | 0% | 0% | 0%",,6ddías,15.145.363,15.305.402 | 15.441.611 | 15.569.632 | 0 | 0 | 0,Mediocampista
Diakhaby,Valencia,-109.627 | -229.516 | -335.546 | -728.535 | -1.690.548 | -3.609.060,"-1,98% | -4,06% | -5,82% | -11,84% | -23,76% | -39,95%",,24ddías,5.425.348,5.534.975 | 5.654.864 | 5.760.894 | 6.153.883 | 7.115.896 | 9.034.408,Defensa
Kubo,Real Sociedad,+433.228 | +776.432 | +1.261.518 | +2.756.811 | +1.372.290 | -7.813.110,"+1,74% | +3,17% | +5,25% | +12,23% | +5,74% | -23,60%",,9ddías,25.297.136,24.863.908 | 24.520.704 | 24.035.618 | 22.540.325 | 23.924.846 | 33.110.246,Mediocampista
Javi Guerra,Valencia,+111.453 | +251.744 | +381.631 | +659.721 | -88.525 | -3.591.820,"+0,46% | +1,04% | +1,58% | +2,76% | -0,36% | -12,76%",,6ddías,24.565.065,24.453.612 | 24.313.321 | 24.183.434 | 23.905.344 | 24.653.590 | 28.156.885,Mediocampista
Lo Celso,Betis,-999.483 | -1.981.696 | -2.934.463 | -6.879.037 | -6.056.417 | +6.584.915,"-2,87% | -5,54% | -7,99% | -16,90% | -15,19% | +24,18%",,9ddías,33.814.428,34.813.911 | 35.796.124 | 36.748.891 | 40.693.465 | 39.870.845 | 27.229.513,Mediocampista
Berrocal,Getafe,-46.374 | -93.558 | -141.315 | +438.276 | +438.276 | +438.276,"-3,06% | -5,99% | -8,77% | 0% | 0% | 0%",,6ddías,1.469.586,1.515.960 | 1.563.144 | 1.610.901 | 0 | 0 | 0,Defensa
Jon Martín,Real Sociedad,0 | 0 | 0 | 0 | 0 | 0,"0,00% | 0,00% | 0,00% | 0,00% | 0,00% | 0,00%",,41ddías,30.111.790,30.111.790 | 30.111.790 | 30.111.790 | 30.111.790 | 30.111.790 | 30.111.790,Defensa
Aramburu,Real Sociedad,+148.104 | +367.988 | +561.173 | +1.310.272 | +3.005.218 | +8.369.129,"+0,83% | +2,08% | +3,21% | +7,84% | +20,01% | +86,68%",,43ddías,18.024.141,17.876.037 | 17.656.153 | 17.462.968 | 16.713.869 | 15.018.923 | 9.655.012,Defensa
Luiz Junior,Villarreal,-452.022 | -952.459 | -1.375.807 | -3.089.839 | -2.864.734 | +9.805.157,"-1,22% | -2,53% | -3,62% | -7,77% | -7,25% | +36,52%",,10ddías,36.657.467,37.109.489 | 37.609.926 | 38.033.274 | 39.747.306 | 39.522.201 | 26.852.310,Portero
Logan Costa,Villarreal,-32.672 | -63.794 | -89.448 | -170.405 | -351.189 | -1.035.726,"-2,73% | -5,20% | -7,14% | -12,78% | -23,19% | -47,10%",,44ddías,1.163.095,1.195.767 | 1.226.889 | 1.252.543 | 1.333.500 | 1.514.284 | 2.198.821,Defensa
Iturbe,Elche,-17.896 | -35.625 | -35.625 | -35.625 | -35.625 | -35.625,"-2,28% | -4,44% | -4,44% | -4,44% | -4,44% | -4,44%",,2ddías,766.474,784.370 | 802.099 | 802.099 | 802.099 | 802.099 | 802.099,Portero
Otorbi,Valencia,0 | 0 | 0 | 0 | 0 | 0,"0,00% | 0,00% | 0,00% | 0,00% | 0,00% | 0,00%",,41ddías,602.292,602.292 | 602.292 | 602.292 | 602.292 | 602.292 | 602.292,Delantero
Hugo Álvarez,Celta,-55.682 | -111.030 | -163.510 | -303.417 | -660.934 | -2.117.220,"-1,94% | -3,79% | -5,49% | -9,73% | -19,01% | -42,92%",,44ddías,2.815.286,2.870.968 | 2.926.316 | 2.978.796 | 3.118.703 | 3.476.220 | 4.932.506,Mediocampista
Manu González,Betis,0 | 0 | 0 | 0 | 0 | 0,"0,00% | 0,00% | 0,00% | 0,00% | 0,00% | 0,00%",,41ddías,581.691,581.691 | 581.691 | 581.691 | 581.691 | 581.691 | 581.691,Portero
Alfon,Sevilla,-180.089 | -362.474 | -548.602 | -1.358.084 | -1.599.298 | -1.599.298,"-3,21% | -6,26% | -9,18% | -20,01% | -22,76% | -22,76%",,8ddías,5.427.463,5.607.552 | 5.789.937 | 5.976.065 | 6.785.547 | 7.026.761 | 7.026.761,Delantero
Risco,Getafe,-13.553 | -26.758 | -40.467 | -40.467 | -40.467 | -40.467,"-2,01% | -3,88% | -5,76% | -5,76% | -5,76% | -5,76%",,3ddías,662.238,675.791 | 688.996 | 702.705 | 702.705 | 702.705 | 702.705,Mediocampista
Pelayo,Rayo,-23.039 | -46.573 | -71.614 | -718.778 | -718.778 | -718.778,"-2,37% | -4,68% | -7,01% | 0% | 0% | 0%",,5ddías,949.393,972.432 | 995.966 | 1.021.007 | 0 | 0 | 0,Defensa
De la Sías,Rayo,-9.857 | -19.212 | -28.702 | -28.702 | -28.702 | -28.702,"-1,69% | -3,24% | -4,77% | -4,77% | -4,77% | -4,77%",,3ddías,573.532,583.389 | 592.744 | 602.234 | 602.234 | 602.234 | 602.234,Defensa
Óskarsson,Real Sociedad,-119.592 | -234.313 | -337.794 | -753.174 | -1.734.928 | -4.781.977,"-1,60% | -3,08% | -4,38% | -9,27% | -19,05% | -39,34%",,44ddías,7.374.131,7.493.723 | 7.608.444 | 7.711.925 | 8.127.305 | 9.109.059 | 12.156.108,Delantero
Pau Navarro,Villarreal,-208.572 | -451.885 | -594.079 | -922.083 | -1.578.301 | -4.587.389,"-2,42% | -5,10% | -6,60% | -9,89% | -15,81% | -35,32%",,44ddías,8.401.915,8.610.487 | 8.853.800 | 8.995.994 | 9.323.998 | 9.980.216 | 12.989.304,Defensa
Kumbulla,Rayo,-157.130 | -311.078 | -468.043 | +4.218.520 | +4.218.520 | +4.218.520,"-2,98% | -5,73% | -8,38% | 0% | 0% | 0%",,5ddías,5.115.671,5.272.801 | 5.426.749 | 5.583.714 | 0 | 0 | 0,Defensa
Javi Rodríguez,Celta,+12.754 | +10.318 | -70.196 | -965.115 | -965.115 | -965.115,"+0,14% | +0,11% | -0,77% | -9,61% | -9,61% | -9,61%",,1ddías,9.072.537,9.059.783 | 9.062.219 | 9.142.733 | 10.037.652 | 10.037.652 | 10.037.652,Defensa
Szczesny,Barcelona,-51.958 | -105.108 | -156.106 | -346.703 | -783.042 | -1.055.813,"-2,36% | -4,66% | -6,76% | -13,87% | -26,67% | -32,91%",,17ddías,2.152.587,2.204.545 | 2.257.695 | 2.308.693 | 2.499.290 | 2.935.629 | 3.208.400,Portero
Ferrer,Getafe,-13.553 | -26.758 | -40.467 | -40.467 | -40.467 | -40.467,"-2,01% | -3,88% | -5,76% | -5,76% | -5,76% | -5,76%",,3ddías,662.238,675.791 | 688.996 | 702.705 | 702.705 | 702.705 | 702.705,Portero
Novoa,Alavés,-21.656 | -43.301 | -64.933 | +207.210 | +207.210 | +207.210,"-2,47% | -4,81% | -7,05% | 0% | 0% | 0%",,5ddías,856.709,878.365 | 900.010 | 921.642 | 0 | 0 | 0,Defensa
Letácek,Getafe,-13.344 | -26.330 | -38.943 | -95.697 | -218.915 | -644.579,"-1,99% | -3,85% | -5,59% | -12,71% | -24,99% | -49,51%",,44ddías,657.212,670.556 | 683.542 | 696.155 | 752.909 | 876.127 | 1.301.791,Portero
Uche,Getafe,-629.334 | -1.263.648 | -1.914.089 | -4.838.083 | +5.796.997 | +5.796.997,"-3,29% | -6,40% | -9,38% | -20,74% | 0% | 0%",,12ddías,18.491.746,19.121.080 | 19.755.394 | 20.405.835 | 23.329.829 | 0 | 0,Delantero
Alvarez,Atlético,-68.287 | +410.139 | +677.869 | +1.617.893 | +169.093 | +23.136.403,"-0,10% | +0,58% | +0,96% | +2,32% | +0,24% | 0%",,1ddías,71.224.797,71.293.084 | 70.814.658 | 70.546.928 | 69.606.904 | 71.055.704 | 0,Delantero
Padilla,Athletic,-44.847 | -92.300 | -92.300 | -92.300 | -92.300 | -92.300,"-3,08% | -6,13% | -6,13% | -6,13% | -6,13% | -6,13%",,2ddías,1.413.288,1.458.135 | 1.505.588 | 1.505.588 | 1.505.588 | 1.505.588 | 1.505.588,Portero
Jauregizar,Athletic,-114.449 | -223.081 | -190.971 | +362.343 | +2.617.732 | +9.163.315,"-0,41% | -0,79% | -0,67% | +1,30% | +10,26% | +48,31%",,2ddías,28.129.565,28.244.014 | 28.352.646 | 28.320.536 | 27.767.222 | 25.511.833 | 18.966.250,Mediocampista
Boiro,Athletic,-5.740 | -10.806 | -15.169 | -40.935 | -93.988 | -262.259,"-1,19% | -2,23% | -3,10% | -7,94% | -16,53% | -35,59%",,28ddías,474.732,480.472 | 485.538 | 489.901 | 515.667 | 568.720 | 736.991,Defensa
Leo Román,Deportivo,+637.807 | +943.567 | +1.271.456 | +3.369.996 | +9.468.877 | +36.232.715,"+1,70% | +2,54% | +3,45% | +9,70% | +33,07% | 0%",,20ddías,38.101.137,37.463.330 | 37.157.570 | 36.829.681 | 34.731.141 | 28.632.260 | 0,Portero
Durán,Celta,-24.426 | -49.932 | -73.205 | -187.710 | -437.085 | -1.208.480,"-2,52% | -5,01% | -7,18% | -16,55% | -31,59% | -56,08%",,44ddías,946.590,971.016 | 996.522 | 1.019.795 | 1.134.300 | 1.383.675 | 2.155.070,Delantero
Mario Martín,Getafe,+94.676 | +155.040 | +186.347 | +76.841 | +76.841 | +76.841,"+2,37% | +3,94% | +4,77% | +1,91% | +1,91% | +1,91%",,5ddías,4.092.313,3.997.637 | 3.937.273 | 3.905.966 | 4.015.472 | 4.015.472 | 4.015.472,Mediocampista
Olmo,Barcelona,-425.067 | -1.026.012 | -1.424.990 | -4.299.509 | -11.186.450 | -43.528.106,"-0,69% | -1,66% | -2,28% | -6,59% | -15,51% | 0%",,28ddías,60.951.624,61.376.691 | 61.977.636 | 62.376.614 | 65.251.133 | 72.138.074 | 0,Mediocampista
Musso,Atlético,-98.814 | -190.922 | -279.624 | -633.147 | -1.415.276 | -3.669.934,"-2,33% | -4,41% | -6,32% | -13,26% | -25,46% | -46,97%",,44ddías,4.143.172,4.241.986 | 4.334.094 | 4.422.796 | 4.776.319 | 5.558.448 | 7.813.106,Portero
Toni Martinez,Alavés,+385.364 | +652.880 | +831.645 | +640.652 | -794.346 | -7.047.052,"+1,51% | +2,59% | +3,32% | +2,54% | -2,98% | -21,40%",,5ddías,25.881.773,25.496.409 | 25.228.893 | 25.050.128 | 25.241.121 | 26.676.119 | 32.928.825,Delantero
Duro,Valencia,+1.674 | +37.991 | +39.142 | -15.245 | -604.842 | -2.435.577,"+0,02% | +0,45% | +0,46% | -0,18% | -6,63% | -22,23%",,5ddías,8.519.258,8.517.584 | 8.481.267 | 8.480.116 | 8.534.503 | 9.124.100 | 10.954.835,Delantero
Bernal,Barcelona,+146.229 | +310.513 | +563.169 | +1.614.195 | +3.547.023 | +4.096.408,"+1,93% | +4,20% | +7,88% | +26,48% | +85,20% | +113,35%",,18ddías,7.710.332,7.564.103 | 7.399.819 | 7.147.163 | 6.096.137 | 4.163.309 | 3.613.924,Mediocampista
Natan,Betis,-615.301 | -1.268.947 | -1.881.364 | -4.501.858 | -4.100.773 | +6.598.275,"-1,60% | -3,24% | -4,72% | -10,60% | -9,75% | +21,05%",,10ddías,37.948.502,38.563.803 | 39.217.449 | 39.829.866 | 42.450.360 | 42.049.275 | 31.350.227,Defensa
Etta Eyong,Levante,-510.029 | -797.194 | -729.074 | +43.596 | +4.051.130 | +11.419.194,"-2,00% | -3,09% | -2,84% | +0,17% | +19,37% | +84,27%",,2ddías,24.970.145,25.480.174 | 25.767.339 | 25.699.219 | 24.926.549 | 20.919.015 | 13.550.951,Delantero
Spina,Atlético,0 | 0 | 0 | 0 | 0 | 0,"0,00% | 0,00% | 0,00% | 0,00% | 0,00% | 0,00%",,41ddías,702.702,702.702 | 702.702 | 702.702 | 702.702 | 702.702 | 702.702,Defensa
Álvaro,Deportivo,-128.777 | -225.176 | -296.028 | -613.623 | -1.196.492 | -2.986.354,"-2,87% | -4,92% | -6,37% | -12,35% | -21,55% | -40,68%",,44ddías,4.354.431,4.483.208 | 4.579.607 | 4.650.459 | 4.968.054 | 5.550.923 | 7.340.785,Portero
Fran González,Sevilla,-11.970 | -23.303 | -34.766 | -41.710 | -69.981 | -69.981,"-1,86% | -3,55% | -5,21% | -6,19% | -9,96% | -9,96%",,10ddías,632.641,644.611 | 655.944 | 667.407 | 674.351 | 702.622 | 702.622,Portero
Rayane,Atlético,0 | 0 | 0 | 0 | 0 | 0,"0,00% | 0,00% | 0,00% | 0,00% | 0,00% | 0,00%",,41ddías,678.006,678.006 | 678.006 | 678.006 | 678.006 | 678.006 | 678.006,Delantero
Ortiz,Betis,0 | 0 | 0 | 0 | 0 | 0,"0,00% | 0,00% | 0,00% | 0,00% | 0,00% | 0,00%",,41ddías,1.706.372,1.706.372 | 1.706.372 | 1.706.372 | 1.706.372 | 1.706.372 | 1.706.372,Defensa
Osambela,Osasuna,0 | 0 | 0 | 0 | 0 | 0,"0,00% | 0,00% | 0,00% | 0,00% | 0,00% | 0,00%",,41ddías,501.932,501.932 | 501.932 | 501.932 | 501.932 | 501.932 | 501.932,Mediocampista
Juanpe,Rayo,0 | 0 | 0 | 0 | 0 | 0,"0,00% | 0,00% | 0,00% | 0,00% | 0,00% | 0,00%",,41ddías,602.234,602.234 | 602.234 | 602.234 | 602.234 | 602.234 | 602.234,Portero
Yáñez,Real Madrid,0 | 0 | 0 | 0 | 0 | 0,"0,00% | 0,00% | 0,00% | 0,00% | 0,00% | 0,00%",,41ddías,702.606,702.606 | 702.606 | 702.606 | 702.606 | 702.606 | 702.606,Delantero
D. Aguado,Real Madrid,0 | 0 | 0 | 0 | 0 | 0,"0,00% | 0,00% | 0,00% | 0,00% | 0,00% | 0,00%",,41ddías,774.109,774.109 | 774.109 | 774.109 | 774.109 | 774.109 | 774.109,Defensa
Mariezkurrena,Real Sociedad,0 | 0 | 0 | 0 | 0 | 0,"0,00% | 0,00% | 0,00% | 0,00% | 0,00% | 0,00%",,41ddías,677.966,677.966 | 677.966 | 677.966 | 677.966 | 677.966 | 677.966,Delantero
Valou,Getafe,-9.857 | -19.212 | -28.760 | -28.760 | -28.760 | -28.760,"-1,69% | -3,24% | -4,78% | -4,78% | -4,78% | -4,78%",,3ddías,573.532,583.389 | 592.744 | 602.292 | 602.292 | 602.292 | 602.292,Defensa
Castrín,Sevilla,-103.937 | -190.099 | -290.597 | -744.287 | -744.287 | -744.287,"-2,48% | -4,45% | -6,65% | -15,43% | -15,43% | -15,43%",,7ddías,4.078.729,4.182.666 | 4.268.828 | 4.369.326 | 4.823.016 | 4.823.016 | 4.823.016,Defensa
Rafa,Sevilla,0 | 0 | 0 | 0 | 0 | 0,"0,00% | 0,00% | 0,00% | 0,00% | 0,00% | 0,00%",,41ddías,602.257,602.257 | 602.257 | 602.257 | 602.257 | 602.257 | 602.257,Portero
Diatta,Villarreal,-8.039 | -15.500 | -22.357 | -51.755 | -51.755 | -51.755,"-1,49% | -2,84% | -4,05% | -8,90% | -8,90% | -8,90%",,6ddías,529.901,537.940 | 545.401 | 552.258 | 581.656 | 581.656 | 581.656,Mediocampista
Swiderski,Alavés,-9.884 | -19.267 | -28.126 | -28.126 | -28.126 | -28.126,"-1,69% | -3,25% | -4,67% | -4,67% | -4,67% | -4,67%",,3ddías,574.190,584.074 | 593.457 | 602.316 | 602.316 | 602.316 | 602.316,Portero
Pablo García,Betis,0 | 0 | 0 | 0 | 0 | 0,"0,00% | 0,00% | 0,00% | 0,00% | 0,00% | 0,00%",,41ddías,2.509.371,2.509.371 | 2.509.371 | 2.509.371 | 2.509.371 | 2.509.371 | 2.509.371,Delantero
Bekhoucha,Getafe,0 | 0 | 0 | 0 | 0 | 0,"0,00% | 0,00% | 0,00% | 0,00% | 0,00% | 0,00%",,41ddías,1.104.254,1.104.254 | 1.104.254 | 1.104.254 | 1.104.254 | 1.104.254 | 1.104.254,Defensa
Arguibide,Osasuna,0 | 0 | 0 | 0 | 0 | 0,"0,00% | 0,00% | 0,00% | 0,00% | 0,00% | 0,00%",,41ddías,582.013,582.013 | 582.013 | 582.013 | 582.013 | 582.013 | 582.013,Defensa
Niño,Málaga,-68.369 | -136.443 | -205.879 | -434.091 | -547.243 | -1.083.613,"-2,91% | -5,65% | -8,28% | -16,00% | -19,36% | -32,22%",,44ddías,2.279.176,2.347.545 | 2.415.619 | 2.485.055 | 2.713.267 | 2.826.419 | 3.362.789,Delantero
Rubén Gómez,Villarreal,-8.612 | -14.052 | -21.422 | -58.632 | -58.632 | -58.632,"-1,56% | -2,52% | -3,79% | -9,73% | -9,73% | -9,73%",,7ddías,543.660,552.272 | 557.712 | 565.082 | 602.292 | 602.292 | 602.292,Portero
Serrano,Atlético,0 | 0 | 0 | 0 | -25.586 | -106.690,"0,00% | 0,00% | 0,00% | 0,00% | -5,63% | -19,91%",,7ddías,429.199,429.199 | 429.199 | 429.199 | 429.199 | 454.785 | 535.889,Mediocampista
Sannadi,Athletic,-3.301 | -3.231 | -4.839 | -21.412 | -49.781 | -141.198,"-0,79% | -0,77% | -1,15% | -4,89% | -10,68% | -25,33%",,1ddías,416.195,419.496 | 419.426 | 421.034 | 437.607 | 465.976 | 557.393,Delantero
Asencio,Real Madrid,-119.927 | -236.762 | -360.398 | -929.543 | -2.140.153 | -5.208.862,"-2,85% | -5,48% | -8,11% | -18,54% | -34,38% | -56,05%",,44ddías,4.084.164,4.204.091 | 4.320.926 | 4.444.562 | 5.013.707 | 6.224.317 | 9.293.026,Defensa
Roberto,Espanyol,+670.959 | +1.160.630 | +1.335.066 | +1.975.615 | +2.903.661 | +2.116.957,"+8,61% | +15,89% | +18,73% | +30,45% | +52,22% | +33,35%",,14ddías,8.463.872,7.792.913 | 7.303.242 | 7.128.806 | 6.488.257 | 5.560.211 | 6.346.915,Delantero
Garcés,Alavés,-10.101 | -19.710 | -28.805 | -78.575 | -178.393 | -538.740,"-1,71% | -3,29% | -4,74% | -11,94% | -23,54% | -48,18%",,44ddías,579.395,589.496 | 599.105 | 608.200 | 657.970 | 757.788 | 1.118.135,Defensa
Vargas,Sevilla,-633.907 | -1.229.697 | -1.726.631 | -2.976.900 | -4.137.074 | +19.223.090,"-2,56% | -4,84% | -6,67% | -10,97% | -14,62% | 0%",,16ddías,24.154.045,24.787.952 | 25.383.742 | 25.880.676 | 27.130.945 | 28.291.119 | 0,Delantero
Toni Fernández,Barcelona,0 | 0 | 0 | 0 | 0 | 0,"0,00% | 0,00% | 0,00% | 0,00% | 0,00% | 0,00%",,41ddías,602.319,602.319 | 602.319 | 602.319 | 602.319 | 602.319 | 602.319,Delantero
Guille,Barcelona,0 | 0 | 0 | 0 | 0 | 0,"0,00% | 0,00% | 0,00% | 0,00% | 0,00% | 0,00%",,41ddías,702.705,702.705 | 702.705 | 702.705 | 702.705 | 702.705 | 702.705,Mediocampista
Pablo Ramón,Racing,+23.835 | +41.036 | +36.520 | +22.073 | +14.647 | -54.503,"+4,56% | +8,11% | +7,15% | +4,20% | +2,75% | 0%",,2ddías,547.071,523.236 | 506.035 | 510.551 | 524.998 | 532.424 | 0,Defensa
Antony,Betis,+797.857 | +1.359.626 | +1.681.267 | +1.107.400 | -4.020.167 | -23.180.862,"+1,34% | +2,30% | +2,86% | +1,87% | -6,24% | -27,72%",,4ddías,60.429.713,59.631.856 | 59.070.087 | 58.748.446 | 59.322.313 | 64.449.880 | 83.610.575,Delantero
Román,Celta,-83.974 | -133.947 | -157.433 | +21.197 | +153.536 | -1.328.090,"-1,56% | -2,47% | -2,89% | +0,40% | +2,99% | -20,07%",,3ddías,5.288.081,5.372.055 | 5.422.028 | 5.445.514 | 5.266.884 | 5.134.545 | 6.616.171,Mediocampista
El-Abdellaoui,Celta,0 | 0 | 0 | 0 | 0 | 0,"0,00% | 0,00% | 0,00% | 0,00% | 0,00% | 0,00%",,41ddías,1.304.893,1.304.893 | 1.304.893 | 1.304.893 | 1.304.893 | 1.304.893 | 1.304.893,Delantero
Lago,Celta,0 | 0 | 0 | 0 | 0 | 0,"0,00% | 0,00% | 0,00% | 0,00% | 0,00% | 0,00%",,41ddías,702.633,702.633 | 702.633 | 702.633 | 702.633 | 702.633 | 702.633,Defensa
Mestre,Real Madrid,0 | 0 | 0 | 0 | 0 | 0,"0,00% | 0,00% | 0,00% | 0,00% | 0,00% | 0,00%",,41ddías,677.860,677.860 | 677.860 | 677.860 | 677.860 | 677.860 | 677.860,Portero
Jiménez,Real Madrid,0 | 0 | 0 | 0 | 0 | 0,"0,00% | 0,00% | 0,00% | 0,00% | 0,00% | 0,00%",,41ddías,602.248,602.248 | 602.248 | 602.248 | 602.248 | 602.248 | 602.248,Defensa
Valera,Elche,-339.869 | -649.121 | -796.137 | -927.516 | -1.867.178 | -5.645.096,"-1,49% | -2,80% | -3,42% | -3,96% | -7,66% | -20,05%",,3ddías,22.506.240,22.846.109 | 23.155.361 | 23.302.377 | 23.433.756 | 24.373.418 | 28.151.336,Mediocampista
Buchanan,Villarreal,-383.607 | -720.486 | -947.538 | -1.589.955 | -2.509.878 | +252.876,"-2,17% | -3,99% | -5,19% | -8,41% | -12,65% | +1,48%",,13ddías,17.324.162,17.707.769 | 18.044.648 | 18.271.700 | 18.914.117 | 19.834.040 | 17.071.286,Mediocampista
Cucho,Betis,-366.001 | -814.746 | -1.147.798 | -2.816.464 | -8.159.160 | -8.434.853,"-0,84% | -1,85% | -2,58% | -6,11% | -15,87% | -16,31%",,20ddías,43.268.492,43.634.493 | 44.083.238 | 44.416.290 | 46.084.956 | 51.427.652 | 51.703.345,Delantero
Diarra,Alavés,-28.982 | -58.258 | -87.840 | +441.030 | +441.030 | +441.030,"-2,73% | -5,34% | -7,84% | 0% | 0% | 0%",,5ddías,1.032.530,1.061.512 | 1.090.788 | 1.120.370 | 0 | 0 | 0,Defensa
Martín,Barcelona,+534.385 | +1.099.465 | +1.610.684 | +4.232.962 | +8.896.508 | +6.865.761,"+1,45% | +3,03% | +4,50% | +12,77% | +31,23% | +22,50%",,14ddías,37.383.357,36.848.972 | 36.283.892 | 35.772.673 | 33.150.395 | 28.486.849 | 30.517.596,Defensa
L. Sucic,Real Sociedad,-32.671 | -70.777 | -118.793 | -219.438 | -458.528 | -1.449.167,"-0,95% | -2,03% | -3,36% | -6,03% | -11,82% | -29,77%",,41ddías,3.419.517,3.452.188 | 3.490.294 | 3.538.310 | 3.638.955 | 3.878.045 | 4.868.684,Mediocampista
Giuliano,Atlético,-485.341 | -809.301 | -1.206.583 | -2.937.760 | -8.581.393 | -5.211.452,"-1,13% | -1,87% | -2,77% | -6,48% | -16,84% | -10,95%",,20ddías,42.364.926,42.850.267 | 43.174.227 | 43.571.509 | 45.302.686 | 50.946.319 | 47.576.378,Delantero
Akhomach,Villarreal,-124.329 | -225.688 | -323.109 | -736.952 | -1.689.272 | -3.231.065,"-2,53% | -4,49% | -6,31% | -13,31% | -26,04% | -40,24%",,22ddías,4.799.056,4.923.385 | 5.024.744 | 5.122.165 | 5.536.008 | 6.488.328 | 8.030.121,Delantero
Pedro Díaz,Rayo,-10.854 | -13.576 | -37.533 | -140.844 | -332.705 | -1.027.294,"-0,63% | -0,78% | -2,13% | -7,55% | -16,18% | -37,34%",,45ddías,1.723.717,1.734.571 | 1.737.293 | 1.761.250 | 1.864.561 | 2.056.422 | 2.751.011,Mediocampista
Manu Sánchez,Levante,-128.849 | -308.104 | -384.906 | -384.906 | -384.906 | -869.232,"-2,44% | -5,64% | -6,95% | -6,95% | -6,95% | -14,43%",,3ddías,5.153.279,5.282.128 | 5.461.383 | 5.538.185 | 5.538.185 | 5.538.185 | 6.022.511,Defensa
Raúl García,Osasuna,-38.814 | -80.108 | -118.925 | -247.533 | -557.938 | -1.621.512,"-2,20% | -4,43% | -6,44% | -12,54% | -24,42% | -48,43%",,44ddías,1.726.749,1.765.563 | 1.806.857 | 1.845.674 | 1.974.282 | 2.284.687 | 3.348.261,Delantero
Kike Salas,Sevilla,-347.984 | -714.787 | -965.499 | -406.924 | -614.368 | -2.761.766,"-2,99% | -5,95% | -7,88% | -3,48% | -5,16% | -19,65%",,3ddías,11.289.950,11.637.934 | 12.004.737 | 12.255.449 | 11.696.874 | 11.904.318 | 14.051.716,Defensa
F. Carreras,Real Madrid,-224.388 | -413.229 | -643.116 | -1.740.532 | -4.225.280 | -11.459.477,"-1,90% | -3,44% | -5,25% | -13,05% | -26,70% | -49,70%",,44ddías,11.598.735,11.823.123 | 12.011.964 | 12.241.851 | 13.339.267 | 15.824.015 | 23.058.212,Defensa
Batalla,Rayo,-358.814 | -794.050 | -1.278.937 | -2.751.012 | -664.120 | +11.131.315,"-0,92% | -2,01% | -3,19% | -6,62% | -1,68% | +40,25%",,9ddías,38.788.816,39.147.630 | 39.582.866 | 40.067.753 | 41.539.828 | 39.452.936 | 27.657.501,Portero
Denis Suárez,Alavés,-31.930 | -68.116 | -104.228 | -229.428 | -558.068 | -1.948.592,"-1,32% | -2,77% | -4,18% | -8,76% | -18,94% | -44,93%",,44ddías,2.388.577,2.420.507 | 2.456.693 | 2.492.805 | 2.618.005 | 2.946.645 | 4.337.169,Mediocampista
Romero,Sevilla,-145.018 | -284.378 | -354.861 | -124.409 | +42.100 | -1.159.263,"-2,30% | -4,42% | -5,45% | -1,98% | +0,69% | -15,85%",,3ddías,6.154.164,6.299.182 | 6.438.542 | 6.509.025 | 6.278.573 | 6.112.064 | 7.313.427,Delantero
Cardoso,Atlético,-121.513 | -217.453 | -316.220 | -752.986 | -2.077.221 | -6.342.184,"-2,20% | -3,86% | -5,52% | -12,21% | -27,74% | -53,96%",,41ddías,5.412.259,5.533.772 | 5.629.712 | 5.728.479 | 6.165.245 | 7.489.480 | 11.754.443,Mediocampista
Moriba,Celta,-169.350 | -297.172 | -440.680 | -815.408 | -415.910 | -140.504,"-1,73% | -2,99% | -4,37% | -7,79% | -4,13% | -1,44%",,8ddías,9.645.774,9.815.124 | 9.942.946 | 10.086.454 | 10.461.182 | 10.061.684 | 9.786.278,Mediocampista
Agoume,Sevilla,-69.803 | -120.034 | -157.583 | -70.780 | -89.007 | -875.514,"-1,21% | -2,07% | -2,70% | -1,23% | -1,54% | -13,35%",,3ddías,5.682.298,5.752.101 | 5.802.332 | 5.839.881 | 5.753.078 | 5.771.305 | 6.557.812,Mediocampista
Guedes,Real Sociedad,-966.038 | -1.915.944 | -2.856.636 | -7.220.203 | -15.839.550 | -28.702.304,"-3,09% | -5,95% | -8,62% | -19,25% | -34,35% | 0%",,29ddías,30.278.951,31.244.989 | 32.194.895 | 33.135.587 | 37.499.154 | 46.118.501 | 0,Delantero
Fort,Barcelona,-79.614 | -149.726 | -222.749 | -522.154 | -1.139.002 | -1.901.414,"-2,49% | -4,58% | -6,67% | -14,34% | -26,76% | -37,88%",,20ddías,3.117.962,3.197.576 | 3.267.688 | 3.340.711 | 3.640.116 | 4.256.964 | 5.019.376,Defensa
Fornals,Betis,-390.816 | -802.023 | -1.064.200 | -2.933.007 | -8.931.912 | -86.727.660,"-0,69% | -1,40% | -1,85% | -4,93% | -13,64% | 0%",,27ddías,56.561.640,56.952.456 | 57.363.663 | 57.625.840 | 59.494.647 | 65.493.552 | 0,Mediocampista
Mandi,Levante,-204.364 | -514.694 | +7.060.418 | +7.060.418 | +7.060.418 | +7.060.418,"-2,23% | -5,44% | 0% | 0% | 0% | 0%",,2ddías,8.940.173,9.144.537 | 9.454.867 | 0 | 0 | 0 | 0,Defensa
Terrats,Getafe,+71.581 | +135.329 | +184.804 | +473.189 | +376.911 | +376.911,"+2,30% | +4,43% | +6,15% | +17,43% | +13,41% | +13,41%",,6ddías,3.187.406,3.115.825 | 3.052.077 | 3.002.602 | 2.714.217 | 2.810.495 | 2.810.495,Mediocampista
Joan Garcia,Barcelona,+886.929 | +1.538.154 | +2.197.264 | +6.261.326 | +22.478.951 | +20.693.517,"+1,27% | +2,22% | +3,20% | +9,69% | +46,44% | +41,23%",,15ddías,70.886.933,70.000.004 | 69.348.779 | 68.689.669 | 64.625.607 | 48.407.982 | 50.193.416,Portero
Fran Pérez,Rayo,-16.306 | -32.378 | -48.205 | -103.125 | -236.822 | -690.973,"-2,19% | -4,26% | -6,21% | -12,40% | -24,54% | -48,68%",,44ddías,728.308,744.614 | 760.686 | 776.513 | 831.433 | 965.130 | 1.419.281,Mediocampista
Almeida,Valencia,-58.663 | -108.531 | -160.989 | -335.630 | -805.573 | -2.375.937,"-2,50% | -4,52% | -6,57% | -12,78% | -26,02% | -50,92%",,44ddías,2.290.203,2.348.866 | 2.398.734 | 2.451.192 | 2.625.833 | 3.095.776 | 4.666.140,Mediocampista
Rivero,Valencia,-5.747 | -10.821 | -15.192 | -41.797 | -96.324 | -256.040,"-1,20% | -2,23% | -3,10% | -8,09% | -16,86% | -35,03%",,27ddías,474.902,480.649 | 485.723 | 490.094 | 516.699 | 571.226 | 730.942,Portero
Gayà,Valencia,-146.294 | -241.962 | -373.232 | -715.995 | -1.591.211 | -4.610.091,"-1,37% | -2,24% | -3,42% | -6,36% | -13,11% | -30,42%",,44ddías,10.545.913,10.692.207 | 10.787.875 | 10.919.145 | 11.261.908 | 12.137.124 | 15.156.004,Defensa
Diego López,Valencia,-60.802 | -122.244 | -184.796 | -460.832 | -1.028.945 | -2.822.437,"-3,12% | -6,07% | -8,91% | -19,60% | -35,25% | -59,89%",,44ddías,1.890.277,1.951.079 | 2.012.521 | 2.075.073 | 2.351.109 | 2.919.222 | 4.712.714,Delantero
Pepelu,Valencia,+15.571 | +41.482 | +99.079 | +222.629 | -292.636 | -2.108.076,"+0,20% | +0,54% | +1,31% | +2,99% | -3,67% | -21,54%",,5ddías,7.677.454,7.661.883 | 7.635.972 | 7.578.375 | 7.454.825 | 7.970.090 | 9.785.530,Mediocampista
Foulquier,Valencia,-65.665 | -129.046 | -192.450 | -454.954 | -1.003.822 | -1.643.580,"-3,07% | -5,87% | -8,50% | -18,01% | -32,65% | -44,25%",,22ddías,2.070.564,2.136.229 | 2.199.610 | 2.263.014 | 2.525.518 | 3.074.386 | 3.714.144,Defensa
Jesús Vázquez,Valencia,-19.210 | -26.787 | -38.130 | -35.736 | -284.481 | -1.254.978,"-1,13% | -1,57% | -2,22% | -2,09% | -14,50% | -42,81%",,3ddías,1.676.859,1.696.069 | 1.703.646 | 1.714.989 | 1.712.595 | 1.961.340 | 2.931.837,Defensa
Hugo González,Celta,-11.339 | -19.659 | -33.257 | -160.691 | -160.691 | -160.691,"-0,84% | -1,44% | -2,41% | -10,67% | -10,67% | -10,67%",,6ddías,1.344.955,1.356.294 | 1.364.614 | 1.378.212 | 1.505.646 | 1.505.646 | 1.505.646,Mediocampista
Femenia,Getafe,-117.110 | -233.186 | -333.134 | -49.480 | -21.774 | -1.028.653,"-3,12% | -6,03% | -8,40% | -1,34% | -0,60% | -22,07%",,3ddías,3.632.236,3.749.346 | 3.865.422 | 3.965.370 | 3.681.716 | 3.654.010 | 4.660.889,Defensa
Tárrega,Valencia,+13.833 | +84.227 | +83.391 | +267.788 | +959 | -1.630.098,"+0,15% | +0,93% | +0,92% | +3,02% | +0,01% | -15,14%",,2ddías,9.139.919,9.126.086 | 9.055.692 | 9.056.528 | 8.872.131 | 9.138.960 | 10.770.017,Defensa
Iranzo,Valencia,0 | 0 | 0 | 0 | 0 | 0,"0,00% | 0,00% | 0,00% | 0,00% | 0,00% | 0,00%",,41ddías,602.292,602.292 | 602.292 | 602.292 | 602.292 | 602.292 | 602.292,Defensa
Comesaña,Villarreal,-954.693 | -1.733.230 | -1.672.231 | +676.270 | +5.355.373 | +373.435,"-2,81% | -4,99% | -4,83% | +2,09% | +19,39% | +1,15%",,2ddías,32.978.311,33.933.004 | 34.711.541 | 34.650.542 | 32.302.041 | 27.622.938 | 32.604.876,Mediocampista
Gerard,Villarreal,-184.321 | -308.595 | -459.919 | -928.588 | -2.112.475 | -7.999.075,"-0,67% | -1,11% | -1,65% | -3,27% | -7,14% | -22,54%",,3ddías,27.483.110,27.667.431 | 27.791.705 | 27.943.029 | 28.411.698 | 29.595.585 | 35.482.185,Delantero
Foyth,Villarreal,+440.438 | +759.708 | +1.069.744 | +2.085.269 | +2.429.314 | +758.407,"+3,42% | +6,06% | +8,74% | +18,58% | +22,33% | +6,04%",,12ddías,13.306.196,12.865.758 | 12.546.488 | 12.236.452 | 11.220.927 | 10.876.882 | 12.547.789,Defensa
Sörloth,Atlético,-654.631 | -1.279.064 | -1.923.190 | -4.709.082 | -6.464.513 | -13.101.640,"-3,06% | -5,81% | -8,49% | -18,51% | -23,77% | -38,72%",,44ddías,20.736.529,21.391.160 | 22.015.593 | 22.659.719 | 25.445.611 | 27.201.042 | 33.838.169,Delantero
Baena,Atlético,-832.972 | -1.628.615 | -2.310.515 | -5.596.242 | -14.010.663 | -7.543.745,"-1,61% | -3,11% | -4,35% | -9,93% | -21,62% | -12,93%",,20ddías,50.788.074,51.621.046 | 52.416.689 | 53.098.589 | 56.384.316 | 64.798.737 | 58.331.819,Mediocampista
Juanmi,Getafe,-8.816 | -17.086 | -24.786 | -68.373 | -156.055 | -447.991,"-1,58% | -3,02% | -4,32% | -11,08% | -22,15% | -44,95%",,44ddías,548.556,557.372 | 565.642 | 573.342 | 616.929 | 704.611 | 996.547,Delantero
Altimira,Deportivo,+195.954 | +160.346 | +98.911 | -300.187 | -829.123 | -2.086.622,"+4,47% | +3,63% | +2,21% | -6,16% | -15,34% | -31,32%",,1ddías,4.576.368,4.380.414 | 4.416.022 | 4.477.457 | 4.876.555 | 5.405.491 | 6.662.990,Defensa
Calero,Málaga,-84.121 | -168.706 | -253.523 | -619.152 | -907.804 | -907.804,"-3,13% | -6,08% | -8,87% | -19,20% | -25,84% | -25,84%",,10ddías,2.605.316,2.689.437 | 2.774.022 | 2.858.839 | 3.224.468 | 3.513.120 | 3.513.120,Defensa
Peque,Sevilla,+132.391 | +216.799 | +255.418 | +164.164 | -90.955 | -1.114.143,"+6,90% | +11,81% | +14,22% | +8,70% | -4,24% | -35,19%",,3ddías,2.051.836,1.919.445 | 1.835.037 | 1.796.418 | 1.887.672 | 2.142.791 | 3.165.979,Delantero
Rosier,Osasuna,-159.121 | -321.368 | -481.532 | -1.201.072 | -2.650.334 | -5.867.837,"-3,04% | -5,96% | -8,68% | -19,15% | -34,33% | -53,65%",,39ddías,5.069.255,5.228.376 | 5.390.623 | 5.550.787 | 6.270.327 | 7.719.589 | 10.937.092,Defensa
Djaló,Athletic,-26.095 | -52.365 | -78.814 | -182.218 | -7.218.457 | -7.218.457,"-2,64% | -5,16% | -7,56% | -15,91% | 0% | 0%",,12ddías,963.253,989.348 | 1.015.618 | 1.042.067 | 1.145.471 | 0 | 0,Delantero
Romero,Villarreal,-711.999 | -988.588 | -732.089 | +1.668.681 | +8.871.287 | +8.131.737,"-1,62% | -2,23% | -1,66% | +4,01% | +25,79% | +23,15%",,2ddías,43.262.957,43.974.956 | 44.251.545 | 43.995.046 | 41.594.276 | 34.391.670 | 35.131.220,Defensa
Mbappé,Real Madrid,+583.717 | +724.175 | +294.012 | -2.132.646 | -1.221.145 | -26.427.518,"+0,45% | +0,56% | +0,23% | -1,63% | -0,94% | 0%",,2ddías,129.057.921,128.474.204 | 128.333.746 | 128.763.909 | 131.190.567 | 130.279.066 | 0,Delantero
Carlos Martín,Atlético,-71.286 | -146.538 | -146.538 | -146.538 | -146.538 | -146.538,"-3,33% | -6,61% | -6,61% | -6,61% | -6,61% | -6,61%",,2ddías,2.071.952,2.143.238 | 2.218.490 | 2.218.490 | 2.218.490 | 2.218.490 | 2.218.490,Mediocampista
Endrick,Real Madrid,-87.168 | -181.363 | -230.462 | -455.190 | -1.150.465 | +5.899.788,"-1,33% | -2,73% | -3,44% | -6,58% | -15,11% | 0%",,21ddías,6.465.777,6.552.945 | 6.647.140 | 6.696.239 | 6.920.967 | 7.616.242 | 0,Delantero
Carreira,Celta,-64.089 | -120.411 | -163.078 | -137.293 | -351.200 | -1.725.020,"-0,96% | -1,80% | -2,42% | -2,04% | -5,07% | -20,77%",,3ddías,6.579.831,6.643.920 | 6.700.242 | 6.742.909 | 6.717.124 | 6.931.031 | 8.304.851,Defensa
Sergio Gómez,Real Sociedad,-84.403 | -154.120 | -186.363 | -349.545 | -1.008.243 | -4.534.715,"-0,47% | -0,86% | -1,04% | -1,94% | -5,39% | -20,39%",,4ddías,17.710.452,17.794.855 | 17.864.572 | 17.896.815 | 18.059.997 | 18.718.695 | 22.245.167,Defensa
Ejuke,Sevilla,-51.596 | -109.925 | -155.433 | -262.615 | -529.151 | -1.426.354,"-1,98% | -4,13% | -5,74% | -9,33% | -17,18% | -35,86%",,44ddías,2.550.669,2.602.265 | 2.660.594 | 2.706.102 | 2.813.284 | 3.079.820 | 3.977.023,Delantero
Cabrera,Espanyol,-515.880 | -989.700 | -998.362 | -529.253 | -654.748 | -2.645.878,"-3,12% | -5,82% | -5,87% | -3,20% | -3,93% | -14,18%",,3ddías,16.007.804,16.523.684 | 16.997.504 | 17.006.166 | 16.537.057 | 16.662.552 | 18.653.682,Defensa
Kambwala,Villarreal,-29.244 | -59.472 | -83.732 | -166.111 | -357.803 | -1.056.507,"-2,70% | -5,34% | -7,35% | -13,60% | -25,32% | -50,03%",,44ddías,1.055.101,1.084.345 | 1.114.573 | 1.138.833 | 1.221.212 | 1.412.904 | 2.111.608,Defensa
Andrés Martín,Racing,+493.883 | +950.912 | +890.544 | +385.382 | -1.431.206 | -6.607.689,"+2,55% | +5,02% | +4,69% | +1,98% | -6,71% | -24,93%",,2ddías,19.896.394,19.402.511 | 18.945.482 | 19.005.850 | 19.511.012 | 21.327.600 | 26.504.083,Delantero
Danjuma,Valencia,-15.507 | -25.109 | -14.557 | +146.684 | +790.292 | +91.224,"-0,30% | -0,48% | -0,28% | +2,91% | +17,98% | +1,79%",,2ddías,5.185.897,5.201.404 | 5.211.006 | 5.200.454 | 5.039.213 | 4.395.605 | 5.094.673,Delantero
Pépé,Villarreal,+1.956.887 | +3.439.620 | +4.215.218 | +5.753.994 | +2.573.452 | -37.062.901,"+3,70% | +6,68% | +8,32% | +11,71% | +4,92% | 0%",,6ddías,54.902.036,52.945.149 | 51.462.416 | 50.686.818 | 49.148.042 | 52.328.584 | 0,Delantero
Pape Gueye,Villarreal,+999.555 | +1.665.030 | +1.911.339 | +3.349.904 | +8.869.100 | +7.157.290,"+2,00% | +3,37% | +3,89% | +7,02% | +21,03% | +16,31%",,19ddías,51.035.561,50.036.006 | 49.370.531 | 49.124.222 | 47.685.657 | 42.166.461 | 43.878.271,Mediocampista
Losada,Betis,0 | 0 | 0 | 0 | 0 | 0,"0,00% | 0,00% | 0,00% | 0,00% | 0,00% | 0,00%",,41ddías,2.509.378,2.509.378 | 2.509.378 | 2.509.378 | 2.509.378 | 2.509.378 | 2.509.378,Delantero
D. Llorente,Betis,-155.309 | -224.221 | -222.330 | +193.017 | +1.687.285 | +4.213.277,"-1,18% | -1,69% | -1,68% | +1,50% | +14,88% | +47,79%",,2ddías,13.028.977,13.184.286 | 13.253.198 | 13.251.307 | 12.835.960 | 11.341.692 | 8.815.700,Defensa
Bretones,Osasuna,+56.465 | +104.883 | +167.227 | +611.373 | +1.468.906 | +2.100.883,"+1,42% | +2,67% | +4,33% | +17,87% | +57,32% | +108,80%",,26ddías,4.031.761,3.975.296 | 3.926.878 | 3.864.534 | 3.420.388 | 2.562.855 | 1.930.878,Defensa
Mouriño,Villarreal,-1.087.170 | -2.252.900 | -2.945.628 | -2.909.698 | +443.576 | +9.125.146,"-2,83% | -5,70% | -7,32% | -7,24% | +1,20% | +32,42%",,5ddías,37.273.620,38.360.790 | 39.526.520 | 40.219.248 | 40.183.318 | 36.830.044 | 28.148.474,Defensa
Íñigo Pérez,Villarreal,-70.238 | -138.209 | -203.267 | -472.709 | -97.155 | -407.117,"-3,24% | -6,18% | -8,83% | -18,38% | -4,42% | 0%",,12ddías,2.099.445,2.169.683 | 2.237.654 | 2.302.712 | 2.572.154 | 2.196.600 | 0,
Fortuño,Espanyol,-7.546 | -14.493 | -20.815 | -57.490 | -131.484 | -337.565,"-1,44% | -2,72% | -3,86% | -9,99% | -20,24% | -39,45%",,24ddías,518.059,525.605 | 532.552 | 538.874 | 575.549 | 649.543 | 855.624,Portero
Serrano,Athletic,-20.152 | -40.231 | -60.232 | -151.259 | -355.388 | -1.040.085,"-2,40% | -4,67% | -6,84% | -15,56% | -30,22% | -55,90%",,45ddías,820.613,840.765 | 860.844 | 880.845 | 971.872 | 1.176.001 | 1.860.698,Delantero
Conde,Betis,0 | 0 | 0 | 0 | 0 | -600.035,"0,00% | 0,00% | 0,00% | 0,00% | 0,00% | -16,48%",,18ddías,3.041.589,3.041.589 | 3.041.589 | 3.041.589 | 3.041.589 | 3.041.589 | 3.641.624,Portero
Raul Moro,Osasuna,+181.074 | +323.571 | +541.689 | +1.103.707 | +2.547.475 | +2.750.039,"+1,30% | +2,35% | +4,00% | +8,50% | +22,08% | +24,27%",,21ddías,14.082.347,13.901.273 | 13.758.776 | 13.540.658 | 12.978.640 | 11.534.872 | 11.332.308,Delantero
Boyomo,Osasuna,+84.300 | +164.043 | +235.406 | +1.273.459 | +4.703.602 | +11.465.987,"+0,30% | +0,58% | +0,84% | +4,69% | +19,85% | +67,70%",,40ddías,28.402.635,28.318.335 | 28.238.592 | 28.167.229 | 27.129.176 | 23.699.033 | 16.936.648,Defensa
Neyou,Getafe,-89.277 | -176.847 | -264.183 | +2.163.571 | +2.163.571 | +2.163.571,"-3,12% | -6,00% | -8,71% | 0% | 0% | 0%",,6ddías,2.770.073,2.859.350 | 2.946.920 | 3.034.256 | 0 | 0 | 0,Mediocampista
Serred,Espanyol,-8.453 | -16.345 | -1.191.729 | -1.191.729 | -1.191.729 | -1.191.729,"-1,54% | -2,94% | 0% | 0% | 0% | 0%",,2ddías,539.823,548.276 | 556.168 | 0 | 0 | 0 | 0,Portero
Bauzà,Espanyol,-21.267 | -42.507 | +527.694 | +527.694 | +527.694 | +527.694,"-2,45% | -4,78% | 0% | 0% | 0% | 0%",,2ddías,847.362,868.629 | 889.869 | 0 | 0 | 0 | 0,Mediocampista
Rubén Sánchez,Espanyol,-4.562 | -8.401 | -11.485 | -34.601 | -77.340 | -222.037,"-1,01% | -1,85% | -2,51% | -7,19% | -14,77% | -33,21%",,44ddías,446.451,451.013 | 454.852 | 457.936 | 481.052 | 523.791 | 668.488,Mediocampista
El Hilali,Espanyol,+364.522 | +699.854 | +790.497 | +1.204.523 | +2.120.034 | +3.792.355,"+3,88% | +7,72% | +8,81% | +14,08% | +27,75% | +63,54%",,28ddías,9.760.951,9.396.429 | 9.061.097 | 8.970.454 | 8.556.428 | 7.640.917 | 5.968.596,Defensa
Edu Expósito,Espanyol,+276.286 | +646.436 | +939.037 | +2.503.786 | +3.218.098 | -2.589.809,"+0,92% | +2,18% | +3,19% | +8,99% | +11,86% | -7,86%",,11ddías,30.361.570,30.085.284 | 29.715.134 | 29.422.533 | 27.857.784 | 27.143.472 | 32.951.379,Mediocampista
Jofre,Espanyol,-24.074 | -46.620 | -69.767 | -132.691 | -309.333 | -935.598,"-2,26% | -4,29% | -6,29% | -11,32% | -22,93% | -47,37%",,44ddías,1.039.457,1.063.531 | 1.086.077 | 1.109.224 | 1.172.148 | 1.348.790 | 1.975.055,Delantero
Pere Milla,Espanyol,-198.884 | -414.661 | -516.956 | -708.772 | -1.211.776 | -1.063.156,"-2,15% | -4,38% | -5,40% | -7,26% | -11,81% | -10,51%",,4ddías,9.049.367,9.248.251 | 9.464.028 | 9.566.323 | 9.758.139 | 10.261.143 | 10.112.523,Delantero
Lozano,Espanyol,-45.774 | -92.854 | -136.023 | -246.125 | -521.737 | -1.556.789,"-2,10% | -4,16% | -5,98% | -10,32% | -19,61% | -42,13%",,44ddías,2.138.199,2.183.973 | 2.231.053 | 2.274.222 | 2.384.324 | 2.659.936 | 3.694.988,Mediocampista
Puado,Espanyol,-186.162 | -366.298 | -550.363 | -1.371.628 | -3.093.588 | -8.438.871,"-3,15% | -6,01% | -8,77% | -19,32% | -35,07% | -59,56%",,35ddías,5.728.641,5.914.803 | 6.094.939 | 6.279.004 | 7.100.269 | 8.822.229 | 14.167.512,Mediocampista
Raba,Valencia,-37.947 | -76.505 | -109.952 | -250.764 | -562.383 | -1.561.735,"-2,51% | -4,93% | -6,94% | -14,54% | -27,62% | -51,44%",,44ddías,1.474.094,1.512.041 | 1.550.599 | 1.584.046 | 1.724.858 | 2.036.477 | 3.035.829,Delantero
Thiago,Levante,0 | 0 | 0 | 0 | 0 | 0,0% | 0% | 0% | 0% | 0% | 0%,,50ddías,1.660.575,0 | 0 | 0 | 0 | 0 | 0,Mediocampista
Goti,Real Sociedad,0 | 0 | 0 | 0 | 0 | 0,0% | 0% | 0% | 0% | 0% | 0%,,205ddías,590.263,0 | 0 | 0 | 0 | 0 | 0,Mediocampista
Pablo López,Valencia,0 | 0 | 0 | 0 | 0 | 0,0% | 0% | 0% | 0% | 0% | 0%,,352ddías,441.041,0 | 0 | 0 | 0 | 0 | 0,Delantero
Alberto Marí,Valencia,0 | 0 | 0 | 0 | 0 | 0,0% | 0% | 0% | 0% | 0% | 0%,,353ddías,787.986,0 | 0 | 0 | 0 | 0 | 0,Delantero
De Tomás,Rayo,0 | 0 | 0 | 0 | 0 | 0,0% | 0% | 0% | 0% | 0% | 0%,,392ddías,3.229.388,0 | 0 | 0 | 0 | 0 | 0,Delantero
Carrillo,Celta,0 | 0 | 0 | 0 | 0 | 0,0% | 0% | 0% | 0% | 0% | 0%,,412ddías,1.567.556,0 | 0 | 0 | 0 | 0 | 0,Portero
Isra,Sevilla,0 | 0 | 0 | 0 | 0 | 0,0% | 0% | 0% | 0% | 0% | 0%,,412ddías,1.718.237,0 | 0 | 0 | 0 | 0 | 0,Delantero
Busto,Betis,0 | 0 | 0 | 0 | 0 | 0,0% | 0% | 0% | 0% | 0% | 0%,,412ddías,1.621.161,0 | 0 | 0 | 0 | 0 | 0,Defensa
De Llanos,Real Madrid,0 | 0 | 0 | 0 | 0 | 0,0% | 0% | 0% | 0% | 0% | 0%,,412ddías,1.622.168,0 | 0 | 0 | 0 | 0 | 0,Mediocampista
Solà,Atlético,0 | 0 | 0 | 0 | 0 | 0,0% | 0% | 0% | 0% | 0% | 0%,,412ddías,1.640.523,0 | 0 | 0 | 0 | 0 | 0,Defensa
Canales,Athletic,0 | 0 | 0 | 0 | 0 | 0,0% | 0% | 0% | 0% | 0% | 0%,,412ddías,1.623.251,0 | 0 | 0 | 0 | 0 | 0,Delantero
Yaakobishvili,Barcelona,0 | 0 | 0 | 0 | 0 | 0,0% | 0% | 0% | 0% | 0% | 0%,,412ddías,1.639.280,0 | 0 | 0 | 0 | 0 | 0,Portero
Cortés,Barcelona,0 | 0 | 0 | 0 | 0 | 0,0% | 0% | 0% | 0% | 0% | 0%,,412ddías,1.718.327,0 | 0 | 0 | 0 | 0 | 0,Defensa
Medenica,Getafe,0 | 0 | 0 | 0 | 0 | 0,0% | 0% | 0% | 0% | 0% | 0%,,412ddías,1.560.264,0 | 0 | 0 | 0 | 0 | 0,Portero
Carlos,Atlético,0 | 0 | 0 | 0 | 0 | 0,0% | 0% | 0% | 0% | 0% | 0%,,412ddías,1.718.547,0 | 0 | 0 | 0 | 0 | 0,Defensa
Requena,Levante,0 | 0 | 0 | 0 | 0 | 0,0% | 0% | 0% | 0% | 0% | 0%,,412ddías,1.621.683,0 | 0 | 0 | 0 | 0 | 0,Mediocampista
Rupérez,Real Sociedad,0 | 0 | 0 | 0 | 0 | 0,0% | 0% | 0% | 0% | 0% | 0%,,412ddías,1.626.247,0 | 0 | 0 | 0 | 0 | 0,Defensa
Córdoba,Valencia,0 | 0 | 0 | 0 | 0 | 0,0% | 0% | 0% | 0% | 0% | 0%,,412ddías,1.548.667,0 | 0 | 0 | 0 | 0 | 0,Defensa
Balda,Real Sociedad,0 | 0 | 0 | 0 | 0 | 0,0% | 0% | 0% | 0% | 0% | 0%,,412ddías,1.718.912,0 | 0 | 0 | 0 | 0 | 0,Defensa
Santana,Valencia,0 | 0 | 0 | 0 | 0 | 0,0% | 0% | 0% | 0% | 0% | 0%,,412ddías,1.723.821,0 | 0 | 0 | 0 | 0 | 0,Delantero
Olabarrieta,Athletic,0 | 0 | 0 | 0 | 0 | 0,0% | 0% | 0% | 0% | 0% | 0%,,412ddías,1.717.797,0 | 0 | 0 | 0 | 0 | 0,Delantero
Rivas,Real Madrid,0 | 0 | 0 | 0 | 0 | 0,0% | 0% | 0% | 0% | 0% | 0%,,412ddías,1.718.751,0 | 0 | 0 | 0 | 0 | 0,Defensa
Abril,Valencia,0 | 0 | 0 | 0 | 0 | 0,0% | 0% | 0% | 0% | 0% | 0%,,412ddías,1.728.051,0 | 0 | 0 | 0 | 0 | 0,Portero
Raúl Jiménez,Valencia,0 | 0 | 0 | 0 | 0 | 0,0% | 0% | 0% | 0% | 0% | 0%,,412ddías,1.561.503,0 | 0 | 0 | 0 | 0 | 0,Portero
Collado,Sevilla,0 | 0 | 0 | 0 | 0 | 0,0% | 0% | 0% | 0% | 0% | 0%,,412ddías,1.718.988,0 | 0 | 0 | 0 | 0 | 0,Mediocampista
Eneko Ortiz,Villarreal,0 | 0 | 0 | 0 | 0 | 0,0% | 0% | 0% | 0% | 0% | 0%,,412ddías,1.718.986,0 | 0 | 0 | 0 | 0 | 0,Defensa
Eto'o,Rayo,0 | 0 | 0 | 0 | 0 | 0,0% | 0% | 0% | 0% | 0% | 0%,,412ddías,1.718.988,0 | 0 | 0 | 0 | 0 | 0,Delantero
Joseda,Alavés,0 | 0 | 0 | 0 | 0 | 0,0% | 0% | 0% | 0% | 0% | 0%,,778ddías,300.000,0 | 0 | 0 | 0 | 0 | 0,Defensa
Mendes,Alavés,0 | 0 | 0 | 0 | 0 | 0,0% | 0% | 0% | 0% | 0% | 0%,,779ddías,500.000,0 | 0 | 0 | 0 | 0 | 0,Mediocampista
Ian Forns,Betis,0 | 0 | 0 | 0 | 0 | 0,0% | 0% | 0% | 0% | 0% | 0%,,779ddías,500.000,0 | 0 | 0 | 0 | 0 | 0,Defensa
Diallo,Alavés,0 | 0 | 0 | 0 | 0 | 0,0% | 0% | 0% | 0% | 0% | 0%,,779ddías,1.000.000,0 | 0 | 0 | 0 | 0 | 0,Mediocampista
Mario,Valencia,0 | 0 | 0 | 0 | 0 | 0,0% | 0% | 0% | 0% | 0% | 0%,,1ddías,760.408,0 | 0 | 0 | 0 | 0 | 0,Mediocampista