Jugador,Equipo,DiferenciaDif.,% Dif,Acel.,Tend.,Valor,Valor ant.Ant.,Posición
Karrikaburu,Real Sociedad,-6.029 | -11.688 | -20.413 | -53.626 | -132.762 | -408.929,"-1,13% | -2,17% | -3,73% | -9,24% | -20,13% | -43,71%",,46ddías,526.638,532.667 | 538.326 | 547.051 | 580.264 | 659.400 | 935.567,Delantero
Nakoha,Levante,0 | 0 | 0 | 0 | 0 | 0,"0,00% | 0,00% | 0,00% | 0,00% | 0,00% | 0,00%",,43ddías,501.874,501.874 | 501.874 | 501.874 | 501.874 | 501.874 | 501.874,Defensa
Óscar Marcos,Celta,0 | 0 | 0 | 0 | 0 | 0,"0,00% | 0,00% | 0,00% | 0,00% | 0,00% | 0,00%",,43ddías,602.257,602.257 | 602.257 | 602.257 | 602.257 | 602.257 | 602.257,Mediocampista
Al Lal,Elche,-4.133 | -7.816 | -14.484 | -20.806 | -20.806 | -20.806,"-0,85% | -1,60% | -2,92% | -4,15% | -4,15% | -4,15%",,4ddías,481.130,485.263 | 488.946 | 495.614 | 501.936 | 501.936 | 501.936,Delantero
Yassin,Getafe,0 | 0 | 0 | 0 | 0 | 0,"0,00% | 0,00% | 0,00% | 0,00% | 0,00% | 0,00%",,43ddías,501.932,501.932 | 501.932 | 501.932 | 501.932 | 501.932 | 501.932,Defensa
Marchal,Real Sociedad,0 | 0 | 0 | 0 | 0 | 0,"0,00% | 0,00% | 0,00% | 0,00% | 0,00% | 0,00%",,43ddías,602.234,602.234 | 602.234 | 602.234 | 602.234 | 602.234 | 602.234,Mediocampista
Panach,Valencia,0 | 0 | 0 | 0 | 0 | 0,"0,00% | 0,00% | 0,00% | 0,00% | 0,00% | 0,00%",,43ddías,501.909,501.909 | 501.909 | 501.909 | 501.909 | 501.909 | 501.909,Defensa
Jurado,Valencia,0 | 0 | 0 | 0 | 0 | 0,"0,00% | 0,00% | 0,00% | 0,00% | 0,00% | 0,00%",,43ddías,602.292,602.292 | 602.292 | 602.292 | 602.292 | 602.292 | 602.292,Defensa
Rosón,Levante,0 | 0 | 0 | 0 | 0 | 0,"0,00% | 0,00% | 0,00% | 0,00% | 0,00% | 0,00%",,43ddías,602.249,602.249 | 602.249 | 602.249 | 602.249 | 602.249 | 602.249,Mediocampista
Selton,Athletic,0 | 0 | 0 | 0 | 0 | 0,"0,00% | 0,00% | 0,00% | 0,00% | 0,00% | 0,00%",,43ddías,602.257,602.257 | 602.257 | 602.257 | 602.257 | 602.257 | 602.257,Mediocampista
Carrera,Real Sociedad,0 | 0 | 0 | 0 | 0 | 0,"0,00% | 0,00% | 0,00% | 0,00% | 0,00% | 0,00%",,43ddías,702.633,702.633 | 702.633 | 702.633 | 702.633 | 702.633 | 702.633,Delantero
Carlos Macià,Villarreal,+12.504 | +21.761 | +29.346 | -5.518 | -5.518 | -5.518,"+1,59% | +2,81% | +3,82% | -0,69% | -0,69% | -0,69%",,3ddías,797.539,785.035 | 775.778 | 768.193 | 803.057 | 803.057 | 803.057,Mediocampista
Unai Santos,Osasuna,0 | 0 | 0 | 0 | 0 | 0,"0,00% | 0,00% | 0,00% | 0,00% | 0,00% | 0,00%",,43ddías,602.319,602.319 | 602.319 | 602.319 | 602.319 | 602.319 | 602.319,Defensa
Joan Martínez,Real Madrid,0 | 0 | 0 | 0 | 0 | 0,"0,00% | 0,00% | 0,00% | 0,00% | 0,00% | 0,00%",,43ddías,702.622,702.622 | 702.622 | 702.622 | 702.622 | 702.622 | 702.622,Defensa
Iker Muñoz,Sevilla,-7.368 | -14.422 | -24.601 | -43.496 | -43.496 | -43.496,"-1,30% | -2,52% | -4,22% | -7,22% | -7,22% | -7,22%",,5ddías,558.788,566.156 | 573.210 | 583.389 | 602.284 | 602.284 | 602.284,Defensa
Oláiz,Alavés,-7.394 | -14.474 | -24.680 | -42.922 | -42.922 | -42.922,"-1,30% | -2,52% | -4,23% | -7,13% | -7,13% | -7,13%",,5ddías,559.394,566.788 | 573.868 | 584.074 | 602.316 | 602.316 | 602.316,Defensa
Izei,Alavés,0 | 0 | 0 | 0 | 0 | 0,"0,00% | 0,00% | 0,00% | 0,00% | 0,00% | 0,00%",,43ddías,582.010,582.010 | 582.010 | 582.010 | 582.010 | 582.010 | 582.010,Mediocampista
Meixús,Celta,0 | 0 | 0 | 0 | 0 | 0,"0,00% | 0,00% | 0,00% | 0,00% | 0,00% | 0,00%",,43ddías,485.372,485.372 | 485.372 | 485.372 | 485.372 | 485.372 | 485.372,Defensa
Álvaro,Villarreal,0 | 0 | 0 | 0 | 0 | 0,"0,00% | 0,00% | 0,00% | 0,00% | 0,00% | 0,00%",,43ddías,501.929,501.929 | 501.929 | 501.929 | 501.929 | 501.929 | 501.929,Defensa
Hierro,Athletic,0 | 0 | 0 | 0 | 0 | 0,"0,00% | 0,00% | 0,00% | 0,00% | 0,00% | 0,00%",,43ddías,602.257,602.257 | 602.257 | 602.257 | 602.257 | 602.257 | 602.257,Delantero
Adrián Pérez,Athletic,0 | 0 | 0 | 0 | 0 | 0,"0,00% | 0,00% | 0,00% | 0,00% | 0,00% | 0,00%",,43ddías,602.257,602.257 | 602.257 | 602.257 | 602.257 | 602.257 | 602.257,Delantero
Adam Boayar,Elche,0 | 0 | 0 | 0 | 0 | 0,"0,00% | 0,00% | 0,00% | 0,00% | 0,00% | 0,00%",,43ddías,702.711,702.711 | 702.711 | 702.711 | 702.711 | 702.711 | 702.711,Mediocampista
Bardghji,Barcelona,-77.192 | -158.037 | -245.553 | -613.287 | -1.326.490 | -2.334.935,"-3,01% | -5,98% | -9,00% | -19,80% | -34,81% | -48,46%",,22ddías,2.483.630,2.560.822 | 2.641.667 | 2.729.183 | 3.096.917 | 3.810.120 | 4.818.565,Delantero
Taufik,Atlético,0 | 0 | 0 | 0 | 0 | 0,"0,00% | 0,00% | 0,00% | 0,00% | 0,00% | 0,00%",,43ddías,602.316,602.316 | 602.316 | 602.316 | 602.316 | 602.316 | 602.316,Mediocampista
Martínez Bastida,Elche,0 | 0 | 0 | 0 | 0 | 0,"0,00% | 0,00% | 0,00% | 0,00% | 0,00% | 0,00%",,43ddías,602.324,602.324 | 602.324 | 602.324 | 602.324 | 602.324 | 602.324,Mediocampista
Aller,Barcelona,0 | 0 | 0 | 0 | 0 | 0,"0,00% | 0,00% | 0,00% | 0,00% | 0,00% | 0,00%",,43ddías,702.705,702.705 | 702.705 | 702.705 | 702.705 | 702.705 | 702.705,Portero
Ballestero,Alavés,0 | 0 | 0 | 0 | 0 | 0,"0,00% | 0,00% | 0,00% | 0,00% | 0,00% | 0,00%",,43ddías,602.316,602.316 | 602.316 | 602.316 | 602.316 | 602.316 | 602.316,Defensa
Monreal,Athletic,0 | 0 | 0 | 0 | 0 | 0,"0,00% | 0,00% | 0,00% | 0,00% | 0,00% | 0,00%",,43ddías,602.257,602.257 | 602.257 | 602.257 | 602.257 | 602.257 | 602.257,Defensa
Juan Hernández,Barcelona,0 | 0 | 0 | 0 | 0 | 0,"0,00% | 0,00% | 0,00% | 0,00% | 0,00% | 0,00%",,43ddías,581.760,581.760 | 581.760 | 581.760 | 581.760 | 581.760 | 581.760,Mediocampista
Delgado,Elche,0 | 0 | 0 | 0 | 0 | 0,"0,00% | 0,00% | 0,00% | 0,00% | 0,00% | 0,00%",,43ddías,602.324,602.324 | 602.324 | 602.324 | 602.324 | 602.324 | 602.324,Defensa
Espart,Barcelona,0 | 0 | 0 | 0 | 0 | 0,"0,00% | 0,00% | 0,00% | 0,00% | 0,00% | 0,00%",,43ddías,702.705,702.705 | 702.705 | 702.705 | 702.705 | 702.705 | 702.705,Defensa
Benito,Getafe,0 | 0 | 0 | 0 | 0 | 0,"0,00% | 0,00% | 0,00% | 0,00% | 0,00% | 0,00%",,43ddías,602.319,602.319 | 602.319 | 602.319 | 602.319 | 602.319 | 602.319,Portero
Aleksandrov,Getafe,0 | 0 | 0 | 0 | 0 | 0,"0,00% | 0,00% | 0,00% | 0,00% | 0,00% | 0,00%",,43ddías,602.319,602.319 | 602.319 | 602.319 | 602.319 | 602.319 | 602.319,Delantero
Javi Navarro,Real Madrid,0 | 0 | 0 | 0 | 0 | 0,"0,00% | 0,00% | 0,00% | 0,00% | 0,00% | 0,00%",,43ddías,702.622,702.622 | 702.622 | 702.622 | 702.622 | 702.622 | 702.622,Portero
Beitia,Real Sociedad,0 | 0 | 0 | 0 | 0 | 0,"0,00% | 0,00% | 0,00% | 0,00% | 0,00% | 0,00%",,43ddías,501.861,501.861 | 501.861 | 501.861 | 501.861 | 501.861 | 501.861,Defensa
Lebarbier,Real Sociedad,0 | 0 | 0 | 0 | 0 | 0,"0,00% | 0,00% | 0,00% | 0,00% | 0,00% | 0,00%",,43ddías,602.234,602.234 | 602.234 | 602.234 | 602.234 | 602.234 | 602.234,Defensa
Barry,Villarreal,0 | 0 | 0 | 0 | 0 | 0,"0,00% | 0,00% | 0,00% | 0,00% | 0,00% | 0,00%",,43ddías,602.292,602.292 | 602.292 | 602.292 | 602.292 | 602.292 | 602.292,Mediocampista
Aitor Mañas,Alavés,-3.895 | -8.615 | -16.362 | -45.242 | -55.913 | -55.913,"-0,76% | -1,67% | -3,13% | -8,20% | -9,95% | -9,95%",,8ddías,506.251,510.146 | 514.866 | 522.613 | 551.493 | 562.164 | 562.164,Delantero
Dani Martínez,Atlético,-1.305 | -2.043 | -2.043 | -2.043 | -15.034 | -71.131,"-0,31% | -0,49% | -0,49% | -0,49% | -3,51% | -14,68%",,2ddías,413.268,414.573 | 415.311 | 415.311 | 415.311 | 428.302 | 484.399,Defensa
Santos,Athletic,0 | 0 | 0 | 0 | 0 | 0,"0,00% | 0,00% | 0,00% | 0,00% | 0,00% | 0,00%",,43ddías,702.606,702.606 | 702.606 | 702.606 | 702.606 | 702.606 | 702.606,Portero
Tete Morente,Elche,-30.916 | -61.927 | -101.100 | -277.433 | -646.390 | -1.879.336,"-1,78% | -3,50% | -5,59% | -13,98% | -27,46% | -52,40%",,46ddías,1.707.214,1.738.130 | 1.769.141 | 1.808.314 | 1.984.647 | 2.353.604 | 3.586.550,Delantero
Boselli,Getafe,-58.021 | -121.887 | -196.058 | -388.048 | -585.044 | -585.044,"-2,45% | -5,01% | -7,83% | -14,39% | -20,22% | -20,22%",,9ddías,2.308.955,2.366.976 | 2.430.842 | 2.505.013 | 2.697.003 | 2.893.999 | 2.893.999,Defensa
Ángel Pérez,Alavés,+6.946 | -16.218 | -57.621 | -327.988 | -1.059.500 | -3.915.553,"+0,11% | -0,25% | -0,89% | -4,87% | -14,20% | -37,95%",,1ddías,6.402.369,6.395.423 | 6.418.587 | 6.459.990 | 6.730.357 | 7.461.869 | 10.317.922,Delantero
Cepeda,Elche,-6.265 | -20.656 | -35.557 | -68.054 | -152.184 | -577.486,"-0,61% | -2,00% | -3,39% | -6,29% | -13,05% | -36,28%",,6ddías,1.014.271,1.020.536 | 1.034.927 | 1.049.828 | 1.082.325 | 1.166.455 | 1.591.757,Delantero
Freeman,Villarreal,-43.154 | -86.439 | -143.572 | -312.646 | -641.246 | -1.540.166,"-1,96% | -3,84% | -6,22% | -12,63% | -22,87% | -41,59%",,46ddías,2.163.153,2.206.307 | 2.249.592 | 2.306.725 | 2.475.799 | 2.804.399 | 3.703.319,Defensa
Koski,Alavés,+117.828 | +233.161 | +355.786 | +506.825 | +467.717 | +467.717,"+10,22% | +22,47% | +38,88% | +66,34% | +58,24% | +58,24%",,7ddías,1.270.806,1.152.978 | 1.037.645 | 915.020 | 763.981 | 803.089 | 803.089,Defensa
Fidalgo,Betis,-32.916 | -71.744 | -126.359 | -248.900 | -561.066 | -1.487.182,"-1,33% | -2,85% | -4,91% | -9,24% | -18,67% | -37,82%",,43ddías,2.444.854,2.477.770 | 2.516.598 | 2.571.213 | 2.693.754 | 3.005.920 | 3.932.036,Mediocampista
Lookman,Atlético,-1.163.643 | -2.067.781 | -3.261.204 | -7.159.421 | -3.583.564 | +21.551.463,"-1,62% | -2,84% | -4,41% | -9,20% | -4,83% | +43,88%",,9ddías,70.666.590,71.830.233 | 72.734.371 | 73.927.794 | 77.826.011 | 74.250.154 | 49.115.127,Delantero
Mesonero,Real Madrid,0 | 0 | 0 | 0 | 0 | 0,"0,00% | 0,00% | 0,00% | 0,00% | 0,00% | 0,00%",,43ddías,702.606,702.606 | 702.606 | 702.606 | 702.606 | 702.606 | 702.606,Mediocampista
Vargas,Atlético,-15.126 | -29.346 | -48.095 | -99.994 | -224.535 | -699.978,"-1,98% | -3,77% | -6,03% | -11,77% | -23,05% | -48,29%",,46ddías,749.567,764.693 | 778.913 | 797.662 | 849.561 | 974.102 | 1.449.545,Mediocampista
Vecino,Celta,-46.668 | -92.489 | -146.375 | -343.614 | -759.995 | -2.188.888,"-2,62% | -5,06% | -7,78% | -16,53% | -30,46% | -55,78%",,46ddías,1.734.976,1.781.644 | 1.827.465 | 1.881.351 | 2.078.590 | 2.494.971 | 3.923.864,Mediocampista
Sangaré,Elche,+56.318 | +92.324 | +114.184 | +81.872 | -191.646 | -191.646,"+1,49% | +2,47% | +3,08% | +2,19% | -4,77% | -4,77%",,3ddías,3.823.855,3.767.537 | 3.731.531 | 3.709.671 | 3.741.983 | 4.015.501 | 4.015.501,Defensa
Lamini Fati,Real Madrid,0 | 0 | 0 | 0 | 0 | 0,"0,00% | 0,00% | 0,00% | 0,00% | 0,00% | 0,00%",,43ddías,677.955,677.955 | 677.955 | 677.955 | 677.955 | 677.955 | 677.955,Defensa
Antañón,Celta,0 | 0 | 0 | 0 | 0 | 0,"0,00% | 0,00% | 0,00% | 0,00% | 0,00% | 0,00%",,43ddías,581.700,581.700 | 581.700 | 581.700 | 581.700 | 581.700 | 581.700,Mediocampista
Ochieng,Real Sociedad,0 | 0 | 0 | 0 | 0 | 0,"0,00% | 0,00% | 0,00% | 0,00% | 0,00% | 0,00%",,43ddías,702.633,702.633 | 702.633 | 702.633 | 702.633 | 702.633 | 702.633,Mediocampista
Morcillo,Elche,0 | 0 | 0 | 0 | 0 | 0,"0,00% | 0,00% | 0,00% | 0,00% | 0,00% | 0,00%",,43ddías,702.702,702.702 | 702.702 | 702.702 | 702.702 | 702.702 | 702.702,Mediocampista
Romero,Getafe,-128.586 | -257.424 | -427.532 | -775.171 | -2.819.585 | -2.819.585,"-0,47% | -0,93% | -1,54% | -2,76% | -9,36% | -9,36%",,5ddías,27.296.681,27.425.267 | 27.554.105 | 27.724.213 | 28.071.852 | 30.116.266 | 30.116.266,Defensa
A. Riquelme,Getafe,0 | 0 | 0 | 0 | 0 | 0,"0,00% | 0,00% | 0,00% | 0,00% | 0,00% | 0,00%",,43ddías,602.324,602.324 | 602.324 | 602.324 | 602.324 | 602.324 | 602.324,Mediocampista
Boñar,Atlético,0 | 0 | 0 | 0 | -19.744 | -112.741,"0,00% | 0,00% | 0,00% | 0,00% | -4,25% | -20,21%",,9ddías,445.140,445.140 | 445.140 | 445.140 | 445.140 | 464.884 | 557.881,Defensa
Kita,R. Sociedad B,0 | 0 | 0 | 0 | 0 | 0,"0,00% | 0,00% | 0,00% | 0,00% | 0,00% | 0,00%",,43ddías,602.234,602.234 | 602.234 | 602.234 | 602.234 | 602.234 | 602.234,Defensa
Puric,Atlético,0 | 0 | 0 | 0 | -17.420 | -102.718,"0,00% | 0,00% | 0,00% | 0,00% | -3,85% | -19,11%",,9ddías,434.872,434.872 | 434.872 | 434.872 | 434.872 | 452.292 | 537.590,Defensa
Marqués,Barcelona,0 | 0 | 0 | 0 | 0 | 0,"0,00% | 0,00% | 0,00% | 0,00% | 0,00% | 0,00%",,43ddías,602.319,602.319 | 602.319 | 602.319 | 602.319 | 602.319 | 602.319,Defensa
Arcos,Celta,0 | 0 | 0 | 0 | 0 | 0,"0,00% | 0,00% | 0,00% | 0,00% | 0,00% | 0,00%",,43ddías,602.257,602.257 | 602.257 | 602.257 | 602.257 | 602.257 | 602.257,Mediocampista
Cestero,Real Madrid,0 | 0 | 0 | 0 | 0 | 0,"0,00% | 0,00% | 0,00% | 0,00% | 0,00% | 0,00%",,43ddías,602.234,602.234 | 602.234 | 602.234 | 602.234 | 602.234 | 602.234,Mediocampista
Montes,Getafe,0 | 0 | 0 | 0 | 0 | 0,"0,00% | 0,00% | 0,00% | 0,00% | 0,00% | 0,00%",,43ddías,602.319,602.319 | 602.319 | 602.319 | 602.319 | 602.319 | 602.319,Defensa
Ferran,Espanyol,0 | 0 | 0 | 0 | 0 | 0,"0,00% | 0,00% | 0,00% | 0,00% | 0,00% | 0,00%",,43ddías,602.248,602.248 | 602.248 | 602.248 | 602.248 | 602.248 | 602.248,Mediocampista
Tunde,Levante,-210.346 | -432.012 | -676.540 | -1.233.286 | -1.233.286 | -1.233.286,"-2,80% | -5,59% | -8,48% | -14,46% | -14,46% | -14,46%",,5ddías,7.298.606,7.508.952 | 7.730.618 | 7.975.146 | 8.531.892 | 8.531.892 | 8.531.892,Mediocampista
Astiazaran,R. Sociedad B,0 | 0 | 0 | 0 | 0 | 0,"0,00% | 0,00% | 0,00% | 0,00% | 0,00% | 0,00%",,43ddías,602.257,602.257 | 602.257 | 602.257 | 602.257 | 602.257 | 602.257,Mediocampista
Satriano,Getafe,-444.158 | -886.298 | -1.554.782 | -3.173.331 | +23.942.731 | +23.942.731,"-1,55% | -3,04% | -5,21% | -10,09% | 0% | 0%",,8ddías,28.279.157,28.723.315 | 29.165.455 | 29.833.939 | 31.452.488 | 0 | 0,Delantero
Aguirre,R. Sociedad B,0 | 0 | 0 | 0 | 0 | 0,"0,00% | 0,00% | 0,00% | 0,00% | 0,00% | 0,00%",,43ddías,602.257,602.257 | 602.257 | 602.257 | 602.257 | 602.257 | 602.257,Mediocampista
Fontanet,Valencia,0 | 0 | 0 | 0 | 0 | 0,"0,00% | 0,00% | 0,00% | 0,00% | 0,00% | 0,00%",,43ddías,581.987,581.987 | 581.987 | 581.987 | 581.987 | 581.987 | 581.987,Defensa
Gaitán,Villarreal,0 | 0 | 0 | 0 | 0 | 0,"0,00% | 0,00% | 0,00% | 0,00% | 0,00% | 0,00%",,43ddías,602.292,602.292 | 602.292 | 602.292 | 602.292 | 602.292 | 602.292,Mediocampista
Manuel Ángel,Real Madrid,0 | 0 | 0 | 0 | 0 | 0,"0,00% | 0,00% | 0,00% | 0,00% | 0,00% | 0,00%",,43ddías,702.606,702.606 | 702.606 | 702.606 | 702.606 | 702.606 | 702.606,Mediocampista
Julio Díaz,Sevilla,-2.613 | -4.713 | -9.731 | -26.508 | -33.344 | -28.953,"-0,58% | -1,05% | -2,14% | -5,63% | -6,98% | -6,11%",,8ddías,444.646,447.259 | 449.359 | 454.377 | 471.154 | 477.990 | 473.599,Defensa
Burcio,Celta,0 | 0 | 0 | 0 | 0 | 0,"0,00% | 0,00% | 0,00% | 0,00% | 0,00% | 0,00%",,43ddías,602.257,602.257 | 602.257 | 602.257 | 602.257 | 602.257 | 602.257,Mediocampista
Álex Sánchez,Elche,0 | 0 | 0 | 0 | 0 | 0,"0,00% | 0,00% | 0,00% | 0,00% | 0,00% | 0,00%",,43ddías,602.324,602.324 | 602.324 | 602.324 | 602.324 | 602.324 | 602.324,Mediocampista
Javier Hernández,Espanyol,-150.258 | -310.850 | -500.247 | +9.144.007 | +9.144.007 | +9.144.007,"-1,52% | -3,10% | -4,89% | 0% | 0% | 0%",,4ddías,9.720.118,9.870.376 | 10.030.968 | 10.220.365 | 0 | 0 | 0,Mediocampista
Laporte,Athletic,-915.227 | -1.721.394 | -2.720.804 | -6.377.304 | -11.017.044 | +15.456.078,"-1,84% | -3,41% | -5,28% | -11,56% | -18,42% | +46,37%",,12ddías,48.787.247,49.702.474 | 50.508.641 | 51.508.051 | 55.164.551 | 59.804.291 | 33.331.169,Defensa
Hugo Ríos,Deportivo,0 | 0 | 0 | 0 | 0 | 0,"0,00% | 0,00% | 0,00% | 0,00% | 0,00% | 0,00%",,43ddías,903.386,903.386 | 903.386 | 903.386 | 903.386 | 903.386 | 903.386,Portero
Gorrotxategi,Real Sociedad,-144.433 | -232.411 | -380.247 | -1.034.303 | -2.395.651 | -4.488.202,"-2,56% | -4,06% | -6,47% | -15,83% | -30,35% | -44,94%",,39ddías,5.498.908,5.643.341 | 5.731.319 | 5.879.155 | 6.533.211 | 7.894.559 | 9.987.110,Mediocampista
Dituro,Elche,+168.702 | +324.557 | +468.619 | +923.096 | +1.632.703 | +1.058.799,"+2,10% | +4,12% | +6,06% | +12,68% | +24,85% | +14,82%",,15ddías,8.202.388,8.033.686 | 7.877.831 | 7.733.769 | 7.279.292 | 6.569.685 | 7.143.589,Portero
Dolan,Espanyol,+414.400 | +770.348 | +1.175.223 | +1.459.124 | +1.145.079 | -331.389,"+5,87% | +11,50% | +18,67% | +24,28% | +18,11% | -4,25%",,4ddías,7.468.471,7.054.071 | 6.698.123 | 6.293.248 | 6.009.347 | 6.323.392 | 7.799.860,Delantero
Roger BruguéBrugui,Levante,-43.764 | -90.780 | -153.077 | -418.333 | -941.218 | -2.501.510,"-2,24% | -4,54% | -7,42% | -17,98% | -33,03% | -56,72%",,47ddías,1.908.637,1.952.401 | 1.999.417 | 2.061.714 | 2.326.970 | 2.849.855 | 4.410.147,Delantero
Jorge Cabello,Levante,-14.758 | -29.509 | -47.705 | -117.709 | -283.088 | +159.255,"-1,97% | -3,85% | -6,09% | -13,79% | -27,77% | 0%",,23ddías,736.131,750.889 | 765.640 | 783.836 | 853.840 | 1.019.219 | 0,Defensa
C. Álvarez,Levante,-278.147 | -605.470 | -1.019.977 | -1.241.924 | -2.964 | +5.371.930,"-1,49% | -3,19% | -5,25% | -6,32% | -0,02% | +41,24%",,5ddías,18.398.146,18.676.293 | 19.003.616 | 19.418.123 | 19.640.070 | 18.401.110 | 13.026.216,Mediocampista
Oriol Rey,Levante,+21.940 | +41.640 | +53.564 | +37.404 | -79.037 | -522.152,"+2,90% | +5,65% | +7,39% | +5,05% | -9,21% | -40,14%",,4ddías,778.681,756.741 | 737.041 | 725.117 | 741.277 | 857.718 | 1.300.833,Mediocampista
Ugrinic,Valencia,-43.033 | -74.254 | -130.745 | -228.513 | -632.122 | -2.626.468,"-1,18% | -2,02% | -3,50% | -5,97% | -14,93% | -42,17%",,6ddías,3.602.254,3.645.287 | 3.676.508 | 3.732.999 | 3.830.767 | 4.234.376 | 6.228.722,Mediocampista
Deossa,Betis,-15.299 | -33.793 | -45.942 | +14.794 | +240.136 | -516.726,"-0,73% | -1,61% | -2,17% | +0,72% | +13,14% | -20,00%",,4ddías,2.066.979,2.082.278 | 2.100.772 | 2.112.921 | 2.052.185 | 1.826.843 | 2.583.705,Mediocampista
Bigas,Elche,-117.411 | -240.354 | -384.166 | -893.039 | -1.868.700 | -3.886.241,"-2,60% | -5,18% | -8,03% | -16,87% | -29,80% | -46,89%",,41ddías,4.401.326,4.518.737 | 4.641.680 | 4.785.492 | 5.294.365 | 6.270.026 | 8.287.567,Defensa
Redondo,Elche,+45.059 | +90.003 | +117.992 | +64.843 | -73.311 | -610.853,"+4,95% | +10,40% | +14,09% | +7,28% | -7,13% | -39,01%",,3ddías,955.225,910.166 | 865.222 | 837.233 | 890.382 | 1.028.536 | 1.566.078,Mediocampista
Pinillos,Alavés,0 | 0 | 0 | 0 | 0 | 0,"0,00% | 0,00% | 0,00% | 0,00% | 0,00% | 0,00%",,43ddías,501.929,501.929 | 501.929 | 501.929 | 501.929 | 501.929 | 501.929,Mediocampista
Rego,Athletic,-110.541 | -224.733 | -386.774 | -557.161 | -557.161 | -557.161,"-2,42% | -4,80% | -7,98% | -11,10% | -11,10% | -11,10%",,4ddías,4.461.664,4.572.205 | 4.686.397 | 4.848.438 | 5.018.825 | 5.018.825 | 5.018.825,Defensa
Esquivel,Atlético,0 | 0 | 0 | 0 | 0 | 0,"0,00% | 0,00% | 0,00% | 0,00% | 0,00% | 0,00%",,43ddías,602.292,602.292 | 602.292 | 602.292 | 602.292 | 602.292 | 602.292,Portero
Manu Fernández,Celta,-490 | -379 | -3.094 | -9.657 | -30.278 | -89.480,"-0,12% | -0,10% | -0,78% | -2,39% | -7,14% | -18,52%",,1ddías,393.697,394.187 | 394.076 | 396.791 | 403.354 | 423.975 | 483.177,Defensa
Ali Houary,Elche,-44.680 | -97.636 | -175.089 | +1.551.491 | +1.551.491 | +1.551.491,"-2,04% | -4,36% | -7,56% | 0% | 0% | 0%",,3ddías,2.142.380,2.187.060 | 2.240.016 | 2.317.469 | 0 | 0 | 0,Delantero
Junior,Betis,-48.707 | -103.827 | -169.760 | -392.641 | -910.456 | -2.719.077,"-1,53% | -3,20% | -5,12% | -11,11% | -22,46% | -46,38%",,46ddías,3.143.072,3.191.779 | 3.246.899 | 3.312.832 | 3.535.713 | 4.053.528 | 5.862.149,Defensa
Valentín Gómez,Betis,-29.104 | -58.085 | -95.028 | -201.562 | -437.748 | -1.227.421,"-1,79% | -3,52% | -5,63% | -11,22% | -21,54% | -43,50%",,46ddías,1.594.110,1.623.214 | 1.652.195 | 1.689.138 | 1.795.672 | 2.031.858 | 2.821.531,Defensa
Joselu,Getafe,0 | 0 | 0 | 0 | 0 | 0,"0,00% | 0,00% | 0,00% | 0,00% | 0,00% | 0,00%",,43ddías,602.319,602.319 | 602.319 | 602.319 | 602.319 | 602.319 | 602.319,Delantero
Salinas,Málaga,-12.290 | -15.685 | -28.711 | -29.651 | -82.794 | -274.683,"-1,23% | -1,56% | -2,83% | -2,92% | -7,74% | -21,77%",,5ddías,987.276,999.566 | 1.002.961 | 1.015.987 | 1.016.927 | 1.070.070 | 1.261.959,Defensa
Febas,Celta,-124.904 | -219.365 | -259.727 | +318.282 | +880.506 | -796.478,"-0,51% | -0,89% | -1,06% | +1,33% | +3,76% | -3,17%",,3ddías,24.300.410,24.425.314 | 24.519.775 | 24.560.137 | 23.982.128 | 23.419.904 | 25.096.888,Mediocampista
Affengruber,Elche,-308.433 | -617.036 | -1.023.263 | -2.570.727 | -1.227.554 | +8.246.436,"-1,00% | -1,97% | -3,23% | -7,73% | -3,85% | +36,77%",,9ddías,30.670.828,30.979.261 | 31.287.864 | 31.694.091 | 33.241.555 | 31.898.382 | 22.424.392,Defensa
Á. Núñez,Celta,-56.824 | -113.483 | -183.664 | -382.231 | -816.622 | -2.344.543,"-1,68% | -3,30% | -5,23% | -10,31% | -19,72% | -41,35%",,43ddías,3.325.020,3.381.844 | 3.438.503 | 3.508.684 | 3.707.251 | 4.141.642 | 5.669.563,Defensa
Santiago,Elche,-5.237 | -10.071 | -17.937 | -47.340 | -118.109 | -363.249,"-1,02% | -1,95% | -3,41% | -8,53% | -18,88% | -41,71%",,46ddías,507.628,512.865 | 517.699 | 525.565 | 554.968 | 625.737 | 870.877,Mediocampista
Aguado,Elche,+196.184 | +400.727 | +595.698 | +594.041 | +510.595 | -315.859,"+5,06% | +10,92% | +17,14% | +17,08% | +14,34% | -7,20%",,3ddías,4.071.247,3.875.063 | 3.670.520 | 3.475.549 | 3.477.206 | 3.560.652 | 4.387.106,Mediocampista
De la Fuente,Levante,-209.917 | -454.731 | -763.191 | -1.679.998 | -1.679.998 | -1.679.998,"-1,67% | -3,55% | -5,81% | -11,96% | -11,96% | -11,96%",,5ddías,12.372.530,12.582.447 | 12.827.261 | 13.135.721 | 14.052.528 | 14.052.528 | 14.052.528,Defensa
Iván Romero,Levante,-95.250 | -180.243 | -285.438 | -105.072 | +169.098 | -538.306,"-1,33% | -2,49% | -3,89% | -1,47% | +2,46% | -7,10%",,4ddías,7.047.627,7.142.877 | 7.227.870 | 7.333.065 | 7.152.699 | 6.878.529 | 7.585.933,Delantero
Huijsen,Real Madrid,+735.491 | +1.644.345 | +2.678.786 | +5.274.217 | +4.400.366 | -1.885.280,"+2,05% | +4,70% | +7,89% | +16,82% | +13,65% | -4,89%",,10ddías,36.633.913,35.898.422 | 34.989.568 | 33.955.127 | 31.359.696 | 32.233.547 | 38.519.193,Defensa
Martim Neto,Elche,+18.075 | +33.896 | +36.307 | -49.768 | -219.252 | -636.750,"+1,13% | +2,13% | +2,29% | -2,98% | -11,90% | -28,18%",,3ddías,1.622.566,1.604.491 | 1.588.670 | 1.586.259 | 1.672.334 | 1.841.818 | 2.259.316,Mediocampista
Alexander-Arnold,Real Madrid,-119.372 | -199.091 | -309.491 | -1.046.986 | -3.053.145 | -9.237.770,"-0,54% | -0,89% | -1,38% | -4,51% | -12,12% | -29,44%",,46ddías,22.145.681,22.265.053 | 22.344.772 | 22.455.172 | 23.192.667 | 25.198.826 | 31.383.451,Defensa
Jonny,Alavés,+187.805 | +410.670 | +598.131 | +732.473 | +461.838 | -987.911,"+3,13% | +7,11% | +10,70% | +13,43% | +8,07% | -13,77%",,5ddías,6.186.259,5.998.454 | 5.775.589 | 5.588.128 | 5.453.786 | 5.724.421 | 7.174.170,Defensa
Rincón,Athletic,-43.400 | -90.862 | -194.133 | +1.237.232 | +1.237.232 | +1.237.232,"-1,48% | -3,04% | -6,28% | 0% | 0% | 0%",,3ddías,2.895.825,2.939.225 | 2.986.687 | 3.089.958 | 0 | 0 | 0,Defensa
Luiz Felipe,Rayo,-105.475 | -195.767 | -281.781 | -687.001 | -832.293 | -832.293,"-3,11% | -5,63% | -7,90% | -17,30% | -20,22% | -20,22%",,8ddías,3.282.984,3.388.459 | 3.478.751 | 3.564.765 | 3.969.985 | 4.115.277 | 4.115.277,Defensa
Sivera,Alavés,+589.224 | +1.252.436 | +1.875.577 | +3.095.309 | +6.513.474 | +15.966.388,"+1,74% | +3,78% | +5,76% | +9,88% | +23,35% | +86,55%",,44ddías,34.414.159,33.824.935 | 33.161.723 | 32.538.582 | 31.318.850 | 27.900.685 | 18.447.771,Portero
Fortea,Real Madrid,0 | 0 | 0 | 0 | 0 | 0,"0,00% | 0,00% | 0,00% | 0,00% | 0,00% | 0,00%",,43ddías,802.099,802.099 | 802.099 | 802.099 | 802.099 | 802.099 | 802.099,Defensa
Jutglà,Celta,+12 | +14.293 | +23.370 | +217.138 | +403.663 | -1.212.308,"+0,00% | +0,15% | +0,24% | +2,32% | +4,40% | -11,24%",,11ddías,9.571.122,9.571.110 | 9.556.829 | 9.547.752 | 9.353.984 | 9.167.459 | 10.783.430,Delantero
Hinojo,Espanyol,-121.673 | -258.297 | -422.787 | +6.899.465 | +6.899.465 | +6.899.465,"-1,66% | -3,46% | -5,54% | 0% | 0% | 0%",,4ddías,7.215.591,7.337.264 | 7.473.888 | 7.638.378 | 0 | 0 | 0,Defensa
Víctor García,Levante,-35.342 | -71.478 | -118.583 | -242.188 | -576.945 | -1.876.668,"-1,94% | -3,85% | -6,23% | -11,95% | -24,43% | -51,25%",,46ddías,1.784.920,1.820.262 | 1.856.398 | 1.903.503 | 2.027.108 | 2.361.865 | 3.661.588,Defensa
Alemão,Rayo,-56.636 | -125.648 | -210.914 | -417.430 | -787.782 | -2.046.100,"-1,69% | -3,68% | -6,03% | -11,27% | -19,33% | -38,36%",,46ddías,3.287.840,3.344.476 | 3.413.488 | 3.498.754 | 3.705.270 | 4.075.622 | 5.333.940,Delantero
Carlos Soler,Real Sociedad,+316.410 | +598.404 | +880.847 | +1.981.030 | +2.342.247 | -2.199.156,"+0,96% | +1,83% | +2,71% | +6,32% | +7,55% | -6,19%",,10ddías,33.347.837,33.031.427 | 32.749.433 | 32.466.990 | 31.366.807 | 31.005.590 | 35.546.993,Mediocampista
Suazo,Sevilla,-51.069 | -114.878 | -203.591 | -278.473 | -508.489 | -1.966.749,"-0,99% | -2,20% | -3,84% | -5,18% | -9,07% | -27,84%",,5ddías,5.097.265,5.148.334 | 5.212.143 | 5.300.856 | 5.375.738 | 5.605.754 | 7.064.014,Defensa
Ryan,Levante,+141.215 | +230.436 | +316.593 | -567.435 | -567.435 | -567.435,"+1,10% | +1,81% | +2,50% | -4,19% | -4,19% | -4,19%",,3ddías,12.983.217,12.842.002 | 12.752.781 | 12.666.624 | 13.550.652 | 13.550.652 | 13.550.652,Portero
Vlachodimos,Sevilla,+434.787 | +869.217 | +1.416.147 | +2.778.247 | +5.943.061 | +5.423.086,"+2,17% | +4,43% | +7,43% | +15,70% | +40,88% | +36,02%",,16ddías,20.479.565,20.044.778 | 19.610.348 | 19.063.418 | 17.701.318 | 14.536.504 | 15.056.479,Portero
Oluwaseyi,Villarreal,-60.621 | -122.819 | -195.493 | -408.784 | -832.653 | -2.283.665,"-2,45% | -4,84% | -7,48% | -14,47% | -25,63% | -48,59%",,46ddías,2.416.429,2.477.050 | 2.539.248 | 2.611.922 | 2.825.213 | 3.249.082 | 4.700.094,Delantero
Montero,Alavés,0 | 0 | 0 | 0 | 0 | 0,"0,00% | 0,00% | 0,00% | 0,00% | 0,00% | 0,00%",,43ddías,602.316,602.316 | 602.316 | 602.316 | 602.316 | 602.316 | 602.316,Portero
Riedel,Espanyol,+131.248 | +282.682 | +491.226 | +409.461 | -89.062 | -458.776,"+2,66% | +5,91% | +10,75% | +8,80% | -1,73% | -8,31%",,4ddías,5.061.842,4.930.594 | 4.779.160 | 4.570.616 | 4.652.381 | 5.150.904 | 5.520.618,Defensa
Sancris,Getafe,-8.091 | -15.897 | -26.859 | -69.994 | -170.911 | -527.385,"-1,38% | -2,69% | -4,45% | -10,83% | -22,88% | -47,79%",,46ddías,576.121,584.212 | 592.018 | 602.980 | 646.115 | 747.032 | 1.103.506,Delantero
Folgado,Real Sociedad,0 | 0 | 0 | 0 | 0 | 0,"0,00% | 0,00% | 0,00% | 0,00% | 0,00% | 0,00%",,43ddías,702.606,702.606 | 702.606 | 702.606 | 702.606 | 702.606 | 702.606,Portero
Sierra,Sevilla,+82.709 | +151.597 | +225.224 | +206.329 | +206.329 | +206.329,"+11,39% | +23,07% | +38,61% | +34,26% | +34,26% | +34,26%",,3ddías,808.613,725.904 | 657.016 | 583.389 | 602.284 | 602.284 | 602.284,Delantero
Álex Costa,Sevilla,0 | 0 | 0 | 0 | 0 | 0,"0,00% | 0,00% | 0,00% | 0,00% | 0,00% | 0,00%",,43ddías,602.284,602.284 | 602.284 | 602.284 | 602.284 | 602.284 | 602.284,Delantero
Oso,Sevilla,-158.256 | -352.321 | -603.183 | -866.422 | -1.819.254 | -1.819.254,"-1,28% | -2,80% | -4,70% | -6,61% | -12,95% | -12,95%",,5ddías,12.234.078,12.392.334 | 12.586.399 | 12.837.261 | 13.100.500 | 14.053.332 | 14.053.332,Defensa
Cardoso,Sevilla,-6.477 | -21.434 | -39.845 | -110.155 | -273.376 | -815.767,"-0,86% | -2,78% | -5,05% | -12,82% | -26,73% | -52,12%",,46ddías,749.364,755.841 | 770.798 | 789.209 | 859.519 | 1.022.740 | 1.565.131,Defensa
Navarro,Valencia,0 | 0 | 0 | 0 | 0 | 0,"0,00% | 0,00% | 0,00% | 0,00% | 0,00% | 0,00%",,43ddías,501.909,501.909 | 501.909 | 501.909 | 501.909 | 501.909 | 501.909,Defensa
Mikautadze,Villarreal,+622.945 | +1.316.098 | +1.888.413 | +3.332.620 | +10.000.810 | +14.617.266,"+0,96% | +2,06% | +2,98% | +5,38% | +18,08% | +28,83%",,39ddías,65.319.181,64.696.236 | 64.003.083 | 63.430.768 | 61.986.561 | 55.318.371 | 50.701.915,Delantero
Krug,Levante,0 | 0 | 0 | 0 | 0 | 0,"0,00% | 0,00% | 0,00% | 0,00% | 0,00% | 0,00%",,43ddías,602.249,602.249 | 602.249 | 602.249 | 602.249 | 602.249 | 602.249,Defensa
Diangana,Elche,-26.467 | -53.416 | -84.318 | -215.875 | -423.177 | -928.750,"-2,54% | -4,99% | -7,66% | -17,51% | -29,38% | -47,73%",,46ddías,1.017.158,1.043.625 | 1.070.574 | 1.101.476 | 1.233.033 | 1.440.335 | 1.945.908,Delantero
Blázquez,Valencia,0 | 0 | 0 | 0 | 0 | 0,"0,00% | 0,00% | 0,00% | 0,00% | 0,00% | 0,00%",,43ddías,581.656,581.656 | 581.656 | 581.656 | 581.656 | 581.656 | 581.656,Delantero
Altozano,Sevilla,-7.368 | -14.422 | -24.601 | -43.496 | -43.496 | -43.496,"-1,30% | -2,52% | -4,22% | -7,22% | -7,22% | -7,22%",,5ddías,558.788,566.156 | 573.210 | 583.389 | 602.284 | 602.284 | 602.284,Mediocampista
Pablo CamposCuñat Campos,Levante,-21.797 | -41.276 | -68.333 | -135.463 | -280.589 | -320.634,"-2,24% | -4,17% | -6,71% | -12,49% | -22,81% | -25,24%",,19ddías,949.525,971.322 | 990.801 | 1.017.858 | 1.084.988 | 1.230.114 | 1.270.159,Portero
Rueda,Celta,+8.984 | +40.859 | +63.275 | +295.091 | +769.793 | +243.608,"+0,20% | +0,93% | +1,45% | +7,15% | +21,08% | +5,83%",,15ddías,4.422.008,4.413.024 | 4.381.149 | 4.358.733 | 4.126.917 | 3.652.215 | 4.178.400,Defensa
Toljan,Levante,-69.643 | -153.068 | -256.091 | -526.453 | -896.786 | -2.039.105,"-1,82% | -3,92% | -6,38% | -12,29% | -19,27% | -35,19%",,44ddías,3.756.260,3.825.903 | 3.909.328 | 4.012.351 | 4.282.713 | 4.653.046 | 5.795.365,Defensa
Carlos Espí,Real Madrid,+200.094 | +425.790 | +691.463 | +1.394.878 | +6.442.647 | +6.442.647,"+2,05% | +4,46% | +7,45% | +16,26% | 0% | 0%",,10ddías,9.973.776,9.773.682 | 9.547.986 | 9.282.313 | 8.578.898 | 0 | 0,Delantero
Cortés,Levante,-8.581 | -18.934 | -33.907 | -68.714 | -68.714 | -68.714,"-1,16% | -2,51% | -4,41% | -8,56% | -8,56% | -8,56%",,5ddías,734.286,742.867 | 753.220 | 768.193 | 803.000 | 803.000 | 803.000,Delantero
Primo,Levante,0 | 0 | 0 | 0 | 0 | 0,"0,00% | 0,00% | 0,00% | 0,00% | 0,00% | 0,00%",,43ddías,1.104.126,1.104.126 | 1.104.126 | 1.104.126 | 1.104.126 | 1.104.126 | 1.104.126,Portero
Vertrouwd,Rayo,-15.980 | -37.227 | -62.190 | -112.917 | -112.917 | -112.917,"-1,76% | -4,01% | -6,53% | -11,25% | -11,25% | -11,25%",,5ddías,890.808,906.788 | 928.035 | 952.998 | 1.003.725 | 1.003.725 | 1.003.725,Defensa
Becerra,Rayo,0 | 0 | 0 | 0 | 0 | 0,"0,00% | 0,00% | 0,00% | 0,00% | 0,00% | 0,00%",,43ddías,581.700,581.700 | 581.700 | 581.700 | 581.700 | 581.700 | 581.700,Mediocampista
Radu,Celta,-350.272 | -668.605 | -1.217.257 | -2.912.040 | -1.945.366 | +9.241.176,"-0,94% | -1,79% | -3,21% | -7,34% | -5,03% | +33,60%",,9ddías,36.743.791,37.094.063 | 37.412.396 | 37.961.048 | 39.655.831 | 38.689.157 | 27.502.615,Portero
Niculaesei,Elche,0 | 0 | 0 | 0 | 0 | 0,"0,00% | 0,00% | 0,00% | 0,00% | 0,00% | 0,00%",,43ddías,803.099,803.099 | 803.099 | 803.099 | 803.099 | 803.099 | 803.099,Defensa
Nacho Pérez,Levante,+12.832 | +22.641 | +30.234 | +13.008 | +13.008 | +13.008,"+2,21% | +3,96% | +5,36% | +2,24% | +2,24% | +2,24%",,3ddías,594.700,581.868 | 572.059 | 564.466 | 581.692 | 581.692 | 581.692,Defensa
Mendoza,Atlético,+29.151 | +29.271 | +18.609 | -4.351 | -54.581 | -295.049,"+3,56% | +3,57% | +2,24% | -0,51% | -6,04% | -25,80%",,2ddías,848.688,819.537 | 819.417 | 830.079 | 853.039 | 903.269 | 1.143.737,Mediocampista
Echegoyen,Osasuna,0 | 0 | 0 | 0 | 0 | 0,"0,00% | 0,00% | 0,00% | 0,00% | 0,00% | 0,00%",,43ddías,562.286,562.286 | 562.286 | 562.286 | 562.286 | 562.286 | 562.286,Mediocampista
Josan,Elche,-20.231 | -44.872 | -73.371 | -164.656 | -236.629 | -236.629,"-2,05% | -4,43% | -7,05% | -14,54% | -19,64% | -19,64%",,9ddías,968.021,988.252 | 1.012.893 | 1.041.392 | 1.132.677 | 1.204.650 | 1.204.650,Mediocampista
Davinchi,Getafe,-28.937 | -53.160 | -86.176 | +27.088 | -72.542 | -72.542,"-0,97% | -1,78% | -2,85% | +0,93% | -2,41% | -2,41%",,5ddías,2.939.061,2.967.998 | 2.992.221 | 3.025.237 | 2.911.973 | 3.011.603 | 3.011.603,Defensa
Thiago,Real Madrid,0 | 0 | 0 | 0 | 0 | 0,"0,00% | 0,00% | 0,00% | 0,00% | 0,00% | 0,00%",,43ddías,7.026.082,7.026.082 | 7.026.082 | 7.026.082 | 7.026.082 | 7.026.082 | 7.026.082,Mediocampista
Veiga,Villarreal,-673.150 | -1.377.055 | -2.225.362 | -4.316.231 | -8.476.110 | +1.146.651,"-1,85% | -3,72% | -5,87% | -10,80% | -19,20% | +3,32%",,14ddías,35.661.844,36.334.994 | 37.038.899 | 37.887.206 | 39.978.075 | 44.137.954 | 34.515.193,Defensa
Corralejo,Betis,0 | 0 | 0 | 0 | 0 | 0,"0,00% | 0,00% | 0,00% | 0,00% | 0,00% | 0,00%",,43ddías,602.248,602.248 | 602.248 | 602.248 | 602.248 | 602.248 | 602.248,Mediocampista
Cubo,Atlético,-8.458 | -17.389 | -17.389 | -17.389 | -17.389 | -17.389,"-1,43% | -2,89% | -2,89% | -2,89% | -2,89% | -2,89%",,2ddías,584.927,593.385 | 602.316 | 602.316 | 602.316 | 602.316 | 602.316,Delantero
Puerto,Deportivo,0 | 0 | 0 | 0 | +29 | -7.119,"0,00% | 0,00% | 0,00% | 0,00% | +0,01% | -1,90%",,9ddías,367.523,367.523 | 367.523 | 367.523 | 367.523 | 367.494 | 374.642,Portero
Bambo,Elche,-23.261 | -47.007 | -74.573 | -158.647 | -346.860 | +289.029,"-2,41% | -4,75% | -7,32% | -14,39% | -26,88% | 0%",,18ddías,943.494,966.755 | 990.501 | 1.018.067 | 1.102.141 | 1.290.354 | 0,Defensa
Marc Santos,Levante,-17.884 | -35.891 | -57.479 | 0 | 0 | 0,"-2,16% | -4,24% | -6,62% | 0% | 0% | 0%",,4ddías,811.150,829.034 | 847.041 | 868.629 | 0 | 0 | 0,Defensa
Drkusic,Espanyol,-88.371 | -183.893 | -296.349 | 0 | 0 | 0,"-2,48% | -5,03% | -7,87% | 0% | 0% | 0%",,4ddías,3.469.048,3.557.419 | 3.652.941 | 3.765.397 | 0 | 0 | 0,Defensa
Timera,Espanyol,-10.011 | -19.817 | -32.862 | 0 | 0 | 0,"-1,58% | -3,09% | -5,02% | 0% | 0% | 0%",,4ddías,622.199,632.210 | 642.016 | 655.061 | 0 | 0 | 0,Defensa
José Ángel,Espanyol,-10.011 | -19.817 | -32.862 | 0 | 0 | 0,"-1,58% | -3,09% | -5,02% | 0% | 0% | 0%",,4ddías,622.199,632.210 | 642.016 | 655.061 | 0 | 0 | 0,Defensa
Enzo BardelliBardeli,Levante,-96.885 | -200.829 | -319.503 | 0 | 0 | 0,"-2,58% | -5,20% | -8,03% | 0% | 0% | 0%",,4ddías,3.661.060,3.757.945 | 3.861.889 | 3.980.563 | 0 | 0 | 0,Mediocampista
Usedo,Levante,-13.947 | -27.854 | -45.171 | 0 | 0 | 0,"-1,91% | -3,74% | -5,93% | 0% | 0% | 0%",,4ddías,716.675,730.622 | 744.529 | 761.846 | 0 | 0 | 0,Mediocampista
Calatrava,Levante,-21.820 | -43.928 | -69.788 | 0 | 0 | 0,"-2,35% | -4,63% | -7,15% | 0% | 0% | 0%",,4ddías,905.626,927.446 | 949.554 | 975.414 | 0 | 0 | 0,Mediocampista
Galdin,Levante,-10.011 | -19.817 | -32.862 | 0 | 0 | 0,"-1,58% | -3,09% | -5,02% | 0% | 0% | 0%",,4ddías,622.199,632.210 | 642.016 | 655.061 | 0 | 0 | 0,Portero
Zabiri,Racing,-121.596 | -252.392 | -406.809 | -1.024.679 | 0 | 0,"-2,42% | -4,89% | -7,66% | -17,28% | 0% | 0%",,7ddías,4.905.223,5.026.819 | 5.157.615 | 5.312.032 | 5.929.902 | 0 | 0,Delantero
Iván Alonso,Rayo,-6.074 | -11.780 | -20.554 | 0 | 0 | 0,"-1,14% | -2,18% | -3,75% | 0% | 0% | 0%",,4ddías,527.722,533.796 | 539.502 | 548.276 | 0 | 0 | 0,Delantero
Román,Rayo,-13.947 | -27.854 | -45.171 | 0 | 0 | 0,"-1,91% | -3,74% | -5,93% | 0% | 0% | 0%",,4ddías,716.675,730.622 | 744.529 | 761.846 | 0 | 0 | 0,Mediocampista
Ibra,Sevilla,-13.947 | -27.854 | -45.171 | 0 | 0 | 0,"-1,91% | -3,74% | -5,93% | 0% | 0% | 0%",,4ddías,716.675,730.622 | 744.529 | 761.846 | 0 | 0 | 0,Delantero
Guillén,Sevilla,-115.863 | -238.090 | -382.796 | 0 | 0 | 0,"-2,53% | -5,07% | -7,91% | 0% | 0% | 0%",,4ddías,4.458.429,4.574.292 | 4.696.519 | 4.841.225 | 0 | 0 | 0,Mediocampista
Thiam,Villarreal,-21.820 | -43.928 | -69.788 | 0 | 0 | 0,"-2,35% | -4,63% | -7,15% | 0% | 0% | 0%",,4ddías,905.626,927.446 | 949.554 | 975.414 | 0 | 0 | 0,Mediocampista
Gerenabarrena,Athletic,-26.859 | -57.426 | -97.240 | 0 | 0 | 0,"-2,14% | -4,47% | -7,34% | 0% | 0% | 0%",,3ddías,1.227.028,1.253.887 | 1.284.454 | 1.324.268 | 0 | 0 | 0,Mediocampista
Kang-In Lee,Atlético,+1.063.182 | +800.112 | -581.799 | 0 | 0 | 0,"+2,68% | +2,00% | -1,41% | 0% | 0% | 0%",,1ddías,40.801.578,39.738.396 | 40.001.466 | 41.383.377 | 0 | 0 | 0,Mediocampista
Ure,Sevilla,+111.489 | +177.365 | +251.175 | -252.200 | 0 | 0,"+0,93% | +1,48% | +2,11% | -2,03% | 0% | 0%",,4ddías,12.146.686,12.035.197 | 11.969.321 | 11.895.511 | 12.398.886 | 0 | 0,Delantero
Fernando NiñoFer Niño,Elche,-252.768 | -523.031 | -844.281 | -2.089.561 | 0 | 0,"-1,83% | -3,72% | -5,87% | -13,37% | 0% | 0%",,7ddías,13.543.818,13.796.586 | 14.066.849 | 14.388.099 | 15.633.379 | 0 | 0,Delantero
Bayindir,Celta,-41.831 | -88.490 | -165.943 | 0 | 0 | 0,"-1,91% | -3,95% | -7,16% | 0% | 0% | 0%",,3ddías,2.151.526,2.193.357 | 2.240.016 | 2.317.469 | 0 | 0 | 0,Portero
Mangala,Getafe,+17.834 | +26.556 | +9.065 | -352.463 | 0 | 0,"+0,17% | +0,25% | +0,09% | -3,20% | 0% | 0%",,2ddías,10.656.112,10.638.278 | 10.629.556 | 10.647.047 | 11.008.575 | 0 | 0,Mediocampista
Dieng,Valencia,-104.342 | -213.790 | -339.669 | -789.472 | -1.484.260 | 0,"-2,54% | -5,06% | -7,81% | -16,45% | -27,01% | 0%",,15ddías,4.011.105,4.115.447 | 4.224.895 | 4.350.774 | 4.800.577 | 5.495.365 | 0,Mediocampista
Moscardo,Espanyol,-230.004 | -475.318 | -752.048 | -1.666.912 | -3.522.482 | 0,"-2,80% | -5,62% | -8,61% | -17,28% | -30,63% | 0%",,14ddías,7.977.518,8.207.522 | 8.452.836 | 8.729.566 | 9.644.430 | 11.500.000 | 0,Mediocampista
Gulacsi,Villarreal,-58.535 | -112.165 | -189.642 | -163.559 | 0 | 0,"-1,44% | -2,73% | -4,53% | -3,93% | 0% | 0%",,5ddías,3.993.309,4.051.844 | 4.105.474 | 4.182.951 | 4.156.868 | 0 | 0,Portero
Mikel Rodriguez,Alavés,+64.983 | +119.297 | +176.262 | +206.755 | 0 | 0,"+6,58% | +12,79% | +20,12% | +24,46% | 0% | 0%",,5ddías,1.052.159,987.176 | 932.862 | 875.897 | 845.404 | 0 | 0,Mediocampista
Angeliño,Deportivo,-211.094 | -422.852 | -618.533 | -311.116 | 0 | 0,"-1,40% | -2,76% | -3,99% | -2,05% | 0% | 0%",,3ddías,14.890.923,15.102.017 | 15.313.775 | 15.509.456 | 15.202.039 | 0 | 0,Defensa
Marcos,Espanyol,-27.259 | -58.416 | -95.052 | -223.788 | 0 | 0,"-2,16% | -4,52% | -7,15% | -15,35% | 0% | 0%",,9ddías,1.233.758,1.261.017 | 1.292.174 | 1.328.810 | 1.457.546 | 0 | 0,Delantero
Sazonov,Getafe,-28.198 | -57.314 | -90.474 | -194.743 | 0 | 0,"-2,57% | -5,10% | -7,81% | -15,43% | 0% | 0%",,8ddías,1.067.455,1.095.653 | 1.124.769 | 1.157.929 | 1.262.198 | 0 | 0,Defensa
Andrés García,Getafe,-108.430 | -229.401 | -399.867 | -652.714 | 0 | 0,"-1,30% | -2,70% | -4,62% | -7,32% | 0% | 0%",,5ddías,8.258.820,8.367.250 | 8.488.221 | 8.658.687 | 8.911.534 | 0 | 0,Mediocampista
Buonanotte,Elche,-141.063 | -294.600 | -471.869 | -1.110.384 | 0 | 0,"-2,22% | -4,52% | -7,05% | -15,15% | 0% | 0%",,7ddías,6.221.131,6.362.194 | 6.515.731 | 6.693.000 | 7.331.515 | 0 | 0,Mediocampista
Pedro Felipe,Racing,-67.395 | -139.635 | -218.342 | -382.239 | 0 | 0,"-2,92% | -5,87% | -8,89% | -14,58% | 0% | 0%",,8ddías,2.238.799,2.306.194 | 2.378.434 | 2.457.141 | 2.621.038 | 0 | 0,Defensa
Y. Diomande,Real Madrid,-971.220 | -1.985.226 | -2.855.474 | -7.004.631 | 0 | 0,"-1,17% | -2,36% | -3,36% | -7,86% | 0% | 0%",,8ddías,82.109.223,83.080.443 | 84.094.449 | 84.964.697 | 89.113.854 | 0 | 0,Delantero
Sangante,Sevilla,+89.088 | +204.587 | +303.718 | +275.618 | 0 | 0,"+0,99% | +2,30% | +3,46% | +3,13% | 0% | 0%",,4ddías,9.082.163,8.993.075 | 8.877.576 | 8.778.445 | 8.806.545 | 0 | 0,Defensa
Valentini,Alavés,-27.177 | -55.960 | -88.926 | -229.637 | 0 | 0,"-2,49% | -5,00% | -7,71% | -17,75% | 0% | 0%",,7ddías,1.064.159,1.091.336 | 1.120.119 | 1.153.085 | 1.293.796 | 0 | 0,Defensa
Grimaldo,Atlético,-435.004 | -471.482 | -535.580 | -3.237.502 | 0 | 0,"-0,94% | -1,02% | -1,16% | -6,60% | 0% | 0%",,7ddías,45.818.963,46.253.967 | 46.290.445 | 46.354.543 | 49.056.465 | 0 | 0,Defensa
Ede,Deportivo,+119.222 | +231.891 | +341.293 | +192.019 | 0 | 0,"+4,00% | +8,08% | +12,36% | +6,60% | 0% | 0%",,3ddías,3.103.062,2.983.840 | 2.871.171 | 2.761.769 | 2.911.043 | 0 | 0,Defensa
Asp Jensen,Deportivo,+54.194 | +88.252 | +89.038 | -487.245 | 0 | 0,"+0,88% | +1,44% | +1,46% | -7,29% | 0% | 0%",,3ddías,6.197.372,6.143.178 | 6.109.120 | 6.108.334 | 6.684.617 | 0 | 0,Mediocampista
Ortiz,Atlético,+31.480 | +46.096 | +10.697 | 0 | 0 | 0,"+2,64% | +3,91% | +0,88% | 0% | 0% | 0%",,2ddías,1.224.609,1.193.129 | 1.178.513 | 1.213.912 | 0 | 0 | 0,Delantero
Faye,Celta,-93.718 | -199.230 | -350.448 | 0 | 0 | 0,"-2,20% | -4,56% | -7,75% | 0% | 0% | 0%",,3ddías,4.174.134,4.267.852 | 4.373.364 | 4.524.582 | 0 | 0 | 0,Defensa
Amatucci,Deportivo,+246.956 | +502.712 | +643.620 | +1.294.936 | +1.654.787 | 0,"+1,82% | +3,78% | +4,89% | +10,35% | +13,62% | 0%",,11ddías,13.808.224,13.561.268 | 13.305.512 | 13.164.604 | 12.513.288 | 12.153.437 | 0,Mediocampista
Luis Castro,Levante,-29.871 | -60.365 | -94.960 | -242.893 | -573.898 | -544.889,"-2,65% | -5,21% | -7,95% | -18,10% | -34,31% | -33,15%",,26ddías,1.098.845,1.128.716 | 1.159.210 | 1.193.805 | 1.341.738 | 1.672.743 | 1.643.734,
Manuel Pellegrini,Betis,-126.704 | -255.117 | -397.514 | -981.664 | -2.151.739 | -4.030.363,"-3,36% | -6,55% | -9,84% | -21,24% | -37,15% | -52,54%",,28ddías,3.640.404,3.767.108 | 3.895.521 | 4.037.918 | 4.622.068 | 5.792.143 | 7.670.767,
Claudio Giráldez,Celta,-67.233 | -136.646 | -211.782 | -538.873 | -1.226.946 | -3.483.571,"-3,26% | -6,41% | -9,59% | -21,26% | -38,07% | -63,58%",,14ddías,1.995.548,2.062.781 | 2.132.194 | 2.207.330 | 2.534.421 | 3.222.494 | 5.479.119,
Antonio Hidalgo,Deportivo,-42.287 | -85.715 | -133.783 | -341.459 | -803.633 | -246.897,"-2,94% | -5,78% | -8,74% | -19,64% | -36,52% | -15,02%",,24ddías,1.396.837,1.439.124 | 1.482.552 | 1.530.620 | 1.738.296 | 2.200.470 | 1.643.734,
Martín Anselmi,Elche,-41.621 | -84.355 | -131.700 | -336.171 | -791.306 | +287.895,"-2,93% | -5,76% | -8,71% | -19,58% | -36,43% | +26,34%",,21ddías,1.380.849,1.422.470 | 1.465.204 | 1.512.549 | 1.717.020 | 2.172.155 | 1.092.954,
Manolo González,Espanyol,-24.920 | -50.257 | -79.481 | -203.595 | -482.304 | -663.699,"-2,48% | -4,88% | -7,50% | -17,20% | -32,98% | -40,38%",,27ddías,980.035,1.004.955 | 1.030.292 | 1.059.516 | 1.183.630 | 1.462.339 | 1.643.734,
Pepe Bordalás,Getafe,-1.428.262 | -2.915.414 | -4.467.361 | -11.343.826 | -26.447.566 | +29.834.343,"-3,96% | -7,76% | -11,42% | -24,66% | -43,28% | +618,21%",,16ddías,34.660.239,36.088.501 | 37.575.653 | 39.127.600 | 46.004.065 | 61.107.805 | 4.825.896,
Juan Funes,Málaga,-30.385 | -61.415 | -96.569 | -246.978 | -583.421 | +15.374,"-2,66% | -5,24% | -8,00% | -18,18% | -34,43% | +1,40%",,23ddías,1.111.197,1.141.582 | 1.172.612 | 1.207.766 | 1.358.175 | 1.694.618 | 1.095.823,
Diego Simeone,Atlético,-152.756 | -308.740 | -485.491 | -1.201.317 | -2.655.149 | -6.058.809,"-3,02% | -5,93% | -9,02% | -19,69% | -35,15% | -55,29%",,29ddías,4.899.431,5.052.187 | 5.208.171 | 5.384.922 | 6.100.748 | 7.554.580 | 10.958.240,
Luis Miguel Ramis,Osasuna,-35.636 | -72.136 | -112.987 | -288.661 | -680.573 | +144.261,"-2,80% | -5,51% | -8,37% | -18,92% | -35,49% | +13,20%",,22ddías,1.237.215,1.272.851 | 1.309.351 | 1.350.202 | 1.525.876 | 1.917.788 | 1.092.954,
José Alberto López,Racing,-19.410 | -39.008 | -62.253 | -159.855 | -380.356 | -28.862,"-2,24% | -4,40% | -6,84% | -15,86% | -30,97% | -3,29%",,24ddías,847.795,867.205 | 886.803 | 910.048 | 1.007.650 | 1.228.151 | 876.657,
Beñat San José,Rayo,-41.621 | -84.355 | -131.700 | -336.171 | -791.306 | +287.895,"-2,93% | -5,76% | -8,71% | -19,58% | -36,43% | +26,34%",,21ddías,1.380.849,1.422.470 | 1.465.204 | 1.512.549 | 1.717.020 | 2.172.155 | 1.092.954,
José Mourinho,Real Madrid,-380.229 | -779.883 | -1.195.990 | -2.974.991 | -6.799.905 | -498.547,"-3,16% | -6,28% | -9,31% | -20,35% | -36,87% | -4,11%",,23ddías,11.645.393,12.025.622 | 12.425.276 | 12.841.383 | 14.620.384 | 18.445.298 | 12.143.940,
Pellegrino Matarazzo,Real Sociedad,-118.035 | -240.366 | -370.625 | -933.219 | -2.118.168 | -2.264.340,"-3,54% | -6,96% | -10,34% | -22,50% | -39,72% | -41,33%",,26ddías,3.214.779,3.332.814 | 3.455.145 | 3.585.404 | 4.147.998 | 5.332.947 | 5.479.119,
Luis García,Sevilla,-15.944 | -31.931 | -51.415 | -132.340 | -316.227 | -112.047,"-2,04% | -4,01% | -6,30% | -14,75% | -29,26% | -12,78%",,25ddías,764.610,780.554 | 796.541 | 816.025 | 896.950 | 1.080.837 | 876.657,
Carlos Corberán,Valencia,-10.167 | -20.136 | -33.351 | -86.475 | -209.324 | -360.290,"-1,60% | -3,12% | -5,06% | -12,14% | -25,06% | -36,53%",,28ddías,625.949,636.116 | 646.085 | 659.300 | 712.424 | 835.273 | 986.239,
Hansi Flick,Barcelona,-221.104 | -458.265 | -725.825 | -1.814.805 | -3.880.483 | -7.991.537,"-2,55% | -5,15% | -7,91% | -17,69% | -31,48% | -48,62%",,14ddías,8.445.824,8.666.928 | 8.904.089 | 9.171.649 | 10.260.629 | 12.326.307 | 16.437.361,
Edin Terzic,Athletic,-250.499 | -510.814 | -784.807 | -1.989.432 | -4.629.461 | -163.794,"-3,77% | -7,40% | -10,93% | -23,73% | -42,00% | -2,50%",,22ddías,6.393.933,6.644.432 | 6.904.747 | 7.178.740 | 8.383.365 | 11.023.394 | 6.557.727,
Gijselhart,Deportivo,-64.661 | -134.069 | -226.275 | 0 | 0 | 0,"-2,49% | -5,03% | -8,20% | 0% | 0% | 0%",,3ddías,2.532.616,2.597.277 | 2.666.685 | 2.758.891 | 0 | 0 | 0,Mediocampista
Castellanos,Racing,-10.011 | -19.817 | -32.862 | 0 | 0 | 0,"-1,58% | -3,09% | -5,02% | 0% | 0% | 0%",,4ddías,622.199,632.210 | 642.016 | 655.061 | 0 | 0 | 0,Mediocampista
Kevin Sánchez,Deportivo,-18.408 | -36.961 | -59.118 | 0 | 0 | 0,"-2,19% | -4,29% | -6,70% | 0% | 0% | 0%",,3ddías,823.727,842.135 | 860.688 | 882.845 | 0 | 0 | 0,Delantero
Barzic,Elche,-14.339 | -28.654 | -46.397 | 0 | 0 | 0,"-1,94% | -3,80% | -6,01% | 0% | 0% | 0%",,3ddías,726.092,740.431 | 754.746 | 772.489 | 0 | 0 | 0,Defensa
Ponce,Elche,-46.402 | -95.730 | -157.615 | 0 | 0 | 0,"-2,63% | -5,28% | -8,40% | 0% | 0% | 0%",,3ddías,1.718.431,1.764.833 | 1.814.161 | 1.876.046 | 0 | 0 | 0,Delantero
Padilla,Elche,-28.665 | -55.639 | -88.831 | 0 | 0 | 0,"-2,61% | -4,94% | -7,67% | 0% | 0% | 0%",,3ddías,1.069.903,1.098.568 | 1.125.542 | 1.158.734 | 0 | 0 | 0,Delantero
Umaru,Elche,-14.339 | -28.654 | -46.397 | 0 | 0 | 0,"-1,94% | -3,80% | -6,01% | 0% | 0% | 0%",,3ddías,726.092,740.431 | 754.746 | 772.489 | 0 | 0 | 0,Delantero
Danfakha,Getafe,-10.011 | -19.817 | -32.862 | 0 | 0 | 0,"-1,58% | -3,09% | -5,02% | 0% | 0% | 0%",,4ddías,622.199,632.210 | 642.016 | 655.061 | 0 | 0 | 0,Delantero
Dubasin,Osasuna,-308.306 | -615.076 | -1.112.987 | 0 | 0 | 0,"-2,19% | -4,27% | -7,47% | 0% | 0% | 0%",,3ddías,13.785.028,14.093.334 | 14.400.104 | 14.898.015 | 0 | 0 | 0,Delantero
Lozano,Rayo,-10.011 | -19.817 | -32.862 | 0 | 0 | 0,"-1,58% | -3,09% | -5,02% | 0% | 0% | 0%",,4ddías,622.199,632.210 | 642.016 | 655.061 | 0 | 0 | 0,Defensa
Quique Sánchez,Alavés,-15.944 | -31.931 | -51.415 | -132.340 | -316.227 | -112.047,"-2,04% | -4,01% | -6,30% | -14,75% | -29,26% | -12,78%",,25ddías,764.610,780.554 | 796.541 | 816.025 | 896.950 | 1.080.837 | 876.657,
Romero,Atlético,-1.037.111 | -2.612.052 | 0 | 0 | 0 | 0,"-2,18% | -5,32% | 0% | 0% | 0% | 0%",,2ddías,46.508.833,47.545.944 | 49.120.885 | 0 | 0 | 0 | 0,Defensa
Bernal,Betis,-80.873 | -448.360 | 0 | 0 | 0 | 0,"-0,73% | -3,91% | 0% | 0% | 0% | 0%",,2ddías,11.013.179,11.094.052 | 11.461.539 | 0 | 0 | 0 | 0,Mediocampista
Francho,Getafe,-55.039 | -149.536 | 0 | 0 | 0 | 0,"-1,93% | -5,07% | 0% | 0% | 0% | 0%",,2ddías,2.797.717,2.852.756 | 2.947.253 | 0 | 0 | 0 | 0,Mediocampista
Tsitaishvili,Rayo,-61.218 | -152.215 | 0 | 0 | 0 | 0,"-2,23% | -5,36% | 0% | 0% | 0% | 0%",,2ddías,2.685.880,2.747.098 | 2.838.095 | 0 | 0 | 0 | 0,Delantero
Otu,Málaga,-29.472 | 0 | 0 | 0 | 0 | 0,"-2,63% | 0% | 0% | 0% | 0% | 0%",,1ddías,1.089.277,1.118.749 | 0 | 0 | 0 | 0 | 0,Mediocampista
Castillo,Atlético,0 | 0 | 0 | 0 | 0 | 0,0% | 0% | 0% | 0% | 0% | 0%,,1ddías,1.000.000,0 | 0 | 0 | 0 | 0 | 0,Mediocampista
Juani,Málaga,0 | 0 | 0 | 0 | 0 | 0,0% | 0% | 0% | 0% | 0% | 0%,,1ddías,1.000.000,0 | 0 | 0 | 0 | 0 | 0,Delantero
De Haas,Valencia,-94.460 | -144.887 | -245.303 | -102.964 | +416.282 | 0,"-1,05% | -1,61% | -2,69% | -1,15% | +4,92% | 0%",,5ddías,8.870.689,8.965.149 | 9.015.576 | 9.115.992 | 8.973.653 | 8.454.407 | 0,Defensa
Bernardo Silva,Real Madrid,+962.021 | +2.045.141 | +3.290.687 | +7.648.969 | +19.053.775 | 0,"+1,63% | +3,52% | +5,80% | +14,59% | +46,45% | 0%",,17ddías,60.074.932,59.112.911 | 58.029.791 | 56.784.245 | 52.425.963 | 41.021.157 | 0,Mediocampista
Germán Parreño,Deportivo,-7.099 | -13.872 | -23.758 | -54.797 | -134.865 | -150.318,"-1,27% | -2,45% | -4,12% | -9,03% | -19,63% | -21,39%",,15ddías,552.315,559.414 | 566.187 | 576.073 | 607.112 | 687.180 | 702.633,Portero
Murillo,Málaga,-51.151 | -103.429 | -163.167 | -397.931 | -907.102 | -2.478.145,"-2,85% | -5,60% | -8,56% | -18,58% | -34,22% | -58,70%",,46ddías,1.743.731,1.794.882 | 1.847.160 | 1.906.898 | 2.141.662 | 2.650.833 | 4.221.876,Defensa
Eddahchouri,Deportivo,-36.390 | -76.274 | -122.177 | -241.712 | -489.868 | -1.273.157,"-2,14% | -4,39% | -6,85% | -12,70% | -22,76% | -43,37%",,46ddías,1.662.278,1.698.668 | 1.738.552 | 1.784.455 | 1.903.990 | 2.152.146 | 2.935.435,Delantero
Osorio,Elche,-35.570 | -72.257 | -113.575 | -157.117 | -157.117 | -157.117,"-2,77% | -5,47% | -8,34% | -11,18% | -11,18% | -11,18%",,4ddías,1.248.308,1.283.878 | 1.320.565 | 1.361.883 | 1.405.425 | 1.405.425 | 1.405.425,Delantero
Herrero,Málaga,+159.628 | +208.650 | +244.450 | +618.929 | +1.516.199 | +2.545.369,"+1,87% | +2,46% | +2,89% | +7,66% | +21,12% | +41,40%",,14ddías,8.694.224,8.534.596 | 8.485.574 | 8.449.774 | 8.075.295 | 7.178.025 | 6.148.855,Portero
Carlos López,Málaga,-62 | +495 | -1.755 | -3.305 | -18.429 | -45.333,"-0,02% | +0,13% | -0,46% | -0,85% | -4,59% | -10,57%",,1ddías,383.429,383.491 | 382.934 | 385.184 | 386.734 | 401.858 | 428.762,Portero
Céspedes,Málaga,0 | 0 | 0 | 0 | 0 | 0,"0,00% | 0,00% | 0,00% | 0,00% | 0,00% | 0,00%",,42ddías,401.498,401.498 | 401.498 | 401.498 | 401.498 | 401.498 | 401.498,Portero
Puga,Málaga,+19.688 | -27.367 | -114.304 | -331.307 | -727.968 | -2.254.834,"+0,40% | -0,55% | -2,24% | -6,24% | -12,75% | -31,16%",,1ddías,4.982.023,4.962.335 | 5.009.390 | 5.096.327 | 5.313.330 | 5.709.991 | 7.236.857,Defensa
Rafa GarridoRafita,Málaga,-157.005 | -324.055 | -324.055 | -324.055 | -324.055 | -324.055,"-3,24% | -6,46% | -6,46% | -6,46% | -6,46% | -6,46%",,2ddías,4.694.689,4.851.694 | 5.018.744 | 5.018.744 | 5.018.744 | 5.018.744 | 5.018.744,Defensa
Luismi,Deportivo,-128.505 | -269.835 | -421.677 | -432.904 | -547.893 | -2.607.559,"-2,28% | -4,67% | -7,11% | -7,28% | -9,04% | -32,12%",,5ddías,5.510.203,5.638.708 | 5.780.038 | 5.931.880 | 5.943.107 | 6.058.096 | 8.117.762,Delantero
Galilea,Málaga,+29.282 | -1.819 | -65.916 | -204.723 | -544.566 | -544.566,"+0,79% | -0,05% | -1,74% | -5,21% | -12,77% | -12,77%",,1ddías,3.721.366,3.692.084 | 3.723.185 | 3.787.282 | 3.926.089 | 4.265.932 | 4.265.932,Defensa
Dani Sánchez,Málaga,-11.329 | -22.508 | -36.984 | -92.812 | -218.000 | -614.637,"-1,70% | -3,33% | -5,35% | -12,43% | -25,00% | -48,45%",,46ddías,653.835,665.164 | 676.343 | 690.819 | 746.647 | 871.835 | 1.268.472,Defensa
Recio,Málaga,+24.258 | +16.914 | +621 | -15.945 | -15.945 | -15.945,"+3,40% | +2,35% | +0,08% | -2,12% | -2,12% | -2,12%",,1ddías,736.865,712.607 | 719.951 | 736.244 | 752.810 | 752.810 | 752.810,Defensa
Pastor,Málaga,+259 | +1.150 | -753 | -2.896 | -13.376 | -13.376,"+0,07% | +0,31% | -0,20% | -0,76% | -3,44% | -3,44%",,2ddías,375.740,375.481 | 374.590 | 376.493 | 378.636 | 389.116 | 389.116,Defensa
Arriaza,Málaga,0 | 0 | 0 | 0 | 0 | 0,"0,00% | 0,00% | 0,00% | 0,00% | 0,00% | 0,00%",,42ddías,401.498,401.498 | 401.498 | 401.498 | 401.498 | 401.498 | 401.498,Defensa
Moussa,Málaga,0 | 0 | 0 | 0 | 0 | 0,"0,00% | 0,00% | 0,00% | 0,00% | 0,00% | 0,00%",,42ddías,401.498,401.498 | 401.498 | 401.498 | 401.498 | 401.498 | 401.498,Defensa
Merino,Málaga,-74.173 | -159.895 | -292.223 | -579.288 | -991.303 | -2.435.153,"-1,25% | -2,66% | -4,76% | -9,01% | -14,48% | -29,38%",,42ddías,5.852.672,5.926.845 | 6.012.567 | 6.144.895 | 6.431.960 | 6.843.975 | 8.287.825,Mediocampista
Bil Nsongo,Deportivo,+123.169 | +196.090 | -14.534 | -236.920 | -236.920 | -236.920,"+2,00% | +3,22% | -0,23% | -3,63% | -3,63% | -3,63%",,2ddías,6.287.553,6.164.384 | 6.091.463 | 6.302.087 | 6.524.473 | 6.524.473 | 6.524.473,Delantero
Patino,Deportivo,-4.172 | -7.897 | -14.608 | -38.574 | -90.963 | -287.548,"-0,86% | -1,61% | -2,94% | -7,41% | -15,87% | -37,36%",,46ddías,482.083,486.255 | 489.980 | 496.691 | 520.657 | 573.046 | 769.631,Mediocampista
Rafa Rodríguez,Málaga,-145.914 | -266.108 | -468.573 | -681.033 | -681.033 | -681.033,"-2,54% | -4,54% | -7,73% | -10,86% | -10,86% | -10,86%",,4ddías,5.589.393,5.735.307 | 5.855.501 | 6.057.966 | 6.270.426 | 6.270.426 | 6.270.426,Mediocampista
Barcia,Deportivo,-27.436 | -57.898 | -92.424 | -185.424 | -387.332 | -1.011.588,"-2,32% | -4,77% | -7,40% | -13,81% | -25,08% | -46,65%",,46ddías,1.156.896,1.184.332 | 1.214.794 | 1.249.320 | 1.342.320 | 1.544.228 | 2.168.484,Defensa
Quagliata,Deportivo,+5.006 | +8.473 | -17.330 | -160.402 | -94.765 | +139.329,"+0,16% | +0,27% | -0,55% | -4,89% | -2,95% | +4,67%",,2ddías,3.119.635,3.114.629 | 3.111.162 | 3.136.965 | 3.280.037 | 3.214.400 | 2.980.306,Defensa
Loureiro,Deportivo,-88.409 | -177.970 | -277.625 | -482.676 | -488.757 | -1.068.979,"-2,62% | -5,13% | -7,78% | -12,79% | -12,93% | -24,52%",,9ddías,3.291.265,3.379.674 | 3.469.235 | 3.568.890 | 3.773.941 | 3.780.022 | 4.360.244,Defensa
Teijo,Deportivo,0 | 0 | 0 | 0 | 0 | 0,"0,00% | 0,00% | 0,00% | 0,00% | 0,00% | 0,00%",,43ddías,602.257,602.257 | 602.257 | 602.257 | 602.257 | 602.257 | 602.257,Defensa
Canedo,Deportivo,0 | 0 | 0 | 0 | 0 | 0,"0,00% | 0,00% | 0,00% | 0,00% | 0,00% | 0,00%",,43ddías,602.257,602.257 | 602.257 | 602.257 | 602.257 | 602.257 | 602.257,Defensa
Samu Fernández,Deportivo,0 | 0 | 0 | 0 | 0 | 0,"0,00% | 0,00% | 0,00% | 0,00% | 0,00% | 0,00%",,43ddías,702.633,702.633 | 702.633 | 702.633 | 702.633 | 702.633 | 702.633,Defensa
Noubi,Deportivo,+62.786 | +260.733 | +329.521 | +1.366.924 | +2.856.669 | +5.443.439,"+0,47% | +1,99% | +2,52% | +11,38% | +27,14% | +68,58%",,28ddías,13.380.773,13.317.987 | 13.120.040 | 13.051.252 | 12.013.849 | 10.524.104 | 7.937.334,Defensa
Comas,Deportivo,-10.975 | -21.785 | -35.876 | -89.392 | -219.102 | -659.968,"-1,67% | -3,27% | -5,27% | -12,17% | -25,35% | -50,56%",,46ddías,645.334,656.309 | 667.119 | 681.210 | 734.726 | 864.436 | 1.305.302,Defensa
Ximo,Deportivo,-10.292 | -11.485 | -59.945 | +32.525 | -178.872 | -1.035.207,"-0,19% | -0,21% | -1,08% | +0,60% | -3,16% | -15,87%",,5ddías,5.489.266,5.499.558 | 5.500.751 | 5.549.211 | 5.456.741 | 5.668.138 | 6.524.473,Defensa
Mario,Deportivo,+291.953 | +751.054 | +1.103.149 | +2.506.818 | +5.144.145 | +10.411.606,"+1,04% | +2,73% | +4,06% | +9,73% | +22,25% | +58,32%",,45ddías,28.264.470,27.972.517 | 27.513.416 | 27.161.321 | 25.757.652 | 23.120.325 | 17.852.864,Mediocampista
Pablo García,Deportivo,0 | 0 | 0 | 0 | +5.341 | -68.626,"0,00% | 0,00% | 0,00% | 0,00% | +1,15% | -12,77%",,13ddías,468.964,468.964 | 468.964 | 468.964 | 468.964 | 463.623 | 537.590,Defensa
Noé Carrillo,Deportivo,0 | 0 | 0 | 0 | 0 | 0,"0,00% | 0,00% | 0,00% | 0,00% | 0,00% | 0,00%",,43ddías,702.633,702.633 | 702.633 | 702.633 | 702.633 | 702.633 | 702.633,Mediocampista
Riki,Deportivo,-20.998 | -42.250 | -67.218 | -154.193 | -333.836 | -619.741,"-2,32% | -4,55% | -7,05% | -14,82% | -27,37% | -41,16%",,22ddías,885.905,906.903 | 928.155 | 953.123 | 1.040.098 | 1.219.741 | 1.505.646,Mediocampista
Rubén López,Deportivo,0 | 0 | 0 | 0 | 0 | 0,"0,00% | 0,00% | 0,00% | 0,00% | 0,00% | 0,00%",,43ddías,501.880,501.880 | 501.880 | 501.880 | 501.880 | 501.880 | 501.880,Mediocampista
Villares,Deportivo,-41.659 | -92.177 | -154.413 | -293.588 | -678.681 | -2.046.047,"-1,83% | -3,96% | -6,46% | -11,60% | -23,28% | -47,77%",,46ddías,2.236.850,2.278.509 | 2.329.027 | 2.391.263 | 2.530.438 | 2.915.531 | 4.282.897,Mediocampista
Jurado,Deportivo,-21.017 | -42.289 | -67.277 | -160.995 | -363.222 | -1.079.279,"-2,32% | -4,55% | -7,05% | -15,37% | -29,07% | -54,91%",,46ddías,886.361,907.378 | 928.650 | 953.638 | 1.047.356 | 1.249.583 | 1.965.640,Mediocampista
Mella,Deportivo,-30.360 | -72.993 | -95.425 | +56.934 | +96.382 | -681.879,"-0,90% | -2,13% | -2,77% | +1,73% | +2,96% | -16,91%",,3ddías,3.349.617,3.379.977 | 3.422.610 | 3.445.042 | 3.292.683 | 3.253.235 | 4.031.496,Mediocampista
Lorenzo,Málaga,+90.131 | +56.412 | -93.923 | -139.139 | +477.838 | +731.880,"+0,96% | +0,60% | -0,98% | -1,44% | +5,30% | +8,35%",,1ddías,9.497.042,9.406.911 | 9.440.630 | 9.590.965 | 9.636.181 | 9.019.204 | 8.765.162,Mediocampista
Ochoa,Málaga,0 | 0 | 0 | 0 | 0 | 0,"0,00% | 0,00% | 0,00% | 0,00% | 0,00% | 0,00%",,42ddías,3.513.040,3.513.040 | 3.513.040 | 3.513.040 | 3.513.040 | 3.513.040 | 3.513.040,Mediocampista
Hjulmand,Atlético,-699.371 | -1.089.502 | -1.242.402 | -277.120 | +2.336.169 | 0,"-1,93% | -2,97% | -3,38% | -0,77% | +7,03% | 0%",,3ddías,35.565.540,36.264.911 | 36.655.042 | 36.807.942 | 35.842.660 | 33.229.371 | 0,Mediocampista
Chupete,Málaga,-991.929 | -1.668.181 | -2.598.325 | -6.225.661 | -3.934.647 | +17.237.493,"-2,10% | -3,49% | -5,33% | -11,89% | -7,86% | +59,61%",,9ddías,46.156.322,47.148.251 | 47.824.503 | 48.754.647 | 52.381.983 | 50.090.969 | 28.918.829,Delantero
Arana,Racing,-13.621 | -27.189 | -44.152 | -89.758 | -174.893 | -402.772,"-1,89% | -3,69% | -5,86% | -11,24% | -19,79% | -36,23%",,46ddías,708.861,722.482 | 736.050 | 753.013 | 798.619 | 883.754 | 1.111.633,Delantero
Guliashvili,Racing,-51.589 | -106.422 | -167.672 | -413.816 | -940.053 | -2.636.394,"-2,89% | -5,79% | -8,83% | -19,30% | -35,20% | -60,37%",,46ddías,1.730.670,1.782.259 | 1.837.092 | 1.898.342 | 2.144.486 | 2.670.723 | 4.367.064,Delantero
Canales,Racing,+508.846 | +967.314 | +1.602.936 | +3.388.931 | +6.812.534 | +15.923.345,"+2,00% | +3,87% | +6,58% | +15,01% | +35,58% | +158,64%",,13ddías,25.960.607,25.451.761 | 24.993.293 | 24.357.671 | 22.571.676 | 19.148.073 | 10.037.262,Mediocampista
Santi Franco,Racing,0 | 0 | 0 | 0 | 0 | 0,"0,00% | 0,00% | 0,00% | 0,00% | 0,00% | 0,00%",,42ddías,702.606,702.606 | 702.606 | 702.606 | 702.606 | 702.606 | 702.606,Delantero
Diego Diaz,Racing,-7.368 | -14.422 | -24.601 | -43.446 | -43.446 | -43.446,"-1,30% | -2,52% | -4,22% | -7,21% | -7,21% | -7,21%",,5ddías,558.788,566.156 | 573.210 | 583.389 | 602.234 | 602.234 | 602.234,Delantero
Santaella,Málaga,0 | 0 | 0 | 0 | 0 | 0,"0,00% | 0,00% | 0,00% | 0,00% | 0,00% | 0,00%",,38ddías,401.498,401.498 | 401.498 | 401.498 | 401.498 | 401.498 | 401.498,Defensa
Vallecillo,Racing,-9.938 | -19.668 | -32.634 | -57.490 | -57.490 | -57.490,"-1,58% | -3,07% | -5,00% | -8,48% | -8,48% | -8,48%",,5ddías,620.450,630.388 | 640.118 | 653.084 | 677.940 | 677.940 | 677.940,Mediocampista
Larrubia,Málaga,-992.876 | -1.827.944 | -2.859.973 | -6.537.991 | -3.531.730 | +17.295.836,"-1,99% | -3,61% | -5,53% | -11,80% | -6,74% | +54,81%",,9ddías,48.851.168,49.844.044 | 50.679.112 | 51.711.141 | 55.389.159 | 52.382.898 | 31.555.332,Mediocampista
Solórzano,Racing,0 | 0 | 0 | 0 | 0 | 0,"0,00% | 0,00% | 0,00% | 0,00% | 0,00% | 0,00%",,42ddías,602.234,602.234 | 602.234 | 602.234 | 602.234 | 602.234 | 602.234,Mediocampista
Yeremay,Deportivo,-1.195.477 | -2.294.552 | -3.355.938 | -6.641.038 | -12.719.647 | +10.982.290,"-2,53% | -4,74% | -6,78% | -12,58% | -21,61% | +31,25%",,13ddías,46.129.392,47.324.869 | 48.423.944 | 49.485.330 | 52.770.430 | 58.849.039 | 35.147.102,Delantero
Dumfries,Real Madrid,-764.205 | -1.620.708 | -2.595.692 | -6.725.247 | -13.602.046 | +6.334.177,"-1,44% | -3,00% | -4,71% | -11,36% | -20,59% | +13,73%",,13ddías,52.471.689,53.235.894 | 54.092.397 | 55.067.381 | 59.196.936 | 66.073.735 | 46.137.512,Defensa
Hartman,Espanyol,-206.435 | -426.248 | -665.385 | -1.422.321 | -2.542.988 | -6.588.029,"-2,64% | -5,30% | -8,03% | -15,73% | -25,02% | -46,37%",,30ddías,7.620.380,7.826.815 | 8.046.628 | 8.285.765 | 9.042.701 | 10.163.368 | 14.208.409,Defensa
Cucurella,Real Madrid,-428.637 | -998.066 | -1.807.278 | -5.178.247 | +2.902.894 | 0,"-0,55% | -1,26% | -2,26% | -6,22% | +3,86% | 0%",,9ddías,78.047.956,78.476.593 | 79.046.022 | 79.855.234 | 83.226.203 | 75.145.062 | 0,Defensa
Konaté,Real Madrid,-422.722 | -841.407 | -1.316.353 | -2.125.279 | +5.648.683 | 0,"-0,90% | -1,77% | -2,74% | -4,34% | +13,73% | 0%",,6ddías,46.801.006,47.223.728 | 47.642.413 | 48.117.359 | 48.926.285 | 41.152.323 | 0,Defensa
Aubameyang,Deportivo,+1.209.318 | +2.834.145 | +5.064.252 | +9.110.411 | +17.744.105 | 0,"+3,14% | +7,69% | +14,62% | +29,77% | +80,78% | 0%",,22ddías,39.711.406,38.502.088 | 36.877.261 | 34.647.154 | 30.600.995 | 21.967.301 | 0,Delantero
Calatrava,Espanyol,+19.428 | +54.896 | +82.335 | +214.548 | +655.889 | 0,"+0,48% | +1,36% | +2,05% | +5,52% | +19,03% | 0%",,21ddías,4.101.867,4.082.439 | 4.046.971 | 4.019.532 | 3.887.319 | 3.445.978 | 0,Delantero
Iñigo Vicente,Racing,+168.746 | +415.428 | +643.525 | +1.190.969 | +1.261.842 | -1.903.473,"+0,84% | +2,10% | +3,28% | +6,25% | +6,65% | -8,60%",,11ddías,20.236.302,20.067.556 | 19.820.874 | 19.592.777 | 19.045.333 | 18.974.460 | 22.139.775,Delantero
Puerta,Racing,+111.052 | +418.414 | +707.004 | +1.446.791 | +2.842.453 | +4.604.835,"+0,80% | +3,09% | +5,33% | +11,56% | +25,56% | +49,19%",,25ddías,13.965.211,13.854.159 | 13.546.797 | 13.258.207 | 12.518.420 | 11.122.758 | 9.360.376,Mediocampista
Enríquez,Málaga,-14.829 | -29.655 | -47.929 | -98.252 | -203.231 | -602.233,"-1,97% | -3,86% | -6,10% | -11,75% | -21,60% | -44,94%",,46ddías,737.845,752.674 | 767.500 | 785.774 | 836.097 | 941.076 | 1.340.078,Mediocampista
Laro Gómez,Racing,0 | 0 | 0 | 0 | 0 | 0,"0,00% | 0,00% | 0,00% | 0,00% | 0,00% | 0,00%",,42ddías,602.234,602.234 | 602.234 | 602.234 | 602.234 | 602.234 | 602.234,Portero
Juanpe,Málaga,0 | 0 | 0 | 0 | 0 | 0,"0,00% | 0,00% | 0,00% | 0,00% | 0,00% | 0,00%",,42ddías,581.931,581.931 | 581.931 | 581.931 | 581.931 | 581.931 | 581.931,Mediocampista
Joaquín,Málaga,-17.044 | -104.251 | -240.678 | -639.003 | -1.545.619 | -4.219.814,"-0,27% | -1,65% | -3,72% | -9,30% | -19,88% | -40,38%",,46ddías,6.229.307,6.246.351 | 6.333.558 | 6.469.985 | 6.868.310 | 7.774.926 | 10.449.121,Delantero
Lobete,Málaga,-13.246 | -26.422 | -42.978 | -108.207 | -243.962 | -695.179,"-1,86% | -3,64% | -5,79% | -13,39% | -25,85% | -49,83%",,46ddías,699.843,713.089 | 726.265 | 742.821 | 808.050 | 943.805 | 1.395.022,Delantero
Jauregi,Málaga,-28.232 | -58.676 | -93.304 | -209.840 | -408.524 | -408.524,"-2,40% | -4,87% | -7,52% | -15,46% | -26,26% | -26,26%",,12ddías,1.147.250,1.175.482 | 1.205.926 | 1.240.554 | 1.357.090 | 1.555.774 | 1.555.774,Delantero
Haitam,Málaga,-1.158 | -1.743 | -5.183 | -14.962 | -42.644 | -128.025,"-0,28% | -0,42% | -1,25% | -3,52% | -9,43% | -23,81%",,46ddías,409.741,410.899 | 411.484 | 414.924 | 424.703 | 452.385 | 537.766,Delantero
Jiménez,Racing,0 | 0 | 0 | 0 | 0 | 0,"0,00% | 0,00% | 0,00% | 0,00% | 0,00% | 0,00%",,42ddías,602.234,602.234 | 602.234 | 602.234 | 602.234 | 602.234 | 602.234,Portero
Eriksson,Racing,-62.062 | -126.272 | -204.896 | -357.005 | -206.420 | +264.016,"-2,36% | -4,68% | -7,38% | -12,19% | -7,43% | +11,44%",,9ddías,2.572.237,2.634.299 | 2.698.509 | 2.777.133 | 2.929.242 | 2.778.657 | 2.308.221,Portero
Mantilla,Racing,-35.796 | -64.891 | -112.978 | -92.626 | +243.927 | +482.908,"-1,34% | -2,41% | -4,11% | -3,40% | +10,21% | +22,46%",,5ddías,2.632.861,2.668.657 | 2.697.752 | 2.745.839 | 2.725.487 | 2.388.934 | 2.149.953,Defensa
Sergio Martínez,Racing,+79.363 | +164.032 | +275.550 | +248.735 | +248.735 | +248.735,"+9,10% | +20,83% | +40,77% | +35,40% | +35,40% | +35,40%",,3ddías,951.341,871.978 | 787.309 | 675.791 | 702.606 | 702.606 | 702.606,Mediocampista
Sainz-Maza,Racing,-12.411 | -24.718 | -40.368 | -96.512 | -226.191 | -655.173,"-1,79% | -3,51% | -5,61% | -12,43% | -24,97% | -49,08%",,46ddías,679.807,692.218 | 704.525 | 720.175 | 776.319 | 905.998 | 1.334.980,Defensa
Hernando,Racing,+55.642 | +113.057 | +161.256 | +115.846 | -56.536 | -472.478,"+3,01% | +6,31% | +9,25% | +6,47% | -2,88% | -19,87%",,4ddías,1.905.300,1.849.658 | 1.792.243 | 1.744.044 | 1.789.454 | 1.961.836 | 2.377.778,Defensa
Salinas,Racing,+105.504 | +227.242 | +344.634 | +192.795 | -19.019 | -19.019,"+1,79% | +3,93% | +6,09% | +3,32% | -0,32% | -0,32%",,5ddías,6.003.337,5.897.833 | 5.776.095 | 5.658.703 | 5.810.542 | 6.022.356 | 6.022.356,Defensa
Carlos Sánchez,Racing,-10.775 | -21.377 | -35.252 | -62.067 | -62.067 | -62.067,"-1,65% | -3,23% | -5,22% | -8,83% | -8,83% | -8,83%",,5ddías,640.539,651.314 | 661.916 | 675.791 | 702.606 | 702.606 | 702.606,Defensa
Facundo GonzálezFacu González,Racing,-59.742 | -126.345 | -207.354 | -337.808 | -427.087 | -796.727,"-2,15% | -4,44% | -7,09% | -11,06% | -13,59% | -22,68%",,6ddías,2.716.313,2.776.055 | 2.842.658 | 2.923.667 | 3.054.121 | 3.143.400 | 3.513.040,Defensa
Crespo,Racing,0 | 0 | 0 | 0 | 0 | 0,"0,00% | 0,00% | 0,00% | 0,00% | 0,00% | 0,00%",,42ddías,802.979,802.979 | 802.979 | 802.979 | 802.979 | 802.979 | 802.979,Defensa
Maguette,Racing,-74.302 | -159.908 | -261.888 | -497.252 | -747.177 | -1.937.300,"-2,00% | -4,20% | -6,70% | -12,00% | -17,01% | -34,70%",,42ddías,3.645.715,3.720.017 | 3.805.623 | 3.907.603 | 4.142.967 | 4.392.892 | 5.583.015,Mediocampista
John ChetauyaJohn C.,Elche,-9.950 | -19.693 | -32.673 | -81.235 | -194.615 | -602.916,"-1,58% | -3,07% | -5,00% | -11,57% | -23,87% | -49,27%",,46ddías,620.746,630.696 | 640.439 | 653.419 | 701.981 | 815.361 | 1.223.662,Defensa
Hancko,Atlético,+886.874 | +1.003.334 | +1.260.177 | +2.930.721 | +8.389.496 | +6.877.802,"+2,24% | +2,54% | +3,21% | +7,81% | +26,15% | +20,47%",,18ddías,40.471.543,39.584.669 | 39.468.209 | 39.211.366 | 37.540.822 | 32.082.047 | 33.593.741,Defensa
Vencedor,Athletic,0 | 0 | 0 | 0 | 0 | 0,"0,00% | 0,00% | 0,00% | 0,00% | 0,00% | 0,00%",,43ddías,2.208.253,2.208.253 | 2.208.253 | 2.208.253 | 2.208.253 | 2.208.253 | 2.208.253,Mediocampista
Isi,Rayo,+203.901 | +548.647 | +848.779 | +2.899.988 | +4.327.395 | -265.815,"+0,98% | +2,68% | +4,21% | +16,03% | +25,97% | -1,25%",,11ddías,20.993.105,20.789.204 | 20.444.458 | 20.144.326 | 18.093.117 | 16.665.710 | 21.258.920,Delantero
Mojica,Getafe,+184.889 | +250.921 | +165.200 | -891.273 | +9.159.639 | +9.159.639,"+1,63% | +2,23% | +1,46% | -7,19% | 0% | 0%",,2ddías,11.507.613,11.322.724 | 11.256.692 | 11.342.413 | 12.398.886 | 0 | 0,Defensa
Catena,Osasuna,-126.772 | -332.166 | -721.065 | -1.728.765 | -4.448.573 | -4.257.990,"-0,39% | -1,01% | -2,16% | -5,03% | -11,99% | -11,54%",,22ddías,32.641.170,32.767.942 | 32.973.336 | 33.362.235 | 34.369.935 | 37.089.743 | 36.899.160,Defensa
Herrando,Osasuna,-27.264 | -55.443 | -92.299 | -213.408 | -473.443 | -1.449.955,"-1,78% | -3,55% | -5,77% | -12,41% | -23,92% | -49,05%",,46ddías,1.506.086,1.533.350 | 1.561.529 | 1.598.385 | 1.719.494 | 1.979.529 | 2.956.041,Defensa
Iker Muñoz,Osasuna,-11.235 | -26.647 | -50.245 | -104.511 | -202.755 | -862.067,"-0,88% | -2,06% | -3,82% | -7,62% | -13,80% | -40,50%",,6ddías,1.266.609,1.277.844 | 1.293.256 | 1.316.854 | 1.371.120 | 1.469.364 | 2.128.676,Mediocampista
Dimitrievski,Valencia,+266.772 | +543.466 | +801.247 | +1.992.991 | +3.665.621 | +3.665.621,"+1,73% | +3,58% | +5,37% | +14,53% | +30,43% | +30,43%",,13ddías,15.711.498,15.444.726 | 15.168.032 | 14.910.251 | 13.718.507 | 12.045.877 | 12.045.877,Portero
Ratiu,Rayo,+106.898 | +218.410 | +228.562 | +562.098 | -914.678 | -11.331.343,"+0,30% | +0,61% | +0,64% | +1,59% | -2,48% | -23,98%",,7ddías,35.913.255,35.806.357 | 35.694.845 | 35.684.693 | 35.351.157 | 36.827.933 | 47.244.598,Defensa
Nteka,Rayo,+3.523 | +2.992 | -3.699 | -41.184 | -225.716 | -862.351,"+0,29% | +0,24% | -0,30% | -3,22% | -15,42% | -41,06%",,1ddías,1.237.620,1.234.097 | 1.234.628 | 1.241.319 | 1.278.804 | 1.463.336 | 2.099.971,Delantero
Budimir,Osasuna,+204.431 | +501.434 | +696.401 | +2.621.174 | +5.281.696 | -4.267.725,"+0,39% | +0,97% | +1,35% | +5,27% | +11,22% | -7,54%",,12ddías,52.337.725,52.133.294 | 51.836.291 | 51.641.324 | 49.716.551 | 47.056.029 | 56.605.450,Delantero
Cárdenas,Rayo,-7.132 | -13.631 | -23.653 | -42.328 | -120.393 | -382.128,"-1,27% | -2,39% | -4,08% | -7,08% | -17,80% | -40,74%",,3ddías,555.826,562.958 | 569.457 | 579.479 | 598.154 | 676.219 | 937.954,Portero
Unai López,Rayo,+83.464 | +153.507 | +195.700 | +361.706 | +307.898 | +103.678,"+1,37% | +2,56% | +3,28% | +6,24% | +5,26% | +1,71%",,8ddías,6.158.392,6.074.928 | 6.004.885 | 5.962.692 | 5.796.686 | 5.850.494 | 6.054.714,Mediocampista
Álvaro García,Rayo,+330.859 | +833.914 | +1.375.133 | +2.656.122 | +3.690.347 | +6.720.079,"+1,64% | +4,23% | +7,17% | +14,83% | +21,87% | +48,55%",,30ddías,20.562.101,20.231.242 | 19.728.187 | 19.186.968 | 17.905.979 | 16.871.754 | 13.842.022,Mediocampista
De Frutos,Rayo,-510.854 | -1.236.304 | -2.195.220 | -5.069.728 | -6.896.787 | +6.906.301,"-1,21% | -2,87% | -4,98% | -10,80% | -14,15% | +19,76%",,11ddías,41.850.516,42.361.370 | 43.086.820 | 44.045.736 | 46.920.244 | 48.747.303 | 34.944.215,Delantero
Balliu,Rayo,+7.999 | +19.611 | +16.963 | +75.466 | +167.754 | -75.631,"+0,82% | +2,03% | +1,75% | +8,30% | +20,53% | -7,13%",,2ddías,985.011,977.012 | 965.400 | 968.048 | 909.545 | 817.257 | 1.060.642,Defensa
Pathé Ciss,Rayo,+549.826 | +1.018.694 | +1.494.577 | +2.418.207 | +3.394.511 | +3.136.028,"+4,01% | +7,70% | +11,71% | +20,43% | +31,26% | +28,21%",,20ddías,14.252.537,13.702.711 | 13.233.843 | 12.757.960 | 11.834.330 | 10.858.026 | 11.116.509,Mediocampista
Valentín,Rayo,+114.822 | +245.742 | +363.012 | +562.189 | +732.214 | -244.041,"+2,85% | +6,30% | +9,59% | +15,68% | +21,44% | -5,56%",,14ddías,4.146.837,4.032.015 | 3.901.095 | 3.783.825 | 3.584.648 | 3.414.623 | 4.390.878,Mediocampista
Ibáñez,Alavés,+85.911 | +141.085 | +198.666 | +307.932 | +234.595 | -661.542,"+2,48% | +4,14% | +5,92% | +9,49% | +7,07% | -15,70%",,8ddías,3.552.306,3.466.395 | 3.411.221 | 3.353.640 | 3.244.374 | 3.317.711 | 4.213.848,Mediocampista
Moi Gómez,Osasuna,-32.588 | -67.198 | -112.211 | -237.843 | -504.301 | -1.511.689,"-1,77% | -3,58% | -5,84% | -11,62% | -21,80% | -45,53%",,46ddías,1.808.559,1.841.147 | 1.875.757 | 1.920.770 | 2.046.402 | 2.312.860 | 3.320.248,Mediocampista
Camello,Rayo,+10.121 | -15.773 | -57.849 | -93.811 | -174.090 | -885.732,"+0,34% | -0,52% | -1,90% | -3,04% | -5,50% | -22,85%",,1ddías,2.990.422,2.980.301 | 3.006.195 | 3.048.271 | 3.084.233 | 3.164.512 | 3.876.154,Delantero
Valles,Betis,-13.023 | +86.953 | +292.311 | +1.425.449 | +7.192.209 | +18.749.268,"-0,04% | +0,26% | +0,87% | +4,40% | +27,01% | +124,41%",,1ddías,33.819.776,33.832.799 | 33.732.823 | 33.527.465 | 32.394.327 | 26.627.567 | 15.070.508,Portero
Eric Garcia,Barcelona,+661.778 | +1.105.390 | +1.238.746 | +754.276 | -3.512.417 | -13.426.088,"+1,47% | +2,47% | +2,78% | +1,67% | -7,12% | -22,67%",,4ddías,45.802.144,45.140.366 | 44.696.754 | 44.563.398 | 45.047.868 | 49.314.561 | 59.228.232,Defensa
Boyé,Alavés,-56.006 | -234.226 | -524.502 | -1.681.682 | -3.495.564 | -6.176.815,"-0,51% | -2,12% | -4,62% | -13,45% | -24,42% | -36,34%",,42ddías,10.820.061,10.876.067 | 11.054.287 | 11.344.563 | 12.501.743 | 14.315.625 | 16.996.876,Delantero
Miguel Ángel RubioMiguel Rubio,Espanyol,-5.907 | -11.438 | -20.031 | -52.658 | -130.507 | -401.899,"-1,12% | -2,14% | -3,68% | -9,14% | -19,95% | -43,42%",,46ddías,523.709,529.616 | 535.147 | 543.740 | 576.367 | 654.216 | 925.608,Defensa
Villar,Elche,+199.598 | -17.866 | -262.527 | -262.527 | -262.527 | -262.527,"+3,04% | -0,26% | -3,74% | -3,74% | -3,74% | -3,74%",,1ddías,6.764.600,6.565.002 | 6.782.466 | 7.027.127 | 7.027.127 | 7.027.127 | 7.027.127,Mediocampista
S. Cardona,Villarreal,-81.552 | -154.837 | -234.511 | -353.698 | -540.128 | -1.108.439,"-1,85% | -3,45% | -5,14% | -7,55% | -11,09% | -20,38%",,6ddías,4.331.385,4.412.937 | 4.486.222 | 4.565.896 | 4.685.083 | 4.871.513 | 5.439.824,Defensa
Javi Muñoz,Getafe,-7.899 | -15.505 | -26.259 | -65.382 | -160.527 | -495.995,"-1,36% | -2,64% | -4,39% | -10,27% | -21,93% | -46,46%",,46ddías,571.510,579.409 | 587.015 | 597.769 | 636.892 | 732.037 | 1.067.505,Mediocampista
Moleiro,Villarreal,-747.590 | -1.693.715 | -2.366.939 | -1.910.602 | +6.595.616 | -74.941,"-1,14% | -2,55% | -3,53% | -2,87% | +11,35% | -0,12%",,4ddías,64.690.456,65.438.046 | 66.384.171 | 67.057.395 | 66.601.058 | 58.094.840 | 64.765.397,Mediocampista
Copete,Valencia,-50.785 | -103.065 | -160.354 | -396.168 | -904.578 | -2.577.304,"-3,07% | -6,05% | -9,11% | -19,84% | -36,11% | -61,69%",,46ddías,1.600.790,1.651.575 | 1.703.855 | 1.761.144 | 1.996.958 | 2.505.368 | 4.178.094,Defensa
Rubén GarcíaRubén G.,Osasuna,+7.935 | +80.640 | +91.572 | +539.143 | +942.295 | -1.301.750,"+0,06% | +0,58% | +0,65% | +3,98% | +7,17% | -8,46%",,11ddías,14.091.107,14.083.172 | 14.010.467 | 13.999.535 | 13.551.964 | 13.148.812 | 15.392.857,Mediocampista
Herrera,Osasuna,-296.597 | -494.995 | -882.478 | -2.001.969 | +1.209.916 | +14.440.219,"-0,77% | -1,28% | -2,26% | -4,99% | +3,28% | +61,06%",,8ddías,38.091.056,38.387.653 | 38.586.051 | 38.973.534 | 40.093.025 | 36.881.140 | 23.650.837,Portero
Torró,Osasuna,-25.668 | -44.986 | -77.210 | -177.782 | -324.813 | -945.351,"-1,09% | -1,90% | -3,22% | -7,12% | -12,28% | -28,95%",,42ddías,2.320.340,2.346.008 | 2.365.326 | 2.397.550 | 2.498.122 | 2.645.153 | 3.265.691,Mediocampista
Moncayola,Osasuna,-10.612 | -14.724 | -29.283 | +223.639 | +789.240 | +1.251.312,"-0,15% | -0,21% | -0,42% | +3,35% | +12,94% | +22,19%",,3ddías,6.890.420,6.901.032 | 6.905.144 | 6.919.703 | 6.666.781 | 6.101.180 | 5.639.108,Mediocampista
Oroz,Osasuna,-77.001 | -77.877 | -49.508 | +297.402 | +1.117.069 | -1.791.860,"-0,48% | -0,48% | -0,31% | +1,89% | +7,50% | -10,06%",,2ddías,16.020.066,16.097.067 | 16.097.943 | 16.069.574 | 15.722.664 | 14.902.997 | 17.811.926,Mediocampista
Kike Barja,Osasuna,-54.920 | -114.618 | -183.741 | -423.220 | -614.150 | -614.150,"-2,44% | -4,96% | -7,72% | -16,15% | -21,85% | -21,85%",,9ddías,2.196.678,2.251.598 | 2.311.296 | 2.380.419 | 2.619.898 | 2.810.828 | 2.810.828,Delantero
Areso,Athletic,+26.809 | +62.792 | +78.876 | +189.284 | +514.584 | +228.026,"+0,90% | +2,14% | +2,71% | +6,75% | +20,77% | +8,25%",,18ddías,2.991.793,2.964.984 | 2.929.001 | 2.912.917 | 2.802.509 | 2.477.209 | 2.763.767,Defensa
Aitor,Osasuna,-3.866 | -7.271 | -13.649 | -31.205 | -69.054 | -236.869,"-0,81% | -1,51% | -2,79% | -6,17% | -12,70% | -33,29%",,11ddías,474.717,478.583 | 481.988 | 488.366 | 505.922 | 543.771 | 711.586,Portero
Lejeune,Rayo,-457.229 | -898.194 | -1.631.851 | -2.291.702 | -3.548.717 | -16.149.318,"-1,26% | -2,44% | -4,35% | -6,01% | -9,01% | -31,06%",,5ddías,35.846.627,36.303.856 | 36.744.821 | 37.478.478 | 38.138.329 | 39.395.344 | 51.995.945,Defensa
Courtois,Real Madrid,+620.183 | +1.251.191 | +2.372.937 | +5.008.044 | +7.494.947 | +5.408.722,"+0,97% | +1,97% | +3,81% | +8,40% | +13,12% | +9,14%",,11ddías,64.611.784,63.991.601 | 63.360.593 | 62.238.847 | 59.603.740 | 57.116.837 | 59.203.062,Portero
Iglesias,Sevilla,+136.409 | +285.694 | +418.243 | +695.418 | -216.435 | -216.435,"+1,12% | +2,37% | +3,51% | +5,98% | -1,72% | -1,72%",,7ddías,12.331.917,12.195.508 | 12.046.223 | 11.913.674 | 11.636.499 | 12.548.352 | 12.548.352,Defensa
Marrero,Real Sociedad,-18.538 | -37.699 | -64.635 | -158.155 | -348.011 | -976.640,"-1,81% | -3,62% | -6,04% | -13,60% | -25,72% | -49,28%",,46ddías,1.005.129,1.023.667 | 1.042.828 | 1.069.764 | 1.163.284 | 1.353.140 | 1.981.769,Portero
Kubo,Real Sociedad,+469.776 | +936.171 | +1.335.350 | +3.013.321 | +3.268.371 | -5.549.137,"+1,83% | +3,71% | +5,37% | +13,00% | +14,25% | -17,48%",,11ddías,26.199.258,25.729.482 | 25.263.087 | 24.863.908 | 23.185.937 | 22.930.887 | 31.748.395,Mediocampista
Youssef,Alavés,+1.751 | +11.236 | +12.453 | +8.345 | -13.525 | -158.372,"+0,35% | +2,28% | +2,54% | +1,69% | -2,62% | -23,93%",,3ddías,503.380,501.629 | 492.144 | 490.927 | 495.035 | 516.905 | 661.752,Defensa
Sadiq,Valencia,-83.819 | -168.660 | -285.029 | -607.001 | -1.877.137 | -6.095.823,"-1,31% | -2,60% | -4,31% | -8,76% | -22,89% | -49,09%",,44ddías,6.323.083,6.406.902 | 6.491.743 | 6.608.112 | 6.930.084 | 8.200.220 | 12.418.906,Delantero
Pacheco,Real Sociedad,-125.656 | -258.152 | -258.152 | -258.152 | -258.152 | -258.152,"-3,24% | -6,43% | -6,43% | -6,43% | -6,43% | -6,43%",,2ddías,3.757.300,3.882.956 | 4.015.452 | 4.015.452 | 4.015.452 | 4.015.452 | 4.015.452,Defensa
Turrientes,Real Sociedad,-106.109 | -217.824 | -329.621 | -235.595 | -284.502 | -2.063.175,"-1,55% | -3,13% | -4,67% | -3,38% | -4,05% | -23,45%",,4ddías,6.734.242,6.840.351 | 6.952.066 | 7.063.863 | 6.969.837 | 7.018.744 | 8.797.417,Mediocampista
Le Normand,Atlético,+556.470 | +799.789 | +991.848 | +1.566.455 | +996.199 | -1.004.964,"+5,14% | +7,55% | +9,54% | +15,94% | +9,58% | -8,11%",,7ddías,11.391.686,10.835.216 | 10.591.897 | 10.399.838 | 9.825.231 | 10.395.487 | 12.396.650,Defensa
Fraga,Real Sociedad,0 | 0 | 0 | 0 | 0 | 0,"0,00% | 0,00% | 0,00% | 0,00% | 0,00% | 0,00%",,43ddías,602.234,602.234 | 602.234 | 602.234 | 602.234 | 602.234 | 602.234,Portero
Oyarzabal,Real Sociedad,+121.065 | +320.712 | +581.332 | +86.908 | -3.735.307 | -23.792.692,"+0,19% | +0,51% | +0,92% | +0,14% | -5,54% | -27,21%",,4ddías,63.643.677,63.522.612 | 63.322.965 | 63.062.345 | 63.556.769 | 67.378.984 | 87.436.369,Delantero
Urko,Espanyol,+103.892 | +178.346 | +250.046 | +300.882 | +167.103 | -711.057,"+2,11% | +3,68% | +5,23% | +6,37% | +3,44% | -12,39%",,4ddías,5.027.511,4.923.619 | 4.849.165 | 4.777.465 | 4.726.629 | 4.860.408 | 5.738.568,Mediocampista
Dmitrovic,Espanyol,+478.376 | +1.114.699 | +1.749.985 | +2.414.908 | +6.187.909 | +18.637.890,"+1,22% | +2,88% | +4,60% | +6,47% | +18,44% | +88,27%",,45ddías,39.752.821,39.274.445 | 38.638.122 | 38.002.836 | 37.337.913 | 33.564.912 | 21.114.931,Portero
Pedrosa,Sevilla,0 | 0 | 0 | 0 | 0 | 0,"0,00% | 0,00% | 0,00% | 0,00% | 0,00% | 0,00%",,43ddías,3.312.788,3.312.788 | 3.312.788 | 3.312.788 | 3.312.788 | 3.312.788 | 3.312.788,Defensa
Mariano,Alavés,+268.709 | +522.417 | +852.368 | +1.144.075 | +979.298 | +378.022,"+14,66% | +33,08% | +68,24% | +119,50% | +87,27% | +21,93%",,5ddías,2.101.499,1.832.790 | 1.579.082 | 1.249.131 | 957.424 | 1.122.201 | 1.723.477,Delantero
Marcão,Sevilla,-8.302 | -16.329 | -27.521 | -67.569 | -165.564 | -500.668,"-1,41% | -2,73% | -4,52% | -10,42% | -22,17% | -46,28%",,46ddías,581.195,589.497 | 597.524 | 608.716 | 648.764 | 746.759 | 1.081.863,Defensa
Manu Bueno,Sevilla,-10.375 | -21.483 | -36.095 | -70.001 | -70.001 | -70.001,"-1,40% | -2,85% | -4,70% | -8,73% | -8,73% | -8,73%",,5ddías,732.098,742.473 | 753.581 | 768.193 | 802.099 | 802.099 | 802.099,Mediocampista
Diakhaby,Valencia,-102.632 | -193.996 | -306.288 | -698.813 | -1.573.616 | -3.805.721,"-1,93% | -3,58% | -5,53% | -11,79% | -23,13% | -42,12%",,26ddías,5.228.687,5.331.319 | 5.422.683 | 5.534.975 | 5.927.500 | 6.802.303 | 9.034.408,Defensa
Zakharyan,Real Sociedad,-21.792 | -43.871 | -63.437 | -153.445 | -354.825 | -1.044.075,"-2,35% | -4,62% | -6,55% | -14,50% | -28,17% | -53,57%",,46ddías,904.953,926.745 | 948.824 | 968.390 | 1.058.398 | 1.259.778 | 1.949.028,Mediocampista
Marín,Real Sociedad,-36.396 | -62.805 | -104.745 | -289.926 | -681.524 | -1.979.753,"-2,62% | -4,43% | -7,18% | -17,63% | -33,47% | -59,37%",,46ddías,1.354.728,1.391.124 | 1.417.533 | 1.459.473 | 1.644.654 | 2.036.252 | 3.334.481,Mediocampista
Militão,Real Madrid,-287.050 | -556.673 | -883.272 | -2.179.936 | -4.948.268 | -13.827.924,"-2,73% | -5,17% | -7,96% | -17,59% | -32,64% | -57,52%",,46ddías,10.212.869,10.499.919 | 10.769.542 | 11.096.141 | 12.392.805 | 15.161.137 | 24.040.793,Defensa
Fran García,Betis,+327.071 | +25.828 | -169.870 | -169.870 | -169.870 | -169.870,"+3,60% | +0,27% | -1,77% | -1,77% | -1,77% | -1,77%",,1ddías,9.421.287,9.094.216 | 9.395.459 | 9.591.157 | 9.591.157 | 9.591.157 | 9.591.157,Defensa
Bellingham,Real Madrid,+13.265 | +401.638 | +1.229.777 | +3.289.142 | -1.257.264 | -40.701.031,"+0,01% | +0,44% | +1,36% | +3,72% | -1,35% | 0%",,7ddías,91.734.958,91.721.693 | 91.333.320 | 90.505.181 | 88.445.816 | 92.992.222 | 0,Mediocampista
Vinicius,Real Madrid,+26.426 | +90.520 | +157.775 | +514.596 | +9.856.845 | -46.638.859,"+0,02% | +0,08% | +0,15% | +0,48% | +10,06% | 0%",,3ddías,107.857.660,107.831.234 | 107.767.140 | 107.699.885 | 107.343.064 | 98.000.815 | 0,Delantero
Rodrygo,Real Madrid,-50.864 | -97.748 | -154.031 | -406.621 | -931.572 | -2.413.803,"-1,85% | -3,50% | -5,40% | -13,10% | -25,68% | -47,23%",,36ddías,2.696.494,2.747.358 | 2.794.242 | 2.850.525 | 3.103.115 | 3.628.066 | 5.110.297,Delantero
Camavinga,Real Madrid,-146.498 | -318.456 | -524.231 | -1.132.108 | -2.826.331 | -8.320.007,"-1,55% | -3,30% | -5,32% | -10,82% | -23,24% | -47,13%",,46ddías,9.333.631,9.480.129 | 9.652.087 | 9.857.862 | 10.465.739 | 12.159.962 | 17.653.638,Mediocampista
Lunin,Real Madrid,-34.621 | -67.950 | -112.357 | -194.818 | -433.559 | -1.101.164,"-1,73% | -3,34% | -5,40% | -9,01% | -18,06% | -35,88%",,46ddías,1.967.493,2.002.114 | 2.035.443 | 2.079.850 | 2.162.311 | 2.401.052 | 3.068.657,Portero
Valverde,Real Madrid,+331.155 | +1.032.323 | +1.806.861 | +3.073.077 | -1.166.910 | -13.330.605,"+0,46% | +1,45% | +2,57% | +4,45% | -1,59% | -15,61%",,6ddías,72.059.762,71.728.607 | 71.027.439 | 70.252.901 | 68.986.685 | 73.226.672 | 85.390.367,Mediocampista
Tchouaméni,Real Madrid,-401.329 | -861.128 | -1.468.456 | -3.364.567 | -7.521.325 | -21.089.859,"-1,02% | -2,16% | -3,62% | -7,93% | -16,14% | -35,05%",,31ddías,39.073.259,39.474.588 | 39.934.387 | 40.541.715 | 42.437.826 | 46.594.584 | 60.163.118,Mediocampista
Brahim,Real Madrid,+189.887 | +325.131 | +385.771 | +720.453 | -821.964 | -5.741.759,"+1,72% | +2,98% | +3,56% | +6,86% | -6,82% | -33,84%",,7ddías,11.225.558,11.035.671 | 10.900.427 | 10.839.787 | 10.505.105 | 12.047.522 | 16.967.317,Mediocampista
Barrenetxea,Real Sociedad,-262.094 | -523.566 | -844.407 | -1.477.507 | -4.361.159 | -7.734.143,"-0,82% | -1,63% | -2,61% | -4,47% | -12,15% | -19,69%",,24ddías,31.544.044,31.806.138 | 32.067.610 | 32.388.451 | 33.021.551 | 35.905.203 | 39.278.187,Mediocampista
Rüdiger,Real Madrid,+187.476 | +533.692 | +876.898 | +1.939.732 | +726.910 | -5.996.192,"+0,64% | +1,84% | +3,06% | +7,04% | +2,53% | -16,90%",,7ddías,29.488.970,29.301.494 | 28.955.278 | 28.612.072 | 27.549.238 | 28.762.060 | 35.485.162,Defensa
Mendy,Real Madrid,-11.787 | -23.443 | -38.416 | -89.376 | -226.046 | -704.317,"-1,74% | -3,41% | -5,46% | -11,85% | -25,37% | -51,44%",,46ddías,664.829,676.616 | 688.272 | 703.245 | 754.205 | 890.875 | 1.369.146,Defensa
Güler,Real Madrid,+1.022.941 | +2.115.323 | +3.693.877 | +6.946.083 | +5.317.878 | -6.823.433,"+1,79% | +3,78% | +6,79% | +13,58% | +10,07% | -10,51%",,9ddías,58.113.642,57.090.701 | 55.998.319 | 54.419.765 | 51.167.559 | 52.795.764 | 64.937.075,Mediocampista
Remiro,Real Sociedad,-346.869 | -788.122 | -1.224.701 | -2.599.435 | -4.018.178 | +10.837.763,"-0,84% | -1,89% | -2,90% | -5,97% | -8,93% | +35,98%",,12ddías,40.962.512,41.309.381 | 41.750.634 | 42.187.213 | 43.561.947 | 44.980.690 | 30.124.749,Portero
Odriozola,Real Sociedad,-6.983 | -13.635 | -23.395 | -54.493 | -141.490 | -446.800,"-1,25% | -2,42% | -4,08% | -9,02% | -20,48% | -44,84%",,46ddías,549.533,556.516 | 563.168 | 572.928 | 604.026 | 691.023 | 996.333,Defensa
Aihen,Real Sociedad,-27.618 | -54.767 | -89.959 | -209.173 | -472.317 | -1.368.133,"-2,20% | -4,27% | -6,82% | -14,54% | -27,76% | -52,67%",,46ddías,1.229.299,1.256.917 | 1.284.066 | 1.319.258 | 1.438.472 | 1.701.616 | 2.597.432,Defensa
Zubeldia,Real Sociedad,+7.652 | +67.589 | +57.447 | +515.240 | +503.961 | -1.223.648,"+0,07% | +0,66% | +0,56% | +5,24% | +5,12% | -10,57%",,2ddías,10.353.067,10.345.415 | 10.285.478 | 10.295.620 | 9.837.827 | 9.849.106 | 11.576.715,Defensa
Herrera,Real Sociedad,-20.844 | -35.487 | -74.917 | -155.253 | -363.052 | -1.550.914,"-0,71% | -1,20% | -2,50% | -5,04% | -11,04% | -34,65%",,43ddías,2.924.797,2.945.641 | 2.960.284 | 2.999.714 | 3.080.050 | 3.287.849 | 4.475.711,Mediocampista
Mayoral,Getafe,-47.153 | -91.968 | -146.538 | -266.293 | -369.270 | -1.037.046,"-1,71% | -3,28% | -5,13% | -8,95% | -12,00% | -27,69%",,46ddías,2.708.402,2.755.555 | 2.800.370 | 2.854.940 | 2.974.695 | 3.077.672 | 3.745.448,Delantero
Javi Guerra,Valencia,+117.249 | +215.387 | +300.856 | +880.113 | +438.938 | -2.869.055,"+0,48% | +0,88% | +1,23% | +3,69% | +1,81% | -10,39%",,8ddías,24.754.468,24.637.219 | 24.539.081 | 24.453.612 | 23.874.355 | 24.315.530 | 27.623.523,Mediocampista
Prados,Athletic,-25.720 | -51.069 | -83.820 | -183.281 | -404.357 | -1.145.078,"-1,97% | -3,83% | -6,14% | -12,51% | -23,99% | -47,19%",,46ddías,1.281.304,1.307.024 | 1.332.373 | 1.365.124 | 1.464.585 | 1.685.661 | 2.426.382,Mediocampista
N. Williams,Athletic,-598.318 | -1.067.538 | -1.736.223 | -4.531.230 | -13.903.742 | -1.721.123,"-0,98% | -1,73% | -2,78% | -6,96% | -18,66% | -2,76%",,16ddías,60.611.420,61.209.738 | 61.678.958 | 62.347.643 | 65.142.650 | 74.515.162 | 62.332.543,Delantero
Guruzeta,Athletic,+291.164 | +449.272 | +810.102 | +1.699.711 | +2.803.360 | +3.060.737,"+1,95% | +3,05% | +5,63% | +12,59% | +22,61% | +25,21%",,20ddías,15.199.469,14.908.305 | 14.750.197 | 14.389.367 | 13.499.758 | 12.396.109 | 12.138.732,Delantero
Agirrezabala,Racing,+274.853 | +560.852 | +941.354 | +1.295.649 | +1.192.121 | +1.192.121,"+7,18% | +15,83% | +29,77% | +46,15% | +40,95% | +40,95%",,6ddías,4.103.206,3.828.353 | 3.542.354 | 3.161.852 | 2.807.557 | 2.911.085 | 2.911.085,Portero
R. de Galarreta,Athletic,+112.812 | +287.615 | +437.496 | +913.284 | +2.201.256 | +1.984.642,"+0,87% | +2,25% | +3,47% | +7,52% | +20,27% | +17,92%",,21ddías,13.058.451,12.945.639 | 12.770.836 | 12.620.955 | 12.145.167 | 10.857.195 | 11.073.809,Mediocampista
Yuri,Athletic,+82.878 | +108.615 | +1.435 | -141.469 | -985.191 | -4.945.206,"+0,67% | +0,88% | +0,01% | -1,13% | -7,36% | -28,52%",,2ddías,12.393.458,12.310.580 | 12.284.843 | 12.392.023 | 12.534.927 | 13.378.649 | 17.338.664,Defensa
Villalibre,Racing,-74.513 | -143.146 | -236.082 | -47.557 | -539.451 | -539.451,"-1,05% | -2,01% | -3,27% | -0,68% | -7,17% | -7,17%",,4ddías,6.988.495,7.063.008 | 7.131.641 | 7.224.577 | 7.036.052 | 7.527.946 | 7.527.946,Delantero
Egiluz,Athletic,-994 | -1.408 | -4.670 | -13.660 | -39.612 | -118.577,"-0,24% | -0,35% | -1,14% | -3,26% | -8,89% | -22,61%",,46ddías,405.807,406.801 | 407.215 | 410.477 | 419.467 | 445.419 | 524.384,Defensa
Sancet,Athletic,-430.217 | -987.954 | -1.846.368 | -4.819.231 | -7.852.861 | +7.830.976,"-0,98% | -2,22% | -4,07% | -9,96% | -15,28% | +21,92%",,12ddías,43.550.486,43.980.703 | 44.538.440 | 45.396.854 | 48.369.717 | 51.403.347 | 35.719.510,Mediocampista
Giménez,Atlético,-80.233 | -150.416 | -234.744 | -556.749 | -1.355.848 | -3.769.804,"-1,88% | -3,46% | -5,30% | -11,72% | -24,44% | -47,34%",,41ddías,4.192.819,4.273.052 | 4.343.235 | 4.427.563 | 4.749.568 | 5.548.667 | 7.962.623,Defensa
Koke,Atlético,+44.377 | -86.656 | -306.707 | -1.124.685 | -2.330.370 | -2.330.370,"+0,29% | -0,56% | -1,95% | -6,79% | -13,12% | -13,12%",,1ddías,15.437.301,15.392.924 | 15.523.957 | 15.744.008 | 16.561.986 | 17.767.671 | 17.767.671,Mediocampista
Lemar,Atlético,-122.370 | -250.169 | -416.140 | +2.869.235 | +2.869.235 | +2.869.235,"-2,62% | -5,21% | -8,38% | 0% | 0% | 0%",,3ddías,4.549.865,4.672.235 | 4.800.034 | 4.966.005 | 0 | 0 | 0,Mediocampista
Oblak,Atlético,-116.366 | -430.396 | -926.130 | -2.416.539 | -4.818.982 | +3.771.441,"-0,23% | -0,85% | -1,80% | -4,57% | -8,72% | +8,08%",,13ddías,50.468.841,50.585.207 | 50.899.237 | 51.394.971 | 52.885.380 | 55.287.823 | 46.697.400,Portero
M. Llorente,Atlético,-458.615 | -887.386 | -1.350.160 | -3.173.754 | -8.380.727 | -18.001.591,"-0,94% | -1,81% | -2,73% | -6,18% | -14,82% | -27,21%",,26ddías,48.156.070,48.614.685 | 49.043.456 | 49.506.230 | 51.329.824 | 56.536.797 | 66.157.661,Defensa
Galán,Celta,-111.968 | -233.621 | -495.171 | -1.729.841 | -3.206.913 | -3.206.913,"-0,98% | -2,03% | -4,21% | -13,31% | -22,15% | -22,15%",,11ddías,11.268.916,11.380.884 | 11.502.537 | 11.764.087 | 12.998.757 | 14.475.829 | 14.475.829,Defensa
Barrios,Atlético,+867.172 | +882.182 | +924.488 | +1.316.214 | -4.638.204 | -4.604.271,"+2,07% | +2,11% | +2,21% | +3,18% | -9,78% | -9,72%",,7ddías,42.770.333,41.903.161 | 41.888.151 | 41.845.845 | 41.454.119 | 47.408.537 | 47.374.604,Mediocampista
I. Williams,Athletic,+57.713 | +72.951 | -97.795 | -659.060 | -3.075.197 | +2.792.524,"+0,21% | +0,27% | -0,36% | -2,39% | -10,24% | +11,56%",,2ddías,26.953.555,26.895.842 | 26.880.604 | 27.051.350 | 27.612.615 | 30.028.752 | 24.161.031,Delantero
Berenguer,Athletic,-67.749 | -147.302 | -260.204 | -527.623 | -1.197.721 | -3.114.254,"-0,79% | -1,70% | -2,97% | -5,85% | -12,36% | -26,83%",,37ddías,8.495.042,8.562.791 | 8.642.344 | 8.755.246 | 9.022.665 | 9.692.763 | 11.609.296,Delantero
Cancelo,Barcelona,0 | 0 | 0 | 0 | 0 | 0,"0,00% | 0,00% | 0,00% | 0,00% | 0,00% | 0,00%",,43ddías,46.207.219,46.207.219 | 46.207.219 | 46.207.219 | 46.207.219 | 46.207.219 | 46.207.219,Defensa
Guridi,Sevilla,+230.975 | +476.348 | +859.843 | +1.375.916 | +1.040.873 | +1.040.873,"+3,96% | +8,53% | +16,53% | +29,37% | +20,74% | +20,74%",,7ddías,6.060.188,5.829.213 | 5.583.840 | 5.200.345 | 4.684.272 | 5.019.315 | 5.019.315,Mediocampista
Gorosabel,Athletic,-34.319 | -74.423 | -124.706 | -287.116 | -771.701 | -2.343.249,"-1,64% | -3,49% | -5,71% | -12,24% | -27,26% | -53,22%",,46ddías,2.059.296,2.093.615 | 2.133.719 | 2.184.002 | 2.346.412 | 2.830.997 | 4.402.545,Defensa
Abqar,Getafe,+59.050 | +95.218 | +80.555 | +409.104 | +1.476.126 | +2.268.558,"+0,81% | +1,32% | +1,11% | +5,93% | +25,29% | +44,97%",,2ddías,7.312.858,7.253.808 | 7.217.640 | 7.232.303 | 6.903.754 | 5.836.732 | 5.044.300,Defensa
Guevara,Alavés,-19.548 | -40.624 | -69.634 | -163.929 | -336.389 | -991.012,"-1,95% | -3,96% | -6,61% | -14,27% | -25,47% | -50,16%",,46ddías,984.532,1.004.080 | 1.025.156 | 1.054.166 | 1.148.461 | 1.320.921 | 1.975.544,Mediocampista
Blanco,Alavés,-34.530 | -163.218 | -230.130 | -373.568 | -971.513 | -4.472.377,"-0,24% | -1,11% | -1,56% | -2,50% | -6,26% | -23,51%",,5ddías,14.554.687,14.589.217 | 14.717.905 | 14.784.817 | 14.928.255 | 15.526.200 | 19.027.064,Mediocampista
Rioja,Valencia,-316.199 | -645.317 | -1.007.969 | -2.532.189 | -5.800.663 | -10.635.456,"-2,93% | -5,80% | -8,77% | -19,46% | -35,63% | -50,36%",,46ddías,10.481.721,10.797.920 | 11.127.038 | 11.489.690 | 13.013.910 | 16.282.384 | 21.117.177,Mediocampista
Tenaglia,Alavés,+718.635 | +1.439.155 | +2.244.416 | +3.475.064 | +3.269.081 | +1.555.698,"+4,20% | +8,79% | +14,41% | +24,23% | +22,47% | +9,57%",,8ddías,17.819.177,17.100.542 | 16.380.022 | 15.574.761 | 14.344.113 | 14.550.096 | 16.263.479,Defensa
Kike García,Espanyol,-95.396 | -195.241 | -302.878 | -750.295 | -1.712.910 | -3.877.457,"-3,09% | -6,13% | -9,20% | -20,07% | -36,43% | -56,47%",,44ddías,2.988.641,3.084.037 | 3.183.882 | 3.291.519 | 3.738.936 | 4.701.551 | 6.866.098,Delantero
Rebbach,Alavés,+26.736 | +27.409 | +18.678 | -165.953 | -759.971 | -2.476.342,"+0,74% | +0,76% | +0,52% | -4,36% | -17,26% | -40,46%",,2ddías,3.643.464,3.616.728 | 3.616.055 | 3.624.786 | 3.809.417 | 4.403.435 | 6.119.806,Delantero
Yeray,Athletic,+75.269 | +129.468 | +154.861 | +337.894 | +809.789 | +161.761,"+1,56% | +2,71% | +3,26% | +7,40% | +19,79% | +3,41%",,18ddías,4.901.754,4.826.485 | 4.772.286 | 4.746.893 | 4.563.860 | 4.091.965 | 4.739.993,Defensa
Carlos BenavidezProtesoni,Alavés,-64.271 | -134.537 | -213.388 | -482.652 | -683.483 | -683.483,"-2,69% | -5,46% | -8,40% | -17,17% | -22,70% | -22,70%",,9ddías,2.328.105,2.392.376 | 2.462.642 | 2.541.493 | 2.810.757 | 3.011.588 | 3.011.588,Mediocampista
Owono,Alavés,-16.204 | -33.540 | -55.475 | -127.772 | +11.762 | +11.762,"-1,93% | -3,92% | -6,32% | -13,46% | 0% | 0%",,8ddías,821.830,838.034 | 855.370 | 877.305 | 949.602 | 0 | 0,Portero
Adrián,Alavés,-21.628 | -43.535 | -68.933 | -177.158 | -739.209 | -739.209,"-2,34% | -4,61% | -7,11% | -16,43% | 0% | 0%",,7ddías,901.006,922.634 | 944.541 | 969.939 | 1.078.164 | 0 | 0,Portero
Pubill,Atlético,-767.133 | -1.390.758 | -2.082.618 | -5.314.037 | -14.922.738 | -2.781.698,"-1,37% | -2,45% | -3,63% | -8,77% | -21,25% | -4,79%",,17ddías,55.301.188,56.068.321 | 56.691.946 | 57.383.806 | 60.615.225 | 70.223.926 | 58.082.886,Defensa
Unai Simón,Athletic,-447.547 | -948.312 | -1.648.993 | -4.133.572 | -8.407.202 | +14.972.230,"-0,87% | -1,83% | -3,14% | -7,51% | -14,17% | +41,67%",,13ddías,50.906.456,51.354.003 | 51.854.768 | 52.555.449 | 55.040.028 | 59.313.658 | 35.934.226,Portero
Vivian,Athletic,-261.057 | -531.961 | -822.556 | -2.045.102 | -4.601.550 | -11.959.576,"-2,79% | -5,53% | -8,30% | -18,37% | -33,61% | -56,82%",,35ddías,9.088.107,9.349.164 | 9.620.068 | 9.910.663 | 11.133.209 | 13.689.657 | 21.047.683,Defensa
Paredes,Athletic,+101.030 | +200.267 | +297.973 | +631.857 | +1.263.720 | +688.959,"+1,84% | +3,72% | +5,64% | +12,77% | +29,29% | +14,09%",,18ddías,5.578.206,5.477.176 | 5.377.939 | 5.280.233 | 4.946.349 | 4.314.486 | 4.889.247,Defensa
Riquelme,Betis,+84.346 | +159.389 | +229.046 | +594.779 | +1.100.380 | +368.031,"+1,93% | +3,71% | +5,41% | +15,38% | +32,74% | +8,99%",,14ddías,4.461.240,4.376.894 | 4.301.851 | 4.232.194 | 3.866.461 | 3.360.860 | 4.093.209,Mediocampista
Balde,Barcelona,+136.013 | +280.900 | +337.328 | +1.045.406 | -731.914 | -1.294.977,"+0,57% | +1,19% | +1,43% | +4,57% | -2,97% | -5,13%",,7ddías,23.928.179,23.792.166 | 23.647.279 | 23.590.851 | 22.882.773 | 24.660.093 | 25.223.156,Defensa
Diego Rico,Osasuna,-38.653 | -79.445 | -238.179 | -407.656 | -407.656 | -407.656,"-0,85% | -1,73% | -5,01% | -8,29% | -8,29% | -8,29%",,4ddías,4.511.296,4.549.949 | 4.590.741 | 4.749.475 | 4.918.952 | 4.918.952 | 4.918.952,Defensa
Iván Villar,Celta,-12.318 | -30.274 | -53.325 | -132.747 | -279.073 | -785.203,"-1,41% | -3,39% | -5,81% | -13,32% | -24,41% | -47,61%",,46ddías,864.073,876.391 | 894.347 | 917.398 | 996.820 | 1.143.146 | 1.649.276,Portero
Navarro,Athletic,+12.527 | +12.962 | -1.920 | +21.180 | +24.103 | -400.037,"+0,60% | +0,62% | -0,09% | +1,01% | +1,15% | -15,90%",,2ddías,2.115.295,2.102.768 | 2.102.333 | 2.117.215 | 2.094.115 | 2.091.192 | 2.515.332,Mediocampista
Chust,Elche,+172.404 | +337.554 | +485.104 | +235.560 | +57.825 | +57.825,"+3,52% | +7,12% | +10,56% | +4,87% | +1,15% | +1,15%",,3ddías,5.077.201,4.904.797 | 4.739.647 | 4.592.097 | 4.841.641 | 5.019.376 | 5.019.376,Defensa
Starfelt,Celta,-37.188 | -79.678 | -79.723 | +241.741 | +1.757.192 | +3.546.580,"-0,27% | -0,57% | -0,57% | +1,76% | +14,37% | +33,97%",,3ddías,13.986.055,14.023.243 | 14.065.733 | 14.065.778 | 13.744.314 | 12.228.863 | 10.439.475,Defensa
U. Núñez,Espanyol,+241.373 | +497.791 | +826.917 | +1.123.554 | +978.368 | -299.839,"+5,39% | +11,79% | +21,24% | +31,25% | +26,15% | -5,97%",,8ddías,4.719.275,4.477.902 | 4.221.484 | 3.892.358 | 3.595.721 | 3.740.907 | 5.019.114,Defensa
Dotor,Málaga,+130.959 | +63.272 | -38.196 | -436.051 | -707.778 | -707.778,"+4,12% | +1,95% | -1,14% | -11,65% | -17,63% | -17,63%",,1ddías,3.307.126,3.176.167 | 3.243.854 | 3.345.322 | 3.743.177 | 4.014.904 | 4.014.904,Mediocampista
Carles Pérez,Celta,-26.820 | -54.136 | -85.421 | -208.857 | -484.535 | -598.438,"-2,55% | -5,01% | -7,69% | -16,92% | -32,08% | 0%",,23ddías,1.025.628,1.052.448 | 1.079.764 | 1.111.049 | 1.234.485 | 1.510.163 | 0,Delantero
Aspas,Celta,-61.614 | -123.727 | -204.243 | -436.570 | -1.232.763 | -3.421.304,"-0,90% | -1,79% | -2,92% | -6,03% | -15,34% | -33,47%",,40ddías,6.801.844,6.863.458 | 6.925.571 | 7.006.087 | 7.238.414 | 8.034.607 | 10.223.148,Delantero
Swedberg,Celta,-52.188 | -120.039 | -207.075 | -420.274 | -910.038 | -3.002.957,"-0,68% | -1,55% | -2,64% | -5,21% | -10,64% | -28,22%",,6ddías,7.639.478,7.691.666 | 7.759.517 | 7.846.553 | 8.059.752 | 8.549.516 | 10.642.435,Mediocampista
Isco,Betis,-418.909 | -856.420 | -1.320.618 | -2.931.261 | -6.645.107 | -34.789.523,"-0,79% | -1,60% | -2,45% | -5,27% | -11,21% | -39,79%",,30ddías,52.646.846,53.065.755 | 53.503.266 | 53.967.464 | 55.578.107 | 59.291.953 | 87.436.369,Mediocampista
Miguel,Alavés,-73.938 | -154.120 | -244.733 | -623.424 | +2.039.123 | +2.039.123,"-2,65% | -5,36% | -8,26% | -18,65% | 0% | 0%",,7ddías,2.718.884,2.792.822 | 2.873.004 | 2.963.617 | 3.342.308 | 0 | 0,Delantero
Sotelo,Levante,0 | 0 | 0 | 0 | 0 | -137.587,"0,00% | 0,00% | 0,00% | 0,00% | 0,00% | -9,05%",,21ddías,1.382.803,1.382.803 | 1.382.803 | 1.382.803 | 1.382.803 | 1.382.803 | 1.520.390,Mediocampista
Djené,Getafe,+170.761 | +388.899 | +601.441 | +1.324.097 | +1.101.868 | +1.101.868,"+1,82% | +4,25% | +6,73% | +16,13% | +13,07% | +13,07%",,8ddías,9.534.360,9.363.599 | 9.145.461 | 8.932.919 | 8.210.263 | 8.432.492 | 8.432.492,Defensa
Enes Ünal,Getafe,+53.311 | +58.986 | +20.381 | -676.974 | +10.725.646 | +10.725.646,"+0,43% | +0,48% | +0,17% | -5,19% | 0% | 0%",,2ddías,12.368.811,12.315.500 | 12.309.825 | 12.348.430 | 13.045.785 | 0 | 0,Delantero
Aleñá,Alavés,-46.635 | -117.367 | -201.931 | -369.988 | -598.740 | -1.757.674,"-1,31% | -3,22% | -5,42% | -9,50% | -14,52% | -33,28%",,46ddías,3.524.461,3.571.096 | 3.641.828 | 3.726.392 | 3.894.449 | 4.123.201 | 5.282.135,Mediocampista
Carmona,Sevilla,-62.395 | -138.283 | -237.225 | -437.079 | -645.444 | -1.570.941,"-1,56% | -3,40% | -5,70% | -10,01% | -14,11% | -28,57%",,41ddías,3.927.848,3.990.243 | 4.066.131 | 4.165.073 | 4.364.927 | 4.573.292 | 5.498.789,Defensa
Soria,Getafe,+541.194 | +1.103.809 | +1.719.098 | +3.747.126 | +3.282.554 | +3.282.554,"+2,46% | +5,14% | +8,24% | +19,90% | +17,01% | +17,01%",,9ddías,22.578.908,22.037.714 | 21.475.099 | 20.859.810 | 18.831.782 | 19.296.354 | 19.296.354,Portero
Ruibal,Betis,-58.999 | -119.541 | -185.355 | -454.308 | -1.033.305 | -2.951.103,"-2,92% | -5,75% | -8,64% | -18,81% | -34,51% | -60,08%",,46ddías,1.960.596,2.019.595 | 2.080.137 | 2.145.951 | 2.414.904 | 2.993.901 | 4.911.699,Delantero
Marc Roca,Betis,-27.187 | -53.621 | -84.604 | -31.609 | +436.159 | +419.884,"-0,51% | -1,00% | -1,57% | -0,59% | +8,99% | +8,62%",,4ddías,5.290.435,5.317.622 | 5.344.056 | 5.375.039 | 5.322.044 | 4.854.276 | 4.870.551,Mediocampista
Gavi,Barcelona,-504.673 | -1.058.739 | -1.753.604 | -4.214.869 | -9.560.386 | -1.345.875,"-1,70% | -3,50% | -5,67% | -12,63% | -24,69% | -4,41%",,15ddías,29.158.394,29.663.067 | 30.217.133 | 30.911.998 | 33.373.263 | 38.718.780 | 30.504.269,Mediocampista
Casadó,Barcelona,-23.503 | -42.796 | -72.404 | -149.982 | -343.443 | -726.204,"-1,45% | -2,61% | -4,34% | -8,59% | -17,70% | -31,26%",,46ddías,1.596.772,1.620.275 | 1.639.568 | 1.669.176 | 1.746.754 | 1.940.215 | 2.322.976,Mediocampista
Pedri,Barcelona,+463.563 | +930.899 | +1.938.326 | +3.996.951 | -125.043 | -86.547.033,"+0,51% | +1,02% | +2,15% | +4,54% | -0,14% | 0%",,7ddías,91.990.559,91.526.996 | 91.059.660 | 90.052.233 | 87.993.608 | 92.115.602 | 0,Mediocampista
Raphinha,Barcelona,+1.483.135 | +3.034.560 | +5.289.161 | +11.758.445 | +23.830.499 | +6.167.888,"+1,61% | +3,36% | +6,00% | +14,39% | +34,22% | +7,06%",,14ddías,93.471.864,91.988.729 | 90.437.304 | 88.182.703 | 81.713.419 | 69.641.365 | 87.303.976,Delantero
A. Christensen,Barcelona,0 | 0 | 0 | 0 | 0 | 0,"0,00% | 0,00% | 0,00% | 0,00% | 0,00% | 0,00%",,43ddías,5.019.340,5.019.340 | 5.019.340 | 5.019.340 | 5.019.340 | 5.019.340 | 5.019.340,Defensa
M. Alonso,Celta,-207.207 | -410.273 | -660.452 | -1.504.007 | -4.438.868 | -43.810.097,"-0,74% | -1,45% | -2,31% | -5,12% | -13,73% | 0%",,14ddías,27.894.022,28.101.229 | 28.304.295 | 28.554.474 | 29.398.029 | 32.332.890 | 0,Defensa
F. de Jong,Barcelona,-704.527 | -1.413.975 | -2.193.142 | -5.439.561 | -12.530.855 | -22.452.376,"-3,07% | -5,98% | -8,98% | -19,67% | -36,06% | -50,26%",,22ddías,22.219.764,22.924.291 | 23.633.739 | 24.412.906 | 27.659.325 | 34.750.619 | 44.672.140,Mediocampista
Koundé,Barcelona,-187.675 | -467.184 | -907.365 | -2.656.262 | -7.813.269 | -9.561.558,"-0,48% | -1,18% | -2,26% | -6,34% | -16,61% | -19,60%",,22ddías,39.232.808,39.420.483 | 39.699.992 | 40.140.173 | 41.889.070 | 47.046.077 | 48.794.366,Defensa
Yamal,Barcelona,-110.616 | +185.655 | +653.086 | -848.790 | -1.501.064 | +55.963.551,"-0,09% | +0,15% | +0,52% | -0,67% | -1,17% | 0%",,1ddías,126.259.734,126.370.350 | 126.074.079 | 125.606.648 | 127.108.524 | 127.760.798 | 0,Delantero
Cubarsí,Barcelona,-139.522 | -421.811 | -766.557 | -2.359.733 | -11.339.562 | -12.064.256,"-0,18% | -0,55% | -1,00% | -3,00% | -12,95% | -13,66%",,22ddías,76.257.523,76.397.045 | 76.679.334 | 77.024.080 | 78.617.256 | 87.597.085 | 88.321.779,Defensa
Juan Cruz,Málaga,-347.608 | -528.840 | -699.662 | -1.120.233 | -5.362.703 | -5.362.703,"-2,32% | -3,49% | -4,57% | -7,12% | 0% | 0%",,8ddías,14.605.740,14.953.348 | 15.134.580 | 15.305.402 | 15.725.973 | 0 | 0,Mediocampista
Fermín,Barcelona,+1.016.243 | +2.445.683 | +3.853.635 | +9.061.797 | +11.381.120 | -5.431.494,"+1,44% | +3,53% | +5,67% | +14,45% | +18,84% | -7,03%",,11ddías,71.787.534,70.771.291 | 69.341.851 | 67.933.899 | 62.725.737 | 60.406.414 | 77.219.028,Mediocampista
Bellerín,Betis,-3.730 | -78.156 | -47.832 | +708.446 | +2.509.046 | +4.061.756,"-0,03% | -0,54% | -0,33% | +5,16% | +21,05% | +39,19%",,2ddías,14.426.605,14.430.335 | 14.504.761 | 14.474.437 | 13.718.159 | 11.917.559 | 10.364.849,Defensa
Guido,Valencia,-264.001 | -547.903 | -959.139 | -1.958.986 | -4.592.555 | +21.981.904,"-1,09% | -2,24% | -3,86% | -7,57% | -16,11% | 0%",,14ddías,23.907.445,24.171.446 | 24.455.348 | 24.866.584 | 25.866.431 | 28.500.000 | 0,Mediocampista
Abde,Betis,-937.633 | -1.597.210 | -2.413.319 | -5.860.696 | -14.660.390 | -46.965.836,"-2,26% | -3,80% | -5,63% | -12,65% | -26,59% | -53,71%",,30ddías,40.470.533,41.408.166 | 42.067.743 | 42.883.852 | 46.331.229 | 55.130.923 | 87.436.369,Delantero
Iglesias,Celta,-181.622 | -442.458 | -758.347 | -1.722.856 | -4.633.134 | -1.672.252,"-0,71% | -1,70% | -2,88% | -6,32% | -15,35% | -6,14%",,19ddías,25.549.379,25.731.001 | 25.991.837 | 26.307.726 | 27.272.235 | 30.182.513 | 27.221.631,Delantero
Ayoze,Villarreal,-131.994 | -232.038 | -259.027 | +643.812 | +1.274.414 | -792.093,"-0,75% | -1,31% | -1,47% | +3,84% | +7,90% | -4,35%",,4ddías,17.415.133,17.547.127 | 17.647.171 | 17.674.160 | 16.771.321 | 16.140.719 | 18.207.226,Delantero
Bartra,Betis,-222.111 | -505.772 | -867.187 | -1.172.919 | +366.565 | +5.064.637,"-0,83% | -1,86% | -3,15% | -4,21% | +1,39% | +23,42%",,6ddías,26.687.379,26.909.490 | 27.193.151 | 27.554.566 | 27.860.298 | 26.320.814 | 21.622.742,Defensa
Canós,Valencia,-3.767 | -7.069 | -13.339 | -35.669 | -90.909 | -927.071,"-0,79% | -1,47% | -2,75% | -7,02% | -16,14% | 0%",,23ddías,472.345,476.112 | 479.414 | 485.684 | 508.014 | 563.254 | 0,Delantero
Olasagasti,Levante,-63.326 | -118.395 | -193.662 | -116.659 | +358.392 | -164.120,"-1,51% | -2,79% | -4,49% | -2,75% | +9,53% | -3,83%",,5ddías,4.118.116,4.181.442 | 4.236.511 | 4.311.778 | 4.234.775 | 3.759.724 | 4.282.236,Mediocampista
Duro,Valencia,+26.764 | +50.255 | +43.764 | +150.094 | -361.273 | -2.054.792,"+0,31% | +0,59% | +0,51% | +1,78% | -4,05% | -19,36%",,2ddías,8.561.348,8.534.584 | 8.511.093 | 8.517.584 | 8.411.254 | 8.922.621 | 10.616.140,Delantero
Alfon,Sevilla,-156.776 | -324.443 | -505.586 | -1.249.494 | -1.924.795 | -1.924.795,"-2,98% | -5,98% | -9,02% | -19,67% | -27,39% | -27,39%",,10ddías,5.101.966,5.258.742 | 5.426.409 | 5.607.552 | 6.351.460 | 7.026.761 | 7.026.761,Delantero
Luiz Junior,Villarreal,-328.153 | -695.697 | -1.172.338 | -2.662.056 | -4.651.583 | +8.183.556,"-0,90% | -1,90% | -3,16% | -6,90% | -11,46% | +29,49%",,12ddías,35.937.151,36.265.304 | 36.632.848 | 37.109.489 | 38.599.207 | 40.588.734 | 27.753.595,Portero
Logan Costa,Villarreal,-23.243 | -47.542 | -80.579 | -171.554 | -342.733 | -973.401,"-2,04% | -4,09% | -6,74% | -13,33% | -23,51% | -46,61%",,46ddías,1.115.188,1.138.431 | 1.162.730 | 1.195.767 | 1.286.742 | 1.457.921 | 2.088.589,Defensa
Iturbe,Elche,-14.784 | -29.381 | -47.599 | -65.328 | -65.328 | -65.328,"-1,97% | -3,83% | -6,07% | -8,14% | -8,14% | -8,14%",,4ddías,736.771,751.555 | 766.152 | 784.370 | 802.099 | 802.099 | 802.099,Portero
Lo Celso,Betis,-1.023.706 | -1.988.771 | -2.997.847 | -7.053.337 | -9.120.224 | +3.251.291,"-3,12% | -5,88% | -8,61% | -18,15% | -22,28% | +11,38%",,11ddías,31.816.064,32.839.770 | 33.804.835 | 34.813.911 | 38.869.401 | 40.936.288 | 28.564.773,Mediocampista
Otorbi,Valencia,0 | 0 | 0 | 0 | 0 | 0,"0,00% | 0,00% | 0,00% | 0,00% | 0,00% | 0,00%",,43ddías,602.292,602.292 | 602.292 | 602.292 | 602.292 | 602.292 | 602.292,Delantero
Manu González,Betis,0 | 0 | 0 | 0 | 0 | 0,"0,00% | 0,00% | 0,00% | 0,00% | 0,00% | 0,00%",,43ddías,581.691,581.691 | 581.691 | 581.691 | 581.691 | 581.691 | 581.691,Portero
Risco,Getafe,-10.775 | -21.377 | -35.252 | -62.166 | -62.166 | -62.166,"-1,65% | -3,23% | -5,22% | -8,85% | -8,85% | -8,85%",,5ddías,640.539,651.314 | 661.916 | 675.791 | 702.705 | 702.705 | 702.705,Mediocampista
Jon Martín,Real Sociedad,0 | 0 | 0 | 0 | 0 | 0,"0,00% | 0,00% | 0,00% | 0,00% | 0,00% | 0,00%",,43ddías,30.111.790,30.111.790 | 30.111.790 | 30.111.790 | 30.111.790 | 30.111.790 | 30.111.790,Defensa
Pelayo,Rayo,-11.967 | -29.851 | -53.276 | -159.008 | -749.015 | -749.015,"-1,29% | -3,15% | -5,48% | -14,75% | 0% | 0%",,7ddías,919.156,931.123 | 949.007 | 972.432 | 1.078.164 | 0 | 0,Defensa
De la Sías,Rayo,-7.368 | -14.422 | -24.601 | -43.446 | -43.446 | -43.446,"-1,30% | -2,52% | -4,22% | -7,21% | -7,21% | -7,21%",,5ddías,558.788,566.156 | 573.210 | 583.389 | 602.234 | 602.234 | 602.234,Defensa
Óskarsson,Real Sociedad,-35.843 | -123.900 | -247.788 | -620.286 | -1.547.163 | -4.408.441,"-0,49% | -1,68% | -3,31% | -7,89% | -17,60% | -37,83%",,46ddías,7.245.935,7.281.778 | 7.369.835 | 7.493.723 | 7.866.221 | 8.793.098 | 11.654.376,Delantero
Pau Navarro,Villarreal,-194.134 | -399.250 | -611.130 | -1.108.112 | -1.740.549 | -4.511.475,"-2,37% | -4,75% | -7,10% | -12,17% | -17,87% | -36,06%",,46ddías,7.999.357,8.193.491 | 8.398.607 | 8.610.487 | 9.107.469 | 9.739.906 | 12.510.832,Defensa
Etta Eyong,Levante,-426.685 | -958.914 | -1.481.086 | -1.424.620 | +1.941.518 | +10.068.225,"-1,75% | -3,84% | -5,81% | -5,60% | +8,80% | +72,27%",,4ddías,23.999.088,24.425.773 | 24.958.002 | 25.480.174 | 25.423.708 | 22.057.570 | 13.930.863,Delantero
Szczesny,Barcelona,-44.041 | -78.390 | -131.224 | -322.714 | -728.313 | -1.135.079,"-2,08% | -3,64% | -5,95% | -13,47% | -26,00% | -35,38%",,19ddías,2.073.321,2.117.362 | 2.151.711 | 2.204.545 | 2.396.035 | 2.801.634 | 3.208.400,Portero
Spina,Atlético,0 | 0 | 0 | 0 | 0 | 0,"0,00% | 0,00% | 0,00% | 0,00% | 0,00% | 0,00%",,43ddías,702.702,702.702 | 702.702 | 702.702 | 702.702 | 702.702 | 702.702,Defensa
Aramburu,Real Sociedad,+134.700 | +270.177 | +397.697 | +1.141.288 | +2.709.708 | +8.276.825,"+0,74% | +1,50% | +2,22% | +6,66% | +17,41% | +82,79%",,45ddías,18.273.734,18.139.034 | 18.003.557 | 17.876.037 | 17.132.446 | 15.564.026 | 9.996.909,Defensa
Berrocal,Getafe,-39.789 | -79.933 | -126.651 | -289.683 | +357.999 | +357.999,"-2,78% | -5,44% | -8,35% | -17,25% | 0% | 0%",,8ddías,1.389.309,1.429.098 | 1.469.242 | 1.515.960 | 1.678.992 | 0 | 0,Defensa
Asencio,Real Madrid,-105.516 | -214.811 | -335.898 | -839.061 | -1.972.457 | -5.022.003,"-2,66% | -5,26% | -7,99% | -17,82% | -33,77% | -56,49%",,46ddías,3.868.193,3.973.709 | 4.083.004 | 4.204.091 | 4.707.254 | 5.840.650 | 8.890.196,Defensa
Olmo,Barcelona,-423.776 | -860.952 | -1.335.220 | -3.474.343 | -9.356.814 | -32.968.966,"-0,70% | -1,41% | -2,18% | -5,47% | -13,48% | -35,45%",,30ddías,60.041.471,60.465.247 | 60.902.423 | 61.376.691 | 63.515.814 | 69.398.285 | 93.010.437,Mediocampista
Alvarez,Atlético,-1.444.229 | -2.499.914 | -2.638.007 | -1.462.653 | -1.385.960 | -8.682.865,"-2,06% | -3,51% | -3,70% | -2,09% | -1,98% | -11,23%",,3ddías,68.655.077,70.099.306 | 71.154.991 | 71.293.084 | 70.117.730 | 70.041.037 | 77.337.942,Delantero
Padilla,Athletic,-28.285 | -59.840 | -105.008 | -152.461 | -152.461 | -152.461,"-2,05% | -4,24% | -7,20% | -10,13% | -10,13% | -10,13%",,4ddías,1.353.127,1.381.412 | 1.412.967 | 1.458.135 | 1.505.588 | 1.505.588 | 1.505.588,Portero
Jauregizar,Athletic,-160.687 | -316.048 | -455.158 | -348.966 | +1.662.661 | +8.109.271,"-0,57% | -1,12% | -1,61% | -1,24% | +6,36% | +41,21%",,4ddías,27.788.856,27.949.543 | 28.104.904 | 28.244.014 | 28.137.822 | 26.126.195 | 19.679.585,Mediocampista
Boiro,Athletic,-3.575 | -6.677 | -12.739 | -33.412 | -83.648 | -258.255,"-0,76% | -1,41% | -2,65% | -6,67% | -15,17% | -35,57%",,30ddías,467.733,471.308 | 474.410 | 480.472 | 501.145 | 551.381 | 725.988,Defensa
Ferrer,Getafe,-7.659 | -18.261 | -32.136 | -59.050 | -59.050 | -59.050,"-1,18% | -2,76% | -4,76% | -8,40% | -8,40% | -8,40%",,5ddías,643.655,651.314 | 661.916 | 675.791 | 702.705 | 702.705 | 702.705,Portero
Leo Román,Deportivo,+377.635 | +1.115.665 | +1.703.905 | +3.279.708 | +8.651.088 | +37.298.813,"+0,97% | +2,93% | +4,55% | +9,14% | +28,35% | 0%",,22ddías,39.167.235,38.789.600 | 38.051.570 | 37.463.330 | 35.887.527 | 30.516.147 | 0,Portero
Mario Martín,Getafe,+65.050 | +150.018 | +238.623 | +493.777 | +220.788 | +220.788,"+1,56% | +3,67% | +5,97% | +13,19% | +5,50% | +5,50%",,7ddías,4.236.260,4.171.210 | 4.086.242 | 3.997.637 | 3.742.483 | 4.015.472 | 4.015.472,Mediocampista
Musso,Atlético,-86.968 | -172.405 | -272.945 | -600.023 | -1.344.883 | -3.494.893,"-2,14% | -4,16% | -6,43% | -13,13% | -25,31% | -46,82%",,46ddías,3.969.041,4.056.009 | 4.141.446 | 4.241.986 | 4.569.064 | 5.313.924 | 7.463.934,Portero
Kumbulla,Rayo,-153.314 | -306.968 | -465.397 | -1.122.498 | +3.910.253 | +3.910.253,"-3,09% | -6,00% | -8,83% | -18,93% | 0% | 0%",,7ddías,4.807.404,4.960.718 | 5.114.372 | 5.272.801 | 5.929.902 | 0 | 0,Defensa
Toni Martinez,Alavés,+290.740 | +641.097 | +992.167 | +1.474.407 | +358.384 | -5.462.972,"+1,11% | +2,48% | +3,89% | +5,89% | +1,37% | -17,10%",,7ddías,26.488.576,26.197.836 | 25.847.479 | 25.496.409 | 25.014.169 | 26.130.192 | 31.951.548,Delantero
Martín,Barcelona,+355.202 | +910.093 | +1.395.783 | +3.544.097 | +9.207.513 | +7.727.159,"+0,94% | +2,44% | +3,79% | +10,21% | +31,71% | +25,32%",,16ddías,38.244.755,37.889.553 | 37.334.662 | 36.848.972 | 34.700.658 | 29.037.242 | 30.517.596,Defensa
Bernal,Barcelona,+180.854 | +295.349 | +430.515 | +1.361.666 | +3.236.778 | +4.380.694,"+2,31% | +3,84% | +5,69% | +20,53% | +68,03% | +121,22%",,20ddías,7.994.618,7.813.764 | 7.699.269 | 7.564.103 | 6.632.952 | 4.757.840 | 3.613.924,Mediocampista
Natan,Betis,-243.482 | -654.995 | -1.292.408 | -3.698.885 | -5.679.987 | +4.928.550,"-0,65% | -1,73% | -3,35% | -9,03% | -13,22% | +15,24%",,12ddías,37.271.395,37.514.877 | 37.926.390 | 38.563.803 | 40.970.280 | 42.951.382 | 32.342.845,Defensa
Almeida,Valencia,-42.581 | -84.426 | -143.930 | -313.007 | -737.171 | -2.208.299,"-1,89% | -3,69% | -6,13% | -12,43% | -25,06% | -50,04%",,46ddías,2.204.936,2.247.517 | 2.289.362 | 2.348.866 | 2.517.943 | 2.942.107 | 4.413.235,Mediocampista
Javi Rodríguez,Celta,+49.026 | +57.542 | +61.243 | -562.297 | -916.626 | -916.626,"+0,54% | +0,63% | +0,68% | -5,81% | -9,13% | -9,13%",,3ddías,9.121.026,9.072.000 | 9.063.484 | 9.059.783 | 9.683.323 | 10.037.652 | 10.037.652,Defensa
Hugo Álvarez,Celta,-46.944 | -90.510 | -147.647 | -316.941 | -623.891 | -1.978.758,"-1,69% | -3,22% | -5,14% | -10,42% | -18,64% | -42,08%",,46ddías,2.723.321,2.770.265 | 2.813.831 | 2.870.968 | 3.040.262 | 3.347.212 | 4.702.079,Mediocampista
Serrano,Atlético,0 | 0 | 0 | 0 | -16.135 | -95.020,"0,00% | 0,00% | 0,00% | 0,00% | -3,62% | -18,13%",,9ddías,429.199,429.199 | 429.199 | 429.199 | 429.199 | 445.334 | 524.219,Mediocampista
Roberto,Espanyol,+514.921 | +1.086.167 | +1.733.692 | +2.723.805 | +3.851.279 | +3.357.873,"+5,71% | +12,87% | +22,25% | +40,04% | +67,86% | +54,43%",,16ddías,9.526.605,9.011.684 | 8.440.438 | 7.792.913 | 6.802.800 | 5.675.326 | 6.168.732,Delantero
Letácek,Getafe,-10.582 | -20.983 | -34.648 | -85.307 | -201.950 | -594.167,"-1,64% | -3,19% | -5,17% | -11,83% | -24,10% | -48,30%",,46ddías,635.908,646.490 | 656.891 | 670.556 | 721.215 | 837.858 | 1.230.075,Portero
Castrín,Sevilla,-69.890 | -138.544 | -244.003 | -557.433 | -884.353 | -884.353,"-1,74% | -3,40% | -5,83% | -12,40% | -18,34% | -18,34%",,9ddías,3.938.663,4.008.553 | 4.077.207 | 4.182.666 | 4.496.096 | 4.823.016 | 4.823.016,Defensa
Juanpe,Rayo,0 | 0 | 0 | 0 | 0 | 0,"0,00% | 0,00% | 0,00% | 0,00% | 0,00% | 0,00%",,43ddías,602.234,602.234 | 602.234 | 602.234 | 602.234 | 602.234 | 602.234,Portero
Yáñez,Real Madrid,0 | 0 | 0 | 0 | 0 | 0,"0,00% | 0,00% | 0,00% | 0,00% | 0,00% | 0,00%",,43ddías,702.606,702.606 | 702.606 | 702.606 | 702.606 | 702.606 | 702.606,Delantero
D. Aguado,Real Madrid,0 | 0 | 0 | 0 | 0 | 0,"0,00% | 0,00% | 0,00% | 0,00% | 0,00% | 0,00%",,43ddías,774.109,774.109 | 774.109 | 774.109 | 774.109 | 774.109 | 774.109,Defensa
Fran González,Sevilla,-9.339 | -17.510 | -29.790 | -55.960 | -87.801 | -87.801,"-1,50% | -2,77% | -4,62% | -8,34% | -12,50% | -12,50%",,12ddías,614.821,624.160 | 632.331 | 644.611 | 670.781 | 702.622 | 702.622,Portero
Mariezkurrena,Real Sociedad,0 | 0 | 0 | 0 | 0 | 0,"0,00% | 0,00% | 0,00% | 0,00% | 0,00% | 0,00%",,43ddías,677.966,677.966 | 677.966 | 677.966 | 677.966 | 677.966 | 677.966,Delantero
Goti,Real Sociedad,-72.408 | +1.574.748 | +1.574.748 | +1.574.748 | +1.574.748 | +1.574.748,"-3,24% | 0% | 0% | 0% | 0% | 0%",,1ddías,2.165.090,2.237.498 | 0 | 0 | 0 | 0 | 0,Mediocampista
Rafa,Sevilla,0 | 0 | 0 | 0 | 0 | 0,"0,00% | 0,00% | 0,00% | 0,00% | 0,00% | 0,00%",,43ddías,602.257,602.257 | 602.257 | 602.257 | 602.257 | 602.257 | 602.257,Portero
Ortiz,Betis,0 | 0 | 0 | 0 | 0 | 0,"0,00% | 0,00% | 0,00% | 0,00% | 0,00% | 0,00%",,43ddías,1.706.372,1.706.372 | 1.706.372 | 1.706.372 | 1.706.372 | 1.706.372 | 1.706.372,Defensa
Diatta,Villarreal,-5.693 | -11.002 | -19.363 | -50.962 | -63.079 | -63.079,"-1,09% | -2,08% | -3,60% | -8,95% | -10,84% | -10,84%",,8ddías,518.577,524.270 | 529.579 | 537.940 | 569.539 | 581.656 | 581.656,Mediocampista
Swiderski,Alavés,-7.394 | -14.474 | -24.680 | -42.922 | -42.922 | -42.922,"-1,30% | -2,52% | -4,23% | -7,13% | -7,13% | -7,13%",,5ddías,559.394,566.788 | 573.868 | 584.074 | 602.316 | 602.316 | 602.316,Portero
Pablo García,Betis,0 | 0 | 0 | 0 | 0 | 0,"0,00% | 0,00% | 0,00% | 0,00% | 0,00% | 0,00%",,43ddías,2.509.371,2.509.371 | 2.509.371 | 2.509.371 | 2.509.371 | 2.509.371 | 2.509.371,Delantero
Bekhoucha,Getafe,0 | 0 | 0 | 0 | 0 | 0,"0,00% | 0,00% | 0,00% | 0,00% | 0,00% | 0,00%",,43ddías,1.104.254,1.104.254 | 1.104.254 | 1.104.254 | 1.104.254 | 1.104.254 | 1.104.254,Defensa
Arguibide,Osasuna,0 | 0 | 0 | 0 | 0 | 0,"0,00% | 0,00% | 0,00% | 0,00% | 0,00% | 0,00%",,43ddías,582.013,582.013 | 582.013 | 582.013 | 582.013 | 582.013 | 582.013,Defensa
Molina,Rayo,0 | 0 | 0 | 0 | 0 | 0,"0,00% | 0,00% | 0,00% | 0,00% | 0,00% | 0,00%",,43ddías,602.234,602.234 | 602.234 | 602.234 | 602.234 | 602.234 | 602.234,Portero
Fortuny,Real Madrid,0 | 0 | 0 | 0 | 0 | 0,"0,00% | 0,00% | 0,00% | 0,00% | 0,00% | 0,00%",,43ddías,602.234,602.234 | 602.234 | 602.234 | 602.234 | 602.234 | 602.234,Mediocampista
Osambela,Osasuna,0 | 0 | 0 | 0 | 0 | 0,"0,00% | 0,00% | 0,00% | 0,00% | 0,00% | 0,00%",,43ddías,501.932,501.932 | 501.932 | 501.932 | 501.932 | 501.932 | 501.932,Mediocampista
Rayane,Atlético,0 | 0 | 0 | 0 | 0 | 0,"0,00% | 0,00% | 0,00% | 0,00% | 0,00% | 0,00%",,43ddías,678.006,678.006 | 678.006 | 678.006 | 678.006 | 678.006 | 678.006,Delantero
Garcés,Alavés,-7.594 | -14.882 | -25.305 | -66.048 | -161.717 | -496.626,"-1,33% | -2,57% | -4,29% | -10,48% | -22,28% | -46,82%",,46ddías,564.191,571.785 | 579.073 | 589.496 | 630.239 | 725.908 | 1.060.817,Defensa
Lago,Celta,0 | 0 | 0 | 0 | 0 | 0,"0,00% | 0,00% | 0,00% | 0,00% | 0,00% | 0,00%",,43ddías,702.633,702.633 | 702.633 | 702.633 | 702.633 | 702.633 | 702.633,Defensa
Vargas,Sevilla,-605.625 | -1.174.777 | -1.817.308 | -3.454.557 | -5.055.968 | +18.039.689,"-2,57% | -4,87% | -7,33% | -13,07% | -18,04% | 0%",,18ddías,22.970.644,23.576.269 | 24.145.421 | 24.787.952 | 26.425.201 | 28.026.612 | 0,Delantero
Toni Fernández,Barcelona,0 | 0 | 0 | 0 | 0 | 0,"0,00% | 0,00% | 0,00% | 0,00% | 0,00% | 0,00%",,43ddías,602.319,602.319 | 602.319 | 602.319 | 602.319 | 602.319 | 602.319,Delantero
Guille,Barcelona,0 | 0 | 0 | 0 | 0 | 0,"0,00% | 0,00% | 0,00% | 0,00% | 0,00% | 0,00%",,43ddías,702.705,702.705 | 702.705 | 702.705 | 702.705 | 702.705 | 702.705,Mediocampista
Pablo Ramón,Racing,+32.330 | +65.365 | +88.357 | +99.008 | +71.376 | +10.019,"+5,58% | +11,97% | +16,89% | +19,32% | +13,21% | 0%",,4ddías,611.593,579.263 | 546.228 | 523.236 | 512.585 | 540.217 | 0,Defensa
Sannadi,Athletic,-1.327 | -2.087 | -5.710 | -13.366 | -41.861 | -130.252,"-0,32% | -0,50% | -1,36% | -3,13% | -9,19% | -23,94%",,3ddías,413.786,415.113 | 415.873 | 419.496 | 427.152 | 455.647 | 544.038,Delantero
Antony,Betis,+587.115 | +1.333.317 | +2.057.735 | +2.995.452 | -928.125 | -19.806.278,"+0,96% | +2,21% | +3,45% | +5,10% | -1,48% | -24,30%",,6ddías,61.689.591,61.102.476 | 60.356.274 | 59.631.856 | 58.694.139 | 62.617.716 | 81.495.869,Delantero
El-Abdellaoui,Celta,0 | 0 | 0 | 0 | 0 | 0,"0,00% | 0,00% | 0,00% | 0,00% | 0,00% | 0,00%",,43ddías,1.304.893,1.304.893 | 1.304.893 | 1.304.893 | 1.304.893 | 1.304.893 | 1.304.893,Delantero
Mestre,Real Madrid,0 | 0 | 0 | 0 | 0 | 0,"0,00% | 0,00% | 0,00% | 0,00% | 0,00% | 0,00%",,43ddías,677.860,677.860 | 677.860 | 677.860 | 677.860 | 677.860 | 677.860,Portero
Niño,Málaga,-61.995 | -123.412 | -192.389 | -466.023 | -632.387 | -1.105.372,"-2,80% | -5,42% | -8,20% | -17,78% | -22,69% | -33,90%",,46ddías,2.155.156,2.217.151 | 2.278.568 | 2.347.545 | 2.621.179 | 2.787.543 | 3.260.528,Delantero
Jiménez,Real Madrid,0 | 0 | 0 | 0 | 0 | 0,"0,00% | 0,00% | 0,00% | 0,00% | 0,00% | 0,00%",,43ddías,602.248,602.248 | 602.248 | 602.248 | 602.248 | 602.248 | 602.248,Defensa
Valera,Elche,-295.352 | -607.051 | -961.339 | -1.362.360 | -2.082.706 | -5.860.780,"-1,33% | -2,70% | -4,21% | -5,86% | -8,69% | -21,12%",,5ddías,21.884.770,22.180.122 | 22.491.821 | 22.846.109 | 23.247.130 | 23.967.476 | 27.745.550,Mediocampista
Buchanan,Villarreal,-289.540 | -582.245 | -973.595 | -1.732.205 | -3.080.767 | -714.258,"-1,70% | -3,36% | -5,50% | -9,38% | -15,55% | -4,09%",,15ddías,16.734.174,17.023.714 | 17.316.419 | 17.707.769 | 18.466.379 | 19.814.941 | 17.448.432,Mediocampista
Cucho,Betis,-371.285 | -686.083 | -1.084.978 | -2.431.950 | -7.004.624 | -10.456.510,"-0,87% | -1,59% | -2,49% | -5,41% | -14,14% | -19,73%",,22ddías,42.549.515,42.920.800 | 43.235.598 | 43.634.493 | 44.981.465 | 49.554.139 | 53.006.025,Delantero
Román,Celta,-60.412 | -118.703 | -205.799 | -205.779 | +88.328 | -1.182.093,"-1,16% | -2,25% | -3,83% | -3,83% | +1,74% | -18,62%",,5ddías,5.166.256,5.226.668 | 5.284.959 | 5.372.055 | 5.372.035 | 5.077.928 | 6.348.349,Mediocampista
Rubén Gómez,Villarreal,-6.221 | -12.080 | -21.014 | -47.007 | -71.034 | -71.034,"-1,16% | -2,22% | -3,81% | -8,13% | -11,79% | -11,79%",,9ddías,531.258,537.479 | 543.338 | 552.272 | 578.265 | 602.292 | 602.292,Portero
Valou,Getafe,-7.368 | -14.422 | -24.601 | -43.504 | -43.504 | -43.504,"-1,30% | -2,52% | -4,22% | -7,22% | -7,22% | -7,22%",,5ddías,558.788,566.156 | 573.210 | 583.389 | 602.292 | 602.292 | 602.292,Defensa
Uche,Getafe,-574.646 | -1.161.689 | -1.794.258 | -4.465.612 | -10.178.178 | +4.632.073,"-3,21% | -6,28% | -9,38% | -20,49% | -37,00% | 0%",,14ddías,17.326.822,17.901.468 | 18.488.511 | 19.121.080 | 21.792.434 | 27.505.000 | 0,Delantero
Durán,Celta,-16.276 | -34.530 | -59.304 | -159.816 | -393.765 | -1.128.542,"-1,75% | -3,65% | -6,11% | -14,91% | -30,16% | -55,31%",,46ddías,911.712,927.988 | 946.242 | 971.016 | 1.071.528 | 1.305.477 | 2.040.254,Delantero
Novoa,Alavés,-18.242 | -36.623 | -58.601 | -150.583 | +170.265 | +170.265,"-2,18% | -4,28% | -6,67% | -15,52% | 0% | 0%",,7ddías,819.764,838.006 | 856.387 | 878.365 | 970.347 | 0 | 0,Defensa
Batalla,Rayo,-99.107 | -329.145 | -716.745 | -2.163.811 | -2.546.540 | +9.699.420,"-0,26% | -0,85% | -1,83% | -5,33% | -6,21% | +33,76%",,11ddías,38.430.885,38.529.992 | 38.760.030 | 39.147.630 | 40.594.696 | 40.977.425 | 28.731.465,Portero
Altimira,Deportivo,+183.872 | +385.603 | +572.832 | +285.630 | -321.753 | -1.495.830,"+3,86% | +8,44% | +13,08% | +6,12% | -6,10% | -23,19%",,3ddías,4.953.246,4.769.374 | 4.567.643 | 4.380.414 | 4.667.616 | 5.274.999 | 6.449.076,Defensa
Álvaro,Deportivo,-107.186 | -222.406 | -352.389 | -661.416 | -1.242.031 | -2.888.539,"-2,53% | -5,11% | -7,86% | -13,80% | -23,12% | -41,15%",,46ddías,4.130.819,4.238.005 | 4.353.225 | 4.483.208 | 4.792.235 | 5.372.850 | 7.019.358,Portero
Raúl García,Osasuna,-31.747 | -61.985 | -101.567 | -236.041 | -521.782 | -1.513.207,"-1,87% | -3,59% | -5,75% | -12,42% | -23,87% | -47,63%",,46ddías,1.663.996,1.695.743 | 1.725.981 | 1.765.563 | 1.900.037 | 2.185.778 | 3.177.203,Delantero
Kike Salas,Sevilla,-332.665 | -664.495 | -1.015.282 | -1.289.288 | -1.095.506 | -3.005.986,"-3,04% | -5,89% | -8,72% | -10,82% | -9,35% | -22,06%",,5ddías,10.622.652,10.955.317 | 11.287.147 | 11.637.934 | 11.911.940 | 11.718.158 | 13.628.638,Defensa
F. Carreras,Real Madrid,-169.360 | -330.841 | -561.156 | -1.462.450 | -3.786.290 | -10.735.756,"-1,48% | -2,85% | -4,75% | -11,49% | -25,16% | -48,80%",,46ddías,11.261.967,11.431.327 | 11.592.808 | 11.823.123 | 12.724.417 | 15.048.257 | 21.997.723,Defensa
Giuliano,Atlético,-682.399 | -1.127.938 | -1.643.038 | -2.896.536 | -7.662.050 | -7.856.849,"-1,63% | -2,66% | -3,83% | -6,57% | -15,68% | -16,01%",,22ddías,41.207.229,41.889.628 | 42.335.167 | 42.850.267 | 44.103.765 | 48.869.279 | 49.064.078,Delantero
Romero,Sevilla,-117.940 | -245.372 | -392.941 | -454.861 | -166.238 | -1.139.773,"-1,96% | -3,99% | -6,24% | -7,15% | -2,74% | -16,18%",,5ddías,5.906.241,6.024.181 | 6.151.613 | 6.299.182 | 6.361.102 | 6.072.479 | 7.046.014,Delantero
Mandi,Levante,-139.680 | -298.279 | -506.492 | +6.758.290 | +6.758.290 | +6.758.290,"-1,59% | -3,34% | -5,54% | 0% | 0% | 0%",,4ddías,8.638.045,8.777.725 | 8.936.324 | 9.144.537 | 0 | 0 | 0,Defensa
Cardoso,Atlético,-120.885 | -210.187 | -334.081 | -718.598 | -1.865.093 | -5.888.338,"-2,27% | -3,89% | -6,04% | -12,14% | -26,40% | -53,11%",,43ddías,5.199.691,5.320.576 | 5.409.878 | 5.533.772 | 5.918.289 | 7.064.784 | 11.088.029,Mediocampista
Moriba,Celta,-94.539 | -225.374 | -400.048 | -817.174 | -905.355 | +179.628,"-0,99% | -2,34% | -4,08% | -7,99% | -8,77% | +1,94%",,10ddías,9.415.076,9.509.615 | 9.640.450 | 9.815.124 | 10.232.250 | 10.320.431 | 9.235.448,Mediocampista
Agoume,Sevilla,-38.111 | -78.399 | -152.024 | -180.363 | -111.875 | -770.464,"-0,68% | -1,38% | -2,64% | -3,12% | -1,96% | -12,09%",,5ddías,5.600.077,5.638.188 | 5.678.476 | 5.752.101 | 5.780.440 | 5.711.952 | 6.370.541,Mediocampista
Guedes,Real Sociedad,-806.593 | -1.560.499 | -2.533.304 | -6.502.425 | -14.922.631 | -34.120.417,"-2,73% | -5,15% | -8,11% | -18,47% | -34,20% | -54,30%",,31ddías,28.711.685,29.518.278 | 30.272.184 | 31.244.989 | 35.214.110 | 43.634.316 | 62.832.102,Delantero
Fort,Barcelona,-55.777 | -117.944 | -198.710 | -474.914 | -1.063.857 | -2.020.510,"-1,83% | -3,78% | -6,21% | -13,67% | -26,19% | -40,25%",,22ddías,2.998.866,3.054.643 | 3.116.810 | 3.197.576 | 3.473.780 | 4.062.723 | 5.019.376,Defensa
Fornals,Betis,-249.345 | -485.892 | -922.412 | -2.190.066 | -7.219.169 | -87.259.256,"-0,44% | -0,86% | -1,62% | -3,76% | -11,41% | 0%",,29ddías,56.030.044,56.279.389 | 56.515.936 | 56.952.456 | 58.220.110 | 63.249.213 | 0,Mediocampista
Juanmi,Getafe,-6.409 | -12.464 | -21.602 | -56.646 | -139.803 | -430.872,"-1,18% | -2,27% | -3,88% | -9,56% | -20,69% | -44,57%",,46ddías,535.770,542.179 | 548.234 | 557.372 | 592.416 | 675.573 | 966.642,Delantero
Akhomach,Villarreal,-90.733 | -183.242 | -309.342 | -681.619 | -1.559.719 | -3.416.078,"-1,93% | -3,82% | -6,28% | -12,87% | -25,26% | -42,54%",,24ddías,4.614.043,4.704.776 | 4.797.285 | 4.923.385 | 5.295.662 | 6.173.762 | 8.030.121,Delantero
Denis Suárez,Alavés,-21.082 | -41.210 | -74.625 | -195.200 | -482.953 | -1.763.850,"-0,89% | -1,73% | -3,08% | -7,68% | -17,07% | -42,92%",,46ddías,2.345.882,2.366.964 | 2.387.092 | 2.420.507 | 2.541.082 | 2.828.835 | 4.109.732,Mediocampista
Calero,Málaga,-72.249 | -148.819 | -233.505 | -575.198 | -1.057.188 | -1.057.188,"-2,86% | -5,71% | -8,68% | -18,98% | -30,09% | -30,09%",,12ddías,2.455.932,2.528.181 | 2.604.751 | 2.689.437 | 3.031.130 | 3.513.120 | 3.513.120,Defensa
Hugo González,Celta,-3.002 | -5.490 | -17.871 | -117.172 | -167.223 | -167.223,"-0,22% | -0,41% | -1,32% | -8,05% | -11,11% | -11,11%",,8ddías,1.338.423,1.341.425 | 1.343.913 | 1.356.294 | 1.455.595 | 1.505.646 | 1.505.646,Mediocampista
Rivero,Valencia,-3.581 | -6.690 | -12.759 | -32.154 | -84.755 | -236.090,"-0,76% | -1,41% | -2,65% | -6,43% | -15,34% | -33,54%",,29ddías,467.890,471.471 | 474.580 | 480.649 | 500.044 | 552.645 | 703.980,Portero
Gayà,Valencia,-111.750 | -228.585 | -381.590 | -727.359 | -1.472.759 | -4.294.100,"-1,07% | -2,17% | -3,57% | -6,59% | -12,50% | -29,40%",,46ddías,10.310.617,10.422.367 | 10.539.202 | 10.692.207 | 11.037.976 | 11.783.376 | 14.604.717,Defensa
Diego López,Valencia,-53.776 | -110.713 | -171.929 | -424.964 | -962.238 | -2.667.990,"-2,93% | -5,86% | -8,81% | -19,28% | -35,10% | -59,99%",,46ddías,1.779.150,1.832.926 | 1.889.863 | 1.951.079 | 2.204.114 | 2.741.388 | 4.447.140,Delantero
Pepelu,Valencia,+48.041 | +75.172 | +83.063 | +386.656 | -13.617 | -1.795.395,"+0,62% | +0,98% | +1,08% | +5,25% | -0,18% | -18,82%",,7ddías,7.744.946,7.696.905 | 7.669.774 | 7.661.883 | 7.358.290 | 7.758.563 | 9.540.341,Mediocampista
Foulquier,Valencia,-48.867 | -107.105 | -173.242 | -423.519 | -941.021 | -1.751.157,"-2,43% | -5,17% | -8,11% | -17,75% | -32,40% | -47,15%",,24ddías,1.962.987,2.011.854 | 2.070.092 | 2.136.229 | 2.386.506 | 2.904.008 | 3.714.144,Defensa
Jesús Vázquez,Valencia,-4.481 | -9.066 | -29.352 | -20.858 | -199.995 | -1.106.294,"-0,27% | -0,54% | -1,73% | -1,24% | -10,71% | -39,90%",,5ddías,1.666.717,1.671.198 | 1.675.783 | 1.696.069 | 1.687.575 | 1.866.712 | 2.773.011,Defensa
Fran Pérez,Rayo,-13.196 | -26.441 | -43.069 | -97.319 | -223.406 | -646.055,"-1,85% | -3,63% | -5,78% | -12,18% | -24,15% | -47,94%",,46ddías,701.545,714.741 | 727.986 | 744.614 | 798.864 | 924.951 | 1.347.600,Mediocampista
Tárrega,Valencia,+11 | +33 | +4.376 | +206.779 | +122.893 | -1.292.434,"+0,00% | +0,00% | +0,05% | +2,32% | +1,36% | -12,40%",,4ddías,9.130.462,9.130.451 | 9.130.429 | 9.126.086 | 8.923.683 | 9.007.569 | 10.422.896,Defensa
Terrats,Getafe,+77.175 | +168.712 | +235.688 | +576.264 | +541.018 | +541.018,"+2,36% | +5,30% | +7,56% | +20,76% | +19,25% | +19,25%",,8ddías,3.351.513,3.274.338 | 3.182.801 | 3.115.825 | 2.775.249 | 2.810.495 | 2.810.495,Mediocampista
Iranzo,Valencia,0 | 0 | 0 | 0 | 0 | 0,"0,00% | 0,00% | 0,00% | 0,00% | 0,00% | 0,00%",,43ddías,602.292,602.292 | 602.292 | 602.292 | 602.292 | 602.292 | 602.292,Defensa
Comesaña,Villarreal,-835.367 | -1.713.173 | -2.677.468 | -2.328.372 | +2.651.427 | -548.846,"-2,60% | -5,20% | -7,89% | -6,93% | +9,27% | -1,73%",,4ddías,31.255.536,32.090.903 | 32.968.709 | 33.933.004 | 33.583.908 | 28.604.109 | 31.804.382,Mediocampista
Gerard,Villarreal,-116.507 | -283.870 | -490.187 | -773.332 | -2.032.422 | -7.184.050,"-0,43% | -1,03% | -1,77% | -2,77% | -6,96% | -20,91%",,5ddías,27.177.244,27.293.751 | 27.461.114 | 27.667.431 | 27.950.576 | 29.209.666 | 34.361.294,Delantero
Foyth,Villarreal,+406.758 | +813.062 | +1.230.725 | +2.402.801 | +3.460.472 | +1.548.694,"+2,97% | +6,12% | +9,57% | +20,55% | +32,54% | +12,34%",,14ddías,14.096.483,13.689.725 | 13.283.421 | 12.865.758 | 11.693.682 | 10.636.011 | 12.547.789,Defensa
Sörloth,Atlético,-563.293 | -1.155.953 | -1.815.377 | -4.500.832 | -6.982.626 | -13.098.490,"-2,80% | -5,58% | -8,49% | -18,69% | -26,29% | -40,09%",,46ddías,19.575.783,20.139.076 | 20.731.736 | 21.391.160 | 24.076.615 | 26.558.409 | 32.674.273,Delantero
Baena,Atlético,+484.952 | -11.050 | -874.223 | -3.698.904 | -11.352.871 | -10.067.540,"+0,96% | -0,02% | -1,69% | -6,79% | -18,28% | -16,55%",,1ddías,50.746.823,50.261.871 | 50.757.873 | 51.621.046 | 54.445.727 | 62.099.694 | 60.814.363,Mediocampista
Femenia,Getafe,-102.438 | -204.228 | -322.126 | -390.800 | -187.231 | -1.007.893,"-2,90% | -5,62% | -8,59% | -10,24% | -5,18% | -22,73%",,5ddías,3.427.220,3.529.658 | 3.631.448 | 3.749.346 | 3.818.020 | 3.614.451 | 4.435.113,Defensa
Joan Garcia,Barcelona,+162.857 | +430.507 | +1.229.513 | +3.940.577 | +18.591.665 | +21.036.101,"+0,23% | +0,61% | +1,76% | +5,86% | +35,32% | +41,91%",,17ddías,71.229.517,71.066.660 | 70.799.010 | 70.000.004 | 67.288.940 | 52.637.852 | 50.193.416,Portero
Manu Sánchez,Levante,-93.244 | -194.918 | -325.567 | -581.624 | -581.624 | -1.065.950,"-1,85% | -3,78% | -6,16% | -10,50% | -10,50% | -17,70%",,5ddías,4.956.561,5.049.805 | 5.151.479 | 5.282.128 | 5.538.185 | 5.538.185 | 6.022.511,Defensa
Cabrera,Espanyol,-463.866 | -918.452 | -1.437.810 | -1.671.361 | -1.526.307 | -3.146.454,"-2,98% | -5,74% | -8,70% | -9,97% | -9,19% | -17,26%",,5ddías,15.085.874,15.549.740 | 16.004.326 | 16.523.684 | 16.757.235 | 16.612.181 | 18.232.328,Defensa
Kambwala,Villarreal,-21.549 | -42.926 | -72.516 | -161.743 | -335.628 | -987.052,"-2,09% | -4,07% | -6,69% | -13,78% | -24,91% | -49,38%",,46ddías,1.011.829,1.033.378 | 1.054.755 | 1.084.345 | 1.173.572 | 1.347.457 | 1.998.881,Defensa
Romero,Villarreal,-695.473 | -1.424.923 | -2.161.890 | -1.301.458 | +5.934.139 | +6.681.846,"-1,64% | -3,30% | -4,92% | -3,02% | +16,54% | +19,02%",,4ddías,41.813.066,42.508.539 | 43.237.989 | 43.974.956 | 43.114.524 | 35.878.927 | 35.131.220,Defensa
Mbappé,Real Madrid,+244.026 | +666.250 | +1.108.944 | -554.015 | -633.549 | -25.902.291,"+0,19% | +0,52% | +0,86% | -0,43% | -0,49% | 0%",,4ddías,129.583.148,129.339.122 | 128.916.898 | 128.474.204 | 130.137.163 | 130.216.697 | 0,Delantero
Carlos Martín,Atlético,-25.514 | -65.326 | -136.956 | -212.208 | -212.208 | -212.208,"-1,26% | -3,15% | -6,39% | -9,57% | -9,57% | -9,57%",,4ddías,2.006.282,2.031.796 | 2.071.608 | 2.143.238 | 2.218.490 | 2.218.490 | 2.218.490,Mediocampista
Endrick,Real Madrid,-64.661 | -147.733 | -239.073 | -451.915 | -1.112.013 | +5.747.883,"-1,01% | -2,29% | -3,65% | -6,68% | -14,97% | 0%",,23ddías,6.313.872,6.378.533 | 6.461.605 | 6.552.945 | 6.765.787 | 7.425.885 | 0,Delantero
Carreira,Celta,-59.979 | -108.623 | -177.811 | -248.480 | -390.582 | -1.593.539,"-0,92% | -1,65% | -2,68% | -3,70% | -5,70% | -19,77%",,5ddías,6.466.109,6.526.088 | 6.574.732 | 6.643.920 | 6.714.589 | 6.856.691 | 8.059.648,Defensa
Sergio Gómez,Real Sociedad,-130.839 | -143.384 | -242.749 | -346.009 | -919.959 | -4.036.676,"-0,74% | -0,81% | -1,36% | -1,93% | -4,98% | -18,70%",,6ddías,17.552.106,17.682.945 | 17.695.490 | 17.794.855 | 17.898.115 | 18.472.065 | 21.588.782,Defensa
Peque,Sevilla,+89.565 | +200.808 | +328.116 | +420.628 | +186.045 | -762.274,"+4,15% | +9,81% | +17,09% | +23,02% | +9,02% | -25,33%",,5ddías,2.247.561,2.157.996 | 2.046.753 | 1.919.445 | 1.826.933 | 2.061.516 | 3.009.835,Delantero
Ejuke,Sevilla,-41.763 | -83.651 | -136.515 | -281.891 | -523.728 | -1.347.195,"-1,67% | -3,28% | -5,25% | -10,26% | -17,52% | -35,33%",,46ddías,2.465.750,2.507.513 | 2.549.401 | 2.602.265 | 2.747.641 | 2.989.478 | 3.812.945,Delantero
Andrés Martín,Racing,+302.894 | +629.744 | +1.092.380 | +1.272.730 | -191.160 | -5.115.668,"+1,50% | +3,17% | +5,63% | +6,62% | -0,92% | -19,97%",,4ddías,20.494.891,20.191.997 | 19.865.147 | 19.402.511 | 19.222.161 | 20.686.051 | 25.610.559,Delantero
Puado,Espanyol,-162.646 | -330.159 | -517.539 | -1.261.028 | -2.897.151 | -7.970.113,"-2,93% | -5,76% | -8,75% | -18,94% | -34,93% | -59,62%",,37ddías,5.397.264,5.559.910 | 5.727.423 | 5.914.803 | 6.658.292 | 8.294.415 | 13.367.377,Mediocampista
Danjuma,Valencia,-35.267 | -62.904 | -83.088 | +2.466 | +584.694 | +197.510,"-0,68% | -1,21% | -1,60% | +0,05% | +12,90% | +4,01%",,4ddías,5.118.316,5.153.583 | 5.181.220 | 5.201.404 | 5.115.850 | 4.533.622 | 4.920.806,Delantero
Pépé,Villarreal,+1.191.389 | +2.901.675 | +4.757.846 | +8.178.312 | +6.753.877 | -9.962.346,"+2,11% | +5,29% | +8,99% | +16,51% | +13,26% | -14,72%",,8ddías,57.702.995,56.511.606 | 54.801.320 | 52.945.149 | 49.524.683 | 50.949.118 | 67.665.341,Delantero
Pape Gueye,Villarreal,+426.280 | +1.118.262 | +2.044.977 | +3.445.032 | +8.422.041 | +9.586.265,"+0,83% | +2,19% | +4,09% | +7,08% | +19,29% | +22,56%",,21ddías,52.080.983,51.654.703 | 50.962.721 | 50.036.006 | 48.635.951 | 43.658.942 | 42.494.718,Mediocampista
Losada,Betis,-78.509 | -161.865 | -161.865 | -161.865 | -161.865 | -161.865,"-3,24% | -6,45% | -6,45% | -6,45% | -6,45% | -6,45%",,2ddías,2.347.513,2.426.022 | 2.509.378 | 2.509.378 | 2.509.378 | 2.509.378 | 2.509.378,Delantero
D. Llorente,Betis,-106.600 | -237.160 | -401.959 | -232.934 | +983.274 | +4.133.107,"-0,83% | -1,82% | -3,05% | -1,79% | +8,33% | +47,79%",,4ddías,12.782.327,12.888.927 | 13.019.487 | 13.184.286 | 13.015.261 | 11.799.053 | 8.649.220,Defensa
Bretones,Osasuna,+71.264 | +173.433 | +224.759 | +532.415 | +1.408.649 | +2.317.737,"+1,73% | +4,31% | +5,65% | +14,52% | +50,46% | +123,13%",,28ddías,4.200.055,4.128.791 | 4.026.622 | 3.975.296 | 3.667.640 | 2.791.406 | 1.882.318,Defensa
Pedro Díaz,Rayo,+754 | -362 | -12.634 | -80.390 | -279.443 | -908.040,"+0,04% | -0,02% | -0,73% | -4,46% | -13,96% | -34,53%",,1ddías,1.721.937,1.721.183 | 1.722.299 | 1.734.571 | 1.802.327 | 2.001.380 | 2.629.977,Mediocampista
L. Sucic,Real Sociedad,-8.424 | -17.729 | -52.959 | -170.219 | -395.907 | -1.299.967,"-0,25% | -0,52% | -1,53% | -4,77% | -10,43% | -27,66%",,43ddías,3.399.229,3.407.653 | 3.416.958 | 3.452.188 | 3.569.448 | 3.795.136 | 4.699.196,Mediocampista
Djaló,Athletic,-22.334 | -44.977 | -71.394 | -171.898 | -395.056 | -7.263.756,"-2,38% | -4,67% | -7,22% | -15,77% | -30,09% | 0%",,14ddías,917.954,940.288 | 962.931 | 989.348 | 1.089.852 | 1.313.010 | 0,Delantero
Íñigo Pérez,Villarreal,-60.170 | -124.206 | -194.884 | -464.366 | -914.775 | -444.796,"-2,96% | -5,92% | -8,98% | -19,04% | -31,66% | -18,38%",,14ddías,1.974.799,2.034.969 | 2.099.005 | 2.169.683 | 2.439.165 | 2.889.574 | 2.419.595,
Fortuño,Espanyol,-5.238 | -10.073 | -17.940 | -46.615 | -117.157 | -311.222,"-1,02% | -1,95% | -3,41% | -8,41% | -18,75% | -38,01%",,26ddías,507.665,512.903 | 517.738 | 525.605 | 554.280 | 624.822 | 818.887,Portero
Serred,Espanyol,-6.074 | -11.780 | -20.554 | -1.203.830 | -1.203.830 | -1.203.830,"-1,14% | -2,18% | -3,75% | 0% | 0% | 0%",,4ddías,527.722,533.796 | 539.502 | 548.276 | 0 | 0 | 0,Portero
Conde,Betis,-77.279 | -171.892 | -262.596 | -262.596 | -262.596 | -749.964,"-2,71% | -5,83% | -8,63% | -8,63% | -8,63% | -21,25%",,3ddías,2.778.993,2.856.272 | 2.950.885 | 3.041.589 | 3.041.589 | 3.041.589 | 3.528.957,Portero
Raul Moro,Osasuna,+177.288 | +469.427 | +630.479 | +1.344.379 | +2.565.497 | +3.548.117,"+1,24% | +3,34% | +4,54% | +10,19% | +21,44% | +32,30%",,23ddías,14.531.752,14.354.464 | 14.062.325 | 13.901.273 | 13.187.373 | 11.966.255 | 10.983.635,Delantero
Boyomo,Osasuna,-40.324 | +59.725 | +116.847 | +706.340 | +3.755.125 | +10.995.180,"-0,14% | +0,21% | +0,41% | +2,55% | +15,22% | +63,05%",,1ddías,28.435.182,28.475.506 | 28.375.457 | 28.318.335 | 27.728.842 | 24.680.057 | 17.440.002,Defensa
Mouriño,Villarreal,-948.146 | -1.883.651 | -2.981.487 | -5.137.084 | -2.419.062 | +6.455.048,"-2,61% | -5,06% | -7,77% | -12,68% | -6,40% | +22,32%",,7ddías,35.379.303,36.327.449 | 37.262.954 | 38.360.790 | 40.516.387 | 37.798.365 | 28.924.255,Defensa
Neyou,Getafe,-72.905 | -151.868 | -241.747 | -527.591 | +2.011.101 | +2.011.101,"-2,71% | -5,48% | -8,45% | -16,77% | 0% | 0%",,8ddías,2.617.603,2.690.508 | 2.769.471 | 2.859.350 | 3.145.194 | 0 | 0,Mediocampista
Rosier,Osasuna,-145.960 | -291.809 | -452.123 | -1.114.722 | -2.493.260 | -5.937.230,"-2,97% | -5,76% | -8,65% | -18,92% | -34,30% | -55,42%",,41ddías,4.776.253,4.922.213 | 5.068.062 | 5.228.376 | 5.890.975 | 7.269.513 | 10.713.483,Defensa
Bauzà,Espanyol,-17.884 | -35.891 | -57.479 | +491.482 | +491.482 | +491.482,"-2,16% | -4,24% | -6,62% | 0% | 0% | 0%",,4ddías,811.150,829.034 | 847.041 | 868.629 | 0 | 0 | 0,Mediocampista
Serrano,Athletic,-16.856 | -33.793 | -54.267 | -137.481 | -324.388 | -967.580,"-2,10% | -4,12% | -6,45% | -14,88% | -29,20% | -55,16%",,47ddías,786.498,803.354 | 820.291 | 840.765 | 923.979 | 1.110.886 | 1.754.078,Delantero
Rubén Sánchez,Espanyol,-2.489 | -4.460 | -9.343 | -25.522 | -67.259 | -204.753,"-0,56% | -1,00% | -2,07% | -5,46% | -13,22% | -31,67%",,46ddías,441.670,444.159 | 446.130 | 451.013 | 467.192 | 508.929 | 646.423,Mediocampista
El Hilali,Espanyol,+354.475 | +708.548 | +1.055.414 | +1.695.594 | +2.579.161 | +4.481.961,"+3,51% | +7,27% | +11,23% | +19,36% | +32,76% | +75,08%",,30ddías,10.451.843,10.097.368 | 9.743.295 | 9.396.429 | 8.756.249 | 7.872.682 | 5.969.882,Defensa
Edu Expósito,Espanyol,+109.163 | +428.883 | +669.238 | +2.084.817 | +3.925.237 | -1.210.217,"+0,36% | +1,41% | +2,22% | +7,27% | +14,63% | -3,79%",,13ddías,30.754.522,30.645.359 | 30.325.639 | 30.085.284 | 28.669.705 | 26.829.285 | 31.964.739,Mediocampista
Jofre,Espanyol,-12.254 | -30.699 | -55.219 | -126.584 | -285.075 | -862.679,"-1,20% | -2,95% | -5,19% | -11,15% | -22,04% | -46,11%",,46ddías,1.008.312,1.020.566 | 1.039.011 | 1.063.531 | 1.134.896 | 1.293.387 | 1.870.991,Delantero
Pere Milla,Espanyol,-155.091 | -337.670 | -540.633 | -872.615 | -1.309.372 | -1.494.679,"-1,75% | -3,73% | -5,85% | -9,11% | -13,07% | -14,65%",,6ddías,8.707.618,8.862.709 | 9.045.288 | 9.248.251 | 9.580.233 | 10.016.990 | 10.202.297,Delantero
Lozano,Espanyol,-32.067 | -68.800 | -115.441 | -245.754 | -499.796 | -1.452.148,"-1,53% | -3,22% | -5,29% | -10,62% | -19,46% | -41,25%",,46ddías,2.068.532,2.100.599 | 2.137.332 | 2.183.973 | 2.314.286 | 2.568.328 | 3.520.680,Mediocampista
Raba,Valencia,-31.227 | -66.986 | -105.378 | -239.686 | -530.136 | -1.471.901,"-2,17% | -4,55% | -6,97% | -14,56% | -27,37% | -51,13%",,46ddías,1.406.663,1.437.890 | 1.473.649 | 1.512.041 | 1.646.349 | 1.936.799 | 2.878.564,Delantero
Thiago,Levante,0 | 0 | 0 | 0 | 0 | 0,0% | 0% | 0% | 0% | 0% | 0%,,52ddías,1.660.575,0 | 0 | 0 | 0 | 0 | 0,Mediocampista
Iván Martín,Racing,0 | 0 | 0 | 0 | 0 | 0,0% | 0% | 0% | 0% | 0% | 0%,,88ddías,1.523.231,0 | 0 | 0 | 0 | 0 | 0,Mediocampista
Maffeo,Valencia,0 | 0 | 0 | 0 | 0 | 0,0% | 0% | 0% | 0% | 0% | 0%,,88ddías,1.306.048,0 | 0 | 0 | 0 | 0 | 0,Defensa
Pablo López,Valencia,0 | 0 | 0 | 0 | 0 | 0,0% | 0% | 0% | 0% | 0% | 0%,,354ddías,441.041,0 | 0 | 0 | 0 | 0 | 0,Delantero
Alberto Marí,Valencia,0 | 0 | 0 | 0 | 0 | 0,0% | 0% | 0% | 0% | 0% | 0%,,355ddías,787.986,0 | 0 | 0 | 0 | 0 | 0,Delantero
De Tomás,Rayo,0 | 0 | 0 | 0 | 0 | 0,0% | 0% | 0% | 0% | 0% | 0%,,394ddías,3.229.388,0 | 0 | 0 | 0 | 0 | 0,Delantero
Carlos,Atlético,0 | 0 | 0 | 0 | 0 | 0,0% | 0% | 0% | 0% | 0% | 0%,,414ddías,1.718.547,0 | 0 | 0 | 0 | 0 | 0,Defensa
Requena,Levante,0 | 0 | 0 | 0 | 0 | 0,0% | 0% | 0% | 0% | 0% | 0%,,414ddías,1.621.683,0 | 0 | 0 | 0 | 0 | 0,Mediocampista
Isra,Sevilla,0 | 0 | 0 | 0 | 0 | 0,0% | 0% | 0% | 0% | 0% | 0%,,414ddías,1.718.237,0 | 0 | 0 | 0 | 0 | 0,Delantero
Carrillo,Celta,0 | 0 | 0 | 0 | 0 | 0,0% | 0% | 0% | 0% | 0% | 0%,,414ddías,1.567.556,0 | 0 | 0 | 0 | 0 | 0,Portero
Eneko Ortiz,Villarreal,0 | 0 | 0 | 0 | 0 | 0,0% | 0% | 0% | 0% | 0% | 0%,,414ddías,1.718.986,0 | 0 | 0 | 0 | 0 | 0,Defensa
Collado,Sevilla,0 | 0 | 0 | 0 | 0 | 0,0% | 0% | 0% | 0% | 0% | 0%,,414ddías,1.718.988,0 | 0 | 0 | 0 | 0 | 0,Mediocampista
Raúl Jiménez,Valencia,0 | 0 | 0 | 0 | 0 | 0,0% | 0% | 0% | 0% | 0% | 0%,,414ddías,1.561.503,0 | 0 | 0 | 0 | 0 | 0,Portero
Córdoba,Valencia,0 | 0 | 0 | 0 | 0 | 0,0% | 0% | 0% | 0% | 0% | 0%,,414ddías,1.548.667,0 | 0 | 0 | 0 | 0 | 0,Defensa
Eto'o,Rayo,0 | 0 | 0 | 0 | 0 | 0,0% | 0% | 0% | 0% | 0% | 0%,,414ddías,1.718.988,0 | 0 | 0 | 0 | 0 | 0,Delantero
Solà,Atlético,0 | 0 | 0 | 0 | 0 | 0,0% | 0% | 0% | 0% | 0% | 0%,,414ddías,1.640.523,0 | 0 | 0 | 0 | 0 | 0,Defensa
Canales,Athletic,0 | 0 | 0 | 0 | 0 | 0,0% | 0% | 0% | 0% | 0% | 0%,,414ddías,1.623.251,0 | 0 | 0 | 0 | 0 | 0,Delantero
Cortés,Barcelona,0 | 0 | 0 | 0 | 0 | 0,0% | 0% | 0% | 0% | 0% | 0%,,414ddías,1.718.327,0 | 0 | 0 | 0 | 0 | 0,Defensa
Medenica,Getafe,0 | 0 | 0 | 0 | 0 | 0,0% | 0% | 0% | 0% | 0% | 0%,,414ddías,1.560.264,0 | 0 | 0 | 0 | 0 | 0,Portero
Busto,Betis,0 | 0 | 0 | 0 | 0 | 0,0% | 0% | 0% | 0% | 0% | 0%,,414ddías,1.621.161,0 | 0 | 0 | 0 | 0 | 0,Defensa
De Llanos,Real Madrid,0 | 0 | 0 | 0 | 0 | 0,0% | 0% | 0% | 0% | 0% | 0%,,414ddías,1.622.168,0 | 0 | 0 | 0 | 0 | 0,Mediocampista
Rupérez,Real Sociedad,0 | 0 | 0 | 0 | 0 | 0,0% | 0% | 0% | 0% | 0% | 0%,,414ddías,1.626.247,0 | 0 | 0 | 0 | 0 | 0,Defensa
Balda,Real Sociedad,0 | 0 | 0 | 0 | 0 | 0,0% | 0% | 0% | 0% | 0% | 0%,,414ddías,1.718.912,0 | 0 | 0 | 0 | 0 | 0,Defensa
Santana,Valencia,0 | 0 | 0 | 0 | 0 | 0,0% | 0% | 0% | 0% | 0% | 0%,,414ddías,1.723.821,0 | 0 | 0 | 0 | 0 | 0,Delantero
Olabarrieta,Athletic,0 | 0 | 0 | 0 | 0 | 0,0% | 0% | 0% | 0% | 0% | 0%,,414ddías,1.717.797,0 | 0 | 0 | 0 | 0 | 0,Delantero
Rivas,Real Madrid,0 | 0 | 0 | 0 | 0 | 0,0% | 0% | 0% | 0% | 0% | 0%,,414ddías,1.718.751,0 | 0 | 0 | 0 | 0 | 0,Defensa
Abril,Valencia,0 | 0 | 0 | 0 | 0 | 0,0% | 0% | 0% | 0% | 0% | 0%,,414ddías,1.728.051,0 | 0 | 0 | 0 | 0 | 0,Portero
Joseda,Alavés,0 | 0 | 0 | 0 | 0 | 0,0% | 0% | 0% | 0% | 0% | 0%,,780ddías,300.000,0 | 0 | 0 | 0 | 0 | 0,Defensa
Diallo,Alavés,0 | 0 | 0 | 0 | 0 | 0,0% | 0% | 0% | 0% | 0% | 0%,,781ddías,1.000.000,0 | 0 | 0 | 0 | 0 | 0,Mediocampista
Ian Forns,Betis,0 | 0 | 0 | 0 | 0 | 0,0% | 0% | 0% | 0% | 0% | 0%,,781ddías,500.000,0 | 0 | 0 | 0 | 0 | 0,Defensa
Mendes,Alavés,0 | 0 | 0 | 0 | 0 | 0,0% | 0% | 0% | 0% | 0% | 0%,,781ddías,500.000,0 | 0 | 0 | 0 | 0 | 0,Mediocampista
Mario,Valencia,0 | 0 | 0 | 0 | 0 | 0,0% | 0% | 0% | 0% | 0% | 0%,,1ddías,760.408,0 | 0 | 0 | 0 | 0 | 0,Mediocampista